attendance_id,beneficiary_id,officer_id,pillar_id,period,attendance_date,verified_at,eligible_amount_kes,status
ATT-001165,BEN-0096,OFF-005,Plus,2025-09,2025-09-05,2025-09-07 00:00:00,8000,Verified
ATT-000559,BEN-0044,OFF-012,Scholarship,2026-01,,2026-01-09 00:00:00,15000,Verified
ATT-000483,BEN-0039,OFF-006,Vocational,2025-06,2025-06-24,2025-06-24 00:00:00,10000,Verified
ATT-000889,BEN-0074,OFF-010,Scholarship,2026-05,2026-05-04,2026-05-06 00:00:00,15000,Verified
ATT-000793,BEN-0067,OFF-015,Scholarship,2026-02,,2026-02-25 00:00:00,15000,Verified
ATT-001390,BEN-0115,OFF-004,Plus,2026-03,2026-03-25,2026-03-26 00:00:00,8000,Verified
ATT-001409,BEN-0116,OFF-002,Plus,2026-03,2026-03-07,2026-03-08 00:00:00,8000,Verified
ATT-001877,BEN-0157,OFF-012,Plus,2025-09,2025-09-25,2025-09-26 00:00:00,8000,Verified
ATT-000589,BEN-0047,OFF-008,Scholarship,2025-08,2025-08-21,2025-08-21 00:00:00,15000,Verified
ATT-000349,BEN-0028,OFF-004,Vocational,2026-06,2026-06-02,2026-06-04 00:00:00,10000,Verified
ATT-001227,BEN-0101,OFF-004,Scholarship,2025-06,2025-06-27,2025-06-27 00:00:00,15000,Verified
ATT-002102,BEN-0176,OFF-001,Scholarship,2026-04,2026-04-13,2026-04-15 00:00:00,15000,Verified
ATT-002340,BEN-0195,OFF-002,Scholarship,2026-06,2026-06-14,2026-06-15 00:00:00,15000,Verified
ATT-002094,BEN-0175,OFF-002,Vocational,2026-02,2026-02-01,2026-02-02 00:00:00,10000,Verified
ATT-000631,BEN-0051,OFF-010,Vocational,2025-07,2025-07-04,2025-07-06 00:00:00,10000,Verified
ATT-000555,BEN-0044,OFF-012,Scholarship,2025-09,2025-09-20,2025-09-20 00:00:00,15000,Verified
ATT-002270,BEN-0190,OFF-004,Plus,2025-08,2025-08-11,2025-08-12 00:00:00,8000,Verified
ATT-000784,BEN-0065,OFF-002,Plus,2026-02,11/02/2026,2026-02-11 00:00:00,8000,Verified
ATT-000623,BEN-0050,OFF-009,Scholarship,2025-01,2025-01-28,2025-01-30 00:00:00,15000,Verified
ATT-001664,BEN-0137,OFF-002,Vocational,2025-04,2025-04-08,2025-04-10 00:00:00,10000,Verified
ATT-001037,BEN-0085,OFF-012,Scholarship,2025-06,2025-06-10,2025-06-12 00:00:00,15000,Verified
ATT-002222,BEN-0186,OFF-011,Vocational,2026-06,2026-06-28,2026-06-30 00:00:00,10000,Verified
ATT-000008,BEN-0001,OFF-008,Tech,2026-06,2026-06-16,2026-06-18 00:00:00,12000,Verified
ATT-001873,BEN-0156,OFF-010,Scholarship,2025-07,2025-07-10,2025-07-11 00:00:00,15000,Verified
ATT-000287,BEN-0023,OFF-002,Plus,2025-09,,2025-09-03 00:00:00,8000,Verified
ATT-000551,BEN-0044,OFF-012,Scholarship,2026-03,2026-03-20,2026-03-22 00:00:00,15000,Verified
ATT-000437,BEN-0035,OFF-008,Plus,2025-10,2025-10-13,2025-10-13 00:00:00,8000,Verified
ATT-002331,BEN-0195,OFF-002,Scholarship,2026-03,2026-03-16,2026-03-17 00:00:00,15000,Verified
ATT-001508,BEN-0124,OFF-012,Scholarship,2025-10,2025-10-12,2025-10-14 00:00:00,15000,Verified
ATT-000749,BEN-0062,OFF-014,Tech,2026-01,2026-01-09,2026-01-09 00:00:00,12000,Verified
ATT-002088,BEN-0175,OFF-002,Vocational,2025-06,2025-06-07,2025-06-07 00:00:00,10000,Verified
ATT-002026,BEN-0170,OFF-006,Plus,2026-01,2026-01-11,2026-01-13 00:00:00,8000,Verified
ATT-002026,BEN-0170,OFF-006,Plus,2026-01,2026-01-11,2026-01-13 00:00:00,8000,Verified
ATT-000934,BEN-0077,OFF-003,Scholarship,2025-04,2025-04-20,2025-04-20 00:00:00,15000,Verified
ATT-001895,BEN-0158,OFF-014,Scholarship,2026-01,2026-01-16,2026-01-17 00:00:00,15000,Verified
ATT-001704,BEN-0141,OFF-010,Plus,2025-02,2025-02-05,2025-02-07 00:00:00,8000,Verified
ATT-000297,BEN-0024,OFF-014,Plus,2025-10,2025-10-17,2025-10-18 00:00:00,8000,Verified
ATT-000062,BEN-0005,OFF-004,Scholarship,2026-06,2026-06-13,2026-06-14 00:00:00,15000,Verified
ATT-000837,BEN-0070,OFF-008,Scholarship,2025-03,2025-03-22,2025-03-23 00:00:00,15000,Verified
ATT-000994,BEN-0082,OFF-014,Vocational,2026-06,2026-06-20,2026-06-20 00:00:00,10000,Verified
ATT-002388,BEN-0199,OFF-012,Tech,2026-04,2026-04-12,2026-04-12 00:00:00,12000,Verified
ATT-000465,BEN-0037,OFF-007,Plus,2025-02,2025-02-24,2025-02-26 00:00:00,8000,Verified
ATT-000002,BEN-0001,OFF-008,Tech,2025-06,2025-06-21,2025-06-21 00:00:00,12000,Verified
ATT-000959,BEN-0079,OFF-002,Plus,2025-12,2025-12-27,2025-12-28 00:00:00,8000,Verified
ATT-000097,BEN-0008,OFF-015,Plus,2026-04,2026-04-22,2026-04-23 00:00:00,8000,Verified
ATT-001419,BEN-0117,OFF-005,Vocational,2025-10,2025-10-10,2025-10-10 00:00:00,10000,Verified
ATT-000336,BEN-0027,OFF-004,Plus,2025-01,2025-01-15,2025-01-17 00:00:00,8000,Verified
ATT-000001,BEN-0001,OFF-008,Tech,2025-05,2025-05-18,2025-05-19 00:00:00,12000,Verified
ATT-002149,BEN-0181,OFF-013,Tech,2026-03,2026-03-11,2026-03-11 00:00:00,12000,Verified
ATT-000235,BEN-0019,OFF-001,Plus,2026-01,2026-01-09,2026-01-11 00:00:00,8000,Verified
ATT-001583,BEN-0130,OFF-002,Vocational,2025-09,2025-09-20,2025-09-20 00:00:00,10000,Verified
ATT-001717,BEN-0143,OFF-012,Scholarship,2025-06,2025-06-18,2025-06-18 00:00:00,15000,Verified
ATT-001459,BEN-0120,OFF-015,Plus,2026-03,2026-03-02,2026-03-03 00:00:00,8000,Verified
ATT-000754,BEN-0062,OFF-014,Tech,2025-08,2025-08-19,2025-08-20 00:00:00,12000,Verified
ATT-001234,BEN-0102,OFF-013,Plus,2026-02,2026-02-22,2026-02-23 00:00:00,8000,Verified
ATT-002187,BEN-0183,OFF-014,Scholarship,2025-09,2025-09-08,2025-09-08 00:00:00,15000,Verified
ATT-000604,BEN-0048,OFF-006,Tech,2025-08,2025-08-10,2025-08-12 00:00:00,12000,Verified
ATT-000857,BEN-0071,OFF-005,Plus,2026-04,2026-04-05,2026-04-05 00:00:00,8000,Verified
ATT-000860,BEN-0071,OFF-005,Plus,2025-12,2025-12-17,2025-12-17 00:00:00,8000,Verified
ATT-000237,BEN-0020,OFF-002,Plus,2025-04,2025-04-13,2025-04-14 00:00:00,8000,Verified
ATT-000615,BEN-0049,OFF-008,Scholarship,2025-09,2025-09-02,2025-09-04 00:00:00,15000,Verified
ATT-001633,BEN-0135,OFF-007,Vocational,2026-06,2026-06-12,2026-06-13 00:00:00,10000,Verified
ATT-000213,BEN-0018,OFF-008,Tech,2026-01,2026-01-06,2026-01-07 00:00:00,12000,Verified
ATT-001846,BEN-0154,OFF-005,Plus,2025-07,21/07/2025,2025-07-21 00:00:00,8000,Verified
ATT-002275,BEN-0191,OFF-012,Vocational,2025-08,2025-08-10,2025-08-12 00:00:00,10000,Verified
ATT-000671,BEN-0054,OFF-003,Vocational,2026-03,2026-03-14,2026-03-14 00:00:00,10000,Verified
ATT-001798,BEN-0150,OFF-010,Vocational,2026-01,2026-01-06,2026-01-06 00:00:00,10000,Verified
ATT-000640,BEN-0052,OFF-006,Vocational,2025-07,2025-07-21,2025-07-22 00:00:00,10000,Verified
ATT-001565,BEN-0129,OFF-003,Tech,2025-05,2025-05-22,2025-05-22 00:00:00,12000,Verified
ATT-001259,BEN-0103,OFF-009,Plus,2025-12,24/12/2025,2025-12-25 00:00:00,8000,Verified
ATT-001769,BEN-0148,OFF-012,Plus,2026-01,2026-01-10,2026-01-11 00:00:00,8000,Verified
ATT-002394,BEN-0199,OFF-012,Tech,2025-10,2025-10-10,2025-10-12 00:00:00,12000,Verified
ATT-001655,BEN-0137,OFF-002,Vocational,2026-01,2026-01-08,2026-01-09 00:00:00,10000,Verified
ATT-002372,BEN-0198,OFF-011,Vocational,2025-09,2025-09-14,2025-09-16 00:00:00,10000,Verified
ATT-001527,BEN-0126,OFF-013,Vocational,2025-04,2025-04-22,2025-04-22 00:00:00,10000,Verified
ATT-000875,BEN-0073,OFF-015,Scholarship,2025-01,2025-01-20,2025-01-21 00:00:00,15000,Verified
ATT-000184,BEN-0015,OFF-012,Vocational,2025-10,2025-10-02,2025-10-02 00:00:00,10000,Verified
ATT-000751,BEN-0062,OFF-014,Tech,2026-02,,2026-02-23 00:00:00,12000,Verified
ATT-001267,BEN-0104,OFF-007,Plus,2025-09,2025-09-08,2025-09-09 00:00:00,8000,Verified
ATT-001707,BEN-0142,OFF-007,Tech,2026-02,2026-02-02,2026-02-03 00:00:00,12000,Verified
ATT-000317,BEN-0025,OFF-009,Plus,2025-02,2025-02-13,2025-02-14 00:00:00,8000,Verified
ATT-001111,BEN-0091,OFF-003,Tech,2026-06,2026-06-06,2026-06-08 00:00:00,12000,Verified
ATT-001558,BEN-0128,OFF-003,Tech,2025-10,2025-10-21,2025-10-23 00:00:00,12000,Verified
ATT-001196,BEN-0099,OFF-004,Scholarship,2025-12,2025-12-17,2025-12-17 00:00:00,15000,Verified
ATT-000427,BEN-0034,OFF-009,Tech,2025-11,2025-11-23,2025-11-25 00:00:00,12000,Verified
ATT-000683,BEN-0056,OFF-005,Plus,2025-11,2025-11-13,2025-11-13 00:00:00,8000,Verified
ATT-001000,BEN-0082,OFF-014,Vocational,2025-03,2025-03-27,2025-03-28 00:00:00,10000,Verified
ATT-000404,BEN-0032,OFF-005,Vocational,2026-03,13/03/2026,2026-03-15 00:00:00,10000,Verified
ATT-000835,BEN-0070,OFF-008,Scholarship,2026-02,2026-02-19,2026-02-19 00:00:00,15000,Verified
ATT-000697,BEN-0057,OFF-012,Tech,2025-01,2025-01-16,2025-01-18 00:00:00,12000,Verified
ATT-000928,BEN-0077,OFF-003,Scholarship,2026-01,2026-01-09,2026-01-10 00:00:00,15000,Verified
ATT-001755,BEN-0146,OFF-015,Scholarship,2026-05,2026-05-07,2026-05-08 00:00:00,15000,Verified
ATT-002020,BEN-0170,OFF-006,Plus,2025-08,2025-08-10,2025-08-10 00:00:00,8000,Verified
ATT-000861,BEN-0071,OFF-005,Plus,2025-01,2025-01-10,2025-01-11 00:00:00,8000,Verified
ATT-001296,BEN-0106,OFF-007,Scholarship,2025-07,2025-07-22,2025-07-24 00:00:00,15000,Verified
ATT-000882,BEN-0073,OFF-015,Scholarship,2025-04,2025-04-02,2025-04-03 00:00:00,15000,Verified
ATT-002320,BEN-0194,OFF-012,Plus,2025-06,2025-06-16,2025-06-16 00:00:00,8000,Verified
ATT-001162,BEN-0096,OFF-005,Plus,2026-05,2026-05-01,2026-05-02 00:00:00,8000,Verified
ATT-001650,BEN-0136,OFF-008,Vocational,2026-02,2026-02-23,2026-02-24 00:00:00,10000,Verified
ATT-001193,BEN-0098,OFF-015,Vocational,2026-03,2026-03-17,2026-03-17 00:00:00,10000,Verified
ATT-001961,BEN-0165,OFF-008,Tech,2025-11,2025-11-10,2025-11-10 00:00:00,12000,Verified
ATT-000734,BEN-0061,OFF-008,Scholarship,2025-07,2025-07-26,2025-07-26 00:00:00,15000,Verified
ATT-000562,BEN-0045,OFF-014,Scholarship,2025-06,2025-06-24,2025-06-24 00:00:00,15000,Verified
ATT-000953,BEN-0079,OFF-002,Plus,2025-06,2025-06-17,2025-06-18 00:00:00,8000,Verified
ATT-000898,BEN-0074,OFF-010,Scholarship,2025-09,2025-09-28,2025-09-28 00:00:00,15000,Verified
ATT-000990,BEN-0082,OFF-014,Vocational,2025-08,2025-08-14,2025-08-14 00:00:00,10000,Verified
ATT-000029,BEN-0003,OFF-005,Tech,2025-06,2025-06-09,2025-06-10 00:00:00,12000,Verified
ATT-001236,BEN-0102,OFF-013,Plus,2025-04,2025-04-28,2025-04-28 00:00:00,8000,Verified
ATT-000558,BEN-0044,OFF-012,Scholarship,2026-04,2026-04-17,2026-04-18 00:00:00,15000,Verified
ATT-001330,BEN-0109,OFF-006,Tech,2025-10,2025-10-13,2025-10-15 00:00:00,12000,Verified
ATT-002083,BEN-0175,OFF-002,Vocational,2025-12,2025-12-02,2025-12-03 00:00:00,10000,Verified
ATT-001249,BEN-0103,OFF-009,Plus,2025-01,2025-01-13,2025-01-15 00:00:00,8000,Verified
ATT-002004,BEN-0168,OFF-013,Scholarship,2025-12,2025-12-28,2025-12-30 00:00:00,15000,Verified
ATT-000619,BEN-0049,OFF-008,Scholarship,2025-12,2025-12-12,2025-12-12 00:00:00,15000,Verified
ATT-001541,BEN-0127,OFF-012,Vocational,2026-03,2026-03-10,2026-03-11 00:00:00,10000,Verified
ATT-001682,BEN-0140,OFF-015,Plus,2026-06,2026-06-24,2026-06-25 00:00:00,8000,Verified
ATT-001178,BEN-0097,OFF-010,Scholarship,2026-03,2026-03-19,2026-03-19 00:00:00,15000,Verified
ATT-000505,BEN-0040,OFF-014,Scholarship,2025-10,2025-10-20,2025-10-21 00:00:00,15000,Verified
ATT-001644,BEN-0136,OFF-008,Vocational,2026-05,2026-05-04,2026-05-05 00:00:00,10000,Verified
ATT-002119,BEN-0178,OFF-005,Plus,2026-04,2026-04-12,2026-04-13 00:00:00,8000,Verified
ATT-000572,BEN-0045,OFF-014,Scholarship,2026-04,2026-04-12,2026-04-13 00:00:00,15000,Verified
ATT-001529,BEN-0126,OFF-013,Vocational,2026-05,2026-05-01,2026-05-03 00:00:00,10000,Verified
ATT-001658,BEN-0137,OFF-002,Vocational,2025-08,2025-08-04,2025-08-05 00:00:00,10000,Verified
ATT-002210,BEN-0186,OFF-011,Vocational,2026-02,2026-02-22,2026-02-22 00:00:00,10000,Verified
ATT-001925,BEN-0161,OFF-007,Scholarship,2025-11,2025-11-20,2025-11-22 00:00:00,15000,Verified
ATT-002194,BEN-0184,OFF-003,Tech,2025-03,2025-03-08,2025-03-09 00:00:00,12000,Verified
ATT-001063,BEN-0087,OFF-014,Plus,2025-05,2025-05-19,2025-05-19 00:00:00,8000,Verified
ATT-002387,BEN-0199,OFF-012,Tech,2025-01,2025-01-22,2025-01-24 00:00:00,12000,Verified
ATT-001754,BEN-0146,OFF-015,Scholarship,2026-04,2026-04-22,2026-04-23 00:00:00,15000,Verified
ATT-001033,BEN-0085,OFF-012,Scholarship,2025-10,2025-10-10,2025-10-12 00:00:00,15000,Verified
ATT-001603,BEN-0132,OFF-009,Scholarship,2025-05,2025-05-03,2025-05-05 00:00:00,15000,Verified
ATT-001802,BEN-0150,OFF-010,Vocational,2025-10,2025-10-12,2025-10-13 00:00:00,10000,Verified
ATT-000038,BEN-0004,OFF-001,Plus,2025-12,2025-12-16,2025-12-18 00:00:00,8000,Verified
ATT-001749,BEN-0145,OFF-001,Vocational,2026-04,2026-04-08,2026-04-08 00:00:00,10000,Verified
ATT-001805,BEN-0150,OFF-010,Vocational,2026-03,2026-03-14,2026-03-15 00:00:00,10000,Verified
ATT-001613,BEN-0133,OFF-007,Scholarship,2026-04,2026-04-09,2026-04-10 00:00:00,15000,Verified
ATT-001779,BEN-0149,OFF-005,Vocational,2025-12,2025-12-23,2025-12-24 00:00:00,10000,Verified
ATT-001723,BEN-0143,OFF-012,Scholarship,2026-06,2026-06-07,2026-06-09 00:00:00,15000,Verified
ATT-002113,BEN-0177,OFF-002,Scholarship,2025-07,2025-07-21,2025-07-22 00:00:00,15000,Verified
ATT-000700,BEN-0058,OFF-015,Plus,2025-10,2025-10-07,2025-10-07 00:00:00,8000,Verified
ATT-001501,BEN-0124,OFF-012,Scholarship,2025-01,2025-01-26,2025-01-28 00:00:00,15000,Verified
ATT-000391,BEN-0031,OFF-008,Vocational,2025-08,2025-08-04,2025-08-06 00:00:00,10000,Verified
ATT-001931,BEN-0162,OFF-011,Scholarship,2026-01,2026-01-26,2026-01-26 00:00:00,15000,Verified
ATT-002312,BEN-0193,OFF-010,Tech,2025-08,2025-08-13,2025-08-14 00:00:00,12000,Verified
ATT-002315,BEN-0194,OFF-012,Plus,2025-02,2025-02-12,2025-02-14 00:00:00,8000,Verified
ATT-001048,BEN-0086,OFF-004,Plus,2025-10,2025-10-24,2025-10-26 00:00:00,8000,Verified
ATT-002373,BEN-0198,OFF-011,Vocational,2025-11,2025-11-23,2025-11-24 00:00:00,10000,Verified
ATT-001916,BEN-0159,OFF-009,Plus,2026-03,2026-03-28,2026-03-29 00:00:00,8000,Verified
ATT-002381,BEN-0199,OFF-012,Tech,2026-05,2026-05-14,2026-05-15 00:00:00,12000,Verified
ATT-000399,BEN-0032,OFF-005,Vocational,2026-05,2026-05-12,2026-05-13 00:00:00,10000,Verified
ATT-000425,BEN-0034,OFF-009,Tech,2025-10,2025-10-05,2025-10-07 00:00:00,12000,Verified
ATT-000153,BEN-0012,OFF-007,Plus,2025-09,2025-09-09,2025-09-11 00:00:00,8000,Verified
ATT-000980,BEN-0080,OFF-013,Vocational,2025-02,2025-02-27,2025-02-28 00:00:00,10000,Verified
ATT-001472,BEN-0122,OFF-005,Vocational,2026-03,2026-03-22,2026-03-23 00:00:00,10000,Verified
ATT-001575,BEN-0130,OFF-002,Vocational,2025-04,2025-04-19,2025-04-19 00:00:00,10000,Verified
ATT-001107,BEN-0091,OFF-003,Tech,2025-03,2025-03-21,2025-03-23 00:00:00,12000,Verified
ATT-001277,BEN-0105,OFF-012,Scholarship,2025-06,2025-06-10,2025-06-10 00:00:00,15000,Verified
ATT-001821,BEN-0151,OFF-013,Vocational,2025-07,2025-07-22,2025-07-24 00:00:00,10000,Verified
ATT-002173,BEN-0182,OFF-004,Plus,2026-03,06/03/2026,2026-03-07 00:00:00,8000,Verified
ATT-000960,BEN-0079,OFF-002,Plus,2025-02,2025-02-08,2025-02-10 00:00:00,8000,Verified
ATT-000240,BEN-0020,OFF-002,Plus,2025-08,2025-08-06,2025-08-08 00:00:00,8000,Verified
ATT-000780,BEN-0065,OFF-002,Plus,2025-02,2025-02-11,2025-02-11 00:00:00,8000,Verified
ATT-000811,BEN-0068,OFF-006,Tech,2025-09,2025-09-12,2025-09-12 00:00:00,12000,Verified
ATT-001487,BEN-0123,OFF-012,Tech,2025-02,2025-02-09,2025-02-11 00:00:00,12000,Verified
ATT-001904,BEN-0158,OFF-014,Scholarship,2025-01,2025-01-16,2025-01-16 00:00:00,15000,Verified
ATT-000291,BEN-0024,OFF-014,Plus,2025-03,2025-03-10,2025-03-11 00:00:00,8000,Verified
ATT-001665,BEN-0137,OFF-002,Vocational,2025-11,2025-11-19,2025-11-19 00:00:00,10000,Verified
ATT-001678,BEN-0139,OFF-003,Vocational,2025-04,2025-04-10,2025-04-12 00:00:00,10000,Verified
ATT-000914,BEN-0076,OFF-015,Vocational,2025-07,14/07/2025,2025-07-15 00:00:00,10000,Verified
ATT-002063,BEN-0173,OFF-003,Tech,2025-09,2025-09-03,2025-09-03 00:00:00,12000,Verified
ATT-001405,BEN-0116,OFF-002,Plus,2025-09,2025-09-27,2025-09-28 00:00:00,8000,Verified
ATT-000612,BEN-0049,OFF-008,Scholarship,2025-07,2025-07-11,2025-07-12 00:00:00,15000,Verified
ATT-000978,BEN-0080,OFF-013,Vocational,2025-12,2025-12-20,2025-12-22 00:00:00,10000,Verified
ATT-000188,BEN-0016,OFF-008,Vocational,2026-01,2026-01-09,2026-01-11 00:00:00,10000,Verified
ATT-001735,BEN-0145,OFF-001,Vocational,2025-02,2025-02-25,2025-02-27 00:00:00,10000,Verified
ATT-002095,BEN-0175,OFF-002,Vocational,2025-04,2025-04-24,2025-04-25 00:00:00,10000,Verified
ATT-002308,BEN-0193,OFF-010,Tech,2025-11,2025-11-16,2025-11-16 00:00:00,12000,Verified
ATT-001546,BEN-0127,OFF-012,Vocational,2026-01,2026-01-20,2026-01-21 00:00:00,10000,Verified
ATT-000116,BEN-0009,OFF-005,Plus,2025-04,2025-04-23,2025-04-25 00:00:00,8000,Verified
ATT-000611,BEN-0049,OFF-008,Scholarship,2025-03,2025-03-10,2025-03-12 00:00:00,15000,Verified
ATT-000510,BEN-0041,OFF-007,Plus,2026-04,2026-04-04,2026-04-06 00:00:00,8000,Verified
ATT-001417,BEN-0117,OFF-005,Vocational,2026-05,2026-05-09,2026-05-10 00:00:00,10000,Verified
ATT-002014,BEN-0169,OFF-008,Vocational,2026-06,28/06/2026,2026-06-29 00:00:00,10000,Verified
ATT-000333,BEN-0027,OFF-004,Plus,2025-05,2025-05-10,2025-05-12 00:00:00,8000,Verified
ATT-001775,BEN-0148,OFF-012,Plus,2026-06,2026-06-02,2026-06-02 00:00:00,8000,Verified
ATT-000684,BEN-0056,OFF-005,Plus,2025-09,2025-09-07,2025-09-07 00:00:00,8000,Verified
ATT-001739,BEN-0145,OFF-001,Vocational,2026-03,21/03/2026,2026-03-21 00:00:00,10000,Verified
ATT-000402,BEN-0032,OFF-005,Vocational,2025-03,2025-03-03,2025-03-04 00:00:00,10000,Verified
ATT-000146,BEN-0012,OFF-007,Plus,2026-01,2026-01-23,2026-01-23 00:00:00,8000,Verified
ATT-001031,BEN-0084,OFF-008,Scholarship,2025-08,2025-08-02,2025-08-03 00:00:00,15000,Verified
ATT-000046,BEN-0004,OFF-001,Plus,2025-04,2025-04-25,2025-04-26 00:00:00,8000,Verified
ATT-001910,BEN-0159,OFF-009,Plus,2025-12,2025-12-28,2025-12-28 00:00:00,8000,Verified
ATT-000211,BEN-0018,OFF-008,Tech,2026-05,2026-05-13,2026-05-14 00:00:00,12000,Verified
ATT-000159,BEN-0013,OFF-006,Tech,2026-05,14/05/2026,2026-05-16 00:00:00,12000,Verified
ATT-001918,BEN-0160,OFF-014,Plus,2026-01,2026-01-11,2026-01-11 00:00:00,8000,Verified
ATT-000950,BEN-0079,OFF-002,Plus,2026-05,2026-05-27,2026-05-29 00:00:00,8000,Verified
ATT-001975,BEN-0166,OFF-001,Plus,2026-03,2026-03-18,2026-03-20 00:00:00,8000,Verified
ATT-000009,BEN-0001,OFF-008,Tech,2026-03,2026-03-02,2026-03-02 00:00:00,12000,Verified
ATT-000229,BEN-0019,OFF-001,Plus,2025-09,2025-09-22,2025-09-24 00:00:00,8000,Verified
ATT-001034,BEN-0085,OFF-012,Scholarship,2025-12,2025-12-14,2025-12-16 00:00:00,15000,Verified
ATT-000180,BEN-0015,OFF-012,Vocational,2025-08,2025-08-20,2025-08-20 00:00:00,10000,Verified
ATT-000773,BEN-0064,OFF-001,Tech,2025-07,2025-07-22,2025-07-23 00:00:00,12000,Verified
ATT-001576,BEN-0130,OFF-002,Vocational,2025-06,2025-06-03,2025-06-03 00:00:00,10000,Verified
ATT-001274,BEN-0105,OFF-012,Scholarship,2026-04,2026-04-07,2026-04-08 00:00:00,15000,Verified
ATT-002353,BEN-0196,OFF-004,Vocational,2026-06,,2026-06-22 00:00:00,10000,Verified
ATT-002129,BEN-0179,OFF-001,Tech,2026-06,15/06/2026,2026-06-15 00:00:00,12000,Verified
ATT-001659,BEN-0137,OFF-002,Vocational,2025-10,2025-10-08,2025-10-09 00:00:00,10000,Verified
ATT-000141,BEN-0011,OFF-001,Plus,2025-06,2025-06-09,2025-06-09 00:00:00,8000,Verified
ATT-002050,BEN-0172,OFF-012,Plus,2025-10,2025-10-12,2025-10-14 00:00:00,8000,Verified
ATT-000368,BEN-0030,OFF-011,Scholarship,2025-02,2025-02-24,2025-02-24 00:00:00,15000,Verified
ATT-000656,BEN-0053,OFF-001,Plus,2025-12,2025-12-15,2025-12-16 00:00:00,8000,Verified
ATT-001406,BEN-0116,OFF-002,Plus,2025-06,2025-06-02,2025-06-02 00:00:00,8000,Verified
ATT-001748,BEN-0145,OFF-001,Vocational,2025-07,2025-07-27,2025-07-29 00:00:00,10000,Verified
ATT-001023,BEN-0084,OFF-008,Scholarship,2026-06,2026-06-01,2026-06-01 00:00:00,15000,Verified
ATT-002137,BEN-0180,OFF-010,Scholarship,2025-04,11/04/2025,2025-04-13 00:00:00,15000,Verified
ATT-001444,BEN-0119,OFF-010,Scholarship,2026-01,2026-01-10,2026-01-10 00:00:00,15000,Verified
ATT-001688,BEN-0140,OFF-015,Plus,2026-03,2026-03-07,2026-03-09 00:00:00,8000,Verified
ATT-001608,BEN-0132,OFF-009,Scholarship,2025-02,2025-02-13,2025-02-13 00:00:00,15000,Verified
ATT-000936,BEN-0077,OFF-003,Scholarship,2025-09,2025-09-07,2025-09-08 00:00:00,15000,Verified
ATT-000971,BEN-0080,OFF-013,Vocational,2026-03,2026-03-04,2026-03-06 00:00:00,10000,Verified
ATT-000705,BEN-0058,OFF-015,Plus,2025-11,12/11/2025,2025-11-14 00:00:00,8000,Verified
ATT-000801,BEN-0067,OFF-015,Scholarship,2025-04,2025-04-04,2025-04-06 00:00:00,15000,Verified
ATT-000322,BEN-0026,OFF-007,Tech,2026-04,2026-04-14,2026-04-16 00:00:00,12000,Verified
ATT-001689,BEN-0140,OFF-015,Plus,2025-04,2025-04-26,2025-04-28 00:00:00,8000,Verified
ATT-001671,BEN-0138,OFF-009,Scholarship,2025-12,2025-12-05,2025-12-07 00:00:00,15000,Verified
ATT-000798,BEN-0067,OFF-015,Scholarship,2026-06,2026-06-28,2026-06-29 00:00:00,15000,Verified
ATT-001055,BEN-0086,OFF-004,Plus,2025-02,2025-02-20,2025-02-21 00:00:00,8000,Verified
ATT-001002,BEN-0082,OFF-014,Vocational,2026-05,2026-05-20,2026-05-22 00:00:00,10000,Verified
ATT-000099,BEN-0008,OFF-015,Plus,2026-06,2026-06-11,2026-06-11 00:00:00,8000,Verified
ATT-000553,BEN-0044,OFF-012,Scholarship,2025-04,2025-04-11,2025-04-11 00:00:00,15000,Verified
ATT-000359,BEN-0029,OFF-006,Vocational,2025-04,2025-04-10,2025-04-12 00:00:00,10000,Verified
ATT-001202,BEN-0099,OFF-004,Scholarship,2026-03,2026-03-10,2026-03-10 00:00:00,15000,Verified
ATT-001915,BEN-0159,OFF-009,Plus,2026-05,2026-05-25,2026-05-27 00:00:00,8000,Verified
ATT-002376,BEN-0198,OFF-011,Vocational,2025-06,,2025-06-18 00:00:00,10000,Verified
ATT-000940,BEN-0077,OFF-003,Scholarship,2025-06,2025-06-11,2025-06-12 00:00:00,15000,Verified
ATT-002012,BEN-0169,OFF-008,Vocational,2026-03,2026-03-19,2026-03-19 00:00:00,10000,Verified
ATT-000311,BEN-0025,OFF-009,Plus,2025-08,2025-08-10,2025-08-11 00:00:00,8000,Verified
ATT-001502,BEN-0124,OFF-012,Scholarship,2025-07,2025-07-14,2025-07-16 00:00:00,15000,Verified
ATT-002056,BEN-0173,OFF-003,Tech,2026-06,15/06/2026,2026-06-15 00:00:00,12000,Verified
ATT-000197,BEN-0016,OFF-008,Vocational,2025-03,2025-03-03,2025-03-03 00:00:00,10000,Verified
ATT-000549,BEN-0043,OFF-008,Scholarship,2025-05,2025-05-22,2025-05-22 00:00:00,15000,Verified
ATT-000526,BEN-0042,OFF-004,Vocational,2025-11,2025-11-28,2025-11-30 00:00:00,10000,Verified
ATT-000438,BEN-0035,OFF-008,Plus,2026-03,2026-03-17,2026-03-18 00:00:00,8000,Verified
ATT-000937,BEN-0077,OFF-003,Scholarship,2026-02,22/02/2026,2026-02-23 00:00:00,15000,Verified
ATT-001022,BEN-0084,OFF-008,Scholarship,2025-12,2025-12-14,2025-12-15 00:00:00,15000,Verified
ATT-000470,BEN-0038,OFF-012,Plus,2025-05,2025-05-24,2025-05-26 00:00:00,8000,Verified
ATT-001597,BEN-0132,OFF-009,Scholarship,2025-08,2025-08-15,2025-08-15 00:00:00,15000,Verified
ATT-002115,BEN-0177,OFF-002,Scholarship,2025-08,2025-08-15,2025-08-16 00:00:00,15000,Verified
ATT-002298,BEN-0192,OFF-003,Plus,2026-05,,2026-05-15 00:00:00,8000,Verified
ATT-000305,BEN-0025,OFF-009,Plus,2025-09,2025-09-12,2025-09-14 00:00:00,8000,Verified
ATT-002285,BEN-0191,OFF-012,Vocational,2026-05,2026-05-26,2026-05-26 00:00:00,10000,Verified
ATT-001837,BEN-0153,OFF-010,Vocational,2026-04,2026-04-09,2026-04-11 00:00:00,10000,Verified
ATT-000867,BEN-0072,OFF-001,Vocational,2025-02,2025-02-05,2025-02-06 00:00:00,10000,Verified
ATT-000090,BEN-0008,OFF-015,Plus,2026-01,2026-01-21,2026-01-23 00:00:00,8000,Verified
ATT-001897,BEN-0158,OFF-014,Scholarship,2025-08,2025-08-04,2025-08-04 00:00:00,15000,Verified
ATT-001606,BEN-0132,OFF-009,Scholarship,2025-12,2025-12-09,2025-12-11 00:00:00,15000,Verified
ATT-000863,BEN-0071,OFF-005,Plus,2025-07,2025-07-07,2025-07-07 00:00:00,8000,Verified
ATT-000196,BEN-0016,OFF-008,Vocational,2026-02,2026-02-21,2026-02-22 00:00:00,10000,Verified
ATT-002389,BEN-0199,OFF-012,Tech,2025-03,2025-03-05,2025-03-07 00:00:00,12000,Verified
ATT-000278,BEN-0023,OFF-002,Plus,2025-03,2025-03-14,2025-03-16 00:00:00,8000,Verified
ATT-000224,BEN-0018,OFF-008,Tech,2025-08,2025-08-17,2025-08-19 00:00:00,12000,Verified
ATT-002044,BEN-0171,OFF-004,Plus,2026-06,2026-06-14,2026-06-14 00:00:00,8000,Verified
ATT-001261,BEN-0103,OFF-009,Plus,2025-03,2025-03-05,2025-03-05 00:00:00,8000,Verified
ATT-001181,BEN-0097,OFF-010,Scholarship,2026-04,2026-04-11,2026-04-12 00:00:00,15000,Verified
ATT-002002,BEN-0168,OFF-013,Scholarship,2025-08,2025-08-06,2025-08-07 00:00:00,15000,Verified
ATT-001681,BEN-0140,OFF-015,Plus,2025-02,2025-02-03,2025-02-03 00:00:00,8000,Verified
ATT-000478,BEN-0039,OFF-006,Vocational,2025-12,2025-12-06,2025-12-06 00:00:00,10000,Verified
ATT-000607,BEN-0049,OFF-008,Scholarship,2025-08,2025-08-05,2025-08-07 00:00:00,15000,Verified
ATT-001070,BEN-0087,OFF-014,Plus,2025-08,2025-08-03,2025-08-05 00:00:00,8000,Verified
ATT-002240,BEN-0188,OFF-005,Scholarship,2026-06,2026-06-26,2026-06-28 00:00:00,15000,Verified
ATT-001069,BEN-0087,OFF-014,Plus,2025-09,2025-09-07,2025-09-07 00:00:00,8000,Verified
ATT-001826,BEN-0152,OFF-007,Vocational,2025-08,2025-08-12,2025-08-13 00:00:00,10000,Verified
ATT-001200,BEN-0099,OFF-004,Scholarship,2025-07,2025-07-10,2025-07-12 00:00:00,15000,Verified
ATT-000927,BEN-0077,OFF-003,Scholarship,2026-06,2026-06-04,2026-06-04 00:00:00,15000,Verified
ATT-000648,BEN-0052,OFF-006,Vocational,2025-11,2025-11-06,2025-11-08 00:00:00,10000,Verified
ATT-000028,BEN-0003,OFF-005,Tech,2026-03,2026-03-24,2026-03-25 00:00:00,12000,Verified
ATT-000307,BEN-0025,OFF-009,Plus,2026-05,2026-05-06,2026-05-08 00:00:00,8000,Verified
ATT-001462,BEN-0121,OFF-013,Plus,2025-06,2025-06-05,2025-06-06 00:00:00,8000,Verified
ATT-000408,BEN-0033,OFF-001,Plus,2025-05,2025-05-24,2025-05-24 00:00:00,8000,Verified
ATT-000627,BEN-0050,OFF-009,Scholarship,2025-04,2025-04-25,2025-04-27 00:00:00,15000,Verified
ATT-001705,BEN-0141,OFF-010,Plus,2025-08,2025-08-22,2025-08-24 00:00:00,8000,Verified
ATT-000537,BEN-0043,OFF-008,Scholarship,2025-08,2025-08-27,2025-08-29 00:00:00,15000,Verified
ATT-000862,BEN-0071,OFF-005,Plus,2026-06,2026-06-15,2026-06-16 00:00:00,8000,Verified
ATT-000202,BEN-0017,OFF-007,Scholarship,2025-06,2025-06-14,2025-06-15 00:00:00,15000,Verified
ATT-000407,BEN-0033,OFF-001,Plus,2025-04,2025-04-17,2025-04-19 00:00:00,8000,Verified
ATT-001698,BEN-0141,OFF-010,Plus,2026-02,2026-02-16,2026-02-18 00:00:00,8000,Verified
ATT-002332,BEN-0195,OFF-002,Scholarship,2025-05,2025-05-12,2025-05-13 00:00:00,15000,Verified
ATT-000109,BEN-0009,OFF-005,Plus,2025-10,07/10/2025,2025-10-07 00:00:00,8000,Verified
ATT-000722,BEN-0060,OFF-012,Plus,2025-11,2025-11-22,2025-11-22 00:00:00,8000,Verified
ATT-000413,BEN-0033,OFF-001,Plus,2025-08,,2025-08-03 00:00:00,8000,Verified
ATT-002321,BEN-0194,OFF-012,Plus,2025-05,2025-05-23,2025-05-23 00:00:00,8000,Verified
ATT-002280,BEN-0191,OFF-012,Vocational,2026-06,2026-06-20,2026-06-20 00:00:00,10000,Verified
ATT-002206,BEN-0185,OFF-013,Tech,2025-08,2025-08-15,2025-08-15 00:00:00,12000,Verified
ATT-000052,BEN-0004,OFF-001,Plus,2025-09,2025-09-04,2025-09-05 00:00:00,8000,Verified
ATT-001077,BEN-0088,OFF-002,Scholarship,2025-09,2025-09-15,2025-09-17 00:00:00,15000,Verified
ATT-000876,BEN-0073,OFF-015,Scholarship,2025-05,2025-05-17,2025-05-19 00:00:00,15000,Verified
ATT-001492,BEN-0123,OFF-012,Tech,2026-02,2026-02-21,2026-02-21 00:00:00,12000,Verified
ATT-001067,BEN-0087,OFF-014,Plus,2025-06,2025-06-24,2025-06-25 00:00:00,8000,Verified
ATT-001053,BEN-0086,OFF-004,Plus,2025-09,2025-09-15,2025-09-15 00:00:00,8000,Verified
ATT-001942,BEN-0163,OFF-006,Scholarship,2025-02,2025-02-12,2025-02-14 00:00:00,15000,Verified
ATT-000744,BEN-0062,OFF-014,Tech,2025-11,2025-11-22,2025-11-23 00:00:00,12000,Verified
ATT-001433,BEN-0118,OFF-006,Scholarship,2026-02,2026-02-05,2026-02-06 00:00:00,15000,Verified
ATT-001545,BEN-0127,OFF-012,Vocational,2025-06,2025-06-12,2025-06-12 00:00:00,10000,Verified
ATT-000952,BEN-0079,OFF-002,Plus,2025-04,2025-04-17,2025-04-17 00:00:00,8000,Verified
ATT-000598,BEN-0047,OFF-008,Scholarship,2025-01,2025-01-16,2025-01-18 00:00:00,15000,Verified
ATT-000242,BEN-0020,OFF-002,Plus,2025-01,2025-01-19,2025-01-19 00:00:00,8000,Verified
ATT-001415,BEN-0117,OFF-005,Vocational,2026-06,2026-06-10,2026-06-11 00:00:00,10000,Verified
ATT-002274,BEN-0191,OFF-012,Vocational,2026-02,2026-02-07,2026-02-09 00:00:00,10000,Verified
ATT-002065,BEN-0173,OFF-003,Tech,2025-01,2025-01-04,2025-01-04 00:00:00,12000,Verified
ATT-000878,BEN-0073,OFF-015,Scholarship,2026-01,2026-01-04,2026-01-06 00:00:00,15000,Verified
ATT-001660,BEN-0137,OFF-002,Vocational,2025-07,2025-07-26,2025-07-27 00:00:00,10000,Verified
ATT-000119,BEN-0010,OFF-008,Tech,2025-01,2025-01-17,2025-01-18 00:00:00,12000,Verified
ATT-001556,BEN-0128,OFF-003,Tech,2025-06,10/06/2025,2025-06-11 00:00:00,12000,Verified
ATT-002066,BEN-0173,OFF-003,Tech,2026-04,2026-04-02,2026-04-03 00:00:00,12000,Verified
ATT-000084,BEN-0007,OFF-015,Vocational,2025-04,2025-04-22,2025-04-23 00:00:00,10000,Verified
ATT-001495,BEN-0123,OFF-012,Tech,2026-05,,2026-05-12 00:00:00,12000,Verified
ATT-000447,BEN-0036,OFF-012,Plus,2026-04,2026-04-02,2026-04-02 00:00:00,8000,Verified
ATT-001270,BEN-0104,OFF-007,Plus,2025-05,2025-05-27,2025-05-27 00:00:00,8000,Verified
ATT-001154,BEN-0095,OFF-011,Tech,2025-12,2025-12-03,2025-12-03 00:00:00,12000,Verified
ATT-002307,BEN-0193,OFF-010,Tech,2026-06,2026-06-11,2026-06-13 00:00:00,12000,Verified
ATT-001355,BEN-0112,OFF-007,Scholarship,2025-12,2025-12-14,2025-12-15 00:00:00,15000,Verified
ATT-000552,BEN-0044,OFF-012,Scholarship,2026-02,2026-02-27,2026-02-27 00:00:00,15000,Verified
ATT-000584,BEN-0046,OFF-012,Tech,2026-03,2026-03-19,2026-03-21 00:00:00,12000,Verified
ATT-000249,BEN-0021,OFF-004,Vocational,2025-07,2025-07-16,2025-07-18 00:00:00,10000,Verified
ATT-000567,BEN-0045,OFF-014,Scholarship,2025-01,2025-01-19,2025-01-20 00:00:00,15000,Verified
ATT-001715,BEN-0143,OFF-012,Scholarship,2026-02,2026-02-24,2026-02-26 00:00:00,15000,Verified
ATT-001889,BEN-0157,OFF-012,Plus,2025-08,2025-08-23,2025-08-24 00:00:00,8000,Verified
ATT-000169,BEN-0014,OFF-013,Scholarship,2025-08,2025-08-17,2025-08-17 00:00:00,15000,Verified
ATT-000370,BEN-0030,OFF-011,Scholarship,2025-04,2025-04-06,2025-04-06 00:00:00,15000,Verified
ATT-001940,BEN-0163,OFF-006,Scholarship,2026-02,2026-02-01,2026-02-02 00:00:00,15000,Verified
ATT-002015,BEN-0169,OFF-008,Vocational,2025-12,2025-12-09,2025-12-09 00:00:00,10000,Verified
ATT-002299,BEN-0192,OFF-003,Plus,2026-02,2026-02-21,2026-02-22 00:00:00,8000,Verified
ATT-001271,BEN-0104,OFF-007,Plus,2026-02,2026-02-23,2026-02-24 00:00:00,8000,Verified
ATT-000851,BEN-0071,OFF-005,Plus,2026-03,2026-03-04,2026-03-06 00:00:00,8000,Verified
ATT-000048,BEN-0004,OFF-001,Plus,2025-10,2025-10-10,2025-10-10 00:00:00,8000,Verified
ATT-001434,BEN-0118,OFF-006,Scholarship,2026-04,2026-04-02,2026-04-02 00:00:00,15000,Verified
ATT-002354,BEN-0196,OFF-004,Vocational,2026-05,2026-05-17,2026-05-17 00:00:00,10000,Verified
ATT-000588,BEN-0047,OFF-008,Scholarship,2026-01,2026-01-17,2026-01-17 00:00:00,15000,Verified
ATT-002176,BEN-0183,OFF-014,Scholarship,2025-10,2025-10-18,2025-10-19 00:00:00,15000,Verified
ATT-001230,BEN-0102,OFF-013,Plus,2025-01,2025-01-09,2025-01-10 00:00:00,8000,Verified
ATT-000661,BEN-0054,OFF-003,Vocational,2025-03,2025-03-22,2025-03-23 00:00:00,10000,Verified
ATT-002291,BEN-0192,OFF-003,Plus,2026-06,2026-06-23,2026-06-24 00:00:00,8000,Verified
ATT-000504,BEN-0040,OFF-014,Scholarship,2026-01,2026-01-18,2026-01-18 00:00:00,15000,Verified
ATT-001894,BEN-0158,OFF-014,Scholarship,2025-03,2025-03-22,2025-03-23 00:00:00,15000,Verified
ATT-002399,BEN-0200,OFF-011,Vocational,2026-05,2026-05-16,2026-05-17 00:00:00,10000,Verified
ATT-000190,BEN-0016,OFF-008,Vocational,2026-06,2026-06-15,2026-06-15 00:00:00,10000,Verified
ATT-000446,BEN-0036,OFF-012,Plus,2025-08,2025-08-07,2025-08-07 00:00:00,8000,Verified
ATT-002236,BEN-0187,OFF-010,Tech,2026-01,2026-01-08,2026-01-08 00:00:00,12000,Verified
ATT-001279,BEN-0105,OFF-012,Scholarship,2026-02,2026-02-05,2026-02-07 00:00:00,15000,Verified
ATT-000191,BEN-0016,OFF-008,Vocational,2025-12,2025-12-23,2025-12-23 00:00:00,10000,Verified
ATT-001245,BEN-0103,OFF-009,Plus,2025-04,2025-04-28,2025-04-29 00:00:00,8000,Verified
ATT-001956,BEN-0164,OFF-005,Scholarship,2025-07,2025-07-16,2025-07-16 00:00:00,15000,Verified
ATT-001182,BEN-0097,OFF-010,Scholarship,2025-12,2025-12-19,2025-12-19 00:00:00,15000,Verified
ATT-001970,BEN-0165,OFF-008,Tech,2025-09,2025-09-28,2025-09-29 00:00:00,12000,Verified
ATT-002019,BEN-0169,OFF-008,Vocational,2025-09,2025-09-23,2025-09-24 00:00:00,10000,Verified
ATT-001784,BEN-0149,OFF-005,Vocational,2026-05,2026-05-08,2026-05-10 00:00:00,10000,Verified
ATT-001815,BEN-0151,OFF-013,Vocational,2026-05,2026-05-05,2026-05-07 00:00:00,10000,Verified
ATT-000070,BEN-0006,OFF-012,Vocational,2026-05,2026-05-09,2026-05-09 00:00:00,10000,Verified
ATT-001219,BEN-0100,OFF-001,Plus,2025-08,2025-08-21,2025-08-21 00:00:00,8000,Verified
ATT-001075,BEN-0088,OFF-002,Scholarship,2025-06,2025-06-18,2025-06-19 00:00:00,15000,Verified
ATT-000085,BEN-0007,OFF-015,Vocational,2026-01,2026-01-12,2026-01-14 00:00:00,10000,Verified
ATT-001012,BEN-0083,OFF-001,Plus,2026-01,2026-01-12,2026-01-14 00:00:00,8000,Verified
ATT-000635,BEN-0051,OFF-010,Vocational,2026-06,2026-06-14,2026-06-16 00:00:00,10000,Verified
ATT-001018,BEN-0084,OFF-008,Scholarship,2025-07,2025-07-23,2025-07-25 00:00:00,15000,Verified
ATT-002086,BEN-0175,OFF-002,Vocational,2026-01,2026-01-23,2026-01-23 00:00:00,10000,Verified
ATT-000548,BEN-0043,OFF-008,Scholarship,2025-03,2025-03-07,2025-03-08 00:00:00,15000,Verified
ATT-001466,BEN-0121,OFF-013,Plus,2025-04,2025-04-26,2025-04-27 00:00:00,8000,Verified
ATT-001250,BEN-0103,OFF-009,Plus,2026-01,2026-01-15,2026-01-15 00:00:00,8000,Verified
ATT-001619,BEN-0133,OFF-007,Scholarship,2026-05,17/05/2026,2026-05-18 00:00:00,15000,Verified
ATT-001061,BEN-0087,OFF-014,Plus,2025-04,2025-04-18,2025-04-20 00:00:00,8000,Verified
ATT-001984,BEN-0167,OFF-013,Plus,2025-03,2025-03-18,2025-03-20 00:00:00,8000,Verified
ATT-001651,BEN-0137,OFF-002,Vocational,2026-02,2026-02-14,2026-02-14 00:00:00,10000,Verified
ATT-002072,BEN-0174,OFF-002,Plus,2025-08,2025-08-20,2025-08-20 00:00:00,8000,Verified
ATT-001719,BEN-0143,OFF-012,Scholarship,2025-05,2025-05-22,2025-05-22 00:00:00,15000,Verified
ATT-002252,BEN-0189,OFF-002,Tech,2026-04,2026-04-11,2026-04-12 00:00:00,12000,Verified
ATT-001469,BEN-0122,OFF-005,Vocational,2025-05,2025-05-03,2025-05-05 00:00:00,10000,Verified
ATT-001080,BEN-0089,OFF-009,Vocational,2025-11,2025-11-15,2025-11-16 00:00:00,10000,Verified
ATT-000169,BEN-0014,OFF-013,Scholarship,2025-08,2025-08-17,2025-08-17 00:00:00,15000,Verified
ATT-000614,BEN-0049,OFF-008,Scholarship,2026-01,2026-01-14,2026-01-15 00:00:00,15000,Verified
ATT-000890,BEN-0074,OFF-010,Scholarship,2025-08,2025-08-14,2025-08-15 00:00:00,15000,Verified
ATT-001451,BEN-0119,OFF-010,Scholarship,2025-05,05/05/2025,2025-05-05 00:00:00,15000,Verified
ATT-001880,BEN-0157,OFF-012,Plus,2025-10,2025-10-20,2025-10-22 00:00:00,8000,Verified
ATT-001955,BEN-0164,OFF-005,Scholarship,2025-10,2025-10-05,2025-10-07 00:00:00,15000,Verified
ATT-000490,BEN-0039,OFF-006,Vocational,2026-06,2026-06-03,2026-06-05 00:00:00,10000,Verified
ATT-001869,BEN-0156,OFF-010,Scholarship,2026-04,2026-04-09,2026-04-11 00:00:00,15000,Verified
ATT-002204,BEN-0185,OFF-013,Tech,2025-07,2025-07-14,2025-07-14 00:00:00,12000,Verified
ATT-000920,BEN-0076,OFF-015,Vocational,2025-10,2025-10-22,2025-10-23 00:00:00,10000,Verified
ATT-000759,BEN-0063,OFF-007,Tech,2025-10,2025-10-11,2025-10-11 00:00:00,12000,Verified
ATT-000344,BEN-0028,OFF-004,Vocational,2025-02,23/02/2025,2025-02-24 00:00:00,10000,Verified
ATT-001303,BEN-0107,OFF-002,Plus,2025-06,2025-06-22,2025-06-24 00:00:00,8000,Verified
ATT-002131,BEN-0180,OFF-010,Scholarship,2026-01,2026-01-22,2026-01-24 00:00:00,15000,Verified
ATT-001882,BEN-0157,OFF-012,Plus,2026-06,2026-06-27,2026-06-27 00:00:00,8000,Verified
ATT-002041,BEN-0171,OFF-004,Plus,2025-02,2025-02-06,2025-02-07 00:00:00,8000,Verified
ATT-002347,BEN-0196,OFF-004,Vocational,2026-04,2026-04-19,2026-04-21 00:00:00,10000,Verified
ATT-000220,BEN-0018,OFF-008,Tech,2025-12,2025-12-24,2025-12-25 00:00:00,12000,Verified
ATT-002141,BEN-0180,OFF-010,Scholarship,2025-11,2025-11-24,2025-11-24 00:00:00,15000,Verified
ATT-000758,BEN-0063,OFF-007,Tech,2025-12,2025-12-11,2025-12-12 00:00:00,12000,Verified
ATT-001006,BEN-0083,OFF-001,Plus,2025-03,20/03/2025,2025-03-21 00:00:00,8000,Verified
ATT-001960,BEN-0165,OFF-008,Tech,2026-05,2026-05-12,2026-05-13 00:00:00,12000,Verified
ATT-001085,BEN-0089,OFF-009,Vocational,2025-09,2025-09-10,2025-09-12 00:00:00,10000,Verified
ATT-000808,BEN-0068,OFF-006,Tech,2025-01,2025-01-28,2025-01-30 00:00:00,12000,Verified
ATT-001184,BEN-0098,OFF-015,Vocational,2026-02,2026-02-25,2026-02-26 00:00:00,10000,Verified
ATT-000025,BEN-0003,OFF-005,Tech,2026-04,2026-04-03,2026-04-03 00:00:00,12000,Verified
ATT-002051,BEN-0172,OFF-012,Plus,2025-02,2025-02-20,2025-02-22 00:00:00,8000,Verified
ATT-001667,BEN-0138,OFF-009,Scholarship,2025-05,2025-05-09,2025-05-11 00:00:00,15000,Verified
ATT-000680,BEN-0055,OFF-015,Tech,2025-02,2025-02-07,2025-02-09 00:00:00,12000,Verified
ATT-000865,BEN-0071,OFF-005,Plus,2025-08,2025-08-13,2025-08-15 00:00:00,8000,Verified
ATT-000667,BEN-0054,OFF-003,Vocational,2026-06,2026-06-14,2026-06-14 00:00:00,10000,Verified
ATT-001857,BEN-0155,OFF-004,Vocational,2026-02,2026-02-22,2026-02-24 00:00:00,10000,Verified
ATT-000482,BEN-0039,OFF-006,Vocational,2026-03,2026-03-26,2026-03-27 00:00:00,10000,Verified
ATT-001793,BEN-0149,OFF-005,Vocational,2025-08,2025-08-05,2025-08-07 00:00:00,10000,Verified
ATT-000580,BEN-0046,OFF-012,Tech,2025-02,25/02/2025,2025-02-25 00:00:00,12000,Verified
ATT-001036,BEN-0085,OFF-012,Scholarship,2025-07,2025-07-01,2025-07-03 00:00:00,15000,Verified
ATT-002192,BEN-0184,OFF-003,Tech,2026-03,2026-03-12,2026-03-12 00:00:00,12000,Verified
ATT-001440,BEN-0118,OFF-006,Scholarship,2025-12,,2025-12-18 00:00:00,15000,Verified
ATT-001858,BEN-0155,OFF-004,Vocational,2025-10,2025-10-22,2025-10-22 00:00:00,10000,Verified
ATT-001362,BEN-0112,OFF-007,Scholarship,2025-04,2025-04-03,2025-04-05 00:00:00,15000,Verified
ATT-001157,BEN-0095,OFF-011,Tech,2025-10,2025-10-08,2025-10-08 00:00:00,12000,Verified
ATT-001674,BEN-0138,OFF-009,Scholarship,2025-01,2025-01-06,2025-01-08 00:00:00,15000,Verified
ATT-000652,BEN-0053,OFF-001,Plus,2026-02,2026-02-09,2026-02-09 00:00:00,8000,Verified
ATT-001268,BEN-0104,OFF-007,Plus,2025-08,2025-08-20,2025-08-21 00:00:00,8000,Verified
ATT-000646,BEN-0052,OFF-006,Vocational,2025-10,2025-10-09,2025-10-10 00:00:00,10000,Verified
ATT-000787,BEN-0066,OFF-007,Vocational,2025-09,2025-09-08,2025-09-10 00:00:00,10000,Verified
ATT-001687,BEN-0140,OFF-015,Plus,2025-09,2025-09-12,2025-09-13 00:00:00,8000,Verified
ATT-001332,BEN-0109,OFF-006,Tech,2025-05,2025-05-03,2025-05-03 00:00:00,12000,Verified
ATT-000172,BEN-0014,OFF-013,Scholarship,2025-06,2025-06-07,2025-06-08 00:00:00,15000,Verified
ATT-000384,BEN-0031,OFF-008,Vocational,2025-04,2025-04-18,2025-04-20 00:00:00,10000,Verified
ATT-000049,BEN-0004,OFF-001,Plus,2026-04,2026-04-20,2026-04-21 00:00:00,8000,Verified
ATT-000456,BEN-0037,OFF-007,Plus,2025-07,2025-07-08,2025-07-09 00:00:00,8000,Verified
ATT-000520,BEN-0042,OFF-004,Vocational,2025-01,2025-01-11,2025-01-13 00:00:00,10000,Verified
ATT-001404,BEN-0116,OFF-002,Plus,2025-02,2025-02-14,2025-02-14 00:00:00,8000,Verified
ATT-001787,BEN-0149,OFF-005,Vocational,2026-04,2026-04-19,2026-04-19 00:00:00,10000,Verified
ATT-001068,BEN-0087,OFF-014,Plus,2025-12,2025-12-03,2025-12-04 00:00:00,8000,Verified
ATT-000292,BEN-0024,OFF-014,Plus,2026-01,2026-01-09,2026-01-09 00:00:00,8000,Verified
ATT-002362,BEN-0197,OFF-006,Plus,2026-01,2026-01-12,2026-01-12 00:00:00,8000,Verified
ATT-002062,BEN-0173,OFF-003,Tech,2025-11,2025-11-17,2025-11-17 00:00:00,12000,Verified
ATT-000329,BEN-0026,OFF-007,Tech,2026-05,2026-05-19,2026-05-21 00:00:00,12000,Verified
ATT-002365,BEN-0197,OFF-006,Plus,2025-11,2025-11-15,2025-11-17 00:00:00,8000,Verified
ATT-002235,BEN-0187,OFF-010,Tech,2025-10,2025-10-03,2025-10-03 00:00:00,12000,Verified
ATT-000134,BEN-0011,OFF-001,Plus,2026-01,2026-01-27,2026-01-29 00:00:00,8000,Verified
ATT-000063,BEN-0005,OFF-004,Scholarship,2025-10,2025-10-08,2025-10-09 00:00:00,15000,Verified
ATT-001307,BEN-0107,OFF-002,Plus,2025-03,2025-03-06,2025-03-06 00:00:00,8000,Verified
ATT-001892,BEN-0158,OFF-014,Scholarship,2025-09,2025-09-01,2025-09-01 00:00:00,15000,Verified
ATT-001983,BEN-0167,OFF-013,Plus,2025-11,2025-11-24,2025-11-25 00:00:00,8000,Verified
ATT-000781,BEN-0065,OFF-002,Plus,2025-04,2025-04-07,2025-04-09 00:00:00,8000,Verified
ATT-002249,BEN-0189,OFF-002,Tech,2026-03,2026-03-23,2026-03-25 00:00:00,12000,Verified
ATT-001388,BEN-0114,OFF-006,Scholarship,2025-03,2025-03-12,2025-03-12 00:00:00,15000,Verified
ATT-002281,BEN-0191,OFF-012,Vocational,2026-04,2026-04-16,2026-04-18 00:00:00,10000,Verified
ATT-001318,BEN-0109,OFF-006,Tech,2025-01,2025-01-04,2025-01-05 00:00:00,12000,Verified
ATT-000266,BEN-0022,OFF-008,Scholarship,2025-08,2025-08-04,2025-08-06 00:00:00,15000,Verified
ATT-001935,BEN-0162,OFF-011,Scholarship,2025-08,2025-08-19,2025-08-19 00:00:00,15000,Verified
ATT-000763,BEN-0064,OFF-001,Tech,2026-06,2026-06-03,2026-06-03 00:00:00,12000,Verified
ATT-000076,BEN-0007,OFF-015,Vocational,2025-12,2025-12-20,2025-12-21 00:00:00,10000,Verified
ATT-000272,BEN-0022,OFF-008,Scholarship,2026-02,2026-02-03,2026-02-03 00:00:00,15000,Verified
ATT-000572,BEN-0045,OFF-014,Scholarship,2026-04,2026-04-12,2026-04-13 00:00:00,15000,Verified
ATT-001525,BEN-0126,OFF-013,Vocational,2026-01,2026-01-07,2026-01-07 00:00:00,10000,Verified
ATT-000515,BEN-0041,OFF-007,Plus,2026-01,2026-01-01,2026-01-03 00:00:00,8000,Verified
ATT-001864,BEN-0156,OFF-010,Scholarship,2025-10,2025-10-24,2025-10-25 00:00:00,15000,Verified
ATT-001700,BEN-0141,OFF-010,Plus,2025-06,2025-06-27,2025-06-28 00:00:00,8000,Verified
ATT-000143,BEN-0011,OFF-001,Plus,2025-10,08/10/2025,2025-10-10 00:00:00,8000,Verified
ATT-000228,BEN-0019,OFF-001,Plus,2026-03,2026-03-20,2026-03-22 00:00:00,8000,Verified
ATT-001291,BEN-0106,OFF-007,Scholarship,2025-02,2025-02-06,2025-02-08 00:00:00,15000,Verified
ATT-002304,BEN-0193,OFF-010,Tech,2025-10,2025-10-13,2025-10-14 00:00:00,12000,Verified
ATT-001276,BEN-0105,OFF-012,Scholarship,2026-05,06/05/2026,2026-05-07 00:00:00,15000,Verified
ATT-001042,BEN-0085,OFF-012,Scholarship,2025-11,2025-11-15,2025-11-17 00:00:00,15000,Verified
ATT-001124,BEN-0092,OFF-008,Scholarship,2025-04,2025-04-03,2025-04-05 00:00:00,15000,Verified
ATT-001513,BEN-0125,OFF-014,Vocational,2026-02,2026-02-06,2026-02-06 00:00:00,10000,Verified
ATT-001242,BEN-0102,OFF-013,Plus,2026-05,2026-05-04,2026-05-06 00:00:00,8000,Verified
ATT-001827,BEN-0152,OFF-007,Vocational,2026-03,2026-03-13,2026-03-13 00:00:00,10000,Verified
ATT-002158,BEN-0181,OFF-013,Tech,2025-01,2025-01-28,2025-01-30 00:00:00,12000,Verified
ATT-000696,BEN-0057,OFF-012,Tech,2026-04,2026-04-18,2026-04-20 00:00:00,12000,Verified
ATT-001742,BEN-0145,OFF-001,Vocational,2026-06,2026-06-26,2026-06-28 00:00:00,10000,Verified
ATT-001241,BEN-0102,OFF-013,Plus,2025-10,2025-10-28,2025-10-30 00:00:00,8000,Verified
ATT-001399,BEN-0116,OFF-002,Plus,2025-04,02/04/2025,2025-04-04 00:00:00,8000,Verified
ATT-001288,BEN-0106,OFF-007,Scholarship,2025-03,2025-03-06,2025-03-06 00:00:00,15000,Verified
ATT-001048,BEN-0086,OFF-004,Plus,2025-10,2025-10-24,2025-10-26 00:00:00,8000,Verified
ATT-000397,BEN-0032,OFF-005,Vocational,2026-06,,2026-06-07 00:00:00,10000,Verified
ATT-000284,BEN-0023,OFF-002,Plus,2025-10,2025-10-05,2025-10-07 00:00:00,8000,Verified
ATT-001839,BEN-0153,OFF-010,Vocational,2026-06,2026-06-03,2026-06-05 00:00:00,10000,Verified
ATT-002334,BEN-0195,OFF-002,Scholarship,2025-02,2025-02-05,2025-02-07 00:00:00,15000,Verified
ATT-000096,BEN-0008,OFF-015,Plus,2025-11,2025-11-13,2025-11-13 00:00:00,8000,Verified
ATT-001110,BEN-0091,OFF-003,Tech,2026-04,2026-04-24,2026-04-24 00:00:00,12000,Verified
ATT-000195,BEN-0016,OFF-008,Vocational,2025-11,2025-11-17,2025-11-17 00:00:00,10000,Verified
ATT-001766,BEN-0147,OFF-010,Vocational,2025-06,2025-06-27,2025-06-27 00:00:00,10000,Verified
ATT-000339,BEN-0027,OFF-004,Plus,2025-12,2025-12-15,2025-12-15 00:00:00,8000,Verified
ATT-001702,BEN-0141,OFF-010,Plus,2025-03,2025-03-06,2025-03-08 00:00:00,8000,Verified
ATT-000077,BEN-0007,OFF-015,Vocational,2025-03,2025-03-14,2025-03-15 00:00:00,10000,Verified
ATT-000859,BEN-0071,OFF-005,Plus,2025-10,2025-10-24,2025-10-25 00:00:00,8000,Verified
ATT-000794,BEN-0067,OFF-015,Scholarship,2025-09,2025-09-15,2025-09-17 00:00:00,15000,Verified
ATT-000989,BEN-0082,OFF-014,Vocational,2025-10,2025-10-08,2025-10-09 00:00:00,10000,Verified
ATT-001841,BEN-0154,OFF-005,Plus,2026-02,2026-02-03,2026-02-03 00:00:00,8000,Verified
ATT-000494,BEN-0039,OFF-006,Vocational,2025-02,01/02/2025,2025-02-01 00:00:00,10000,Verified
ATT-000072,BEN-0006,OFF-012,Vocational,2026-04,2026-04-25,2026-04-26 00:00:00,10000,Verified
ATT-001240,BEN-0102,OFF-013,Plus,2025-12,2025-12-04,2025-12-04 00:00:00,8000,Verified
ATT-001808,BEN-0150,OFF-010,Vocational,2026-04,2026-04-15,2026-04-15 00:00:00,10000,Verified
ATT-000365,BEN-0030,OFF-011,Scholarship,2025-06,2025-06-28,2025-06-30 00:00:00,15000,Verified
ATT-001971,BEN-0166,OFF-001,Plus,2025-02,2025-02-09,2025-02-10 00:00:00,8000,Verified
ATT-000376,BEN-0030,OFF-011,Scholarship,2025-11,2025-11-25,2025-11-25 00:00:00,15000,Verified
ATT-002045,BEN-0171,OFF-004,Plus,2025-04,2025-04-07,2025-04-08 00:00:00,8000,Verified
ATT-000636,BEN-0052,OFF-006,Vocational,2026-06,2026-06-11,2026-06-13 00:00:00,10000,Verified
ATT-001883,BEN-0157,OFF-012,Plus,2026-04,2026-04-09,2026-04-09 00:00:00,8000,Verified
ATT-000255,BEN-0021,OFF-004,Vocational,2026-02,2026-02-25,2026-02-26 00:00:00,10000,Verified
ATT-001014,BEN-0083,OFF-001,Plus,2026-03,2026-03-04,2026-03-06 00:00:00,8000,Verified
ATT-001176,BEN-0097,OFF-010,Scholarship,2026-05,2026-05-02,2026-05-04 00:00:00,15000,Verified
ATT-000642,BEN-0052,OFF-006,Vocational,2025-04,2025-04-11,2025-04-12 00:00:00,10000,Verified
ATT-000778,BEN-0065,OFF-002,Plus,2026-04,2026-04-13,2026-04-15 00:00:00,8000,Verified
ATT-002378,BEN-0199,OFF-012,Tech,2025-06,2025-06-23,2025-06-24 00:00:00,12000,Verified
ATT-000231,BEN-0019,OFF-001,Plus,2025-06,2025-06-13,2025-06-14 00:00:00,8000,Verified
ATT-001056,BEN-0086,OFF-004,Plus,2025-05,2025-05-16,2025-05-18 00:00:00,8000,Verified
ATT-000401,BEN-0032,OFF-005,Vocational,2025-09,2025-09-19,2025-09-21 00:00:00,10000,Verified
ATT-000263,BEN-0022,OFF-008,Scholarship,2025-04,2025-04-13,2025-04-15 00:00:00,15000,Verified
ATT-001072,BEN-0088,OFF-002,Scholarship,2025-02,,2025-02-19 00:00:00,15000,Verified
ATT-001878,BEN-0157,OFF-012,Plus,2025-11,2025-11-03,2025-11-03 00:00:00,8000,Verified
ATT-001771,BEN-0148,OFF-012,Plus,2025-10,2025-10-19,2025-10-21 00:00:00,8000,Verified
ATT-002305,BEN-0193,OFF-010,Tech,2026-02,2026-02-28,2026-03-02 00:00:00,12000,Verified
ATT-002061,BEN-0173,OFF-003,Tech,2026-02,05/02/2026,2026-02-06 00:00:00,12000,Verified
ATT-001543,BEN-0127,OFF-012,Vocational,2025-03,2025-03-04,2025-03-06 00:00:00,10000,Verified
ATT-001532,BEN-0126,OFF-013,Vocational,2025-12,2025-12-07,2025-12-07 00:00:00,10000,Verified
ATT-002076,BEN-0174,OFF-002,Plus,2026-05,2026-05-22,2026-05-24 00:00:00,8000,Verified
ATT-001266,BEN-0104,OFF-007,Plus,2026-03,2026-03-17,2026-03-18 00:00:00,8000,Verified
ATT-000663,BEN-0054,OFF-003,Vocational,2025-05,2025-05-23,2025-05-23 00:00:00,10000,Verified
ATT-001465,BEN-0121,OFF-013,Plus,2025-11,2025-11-04,2025-11-05 00:00:00,8000,Verified
ATT-000004,BEN-0001,OFF-008,Tech,2025-01,2025-01-23,2025-01-23 00:00:00,12000,Verified
ATT-001854,BEN-0155,OFF-004,Vocational,2025-08,2025-08-27,2025-08-28 00:00:00,10000,Verified
ATT-000534,BEN-0042,OFF-004,Vocational,2025-10,2025-10-03,2025-10-05 00:00:00,10000,Verified
ATT-001265,BEN-0104,OFF-007,Plus,2026-04,2026-04-26,2026-04-28 00:00:00,8000,Verified
ATT-001941,BEN-0163,OFF-006,Scholarship,2025-04,2025-04-04,2025-04-04 00:00:00,15000,Verified
ATT-001852,BEN-0155,OFF-004,Vocational,2025-12,2025-12-10,2025-12-11 00:00:00,10000,Verified
ATT-002301,BEN-0193,OFF-010,Tech,2025-09,2025-09-15,2025-09-17 00:00:00,12000,Verified
ATT-000288,BEN-0023,OFF-002,Plus,2026-02,2026-02-11,2026-02-11 00:00:00,8000,Verified
ATT-001326,BEN-0109,OFF-006,Tech,2025-06,2025-06-28,2025-06-28 00:00:00,12000,Verified
ATT-002360,BEN-0197,OFF-006,Plus,2025-09,06/09/2025,2025-09-06 00:00:00,8000,Verified
ATT-001572,BEN-0130,OFF-002,Vocational,2025-11,2025-11-04,2025-11-06 00:00:00,10000,Verified
ATT-000341,BEN-0027,OFF-004,Plus,2025-02,2025-02-10,2025-02-11 00:00:00,8000,Verified
ATT-000281,BEN-0023,OFF-002,Plus,2025-12,2025-12-20,2025-12-20 00:00:00,8000,Verified
ATT-000564,BEN-0045,OFF-014,Scholarship,2025-11,2025-11-25,2025-11-27 00:00:00,15000,Verified
ATT-001441,BEN-0118,OFF-006,Scholarship,2025-03,2025-03-10,2025-03-11 00:00:00,15000,Verified
ATT-000173,BEN-0015,OFF-012,Vocational,2025-06,2025-06-25,2025-06-26 00:00:00,10000,Verified
ATT-001483,BEN-0123,OFF-012,Tech,2026-04,2026-04-13,2026-04-14 00:00:00,12000,Verified
ATT-000587,BEN-0047,OFF-008,Scholarship,2025-02,2025-02-10,2025-02-10 00:00:00,15000,Verified
ATT-001744,BEN-0145,OFF-001,Vocational,2025-03,2025-03-08,2025-03-09 00:00:00,10000,Verified
ATT-001422,BEN-0117,OFF-005,Vocational,2025-12,2025-12-04,2025-12-06 00:00:00,10000,Verified
ATT-002110,BEN-0177,OFF-002,Scholarship,2026-02,2026-02-02,2026-02-03 00:00:00,15000,Verified
ATT-001790,BEN-0149,OFF-005,Vocational,2025-04,2025-04-27,2025-04-29 00:00:00,10000,Verified
ATT-000590,BEN-0047,OFF-008,Scholarship,2025-07,2025-07-08,2025-07-08 00:00:00,15000,Verified
ATT-002174,BEN-0182,OFF-004,Plus,2025-10,2025-10-02,2025-10-04 00:00:00,8000,Verified
ATT-002237,BEN-0188,OFF-005,Scholarship,2026-03,2026-03-13,2026-03-13 00:00:00,15000,Verified
ATT-002284,BEN-0191,OFF-012,Vocational,2025-01,2025-01-02,2025-01-04 00:00:00,10000,Verified
ATT-000048,BEN-0004,OFF-001,Plus,2025-10,,2025-10-10 00:00:00,8000,Verified
ATT-001106,BEN-0091,OFF-003,Tech,2025-01,2025-01-11,2025-01-11 00:00:00,12000,Verified
ATT-001479,BEN-0122,OFF-005,Vocational,2025-09,2025-09-06,2025-09-07 00:00:00,10000,Verified
ATT-001287,BEN-0106,OFF-007,Scholarship,2025-05,2025-05-04,2025-05-04 00:00:00,15000,Verified
ATT-000536,BEN-0042,OFF-004,Vocational,2026-05,2026-05-24,2026-05-24 00:00:00,10000,Verified
ATT-000907,BEN-0075,OFF-012,Scholarship,2026-01,2026-01-17,2026-01-17 00:00:00,15000,Verified
ATT-000666,BEN-0054,OFF-003,Vocational,2026-02,05/02/2026,2026-02-05 00:00:00,10000,Verified
ATT-001599,BEN-0132,OFF-009,Scholarship,2026-05,2026-05-04,2026-05-05 00:00:00,15000,Verified
ATT-000774,BEN-0064,OFF-001,Tech,2026-02,2026-02-08,2026-02-09 00:00:00,12000,Verified
ATT-002162,BEN-0181,OFF-013,Tech,2026-06,27/06/2026,2026-06-28 00:00:00,12000,Verified
ATT-002172,BEN-0182,OFF-004,Plus,2025-09,2025-09-04,2025-09-04 00:00:00,8000,Verified
ATT-000309,BEN-0025,OFF-009,Plus,2025-05,2025-05-03,2025-05-04 00:00:00,8000,Verified
ATT-000919,BEN-0076,OFF-015,Vocational,2025-12,2025-12-02,2025-12-04 00:00:00,10000,Verified
ATT-001334,BEN-0109,OFF-006,Tech,2026-01,2026-01-28,2026-01-29 00:00:00,12000,Verified
ATT-001263,BEN-0104,OFF-007,Plus,2025-07,2025-07-13,2025-07-15 00:00:00,8000,Verified
ATT-001598,BEN-0132,OFF-009,Scholarship,2026-03,2026-03-28,2026-03-29 00:00:00,15000,Verified
ATT-001425,BEN-0117,OFF-005,Vocational,2026-04,2026-04-26,2026-04-27 00:00:00,10000,Verified
ATT-001510,BEN-0125,OFF-014,Vocational,2025-08,2025-08-28,2025-08-28 00:00:00,10000,Verified
ATT-000569,BEN-0045,OFF-014,Scholarship,2026-03,2026-03-06,2026-03-06 00:00:00,15000,Verified
ATT-002070,BEN-0174,OFF-002,Plus,2026-03,2026-03-07,2026-03-08 00:00:00,8000,Verified
ATT-000429,BEN-0035,OFF-008,Plus,2025-01,2025-01-04,2025-01-05 00:00:00,8000,Verified
ATT-000852,BEN-0071,OFF-005,Plus,2026-02,2026-02-07,2026-02-08 00:00:00,8000,Verified
ATT-001739,BEN-0145,OFF-001,Vocational,2026-03,2026-03-21,2026-03-21 00:00:00,10000,Verified
ATT-002259,BEN-0190,OFF-004,Plus,2025-09,2025-09-17,2025-09-19 00:00:00,8000,Verified
ATT-000938,BEN-0077,OFF-003,Scholarship,2025-08,2025-08-10,2025-08-11 00:00:00,15000,Verified
ATT-001470,BEN-0122,OFF-005,Vocational,2026-01,2026-01-23,2026-01-23 00:00:00,10000,Verified
ATT-001164,BEN-0096,OFF-005,Plus,2025-06,2025-06-11,2025-06-13 00:00:00,8000,Verified
ATT-000440,BEN-0035,OFF-008,Plus,2025-08,2025-08-18,2025-08-20 00:00:00,8000,Verified
ATT-000723,BEN-0060,OFF-012,Plus,2025-04,2025-04-01,2025-04-03 00:00:00,8000,Verified
ATT-000897,BEN-0074,OFF-010,Scholarship,2025-05,2025-05-28,2025-05-28 00:00:00,15000,Verified
ATT-001121,BEN-0092,OFF-008,Scholarship,2025-09,2025-09-20,2025-09-21 00:00:00,15000,Verified
ATT-002367,BEN-0198,OFF-011,Vocational,2026-05,2026-05-19,2026-05-21 00:00:00,10000,Verified
ATT-000916,BEN-0076,OFF-015,Vocational,2026-04,2026-04-09,2026-04-10 00:00:00,10000,Verified
ATT-001353,BEN-0112,OFF-007,Scholarship,2026-01,2026-01-14,2026-01-16 00:00:00,15000,Verified
ATT-001763,BEN-0147,OFF-010,Vocational,2025-08,2025-08-06,2025-08-06 00:00:00,10000,Verified
ATT-002246,BEN-0188,OFF-005,Scholarship,2025-08,2025-08-05,2025-08-05 00:00:00,15000,Verified
ATT-000415,BEN-0033,OFF-001,Plus,2025-03,2025-03-28,2025-03-29 00:00:00,8000,Verified
ATT-002277,BEN-0191,OFF-012,Vocational,2025-09,,2025-09-26 00:00:00,10000,Verified
ATT-001563,BEN-0129,OFF-003,Tech,2026-05,2026-05-01,2026-05-02 00:00:00,12000,Verified
ATT-000431,BEN-0035,OFF-008,Plus,2025-02,2025-02-23,2025-02-23 00:00:00,8000,Verified
ATT-000018,BEN-0002,OFF-009,Scholarship,2025-09,2025-09-05,2025-09-06 00:00:00,15000,Verified
ATT-001772,BEN-0148,OFF-012,Plus,2025-07,2025-07-11,2025-07-11 00:00:00,8000,Verified
ATT-001534,BEN-0126,OFF-013,Vocational,2026-02,2026-02-09,2026-02-10 00:00:00,10000,Verified
ATT-000375,BEN-0030,OFF-011,Scholarship,2026-03,2026-03-08,2026-03-10 00:00:00,15000,Verified
ATT-000686,BEN-0056,OFF-005,Plus,2025-02,21/02/2025,2025-02-23 00:00:00,8000,Verified
ATT-001672,BEN-0138,OFF-009,Scholarship,2026-04,2026-04-12,2026-04-12 00:00:00,15000,Verified
ATT-000371,BEN-0030,OFF-011,Scholarship,2026-01,2026-01-05,2026-01-06 00:00:00,15000,Verified
ATT-000298,BEN-0024,OFF-014,Plus,2026-06,2026-06-11,2026-06-12 00:00:00,8000,Verified
ATT-000312,BEN-0025,OFF-009,Plus,2025-10,2025-10-01,2025-10-02 00:00:00,8000,Verified
ATT-000709,BEN-0059,OFF-013,Vocational,2025-06,2025-06-27,2025-06-27 00:00:00,10000,Verified
ATT-002186,BEN-0183,OFF-014,Scholarship,2026-02,2026-02-21,2026-02-23 00:00:00,15000,Verified
ATT-000730,BEN-0061,OFF-008,Scholarship,2025-12,2025-12-16,2025-12-17 00:00:00,15000,Verified
ATT-002309,BEN-0193,OFF-010,Tech,2026-03,2026-03-04,2026-03-05 00:00:00,12000,Verified
ATT-001776,BEN-0149,OFF-005,Vocational,2025-07,2025-07-14,2025-07-15 00:00:00,10000,Verified
ATT-000910,BEN-0075,OFF-012,Scholarship,2026-05,11/05/2026,2026-05-12 00:00:00,15000,Verified
ATT-000264,BEN-0022,OFF-008,Scholarship,2026-06,2026-06-04,2026-06-04 00:00:00,15000,Verified
ATT-001684,BEN-0140,OFF-015,Plus,2025-06,2025-06-07,2025-06-08 00:00:00,8000,Verified
ATT-000513,BEN-0041,OFF-007,Plus,2025-06,2025-06-09,2025-06-09 00:00:00,8000,Verified
ATT-001638,BEN-0135,OFF-007,Vocational,2025-08,2025-08-17,2025-08-17 00:00:00,10000,Verified
ATT-001516,BEN-0125,OFF-014,Vocational,2025-01,2025-01-01,2025-01-03 00:00:00,10000,Verified
ATT-001486,BEN-0123,OFF-012,Tech,2025-04,2025-04-24,2025-04-26 00:00:00,12000,Verified
ATT-000299,BEN-0024,OFF-014,Plus,2025-01,2025-01-13,2025-01-13 00:00:00,8000,Verified
ATT-000055,BEN-0004,OFF-001,Plus,2026-06,2026-06-04,2026-06-05 00:00:00,8000,Verified
ATT-000289,BEN-0023,OFF-002,Plus,2025-08,2025-08-02,2025-08-02 00:00:00,8000,Verified
ATT-002166,BEN-0182,OFF-004,Plus,2026-01,,2026-01-03 00:00:00,8000,Verified
ATT-001533,BEN-0126,OFF-013,Vocational,2025-01,2025-01-22,2025-01-24 00:00:00,10000,Verified
ATT-000893,BEN-0074,OFF-010,Scholarship,2025-07,2025-07-16,2025-07-16 00:00:00,15000,Verified
ATT-001171,BEN-0096,OFF-005,Plus,2025-11,2025-11-14,2025-11-15 00:00:00,8000,Verified
ATT-001783,BEN-0149,OFF-005,Vocational,2026-01,,2026-01-22 00:00:00,10000,Verified
ATT-001112,BEN-0091,OFF-003,Tech,2025-04,2025-04-14,2025-04-15 00:00:00,12000,Verified
ATT-002265,BEN-0190,OFF-004,Plus,2026-05,2026-05-07,2026-05-07 00:00:00,8000,Verified
ATT-002385,BEN-0199,OFF-012,Tech,2025-08,2025-08-27,2025-08-27 00:00:00,12000,Verified
ATT-002238,BEN-0188,OFF-005,Scholarship,2026-04,25/04/2026,2026-04-26 00:00:00,15000,Verified
ATT-000633,BEN-0051,OFF-010,Vocational,2025-11,2025-11-14,2025-11-15 00:00:00,10000,Verified
ATT-002271,BEN-0190,OFF-004,Plus,2025-05,01/05/2025,2025-05-02 00:00:00,8000,Verified
ATT-000944,BEN-0078,OFF-015,Plus,2025-12,2025-12-21,2025-12-21 00:00:00,8000,Verified
ATT-001373,BEN-0113,OFF-007,Scholarship,2025-11,08/11/2025,2025-11-09 00:00:00,15000,Verified
ATT-001722,BEN-0143,OFF-012,Scholarship,2025-12,2025-12-12,2025-12-14 00:00:00,15000,Verified
ATT-001057,BEN-0086,OFF-004,Plus,2025-11,2025-11-24,2025-11-26 00:00:00,8000,Verified
ATT-001436,BEN-0118,OFF-006,Scholarship,2025-06,2025-06-07,2025-06-07 00:00:00,15000,Verified
ATT-000842,BEN-0070,OFF-008,Scholarship,2025-12,2025-12-27,2025-12-29 00:00:00,15000,Verified
ATT-000262,BEN-0022,OFF-008,Scholarship,2025-09,2025-09-13,2025-09-14 00:00:00,15000,Verified
ATT-000332,BEN-0027,OFF-004,Plus,2026-03,2026-03-23,2026-03-25 00:00:00,8000,Verified
ATT-001991,BEN-0168,OFF-013,Scholarship,2025-02,2025-02-13,2025-02-13 00:00:00,15000,Verified
ATT-001983,BEN-0167,OFF-013,Plus,2025-11,2025-11-24,2025-11-25 00:00:00,8000,Verified
ATT-001612,BEN-0133,OFF-007,Scholarship,2025-01,2025-01-12,2025-01-13 00:00:00,15000,Verified
ATT-001990,BEN-0168,OFF-013,Scholarship,2025-10,2025-10-02,2025-10-04 00:00:00,15000,Verified
ATT-000210,BEN-0018,OFF-008,Tech,2025-10,2025-10-05,2025-10-05 00:00:00,12000,Verified
ATT-001273,BEN-0105,OFF-012,Scholarship,2025-03,26/03/2025,2025-03-26 00:00:00,15000,Verified
ATT-002024,BEN-0170,OFF-006,Plus,2025-03,2025-03-10,2025-03-11 00:00:00,8000,Verified
ATT-001648,BEN-0136,OFF-008,Vocational,2025-07,2025-07-14,2025-07-16 00:00:00,10000,Verified
ATT-000387,BEN-0031,OFF-008,Vocational,2025-06,24/06/2025,2025-06-26 00:00:00,10000,Verified
ATT-001247,BEN-0103,OFF-009,Plus,2025-09,2025-09-23,2025-09-24 00:00:00,8000,Verified
ATT-000592,BEN-0047,OFF-008,Scholarship,2025-09,2025-09-21,2025-09-21 00:00:00,15000,Verified
ATT-001570,BEN-0129,OFF-003,Tech,2025-04,2025-04-01,2025-04-01 00:00:00,12000,Verified
ATT-002386,BEN-0199,OFF-012,Tech,2026-03,2026-03-28,2026-03-29 00:00:00,12000,Verified
ATT-002121,BEN-0178,OFF-005,Plus,2025-09,2025-09-26,2025-09-28 00:00:00,8000,Verified
ATT-001338,BEN-0110,OFF-005,Vocational,2025-02,2025-02-08,2025-02-08 00:00:00,10000,Verified
ATT-002093,BEN-0175,OFF-002,Vocational,2025-09,2025-09-12,2025-09-14 00:00:00,10000,Verified
ATT-001901,BEN-0158,OFF-014,Scholarship,2025-10,2025-10-14,2025-10-16 00:00:00,15000,Verified
ATT-000828,BEN-0069,OFF-015,Tech,2025-12,2025-12-25,2025-12-27 00:00:00,12000,Verified
ATT-000066,BEN-0005,OFF-004,Scholarship,2026-01,24/01/2026,2026-01-26 00:00:00,15000,Verified
ATT-002234,BEN-0187,OFF-010,Tech,2026-04,2026-04-20,2026-04-21 00:00:00,12000,Verified
ATT-000418,BEN-0033,OFF-001,Plus,2025-07,2025-07-20,2025-07-22 00:00:00,8000,Verified
ATT-000660,BEN-0054,OFF-003,Vocational,2025-10,2025-10-19,2025-10-19 00:00:00,10000,Verified
ATT-000669,BEN-0054,OFF-003,Vocational,2026-05,2026-05-09,2026-05-11 00:00:00,10000,Verified
ATT-001686,BEN-0140,OFF-015,Plus,2025-08,2025-08-15,2025-08-17 00:00:00,8000,Verified
ATT-001246,BEN-0103,OFF-009,Plus,2025-07,2025-07-06,2025-07-07 00:00:00,8000,Verified
ATT-001928,BEN-0161,OFF-007,Scholarship,2025-01,2025-01-11,2025-01-12 00:00:00,15000,Verified
ATT-001683,BEN-0140,OFF-015,Plus,2026-01,2026-01-06,2026-01-07 00:00:00,8000,Verified
ATT-001159,BEN-0096,OFF-005,Plus,2025-03,2025-03-11,2025-03-12 00:00:00,8000,Verified
ATT-001636,BEN-0135,OFF-007,Vocational,2025-09,2025-09-20,2025-09-22 00:00:00,10000,Verified
ATT-001581,BEN-0130,OFF-002,Vocational,2026-03,2026-03-24,2026-03-26 00:00:00,10000,Verified
ATT-000896,BEN-0074,OFF-010,Scholarship,2025-02,2025-02-03,2025-02-03 00:00:00,15000,Verified
ATT-001452,BEN-0120,OFF-015,Plus,2025-05,2025-05-08,2025-05-08 00:00:00,8000,Verified
ATT-000625,BEN-0050,OFF-009,Scholarship,2026-06,2026-06-25,2026-06-26 00:00:00,15000,Verified
ATT-002221,BEN-0186,OFF-011,Vocational,2025-07,2025-07-27,2025-07-29 00:00:00,10000,Verified
ATT-002369,BEN-0198,OFF-011,Vocational,2025-01,2025-01-06,2025-01-08 00:00:00,10000,Verified
ATT-000346,BEN-0028,OFF-004,Vocational,2025-12,2025-12-13,2025-12-15 00:00:00,10000,Verified
ATT-002359,BEN-0197,OFF-006,Plus,2026-02,2026-02-17,2026-02-19 00:00:00,8000,Verified
ATT-000735,BEN-0061,OFF-008,Scholarship,2025-11,2025-11-12,2025-11-13 00:00:00,15000,Verified
ATT-001255,BEN-0103,OFF-009,Plus,2026-02,2026-02-22,2026-02-22 00:00:00,8000,Verified
ATT-001010,BEN-0083,OFF-001,Plus,2026-06,2026-06-11,2026-06-11 00:00:00,8000,Verified
ATT-000915,BEN-0076,OFF-015,Vocational,2025-05,2025-05-21,2025-05-22 00:00:00,10000,Verified
ATT-000668,BEN-0054,OFF-003,Vocational,2025-08,2025-08-17,2025-08-17 00:00:00,10000,Verified
ATT-002031,BEN-0170,OFF-006,Plus,2025-11,2025-11-07,2025-11-08 00:00:00,8000,Verified
ATT-001210,BEN-0100,OFF-001,Plus,2026-03,2026-03-01,2026-03-01 00:00:00,8000,Verified
ATT-001582,BEN-0130,OFF-002,Vocational,2026-05,18/05/2026,2026-05-18 00:00:00,10000,Verified
ATT-000403,BEN-0032,OFF-005,Vocational,2025-11,2025-11-27,2025-11-27 00:00:00,10000,Verified
ATT-002283,BEN-0191,OFF-012,Vocational,2025-04,2025-04-18,2025-04-19 00:00:00,10000,Verified
ATT-002108,BEN-0177,OFF-002,Scholarship,2025-02,2025-02-24,2025-02-26 00:00:00,15000,Verified
ATT-002037,BEN-0170,OFF-006,Plus,2026-02,2026-02-08,2026-02-08 00:00:00,8000,Verified
ATT-000274,BEN-0022,OFF-008,Scholarship,2025-01,09/01/2025,2025-01-10 00:00:00,15000,Verified
ATT-000514,BEN-0041,OFF-007,Plus,2026-02,2026-02-12,2026-02-12 00:00:00,8000,Verified
ATT-001893,BEN-0158,OFF-014,Scholarship,2025-11,2025-11-05,2025-11-06 00:00:00,15000,Verified
ATT-000647,BEN-0052,OFF-006,Vocational,2025-01,2025-01-26,2025-01-27 00:00:00,10000,Verified
ATT-001103,BEN-0091,OFF-003,Tech,2025-10,2025-10-18,2025-10-19 00:00:00,12000,Verified
ATT-002231,BEN-0187,OFF-010,Tech,2025-06,2025-06-11,2025-06-12 00:00:00,12000,Verified
ATT-000043,BEN-0004,OFF-001,Plus,2025-03,2025-03-23,2025-03-24 00:00:00,8000,Verified
ATT-001149,BEN-0095,OFF-011,Tech,2026-01,2026-01-14,2026-01-14 00:00:00,12000,Verified
ATT-001088,BEN-0089,OFF-009,Vocational,2026-06,2026-06-09,2026-06-09 00:00:00,10000,Verified
ATT-000739,BEN-0061,OFF-008,Scholarship,2025-08,2025-08-07,2025-08-08 00:00:00,15000,Verified
ATT-000395,BEN-0032,OFF-005,Vocational,2026-02,2026-02-24,2026-02-26 00:00:00,10000,Verified
ATT-001694,BEN-0141,OFF-010,Plus,2026-01,2026-01-21,2026-01-21 00:00:00,8000,Verified
ATT-002296,BEN-0192,OFF-003,Plus,2026-01,2026-01-18,2026-01-20 00:00:00,8000,Verified
ATT-002053,BEN-0172,OFF-012,Plus,2025-09,2025-09-02,2025-09-04 00:00:00,8000,Verified
ATT-000426,BEN-0034,OFF-009,Tech,2026-02,2026-02-18,2026-02-19 00:00:00,12000,Verified
ATT-001408,BEN-0116,OFF-002,Plus,2025-11,2025-11-20,2025-11-22 00:00:00,8000,Verified
ATT-001322,BEN-0109,OFF-006,Tech,2026-04,2026-04-04,2026-04-04 00:00:00,12000,Verified
ATT-000174,BEN-0015,OFF-012,Vocational,2025-11,2025-11-05,2025-11-05 00:00:00,10000,Verified
ATT-000193,BEN-0016,OFF-008,Vocational,2025-09,2025-09-10,2025-09-12 00:00:00,10000,Verified
ATT-000711,BEN-0059,OFF-013,Vocational,2026-06,,2026-06-14 00:00:00,10000,Verified
ATT-000457,BEN-0037,OFF-007,Plus,2026-06,2026-06-11,2026-06-13 00:00:00,8000,Verified
ATT-002090,BEN-0175,OFF-002,Vocational,2025-02,2025-02-27,2025-03-01 00:00:00,10000,Verified
ATT-000219,BEN-0018,OFF-008,Tech,2025-07,2025-07-21,2025-07-21 00:00:00,12000,Verified
ATT-001579,BEN-0130,OFF-002,Vocational,2025-07,2025-07-17,2025-07-19 00:00:00,10000,Verified
ATT-001409,BEN-0116,OFF-002,Plus,2026-03,2026-03-07,2026-03-08 00:00:00,8000,Verified
ATT-000347,BEN-0028,OFF-004,Vocational,2025-03,2025-03-07,2025-03-07 00:00:00,10000,Verified
ATT-001132,BEN-0093,OFF-013,Tech,2025-05,2025-05-11,2025-05-13 00:00:00,12000,Verified
ATT-002193,BEN-0184,OFF-003,Tech,2025-12,2025-12-02,2025-12-02 00:00:00,12000,Verified
ATT-000651,BEN-0053,OFF-001,Plus,2025-07,2025-07-02,2025-07-04 00:00:00,8000,Verified
ATT-001021,BEN-0084,OFF-008,Scholarship,2026-05,2026-05-26,2026-05-28 00:00:00,15000,Verified
ATT-001135,BEN-0094,OFF-006,Plus,2026-02,2026-02-22,2026-02-23 00:00:00,8000,Verified
ATT-000943,BEN-0078,OFF-015,Plus,2025-02,2025-02-05,2025-02-07 00:00:00,8000,Verified
ATT-000393,BEN-0032,OFF-005,Vocational,2026-04,2026-04-08,2026-04-08 00:00:00,10000,Verified
ATT-000484,BEN-0039,OFF-006,Vocational,2025-04,2025-04-23,2025-04-25 00:00:00,10000,Verified
ATT-001445,BEN-0119,OFF-010,Scholarship,2025-03,2025-03-02,2025-03-03 00:00:00,15000,Verified
ATT-001114,BEN-0092,OFF-008,Scholarship,2026-03,2026-03-01,2026-03-01 00:00:00,15000,Verified
ATT-001621,BEN-0134,OFF-003,Scholarship,2026-05,28/05/2026,2026-05-29 00:00:00,15000,Verified
ATT-000895,BEN-0074,OFF-010,Scholarship,2025-06,2025-06-10,2025-06-12 00:00:00,15000,Verified
ATT-001584,BEN-0131,OFF-004,Tech,2025-08,2025-08-25,2025-08-25 00:00:00,12000,Verified
ATT-002152,BEN-0181,OFF-013,Tech,2026-05,2026-05-24,2026-05-26 00:00:00,12000,Verified
ATT-000832,BEN-0070,OFF-008,Scholarship,2025-11,2025-11-28,2025-11-29 00:00:00,15000,Verified
ATT-000338,BEN-0027,OFF-004,Plus,2026-02,2026-02-23,2026-02-25 00:00:00,8000,Verified
ATT-001366,BEN-0112,OFF-007,Scholarship,2026-05,2026-05-25,2026-05-27 00:00:00,15000,Verified
ATT-000913,BEN-0076,OFF-015,Vocational,2025-11,2025-11-24,2025-11-24 00:00:00,10000,Verified
ATT-002352,BEN-0196,OFF-004,Vocational,2025-01,2025-01-17,2025-01-19 00:00:00,10000,Verified
ATT-001098,BEN-0090,OFF-001,Vocational,2026-01,2026-01-15,2026-01-15 00:00:00,10000,Verified
ATT-000385,BEN-0031,OFF-008,Vocational,2025-12,2025-12-07,2025-12-09 00:00:00,10000,Verified
ATT-001994,BEN-0168,OFF-013,Scholarship,2025-07,2025-07-22,2025-07-23 00:00:00,15000,Verified
ATT-001008,BEN-0083,OFF-001,Plus,2026-04,2026-04-27,2026-04-29 00:00:00,8000,Verified
ATT-000417,BEN-0033,OFF-001,Plus,2025-06,,2025-06-24 00:00:00,8000,Verified
ATT-001539,BEN-0127,OFF-012,Vocational,2025-09,2025-09-21,2025-09-23 00:00:00,10000,Verified
ATT-000487,BEN-0039,OFF-006,Vocational,2026-04,2026-04-14,2026-04-15 00:00:00,10000,Verified
ATT-000609,BEN-0049,OFF-008,Scholarship,2025-02,2025-02-11,2025-02-11 00:00:00,15000,Verified
ATT-001213,BEN-0100,OFF-001,Plus,2025-07,2025-07-11,2025-07-11 00:00:00,8000,Verified
ATT-002177,BEN-0183,OFF-014,Scholarship,2026-03,2026-03-28,2026-03-28 00:00:00,15000,Verified
ATT-000133,BEN-0011,OFF-001,Plus,2026-04,2026-04-11,2026-04-13 00:00:00,8000,Verified
ATT-001701,BEN-0141,OFF-010,Plus,2025-04,2025-04-06,2025-04-07 00:00:00,8000,Verified
ATT-002040,BEN-0171,OFF-004,Plus,2025-07,2025-07-28,2025-07-28 00:00:00,8000,Verified
ATT-002217,BEN-0186,OFF-011,Vocational,2025-12,2025-12-23,2025-12-23 00:00:00,10000,Verified
ATT-001743,BEN-0145,OFF-001,Vocational,2025-04,2025-04-01,2025-04-02 00:00:00,10000,Verified
ATT-001478,BEN-0122,OFF-005,Vocational,2026-02,2026-02-14,2026-02-15 00:00:00,10000,Verified
ATT-001134,BEN-0094,OFF-006,Plus,2025-05,2025-05-15,2025-05-17 00:00:00,8000,Verified
ATT-001936,BEN-0162,OFF-011,Scholarship,2026-06,2026-06-17,2026-06-17 00:00:00,15000,Verified
ATT-001761,BEN-0147,OFF-010,Vocational,2025-02,2025-02-21,2025-02-23 00:00:00,10000,Verified
ATT-001008,BEN-0083,OFF-001,Plus,2026-04,2026-04-27,2026-04-29 00:00:00,8000,Verified
ATT-000765,BEN-0064,OFF-001,Tech,2025-11,2025-11-10,2025-11-11 00:00:00,12000,Verified
ATT-001336,BEN-0110,OFF-005,Vocational,2026-02,2026-02-03,2026-02-03 00:00:00,10000,Verified
ATT-001482,BEN-0123,OFF-012,Tech,2025-09,2025-09-14,2025-09-14 00:00:00,12000,Verified
ATT-001403,BEN-0116,OFF-002,Plus,2025-05,2025-05-28,2025-05-29 00:00:00,8000,Verified
ATT-002123,BEN-0178,OFF-005,Plus,2025-05,2025-05-27,2025-05-29 00:00:00,8000,Verified
ATT-001281,BEN-0105,OFF-012,Scholarship,2026-03,2026-03-22,2026-03-22 00:00:00,15000,Verified
ATT-002196,BEN-0184,OFF-003,Tech,2026-06,2026-06-16,2026-06-16 00:00:00,12000,Verified
ATT-001352,BEN-0112,OFF-007,Scholarship,2025-06,2025-06-18,2025-06-19 00:00:00,15000,Verified
ATT-000974,BEN-0080,OFF-013,Vocational,2025-09,2025-09-02,2025-09-03 00:00:00,10000,Verified
ATT-001953,BEN-0164,OFF-005,Scholarship,2026-03,2026-03-05,2026-03-06 00:00:00,15000,Verified
ATT-001007,BEN-0083,OFF-001,Plus,2025-04,2025-04-16,2025-04-16 00:00:00,8000,Verified
ATT-001985,BEN-0167,OFF-013,Plus,2026-02,2026-02-15,2026-02-17 00:00:00,8000,Verified
ATT-000280,BEN-0023,OFF-002,Plus,2025-02,2025-02-25,2025-02-25 00:00:00,8000,Verified
ATT-002401,BEN-0200,OFF-011,Vocational,2025-09,2025-09-04,2025-09-04 00:00:00,10000,Verified
ATT-001179,BEN-0097,OFF-010,Scholarship,2025-04,2025-04-19,2025-04-20 00:00:00,15000,Verified
ATT-002073,BEN-0174,OFF-002,Plus,2025-02,2025-02-15,2025-02-17 00:00:00,8000,Verified
ATT-000728,BEN-0061,OFF-008,Scholarship,2026-02,2026-02-28,2026-03-02 00:00:00,15000,Verified
ATT-002364,BEN-0197,OFF-006,Plus,2025-05,2025-05-03,2025-05-03 00:00:00,8000,Verified
ATT-002328,BEN-0194,OFF-012,Plus,2026-01,2026-01-28,2026-01-30 00:00:00,8000,Verified
ATT-000888,BEN-0074,OFF-010,Scholarship,2025-10,2025-10-16,2025-10-18 00:00:00,15000,Verified
ATT-001239,BEN-0102,OFF-013,Plus,2025-11,2025-11-02,2025-11-03 00:00:00,8000,Verified
ATT-002195,BEN-0184,OFF-003,Tech,2025-08,2025-08-26,2025-08-28 00:00:00,12000,Verified
ATT-000011,BEN-0002,OFF-009,Scholarship,2025-02,2025-02-24,2025-02-25 00:00:00,15000,Verified
ATT-002167,BEN-0182,OFF-004,Plus,2025-06,2025-06-08,2025-06-10 00:00:00,8000,Verified
ATT-001044,BEN-0085,OFF-012,Scholarship,2025-05,2025-05-11,2025-05-12 00:00:00,15000,Verified
ATT-002258,BEN-0190,OFF-004,Plus,2025-03,2025-03-09,2025-03-09 00:00:00,8000,Verified
ATT-000988,BEN-0082,OFF-014,Vocational,2025-02,,2025-02-23 00:00:00,10000,Verified
ATT-000485,BEN-0039,OFF-006,Vocational,2025-11,2025-11-07,2025-11-08 00:00:00,10000,Verified
ATT-001264,BEN-0104,OFF-007,Plus,2025-04,2025-04-17,2025-04-17 00:00:00,8000,Verified
ATT-001865,BEN-0156,OFF-010,Scholarship,2026-05,2026-05-01,2026-05-01 00:00:00,15000,Verified
ATT-001003,BEN-0082,OFF-014,Vocational,2026-01,2026-01-04,2026-01-05 00:00:00,10000,Verified
ATT-001040,BEN-0085,OFF-012,Scholarship,2026-05,2026-05-27,2026-05-28 00:00:00,15000,Verified
ATT-000179,BEN-0015,OFF-012,Vocational,2025-03,2025-03-24,2025-03-25 00:00:00,10000,Verified
ATT-001736,BEN-0145,OFF-001,Vocational,2026-02,2026-02-13,2026-02-15 00:00:00,10000,Verified
ATT-002191,BEN-0184,OFF-003,Tech,2025-05,2025-05-21,2025-05-21 00:00:00,12000,Verified
ATT-000624,BEN-0050,OFF-009,Scholarship,2026-05,2026-05-01,2026-05-02 00:00:00,15000,Verified
ATT-000024,BEN-0002,OFF-009,Scholarship,2026-06,2026-06-22,2026-06-22 00:00:00,15000,Verified
ATT-001205,BEN-0099,OFF-004,Scholarship,2026-06,2026-06-06,2026-06-08 00:00:00,15000,Verified
ATT-000583,BEN-0046,OFF-012,Tech,2025-06,2025-06-26,2025-06-28 00:00:00,12000,Verified
ATT-000560,BEN-0044,OFF-012,Scholarship,2025-11,2025-11-11,2025-11-12 00:00:00,15000,Verified
ATT-000083,BEN-0007,OFF-015,Vocational,2026-02,20/02/2026,2026-02-22 00:00:00,10000,Verified
ATT-001211,BEN-0100,OFF-001,Plus,2026-05,2026-05-13,2026-05-15 00:00:00,8000,Verified
ATT-001777,BEN-0149,OFF-005,Vocational,2026-06,2026-06-05,2026-06-05 00:00:00,10000,Verified
ATT-000037,BEN-0003,OFF-005,Tech,2025-05,2025-05-14,2025-05-14 00:00:00,12000,Verified
ATT-001997,BEN-0168,OFF-013,Scholarship,2025-05,2025-05-16,2025-05-18 00:00:00,15000,Verified
ATT-000108,BEN-0009,OFF-005,Plus,2025-01,2025-01-03,2025-01-03 00:00:00,8000,Verified
ATT-002132,BEN-0180,OFF-010,Scholarship,2025-08,2025-08-13,2025-08-13 00:00:00,15000,Verified
ATT-000772,BEN-0064,OFF-001,Tech,2025-08,2025-08-09,2025-08-09 00:00:00,12000,Verified
ATT-000816,BEN-0069,OFF-015,Tech,2026-04,2026-04-05,2026-04-05 00:00:00,12000,Verified
ATT-000367,BEN-0030,OFF-011,Scholarship,2025-01,2025-01-12,2025-01-12 00:00:00,15000,Verified
ATT-000207,BEN-0017,OFF-007,Scholarship,2025-02,2025-02-09,2025-02-10 00:00:00,15000,Verified
ATT-002220,BEN-0186,OFF-011,Vocational,2025-06,2025-06-17,2025-06-19 00:00:00,10000,Verified
ATT-002122,BEN-0178,OFF-005,Plus,2025-01,2025-01-22,2025-01-23 00:00:00,8000,Verified
ATT-000796,BEN-0067,OFF-015,Scholarship,2025-12,2025-12-05,2025-12-05 00:00:00,15000,Verified
ATT-002230,BEN-0187,OFF-010,Tech,2025-01,2025-01-27,2025-01-27 00:00:00,12000,Verified
ATT-001374,BEN-0114,OFF-006,Scholarship,2026-06,2026-06-08,2026-06-09 00:00:00,15000,Verified
ATT-002243,BEN-0188,OFF-005,Scholarship,2025-01,2025-01-14,2025-01-15 00:00:00,15000,Verified
ATT-001299,BEN-0106,OFF-007,Scholarship,2026-04,2026-04-18,2026-04-20 00:00:00,15000,Verified
ATT-001128,BEN-0093,OFF-013,Tech,2025-04,2025-04-17,2025-04-17 00:00:00,12000,Verified
ATT-001456,BEN-0120,OFF-015,Plus,2026-01,2026-01-10,2026-01-12 00:00:00,8000,Verified
ATT-001329,BEN-0109,OFF-006,Tech,2025-02,2025-02-23,2025-02-25 00:00:00,12000,Verified
ATT-000471,BEN-0038,OFF-012,Plus,2025-11,2025-11-13,2025-11-15 00:00:00,8000,Verified
ATT-000810,BEN-0068,OFF-006,Tech,2026-01,2026-01-12,2026-01-14 00:00:00,12000,Verified
ATT-001122,BEN-0092,OFF-008,Scholarship,2026-06,2026-06-10,2026-06-11 00:00:00,15000,Verified
ATT-000181,BEN-0015,OFF-012,Vocational,2025-02,2025-02-21,2025-02-21 00:00:00,10000,Verified
ATT-000606,BEN-0049,OFF-008,Scholarship,2026-04,2026-04-12,2026-04-14 00:00:00,15000,Verified
ATT-000029,BEN-0003,OFF-005,Tech,2025-06,2025-06-09,2025-06-10 00:00:00,12000,Verified
ATT-001344,BEN-0111,OFF-002,Scholarship,2025-02,2025-02-17,2025-02-19 00:00:00,15000,Verified
ATT-002406,BEN-0200,OFF-011,Vocational,2026-04,2026-04-15,2026-04-15 00:00:00,10000,Verified
ATT-001553,BEN-0128,OFF-003,Tech,2026-06,2026-06-13,2026-06-13 00:00:00,12000,Verified
ATT-001751,BEN-0146,OFF-015,Scholarship,2025-03,2025-03-02,2025-03-02 00:00:00,15000,Verified
ATT-001973,BEN-0166,OFF-001,Plus,2025-07,2025-07-07,2025-07-07 00:00:00,8000,Verified
ATT-001290,BEN-0106,OFF-007,Scholarship,2026-03,2026-03-01,2026-03-01 00:00:00,15000,Verified
ATT-000643,BEN-0052,OFF-006,Vocational,2025-02,2025-02-09,2025-02-09 00:00:00,10000,Verified
ATT-002164,BEN-0182,OFF-004,Plus,2025-11,2025-11-05,2025-11-07 00:00:00,8000,Verified
ATT-001166,BEN-0096,OFF-005,Plus,2026-04,2026-04-05,2026-04-05 00:00:00,8000,Verified
ATT-000498,BEN-0040,OFF-014,Scholarship,2026-06,2026-06-11,2026-06-12 00:00:00,15000,Verified
ATT-001610,BEN-0132,OFF-009,Scholarship,2026-01,2026-01-14,2026-01-16 00:00:00,15000,Verified
ATT-000165,BEN-0014,OFF-013,Scholarship,2025-02,2025-02-24,2025-02-24 00:00:00,15000,Verified
ATT-001696,BEN-0141,OFF-010,Plus,2026-03,2026-03-25,2026-03-27 00:00:00,8000,Verified
ATT-002052,BEN-0172,OFF-012,Plus,2025-06,2025-06-09,2025-06-09 00:00:00,8000,Verified
ATT-000217,BEN-0018,OFF-008,Tech,2025-05,2025-05-24,2025-05-25 00:00:00,12000,Verified
ATT-000177,BEN-0015,OFF-012,Vocational,2026-02,2026-02-28,2026-03-02 00:00:00,10000,Verified
ATT-001292,BEN-0106,OFF-007,Scholarship,2025-11,2025-11-18,2025-11-18 00:00:00,15000,Verified
ATT-001393,BEN-0115,OFF-004,Plus,2025-09,2025-09-26,2025-09-26 00:00:00,8000,Verified
ATT-001519,BEN-0125,OFF-014,Vocational,2025-02,16/02/2025,2025-02-16 00:00:00,10000,Verified
ATT-000254,BEN-0021,OFF-004,Vocational,2025-02,2025-02-27,2025-02-27 00:00:00,10000,Verified
ATT-002023,BEN-0170,OFF-006,Plus,2025-01,2025-01-05,2025-01-06 00:00:00,8000,Verified
ATT-000775,BEN-0064,OFF-001,Tech,2025-09,2025-09-09,2025-09-11 00:00:00,12000,Verified
ATT-001923,BEN-0160,OFF-014,Plus,2025-11,2025-11-22,2025-11-22 00:00:00,8000,Verified
ATT-001963,BEN-0165,OFF-008,Tech,2025-01,2025-01-09,2025-01-11 00:00:00,12000,Verified
ATT-001677,BEN-0139,OFF-003,Vocational,2025-02,2025-02-19,2025-02-19 00:00:00,10000,Verified
ATT-001514,BEN-0125,OFF-014,Vocational,2025-03,2025-03-06,2025-03-08 00:00:00,10000,Verified
ATT-000676,BEN-0055,OFF-015,Tech,2025-01,21/01/2025,2025-01-21 00:00:00,12000,Verified
ATT-001909,BEN-0159,OFF-009,Plus,2025-06,2025-06-05,2025-06-06 00:00:00,8000,Verified
ATT-001233,BEN-0102,OFF-013,Plus,2026-01,2026-01-24,2026-01-26 00:00:00,8000,Verified
ATT-001996,BEN-0168,OFF-013,Scholarship,2025-03,2025-03-12,2025-03-14 00:00:00,15000,Verified
ATT-001981,BEN-0167,OFF-013,Plus,2025-02,2025-02-04,2025-02-06 00:00:00,8000,Verified
ATT-002264,BEN-0190,OFF-004,Plus,2025-01,2025-01-19,2025-01-20 00:00:00,8000,Verified
ATT-000093,BEN-0008,OFF-015,Plus,2025-10,2025-10-13,2025-10-15 00:00:00,8000,Verified
ATT-001740,BEN-0145,OFF-001,Vocational,2025-09,2025-09-01,2025-09-02 00:00:00,10000,Verified
ATT-001206,BEN-0099,OFF-004,Scholarship,2025-05,2025-05-10,2025-05-10 00:00:00,15000,Verified
ATT-001282,BEN-0105,OFF-012,Scholarship,2026-01,2026-01-05,2026-01-06 00:00:00,15000,Verified
ATT-002250,BEN-0189,OFF-002,Tech,2025-09,2025-09-17,2025-09-19 00:00:00,12000,Verified
ATT-000850,BEN-0071,OFF-005,Plus,2025-02,2025-02-23,2025-02-24 00:00:00,8000,Verified
ATT-001173,BEN-0097,OFF-010,Scholarship,2025-11,2025-11-15,2025-11-17 00:00:00,15000,Verified
ATT-000256,BEN-0021,OFF-004,Vocational,2025-05,2025-05-26,2025-05-26 00:00:00,10000,Verified
ATT-001429,BEN-0117,OFF-005,Vocational,2025-06,2025-06-21,2025-06-22 00:00:00,10000,Verified
ATT-000410,BEN-0033,OFF-001,Plus,2026-03,2026-03-02,2026-03-04 00:00:00,8000,Verified
ATT-001439,BEN-0118,OFF-006,Scholarship,2025-07,2025-07-01,2025-07-02 00:00:00,15000,Verified
ATT-000691,BEN-0057,OFF-012,Tech,2025-12,2025-12-25,2025-12-26 00:00:00,12000,Verified
ATT-002006,BEN-0169,OFF-008,Vocational,2026-05,2026-05-22,2026-05-23 00:00:00,10000,Verified
ATT-000293,BEN-0024,OFF-014,Plus,2025-04,2025-04-22,2025-04-22 00:00:00,8000,Verified
ATT-001137,BEN-0094,OFF-006,Plus,2025-09,2025-09-24,2025-09-26 00:00:00,8000,Verified
ATT-001903,BEN-0158,OFF-014,Scholarship,2025-02,2025-02-21,2025-02-21 00:00:00,15000,Verified
ATT-000718,BEN-0060,OFF-012,Plus,2025-07,2025-07-28,2025-07-29 00:00:00,8000,Verified
ATT-000302,BEN-0024,OFF-014,Plus,2025-06,2025-06-01,2025-06-03 00:00:00,8000,Verified
ATT-002247,BEN-0188,OFF-005,Scholarship,2025-12,2025-12-24,2025-12-26 00:00:00,15000,Verified
ATT-002355,BEN-0197,OFF-006,Plus,2025-06,2025-06-21,2025-06-22 00:00:00,8000,Verified
ATT-001919,BEN-0160,OFF-014,Plus,2025-04,2025-04-24,2025-04-25 00:00:00,8000,Verified
ATT-001948,BEN-0163,OFF-006,Scholarship,2025-08,2025-08-12,2025-08-12 00:00:00,15000,Verified
ATT-001493,BEN-0123,OFF-012,Tech,2026-03,2026-03-14,2026-03-14 00:00:00,12000,Verified
ATT-001432,BEN-0118,OFF-006,Scholarship,2025-09,2025-09-12,2025-09-14 00:00:00,15000,Verified
ATT-001027,BEN-0084,OFF-008,Scholarship,2025-09,2025-09-13,2025-09-13 00:00:00,15000,Verified
ATT-002125,BEN-0179,OFF-001,Tech,2025-07,2025-07-26,2025-07-28 00:00:00,12000,Verified
ATT-000443,BEN-0036,OFF-012,Plus,2026-02,2026-02-16,2026-02-17 00:00:00,8000,Verified
ATT-000121,BEN-0010,OFF-008,Tech,2025-10,16/10/2025,2025-10-18 00:00:00,12000,Verified
ATT-001678,BEN-0139,OFF-003,Vocational,2025-04,2025-04-10,2025-04-12 00:00:00,10000,Verified
ATT-000966,BEN-0080,OFF-013,Vocational,2025-05,2025-05-10,2025-05-11 00:00:00,10000,Verified
ATT-001629,BEN-0134,OFF-003,Scholarship,2026-04,2026-04-07,2026-04-07 00:00:00,15000,Verified
ATT-001005,BEN-0082,OFF-014,Vocational,2026-03,2026-03-07,2026-03-09 00:00:00,10000,Verified
ATT-000310,BEN-0025,OFF-009,Plus,2026-02,2026-02-26,2026-02-27 00:00:00,8000,Verified
ATT-000527,BEN-0042,OFF-004,Vocational,2026-04,2026-04-04,2026-04-05 00:00:00,10000,Verified
ATT-000546,BEN-0043,OFF-008,Scholarship,2026-04,2026-04-12,2026-04-13 00:00:00,15000,Verified
ATT-001731,BEN-0144,OFF-011,Scholarship,2026-05,,2026-05-16 00:00:00,15000,Verified
ATT-002292,BEN-0192,OFF-003,Plus,2025-03,2025-03-18,2025-03-20 00:00:00,8000,Verified
ATT-002245,BEN-0188,OFF-005,Scholarship,2025-03,2025-03-06,2025-03-08 00:00:00,15000,Verified
ATT-002248,BEN-0188,OFF-005,Scholarship,2026-05,2026-05-22,2026-05-23 00:00:00,15000,Verified
ATT-002025,BEN-0170,OFF-006,Plus,2025-07,2025-07-15,2025-07-17 00:00:00,8000,Verified
ATT-001679,BEN-0139,OFF-003,Vocational,2025-07,2025-07-14,2025-07-16 00:00:00,10000,Verified
ATT-000868,BEN-0072,OFF-001,Vocational,2025-06,2025-06-23,2025-06-25 00:00:00,10000,Verified
ATT-001224,BEN-0101,OFF-004,Scholarship,2025-04,14/04/2025,2025-04-16 00:00:00,15000,Verified
ATT-001968,BEN-0165,OFF-008,Tech,2026-01,2026-01-21,2026-01-23 00:00:00,12000,Verified
ATT-001544,BEN-0127,OFF-012,Vocational,2025-08,2025-08-06,2025-08-07 00:00:00,10000,Verified
ATT-001310,BEN-0107,OFF-002,Plus,2025-05,2025-05-11,2025-05-11 00:00:00,8000,Verified
ATT-000753,BEN-0062,OFF-014,Tech,2025-04,2025-04-12,2025-04-14 00:00:00,12000,Verified
ATT-000348,BEN-0028,OFF-004,Vocational,2025-08,2025-08-16,2025-08-17 00:00:00,10000,Verified
ATT-000156,BEN-0012,OFF-007,Plus,2026-03,2026-03-11,2026-03-13 00:00:00,8000,Verified
ATT-000729,BEN-0061,OFF-008,Scholarship,2025-04,2025-04-11,2025-04-13 00:00:00,15000,Verified
ATT-001391,BEN-0115,OFF-004,Plus,2026-01,2026-01-18,2026-01-18 00:00:00,8000,Verified
ATT-001562,BEN-0129,OFF-003,Tech,2026-06,2026-06-02,2026-06-02 00:00:00,12000,Verified
ATT-001208,BEN-0099,OFF-004,Scholarship,2026-04,2026-04-16,2026-04-18 00:00:00,15000,Verified
ATT-001567,BEN-0129,OFF-003,Tech,2026-02,2026-02-24,2026-02-26 00:00:00,12000,Verified
ATT-001302,BEN-0107,OFF-002,Plus,2025-02,11/02/2025,2025-02-11 00:00:00,8000,Verified
ATT-001879,BEN-0157,OFF-012,Plus,2025-06,2025-06-10,2025-06-10 00:00:00,8000,Verified
ATT-001127,BEN-0093,OFF-013,Tech,2025-02,2025-02-23,2025-02-24 00:00:00,12000,Verified
ATT-001823,BEN-0151,OFF-013,Vocational,2025-09,2025-09-05,2025-09-06 00:00:00,10000,Verified
ATT-001101,BEN-0090,OFF-001,Vocational,2026-06,2026-06-27,2026-06-29 00:00:00,10000,Verified
ATT-000421,BEN-0033,OFF-001,Plus,2025-02,2025-02-28,2025-03-02 00:00:00,8000,Verified
ATT-000372,BEN-0030,OFF-011,Scholarship,2025-08,2025-08-15,2025-08-17 00:00:00,15000,Verified
ATT-001789,BEN-0149,OFF-005,Vocational,2025-03,2025-03-10,2025-03-12 00:00:00,10000,Verified
ATT-001692,BEN-0141,OFF-010,Plus,2025-12,22/12/2025,2025-12-23 00:00:00,8000,Verified
ATT-001862,BEN-0156,OFF-010,Scholarship,2026-01,2026-01-18,2026-01-18 00:00:00,15000,Verified
ATT-001342,BEN-0111,OFF-002,Scholarship,2025-05,2025-05-04,2025-05-06 00:00:00,15000,Verified
ATT-000712,BEN-0059,OFF-013,Vocational,2026-03,2026-03-06,2026-03-07 00:00:00,10000,Verified
ATT-002199,BEN-0185,OFF-013,Tech,2025-09,2025-09-25,2025-09-26 00:00:00,12000,Verified
ATT-001294,BEN-0106,OFF-007,Scholarship,2025-09,2025-09-23,2025-09-24 00:00:00,15000,Verified
ATT-001333,BEN-0109,OFF-006,Tech,2026-06,2026-06-24,2026-06-26 00:00:00,12000,Verified
ATT-002151,BEN-0181,OFF-013,Tech,2025-12,2025-12-14,2025-12-16 00:00:00,12000,Verified
ATT-001654,BEN-0137,OFF-002,Vocational,2025-09,2025-09-18,2025-09-19 00:00:00,10000,Verified
ATT-002257,BEN-0190,OFF-004,Plus,2026-04,2026-04-27,2026-04-28 00:00:00,8000,Verified
ATT-001364,BEN-0112,OFF-007,Scholarship,2025-09,2025-09-08,2025-09-08 00:00:00,15000,Verified
ATT-000036,BEN-0003,OFF-005,Tech,2026-01,2026-01-03,2026-01-04 00:00:00,12000,Verified
ATT-002229,BEN-0187,OFF-010,Tech,2025-11,2025-11-05,2025-11-07 00:00:00,12000,Verified
ATT-002293,BEN-0192,OFF-003,Plus,2025-06,2025-06-22,2025-06-24 00:00:00,8000,Verified
ATT-002155,BEN-0181,OFF-013,Tech,2025-03,2025-03-14,2025-03-14 00:00:00,12000,Verified
ATT-000016,BEN-0002,OFF-009,Scholarship,2025-04,2025-04-19,2025-04-21 00:00:00,15000,Verified
ATT-000621,BEN-0050,OFF-009,Scholarship,2026-03,2026-03-27,2026-03-27 00:00:00,15000,Verified
ATT-000839,BEN-0070,OFF-008,Scholarship,2026-01,2026-01-01,2026-01-01 00:00:00,15000,Verified
ATT-000319,BEN-0026,OFF-007,Tech,2025-03,2025-03-04,2025-03-06 00:00:00,12000,Verified
ATT-002272,BEN-0191,OFF-012,Vocational,2025-02,2025-02-24,2025-02-25 00:00:00,10000,Verified
ATT-000142,BEN-0011,OFF-001,Plus,2025-01,2025-01-26,2025-01-26 00:00:00,8000,Verified
ATT-001867,BEN-0156,OFF-010,Scholarship,2025-02,2025-02-11,2025-02-11 00:00:00,15000,Verified
ATT-001430,BEN-0117,OFF-005,Vocational,2025-04,2025-04-15,2025-04-16 00:00:00,10000,Verified
ATT-001810,BEN-0151,OFF-013,Vocational,2025-02,2025-02-22,2025-02-23 00:00:00,10000,Verified
ATT-001809,BEN-0150,OFF-010,Vocational,2025-09,2025-09-26,2025-09-26 00:00:00,10000,Verified
ATT-001283,BEN-0105,OFF-012,Scholarship,2025-01,2025-01-02,2025-01-02 00:00:00,15000,Verified
ATT-001649,BEN-0136,OFF-008,Vocational,2025-03,2025-03-25,2025-03-26 00:00:00,10000,Verified
ATT-002211,BEN-0186,OFF-011,Vocational,2025-09,2025-09-01,2025-09-02 00:00:00,10000,Verified
ATT-001512,BEN-0125,OFF-014,Vocational,2026-04,2026-04-18,2026-04-20 00:00:00,10000,Verified
ATT-000132,BEN-0011,OFF-001,Plus,2025-02,2025-02-03,2025-02-04 00:00:00,8000,Verified
ATT-000038,BEN-0004,OFF-001,Plus,2025-12,2025-12-16,2025-12-18 00:00:00,8000,Verified
ATT-002366,BEN-0197,OFF-006,Plus,2025-08,2025-08-02,2025-08-03 00:00:00,8000,Verified
ATT-001799,BEN-0150,OFF-010,Vocational,2025-05,2025-05-23,2025-05-25 00:00:00,10000,Verified
ATT-000871,BEN-0072,OFF-001,Vocational,2026-03,2026-03-02,2026-03-02 00:00:00,10000,Verified
ATT-001289,BEN-0106,OFF-007,Scholarship,2025-04,2025-04-22,2025-04-22 00:00:00,15000,Verified
ATT-000688,BEN-0056,OFF-005,Plus,2026-05,2026-05-22,2026-05-22 00:00:00,8000,Verified
ATT-000748,BEN-0062,OFF-014,Tech,2025-07,2025-07-01,2025-07-01 00:00:00,12000,Verified
ATT-001152,BEN-0095,OFF-011,Tech,2025-09,2025-09-01,2025-09-03 00:00:00,12000,Verified
ATT-002290,BEN-0192,OFF-003,Plus,2025-11,2025-11-04,2025-11-05 00:00:00,8000,Verified
ATT-001050,BEN-0086,OFF-004,Plus,2026-02,2026-02-24,2026-02-25 00:00:00,8000,Verified
ATT-000518,BEN-0041,OFF-007,Plus,2026-06,2026-06-19,2026-06-21 00:00:00,8000,Verified
ATT-001737,BEN-0145,OFF-001,Vocational,2025-01,2025-01-10,2025-01-11 00:00:00,10000,Verified
ATT-000802,BEN-0067,OFF-015,Scholarship,2026-03,2026-03-20,2026-03-22 00:00:00,15000,Verified
ATT-000830,BEN-0069,OFF-015,Tech,2025-07,,2025-07-28 00:00:00,12000,Verified
ATT-001920,BEN-0160,OFF-014,Plus,2025-12,2025-12-18,2025-12-20 00:00:00,8000,Verified
ATT-002130,BEN-0179,OFF-001,Tech,2025-01,2025-01-13,2025-01-15 00:00:00,12000,Verified
ATT-001554,BEN-0128,OFF-003,Tech,2025-05,2025-05-10,2025-05-11 00:00:00,12000,Verified
ATT-001081,BEN-0089,OFF-009,Vocational,2025-07,2025-07-19,2025-07-19 00:00:00,10000,Verified
ATT-000516,BEN-0041,OFF-007,Plus,2025-10,02/10/2025,2025-10-04 00:00:00,8000,Verified
ATT-001169,BEN-0096,OFF-005,Plus,2025-04,2025-04-16,2025-04-16 00:00:00,8000,Verified
ATT-001863,BEN-0156,OFF-010,Scholarship,2026-06,2026-06-17,2026-06-17 00:00:00,15000,Verified
ATT-000726,BEN-0060,OFF-012,Plus,2025-12,2025-12-26,2025-12-28 00:00:00,8000,Verified
ATT-000441,BEN-0036,OFF-012,Plus,2025-10,2025-10-11,2025-10-12 00:00:00,8000,Verified
ATT-000561,BEN-0044,OFF-012,Scholarship,2025-02,2025-02-27,2025-02-27 00:00:00,15000,Verified
ATT-001017,BEN-0084,OFF-008,Scholarship,2025-06,2025-06-12,2025-06-14 00:00:00,15000,Verified
ATT-001938,BEN-0162,OFF-011,Scholarship,2025-12,2025-12-10,2025-12-11 00:00:00,15000,Verified
ATT-000436,BEN-0035,OFF-008,Plus,2026-01,2026-01-03,2026-01-05 00:00:00,8000,Verified
ATT-001521,BEN-0125,OFF-014,Vocational,2025-12,2025-12-02,2025-12-04 00:00:00,10000,Verified
ATT-001183,BEN-0097,OFF-010,Scholarship,2026-02,2026-02-23,2026-02-23 00:00:00,15000,Verified
ATT-000268,BEN-0022,OFF-008,Scholarship,2026-01,2026-01-15,2026-01-15 00:00:00,15000,Verified
ATT-001757,BEN-0146,OFF-015,Scholarship,2026-03,2026-03-27,2026-03-27 00:00:00,15000,Verified
ATT-001825,BEN-0152,OFF-007,Vocational,2026-02,13/02/2026,2026-02-14 00:00:00,10000,Verified
ATT-000233,BEN-0019,OFF-001,Plus,2026-02,2026-02-24,2026-02-26 00:00:00,8000,Verified
ATT-001194,BEN-0099,OFF-004,Scholarship,2026-01,2026-01-28,2026-01-29 00:00:00,15000,Verified
ATT-000155,BEN-0012,OFF-007,Plus,2025-05,2025-05-21,2025-05-21 00:00:00,8000,Verified
ATT-000472,BEN-0038,OFF-012,Plus,2026-06,2026-06-01,2026-06-01 00:00:00,8000,Verified
ATT-002190,BEN-0184,OFF-003,Tech,2026-05,2026-05-14,2026-05-15 00:00:00,12000,Verified
ATT-000402,BEN-0032,OFF-005,Vocational,2025-03,2025-03-03,2025-03-04 00:00:00,10000,Verified
ATT-002136,BEN-0180,OFF-010,Scholarship,2025-03,2025-03-28,2025-03-30 00:00:00,15000,Verified
ATT-000658,BEN-0053,OFF-001,Plus,2025-06,2025-06-02,2025-06-02 00:00:00,8000,Verified
ATT-002201,BEN-0185,OFF-013,Tech,2025-11,23/11/2025,2025-11-24 00:00:00,12000,Verified
ATT-002118,BEN-0178,OFF-005,Plus,2025-07,2025-07-15,2025-07-16 00:00:00,8000,Verified
ATT-001278,BEN-0105,OFF-012,Scholarship,2025-11,2025-11-12,2025-11-14 00:00:00,15000,Verified
ATT-001721,BEN-0143,OFF-012,Scholarship,2025-07,2025-07-06,2025-07-07 00:00:00,15000,Verified
ATT-002075,BEN-0174,OFF-002,Plus,2025-11,2025-11-16,2025-11-16 00:00:00,8000,Verified
ATT-002267,BEN-0190,OFF-004,Plus,2025-02,2025-02-04,2025-02-04 00:00:00,8000,Verified
ATT-000271,BEN-0022,OFF-008,Scholarship,2025-06,2025-06-05,2025-06-07 00:00:00,15000,Verified
ATT-002342,BEN-0195,OFF-002,Scholarship,2025-06,2025-06-11,2025-06-12 00:00:00,15000,Verified
ATT-000057,BEN-0005,OFF-004,Scholarship,2025-12,2025-12-25,2025-12-26 00:00:00,15000,Verified
ATT-001587,BEN-0131,OFF-004,Tech,2026-02,2026-02-04,2026-02-06 00:00:00,12000,Verified
ATT-001625,BEN-0134,OFF-003,Scholarship,2025-10,2025-10-21,2025-10-22 00:00:00,15000,Verified
ATT-000727,BEN-0061,OFF-008,Scholarship,2025-10,2025-10-02,2025-10-02 00:00:00,15000,Verified
ATT-000275,BEN-0023,OFF-002,Plus,2025-06,2025-06-25,2025-06-26 00:00:00,8000,Verified
ATT-000301,BEN-0024,OFF-014,Plus,2025-02,2025-02-12,2025-02-12 00:00:00,8000,Verified
ATT-001480,BEN-0122,OFF-005,Vocational,2025-11,2025-11-10,2025-11-10 00:00:00,10000,Verified
ATT-001628,BEN-0134,OFF-003,Scholarship,2025-06,2025-06-01,2025-06-02 00:00:00,15000,Verified
ATT-002400,BEN-0200,OFF-011,Vocational,2025-03,2025-03-09,2025-03-09 00:00:00,10000,Verified
ATT-002159,BEN-0181,OFF-013,Tech,2025-05,2025-05-27,2025-05-27 00:00:00,12000,Verified
ATT-001515,BEN-0125,OFF-014,Vocational,2025-11,2025-11-28,2025-11-30 00:00:00,10000,Verified
ATT-000923,BEN-0076,OFF-015,Vocational,2025-08,2025-08-02,2025-08-03 00:00:00,10000,Verified
ATT-001228,BEN-0101,OFF-004,Scholarship,2025-09,17/09/2025,2025-09-18 00:00:00,15000,Verified
ATT-000522,BEN-0042,OFF-004,Vocational,2025-07,2025-07-08,2025-07-08 00:00:00,10000,Verified
ATT-000314,BEN-0025,OFF-009,Plus,2025-11,2025-11-20,2025-11-22 00:00:00,8000,Verified
ATT-002038,BEN-0171,OFF-004,Plus,2026-03,2026-03-17,2026-03-18 00:00:00,8000,Verified
ATT-000901,BEN-0075,OFF-012,Scholarship,2025-03,2025-03-23,2025-03-24 00:00:00,15000,Verified
ATT-001652,BEN-0137,OFF-002,Vocational,2026-03,2026-03-24,2026-03-24 00:00:00,10000,Verified
ATT-001830,BEN-0152,OFF-007,Vocational,2025-06,2025-06-08,2025-06-08 00:00:00,10000,Verified
ATT-000904,BEN-0075,OFF-012,Scholarship,2026-04,2026-04-06,2026-04-07 00:00:00,15000,Verified
ATT-001143,BEN-0094,OFF-006,Plus,2025-12,2025-12-05,2025-12-05 00:00:00,8000,Verified
ATT-002344,BEN-0195,OFF-002,Scholarship,2026-04,2026-04-03,2026-04-05 00:00:00,15000,Verified
ATT-000665,BEN-0054,OFF-003,Vocational,2025-12,2025-12-19,2025-12-20 00:00:00,10000,Verified
ATT-000350,BEN-0029,OFF-006,Vocational,2026-06,2026-06-12,2026-06-13 00:00:00,10000,Verified
ATT-001796,BEN-0150,OFF-010,Vocational,2025-01,05/01/2025,2025-01-05 00:00:00,10000,Verified
ATT-001076,BEN-0088,OFF-002,Scholarship,2025-03,2025-03-12,2025-03-14 00:00:00,15000,Verified
ATT-001569,BEN-0129,OFF-003,Tech,2025-07,2025-07-01,2025-07-01 00:00:00,12000,Verified
ATT-002143,BEN-0180,OFF-010,Scholarship,2025-01,2025-01-20,2025-01-20 00:00:00,15000,Verified
ATT-000125,BEN-0010,OFF-008,Tech,2026-02,2026-02-27,2026-02-27 00:00:00,12000,Verified
ATT-001611,BEN-0132,OFF-009,Scholarship,2025-07,2025-07-21,2025-07-22 00:00:00,15000,Verified
ATT-001600,BEN-0132,OFF-009,Scholarship,2026-04,2026-04-27,2026-04-29 00:00:00,15000,Verified
ATT-001078,BEN-0088,OFF-002,Scholarship,2025-10,2025-10-27,2025-10-28 00:00:00,15000,Verified
ATT-001969,BEN-0165,OFF-008,Tech,2025-10,2025-10-07,2025-10-09 00:00:00,12000,Verified
ATT-000566,BEN-0045,OFF-014,Scholarship,2025-04,2025-04-28,2025-04-29 00:00:00,15000,Verified
ATT-000209,BEN-0018,OFF-008,Tech,2025-09,2025-09-04,2025-09-04 00:00:00,12000,Verified
ATT-000582,BEN-0046,OFF-012,Tech,2025-01,2025-01-09,2025-01-10 00:00:00,12000,Verified
ATT-001967,BEN-0165,OFF-008,Tech,2026-04,2026-04-17,2026-04-19 00:00:00,12000,Verified
ATT-002401,BEN-0200,OFF-011,Vocational,2025-09,2025-09-04,2025-09-04 00:00:00,10000,Verified
ATT-000200,BEN-0017,OFF-007,Scholarship,2025-03,2025-03-28,2025-03-30 00:00:00,15000,Verified
ATT-001028,BEN-0084,OFF-008,Scholarship,2025-01,2025-01-08,2025-01-09 00:00:00,15000,Verified
ATT-001258,BEN-0103,OFF-009,Plus,2026-06,2026-06-05,2026-06-07 00:00:00,8000,Verified
ATT-001180,BEN-0097,OFF-010,Scholarship,2025-02,2025-02-24,2025-02-25 00:00:00,15000,Verified
ATT-001284,BEN-0105,OFF-012,Scholarship,2025-05,2025-05-26,2025-05-26 00:00:00,15000,Verified
ATT-002327,BEN-0194,OFF-012,Plus,2025-09,2025-09-24,2025-09-26 00:00:00,8000,Verified
ATT-001054,BEN-0086,OFF-004,Plus,2026-01,2026-01-23,2026-01-25 00:00:00,8000,Verified
ATT-001235,BEN-0102,OFF-013,Plus,2026-03,2026-03-17,2026-03-17 00:00:00,8000,Verified
ATT-000776,BEN-0064,OFF-001,Tech,2025-04,2025-04-11,2025-04-12 00:00:00,12000,Verified
ATT-000601,BEN-0048,OFF-006,Tech,2026-05,2026-05-14,2026-05-15 00:00:00,12000,Verified
ATT-001548,BEN-0127,OFF-012,Vocational,2025-12,2025-12-17,2025-12-18 00:00:00,10000,Verified
ATT-001093,BEN-0090,OFF-001,Vocational,2025-02,2025-02-16,2025-02-17 00:00:00,10000,Verified
ATT-001590,BEN-0131,OFF-004,Tech,2026-04,2026-04-22,2026-04-23 00:00:00,12000,Verified
ATT-001768,BEN-0148,OFF-012,Plus,2025-02,2025-02-15,2025-02-16 00:00:00,8000,Verified
ATT-001195,BEN-0099,OFF-004,Scholarship,2025-01,2025-01-20,2025-01-21 00:00:00,15000,Verified
ATT-001547,BEN-0127,OFF-012,Vocational,2026-06,2026-06-03,2026-06-03 00:00:00,10000,Verified
ATT-000846,BEN-0070,OFF-008,Scholarship,2025-10,2025-10-21,2025-10-21 00:00:00,15000,Verified
ATT-001124,BEN-0092,OFF-008,Scholarship,2025-04,03/04/2025,2025-04-05 00:00:00,15000,Verified
ATT-001573,BEN-0130,OFF-002,Vocational,2025-12,2025-12-26,2025-12-26 00:00:00,10000,Verified
ATT-001328,BEN-0109,OFF-006,Tech,2025-11,2025-11-13,2025-11-13 00:00:00,12000,Verified
ATT-001817,BEN-0151,OFF-013,Vocational,2025-08,2025-08-19,2025-08-19 00:00:00,10000,Verified
ATT-002135,BEN-0180,OFF-010,Scholarship,2025-10,2025-10-12,2025-10-14 00:00:00,15000,Verified
ATT-001913,BEN-0159,OFF-009,Plus,2025-05,2025-05-12,2025-05-13 00:00:00,8000,Verified
ATT-000110,BEN-0009,OFF-005,Plus,2025-06,2025-06-24,2025-06-24 00:00:00,8000,Verified
ATT-000906,BEN-0075,OFF-012,Scholarship,2026-03,2026-03-13,2026-03-13 00:00:00,15000,Verified
ATT-000833,BEN-0070,OFF-008,Scholarship,2026-03,2026-03-27,2026-03-29 00:00:00,15000,Verified
ATT-001427,BEN-0117,OFF-005,Vocational,2025-05,2025-05-04,2025-05-04 00:00:00,10000,Verified
ATT-000406,BEN-0032,OFF-005,Vocational,2025-04,2025-04-18,2025-04-20 00:00:00,10000,Verified
ATT-000086,BEN-0007,OFF-015,Vocational,2026-03,2026-03-18,2026-03-20 00:00:00,10000,Verified
ATT-000245,BEN-0021,OFF-004,Vocational,2025-01,2025-01-10,2025-01-10 00:00:00,10000,Verified
ATT-000706,BEN-0058,OFF-015,Plus,2025-02,2025-02-17,2025-02-17 00:00:00,8000,Verified
ATT-001039,BEN-0085,OFF-012,Scholarship,2026-04,2026-04-20,2026-04-21 00:00:00,15000,Verified
ATT-000250,BEN-0021,OFF-004,Vocational,2025-04,2025-04-19,2025-04-19 00:00:00,10000,Verified
ATT-000130,BEN-0011,OFF-001,Plus,2025-03,2025-03-21,2025-03-21 00:00:00,8000,Verified
ATT-001922,BEN-0160,OFF-014,Plus,2025-05,2025-05-08,2025-05-08 00:00:00,8000,Verified
ATT-001071,BEN-0087,OFF-014,Plus,2025-10,2025-10-18,2025-10-19 00:00:00,8000,Verified
ATT-000183,BEN-0015,OFF-012,Vocational,2026-05,2026-05-11,2026-05-11 00:00:00,10000,Verified
ATT-000265,BEN-0022,OFF-008,Scholarship,2025-10,2025-10-10,2025-10-12 00:00:00,15000,Verified
ATT-001350,BEN-0111,OFF-002,Scholarship,2025-04,2025-04-22,2025-04-23 00:00:00,15000,Verified
ATT-002335,BEN-0195,OFF-002,Scholarship,2025-12,2025-12-10,2025-12-11 00:00:00,15000,Verified
ATT-002242,BEN-0188,OFF-005,Scholarship,2025-06,2025-06-12,2025-06-14 00:00:00,15000,Verified
ATT-000065,BEN-0005,OFF-004,Scholarship,2025-08,2025-08-12,2025-08-14 00:00:00,15000,Verified
ATT-000942,BEN-0078,OFF-015,Plus,2026-06,2026-06-05,2026-06-07 00:00:00,8000,Verified
ATT-000755,BEN-0063,OFF-007,Tech,2025-04,2025-04-13,2025-04-15 00:00:00,12000,Verified
ATT-001911,BEN-0159,OFF-009,Plus,2025-09,2025-09-01,2025-09-01 00:00:00,8000,Verified
ATT-002219,BEN-0186,OFF-011,Vocational,2025-11,2025-11-20,2025-11-22 00:00:00,10000,Verified
ATT-000699,BEN-0058,OFF-015,Plus,2026-05,2026-05-03,2026-05-05 00:00:00,8000,Verified
ATT-001095,BEN-0090,OFF-001,Vocational,2026-05,2026-05-25,2026-05-26 00:00:00,10000,Verified
ATT-000118,BEN-0010,OFF-008,Tech,2025-02,2025-02-17,2025-02-19 00:00:00,12000,Verified
ATT-002077,BEN-0174,OFF-002,Plus,2026-06,2026-06-11,2026-06-11 00:00:00,8000,Verified
ATT-001806,BEN-0150,OFF-010,Vocational,2025-03,10/03/2025,2025-03-12 00:00:00,10000,Verified
ATT-000225,BEN-0018,OFF-008,Tech,2025-04,2025-04-11,2025-04-13 00:00:00,12000,Verified
ATT-001449,BEN-0119,OFF-010,Scholarship,2025-12,2025-12-13,2025-12-15 00:00:00,15000,Verified
ATT-002244,BEN-0188,OFF-005,Scholarship,2026-02,2026-02-15,2026-02-17 00:00:00,15000,Verified
ATT-001710,BEN-0142,OFF-007,Tech,2025-02,2025-02-28,2025-03-01 00:00:00,12000,Verified
ATT-001126,BEN-0092,OFF-008,Scholarship,2025-06,2025-06-27,2025-06-27 00:00:00,15000,Verified
ATT-000856,BEN-0071,OFF-005,Plus,2025-09,2025-09-25,2025-09-25 00:00:00,8000,Verified
ATT-002147,BEN-0181,OFF-013,Tech,2025-10,2025-10-06,2025-10-07 00:00:00,12000,Verified
ATT-000088,BEN-0008,OFF-015,Plus,2025-05,2025-05-10,2025-05-11 00:00:00,8000,Verified
ATT-000388,BEN-0031,OFF-008,Vocational,2026-04,2026-04-23,2026-04-24 00:00:00,10000,Verified
ATT-000324,BEN-0026,OFF-007,Tech,2025-08,2025-08-05,2025-08-05 00:00:00,12000,Verified
ATT-000550,BEN-0043,OFF-008,Scholarship,2026-05,2026-05-17,2026-05-19 00:00:00,15000,Verified
ATT-002059,BEN-0173,OFF-003,Tech,2025-06,,2025-06-15 00:00:00,12000,Verified
ATT-002033,BEN-0170,OFF-006,Plus,2025-02,2025-02-15,2025-02-15 00:00:00,8000,Verified
ATT-002239,BEN-0188,OFF-005,Scholarship,2025-09,2025-09-06,2025-09-06 00:00:00,15000,Verified
ATT-002175,BEN-0182,OFF-004,Plus,2026-04,2026-04-01,2026-04-01 00:00:00,8000,Verified
ATT-001540,BEN-0127,OFF-012,Vocational,2025-05,2025-05-14,2025-05-16 00:00:00,10000,Verified
ATT-000939,BEN-0077,OFF-003,Scholarship,2025-10,2025-10-20,2025-10-22 00:00:00,15000,Verified
ATT-001868,BEN-0156,OFF-010,Scholarship,2025-11,2025-11-01,2025-11-02 00:00:00,15000,Verified
ATT-000976,BEN-0080,OFF-013,Vocational,2026-05,2026-05-09,2026-05-09 00:00:00,10000,Verified
ATT-000092,BEN-0008,OFF-015,Plus,2025-08,,2025-08-05 00:00:00,8000,Verified
ATT-002084,BEN-0175,OFF-002,Vocational,2025-05,2025-05-28,2025-05-29 00:00:00,10000,Verified
ATT-000071,BEN-0006,OFF-012,Vocational,2025-08,2025-08-26,2025-08-26 00:00:00,10000,Verified
ATT-000112,BEN-0009,OFF-005,Plus,2026-03,2026-03-16,2026-03-18 00:00:00,8000,Verified
ATT-000675,BEN-0055,OFF-015,Tech,2025-12,2025-12-13,2025-12-13 00:00:00,12000,Verified
ATT-001188,BEN-0098,OFF-015,Vocational,2025-05,2025-05-19,2025-05-19 00:00:00,10000,Verified
ATT-001380,BEN-0114,OFF-006,Scholarship,2025-10,,2025-10-29 00:00:00,15000,Verified
ATT-001804,BEN-0150,OFF-010,Vocational,2025-06,2025-06-14,2025-06-14 00:00:00,10000,Verified
ATT-000050,BEN-0004,OFF-001,Plus,2026-05,2026-05-06,2026-05-07 00:00:00,8000,Verified
ATT-001725,BEN-0144,OFF-011,Scholarship,2026-03,2026-03-14,2026-03-16 00:00:00,15000,Verified
ATT-001896,BEN-0158,OFF-014,Scholarship,2026-02,2026-02-18,2026-02-19 00:00:00,15000,Verified
ATT-000884,BEN-0074,OFF-010,Scholarship,2026-02,2026-02-01,2026-02-01 00:00:00,15000,Verified
ATT-001718,BEN-0143,OFF-012,Scholarship,2025-01,04/01/2025,2025-01-05 00:00:00,15000,Verified
ATT-000881,BEN-0073,OFF-015,Scholarship,2026-06,2026-06-13,2026-06-13 00:00:00,15000,Verified
ATT-001937,BEN-0162,OFF-011,Scholarship,2025-01,2025-01-11,2025-01-12 00:00:00,15000,Verified
ATT-000508,BEN-0041,OFF-007,Plus,2025-11,2025-11-24,2025-11-24 00:00:00,8000,Verified
ATT-000792,BEN-0066,OFF-007,Vocational,2025-06,2025-06-15,2025-06-16 00:00:00,10000,Verified
ATT-000115,BEN-0009,OFF-005,Plus,2025-07,2025-07-21,2025-07-23 00:00:00,8000,Verified
ATT-000481,BEN-0039,OFF-006,Vocational,2025-05,2025-05-20,2025-05-21 00:00:00,10000,Verified
ATT-000068,BEN-0006,OFF-012,Vocational,2025-02,2025-02-24,2025-02-26 00:00:00,10000,Verified
ATT-001231,BEN-0102,OFF-013,Plus,2025-08,,2025-08-13 00:00:00,8000,Verified
ATT-001319,BEN-0109,OFF-006,Tech,2025-09,2025-09-21,2025-09-21 00:00:00,12000,Verified
ATT-000678,BEN-0055,OFF-015,Tech,2026-04,2026-04-03,2026-04-05 00:00:00,12000,Verified
ATT-000844,BEN-0070,OFF-008,Scholarship,2026-06,2026-06-28,2026-06-28 00:00:00,15000,Verified
ATT-000608,BEN-0049,OFF-008,Scholarship,2025-06,2025-06-27,2025-06-27 00:00:00,15000,Verified
ATT-001383,BEN-0114,OFF-006,Scholarship,2025-05,2025-05-13,2025-05-14 00:00:00,15000,Verified
ATT-000701,BEN-0058,OFF-015,Plus,2026-01,2026-01-28,2026-01-30 00:00:00,8000,Verified
ATT-001047,BEN-0086,OFF-004,Plus,2026-05,2026-05-10,2026-05-12 00:00:00,8000,Verified
ATT-001635,BEN-0135,OFF-007,Vocational,2025-01,2025-01-23,2025-01-24 00:00:00,10000,Verified
ATT-000277,BEN-0023,OFF-002,Plus,2025-01,2025-01-13,2025-01-14 00:00:00,8000,Verified
ATT-000961,BEN-0079,OFF-002,Plus,2025-09,2025-09-12,2025-09-14 00:00:00,8000,Verified
ATT-001435,BEN-0118,OFF-006,Scholarship,2026-03,2026-03-17,2026-03-19 00:00:00,15000,Verified
ATT-000825,BEN-0069,OFF-015,Tech,2025-08,2025-08-18,2025-08-20 00:00:00,12000,Verified
ATT-001782,BEN-0149,OFF-005,Vocational,2025-10,2025-10-01,2025-10-01 00:00:00,10000,Verified
ATT-002263,BEN-0190,OFF-004,Plus,2025-10,2025-10-05,2025-10-05 00:00:00,8000,Verified
ATT-000523,BEN-0042,OFF-004,Vocational,2026-03,2026-03-12,2026-03-14 00:00:00,10000,Verified
ATT-002224,BEN-0186,OFF-011,Vocational,2025-10,2025-10-28,2025-10-29 00:00:00,10000,Verified
ATT-000785,BEN-0066,OFF-007,Vocational,2025-08,2025-08-01,2025-08-03 00:00:00,10000,Verified
ATT-000464,BEN-0037,OFF-007,Plus,2026-04,2026-04-18,2026-04-19 00:00:00,8000,Verified
ATT-001428,BEN-0117,OFF-005,Vocational,2025-01,2025-01-18,2025-01-18 00:00:00,10000,Verified
ATT-000461,BEN-0037,OFF-007,Plus,2025-05,2025-05-23,2025-05-23 00:00:00,8000,Verified
ATT-001064,BEN-0087,OFF-014,Plus,2026-01,2026-01-22,2026-01-24 00:00:00,8000,Verified
ATT-000416,BEN-0033,OFF-001,Plus,2026-04,2026-04-18,2026-04-19 00:00:00,8000,Verified
ATT-002081,BEN-0174,OFF-002,Plus,2025-10,2025-10-04,2025-10-04 00:00:00,8000,Verified
ATT-002107,BEN-0176,OFF-001,Scholarship,2025-02,2025-02-12,2025-02-13 00:00:00,15000,Verified
ATT-001467,BEN-0122,OFF-005,Vocational,2025-02,2025-02-06,2025-02-08 00:00:00,10000,Verified
ATT-001058,BEN-0087,OFF-014,Plus,2026-03,2026-03-05,2026-03-07 00:00:00,8000,Verified
ATT-001316,BEN-0108,OFF-006,Vocational,2026-04,2026-04-28,2026-04-28 00:00:00,10000,Verified
ATT-000445,BEN-0036,OFF-012,Plus,2026-01,2026-01-20,2026-01-21 00:00:00,8000,Verified
ATT-000409,BEN-0033,OFF-001,Plus,2026-01,2026-01-16,2026-01-16 00:00:00,8000,Verified
ATT-000806,BEN-0068,OFF-006,Tech,2025-04,2025-04-26,2025-04-28 00:00:00,12000,Verified
ATT-001733,BEN-0144,OFF-011,Scholarship,2025-12,2025-12-17,2025-12-17 00:00:00,15000,Verified
ATT-001437,BEN-0118,OFF-006,Scholarship,2026-05,2026-05-24,2026-05-25 00:00:00,15000,Verified
ATT-000459,BEN-0037,OFF-007,Plus,2025-01,2025-01-07,2025-01-08 00:00:00,8000,Verified
ATT-001411,BEN-0116,OFF-002,Plus,2025-01,2025-01-09,2025-01-10 00:00:00,8000,Verified
ATT-001876,BEN-0157,OFF-012,Plus,2025-12,2025-12-23,2025-12-25 00:00:00,8000,Verified
ATT-001343,BEN-0111,OFF-002,Scholarship,2026-04,2026-04-05,2026-04-06 00:00:00,15000,Verified
ATT-000411,BEN-0033,OFF-001,Plus,2025-12,2025-12-01,2025-12-01 00:00:00,8000,Verified
ATT-001711,BEN-0142,OFF-007,Tech,2025-07,2025-07-28,2025-07-29 00:00:00,12000,Verified
ATT-001133,BEN-0094,OFF-006,Plus,2026-01,2026-01-12,2026-01-12 00:00:00,8000,Verified
ATT-001836,BEN-0153,OFF-010,Vocational,2026-03,2026-03-13,2026-03-14 00:00:00,10000,Verified
ATT-000517,BEN-0041,OFF-007,Plus,2025-03,2025-03-07,2025-03-07 00:00:00,8000,Verified
ATT-001376,BEN-0114,OFF-006,Scholarship,2026-05,2026-05-28,2026-05-29 00:00:00,15000,Verified
ATT-001407,BEN-0116,OFF-002,Plus,2026-02,2026-02-05,2026-02-06 00:00:00,8000,Verified
ATT-002379,BEN-0199,OFF-012,Tech,2025-05,2025-05-26,2025-05-28 00:00:00,12000,Verified
ATT-001831,BEN-0153,OFF-010,Vocational,2025-04,2025-04-12,2025-04-14 00:00:00,10000,Verified
ATT-000576,BEN-0045,OFF-014,Scholarship,2026-06,2026-06-04,2026-06-06 00:00:00,15000,Verified
ATT-000602,BEN-0048,OFF-006,Tech,2025-05,2025-05-28,2025-05-29 00:00:00,12000,Verified
ATT-000420,BEN-0033,OFF-001,Plus,2026-05,2026-05-15,2026-05-15 00:00:00,8000,Verified
ATT-002001,BEN-0168,OFF-013,Scholarship,2025-04,2025-04-09,2025-04-11 00:00:00,15000,Verified
ATT-000157,BEN-0012,OFF-007,Plus,2025-10,2025-10-04,2025-10-04 00:00:00,8000,Verified
ATT-001747,BEN-0145,OFF-001,Vocational,2026-05,2026-05-28,2026-05-29 00:00:00,10000,Verified
ATT-000199,BEN-0017,OFF-007,Scholarship,2025-07,2025-07-16,2025-07-16 00:00:00,15000,Verified
ATT-001663,BEN-0137,OFF-002,Vocational,2025-05,2025-05-10,2025-05-10 00:00:00,10000,Verified
ATT-000105,BEN-0009,OFF-005,Plus,2026-05,2026-05-10,2026-05-12 00:00:00,8000,Verified
ATT-001958,BEN-0164,OFF-005,Scholarship,2026-01,2026-01-15,2026-01-16 00:00:00,15000,Verified
ATT-001275,BEN-0105,OFF-012,Scholarship,2025-12,2025-12-12,2025-12-14 00:00:00,15000,Verified
ATT-001140,BEN-0094,OFF-006,Plus,2026-04,2026-04-10,2026-04-10 00:00:00,8000,Verified
ATT-001148,BEN-0095,OFF-011,Tech,2026-05,2026-05-09,2026-05-11 00:00:00,12000,Verified
ATT-001765,BEN-0147,OFF-010,Vocational,2026-02,2026-02-01,2026-02-02 00:00:00,10000,Verified
ATT-000972,BEN-0080,OFF-013,Vocational,2025-06,2025-06-02,2025-06-04 00:00:00,10000,Verified
ATT-001336,BEN-0110,OFF-005,Vocational,2026-02,,2026-02-03 00:00:00,10000,Verified
ATT-000756,BEN-0063,OFF-007,Tech,2025-07,2025-07-02,2025-07-02 00:00:00,12000,Verified
ATT-000533,BEN-0042,OFF-004,Vocational,2026-06,2026-06-05,2026-06-06 00:00:00,10000,Verified
ATT-001286,BEN-0106,OFF-007,Scholarship,2026-06,2026-06-08,2026-06-10 00:00:00,15000,Verified
ATT-000807,BEN-0068,OFF-006,Tech,2025-03,27/03/2025,2025-03-29 00:00:00,12000,Verified
ATT-000267,BEN-0022,OFF-008,Scholarship,2025-07,2025-07-09,2025-07-11 00:00:00,15000,Verified
ATT-000205,BEN-0017,OFF-007,Scholarship,2025-11,2025-11-08,2025-11-09 00:00:00,15000,Verified
ATT-001952,BEN-0164,OFF-005,Scholarship,2026-04,2026-04-14,2026-04-14 00:00:00,15000,Verified
ATT-001917,BEN-0160,OFF-014,Plus,2025-07,2025-07-03,2025-07-03 00:00:00,8000,Verified
ATT-000286,BEN-0023,OFF-002,Plus,2026-06,,2026-06-12 00:00:00,8000,Verified
ATT-001396,BEN-0115,OFF-004,Plus,2025-05,2025-05-14,2025-05-14 00:00:00,8000,Verified
ATT-002202,BEN-0185,OFF-013,Tech,2026-02,2026-02-23,2026-02-23 00:00:00,12000,Verified
ATT-001499,BEN-0124,OFF-012,Scholarship,2026-01,2026-01-07,2026-01-09 00:00:00,15000,Verified
ATT-001337,BEN-0110,OFF-005,Vocational,2025-11,19/11/2025,2025-11-20 00:00:00,10000,Verified
ATT-001653,BEN-0137,OFF-002,Vocational,2026-04,2026-04-18,2026-04-18 00:00:00,10000,Verified
ATT-001093,BEN-0090,OFF-001,Vocational,2025-02,2025-02-16,2025-02-17 00:00:00,10000,Verified
ATT-001468,BEN-0122,OFF-005,Vocational,2026-05,2026-05-26,2026-05-26 00:00:00,10000,Verified
ATT-001375,BEN-0114,OFF-006,Scholarship,2026-03,2026-03-19,2026-03-19 00:00:00,15000,Verified
ATT-000530,BEN-0042,OFF-004,Vocational,2025-05,2025-05-04,2025-05-04 00:00:00,10000,Verified
ATT-001116,BEN-0092,OFF-008,Scholarship,2025-07,2025-07-07,2025-07-09 00:00:00,15000,Verified
ATT-001338,BEN-0110,OFF-005,Vocational,2025-02,2025-02-08,2025-02-08 00:00:00,10000,Verified
ATT-000987,BEN-0081,OFF-005,Plus,2026-03,2026-03-06,2026-03-07 00:00:00,8000,Verified
ATT-002180,BEN-0183,OFF-014,Scholarship,2025-12,2025-12-19,2025-12-21 00:00:00,15000,Verified
ATT-000687,BEN-0056,OFF-005,Plus,2025-03,2025-03-22,2025-03-22 00:00:00,8000,Verified
ATT-000239,BEN-0020,OFF-002,Plus,2025-09,2025-09-05,2025-09-06 00:00:00,8000,Verified
ATT-000585,BEN-0046,OFF-012,Tech,2025-05,2025-05-24,2025-05-24 00:00:00,12000,Verified
ATT-002209,BEN-0186,OFF-011,Vocational,2026-03,,2026-03-14 00:00:00,10000,Verified
ATT-001475,BEN-0122,OFF-005,Vocational,2025-01,2025-01-26,2025-01-26 00:00:00,10000,Verified
ATT-002116,BEN-0178,OFF-005,Plus,2025-03,2025-03-07,2025-03-08 00:00:00,8000,Verified
ATT-001025,BEN-0084,OFF-008,Scholarship,2025-02,2025-02-24,2025-02-26 00:00:00,15000,Verified
ATT-000079,BEN-0007,OFF-015,Vocational,2026-06,2026-06-20,2026-06-21 00:00:00,10000,Verified
ATT-002382,BEN-0199,OFF-012,Tech,2026-02,2026-02-04,2026-02-05 00:00:00,12000,Verified
ATT-000434,BEN-0035,OFF-008,Plus,2026-05,2026-05-19,2026-05-19 00:00:00,8000,Verified
ATT-001009,BEN-0083,OFF-001,Plus,2025-01,2025-01-13,2025-01-14 00:00:00,8000,Verified
ATT-000182,BEN-0015,OFF-012,Vocational,2026-01,2026-01-25,2026-01-25 00:00:00,10000,Verified
ATT-001843,BEN-0154,OFF-005,Plus,2025-12,2025-12-06,2025-12-08 00:00:00,8000,Verified
ATT-001476,BEN-0122,OFF-005,Vocational,2025-04,2025-04-14,2025-04-14 00:00:00,10000,Verified
ATT-000122,BEN-0010,OFF-008,Tech,2025-06,2025-06-08,2025-06-09 00:00:00,12000,Verified
ATT-000716,BEN-0060,OFF-012,Plus,2026-06,2026-06-13,2026-06-14 00:00:00,8000,Verified
ATT-001497,BEN-0124,OFF-012,Scholarship,2026-05,2026-05-21,2026-05-21 00:00:00,15000,Verified
ATT-000383,BEN-0031,OFF-008,Vocational,2026-03,2026-03-19,2026-03-21 00:00:00,10000,Verified
ATT-000363,BEN-0030,OFF-011,Scholarship,2026-02,2026-02-23,2026-02-23 00:00:00,15000,Verified
ATT-000968,BEN-0080,OFF-013,Vocational,2026-06,2026-06-20,2026-06-22 00:00:00,10000,Verified
ATT-000392,BEN-0032,OFF-005,Vocational,2025-01,2025-01-07,2025-01-09 00:00:00,10000,Verified
ATT-001792,BEN-0149,OFF-005,Vocational,2026-03,11/03/2026,2026-03-13 00:00:00,10000,Verified
ATT-001253,BEN-0103,OFF-009,Plus,2025-11,2025-11-28,2025-11-30 00:00:00,8000,Verified
ATT-000800,BEN-0067,OFF-015,Scholarship,2025-07,2025-07-27,2025-07-27 00:00:00,15000,Verified
ATT-000708,BEN-0059,OFF-013,Vocational,2025-08,2025-08-20,2025-08-20 00:00:00,10000,Verified
ATT-001102,BEN-0091,OFF-003,Tech,2025-07,2025-07-22,2025-07-24 00:00:00,12000,Verified
ATT-000820,BEN-0069,OFF-015,Tech,2025-05,2025-05-15,2025-05-15 00:00:00,12000,Verified
ATT-001930,BEN-0162,OFF-011,Scholarship,2025-03,2025-03-14,2025-03-14 00:00:00,15000,Verified
ATT-000087,BEN-0007,OFF-015,Vocational,2025-10,2025-10-07,2025-10-09 00:00:00,10000,Verified
ATT-002100,BEN-0176,OFF-001,Scholarship,2025-07,2025-07-17,2025-07-18 00:00:00,15000,Verified
ATT-000298,BEN-0024,OFF-014,Plus,2026-06,2026-06-11,2026-06-12 00:00:00,8000,Verified
ATT-001842,BEN-0154,OFF-005,Plus,2025-04,2025-04-13,2025-04-14 00:00:00,8000,Verified
ATT-000261,BEN-0022,OFF-008,Scholarship,2025-11,2025-11-22,2025-11-22 00:00:00,15000,Verified
ATT-001079,BEN-0088,OFF-002,Scholarship,2025-11,2025-11-16,2025-11-17 00:00:00,15000,Verified
ATT-001374,BEN-0114,OFF-006,Scholarship,2026-06,2026-06-08,2026-06-09 00:00:00,15000,Verified
ATT-001185,BEN-0098,OFF-015,Vocational,2025-04,2025-04-18,2025-04-19 00:00:00,10000,Verified
ATT-001518,BEN-0125,OFF-014,Vocational,2026-01,2026-01-08,2026-01-10 00:00:00,10000,Verified
ATT-002363,BEN-0197,OFF-006,Plus,2026-05,2026-05-07,2026-05-08 00:00:00,8000,Verified
ATT-001520,BEN-0125,OFF-014,Vocational,2026-06,2026-06-15,2026-06-16 00:00:00,10000,Verified
ATT-000801,BEN-0067,OFF-015,Scholarship,2025-04,04/04/2025,2025-04-06 00:00:00,15000,Verified
ATT-002058,BEN-0173,OFF-003,Tech,2025-04,2025-04-06,2025-04-06 00:00:00,12000,Verified
ATT-000396,BEN-0032,OFF-005,Vocational,2025-12,2025-12-26,2025-12-27 00:00:00,10000,Verified
ATT-002205,BEN-0185,OFF-013,Tech,2025-12,2025-12-07,2025-12-09 00:00:00,12000,Verified
ATT-002156,BEN-0181,OFF-013,Tech,2025-02,2025-02-25,2025-02-25 00:00:00,12000,Verified
ATT-002181,BEN-0183,OFF-014,Scholarship,2025-06,2025-06-04,2025-06-06 00:00:00,15000,Verified
ATT-002346,BEN-0196,OFF-004,Vocational,2025-11,2025-11-12,2025-11-14 00:00:00,10000,Verified
ATT-001084,BEN-0089,OFF-009,Vocational,2025-03,2025-03-23,2025-03-23 00:00:00,10000,Verified
ATT-001257,BEN-0103,OFF-009,Plus,2026-05,2026-05-06,2026-05-08 00:00:00,8000,Verified
ATT-001869,BEN-0156,OFF-010,Scholarship,2026-04,2026-04-09,2026-04-11 00:00:00,15000,Verified
ATT-000745,BEN-0062,OFF-014,Tech,2025-01,2025-01-20,2025-01-22 00:00:00,12000,Verified
ATT-001651,BEN-0137,OFF-002,Vocational,2026-02,,2026-02-14 00:00:00,10000,Verified
ATT-001423,BEN-0117,OFF-005,Vocational,2025-03,2025-03-14,2025-03-16 00:00:00,10000,Verified
ATT-002160,BEN-0181,OFF-013,Tech,2025-08,2025-08-01,2025-08-01 00:00:00,12000,Verified
ATT-001392,BEN-0115,OFF-004,Plus,2026-05,2026-05-06,2026-05-06 00:00:00,8000,Verified
ATT-000918,BEN-0076,OFF-015,Vocational,2026-03,2026-03-05,2026-03-07 00:00:00,10000,Verified
ATT-001886,BEN-0157,OFF-012,Plus,2025-02,18/02/2025,2025-02-19 00:00:00,8000,Verified
ATT-000253,BEN-0021,OFF-004,Vocational,2025-06,2025-06-21,2025-06-22 00:00:00,10000,Verified
ATT-002356,BEN-0197,OFF-006,Plus,2025-02,2025-02-14,2025-02-14 00:00:00,8000,Verified
ATT-000082,BEN-0007,OFF-015,Vocational,2026-04,2026-04-24,2026-04-25 00:00:00,10000,Verified
ATT-001170,BEN-0096,OFF-005,Plus,2025-12,05/12/2025,2025-12-06 00:00:00,8000,Verified
ATT-000221,BEN-0018,OFF-008,Tech,2026-02,2026-02-11,2026-02-11 00:00:00,12000,Verified
ATT-002103,BEN-0176,OFF-001,Scholarship,2025-05,,2025-05-03 00:00:00,15000,Verified
ATT-000613,BEN-0049,OFF-008,Scholarship,2026-06,2026-06-13,2026-06-15 00:00:00,15000,Verified
ATT-001321,BEN-0109,OFF-006,Tech,2026-03,2026-03-14,2026-03-16 00:00:00,12000,Verified
ATT-001371,BEN-0113,OFF-007,Scholarship,2025-05,2025-05-02,2025-05-03 00:00:00,15000,Verified
ATT-001490,BEN-0123,OFF-012,Tech,2025-01,2025-01-16,2025-01-16 00:00:00,12000,Verified
ATT-000581,BEN-0046,OFF-012,Tech,2025-03,2025-03-02,2025-03-04 00:00:00,12000,Verified
ATT-002106,BEN-0176,OFF-001,Scholarship,2025-08,2025-08-13,2025-08-13 00:00:00,15000,Verified
ATT-000622,BEN-0050,OFF-009,Scholarship,2025-10,2025-10-03,2025-10-05 00:00:00,15000,Verified
ATT-001245,BEN-0103,OFF-009,Plus,2025-04,2025-04-28,2025-04-29 00:00:00,8000,Verified
ATT-001051,BEN-0086,OFF-004,Plus,2025-12,,2025-12-16 00:00:00,8000,Verified
ATT-001186,BEN-0098,OFF-015,Vocational,2026-05,05/05/2026,2026-05-05 00:00:00,10000,Verified
ATT-002029,BEN-0170,OFF-006,Plus,2025-06,2025-06-25,2025-06-26 00:00:00,8000,Verified
ATT-001762,BEN-0147,OFF-010,Vocational,2026-01,2026-01-18,2026-01-18 00:00:00,10000,Verified
ATT-000531,BEN-0042,OFF-004,Vocational,2025-04,2025-04-21,2025-04-23 00:00:00,10000,Verified
ATT-000574,BEN-0045,OFF-014,Scholarship,2025-02,2025-02-04,2025-02-05 00:00:00,15000,Verified
ATT-001788,BEN-0149,OFF-005,Vocational,2026-02,2026-02-07,2026-02-09 00:00:00,10000,Verified
ATT-000638,BEN-0052,OFF-006,Vocational,2025-09,2025-09-11,2025-09-12 00:00:00,10000,Verified
ATT-000354,BEN-0029,OFF-006,Vocational,2026-01,2026-01-24,2026-01-24 00:00:00,10000,Verified
ATT-001915,BEN-0159,OFF-009,Plus,2026-05,,2026-05-27 00:00:00,8000,Verified
ATT-002260,BEN-0190,OFF-004,Plus,2026-02,2026-02-05,2026-02-07 00:00:00,8000,Verified
ATT-002188,BEN-0184,OFF-003,Tech,2025-04,,2025-04-22 00:00:00,12000,Verified
ATT-000378,BEN-0030,OFF-011,Scholarship,2026-06,2026-06-20,2026-06-22 00:00:00,15000,Verified
ATT-001272,BEN-0105,OFF-012,Scholarship,2025-07,2025-07-08,2025-07-08 00:00:00,15000,Verified
ATT-000389,BEN-0031,OFF-008,Vocational,2026-02,2026-02-11,2026-02-12 00:00:00,10000,Verified
ATT-001921,BEN-0160,OFF-014,Plus,2025-10,2025-10-14,2025-10-16 00:00:00,8000,Verified
ATT-001498,BEN-0124,OFF-012,Scholarship,2025-03,2025-03-13,2025-03-15 00:00:00,15000,Verified
ATT-001855,BEN-0155,OFF-004,Vocational,2025-05,2025-05-22,2025-05-24 00:00:00,10000,Verified
ATT-002005,BEN-0168,OFF-013,Scholarship,2026-05,2026-05-06,2026-05-07 00:00:00,15000,Verified
ATT-001517,BEN-0125,OFF-014,Vocational,2025-06,2025-06-15,2025-06-16 00:00:00,10000,Verified
ATT-000449,BEN-0036,OFF-012,Plus,2025-02,2025-02-19,2025-02-20 00:00:00,8000,Verified
ATT-000788,BEN-0066,OFF-007,Vocational,2026-02,2026-02-21,2026-02-22 00:00:00,10000,Verified
ATT-000176,BEN-0015,OFF-012,Vocational,2026-06,,2026-06-26 00:00:00,10000,Verified
ATT-000538,BEN-0043,OFF-008,Scholarship,2025-06,2025-06-22,2025-06-24 00:00:00,15000,Verified
ATT-001130,BEN-0093,OFF-013,Tech,2025-07,2025-07-13,2025-07-14 00:00:00,12000,Verified
ATT-001835,BEN-0153,OFF-010,Vocational,2026-05,2026-05-14,2026-05-15 00:00:00,10000,Verified
ATT-000689,BEN-0056,OFF-005,Plus,2025-10,2025-10-06,2025-10-07 00:00:00,8000,Verified
ATT-000095,BEN-0008,OFF-015,Plus,2025-03,2025-03-23,2025-03-25 00:00:00,8000,Verified
ATT-001926,BEN-0161,OFF-007,Scholarship,2025-07,2025-07-04,2025-07-04 00:00:00,15000,Verified
ATT-000926,BEN-0077,OFF-003,Scholarship,2025-05,2025-05-07,2025-05-09 00:00:00,15000,Verified
ATT-000935,BEN-0077,OFF-003,Scholarship,2025-02,2025-02-07,2025-02-07 00:00:00,15000,Verified
ATT-000710,BEN-0059,OFF-013,Vocational,2025-04,2025-04-06,2025-04-06 00:00:00,10000,Verified
ATT-000554,BEN-0044,OFF-012,Scholarship,2025-10,2025-10-20,2025-10-21 00:00:00,15000,Verified
ATT-000858,BEN-0071,OFF-005,Plus,2025-03,2025-03-21,2025-03-21 00:00:00,8000,Verified
ATT-000741,BEN-0061,OFF-008,Scholarship,2026-01,2026-01-12,2026-01-12 00:00:00,15000,Verified
ATT-001822,BEN-0151,OFF-013,Vocational,2025-12,2025-12-27,2025-12-28 00:00:00,10000,Verified
ATT-002338,BEN-0195,OFF-002,Scholarship,2025-08,2025-08-16,2025-08-16 00:00:00,15000,Verified
ATT-002208,BEN-0186,OFF-011,Vocational,2025-04,2025-04-20,2025-04-21 00:00:00,10000,Verified
ATT-001312,BEN-0108,OFF-006,Vocational,2025-10,2025-10-20,2025-10-22 00:00:00,10000,Verified
ATT-000041,BEN-0004,OFF-001,Plus,2025-07,2025-07-20,2025-07-20 00:00:00,8000,Verified
ATT-000924,BEN-0077,OFF-003,Scholarship,2025-03,2025-03-27,2025-03-27 00:00:00,15000,Verified
ATT-001203,BEN-0099,OFF-004,Scholarship,2025-04,2025-04-24,2025-04-25 00:00:00,15000,Verified
ATT-000874,BEN-0073,OFF-015,Scholarship,2025-12,2025-12-11,2025-12-11 00:00:00,15000,Verified
ATT-000104,BEN-0008,OFF-015,Plus,2025-09,22/09/2025,2025-09-23 00:00:00,8000,Verified
ATT-000325,BEN-0026,OFF-007,Tech,2025-09,2025-09-22,2025-09-22 00:00:00,12000,Verified
ATT-001172,BEN-0097,OFF-010,Scholarship,2025-01,2025-01-19,2025-01-19 00:00:00,15000,Verified
ATT-001389,BEN-0115,OFF-004,Plus,2025-08,2025-08-12,2025-08-14 00:00:00,8000,Verified
ATT-000469,BEN-0038,OFF-012,Plus,2025-12,,2025-12-21 00:00:00,8000,Verified
ATT-000148,BEN-0012,OFF-007,Plus,2025-11,2025-11-04,2025-11-05 00:00:00,8000,Verified
ATT-000877,BEN-0073,OFF-015,Scholarship,2025-11,2025-11-15,2025-11-17 00:00:00,15000,Verified
ATT-000568,BEN-0045,OFF-014,Scholarship,2025-08,2025-08-17,2025-08-19 00:00:00,15000,Verified
ATT-001099,BEN-0090,OFF-001,Vocational,2025-10,,2025-10-11 00:00:00,10000,Verified
ATT-001421,BEN-0117,OFF-005,Vocational,2025-11,2025-11-27,2025-11-29 00:00:00,10000,Verified
ATT-000419,BEN-0033,OFF-001,Plus,2025-09,2025-09-21,2025-09-23 00:00:00,8000,Verified
ATT-002105,BEN-0176,OFF-001,Scholarship,2025-01,2025-01-07,2025-01-09 00:00:00,15000,Verified
ATT-002345,BEN-0195,OFF-002,Scholarship,2025-03,2025-03-21,2025-03-21 00:00:00,15000,Verified
ATT-002003,BEN-0168,OFF-013,Scholarship,2025-09,2025-09-03,2025-09-04 00:00:00,15000,Verified
ATT-001298,BEN-0106,OFF-007,Scholarship,2025-06,2025-06-24,2025-06-24 00:00:00,15000,Verified
ATT-000556,BEN-0044,OFF-012,Scholarship,2025-07,2025-07-07,2025-07-07 00:00:00,15000,Verified
ATT-001339,BEN-0110,OFF-005,Vocational,2025-04,2025-04-20,2025-04-21 00:00:00,10000,Verified
ATT-001369,BEN-0113,OFF-007,Scholarship,2026-04,2026-04-25,2026-04-25 00:00:00,15000,Verified
ATT-000405,BEN-0032,OFF-005,Vocational,2025-10,2025-10-20,2025-10-21 00:00:00,10000,Verified
ATT-002055,BEN-0172,OFF-012,Plus,2026-03,2026-03-14,2026-03-14 00:00:00,8000,Verified
ATT-001109,BEN-0091,OFF-003,Tech,2025-06,2025-06-20,2025-06-20 00:00:00,12000,Verified
ATT-002398,BEN-0200,OFF-011,Vocational,2025-05,2025-05-02,2025-05-02 00:00:00,10000,Verified
ATT-001703,BEN-0141,OFF-010,Plus,2025-01,2025-01-11,2025-01-12 00:00:00,8000,Verified
ATT-001400,BEN-0116,OFF-002,Plus,2025-03,2025-03-24,2025-03-25 00:00:00,8000,Verified
ATT-001912,BEN-0159,OFF-009,Plus,2025-03,2025-03-27,2025-03-29 00:00:00,8000,Verified
ATT-001939,BEN-0162,OFF-011,Scholarship,2025-04,2025-04-22,2025-04-22 00:00:00,15000,Verified
ATT-002089,BEN-0175,OFF-002,Vocational,2025-08,2025-08-23,2025-08-24 00:00:00,10000,Verified
ATT-000496,BEN-0040,OFF-014,Scholarship,2025-07,2025-07-25,2025-07-25 00:00:00,15000,Verified
ATT-002390,BEN-0199,OFF-012,Tech,2025-04,2025-04-28,2025-04-30 00:00:00,12000,Verified
ATT-001987,BEN-0167,OFF-013,Plus,2026-01,2026-01-07,2026-01-07 00:00:00,8000,Verified
ATT-001641,BEN-0135,OFF-007,Vocational,2026-01,2026-01-08,2026-01-08 00:00:00,10000,Verified
ATT-001898,BEN-0158,OFF-014,Scholarship,2025-06,2025-06-03,2025-06-04 00:00:00,15000,Verified
ATT-000248,BEN-0021,OFF-004,Vocational,2026-06,2026-06-24,2026-06-26 00:00:00,10000,Verified
ATT-000106,BEN-0009,OFF-005,Plus,2025-03,,2025-03-20 00:00:00,8000,Verified
ATT-001347,BEN-0111,OFF-002,Scholarship,2025-11,2025-11-13,2025-11-14 00:00:00,15000,Verified
ATT-001547,BEN-0127,OFF-012,Vocational,2026-06,2026-06-03,2026-06-03 00:00:00,10000,Verified
ATT-000135,BEN-0011,OFF-001,Plus,2025-07,2025-07-07,2025-07-08 00:00:00,8000,Verified
ATT-000355,BEN-0029,OFF-006,Vocational,2025-11,2025-11-25,2025-11-26 00:00:00,10000,Verified
ATT-001905,BEN-0159,OFF-009,Plus,2025-07,2025-07-27,2025-07-28 00:00:00,8000,Verified
ATT-000420,BEN-0033,OFF-001,Plus,2026-05,2026-05-15,2026-05-15 00:00:00,8000,Verified
ATT-002128,BEN-0179,OFF-001,Tech,2026-05,2026-05-08,2026-05-09 00:00:00,12000,Verified
ATT-001097,BEN-0090,OFF-001,Vocational,2025-09,2025-09-21,2025-09-21 00:00:00,10000,Verified
ATT-000629,BEN-0051,OFF-010,Vocational,2026-01,19/01/2026,2026-01-19 00:00:00,10000,Verified
ATT-002039,BEN-0171,OFF-004,Plus,2025-06,2025-06-22,2025-06-22 00:00:00,8000,Verified
ATT-000696,BEN-0057,OFF-012,Tech,2026-04,2026-04-18,2026-04-20 00:00:00,12000,Verified
ATT-000186,BEN-0015,OFF-012,Vocational,2025-01,2025-01-15,2025-01-17 00:00:00,10000,Verified
ATT-000771,BEN-0064,OFF-001,Tech,2026-05,02/05/2026,2026-05-03 00:00:00,12000,Verified
ATT-001503,BEN-0124,OFF-012,Scholarship,2025-05,2025-05-14,2025-05-16 00:00:00,15000,Verified
ATT-001174,BEN-0097,OFF-010,Scholarship,2025-09,2025-09-07,2025-09-07 00:00:00,15000,Verified
ATT-002348,BEN-0196,OFF-004,Vocational,2025-09,2025-09-09,2025-09-10 00:00:00,10000,Verified
ATT-001335,BEN-0110,OFF-005,Vocational,2025-05,2025-05-13,2025-05-15 00:00:00,10000,Verified
ATT-000529,BEN-0042,OFF-004,Vocational,2026-01,2026-01-17,2026-01-17 00:00:00,10000,Verified
ATT-001781,BEN-0149,OFF-005,Vocational,2025-06,2025-06-03,2025-06-04 00:00:00,10000,Verified
ATT-000962,BEN-0079,OFF-002,Plus,2025-03,2025-03-06,2025-03-06 00:00:00,8000,Verified
ATT-000958,BEN-0079,OFF-002,Plus,2025-11,2025-11-07,2025-11-09 00:00:00,8000,Verified
ATT-000799,BEN-0067,OFF-015,Scholarship,2025-08,2025-08-17,2025-08-19 00:00:00,15000,Verified
ATT-001618,BEN-0133,OFF-007,Scholarship,2026-02,2026-02-27,2026-02-28 00:00:00,15000,Verified
ATT-002146,BEN-0181,OFF-013,Tech,2025-09,2025-09-09,2025-09-10 00:00:00,12000,Verified
ATT-002370,BEN-0198,OFF-011,Vocational,2025-03,2025-03-13,2025-03-13 00:00:00,10000,Verified
ATT-001325,BEN-0109,OFF-006,Tech,2025-08,2025-08-20,2025-08-21 00:00:00,12000,Verified
ATT-001949,BEN-0163,OFF-006,Scholarship,2025-10,2025-10-13,2025-10-15 00:00:00,15000,Verified
ATT-002067,BEN-0173,OFF-003,Tech,2026-03,2026-03-10,2026-03-12 00:00:00,12000,Verified
ATT-000362,BEN-0029,OFF-006,Vocational,2025-02,2025-02-14,2025-02-14 00:00:00,10000,Verified
ATT-001907,BEN-0159,OFF-009,Plus,2025-10,2025-10-25,2025-10-25 00:00:00,8000,Verified
ATT-000230,BEN-0019,OFF-001,Plus,2026-06,2026-06-28,2026-06-30 00:00:00,8000,Verified
ATT-002405,BEN-0200,OFF-011,Vocational,2025-12,2025-12-14,2025-12-14 00:00:00,10000,Verified
ATT-000113,BEN-0009,OFF-005,Plus,2026-02,2026-02-28,2026-03-02 00:00:00,8000,Verified
ATT-001313,BEN-0108,OFF-006,Vocational,2025-12,19/12/2025,2025-12-21 00:00:00,10000,Verified
ATT-000296,BEN-0024,OFF-014,Plus,2025-07,2025-07-08,2025-07-08 00:00:00,8000,Verified
ATT-002329,BEN-0194,OFF-012,Plus,2025-08,2025-08-18,2025-08-19 00:00:00,8000,Verified
ATT-000973,BEN-0080,OFF-013,Vocational,2025-01,2025-01-16,2025-01-18 00:00:00,10000,Verified
ATT-002207,BEN-0185,OFF-013,Tech,2025-02,2025-02-13,2025-02-13 00:00:00,12000,Verified
ATT-000244,BEN-0021,OFF-004,Vocational,2026-05,2026-05-28,2026-05-28 00:00:00,10000,Verified
ATT-000768,BEN-0064,OFF-001,Tech,2025-05,2025-05-17,2025-05-17 00:00:00,12000,Verified
ATT-001899,BEN-0158,OFF-014,Scholarship,2025-07,2025-07-22,2025-07-23 00:00:00,15000,Verified
ATT-001616,BEN-0133,OFF-007,Scholarship,2025-06,2025-06-03,2025-06-05 00:00:00,15000,Verified
ATT-001881,BEN-0157,OFF-012,Plus,2025-07,2025-07-20,2025-07-22 00:00:00,8000,Verified
ATT-000442,BEN-0036,OFF-012,Plus,2025-03,28/03/2025,2025-03-29 00:00:00,8000,Verified
ATT-001753,BEN-0146,OFF-015,Scholarship,2025-12,2025-12-25,2025-12-27 00:00:00,15000,Verified
ATT-001908,BEN-0159,OFF-009,Plus,2026-06,2026-06-12,2026-06-12 00:00:00,8000,Verified
ATT-000330,BEN-0026,OFF-007,Tech,2025-07,2025-07-15,2025-07-16 00:00:00,12000,Verified
ATT-000129,BEN-0011,OFF-001,Plus,2026-03,2026-03-20,2026-03-20 00:00:00,8000,Verified
ATT-000394,BEN-0032,OFF-005,Vocational,2025-06,2025-06-22,2025-06-23 00:00:00,10000,Verified
ATT-001108,BEN-0091,OFF-003,Tech,2025-09,2025-09-25,2025-09-25 00:00:00,12000,Verified
ATT-001450,BEN-0119,OFF-010,Scholarship,2025-02,2025-02-19,2025-02-19 00:00:00,15000,Verified
ATT-001786,BEN-0149,OFF-005,Vocational,2025-01,02/01/2025,2025-01-04 00:00:00,10000,Verified
ATT-000171,BEN-0014,OFF-013,Scholarship,2025-11,,2025-11-05 00:00:00,15000,Verified
ATT-000600,BEN-0048,OFF-006,Tech,2026-04,2026-04-02,2026-04-02 00:00:00,12000,Verified
ATT-001317,BEN-0108,OFF-006,Vocational,2025-02,2025-02-07,2025-02-07 00:00:00,10000,Verified
ATT-001816,BEN-0151,OFF-013,Vocational,2025-05,2025-05-03,2025-05-03 00:00:00,10000,Verified
ATT-000790,BEN-0066,OFF-007,Vocational,2026-05,2026-05-20,2026-05-22 00:00:00,10000,Verified
ATT-000822,BEN-0069,OFF-015,Tech,2025-06,2025-06-22,2025-06-23 00:00:00,12000,Verified
ATT-000826,BEN-0069,OFF-015,Tech,2025-03,2025-03-01,2025-03-03 00:00:00,12000,Verified
ATT-001914,BEN-0159,OFF-009,Plus,2025-04,2025-04-27,2025-04-28 00:00:00,8000,Verified
ATT-000005,BEN-0001,OFF-008,Tech,2026-01,2026-01-09,2026-01-10 00:00:00,12000,Verified
ATT-000031,BEN-0003,OFF-005,Tech,2025-08,2025-08-04,2025-08-04 00:00:00,12000,Verified
ATT-001870,BEN-0156,OFF-010,Scholarship,2025-06,2025-06-24,2025-06-26 00:00:00,15000,Verified
ATT-001797,BEN-0150,OFF-010,Vocational,2025-07,2025-07-28,2025-07-28 00:00:00,10000,Verified
ATT-001204,BEN-0099,OFF-004,Scholarship,2025-03,2025-03-10,2025-03-10 00:00:00,15000,Verified
ATT-000713,BEN-0059,OFF-013,Vocational,2025-09,2025-09-19,2025-09-21 00:00:00,10000,Verified
ATT-000227,BEN-0019,OFF-001,Plus,2025-01,2025-01-20,2025-01-22 00:00:00,8000,Verified
ATT-001038,BEN-0085,OFF-012,Scholarship,2026-02,2026-02-16,2026-02-16 00:00:00,15000,Verified
ATT-001528,BEN-0126,OFF-013,Vocational,2026-04,2026-04-05,2026-04-05 00:00:00,10000,Verified
ATT-001974,BEN-0166,OFF-001,Plus,2025-06,2025-06-27,2025-06-27 00:00:00,8000,Verified
ATT-002253,BEN-0189,OFF-002,Tech,2025-12,2025-12-24,2025-12-25 00:00:00,12000,Verified
ATT-000053,BEN-0004,OFF-001,Plus,2026-01,2026-01-02,2026-01-02 00:00:00,8000,Verified
ATT-001615,BEN-0133,OFF-007,Scholarship,2026-03,2026-03-23,2026-03-23 00:00:00,15000,Verified
ATT-001673,BEN-0138,OFF-009,Scholarship,2025-06,2025-06-28,2025-06-28 00:00:00,15000,Verified
ATT-000352,BEN-0029,OFF-006,Vocational,2025-09,2025-09-16,2025-09-18 00:00:00,10000,Verified
ATT-002000,BEN-0168,OFF-013,Scholarship,2025-11,2025-11-02,2025-11-04 00:00:00,15000,Verified
ATT-002314,BEN-0193,OFF-010,Tech,2026-05,2026-05-02,2026-05-02 00:00:00,12000,Verified
ATT-000313,BEN-0025,OFF-009,Plus,2025-01,2025-01-26,2025-01-27 00:00:00,8000,Verified
ATT-001356,BEN-0112,OFF-007,Scholarship,2026-06,07/06/2026,2026-06-08 00:00:00,15000,Verified
ATT-001506,BEN-0124,OFF-012,Scholarship,2025-08,2025-08-11,2025-08-13 00:00:00,15000,Verified
ATT-002273,BEN-0191,OFF-012,Vocational,2025-06,2025-06-17,2025-06-18 00:00:00,10000,Verified
ATT-001592,BEN-0131,OFF-004,Tech,2025-03,2025-03-09,2025-03-11 00:00:00,12000,Verified
ATT-002286,BEN-0191,OFF-012,Vocational,2025-03,,2025-03-02 00:00:00,10000,Verified
ATT-002092,BEN-0175,OFF-002,Vocational,2026-03,2026-03-26,2026-03-27 00:00:00,10000,Verified
ATT-000103,BEN-0008,OFF-015,Plus,2025-04,2025-04-13,2025-04-15 00:00:00,8000,Verified
ATT-000215,BEN-0018,OFF-008,Tech,2025-11,2025-11-01,2025-11-02 00:00:00,12000,Verified
ATT-001819,BEN-0151,OFF-013,Vocational,2025-10,2025-10-15,2025-10-15 00:00:00,10000,Verified
ATT-001706,BEN-0142,OFF-007,Tech,2025-01,2025-01-04,2025-01-06 00:00:00,12000,Verified
ATT-000821,BEN-0069,OFF-015,Tech,2025-11,2025-11-28,2025-11-28 00:00:00,12000,Verified
ATT-001346,BEN-0111,OFF-002,Scholarship,2025-09,2025-09-26,2025-09-28 00:00:00,15000,Verified
ATT-000102,BEN-0008,OFF-015,Plus,2025-02,15/02/2025,2025-02-15 00:00:00,8000,Verified
ATT-002375,BEN-0198,OFF-011,Vocational,2025-10,2025-10-06,2025-10-07 00:00:00,10000,Verified
ATT-000955,BEN-0079,OFF-002,Plus,2026-01,2026-01-21,2026-01-23 00:00:00,8000,Verified
ATT-001201,BEN-0099,OFF-004,Scholarship,2025-10,2025-10-11,2025-10-13 00:00:00,15000,Verified
ATT-000474,BEN-0038,OFF-012,Plus,2025-07,2025-07-20,2025-07-20 00:00:00,8000,Verified
ATT-000454,BEN-0037,OFF-007,Plus,2025-08,2025-08-27,2025-08-27 00:00:00,8000,Verified
ATT-000743,BEN-0061,OFF-008,Scholarship,2026-06,2026-06-05,2026-06-06 00:00:00,15000,Verified
ATT-000984,BEN-0081,OFF-005,Plus,2026-01,2026-01-07,2026-01-07 00:00:00,8000,Verified
ATT-001089,BEN-0089,OFF-009,Vocational,2026-04,2026-04-21,2026-04-22 00:00:00,10000,Verified
ATT-001232,BEN-0102,OFF-013,Plus,2025-09,2025-09-27,2025-09-27 00:00:00,8000,Verified
ATT-000528,BEN-0042,OFF-004,Vocational,2026-02,2026-02-13,2026-02-14 00:00:00,10000,Verified
ATT-000804,BEN-0067,OFF-015,Scholarship,2025-10,2025-10-28,2025-10-29 00:00:00,15000,Verified
ATT-000491,BEN-0039,OFF-006,Vocational,2025-09,2025-09-24,2025-09-24 00:00:00,10000,Verified
ATT-000321,BEN-0026,OFF-007,Tech,2026-01,2026-01-03,2026-01-04 00:00:00,12000,Verified
ATT-000432,BEN-0035,OFF-008,Plus,2026-06,2026-06-23,2026-06-24 00:00:00,8000,Verified
ATT-002179,BEN-0183,OFF-014,Scholarship,2025-07,2025-07-10,2025-07-11 00:00:00,15000,Verified
ATT-000354,BEN-0029,OFF-006,Vocational,2026-01,2026-01-24,2026-01-24 00:00:00,10000,Verified
ATT-001220,BEN-0100,OFF-001,Plus,2025-05,2025-05-05,2025-05-05 00:00:00,8000,Verified
ATT-000448,BEN-0036,OFF-012,Plus,2025-07,,2025-07-28 00:00:00,8000,Verified
ATT-000486,BEN-0039,OFF-006,Vocational,2025-01,2025-01-23,2025-01-23 00:00:00,10000,Verified
ATT-001013,BEN-0083,OFF-001,Plus,2025-05,2025-05-16,2025-05-16 00:00:00,8000,Verified
ATT-000222,BEN-0018,OFF-008,Tech,2026-03,2026-03-19,2026-03-21 00:00:00,12000,Verified
ATT-000045,BEN-0004,OFF-001,Plus,2026-03,2026-03-10,2026-03-10 00:00:00,8000,Verified
ATT-000672,BEN-0054,OFF-003,Vocational,2026-01,2026-01-28,2026-01-28 00:00:00,10000,Verified
ATT-000111,BEN-0009,OFF-005,Plus,2025-09,2025-09-08,2025-09-10 00:00:00,8000,Verified
ATT-001691,BEN-0141,OFF-010,Plus,2025-05,2025-05-04,2025-05-04 00:00:00,8000,Verified
ATT-001727,BEN-0144,OFF-011,Scholarship,2026-01,2026-01-09,2026-01-11 00:00:00,15000,Verified
ATT-002091,BEN-0175,OFF-002,Vocational,2025-11,2025-11-16,2025-11-17 00:00:00,10000,Verified
ATT-000945,BEN-0078,OFF-015,Plus,2025-05,2025-05-12,2025-05-13 00:00:00,8000,Verified
ATT-000147,BEN-0012,OFF-007,Plus,2025-03,21/03/2025,2025-03-22 00:00:00,8000,Verified
ATT-000541,BEN-0043,OFF-008,Scholarship,2025-07,2025-07-06,2025-07-08 00:00:00,15000,Verified
ATT-001192,BEN-0098,OFF-015,Vocational,2025-11,2025-11-12,2025-11-14 00:00:00,10000,Verified
ATT-002013,BEN-0169,OFF-008,Vocational,2025-11,2025-11-27,2025-11-29 00:00:00,10000,Verified
ATT-001536,BEN-0127,OFF-012,Vocational,2025-11,2025-11-10,2025-11-12 00:00:00,10000,Verified
ATT-001947,BEN-0163,OFF-006,Scholarship,2026-01,2026-01-17,2026-01-17 00:00:00,15000,Verified
ATT-001995,BEN-0168,OFF-013,Scholarship,2026-03,2026-03-10,2026-03-12 00:00:00,15000,Verified
ATT-002339,BEN-0195,OFF-002,Scholarship,2025-07,2025-07-20,2025-07-22 00:00:00,15000,Verified
ATT-001759,BEN-0147,OFF-010,Vocational,2025-09,,2025-09-01 00:00:00,10000,Verified
ATT-001976,BEN-0166,OFF-001,Plus,2025-12,2025-12-17,2025-12-17 00:00:00,8000,Verified
ATT-001980,BEN-0167,OFF-013,Plus,2025-05,2025-05-17,2025-05-17 00:00:00,8000,Verified
ATT-000201,BEN-0017,OFF-007,Scholarship,2025-05,2025-05-02,2025-05-04 00:00:00,15000,Verified
ATT-001168,BEN-0096,OFF-005,Plus,2026-06,21/06/2026,2026-06-22 00:00:00,8000,Verified
ATT-001791,BEN-0149,OFF-005,Vocational,2025-11,2025-11-12,2025-11-12 00:00:00,10000,Verified
ATT-001458,BEN-0120,OFF-015,Plus,2025-09,2025-09-19,2025-09-21 00:00:00,8000,Verified
ATT-001966,BEN-0165,OFF-008,Tech,2026-03,2026-03-16,2026-03-17 00:00:00,12000,Verified
ATT-000946,BEN-0078,OFF-015,Plus,2025-04,2025-04-02,2025-04-02 00:00:00,8000,Verified
ATT-000866,BEN-0071,OFF-005,Plus,2025-05,2025-05-18,2025-05-20 00:00:00,8000,Verified
ATT-000956,BEN-0079,OFF-002,Plus,2025-10,2025-10-05,2025-10-05 00:00:00,8000,Verified
ATT-000724,BEN-0060,OFF-012,Plus,2025-08,2025-08-23,2025-08-24 00:00:00,8000,Verified
ATT-002071,BEN-0174,OFF-002,Plus,2026-01,,2026-01-26 00:00:00,8000,Verified
ATT-000992,BEN-0082,OFF-014,Vocational,2025-11,2025-11-05,2025-11-05 00:00:00,10000,Verified
ATT-000662,BEN-0054,OFF-003,Vocational,2025-01,2025-01-15,2025-01-17 00:00:00,10000,Verified
ATT-001595,BEN-0131,OFF-004,Tech,2025-11,2025-11-25,2025-11-26 00:00:00,12000,Verified
ATT-001585,BEN-0131,OFF-004,Tech,2026-06,2026-06-26,2026-06-27 00:00:00,12000,Verified
ATT-001297,BEN-0106,OFF-007,Scholarship,2026-01,2026-01-11,2026-01-11 00:00:00,15000,Verified
ATT-000618,BEN-0049,OFF-008,Scholarship,2026-03,2026-03-14,2026-03-14 00:00:00,15000,Verified
ATT-001494,BEN-0123,OFF-012,Tech,2025-06,2025-06-07,2025-06-08 00:00:00,12000,Verified
ATT-000557,BEN-0044,OFF-012,Scholarship,2026-06,2026-06-22,2026-06-23 00:00:00,15000,Verified
ATT-001978,BEN-0167,OFF-013,Plus,2025-06,2025-06-08,2025-06-09 00:00:00,8000,Verified
ATT-000597,BEN-0047,OFF-008,Scholarship,2026-03,2026-03-25,2026-03-26 00:00:00,15000,Verified
ATT-000921,BEN-0076,OFF-015,Vocational,2025-04,2025-04-28,2025-04-30 00:00:00,10000,Verified
ATT-000463,BEN-0037,OFF-007,Plus,2025-12,2025-12-02,2025-12-04 00:00:00,8000,Verified
ATT-001924,BEN-0161,OFF-007,Scholarship,2025-05,2025-05-02,2025-05-04 00:00:00,15000,Verified
ATT-001932,BEN-0162,OFF-011,Scholarship,2025-02,2025-02-01,2025-02-03 00:00:00,15000,Verified
ATT-001957,BEN-0164,OFF-005,Scholarship,2025-12,2025-12-18,2025-12-18 00:00:00,15000,Verified
ATT-000673,BEN-0054,OFF-003,Vocational,2025-11,2025-11-23,2025-11-24 00:00:00,10000,Verified
ATT-001607,BEN-0132,OFF-009,Scholarship,2025-04,2025-04-24,2025-04-24 00:00:00,15000,Verified
ATT-001311,BEN-0108,OFF-006,Vocational,2026-05,2026-05-11,2026-05-11 00:00:00,10000,Verified
ATT-001977,BEN-0166,OFF-001,Plus,2025-03,2025-03-23,2025-03-23 00:00:00,8000,Verified
ATT-002127,BEN-0179,OFF-001,Tech,2025-12,2025-12-12,2025-12-14 00:00:00,12000,Verified
ATT-001151,BEN-0095,OFF-011,Tech,2026-03,2026-03-12,2026-03-13 00:00:00,12000,Verified
ATT-001767,BEN-0148,OFF-012,Plus,2026-03,2026-03-27,2026-03-28 00:00:00,8000,Verified
ATT-000853,BEN-0071,OFF-005,Plus,2025-04,2025-04-06,2025-04-06 00:00:00,8000,Verified
ATT-000873,BEN-0072,OFF-001,Vocational,2025-07,2025-07-01,2025-07-03 00:00:00,10000,Verified
ATT-000243,BEN-0021,OFF-004,Vocational,2025-09,,2025-09-27 00:00:00,10000,Verified
ATT-001308,BEN-0107,OFF-002,Plus,2026-03,2026-03-10,2026-03-11 00:00:00,8000,Verified
ATT-001217,BEN-0100,OFF-001,Plus,2025-12,2025-12-23,2025-12-24 00:00:00,8000,Verified
ATT-000467,BEN-0038,OFF-012,Plus,2025-06,2025-06-21,2025-06-22 00:00:00,8000,Verified
ATT-000762,BEN-0064,OFF-001,Tech,2025-06,2025-06-10,2025-06-12 00:00:00,12000,Verified
ATT-000259,BEN-0021,OFF-004,Vocational,2026-03,2026-03-12,2026-03-13 00:00:00,10000,Verified
ATT-002336,BEN-0195,OFF-002,Scholarship,2026-01,2026-01-09,2026-01-09 00:00:00,15000,Verified
ATT-000970,BEN-0080,OFF-013,Vocational,2026-04,2026-04-14,2026-04-14 00:00:00,10000,Verified
ATT-000161,BEN-0013,OFF-006,Tech,2025-12,2025-12-22,2025-12-24 00:00:00,12000,Verified
ATT-000692,BEN-0057,OFF-012,Tech,2025-05,2025-05-25,2025-05-27 00:00:00,12000,Verified
ATT-000579,BEN-0046,OFF-012,Tech,2026-04,2026-04-18,2026-04-18 00:00:00,12000,Verified
ATT-002297,BEN-0192,OFF-003,Plus,2025-04,2025-04-10,2025-04-10 00:00:00,8000,Verified
ATT-000489,BEN-0039,OFF-006,Vocational,2025-03,2025-03-22,2025-03-24 00:00:00,10000,Verified
ATT-000582,BEN-0046,OFF-012,Tech,2025-01,2025-01-09,2025-01-10 00:00:00,12000,Verified
ATT-000740,BEN-0061,OFF-008,Scholarship,2025-01,15/01/2025,2025-01-15 00:00:00,15000,Verified
ATT-000733,BEN-0061,OFF-008,Scholarship,2025-09,2025-09-24,2025-09-25 00:00:00,15000,Verified
ATT-001596,BEN-0132,OFF-009,Scholarship,2025-01,2025-01-21,2025-01-22 00:00:00,15000,Verified
ATT-001847,BEN-0154,OFF-005,Plus,2026-05,2026-05-20,2026-05-21 00:00:00,8000,Verified
ATT-001060,BEN-0087,OFF-014,Plus,2026-04,2026-04-15,2026-04-17 00:00:00,8000,Verified
ATT-002380,BEN-0199,OFF-012,Tech,2025-02,2025-02-14,2025-02-16 00:00:00,12000,Verified
ATT-000900,BEN-0075,OFF-012,Scholarship,2025-07,2025-07-11,2025-07-13 00:00:00,15000,Verified
ATT-000769,BEN-0064,OFF-001,Tech,2025-01,2025-01-24,2025-01-24 00:00:00,12000,Verified
ATT-001142,BEN-0094,OFF-006,Plus,2026-06,2026-06-11,2026-06-12 00:00:00,8000,Verified
ATT-002011,BEN-0169,OFF-008,Vocational,2025-08,2025-08-05,2025-08-06 00:00:00,10000,Verified
ATT-001158,BEN-0095,OFF-011,Tech,2026-02,2026-02-02,2026-02-04 00:00:00,12000,Verified
ATT-001564,BEN-0129,OFF-003,Tech,2026-04,2026-04-22,2026-04-24 00:00:00,12000,Verified
ATT-001015,BEN-0083,OFF-001,Plus,2026-05,2026-05-17,2026-05-19 00:00:00,8000,Verified
ATT-001875,BEN-0157,OFF-012,Plus,2026-02,17/02/2026,2026-02-19 00:00:00,8000,Verified
ATT-001760,BEN-0147,OFF-010,Vocational,2026-05,2026-05-04,2026-05-04 00:00:00,10000,Verified
ATT-000596,BEN-0047,OFF-008,Scholarship,2025-03,2025-03-12,2025-03-13 00:00:00,15000,Verified
ATT-000670,BEN-0054,OFF-003,Vocational,2025-07,2025-07-22,2025-07-24 00:00:00,10000,Verified
ATT-000270,BEN-0022,OFF-008,Scholarship,2026-04,2026-04-01,2026-04-01 00:00:00,15000,Verified
ATT-000930,BEN-0077,OFF-003,Scholarship,2026-04,2026-04-05,2026-04-05 00:00:00,15000,Verified
ATT-002216,BEN-0186,OFF-011,Vocational,2025-08,2025-08-14,2025-08-15 00:00:00,10000,Verified
ATT-000189,BEN-0016,OFF-008,Vocational,2025-02,2025-02-03,2025-02-05 00:00:00,10000,Verified
ATT-000694,BEN-0057,OFF-012,Tech,2026-06,12/06/2026,2026-06-12 00:00:00,12000,Verified
ATT-001697,BEN-0141,OFF-010,Plus,2026-04,14/04/2026,2026-04-16 00:00:00,8000,Verified
ATT-001685,BEN-0140,OFF-015,Plus,2025-12,2025-12-21,2025-12-23 00:00:00,8000,Verified
ATT-001813,BEN-0151,OFF-013,Vocational,2026-03,2026-03-01,2026-03-01 00:00:00,10000,Verified
ATT-001871,BEN-0156,OFF-010,Scholarship,2026-02,2026-02-24,2026-02-25 00:00:00,15000,Verified
ATT-002073,BEN-0174,OFF-002,Plus,2025-02,,2025-02-17 00:00:00,8000,Verified
ATT-000276,BEN-0023,OFF-002,Plus,2025-07,2025-07-24,2025-07-26 00:00:00,8000,Verified
ATT-000056,BEN-0005,OFF-004,Scholarship,2025-06,2025-06-18,2025-06-19 00:00:00,15000,Verified
ATT-000664,BEN-0054,OFF-003,Vocational,2025-04,2025-04-17,2025-04-19 00:00:00,10000,Verified
ATT-000512,BEN-0041,OFF-007,Plus,2026-05,2026-05-03,2026-05-04 00:00:00,8000,Verified
ATT-002232,BEN-0187,OFF-010,Tech,2025-03,2025-03-17,2025-03-19 00:00:00,12000,Verified
ATT-001216,BEN-0100,OFF-001,Plus,2026-04,2026-04-23,2026-04-24 00:00:00,8000,Verified
ATT-000340,BEN-0027,OFF-004,Plus,2025-04,2025-04-22,2025-04-24 00:00:00,8000,Verified
ATT-000473,BEN-0038,OFF-012,Plus,2026-03,17/03/2026,2026-03-17 00:00:00,8000,Verified
ATT-001949,BEN-0163,OFF-006,Scholarship,2025-10,2025-10-13,2025-10-15 00:00:00,15000,Verified
ATT-000902,BEN-0075,OFF-012,Scholarship,2026-02,2026-02-22,2026-02-24 00:00:00,15000,Verified
ATT-000872,BEN-0072,OFF-001,Vocational,2025-01,2025-01-01,2025-01-03 00:00:00,10000,Verified
ATT-001900,BEN-0158,OFF-014,Scholarship,2025-05,2025-05-24,2025-05-26 00:00:00,15000,Verified
ATT-002169,BEN-0182,OFF-004,Plus,2025-03,2025-03-02,2025-03-02 00:00:00,8000,Verified
ATT-000578,BEN-0046,OFF-012,Tech,2026-05,2026-05-08,2026-05-09 00:00:00,12000,Verified
ATT-000495,BEN-0040,OFF-014,Scholarship,2025-02,2025-02-27,2025-03-01 00:00:00,15000,Verified
ATT-000170,BEN-0014,OFF-013,Scholarship,2026-03,2026-03-21,2026-03-23 00:00:00,15000,Verified
ATT-000650,BEN-0053,OFF-001,Plus,2025-09,01/09/2025,2025-09-03 00:00:00,8000,Verified
ATT-000351,BEN-0029,OFF-006,Vocational,2025-08,2025-08-10,2025-08-12 00:00:00,10000,Verified
ATT-001594,BEN-0131,OFF-004,Tech,2025-06,2025-06-01,2025-06-03 00:00:00,12000,Verified
ATT-001100,BEN-0090,OFF-001,Vocational,2026-03,2026-03-20,2026-03-21 00:00:00,10000,Verified
ATT-002138,BEN-0180,OFF-010,Scholarship,2026-05,2026-05-03,2026-05-04 00:00:00,15000,Verified
ATT-001735,BEN-0145,OFF-001,Vocational,2025-02,2025-02-25,2025-02-27 00:00:00,10000,Verified
ATT-000203,BEN-0017,OFF-007,Scholarship,2026-02,2026-02-03,2026-02-03 00:00:00,15000,Verified
ATT-000575,BEN-0045,OFF-014,Scholarship,2026-02,2026-02-09,2026-02-09 00:00:00,15000,Verified
ATT-000480,BEN-0039,OFF-006,Vocational,2025-10,2025-10-14,2025-10-16 00:00:00,10000,Verified
ATT-001623,BEN-0134,OFF-003,Scholarship,2025-02,2025-02-08,2025-02-09 00:00:00,15000,Verified
ATT-000407,BEN-0033,OFF-001,Plus,2025-04,2025-04-17,2025-04-19 00:00:00,8000,Verified
ATT-001104,BEN-0091,OFF-003,Tech,2026-01,2026-01-23,2026-01-24 00:00:00,12000,Verified
ATT-001455,BEN-0120,OFF-015,Plus,2025-11,2025-11-11,2025-11-13 00:00:00,8000,Verified
ATT-001207,BEN-0099,OFF-004,Scholarship,2026-05,2026-05-01,2026-05-03 00:00:00,15000,Verified
ATT-000061,BEN-0005,OFF-004,Scholarship,2025-05,2025-05-28,2025-05-28 00:00:00,15000,Verified
ATT-001959,BEN-0165,OFF-008,Tech,2025-02,2025-02-04,2025-02-04 00:00:00,12000,Verified
ATT-001645,BEN-0136,OFF-008,Vocational,2026-04,2026-04-28,2026-04-28 00:00:00,10000,Verified
ATT-000501,BEN-0040,OFF-014,Scholarship,2025-09,2025-09-01,2025-09-03 00:00:00,15000,Verified
ATT-000982,BEN-0081,OFF-005,Plus,2026-04,2026-04-08,2026-04-10 00:00:00,8000,Verified
ATT-002324,BEN-0194,OFF-012,Plus,2026-04,2026-04-10,2026-04-11 00:00:00,8000,Verified
ATT-000010,BEN-0002,OFF-009,Scholarship,2025-01,2025-01-16,2025-01-17 00:00:00,15000,Verified
ATT-000617,BEN-0049,OFF-008,Scholarship,2026-05,2026-05-14,2026-05-16 00:00:00,15000,Verified
ATT-002050,BEN-0172,OFF-012,Plus,2025-10,,2025-10-14 00:00:00,8000,Verified
ATT-000947,BEN-0078,OFF-015,Plus,2025-09,2025-09-08,2025-09-09 00:00:00,8000,Verified
ATT-000185,BEN-0015,OFF-012,Vocational,2025-05,2025-05-07,2025-05-07 00:00:00,10000,Verified
ATT-001027,BEN-0084,OFF-008,Scholarship,2025-09,2025-09-13,2025-09-13 00:00:00,15000,Verified
ATT-001129,BEN-0093,OFF-013,Tech,2026-02,19/02/2026,2026-02-20 00:00:00,12000,Verified
ATT-000803,BEN-0067,OFF-015,Scholarship,2025-06,2025-06-03,2025-06-04 00:00:00,15000,Verified
ATT-001646,BEN-0136,OFF-008,Vocational,2025-10,2025-10-02,2025-10-04 00:00:00,10000,Verified
ATT-000014,BEN-0002,OFF-009,Scholarship,2025-05,2025-05-15,2025-05-16 00:00:00,15000,Verified
ATT-000476,BEN-0038,OFF-012,Plus,2025-01,2025-01-02,2025-01-03 00:00:00,8000,Verified
ATT-001897,BEN-0158,OFF-014,Scholarship,2025-08,2025-08-04,2025-08-04 00:00:00,15000,Verified
ATT-001464,BEN-0121,OFF-013,Plus,2026-01,2026-01-27,2026-01-28 00:00:00,8000,Verified
ATT-002036,BEN-0170,OFF-006,Plus,2026-06,2026-06-10,2026-06-10 00:00:00,8000,Verified
ATT-000123,BEN-0010,OFF-008,Tech,2026-06,2026-06-04,2026-06-05 00:00:00,12000,Verified
ATT-001471,BEN-0122,OFF-005,Vocational,2025-12,2025-12-03,2025-12-04 00:00:00,10000,Verified
ATT-000693,BEN-0057,OFF-012,Tech,2026-05,2026-05-03,2026-05-04 00:00:00,12000,Verified
ATT-002212,BEN-0186,OFF-011,Vocational,2025-03,2025-03-11,2025-03-12 00:00:00,10000,Verified
ATT-002170,BEN-0182,OFF-004,Plus,2025-01,09/01/2025,2025-01-09 00:00:00,8000,Verified
ATT-002310,BEN-0193,OFF-010,Tech,2025-12,2025-12-11,2025-12-11 00:00:00,12000,Verified
ATT-002319,BEN-0194,OFF-012,Plus,2025-12,2025-12-25,2025-12-27 00:00:00,8000,Verified
ATT-001906,BEN-0159,OFF-009,Plus,2026-01,2026-01-10,2026-01-12 00:00:00,8000,Verified
ATT-002384,BEN-0199,OFF-012,Tech,2026-06,2026-06-19,2026-06-21 00:00:00,12000,Verified
ATT-000152,BEN-0012,OFF-007,Plus,2026-06,2026-06-23,2026-06-24 00:00:00,8000,Verified
ATT-001927,BEN-0161,OFF-007,Scholarship,2026-02,2026-02-03,2026-02-04 00:00:00,15000,Verified
ATT-002262,BEN-0190,OFF-004,Plus,2025-07,16/07/2025,2025-07-17 00:00:00,8000,Verified
ATT-001795,BEN-0150,OFF-010,Vocational,2025-12,2025-12-07,2025-12-07 00:00:00,10000,Verified
ATT-000475,BEN-0038,OFF-012,Plus,2025-03,2025-03-09,2025-03-11 00:00:00,8000,Verified
ATT-001549,BEN-0128,OFF-003,Tech,2025-02,2025-02-10,2025-02-10 00:00:00,12000,Verified
ATT-001535,BEN-0127,OFF-012,Vocational,2026-05,2026-05-18,2026-05-20 00:00:00,10000,Verified
ATT-001866,BEN-0156,OFF-010,Scholarship,2025-04,2025-04-22,2025-04-24 00:00:00,15000,Verified
ATT-000114,BEN-0009,OFF-005,Plus,2026-06,2026-06-14,2026-06-15 00:00:00,8000,Verified
ATT-001218,BEN-0100,OFF-001,Plus,2025-04,,2025-04-08 00:00:00,8000,Verified
ATT-000337,BEN-0027,OFF-004,Plus,2026-01,2026-01-05,2026-01-07 00:00:00,8000,Verified
ATT-002032,BEN-0170,OFF-006,Plus,2025-10,2025-10-23,2025-10-23 00:00:00,8000,Verified
ATT-001614,BEN-0133,OFF-007,Scholarship,2026-06,,2026-06-22 00:00:00,15000,Verified
ATT-002117,BEN-0178,OFF-005,Plus,2025-04,2025-04-16,2025-04-17 00:00:00,8000,Verified
ATT-000819,BEN-0069,OFF-015,Tech,2026-03,2026-03-17,2026-03-17 00:00:00,12000,Verified
ATT-002185,BEN-0183,OFF-014,Scholarship,2026-05,2026-05-05,2026-05-05 00:00:00,15000,Verified
ATT-002215,BEN-0186,OFF-011,Vocational,2025-01,2025-01-06,2025-01-08 00:00:00,10000,Verified
ATT-001602,BEN-0132,OFF-009,Scholarship,2025-06,2025-06-26,2025-06-26 00:00:00,15000,Verified
ATT-002046,BEN-0171,OFF-004,Plus,2026-01,2026-01-21,2026-01-22 00:00:00,8000,Verified
ATT-001624,BEN-0134,OFF-003,Scholarship,2025-05,11/05/2025,2025-05-11 00:00:00,15000,Verified
ATT-001872,BEN-0156,OFF-010,Scholarship,2025-08,2025-08-22,2025-08-23 00:00:00,15000,Verified
ATT-000366,BEN-0030,OFF-011,Scholarship,2025-05,2025-05-06,2025-05-07 00:00:00,15000,Verified
ATT-001096,BEN-0090,OFF-001,Vocational,2025-11,23/11/2025,2025-11-25 00:00:00,10000,Verified
ATT-000295,BEN-0024,OFF-014,Plus,2025-08,2025-08-10,2025-08-12 00:00:00,8000,Verified
ATT-000845,BEN-0070,OFF-008,Scholarship,2025-08,2025-08-10,2025-08-10 00:00:00,15000,Verified
ATT-000040,BEN-0004,OFF-001,Plus,2025-06,2025-06-19,2025-06-21 00:00:00,8000,Verified
ATT-000120,BEN-0010,OFF-008,Tech,2025-07,2025-07-04,2025-07-05 00:00:00,12000,Verified
ATT-000879,BEN-0073,OFF-015,Scholarship,2025-08,2025-08-17,2025-08-17 00:00:00,15000,Verified
ATT-000335,BEN-0027,OFF-004,Plus,2025-10,2025-10-02,2025-10-02 00:00:00,8000,Verified
ATT-000993,BEN-0082,OFF-014,Vocational,2025-12,2025-12-01,2025-12-02 00:00:00,10000,Verified
ATT-000829,BEN-0069,OFF-015,Tech,2025-01,2025-01-05,2025-01-06 00:00:00,12000,Verified
ATT-002233,BEN-0187,OFF-010,Tech,2025-07,2025-07-07,2025-07-08 00:00:00,12000,Verified
ATT-002057,BEN-0173,OFF-003,Tech,2025-03,2025-03-02,2025-03-02 00:00:00,12000,Verified
ATT-002218,BEN-0186,OFF-011,Vocational,2026-04,21/04/2026,2026-04-23 00:00:00,10000,Verified
ATT-000257,BEN-0021,OFF-004,Vocational,2025-03,2025-03-25,2025-03-25 00:00:00,10000,Verified
ATT-000455,BEN-0037,OFF-007,Plus,2026-05,2026-05-13,2026-05-15 00:00:00,8000,Verified
ATT-002101,BEN-0176,OFF-001,Scholarship,2025-06,2025-06-06,2025-06-07 00:00:00,15000,Verified
ATT-000933,BEN-0077,OFF-003,Scholarship,2025-01,2025-01-27,2025-01-29 00:00:00,15000,Verified
ATT-000033,BEN-0003,OFF-005,Tech,2025-11,2025-11-01,2025-11-01 00:00:00,12000,Verified
ATT-000892,BEN-0074,OFF-010,Scholarship,2026-04,2026-04-09,2026-04-09 00:00:00,15000,Verified
ATT-000013,BEN-0002,OFF-009,Scholarship,2026-05,2026-05-17,2026-05-19 00:00:00,15000,Verified
ATT-000279,BEN-0023,OFF-002,Plus,2026-05,2026-05-10,2026-05-12 00:00:00,8000,Verified
ATT-001724,BEN-0143,OFF-012,Scholarship,2025-10,2025-10-22,2025-10-24 00:00:00,15000,Verified
ATT-000925,BEN-0077,OFF-003,Scholarship,2026-05,2026-05-04,2026-05-05 00:00:00,15000,Verified
ATT-001588,BEN-0131,OFF-004,Tech,2025-02,2025-02-27,2025-02-27 00:00:00,12000,Verified
ATT-000100,BEN-0008,OFF-015,Plus,2025-06,2025-06-17,2025-06-19 00:00:00,8000,Verified
ATT-002049,BEN-0172,OFF-012,Plus,2025-08,2025-08-22,2025-08-22 00:00:00,8000,Verified
ATT-001144,BEN-0094,OFF-006,Plus,2025-08,2025-08-24,2025-08-24 00:00:00,8000,Verified
ATT-001593,BEN-0131,OFF-004,Tech,2025-12,2025-12-17,2025-12-19 00:00:00,12000,Verified
ATT-001306,BEN-0107,OFF-002,Plus,2025-12,2025-12-07,2025-12-08 00:00:00,8000,Verified
ATT-000178,BEN-0015,OFF-012,Vocational,2025-12,2025-12-23,2025-12-23 00:00:00,10000,Verified
ATT-001713,BEN-0143,OFF-012,Scholarship,2026-03,2026-03-23,2026-03-24 00:00:00,15000,Verified
ATT-001113,BEN-0091,OFF-003,Tech,2025-11,2025-11-01,2025-11-02 00:00:00,12000,Verified
ATT-001845,BEN-0154,OFF-005,Plus,2026-01,2026-01-17,2026-01-19 00:00:00,8000,Verified
ATT-000659,BEN-0053,OFF-001,Plus,2026-05,2026-05-13,2026-05-14 00:00:00,8000,Verified
ATT-002402,BEN-0200,OFF-011,Vocational,2026-01,2026-01-11,2026-01-12 00:00:00,10000,Verified
ATT-000630,BEN-0051,OFF-010,Vocational,2025-09,2025-09-25,2025-09-26 00:00:00,10000,Verified
ATT-001448,BEN-0119,OFF-010,Scholarship,2025-09,2025-09-03,2025-09-05 00:00:00,15000,Verified
ATT-000035,BEN-0003,OFF-005,Tech,2025-09,2025-09-17,2025-09-19 00:00:00,12000,Verified
ATT-001891,BEN-0158,OFF-014,Scholarship,2026-03,2026-03-03,2026-03-05 00:00:00,15000,Verified
ATT-001923,BEN-0160,OFF-014,Plus,2025-11,2025-11-22,2025-11-22 00:00:00,8000,Verified
ATT-001770,BEN-0148,OFF-012,Plus,2025-11,2025-11-06,2025-11-08 00:00:00,8000,Verified
ATT-000450,BEN-0036,OFF-012,Plus,2026-06,2026-06-11,2026-06-13 00:00:00,8000,Verified
ATT-000977,BEN-0080,OFF-013,Vocational,2026-02,2026-02-23,2026-02-24 00:00:00,10000,Verified
ATT-002171,BEN-0182,OFF-004,Plus,2025-07,2025-07-22,2025-07-23 00:00:00,8000,Verified
ATT-000963,BEN-0079,OFF-002,Plus,2026-02,2026-02-17,2026-02-18 00:00:00,8000,Verified
ATT-002288,BEN-0192,OFF-003,Plus,2025-12,2025-12-20,2025-12-22 00:00:00,8000,Verified
ATT-000390,BEN-0031,OFF-008,Vocational,2025-10,2025-10-19,2025-10-20 00:00:00,10000,Verified
ATT-001752,BEN-0146,OFF-015,Scholarship,2025-04,2025-04-06,2025-04-08 00:00:00,15000,Verified
ATT-001992,BEN-0168,OFF-013,Scholarship,2026-02,2026-02-22,2026-02-23 00:00:00,15000,Verified
ATT-002009,BEN-0169,OFF-008,Vocational,2025-05,2025-05-24,2025-05-25 00:00:00,10000,Verified
ATT-001363,BEN-0112,OFF-007,Scholarship,2025-10,2025-10-19,2025-10-19 00:00:00,15000,Verified
ATT-000107,BEN-0009,OFF-005,Plus,2026-01,2026-01-08,2026-01-09 00:00:00,8000,Verified
ATT-000975,BEN-0080,OFF-013,Vocational,2025-04,2025-04-07,2025-04-09 00:00:00,10000,Verified
ATT-002078,BEN-0174,OFF-002,Plus,2025-07,2025-07-12,2025-07-13 00:00:00,8000,Verified
ATT-001848,BEN-0155,OFF-004,Vocational,2026-03,03/03/2026,2026-03-03 00:00:00,10000,Verified
ATT-002357,BEN-0197,OFF-006,Plus,2025-10,2025-10-02,2025-10-04 00:00:00,8000,Verified
ATT-001574,BEN-0130,OFF-002,Vocational,2026-01,2026-01-20,2026-01-21 00:00:00,10000,Verified
ATT-000838,BEN-0070,OFF-008,Scholarship,2025-07,2025-07-17,2025-07-19 00:00:00,15000,Verified
ATT-001340,BEN-0110,OFF-005,Vocational,2025-08,2025-08-17,2025-08-17 00:00:00,10000,Verified
ATT-001578,BEN-0130,OFF-002,Vocational,2025-08,2025-08-01,2025-08-03 00:00:00,10000,Verified
ATT-000331,BEN-0026,OFF-007,Tech,2025-11,2025-11-12,2025-11-14 00:00:00,12000,Verified
ATT-000021,BEN-0002,OFF-009,Scholarship,2025-03,2025-03-16,2025-03-17 00:00:00,15000,Verified
ATT-000891,BEN-0074,OFF-010,Scholarship,2025-11,2025-11-14,2025-11-15 00:00:00,15000,Verified
ATT-001161,BEN-0096,OFF-005,Plus,2025-08,2025-08-05,2025-08-06 00:00:00,8000,Verified
ATT-000204,BEN-0017,OFF-007,Scholarship,2026-03,2026-03-25,2026-03-27 00:00:00,15000,Verified
ATT-000603,BEN-0048,OFF-006,Tech,2025-12,2025-12-08,2025-12-08 00:00:00,12000,Verified
ATT-001382,BEN-0114,OFF-006,Scholarship,2025-01,2025-01-07,2025-01-07 00:00:00,15000,Verified
ATT-001394,BEN-0115,OFF-004,Plus,2025-04,2025-04-06,2025-04-06 00:00:00,8000,Verified
ATT-002069,BEN-0173,OFF-003,Tech,2025-05,2025-05-11,2025-05-12 00:00:00,12000,Verified
ATT-000949,BEN-0079,OFF-002,Plus,2026-03,2026-03-20,2026-03-21 00:00:00,8000,Verified
ATT-001609,BEN-0132,OFF-009,Scholarship,2025-11,2025-11-16,2025-11-17 00:00:00,15000,Verified
ATT-000149,BEN-0012,OFF-007,Plus,2025-08,2025-08-21,2025-08-21 00:00:00,8000,Verified
ATT-001877,BEN-0157,OFF-012,Plus,2025-09,2025-09-25,2025-09-26 00:00:00,8000,Verified
ATT-001695,BEN-0141,OFF-010,Plus,2025-10,2025-10-07,2025-10-07 00:00:00,8000,Verified
ATT-000003,BEN-0001,OFF-008,Tech,2026-05,2026-05-25,2026-05-26 00:00:00,12000,Verified
ATT-001622,BEN-0134,OFF-003,Scholarship,2025-12,2025-12-02,2025-12-03 00:00:00,15000,Verified
ATT-001944,BEN-0163,OFF-006,Scholarship,2025-12,25/12/2025,2025-12-27 00:00:00,15000,Verified
ATT-001457,BEN-0120,OFF-015,Plus,2025-10,2025-10-20,2025-10-20 00:00:00,8000,Verified
ATT-001693,BEN-0141,OFF-010,Plus,2025-07,11/07/2025,2025-07-12 00:00:00,8000,Verified
ATT-000702,BEN-0058,OFF-015,Plus,2025-03,10/03/2025,2025-03-11 00:00:00,8000,Verified
ATT-002124,BEN-0179,OFF-001,Tech,2025-11,2025-11-26,2025-11-27 00:00:00,12000,Verified
ATT-001661,BEN-0137,OFF-002,Vocational,2026-06,2026-06-13,2026-06-13 00:00:00,10000,Verified
ATT-001368,BEN-0113,OFF-007,Scholarship,2025-02,03/02/2025,2025-02-04 00:00:00,15000,Verified
ATT-001365,BEN-0112,OFF-007,Scholarship,2025-11,2025-11-13,2025-11-13 00:00:00,15000,Verified
ATT-002140,BEN-0180,OFF-010,Scholarship,2026-03,2026-03-28,2026-03-30 00:00:00,15000,Verified
ATT-002034,BEN-0170,OFF-006,Plus,2025-04,2025-04-19,2025-04-21 00:00:00,8000,Verified
ATT-000458,BEN-0037,OFF-007,Plus,2025-06,2025-06-04,2025-06-06 00:00:00,8000,Verified
ATT-000547,BEN-0043,OFF-008,Scholarship,2025-09,2025-09-08,2025-09-10 00:00:00,15000,Verified
ATT-001885,BEN-0157,OFF-012,Plus,2025-04,2025-04-04,2025-04-06 00:00:00,8000,Verified
ATT-001560,BEN-0128,OFF-003,Tech,2025-01,2025-01-24,2025-01-24 00:00:00,12000,Verified
ATT-000497,BEN-0040,OFF-014,Scholarship,2025-06,2025-06-08,2025-06-09 00:00:00,15000,Verified
ATT-000626,BEN-0050,OFF-009,Scholarship,2026-02,2026-02-04,2026-02-04 00:00:00,15000,Verified
ATT-002021,BEN-0170,OFF-006,Plus,2026-03,13/03/2026,2026-03-14 00:00:00,8000,Verified
ATT-000117,BEN-0010,OFF-008,Tech,2025-05,2025-05-17,2025-05-19 00:00:00,12000,Verified
ATT-002027,BEN-0170,OFF-006,Plus,2025-05,2025-05-10,2025-05-12 00:00:00,8000,Verified
ATT-001024,BEN-0084,OFF-008,Scholarship,2026-01,2026-01-20,2026-01-20 00:00:00,15000,Verified
ATT-001090,BEN-0089,OFF-009,Vocational,2025-04,2025-04-07,2025-04-07 00:00:00,10000,Verified
ATT-000511,BEN-0041,OFF-007,Plus,2025-04,2025-04-20,2025-04-22 00:00:00,8000,Verified
ATT-001833,BEN-0153,OFF-010,Vocational,2025-02,2025-02-26,2025-02-26 00:00:00,10000,Verified
ATT-001437,BEN-0118,OFF-006,Scholarship,2026-05,2026-05-24,2026-05-25 00:00:00,15000,Verified
ATT-002223,BEN-0186,OFF-011,Vocational,2025-05,2025-05-22,2025-05-23 00:00:00,10000,Verified
ATT-002161,BEN-0181,OFF-013,Tech,2026-04,2026-04-11,2026-04-13 00:00:00,12000,Verified
ATT-001442,BEN-0119,OFF-010,Scholarship,2025-01,,2025-01-24 00:00:00,15000,Verified
ATT-001972,BEN-0166,OFF-001,Plus,2026-02,2026-02-11,2026-02-11 00:00:00,8000,Verified
ATT-000194,BEN-0016,OFF-008,Vocational,2026-03,2026-03-12,2026-03-14 00:00:00,10000,Verified
ATT-001004,BEN-0082,OFF-014,Vocational,2025-04,2025-04-13,2025-04-13 00:00:00,10000,Verified
ATT-000353,BEN-0029,OFF-006,Vocational,2025-12,2025-12-20,2025-12-22 00:00:00,10000,Verified
ATT-002251,BEN-0189,OFF-002,Tech,2026-02,2026-02-28,2026-02-28 00:00:00,12000,Verified
ATT-000012,BEN-0002,OFF-009,Scholarship,2025-08,2025-08-21,2025-08-22 00:00:00,15000,Verified
ATT-000736,BEN-0061,OFF-008,Scholarship,2025-02,2025-02-13,2025-02-15 00:00:00,15000,Verified
ATT-001238,BEN-0102,OFF-013,Plus,2025-03,2025-03-08,2025-03-08 00:00:00,8000,Verified
ATT-000357,BEN-0029,OFF-006,Vocational,2025-10,2025-10-06,2025-10-07 00:00:00,10000,Verified
ATT-000326,BEN-0026,OFF-007,Tech,2025-10,2025-10-22,2025-10-22 00:00:00,12000,Verified
ATT-000451,BEN-0036,OFF-012,Plus,2025-01,2025-01-07,2025-01-09 00:00:00,8000,Verified
ATT-001699,BEN-0141,OFF-010,Plus,2025-09,2025-09-20,2025-09-22 00:00:00,8000,Verified
ATT-001537,BEN-0127,OFF-012,Vocational,2025-04,2025-04-16,2025-04-18 00:00:00,10000,Verified
ATT-001318,BEN-0109,OFF-006,Tech,2025-01,2025-01-04,2025-01-05 00:00:00,12000,Verified
ATT-001523,BEN-0125,OFF-014,Vocational,2026-05,2026-05-20,2026-05-21 00:00:00,10000,Verified
ATT-001670,BEN-0138,OFF-009,Scholarship,2026-03,20/03/2026,2026-03-21 00:00:00,15000,Verified
ATT-002306,BEN-0193,OFF-010,Tech,2025-07,2025-07-12,2025-07-13 00:00:00,12000,Verified
ATT-002333,BEN-0195,OFF-002,Scholarship,2025-10,2025-10-28,2025-10-30 00:00:00,15000,Verified
ATT-001461,BEN-0121,OFF-013,Plus,2025-12,2025-12-14,2025-12-15 00:00:00,8000,Verified
ATT-000435,BEN-0035,OFF-008,Plus,2026-02,2026-02-02,2026-02-04 00:00:00,8000,Verified
ATT-001086,BEN-0089,OFF-009,Vocational,2025-05,2025-05-17,2025-05-19 00:00:00,10000,Verified
ATT-000060,BEN-0005,OFF-004,Scholarship,2026-05,2026-05-27,2026-05-27 00:00:00,15000,Verified
ATT-000995,BEN-0082,OFF-014,Vocational,2025-09,2025-09-16,2025-09-17 00:00:00,10000,Verified
ATT-002395,BEN-0200,OFF-011,Vocational,2025-06,2025-06-27,2025-06-27 00:00:00,10000,Verified
ATT-000770,BEN-0064,OFF-001,Tech,2025-10,2025-10-26,2025-10-28 00:00:00,12000,Verified
ATT-001617,BEN-0133,OFF-007,Scholarship,2025-04,2025-04-20,2025-04-21 00:00:00,15000,Verified
ATT-000453,BEN-0036,OFF-012,Plus,2025-04,2025-04-21,2025-04-21 00:00:00,8000,Verified
ATT-001758,BEN-0146,OFF-015,Scholarship,2025-08,18/08/2025,2025-08-19 00:00:00,15000,Verified
ATT-001049,BEN-0086,OFF-004,Plus,2025-07,2025-07-26,2025-07-27 00:00:00,8000,Verified
ATT-001639,BEN-0135,OFF-007,Vocational,2025-07,2025-07-01,2025-07-02 00:00:00,10000,Verified
ATT-000837,BEN-0070,OFF-008,Scholarship,2025-03,2025-03-22,2025-03-23 00:00:00,15000,Verified
ATT-001420,BEN-0117,OFF-005,Vocational,2026-02,2026-02-05,2026-02-06 00:00:00,10000,Verified
ATT-000827,BEN-0069,OFF-015,Tech,2025-09,2025-09-10,2025-09-10 00:00:00,12000,Verified
ATT-002099,BEN-0176,OFF-001,Scholarship,2026-01,2026-01-05,2026-01-05 00:00:00,15000,Verified
ATT-000507,BEN-0041,OFF-007,Plus,2025-05,2025-05-09,2025-05-11 00:00:00,8000,Verified
ATT-000285,BEN-0023,OFF-002,Plus,2025-05,2025-05-24,2025-05-24 00:00:00,8000,Verified
ATT-001221,BEN-0100,OFF-001,Plus,2025-03,,2025-03-05 00:00:00,8000,Verified
ATT-002256,BEN-0190,OFF-004,Plus,2025-12,2025-12-14,2025-12-15 00:00:00,8000,Verified
ATT-000212,BEN-0018,OFF-008,Tech,2025-02,2025-02-03,2025-02-03 00:00:00,12000,Verified
ATT-002200,BEN-0185,OFF-013,Tech,2025-03,2025-03-04,2025-03-04 00:00:00,12000,Verified
ATT-001309,BEN-0107,OFF-002,Plus,2025-09,2025-09-25,2025-09-25 00:00:00,8000,Verified
ATT-002107,BEN-0176,OFF-001,Scholarship,2025-02,2025-02-12,2025-02-13 00:00:00,15000,Verified
ATT-000657,BEN-0053,OFF-001,Plus,2025-04,2025-04-27,2025-04-29 00:00:00,8000,Verified
ATT-000064,BEN-0005,OFF-004,Scholarship,2025-04,2025-04-09,2025-04-09 00:00:00,15000,Verified
ATT-002330,BEN-0195,OFF-002,Scholarship,2026-05,2026-05-13,2026-05-14 00:00:00,15000,Verified
ATT-002142,BEN-0180,OFF-010,Scholarship,2026-06,2026-06-22,2026-06-23 00:00:00,15000,Verified
ATT-001828,BEN-0152,OFF-007,Vocational,2026-06,13/06/2026,2026-06-14 00:00:00,10000,Verified
ATT-001379,BEN-0114,OFF-006,Scholarship,2025-06,2025-06-12,2025-06-12 00:00:00,15000,Verified
ATT-000817,BEN-0069,OFF-015,Tech,2025-10,25/10/2025,2025-10-25 00:00:00,12000,Verified
ATT-000951,BEN-0079,OFF-002,Plus,2025-08,2025-08-03,2025-08-03 00:00:00,8000,Verified
ATT-001011,BEN-0083,OFF-001,Plus,2025-09,2025-09-21,2025-09-23 00:00:00,8000,Verified
ATT-000373,BEN-0030,OFF-011,Scholarship,2025-10,2025-10-13,2025-10-14 00:00:00,15000,Verified
ATT-001285,BEN-0106,OFF-007,Scholarship,2026-05,,2026-05-04 00:00:00,15000,Verified
ATT-000131,BEN-0011,OFF-001,Plus,2025-04,2025-04-06,2025-04-07 00:00:00,8000,Verified
ATT-000634,BEN-0051,OFF-010,Vocational,2026-02,2026-02-09,2026-02-09 00:00:00,10000,Verified
ATT-000789,BEN-0066,OFF-007,Vocational,2025-03,2025-03-27,2025-03-27 00:00:00,10000,Verified
ATT-000124,BEN-0010,OFF-008,Tech,2025-08,2025-08-13,2025-08-13 00:00:00,12000,Verified
ATT-001091,BEN-0089,OFF-009,Vocational,2026-03,2026-03-04,2026-03-04 00:00:00,10000,Verified
ATT-002153,BEN-0181,OFF-013,Tech,2026-01,2026-01-13,2026-01-13 00:00:00,12000,Verified
ATT-001418,BEN-0117,OFF-005,Vocational,2025-08,2025-08-02,2025-08-03 00:00:00,10000,Verified
ATT-002043,BEN-0171,OFF-004,Plus,2026-04,2026-04-10,2026-04-10 00:00:00,8000,Verified
ATT-001511,BEN-0125,OFF-014,Vocational,2026-03,2026-03-21,2026-03-22 00:00:00,10000,Verified
ATT-001780,BEN-0149,OFF-005,Vocational,2025-05,2025-05-09,2025-05-11 00:00:00,10000,Verified
ATT-001368,BEN-0113,OFF-007,Scholarship,2025-02,2025-02-03,2025-02-04 00:00:00,15000,Verified
ATT-000931,BEN-0077,OFF-003,Scholarship,2025-07,2025-07-28,2025-07-30 00:00:00,15000,Verified
ATT-000091,BEN-0008,OFF-015,Plus,2025-01,2025-01-04,2025-01-04 00:00:00,8000,Verified
ATT-001680,BEN-0139,OFF-003,Vocational,2025-09,2025-09-13,2025-09-15 00:00:00,10000,Verified
ATT-000374,BEN-0030,OFF-011,Scholarship,2025-12,2025-12-04,2025-12-06 00:00:00,15000,Verified
ATT-002337,BEN-0195,OFF-002,Scholarship,2026-02,,2026-02-27 00:00:00,15000,Verified
ATT-000917,BEN-0076,OFF-015,Vocational,2026-06,2026-06-20,2026-06-22 00:00:00,10000,Verified
ATT-001557,BEN-0128,OFF-003,Tech,2025-08,2025-08-12,2025-08-13 00:00:00,12000,Verified
ATT-001832,BEN-0153,OFF-010,Vocational,2025-07,2025-07-12,2025-07-12 00:00:00,10000,Verified
ATT-001248,BEN-0103,OFF-009,Plus,2026-03,,2026-03-14 00:00:00,8000,Verified
ATT-000783,BEN-0065,OFF-002,Plus,2026-01,2026-01-28,2026-01-30 00:00:00,8000,Verified
ATT-001566,BEN-0129,OFF-003,Tech,2025-11,2025-11-21,2025-11-22 00:00:00,12000,Verified
ATT-000738,BEN-0061,OFF-008,Scholarship,2025-05,2025-05-03,2025-05-05 00:00:00,15000,Verified
ATT-000649,BEN-0053,OFF-001,Plus,2026-03,2026-03-13,2026-03-14 00:00:00,8000,Verified
ATT-000545,BEN-0043,OFF-008,Scholarship,2025-04,2025-04-01,2025-04-02 00:00:00,15000,Verified
ATT-001293,BEN-0106,OFF-007,Scholarship,2025-08,2025-08-02,2025-08-04 00:00:00,15000,Verified
ATT-000140,BEN-0011,OFF-001,Plus,2026-06,2026-06-18,2026-06-19 00:00:00,8000,Verified
ATT-001115,BEN-0092,OFF-008,Scholarship,2025-11,2025-11-06,2025-11-07 00:00:00,15000,Verified
ATT-002144,BEN-0180,OFF-010,Scholarship,2025-02,2025-02-05,2025-02-06 00:00:00,15000,Verified
ATT-001559,BEN-0128,OFF-003,Tech,2026-01,2026-01-03,2026-01-03 00:00:00,12000,Verified
ATT-000356,BEN-0029,OFF-006,Vocational,2025-03,2025-03-01,2025-03-01 00:00:00,10000,Verified
ATT-001410,BEN-0116,OFF-002,Plus,2026-06,2026-06-20,2026-06-22 00:00:00,8000,Verified
ATT-001500,BEN-0124,OFF-012,Scholarship,2025-02,2025-02-18,2025-02-20 00:00:00,15000,Verified
ATT-001254,BEN-0103,OFF-009,Plus,2025-05,2025-05-01,2025-05-01 00:00:00,8000,Verified
ATT-001577,BEN-0130,OFF-002,Vocational,2026-02,2026-02-09,2026-02-10 00:00:00,10000,Verified
ATT-002017,BEN-0169,OFF-008,Vocational,2025-07,,2025-07-11 00:00:00,10000,Verified
ATT-000452,BEN-0036,OFF-012,Plus,2025-05,2025-05-01,2025-05-03 00:00:00,8000,Verified
ATT-000234,BEN-0019,OFF-001,Plus,2025-08,2025-08-16,2025-08-16 00:00:00,8000,Verified
ATT-001191,BEN-0098,OFF-015,Vocational,2025-03,2025-03-03,2025-03-03 00:00:00,10000,Verified
ATT-000058,BEN-0005,OFF-004,Scholarship,2025-09,2025-09-27,2025-09-29 00:00:00,15000,Verified
ATT-001504,BEN-0124,OFF-012,Scholarship,2026-03,2026-03-04,2026-03-06 00:00:00,15000,Verified
ATT-000709,BEN-0059,OFF-013,Vocational,2025-06,2025-06-27,2025-06-27 00:00:00,10000,Verified
ATT-002396,BEN-0200,OFF-011,Vocational,2025-10,2025-10-04,2025-10-04 00:00:00,10000,Verified
ATT-000477,BEN-0039,OFF-006,Vocational,2025-07,2025-07-22,2025-07-24 00:00:00,10000,Verified
ATT-000620,BEN-0049,OFF-008,Scholarship,2025-10,2025-10-19,2025-10-21 00:00:00,15000,Verified
ATT-000779,BEN-0065,OFF-002,Plus,2025-05,2025-05-23,2025-05-24 00:00:00,8000,Verified
ATT-001209,BEN-0099,OFF-004,Scholarship,2025-11,2025-11-27,2025-11-28 00:00:00,15000,Verified
ATT-000644,BEN-0052,OFF-006,Vocational,2025-03,2025-03-25,2025-03-25 00:00:00,10000,Verified
ATT-000909,BEN-0075,OFF-012,Scholarship,2025-04,2025-04-04,2025-04-05 00:00:00,15000,Verified
ATT-002266,BEN-0190,OFF-004,Plus,2025-04,2025-04-17,2025-04-17 00:00:00,8000,Verified
ATT-001153,BEN-0095,OFF-011,Tech,2025-06,2025-06-03,2025-06-05 00:00:00,12000,Verified
ATT-001734,BEN-0145,OFF-001,Vocational,2025-05,2025-05-22,2025-05-24 00:00:00,10000,Verified
ATT-000948,BEN-0078,OFF-015,Plus,2025-10,2025-10-26,2025-10-26 00:00:00,8000,Verified
ATT-000524,BEN-0042,OFF-004,Vocational,2025-03,2025-03-10,2025-03-11 00:00:00,10000,Verified
ATT-001666,BEN-0138,OFF-009,Scholarship,2025-03,2025-03-10,2025-03-12 00:00:00,15000,Verified
ATT-000912,BEN-0076,OFF-015,Vocational,2025-02,2025-02-23,2025-02-25 00:00:00,10000,Verified
ATT-000017,BEN-0002,OFF-009,Scholarship,2025-10,2025-10-22,2025-10-24 00:00:00,15000,Verified
ATT-001965,BEN-0165,OFF-008,Tech,2025-06,,2025-06-15 00:00:00,12000,Verified
ATT-000679,BEN-0055,OFF-015,Tech,2026-03,2026-03-27,2026-03-27 00:00:00,12000,Verified
ATT-001999,BEN-0168,OFF-013,Scholarship,2026-06,2026-06-11,2026-06-12 00:00:00,15000,Verified
ATT-000223,BEN-0018,OFF-008,Tech,2025-01,2025-01-27,2025-01-27 00:00:00,12000,Verified
ATT-001304,BEN-0107,OFF-002,Plus,2025-10,2025-10-08,2025-10-09 00:00:00,8000,Verified
ATT-001526,BEN-0126,OFF-013,Vocational,2025-11,2025-11-05,2025-11-05 00:00:00,10000,Verified
ATT-001706,BEN-0142,OFF-007,Tech,2025-01,2025-01-04,2025-01-06 00:00:00,12000,Verified
ATT-000074,BEN-0007,OFF-015,Vocational,2025-01,2025-01-28,2025-01-28 00:00:00,10000,Verified
ATT-001668,BEN-0138,OFF-009,Scholarship,2026-02,2026-02-12,2026-02-12 00:00:00,15000,Verified
ATT-001491,BEN-0123,OFF-012,Tech,2025-11,08/11/2025,2025-11-08 00:00:00,12000,Verified
ATT-000315,BEN-0025,OFF-009,Plus,2025-03,2025-03-05,2025-03-05 00:00:00,8000,Verified
ATT-000791,BEN-0066,OFF-007,Vocational,2025-10,2025-10-01,2025-10-01 00:00:00,10000,Verified
ATT-000151,BEN-0012,OFF-007,Plus,2026-05,2026-05-18,2026-05-20 00:00:00,8000,Verified
ATT-001225,BEN-0101,OFF-004,Scholarship,2026-01,2026-01-10,2026-01-10 00:00:00,15000,Verified
ATT-002120,BEN-0178,OFF-005,Plus,2025-08,2025-08-22,2025-08-24 00:00:00,8000,Verified
ATT-002047,BEN-0171,OFF-004,Plus,2025-11,2025-11-25,2025-11-25 00:00:00,8000,Verified
ATT-000908,BEN-0075,OFF-012,Scholarship,2025-02,2025-02-26,2025-02-28 00:00:00,15000,Verified
ATT-001764,BEN-0147,OFF-010,Vocational,2025-11,05/11/2025,2025-11-06 00:00:00,10000,Verified
ATT-001794,BEN-0150,OFF-010,Vocational,2025-08,2025-08-20,2025-08-22 00:00:00,10000,Verified
ATT-002098,BEN-0175,OFF-002,Vocational,2025-10,2025-10-04,2025-10-06 00:00:00,10000,Verified
ATT-001045,BEN-0085,OFF-012,Scholarship,2026-06,2026-06-20,2026-06-22 00:00:00,15000,Verified
ATT-001446,BEN-0119,OFF-010,Scholarship,2025-04,2025-04-15,2025-04-16 00:00:00,15000,Verified
ATT-002255,BEN-0189,OFF-002,Tech,2025-06,2025-06-22,2025-06-23 00:00:00,12000,Verified
ATT-002184,BEN-0183,OFF-014,Scholarship,2025-04,2025-04-02,2025-04-04 00:00:00,15000,Verified
ATT-000414,BEN-0033,OFF-001,Plus,2026-02,2026-02-21,2026-02-22 00:00:00,8000,Verified
ATT-001814,BEN-0151,OFF-013,Vocational,2026-01,2026-01-28,2026-01-29 00:00:00,10000,Verified
ATT-001082,BEN-0089,OFF-009,Vocational,2026-01,2026-01-03,2026-01-04 00:00:00,10000,Verified
ATT-001716,BEN-0143,OFF-012,Scholarship,2025-08,2025-08-08,2025-08-08 00:00:00,15000,Verified
ATT-001785,BEN-0149,OFF-005,Vocational,2025-09,2025-09-23,2025-09-23 00:00:00,10000,Verified
ATT-001431,BEN-0118,OFF-006,Scholarship,2025-02,2025-02-16,2025-02-18 00:00:00,15000,Verified
ATT-001150,BEN-0095,OFF-011,Tech,2025-02,2025-02-10,2025-02-11 00:00:00,12000,Verified
ATT-000398,BEN-0032,OFF-005,Vocational,2026-01,2026-01-17,2026-01-19 00:00:00,10000,Verified
ATT-002080,BEN-0174,OFF-002,Plus,2025-06,2025-06-18,2025-06-20 00:00:00,8000,Verified
ATT-001113,BEN-0091,OFF-003,Tech,2025-11,,2025-11-02 00:00:00,12000,Verified
ATT-002300,BEN-0192,OFF-003,Plus,2026-03,2026-03-22,2026-03-22 00:00:00,8000,Verified
ATT-000137,BEN-0011,OFF-001,Plus,2025-11,2025-11-13,2025-11-15 00:00:00,8000,Verified
ATT-001062,BEN-0087,OFF-014,Plus,2025-11,2025-11-05,2025-11-07 00:00:00,8000,Verified
ATT-001580,BEN-0130,OFF-002,Vocational,2025-02,2025-02-18,2025-02-20 00:00:00,10000,Verified
ATT-001301,BEN-0107,OFF-002,Plus,2026-01,20/01/2026,2026-01-21 00:00:00,8000,Verified
ATT-000999,BEN-0082,OFF-014,Vocational,2025-05,2025-05-16,2025-05-17 00:00:00,10000,Verified
ATT-000423,BEN-0034,OFF-009,Tech,2025-06,2025-06-02,2025-06-03 00:00:00,12000,Verified
ATT-001043,BEN-0085,OFF-012,Scholarship,2025-04,2025-04-11,2025-04-11 00:00:00,15000,Verified
ATT-000412,BEN-0033,OFF-001,Plus,2026-06,2026-06-17,2026-06-18 00:00:00,8000,Verified
ATT-001320,BEN-0109,OFF-006,Tech,2025-04,2025-04-11,2025-04-13 00:00:00,12000,Verified
ATT-001750,BEN-0145,OFF-001,Vocational,2025-11,2025-11-27,2025-11-29 00:00:00,10000,Verified
ATT-000805,BEN-0067,OFF-015,Scholarship,2025-11,2025-11-19,2025-11-21 00:00:00,15000,Verified
ATT-000563,BEN-0045,OFF-014,Scholarship,2025-09,2025-09-15,2025-09-15 00:00:00,15000,Verified
ATT-000674,BEN-0054,OFF-003,Vocational,2025-02,2025-02-22,2025-02-23 00:00:00,10000,Verified
ATT-002393,BEN-0199,OFF-012,Tech,2025-11,2025-11-04,2025-11-05 00:00:00,12000,Verified
ATT-001525,BEN-0126,OFF-013,Vocational,2026-01,2026-01-07,2026-01-07 00:00:00,10000,Verified
ATT-000761,BEN-0064,OFF-001,Tech,2025-03,2025-03-18,2025-03-18 00:00:00,12000,Verified
ATT-001066,BEN-0087,OFF-014,Plus,2026-06,2026-06-15,2026-06-15 00:00:00,8000,Verified
ATT-001341,BEN-0111,OFF-002,Scholarship,2026-03,2026-03-12,2026-03-13 00:00:00,15000,Verified
ATT-000717,BEN-0060,OFF-012,Plus,2025-06,2025-06-14,2025-06-16 00:00:00,8000,Verified
ATT-000809,BEN-0068,OFF-006,Tech,2026-06,2026-06-23,2026-06-24 00:00:00,12000,Verified
ATT-001314,BEN-0108,OFF-006,Vocational,2025-09,2025-09-20,2025-09-20 00:00:00,10000,Verified
ATT-000519,BEN-0041,OFF-007,Plus,2026-03,2026-03-03,2026-03-05 00:00:00,8000,Verified
ATT-002016,BEN-0169,OFF-008,Vocational,2025-03,2025-03-26,2025-03-28 00:00:00,10000,Verified
ATT-001888,BEN-0157,OFF-012,Plus,2025-03,2025-03-09,2025-03-10 00:00:00,8000,Verified
ATT-001453,BEN-0120,OFF-015,Plus,2025-01,2025-01-12,2025-01-14 00:00:00,8000,Verified
ATT-000887,BEN-0074,OFF-010,Scholarship,2025-01,2025-01-01,2025-01-03 00:00:00,15000,Verified
ATT-001964,BEN-0165,OFF-008,Tech,2025-03,2025-03-03,2025-03-04 00:00:00,12000,Verified
ATT-001131,BEN-0093,OFF-013,Tech,2025-12,12/12/2025,2025-12-14 00:00:00,12000,Verified
ATT-000019,BEN-0002,OFF-009,Scholarship,2025-07,2025-07-10,2025-07-11 00:00:00,15000,Verified
ATT-002154,BEN-0181,OFF-013,Tech,2025-04,2025-04-18,2025-04-18 00:00:00,12000,Verified
ATT-002085,BEN-0175,OFF-002,Vocational,2025-03,2025-03-24,2025-03-26 00:00:00,10000,Verified
ATT-001146,BEN-0094,OFF-006,Plus,2025-03,2025-03-23,2025-03-23 00:00:00,8000,Verified
ATT-000869,BEN-0072,OFF-001,Vocational,2026-05,2026-05-11,2026-05-12 00:00:00,10000,Verified
ATT-001262,BEN-0104,OFF-007,Plus,2025-06,2025-06-15,2025-06-17 00:00:00,8000,Verified
ATT-000654,BEN-0053,OFF-001,Plus,2025-05,2025-05-20,2025-05-22 00:00:00,8000,Verified
ATT-001022,BEN-0084,OFF-008,Scholarship,2025-12,2025-12-14,2025-12-15 00:00:00,15000,Verified
ATT-001485,BEN-0123,OFF-012,Tech,2025-12,22/12/2025,2025-12-24 00:00:00,12000,Verified
ATT-001455,BEN-0120,OFF-015,Plus,2025-11,2025-11-11,2025-11-13 00:00:00,8000,Verified
ATT-001811,BEN-0151,OFF-013,Vocational,2025-04,2025-04-25,2025-04-27 00:00:00,10000,Verified
ATT-001052,BEN-0086,OFF-004,Plus,2025-08,2025-08-04,2025-08-05 00:00:00,8000,Verified
ATT-000175,BEN-0015,OFF-012,Vocational,2026-03,2026-03-15,2026-03-17 00:00:00,10000,Verified
ATT-001029,BEN-0084,OFF-008,Scholarship,2026-03,2026-03-07,2026-03-07 00:00:00,15000,Verified
ATT-001940,BEN-0163,OFF-006,Scholarship,2026-02,2026-02-01,2026-02-02 00:00:00,15000,Verified
ATT-000732,BEN-0061,OFF-008,Scholarship,2026-03,2026-03-18,2026-03-19 00:00:00,15000,Verified
ATT-000542,BEN-0043,OFF-008,Scholarship,2026-03,2026-03-23,2026-03-23 00:00:00,15000,Verified
ATT-001820,BEN-0151,OFF-013,Vocational,2025-11,2025-11-26,2025-11-26 00:00:00,10000,Verified
ATT-000044,BEN-0004,OFF-001,Plus,2026-02,2026-02-19,2026-02-21 00:00:00,8000,Verified
ATT-000737,BEN-0061,OFF-008,Scholarship,2026-05,2026-05-14,2026-05-14 00:00:00,15000,Verified
ATT-002326,BEN-0194,OFF-012,Plus,2025-10,2025-10-13,2025-10-15 00:00:00,8000,Verified
ATT-002114,BEN-0177,OFF-002,Scholarship,2025-05,11/05/2025,2025-05-13 00:00:00,15000,Verified
ATT-000386,BEN-0031,OFF-008,Vocational,2025-02,2025-02-28,2025-03-02 00:00:00,10000,Verified
ATT-001251,BEN-0103,OFF-009,Plus,2025-06,2025-06-15,2025-06-16 00:00:00,8000,Verified
ATT-000841,BEN-0070,OFF-008,Scholarship,2025-01,2025-01-11,2025-01-13 00:00:00,15000,Verified
ATT-001993,BEN-0168,OFF-013,Scholarship,2025-01,2025-01-08,2025-01-09 00:00:00,15000,Verified
ATT-000094,BEN-0008,OFF-015,Plus,2026-02,,2026-02-20 00:00:00,8000,Verified
ATT-001514,BEN-0125,OFF-014,Vocational,2025-03,2025-03-06,2025-03-08 00:00:00,10000,Verified
ATT-001859,BEN-0155,OFF-004,Vocational,2026-06,2026-06-06,2026-06-07 00:00:00,10000,Verified
ATT-000500,BEN-0040,OFF-014,Scholarship,2025-04,2025-04-26,2025-04-27 00:00:00,15000,Verified
ATT-002303,BEN-0193,OFF-010,Tech,2026-04,2026-04-18,2026-04-18 00:00:00,12000,Verified
ATT-001662,BEN-0137,OFF-002,Vocational,2025-12,2025-12-16,2025-12-17 00:00:00,10000,Verified
ATT-001720,BEN-0143,OFF-012,Scholarship,2026-04,2026-04-18,2026-04-18 00:00:00,15000,Verified
ATT-001605,BEN-0132,OFF-009,Scholarship,2025-09,2025-09-04,2025-09-04 00:00:00,15000,Verified
ATT-000364,BEN-0030,OFF-011,Scholarship,2025-09,2025-09-15,2025-09-16 00:00:00,15000,Verified
ATT-000163,BEN-0013,OFF-006,Tech,2025-02,2025-02-18,2025-02-20 00:00:00,12000,Verified
ATT-002317,BEN-0194,OFF-012,Plus,2025-04,2025-04-02,2025-04-02 00:00:00,8000,Verified
ATT-002368,BEN-0198,OFF-011,Vocational,2026-02,2026-02-06,2026-02-06 00:00:00,10000,Verified
ATT-001198,BEN-0099,OFF-004,Scholarship,2025-06,2025-06-09,2025-06-10 00:00:00,15000,Verified
ATT-001657,BEN-0137,OFF-002,Vocational,2025-02,2025-02-14,2025-02-16 00:00:00,10000,Verified
ATT-002351,BEN-0196,OFF-004,Vocational,2026-01,26/01/2026,2026-01-26 00:00:00,10000,Verified
ATT-002153,BEN-0181,OFF-013,Tech,2026-01,2026-01-13,2026-01-13 00:00:00,12000,Verified
ATT-001424,BEN-0117,OFF-005,Vocational,2026-01,2026-01-05,2026-01-06 00:00:00,10000,Verified
ATT-002267,BEN-0190,OFF-004,Plus,2025-02,2025-02-04,2025-02-04 00:00:00,8000,Verified
ATT-000682,BEN-0056,OFF-005,Plus,2026-03,2026-03-24,2026-03-26 00:00:00,8000,Verified
ATT-001345,BEN-0111,OFF-002,Scholarship,2026-02,2026-02-21,2026-02-21 00:00:00,15000,Verified
ATT-000251,BEN-0021,OFF-004,Vocational,2026-04,11/04/2026,2026-04-12 00:00:00,10000,Verified
ATT-000089,BEN-0008,OFF-015,Plus,2025-12,2025-12-10,2025-12-11 00:00:00,8000,Verified
ATT-002198,BEN-0185,OFF-013,Tech,2026-01,2026-01-13,2026-01-15 00:00:00,12000,Verified
ATT-001094,BEN-0090,OFF-001,Vocational,2025-08,2025-08-16,2025-08-18 00:00:00,10000,Verified
ATT-001943,BEN-0163,OFF-006,Scholarship,2025-06,2025-06-04,2025-06-04 00:00:00,15000,Verified
ATT-002178,BEN-0183,OFF-014,Scholarship,2025-02,,2025-02-27 00:00:00,15000,Verified
ATT-001381,BEN-0114,OFF-006,Scholarship,2025-09,2025-09-05,2025-09-05 00:00:00,15000,Verified
ATT-001620,BEN-0133,OFF-007,Scholarship,2026-01,2026-01-25,2026-01-25 00:00:00,15000,Verified
ATT-000777,BEN-0064,OFF-001,Tech,2026-04,2026-04-24,2026-04-26 00:00:00,12000,Verified
ATT-000954,BEN-0079,OFF-002,Plus,2025-05,,2025-05-20 00:00:00,8000,Verified
ATT-001902,BEN-0158,OFF-014,Scholarship,2026-05,2026-05-25,2026-05-27 00:00:00,15000,Verified
ATT-001489,BEN-0123,OFF-012,Tech,2026-06,2026-06-06,2026-06-06 00:00:00,12000,Verified
ATT-000328,BEN-0026,OFF-007,Tech,2025-01,2025-01-05,2025-01-07 00:00:00,12000,Verified
ATT-002276,BEN-0191,OFF-012,Vocational,2025-12,,2025-12-28 00:00:00,10000,Verified
ATT-001860,BEN-0155,OFF-004,Vocational,2025-07,2025-07-03,2025-07-03 00:00:00,10000,Verified
ATT-001300,BEN-0107,OFF-002,Plus,2025-11,2025-11-15,2025-11-16 00:00:00,8000,Verified
ATT-000468,BEN-0038,OFF-012,Plus,2026-05,2026-05-24,2026-05-24 00:00:00,8000,Verified
ATT-001001,BEN-0082,OFF-014,Vocational,2025-07,2025-07-22,2025-07-22 00:00:00,10000,Verified
ATT-001509,BEN-0124,OFF-012,Scholarship,2026-02,2026-02-22,2026-02-23 00:00:00,15000,Verified
ATT-001538,BEN-0127,OFF-012,Vocational,2026-02,04/02/2026,2026-02-06 00:00:00,10000,Verified
ATT-000812,BEN-0068,OFF-006,Tech,2025-07,2025-07-21,2025-07-23 00:00:00,12000,Verified
ATT-001604,BEN-0132,OFF-009,Scholarship,2025-10,2025-10-16,2025-10-16 00:00:00,15000,Verified
ATT-000304,BEN-0025,OFF-009,Plus,2025-07,2025-07-07,2025-07-09 00:00:00,8000,Verified
ATT-001323,BEN-0109,OFF-006,Tech,2025-03,2025-03-22,2025-03-22 00:00:00,12000,Verified
ATT-000007,BEN-0001,OFF-008,Tech,2025-03,2025-03-07,2025-03-08 00:00:00,12000,Verified
ATT-001643,BEN-0136,OFF-008,Vocational,2025-02,05/02/2025,2025-02-07 00:00:00,10000,Verified
ATT-000719,BEN-0060,OFF-012,Plus,2025-02,2025-02-21,2025-02-23 00:00:00,8000,Verified
ATT-001145,BEN-0094,OFF-006,Plus,2026-03,2026-03-05,2026-03-05 00:00:00,8000,Verified
ATT-002350,BEN-0196,OFF-004,Vocational,2025-02,,2025-02-17 00:00:00,10000,Verified
ATT-000992,BEN-0082,OFF-014,Vocational,2025-11,2025-11-05,2025-11-05 00:00:00,10000,Verified
ATT-000605,BEN-0048,OFF-006,Tech,2025-10,2025-10-11,2025-10-13 00:00:00,12000,Verified
ATT-001215,BEN-0100,OFF-001,Plus,2026-06,2026-06-11,2026-06-11 00:00:00,8000,Verified
ATT-001738,BEN-0145,OFF-001,Vocational,2025-12,2025-12-16,2025-12-17 00:00:00,10000,Verified
ATT-001092,BEN-0090,OFF-001,Vocational,2025-01,2025-01-11,2025-01-12 00:00:00,10000,Verified
ATT-000731,BEN-0061,OFF-008,Scholarship,2026-04,2026-04-01,2026-04-02 00:00:00,15000,Verified
ATT-001708,BEN-0142,OFF-007,Tech,2025-11,2025-11-19,2025-11-20 00:00:00,12000,Verified
ATT-002109,BEN-0177,OFF-002,Scholarship,2026-01,2026-01-19,2026-01-20 00:00:00,15000,Verified
ATT-002010,BEN-0169,OFF-008,Vocational,2026-01,2026-01-07,2026-01-07 00:00:00,10000,Verified
ATT-001019,BEN-0084,OFF-008,Scholarship,2025-04,2025-04-19,2025-04-19 00:00:00,15000,Verified
ATT-000620,BEN-0049,OFF-008,Scholarship,2025-10,2025-10-19,2025-10-21 00:00:00,15000,Verified
ATT-002318,BEN-0194,OFF-012,Plus,2025-11,2025-11-17,2025-11-17 00:00:00,8000,Verified
ATT-000768,BEN-0064,OFF-001,Tech,2025-05,2025-05-17,2025-05-17 00:00:00,12000,Verified
ATT-001632,BEN-0135,OFF-007,Vocational,2026-05,2026-05-21,2026-05-23 00:00:00,10000,Verified
ATT-001386,BEN-0114,OFF-006,Scholarship,2025-08,2025-08-07,2025-08-07 00:00:00,15000,Verified
ATT-001669,BEN-0138,OFF-009,Scholarship,2025-07,2025-07-23,2025-07-24 00:00:00,15000,Verified
ATT-000639,BEN-0052,OFF-006,Vocational,2025-12,2025-12-04,2025-12-05 00:00:00,10000,Verified
ATT-000502,BEN-0040,OFF-014,Scholarship,2025-05,26/05/2025,2025-05-27 00:00:00,15000,Verified
ATT-001551,BEN-0128,OFF-003,Tech,2026-03,2026-03-28,2026-03-30 00:00:00,12000,Verified
ATT-001741,BEN-0145,OFF-001,Vocational,2025-08,13/08/2025,2025-08-14 00:00:00,10000,Verified
ATT-001496,BEN-0123,OFF-012,Tech,2025-07,,2025-07-07 00:00:00,12000,Verified
ATT-000236,BEN-0020,OFF-002,Plus,2026-04,2026-04-27,2026-04-28 00:00:00,8000,Verified
ATT-000462,BEN-0037,OFF-007,Plus,2026-02,2026-02-14,2026-02-16 00:00:00,8000,Verified
ATT-001139,BEN-0094,OFF-006,Plus,2025-01,2025-01-08,2025-01-09 00:00:00,8000,Verified
ATT-000540,BEN-0043,OFF-008,Scholarship,2026-02,2026-02-24,2026-02-25 00:00:00,15000,Verified
ATT-002168,BEN-0182,OFF-004,Plus,2025-12,2025-12-13,2025-12-15 00:00:00,8000,Verified
ATT-000059,BEN-0005,OFF-004,Scholarship,2025-02,2025-02-05,2025-02-06 00:00:00,15000,Verified
ATT-001032,BEN-0084,OFF-008,Scholarship,2025-05,2025-05-19,2025-05-19 00:00:00,15000,Verified
ATT-001801,BEN-0150,OFF-010,Vocational,2025-11,2025-11-03,2025-11-03 00:00:00,10000,Verified
ATT-000032,BEN-0003,OFF-005,Tech,2025-07,2025-07-26,2025-07-28 00:00:00,12000,Verified
ATT-000154,BEN-0012,OFF-007,Plus,2025-04,2025-04-10,2025-04-11 00:00:00,8000,Verified
ATT-001640,BEN-0135,OFF-007,Vocational,2025-05,2025-05-24,2025-05-25 00:00:00,10000,Verified
ATT-001136,BEN-0094,OFF-006,Plus,2025-06,2025-06-05,2025-06-07 00:00:00,8000,Verified
ATT-000342,BEN-0027,OFF-004,Plus,2025-09,2025-09-12,2025-09-12 00:00:00,8000,Verified
ATT-001626,BEN-0134,OFF-003,Scholarship,2026-01,2026-01-11,2026-01-12 00:00:00,15000,Verified
ATT-001834,BEN-0153,OFF-010,Vocational,2025-11,2025-11-27,2025-11-28 00:00:00,10000,Verified
ATT-002089,BEN-0175,OFF-002,Vocational,2025-08,2025-08-23,2025-08-24 00:00:00,10000,Verified
ATT-000760,BEN-0063,OFF-007,Tech,2025-05,2025-05-20,2025-05-20 00:00:00,12000,Verified
ATT-000704,BEN-0058,OFF-015,Plus,2025-06,2025-06-15,2025-06-17 00:00:00,8000,Verified
ATT-001728,BEN-0144,OFF-011,Scholarship,2025-04,2025-04-05,2025-04-06 00:00:00,15000,Verified
ATT-000444,BEN-0036,OFF-012,Plus,2025-09,2025-09-05,2025-09-05 00:00:00,8000,Verified
ATT-000361,BEN-0029,OFF-006,Vocational,2025-07,2025-07-03,2025-07-05 00:00:00,10000,Verified
ATT-002082,BEN-0175,OFF-002,Vocational,2026-04,2026-04-10,2026-04-11 00:00:00,10000,Verified
ATT-002016,BEN-0169,OFF-008,Vocational,2025-03,,2025-03-28 00:00:00,10000,Verified
ATT-000075,BEN-0007,OFF-015,Vocational,2025-07,2025-07-28,2025-07-30 00:00:00,10000,Verified
ATT-000594,BEN-0047,OFF-008,Scholarship,2025-05,2025-05-13,2025-05-13 00:00:00,15000,Verified
ATT-000138,BEN-0011,OFF-001,Plus,2026-05,2026-05-09,2026-05-10 00:00:00,8000,Verified
ATT-001800,BEN-0150,OFF-010,Vocational,2025-02,2025-02-04,2025-02-05 00:00:00,10000,Verified
ATT-000757,BEN-0063,OFF-007,Tech,2026-04,2026-04-17,2026-04-17 00:00:00,12000,Verified
ATT-001327,BEN-0109,OFF-006,Tech,2025-12,2025-12-04,2025-12-04 00:00:00,12000,Verified
ATT-000506,BEN-0041,OFF-007,Plus,2025-07,2025-07-05,2025-07-06 00:00:00,8000,Verified
ATT-000334,BEN-0027,OFF-004,Plus,2026-04,2026-04-11,2026-04-11 00:00:00,8000,Verified
ATT-000218,BEN-0018,OFF-008,Tech,2026-06,2026-06-26,2026-06-27 00:00:00,12000,Verified
ATT-002068,BEN-0173,OFF-003,Tech,2026-05,2026-05-24,2026-05-24 00:00:00,12000,Verified
ATT-002096,BEN-0175,OFF-002,Vocational,2025-01,2025-01-03,2025-01-04 00:00:00,10000,Verified
ATT-001994,BEN-0168,OFF-013,Scholarship,2025-07,2025-07-22,2025-07-23 00:00:00,15000,Verified
ATT-000318,BEN-0026,OFF-007,Tech,2026-03,2026-03-18,2026-03-20 00:00:00,12000,Verified
ATT-002079,BEN-0174,OFF-002,Plus,2025-04,2025-04-11,2025-04-12 00:00:00,8000,Verified
ATT-000166,BEN-0014,OFF-013,Scholarship,2025-05,2025-05-12,2025-05-14 00:00:00,15000,Verified
ATT-000573,BEN-0045,OFF-014,Scholarship,2025-05,2025-05-15,2025-05-17 00:00:00,15000,Verified
ATT-001803,BEN-0150,OFF-010,Vocational,2026-02,2026-02-04,2026-02-05 00:00:00,10000,Verified
ATT-001552,BEN-0128,OFF-003,Tech,2026-04,2026-04-24,2026-04-26 00:00:00,12000,Verified
ATT-001105,BEN-0091,OFF-003,Tech,2025-12,2025-12-18,2025-12-19 00:00:00,12000,Verified
ATT-000160,BEN-0013,OFF-006,Tech,2025-09,2025-09-08,2025-09-10 00:00:00,12000,Verified
ATT-002163,BEN-0181,OFF-013,Tech,2025-06,2025-06-09,2025-06-10 00:00:00,12000,Verified
ATT-001226,BEN-0101,OFF-004,Scholarship,2026-02,2026-02-24,2026-02-26 00:00:00,15000,Verified
ATT-000632,BEN-0051,OFF-010,Vocational,2025-10,19/10/2025,2025-10-20 00:00:00,10000,Verified
ATT-002148,BEN-0181,OFF-013,Tech,2025-11,2025-11-23,2025-11-23 00:00:00,12000,Verified
ATT-002028,BEN-0170,OFF-006,Plus,2025-12,2025-12-05,2025-12-06 00:00:00,8000,Verified
ATT-000252,BEN-0021,OFF-004,Vocational,2025-12,2025-12-06,2025-12-08 00:00:00,10000,Verified
ATT-001530,BEN-0126,OFF-013,Vocational,2025-02,2025-02-05,2025-02-06 00:00:00,10000,Verified
ATT-000575,BEN-0045,OFF-014,Scholarship,2026-02,2026-02-09,2026-02-09 00:00:00,15000,Verified
ATT-000628,BEN-0051,OFF-010,Vocational,2025-01,2025-01-27,2025-01-27 00:00:00,10000,Verified
ATT-000616,BEN-0049,OFF-008,Scholarship,2025-04,2025-04-03,2025-04-04 00:00:00,15000,Verified
ATT-000766,BEN-0064,OFF-001,Tech,2025-02,2025-02-14,2025-02-15 00:00:00,12000,Verified
ATT-002343,BEN-0195,OFF-002,Scholarship,2025-09,2025-09-02,2025-09-02 00:00:00,15000,Verified
ATT-001223,BEN-0101,OFF-004,Scholarship,2025-02,2025-02-17,2025-02-19 00:00:00,15000,Verified
ATT-001474,BEN-0122,OFF-005,Vocational,2025-08,2025-08-02,2025-08-03 00:00:00,10000,Verified
ATT-002361,BEN-0197,OFF-006,Plus,2026-04,2026-04-16,2026-04-16 00:00:00,8000,Verified
ATT-000316,BEN-0025,OFF-009,Plus,2025-06,2025-06-20,2025-06-21 00:00:00,8000,Verified
ATT-000911,BEN-0075,OFF-012,Scholarship,2025-12,2025-12-15,2025-12-17 00:00:00,15000,Verified
ATT-001026,BEN-0084,OFF-008,Scholarship,2026-04,2026-04-16,2026-04-18 00:00:00,15000,Verified
ATT-000957,BEN-0079,OFF-002,Plus,2026-04,2026-04-26,2026-04-26 00:00:00,8000,Verified
ATT-002392,BEN-0199,OFF-012,Tech,2025-07,2025-07-26,2025-07-28 00:00:00,12000,Verified
ATT-001398,BEN-0116,OFF-002,Plus,2026-05,2026-05-05,2026-05-07 00:00:00,8000,Verified
ATT-000565,BEN-0045,OFF-014,Scholarship,2025-12,2025-12-11,2025-12-12 00:00:00,15000,Verified
ATT-000782,BEN-0065,OFF-002,Plus,2025-06,2025-06-10,2025-06-10 00:00:00,8000,Verified
ATT-000509,BEN-0041,OFF-007,Plus,2025-02,,2025-02-18 00:00:00,8000,Verified
ATT-000720,BEN-0060,OFF-012,Plus,2025-10,2025-10-27,2025-10-27 00:00:00,8000,Verified
ATT-000677,BEN-0055,OFF-015,Tech,2025-03,2025-03-08,2025-03-10 00:00:00,12000,Verified
ATT-001946,BEN-0163,OFF-006,Scholarship,2025-07,2025-07-23,2025-07-24 00:00:00,15000,Verified
ATT-001505,BEN-0124,OFF-012,Scholarship,2025-06,2025-06-19,2025-06-21 00:00:00,15000,Verified
ATT-001807,BEN-0150,OFF-010,Vocational,2026-06,2026-06-11,2026-06-13 00:00:00,10000,Verified
ATT-001962,BEN-0165,OFF-008,Tech,2026-06,2026-06-24,2026-06-25 00:00:00,12000,Verified
ATT-000577,BEN-0046,OFF-012,Tech,2025-11,2025-11-07,2025-11-08 00:00:00,12000,Verified
ATT-000098,BEN-0008,OFF-015,Plus,2025-07,2025-07-10,2025-07-12 00:00:00,8000,Verified
ATT-000167,BEN-0014,OFF-013,Scholarship,2025-10,2025-10-26,2025-10-27 00:00:00,15000,Verified
ATT-000795,BEN-0067,OFF-015,Scholarship,2026-05,,2026-05-12 00:00:00,15000,Verified
ATT-000903,BEN-0075,OFF-012,Scholarship,2025-05,2025-05-10,2025-05-10 00:00:00,15000,Verified
ATT-000360,BEN-0029,OFF-006,Vocational,2025-05,2025-05-27,2025-05-27 00:00:00,10000,Verified
ATT-001531,BEN-0126,OFF-013,Vocational,2025-03,2025-03-27,2025-03-27 00:00:00,10000,Verified
ATT-001065,BEN-0087,OFF-014,Plus,2025-02,2025-02-09,2025-02-11 00:00:00,8000,Verified
ATT-000479,BEN-0039,OFF-006,Vocational,2026-01,2026-01-11,2026-01-11 00:00:00,10000,Verified
ATT-000698,BEN-0058,OFF-015,Plus,2025-01,2025-01-02,2025-01-03 00:00:00,8000,Verified
ATT-002254,BEN-0189,OFF-002,Tech,2026-01,2026-01-26,2026-01-28 00:00:00,12000,Verified
ATT-000428,BEN-0035,OFF-008,Plus,2025-11,2025-11-25,2025-11-27 00:00:00,8000,Verified
ATT-001954,BEN-0164,OFF-005,Scholarship,2025-01,2025-01-14,2025-01-16 00:00:00,15000,Verified
ATT-001244,BEN-0103,OFF-009,Plus,2025-02,2025-02-24,2025-02-25 00:00:00,8000,Verified
ATT-001074,BEN-0088,OFF-002,Scholarship,2026-01,2026-01-08,2026-01-08 00:00:00,15000,Verified
ATT-000834,BEN-0070,OFF-008,Scholarship,2025-05,2025-05-16,2025-05-18 00:00:00,15000,Verified
ATT-001190,BEN-0098,OFF-015,Vocational,2026-04,2026-04-05,2026-04-07 00:00:00,10000,Verified
ATT-000238,BEN-0020,OFF-002,Plus,2026-03,2026-03-07,2026-03-07 00:00:00,8000,Verified
ATT-000168,BEN-0014,OFF-013,Scholarship,2025-12,2025-12-13,2025-12-15 00:00:00,15000,Verified
ATT-001676,BEN-0139,OFF-003,Vocational,2025-08,2025-08-25,2025-08-26 00:00:00,10000,Verified
ATT-000996,BEN-0082,OFF-014,Vocational,2026-04,2026-04-10,2026-04-10 00:00:00,10000,Verified
ATT-002241,BEN-0188,OFF-005,Scholarship,2025-04,2025-04-19,2025-04-20 00:00:00,15000,Verified
ATT-001030,BEN-0084,OFF-008,Scholarship,2025-03,2025-03-24,2025-03-24 00:00:00,15000,Verified
ATT-000158,BEN-0013,OFF-006,Tech,2026-03,2026-03-23,2026-03-25 00:00:00,12000,Verified
ATT-002165,BEN-0182,OFF-004,Plus,2025-05,2025-05-28,2025-05-29 00:00:00,8000,Verified
ATT-002328,BEN-0194,OFF-012,Plus,2026-01,2026-01-28,2026-01-30 00:00:00,8000,Verified
ATT-002060,BEN-0173,OFF-003,Tech,2025-10,24/10/2025,2025-10-24 00:00:00,12000,Verified
ATT-002200,BEN-0185,OFF-013,Tech,2025-03,2025-03-04,2025-03-04 00:00:00,12000,Verified
ATT-000078,BEN-0007,OFF-015,Vocational,2025-09,23/09/2025,2025-09-23 00:00:00,10000,Verified
ATT-000081,BEN-0007,OFF-015,Vocational,2025-02,2025-02-28,2025-03-02 00:00:00,10000,Verified
ATT-000998,BEN-0082,OFF-014,Vocational,2025-06,2025-06-18,2025-06-20 00:00:00,10000,Verified
ATT-001123,BEN-0092,OFF-008,Scholarship,2025-12,2025-12-06,2025-12-07 00:00:00,15000,Verified
ATT-000243,BEN-0021,OFF-004,Vocational,2025-09,2025-09-26,2025-09-27 00:00:00,10000,Verified
ATT-000965,BEN-0079,OFF-002,Plus,2025-01,2025-01-02,2025-01-04 00:00:00,8000,Verified
ATT-001561,BEN-0128,OFF-003,Tech,2025-07,2025-07-02,2025-07-03 00:00:00,12000,Verified
ATT-002189,BEN-0184,OFF-003,Tech,2025-02,2025-02-16,2025-02-18 00:00:00,12000,Verified
ATT-002404,BEN-0200,OFF-011,Vocational,2025-11,2025-11-15,2025-11-17 00:00:00,10000,Verified
ATT-001986,BEN-0167,OFF-013,Plus,2025-04,2025-04-14,2025-04-14 00:00:00,8000,Verified
ATT-000880,BEN-0073,OFF-015,Scholarship,2025-03,2025-03-03,2025-03-05 00:00:00,15000,Verified
ATT-001798,BEN-0150,OFF-010,Vocational,2026-01,2026-01-06,2026-01-06 00:00:00,10000,Verified
ATT-000323,BEN-0026,OFF-007,Tech,2025-12,2025-12-14,2025-12-16 00:00:00,12000,Verified
ATT-001634,BEN-0135,OFF-007,Vocational,2026-02,2026-02-08,2026-02-09 00:00:00,10000,Verified
ATT-000747,BEN-0062,OFF-014,Tech,2026-05,2026-05-27,2026-05-28 00:00:00,12000,Verified
ATT-002261,BEN-0190,OFF-004,Plus,2025-06,2025-06-14,2025-06-16 00:00:00,8000,Verified
ATT-001229,BEN-0101,OFF-004,Scholarship,2026-03,2026-03-26,2026-03-28 00:00:00,15000,Verified
ATT-000290,BEN-0024,OFF-014,Plus,2026-04,2026-04-06,2026-04-06 00:00:00,8000,Verified
ATT-001378,BEN-0114,OFF-006,Scholarship,2025-12,2025-12-20,2025-12-20 00:00:00,15000,Verified
ATT-000797,BEN-0067,OFF-015,Scholarship,2026-01,2026-01-28,2026-01-29 00:00:00,15000,Verified
ATT-000815,BEN-0068,OFF-006,Tech,2025-10,2025-10-04,2025-10-06 00:00:00,12000,Verified
ATT-000022,BEN-0002,OFF-009,Scholarship,2025-12,2025-12-23,2025-12-24 00:00:00,15000,Verified
ATT-000260,BEN-0022,OFF-008,Scholarship,2025-03,2025-03-02,2025-03-02 00:00:00,15000,Verified
ATT-002007,BEN-0169,OFF-008,Vocational,2025-10,2025-10-05,2025-10-05 00:00:00,10000,Verified
ATT-002289,BEN-0192,OFF-003,Plus,2025-02,2025-02-13,2025-02-15 00:00:00,8000,Verified
ATT-000300,BEN-0024,OFF-014,Plus,2025-11,2025-11-17,2025-11-18 00:00:00,8000,Verified
ATT-001443,BEN-0119,OFF-010,Scholarship,2025-10,2025-10-19,2025-10-21 00:00:00,15000,Verified
ATT-001385,BEN-0114,OFF-006,Scholarship,2025-07,15/07/2025,2025-07-15 00:00:00,15000,Verified
ATT-002134,BEN-0180,OFF-010,Scholarship,2026-04,2026-04-26,2026-04-28 00:00:00,15000,Verified
ATT-001060,BEN-0087,OFF-014,Plus,2026-04,2026-04-15,2026-04-17 00:00:00,8000,Verified
ATT-000246,BEN-0021,OFF-004,Vocational,2025-08,2025-08-14,2025-08-16 00:00:00,10000,Verified
ATT-000488,BEN-0039,OFF-006,Vocational,2025-08,2025-08-14,2025-08-16 00:00:00,10000,Verified
ATT-001117,BEN-0092,OFF-008,Scholarship,2026-02,2026-02-19,2026-02-19 00:00:00,15000,Verified
ATT-002294,BEN-0192,OFF-003,Plus,2025-05,2025-05-20,2025-05-22 00:00:00,8000,Verified
ATT-000382,BEN-0031,OFF-008,Vocational,2025-09,2025-09-12,2025-09-13 00:00:00,10000,Verified
ATT-000433,BEN-0035,OFF-008,Plus,2025-07,,2025-07-19 00:00:00,8000,Verified
ATT-000539,BEN-0043,OFF-008,Scholarship,2026-01,2026-01-28,2026-01-28 00:00:00,15000,Verified
ATT-001460,BEN-0121,OFF-013,Plus,2026-02,2026-02-14,2026-02-14 00:00:00,8000,Verified
ATT-000725,BEN-0060,OFF-012,Plus,2026-05,2026-05-16,2026-05-18 00:00:00,8000,Verified
ATT-001160,BEN-0096,OFF-005,Plus,2026-02,2026-02-09,2026-02-10 00:00:00,8000,Verified
ATT-000655,BEN-0053,OFF-001,Plus,2025-03,2025-03-18,2025-03-20 00:00:00,8000,Verified
ATT-002279,BEN-0191,OFF-012,Vocational,2026-01,2026-01-20,2026-01-21 00:00:00,10000,Verified
ATT-002157,BEN-0181,OFF-013,Tech,2026-02,2026-02-17,2026-02-18 00:00:00,12000,Verified
ATT-000080,BEN-0007,OFF-015,Vocational,2026-05,2026-05-08,2026-05-09 00:00:00,10000,Verified
ATT-000714,BEN-0059,OFF-013,Vocational,2025-07,2025-07-17,2025-07-17 00:00:00,10000,Verified
ATT-000206,BEN-0017,OFF-007,Scholarship,2026-04,2026-04-23,2026-04-25 00:00:00,15000,Verified
ATT-001147,BEN-0095,OFF-011,Tech,2025-04,2025-04-03,2025-04-04 00:00:00,12000,Verified
ATT-001155,BEN-0095,OFF-011,Tech,2025-05,2025-05-20,2025-05-22 00:00:00,12000,Verified
ATT-001988,BEN-0167,OFF-013,Plus,2025-01,2025-01-21,2025-01-23 00:00:00,8000,Verified
ATT-001951,BEN-0163,OFF-006,Scholarship,2025-03,,2025-03-06 00:00:00,15000,Verified
ATT-002087,BEN-0175,OFF-002,Vocational,2026-05,2026-05-04,2026-05-06 00:00:00,10000,Verified
ATT-000543,BEN-0043,OFF-008,Scholarship,2025-10,,2025-10-25 00:00:00,15000,Verified
ATT-002060,BEN-0173,OFF-003,Tech,2025-10,2025-10-24,2025-10-24 00:00:00,12000,Verified
ATT-000303,BEN-0025,OFF-009,Plus,2025-12,2025-12-03,2025-12-04 00:00:00,8000,Verified
ATT-000034,BEN-0003,OFF-005,Tech,2025-04,2025-04-20,2025-04-21 00:00:00,12000,Verified
ATT-002374,BEN-0198,OFF-011,Vocational,2025-08,2025-08-11,2025-08-13 00:00:00,10000,Verified
ATT-001571,BEN-0130,OFF-002,Vocational,2025-01,2025-01-11,2025-01-12 00:00:00,10000,Verified
ATT-002377,BEN-0199,OFF-012,Tech,2025-09,2025-09-13,2025-09-15 00:00:00,12000,Verified
ATT-000358,BEN-0029,OFF-006,Vocational,2025-06,2025-06-19,2025-06-19 00:00:00,10000,Verified
ATT-000069,BEN-0006,OFF-012,Vocational,2025-09,2025-09-28,2025-09-30 00:00:00,10000,Verified
ATT-000162,BEN-0013,OFF-006,Tech,2025-11,2025-11-22,2025-11-23 00:00:00,12000,Verified
ATT-001507,BEN-0124,OFF-012,Scholarship,2025-12,2025-12-20,2025-12-22 00:00:00,15000,Verified
ATT-000894,BEN-0074,OFF-010,Scholarship,2026-01,2026-01-18,2026-01-19 00:00:00,15000,Verified
ATT-002228,BEN-0187,OFF-010,Tech,2026-02,2026-02-09,2026-02-10 00:00:00,12000,Verified
ATT-002054,BEN-0172,OFF-012,Plus,2025-11,2025-11-12,2025-11-12 00:00:00,8000,Verified
ATT-002269,BEN-0190,OFF-004,Plus,2026-06,2026-06-13,2026-06-13 00:00:00,8000,Verified
ATT-000460,BEN-0037,OFF-007,Plus,2025-09,2025-09-12,2025-09-14 00:00:00,8000,Verified
ATT-002226,BEN-0187,OFF-010,Tech,2025-12,2025-12-13,2025-12-14 00:00:00,12000,Verified
ATT-001838,BEN-0153,OFF-010,Vocational,2025-01,2025-01-19,2025-01-21 00:00:00,10000,Verified
ATT-001979,BEN-0167,OFF-013,Plus,2026-04,2026-04-21,2026-04-23 00:00:00,8000,Verified
ATT-001059,BEN-0087,OFF-014,Plus,2025-07,,2025-07-30 00:00:00,8000,Verified
ATT-001324,BEN-0109,OFF-006,Tech,2026-05,12/05/2026,2026-05-14 00:00:00,12000,Verified
ATT-000282,BEN-0023,OFF-002,Plus,2026-04,2026-04-08,2026-04-10 00:00:00,8000,Verified
ATT-001756,BEN-0146,OFF-015,Scholarship,2025-05,2025-05-06,2025-05-07 00:00:00,15000,Verified
ATT-001377,BEN-0114,OFF-006,Scholarship,2025-04,2025-04-03,2025-04-04 00:00:00,15000,Verified
ATT-000477,BEN-0039,OFF-006,Vocational,2025-07,2025-07-22,2025-07-24 00:00:00,10000,Verified
ATT-002341,BEN-0195,OFF-002,Scholarship,2025-11,2025-11-25,2025-11-26 00:00:00,15000,Verified
ATT-001851,BEN-0155,OFF-004,Vocational,2026-05,,2026-05-07 00:00:00,10000,Verified
ATT-001438,BEN-0118,OFF-006,Scholarship,2025-08,2025-08-22,2025-08-23 00:00:00,15000,Verified
ATT-000637,BEN-0052,OFF-006,Vocational,2025-05,2025-05-07,2025-05-08 00:00:00,10000,Verified
ATT-000320,BEN-0026,OFF-007,Tech,2025-04,2025-04-17,2025-04-17 00:00:00,12000,Verified
ATT-001524,BEN-0125,OFF-014,Vocational,2025-04,2025-04-09,2025-04-09 00:00:00,10000,Verified
ATT-000591,BEN-0047,OFF-008,Scholarship,2025-04,2025-04-14,2025-04-16 00:00:00,15000,Verified
ATT-000836,BEN-0070,OFF-008,Scholarship,2025-04,2025-04-03,2025-04-03 00:00:00,15000,Verified
ATT-001187,BEN-0098,OFF-015,Vocational,2025-09,2025-09-15,2025-09-15 00:00:00,10000,Verified
ATT-000685,BEN-0056,OFF-005,Plus,2025-04,2025-04-13,2025-04-15 00:00:00,8000,Verified
ATT-000818,BEN-0069,OFF-015,Tech,2026-06,2026-06-16,2026-06-17 00:00:00,12000,Verified
ATT-000599,BEN-0048,OFF-006,Tech,2025-07,2025-07-18,2025-07-18 00:00:00,12000,Verified
ATT-001934,BEN-0162,OFF-011,Scholarship,2026-04,2026-04-06,2026-04-07 00:00:00,15000,Verified
ATT-000427,BEN-0034,OFF-009,Tech,2025-11,2025-11-23,2025-11-25 00:00:00,12000,Verified
ATT-002316,BEN-0194,OFF-012,Plus,2026-02,2026-02-10,2026-02-10 00:00:00,8000,Verified
ATT-000073,BEN-0006,OFF-012,Vocational,2025-03,2025-03-12,2025-03-12 00:00:00,10000,Verified
ATT-000226,BEN-0019,OFF-001,Plus,2025-05,2025-05-10,2025-05-11 00:00:00,8000,Verified
ATT-001277,BEN-0105,OFF-012,Scholarship,2025-06,2025-06-10,2025-06-10 00:00:00,15000,Verified
ATT-000192,BEN-0016,OFF-008,Vocational,2025-06,2025-06-25,2025-06-27 00:00:00,10000,Verified
ATT-000941,BEN-0077,OFF-003,Scholarship,2025-12,,2025-12-18 00:00:00,15000,Verified
ATT-002354,BEN-0196,OFF-004,Vocational,2026-05,2026-05-17,2026-05-17 00:00:00,10000,Verified
ATT-002139,BEN-0180,OFF-010,Scholarship,2026-02,2026-02-19,2026-02-20 00:00:00,15000,Verified
ATT-001305,BEN-0107,OFF-002,Plus,2026-04,2026-04-23,2026-04-24 00:00:00,8000,Verified
ATT-001367,BEN-0113,OFF-007,Scholarship,2026-05,2026-05-04,2026-05-06 00:00:00,15000,Verified
ATT-000327,BEN-0026,OFF-007,Tech,2025-05,2025-05-14,2025-05-16 00:00:00,12000,Verified
ATT-001359,BEN-0112,OFF-007,Scholarship,2026-02,2026-02-10,2026-02-12 00:00:00,15000,Verified
ATT-000216,BEN-0018,OFF-008,Tech,2025-03,2025-03-16,2025-03-18 00:00:00,12000,Verified
ATT-001412,BEN-0116,OFF-002,Plus,2025-12,2025-12-14,2025-12-15 00:00:00,8000,Verified
ATT-000964,BEN-0079,OFF-002,Plus,2026-06,2026-06-02,2026-06-02 00:00:00,8000,Verified
ATT-002302,BEN-0193,OFF-010,Tech,2025-01,2025-01-14,2025-01-15 00:00:00,12000,Verified
ATT-001041,BEN-0085,OFF-012,Scholarship,2025-03,2025-03-09,2025-03-10 00:00:00,15000,Verified
ATT-000688,BEN-0056,OFF-005,Plus,2026-05,2026-05-22,2026-05-22 00:00:00,8000,Verified
ATT-002225,BEN-0187,OFF-010,Tech,2026-05,2026-05-05,2026-05-07 00:00:00,12000,Verified
ATT-000422,BEN-0034,OFF-009,Tech,2026-01,2026-01-07,2026-01-07 00:00:00,12000,Verified
ATT-000967,BEN-0080,OFF-013,Vocational,2025-11,2025-11-23,2025-11-25 00:00:00,10000,Verified
ATT-000030,BEN-0003,OFF-005,Tech,2025-03,2025-03-14,2025-03-14 00:00:00,12000,Verified
ATT-001861,BEN-0156,OFF-010,Scholarship,2025-05,2025-05-19,2025-05-19 00:00:00,15000,Verified
ATT-001083,BEN-0089,OFF-009,Vocational,2025-02,2025-02-17,2025-02-18 00:00:00,10000,Verified
ATT-001862,BEN-0156,OFF-010,Scholarship,2026-01,2026-01-18,2026-01-18 00:00:00,15000,Verified
ATT-000843,BEN-0070,OFF-008,Scholarship,2026-05,2026-05-19,2026-05-19 00:00:00,15000,Verified
ATT-000439,BEN-0035,OFF-008,Plus,2025-05,2025-05-13,2025-05-13 00:00:00,8000,Verified
ATT-000026,BEN-0003,OFF-005,Tech,2025-02,2025-02-09,2025-02-10 00:00:00,12000,Verified
ATT-000145,BEN-0011,OFF-001,Plus,2025-08,2025-08-08,2025-08-10 00:00:00,8000,Verified
ATT-002112,BEN-0177,OFF-002,Scholarship,2025-06,2025-06-05,2025-06-07 00:00:00,15000,Verified
ATT-001199,BEN-0099,OFF-004,Scholarship,2025-09,2025-09-22,2025-09-22 00:00:00,15000,Verified
ATT-000610,BEN-0049,OFF-008,Scholarship,2025-05,2025-05-13,2025-05-14 00:00:00,15000,Verified
ATT-001890,BEN-0157,OFF-012,Plus,2026-01,2026-01-12,2026-01-14 00:00:00,8000,Verified
ATT-000707,BEN-0058,OFF-015,Plus,2026-02,2026-02-06,2026-02-06 00:00:00,8000,Verified
ATT-001642,BEN-0135,OFF-007,Vocational,2025-10,2025-10-28,2025-10-30 00:00:00,10000,Verified
ATT-001591,BEN-0131,OFF-004,Tech,2025-10,2025-10-17,2025-10-18 00:00:00,12000,Verified
ATT-000814,BEN-0068,OFF-006,Tech,2025-11,2025-11-10,2025-11-10 00:00:00,12000,Verified
ATT-002150,BEN-0181,OFF-013,Tech,2025-07,2025-07-17,2025-07-19 00:00:00,12000,Verified
ATT-002391,BEN-0199,OFF-012,Tech,2026-01,2026-01-06,2026-01-08 00:00:00,12000,Verified
ATT-001712,BEN-0143,OFF-012,Scholarship,2025-04,2025-04-18,2025-04-19 00:00:00,15000,Verified
ATT-000813,BEN-0068,OFF-006,Tech,2026-02,2026-02-01,2026-02-01 00:00:00,12000,Verified
ATT-000690,BEN-0057,OFF-012,Tech,2025-03,2025-03-09,2025-03-10 00:00:00,12000,Verified
ATT-001484,BEN-0123,OFF-012,Tech,2025-05,2025-05-24,2025-05-24 00:00:00,12000,Verified
ATT-001568,BEN-0129,OFF-003,Tech,2026-01,2026-01-16,2026-01-17 00:00:00,12000,Verified
ATT-000047,BEN-0004,OFF-001,Plus,2025-01,2025-01-25,2025-01-26 00:00:00,8000,Verified
ATT-001691,BEN-0141,OFF-010,Plus,2025-05,,2025-05-04 00:00:00,8000,Verified
ATT-001853,BEN-0155,OFF-004,Vocational,2025-01,2025-01-10,2025-01-11 00:00:00,10000,Verified
ATT-002126,BEN-0179,OFF-001,Tech,2025-02,2025-02-05,2025-02-05 00:00:00,12000,Verified
ATT-001402,BEN-0116,OFF-002,Plus,2025-10,2025-10-08,2025-10-09 00:00:00,8000,Verified
ATT-001812,BEN-0151,OFF-013,Vocational,2025-01,2025-01-28,2025-01-28 00:00:00,10000,Verified
ATT-000870,BEN-0072,OFF-001,Vocational,2025-11,2025-11-25,2025-11-27 00:00:00,10000,Verified
ATT-001929,BEN-0161,OFF-007,Scholarship,2025-10,2025-10-21,2025-10-23 00:00:00,15000,Verified
ATT-000711,BEN-0059,OFF-013,Vocational,2026-06,2026-06-13,2026-06-14 00:00:00,10000,Verified
ATT-002074,BEN-0174,OFF-002,Plus,2025-09,2025-09-02,2025-09-03 00:00:00,8000,Verified
ATT-000381,BEN-0031,OFF-008,Vocational,2025-05,2025-05-02,2025-05-04 00:00:00,10000,Verified
ATT-001020,BEN-0084,OFF-008,Scholarship,2025-10,2025-10-01,2025-10-03 00:00:00,15000,Verified
ATT-000823,BEN-0069,OFF-015,Tech,2025-04,2025-04-20,2025-04-20 00:00:00,12000,Verified
ATT-001850,BEN-0155,OFF-004,Vocational,2025-04,2025-04-05,2025-04-05 00:00:00,10000,Verified
ATT-000746,BEN-0062,OFF-014,Tech,2026-04,2026-04-13,2026-04-15 00:00:00,12000,Verified
ATT-001818,BEN-0151,OFF-013,Vocational,2025-06,2025-06-17,2025-06-17 00:00:00,10000,Verified
ATT-001829,BEN-0152,OFF-007,Vocational,2025-07,2025-07-25,2025-07-26 00:00:00,10000,Verified
ATT-000703,BEN-0058,OFF-015,Plus,2025-08,2025-08-28,2025-08-28 00:00:00,8000,Verified
ATT-000981,BEN-0081,OFF-005,Plus,2025-06,2025-06-09,2025-06-09 00:00:00,8000,Verified
ATT-001189,BEN-0098,OFF-015,Vocational,2025-02,2025-02-18,2025-02-19 00:00:00,10000,Verified
ATT-001370,BEN-0113,OFF-007,Scholarship,2025-12,2025-12-28,2025-12-30 00:00:00,15000,Verified
ATT-000988,BEN-0082,OFF-014,Vocational,2025-02,2025-02-21,2025-02-23 00:00:00,10000,Verified
ATT-001016,BEN-0084,OFF-008,Scholarship,2026-02,2026-02-13,2026-02-15 00:00:00,15000,Verified
ATT-001945,BEN-0163,OFF-006,Scholarship,2026-04,2026-04-14,2026-04-14 00:00:00,15000,Verified
ATT-000023,BEN-0002,OFF-009,Scholarship,2026-02,2026-02-14,2026-02-16 00:00:00,15000,Verified
ATT-000024,BEN-0002,OFF-009,Scholarship,2026-06,2026-06-22,2026-06-22 00:00:00,15000,Verified
ATT-000979,BEN-0080,OFF-013,Vocational,2025-10,2025-10-08,2025-10-08 00:00:00,10000,Verified
ATT-001197,BEN-0099,OFF-004,Scholarship,2026-02,2026-02-11,2026-02-13 00:00:00,15000,Verified
ATT-000592,BEN-0047,OFF-008,Scholarship,2025-09,2025-09-21,2025-09-21 00:00:00,15000,Verified
ATT-002371,BEN-0198,OFF-011,Vocational,2025-12,2025-12-11,2025-12-12 00:00:00,10000,Verified
ATT-001141,BEN-0094,OFF-006,Plus,2025-04,2025-04-14,2025-04-15 00:00:00,8000,Verified
ATT-001447,BEN-0119,OFF-010,Scholarship,2025-08,2025-08-02,2025-08-02 00:00:00,15000,Verified
ATT-001395,BEN-0115,OFF-004,Plus,2025-01,2025-01-11,2025-01-12 00:00:00,8000,Verified
ATT-002323,BEN-0194,OFF-012,Plus,2025-03,2025-03-14,2025-03-16 00:00:00,8000,Verified
ATT-002035,BEN-0170,OFF-006,Plus,2025-09,2025-09-06,2025-09-08 00:00:00,8000,Verified
ATT-000721,BEN-0060,OFF-012,Plus,2026-01,2026-01-09,2026-01-11 00:00:00,8000,Verified
ATT-001709,BEN-0142,OFF-007,Tech,2025-12,2025-12-18,2025-12-20 00:00:00,12000,Verified
ATT-001824,BEN-0152,OFF-007,Vocational,2025-02,2025-02-04,2025-02-06 00:00:00,10000,Verified
ATT-000855,BEN-0071,OFF-005,Plus,2026-01,2026-01-25,2026-01-26 00:00:00,8000,Verified
ATT-001773,BEN-0148,OFF-012,Plus,2026-04,2026-04-13,2026-04-14 00:00:00,8000,Verified
ATT-000525,BEN-0042,OFF-004,Vocational,2025-09,2025-09-11,2025-09-13 00:00:00,10000,Verified
ATT-000532,BEN-0042,OFF-004,Vocational,2025-08,2025-08-07,2025-08-07 00:00:00,10000,Verified
ATT-000136,BEN-0011,OFF-001,Plus,2025-05,2025-05-23,2025-05-25 00:00:00,8000,Verified
ATT-001627,BEN-0134,OFF-003,Scholarship,2025-07,2025-07-14,2025-07-15 00:00:00,15000,Verified
ATT-000294,BEN-0024,OFF-014,Plus,2026-02,2026-02-07,2026-02-09 00:00:00,8000,Verified
ATT-000198,BEN-0016,OFF-008,Vocational,2025-01,2025-01-24,2025-01-24 00:00:00,10000,Verified
ATT-001349,BEN-0111,OFF-002,Scholarship,2025-07,2025-07-03,2025-07-04 00:00:00,15000,Verified
ATT-000492,BEN-0039,OFF-006,Vocational,2026-02,2026-02-19,2026-02-20 00:00:00,10000,Verified
ATT-001372,BEN-0113,OFF-007,Scholarship,2025-04,2025-04-06,2025-04-06 00:00:00,15000,Verified
ATT-002349,BEN-0196,OFF-004,Vocational,2025-08,2025-08-06,2025-08-07 00:00:00,10000,Verified
ATT-000247,BEN-0021,OFF-004,Vocational,2025-10,2025-10-09,2025-10-11 00:00:00,10000,Verified
ATT-001119,BEN-0092,OFF-008,Scholarship,2025-03,2025-03-13,2025-03-15 00:00:00,15000,Verified
ATT-001295,BEN-0106,OFF-007,Scholarship,2025-12,2025-12-11,2025-12-12 00:00:00,15000,Verified
ATT-000544,BEN-0043,OFF-008,Scholarship,2026-06,2026-06-05,2026-06-07 00:00:00,15000,Verified
ATT-002133,BEN-0180,OFF-010,Scholarship,2025-05,2025-05-14,2025-05-15 00:00:00,15000,Verified
ATT-000067,BEN-0006,OFF-012,Vocational,2025-04,2025-04-19,2025-04-21 00:00:00,10000,Verified
ATT-001357,BEN-0112,OFF-007,Scholarship,2025-01,2025-01-04,2025-01-05 00:00:00,15000,Verified
ATT-002227,BEN-0187,OFF-010,Tech,2025-09,2025-09-28,2025-09-28 00:00:00,12000,Verified
ATT-001542,BEN-0127,OFF-012,Vocational,2025-01,2025-01-11,2025-01-12 00:00:00,10000,Verified
ATT-000641,BEN-0052,OFF-006,Vocational,2026-02,2026-02-07,2026-02-08 00:00:00,10000,Verified
ATT-002056,BEN-0173,OFF-003,Tech,2026-06,2026-06-15,2026-06-15 00:00:00,12000,Verified
ATT-000499,BEN-0040,OFF-014,Scholarship,2025-03,2025-03-05,2025-03-05 00:00:00,15000,Verified
ATT-000306,BEN-0025,OFF-009,Plus,2026-06,2026-06-01,2026-06-03 00:00:00,8000,Verified
ATT-000115,BEN-0009,OFF-005,Plus,2025-07,2025-07-21,2025-07-23 00:00:00,8000,Verified
ATT-001243,BEN-0102,OFF-013,Plus,2026-06,2026-06-07,2026-06-09 00:00:00,8000,Verified
ATT-000767,BEN-0064,OFF-001,Tech,2026-03,,2026-03-10 00:00:00,12000,Verified
ATT-001874,BEN-0157,OFF-012,Plus,2025-05,2025-05-28,2025-05-30 00:00:00,8000,Verified
ATT-001819,BEN-0151,OFF-013,Vocational,2025-10,,2025-10-15 00:00:00,10000,Verified
ATT-000208,BEN-0017,OFF-007,Scholarship,2025-04,2025-04-01,2025-04-02 00:00:00,15000,Verified
ATT-000764,BEN-0064,OFF-001,Tech,2026-01,2026-01-06,2026-01-07 00:00:00,12000,Verified
ATT-000983,BEN-0081,OFF-005,Plus,2025-11,2025-11-07,2025-11-08 00:00:00,8000,Verified
ATT-002325,BEN-0194,OFF-012,Plus,2025-07,2025-07-08,2025-07-08 00:00:00,8000,Verified
ATT-001416,BEN-0117,OFF-005,Vocational,2025-09,2025-09-05,2025-09-06 00:00:00,10000,Verified
ATT-001397,BEN-0115,OFF-004,Plus,2026-04,2026-04-28,2026-04-30 00:00:00,8000,Verified
ATT-000101,BEN-0008,OFF-015,Plus,2026-03,2026-03-09,2026-03-10 00:00:00,8000,Verified
ATT-000886,BEN-0074,OFF-010,Scholarship,2026-06,2026-06-09,2026-06-09 00:00:00,15000,Verified
ATT-000824,BEN-0069,OFF-015,Tech,2026-05,2026-05-01,2026-05-02 00:00:00,12000,Verified
ATT-002018,BEN-0169,OFF-008,Vocational,2025-01,2025-01-07,2025-01-08 00:00:00,10000,Verified
ATT-001237,BEN-0102,OFF-013,Plus,2025-06,2025-06-02,2025-06-02 00:00:00,8000,Verified
ATT-002022,BEN-0170,OFF-006,Plus,2026-04,2026-04-01,2026-04-02 00:00:00,8000,Verified
ATT-001163,BEN-0096,OFF-005,Plus,2025-05,2025-05-09,2025-05-10 00:00:00,8000,Verified
ATT-001982,BEN-0167,OFF-013,Plus,2025-07,2025-07-07,2025-07-09 00:00:00,8000,Verified
ATT-001351,BEN-0112,OFF-007,Scholarship,2025-05,2025-05-13,2025-05-14 00:00:00,15000,Verified
ATT-001331,BEN-0109,OFF-006,Tech,2025-07,2025-07-03,2025-07-03 00:00:00,12000,Verified
ATT-002111,BEN-0177,OFF-002,Scholarship,2026-03,2026-03-22,2026-03-24 00:00:00,15000,Verified
ATT-000258,BEN-0021,OFF-004,Vocational,2025-11,2025-11-16,2025-11-18 00:00:00,10000,Verified
ATT-000126,BEN-0010,OFF-008,Tech,2026-01,2026-01-13,2026-01-15 00:00:00,12000,Verified
ATT-000571,BEN-0045,OFF-014,Scholarship,2026-01,2026-01-11,2026-01-11 00:00:00,15000,Verified
ATT-001586,BEN-0131,OFF-004,Tech,2026-01,2026-01-28,2026-01-30 00:00:00,12000,Verified
ATT-001656,BEN-0137,OFF-002,Vocational,2026-05,2026-05-19,2026-05-21 00:00:00,10000,Verified
ATT-001175,BEN-0097,OFF-010,Scholarship,2025-05,2025-05-23,2025-05-24 00:00:00,15000,Verified
ATT-001849,BEN-0155,OFF-004,Vocational,2026-04,2026-04-13,2026-04-13 00:00:00,10000,Verified
ATT-002064,BEN-0173,OFF-003,Tech,2025-12,2025-12-28,2025-12-30 00:00:00,12000,Verified
ATT-000923,BEN-0076,OFF-015,Vocational,2025-08,2025-08-02,2025-08-03 00:00:00,10000,Verified
ATT-000570,BEN-0045,OFF-014,Scholarship,2026-05,2026-05-06,2026-05-06 00:00:00,15000,Verified
ATT-001401,BEN-0116,OFF-002,Plus,2025-07,2025-07-28,2025-07-30 00:00:00,8000,Verified
ATT-001413,BEN-0117,OFF-005,Vocational,2025-02,06/02/2025,2025-02-08 00:00:00,10000,Verified
ATT-001714,BEN-0143,OFF-012,Scholarship,2026-05,2026-05-19,2026-05-20 00:00:00,15000,Verified
ATT-000991,BEN-0082,OFF-014,Vocational,2025-01,2025-01-05,2025-01-07 00:00:00,10000,Verified
ATT-002383,BEN-0199,OFF-012,Tech,2025-12,2025-12-21,2025-12-21 00:00:00,12000,Verified
ATT-000369,BEN-0030,OFF-011,Scholarship,2026-05,2026-05-22,2026-05-24 00:00:00,15000,Verified
ATT-001384,BEN-0114,OFF-006,Scholarship,2026-02,2026-02-22,2026-02-22 00:00:00,15000,Verified
ATT-002397,BEN-0200,OFF-011,Vocational,2025-07,2025-07-09,2025-07-11 00:00:00,10000,Verified
ATT-001550,BEN-0128,OFF-003,Tech,2025-04,2025-04-04,2025-04-05 00:00:00,12000,Verified
ATT-000922,BEN-0076,OFF-015,Vocational,2025-03,24/03/2025,2025-03-24 00:00:00,10000,Verified
ATT-002278,BEN-0191,OFF-012,Vocational,2025-07,2025-07-08,2025-07-08 00:00:00,10000,Verified
ATT-000885,BEN-0074,OFF-010,Scholarship,2026-03,2026-03-05,2026-03-05 00:00:00,15000,Verified
ATT-000692,BEN-0057,OFF-012,Tech,2025-05,2025-05-25,2025-05-27 00:00:00,12000,Verified
ATT-001730,BEN-0144,OFF-011,Scholarship,2025-11,2025-11-22,2025-11-24 00:00:00,15000,Verified
ATT-001989,BEN-0167,OFF-013,Plus,2025-08,2025-08-23,2025-08-24 00:00:00,8000,Verified
ATT-001488,BEN-0123,OFF-012,Tech,2025-08,2025-08-28,2025-08-30 00:00:00,12000,Verified
ATT-002143,BEN-0180,OFF-010,Scholarship,2025-01,2025-01-20,2025-01-20 00:00:00,15000,Verified
ATT-001046,BEN-0085,OFF-012,Scholarship,2026-01,05/01/2026,2026-01-07 00:00:00,15000,Verified
ATT-001361,BEN-0112,OFF-007,Scholarship,2025-02,2025-02-24,2025-02-26 00:00:00,15000,Verified
ATT-000269,BEN-0022,OFF-008,Scholarship,2026-05,2026-05-07,2026-05-08 00:00:00,15000,Verified
ATT-001118,BEN-0092,OFF-008,Scholarship,2026-04,2026-04-18,2026-04-18 00:00:00,15000,Verified
ATT-000042,BEN-0004,OFF-001,Plus,2025-05,2025-05-07,2025-05-08 00:00:00,8000,Verified
ATT-000430,BEN-0035,OFF-008,Plus,2025-04,2025-04-18,2025-04-20 00:00:00,8000,Verified
ATT-001840,BEN-0154,OFF-005,Plus,2026-03,2026-03-11,2026-03-12 00:00:00,8000,Verified
ATT-001844,BEN-0154,OFF-005,Plus,2026-06,2026-06-20,2026-06-22 00:00:00,8000,Verified
ATT-002145,BEN-0180,OFF-010,Scholarship,2025-06,15/06/2025,2025-06-17 00:00:00,15000,Verified
ATT-001414,BEN-0117,OFF-005,Vocational,2026-03,2026-03-26,2026-03-26 00:00:00,10000,Verified
ATT-001138,BEN-0094,OFF-006,Plus,2026-05,02/05/2026,2026-05-03 00:00:00,8000,Verified
ATT-001120,BEN-0092,OFF-008,Scholarship,2026-05,2026-05-09,2026-05-09 00:00:00,15000,Verified
ATT-000343,BEN-0027,OFF-004,Plus,2025-06,2025-06-20,2025-06-20 00:00:00,8000,Verified
ATT-002311,BEN-0193,OFF-010,Tech,2025-06,2025-06-25,2025-06-27 00:00:00,12000,Verified
ATT-001315,BEN-0108,OFF-006,Vocational,2025-08,2025-08-13,2025-08-14 00:00:00,10000,Verified
ATT-002048,BEN-0172,OFF-012,Plus,2026-01,2026-01-13,2026-01-14 00:00:00,8000,Verified
ATT-000128,BEN-0011,OFF-001,Plus,2026-02,2026-02-07,2026-02-07 00:00:00,8000,Verified
ATT-001426,BEN-0117,OFF-005,Vocational,2025-07,2025-07-08,2025-07-10 00:00:00,10000,Verified
ATT-001879,BEN-0157,OFF-012,Plus,2025-06,2025-06-10,2025-06-10 00:00:00,8000,Verified
ATT-000831,BEN-0069,OFF-015,Tech,2025-02,2025-02-13,2025-02-14 00:00:00,12000,Verified
ATT-000273,BEN-0022,OFF-008,Scholarship,2025-12,2025-12-18,2025-12-18 00:00:00,15000,Verified
ATT-000929,BEN-0077,OFF-003,Scholarship,2025-11,2025-11-04,2025-11-04 00:00:00,15000,Verified
ATT-000847,BEN-0070,OFF-008,Scholarship,2025-06,2025-06-14,2025-06-16 00:00:00,15000,Verified
ATT-001729,BEN-0144,OFF-011,Scholarship,2025-09,2025-09-26,2025-09-27 00:00:00,15000,Verified
ATT-000400,BEN-0032,OFF-005,Vocational,2025-08,2025-08-21,2025-08-23 00:00:00,10000,Verified
ATT-001212,BEN-0100,OFF-001,Plus,2026-02,2026-02-13,2026-02-13 00:00:00,8000,Verified
ATT-000164,BEN-0014,OFF-013,Scholarship,2025-04,,2025-04-19 00:00:00,15000,Verified
ATT-001177,BEN-0097,OFF-010,Scholarship,2025-06,2025-06-16,2025-06-17 00:00:00,15000,Verified
ATT-001222,BEN-0101,OFF-004,Scholarship,2025-01,2025-01-11,2025-01-11 00:00:00,15000,Verified
ATT-001360,BEN-0112,OFF-007,Scholarship,2026-03,2026-03-04,2026-03-05 00:00:00,15000,Verified
ATT-000283,BEN-0023,OFF-002,Plus,2025-11,2025-11-20,2025-11-20 00:00:00,8000,Verified
ATT-001745,BEN-0145,OFF-001,Vocational,2025-10,2025-10-15,2025-10-16 00:00:00,10000,Verified
ATT-000986,BEN-0081,OFF-005,Plus,2025-09,2025-09-11,2025-09-13 00:00:00,8000,Verified
ATT-000997,BEN-0082,OFF-014,Vocational,2026-02,2026-02-25,2026-02-26 00:00:00,10000,Verified
ATT-002207,BEN-0185,OFF-013,Tech,2025-02,2025-02-13,2025-02-13 00:00:00,12000,Verified
ATT-000308,BEN-0025,OFF-009,Plus,2025-04,2025-04-05,2025-04-07 00:00:00,8000,Verified
ATT-000377,BEN-0030,OFF-011,Scholarship,2025-07,2025-07-17,2025-07-19 00:00:00,15000,Verified
ATT-001256,BEN-0103,OFF-009,Plus,2025-10,2025-10-04,2025-10-05 00:00:00,8000,Verified
ATT-000786,BEN-0066,OFF-007,Vocational,2026-04,2026-04-25,2026-04-26 00:00:00,10000,Verified
ATT-000521,BEN-0042,OFF-004,Vocational,2025-02,2025-02-23,2025-02-23 00:00:00,10000,Verified
ATT-000695,BEN-0057,OFF-012,Tech,2026-01,11/01/2026,2026-01-13 00:00:00,12000,Verified
ATT-000054,BEN-0004,OFF-001,Plus,2025-02,2025-02-19,2025-02-19 00:00:00,8000,Verified
ATT-000466,BEN-0038,OFF-012,Plus,2025-10,2025-10-20,2025-10-22 00:00:00,8000,Verified
ATT-000653,BEN-0053,OFF-001,Plus,2026-04,2026-04-15,2026-04-16 00:00:00,8000,Verified
ATT-001884,BEN-0157,OFF-012,Plus,2026-05,2026-05-20,2026-05-20 00:00:00,8000,Verified
ATT-000854,BEN-0071,OFF-005,Plus,2026-05,2026-05-28,2026-05-29 00:00:00,8000,Verified
ATT-002030,BEN-0170,OFF-006,Plus,2026-05,2026-05-12,2026-05-14 00:00:00,8000,Verified
ATT-000752,BEN-0062,OFF-014,Tech,2025-06,2025-06-18,2025-06-19 00:00:00,12000,Verified
ATT-000144,BEN-0011,OFF-001,Plus,2025-12,2025-12-17,2025-12-19 00:00:00,8000,Verified
ATT-000051,BEN-0004,OFF-001,Plus,2025-08,2025-08-03,2025-08-05 00:00:00,8000,Verified
ATT-000840,BEN-0070,OFF-008,Scholarship,2025-02,2025-02-20,2025-02-21 00:00:00,15000,Verified
ATT-000006,BEN-0001,OFF-008,Tech,2026-04,2026-04-27,2026-04-28 00:00:00,12000,Verified
ATT-000849,BEN-0070,OFF-008,Scholarship,2026-04,2026-04-23,2026-04-24 00:00:00,15000,Verified
ATT-002358,BEN-0197,OFF-006,Plus,2026-06,2026-06-26,2026-06-26 00:00:00,8000,Verified
ATT-001087,BEN-0089,OFF-009,Vocational,2025-06,2025-06-18,2025-06-19 00:00:00,10000,Verified
ATT-001073,BEN-0088,OFF-002,Scholarship,2025-04,2025-04-09,2025-04-09 00:00:00,15000,Verified
ATT-001774,BEN-0148,OFF-012,Plus,2026-05,2026-05-07,2026-05-08 00:00:00,8000,Verified
ATT-002097,BEN-0175,OFF-002,Vocational,2026-06,2026-06-23,2026-06-23 00:00:00,10000,Verified
ATT-001522,BEN-0125,OFF-014,Vocational,2025-07,03/07/2025,2025-07-04 00:00:00,10000,Verified
ATT-000424,BEN-0034,OFF-009,Tech,2025-03,2025-03-22,2025-03-23 00:00:00,12000,Verified
ATT-001998,BEN-0168,OFF-013,Scholarship,2026-01,2026-01-28,2026-01-29 00:00:00,15000,Verified
ATT-001354,BEN-0112,OFF-007,Scholarship,2026-04,2026-04-06,2026-04-08 00:00:00,15000,Verified
ATT-000075,BEN-0007,OFF-015,Vocational,2025-07,2025-07-28,2025-07-30 00:00:00,10000,Verified
ATT-001477,BEN-0122,OFF-005,Vocational,2026-04,2026-04-09,2026-04-11 00:00:00,10000,Verified
ATT-000586,BEN-0046,OFF-012,Tech,2026-02,08/02/2026,2026-02-10 00:00:00,12000,Verified
ATT-000750,BEN-0062,OFF-014,Tech,2025-12,2025-12-14,2025-12-15 00:00:00,12000,Verified
ATT-000899,BEN-0075,OFF-012,Scholarship,2026-06,2026-06-09,2026-06-09 00:00:00,15000,Verified
ATT-002203,BEN-0185,OFF-013,Tech,2025-06,2025-06-23,2025-06-24 00:00:00,12000,Verified
ATT-000503,BEN-0040,OFF-014,Scholarship,2025-12,2025-12-23,2025-12-25 00:00:00,15000,Verified
ATT-001091,BEN-0089,OFF-009,Vocational,2026-03,2026-03-04,2026-03-04 00:00:00,10000,Verified
ATT-002295,BEN-0192,OFF-003,Plus,2025-01,2025-01-16,2025-01-16 00:00:00,8000,Verified
ATT-001778,BEN-0149,OFF-005,Vocational,2025-02,2025-02-28,2025-03-02 00:00:00,10000,Verified
ATT-000985,BEN-0081,OFF-005,Plus,2025-05,2025-05-08,2025-05-10 00:00:00,8000,Verified
ATT-000214,BEN-0018,OFF-008,Tech,2026-04,2026-04-21,2026-04-21 00:00:00,12000,Verified
ATT-001269,BEN-0104,OFF-007,Plus,2025-02,2025-02-07,2025-02-09 00:00:00,8000,Verified
ATT-001746,BEN-0145,OFF-001,Vocational,2025-06,2025-06-26,2025-06-28 00:00:00,10000,Verified
ATT-002403,BEN-0200,OFF-011,Vocational,2026-03,2026-03-15,2026-03-17 00:00:00,10000,Verified
ATT-001589,BEN-0131,OFF-004,Tech,2025-01,2025-01-17,2025-01-17 00:00:00,12000,Verified
ATT-002182,BEN-0183,OFF-014,Scholarship,2026-01,2026-01-02,2026-01-04 00:00:00,15000,Verified
ATT-000150,BEN-0012,OFF-007,Plus,2026-02,2026-02-27,2026-02-27 00:00:00,8000,Verified
ATT-002313,BEN-0193,OFF-010,Tech,2025-05,2025-05-09,2025-05-09 00:00:00,12000,Verified
ATT-000241,BEN-0020,OFF-002,Plus,2025-07,2025-07-01,2025-07-01 00:00:00,8000,Verified
ATT-001637,BEN-0135,OFF-007,Vocational,2025-02,2025-02-02,2025-02-04 00:00:00,10000,Verified
ATT-002214,BEN-0186,OFF-011,Vocational,2025-02,2025-02-17,2025-02-18 00:00:00,10000,Verified
ATT-000493,BEN-0039,OFF-006,Vocational,2026-05,2026-05-25,2026-05-27 00:00:00,10000,Verified
ATT-002008,BEN-0169,OFF-008,Vocational,2025-06,2025-06-15,2025-06-17 00:00:00,10000,Verified
ATT-000345,BEN-0028,OFF-004,Vocational,2026-04,2026-04-26,2026-04-28 00:00:00,10000,Verified
ATT-002210,BEN-0186,OFF-011,Vocational,2026-02,2026-02-22,2026-02-22 00:00:00,10000,Verified
ATT-000380,BEN-0031,OFF-008,Vocational,2025-03,2025-03-17,2025-03-17 00:00:00,10000,Verified
ATT-001555,BEN-0128,OFF-003,Tech,2025-12,2025-12-06,2025-12-06 00:00:00,12000,Verified
ATT-001675,BEN-0139,OFF-003,Vocational,2026-05,2026-05-03,2026-05-05 00:00:00,10000,Verified
ATT-001906,BEN-0159,OFF-009,Plus,2026-01,2026-01-10,2026-01-12 00:00:00,8000,Verified
ATT-001280,BEN-0105,OFF-012,Scholarship,2025-08,2025-08-03,2025-08-05 00:00:00,15000,Verified
ATT-001647,BEN-0136,OFF-008,Vocational,2026-06,2026-06-22,2026-06-24 00:00:00,10000,Verified
ATT-001928,BEN-0161,OFF-007,Scholarship,2025-01,2025-01-11,2025-01-12 00:00:00,15000,Verified
ATT-002104,BEN-0176,OFF-001,Scholarship,2025-12,2025-12-18,2025-12-18 00:00:00,15000,Verified
ATT-001732,BEN-0144,OFF-011,Scholarship,2026-04,2026-04-23,2026-04-24 00:00:00,15000,Verified
ATT-001454,BEN-0120,OFF-015,Plus,2026-04,2026-04-17,2026-04-17 00:00:00,8000,Verified
ATT-002268,BEN-0190,OFF-004,Plus,2026-01,2026-01-05,2026-01-05 00:00:00,8000,Verified
ATT-000697,BEN-0057,OFF-012,Tech,2025-01,2025-01-16,2025-01-18 00:00:00,12000,Verified
ATT-002282,BEN-0191,OFF-012,Vocational,2025-10,2025-10-17,2025-10-19 00:00:00,10000,Verified
ATT-000742,BEN-0061,OFF-008,Scholarship,2025-06,2025-06-16,2025-06-17 00:00:00,15000,Verified
ATT-000932,BEN-0077,OFF-003,Scholarship,2026-03,2026-03-27,2026-03-28 00:00:00,15000,Verified
ATT-000015,BEN-0002,OFF-009,Scholarship,2026-01,2026-01-07,2026-01-09 00:00:00,15000,Verified
ATT-002197,BEN-0185,OFF-013,Tech,2025-01,13/01/2025,2025-01-13 00:00:00,12000,Verified
ATT-001035,BEN-0085,OFF-012,Scholarship,2025-01,2025-01-01,2025-01-02 00:00:00,15000,Verified
ATT-002213,BEN-0186,OFF-011,Vocational,2026-01,2026-01-09,2026-01-11 00:00:00,10000,Verified
ATT-000681,BEN-0056,OFF-005,Plus,2026-06,2026-06-24,2026-06-25 00:00:00,8000,Verified
ATT-000815,BEN-0068,OFF-006,Tech,2025-10,2025-10-04,2025-10-06 00:00:00,12000,Verified
ATT-000864,BEN-0071,OFF-005,Plus,2025-11,2025-11-08,2025-11-09 00:00:00,8000,Verified
ATT-001387,BEN-0114,OFF-006,Scholarship,2025-11,2025-11-07,2025-11-07 00:00:00,15000,Verified
ATT-000139,BEN-0011,OFF-001,Plus,2025-09,2025-09-17,2025-09-18 00:00:00,8000,Verified
ATT-001473,BEN-0122,OFF-005,Vocational,2026-06,2026-06-20,2026-06-22 00:00:00,10000,Verified
ATT-000020,BEN-0002,OFF-009,Scholarship,2025-06,2025-06-24,2025-06-26 00:00:00,15000,Verified
ATT-000127,BEN-0010,OFF-008,Tech,2025-03,2025-03-08,2025-03-10 00:00:00,12000,Verified
ATT-001481,BEN-0122,OFF-005,Vocational,2025-10,2025-10-10,2025-10-12 00:00:00,10000,Verified
ATT-001252,BEN-0103,OFF-009,Plus,2026-04,2026-04-09,2026-04-10 00:00:00,8000,Verified
ATT-001214,BEN-0100,OFF-001,Plus,2025-01,2025-01-16,2025-01-17 00:00:00,8000,Verified
ATT-000027,BEN-0003,OFF-005,Tech,2026-06,2026-06-13,2026-06-15 00:00:00,12000,Verified
ATT-000403,BEN-0032,OFF-005,Vocational,2025-11,2025-11-27,2025-11-27 00:00:00,10000,Verified
ATT-000905,BEN-0075,OFF-012,Scholarship,2025-06,2025-06-27,2025-06-28 00:00:00,15000,Verified
ATT-000232,BEN-0019,OFF-001,Plus,2025-02,2025-02-13,2025-02-15 00:00:00,8000,Verified
ATT-000883,BEN-0073,OFF-015,Scholarship,2025-09,2025-09-12,2025-09-12 00:00:00,15000,Verified
ATT-000039,BEN-0004,OFF-001,Plus,2025-11,2025-11-23,2025-11-23 00:00:00,8000,Verified
ATT-001726,BEN-0144,OFF-011,Scholarship,2025-03,2025-03-04,2025-03-04 00:00:00,15000,Verified
ATT-002287,BEN-0192,OFF-003,Plus,2025-09,2025-09-10,2025-09-10 00:00:00,8000,Verified
ATT-001348,BEN-0111,OFF-002,Scholarship,2026-01,2026-01-06,2026-01-08 00:00:00,15000,Verified
ATT-000969,BEN-0080,OFF-013,Vocational,2025-03,2025-03-10,2025-03-12 00:00:00,10000,Verified
ATT-001856,BEN-0155,OFF-004,Vocational,2026-01,17/01/2026,2026-01-19 00:00:00,10000,Verified
ATT-000595,BEN-0047,OFF-008,Scholarship,2025-11,2025-11-28,2025-11-30 00:00:00,15000,Verified
ATT-001887,BEN-0157,OFF-012,Plus,2026-03,2026-03-09,2026-03-09 00:00:00,8000,Verified
ATT-000848,BEN-0070,OFF-008,Scholarship,2025-09,2025-09-08,2025-09-09 00:00:00,15000,Verified
ATT-000535,BEN-0042,OFF-004,Vocational,2025-06,2025-06-03,2025-06-05 00:00:00,10000,Verified
ATT-001125,BEN-0092,OFF-008,Scholarship,2025-05,2025-05-02,2025-05-03 00:00:00,15000,Verified
ATT-000645,BEN-0052,OFF-006,Vocational,2025-08,2025-08-20,2025-08-22 00:00:00,10000,Verified
ATT-001260,BEN-0103,OFF-009,Plus,2025-08,2025-08-20,2025-08-22 00:00:00,8000,Verified
ATT-001358,BEN-0112,OFF-007,Scholarship,2025-08,2025-08-14,2025-08-14 00:00:00,15000,Verified
ATT-000593,BEN-0047,OFF-008,Scholarship,2026-02,2026-02-18,2026-02-19 00:00:00,15000,Verified
ATT-001156,BEN-0095,OFF-011,Tech,2025-07,2025-07-11,2025-07-13 00:00:00,12000,Verified
ATT-002042,BEN-0171,OFF-004,Plus,2025-05,2025-05-08,2025-05-09 00:00:00,8000,Verified
ATT-001463,BEN-0121,OFF-013,Plus,2025-10,2025-10-14,2025-10-16 00:00:00,8000,Verified
ATT-000557,BEN-0044,OFF-012,Scholarship,2026-06,2026-06-22,2026-06-23 00:00:00,15000,Verified
ATT-001631,BEN-0134,OFF-003,Scholarship,2026-06,2026-06-13,2026-06-13 00:00:00,15000,Verified
ATT-001601,BEN-0132,OFF-009,Scholarship,2025-03,2025-03-27,2025-03-28 00:00:00,15000,Verified
ATT-001167,BEN-0096,OFF-005,Plus,2025-10,2025-10-08,2025-10-10 00:00:00,8000,Verified
ATT-001562,BEN-0129,OFF-003,Tech,2026-06,2026-06-02,2026-06-02 00:00:00,12000,Verified
ATT-001630,BEN-0134,OFF-003,Scholarship,2025-09,2025-09-08,2025-09-09 00:00:00,15000,Verified
ATT-002322,BEN-0194,OFF-012,Plus,2026-03,,2026-03-28 00:00:00,8000,Verified
ATT-000187,BEN-0016,OFF-008,Vocational,2025-05,2025-05-28,2025-05-29 00:00:00,10000,Verified
ATT-001950,BEN-0163,OFF-006,Scholarship,2025-09,2025-09-27,2025-09-29 00:00:00,15000,Verified
ATT-001933,BEN-0162,OFF-011,Scholarship,2025-11,2025-11-02,2025-11-04 00:00:00,15000,Verified
ATT-002183,BEN-0183,OFF-014,Scholarship,2025-05,2025-05-01,2025-05-03 00:00:00,15000,Verified
ATT-000379,BEN-0030,OFF-011,Scholarship,2025-03,2025-03-10,2025-03-12 00:00:00,15000,Verified
ATT-001690,BEN-0140,OFF-015,Plus,2026-04,2026-04-12,2026-04-13 00:00:00,8000,Verified
ATT-000715,BEN-0059,OFF-013,Vocational,2026-02,2026-02-09,2026-02-09 00:00:00,10000,Verified
