disbursement_id,authorization_id,beneficiary_id,pillar_id,period,date,amount_paid,channel,disbursing_account,processed_by
DISB-001601,AUTH-001677,BEN-0149,Vocational,2026-03,30/03/2026,9828,bank,001-408-350-1657x9055,PAY-003
DISB-000383,AUTH-000407,BEN-0035,Plus,2025-02,2025-03-15,8051,bank,698.926.2244,PAY-004
DISB-001430,AUTH-001504,BEN-0132,Scholarship,2026-01,2026-01-26,15120,mobile_money,8365965666,PAY-004
DISB-000154,AUTH-000161,BEN-0014,Scholarship,2026-03,01/04/2026,12691,bank,249.854.5089x2038,PAY-004
DISB-000875,AUTH-000916,BEN-0080,Vocational,2025-03,2026-03-05,10193,mobile_money,249.854.5089x2038,PAY-002
DISB-001293,AUTH-001364,BEN-0120,Plus,2025-05,2025-05-21,8155,mobile_money,(256)599-9880x8177,PAY-001
DISB-000774,AUTH-000814,BEN-0071,Plus,2025-08,2025-08-29,7948,mobile_money,+1-609-901-0016x761,PAY-003
DISB-000187,AUTH-000195,BEN-0017,Scholarship,2025-02,2025-02-27,14712,mobile_money,774.270.1687x339,PAY-004
DISB-001560,AUTH-001636,BEN-0145,Vocational,2025-11,2025-12-07," KES 7,557 ",mobile_money,(707)881-1379,PAY-002
DISB-001988,AUTH-002085,BEN-0187,Tech,2025-03,2025-04-01,11942,bank,688-548-5200,PAY-004
DISB-000612,AUTH-000645,BEN-0056,Plus,2026-05,2026-06-14,7861,bank,7397652239,PAY-003
DISB-000285,AUTH-000306,BEN-0026,Tech,2025-09,2025-10-03,11984,mobile_money,+1-982-851-2868x23004,PAY-003
DISB-001474,AUTH-001548,BEN-0137,Vocational,2025-09,2025-10-09,9980,mobile_money,728-860-4765x801,PAY-001
DISB-001816,AUTH-001905,BEN-0171,Plus,2025-05,2025-05-15,8063,bank,(406)534-5911,PAY-001
DISB-000051,AUTH-000051,BEN-0004,Plus,2026-06,2026-06-17,6921,mobile_money,001-205-781-4770,PAY-001
DISB-001949,AUTH-002044,BEN-0184,Tech,2025-02,,12101,mobile_money,001-308-242-8910x77119,PAY-001
DISB-001163,AUTH-001226,BEN-0107,Plus,2025-09,2025-10-12,8091,mobile_money,792.451.3271x9500,PAY-003
DISB-000798,AUTH-000838,BEN-0074,Scholarship,2025-11,2025-11-20,15261,mobile_money,+1-202-577-1670x145,PAY-003
DISB-001569,AUTH-001645,BEN-0147,Vocational,2025-09,2025-09-12,10063,mobile_money,4632356939,PAY-004
DISB-001896,AUTH-001987,BEN-0179,Tech,2025-12,2026-01-04,12145,bank,322-843-8649x0810,PAY-002
DISB-000797,AUTH-000837,BEN-0074,Scholarship,2025-08,2025-09-04,15125,bank,+1-202-577-1670x145,PAY-004
DISB-001027,AUTH-001086,BEN-0096,Plus,2026-05,2026-05-14,8062,mobile_money,248.994.7697x35779,PAY-004
DISB-001691,AUTH-001768,BEN-0157,Plus,2026-05,03/06/2026,8116,bank,(383)838-9888,PAY-002
DISB-001188,AUTH-001254,BEN-0110,Vocational,2025-04,2025-05-08,10132,bank,001-365-309-4801x4138,PAY-004
DISB-001463,AUTH-001537,BEN-0136,Vocational,2025-02,2025-02-20,10165,bank,(880)851-2927,PAY-002
DISB-001220,AUTH-001287,BEN-0113,Scholarship,2025-04,2025-04-30,14832,mobile_money,(610)255-6613x9060,PAY-001
DISB-000620,AUTH-000653,BEN-0057,Tech,2026-04,2026-04-24,11852,bank,325-700-2921x85156,PAY-001
DISB-000509,AUTH-000540,BEN-0046,Tech,2025-11,2025-11-20,12176,bank,001-922-518-9092x75326,PAY-001
DISB-001128,AUTH-001190,BEN-0105,Scholarship,2025-03,," KES 15,113 ",mobile_money,217-497-4973x5020,PAY-004
DISB-000558,AUTH-000589,BEN-0051,Vocational,2025-09,2025-10-08,9955,bank,001-332-506-0385x05064,PAY-002
DISB-000504,AUTH-000534,BEN-0045,Scholarship,2025-01,2026-04-14,13494,bank,249.854.5089x2038,PAY-002
DISB-000800,AUTH-000840,BEN-0074,Scholarship,2025-07,2025-08-04,14960,bank,+1-202-577-1670x145,PAY-003
DISB-001042,AUTH-001101,BEN-0097,Scholarship,2025-06,2025-06-23,14778,mobile_money,723-473-3343x333,PAY-004
DISB-001872,AUTH-001961,BEN-0176,Scholarship,2026-01,2026-01-15,15253,mobile_money,(487)477-1215x134,PAY-001
DISB-001558,AUTH-001634,BEN-0145,Vocational,2025-07,2025-08-12,10030,mobile_money,(707)881-1379,PAY-002
DISB-000713,AUTH-000752,BEN-0067,Scholarship,2025-07,2025-08-04,15119,bank,6994353875,PAY-004
DISB-002059,AUTH-002156,BEN-0193,Tech,2026-04,2026-04-24,12116,mobile_money,4636048913,PAY-004
DISB-002068,AUTH-002165,BEN-0193,Tech,2025-08,2025-08-26,11785,mobile_money,4636048913,PAY-001
DISB-000072,AUTH-000072,BEN-0007,Vocational,2025-09,,9881,bank,+1-937-994-7383x47359,PAY-004
DISB-001438,AUTH-001512,BEN-0133,Scholarship,2026-02,13/03/2026,12195,mobile_money,(867)996-9278,PAY-003
DISB-001537,AUTH-001611,BEN-0143,Scholarship,2026-04,2026-04-23,14839,mobile_money,(225)982-7390x21962,PAY-001
DISB-000474,AUTH-000503,BEN-0042,Vocational,2026-06,2026-06-16,9873,mobile_money,591-848-5807,PAY-002
DISB-000296,AUTH-000317,BEN-0027,Plus,2026-01,2026-01-22,8130,bank,6675383028,PAY-004
DISB-000170,AUTH-000178,BEN-0016,Vocational,2025-02,,9938,bank,+1-464-771-0276x77359,PAY-002
DISB-000535,AUTH-000566,BEN-0048,Tech,2025-10,2025-10-21,12176,bank,(761)888-9241x41832,PAY-001
DISB-000374,AUTH-000397,BEN-0033,Plus,2025-02,2025-03-20,5758,bank,842-493-9685,PAY-003
DISB-001553,AUTH-001628,BEN-0145,Vocational,2025-08,2025-08-23,10133,mobile_money,(707)881-1379,PAY-004
DISB-000185,AUTH-000193,BEN-0017,Scholarship,2025-11,2025-12-01,15200,bank,774.270.1687x339,PAY-002
DISB-001804,AUTH-001891,BEN-0170,Plus,2025-03,2025-03-27,7961,bank,760.864.4134x327,PAY-004
DISB-001912,AUTH-002003,BEN-0180,Scholarship,2025-01,2025-01-30,14914,mobile_money,294.252.3219x416,PAY-002
DISB-001794,AUTH-001880,BEN-0169,Vocational,2025-11,2025-12-04,10129,mobile_money,+1-451-758-6734,PAY-001
DISB-000700,AUTH-000739,BEN-0066,Vocational,2025-09,2025-09-15,10048,mobile_money,743.674.8969x108,PAY-001
DISB-002136,AUTH-002233,BEN-0199,Tech,2026-05,2026-06-06,11800,mobile_money,+1-908-804-6619x63990,PAY-003
DISB-001143,AUTH-001205,BEN-0106,Scholarship,2025-03,2025-03-14,14981,bank,(901)836-7303x7183,PAY-001
DISB-002019,AUTH-002116,BEN-0190,Plus,2025-10,2025-10-26,7933,mobile_money,001-449-975-6792,PAY-002
DISB-000993,AUTH-001050,BEN-0092,Scholarship,2025-09,2025-10-15,10823,mobile_money,+1-368-865-0863x7659,PAY-002
DISB-000267,AUTH-000287,BEN-0025,Plus,2025-07,2025-07-27,8095,bank,971.239.7187x07286,PAY-001
DISB-001874,AUTH-001964,BEN-0176,Scholarship,2025-05,2025-05-10,15109,bank,(487)477-1215x134,PAY-003
DISB-000415,AUTH-000441,BEN-0038,Plus,2025-10,2025-11-09,8052,bank,501-943-8889,PAY-003
DISB-001222,AUTH-001289,BEN-0114,Scholarship,2026-06,2026-06-14,15141,mobile_money,516-586-2278x376,PAY-003
DISB-000182,AUTH-000190,BEN-0017,Scholarship,2025-06,2025-06-27,15142,bank,774.270.1687x339,PAY-004
DISB-000556,AUTH-000587,BEN-0051,Vocational,2025-01,2025-02-12,10096,mobile_money,001-332-506-0385x05064,PAY-003
DISB-000997,AUTH-001056,BEN-0093,Tech,2025-02,2026-03-31,10303,mobile_money,249.854.5089x2038,PAY-001
DISB-000147,AUTH-000152,BEN-0013,Tech,2025-09,2025-09-27,12031,mobile_money,712.317.2715,PAY-004
DISB-001104,AUTH-001165,BEN-0103,Plus,2025-09,2025-10-05,8020,mobile_money,672-928-2005x5778,PAY-003
DISB-001626,AUTH-001703,BEN-0151,Vocational,2025-06,2026-04-10,12202,bank,249.854.5089x2038,PAY-002
DISB-000321,AUTH-000343,BEN-0030,Scholarship,2025-05,2025-05-13,15007,bank,(504)789-9642,PAY-004
DISB-001681,AUTH-001758,BEN-0157,Plus,2025-05,2025-06-15,8001,mobile_money,(383)838-9888,PAY-003
DISB-001785,AUTH-001871,BEN-0168,Scholarship,2025-08,,12433,mobile_money,249.854.5089x2038,PAY-004
DISB-001201,AUTH-001267,BEN-0112,Scholarship,2025-06,2025-06-29,15094,bank,2489889921,PAY-004
DISB-000549,AUTH-000580,BEN-0050,Scholarship,2026-03,2026-04-17,14991,mobile_money,265.441.9518,PAY-003
DISB-000950,AUTH-001005,BEN-0088,Scholarship,2025-04,2025-04-22,14811,bank,(929)592-7503,PAY-002
DISB-000598,AUTH-000631,BEN-0054,Vocational,2025-02,2025-03-11,10085,mobile_money,9132721510,PAY-001
DISB-001216,AUTH-001283,BEN-0113,Scholarship,2025-02,2025-02-12,15064,bank,(610)255-6613x9060,PAY-001
DISB-001779,AUTH-001864,BEN-0168,Scholarship,2025-02,,14929,mobile_money,249.854.5089x2038,PAY-001
DISB-000013,AUTH-000013,BEN-0002,Scholarship,2026-01,15/01/2026,14775,bank,988.351.6060,PAY-002
DISB-000189,AUTH-000197,BEN-0018,Tech,2025-10,2025-10-28,11847,mobile_money,478.549.9121x65585,PAY-001
DISB-000197,AUTH-000206,BEN-0018,Tech,2025-07,2025-07-31,12105,bank,478.549.9121x65585,PAY-002
DISB-000617,AUTH-000650,BEN-0057,Tech,2026-05,2026-05-21,11844,mobile_money,325-700-2921x85156,PAY-002
DISB-001962,AUTH-002058,BEN-0185,Tech,2025-07,2026-04-09,9398,bank,249.854.5089x2038,PAY-004
DISB-001688,AUTH-001765,BEN-0157,Plus,2025-07,27/07/2025,7933,mobile_money,(383)838-9888,PAY-002
DISB-000852,AUTH-000892,BEN-0078,Plus,2025-05,2025-05-24,7910,mobile_money,001-783-333-9452x288,PAY-002
DISB-000699,AUTH-000738,BEN-0066,Vocational,2026-04,2026-04-30,9834,mobile_money,743.674.8969x108,PAY-003
DISB-001185,AUTH-001251,BEN-0110,Vocational,2026-02,2026-02-21,10197,bank,001-365-309-4801x4138,PAY-001
DISB-001068,AUTH-001127,BEN-0099,Scholarship,2025-04,2025-05-03,15012,mobile_money,872-592-9314x386,PAY-004
DISB-000634,AUTH-000668,BEN-0059,Vocational,2026-06,2026-03-12,12069,mobile_money,249.854.5089x2038,PAY-002
DISB-002013,AUTH-002110,BEN-0190,Plus,2026-04,2026-05-14,8150,mobile_money,001-449-975-6792,PAY-003
DISB-000467,AUTH-000496,BEN-0042,Vocational,2025-11,2025-12-18,10166,mobile_money,591-848-5807,PAY-003
DISB-001646,AUTH-001723,BEN-0153,Vocational,2026-06,2026-06-19,10187,bank,317-702-8140x69375,PAY-003
DISB-000276,AUTH-000296,BEN-0025,Plus,2025-01,2025-02-14,8138,bank,971.239.7187x07286,PAY-004
DISB-000483,AUTH-000512,BEN-0043,Scholarship,2025-10,2025-11-01,11398,mobile_money,709.658.4982,PAY-003
DISB-001808,AUTH-001895,BEN-0170,Plus,2025-10,2025-11-15,7200,bank,760.864.4134x327,PAY-002
DISB-001172,AUTH-001235,BEN-0109,Tech,2025-09,2025-10-07,9083,mobile_money,(394)256-5118,PAY-004
DISB-001669,AUTH-001746,BEN-0156,Scholarship,2026-01,2026-01-25,14922,bank,372-552-0456x50448,PAY-002
DISB-000020,AUTH-000020,BEN-0002,Scholarship,2025-12,2026-01-01,15150,bank,988.351.6060,PAY-002
DISB-000640,AUTH-000674,BEN-0060,Plus,2025-06,2025-06-25,7900,bank,001-687-920-5061,PAY-002
DISB-000516,AUTH-000547,BEN-0046,Tech,2026-03,2026-04-09,12068,mobile_money,001-922-518-9092x75326,PAY-003
DISB-001568,AUTH-001644,BEN-0146,Scholarship,2025-08,2025-09-09,15121,bank,(652)473-5435x2090,PAY-002
DISB-000021,AUTH-000021,BEN-0002,Scholarship,2026-02,2026-02-27,15008,bank,988.351.6060,PAY-002
DISB-002011,AUTH-002108,BEN-0189,Tech,2025-06,2025-07-07,11962,bank,372.888.1377x0285,PAY-001
DISB-001039,AUTH-001098,BEN-0097,Scholarship,2025-09,2025-09-30,14840,bank,723-473-3343x333,PAY-003
DISB-001154,AUTH-001216,BEN-0106,Scholarship,2026-04,2026-05-01,15089,mobile_money,(901)836-7303x7183,PAY-001
DISB-002109,AUTH-002206,BEN-0196,Vocational,2026-05,2026-06-08,9861,mobile_money,+1-543-837-5047x930,PAY-003
DISB-001214,AUTH-001281,BEN-0112,Scholarship,2026-05,2026-05-31,14796,mobile_money,2489889921,PAY-004
DISB-001618,AUTH-001694,BEN-0150,Vocational,2025-09,2025-10-18,9913,bank,988.317.8847x9513,PAY-003
DISB-001565,AUTH-001641,BEN-0146,Scholarship,2026-05,2026-05-21,15075,mobile_money,(652)473-5435x2090,PAY-003
DISB-001370,AUTH-001444,BEN-0127,Vocational,2025-12,2026-01-01,9998,mobile_money,923.207.6810x40915,PAY-001
DISB-001072,AUTH-001131,BEN-0099,Scholarship,2026-05,2026-05-19,15256,bank,872-592-9314x386,PAY-003
DISB-002003,AUTH-002100,BEN-0188,Scholarship,2025-12,2026-01-16," KES 14,780 ",bank,001-526-783-1589,PAY-001
DISB-001348,AUTH-001419,BEN-0125,Vocational,2026-03,2026-03-10,9821,mobile_money,249.854.5089x2038,PAY-002
DISB-001002,AUTH-001061,BEN-0094,Plus,2026-02,2026-03-14,8010,bank,+1-702-360-1279x61143,PAY-001
DISB-001080,AUTH-001140,BEN-0100,Plus,2025-04,16/04/2025,7940,mobile_money,620-734-7175,PAY-002
DISB-000908,AUTH-000959,BEN-0084,Scholarship,2026-06,2026-06-17,14728,bank,891-647-6607x2832,PAY-004
DISB-000824,AUTH-000864,BEN-0076,Vocational,2026-06,2026-07-09,10165,bank,758.799.7571x130,PAY-001
DISB-000533,AUTH-000564,BEN-0048,Tech,2025-12,2025-12-21,10326,bank,(761)888-9241x41832,PAY-004
DISB-001611,AUTH-001687,BEN-0150,Vocational,2025-10,2025-11-05,10014,bank,988.317.8847x9513,PAY-004
DISB-001683,AUTH-001760,BEN-0157,Plus,2025-12,2026-01-12,8013,bank,(383)838-9888,PAY-004
DISB-000485,AUTH-000514,BEN-0043,Scholarship,2025-04,2025-04-12," KES 15,066 ",bank,709.658.4982,PAY-002
DISB-000497,AUTH-000527,BEN-0044,Scholarship,2026-04,2026-05-01,14999,mobile_money,+1-716-384-5775x9017,PAY-002
DISB-000085,AUTH-000085,BEN-0008,Plus,2025-01,2025-01-20,7882,bank,826.313.7506x06853,PAY-001
DISB-000837,AUTH-000877,BEN-0077,Scholarship,2026-04,2026-04-14,14855,mobile_money,498.427.0808x697,PAY-003
DISB-001980,AUTH-002077,BEN-0186,Vocational,2025-10,2025-11-21,9870,bank,+1-884-966-8455x04892,PAY-004
DISB-001310,AUTH-001381,BEN-0122,Vocational,2025-12,2025-12-26,10162,bank,209.940.7778,PAY-003
DISB-001621,AUTH-001697,BEN-0151,Vocational,2025-01,2026-03-19,11523,mobile_money,249.854.5089x2038,PAY-001
DISB-001337,AUTH-001408,BEN-0124,Scholarship,2026-01,2026-01-16,15154,mobile_money,001-995-429-9787,PAY-001
DISB-000758,AUTH-000798,BEN-0070,Scholarship,2025-09,2025-09-23,11087,mobile_money,001-742-810-4478,PAY-001
DISB-001247,AUTH-001316,BEN-0116,Plus,2025-10,25/10/2025,7973,mobile_money,+1-301-764-5104x6368,PAY-003
DISB-000539,AUTH-000570,BEN-0049,Scholarship,2025-02,2025-03-04,15080,bank,001-710-256-4814x9177,PAY-002
DISB-000024,AUTH-000024,BEN-0003,Tech,2025-02,2025-02-15,12171,bank,581-388-3552,PAY-003
DISB-001458,AUTH-001532,BEN-0135,Vocational,2025-08,2025-08-26,9939,mobile_money,+1-249-640-7929x049,PAY-001
DISB-001934,AUTH-002028,BEN-0182,Plus,2025-03,2025-03-21,8137,mobile_money,+1-284-207-6789x973,PAY-004
DISB-001328,AUTH-001399,BEN-0123,Tech,2026-06,2026-06-23,11780,mobile_money,(622)749-9982x79501,PAY-001
DISB-000942,AUTH-000997,BEN-0087,Plus,2026-01,2026-04-12,7913,mobile_money,249.854.5089x2038,PAY-004
DISB-000768,AUTH-000808,BEN-0071,Plus,2025-10,2025-11-11,7872,mobile_money,+1-609-901-0016x761,PAY-002
DISB-001265,AUTH-001334,BEN-0117,Vocational,2025-11,2025-12-13,9899,bank,584.404.6084,PAY-002
DISB-000106,AUTH-000106,BEN-0009,Plus,2026-03,2026-03-31,8043,mobile_money,203-569-7117,PAY-003
DISB-001347,AUTH-001418,BEN-0124,Scholarship,2026-02,2026-03-12,15121,bank,001-995-429-9787,PAY-003
DISB-000649,AUTH-000683,BEN-0060,Plus,2025-12,2026-01-16,7924,bank,001-687-920-5061,PAY-001
DISB-001742,AUTH-001821,BEN-0163,Scholarship,2026-04,2026-04-22,11358,bank,(447)796-9545x0090,PAY-003
DISB-001944,AUTH-002038,BEN-0183,Scholarship,2025-06,2026-03-25,14761,mobile_money,249.854.5089x2038,PAY-003
DISB-001367,AUTH-001441,BEN-0127,Vocational,2025-06,2025-06-18,10004,mobile_money,923.207.6810x40915,PAY-001
DISB-000515,AUTH-000546,BEN-0046,Tech,2025-06,2025-07-13,10729,mobile_money,001-922-518-9092x75326,PAY-004
DISB-000749,AUTH-000789,BEN-0070,Scholarship,2026-01,2026-01-20,13954,mobile_money,001-742-810-4478,PAY-001
DISB-000760,AUTH-000800,BEN-0071,Plus,2026-03,2026-03-17,8041,mobile_money,+1-609-901-0016x761,PAY-003
DISB-001937,AUTH-002031,BEN-0182,Plus,2025-09,2025-09-18,8099,bank,+1-284-207-6789x973,PAY-004
DISB-001986,AUTH-002083,BEN-0187,Tech,2025-01,2025-02-05,11811,bank,688-548-5200,PAY-002
DISB-001251,AUTH-001320,BEN-0116,Plus,2026-02,2026-02-21,7907,mobile_money,+1-301-764-5104x6368,PAY-001
DISB-000943,AUTH-000998,BEN-0087,Plus,2025-02,2026-03-18," KES 8,005 ",mobile_money,249.854.5089x2038,PAY-004
DISB-001371,AUTH-001445,BEN-0128,Tech,2025-02,2025-02-28,11807,mobile_money,585.485.4249,PAY-002
DISB-000225,AUTH-000234,BEN-0021,Vocational,2025-10,2025-10-24,10015,bank,+1-547-533-8484x2199,PAY-001
DISB-000188,AUTH-000196,BEN-0017,Scholarship,2025-04,2025-04-09,15073,mobile_money,774.270.1687x339,PAY-004
DISB-000683,AUTH-000720,BEN-0064,Tech,2026-03,27/03/2026,9667,bank,001-278-450-8214x8628,PAY-002
DISB-001495,AUTH-001569,BEN-0139,Vocational,2025-04,2025-04-24,9989,mobile_money,001-654-421-4066x504,PAY-002
DISB-001738,AUTH-001817,BEN-0162,Scholarship,2025-04,2025-05-03,14724,bank,+1-287-273-4778x48588,PAY-002
DISB-000934,AUTH-000988,BEN-0086,Plus,2025-09,2025-10-06,8130,mobile_money,(756)920-5336x452,PAY-001
DISB-001374,AUTH-001448,BEN-0128,Tech,2026-04,16/05/2026,12195,mobile_money,585.485.4249,PAY-002
DISB-001236,AUTH-001305,BEN-0115,Plus,2026-01,2026-01-28,7946,bank,001-911-203-9240x5147,PAY-002
DISB-001737,AUTH-001816,BEN-0162,Scholarship,2025-12,2025-12-29," KES 15,191 ",bank,+1-287-273-4778x48588,PAY-003
DISB-000156,AUTH-000164,BEN-0015,Vocational,2025-06,2025-07-01,9905,bank,414-438-4249x8182,PAY-001
DISB-001037,AUTH-001096,BEN-0097,Scholarship,2025-01,2025-02-13,15037,bank,723-473-3343x333,PAY-003
DISB-001449,AUTH-001523,BEN-0134,Scholarship,2026-04,2026-04-19,14746,bank,001-247-781-8913x71894,PAY-002
DISB-001194,AUTH-001260,BEN-0111,Scholarship,2026-02,,14738,bank,555.885.5665x939,PAY-002
DISB-002114,AUTH-002211,BEN-0197,Plus,2026-02,2026-02-24,8009,mobile_money,+1-894-887-0605,PAY-002
DISB-001511,AUTH-001585,BEN-0141,Plus,2026-01,2026-02-13,8107,bank,257-517-3203,PAY-003
DISB-000874,AUTH-000915,BEN-0080,Vocational,2026-06,2026-04-10,9423,bank,249.854.5089x2038,PAY-002
DISB-000054,AUTH-000054,BEN-0005,Scholarship,2025-09,2025-10-17,15264,mobile_money,820.737.7889x25546,PAY-001
DISB-001909,AUTH-002000,BEN-0180,Scholarship,2026-03,2026-04-14,14787,mobile_money,294.252.3219x416,PAY-004
DISB-001224,AUTH-001292,BEN-0114,Scholarship,2025-04,,15088,mobile_money,516-586-2278x376,PAY-003
DISB-000789,AUTH-000829,BEN-0073,Scholarship,2025-04,2025-04-13,15256,mobile_money,3027255794,PAY-003
DISB-001350,AUTH-001421,BEN-0125,Vocational,2025-01,2026-04-14,9966,mobile_money,249.854.5089x2038,PAY-004
DISB-001426,AUTH-001500,BEN-0132,Scholarship,2025-12,2025-12-14,14701,mobile_money,8365965666,PAY-003
DISB-000446,AUTH-000473,BEN-0040,Scholarship,2025-09,2026-03-20,14782,bank,249.854.5089x2038,PAY-003
DISB-000693,AUTH-000732,BEN-0065,Plus,2025-02,2025-02-18," KES 7,875 ",mobile_money,540-560-2933,PAY-004
DISB-001330,AUTH-001401,BEN-0123,Tech,2025-11,2025-11-21,11885,mobile_money,(622)749-9982x79501,PAY-004
DISB-000492,AUTH-000522,BEN-0044,Scholarship,2025-04,2025-05-03,14896,mobile_money,+1-716-384-5775x9017,PAY-003
DISB-000135,AUTH-000139,BEN-0012,Plus,2025-03,2025-03-30,7870,mobile_money,001-220-429-7021x3556,PAY-003
DISB-002072,AUTH-002169,BEN-0194,Plus,2026-02,2026-03-08,8093,mobile_money,349.646.5398x4028,PAY-003
DISB-000098,AUTH-000098,BEN-0008,Plus,2025-09,2025-10-06,8091,bank,826.313.7506x06853,PAY-001
DISB-001661,AUTH-001738,BEN-0155,Vocational,2025-08,2025-09-04," KES 9,913 ",mobile_money,001-647-687-3002,PAY-004
DISB-000679,AUTH-000716,BEN-0064,Tech,2026-06,2026-06-18,14938,bank,001-278-450-8214x8628,PAY-003
DISB-000717,AUTH-000756,BEN-0067,Scholarship,2025-10,2025-11-11,15185,mobile_money,6994353875,PAY-002
DISB-000116,AUTH-000117,BEN-0010,Tech,2026-06,2026-06-24,9031,mobile_money,+1-319-952-0585x27722,PAY-002
DISB-001606,AUTH-001682,BEN-0150,Vocational,2025-07,2025-08-01,9876,bank,988.317.8847x9513,PAY-001
DISB-000384,AUTH-000410,BEN-0035,Plus,2026-05,12/06/2026,7141,bank,698.926.2244,PAY-003
DISB-000967,AUTH-001022,BEN-0089,Vocational,2026-03,2026-03-16,12580,mobile_money,(566)859-1846,PAY-004
DISB-000932,AUTH-000986,BEN-0086,Plus,2025-12,24/12/2025,8094,bank,(756)920-5336x452,PAY-002
DISB-001727,AUTH-001806,BEN-0161,Scholarship,2025-01,2025-01-25,15075,bank,(813)967-4994x6579,PAY-001
DISB-000670,AUTH-000706,BEN-0062,Tech,2025-06,2026-04-04,10037,mobile_money,249.854.5089x2038,PAY-003
DISB-001854,AUTH-001943,BEN-0174,Plus,2025-06,2025-06-27,7855,mobile_money,+1-736-269-4118x00537,PAY-002
DISB-000146,AUTH-000151,BEN-0013,Tech,2026-05,2026-05-24,12221,mobile_money,712.317.2715,PAY-002
DISB-000972,AUTH-001028,BEN-0090,Vocational,2025-10,2025-10-19,8713,bank,477.439.2603x0299,PAY-004
DISB-002037,AUTH-002134,BEN-0191,Vocational,2026-04,2026-05-06,9854,mobile_money,001-409-283-7801,PAY-001
DISB-000222,AUTH-000231,BEN-0021,Vocational,2026-05,2026-06-12,10058,mobile_money,+1-547-533-8484x2199,PAY-001
DISB-001871,AUTH-001960,BEN-0175,Vocational,2025-10,2025-10-25,9913,mobile_money,(774)856-4494,PAY-003
DISB-001026,AUTH-001085,BEN-0096,Plus,2025-08,2025-08-21,7950,bank,248.994.7697x35779,PAY-003
DISB-001424,AUTH-001498,BEN-0132,Scholarship,2025-10,2025-11-05,14044,mobile_money,8365965666,PAY-003
DISB-000325,AUTH-000347,BEN-0030,Scholarship,2025-04,2025-04-21,15281,mobile_money,(504)789-9642,PAY-001
DISB-000359,AUTH-000382,BEN-0032,Vocational,2025-10,2025-11-06,10103,bank,001-234-410-1666x870,PAY-004
DISB-000513,AUTH-000544,BEN-0046,Tech,2025-03,2025-03-14,11925,mobile_money,001-922-518-9092x75326,PAY-001
DISB-000653,AUTH-000687,BEN-0061,Scholarship,2025-12,2025-12-30,12995,bank,001-502-211-5869,PAY-004
DISB-001213,AUTH-001279,BEN-0112,Scholarship,2025-09,,14741,mobile_money,2489889921,PAY-002
DISB-000743,AUTH-000782,BEN-0069,Tech,2025-02,2025-02-23,12086,mobile_money,352.450.0743x2927,PAY-003
DISB-000836,AUTH-000876,BEN-0077,Scholarship,2025-11,2025-11-20,14927,bank,498.427.0808x697,PAY-003
DISB-001939,AUTH-002033,BEN-0182,Plus,2025-10,2025-10-16,8123,mobile_money,+1-284-207-6789x973,PAY-002
DISB-002076,AUTH-002173,BEN-0194,Plus,2025-06,2025-07-05,8012,bank,349.646.5398x4028,PAY-004
DISB-000517,AUTH-000548,BEN-0046,Tech,2025-05,2025-06-06,11970,mobile_money,001-922-518-9092x75326,PAY-003
DISB-000336,AUTH-000358,BEN-0031,Vocational,2025-05,2025-05-18,10166,bank,912.903.8750,PAY-001
DISB-001543,AUTH-001617,BEN-0144,Scholarship,2025-04,2025-04-14,16961,bank,556-908-3318x1958,PAY-001
DISB-001589,AUTH-001665,BEN-0149,Vocational,2025-05,2025-06-02,10097,bank,001-408-350-1657x9055,PAY-004
DISB-001115,AUTH-001177,BEN-0103,Plus,2025-12,2026-01-08,8118,bank,672-928-2005x5778,PAY-004
DISB-000048,AUTH-000048,BEN-0004,Plus,2025-09,2025-09-20,7981,bank,001-205-781-4770,PAY-004
DISB-000250,AUTH-000267,BEN-0023,Plus,2025-10,2025-10-13,7886,bank,449-932-9668x51612,PAY-003
DISB-000427,AUTH-000453,BEN-0039,Vocational,2025-12,2025-12-19,7901,mobile_money,801-905-1238x2825,PAY-004
DISB-001062,AUTH-001121,BEN-0099,Scholarship,2026-02,2026-03-02,15185,mobile_money,872-592-9314x386,PAY-004
DISB-000881,AUTH-000926,BEN-0081,Plus,2026-04,19/04/2026,8130,bank,(381)782-6886,PAY-004
DISB-000814,AUTH-000854,BEN-0075,Scholarship,2026-01,2026-01-30,12883,bank,986.363.1779,PAY-001
DISB-000739,AUTH-000778,BEN-0069,Tech,2025-09,2025-10-02," KES 11,923 ",mobile_money,352.450.0743x2927,PAY-002
DISB-000138,AUTH-000142,BEN-0012,Plus,2026-02,2026-03-21,7950,mobile_money,001-220-429-7021x3556,PAY-001
DISB-001641,AUTH-001718,BEN-0153,Vocational,2025-11,,9926,mobile_money,317-702-8140x69375,PAY-003
DISB-001736,AUTH-001815,BEN-0162,Scholarship,2025-01,2025-01-27," KES 15,008 ",bank,+1-287-273-4778x48588,PAY-003
DISB-000230,AUTH-000241,BEN-0021,Vocational,2025-02,2025-03-19,10148,bank,+1-547-533-8484x2199,PAY-004
DISB-000421,AUTH-000447,BEN-0038,Plus,2026-06,2026-06-19,7848,bank,501-943-8889,PAY-001
DISB-001644,AUTH-001721,BEN-0153,Vocational,2026-04,2026-04-19,10049,bank,317-702-8140x69375,PAY-001
DISB-001628,AUTH-001705,BEN-0151,Vocational,2025-11,2026-04-06,10149,mobile_money,249.854.5089x2038,PAY-004
DISB-001354,AUTH-001427,BEN-0126,Vocational,2025-02,2026-04-02,12525,mobile_money,249.854.5089x2038,PAY-001
DISB-000184,AUTH-000192,BEN-0017,Scholarship,2026-03,2026-04-13,14866,mobile_money,774.270.1687x339,PAY-003
DISB-001097,AUTH-001157,BEN-0102,Plus,2025-11,,7321,bank,249.854.5089x2038,PAY-001
DISB-001096,AUTH-001156,BEN-0102,Plus,2025-04,2026-03-22,8090,bank,249.854.5089x2038,PAY-003
DISB-000171,AUTH-000179,BEN-0016,Vocational,2026-06,2026-07-10,10058,bank,+1-464-771-0276x77359,PAY-001
DISB-001835,AUTH-001924,BEN-0173,Tech,2026-02,2026-02-23," KES 12,001 ",bank,(577)613-3344x76263,PAY-004
DISB-001924,AUTH-002016,BEN-0181,Tech,2025-02,2026-03-15,9985,mobile_money,249.854.5089x2038,PAY-002
DISB-001496,AUTH-001570,BEN-0139,Vocational,2025-07,2025-08-07,10167,mobile_money,001-654-421-4066x504,PAY-004
DISB-000335,AUTH-000357,BEN-0031,Vocational,2025-03,05/04/2025,10198,mobile_money,912.903.8750,PAY-003
DISB-001145,AUTH-001207,BEN-0106,Scholarship,2026-03,2026-03-08,15098,mobile_money,(901)836-7303x7183,PAY-003
DISB-000284,AUTH-000305,BEN-0026,Tech,2025-08,2025-08-12,12142,mobile_money,+1-982-851-2868x23004,PAY-002
DISB-001775,AUTH-001857,BEN-0167,Plus,2025-07,30/03/2026,9132,mobile_money,249.854.5089x2038,PAY-004
DISB-001432,AUTH-001506,BEN-0133,Scholarship,2025-01,2025-01-24,14733,mobile_money,(867)996-9278,PAY-003
DISB-001526,AUTH-001600,BEN-0142,Tech,2025-12,,12056,mobile_money,+1-407-390-3202x0417,PAY-003
DISB-000395,AUTH-000421,BEN-0036,Plus,2026-01,2026-02-09,7990,mobile_money,(592)745-9375x26547,PAY-002
DISB-000882,AUTH-000927,BEN-0081,Plus,2025-11,26/11/2025,8010,bank,(381)782-6886,PAY-001
DISB-000481,AUTH-000510,BEN-0043,Scholarship,2025-07,2025-07-26,15050,bank,709.658.4982,PAY-003
DISB-000241,AUTH-000257,BEN-0022,Scholarship,2025-01,2025-02-01,15083,bank,+1-293-280-2620x6724,PAY-004
DISB-000648,AUTH-000682,BEN-0060,Plus,2026-05,2026-05-31,7841,bank,001-687-920-5061,PAY-001
DISB-001531,AUTH-001605,BEN-0143,Scholarship,2026-05,30/05/2026,14920,mobile_money,(225)982-7390x21962,PAY-003
DISB-001177,AUTH-001243,BEN-0109,Tech,2025-12,2025-12-27,12084,bank,(394)256-5118,PAY-002
DISB-000444,AUTH-000471,BEN-0040,Scholarship,2025-03,2026-03-01,15273,bank,249.854.5089x2038,PAY-004
DISB-000676,AUTH-000712,BEN-0063,Tech,2025-12,2025-12-25,11935,bank,202.946.2996x0653,PAY-003
DISB-000731,AUTH-000770,BEN-0069,Tech,2026-03,2026-03-30,12219,bank,352.450.0743x2927,PAY-002
DISB-001783,AUTH-001869,BEN-0168,Scholarship,2026-06,2026-03-26," KES 15,260 ",bank,249.854.5089x2038,PAY-003
DISB-001677,AUTH-001754,BEN-0156,Scholarship,2025-06,2025-07-05,15257,bank,372-552-0456x50448,PAY-001
DISB-001078,AUTH-001138,BEN-0100,Plus,2026-06,2026-06-22,7959,mobile_money,620-734-7175,PAY-001
DISB-000192,AUTH-000200,BEN-0018,Tech,2026-01,2026-01-27,12107,bank,478.549.9121x65585,PAY-001
DISB-001945,AUTH-002039,BEN-0183,Scholarship,2025-05,2026-03-06," KES 11,259 ",bank,249.854.5089x2038,PAY-004
DISB-000007,AUTH-000007,BEN-0001,Tech,2026-03,,10990,bank,876-379-7643x815,PAY-002
DISB-001459,AUTH-001533,BEN-0135,Vocational,2025-07,2025-07-09,10191,mobile_money,+1-249-640-7929x049,PAY-002
DISB-000179,AUTH-000187,BEN-0017,Scholarship,2025-07,2025-08-02,15203,mobile_money,774.270.1687x339,PAY-003
DISB-000031,AUTH-000031,BEN-0003,Tech,2025-11,2025-11-14,12126,mobile_money,581-388-3552,PAY-003
DISB-001538,AUTH-001612,BEN-0143,Scholarship,2025-07,2025-07-17,14912,mobile_money,(225)982-7390x21962,PAY-004
DISB-000036,AUTH-000036,BEN-0004,Plus,2025-12,2025-12-25,8022,bank,001-205-781-4770,PAY-001
DISB-000216,AUTH-000225,BEN-0020,Plus,2026-03,2026-03-23,7842,bank,638.957.8652x78585,PAY-003
DISB-001584,AUTH-001660,BEN-0148,Plus,2026-06,2026-06-18,8155,bank,907-942-7990,PAY-001
DISB-000318,AUTH-000340,BEN-0030,Scholarship,2026-02,2026-02-28,15023,bank,(504)789-9642,PAY-001
DISB-001289,AUTH-001360,BEN-0119,Scholarship,2025-09,2025-09-22,15086,mobile_money,(417)428-9752x677,PAY-004
DISB-001282,AUTH-001353,BEN-0118,Scholarship,2025-03,,14826,mobile_money,001-483-724-8262,PAY-001
DISB-002014,AUTH-002111,BEN-0190,Plus,2025-03,2025-03-24,7988,bank,001-449-975-6792,PAY-002
DISB-001263,AUTH-001332,BEN-0117,Vocational,2025-10,2025-10-17,9912,bank,584.404.6084,PAY-004
DISB-002045,AUTH-002142,BEN-0192,Plus,2025-02,2025-02-28,8022,bank,222-241-2462x0952,PAY-001
DISB-001536,AUTH-001610,BEN-0143,Scholarship,2025-05,2025-06-01,15134,mobile_money,(225)982-7390x21962,PAY-001
DISB-000104,AUTH-000104,BEN-0009,Plus,2025-06,2025-07-04,7994,mobile_money,203-569-7117,PAY-002
DISB-002047,AUTH-002144,BEN-0192,Plus,2026-06,2026-07-01,7940,bank,222-241-2462x0952,PAY-002
DISB-001344,AUTH-001415,BEN-0124,Scholarship,2025-08,2025-08-31,15220,bank,001-995-429-9787,PAY-001
DISB-000635,AUTH-000669,BEN-0059,Vocational,2026-03,10/03/2026,9326,bank,249.854.5089x2038,PAY-003
DISB-001204,AUTH-001270,BEN-0112,Scholarship,2025-12,2026-01-04," KES 14,857 ",mobile_money,2489889921,PAY-004
DISB-001938,AUTH-002032,BEN-0182,Plus,2026-03,2026-03-24,8111,mobile_money,+1-284-207-6789x973,PAY-002
DISB-001516,AUTH-001590,BEN-0141,Plus,2025-09,2025-09-29,8104,mobile_money,257-517-3203,PAY-002
DISB-000519,AUTH-000550,BEN-0047,Scholarship,2025-02,2025-02-28,14839,bank,+1-383-264-0376x137,PAY-002
DISB-001071,AUTH-001130,BEN-0099,Scholarship,2025-05,2025-06-03,14722,mobile_money,872-592-9314x386,PAY-004
DISB-001974,AUTH-002071,BEN-0186,Vocational,2026-04,2026-05-04,10192,bank,+1-884-966-8455x04892,PAY-001
DISB-000440,AUTH-000466,BEN-0039,Vocational,2026-02,2026-03-09,9835,mobile_money,801-905-1238x2825,PAY-001
DISB-001424,AUTH-001498,BEN-0132,Scholarship,2025-10,2025-11-05,14044,mobile_money,8365965666,PAY-003
DISB-001877,AUTH-001967,BEN-0176,Scholarship,2025-08,2025-09-01,15030,mobile_money,(487)477-1215x134,PAY-002
DISB-000454,AUTH-000483,BEN-0041,Plus,2026-05,2026-05-16,8136,mobile_money,(282)774-2257,PAY-002
DISB-000786,AUTH-000826,BEN-0073,Scholarship,2025-08,2025-09-03,14832,mobile_money,3027255794,PAY-003
DISB-000289,AUTH-000310,BEN-0026,Tech,2025-07,2025-07-21,11982,bank,+1-982-851-2868x23004,PAY-002
DISB-001694,AUTH-001771,BEN-0157,Plus,2026-03,,7936,bank,(383)838-9888,PAY-004
DISB-000808,AUTH-000848,BEN-0075,Scholarship,2025-03,2025-04-12,14805,bank,986.363.1779,PAY-003
DISB-001048,AUTH-001107,BEN-0097,Scholarship,2026-02,2026-03-15,15150,bank,723-473-3343x333,PAY-002
DISB-001721,AUTH-001799,BEN-0160,Plus,2025-10,2026-03-19,6314,mobile_money,249.854.5089x2038,PAY-002
DISB-001448,AUTH-001522,BEN-0134,Scholarship,2025-06,2025-06-13,14910,bank,001-247-781-8913x71894,PAY-002
DISB-001109,AUTH-001171,BEN-0103,Plus,2025-11,2025-12-12,7857,mobile_money,672-928-2005x5778,PAY-003
DISB-000559,AUTH-000590,BEN-0051,Vocational,2025-07,2025-07-11,9941,bank,001-332-506-0385x05064,PAY-004
DISB-000690,AUTH-000728,BEN-0064,Tech,2025-04,2025-04-19,11814,bank,001-278-450-8214x8628,PAY-003
DISB-001338,AUTH-001409,BEN-0124,Scholarship,2025-02,2025-03-04,14733,bank,001-995-429-9787,PAY-003
DISB-000410,AUTH-000436,BEN-0037,Plus,2025-05,2025-06-11,8135,bank,842.866.1797,PAY-003
DISB-001148,AUTH-001210,BEN-0106,Scholarship,2025-08,2025-08-20,15017,mobile_money,(901)836-7303x7183,PAY-003
DISB-001342,AUTH-001413,BEN-0124,Scholarship,2026-03,2026-03-23,15226,bank,001-995-429-9787,PAY-002
DISB-002021,AUTH-002118,BEN-0190,Plus,2026-05,2026-05-22,7919,mobile_money,001-449-975-6792,PAY-001
DISB-001528,AUTH-001602,BEN-0142,Tech,2025-07,12/08/2025,12158,bank,+1-407-390-3202x0417,PAY-002
DISB-000437,AUTH-000463,BEN-0039,Vocational,2025-03,2025-04-17,10093,mobile_money,801-905-1238x2825,PAY-002
DISB-002016,AUTH-002113,BEN-0190,Plus,2026-02,2026-02-25,7870,bank,001-449-975-6792,PAY-001
DISB-001971,AUTH-002068,BEN-0186,Vocational,2025-01,2025-01-31,9985,mobile_money,+1-884-966-8455x04892,PAY-002
DISB-000543,AUTH-000574,BEN-0049,Scholarship,2026-06,2026-07-04,14980,bank,001-710-256-4814x9177,PAY-004
DISB-002147,AUTH-002244,BEN-0199,Tech,2025-07,2025-07-30,11982,mobile_money,+1-908-804-6619x63990,PAY-004
DISB-002033,AUTH-002130,BEN-0191,Vocational,2025-09,2025-10-03,11384,bank,001-409-283-7801,PAY-003
DISB-002135,AUTH-002232,BEN-0199,Tech,2025-02,2025-02-21,12101,bank,+1-908-804-6619x63990,PAY-001
DISB-001792,AUTH-001878,BEN-0169,Vocational,2025-08,2025-08-14,9844,mobile_money,+1-451-758-6734,PAY-004
DISB-001274,AUTH-001343,BEN-0117,Vocational,2025-04,2025-05-05,10035,mobile_money,584.404.6084,PAY-001
DISB-000271,AUTH-000291,BEN-0025,Plus,2025-04,2025-04-15,7864,mobile_money,971.239.7187x07286,PAY-001
DISB-000099,AUTH-000099,BEN-0009,Plus,2026-05,2026-05-27,8135,mobile_money,203-569-7117,PAY-004
DISB-001974,AUTH-002071,BEN-0186,Vocational,2026-04,2026-05-04,10192,bank,+1-884-966-8455x04892,PAY-001
DISB-000162,AUTH-000170,BEN-0015,Vocational,2025-03,2025-03-31,10154,bank,414-438-4249x8182,PAY-001
DISB-001044,AUTH-001103,BEN-0097,Scholarship,2025-04,,14896,mobile_money,723-473-3343x333,PAY-002
DISB-000544,AUTH-000575,BEN-0049,Scholarship,2026-01,2026-01-22,14714,bank,001-710-256-4814x9177,PAY-002
DISB-000407,AUTH-000433,BEN-0037,Plus,2025-06,2025-06-29,8043,bank,842.866.1797,PAY-001
DISB-000505,AUTH-000535,BEN-0045,Scholarship,2025-08,2026-04-04,14837,bank,249.854.5089x2038,PAY-003
DISB-000264,AUTH-000284,BEN-0024,Plus,2025-02,2026-04-01,5938,mobile_money,249.854.5089x2038,PAY-003
DISB-000331,AUTH-000353,BEN-0030,Scholarship,2025-11,2025-12-11,14716,bank,(504)789-9642,PAY-002
DISB-001473,AUTH-001547,BEN-0137,Vocational,2026-04,2026-04-29,9832,mobile_money,728-860-4765x801,PAY-001
DISB-001308,AUTH-001379,BEN-0122,Vocational,2025-05,2025-05-14,9847,mobile_money,209.940.7778,PAY-003
DISB-000987,AUTH-001043,BEN-0092,Scholarship,2026-03,2026-03-23,14754,mobile_money,+1-368-865-0863x7659,PAY-004
DISB-001666,AUTH-001743,BEN-0155,Vocational,2026-06,2026-06-20,10115,mobile_money,001-647-687-3002,PAY-001
DISB-001055,AUTH-001114,BEN-0098,Vocational,2026-04,2026-04-21,10072,mobile_money,+1-908-756-2718,PAY-004
DISB-001952,AUTH-002047,BEN-0184,Tech,2026-03,2026-03-28,12035,bank,001-308-242-8910x77119,PAY-002
DISB-000137,AUTH-000141,BEN-0012,Plus,2025-08,2025-09-03,8040,bank,001-220-429-7021x3556,PAY-002
DISB-001908,AUTH-001999,BEN-0180,Scholarship,2026-02,2026-03-08,15216,bank,294.252.3219x416,PAY-003
DISB-000093,AUTH-000093,BEN-0008,Plus,2026-06,2026-07-03,8135,mobile_money,826.313.7506x06853,PAY-003
DISB-000614,AUTH-000647,BEN-0057,Tech,2025-03,2025-03-31,12108,mobile_money,325-700-2921x85156,PAY-001
DISB-000954,AUTH-001009,BEN-0088,Scholarship,2025-09,2025-10-03,15276,mobile_money,(929)592-7503,PAY-001
DISB-000306,AUTH-000327,BEN-0028,Vocational,2026-06,2026-06-11,10056,bank,(428)873-3427x0866,PAY-004
DISB-001088,AUTH-001148,BEN-0101,Scholarship,2026-02,2026-03-18,15034,mobile_money,+1-824-655-8771,PAY-004
DISB-001815,AUTH-001904,BEN-0171,Plus,2025-02,2025-02-24,7916,bank,(406)534-5911,PAY-004
DISB-000340,AUTH-000362,BEN-0031,Vocational,2025-12,2025-12-29," KES 9,905 ",mobile_money,912.903.8750,PAY-002
DISB-001942,AUTH-002036,BEN-0183,Scholarship,2026-03,2026-03-16,15192,mobile_money,249.854.5089x2038,PAY-003
DISB-000469,AUTH-000498,BEN-0042,Vocational,2026-02,2026-03-09,10161,bank,591-848-5807,PAY-002
DISB-000076,AUTH-000076,BEN-0007,Vocational,2026-04,2026-05-14,10064,bank,+1-937-994-7383x47359,PAY-001
DISB-000092,AUTH-000092,BEN-0008,Plus,2025-07,25/07/2025,7997,mobile_money,826.313.7506x06853,PAY-001
DISB-001312,AUTH-001383,BEN-0122,Vocational,2026-06,2026-06-25,10013,mobile_money,209.940.7778,PAY-004
DISB-001456,AUTH-001530,BEN-0135,Vocational,2025-09,2025-10-01,10141,mobile_money,+1-249-640-7929x049,PAY-001
DISB-000536,AUTH-000567,BEN-0049,Scholarship,2026-04,2026-04-20," KES 14,706 ",mobile_money,001-710-256-4814x9177,PAY-004
DISB-002097,AUTH-002194,BEN-0195,Scholarship,2025-11,2025-12-08,14942,bank,+1-270-902-6876x811,PAY-001
DISB-000154,AUTH-000161,BEN-0014,Scholarship,2026-03,2026-04-01,12691,bank,249.854.5089x2038,PAY-004
DISB-001928,AUTH-002022,BEN-0181,Tech,2025-06,2026-03-30,12076,mobile_money,249.854.5089x2038,PAY-002
DISB-001462,AUTH-001536,BEN-0135,Vocational,2025-10,2025-11-10,10140,mobile_money,+1-249-640-7929x049,PAY-003
DISB-000877,AUTH-000918,BEN-0080,Vocational,2026-03,2026-03-26,9804,bank,249.854.5089x2038,PAY-001
DISB-000452,AUTH-000481,BEN-0041,Plus,2026-04,2026-04-25,7994,mobile_money,(282)774-2257,PAY-001
DISB-001891,AUTH-001982,BEN-0178,Plus,2025-09,2025-10-13,7875,mobile_money,521-947-6492x5158,PAY-004
DISB-000030,AUTH-000030,BEN-0003,Tech,2025-07,09/08/2025,12183,mobile_money,581-388-3552,PAY-002
DISB-001221,AUTH-001288,BEN-0113,Scholarship,2025-11,,14942,mobile_money,(610)255-6613x9060,PAY-003
DISB-000631,AUTH-000664,BEN-0058,Plus,2026-02,2026-02-23,7851,mobile_money,372-751-3552,PAY-002
DISB-001954,AUTH-002049,BEN-0184,Tech,2025-03,2025-03-27,11874,mobile_money,001-308-242-8910x77119,PAY-002
DISB-001916,AUTH-002007,BEN-0181,Tech,2025-10,2026-03-22,10088,bank,249.854.5089x2038,PAY-002
DISB-000994,AUTH-001051,BEN-0092,Scholarship,2026-06,2026-06-21,14778,bank,+1-368-865-0863x7659,PAY-002
DISB-001376,AUTH-001450,BEN-0128,Tech,2025-05,2025-05-26,12211,mobile_money,585.485.4249,PAY-003
DISB-001165,AUTH-001228,BEN-0108,Vocational,2026-05,2026-05-20,10011,bank,(385)457-4982,PAY-003
DISB-001595,AUTH-001671,BEN-0149,Vocational,2025-01,2025-01-16,10192,mobile_money,001-408-350-1657x9055,PAY-001
DISB-001197,AUTH-001263,BEN-0111,Scholarship,2026-01,2026-01-17,14820,mobile_money,555.885.5665x939,PAY-004
DISB-001229,AUTH-001297,BEN-0114,Scholarship,2025-01,2025-01-24,12673,bank,516-586-2278x376,PAY-004
DISB-001932,AUTH-002026,BEN-0182,Plus,2025-06,2025-06-22,7997,mobile_money,+1-284-207-6789x973,PAY-001
DISB-000298,AUTH-000319,BEN-0027,Plus,2025-12,2025-12-25,8003,mobile_money,6675383028,PAY-004
DISB-001846,AUTH-001935,BEN-0174,Plus,2025-08,2025-08-24,7851,mobile_money,+1-736-269-4118x00537,PAY-001
DISB-000337,AUTH-000359,BEN-0031,Vocational,2025-09,2025-10-02,8394,mobile_money,912.903.8750,PAY-002
DISB-002054,AUTH-002151,BEN-0192,Plus,2026-05,2026-05-28,8101,bank,222-241-2462x0952,PAY-001
DISB-001747,AUTH-001826,BEN-0163,Scholarship,2025-09,,14802,mobile_money,(447)796-9545x0090,PAY-004
DISB-000364,AUTH-000387,BEN-0033,Plus,2025-12,2025-12-06,7513,mobile_money,842-493-9685,PAY-003
DISB-000424,AUTH-000450,BEN-0038,Plus,2025-03,2025-03-20,7957,bank,501-943-8889,PAY-001
DISB-000876,AUTH-000917,BEN-0080,Vocational,2026-04,2026-03-07,8539,mobile_money,249.854.5089x2038,PAY-003
DISB-001698,AUTH-001775,BEN-0158,Scholarship,2026-03,2026-03-22," KES 10,789 ",bank,249.854.5089x2038,PAY-004
DISB-001000,AUTH-001059,BEN-0093,Tech,2025-05,2026-03-16,12012,bank,249.854.5089x2038,PAY-001
DISB-001777,AUTH-001860,BEN-0167,Plus,2025-04,2026-03-24,8127,mobile_money,249.854.5089x2038,PAY-001
DISB-000238,AUTH-000252,BEN-0022,Scholarship,2025-07,2025-07-24," KES 15,000 ",bank,+1-293-280-2620x6724,PAY-003
DISB-001161,AUTH-001224,BEN-0107,Plus,2025-03,2025-03-25,8074,mobile_money,792.451.3271x9500,PAY-003
DISB-000168,AUTH-000176,BEN-0016,Vocational,2025-05,2025-06-03,10182,bank,+1-464-771-0276x77359,PAY-002
DISB-001400,AUTH-001474,BEN-0130,Vocational,2025-07,2025-07-22,9882,mobile_money,+1-476-996-3938,PAY-004
DISB-001700,AUTH-001778,BEN-0158,Scholarship,2026-01,2026-03-31,13079,bank,249.854.5089x2038,PAY-003
DISB-000753,AUTH-000793,BEN-0070,Scholarship,2026-05,2026-05-29,15139,mobile_money,001-742-810-4478,PAY-003
DISB-002050,AUTH-002147,BEN-0192,Plus,2025-05,2025-05-31,7938,mobile_money,222-241-2462x0952,PAY-003
DISB-000858,AUTH-000898,BEN-0079,Plus,2025-08,2025-08-23,8135,bank,880.557.1983,PAY-004
DISB-001349,AUTH-001420,BEN-0125,Vocational,2026-02,2026-03-14,9803,mobile_money,249.854.5089x2038,PAY-001
DISB-000501,AUTH-000531,BEN-0045,Scholarship,2025-06,2026-04-11,14755,bank,249.854.5089x2038,PAY-003
DISB-001054,AUTH-001113,BEN-0098,Vocational,2025-02,2025-03-06,10162,bank,+1-908-756-2718,PAY-001
DISB-000180,AUTH-000188,BEN-0017,Scholarship,2025-03,2025-04-05,15200,bank,774.270.1687x339,PAY-001
DISB-000208,AUTH-000217,BEN-0019,Plus,2026-06,2026-07-04,7867,mobile_money,(551)269-4097x499,PAY-002
DISB-000776,AUTH-000816,BEN-0072,Vocational,2025-06,2025-07-03,10060,mobile_money,235.364.2087x37530,PAY-001
DISB-000475,AUTH-000504,BEN-0042,Vocational,2025-10,2025-10-16,10068,bank,591-848-5807,PAY-002
DISB-001001,AUTH-001060,BEN-0094,Plus,2025-05,2025-06-08," KES 8,152 ",bank,+1-702-360-1279x61143,PAY-003
DISB-001719,AUTH-001797,BEN-0160,Plus,2025-04,2026-03-28,5703,mobile_money,249.854.5089x2038,PAY-004
DISB-001427,AUTH-001501,BEN-0132,Scholarship,2025-04,07/05/2025,14978,bank,8365965666,PAY-004
DISB-000105,AUTH-000105,BEN-0009,Plus,2025-09,2025-09-20,7883,mobile_money,203-569-7117,PAY-001
DISB-002142,AUTH-002239,BEN-0199,Tech,2025-01,2025-02-16,11947,bank,+1-908-804-6619x63990,PAY-002
DISB-002148,AUTH-002245,BEN-0199,Tech,2025-11,2025-11-16,11776,mobile_money,+1-908-804-6619x63990,PAY-002
DISB-001059,AUTH-001118,BEN-0099,Scholarship,2026-01,2026-02-11," KES 14,803 ",bank,872-592-9314x386,PAY-001
DISB-001534,AUTH-001608,BEN-0143,Scholarship,2025-06,2025-07-06,15232,mobile_money,(225)982-7390x21962,PAY-001
DISB-000961,AUTH-001016,BEN-0089,Vocational,2025-09,2025-09-20,10021,bank,(566)859-1846,PAY-003
DISB-000052,AUTH-000052,BEN-0005,Scholarship,2025-06,2025-07-07,14963,mobile_money,820.737.7889x25546,PAY-002
DISB-002004,AUTH-002101,BEN-0188,Scholarship,2026-05,2026-06-03,15156,bank,001-526-783-1589,PAY-002
DISB-000191,AUTH-000199,BEN-0018,Tech,2025-02,2025-02-07,11796,mobile_money,478.549.9121x65585,PAY-002
DISB-000352,AUTH-000375,BEN-0032,Vocational,2026-01,2026-02-08,9947,bank,001-234-410-1666x870,PAY-003
DISB-001941,AUTH-002035,BEN-0183,Scholarship,2025-10,2026-03-01,14788,mobile_money,249.854.5089x2038,PAY-002
DISB-002034,AUTH-002131,BEN-0191,Vocational,2025-07,2025-07-24,9865,bank,001-409-283-7801,PAY-004
DISB-000370,AUTH-000393,BEN-0033,Plus,2025-06,2025-07-16,8023,mobile_money,842-493-9685,PAY-002
DISB-001103,AUTH-001164,BEN-0103,Plus,2025-07,2025-07-29,8039,bank,672-928-2005x5778,PAY-004
DISB-000938,AUTH-000992,BEN-0086,Plus,2025-11,2025-12-14,5717,mobile_money,(756)920-5336x452,PAY-001
DISB-001566,AUTH-001642,BEN-0146,Scholarship,2025-05,2025-05-21,15146,mobile_money,(652)473-5435x2090,PAY-001
DISB-001522,AUTH-001596,BEN-0141,Plus,2025-08,2025-09-02,8009,bank,257-517-3203,PAY-001
DISB-000209,AUTH-000218,BEN-0019,Plus,2025-06,2025-07-06,8081,bank,(551)269-4097x499,PAY-004
DISB-001092,AUTH-001152,BEN-0102,Plus,2025-01,2026-04-07,8068,mobile_money,249.854.5089x2038,PAY-002
DISB-001436,AUTH-001510,BEN-0133,Scholarship,2025-06,2025-06-19,14741,mobile_money,(867)996-9278,PAY-002
DISB-001695,AUTH-001772,BEN-0157,Plus,2025-03,2025-03-31,8113,bank,(383)838-9888,PAY-002
DISB-001033,AUTH-001092,BEN-0096,Plus,2026-06,2026-07-08,7928,bank,248.994.7697x35779,PAY-002
DISB-001503,AUTH-001577,BEN-0140,Plus,2025-08,08/09/2025,8044,mobile_money,(542)256-9087x7661,PAY-001
DISB-002154,AUTH-002253,BEN-0200,Vocational,2026-01,2026-01-27,9832,mobile_money,623.420.0249x685,PAY-001
DISB-002015,AUTH-002112,BEN-0190,Plus,2025-09,2025-10-08,7921,mobile_money,001-449-975-6792,PAY-002
DISB-000371,AUTH-000394,BEN-0033,Plus,2025-07,2025-08-01,8088,bank,842-493-9685,PAY-004
DISB-000980,AUTH-001036,BEN-0091,Tech,2025-03,2025-04-16,12082,bank,001-329-584-2579,PAY-003
DISB-001678,AUTH-001755,BEN-0156,Scholarship,2026-02,2026-03-09,15252,mobile_money,372-552-0456x50448,PAY-002
DISB-000952,AUTH-001007,BEN-0088,Scholarship,2025-06,,14452,mobile_money,(929)592-7503,PAY-002
DISB-000656,AUTH-000690,BEN-0061,Scholarship,2025-07,2025-08-18,14867,mobile_money,001-502-211-5869,PAY-003
DISB-001034,AUTH-001093,BEN-0096,Plus,2025-04,2025-05-02,8108,mobile_money,248.994.7697x35779,PAY-003
DISB-001972,AUTH-002069,BEN-0186,Vocational,2025-08,2025-09-06,10182,bank,+1-884-966-8455x04892,PAY-001
DISB-000457,AUTH-000486,BEN-0041,Plus,2025-10,2025-10-15,7972,bank,(282)774-2257,PAY-004
DISB-000822,AUTH-000862,BEN-0076,Vocational,2025-05,2025-05-31,10070,mobile_money,758.799.7571x130,PAY-004
DISB-000163,AUTH-000171,BEN-0015,Vocational,2025-08,2025-09-09,9903,mobile_money,414-438-4249x8182,PAY-004
DISB-001275,AUTH-001344,BEN-0118,Scholarship,2025-02,2025-03-02,17737,mobile_money,001-483-724-8262,PAY-001
DISB-001384,AUTH-001458,BEN-0129,Tech,2026-06,2026-06-16,12147,bank,817.447.7332x945,PAY-004
DISB-000120,AUTH-000122,BEN-0011,Plus,2026-03,2026-04-02,8079,bank,615-366-7652x775,PAY-002
DISB-001527,AUTH-001601,BEN-0142,Tech,2025-02,2025-03-10,12050,mobile_money,+1-407-390-3202x0417,PAY-003
DISB-000759,AUTH-000799,BEN-0071,Plus,2025-02,2025-03-11,8095,mobile_money,+1-609-901-0016x761,PAY-001
DISB-001085,AUTH-001145,BEN-0101,Scholarship,2025-02,2025-03-08,15212,mobile_money,+1-824-655-8771,PAY-001
DISB-001762,AUTH-001841,BEN-0165,Tech,2025-06,2025-07-02,11917,mobile_money,583-344-0496,PAY-001
DISB-001429,AUTH-001503,BEN-0132,Scholarship,2025-11,2025-11-30,14946,mobile_money,8365965666,PAY-003
DISB-001475,AUTH-001549,BEN-0137,Vocational,2026-05,2026-06-03,10181,mobile_money,728-860-4765x801,PAY-001
DISB-000205,AUTH-000214,BEN-0019,Plus,2025-01,,7994,mobile_money,(551)269-4097x499,PAY-002
DISB-000826,AUTH-000866,BEN-0076,Vocational,2025-12,2025-12-16,10138,mobile_money,758.799.7571x130,PAY-002
DISB-001895,AUTH-001986,BEN-0179,Tech,2025-02,,10415,bank,322-843-8649x0810,PAY-003
DISB-001219,AUTH-001286,BEN-0113,Scholarship,2025-05,2025-05-14," KES 14,829 ",mobile_money,(610)255-6613x9060,PAY-002
DISB-002029,AUTH-002126,BEN-0191,Vocational,2025-06,2025-06-26,10006,bank,001-409-283-7801,PAY-004
DISB-000582,AUTH-000615,BEN-0053,Plus,2025-06,2025-06-08,8120,bank,4673883171,PAY-002
DISB-001401,AUTH-001475,BEN-0130,Vocational,2025-02,28/02/2025,10129,mobile_money,+1-476-996-3938,PAY-004
DISB-000825,AUTH-000865,BEN-0076,Vocational,2026-03,2026-03-22,9985,mobile_money,758.799.7571x130,PAY-003
DISB-001586,AUTH-001662,BEN-0149,Vocational,2026-06,2026-06-22,9890,bank,001-408-350-1657x9055,PAY-003
DISB-001741,AUTH-001820,BEN-0163,Scholarship,2025-12,2026-01-03,16670,mobile_money,(447)796-9545x0090,PAY-002
DISB-000791,AUTH-000831,BEN-0074,Scholarship,2026-02,2026-02-08,14866,bank,+1-202-577-1670x145,PAY-004
DISB-001416,AUTH-001490,BEN-0132,Scholarship,2025-01,2025-02-01,14736,mobile_money,8365965666,PAY-004
DISB-001643,AUTH-001720,BEN-0153,Vocational,2026-03,2026-03-21,9869,mobile_money,317-702-8140x69375,PAY-001
DISB-000684,AUTH-000721,BEN-0064,Tech,2025-05,2025-06-09,12006,mobile_money,001-278-450-8214x8628,PAY-004
DISB-001969,AUTH-002066,BEN-0186,Vocational,2026-01,2026-01-18,9887,mobile_money,+1-884-966-8455x04892,PAY-001
DISB-000170,AUTH-000178,BEN-0016,Vocational,2025-02,2025-02-23," KES 9,938 ",bank,+1-464-771-0276x77359,PAY-002
DISB-001327,AUTH-001398,BEN-0123,Tech,2025-08,2025-09-16,12039,bank,(622)749-9982x79501,PAY-004
DISB-001739,AUTH-001818,BEN-0163,Scholarship,2026-02,2026-02-11,14887,mobile_money,(447)796-9545x0090,PAY-002
DISB-000861,AUTH-000901,BEN-0079,Plus,2025-05,2025-06-01,7843,bank,880.557.1983,PAY-003
DISB-001822,AUTH-001911,BEN-0172,Plus,2026-01,2026-02-06,6226,mobile_money,529-254-3165x266,PAY-003
DISB-001124,AUTH-001186,BEN-0104,Plus,2025-08,02/09/2025,8071,bank,780.577.4064x9308,PAY-002
DISB-000301,AUTH-000322,BEN-0028,Vocational,2025-02,2025-03-14," KES 8,737 ",bank,(428)873-3427x0866,PAY-002
DISB-001093,AUTH-001153,BEN-0102,Plus,2025-08,2026-04-01,7616,mobile_money,249.854.5089x2038,PAY-002
DISB-000661,AUTH-000696,BEN-0061,Scholarship,2025-01,2025-01-27,13766,bank,001-502-211-5869,PAY-001
DISB-000698,AUTH-000737,BEN-0066,Vocational,2025-08,2025-08-27,9812,bank,743.674.8969x108,PAY-004
DISB-001269,AUTH-001338,BEN-0117,Vocational,2026-04,2026-05-08,10097,mobile_money,584.404.6084,PAY-001
DISB-000386,AUTH-000412,BEN-0035,Plus,2026-01,2026-01-25,7957,mobile_money,698.926.2244,PAY-001
DISB-001256,AUTH-001325,BEN-0116,Plus,2025-12,2025-12-29,8031,bank,+1-301-764-5104x6368,PAY-003
DISB-001540,AUTH-001614,BEN-0143,Scholarship,2026-06,2026-06-25,14811,bank,(225)982-7390x21962,PAY-004
DISB-000308,AUTH-000330,BEN-0029,Vocational,2025-09,2025-09-24,10138,mobile_money,603-831-7393x6385,PAY-002
DISB-000303,AUTH-000324,BEN-0028,Vocational,2025-12,2025-12-17,9840,mobile_money,(428)873-3427x0866,PAY-003
DISB-001735,AUTH-001814,BEN-0162,Scholarship,2026-06,2026-07-05,19000,mobile_money,+1-287-273-4778x48588,PAY-002
DISB-001904,AUTH-001995,BEN-0180,Scholarship,2025-10,2025-10-23,15081,mobile_money,294.252.3219x416,PAY-001
DISB-001208,AUTH-001274,BEN-0112,Scholarship,2026-02,2026-03-02,15011,mobile_money,2489889921,PAY-004
DISB-000453,AUTH-000482,BEN-0041,Plus,2025-04,2025-05-03,8092,mobile_money,(282)774-2257,PAY-003
DISB-001380,AUTH-001454,BEN-0128,Tech,2025-10,2025-10-30,12104,mobile_money,585.485.4249,PAY-004
DISB-001491,AUTH-001565,BEN-0138,Scholarship,2025-01,2025-01-30,14862,bank,553.344.3009x109,PAY-004
DISB-000555,AUTH-000586,BEN-0050,Scholarship,2025-04,17/05/2025,14847,mobile_money,265.441.9518,PAY-003
DISB-000404,AUTH-000430,BEN-0037,Plus,2026-05,2026-05-26,8124,mobile_money,842.866.1797,PAY-002
DISB-001250,AUTH-001319,BEN-0116,Plus,2025-09,2025-10-09,8049,mobile_money,+1-301-764-5104x6368,PAY-002
DISB-001114,AUTH-001176,BEN-0103,Plus,2026-06,2026-06-25,7944,mobile_money,672-928-2005x5778,PAY-002
DISB-002116,AUTH-002213,BEN-0197,Plus,2026-04,2026-04-26,7876,bank,+1-894-887-0605,PAY-003
DISB-001481,AUTH-001555,BEN-0137,Vocational,2025-12,2025-12-31,10148,mobile_money,728-860-4765x801,PAY-003
DISB-001546,AUTH-001621,BEN-0144,Scholarship,2025-12,2025-12-27,14860,bank,556-908-3318x1958,PAY-001
DISB-002077,AUTH-002174,BEN-0194,Plus,2025-05,2025-06-17,7933,bank,349.646.5398x4028,PAY-003
DISB-000294,AUTH-000315,BEN-0027,Plus,2025-10,2025-10-10,8126,mobile_money,6675383028,PAY-001
DISB-001434,AUTH-001508,BEN-0133,Scholarship,2026-06,2026-07-08,14741,mobile_money,(867)996-9278,PAY-002
DISB-000812,AUTH-000852,BEN-0075,Scholarship,2025-06,2025-07-12,15057,mobile_money,986.363.1779,PAY-001
DISB-002043,AUTH-002140,BEN-0192,Plus,2025-09,2025-09-25,8021,mobile_money,222-241-2462x0952,PAY-004
DISB-001890,AUTH-001981,BEN-0178,Plus,2025-08,2025-09-06,8029,mobile_money,521-947-6492x5158,PAY-001
DISB-001847,AUTH-001936,BEN-0174,Plus,2025-02,2025-03-01,7980,mobile_money,+1-736-269-4118x00537,PAY-002
DISB-001801,AUTH-001887,BEN-0170,Plus,2025-08,2025-08-29,7406,mobile_money,760.864.4134x327,PAY-002
DISB-001120,AUTH-001182,BEN-0104,Plus,2025-04,2025-05-09,8117,bank,780.577.4064x9308,PAY-001
DISB-000132,AUTH-000136,BEN-0011,Plus,2025-12,2026-01-03,7946,mobile_money,615-366-7652x775,PAY-001
DISB-000955,AUTH-001010,BEN-0088,Scholarship,2025-10,2025-11-13,14815,mobile_money,(929)592-7503,PAY-001
DISB-000918,AUTH-000970,BEN-0085,Scholarship,2025-01,2025-01-14,15219,bank,(939)343-1290,PAY-003
DISB-001446,AUTH-001520,BEN-0134,Scholarship,2026-01,2026-01-27,15220,mobile_money,001-247-781-8913x71894,PAY-004
DISB-000291,AUTH-000312,BEN-0027,Plus,2026-03,2026-04-16,8008,mobile_money,6675383028,PAY-001
DISB-000286,AUTH-000307,BEN-0026,Tech,2025-05,2025-05-30,12039,mobile_money,+1-982-851-2868x23004,PAY-002
DISB-001300,AUTH-001371,BEN-0120,Plus,2026-03,2026-03-09,8111,mobile_money,(256)599-9880x8177,PAY-003
DISB-001774,AUTH-001854,BEN-0167,Plus,2026-04,2026-04-10,8101,mobile_money,249.854.5089x2038,PAY-002
DISB-001272,AUTH-001341,BEN-0117,Vocational,2025-01,,10009,mobile_money,584.404.6084,PAY-004
DISB-000913,AUTH-000965,BEN-0084,Scholarship,2026-03,2026-03-20,15184,mobile_money,891-647-6607x2832,PAY-003
DISB-002001,AUTH-002098,BEN-0188,Scholarship,2025-03,2025-03-18,15144,bank,001-526-783-1589,PAY-003
DISB-001806,AUTH-001893,BEN-0170,Plus,2026-05,2026-05-17,8098,bank,760.864.4134x327,PAY-003
DISB-001052,AUTH-001111,BEN-0098,Vocational,2025-09,2025-10-05,9916,bank,+1-908-756-2718,PAY-002
DISB-000078,AUTH-000078,BEN-0007,Vocational,2025-04,2025-04-27,9878,bank,+1-937-994-7383x47359,PAY-004
DISB-001929,AUTH-002023,BEN-0182,Plus,2025-11,2025-11-21,7868,mobile_money,+1-284-207-6789x973,PAY-003
DISB-000334,AUTH-000356,BEN-0030,Scholarship,2025-03,2025-03-20,14942,mobile_money,(504)789-9642,PAY-001
DISB-001638,AUTH-001715,BEN-0153,Vocational,2025-04,2025-04-21,9988,mobile_money,317-702-8140x69375,PAY-004
DISB-001664,AUTH-001741,BEN-0155,Vocational,2026-02,2026-03-03," KES 10,015 ",bank,001-647-687-3002,PAY-001
DISB-001173,AUTH-001237,BEN-0109,Tech,2026-03,2026-03-28,11859,mobile_money,(394)256-5118,PAY-003
DISB-001100,AUTH-001161,BEN-0102,Plus,2026-06,2026-03-06," KES 9,898 ",bank,249.854.5089x2038,PAY-003
DISB-000228,AUTH-000239,BEN-0021,Vocational,2025-12,2025-12-21,9812,mobile_money,+1-547-533-8484x2199,PAY-003
DISB-000910,AUTH-000962,BEN-0084,Scholarship,2026-04,2026-04-23,14923,bank,891-647-6607x2832,PAY-003
DISB-001985,AUTH-002082,BEN-0187,Tech,2025-11,,12123,mobile_money,688-548-5200,PAY-004
DISB-000745,AUTH-000784,BEN-0070,Scholarship,2026-03,2026-04-18,14737,bank,001-742-810-4478,PAY-004
DISB-001901,AUTH-001992,BEN-0180,Scholarship,2025-08,2025-09-02,15142,mobile_money,294.252.3219x416,PAY-001
DISB-000349,AUTH-000372,BEN-0032,Vocational,2026-02,2026-03-08,9982,bank,001-234-410-1666x870,PAY-003
DISB-001358,AUTH-001432,BEN-0127,Vocational,2025-11,2025-12-04,9886,mobile_money,923.207.6810x40915,PAY-003
DISB-000259,AUTH-000278,BEN-0024,Plus,2025-08,2026-03-10," KES 7,948 ",bank,249.854.5089x2038,PAY-002
DISB-000968,AUTH-001024,BEN-0090,Vocational,2025-08,2025-08-22,10191,mobile_money,477.439.2603x0299,PAY-001
DISB-001402,AUTH-001476,BEN-0130,Vocational,2026-03,2026-04-05," KES 10,025 ",mobile_money,+1-476-996-3938,PAY-002
DISB-002103,AUTH-002200,BEN-0196,Vocational,2025-09,2025-09-19,9912,mobile_money,+1-543-837-5047x930,PAY-001
DISB-000003,AUTH-000003,BEN-0001,Tech,2025-01,2025-02-04,12208,bank,876-379-7643x815,PAY-002
DISB-000668,AUTH-000704,BEN-0062,Tech,2025-12,2026-03-26,11785,bank,249.854.5089x2038,PAY-004
DISB-000445,AUTH-000472,BEN-0040,Scholarship,2025-04,2026-03-19,13500,bank,249.854.5089x2038,PAY-001
DISB-001602,AUTH-001678,BEN-0149,Vocational,2025-08,2025-08-30,9984,bank,001-408-350-1657x9055,PAY-003
DISB-000817,AUTH-000857,BEN-0075,Scholarship,2026-05,2026-05-24,12673,bank,986.363.1779,PAY-003
DISB-000750,AUTH-000790,BEN-0070,Scholarship,2025-02,2025-03-04,14747,mobile_money,001-742-810-4478,PAY-001
DISB-001118,AUTH-001180,BEN-0104,Plus,2025-06,2025-07-07,8138,mobile_money,780.577.4064x9308,PAY-003
DISB-000158,AUTH-000166,BEN-0015,Vocational,2026-03,2026-04-05,9881,mobile_money,414-438-4249x8182,PAY-004
DISB-000744,AUTH-000783,BEN-0070,Scholarship,2025-11,2025-12-07,14708,mobile_money,001-742-810-4478,PAY-004
DISB-000723,AUTH-000762,BEN-0068,Tech,2026-01,2026-01-28,11914,bank,346.955.4947,PAY-003
DISB-002105,AUTH-002202,BEN-0196,Vocational,2025-02,2025-03-04,9990,mobile_money,+1-543-837-5047x930,PAY-002
DISB-001499,AUTH-001573,BEN-0140,Plus,2026-06,2026-06-29,8011,bank,(542)256-9087x7661,PAY-001
DISB-001881,AUTH-001972,BEN-0177,Scholarship,2026-03,2026-03-29,15243,mobile_money,(701)277-7490,PAY-002
DISB-001355,AUTH-001429,BEN-0126,Vocational,2025-12,2026-04-11,9450,bank,249.854.5089x2038,PAY-001
DISB-002028,AUTH-002125,BEN-0191,Vocational,2025-02,2025-03-15,9828,mobile_money,001-409-283-7801,PAY-002
DISB-000477,AUTH-000506,BEN-0042,Vocational,2026-05,2026-06-17,10104,mobile_money,591-848-5807,PAY-002
DISB-002064,AUTH-002161,BEN-0193,Tech,2025-11,2025-12-06,11927,mobile_money,4636048913,PAY-001
DISB-000294,AUTH-000315,BEN-0027,Plus,2025-10,2025-10-10,8126,mobile_money,6675383028,PAY-001
DISB-000152,AUTH-000158,BEN-0014,Scholarship,2025-10,2026-04-05,15110,mobile_money,249.854.5089x2038,PAY-003
DISB-000409,AUTH-000435,BEN-0037,Plus,2025-09,2025-10-04,8124,bank,842.866.1797,PAY-003
DISB-000199,AUTH-000208,BEN-0018,Tech,2026-02,2026-02-21,12214,bank,478.549.9121x65585,PAY-003
DISB-001385,AUTH-001459,BEN-0129,Tech,2026-05,09/05/2026,12200,bank,817.447.7332x945,PAY-002
DISB-000766,AUTH-000806,BEN-0071,Plus,2026-04,2026-04-10,8054,mobile_money,+1-609-901-0016x761,PAY-001
DISB-000765,AUTH-000805,BEN-0071,Plus,2025-09,2025-10-01,7847,mobile_money,+1-609-901-0016x761,PAY-003
DISB-001392,AUTH-001466,BEN-0129,Tech,2025-04,,11973,bank,817.447.7332x945,PAY-001
DISB-000460,AUTH-000489,BEN-0041,Plus,2026-03,2026-03-15,8119,bank,(282)774-2257,PAY-004
DISB-002132,AUTH-002229,BEN-0199,Tech,2025-09,2025-09-19,11938,mobile_money,+1-908-804-6619x63990,PAY-001
DISB-000443,AUTH-000470,BEN-0040,Scholarship,2026-06,2026-04-03,15240,bank,249.854.5089x2038,PAY-001
DISB-000114,AUTH-000114,BEN-0010,Tech,2025-07,2025-07-14,12029,mobile_money,+1-319-952-0585x27722,PAY-001
DISB-002060,AUTH-002157,BEN-0193,Tech,2025-10,2025-11-02,12030,bank,4636048913,PAY-001
DISB-000382,AUTH-000406,BEN-0035,Plus,2025-04,2025-04-27,8019,bank,698.926.2244,PAY-003
DISB-000437,AUTH-000463,BEN-0039,Vocational,2025-03,2025-04-17,10093,mobile_money,801-905-1238x2825,PAY-002
DISB-000714,AUTH-000753,BEN-0067,Scholarship,2025-04,2025-04-21,14854,mobile_money,6994353875,PAY-002
DISB-000757,AUTH-000797,BEN-0070,Scholarship,2025-06,2025-07-07,14731,bank,001-742-810-4478,PAY-003
DISB-000528,AUTH-000559,BEN-0047,Scholarship,2025-01,2025-02-07,15062,mobile_money,+1-383-264-0376x137,PAY-003
DISB-000090,AUTH-000090,BEN-0008,Plus,2025-11,2025-12-02,7920,mobile_money,826.313.7506x06853,PAY-001
DISB-001659,AUTH-001736,BEN-0155,Vocational,2025-12,21/12/2025,9986,mobile_money,001-647-687-3002,PAY-001
DISB-001157,AUTH-001219,BEN-0107,Plus,2025-02,2025-02-22,7922,mobile_money,792.451.3271x9500,PAY-003
DISB-000479,AUTH-000508,BEN-0043,Scholarship,2026-01,2026-02-09,19511,bank,709.658.4982,PAY-001
DISB-000872,AUTH-000912,BEN-0079,Plus,2025-01,2025-01-11,7977,mobile_money,880.557.1983,PAY-001
DISB-000575,AUTH-000607,BEN-0053,Plus,2025-09,2025-09-19,5964,bank,4673883171,PAY-003
DISB-000143,AUTH-000147,BEN-0012,Plus,2025-05,2025-06-09,7930,mobile_money,001-220-429-7021x3556,PAY-002
DISB-000377,AUTH-000400,BEN-0034,Tech,2025-03,2025-03-27,12106,bank,342-262-6551,PAY-003
DISB-001321,AUTH-001392,BEN-0123,Tech,2025-09,,11990,bank,(622)749-9982x79501,PAY-002
DISB-002007,AUTH-002104,BEN-0189,Tech,2026-02,2026-03-25,11792,mobile_money,372.888.1377x0285,PAY-003
DISB-001913,AUTH-002004,BEN-0180,Scholarship,2025-02,2025-02-23,14971,bank,294.252.3219x416,PAY-003
DISB-001635,AUTH-001712,BEN-0152,Vocational,2026-06,2026-06-17,9892,mobile_money,722-422-3105x9274,PAY-001
DISB-000070,AUTH-000070,BEN-0007,Vocational,2025-12,2026-01-04,10055,bank,+1-937-994-7383x47359,PAY-001
DISB-000360,AUTH-000383,BEN-0032,Vocational,2025-04,2025-04-30," KES 9,989 ",bank,001-234-410-1666x870,PAY-003
DISB-001849,AUTH-001938,BEN-0174,Plus,2025-11,2025-11-24,8019,bank,+1-736-269-4118x00537,PAY-003
DISB-001378,AUTH-001452,BEN-0128,Tech,2025-06,2025-06-24,12147,bank,585.485.4249,PAY-004
DISB-000456,AUTH-000485,BEN-0041,Plus,2026-01,2026-01-09,8035,bank,(282)774-2257,PAY-004
DISB-001485,AUTH-001559,BEN-0138,Scholarship,2025-03,2025-03-30,15202,bank,553.344.3009x109,PAY-002
DISB-001150,AUTH-001212,BEN-0106,Scholarship,2025-12,2025-12-19,14890,bank,(901)836-7303x7183,PAY-001
DISB-001609,AUTH-001685,BEN-0150,Vocational,2025-02,2025-02-17,10071,mobile_money,988.317.8847x9513,PAY-002
DISB-001787,AUTH-001873,BEN-0168,Scholarship,2026-05,2026-03-21,14757,mobile_money,249.854.5089x2038,PAY-003
DISB-001343,AUTH-001414,BEN-0124,Scholarship,2025-06,2025-07-03,14980,mobile_money,001-995-429-9787,PAY-001
DISB-001324,AUTH-001395,BEN-0123,Tech,2025-12,2026-01-09,11946,mobile_money,(622)749-9982x79501,PAY-001
DISB-001231,AUTH-001299,BEN-0114,Scholarship,2025-07,2025-08-06,11356,mobile_money,516-586-2278x376,PAY-004
DISB-000557,AUTH-000588,BEN-0051,Vocational,2026-01,2026-01-31,9998,mobile_money,001-332-506-0385x05064,PAY-003
DISB-001907,AUTH-001998,BEN-0180,Scholarship,2026-05,2026-05-28,15210,mobile_money,294.252.3219x416,PAY-003
DISB-001956,AUTH-002051,BEN-0184,Tech,2026-06,2026-07-06,12131,bank,001-308-242-8910x77119,PAY-004
DISB-000742,AUTH-000781,BEN-0069,Tech,2025-07,2025-08-10,12055,mobile_money,352.450.0743x2927,PAY-002
DISB-000781,AUTH-000821,BEN-0073,Scholarship,2025-12,2025-12-30,14886,bank,3027255794,PAY-004
DISB-000043,AUTH-000043,BEN-0004,Plus,2025-01,2025-02-03,6220,mobile_money,001-205-781-4770,PAY-004
DISB-001911,AUTH-002002,BEN-0180,Scholarship,2026-06,,14752,bank,294.252.3219x416,PAY-002
DISB-001223,AUTH-001290,BEN-0114,Scholarship,2026-03,2026-03-31,15062,mobile_money,516-586-2278x376,PAY-004
DISB-001253,AUTH-001322,BEN-0116,Plus,2026-03,2026-03-18,7927,bank,+1-301-764-5104x6368,PAY-001
DISB-000390,AUTH-000416,BEN-0035,Plus,2025-08,2025-08-28,7939,bank,698.926.2244,PAY-002
DISB-000729,AUTH-000768,BEN-0069,Tech,2025-10,2025-11-04,11937,mobile_money,352.450.0743x2927,PAY-004
DISB-001014,AUTH-001073,BEN-0095,Tech,2026-01,2026-01-30," KES 12,124 ",mobile_money,692.805.3021,PAY-004
DISB-000990,AUTH-001046,BEN-0092,Scholarship,2026-02,2026-03-09,14812,mobile_money,+1-368-865-0863x7659,PAY-002
DISB-000435,AUTH-000461,BEN-0039,Vocational,2026-04,2026-05-04,10104,bank,801-905-1238x2825,PAY-004
DISB-000420,AUTH-000446,BEN-0038,Plus,2025-11,2025-12-08,8143,mobile_money,501-943-8889,PAY-002
DISB-000149,AUTH-000154,BEN-0013,Tech,2025-11,2025-12-01,11763,bank,712.317.2715,PAY-003
DISB-001781,AUTH-001866,BEN-0168,Scholarship,2025-01,2026-03-15,15069,bank,249.854.5089x2038,PAY-004
DISB-000880,AUTH-000925,BEN-0081,Plus,2025-06,2025-06-16,7986,mobile_money,(381)782-6886,PAY-002
DISB-000009,AUTH-000009,BEN-0002,Scholarship,2025-02,2025-03-10,15030,bank,988.351.6060,PAY-001
DISB-001286,AUTH-001357,BEN-0119,Scholarship,2025-03,2025-03-16,14736,bank,(417)428-9752x677,PAY-004
DISB-000338,AUTH-000360,BEN-0031,Vocational,2026-03,2026-04-06,9945,mobile_money,912.903.8750,PAY-004
DISB-000297,AUTH-000318,BEN-0027,Plus,2026-02,2026-03-11,7928,mobile_money,6675383028,PAY-001
DISB-001252,AUTH-001321,BEN-0116,Plus,2025-11,2025-11-28,8143,bank,+1-301-764-5104x6368,PAY-001
DISB-000358,AUTH-000381,BEN-0032,Vocational,2026-03,2026-03-23,9892,bank,001-234-410-1666x870,PAY-002
DISB-000071,AUTH-000071,BEN-0007,Vocational,2025-03,2025-03-21," KES 10,123 ",bank,+1-937-994-7383x47359,PAY-004
DISB-000073,AUTH-000073,BEN-0007,Vocational,2026-06,2026-06-26," KES 9,963 ",bank,+1-937-994-7383x47359,PAY-004
DISB-001508,AUTH-001582,BEN-0141,Plus,2025-05,2025-05-17,8142,bank,257-517-3203,PAY-001
DISB-002018,AUTH-002115,BEN-0190,Plus,2025-07,2025-08-09,7945,bank,001-449-975-6792,PAY-004
DISB-000037,AUTH-000037,BEN-0004,Plus,2025-06,2025-07-03,8132,mobile_money,001-205-781-4770,PAY-001
DISB-001102,AUTH-001163,BEN-0103,Plus,2025-04,2025-05-14,7975,bank,672-928-2005x5778,PAY-002
DISB-001510,AUTH-001584,BEN-0141,Plus,2025-07,2025-07-20,7882,mobile_money,257-517-3203,PAY-001
DISB-000831,AUTH-000871,BEN-0077,Scholarship,2025-03,2025-04-11,14762,mobile_money,498.427.0808x697,PAY-002
DISB-000673,AUTH-000709,BEN-0063,Tech,2025-04,2025-04-28,11868,mobile_money,202.946.2996x0653,PAY-003
DISB-000891,AUTH-000938,BEN-0082,Vocational,2026-02,2026-03-21,9996,mobile_money,249.854.5089x2038,PAY-004
DISB-001051,AUTH-001110,BEN-0098,Vocational,2026-05,18/05/2026,9928,bank,+1-908-756-2718,PAY-004
DISB-000541,AUTH-000572,BEN-0049,Scholarship,2025-03,2025-03-18,12165,bank,001-710-256-4814x9177,PAY-003
DISB-001197,AUTH-001263,BEN-0111,Scholarship,2026-01,2026-01-17,14820,mobile_money,555.885.5665x939,PAY-004
DISB-000496,AUTH-000526,BEN-0044,Scholarship,2026-06,2026-07-11,15239,mobile_money,+1-716-384-5775x9017,PAY-001
DISB-000841,AUTH-000881,BEN-0077,Scholarship,2025-04,2025-05-10,14961,mobile_money,498.427.0808x697,PAY-004
DISB-001664,AUTH-001741,BEN-0155,Vocational,2026-02,2026-03-03,10015,bank,001-647-687-3002,PAY-001
DISB-000979,AUTH-001035,BEN-0091,Tech,2025-01,2025-01-27,12014,mobile_money,001-329-584-2579,PAY-003
DISB-001676,AUTH-001753,BEN-0156,Scholarship,2026-04,2026-04-26,14797,bank,372-552-0456x50448,PAY-001
DISB-001633,AUTH-001710,BEN-0152,Vocational,2025-08,2025-09-05,9959,bank,722-422-3105x9274,PAY-001
DISB-001457,AUTH-001531,BEN-0135,Vocational,2025-02,2025-02-22,9905,bank,+1-249-640-7929x049,PAY-002
DISB-000126,AUTH-000128,BEN-0011,Plus,2025-07,,9950,mobile_money,615-366-7652x775,PAY-001
DISB-001084,AUTH-001144,BEN-0101,Scholarship,2025-01,2025-01-27,14867,mobile_money,+1-824-655-8771,PAY-003
DISB-000706,AUTH-000745,BEN-0067,Scholarship,2026-02,2026-03-04,15074,bank,6994353875,PAY-004
DISB-001828,AUTH-001917,BEN-0172,Plus,2025-11,2025-11-29,7900,mobile_money,529-254-3165x266,PAY-004
DISB-000735,AUTH-000774,BEN-0069,Tech,2025-04,2025-05-07,12010,bank,352.450.0743x2927,PAY-002
DISB-000348,AUTH-000371,BEN-0032,Vocational,2025-06,2025-07-07,10046,bank,001-234-410-1666x870,PAY-002
DISB-001083,AUTH-001143,BEN-0100,Plus,2025-03,2025-03-28,7896,bank,620-734-7175,PAY-003
DISB-000388,AUTH-000414,BEN-0035,Plus,2026-03,2026-03-27,6805,bank,698.926.2244,PAY-004
DISB-001278,AUTH-001348,BEN-0118,Scholarship,2026-03,2026-04-01,14938,mobile_money,001-483-724-8262,PAY-001
DISB-001009,AUTH-001068,BEN-0094,Plus,2025-08,2025-09-18,8403,mobile_money,+1-702-360-1279x61143,PAY-004
DISB-001692,AUTH-001769,BEN-0157,Plus,2025-04,2025-04-16,8095,bank,(383)838-9888,PAY-004
DISB-000527,AUTH-000558,BEN-0047,Scholarship,2025-11,2025-12-20,14936,bank,+1-383-264-0376x137,PAY-002
DISB-000736,AUTH-000775,BEN-0069,Tech,2026-05,2026-05-13,11988,bank,352.450.0743x2927,PAY-003
DISB-000907,AUTH-000958,BEN-0084,Scholarship,2025-12,2025-12-25,14813,bank,891-647-6607x2832,PAY-001
DISB-000764,AUTH-000804,BEN-0071,Plus,2026-01,2026-02-03,8058,bank,+1-609-901-0016x761,PAY-004
DISB-000035,AUTH-000035,BEN-0003,Tech,2025-05,2025-05-24,12119,mobile_money,581-388-3552,PAY-004
DISB-000282,AUTH-000303,BEN-0026,Tech,2026-04,2026-05-07,10579,bank,+1-982-851-2868x23004,PAY-002
DISB-001535,AUTH-001609,BEN-0143,Scholarship,2025-01,2025-01-11,14861,mobile_money,(225)982-7390x21962,PAY-001
DISB-000783,AUTH-000823,BEN-0073,Scholarship,2025-05,2025-06-08,14889,bank,3027255794,PAY-001
DISB-001880,AUTH-001971,BEN-0177,Scholarship,2026-02,2026-02-13,14912,bank,(701)277-7490,PAY-002
DISB-000145,AUTH-000149,BEN-0012,Plus,2025-10,2025-10-27,7927,mobile_money,001-220-429-7021x3556,PAY-001
DISB-001969,AUTH-002066,BEN-0186,Vocational,2026-01,2026-01-18,9887,mobile_money,+1-884-966-8455x04892,PAY-001
DISB-000455,AUTH-000484,BEN-0041,Plus,2026-02,26/02/2026,8136,bank,(282)774-2257,PAY-002
DISB-000060,AUTH-000060,BEN-0005,Scholarship,2025-04,2025-04-27,15121,mobile_money,820.737.7889x25546,PAY-004
DISB-001975,AUTH-002072,BEN-0186,Vocational,2025-11,2025-12-11,10068,mobile_money,+1-884-966-8455x04892,PAY-002
DISB-000357,AUTH-000380,BEN-0032,Vocational,2025-11,2025-12-17,9975,mobile_money,001-234-410-1666x870,PAY-003
DISB-001363,AUTH-001437,BEN-0127,Vocational,2026-03,2026-04-02,10012,mobile_money,923.207.6810x40915,PAY-003
DISB-001116,AUTH-001178,BEN-0103,Plus,2025-08,2025-09-07,8086,mobile_money,672-928-2005x5778,PAY-004
DISB-001759,AUTH-001838,BEN-0165,Tech,2026-06,2026-07-06,11879,mobile_money,583-344-0496,PAY-001
DISB-000977,AUTH-001033,BEN-0091,Tech,2026-01,2026-02-14,11927,mobile_money,001-329-584-2579,PAY-003
DISB-000578,AUTH-000611,BEN-0053,Plus,2025-05,2025-06-01,8025,mobile_money,4673883171,PAY-002
DISB-001362,AUTH-001436,BEN-0127,Vocational,2025-05,2025-05-27,10168,mobile_money,923.207.6810x40915,PAY-004
DISB-001991,AUTH-002088,BEN-0187,Tech,2025-10,2025-10-18,11931,mobile_money,688-548-5200,PAY-001
DISB-001963,AUTH-002060,BEN-0185,Tech,2025-02,2026-03-27,11215,mobile_money,249.854.5089x2038,PAY-001
DISB-000038,AUTH-000038,BEN-0004,Plus,2025-07,04/08/2025,6223,mobile_money,001-205-781-4770,PAY-001
DISB-001024,AUTH-001083,BEN-0096,Plus,2025-03,2025-03-30,8157,mobile_money,248.994.7697x35779,PAY-002
DISB-001493,AUTH-001567,BEN-0139,Vocational,2025-08,2025-09-14,9991,mobile_money,001-654-421-4066x504,PAY-004
DISB-000737,AUTH-000776,BEN-0069,Tech,2025-08,2025-08-30,11767,mobile_money,352.450.0743x2927,PAY-003
DISB-001614,AUTH-001690,BEN-0150,Vocational,2026-03,2026-04-03,10086,bank,988.317.8847x9513,PAY-002
DISB-000224,AUTH-000233,BEN-0021,Vocational,2025-08,2025-09-06,10056,mobile_money,+1-547-533-8484x2199,PAY-003
DISB-001767,AUTH-001846,BEN-0165,Tech,2025-09,09/10/2025,11772,mobile_money,583-344-0496,PAY-001
DISB-001417,AUTH-001491,BEN-0132,Scholarship,2025-08,2025-08-25,14934,mobile_money,8365965666,PAY-003
DISB-000140,AUTH-000144,BEN-0012,Plus,2026-06,2026-07-02,8031,bank,001-220-429-7021x3556,PAY-004
DISB-000718,AUTH-000757,BEN-0067,Scholarship,2025-11,2025-11-27,14744,bank,6994353875,PAY-001
DISB-000902,AUTH-000953,BEN-0084,Scholarship,2026-02,2026-03-03,11048,mobile_money,891-647-6607x2832,PAY-004
DISB-001513,AUTH-001587,BEN-0141,Plus,2026-03,2026-04-11,7999,mobile_money,257-517-3203,PAY-002
DISB-001943,AUTH-002037,BEN-0183,Scholarship,2025-12,2026-03-30,18534,mobile_money,249.854.5089x2038,PAY-004
DISB-001250,AUTH-001319,BEN-0116,Plus,2025-09,2025-10-09,8049,mobile_money,+1-301-764-5104x6368,PAY-002
DISB-000190,AUTH-000198,BEN-0018,Tech,2026-05,2026-06-02,11887,bank,478.549.9121x65585,PAY-004
DISB-000107,AUTH-000107,BEN-0009,Plus,2026-02,2026-03-09,7852,mobile_money,203-569-7117,PAY-002
DISB-000654,AUTH-000688,BEN-0061,Scholarship,2026-04,2026-04-22,15080,mobile_money,001-502-211-5869,PAY-003
DISB-000148,AUTH-000153,BEN-0013,Tech,2025-12,2026-01-12,12169,mobile_money,712.317.2715,PAY-001
DISB-000659,AUTH-000694,BEN-0061,Scholarship,2025-05,2025-05-28," KES 14,761 ",mobile_money,001-502-211-5869,PAY-004
DISB-000019,AUTH-000019,BEN-0002,Scholarship,2025-03,2025-03-27,14764,bank,988.351.6060,PAY-001
DISB-001067,AUTH-001126,BEN-0099,Scholarship,2026-03,2026-03-31,14703,bank,872-592-9314x386,PAY-001
DISB-000502,AUTH-000532,BEN-0045,Scholarship,2025-09,2026-03-30,10790,mobile_money,249.854.5089x2038,PAY-002
DISB-001146,AUTH-001208,BEN-0106,Scholarship,2025-02,2025-02-16,14815,bank,(901)836-7303x7183,PAY-001
DISB-001917,AUTH-002008,BEN-0181,Tech,2025-11,2026-04-14,11943,bank,249.854.5089x2038,PAY-004
DISB-000365,AUTH-000388,BEN-0033,Plus,2026-06,2026-06-29,8091,mobile_money,842-493-9685,PAY-003
DISB-000660,AUTH-000695,BEN-0061,Scholarship,2025-08,2025-08-28,14813,mobile_money,001-502-211-5869,PAY-004
DISB-000237,AUTH-000251,BEN-0022,Scholarship,2025-08,2025-08-21,15128,bank,+1-293-280-2620x6724,PAY-001
DISB-000695,AUTH-000734,BEN-0065,Plus,2025-06,2025-06-28,8143,bank,540-560-2933,PAY-003
DISB-001925,AUTH-002018,BEN-0181,Tech,2025-01,2026-04-13,10333,bank,249.854.5089x2038,PAY-003
DISB-001170,AUTH-001233,BEN-0108,Vocational,2026-04,2026-05-14,9882,bank,(385)457-4982,PAY-003
DISB-000438,AUTH-000464,BEN-0039,Vocational,2026-06,2026-06-20,10114,mobile_money,801-905-1238x2825,PAY-001
DISB-000086,AUTH-000086,BEN-0008,Plus,2025-08,2025-08-21,7846,mobile_money,826.313.7506x06853,PAY-003
DISB-000355,AUTH-000378,BEN-0032,Vocational,2025-09,2025-09-30,10080,bank,001-234-410-1666x870,PAY-002
DISB-000311,AUTH-000333,BEN-0029,Vocational,2025-03,2025-03-16,9908,mobile_money,603-831-7393x6385,PAY-002
DISB-001841,AUTH-001930,BEN-0173,Tech,2026-03,2026-03-21,12158,mobile_money,(577)613-3344x76263,PAY-002
DISB-000842,AUTH-000882,BEN-0077,Scholarship,2025-02,2025-03-03,15098,bank,498.427.0808x697,PAY-004
DISB-001489,AUTH-001563,BEN-0138,Scholarship,2025-12,2025-12-28,15185,mobile_money,553.344.3009x109,PAY-001
DISB-000274,AUTH-000294,BEN-0025,Plus,2025-08,2025-08-22,7846,mobile_money,971.239.7187x07286,PAY-004
DISB-001831,AUTH-001920,BEN-0173,Tech,2025-03,,12159,mobile_money,(577)613-3344x76263,PAY-004
DISB-001840,AUTH-001929,BEN-0173,Tech,2026-04,2026-04-15,11794,bank,(577)613-3344x76263,PAY-002
DISB-001671,AUTH-001748,BEN-0156,Scholarship,2025-10,2025-11-07,15180,mobile_money,372-552-0456x50448,PAY-002
DISB-000895,AUTH-000944,BEN-0083,Plus,2025-04,2025-04-22,8117,mobile_money,(607)350-1102,PAY-002
DISB-000921,AUTH-000975,BEN-0085,Scholarship,2026-05,2026-06-09,14772,mobile_money,(939)343-1290,PAY-002
DISB-001860,AUTH-001949,BEN-0175,Vocational,2026-01,2026-02-07,9976,mobile_money,(774)856-4494,PAY-003
DISB-001930,AUTH-002024,BEN-0182,Plus,2025-05,2025-06-18,7567,mobile_money,+1-284-207-6789x973,PAY-001
DISB-001006,AUTH-001065,BEN-0094,Plus,2026-04,2026-04-19,8021,mobile_money,+1-702-360-1279x61143,PAY-004
DISB-001313,AUTH-001384,BEN-0122,Vocational,2025-08,2025-08-28," KES 10,163 ",bank,209.940.7778,PAY-003
DISB-000879,AUTH-000923,BEN-0080,Vocational,2025-12,2026-04-01,9876,mobile_money,249.854.5089x2038,PAY-004
DISB-000625,AUTH-000658,BEN-0058,Plus,2026-01,07/02/2026,8069,mobile_money,372-751-3552,PAY-004
DISB-001398,AUTH-001472,BEN-0130,Vocational,2026-02,2026-02-22,7726,mobile_money,+1-476-996-3938,PAY-003
DISB-000324,AUTH-000346,BEN-0030,Scholarship,2026-05,2026-06-08,12625,bank,(504)789-9642,PAY-001
DISB-000935,AUTH-000989,BEN-0086,Plus,2026-01,2026-02-07,7840,mobile_money,(756)920-5336x452,PAY-003
DISB-001936,AUTH-002030,BEN-0182,Plus,2025-07,2025-08-13,7952,bank,+1-284-207-6789x973,PAY-001
DISB-000687,AUTH-000724,BEN-0064,Tech,2025-08,2025-08-30,11971,mobile_money,001-278-450-8214x8628,PAY-004
DISB-000481,AUTH-000510,BEN-0043,Scholarship,2025-07,2025-07-26,15050,bank,709.658.4982,PAY-003
DISB-001140,AUTH-001202,BEN-0106,Scholarship,2026-05,2026-05-19,14846,bank,(901)836-7303x7183,PAY-004
DISB-001776,AUTH-001859,BEN-0167,Plus,2026-02,2026-03-04,7880,mobile_money,249.854.5089x2038,PAY-003
DISB-000080,AUTH-000080,BEN-0007,Vocational,2026-03,2026-04-01,10058,mobile_money,+1-937-994-7383x47359,PAY-004
DISB-001743,AUTH-001822,BEN-0163,Scholarship,2025-07,2025-08-13,15057,bank,(447)796-9545x0090,PAY-004
DISB-001839,AUTH-001928,BEN-0173,Tech,2025-01,2025-01-15," KES 11,778 ",bank,(577)613-3344x76263,PAY-003
DISB-001578,AUTH-001654,BEN-0148,Plus,2026-01,2026-01-28,7861,bank,907-942-7990,PAY-001
DISB-000028,AUTH-000028,BEN-0003,Tech,2025-03,2025-03-28,11774,bank,581-388-3552,PAY-002
DISB-000547,AUTH-000578,BEN-0049,Scholarship,2025-12,2025-12-26,14949,mobile_money,001-710-256-4814x9177,PAY-001
DISB-002048,AUTH-002145,BEN-0192,Plus,2025-03,2025-03-22," KES 7,974 ",bank,222-241-2462x0952,PAY-004
DISB-001244,AUTH-001313,BEN-0116,Plus,2025-04,2025-04-16,8008,bank,+1-301-764-5104x6368,PAY-002
DISB-001780,AUTH-001865,BEN-0168,Scholarship,2026-02,2026-03-03,15293,mobile_money,249.854.5089x2038,PAY-001
DISB-001296,AUTH-001367,BEN-0120,Plus,2025-11,2025-11-23,8115,mobile_money,(256)599-9880x8177,PAY-002
DISB-000650,AUTH-000684,BEN-0061,Scholarship,2025-10,2025-10-20,15203,mobile_money,001-502-211-5869,PAY-001
DISB-001226,AUTH-001294,BEN-0114,Scholarship,2025-06,2025-07-02,14849,bank,516-586-2278x376,PAY-004
DISB-000426,AUTH-000452,BEN-0039,Vocational,2025-07,2025-08-01,7727,bank,801-905-1238x2825,PAY-004
DISB-000854,AUTH-000894,BEN-0078,Plus,2025-09,2025-09-24,7993,mobile_money,001-783-333-9452x288,PAY-004
DISB-000989,AUTH-001045,BEN-0092,Scholarship,2025-07,28/07/2025,15291,mobile_money,+1-368-865-0863x7659,PAY-001
DISB-000434,AUTH-000460,BEN-0039,Vocational,2025-01,2025-02-04,10039,bank,801-905-1238x2825,PAY-004
DISB-000061,AUTH-000061,BEN-0005,Scholarship,2025-08,2025-08-30,14757,bank,820.737.7889x25546,PAY-004
DISB-000411,AUTH-000437,BEN-0037,Plus,2026-02,2026-02-23,7985,bank,842.866.1797,PAY-004
DISB-000255,AUTH-000272,BEN-0023,Plus,2025-08,2025-08-24,7900,bank,449-932-9668x51612,PAY-001
DISB-000495,AUTH-000525,BEN-0044,Scholarship,2025-07,2025-07-18,14903,bank,+1-716-384-5775x9017,PAY-004
DISB-001997,AUTH-002094,BEN-0188,Scholarship,2025-04,2025-04-23,15182,bank,001-526-783-1589,PAY-003
DISB-000056,AUTH-000056,BEN-0005,Scholarship,2026-05,2026-06-07,14909,mobile_money,820.737.7889x25546,PAY-004
DISB-001761,AUTH-001840,BEN-0165,Tech,2025-03,2025-03-19,12055,mobile_money,583-344-0496,PAY-002
DISB-000095,AUTH-000095,BEN-0008,Plus,2026-03,2026-03-19,8015,bank,826.313.7506x06853,PAY-002
DISB-000692,AUTH-000731,BEN-0065,Plus,2025-05,2025-06-11,7941,bank,540-560-2933,PAY-002
DISB-002153,AUTH-002252,BEN-0200,Vocational,2025-09,2025-09-25,10053,mobile_money,623.420.0249x685,PAY-002
DISB-000210,AUTH-000219,BEN-0019,Plus,2025-02,2025-03-02,8078,bank,(551)269-4097x499,PAY-004
DISB-000944,AUTH-000999,BEN-0087,Plus,2025-06,2026-04-14,7910,mobile_money,249.854.5089x2038,PAY-004
DISB-001703,AUTH-001781,BEN-0158,Scholarship,2025-05,2026-03-27,11628,bank,249.854.5089x2038,PAY-001
DISB-001182,AUTH-001248,BEN-0109,Tech,2026-06,,11822,mobile_money,(394)256-5118,PAY-004
DISB-001123,AUTH-001185,BEN-0104,Plus,2025-09,2025-09-25,7919,mobile_money,780.577.4064x9308,PAY-001
DISB-001227,AUTH-001295,BEN-0114,Scholarship,2025-10,2025-11-16,14842,mobile_money,516-586-2278x376,PAY-004
DISB-001017,AUTH-001076,BEN-0095,Tech,2025-09,2025-09-23,10765,mobile_money,692.805.3021,PAY-002
DISB-000290,AUTH-000311,BEN-0026,Tech,2025-11,2025-12-07,12209,bank,+1-982-851-2868x23004,PAY-002
DISB-001773,AUTH-001853,BEN-0167,Plus,2025-06,2026-03-05,7935,mobile_money,249.854.5089x2038,PAY-001
DISB-000471,AUTH-000500,BEN-0042,Vocational,2025-05,2025-05-26,10122,mobile_money,591-848-5807,PAY-001
DISB-000775,AUTH-000815,BEN-0071,Plus,2025-05,2025-06-08,7870,bank,+1-609-901-0016x761,PAY-003
DISB-000912,AUTH-000964,BEN-0084,Scholarship,2025-01,2025-01-20,15204,bank,891-647-6607x2832,PAY-001
DISB-000929,AUTH-000983,BEN-0086,Plus,2025-10,2025-11-06,8111,bank,(756)920-5336x452,PAY-004
DISB-000430,AUTH-000456,BEN-0039,Vocational,2026-03,2026-04-15,9865,mobile_money,801-905-1238x2825,PAY-002
DISB-001232,AUTH-001300,BEN-0114,Scholarship,2025-08,2025-08-23,14755,mobile_money,516-586-2278x376,PAY-001
DISB-001029,AUTH-001088,BEN-0096,Plus,2025-06,2025-06-27,7927,bank,248.994.7697x35779,PAY-002
DISB-000181,AUTH-000189,BEN-0017,Scholarship,2025-05,2025-05-26,14956,bank,774.270.1687x339,PAY-004
DISB-001073,AUTH-001132,BEN-0099,Scholarship,2026-04,2026-05-11,14887,mobile_money,872-592-9314x386,PAY-003
DISB-001451,AUTH-001525,BEN-0134,Scholarship,2026-06,2026-07-04,14820,mobile_money,001-247-781-8913x71894,PAY-002
DISB-000323,AUTH-000345,BEN-0030,Scholarship,2025-02,03/03/2025,14770,bank,(504)789-9642,PAY-002
DISB-000678,AUTH-000714,BEN-0063,Tech,2025-05,2025-06-03,12232,bank,202.946.2996x0653,PAY-003
DISB-001968,AUTH-002065,BEN-0186,Vocational,2025-03,2025-04-03,10168,bank,+1-884-966-8455x04892,PAY-003
DISB-001902,AUTH-001993,BEN-0180,Scholarship,2025-05,2025-05-24,15288,bank,294.252.3219x416,PAY-003
DISB-001108,AUTH-001170,BEN-0103,Plus,2026-04,2026-04-26,7972,bank,672-928-2005x5778,PAY-002
DISB-000566,AUTH-000597,BEN-0052,Vocational,2025-09,2025-10-03,10022,mobile_money,356-455-7431x329,PAY-002
DISB-001872,AUTH-001961,BEN-0176,Scholarship,2026-01,2026-01-15,15253,mobile_money,(487)477-1215x134,PAY-001
DISB-000397,AUTH-000423,BEN-0036,Plus,2026-04,2026-04-27,7923,bank,(592)745-9375x26547,PAY-002
DISB-000911,AUTH-000963,BEN-0084,Scholarship,2025-09,2025-09-29," KES 14,839 ",bank,891-647-6607x2832,PAY-001
DISB-001791,AUTH-001877,BEN-0169,Vocational,2026-01,2026-01-26,10043,mobile_money,+1-451-758-6734,PAY-004
DISB-000756,AUTH-000796,BEN-0070,Scholarship,2025-10,2025-11-01,15269,mobile_money,001-742-810-4478,PAY-001
DISB-000373,AUTH-000396,BEN-0033,Plus,2026-05,2026-06-04,7950,mobile_money,842-493-9685,PAY-002
DISB-001634,AUTH-001711,BEN-0152,Vocational,2026-03,2026-03-29,9911,mobile_money,722-422-3105x9274,PAY-002
DISB-001130,AUTH-001192,BEN-0105,Scholarship,2025-12,2026-01-02,15012,bank,217-497-4973x5020,PAY-002
DISB-000347,AUTH-000370,BEN-0032,Vocational,2026-04,2026-04-28,9939,mobile_money,001-234-410-1666x870,PAY-003
DISB-000511,AUTH-000542,BEN-0046,Tech,2026-04,2026-04-29,11932,bank,001-922-518-9092x75326,PAY-002
DISB-001488,AUTH-001562,BEN-0138,Scholarship,2026-03,2026-04-09,14844,bank,553.344.3009x109,PAY-001
DISB-000254,AUTH-000271,BEN-0023,Plus,2026-02,2026-03-04,8077,mobile_money,449-932-9668x51612,PAY-001
DISB-001299,AUTH-001370,BEN-0120,Plus,2025-09,2025-10-09,7842,bank,(256)599-9880x8177,PAY-003
DISB-000263,AUTH-000283,BEN-0024,Plus,2025-11,2026-03-16,6275,mobile_money,249.854.5089x2038,PAY-001
DISB-000279,AUTH-000299,BEN-0025,Plus,2025-06,2025-06-26,7940,mobile_money,971.239.7187x07286,PAY-004
DISB-001134,AUTH-001196,BEN-0105,Scholarship,2026-02,2026-02-25,14902,mobile_money,217-497-4973x5020,PAY-002
DISB-000995,AUTH-001052,BEN-0092,Scholarship,2025-12,2025-12-22,19323,bank,+1-368-865-0863x7659,PAY-004
DISB-000069,AUTH-000069,BEN-0007,Vocational,2025-07,2025-08-14,10012,bank,+1-937-994-7383x47359,PAY-002
DISB-001023,AUTH-001082,BEN-0095,Tech,2026-02,2026-02-23,11847,bank,692.805.3021,PAY-002
DISB-001304,AUTH-001375,BEN-0121,Plus,2025-11,2026-03-05,7088,bank,249.854.5089x2038,PAY-002
DISB-000523,AUTH-000554,BEN-0047,Scholarship,2025-04,2025-04-23,14966,bank,+1-383-264-0376x137,PAY-002
DISB-000468,AUTH-000497,BEN-0042,Vocational,2026-04,2026-04-10,9910,mobile_money,591-848-5807,PAY-002
DISB-001594,AUTH-001670,BEN-0149,Vocational,2025-09,2025-09-29," KES 10,156 ",mobile_money,001-408-350-1657x9055,PAY-003
DISB-000574,AUTH-000606,BEN-0053,Plus,2026-03,2026-03-22,10362,bank,4673883171,PAY-001
DISB-001823,AUTH-001912,BEN-0172,Plus,2025-08,02/09/2025,7865,mobile_money,529-254-3165x266,PAY-003
DISB-002146,AUTH-002243,BEN-0199,Tech,2026-01,2026-01-30,12181,bank,+1-908-804-6619x63990,PAY-001
DISB-000806,AUTH-000846,BEN-0075,Scholarship,2026-06,2026-07-04,14983,mobile_money,986.363.1779,PAY-004
DISB-001894,AUTH-001985,BEN-0179,Tech,2025-07,2025-08-11," KES 12,155 ",bank,322-843-8649x0810,PAY-003
DISB-000493,AUTH-000523,BEN-0044,Scholarship,2025-10,2025-11-09,15287,bank,+1-716-384-5775x9017,PAY-002
DISB-001768,AUTH-001848,BEN-0166,Plus,2026-02,2026-03-01,7901,mobile_money,001-273-574-8969,PAY-004
DISB-001770,AUTH-001850,BEN-0166,Plus,2026-03,2026-03-28,9862,mobile_money,001-273-574-8969,PAY-004
DISB-001555,AUTH-001630,BEN-0145,Vocational,2025-04,2025-04-22," KES 10,154 ",mobile_money,(707)881-1379,PAY-003
DISB-001171,AUTH-001234,BEN-0108,Vocational,2025-02,2025-02-25,11747,mobile_money,(385)457-4982,PAY-002
DISB-001266,AUTH-001335,BEN-0117,Vocational,2025-12,2025-12-16,9966,bank,584.404.6084,PAY-004
DISB-001486,AUTH-001560,BEN-0138,Scholarship,2025-05,2025-05-22,15068,bank,553.344.3009x109,PAY-001
DISB-000557,AUTH-000588,BEN-0051,Vocational,2026-01,2026-01-31,9998,mobile_money,001-332-506-0385x05064,PAY-003
DISB-000686,AUTH-000723,BEN-0064,Tech,2026-05,22/05/2026,12044,bank,001-278-450-8214x8628,PAY-004
DISB-001186,AUTH-001252,BEN-0110,Vocational,2025-11,2025-12-08,10130,bank,001-365-309-4801x4138,PAY-001
DISB-001716,AUTH-001794,BEN-0159,Plus,2026-05,2026-06-17,7883,bank,293.389.1190x83342,PAY-004
DISB-001915,AUTH-002006,BEN-0181,Tech,2025-09,2026-03-08,10623,bank,249.854.5089x2038,PAY-004
DISB-001076,AUTH-001136,BEN-0100,Plus,2025-07,2025-07-23," KES 8,039 ",mobile_money,620-734-7175,PAY-001
DISB-001805,AUTH-001892,BEN-0170,Plus,2025-05,2025-05-25,7961,bank,760.864.4134x327,PAY-003
DISB-001765,AUTH-001844,BEN-0165,Tech,2026-01,09/02/2026,14633,bank,583-344-0496,PAY-001
DISB-000141,AUTH-000145,BEN-0012,Plus,2025-09,2025-09-19,8137,mobile_money,001-220-429-7021x3556,PAY-004
DISB-002071,AUTH-002168,BEN-0194,Plus,2025-02,2025-02-20,7875,mobile_money,349.646.5398x4028,PAY-003
DISB-000302,AUTH-000323,BEN-0028,Vocational,2026-04,2026-05-02,9948,bank,(428)873-3427x0866,PAY-004
DISB-000368,AUTH-000391,BEN-0033,Plus,2025-03,2025-04-12,8093,bank,842-493-9685,PAY-001
DISB-000674,AUTH-000710,BEN-0063,Tech,2025-07,2025-07-22,12008,mobile_money,202.946.2996x0653,PAY-003
DISB-000102,AUTH-000102,BEN-0009,Plus,2025-01,2025-01-13,7924,mobile_money,203-569-7117,PAY-001
DISB-000636,AUTH-000670,BEN-0059,Vocational,2025-09,2026-04-13,9851,bank,249.854.5089x2038,PAY-003
DISB-000755,AUTH-000795,BEN-0070,Scholarship,2025-08,2025-08-16,14858,mobile_money,001-742-810-4478,PAY-001
DISB-001574,AUTH-001650,BEN-0147,Vocational,2025-11,2025-11-21,10145,bank,4632356939,PAY-002
DISB-001766,AUTH-001845,BEN-0165,Tech,2025-10,2025-10-28,11861,mobile_money,583-344-0496,PAY-002
DISB-000449,AUTH-000478,BEN-0041,Plus,2025-05,2025-05-28,7944,mobile_money,(282)774-2257,PAY-001
DISB-002036,AUTH-002133,BEN-0191,Vocational,2026-06,2026-07-11,10009,mobile_money,001-409-283-7801,PAY-004
DISB-000521,AUTH-000552,BEN-0047,Scholarship,2025-08,2025-09-07,14995,bank,+1-383-264-0376x137,PAY-001
DISB-001421,AUTH-001495,BEN-0132,Scholarship,2025-03,2025-04-14,16797,bank,8365965666,PAY-003
DISB-001656,AUTH-001733,BEN-0155,Vocational,2026-04,30/04/2026,9878,mobile_money,001-647-687-3002,PAY-004
DISB-000491,AUTH-000521,BEN-0044,Scholarship,2026-02,2026-03-22,15040,mobile_money,+1-716-384-5775x9017,PAY-003
DISB-001599,AUTH-001675,BEN-0149,Vocational,2025-04,2025-05-05,10060,bank,001-408-350-1657x9055,PAY-003
DISB-000845,AUTH-000885,BEN-0077,Scholarship,2025-08,2025-09-05,14774,mobile_money,498.427.0808x697,PAY-003
DISB-000125,AUTH-000127,BEN-0011,Plus,2026-01,2026-02-17,8064,bank,615-366-7652x775,PAY-004
DISB-000532,AUTH-000563,BEN-0048,Tech,2025-05,2025-06-16,11875,bank,(761)888-9241x41832,PAY-003
DISB-002095,AUTH-002192,BEN-0195,Scholarship,2025-07,2025-07-30,15180,mobile_money,+1-270-902-6876x811,PAY-001
DISB-001623,AUTH-001699,BEN-0151,Vocational,2026-01,2026-03-28,11807,bank,249.854.5089x2038,PAY-004
DISB-001461,AUTH-001535,BEN-0135,Vocational,2026-01,16/01/2026,9987,bank,+1-249-640-7929x049,PAY-001
DISB-002098,AUTH-002195,BEN-0195,Scholarship,2025-09,2025-09-20,14867,mobile_money,+1-270-902-6876x811,PAY-004
DISB-001755,AUTH-001834,BEN-0164,Scholarship,2026-01,2026-01-27,14879,bank,941-852-0850,PAY-002
DISB-000005,AUTH-000005,BEN-0001,Tech,2026-04,2026-05-21,12116,mobile_money,876-379-7643x815,PAY-004
DISB-001582,AUTH-001658,BEN-0148,Plus,2026-04,2026-04-26,8137,bank,907-942-7990,PAY-001
DISB-001245,AUTH-001314,BEN-0116,Plus,2025-03,2025-04-02," KES 8,006 ",mobile_money,+1-301-764-5104x6368,PAY-004
DISB-002155,AUTH-002254,BEN-0200,Vocational,2026-03,,10139,mobile_money,623.420.0249x685,PAY-002
DISB-000588,AUTH-000621,BEN-0054,Vocational,2025-04,2025-05-02,9853,mobile_money,9132721510,PAY-003
DISB-001868,AUTH-001957,BEN-0175,Vocational,2025-04,2025-05-08,9810,mobile_money,(774)856-4494,PAY-001
DISB-000898,AUTH-000947,BEN-0083,Plus,2026-06,2026-06-30,8036,bank,(607)350-1102,PAY-001
DISB-001178,AUTH-001244,BEN-0109,Tech,2025-11,2025-11-23,12204,bank,(394)256-5118,PAY-003
DISB-000591,AUTH-000624,BEN-0054,Vocational,2026-06,2026-06-23,9863,mobile_money,9132721510,PAY-002
DISB-000062,AUTH-000062,BEN-0006,Vocational,2025-02,2025-03-19,9819,mobile_money,(752)981-6850x5423,PAY-004
DISB-000778,AUTH-000818,BEN-0072,Vocational,2025-11,2025-12-16,9895,bank,235.364.2087x37530,PAY-002
DISB-001651,AUTH-001728,BEN-0154,Plus,2026-06,2026-07-09,8117,bank,(854)878-1376x742,PAY-002
DISB-000702,AUTH-000741,BEN-0066,Vocational,2025-03,2025-04-16,9936,mobile_money,743.674.8969x108,PAY-004
DISB-000835,AUTH-000875,BEN-0077,Scholarship,2026-01,,15075,bank,498.427.0808x697,PAY-002
DISB-002122,AUTH-002219,BEN-0198,Vocational,2026-05,2026-06-09,10116,mobile_money,+1-710-276-0954x3173,PAY-004
DISB-001953,AUTH-002048,BEN-0184,Tech,2025-12,2025-12-17,12060,bank,001-308-242-8910x77119,PAY-004
DISB-001406,AUTH-001480,BEN-0131,Tech,2026-06,2026-07-04,12053,bank,296-457-0132,PAY-004
DISB-000027,AUTH-000027,BEN-0003,Tech,2025-06,2025-06-21,11840,bank,581-388-3552,PAY-003
DISB-002049,AUTH-002146,BEN-0192,Plus,2025-06,2025-07-14,7962,mobile_money,222-241-2462x0952,PAY-001
DISB-001500,AUTH-001574,BEN-0140,Plus,2026-01,2026-01-20,7997,bank,(542)256-9087x7661,PAY-002
DISB-001803,AUTH-001890,BEN-0170,Plus,2025-01,2025-01-19,8109,mobile_money,760.864.4134x327,PAY-004
DISB-001654,AUTH-001731,BEN-0154,Plus,2026-05,2026-06-05,7951,mobile_money,(854)878-1376x742,PAY-002
DISB-000761,AUTH-000801,BEN-0071,Plus,2026-02,2026-02-15,7976,mobile_money,+1-609-901-0016x761,PAY-004
DISB-000667,AUTH-000703,BEN-0062,Tech,2026-01,2026-03-28,12092,bank,249.854.5089x2038,PAY-003
DISB-000818,AUTH-000858,BEN-0075,Scholarship,2025-12,2026-01-01,14758,bank,986.363.1779,PAY-001
DISB-000813,AUTH-000853,BEN-0075,Scholarship,2026-03,2026-03-29,14868,mobile_money,986.363.1779,PAY-003
DISB-001434,AUTH-001508,BEN-0133,Scholarship,2026-06,2026-07-08,14741,mobile_money,(867)996-9278,PAY-002
DISB-001521,AUTH-001595,BEN-0141,Plus,2025-02,2025-02-26,8050,mobile_money,257-517-3203,PAY-001
DISB-000136,AUTH-000140,BEN-0012,Plus,2025-11,2025-11-16,7849,mobile_money,001-220-429-7021x3556,PAY-002
DISB-000117,AUTH-000119,BEN-0010,Tech,2026-02,2026-03-12,12022,mobile_money,+1-319-952-0585x27722,PAY-001
DISB-001455,AUTH-001529,BEN-0135,Vocational,2025-01,2025-02-16,9870,bank,+1-249-640-7929x049,PAY-003
DISB-001715,AUTH-001793,BEN-0159,Plus,2025-04,2025-05-21,10149,bank,293.389.1190x83342,PAY-002
DISB-001142,AUTH-001204,BEN-0106,Scholarship,2025-05,2025-05-17,14738,mobile_money,(901)836-7303x7183,PAY-004
DISB-000627,AUTH-000660,BEN-0058,Plus,2025-08,2025-09-11,7926,mobile_money,372-751-3552,PAY-003
DISB-000271,AUTH-000291,BEN-0025,Plus,2025-04,2025-04-15,7864,mobile_money,971.239.7187x07286,PAY-001
DISB-000643,AUTH-000677,BEN-0060,Plus,2025-10,2025-11-14,8037,mobile_money,001-687-920-5061,PAY-004
DISB-001821,AUTH-001910,BEN-0171,Plus,2025-11,2025-12-17,7083,mobile_money,(406)534-5911,PAY-001
DISB-001921,AUTH-002013,BEN-0181,Tech,2026-01,06/04/2026,8341,bank,249.854.5089x2038,PAY-003
DISB-000531,AUTH-000562,BEN-0048,Tech,2026-05,2026-05-28,10239,mobile_money,(761)888-9241x41832,PAY-002
DISB-000896,AUTH-000945,BEN-0083,Plus,2026-04,2026-05-18,7843,mobile_money,(607)350-1102,PAY-003
DISB-001015,AUTH-001074,BEN-0095,Tech,2025-02,2025-02-25,12097,bank,692.805.3021,PAY-004
DISB-001710,AUTH-001788,BEN-0159,Plus,2025-06,2025-06-26,8080,bank,293.389.1190x83342,PAY-002
DISB-000519,AUTH-000550,BEN-0047,Scholarship,2025-02,2025-02-28,14839,bank,+1-383-264-0376x137,PAY-002
DISB-001191,AUTH-001257,BEN-0111,Scholarship,2025-05,2025-05-26,14816,mobile_money,555.885.5665x939,PAY-002
DISB-000738,AUTH-000777,BEN-0069,Tech,2025-03,2025-03-13,11868,bank,352.450.0743x2927,PAY-001
DISB-000857,AUTH-000897,BEN-0079,Plus,2026-05,2026-06-14,7841,mobile_money,880.557.1983,PAY-003
DISB-000081,AUTH-000081,BEN-0007,Vocational,2025-10,2025-10-27,9981,bank,+1-937-994-7383x47359,PAY-004
DISB-000235,AUTH-000247,BEN-0022,Scholarship,2025-03,22/03/2025,11992,bank,+1-293-280-2620x6724,PAY-003
DISB-001640,AUTH-001717,BEN-0153,Vocational,2025-02,2025-03-07,9944,bank,317-702-8140x69375,PAY-001
DISB-001189,AUTH-001255,BEN-0110,Vocational,2025-08,2025-09-07,10184,bank,001-365-309-4801x4138,PAY-003
DISB-000381,AUTH-000405,BEN-0035,Plus,2025-01,2025-01-21,7997,mobile_money,698.926.2244,PAY-004
DISB-000166,AUTH-000174,BEN-0015,Vocational,2026-05,2026-05-23,10079,mobile_money,414-438-4249x8182,PAY-003
DISB-001359,AUTH-001433,BEN-0127,Vocational,2025-04,2025-05-05,9908,bank,923.207.6810x40915,PAY-002
DISB-000175,AUTH-000183,BEN-0016,Vocational,2026-03,2026-03-25,8803,bank,+1-464-771-0276x77359,PAY-002
DISB-000194,AUTH-000203,BEN-0018,Tech,2025-03,2025-04-08,11938,bank,478.549.9121x65585,PAY-004
DISB-001025,AUTH-001084,BEN-0096,Plus,2026-02,2026-03-01,7879,bank,248.994.7697x35779,PAY-001
DISB-000599,AUTH-000632,BEN-0055,Tech,2025-12,2026-01-03,11834,mobile_money,576-287-0146x2638,PAY-003
DISB-000856,AUTH-000896,BEN-0079,Plus,2026-03,2026-04-08," KES 7,977 ",bank,880.557.1983,PAY-003
DISB-000376,AUTH-000399,BEN-0034,Tech,2025-06,2025-06-24,12080,mobile_money,342-262-6551,PAY-003
DISB-001539,AUTH-001613,BEN-0143,Scholarship,2025-12,2026-01-02,15077,bank,(225)982-7390x21962,PAY-004
DISB-001545,AUTH-001619,BEN-0144,Scholarship,2026-05,2026-05-22,15179,mobile_money,556-908-3318x1958,PAY-002
DISB-000959,AUTH-001014,BEN-0089,Vocational,2026-01,,9961,bank,(566)859-1846,PAY-002
DISB-001518,AUTH-001592,BEN-0141,Plus,2025-04,2025-04-27,7852,bank,257-517-3203,PAY-003
DISB-000157,AUTH-000165,BEN-0015,Vocational,2025-11,2025-11-11,12285,bank,414-438-4249x8182,PAY-002
DISB-001314,AUTH-001385,BEN-0122,Vocational,2025-01,2025-02-06,9811,bank,209.940.7778,PAY-001
DISB-001866,AUTH-001955,BEN-0175,Vocational,2025-09,2025-09-17,9886,mobile_money,(774)856-4494,PAY-002
DISB-000064,AUTH-000064,BEN-0006,Vocational,2026-05,2026-06-01,10023,bank,(752)981-6850x5423,PAY-003
DISB-000809,AUTH-000849,BEN-0075,Scholarship,2026-02,05/03/2026,15074,mobile_money,986.363.1779,PAY-001
DISB-001268,AUTH-001337,BEN-0117,Vocational,2026-01,2026-01-16,10051,bank,584.404.6084,PAY-004
DISB-000590,AUTH-000623,BEN-0054,Vocational,2026-02,2026-02-16,10094,bank,9132721510,PAY-003
DISB-000177,AUTH-000185,BEN-0016,Vocational,2025-03,2025-03-17,9846,mobile_money,+1-464-771-0276x77359,PAY-003
DISB-000432,AUTH-000458,BEN-0039,Vocational,2025-04,2025-05-09,10053,bank,801-905-1238x2825,PAY-004
DISB-001311,AUTH-001382,BEN-0122,Vocational,2026-03,2026-04-13,9810,bank,209.940.7778,PAY-002
DISB-001853,AUTH-001942,BEN-0174,Plus,2025-04,2025-04-19,7943,mobile_money,+1-736-269-4118x00537,PAY-004
DISB-001318,AUTH-001389,BEN-0122,Vocational,2025-09,2025-09-25,9816,mobile_money,209.940.7778,PAY-004
DISB-000996,AUTH-001053,BEN-0092,Scholarship,2025-04,2025-04-28,10915,mobile_money,+1-368-865-0863x7659,PAY-002
DISB-001680,AUTH-001757,BEN-0156,Scholarship,2025-07,2025-07-26," KES 15,128 ",mobile_money,372-552-0456x50448,PAY-003
DISB-000379,AUTH-000403,BEN-0034,Tech,2025-11,2025-12-07,12011,mobile_money,342-262-6551,PAY-001
DISB-001149,AUTH-001211,BEN-0106,Scholarship,2025-09,2025-10-09," KES 15,286 ",bank,(901)836-7303x7183,PAY-004
DISB-000150,AUTH-000155,BEN-0013,Tech,2025-02,2025-03-06,9400,mobile_money,712.317.2715,PAY-002
DISB-002134,AUTH-002231,BEN-0199,Tech,2025-05,2025-06-12,11770,bank,+1-908-804-6619x63990,PAY-001
DISB-000637,AUTH-000671,BEN-0059,Vocational,2025-07,10/04/2026,12291,bank,249.854.5089x2038,PAY-002
DISB-000295,AUTH-000316,BEN-0027,Plus,2025-01,2025-01-27,7909,bank,6675383028,PAY-002
DISB-000838,AUTH-000878,BEN-0077,Scholarship,2025-07,2025-08-06,14922,bank,498.427.0808x697,PAY-003
DISB-000956,AUTH-001011,BEN-0088,Scholarship,2025-11,2025-12-03,14897,bank,(929)592-7503,PAY-004
DISB-000834,AUTH-000874,BEN-0077,Scholarship,2026-06,2026-06-16,15082,bank,498.427.0808x697,PAY-003
DISB-001419,AUTH-001493,BEN-0132,Scholarship,2026-05,2026-05-15,15118,mobile_money,8365965666,PAY-001
DISB-001209,AUTH-001275,BEN-0112,Scholarship,2026-03,2026-03-24,14990,mobile_money,2489889921,PAY-004
DISB-001405,AUTH-001479,BEN-0131,Tech,2025-08,2025-09-13,11991,bank,296-457-0132,PAY-003
DISB-001202,AUTH-001268,BEN-0112,Scholarship,2026-01,2026-01-24,15030,mobile_money,2489889921,PAY-004
DISB-001585,AUTH-001661,BEN-0149,Vocational,2025-07,2025-07-31," KES 9,943 ",bank,001-408-350-1657x9055,PAY-002
DISB-001667,AUTH-001744,BEN-0155,Vocational,2025-07,2025-07-15,10135,mobile_money,001-647-687-3002,PAY-004
DISB-001386,AUTH-001460,BEN-0129,Tech,2026-04,2026-05-04,12189,mobile_money,817.447.7332x945,PAY-002
DISB-000868,AUTH-000908,BEN-0079,Plus,2025-09,2025-09-18,7885,bank,880.557.1983,PAY-001
DISB-000167,AUTH-000175,BEN-0015,Vocational,2025-10,2025-10-24,9953,bank,414-438-4249x8182,PAY-003
DISB-000644,AUTH-000678,BEN-0060,Plus,2026-01,2026-01-27,7948,mobile_money,001-687-920-5061,PAY-003
DISB-000821,AUTH-000861,BEN-0076,Vocational,2025-07,2025-08-01,10083,mobile_money,758.799.7571x130,PAY-003
DISB-001701,AUTH-001779,BEN-0158,Scholarship,2026-02,2026-03-22," KES 15,130 ",bank,249.854.5089x2038,PAY-003
DISB-000971,AUTH-001027,BEN-0090,Vocational,2026-01,2026-02-05,9919,bank,477.439.2603x0299,PAY-004
DISB-000232,AUTH-000243,BEN-0021,Vocational,2025-05,2025-06-09,10169,bank,+1-547-533-8484x2199,PAY-002
DISB-000810,AUTH-000850,BEN-0075,Scholarship,2025-05,30/05/2025,15190,bank,986.363.1779,PAY-004
DISB-001529,AUTH-001603,BEN-0143,Scholarship,2025-04,2025-04-27,15004,mobile_money,(225)982-7390x21962,PAY-001
DISB-001246,AUTH-001315,BEN-0116,Plus,2025-07,2025-08-08,8061,bank,+1-301-764-5104x6368,PAY-004
DISB-000074,AUTH-000074,BEN-0007,Vocational,2026-05,2026-05-28,10060,mobile_money,+1-937-994-7383x47359,PAY-001
DISB-001390,AUTH-001464,BEN-0129,Tech,2026-01,2026-02-06,11969,bank,817.447.7332x945,PAY-001
DISB-001927,AUTH-002020,BEN-0181,Tech,2026-04,2026-04-15,11232,bank,249.854.5089x2038,PAY-001
DISB-000489,AUTH-000518,BEN-0043,Scholarship,2025-05,2025-06-01,13327,mobile_money,709.658.4982,PAY-003
DISB-001345,AUTH-001416,BEN-0124,Scholarship,2025-12,2025-12-27,15186,bank,001-995-429-9787,PAY-003
DISB-001329,AUTH-001400,BEN-0123,Tech,2025-01,2025-01-31,11961,bank,(622)749-9982x79501,PAY-003
DISB-000641,AUTH-000675,BEN-0060,Plus,2025-07,2025-08-16,7846,bank,001-687-920-5061,PAY-001
DISB-000840,AUTH-000880,BEN-0077,Scholarship,2025-01,2025-02-05,14793,mobile_money,498.427.0808x697,PAY-001
DISB-001431,AUTH-001505,BEN-0132,Scholarship,2025-07,2025-08-07,15175,bank,8365965666,PAY-001
DISB-000948,AUTH-001003,BEN-0087,Plus,2025-10,2026-04-02,6639,bank,249.854.5089x2038,PAY-001
DISB-000023,AUTH-000023,BEN-0003,Tech,2026-04,2026-04-16,12231,bank,581-388-3552,PAY-002
DISB-000164,AUTH-000172,BEN-0015,Vocational,2025-02,2025-03-06,10034,mobile_money,414-438-4249x8182,PAY-004
DISB-001442,AUTH-001516,BEN-0134,Scholarship,2025-12,2025-12-08,15174,bank,001-247-781-8913x71894,PAY-001
DISB-001870,AUTH-001959,BEN-0175,Vocational,2026-06,2026-07-05,9804,bank,(774)856-4494,PAY-004
DISB-000320,AUTH-000342,BEN-0030,Scholarship,2025-06,2025-07-06,11387,bank,(504)789-9642,PAY-003
DISB-000277,AUTH-000297,BEN-0025,Plus,2025-11,2025-12-02,7885,mobile_money,971.239.7187x07286,PAY-003
DISB-001060,AUTH-001119,BEN-0099,Scholarship,2025-01,2025-02-13," KES 15,042 ",mobile_money,872-592-9314x386,PAY-003
DISB-001396,AUTH-001470,BEN-0130,Vocational,2025-04,2025-05-01,10110,mobile_money,+1-476-996-3938,PAY-001
DISB-001837,AUTH-001926,BEN-0173,Tech,2025-09,2025-09-16,12152,mobile_money,(577)613-3344x76263,PAY-001
DISB-000615,AUTH-000648,BEN-0057,Tech,2025-12,2026-01-15," KES 12,061 ",bank,325-700-2921x85156,PAY-004
DISB-000433,AUTH-000459,BEN-0039,Vocational,2025-11,2025-11-20,9928,bank,801-905-1238x2825,PAY-003
DISB-000329,AUTH-000351,BEN-0030,Scholarship,2025-12,2025-12-14,15095,bank,(504)789-9642,PAY-003
DISB-000262,AUTH-000281,BEN-0024,Plus,2026-06,2026-04-13," KES 6,073 ",bank,249.854.5089x2038,PAY-004
DISB-000940,AUTH-000994,BEN-0087,Plus,2025-07,2026-04-04,7950,bank,249.854.5089x2038,PAY-003
DISB-001769,AUTH-001849,BEN-0166,Plus,2025-06,2025-07-05,7422,mobile_money,001-273-574-8969,PAY-001
DISB-000100,AUTH-000100,BEN-0009,Plus,2025-03,2025-03-24,8134,bank,203-569-7117,PAY-001
DISB-000846,AUTH-000886,BEN-0077,Scholarship,2025-10,2025-11-07,15078,bank,498.427.0808x697,PAY-001
DISB-001168,AUTH-001231,BEN-0108,Vocational,2025-09,2025-10-11,10010,bank,(385)457-4982,PAY-002
DISB-001382,AUTH-001456,BEN-0128,Tech,2025-01,10/02/2025,11971,bank,585.485.4249,PAY-002
DISB-000682,AUTH-000719,BEN-0064,Tech,2025-02,2025-03-10,11994,mobile_money,001-278-450-8214x8628,PAY-003
DISB-001722,AUTH-001801,BEN-0160,Plus,2025-11,2026-04-14,8072,mobile_money,249.854.5089x2038,PAY-004
DISB-001187,AUTH-001253,BEN-0110,Vocational,2025-02,2025-02-13,9903,bank,001-365-309-4801x4138,PAY-001
DISB-002063,AUTH-002160,BEN-0193,Tech,2026-06,2026-07-02,11828,mobile_money,4636048913,PAY-002
DISB-001852,AUTH-001941,BEN-0174,Plus,2025-07,2025-07-24,7983,bank,+1-736-269-4118x00537,PAY-003
DISB-000346,AUTH-000369,BEN-0032,Vocational,2025-01,2025-01-24,10079,mobile_money,001-234-410-1666x870,PAY-002
DISB-000002,AUTH-000002,BEN-0001,Tech,2025-06,29/06/2025,13985,bank,876-379-7643x815,PAY-004
DISB-002088,AUTH-002185,BEN-0195,Scholarship,2025-05,2025-06-02,14813,bank,+1-270-902-6876x811,PAY-002
DISB-001361,AUTH-001435,BEN-0127,Vocational,2025-09,2025-10-04,9912,bank,923.207.6810x40915,PAY-001
DISB-000354,AUTH-000377,BEN-0032,Vocational,2025-08,2025-09-04,10157,mobile_money,001-234-410-1666x870,PAY-001
DISB-001365,AUTH-001439,BEN-0127,Vocational,2025-03,2025-03-13,10146,mobile_money,923.207.6810x40915,PAY-004
DISB-000466,AUTH-000495,BEN-0042,Vocational,2025-09,2025-09-23,9827,bank,591-848-5807,PAY-003
DISB-001898,AUTH-001989,BEN-0179,Tech,2026-06,2026-07-06,13914,bank,322-843-8649x0810,PAY-001
DISB-001830,AUTH-001919,BEN-0173,Tech,2026-06,2026-06-28,11841,mobile_money,(577)613-3344x76263,PAY-002
DISB-000926,AUTH-000980,BEN-0085,Scholarship,2026-06,2026-06-29,14997,mobile_money,(939)343-1290,PAY-001
DISB-001465,AUTH-001539,BEN-0136,Vocational,2026-04,2026-05-19,10152,bank,(880)851-2927,PAY-001
DISB-000057,AUTH-000057,BEN-0005,Scholarship,2025-05,16/06/2025,14809,mobile_money,820.737.7889x25546,PAY-003
DISB-001687,AUTH-001764,BEN-0157,Plus,2025-10,2025-11-08,7940,mobile_money,(383)838-9888,PAY-003
DISB-000564,AUTH-000595,BEN-0052,Vocational,2026-06,2026-06-28,10011,mobile_money,356-455-7431x329,PAY-001
DISB-000865,AUTH-000905,BEN-0079,Plus,2025-11,2025-12-03,7895,mobile_money,880.557.1983,PAY-002
DISB-001112,AUTH-001174,BEN-0103,Plus,2025-10,2025-10-27,8009,mobile_money,672-928-2005x5778,PAY-002
DISB-000887,AUTH-000934,BEN-0082,Vocational,2025-08,2026-03-19," KES 8,755 ",bank,249.854.5089x2038,PAY-004
DISB-001180,AUTH-001246,BEN-0109,Tech,2025-07,2025-07-16,12167,bank,(394)256-5118,PAY-002
DISB-000733,AUTH-000772,BEN-0069,Tech,2025-11,2025-12-11,11870,bank,352.450.0743x2927,PAY-001
DISB-001450,AUTH-001524,BEN-0134,Scholarship,2025-09,2025-09-22,15167,bank,001-247-781-8913x71894,PAY-002
DISB-001740,AUTH-001819,BEN-0163,Scholarship,2025-04,2025-04-27,15296,bank,(447)796-9545x0090,PAY-004
DISB-001799,AUTH-001885,BEN-0169,Vocational,2025-01,2025-01-25,10165,bank,+1-451-758-6734,PAY-004
DISB-001554,AUTH-001629,BEN-0145,Vocational,2026-06,2026-07-02,12718,mobile_money,(707)881-1379,PAY-002
DISB-001160,AUTH-001222,BEN-0107,Plus,2026-04,2026-05-09,8115,bank,792.451.3271x9500,PAY-001
DISB-001900,AUTH-001991,BEN-0180,Scholarship,2026-01,2026-02-15,15245,bank,294.252.3219x416,PAY-001
DISB-000160,AUTH-000168,BEN-0015,Vocational,2026-02,2026-03-22,10196,bank,414-438-4249x8182,PAY-004
DISB-001851,AUTH-001940,BEN-0174,Plus,2026-06,2026-06-26,7861,bank,+1-736-269-4118x00537,PAY-002
DISB-000118,AUTH-000120,BEN-0010,Tech,2025-03,2025-03-28,11980,bank,+1-319-952-0585x27722,PAY-001
DISB-001230,AUTH-001298,BEN-0114,Scholarship,2026-02,2026-03-16,15225,mobile_money,516-586-2278x376,PAY-001
DISB-000721,AUTH-000760,BEN-0068,Tech,2025-01,10/02/2025,11984,bank,346.955.4947,PAY-004
DISB-002046,AUTH-002143,BEN-0192,Plus,2025-11,2025-11-14,8021,mobile_money,222-241-2462x0952,PAY-003
DISB-001319,AUTH-001390,BEN-0122,Vocational,2025-11,2025-11-19,9963,mobile_money,209.940.7778,PAY-003
DISB-000022,AUTH-000022,BEN-0002,Scholarship,2026-06,2026-07-12,15271,bank,988.351.6060,PAY-001
DISB-001829,AUTH-001918,BEN-0172,Plus,2026-03,2026-03-29,8011,bank,529-254-3165x266,PAY-003
DISB-001630,AUTH-001707,BEN-0151,Vocational,2025-12,2026-04-02,11113,mobile_money,249.854.5089x2038,PAY-004
DISB-000623,AUTH-000656,BEN-0058,Plus,2026-05,2026-05-14,8093,mobile_money,372-751-3552,PAY-003
DISB-000878,AUTH-000922,BEN-0080,Vocational,2026-05,2026-03-27,9885,bank,249.854.5089x2038,PAY-002
DISB-002099,AUTH-002196,BEN-0195,Scholarship,2026-04,2026-04-22,14875,mobile_money,+1-270-902-6876x811,PAY-002
DISB-001454,AUTH-001528,BEN-0135,Vocational,2026-02,2026-02-14,9902,bank,+1-249-640-7929x049,PAY-001
DISB-001038,AUTH-001097,BEN-0097,Scholarship,2025-11,2025-12-09,15297,bank,723-473-3343x333,PAY-002
DISB-001340,AUTH-001411,BEN-0124,Scholarship,2025-07,2025-08-01,15096,bank,001-995-429-9787,PAY-001
DISB-000091,AUTH-000091,BEN-0008,Plus,2026-04,2026-05-07," KES 7,889 ",mobile_money,826.313.7506x06853,PAY-001
DISB-000096,AUTH-000096,BEN-0008,Plus,2025-02,2025-02-28,7921,bank,826.313.7506x06853,PAY-004
DISB-001620,AUTH-001696,BEN-0151,Vocational,2025-04,2026-03-20,8489,bank,249.854.5089x2038,PAY-004
DISB-000343,AUTH-000365,BEN-0031,Vocational,2026-04,2026-05-03,9309,mobile_money,912.903.8750,PAY-002
DISB-001647,AUTH-001724,BEN-0154,Plus,2026-03,29/03/2026,7924,bank,(854)878-1376x742,PAY-004
DISB-001728,AUTH-001807,BEN-0161,Scholarship,2025-10,2025-11-10,15083,mobile_money,(813)967-4994x6579,PAY-003
DISB-001211,AUTH-001277,BEN-0112,Scholarship,2025-04,," KES 14,870 ",bank,2489889921,PAY-003
DISB-000534,AUTH-000565,BEN-0048,Tech,2025-08,2025-08-28,9932,mobile_money,(761)888-9241x41832,PAY-001
DISB-001724,AUTH-001803,BEN-0161,Scholarship,2025-11,2025-12-03,15130,mobile_money,(813)967-4994x6579,PAY-003
DISB-001215,AUTH-001282,BEN-0113,Scholarship,2026-05,2026-05-17,14886,bank,(610)255-6613x9060,PAY-004
DISB-001708,AUTH-001786,BEN-0159,Plus,2025-10,2025-11-08,7855,mobile_money,293.389.1190x83342,PAY-001
DISB-000560,AUTH-000591,BEN-0051,Vocational,2025-10,2025-11-04,9938,mobile_money,001-332-506-0385x05064,PAY-003
DISB-000476,AUTH-000505,BEN-0042,Vocational,2025-06,2025-06-17,9824,bank,591-848-5807,PAY-003
DISB-000278,AUTH-000298,BEN-0025,Plus,2025-03,2025-03-29,7896,mobile_money,971.239.7187x07286,PAY-003
DISB-000671,AUTH-000707,BEN-0062,Tech,2025-04,2026-04-08,10682,mobile_money,249.854.5089x2038,PAY-001
DISB-001682,AUTH-001759,BEN-0157,Plus,2026-02,2026-03-14,7876,mobile_money,(383)838-9888,PAY-003
DISB-000552,AUTH-000583,BEN-0050,Scholarship,2026-05,2026-05-14,14744,bank,265.441.9518,PAY-003
DISB-001142,AUTH-001204,BEN-0106,Scholarship,2025-05,2025-05-17," KES 14,738 ",mobile_money,(901)836-7303x7183,PAY-004
DISB-002020,AUTH-002117,BEN-0190,Plus,2025-01,2025-01-27,8080,bank,001-449-975-6792,PAY-004
DISB-001364,AUTH-001438,BEN-0127,Vocational,2025-01,2025-01-26,9814,bank,923.207.6810x40915,PAY-003
DISB-000823,AUTH-000863,BEN-0076,Vocational,2026-04,2026-05-03,10017,bank,758.799.7571x130,PAY-003
DISB-002073,AUTH-002170,BEN-0194,Plus,2025-04,2025-04-27,8095,bank,349.646.5398x4028,PAY-003
DISB-000487,AUTH-000516,BEN-0043,Scholarship,2025-09,2025-09-20,14732,bank,709.658.4982,PAY-004
DISB-001658,AUTH-001735,BEN-0155,Vocational,2026-05,2026-05-21,10011,mobile_money,001-647-687-3002,PAY-002
DISB-001412,AUTH-001486,BEN-0131,Tech,2025-10,2025-11-04," KES 12,063 ",mobile_money,296-457-0132,PAY-001
DISB-001444,AUTH-001518,BEN-0134,Scholarship,2025-05,2025-06-02,15099,bank,001-247-781-8913x71894,PAY-002
DISB-002106,AUTH-002203,BEN-0196,Vocational,2026-01,2026-02-09,9978,mobile_money,+1-543-837-5047x930,PAY-003
DISB-001101,AUTH-001162,BEN-0103,Plus,2025-02,2025-03-17,7867,bank,672-928-2005x5778,PAY-003
DISB-000439,AUTH-000465,BEN-0039,Vocational,2025-09,2025-10-07,7132,bank,801-905-1238x2825,PAY-002
DISB-000958,AUTH-001013,BEN-0089,Vocational,2025-07,2025-07-30,10150,bank,(566)859-1846,PAY-001
DISB-001756,AUTH-001835,BEN-0165,Tech,2025-02,2025-02-28,12040,mobile_money,583-344-0496,PAY-002
DISB-001550,AUTH-001625,BEN-0145,Vocational,2025-01,2025-01-31,8599,mobile_money,(707)881-1379,PAY-004
DISB-000746,AUTH-000786,BEN-0070,Scholarship,2026-02,2026-03-15,14976,bank,001-742-810-4478,PAY-002
DISB-000781,AUTH-000821,BEN-0073,Scholarship,2025-12,2025-12-30,14886,bank,3027255794,PAY-004
DISB-000046,AUTH-000046,BEN-0004,Plus,2026-05,2026-05-11,7877,bank,001-205-781-4770,PAY-003
DISB-000363,AUTH-000386,BEN-0033,Plus,2026-03,2026-03-21,7968,bank,842-493-9685,PAY-003
DISB-001879,AUTH-001970,BEN-0177,Scholarship,2026-01,2026-02-10,15259,bank,(701)277-7490,PAY-004
DISB-001699,AUTH-001776,BEN-0158,Scholarship,2025-11,2026-03-08," KES 15,102 ",mobile_money,249.854.5089x2038,PAY-001
DISB-000939,AUTH-000993,BEN-0087,Plus,2026-03,2026-03-27,6322,mobile_money,249.854.5089x2038,PAY-002
DISB-001992,AUTH-002089,BEN-0187,Tech,2026-01,2026-01-30,12216,bank,688-548-5200,PAY-004
DISB-002061,AUTH-002158,BEN-0193,Tech,2026-02,2026-03-08,11900,mobile_money,4636048913,PAY-001
DISB-000984,AUTH-001040,BEN-0091,Tech,2026-06,2026-06-12,11972,bank,001-329-584-2579,PAY-004
DISB-001514,AUTH-001588,BEN-0141,Plus,2026-04,2026-04-21,8081,mobile_money,257-517-3203,PAY-002
DISB-000811,AUTH-000851,BEN-0075,Scholarship,2026-04,2026-04-12,15032,mobile_money,986.363.1779,PAY-003
DISB-000316,AUTH-000338,BEN-0029,Vocational,2025-07,2025-07-22,9845,mobile_money,603-831-7393x6385,PAY-001
DISB-001247,AUTH-001316,BEN-0116,Plus,2025-10,,7973,mobile_money,+1-301-764-5104x6368,PAY-003
DISB-001850,AUTH-001939,BEN-0174,Plus,2026-05,2026-06-13,8061,bank,+1-736-269-4118x00537,PAY-004
DISB-000893,AUTH-000940,BEN-0082,Vocational,2025-05,2026-03-21,10087,mobile_money,249.854.5089x2038,PAY-001
DISB-001712,AUTH-001790,BEN-0159,Plus,2025-09,2025-09-05,6167,bank,293.389.1190x83342,PAY-002
DISB-001813,AUTH-001902,BEN-0171,Plus,2025-06,2025-07-14,7955,mobile_money,(406)534-5911,PAY-002
DISB-001648,AUTH-001725,BEN-0154,Plus,2026-02,2026-02-24,7987,mobile_money,(854)878-1376x742,PAY-004
DISB-000451,AUTH-000480,BEN-0041,Plus,2025-02,2025-03-05," KES 7,850 ",mobile_money,(282)774-2257,PAY-001
DISB-001192,AUTH-001258,BEN-0111,Scholarship,2026-04,2026-04-13,13456,bank,555.885.5665x939,PAY-004
DISB-000869,AUTH-000909,BEN-0079,Plus,2025-03,,7860,bank,880.557.1983,PAY-004
DISB-000353,AUTH-000376,BEN-0032,Vocational,2026-05,2026-05-30,9934,bank,001-234-410-1666x870,PAY-001
DISB-001175,AUTH-001240,BEN-0109,Tech,2026-05,2026-05-31,11781,bank,(394)256-5118,PAY-001
DISB-000049,AUTH-000049,BEN-0004,Plus,2026-01,17/01/2026,7859,bank,001-205-781-4770,PAY-002
DISB-001353,AUTH-001425,BEN-0126,Vocational,2026-01,2026-03-09,8883,mobile_money,249.854.5089x2038,PAY-004
DISB-001470,AUTH-001544,BEN-0136,Vocational,2026-02,2026-03-13,9953,mobile_money,(880)851-2927,PAY-004
DISB-000195,AUTH-000204,BEN-0018,Tech,2025-05,2025-06-02,11867,mobile_money,478.549.9121x65585,PAY-001
DISB-001580,AUTH-001656,BEN-0148,Plus,2025-10,2025-10-28,8090,mobile_money,907-942-7990,PAY-001
DISB-000435,AUTH-000461,BEN-0039,Vocational,2026-04,2026-05-04,10104,bank,801-905-1238x2825,PAY-004
DISB-000587,AUTH-000620,BEN-0054,Vocational,2025-05,2025-05-31,9808,bank,9132721510,PAY-004
DISB-001707,AUTH-001785,BEN-0159,Plus,2026-01,2026-01-31,8119,mobile_money,293.389.1190x83342,PAY-003
DISB-000033,AUTH-000033,BEN-0003,Tech,2025-09,,11984,bank,581-388-3552,PAY-001
DISB-001899,AUTH-001990,BEN-0179,Tech,2025-01,2025-01-30,12185,mobile_money,322-843-8649x0810,PAY-003
DISB-001195,AUTH-001261,BEN-0111,Scholarship,2025-09,2025-10-08,14964,bank,555.885.5665x939,PAY-003
DISB-001557,AUTH-001632,BEN-0145,Vocational,2025-06,2025-07-12,9914,bank,(707)881-1379,PAY-001
DISB-000459,AUTH-000488,BEN-0041,Plus,2026-06,2026-07-07,7845,mobile_money,(282)774-2257,PAY-002
DISB-000012,AUTH-000012,BEN-0002,Scholarship,2025-05,2025-05-26,14711,mobile_money,988.351.6060,PAY-001
DISB-000380,AUTH-000404,BEN-0035,Plus,2025-11,2025-12-03,7844,mobile_money,698.926.2244,PAY-001
DISB-000927,AUTH-000981,BEN-0085,Scholarship,2026-01,26/01/2026,14791,mobile_money,(939)343-1290,PAY-003
DISB-001352,AUTH-001423,BEN-0125,Vocational,2025-12,2026-03-12,9899,bank,249.854.5089x2038,PAY-002
DISB-001764,AUTH-001843,BEN-0165,Tech,2026-04,2026-04-24,11806,bank,583-344-0496,PAY-002
DISB-001679,AUTH-001756,BEN-0156,Scholarship,2025-08,2025-08-28,15089,mobile_money,372-552-0456x50448,PAY-002
DISB-000632,AUTH-000665,BEN-0059,Vocational,2025-08,,10148,bank,249.854.5089x2038,PAY-003
DISB-000484,AUTH-000513,BEN-0043,Scholarship,2026-06,2026-06-24,12674,bank,709.658.4982,PAY-001
DISB-002143,AUTH-002240,BEN-0199,Tech,2026-04,2026-04-22,12034,bank,+1-908-804-6619x63990,PAY-002
DISB-001627,AUTH-001704,BEN-0151,Vocational,2025-10,2026-03-29,9914,mobile_money,249.854.5089x2038,PAY-002
DISB-001487,AUTH-001561,BEN-0138,Scholarship,2026-02,2026-03-06,15146,mobile_money,553.344.3009x109,PAY-004
DISB-000269,AUTH-000289,BEN-0025,Plus,2026-06,2026-06-19,7872,bank,971.239.7187x07286,PAY-001
DISB-000973,AUTH-001029,BEN-0090,Vocational,2026-03,28/03/2026,10069,bank,477.439.2603x0299,PAY-002
DISB-001637,AUTH-001714,BEN-0152,Vocational,2025-06,2025-06-26,9927,bank,722-422-3105x9274,PAY-003
DISB-001136,AUTH-001198,BEN-0105,Scholarship,2026-03,2026-04-14,14754,mobile_money,217-497-4973x5020,PAY-001
DISB-000529,AUTH-000560,BEN-0048,Tech,2025-07,11/08/2025," KES 11,926 ",mobile_money,(761)888-9241x41832,PAY-003
DISB-001547,AUTH-001622,BEN-0145,Vocational,2025-05,2025-06-09,9928,mobile_money,(707)881-1379,PAY-003
DISB-001229,AUTH-001297,BEN-0114,Scholarship,2025-01,2025-01-24,12673,bank,516-586-2278x376,PAY-004
DISB-000494,AUTH-000524,BEN-0044,Scholarship,2025-09,2025-10-09,14812,bank,+1-716-384-5775x9017,PAY-001
DISB-001301,AUTH-001372,BEN-0121,Plus,2025-06,2026-04-13," KES 6,523 ",bank,249.854.5089x2038,PAY-004
DISB-001317,AUTH-001388,BEN-0122,Vocational,2026-02,2026-03-08,10167,bank,209.940.7778,PAY-002
DISB-001837,AUTH-001926,BEN-0173,Tech,2025-09,2025-09-16,12152,mobile_money,(577)613-3344x76263,PAY-001
DISB-000860,AUTH-000900,BEN-0079,Plus,2025-06,2025-06-23,8038,bank,880.557.1983,PAY-003
DISB-000283,AUTH-000304,BEN-0026,Tech,2025-12,2026-01-01,12079,mobile_money,+1-982-851-2868x23004,PAY-002
DISB-001918,AUTH-002010,BEN-0181,Tech,2025-07,2026-03-16,11853,mobile_money,249.854.5089x2038,PAY-001
DISB-001772,AUTH-001852,BEN-0166,Plus,2025-03,2025-04-09,6496,bank,001-273-574-8969,PAY-001
DISB-000780,AUTH-000820,BEN-0072,Vocational,2025-07,2025-07-21,7011,mobile_money,235.364.2087x37530,PAY-004
DISB-000480,AUTH-000509,BEN-0043,Scholarship,2026-02,2026-03-12,14880,bank,709.658.4982,PAY-001
DISB-001983,AUTH-002080,BEN-0187,Tech,2025-09,2025-10-11,12130,mobile_money,688-548-5200,PAY-002
DISB-000618,AUTH-000651,BEN-0057,Tech,2026-06,2026-07-02,12230,bank,325-700-2921x85156,PAY-004
DISB-000226,AUTH-000235,BEN-0021,Vocational,2026-06,04/07/2026,10132,mobile_money,+1-547-533-8484x2199,PAY-002
DISB-000153,AUTH-000160,BEN-0014,Scholarship,2025-08,2026-03-10,11923,mobile_money,249.854.5089x2038,PAY-003
DISB-002141,AUTH-002238,BEN-0199,Tech,2026-03,2026-04-12," KES 12,053 ",bank,+1-908-804-6619x63990,PAY-002
DISB-000425,AUTH-000451,BEN-0038,Plus,2025-01,2025-01-12,8024,bank,501-943-8889,PAY-002
DISB-001733,AUTH-001812,BEN-0162,Scholarship,2026-04,2026-04-16,15020,mobile_money,+1-287-273-4778x48588,PAY-002
DISB-001316,AUTH-001387,BEN-0122,Vocational,2026-04,2026-05-02,10001,mobile_money,209.940.7778,PAY-001
DISB-000366,AUTH-000389,BEN-0033,Plus,2025-08,2025-08-25,8031,mobile_money,842-493-9685,PAY-004
DISB-001375,AUTH-001449,BEN-0128,Tech,2026-06,2026-07-03,12007,mobile_money,585.485.4249,PAY-002
DISB-001796,AUTH-001882,BEN-0169,Vocational,2025-12,2025-12-31,9905,bank,+1-451-758-6734,PAY-002
DISB-001280,AUTH-001350,BEN-0118,Scholarship,2026-05,2026-06-05,12867,bank,001-483-724-8262,PAY-002
DISB-001063,AUTH-001122,BEN-0099,Scholarship,2025-06,2025-06-30,14787,mobile_money,872-592-9314x386,PAY-003
DISB-000244,AUTH-000260,BEN-0023,Plus,2025-01,2025-02-02,8006,bank,449-932-9668x51612,PAY-002
DISB-000312,AUTH-000334,BEN-0029,Vocational,2025-10,22/10/2025,10018,mobile_money,603-831-7393x6385,PAY-002
DISB-001575,AUTH-001651,BEN-0147,Vocational,2026-02,2026-02-11,10155,mobile_money,4632356939,PAY-004
DISB-001117,AUTH-001179,BEN-0103,Plus,2025-03,2025-03-11,8152,mobile_money,672-928-2005x5778,PAY-001
DISB-001259,AUTH-001328,BEN-0117,Vocational,2026-06,2026-06-18,9860,bank,584.404.6084,PAY-002
DISB-001525,AUTH-001599,BEN-0142,Tech,2025-11,2025-12-08,12131,bank,+1-407-390-3202x0417,PAY-004
DISB-000041,AUTH-000041,BEN-0004,Plus,2026-02,2026-03-06,7924,bank,001-205-781-4770,PAY-003
DISB-002023,AUTH-002120,BEN-0190,Plus,2025-02,2025-02-14,7885,bank,001-449-975-6792,PAY-004
DISB-001423,AUTH-001497,BEN-0132,Scholarship,2025-05,2025-05-12,14889,bank,8365965666,PAY-004
DISB-000317,AUTH-000339,BEN-0029,Vocational,2025-02,2025-03-02,9417,mobile_money,603-831-7393x6385,PAY-003
DISB-001734,AUTH-001813,BEN-0162,Scholarship,2025-08,2025-09-14,14995,mobile_money,+1-287-273-4778x48588,PAY-004
DISB-000200,AUTH-000209,BEN-0018,Tech,2026-03,2026-04-07,12194,mobile_money,478.549.9121x65585,PAY-003
DISB-000172,AUTH-000180,BEN-0016,Vocational,2025-12,2026-01-01,10109,mobile_money,+1-464-771-0276x77359,PAY-001
DISB-000701,AUTH-000740,BEN-0066,Vocational,2026-02,2026-03-05,9827,mobile_money,743.674.8969x108,PAY-004
DISB-001571,AUTH-001647,BEN-0147,Vocational,2025-02,2025-03-14,9908,mobile_money,4632356939,PAY-002
DISB-000616,AUTH-000649,BEN-0057,Tech,2025-05,2025-06-02,11996,bank,325-700-2921x85156,PAY-003
DISB-001739,AUTH-001818,BEN-0163,Scholarship,2026-02,11/02/2026,14887,mobile_money,(447)796-9545x0090,PAY-002
DISB-000066,AUTH-000066,BEN-0006,Vocational,2026-04,,10121,mobile_money,(752)981-6850x5423,PAY-001
DISB-001660,AUTH-001737,BEN-0155,Vocational,2025-01,2025-01-31,9854,mobile_money,001-647-687-3002,PAY-002
DISB-001873,AUTH-001962,BEN-0176,Scholarship,2025-07,2025-07-29,15279,mobile_money,(487)477-1215x134,PAY-002
DISB-000402,AUTH-000428,BEN-0036,Plus,2025-04,27/04/2025,8126,mobile_money,(592)745-9375x26547,PAY-004
DISB-000087,AUTH-000087,BEN-0008,Plus,2025-10,2025-10-29,7970,bank,826.313.7506x06853,PAY-004
DISB-001261,AUTH-001330,BEN-0117,Vocational,2026-05,2026-05-30,10155,mobile_money,584.404.6084,PAY-002
DISB-002074,AUTH-002171,BEN-0194,Plus,2025-11,2025-12-13,8062,bank,349.646.5398x4028,PAY-001
DISB-001876,AUTH-001966,BEN-0176,Scholarship,2025-01,2025-01-15,15256,bank,(487)477-1215x134,PAY-002
DISB-002012,AUTH-002109,BEN-0190,Plus,2025-12,2025-12-26,5853,mobile_money,001-449-975-6792,PAY-003
DISB-001176,AUTH-001242,BEN-0109,Tech,2025-06,2025-07-09,12110,bank,(394)256-5118,PAY-001
DISB-001477,AUTH-001551,BEN-0137,Vocational,2025-08,2025-08-18,9926,mobile_money,728-860-4765x801,PAY-003
DISB-000214,AUTH-000223,BEN-0020,Plus,2026-04,2026-05-02,8035,bank,638.957.8652x78585,PAY-003
DISB-000273,AUTH-000293,BEN-0025,Plus,2026-02,2026-03-19,7867,bank,971.239.7187x07286,PAY-001
DISB-001351,AUTH-001422,BEN-0125,Vocational,2025-02,2026-04-14,8777,mobile_money,249.854.5089x2038,PAY-001
DISB-000542,AUTH-000573,BEN-0049,Scholarship,2025-07,2025-07-23,14853,bank,001-710-256-4814x9177,PAY-004
DISB-000233,AUTH-000245,BEN-0021,Vocational,2025-11,2025-11-23,10095,bank,+1-547-533-8484x2199,PAY-001
DISB-000048,AUTH-000048,BEN-0004,Plus,2025-09,2025-09-20,7981,bank,001-205-781-4770,PAY-004
DISB-000326,AUTH-000348,BEN-0030,Scholarship,2026-01,2026-01-15," KES 15,083 ",bank,(504)789-9642,PAY-003
DISB-000212,AUTH-000221,BEN-0019,Plus,2025-08,,7711,bank,(551)269-4097x499,PAY-004
DISB-000356,AUTH-000379,BEN-0032,Vocational,2025-03,2025-03-25,9853,mobile_money,001-234-410-1666x870,PAY-002
DISB-000079,AUTH-000079,BEN-0007,Vocational,2026-01,2026-02-01," KES 9,940 ",bank,+1-937-994-7383x47359,PAY-002
DISB-001482,AUTH-001556,BEN-0137,Vocational,2025-05,2025-05-24,10142,bank,728-860-4765x801,PAY-001
DISB-000265,AUTH-000285,BEN-0024,Plus,2025-06,2026-04-13,6930,bank,249.854.5089x2038,PAY-003
DISB-001174,AUTH-001239,BEN-0109,Tech,2025-03,2025-04-03," KES 12,085 ",bank,(394)256-5118,PAY-003
DISB-001155,AUTH-001217,BEN-0107,Plus,2025-11,2025-11-27,9055,bank,792.451.3271x9500,PAY-004
DISB-002062,AUTH-002159,BEN-0193,Tech,2025-07,2025-07-26," KES 11,998 ",bank,4636048913,PAY-002
DISB-000266,AUTH-000286,BEN-0025,Plus,2025-12,2025-12-19,8088,bank,971.239.7187x07286,PAY-002
DISB-001844,AUTH-001933,BEN-0174,Plus,2026-03,2026-03-27,8060,bank,+1-736-269-4118x00537,PAY-001
DISB-001882,AUTH-001973,BEN-0177,Scholarship,2025-06,2025-06-23,15057,mobile_money,(701)277-7490,PAY-003
DISB-000109,AUTH-000109,BEN-0009,Plus,2025-07,2025-08-03,7881,bank,203-569-7117,PAY-003
DISB-002104,AUTH-002201,BEN-0196,Vocational,2025-08,2025-08-24,10186,bank,+1-543-837-5047x930,PAY-004
DISB-001703,AUTH-001781,BEN-0158,Scholarship,2025-05,2026-03-27," KES 11,628 ",bank,249.854.5089x2038,PAY-001
DISB-001865,AUTH-001954,BEN-0175,Vocational,2026-03,2026-04-07,9929,mobile_money,(774)856-4494,PAY-004
DISB-000583,AUTH-000616,BEN-0053,Plus,2026-05,2026-05-26,8023,bank,4673883171,PAY-004
DISB-000991,AUTH-001047,BEN-0092,Scholarship,2026-04,2026-05-03,11364,mobile_money,+1-368-865-0863x7659,PAY-003
DISB-000998,AUTH-001057,BEN-0093,Tech,2025-07,2026-03-28,12168,mobile_money,249.854.5089x2038,PAY-003
DISB-000307,AUTH-000329,BEN-0029,Vocational,2025-08,16/08/2025,10018,mobile_money,603-831-7393x6385,PAY-003
DISB-001331,AUTH-001402,BEN-0123,Tech,2026-02,2026-03-07,11939,bank,(622)749-9982x79501,PAY-003
DISB-001652,AUTH-001729,BEN-0154,Plus,2026-01,2026-02-03,8140,bank,(854)878-1376x742,PAY-001
DISB-001762,AUTH-001841,BEN-0165,Tech,2025-06,2025-07-02,11917,mobile_money,583-344-0496,PAY-001
DISB-001746,AUTH-001825,BEN-0163,Scholarship,2025-10,2025-10-25,15054,bank,(447)796-9545x0090,PAY-004
DISB-001466,AUTH-001540,BEN-0136,Vocational,2025-10,2025-10-25,8873,bank,(880)851-2927,PAY-003
DISB-000419,AUTH-000445,BEN-0038,Plus,2025-05,2025-06-01," KES 7,950 ",bank,501-943-8889,PAY-001
DISB-000833,AUTH-000873,BEN-0077,Scholarship,2025-05,2025-05-14,14850,mobile_money,498.427.0808x697,PAY-004
DISB-001440,AUTH-001514,BEN-0133,Scholarship,2026-01,05/02/2026,15036,bank,(867)996-9278,PAY-004
DISB-001114,AUTH-001176,BEN-0103,Plus,2026-06,2026-06-25,7944,mobile_money,672-928-2005x5778,PAY-002
DISB-000621,AUTH-000654,BEN-0057,Tech,2025-01,2025-01-22,11776,bank,325-700-2921x85156,PAY-004
DISB-001050,AUTH-001109,BEN-0098,Vocational,2025-04,2025-04-27,9928,mobile_money,+1-908-756-2718,PAY-002
DISB-001061,AUTH-001120,BEN-0099,Scholarship,2025-12,2025-12-31,14892,bank,872-592-9314x386,PAY-002
DISB-001967,AUTH-002064,BEN-0186,Vocational,2025-09,2025-09-14,10123,bank,+1-884-966-8455x04892,PAY-003
DISB-001966,AUTH-002063,BEN-0186,Vocational,2026-02,2026-03-10,10125,bank,+1-884-966-8455x04892,PAY-004
DISB-000903,AUTH-000954,BEN-0084,Scholarship,2025-06,21/06/2025,15182,bank,891-647-6607x2832,PAY-001
DISB-001022,AUTH-001081,BEN-0095,Tech,2025-10,19/10/2025,12076,bank,692.805.3021,PAY-004
DISB-001562,AUTH-001638,BEN-0146,Scholarship,2025-04,2025-04-23,15187,mobile_money,(652)473-5435x2090,PAY-001
DISB-000460,AUTH-000489,BEN-0041,Plus,2026-03,2026-03-15,8119,bank,(282)774-2257,PAY-004
DISB-001941,AUTH-002035,BEN-0183,Scholarship,2025-10,2026-03-01,14788,mobile_money,249.854.5089x2038,PAY-002
DISB-000747,AUTH-000787,BEN-0070,Scholarship,2025-03,,15015,bank,001-742-810-4478,PAY-002
DISB-000892,AUTH-000939,BEN-0082,Vocational,2025-06,2026-03-20,10190,mobile_money,249.854.5089x2038,PAY-002
DISB-001198,AUTH-001264,BEN-0111,Scholarship,2025-07,2025-07-21,14907,mobile_money,555.885.5665x939,PAY-001
DISB-001731,AUTH-001810,BEN-0162,Scholarship,2025-02,2025-02-18,12480,mobile_money,+1-287-273-4778x48588,PAY-003
DISB-000257,AUTH-000274,BEN-0024,Plus,2025-03,2026-03-01,7849,bank,249.854.5089x2038,PAY-003
DISB-001277,AUTH-001347,BEN-0118,Scholarship,2026-04,2026-04-08,15014,bank,001-483-724-8262,PAY-004
DISB-000983,AUTH-001039,BEN-0091,Tech,2026-04,2026-05-06,12167,mobile_money,001-329-584-2579,PAY-003
DISB-001653,AUTH-001730,BEN-0154,Plus,2025-07,2025-08-01,7845,mobile_money,(854)878-1376x742,PAY-001
DISB-000328,AUTH-000350,BEN-0030,Scholarship,2025-10,2025-10-31,14867,mobile_money,(504)789-9642,PAY-001
DISB-001276,AUTH-001346,BEN-0118,Scholarship,2026-02,2026-02-22,13906,bank,001-483-724-8262,PAY-003
DISB-001706,AUTH-001784,BEN-0159,Plus,2025-07,2025-08-15,8017,bank,293.389.1190x83342,PAY-004
DISB-000900,AUTH-000950,BEN-0083,Plus,2025-05,2025-05-26,6744,bank,(607)350-1102,PAY-004
DISB-001021,AUTH-001080,BEN-0095,Tech,2025-07,2025-07-30,11879,bank,692.805.3021,PAY-001
DISB-000888,AUTH-000935,BEN-0082,Vocational,2025-01,2026-03-10,9896,mobile_money,249.854.5089x2038,PAY-002
DISB-001264,AUTH-001333,BEN-0117,Vocational,2026-02,2026-02-18,9936,mobile_money,584.404.6084,PAY-002
DISB-000428,AUTH-000454,BEN-0039,Vocational,2026-01,2026-01-27,9917,mobile_money,801-905-1238x2825,PAY-002
DISB-001615,AUTH-001691,BEN-0150,Vocational,2025-03,2025-03-25," KES 10,134 ",bank,988.317.8847x9513,PAY-003
DISB-000258,AUTH-000277,BEN-0024,Plus,2026-02,2026-03-14,7965,mobile_money,249.854.5089x2038,PAY-003
DISB-001138,AUTH-001200,BEN-0105,Scholarship,2025-01,2025-01-16,14828,mobile_money,217-497-4973x5020,PAY-001
DISB-001467,AUTH-001541,BEN-0136,Vocational,2026-06,2026-07-09,7964,bank,(880)851-2927,PAY-003
DISB-000429,AUTH-000455,BEN-0039,Vocational,2025-10,2025-10-31,9917,mobile_money,801-905-1238x2825,PAY-003
DISB-000095,AUTH-000095,BEN-0008,Plus,2026-03,,8015,bank,826.313.7506x06853,PAY-002
DISB-000899,AUTH-000949,BEN-0083,Plus,2026-01,2026-01-28,8016,bank,(607)350-1102,PAY-001
DISB-001013,AUTH-001072,BEN-0095,Tech,2026-05,2026-05-24,11865,bank,692.805.3021,PAY-003
DISB-001752,AUTH-001831,BEN-0164,Scholarship,2025-10,2025-10-16,14926,mobile_money,941-852-0850,PAY-003
DISB-000094,AUTH-000094,BEN-0008,Plus,2025-06,2025-07-01,8015,mobile_money,826.313.7506x06853,PAY-003
DISB-000165,AUTH-000173,BEN-0015,Vocational,2026-01,2026-02-18,9877,bank,414-438-4249x8182,PAY-002
DISB-001043,AUTH-001102,BEN-0097,Scholarship,2026-03,2026-04-03,15261,mobile_money,723-473-3343x333,PAY-004
DISB-002009,AUTH-002106,BEN-0189,Tech,2025-12,2025-12-29,12121,bank,372.888.1377x0285,PAY-004
DISB-001576,AUTH-001652,BEN-0147,Vocational,2025-06,2025-07-17,10131,mobile_money,4632356939,PAY-001
DISB-001563,AUTH-001639,BEN-0146,Scholarship,2025-12,29/12/2025,14935,mobile_money,(652)473-5435x2090,PAY-002
DISB-001203,AUTH-001269,BEN-0112,Scholarship,2026-04,2026-04-25,14739,mobile_money,2489889921,PAY-001
DISB-000767,AUTH-000807,BEN-0071,Plus,2025-03,2025-04-05,8095,bank,+1-609-901-0016x761,PAY-003
DISB-001758,AUTH-001837,BEN-0165,Tech,2025-11,2025-11-21,10347,bank,583-344-0496,PAY-003
DISB-000450,AUTH-000479,BEN-0041,Plus,2025-11,2025-12-08,8108,bank,(282)774-2257,PAY-002
DISB-001381,AUTH-001455,BEN-0128,Tech,2026-01,2026-01-19,12010,bank,585.485.4249,PAY-004
DISB-001598,AUTH-001674,BEN-0149,Vocational,2025-03,2025-03-15," KES 9,825 ",mobile_money,001-408-350-1657x9055,PAY-001
DISB-000287,AUTH-000308,BEN-0026,Tech,2025-01,2025-01-12,10280,bank,+1-982-851-2868x23004,PAY-004
DISB-000103,AUTH-000103,BEN-0009,Plus,2025-10,2025-10-20,7852,mobile_money,203-569-7117,PAY-003
DISB-000770,AUTH-000810,BEN-0071,Plus,2025-01,29/01/2025,7844,mobile_money,+1-609-901-0016x761,PAY-004
DISB-001817,AUTH-001906,BEN-0171,Plus,2026-04,2026-04-18,8116,bank,(406)534-5911,PAY-004
DISB-001413,AUTH-001487,BEN-0131,Tech,2025-03,2025-04-04,11787,bank,296-457-0132,PAY-003
DISB-001737,AUTH-001816,BEN-0162,Scholarship,2025-12,2025-12-29,15191,bank,+1-287-273-4778x48588,PAY-003
DISB-000314,AUTH-000336,BEN-0029,Vocational,2025-04,2025-04-25,10113,bank,603-831-7393x6385,PAY-003
DISB-000592,AUTH-000625,BEN-0054,Vocational,2025-08,2025-09-07,10025,bank,9132721510,PAY-001
DISB-001125,AUTH-001187,BEN-0104,Plus,2025-02,2025-02-26,8113,mobile_money,780.577.4064x9308,PAY-004
DISB-000180,AUTH-000188,BEN-0017,Scholarship,2025-03,2025-04-05,15200,bank,774.270.1687x339,PAY-001
DISB-002086,AUTH-002183,BEN-0195,Scholarship,2026-05,2026-05-26,14851,mobile_money,+1-270-902-6876x811,PAY-004
DISB-001649,AUTH-001726,BEN-0154,Plus,2025-04,2025-05-03,8114,bank,(854)878-1376x742,PAY-002
DISB-001391,AUTH-001465,BEN-0129,Tech,2025-07,2025-07-16,11836,mobile_money,817.447.7332x945,PAY-001
DISB-001624,AUTH-001701,BEN-0151,Vocational,2025-05,2026-03-29,7854,bank,249.854.5089x2038,PAY-002
DISB-001113,AUTH-001175,BEN-0103,Plus,2026-05,2026-05-17,8140,mobile_money,672-928-2005x5778,PAY-001
DISB-000982,AUTH-001038,BEN-0091,Tech,2025-06,2025-06-27,11946,mobile_money,001-329-584-2579,PAY-002
DISB-001410,AUTH-001484,BEN-0131,Tech,2025-01,,11926,mobile_money,296-457-0132,PAY-001
DISB-000498,AUTH-000528,BEN-0044,Scholarship,2026-01,2026-01-14,15238,mobile_money,+1-716-384-5775x9017,PAY-004
DISB-000211,AUTH-000220,BEN-0019,Plus,2026-02,2026-03-06,5651,bank,(551)269-4097x499,PAY-002
DISB-001439,AUTH-001513,BEN-0133,Scholarship,2026-05,2026-06-08,14875,mobile_money,(867)996-9278,PAY-002
DISB-001893,AUTH-001984,BEN-0178,Plus,2025-05,2025-06-06,7847,mobile_money,521-947-6492x5158,PAY-001
DISB-000267,AUTH-000287,BEN-0025,Plus,2025-07,2025-07-27,8095,bank,971.239.7187x07286,PAY-001
DISB-001940,AUTH-002034,BEN-0182,Plus,2026-04,2026-04-10,8019,mobile_money,+1-284-207-6789x973,PAY-004
DISB-001452,AUTH-001526,BEN-0135,Vocational,2026-05,2026-06-02," KES 10,196 ",bank,+1-249-640-7929x049,PAY-002
DISB-001332,AUTH-001403,BEN-0123,Tech,2026-03,2026-03-25,11977,bank,(622)749-9982x79501,PAY-003
DISB-001274,AUTH-001343,BEN-0117,Vocational,2025-04,2025-05-05,10035,mobile_money,584.404.6084,PAY-001
DISB-001408,AUTH-001482,BEN-0131,Tech,2026-02,2026-02-16,11834,bank,296-457-0132,PAY-003
DISB-001946,AUTH-002041,BEN-0183,Scholarship,2026-05,2026-03-22,15030,bank,249.854.5089x2038,PAY-002
DISB-000779,AUTH-000819,BEN-0072,Vocational,2026-03,2026-03-10,8753,bank,235.364.2087x37530,PAY-003
DISB-001414,AUTH-001488,BEN-0131,Tech,2025-06,2025-06-14," KES 11,975 ",mobile_money,296-457-0132,PAY-001
DISB-001403,AUTH-001477,BEN-0130,Vocational,2026-05,2026-06-08,10111,bank,+1-476-996-3938,PAY-004
DISB-000202,AUTH-000211,BEN-0018,Tech,2025-08,2025-09-06,12108,bank,478.549.9121x65585,PAY-001
DISB-000161,AUTH-000169,BEN-0015,Vocational,2025-12,2026-01-06," KES 7,459 ",mobile_money,414-438-4249x8182,PAY-002
DISB-001087,AUTH-001147,BEN-0101,Scholarship,2026-01,2026-01-20,14744,mobile_money,+1-824-655-8771,PAY-001
DISB-001824,AUTH-001913,BEN-0172,Plus,2025-10,2025-10-25,8059,mobile_money,529-254-3165x266,PAY-004
DISB-001011,AUTH-001070,BEN-0094,Plus,2025-03,2025-04-04,7892,mobile_money,+1-702-360-1279x61143,PAY-003
DISB-001976,AUTH-002073,BEN-0186,Vocational,2025-06,2025-07-09,10114,mobile_money,+1-884-966-8455x04892,PAY-001
DISB-002052,AUTH-002149,BEN-0192,Plus,2026-01,2026-01-27,7915,bank,222-241-2462x0952,PAY-002
DISB-002108,AUTH-002205,BEN-0196,Vocational,2026-06,2026-07-14,9846,mobile_money,+1-543-837-5047x930,PAY-002
DISB-000055,AUTH-000055,BEN-0005,Scholarship,2025-02,2025-02-18,15179,mobile_money,820.737.7889x25546,PAY-004
DISB-000951,AUTH-001006,BEN-0088,Scholarship,2026-01,2026-01-31,15171,bank,(929)592-7503,PAY-003
DISB-001502,AUTH-001576,BEN-0140,Plus,2025-12,2026-01-15,7869,mobile_money,(542)256-9087x7661,PAY-002
DISB-001622,AUTH-001698,BEN-0151,Vocational,2026-03,2026-03-13,10048,bank,249.854.5089x2038,PAY-001
DISB-000142,AUTH-000146,BEN-0012,Plus,2025-04,2025-05-06,7901,bank,001-220-429-7021x3556,PAY-001
DISB-000464,AUTH-000493,BEN-0042,Vocational,2026-03,2026-03-22,9886,mobile_money,591-848-5807,PAY-001
DISB-000901,AUTH-000952,BEN-0083,Plus,2026-05,2026-06-09,7868,mobile_money,(607)350-1102,PAY-001
DISB-001309,AUTH-001380,BEN-0122,Vocational,2026-01,02/02/2026,9989,mobile_money,209.940.7778,PAY-001
DISB-000510,AUTH-000541,BEN-0046,Tech,2026-05,2026-05-20,11958,mobile_money,001-922-518-9092x75326,PAY-001
DISB-001287,AUTH-001358,BEN-0119,Scholarship,2025-04,2025-04-30,14709,mobile_money,(417)428-9752x677,PAY-004
DISB-000236,AUTH-000250,BEN-0022,Scholarship,2026-06,2026-06-18,15063,bank,+1-293-280-2620x6724,PAY-004
DISB-002129,AUTH-002226,BEN-0198,Vocational,2025-08,2025-08-24,9018,mobile_money,+1-710-276-0954x3173,PAY-003
DISB-000123,AUTH-000125,BEN-0011,Plus,2025-02,2025-02-18,7855,mobile_money,615-366-7652x775,PAY-002
DISB-002137,AUTH-002234,BEN-0199,Tech,2026-02,2026-02-24,11999,bank,+1-908-804-6619x63990,PAY-001
DISB-001723,AUTH-001802,BEN-0161,Scholarship,2025-05,2025-05-22,14748,mobile_money,(813)967-4994x6579,PAY-004
DISB-000299,AUTH-000320,BEN-0027,Plus,2025-02,2025-02-26,7853,bank,6675383028,PAY-001
DISB-001883,AUTH-001974,BEN-0177,Scholarship,2025-07,2025-08-07,14978,bank,(701)277-7490,PAY-001
DISB-001797,AUTH-001883,BEN-0169,Vocational,2025-03,2025-04-01,9861,mobile_money,+1-451-758-6734,PAY-002
DISB-000405,AUTH-000431,BEN-0037,Plus,2025-07,2025-07-21,8019,bank,842.866.1797,PAY-004
DISB-001019,AUTH-001078,BEN-0095,Tech,2025-12,2025-12-11,11894,mobile_money,692.805.3021,PAY-002
DISB-002094,AUTH-002191,BEN-0195,Scholarship,2025-08,2025-09-06,15147,bank,+1-270-902-6876x811,PAY-001
DISB-001591,AUTH-001667,BEN-0149,Vocational,2025-10,2025-10-26,10163,bank,001-408-350-1657x9055,PAY-003
DISB-000914,AUTH-000966,BEN-0084,Scholarship,2025-03,2025-04-07,14889,mobile_money,891-647-6607x2832,PAY-002
DISB-002150,AUTH-002248,BEN-0200,Vocational,2025-07,2025-07-27,9896,bank,623.420.0249x685,PAY-001
DISB-000906,AUTH-000957,BEN-0084,Scholarship,2025-10,2025-10-19,14072,bank,891-647-6607x2832,PAY-003
DISB-001947,AUTH-002042,BEN-0183,Scholarship,2025-09,2026-03-17,12396,mobile_money,249.854.5089x2038,PAY-003
DISB-000889,AUTH-000936,BEN-0082,Vocational,2025-11,2026-03-13,9129,mobile_money,249.854.5089x2038,PAY-003
DISB-000576,AUTH-000609,BEN-0053,Plus,2026-02,2026-02-28,8062,bank,4673883171,PAY-001
DISB-001255,AUTH-001324,BEN-0116,Plus,2025-01,2025-01-22,7993,bank,+1-301-764-5104x6368,PAY-001
DISB-000946,AUTH-001001,BEN-0087,Plus,2025-09,2026-03-19,6327,bank,249.854.5089x2038,PAY-003
DISB-001166,AUTH-001229,BEN-0108,Vocational,2025-10,2025-10-27,10080,bank,(385)457-4982,PAY-004
DISB-001588,AUTH-001664,BEN-0149,Vocational,2025-12,2026-01-16,9864,bank,001-408-350-1657x9055,PAY-002
DISB-001418,AUTH-001492,BEN-0132,Scholarship,2026-03,2026-04-16,15200,bank,8365965666,PAY-002
DISB-001242,AUTH-001311,BEN-0115,Plus,2026-04,2026-05-20," KES 8,158 ",bank,001-911-203-9240x5147,PAY-002
DISB-001604,AUTH-001680,BEN-0150,Vocational,2025-12,2025-12-27,10027,bank,988.317.8847x9513,PAY-004
DISB-000613,AUTH-000646,BEN-0056,Plus,2025-10,2025-10-23,7949,mobile_money,7397652239,PAY-003
DISB-000937,AUTH-000991,BEN-0086,Plus,2025-05,2025-05-24,7845,mobile_money,(756)920-5336x452,PAY-004
DISB-000465,AUTH-000494,BEN-0042,Vocational,2025-03,2025-03-15,10159,mobile_money,591-848-5807,PAY-002
DISB-001409,AUTH-001483,BEN-0131,Tech,2025-02,2025-03-17," KES 11,890 ",bank,296-457-0132,PAY-004
DISB-002056,AUTH-002153,BEN-0192,Plus,2026-03,,8101,bank,222-241-2462x0952,PAY-003
DISB-001012,AUTH-001071,BEN-0095,Tech,2025-04,2025-04-24,11947,bank,692.805.3021,PAY-001
DISB-000441,AUTH-000467,BEN-0040,Scholarship,2025-02,2026-03-26,14708,bank,249.854.5089x2038,PAY-002
DISB-000999,AUTH-001058,BEN-0093,Tech,2025-12,2026-03-19,12124,bank,249.854.5089x2038,PAY-002
DISB-001190,AUTH-001256,BEN-0111,Scholarship,2026-03,2026-04-02,13789,mobile_money,555.885.5665x939,PAY-003
DISB-001249,AUTH-001318,BEN-0116,Plus,2025-02,2025-03-08,7918,bank,+1-301-764-5104x6368,PAY-002
DISB-000068,AUTH-000068,BEN-0007,Vocational,2025-01,2025-02-09,9876,bank,+1-937-994-7383x47359,PAY-003
DISB-001394,AUTH-001468,BEN-0130,Vocational,2025-11,2025-11-17,9998,bank,+1-476-996-3938,PAY-003
DISB-001990,AUTH-002087,BEN-0187,Tech,2026-04,2026-05-11,12162,mobile_money,688-548-5200,PAY-003
DISB-001241,AUTH-001310,BEN-0115,Plus,2025-05,,7861,bank,001-911-203-9240x5147,PAY-002
DISB-000830,AUTH-000870,BEN-0076,Vocational,2025-08,2025-08-15,9884,bank,758.799.7571x130,PAY-001
DISB-001098,AUTH-001159,BEN-0102,Plus,2025-10,2026-03-09,7959,mobile_money,249.854.5089x2038,PAY-001
DISB-001498,AUTH-001572,BEN-0140,Plus,2025-02,2025-02-18,7983,bank,(542)256-9087x7661,PAY-002
DISB-000685,AUTH-000722,BEN-0064,Tech,2025-10,2025-11-07," KES 12,085 ",mobile_money,001-278-450-8214x8628,PAY-001
DISB-000429,AUTH-000455,BEN-0039,Vocational,2025-10,2025-10-31,9917,mobile_money,801-905-1238x2825,PAY-003
DISB-000697,AUTH-000736,BEN-0065,Plus,2026-02,2026-03-07,8022,bank,540-560-2933,PAY-001
DISB-002084,AUTH-002181,BEN-0194,Plus,2026-01,03/02/2026,8009,mobile_money,349.646.5398x4028,PAY-003
DISB-000119,AUTH-000121,BEN-0011,Plus,2026-02,2026-02-17,8047,mobile_money,615-366-7652x775,PAY-004
DISB-000213,AUTH-000222,BEN-0019,Plus,2026-01,,8074,mobile_money,(551)269-4097x499,PAY-003
DISB-001257,AUTH-001326,BEN-0117,Vocational,2025-02,2025-02-19,10073,bank,584.404.6084,PAY-004
DISB-001167,AUTH-001230,BEN-0108,Vocational,2025-12,2025-12-25,7684,bank,(385)457-4982,PAY-001
DISB-001914,AUTH-002005,BEN-0180,Scholarship,2025-06,2025-06-27,15286,mobile_money,294.252.3219x416,PAY-004
DISB-001596,AUTH-001672,BEN-0149,Vocational,2026-04,2026-04-30,9930,mobile_money,001-408-350-1657x9055,PAY-004
DISB-001159,AUTH-001221,BEN-0107,Plus,2025-10,2025-10-16,7952,bank,792.451.3271x9500,PAY-001
DISB-000960,AUTH-001015,BEN-0089,Vocational,2025-02,2025-03-06,9982,bank,(566)859-1846,PAY-001
DISB-000655,AUTH-000689,BEN-0061,Scholarship,2026-03,2026-03-25,15135,bank,001-502-211-5869,PAY-004
DISB-001897,AUTH-001988,BEN-0179,Tech,2026-05,2026-05-27,11802,bank,322-843-8649x0810,PAY-001
DISB-001010,AUTH-001069,BEN-0094,Plus,2026-03,2026-03-22," KES 5,834 ",bank,+1-702-360-1279x61143,PAY-003
DISB-000518,AUTH-000549,BEN-0046,Tech,2026-02,2026-02-26,11900,bank,001-922-518-9092x75326,PAY-001
DISB-000396,AUTH-000422,BEN-0036,Plus,2025-08,2025-08-17,8123,bank,(592)745-9375x26547,PAY-002
DISB-002081,AUTH-002178,BEN-0194,Plus,2025-07,2025-07-20,7884,mobile_money,349.646.5398x4028,PAY-001
DISB-001869,AUTH-001958,BEN-0175,Vocational,2025-01,2025-01-12,10000,mobile_money,(774)856-4494,PAY-004
DISB-000732,AUTH-000771,BEN-0069,Tech,2025-05,2025-06-08,11826,mobile_money,352.450.0743x2927,PAY-004
DISB-002120,AUTH-002217,BEN-0197,Plus,2025-11,2025-11-25,5993,mobile_money,+1-894-887-0605,PAY-001
DISB-000229,AUTH-000240,BEN-0021,Vocational,2025-06,2025-07-11,10103,bank,+1-547-533-8484x2199,PAY-002
DISB-001008,AUTH-001067,BEN-0094,Plus,2026-06,2026-06-23,8058,bank,+1-702-360-1279x61143,PAY-001
DISB-000330,AUTH-000352,BEN-0030,Scholarship,2026-03,2026-03-25,12885,bank,(504)789-9642,PAY-001
DISB-000669,AUTH-000705,BEN-0062,Tech,2026-02,2026-03-30,11871,bank,249.854.5089x2038,PAY-004
DISB-000986,AUTH-001042,BEN-0091,Tech,2025-11,2025-11-13,11958,bank,001-329-584-2579,PAY-003
DISB-000886,AUTH-000931,BEN-0081,Plus,2026-03,2026-03-27,7933,mobile_money,(381)782-6886,PAY-004
DISB-000899,AUTH-000949,BEN-0083,Plus,2026-01,2026-01-28,8016,bank,(607)350-1102,PAY-001
DISB-002092,AUTH-002189,BEN-0195,Scholarship,2026-01,2026-01-28,14897,bank,+1-270-902-6876x811,PAY-004
DISB-001632,AUTH-001709,BEN-0152,Vocational,2026-02,2026-03-02,10063,mobile_money,722-422-3105x9274,PAY-002
DISB-000183,AUTH-000191,BEN-0017,Scholarship,2026-02,2026-02-24,14927,bank,774.270.1687x339,PAY-002
DISB-001889,AUTH-001980,BEN-0178,Plus,2026-04,2026-04-19,7904,mobile_money,521-947-6492x5158,PAY-002
DISB-001745,AUTH-001824,BEN-0163,Scholarship,2025-08,2025-08-29,14831,mobile_money,(447)796-9545x0090,PAY-003
DISB-001825,AUTH-001914,BEN-0172,Plus,2025-02,2025-03-13,8110,mobile_money,529-254-3165x266,PAY-003
DISB-002118,AUTH-002215,BEN-0197,Plus,2026-05,2026-05-26,8076,mobile_money,+1-894-887-0605,PAY-003
DISB-000675,AUTH-000711,BEN-0063,Tech,2026-04,2026-05-03,12785,mobile_money,202.946.2996x0653,PAY-002
DISB-000011,AUTH-000011,BEN-0002,Scholarship,2026-05,2026-06-01,15239,bank,988.351.6060,PAY-002
DISB-001977,AUTH-002074,BEN-0186,Vocational,2025-07,2025-08-15,9916,bank,+1-884-966-8455x04892,PAY-001
DISB-001441,AUTH-001515,BEN-0134,Scholarship,2026-05,2026-06-13,15041,bank,001-247-781-8913x71894,PAY-003
DISB-000478,AUTH-000507,BEN-0043,Scholarship,2025-08,2025-09-15,17108,mobile_money,709.658.4982,PAY-003
DISB-000029,AUTH-000029,BEN-0003,Tech,2025-08,2025-08-24,11955,bank,581-388-3552,PAY-002
DISB-002066,AUTH-002163,BEN-0193,Tech,2025-12,2025-12-26,12125,mobile_money,4636048913,PAY-004
DISB-000016,AUTH-000016,BEN-0002,Scholarship,2025-09,2025-09-22,15133,bank,988.351.6060,PAY-002
DISB-002091,AUTH-002188,BEN-0195,Scholarship,2025-12,2025-12-25,15219,bank,+1-270-902-6876x811,PAY-003
DISB-002083,AUTH-002180,BEN-0194,Plus,2025-09,2025-10-07,8060,mobile_money,349.646.5398x4028,PAY-002
DISB-000472,AUTH-000501,BEN-0042,Vocational,2025-04,2025-05-01,9804,bank,591-848-5807,PAY-003
DISB-001065,AUTH-001124,BEN-0099,Scholarship,2025-07,2025-07-20," KES 15,192 ",mobile_money,872-592-9314x386,PAY-001
DISB-000796,AUTH-000836,BEN-0074,Scholarship,2026-05,2026-05-17,15026,mobile_money,+1-202-577-1670x145,PAY-001
DISB-000919,AUTH-000972,BEN-0085,Scholarship,2025-06,2025-06-20,14303,mobile_money,(939)343-1290,PAY-002
DISB-000688,AUTH-000726,BEN-0064,Tech,2026-02,2026-02-19,11108,bank,001-278-450-8214x8628,PAY-004
DISB-000586,AUTH-000619,BEN-0054,Vocational,2025-01,2025-02-09,10042,mobile_money,9132721510,PAY-003
DISB-000240,AUTH-000256,BEN-0022,Scholarship,2026-02,2026-02-23,14753,mobile_money,+1-293-280-2620x6724,PAY-003
DISB-001240,AUTH-001309,BEN-0115,Plus,2025-01,2025-01-31,7919,bank,001-911-203-9240x5147,PAY-003
DISB-001333,AUTH-001404,BEN-0123,Tech,2025-06,2025-06-25,15245,mobile_money,(622)749-9982x79501,PAY-002
DISB-000545,AUTH-000576,BEN-0049,Scholarship,2025-04,2025-04-16,17838,bank,001-710-256-4814x9177,PAY-003
DISB-001132,AUTH-001194,BEN-0105,Scholarship,2025-06,2025-06-21,14830,bank,217-497-4973x5020,PAY-002
DISB-000482,AUTH-000511,BEN-0043,Scholarship,2026-03,2026-03-28,14937,bank,709.658.4982,PAY-002
DISB-000488,AUTH-000517,BEN-0043,Scholarship,2025-03,2025-04-02,15127,mobile_money,709.658.4982,PAY-003
DISB-000849,AUTH-000889,BEN-0078,Plus,2026-06,2026-06-24,8106,bank,001-783-333-9452x288,PAY-003
DISB-001064,AUTH-001123,BEN-0099,Scholarship,2025-09,2025-10-06,14987,mobile_money,872-592-9314x386,PAY-002
DISB-001987,AUTH-002084,BEN-0187,Tech,2025-06,2025-06-22,12151,bank,688-548-5200,PAY-003
DISB-000508,AUTH-000539,BEN-0045,Scholarship,2026-06,2026-03-30,15940,bank,249.854.5089x2038,PAY-001
DISB-000981,AUTH-001037,BEN-0091,Tech,2025-09,2025-10-10,12121,bank,001-329-584-2579,PAY-003
DISB-000593,AUTH-000626,BEN-0054,Vocational,2026-05,2026-05-19,9963,mobile_money,9132721510,PAY-002
DISB-000964,AUTH-001019,BEN-0089,Vocational,2026-06,2026-07-01,10113,mobile_money,(566)859-1846,PAY-002
DISB-001404,AUTH-001478,BEN-0130,Vocational,2025-09,01/10/2025,10178,mobile_money,+1-476-996-3938,PAY-002
DISB-001464,AUTH-001538,BEN-0136,Vocational,2026-05,2026-05-12,10045,bank,(880)851-2927,PAY-004
DISB-001046,AUTH-001105,BEN-0097,Scholarship,2026-04,2026-05-04,15119,mobile_money,723-473-3343x333,PAY-001
DISB-001674,AUTH-001751,BEN-0156,Scholarship,2025-02,2025-03-07,15098,mobile_money,372-552-0456x50448,PAY-004
DISB-001994,AUTH-002091,BEN-0188,Scholarship,2026-04,2026-05-11," KES 14,723 ",bank,001-526-783-1589,PAY-004
DISB-000957,AUTH-001012,BEN-0089,Vocational,2025-11,2025-11-27,10045,bank,(566)859-1846,PAY-001
DISB-000220,AUTH-000229,BEN-0020,Plus,2025-01,2025-02-06,7890,bank,638.957.8652x78585,PAY-004
DISB-000006,AUTH-000006,BEN-0001,Tech,2026-06,2026-06-26,10983,bank,876-379-7643x815,PAY-004
DISB-001996,AUTH-002093,BEN-0188,Scholarship,2026-06,2026-07-16,14739,mobile_money,001-526-783-1589,PAY-004
DISB-000572,AUTH-000604,BEN-0052,Vocational,2025-10,2025-10-28,10118,bank,356-455-7431x329,PAY-003
DISB-000400,AUTH-000426,BEN-0036,Plus,2025-01,2025-01-19,8143,mobile_money,(592)745-9375x26547,PAY-001
DISB-001357,AUTH-001431,BEN-0127,Vocational,2026-05,2026-06-07,9993,mobile_money,923.207.6810x40915,PAY-004
DISB-000198,AUTH-000207,BEN-0018,Tech,2025-12,2026-01-07,12126,bank,478.549.9121x65585,PAY-004
DISB-000795,AUTH-000835,BEN-0074,Scholarship,2025-10,2025-10-25,14833,mobile_money,+1-202-577-1670x145,PAY-001
DISB-000075,AUTH-000075,BEN-0007,Vocational,2025-02,,10105,mobile_money,+1-937-994-7383x47359,PAY-002
DISB-000600,AUTH-000633,BEN-0055,Tech,2025-01,2025-02-08,11989,bank,576-287-0146x2638,PAY-001
DISB-000720,AUTH-000759,BEN-0068,Tech,2025-03,2025-04-16,10606,mobile_money,346.955.4947,PAY-004
DISB-001748,AUTH-001827,BEN-0163,Scholarship,2025-03,2025-04-01,14735,bank,(447)796-9545x0090,PAY-001
DISB-001885,AUTH-001976,BEN-0177,Scholarship,2025-08,2025-08-22,14905,mobile_money,(701)277-7490,PAY-001
DISB-000835,AUTH-000875,BEN-0077,Scholarship,2026-01,2026-01-20,15075,bank,498.427.0808x697,PAY-002
DISB-001665,AUTH-001742,BEN-0155,Vocational,2025-10,2025-11-10,10011,mobile_money,001-647-687-3002,PAY-001
DISB-001685,AUTH-001762,BEN-0157,Plus,2025-11,2025-11-10,8071,bank,(383)838-9888,PAY-004
DISB-001961,AUTH-002056,BEN-0185,Tech,2025-11,2026-03-04,11165,bank,249.854.5089x2038,PAY-004
DISB-001501,AUTH-001575,BEN-0140,Plus,2025-06,2025-06-17,8133,bank,(542)256-9087x7661,PAY-003
DISB-000777,AUTH-000817,BEN-0072,Vocational,2026-05,2026-05-20,7056,bank,235.364.2087x37530,PAY-004
DISB-000315,AUTH-000337,BEN-0029,Vocational,2025-05,2025-05-31,10077,mobile_money,603-831-7393x6385,PAY-002
DISB-001509,AUTH-001583,BEN-0141,Plus,2025-12,2025-12-27,8051,bank,257-517-3203,PAY-002
DISB-002030,AUTH-002127,BEN-0191,Vocational,2026-02,2026-02-26,10192,bank,001-409-283-7801,PAY-002
DISB-000507,AUTH-000537,BEN-0045,Scholarship,2026-05,2026-03-20,15172,bank,249.854.5089x2038,PAY-001
DISB-001863,AUTH-001952,BEN-0175,Vocational,2025-08,2025-09-04,10005,mobile_money,(774)856-4494,PAY-001
DISB-001704,AUTH-001782,BEN-0158,Scholarship,2026-05,2026-03-02,15081,bank,249.854.5089x2038,PAY-003
DISB-000530,AUTH-000561,BEN-0048,Tech,2026-04,2026-04-17,12190,bank,(761)888-9241x41832,PAY-004
DISB-001848,AUTH-001937,BEN-0174,Plus,2025-09,2025-09-26,7923,bank,+1-736-269-4118x00537,PAY-003
DISB-000843,AUTH-000883,BEN-0077,Scholarship,2025-09,2025-09-24,14957,bank,498.427.0808x697,PAY-004
DISB-000137,AUTH-000141,BEN-0012,Plus,2025-08,,8040,bank,001-220-429-7021x3556,PAY-002
DISB-001169,AUTH-001232,BEN-0108,Vocational,2025-08,2025-09-02,9803,bank,(385)457-4982,PAY-002
DISB-000186,AUTH-000194,BEN-0017,Scholarship,2026-04,2026-05-04,14761,mobile_money,774.270.1687x339,PAY-002
DISB-000828,AUTH-000868,BEN-0076,Vocational,2025-04,2025-05-20,10150,mobile_money,758.799.7571x130,PAY-001
DISB-001181,AUTH-001247,BEN-0109,Tech,2025-05,2025-05-24,12158,bank,(394)256-5118,PAY-003
DISB-000423,AUTH-000449,BEN-0038,Plus,2025-07,2025-08-07,7941,bank,501-943-8889,PAY-004
DISB-000319,AUTH-000341,BEN-0030,Scholarship,2025-09,2025-10-04,14837,mobile_money,(504)789-9642,PAY-004
DISB-001081,AUTH-001141,BEN-0100,Plus,2025-08,15/09/2025,6330,mobile_money,620-734-7175,PAY-002
DISB-000565,AUTH-000596,BEN-0052,Vocational,2025-05,2025-05-29,10131,mobile_money,356-455-7431x329,PAY-002
DISB-000970,AUTH-001026,BEN-0090,Vocational,2025-09,2025-09-30,10103,bank,477.439.2603x0299,PAY-004
DISB-000217,AUTH-000226,BEN-0020,Plus,2025-09,2025-09-22,8067,bank,638.957.8652x78585,PAY-001
DISB-000293,AUTH-000314,BEN-0027,Plus,2026-04,2026-04-27,8136,bank,6675383028,PAY-004
DISB-001369,AUTH-001443,BEN-0127,Vocational,2026-06,2026-06-15,10036,bank,923.207.6810x40915,PAY-001
DISB-000664,AUTH-000699,BEN-0061,Scholarship,2026-06,2026-06-23,15127,mobile_money,001-502-211-5869,PAY-002
DISB-001982,AUTH-002079,BEN-0187,Tech,2025-12,2026-01-04," KES 11,808 ",bank,688-548-5200,PAY-003
DISB-000728,AUTH-000767,BEN-0069,Tech,2026-04,2026-04-18,11866,bank,352.450.0743x2927,PAY-004
DISB-000763,AUTH-000803,BEN-0071,Plus,2026-05,2026-06-16,7848,mobile_money,+1-609-901-0016x761,PAY-004
DISB-001590,AUTH-001666,BEN-0149,Vocational,2025-06,2025-06-12,10002,mobile_money,001-408-350-1657x9055,PAY-004
DISB-000358,AUTH-000381,BEN-0032,Vocational,2026-03,2026-03-23,9892,bank,001-234-410-1666x870,PAY-002
DISB-000159,AUTH-000167,BEN-0015,Vocational,2026-06,2026-07-14,10177,bank,414-438-4249x8182,PAY-002
DISB-001686,AUTH-001763,BEN-0157,Plus,2025-06,2025-06-26,8132,mobile_money,(383)838-9888,PAY-001
DISB-001004,AUTH-001063,BEN-0094,Plus,2026-05,2026-05-23,8082,bank,+1-702-360-1279x61143,PAY-001
DISB-000032,AUTH-000032,BEN-0003,Tech,2025-04,2025-05-09,11893,mobile_money,581-388-3552,PAY-001
DISB-001607,AUTH-001683,BEN-0150,Vocational,2026-01,2026-01-17,10132,mobile_money,988.317.8847x9513,PAY-004
DISB-000915,AUTH-000967,BEN-0084,Scholarship,2025-08,2025-08-10,12881,bank,891-647-6607x2832,PAY-002
DISB-001884,AUTH-001975,BEN-0177,Scholarship,2025-05,2025-05-17,14975,mobile_money,(701)277-7490,PAY-004
DISB-000923,AUTH-000977,BEN-0085,Scholarship,2025-11,2025-11-29,14980,mobile_money,(939)343-1290,PAY-003
DISB-000773,AUTH-000813,BEN-0071,Plus,2025-11,2025-11-29,7858,mobile_money,+1-609-901-0016x761,PAY-001
DISB-000550,AUTH-000581,BEN-0050,Scholarship,2025-10,2025-10-24,14724,mobile_money,265.441.9518,PAY-004
DISB-000203,AUTH-000212,BEN-0018,Tech,2025-04,29/04/2025,12102,mobile_money,478.549.9121x65585,PAY-001
DISB-001726,AUTH-001805,BEN-0161,Scholarship,2026-02,2026-02-23," KES 15,287 ",mobile_money,(813)967-4994x6579,PAY-004
DISB-001040,AUTH-001099,BEN-0097,Scholarship,2025-05,2025-06-10,15093,mobile_money,723-473-3343x333,PAY-004
DISB-000577,AUTH-000610,BEN-0053,Plus,2026-04,2026-04-26,8982,mobile_money,4673883171,PAY-002
DISB-000391,AUTH-000417,BEN-0036,Plus,2025-10,2025-10-19,7903,bank,(592)745-9375x26547,PAY-003
DISB-001836,AUTH-001925,BEN-0173,Tech,2025-11,2025-11-26,12093,bank,(577)613-3344x76263,PAY-001
DISB-001537,AUTH-001611,BEN-0143,Scholarship,2026-04,2026-04-23,14839,mobile_money,(225)982-7390x21962,PAY-001
DISB-001235,AUTH-001304,BEN-0115,Plus,2026-03,2026-04-17,8063,mobile_money,001-911-203-9240x5147,PAY-004
DISB-001341,AUTH-001412,BEN-0124,Scholarship,2025-05,2025-05-27,14950,mobile_money,001-995-429-9787,PAY-004
DISB-000155,AUTH-000163,BEN-0014,Scholarship,2025-06,2026-04-03,15223,mobile_money,249.854.5089x2038,PAY-004
DISB-000275,AUTH-000295,BEN-0025,Plus,2025-10,2025-10-14,8036,bank,971.239.7187x07286,PAY-001
DISB-001303,AUTH-001374,BEN-0121,Plus,2026-01,2026-04-05,6705,mobile_money,249.854.5089x2038,PAY-002
DISB-001662,AUTH-001739,BEN-0155,Vocational,2025-05,2025-06-15,10048,mobile_money,001-647-687-3002,PAY-004
DISB-001271,AUTH-001340,BEN-0117,Vocational,2025-05,2025-05-27,10023,mobile_money,584.404.6084,PAY-002
DISB-001152,AUTH-001214,BEN-0106,Scholarship,2026-01,2026-01-18,14793,mobile_money,(901)836-7303x7183,PAY-003
DISB-000924,AUTH-000978,BEN-0085,Scholarship,2025-04,2025-04-26,14708,bank,(939)343-1290,PAY-001
DISB-001411,AUTH-001485,BEN-0131,Tech,2026-04,2026-05-08,12064,bank,296-457-0132,PAY-003
DISB-001655,AUTH-001732,BEN-0155,Vocational,2026-03,2026-03-23,9946,bank,001-647-687-3002,PAY-003
DISB-001504,AUTH-001578,BEN-0140,Plus,2025-09,2025-10-04,8119,mobile_money,(542)256-9087x7661,PAY-004
DISB-002140,AUTH-002237,BEN-0199,Tech,2025-08,2025-09-16,12141,mobile_money,+1-908-804-6619x63990,PAY-004
DISB-000606,AUTH-000639,BEN-0056,Plus,2026-03,2026-04-13,7988,bank,7397652239,PAY-002
DISB-000462,AUTH-000491,BEN-0042,Vocational,2025-02,2025-03-17,9855,bank,591-848-5807,PAY-003
DISB-000930,AUTH-000984,BEN-0086,Plus,2025-07,2025-08-15,7917,mobile_money,(756)920-5336x452,PAY-003
DISB-001070,AUTH-001129,BEN-0099,Scholarship,2026-06,2026-07-02,14762,bank,872-592-9314x386,PAY-003
DISB-001437,AUTH-001511,BEN-0133,Scholarship,2025-04,07/05/2025,14951,bank,(867)996-9278,PAY-004
DISB-001811,AUTH-001900,BEN-0170,Plus,2026-02,2026-02-19,7062,mobile_money,760.864.4134x327,PAY-002
DISB-001645,AUTH-001722,BEN-0153,Vocational,2025-01,2025-01-25,10160,bank,317-702-8140x69375,PAY-001
DISB-000393,AUTH-000419,BEN-0036,Plus,2026-02,2026-02-28,7993,mobile_money,(592)745-9375x26547,PAY-004
DISB-000792,AUTH-000832,BEN-0074,Scholarship,2026-03,2026-03-26,15057,mobile_money,+1-202-577-1670x145,PAY-002
DISB-000025,AUTH-000025,BEN-0003,Tech,2026-06,2026-06-21,12082,mobile_money,581-388-3552,PAY-004
DISB-001322,AUTH-001393,BEN-0123,Tech,2026-04,2026-04-26,11903,mobile_money,(622)749-9982x79501,PAY-003
DISB-000077,AUTH-000077,BEN-0007,Vocational,2026-02,2026-03-09,10155,mobile_money,+1-937-994-7383x47359,PAY-003
DISB-001559,AUTH-001635,BEN-0145,Vocational,2026-04,2026-04-20,10094,bank,(707)881-1379,PAY-004
DISB-001234,AUTH-001303,BEN-0115,Plus,2025-08,2025-08-22,8105,mobile_money,001-911-203-9240x5147,PAY-001
DISB-000947,AUTH-001002,BEN-0087,Plus,2025-08,2026-04-01,7954,mobile_money,249.854.5089x2038,PAY-002
DISB-001029,AUTH-001088,BEN-0096,Plus,2025-06,2025-06-27,7927,bank,248.994.7697x35779,PAY-002
DISB-000976,AUTH-001032,BEN-0091,Tech,2025-10,2025-11-06,12013,bank,001-329-584-2579,PAY-002
DISB-000647,AUTH-000681,BEN-0060,Plus,2025-08,2025-09-02,8019,mobile_money,001-687-920-5061,PAY-004
DISB-001383,AUTH-001457,BEN-0128,Tech,2025-07,2025-07-15,11764,bank,585.485.4249,PAY-004
DISB-000017,AUTH-000017,BEN-0002,Scholarship,2025-07,2025-07-18,15125,bank,988.351.6060,PAY-003
DISB-001754,AUTH-001833,BEN-0164,Scholarship,2025-12,,15115,mobile_money,941-852-0850,PAY-003
DISB-001718,AUTH-001796,BEN-0160,Plus,2026-01,2026-03-02,8126,bank,249.854.5089x2038,PAY-001
DISB-002031,AUTH-002128,BEN-0191,Vocational,2025-08,,10166,mobile_money,001-409-283-7801,PAY-001
DISB-001468,AUTH-001542,BEN-0136,Vocational,2025-07,2025-08-08,10042,mobile_money,(880)851-2927,PAY-002
DISB-001225,AUTH-001293,BEN-0114,Scholarship,2025-12,2025-12-27,14850,mobile_money,516-586-2278x376,PAY-004
DISB-000771,AUTH-000811,BEN-0071,Plus,2026-06,2026-07-09,7980,bank,+1-609-901-0016x761,PAY-002
DISB-001631,AUTH-001708,BEN-0152,Vocational,2025-02,21/02/2025,10188,mobile_money,722-422-3105x9274,PAY-004
DISB-002000,AUTH-002097,BEN-0188,Scholarship,2026-02,2026-03-08,14929,bank,001-526-783-1589,PAY-001
DISB-001294,AUTH-001365,BEN-0120,Plus,2025-01,2025-01-18,7931,mobile_money,(256)599-9880x8177,PAY-001
DISB-000108,AUTH-000108,BEN-0009,Plus,2026-06,2026-06-22,7955,bank,203-569-7117,PAY-001
DISB-000537,AUTH-000568,BEN-0049,Scholarship,2025-08,2025-08-27,18032,mobile_money,001-710-256-4814x9177,PAY-001
DISB-000342,AUTH-000364,BEN-0031,Vocational,2025-06,2025-07-19,9829,mobile_money,912.903.8750,PAY-002
DISB-000499,AUTH-000529,BEN-0044,Scholarship,2025-11,2025-11-28,15110,bank,+1-716-384-5775x9017,PAY-003
DISB-002022,AUTH-002119,BEN-0190,Plus,2025-04,2025-04-26,8067,bank,001-449-975-6792,PAY-003
DISB-000579,AUTH-000612,BEN-0053,Plus,2025-03,2025-04-09,8057,mobile_money,4673883171,PAY-004
DISB-000442,AUTH-000469,BEN-0040,Scholarship,2025-06,2026-03-25,15133,mobile_money,249.854.5089x2038,PAY-001
DISB-002090,AUTH-002187,BEN-0195,Scholarship,2025-02,2025-02-22,14947,bank,+1-270-902-6876x811,PAY-002
DISB-000392,AUTH-000418,BEN-0036,Plus,2025-03,2025-04-04,7999,bank,(592)745-9375x26547,PAY-002
DISB-000067,AUTH-000067,BEN-0006,Vocational,2025-03,2025-03-24,8596,bank,(752)981-6850x5423,PAY-003
DISB-001484,AUTH-001558,BEN-0137,Vocational,2025-11,2025-12-06,9800,mobile_money,728-860-4765x801,PAY-003
DISB-001205,AUTH-001271,BEN-0112,Scholarship,2026-06,2026-06-16,14901,mobile_money,2489889921,PAY-003
DISB-001981,AUTH-002078,BEN-0187,Tech,2026-05,2026-05-12,12147,mobile_money,688-548-5200,PAY-004
DISB-002002,AUTH-002099,BEN-0188,Scholarship,2025-08,2025-08-25,14761,bank,001-526-783-1589,PAY-004
DISB-001273,AUTH-001342,BEN-0117,Vocational,2025-06,2025-07-03,10053,mobile_money,584.404.6084,PAY-001
DISB-000219,AUTH-000228,BEN-0020,Plus,2025-07,,7986,mobile_money,638.957.8652x78585,PAY-002
DISB-002065,AUTH-002162,BEN-0193,Tech,2026-03,2026-03-19,11844,mobile_money,4636048913,PAY-004
DISB-000470,AUTH-000499,BEN-0042,Vocational,2026-01,2026-01-27,10114,mobile_money,591-848-5807,PAY-001
DISB-001139,AUTH-001201,BEN-0105,Scholarship,2025-05,2025-06-07,14762,bank,217-497-4973x5020,PAY-003
DISB-001297,AUTH-001368,BEN-0120,Plus,2026-01,2026-01-22,8017,bank,(256)599-9880x8177,PAY-002
DISB-001690,AUTH-001767,BEN-0157,Plus,2026-04,2026-04-18,7941,mobile_money,(383)838-9888,PAY-004
DISB-002096,AUTH-002193,BEN-0195,Scholarship,2026-06,2026-06-21," KES 15,041 ",bank,+1-270-902-6876x811,PAY-003
DISB-000008,AUTH-000008,BEN-0002,Scholarship,2025-01,2025-01-27,15024,mobile_money,988.351.6060,PAY-004
DISB-000231,AUTH-000242,BEN-0021,Vocational,2026-02,2026-03-09,9901,bank,+1-547-533-8484x2199,PAY-003
DISB-002075,AUTH-002172,BEN-0194,Plus,2025-12,2026-01-17,7893,bank,349.646.5398x4028,PAY-002
DISB-000609,AUTH-000642,BEN-0056,Plus,2025-04,2025-04-26,8094,bank,7397652239,PAY-004
DISB-002149,AUTH-002247,BEN-0200,Vocational,2025-10,2025-10-17,9829,mobile_money,623.420.0249x685,PAY-003
DISB-001302,AUTH-001373,BEN-0121,Plus,2025-10,2026-04-07,7997,bank,249.854.5089x2038,PAY-001
DISB-001469,AUTH-001543,BEN-0136,Vocational,2025-03,2025-04-10,9821,mobile_money,(880)851-2927,PAY-004
DISB-001746,AUTH-001825,BEN-0163,Scholarship,2025-10,2025-10-25,15054,bank,(447)796-9545x0090,PAY-004
DISB-001036,AUTH-001095,BEN-0096,Plus,2025-11,2025-11-26,8073,mobile_money,248.994.7697x35779,PAY-004
DISB-001183,AUTH-001249,BEN-0109,Tech,2026-01,2026-02-19,10658,mobile_money,(394)256-5118,PAY-002
DISB-000602,AUTH-000635,BEN-0055,Tech,2026-04,2026-04-07,11934,mobile_money,576-287-0146x2638,PAY-003
DISB-000897,AUTH-000946,BEN-0083,Plus,2025-01,2025-01-28,8157,bank,(607)350-1102,PAY-003
DISB-000247,AUTH-000263,BEN-0023,Plus,2025-02,2025-03-05,8155,bank,449-932-9668x51612,PAY-001
DISB-001523,AUTH-001597,BEN-0142,Tech,2025-01,22/01/2025,11995,bank,+1-407-390-3202x0417,PAY-002
DISB-002085,AUTH-002182,BEN-0194,Plus,2025-08,2025-09-10,7872,bank,349.646.5398x4028,PAY-001
DISB-000710,AUTH-000749,BEN-0067,Scholarship,2026-01,2026-02-15,14721,mobile_money,6994353875,PAY-004
DISB-001372,AUTH-001446,BEN-0128,Tech,2025-04,2025-04-19,12039,mobile_money,585.485.4249,PAY-001
DISB-001239,AUTH-001308,BEN-0115,Plus,2025-04,2025-04-22,8069,mobile_money,001-911-203-9240x5147,PAY-003
DISB-000122,AUTH-000124,BEN-0011,Plus,2025-04,2025-04-22,7846,mobile_money,615-366-7652x775,PAY-002
DISB-001834,AUTH-001923,BEN-0173,Tech,2025-10,02/11/2025,12094,mobile_money,(577)613-3344x76263,PAY-003
DISB-000511,AUTH-000542,BEN-0046,Tech,2026-04,2026-04-29," KES 11,932 ",bank,001-922-518-9092x75326,PAY-002
DISB-002131,AUTH-002228,BEN-0198,Vocational,2025-06,2025-07-04,9881,bank,+1-710-276-0954x3173,PAY-004
DISB-000615,AUTH-000648,BEN-0057,Tech,2025-12,2026-01-15,12061,bank,325-700-2921x85156,PAY-004
DISB-000458,AUTH-000487,BEN-0041,Plus,2025-03,2025-03-22,8136,bank,(282)774-2257,PAY-003
DISB-001950,AUTH-002045,BEN-0184,Tech,2026-05,2026-06-06,12015,bank,001-308-242-8910x77119,PAY-001
DISB-000431,AUTH-000457,BEN-0039,Vocational,2025-06,2025-07-04,9899,mobile_money,801-905-1238x2825,PAY-003
DISB-001720,AUTH-001798,BEN-0160,Plus,2025-12,2026-04-04," KES 7,855 ",mobile_money,249.854.5089x2038,PAY-004
DISB-001605,AUTH-001681,BEN-0150,Vocational,2025-01,2025-01-20,10137,bank,988.317.8847x9513,PAY-002
DISB-000538,AUTH-000569,BEN-0049,Scholarship,2025-06,2025-07-09,18174,bank,001-710-256-4814x9177,PAY-002
DISB-002110,AUTH-002207,BEN-0197,Plus,2025-06,2025-07-04,8057,bank,+1-894-887-0605,PAY-001
DISB-000110,AUTH-000110,BEN-0009,Plus,2025-04,2025-05-03,8025,bank,203-569-7117,PAY-004
DISB-001732,AUTH-001811,BEN-0162,Scholarship,2025-11,2025-11-22,15290,mobile_money,+1-287-273-4778x48588,PAY-001
DISB-000178,AUTH-000186,BEN-0016,Vocational,2025-01,2025-02-03,9928,bank,+1-464-771-0276x77359,PAY-004
DISB-001490,AUTH-001564,BEN-0138,Scholarship,2026-04,2026-05-01,14899,bank,553.344.3009x109,PAY-004
DISB-001368,AUTH-001442,BEN-0127,Vocational,2026-01,2026-01-31,9974,mobile_money,923.207.6810x40915,PAY-003
DISB-000601,AUTH-000634,BEN-0055,Tech,2025-03,2025-03-24,11874,mobile_money,576-287-0146x2638,PAY-003
DISB-001523,AUTH-001597,BEN-0142,Tech,2025-01,2025-01-22,11995,bank,+1-407-390-3202x0417,PAY-002
DISB-001581,AUTH-001657,BEN-0148,Plus,2025-07,2025-08-01,7986,mobile_money,907-942-7990,PAY-002
DISB-000206,AUTH-000215,BEN-0019,Plus,2026-03,2026-04-05,7965,bank,(551)269-4097x499,PAY-002
DISB-000128,AUTH-000130,BEN-0011,Plus,2025-11,2025-11-29," KES 7,956 ",mobile_money,615-366-7652x775,PAY-002
DISB-002006,AUTH-002103,BEN-0189,Tech,2025-09,2025-10-02,12196,mobile_money,372.888.1377x0285,PAY-003
DISB-000422,AUTH-000448,BEN-0038,Plus,2026-03,2026-03-23,8120,mobile_money,501-943-8889,PAY-001
DISB-000268,AUTH-000288,BEN-0025,Plus,2025-09,2025-09-22,8110,mobile_money,971.239.7187x07286,PAY-004
DISB-001207,AUTH-001273,BEN-0112,Scholarship,2025-08,2025-08-25,15231,bank,2489889921,PAY-001
DISB-001760,AUTH-001839,BEN-0165,Tech,2025-01,2025-01-13,11776,bank,583-344-0496,PAY-003
DISB-001325,AUTH-001396,BEN-0123,Tech,2025-04,2025-05-04,12017,bank,(622)749-9982x79501,PAY-002
DISB-001497,AUTH-001571,BEN-0139,Vocational,2025-09,2025-09-22,9891,bank,001-654-421-4066x504,PAY-004
DISB-001903,AUTH-001994,BEN-0180,Scholarship,2026-04,2026-05-06,14841,mobile_money,294.252.3219x416,PAY-002
DISB-002130,AUTH-002227,BEN-0198,Vocational,2025-10,2025-10-19,9890,mobile_money,+1-710-276-0954x3173,PAY-004
DISB-000870,AUTH-000910,BEN-0079,Plus,2026-02,2026-03-01,7582,mobile_money,880.557.1983,PAY-003
DISB-001279,AUTH-001349,BEN-0118,Scholarship,2025-06,2025-06-24,11291,bank,001-483-724-8262,PAY-002
DISB-000332,AUTH-000354,BEN-0030,Scholarship,2025-07,2025-08-02,14875,mobile_money,(504)789-9642,PAY-002
DISB-000010,AUTH-000010,BEN-0002,Scholarship,2025-08,2025-09-14,15214,bank,988.351.6060,PAY-002
DISB-002128,AUTH-002225,BEN-0198,Vocational,2025-11,2025-12-14,9905,mobile_money,+1-710-276-0954x3173,PAY-002
DISB-000626,AUTH-000659,BEN-0058,Plus,2025-03,2025-03-20,8137,bank,372-751-3552,PAY-001
DISB-001193,AUTH-001259,BEN-0111,Scholarship,2025-02,2025-02-26,14768,bank,555.885.5665x939,PAY-002
DISB-000719,AUTH-000758,BEN-0068,Tech,2025-04,2025-05-02,11280,mobile_money,346.955.4947,PAY-001
DISB-000665,AUTH-000700,BEN-0062,Tech,2025-01,2026-04-06,11929,mobile_money,249.854.5089x2038,PAY-002
DISB-001820,AUTH-001909,BEN-0171,Plus,2026-01,2026-02-09,7969,bank,(406)534-5911,PAY-003
DISB-001750,AUTH-001829,BEN-0164,Scholarship,2026-03,2026-03-21,15221,mobile_money,941-852-0850,PAY-003
DISB-000201,AUTH-000210,BEN-0018,Tech,2025-01,2025-02-17,11773,bank,478.549.9121x65585,PAY-001
DISB-000350,AUTH-000373,BEN-0032,Vocational,2025-12,2026-01-15,10099,bank,001-234-410-1666x870,PAY-004
DISB-000548,AUTH-000579,BEN-0049,Scholarship,2025-10,2025-10-29," KES 14,723 ",bank,001-710-256-4814x9177,PAY-002
DISB-001328,AUTH-001399,BEN-0123,Tech,2026-06,2026-06-23,11780,mobile_money,(622)749-9982x79501,PAY-001
DISB-002005,AUTH-002102,BEN-0189,Tech,2026-03,2026-04-08,11080,bank,372.888.1377x0285,PAY-003
DISB-000969,AUTH-001025,BEN-0090,Vocational,2026-05,2026-06-06,10089,mobile_money,477.439.2603x0299,PAY-002
DISB-000784,AUTH-000824,BEN-0073,Scholarship,2025-11,2025-11-25,15175,bank,3027255794,PAY-003
DISB-002107,AUTH-002204,BEN-0196,Vocational,2025-01,2025-01-24,10109,bank,+1-543-837-5047x930,PAY-001
DISB-000915,AUTH-000967,BEN-0084,Scholarship,2025-08,2025-08-10,12881,bank,891-647-6607x2832,PAY-002
DISB-000344,AUTH-000366,BEN-0031,Vocational,2026-02,2026-02-25,10013,bank,912.903.8750,PAY-001
DISB-000526,AUTH-000557,BEN-0047,Scholarship,2025-05,2025-05-23," KES 10,931 ",bank,+1-383-264-0376x137,PAY-001
DISB-001307,AUTH-001378,BEN-0122,Vocational,2026-05,2026-06-16,10062,mobile_money,209.940.7778,PAY-001
DISB-000584,AUTH-000617,BEN-0054,Vocational,2025-10,2025-10-31,10007,bank,9132721510,PAY-004
DISB-001561,AUTH-001637,BEN-0146,Scholarship,2025-03,2025-03-24,15204,bank,(652)473-5435x2090,PAY-003
DISB-000608,AUTH-000641,BEN-0056,Plus,2025-09,2025-09-20,7984,mobile_money,7397652239,PAY-001
DISB-001334,AUTH-001405,BEN-0123,Tech,2026-05,07/06/2026,12194,mobile_money,(622)749-9982x79501,PAY-003
DISB-000127,AUTH-000129,BEN-0011,Plus,2025-05,2025-06-06,8071,bank,615-366-7652x775,PAY-001
DISB-001119,AUTH-001181,BEN-0104,Plus,2025-07,2025-08-05,7861,mobile_money,780.577.4064x9308,PAY-002
DISB-001725,AUTH-001804,BEN-0161,Scholarship,2025-07,2025-07-09,14807,bank,(813)967-4994x6579,PAY-001
DISB-000646,AUTH-000680,BEN-0060,Plus,2025-04,15/04/2025,6506,bank,001-687-920-5061,PAY-004
DISB-000151,AUTH-000156,BEN-0014,Scholarship,2025-04,2026-03-01,18984,bank,249.854.5089x2038,PAY-004
DISB-001476,AUTH-001550,BEN-0137,Vocational,2025-02,2025-02-18,9970,mobile_money,728-860-4765x801,PAY-001
DISB-000716,AUTH-000755,BEN-0067,Scholarship,2025-06,2025-06-10,14862,bank,6994353875,PAY-002
DISB-000389,AUTH-000415,BEN-0035,Plus,2025-05,2025-06-08,8158,bank,698.926.2244,PAY-003
DISB-000001,AUTH-000001,BEN-0001,Tech,2025-05,2025-06-06,9892,mobile_money,876-379-7643x815,PAY-003
DISB-001548,AUTH-001623,BEN-0145,Vocational,2025-02,2025-03-18,10129,bank,(707)881-1379,PAY-004
DISB-002008,AUTH-002105,BEN-0189,Tech,2026-04,2026-04-26,11781,mobile_money,372.888.1377x0285,PAY-003
DISB-000503,AUTH-000533,BEN-0045,Scholarship,2025-12,2026-03-13,12900,bank,249.854.5089x2038,PAY-002
DISB-001793,AUTH-001879,BEN-0169,Vocational,2026-03,2026-04-06,9837,bank,+1-451-758-6734,PAY-003
DISB-000780,AUTH-000820,BEN-0072,Vocational,2025-07,2025-07-21,7011,mobile_money,235.364.2087x37530,PAY-004
DISB-000351,AUTH-000374,BEN-0032,Vocational,2026-06,2026-06-18,9896,mobile_money,001-234-410-1666x870,PAY-004
DISB-001619,AUTH-001695,BEN-0151,Vocational,2025-02,2026-03-25,10099,mobile_money,249.854.5089x2038,PAY-002
DISB-001492,AUTH-001566,BEN-0139,Vocational,2026-05,2026-05-10,9850,bank,001-654-421-4066x504,PAY-001
DISB-001636,AUTH-001713,BEN-0152,Vocational,2025-07,2025-08-03,9972,bank,722-422-3105x9274,PAY-001
DISB-001188,AUTH-001254,BEN-0110,Vocational,2025-04,2025-05-08,10132,bank,001-365-309-4801x4138,PAY-004
DISB-001530,AUTH-001604,BEN-0143,Scholarship,2026-03,2026-03-30,14929,mobile_money,(225)982-7390x21962,PAY-001
DISB-001663,AUTH-001740,BEN-0155,Vocational,2026-01,2026-01-28,9915,mobile_money,001-647-687-3002,PAY-003
DISB-000975,AUTH-001031,BEN-0091,Tech,2025-07,2025-08-12,11947,bank,001-329-584-2579,PAY-001
DISB-002100,AUTH-002197,BEN-0195,Scholarship,2025-03,2025-03-27,15212,mobile_money,+1-270-902-6876x811,PAY-002
DISB-000722,AUTH-000761,BEN-0068,Tech,2026-06,2026-07-13,12171,bank,346.955.4947,PAY-004
DISB-001933,AUTH-002027,BEN-0182,Plus,2025-12,2026-01-05,7851,bank,+1-284-207-6789x973,PAY-001
DISB-000565,AUTH-000596,BEN-0052,Vocational,2025-05,2025-05-29,10131,mobile_money,356-455-7431x329,PAY-002
DISB-000173,AUTH-000181,BEN-0016,Vocational,2025-06,2025-07-05,12380,bank,+1-464-771-0276x77359,PAY-002
DISB-001519,AUTH-001593,BEN-0141,Plus,2025-03,2025-03-22," KES 7,916 ",bank,257-517-3203,PAY-002
DISB-000375,AUTH-000398,BEN-0034,Tech,2026-01,,12179,bank,342-262-6551,PAY-001
DISB-001447,AUTH-001521,BEN-0134,Scholarship,2025-07,2025-07-21,14934,bank,001-247-781-8913x71894,PAY-004
DISB-000848,AUTH-000888,BEN-0077,Scholarship,2025-12,2026-01-06,14790,bank,498.427.0808x697,PAY-004
DISB-001827,AUTH-001916,BEN-0172,Plus,2025-09,2025-09-15,8081,bank,529-254-3165x266,PAY-004
DISB-000885,AUTH-000930,BEN-0081,Plus,2025-09,2025-09-29,7867,mobile_money,(381)782-6886,PAY-002
DISB-001031,AUTH-001090,BEN-0096,Plus,2026-04,2026-04-11,7845,mobile_money,248.994.7697x35779,PAY-004
DISB-000609,AUTH-000642,BEN-0056,Plus,2025-04,2025-04-26,8094,bank,7397652239,PAY-004
DISB-000378,AUTH-000401,BEN-0034,Tech,2025-10,2025-10-11,12009,mobile_money,342-262-6551,PAY-002
DISB-000696,AUTH-000735,BEN-0065,Plus,2026-01,05/02/2026,8108,mobile_money,540-560-2933,PAY-003
DISB-001156,AUTH-001218,BEN-0107,Plus,2026-01,2026-02-08,7934,mobile_money,792.451.3271x9500,PAY-001
DISB-000369,AUTH-000392,BEN-0033,Plus,2026-04,2026-05-06,7399,bank,842-493-9685,PAY-003
DISB-001672,AUTH-001749,BEN-0156,Scholarship,2026-05,2026-05-17,15122,mobile_money,372-552-0456x50448,PAY-003
DISB-000696,AUTH-000735,BEN-0065,Plus,2026-01,2026-02-05," KES 8,108 ",mobile_money,540-560-2933,PAY-003
DISB-000300,AUTH-000321,BEN-0027,Plus,2025-09,2025-09-21,7999,bank,6675383028,PAY-004
DISB-000794,AUTH-000834,BEN-0074,Scholarship,2025-01,2025-01-18,14827,bank,+1-202-577-1670x145,PAY-003
DISB-002111,AUTH-002208,BEN-0197,Plus,2025-02,2025-02-21,6792,mobile_money,+1-894-887-0605,PAY-004
DISB-000524,AUTH-000555,BEN-0047,Scholarship,2025-09,2025-10-12,14904,mobile_money,+1-383-264-0376x137,PAY-004
DISB-001107,AUTH-001169,BEN-0103,Plus,2025-06,2025-07-09,7887,mobile_money,672-928-2005x5778,PAY-002
DISB-001959,AUTH-002054,BEN-0185,Tech,2025-09,2026-04-09,10528,mobile_money,249.854.5089x2038,PAY-003
DISB-001998,AUTH-002095,BEN-0188,Scholarship,2025-06,2025-06-25,14982,bank,001-526-783-1589,PAY-001
DISB-000227,AUTH-000236,BEN-0021,Vocational,2025-07,2025-08-02,10006,mobile_money,+1-547-533-8484x2199,PAY-001
DISB-000323,AUTH-000345,BEN-0030,Scholarship,2025-02,2025-03-03,14770,bank,(504)789-9642,PAY-002
DISB-002032,AUTH-002129,BEN-0191,Vocational,2025-12,2026-01-21,10100,bank,001-409-283-7801,PAY-003
DISB-000748,AUTH-000788,BEN-0070,Scholarship,2025-07,2025-07-31,14902,bank,001-742-810-4478,PAY-004
DISB-001922,AUTH-002014,BEN-0181,Tech,2025-04,2026-03-05,12227,bank,249.854.5089x2038,PAY-002
DISB-001573,AUTH-001649,BEN-0147,Vocational,2025-08,2025-08-13,9898,bank,4632356939,PAY-004
DISB-000570,AUTH-000601,BEN-0052,Vocational,2025-02,2025-02-25," KES 9,801 ",mobile_money,356-455-7431x329,PAY-004
DISB-002089,AUTH-002186,BEN-0195,Scholarship,2025-10,2025-11-17,15240,mobile_money,+1-270-902-6876x811,PAY-003
DISB-001592,AUTH-001668,BEN-0149,Vocational,2026-01,2026-01-30,9956,bank,001-408-350-1657x9055,PAY-002
DISB-000727,AUTH-000766,BEN-0068,Tech,2025-10,2025-10-13,11761,mobile_money,346.955.4947,PAY-003
DISB-001572,AUTH-001648,BEN-0147,Vocational,2026-01,2026-01-29,9813,bank,4632356939,PAY-003
DISB-001082,AUTH-001142,BEN-0100,Plus,2025-05,2025-05-29,7845,mobile_money,620-734-7175,PAY-002
DISB-001326,AUTH-001397,BEN-0123,Tech,2025-02,2025-02-16,11795,mobile_money,(622)749-9982x79501,PAY-004
DISB-000413,AUTH-000439,BEN-0037,Plus,2026-04,2026-05-09,7956,bank,842.866.1797,PAY-001
DISB-002139,AUTH-002236,BEN-0199,Tech,2026-06,2026-07-02,12154,mobile_money,+1-908-804-6619x63990,PAY-003
DISB-000805,AUTH-000845,BEN-0074,Scholarship,2025-09,2025-10-08,15125,mobile_money,+1-202-577-1670x145,PAY-004
DISB-000581,AUTH-000614,BEN-0053,Plus,2025-04,2025-05-06,8008,mobile_money,4673883171,PAY-002
DISB-001684,AUTH-001761,BEN-0157,Plus,2025-09,17/10/2025,8051,mobile_money,(383)838-9888,PAY-004
DISB-000196,AUTH-000205,BEN-0018,Tech,2026-06,2026-07-05,11825,bank,478.549.9121x65585,PAY-002
DISB-002101,AUTH-002198,BEN-0196,Vocational,2025-11,2025-11-23,10135,bank,+1-543-837-5047x930,PAY-004
DISB-001993,AUTH-002090,BEN-0188,Scholarship,2026-03,2026-03-19,14703,mobile_money,001-526-783-1589,PAY-003
DISB-000499,AUTH-000529,BEN-0044,Scholarship,2025-11,2025-11-28,15110,bank,+1-716-384-5775x9017,PAY-003
DISB-000708,AUTH-000747,BEN-0067,Scholarship,2026-05,2026-05-24," KES 14,867 ",bank,6994353875,PAY-003
DISB-002126,AUTH-002223,BEN-0198,Vocational,2025-12,2025-12-25,12052,bank,+1-710-276-0954x3173,PAY-001
DISB-001237,AUTH-001306,BEN-0115,Plus,2026-05,2026-05-29,7916,mobile_money,001-911-203-9240x5147,PAY-002
DISB-001795,AUTH-001881,BEN-0169,Vocational,2026-06,2026-07-14," KES 10,057 ",mobile_money,+1-451-758-6734,PAY-003
DISB-002017,AUTH-002114,BEN-0190,Plus,2025-06,2025-06-20,8003,mobile_money,001-449-975-6792,PAY-002
DISB-001472,AUTH-001546,BEN-0137,Vocational,2026-03,2026-04-12,9863,bank,728-860-4765x801,PAY-002
DISB-001320,AUTH-001391,BEN-0122,Vocational,2025-10,2025-10-30,10131,bank,209.940.7778,PAY-004
DISB-001810,AUTH-001899,BEN-0170,Plus,2026-06,2026-06-26,7874,mobile_money,760.864.4134x327,PAY-004
DISB-001542,AUTH-001616,BEN-0144,Scholarship,2026-01,2026-01-23,14789,mobile_money,556-908-3318x1958,PAY-002
DISB-000611,AUTH-000644,BEN-0056,Plus,2025-03,2025-04-06,8126,mobile_money,7397652239,PAY-001
DISB-001106,AUTH-001168,BEN-0103,Plus,2026-01,2026-01-26,8002,bank,672-928-2005x5778,PAY-004
DISB-000082,AUTH-000082,BEN-0008,Plus,2025-05,2025-05-21,8085,bank,826.313.7506x06853,PAY-001
DISB-000839,AUTH-000879,BEN-0077,Scholarship,2026-03,2026-04-04,14805,mobile_money,498.427.0808x697,PAY-001
DISB-001935,AUTH-002029,BEN-0182,Plus,2025-01,2025-01-14,7947,mobile_money,+1-284-207-6789x973,PAY-001
DISB-000647,AUTH-000681,BEN-0060,Plus,2025-08,2025-09-02,8019,mobile_money,001-687-920-5061,PAY-004
DISB-000652,AUTH-000686,BEN-0061,Scholarship,2025-04,2025-04-19,15057,mobile_money,001-502-211-5869,PAY-003
DISB-000221,AUTH-000230,BEN-0021,Vocational,2025-09,2025-10-12,10130,bank,+1-547-533-8484x2199,PAY-001
DISB-002025,AUTH-002122,BEN-0190,Plus,2026-06,2026-06-29,8038,mobile_money,001-449-975-6792,PAY-003
DISB-001260,AUTH-001329,BEN-0117,Vocational,2025-09,2025-09-26,9908,mobile_money,584.404.6084,PAY-002
DISB-000633,AUTH-000666,BEN-0059,Vocational,2025-06,2026-03-18,9845,mobile_money,249.854.5089x2038,PAY-004
DISB-002151,AUTH-002249,BEN-0200,Vocational,2025-05,2025-05-19,9868,mobile_money,623.420.0249x685,PAY-003
DISB-000709,AUTH-000748,BEN-0067,Scholarship,2025-12,2025-12-11,14706,mobile_money,6994353875,PAY-004
DISB-000153,AUTH-000160,BEN-0014,Scholarship,2025-08,2026-03-10,11923,mobile_money,249.854.5089x2038,PAY-003
DISB-001650,AUTH-001727,BEN-0154,Plus,2025-12,2025-12-19,8060,bank,(854)878-1376x742,PAY-003
DISB-001270,AUTH-001339,BEN-0117,Vocational,2025-07,2025-07-15,9900,bank,584.404.6084,PAY-001
DISB-002027,AUTH-002124,BEN-0190,Plus,2025-05,,7870,bank,001-449-975-6792,PAY-001
DISB-001379,AUTH-001453,BEN-0128,Tech,2025-08,2025-09-02,12007,mobile_money,585.485.4249,PAY-001
DISB-000341,AUTH-000363,BEN-0031,Vocational,2025-02,18/03/2025,10113,mobile_money,912.903.8750,PAY-002
DISB-000053,AUTH-000053,BEN-0005,Scholarship,2025-12,2026-01-07,14905,bank,820.737.7889x25546,PAY-004
DISB-002010,AUTH-002107,BEN-0189,Tech,2026-01,2026-02-19,12165,mobile_money,372.888.1377x0285,PAY-003
DISB-000112,AUTH-000112,BEN-0010,Tech,2025-02,2025-02-22," KES 8,479 ",bank,+1-319-952-0585x27722,PAY-001
DISB-002115,AUTH-002212,BEN-0197,Plus,2025-09,2025-09-23,7976,mobile_money,+1-894-887-0605,PAY-004
DISB-001905,AUTH-001996,BEN-0180,Scholarship,2025-03,2025-04-16,15007,mobile_money,294.252.3219x416,PAY-004
DISB-002035,AUTH-002132,BEN-0191,Vocational,2026-01,2026-01-29,9938,bank,001-409-283-7801,PAY-001
DISB-001086,AUTH-001146,BEN-0101,Scholarship,2025-04,2025-04-20," KES 15,050 ",bank,+1-824-655-8771,PAY-002
DISB-000418,AUTH-000444,BEN-0038,Plus,2025-12,2026-01-06,7869,bank,501-943-8889,PAY-002
DISB-001784,AUTH-001870,BEN-0168,Scholarship,2025-04,2026-03-25,11220,bank,249.854.5089x2038,PAY-002
DISB-001184,AUTH-001250,BEN-0110,Vocational,2025-05,2025-06-05,10127,bank,001-365-309-4801x4138,PAY-004
DISB-000133,AUTH-000137,BEN-0011,Plus,2025-08,2025-08-20,8113,mobile_money,615-366-7652x775,PAY-003
DISB-000694,AUTH-000733,BEN-0065,Plus,2025-04,2025-04-30," KES 7,988 ",mobile_money,540-560-2933,PAY-003
DISB-000829,AUTH-000869,BEN-0076,Vocational,2025-03,2025-03-31,10033,mobile_money,758.799.7571x130,PAY-002
DISB-000928,AUTH-000982,BEN-0086,Plus,2026-05,2026-05-31,7922,bank,(756)920-5336x452,PAY-003
DISB-000604,AUTH-000637,BEN-0055,Tech,2025-02,2025-02-26,11969,mobile_money,576-287-0146x2638,PAY-003
DISB-000730,AUTH-000769,BEN-0069,Tech,2026-06,2026-07-12,12172,mobile_money,352.450.0743x2927,PAY-004
DISB-001973,AUTH-002070,BEN-0186,Vocational,2025-12,07/01/2026,10097,mobile_money,+1-884-966-8455x04892,PAY-004
DISB-001570,AUTH-001646,BEN-0147,Vocational,2026-05,2026-05-08,9948,mobile_money,4632356939,PAY-003
DISB-000065,AUTH-000065,BEN-0006,Vocational,2025-08,2025-09-17,10020,mobile_money,(752)981-6850x5423,PAY-004
DISB-001612,AUTH-001688,BEN-0150,Vocational,2026-02,2026-02-12,10176,bank,988.317.8847x9513,PAY-004
DISB-001164,AUTH-001227,BEN-0107,Plus,2025-05,2025-05-19,8103,bank,792.451.3271x9500,PAY-004
DISB-001425,AUTH-001499,BEN-0132,Scholarship,2025-09,2025-09-22,14846,mobile_money,8365965666,PAY-002
DISB-000862,AUTH-000902,BEN-0079,Plus,2026-01,2026-02-13,8026,mobile_money,880.557.1983,PAY-002
DISB-000752,AUTH-000792,BEN-0070,Scholarship,2025-12,2026-01-18,15024,bank,001-742-810-4478,PAY-004
DISB-000047,AUTH-000047,BEN-0004,Plus,2025-08,2025-08-23,6807,mobile_money,001-205-781-4770,PAY-002
DISB-000520,AUTH-000551,BEN-0047,Scholarship,2026-01,2026-01-24,14893,bank,+1-383-264-0376x137,PAY-003
DISB-000115,AUTH-000116,BEN-0010,Tech,2025-06,2025-06-21,12062,mobile_money,+1-319-952-0585x27722,PAY-003
DISB-001339,AUTH-001410,BEN-0124,Scholarship,2025-01,2025-02-01,15134,bank,001-995-429-9787,PAY-001
DISB-000672,AUTH-000708,BEN-0062,Tech,2025-08,2026-03-23,13984,bank,249.854.5089x2038,PAY-004
DISB-001926,AUTH-002019,BEN-0181,Tech,2025-05,2026-03-27,10629,bank,249.854.5089x2038,PAY-003
DISB-002055,AUTH-002152,BEN-0192,Plus,2026-02,2026-03-10,7905,bank,222-241-2462x0952,PAY-004
DISB-000084,AUTH-000084,BEN-0008,Plus,2026-01,2026-02-14,8053,bank,826.313.7506x06853,PAY-002
DISB-001135,AUTH-001197,BEN-0105,Scholarship,2025-08,2025-08-22,14933,bank,217-497-4973x5020,PAY-001
DISB-001137,AUTH-001199,BEN-0105,Scholarship,2026-01,2026-01-18,13653,bank,217-497-4973x5020,PAY-004
DISB-001388,AUTH-001462,BEN-0129,Tech,2025-11,,12137,mobile_money,817.447.7332x945,PAY-004
DISB-000949,AUTH-001004,BEN-0088,Scholarship,2025-02,2025-03-02,13096,bank,(929)592-7503,PAY-004
DISB-000594,AUTH-000627,BEN-0054,Vocational,2025-07,2025-08-06,9867,mobile_money,9132721510,PAY-003
DISB-001809,AUTH-001897,BEN-0170,Plus,2025-04,2025-05-07,8042,mobile_money,760.864.4134x327,PAY-001
DISB-001387,AUTH-001461,BEN-0129,Tech,2025-05,2025-06-03,12059,mobile_money,817.447.7332x945,PAY-003
DISB-001335,AUTH-001406,BEN-0123,Tech,2025-07,2025-07-16,11841,bank,(622)749-9982x79501,PAY-004
DISB-000624,AUTH-000657,BEN-0058,Plus,2025-10,2025-10-12,8065,mobile_money,372-751-3552,PAY-002
DISB-001888,AUTH-001979,BEN-0178,Plus,2025-07,2025-08-01,7844,bank,521-947-6492x5158,PAY-004
DISB-001305,AUTH-001376,BEN-0121,Plus,2025-04,2026-04-04,7896,bank,249.854.5089x2038,PAY-003
DISB-000540,AUTH-000571,BEN-0049,Scholarship,2025-05,2025-06-02,15123,bank,001-710-256-4814x9177,PAY-002
DISB-000605,AUTH-000638,BEN-0056,Plus,2026-06,2026-07-14,7878,mobile_money,7397652239,PAY-003
DISB-000272,AUTH-000292,BEN-0025,Plus,2025-05,2025-05-16,8061,mobile_money,971.239.7187x07286,PAY-002
DISB-001360,AUTH-001434,BEN-0127,Vocational,2026-02,2026-02-21,10197,mobile_money,923.207.6810x40915,PAY-003
DISB-001121,AUTH-001183,BEN-0104,Plus,2026-04,04/05/2026," KES 8,076 ",bank,780.577.4064x9308,PAY-004
DISB-001999,AUTH-002096,BEN-0188,Scholarship,2025-01,2025-02-03,15223,bank,001-526-783-1589,PAY-001
DISB-001789,AUTH-001875,BEN-0169,Vocational,2025-10,2025-10-24,10146,bank,+1-451-758-6734,PAY-002
DISB-000866,AUTH-000906,BEN-0079,Plus,2025-12,2026-01-08,8075,bank,880.557.1983,PAY-003
DISB-001859,AUTH-001948,BEN-0175,Vocational,2025-03,2025-04-04,10146,bank,(774)856-4494,PAY-004
DISB-000215,AUTH-000224,BEN-0020,Plus,2025-04,2025-04-28," KES 7,841 ",mobile_money,638.957.8652x78585,PAY-001
DISB-001298,AUTH-001369,BEN-0120,Plus,2025-10,2025-11-01,7986,bank,(256)599-9880x8177,PAY-004
DISB-001689,AUTH-001766,BEN-0157,Plus,2026-06,2026-07-02,8097,mobile_money,(383)838-9888,PAY-004
DISB-001199,AUTH-001265,BEN-0111,Scholarship,2025-04,2025-05-16,15289,mobile_money,555.885.5665x939,PAY-003
DISB-000657,AUTH-000691,BEN-0061,Scholarship,2025-11,2025-12-06,14801,mobile_money,001-502-211-5869,PAY-001
DISB-000785,AUTH-000825,BEN-0073,Scholarship,2026-01,2026-01-28,15017,bank,3027255794,PAY-001
DISB-001373,AUTH-001447,BEN-0128,Tech,2026-03,2026-04-18,11874,bank,585.485.4249,PAY-004
DISB-000111,AUTH-000111,BEN-0010,Tech,2025-05,2025-05-29,11934,bank,+1-319-952-0585x27722,PAY-004
DISB-000514,AUTH-000545,BEN-0046,Tech,2025-01,2025-01-28,11787,mobile_money,001-922-518-9092x75326,PAY-004
DISB-001284,AUTH-001355,BEN-0119,Scholarship,2025-10,2025-11-08,14714,bank,(417)428-9752x677,PAY-004
DISB-001857,AUTH-001946,BEN-0175,Vocational,2025-12,,10172,bank,(774)856-4494,PAY-001
DISB-001931,AUTH-002025,BEN-0182,Plus,2026-01,2026-01-12,7858,mobile_money,+1-284-207-6789x973,PAY-002
DISB-001541,AUTH-001615,BEN-0143,Scholarship,2025-10,08/11/2025,14943,bank,(225)982-7390x21962,PAY-001
DISB-001291,AUTH-001362,BEN-0119,Scholarship,2025-02,2025-02-24,14833,bank,(417)428-9752x677,PAY-003
DISB-001861,AUTH-001950,BEN-0175,Vocational,2026-05,2026-05-23,9914,mobile_money,(774)856-4494,PAY-003
DISB-001074,AUTH-001134,BEN-0100,Plus,2026-05,2026-06-01,8316,mobile_money,620-734-7175,PAY-003
DISB-001179,AUTH-001245,BEN-0109,Tech,2025-10,2025-10-19,11897,mobile_money,(394)256-5118,PAY-004
DISB-000018,AUTH-000018,BEN-0002,Scholarship,2025-06,2025-07-09,14999,bank,988.351.6060,PAY-001
DISB-000155,AUTH-000163,BEN-0014,Scholarship,2025-06,2026-04-03,15223,mobile_money,249.854.5089x2038,PAY-004
DISB-001397,AUTH-001471,BEN-0130,Vocational,2025-06,2025-06-16,10112,mobile_money,+1-476-996-3938,PAY-001
DISB-001788,AUTH-001874,BEN-0169,Vocational,2026-05,2026-06-16,9966,mobile_money,+1-451-758-6734,PAY-002
DISB-000863,AUTH-000903,BEN-0079,Plus,2025-10,2025-10-13,7931,mobile_money,880.557.1983,PAY-001
DISB-000015,AUTH-000015,BEN-0002,Scholarship,2025-10,2025-11-02,15027,bank,988.351.6060,PAY-003
DISB-000345,AUTH-000368,BEN-0031,Vocational,2025-08,2025-08-25,10070,mobile_money,912.903.8750,PAY-002
DISB-000707,AUTH-000746,BEN-0067,Scholarship,2025-09,2025-10-01,14850,bank,6994353875,PAY-003
DISB-001958,AUTH-002053,BEN-0185,Tech,2026-01,2026-03-24,11919,mobile_money,249.854.5089x2038,PAY-003
DISB-001951,AUTH-002046,BEN-0184,Tech,2025-05,2025-06-11,12196,bank,001-308-242-8910x77119,PAY-004
DISB-001790,AUTH-001876,BEN-0169,Vocational,2025-06,2025-06-23,9854,bank,+1-451-758-6734,PAY-002
DISB-002078,AUTH-002175,BEN-0194,Plus,2026-03,2026-04-16,8078,mobile_money,349.646.5398x4028,PAY-001
DISB-000124,AUTH-000126,BEN-0011,Plus,2026-04,2026-05-07,8125,mobile_money,615-366-7652x775,PAY-004
DISB-001248,AUTH-001317,BEN-0116,Plus,2025-05,2025-06-06,8067,mobile_money,+1-301-764-5104x6368,PAY-002
DISB-002119,AUTH-002216,BEN-0197,Plus,2025-05,2025-05-10,8025,bank,+1-894-887-0605,PAY-003
DISB-001517,AUTH-001591,BEN-0141,Plus,2025-06,2025-07-16,7979,bank,257-517-3203,PAY-003
DISB-000639,AUTH-000673,BEN-0060,Plus,2026-06,2026-07-03,7961,mobile_money,001-687-920-5061,PAY-004
DISB-000551,AUTH-000582,BEN-0050,Scholarship,2025-01,2025-02-11,12871,bank,265.441.9518,PAY-002
DISB-000925,AUTH-000979,BEN-0085,Scholarship,2025-05,2025-05-26,15276,mobile_money,(939)343-1290,PAY-002
DISB-001505,AUTH-001579,BEN-0140,Plus,2026-03,2026-03-29,8048,bank,(542)256-9087x7661,PAY-001
DISB-001855,AUTH-001944,BEN-0174,Plus,2025-10,2025-10-12,7883,bank,+1-736-269-4118x00537,PAY-003
DISB-002003,AUTH-002100,BEN-0188,Scholarship,2025-12,2026-01-16,14780,bank,001-526-783-1589,PAY-001
DISB-000004,AUTH-000004,BEN-0001,Tech,2026-01,2026-01-21,11923,mobile_money,876-379-7643x815,PAY-002
DISB-000144,AUTH-000148,BEN-0012,Plus,2026-03,2026-03-29,7997,bank,001-220-429-7021x3556,PAY-002
DISB-000506,AUTH-000536,BEN-0045,Scholarship,2026-03,03/04/2026,15009,bank,249.854.5089x2038,PAY-002
DISB-001053,AUTH-001112,BEN-0098,Vocational,2025-05,2025-06-03,10069,bank,+1-908-756-2718,PAY-004
DISB-002041,AUTH-002138,BEN-0191,Vocational,2026-05,2026-06-11,9930,mobile_money,001-409-283-7801,PAY-002
DISB-000204,AUTH-000213,BEN-0019,Plus,2025-05,2025-05-25,8004,mobile_money,(551)269-4097x499,PAY-002
DISB-001453,AUTH-001527,BEN-0135,Vocational,2026-06,2026-06-30,9919,mobile_money,+1-249-640-7929x049,PAY-002
DISB-001729,AUTH-001808,BEN-0162,Scholarship,2025-03,2025-03-24,15011,bank,+1-287-273-4778x48588,PAY-004
DISB-001233,AUTH-001302,BEN-0114,Scholarship,2025-03,2025-03-18,14926,mobile_money,516-586-2278x376,PAY-003
DISB-001079,AUTH-001139,BEN-0100,Plus,2026-04,2026-05-15,7902,bank,620-734-7175,PAY-002
DISB-000176,AUTH-000184,BEN-0016,Vocational,2026-02,2026-03-12,9945,mobile_money,+1-464-771-0276x77359,PAY-003
DISB-000305,AUTH-000326,BEN-0028,Vocational,2025-08,2025-08-26,9900,bank,(428)873-3427x0866,PAY-002
DISB-001960,AUTH-002055,BEN-0185,Tech,2025-03,2026-04-13,11856,bank,249.854.5089x2038,PAY-003
DISB-000864,AUTH-000904,BEN-0079,Plus,2026-04,2026-05-09,8071,mobile_money,880.557.1983,PAY-003
DISB-000174,AUTH-000182,BEN-0016,Vocational,2025-09,2025-09-17," KES 10,781 ",mobile_money,+1-464-771-0276x77359,PAY-004
DISB-001670,AUTH-001747,BEN-0156,Scholarship,2026-06,2026-07-06,15054,mobile_money,372-552-0456x50448,PAY-004
DISB-000553,AUTH-000584,BEN-0050,Scholarship,2026-06,2026-07-12,14771,bank,265.441.9518,PAY-001
DISB-001069,AUTH-001128,BEN-0099,Scholarship,2025-03,2025-03-28,15295,mobile_money,872-592-9314x386,PAY-003
DISB-000490,AUTH-000520,BEN-0044,Scholarship,2026-03,07/04/2026,15260,bank,+1-716-384-5775x9017,PAY-001
DISB-001460,AUTH-001534,BEN-0135,Vocational,2025-05,2025-05-30,10048,bank,+1-249-640-7929x049,PAY-001
DISB-001887,AUTH-001978,BEN-0178,Plus,2025-04,2025-04-30,7859,bank,521-947-6492x5158,PAY-001
DISB-001323,AUTH-001394,BEN-0123,Tech,2025-05,2025-06-16,11822,bank,(622)749-9982x79501,PAY-002
DISB-000270,AUTH-000290,BEN-0025,Plus,2026-05,26/05/2026,7941,mobile_money,971.239.7187x07286,PAY-003
DISB-000801,AUTH-000841,BEN-0074,Scholarship,2026-01,2026-02-02,15149,bank,+1-202-577-1670x145,PAY-001
DISB-000398,AUTH-000424,BEN-0036,Plus,2025-02,,8065,mobile_money,(592)745-9375x26547,PAY-003
DISB-001610,AUTH-001686,BEN-0150,Vocational,2025-11,2025-11-17,10189,bank,988.317.8847x9513,PAY-001
DISB-000239,AUTH-000255,BEN-0022,Scholarship,2026-04,2026-04-23,15118,bank,+1-293-280-2620x6724,PAY-002
DISB-001003,AUTH-001062,BEN-0094,Plus,2025-09,2025-10-15,8023,bank,+1-702-360-1279x61143,PAY-002
DISB-000953,AUTH-001008,BEN-0088,Scholarship,2025-03,,15196,bank,(929)592-7503,PAY-002
DISB-000525,AUTH-000556,BEN-0047,Scholarship,2026-02,2026-03-12,19268,bank,+1-383-264-0376x137,PAY-004
DISB-000193,AUTH-000202,BEN-0018,Tech,2025-11,2025-11-19,12073,mobile_money,478.549.9121x65585,PAY-004
DISB-001030,AUTH-001089,BEN-0096,Plus,2025-09,,8104,bank,248.994.7697x35779,PAY-004
DISB-000711,AUTH-000750,BEN-0067,Scholarship,2026-06,2026-07-08,15136,mobile_money,6994353875,PAY-002
DISB-002051,AUTH-002148,BEN-0192,Plus,2025-01,23/01/2025,8149,bank,222-241-2462x0952,PAY-002
DISB-000327,AUTH-000349,BEN-0030,Scholarship,2025-08,2025-09-04,11760,mobile_money,(504)789-9642,PAY-004
DISB-000045,AUTH-000045,BEN-0004,Plus,2026-04,2026-05-06,8157,bank,001-205-781-4770,PAY-002
DISB-001020,AUTH-001079,BEN-0095,Tech,2025-05,2025-06-10,11790,bank,692.805.3021,PAY-002
DISB-000461,AUTH-000490,BEN-0042,Vocational,2025-01,2025-01-30,10190,mobile_money,591-848-5807,PAY-004
DISB-000819,AUTH-000859,BEN-0076,Vocational,2025-02,2025-03-05,10042,mobile_money,758.799.7571x130,PAY-003
DISB-001520,AUTH-001594,BEN-0141,Plus,2025-01,2025-01-21,8157,mobile_money,257-517-3203,PAY-003
DISB-000281,AUTH-000302,BEN-0026,Tech,2025-04,2025-05-05,11823,mobile_money,+1-982-851-2868x23004,PAY-004
DISB-001089,AUTH-001149,BEN-0101,Scholarship,2025-06,2025-07-15,14953,bank,+1-824-655-8771,PAY-004
DISB-000585,AUTH-000618,BEN-0054,Vocational,2025-03,05/04/2025,10063,mobile_money,9132721510,PAY-003
DISB-001549,AUTH-001624,BEN-0145,Vocational,2026-02,19/02/2026,8148,mobile_money,(707)881-1379,PAY-002
DISB-001533,AUTH-001607,BEN-0143,Scholarship,2025-08,2025-09-02,15220,bank,(225)982-7390x21962,PAY-002
DISB-000121,AUTH-000123,BEN-0011,Plus,2025-03,2025-04-11,8154,bank,615-366-7652x775,PAY-001
DISB-000569,AUTH-000600,BEN-0052,Vocational,2025-04,2025-05-04,8393,bank,356-455-7431x329,PAY-003
DISB-000603,AUTH-000636,BEN-0055,Tech,2026-03,2026-04-19,12193,mobile_money,576-287-0146x2638,PAY-001
DISB-001675,AUTH-001752,BEN-0156,Scholarship,2025-11,2025-11-23,15252,bank,372-552-0456x50448,PAY-004
DISB-002042,AUTH-002139,BEN-0191,Vocational,2025-03,2025-03-19,9946,mobile_money,001-409-283-7801,PAY-002
DISB-000638,AUTH-000672,BEN-0059,Vocational,2026-02,2026-03-12,9995,bank,249.854.5089x2038,PAY-003
DISB-001041,AUTH-001100,BEN-0097,Scholarship,2026-05,2026-05-19,15211,bank,723-473-3343x333,PAY-003
DISB-001393,AUTH-001467,BEN-0130,Vocational,2025-01,2025-01-26,9870,mobile_money,+1-476-996-3938,PAY-002
DISB-000597,AUTH-000630,BEN-0054,Vocational,2025-11,2025-12-02,9968,mobile_money,9132721510,PAY-003
DISB-000222,AUTH-000231,BEN-0021,Vocational,2026-05,2026-06-12,10058,mobile_money,+1-547-533-8484x2199,PAY-001
DISB-000909,AUTH-000961,BEN-0084,Scholarship,2025-02,2025-03-10,14815,mobile_money,891-647-6607x2832,PAY-002
DISB-001617,AUTH-001693,BEN-0150,Vocational,2026-04,2026-04-22,10175,bank,988.317.8847x9513,PAY-004
DISB-002152,AUTH-002250,BEN-0200,Vocational,2026-05,2026-06-06,10158,mobile_money,623.420.0249x685,PAY-003
DISB-001843,AUTH-001932,BEN-0173,Tech,2025-05,2025-05-19,11822,bank,(577)613-3344x76263,PAY-001
DISB-002117,AUTH-002214,BEN-0197,Plus,2026-01,2026-02-05,8063,bank,+1-894-887-0605,PAY-004
DISB-000850,AUTH-000890,BEN-0078,Plus,2025-02,2025-02-26,7899,mobile_money,001-783-333-9452x288,PAY-003
DISB-000815,AUTH-000855,BEN-0075,Scholarship,2025-02,2025-03-12,15236,bank,986.363.1779,PAY-003
DISB-000629,AUTH-000662,BEN-0058,Plus,2025-11,2025-11-21,7865,bank,372-751-3552,PAY-001
DISB-001111,AUTH-001173,BEN-0103,Plus,2026-02,2026-02-28,7861,bank,672-928-2005x5778,PAY-001
DISB-001552,AUTH-001627,BEN-0145,Vocational,2025-09,2025-09-25,9841,mobile_money,(707)881-1379,PAY-001
DISB-001920,AUTH-002012,BEN-0181,Tech,2026-05,2026-04-02,12135,mobile_money,249.854.5089x2038,PAY-003
DISB-001919,AUTH-002011,BEN-0181,Tech,2025-12,2026-04-09,9107,mobile_money,249.854.5089x2038,PAY-001
DISB-000416,AUTH-000442,BEN-0038,Plus,2025-06,2025-07-10,7911,bank,501-943-8889,PAY-002
DISB-002133,AUTH-002230,BEN-0199,Tech,2025-06,2025-07-09,12128,bank,+1-908-804-6619x63990,PAY-001
DISB-000691,AUTH-000730,BEN-0065,Plus,2026-04,08/05/2026,7861,mobile_money,540-560-2933,PAY-003
DISB-001979,AUTH-002076,BEN-0186,Vocational,2025-05,2025-06-08,9802,mobile_money,+1-884-966-8455x04892,PAY-002
DISB-000385,AUTH-000411,BEN-0035,Plus,2026-02,07/02/2026,8069,bank,698.926.2244,PAY-004
DISB-000762,AUTH-000802,BEN-0071,Plus,2025-04,2025-04-27,8026,mobile_money,+1-609-901-0016x761,PAY-001
DISB-000945,AUTH-001000,BEN-0087,Plus,2025-12,2026-03-22,6217,mobile_money,249.854.5089x2038,PAY-001
DISB-000851,AUTH-000891,BEN-0078,Plus,2025-12,2026-01-07,8143,bank,001-783-333-9452x288,PAY-003
DISB-000544,AUTH-000575,BEN-0049,Scholarship,2026-01,2026-01-22,14714,bank,001-710-256-4814x9177,PAY-002
DISB-000799,AUTH-000839,BEN-0074,Scholarship,2026-04,2026-04-22,14851,bank,+1-202-577-1670x145,PAY-004
DISB-001127,AUTH-001189,BEN-0104,Plus,2026-02,2026-03-15,7913,mobile_money,780.577.4064x9308,PAY-002
DISB-000844,AUTH-000884,BEN-0077,Scholarship,2026-02,2026-03-08,15080,bank,498.427.0808x697,PAY-001
DISB-000724,AUTH-000763,BEN-0068,Tech,2025-07,2025-08-04,12014,bank,346.955.4947,PAY-001
DISB-001855,AUTH-001944,BEN-0174,Plus,2025-10,12/10/2025,7883,bank,+1-736-269-4118x00537,PAY-003
DISB-000580,AUTH-000613,BEN-0053,Plus,2025-12,2025-12-23,8051,bank,4673883171,PAY-001
DISB-001445,AUTH-001519,BEN-0134,Scholarship,2025-10,2025-11-07,15154,bank,001-247-781-8913x71894,PAY-004
DISB-000394,AUTH-000420,BEN-0036,Plus,2025-09,2025-09-11,8067,bank,(592)745-9375x26547,PAY-001
DISB-000571,AUTH-000602,BEN-0052,Vocational,2025-03,2025-04-11,10088,bank,356-455-7431x329,PAY-002
DISB-000414,AUTH-000440,BEN-0037,Plus,2025-02,2025-03-07,8027,bank,842.866.1797,PAY-001
DISB-000083,AUTH-000083,BEN-0008,Plus,2025-12,18/12/2025,8093,mobile_money,826.313.7506x06853,PAY-003
DISB-002067,AUTH-002164,BEN-0193,Tech,2025-06,,12164,bank,4636048913,PAY-001
DISB-001009,AUTH-001068,BEN-0094,Plus,2025-08,2025-09-18,8403,mobile_money,+1-702-360-1279x61143,PAY-004
DISB-000040,AUTH-000040,BEN-0004,Plus,2025-03,2025-04-18,8117,bank,001-205-781-4770,PAY-001
DISB-001796,AUTH-001882,BEN-0169,Vocational,2025-12,2025-12-31,9905,bank,+1-451-758-6734,PAY-002
DISB-001262,AUTH-001331,BEN-0117,Vocational,2025-08,2025-08-13,10026,bank,584.404.6084,PAY-004
DISB-001524,AUTH-001598,BEN-0142,Tech,2026-02,2026-02-16,11794,bank,+1-407-390-3202x0417,PAY-002
DISB-001131,AUTH-001193,BEN-0105,Scholarship,2026-05,2026-05-18,14725,mobile_money,217-497-4973x5020,PAY-004
DISB-000966,AUTH-001021,BEN-0089,Vocational,2025-04,2025-04-22,9909,mobile_money,(566)859-1846,PAY-003
DISB-000607,AUTH-000640,BEN-0056,Plus,2025-11,2025-11-23,8073,bank,7397652239,PAY-001
DISB-000486,AUTH-000515,BEN-0043,Scholarship,2026-04,2026-04-29,14736,bank,709.658.4982,PAY-001
DISB-000129,AUTH-000131,BEN-0011,Plus,2026-05,2026-05-19,7903,mobile_money,615-366-7652x775,PAY-002
DISB-000751,AUTH-000791,BEN-0070,Scholarship,2025-01,2025-01-23,14786,mobile_money,001-742-810-4478,PAY-003
DISB-001515,AUTH-001589,BEN-0141,Plus,2026-02,2026-02-21,8042,mobile_money,257-517-3203,PAY-001
DISB-001479,AUTH-001553,BEN-0137,Vocational,2025-07,2025-08-11,10191,mobile_money,728-860-4765x801,PAY-001
DISB-001471,AUTH-001545,BEN-0137,Vocational,2026-02,2026-02-24,9941,bank,728-860-4765x801,PAY-003
DISB-000573,AUTH-000605,BEN-0052,Vocational,2025-01,2025-02-08,10078,mobile_money,356-455-7431x329,PAY-004
DISB-001103,AUTH-001164,BEN-0103,Plus,2025-07,2025-07-29,8039,bank,672-928-2005x5778,PAY-004
DISB-000408,AUTH-000434,BEN-0037,Plus,2025-01,2025-01-17," KES 7,860 ",bank,842.866.1797,PAY-004
DISB-001075,AUTH-001135,BEN-0100,Plus,2026-02,2026-03-04,7848,bank,620-734-7175,PAY-002
DISB-001838,AUTH-001927,BEN-0173,Tech,2025-12,2026-01-14,12165,bank,(577)613-3344x76263,PAY-004
DISB-001443,AUTH-001517,BEN-0134,Scholarship,2025-02,2025-02-22,14740,mobile_money,001-247-781-8913x71894,PAY-002
DISB-001035,AUTH-001094,BEN-0096,Plus,2025-12,2025-12-24,7866,mobile_money,248.994.7697x35779,PAY-003
DISB-001875,AUTH-001965,BEN-0176,Scholarship,2025-12,2026-01-03,10767,mobile_money,(487)477-1215x134,PAY-004
DISB-001212,AUTH-001278,BEN-0112,Scholarship,2025-10,2025-10-27,14848,bank,2489889921,PAY-002
DISB-000832,AUTH-000872,BEN-0077,Scholarship,2026-05,2026-05-12,14929,mobile_money,498.427.0808x697,PAY-003
DISB-001258,AUTH-001327,BEN-0117,Vocational,2026-03,2026-04-09,10064,bank,584.404.6084,PAY-003
DISB-002156,AUTH-002256,BEN-0200,Vocational,2025-12,2026-01-06,10136,mobile_money,623.420.0249x685,PAY-003
DISB-001693,AUTH-001770,BEN-0157,Plus,2025-02,2025-03-10,8088,mobile_money,(383)838-9888,PAY-002
DISB-001786,AUTH-001872,BEN-0168,Scholarship,2025-12,2026-03-07,15043,bank,249.854.5089x2038,PAY-004
DISB-000894,AUTH-000943,BEN-0083,Plus,2025-03,2025-04-04,8136,mobile_money,(607)350-1102,PAY-001
DISB-000256,AUTH-000273,BEN-0024,Plus,2026-04,2026-04-02,8084,bank,249.854.5089x2038,PAY-004
DISB-000207,AUTH-000216,BEN-0019,Plus,2025-09,2025-10-03,8067,mobile_money,(551)269-4097x499,PAY-001
DISB-002102,AUTH-002199,BEN-0196,Vocational,2026-04,2026-05-13,9928,mobile_money,+1-543-837-5047x930,PAY-002
DISB-001714,AUTH-001792,BEN-0159,Plus,2025-05,2025-05-27,8074,bank,293.389.1190x83342,PAY-002
DISB-002040,AUTH-002137,BEN-0191,Vocational,2025-01,2025-01-22,9978,mobile_money,001-409-283-7801,PAY-002
DISB-000403,AUTH-000429,BEN-0037,Plus,2025-08,2025-09-07,8033,mobile_money,842.866.1797,PAY-004
DISB-000554,AUTH-000585,BEN-0050,Scholarship,2026-02,2026-02-19,14862,mobile_money,265.441.9518,PAY-003
DISB-000089,AUTH-000089,BEN-0008,Plus,2025-03,2025-03-29,8039,mobile_money,826.313.7506x06853,PAY-004
DISB-001349,AUTH-001420,BEN-0125,Vocational,2026-02,2026-03-14,9803,mobile_money,249.854.5089x2038,PAY-001
DISB-001144,AUTH-001206,BEN-0106,Scholarship,2025-04,2025-05-01,15015,bank,(901)836-7303x7183,PAY-004
DISB-000124,AUTH-000126,BEN-0011,Plus,2026-04,2026-05-07,8125,mobile_money,615-366-7652x775,PAY-004
DISB-000372,AUTH-000395,BEN-0033,Plus,2025-09,2025-10-08,7964,bank,842-493-9685,PAY-001
DISB-001556,AUTH-001631,BEN-0145,Vocational,2025-03,2025-03-27,9961,mobile_money,(707)881-1379,PAY-001
DISB-000406,AUTH-000432,BEN-0037,Plus,2026-06,2026-06-20,8158,mobile_money,842.866.1797,PAY-003
DISB-001858,AUTH-001947,BEN-0175,Vocational,2025-05,2025-06-06,9275,bank,(774)856-4494,PAY-003
DISB-001428,AUTH-001502,BEN-0132,Scholarship,2025-02,2025-03-10,14754,bank,8365965666,PAY-004
DISB-001016,AUTH-001075,BEN-0095,Tech,2026-03,2026-03-18,11834,bank,692.805.3021,PAY-001
DISB-000117,AUTH-000119,BEN-0010,Tech,2026-02,2026-03-12,12022,mobile_money,+1-319-952-0585x27722,PAY-001
DISB-001862,AUTH-001951,BEN-0175,Vocational,2025-06,2025-06-20,10001,bank,(774)856-4494,PAY-001
DISB-000412,AUTH-000438,BEN-0037,Plus,2025-12,2025-12-11,7911,bank,842.866.1797,PAY-002
DISB-000101,AUTH-000101,BEN-0009,Plus,2026-01,2026-01-19,8096,mobile_money,203-569-7117,PAY-001
DISB-000741,AUTH-000780,BEN-0069,Tech,2025-01,2025-01-31,11765,bank,352.450.0743x2927,PAY-001
DISB-000782,AUTH-000822,BEN-0073,Scholarship,2025-01,2025-02-09,14757,mobile_money,3027255794,PAY-001
DISB-000804,AUTH-000844,BEN-0074,Scholarship,2025-05,2025-06-18,14794,bank,+1-202-577-1670x145,PAY-001
DISB-000278,AUTH-000298,BEN-0025,Plus,2025-03,2025-03-29,7896,mobile_money,971.239.7187x07286,PAY-003
DISB-002127,AUTH-002224,BEN-0198,Vocational,2025-09,2025-10-06,7923,mobile_money,+1-710-276-0954x3173,PAY-003
DISB-001744,AUTH-001823,BEN-0163,Scholarship,2026-01,2026-02-05,15274,bank,(447)796-9545x0090,PAY-004
DISB-002123,AUTH-002220,BEN-0198,Vocational,2026-02,2026-02-14,10046,mobile_money,+1-710-276-0954x3173,PAY-001
DISB-001642,AUTH-001719,BEN-0153,Vocational,2026-05,2026-05-24,9819,mobile_money,317-702-8140x69375,PAY-004
DISB-001206,AUTH-001272,BEN-0112,Scholarship,2025-01,2025-01-17,14730,mobile_money,2489889921,PAY-004
DISB-001856,AUTH-001945,BEN-0175,Vocational,2026-04,2026-05-02,10107,mobile_money,(774)856-4494,PAY-002
DISB-001399,AUTH-001473,BEN-0130,Vocational,2025-08,2025-08-23,10015,bank,+1-476-996-3938,PAY-001
DISB-001657,AUTH-001734,BEN-0155,Vocational,2025-04,2025-04-21,9993,bank,001-647-687-3002,PAY-001
DISB-000202,AUTH-000211,BEN-0018,Tech,2025-08,2025-09-06,12108,bank,478.549.9121x65585,PAY-001
DISB-001906,AUTH-001997,BEN-0180,Scholarship,2025-04,2025-04-20,14927,bank,294.252.3219x416,PAY-004
DISB-001407,AUTH-001481,BEN-0131,Tech,2026-01,2026-02-18,9113,bank,296-457-0132,PAY-002
DISB-000704,AUTH-000743,BEN-0066,Vocational,2025-10,2025-10-22,9868,bank,743.674.8969x108,PAY-002
DISB-001798,AUTH-001884,BEN-0169,Vocational,2025-07,2025-07-29,8677,mobile_money,+1-451-758-6734,PAY-001
DISB-000044,AUTH-000044,BEN-0004,Plus,2025-10,2025-10-21,6335,mobile_money,001-205-781-4770,PAY-002
DISB-000905,AUTH-000956,BEN-0084,Scholarship,2025-04,2025-05-05,15220,bank,891-647-6607x2832,PAY-002
DISB-000589,AUTH-000622,BEN-0054,Vocational,2025-12,2026-01-08,10046,mobile_money,9132721510,PAY-004
DISB-001683,AUTH-001760,BEN-0157,Plus,2025-12,12/01/2026,8013,bank,(383)838-9888,PAY-004
DISB-001564,AUTH-001640,BEN-0146,Scholarship,2026-04,2026-05-03," KES 14,885 ",bank,(652)473-5435x2090,PAY-003
DISB-000705,AUTH-000744,BEN-0066,Vocational,2025-06,2025-06-24," KES 10,060 ",mobile_money,743.674.8969x108,PAY-004
DISB-000333,AUTH-000355,BEN-0030,Scholarship,2026-06,2026-07-04,15090,mobile_money,(504)789-9642,PAY-004
DISB-001153,AUTH-001215,BEN-0106,Scholarship,2025-06,2025-06-29,15171,mobile_money,(901)836-7303x7183,PAY-002
DISB-001629,AUTH-001706,BEN-0151,Vocational,2025-07,2026-04-05,10180,mobile_money,249.854.5089x2038,PAY-001
DISB-000063,AUTH-000063,BEN-0006,Vocational,2025-09,2025-10-13,9832,mobile_money,(752)981-6850x5423,PAY-002
DISB-002138,AUTH-002235,BEN-0199,Tech,2025-12,2026-01-06," KES 11,870 ",bank,+1-908-804-6619x63990,PAY-003
DISB-001126,AUTH-001188,BEN-0104,Plus,2025-05,,8118,bank,780.577.4064x9308,PAY-001
DISB-001288,AUTH-001359,BEN-0119,Scholarship,2025-08,2025-08-14," KES 14,828 ",bank,(417)428-9752x677,PAY-004
DISB-000793,AUTH-000833,BEN-0074,Scholarship,2026-06,2026-06-24,14843,bank,+1-202-577-1670x145,PAY-001
DISB-001507,AUTH-001581,BEN-0140,Plus,2026-04,25/04/2026,8091,bank,(542)256-9087x7661,PAY-002
DISB-001861,AUTH-001950,BEN-0175,Vocational,2026-05,2026-05-23,9914,mobile_money,(774)856-4494,PAY-003
DISB-002070,AUTH-002167,BEN-0193,Tech,2026-05,2026-05-08,12104,mobile_money,4636048913,PAY-004
DISB-000630,AUTH-000663,BEN-0058,Plus,2025-02,2025-03-01,8007,mobile_money,372-751-3552,PAY-004
DISB-001833,AUTH-001922,BEN-0173,Tech,2025-06,20/06/2025,12229,mobile_money,(577)613-3344x76263,PAY-003
DISB-001597,AUTH-001673,BEN-0149,Vocational,2026-02,2026-03-02,9939,mobile_money,001-408-350-1657x9055,PAY-002
DISB-000827,AUTH-000867,BEN-0076,Vocational,2025-10,2025-11-01,9965,mobile_money,758.799.7571x130,PAY-004
DISB-001802,AUTH-001889,BEN-0170,Plus,2026-04,2026-04-09,8004,mobile_money,760.864.4134x327,PAY-002
DISB-001196,AUTH-001262,BEN-0111,Scholarship,2025-11,2025-11-27,15188,bank,555.885.5665x939,PAY-004
DISB-000936,AUTH-000990,BEN-0086,Plus,2025-02,2025-03-07,7852,bank,(756)920-5336x452,PAY-004
DISB-001701,AUTH-001779,BEN-0158,Scholarship,2026-02,2026-03-22,15130,bank,249.854.5089x2038,PAY-003
DISB-001579,AUTH-001655,BEN-0148,Plus,2025-11,2025-11-19,9343,mobile_money,907-942-7990,PAY-003
DISB-001283,AUTH-001354,BEN-0119,Scholarship,2025-01,2025-02-03,15186,bank,(417)428-9752x677,PAY-001
DISB-000280,AUTH-000300,BEN-0025,Plus,2025-02,10/03/2025,7982,mobile_money,971.239.7187x07286,PAY-004
DISB-001210,AUTH-001276,BEN-0112,Scholarship,2025-02,2025-03-15,14852,bank,2489889921,PAY-003
DISB-001668,AUTH-001745,BEN-0156,Scholarship,2025-05,2025-06-07,14961,bank,372-552-0456x50448,PAY-003
DISB-000817,AUTH-000857,BEN-0075,Scholarship,2026-05,2026-05-24,12673,bank,986.363.1779,PAY-003
DISB-001751,AUTH-001830,BEN-0164,Scholarship,2025-01,2025-01-28,15218,mobile_money,941-852-0850,PAY-001
DISB-000772,AUTH-000812,BEN-0071,Plus,2025-07,2025-07-16,8050,mobile_money,+1-609-901-0016x761,PAY-001
DISB-001346,AUTH-001417,BEN-0124,Scholarship,2025-10,2025-10-21,12773,bank,001-995-429-9787,PAY-003
DISB-001965,AUTH-002062,BEN-0186,Vocational,2026-03,2026-04-01,9875,bank,+1-884-966-8455x04892,PAY-003
DISB-001356,AUTH-001430,BEN-0126,Vocational,2025-01,2026-03-04,10160,mobile_money,249.854.5089x2038,PAY-004
DISB-000169,AUTH-000177,BEN-0016,Vocational,2026-01,2026-01-18,10054,bank,+1-464-771-0276x77359,PAY-002
DISB-001057,AUTH-001116,BEN-0098,Vocational,2025-11,2025-11-30,10101,bank,+1-908-756-2718,PAY-002
DISB-001091,AUTH-001151,BEN-0101,Scholarship,2026-03,2026-04-05,14881,mobile_money,+1-824-655-8771,PAY-001
DISB-001366,AUTH-001440,BEN-0127,Vocational,2025-08,2025-08-13,9977,bank,923.207.6810x40915,PAY-001
DISB-001702,AUTH-001780,BEN-0158,Scholarship,2025-08,2026-03-14,14954,bank,249.854.5089x2038,PAY-001
DISB-002159,,BEN-0024,Plus,2026-05,02/04/2026,8687,mobile_money,249.854.5089x2038,PAY-004
DISB-001147,AUTH-001209,BEN-0106,Scholarship,2025-11,2025-11-28,14777,mobile_money,(901)836-7303x7183,PAY-002
DISB-001819,AUTH-001908,BEN-0171,Plus,2025-04,2025-05-01,7937,bank,(406)534-5911,PAY-002
DISB-000816,AUTH-000856,BEN-0075,Scholarship,2025-04,2025-04-19,15196,bank,986.363.1779,PAY-004
DISB-001007,AUTH-001066,BEN-0094,Plus,2025-04,2025-05-08,8055,bank,+1-702-360-1279x61143,PAY-004
DISB-000871,AUTH-000911,BEN-0079,Plus,2026-06,2026-06-22,7859,mobile_money,880.557.1983,PAY-003
DISB-000884,AUTH-000929,BEN-0081,Plus,2025-05,2025-05-26,8071,mobile_money,(381)782-6886,PAY-001
DISB-000050,AUTH-000050,BEN-0004,Plus,2025-02,2025-03-02,7947,mobile_money,001-205-781-4770,PAY-004
DISB-001800,AUTH-001886,BEN-0169,Vocational,2025-09,2025-10-06,10163,bank,+1-451-758-6734,PAY-004
DISB-002087,AUTH-002184,BEN-0195,Scholarship,2026-03,2026-04-09,15023,bank,+1-270-902-6876x811,PAY-003
DISB-001056,AUTH-001115,BEN-0098,Vocational,2025-03,2025-03-25,9844,bank,+1-908-756-2718,PAY-004
DISB-000933,AUTH-000987,BEN-0086,Plus,2025-08,2025-08-27,8064,mobile_money,(756)920-5336x452,PAY-002
DISB-000223,AUTH-000232,BEN-0021,Vocational,2025-01,2025-01-27,10113,bank,+1-547-533-8484x2199,PAY-001
DISB-000917,AUTH-000969,BEN-0085,Scholarship,2025-12,2025-12-22,15273,mobile_money,(939)343-1290,PAY-003
DISB-000251,AUTH-000268,BEN-0023,Plus,2025-05,2025-06-04,8029,bank,449-932-9668x51612,PAY-003
DISB-002079,AUTH-002176,BEN-0194,Plus,2025-03,2025-03-25,7865,bank,349.646.5398x4028,PAY-003
DISB-000039,AUTH-000039,BEN-0004,Plus,2025-05,,8105,bank,001-205-781-4770,PAY-002
DISB-000034,AUTH-000034,BEN-0003,Tech,2026-01,2026-01-25,12132,bank,581-388-3552,PAY-001
DISB-001842,AUTH-001931,BEN-0173,Tech,2026-05,2026-05-28,12227,bank,(577)613-3344x76263,PAY-002
DISB-001077,AUTH-001137,BEN-0100,Plus,2025-01,2025-01-26,8112,bank,620-734-7175,PAY-004
DISB-001105,AUTH-001167,BEN-0103,Plus,2025-01,2025-02-06,8107,bank,672-928-2005x5778,PAY-004
DISB-000712,AUTH-000751,BEN-0067,Scholarship,2025-08,2025-08-26,14757,mobile_money,6994353875,PAY-002
DISB-001807,AUTH-001894,BEN-0170,Plus,2025-11,2025-11-18,7941,mobile_money,760.864.4134x327,PAY-001
DISB-000131,AUTH-000133,BEN-0011,Plus,2026-06,2026-06-25,5901,bank,615-366-7652x775,PAY-004
DISB-001028,AUTH-001087,BEN-0096,Plus,2025-05,2025-05-19,7932,bank,248.994.7697x35779,PAY-001
DISB-001705,AUTH-001783,BEN-0158,Scholarship,2025-01,2026-03-21,14824,bank,249.854.5089x2038,PAY-003
DISB-000680,AUTH-000717,BEN-0064,Tech,2026-01,2026-01-18,12116,mobile_money,001-278-450-8214x8628,PAY-002
DISB-001290,AUTH-001361,BEN-0119,Scholarship,2025-12,2025-12-31,15245,mobile_money,(417)428-9752x677,PAY-003
DISB-001812,AUTH-001901,BEN-0171,Plus,2026-03,02/04/2026,8004,bank,(406)534-5911,PAY-002
DISB-001697,AUTH-001774,BEN-0157,Plus,2026-01,2026-02-03,8053,bank,(383)838-9888,PAY-001
DISB-001110,AUTH-001172,BEN-0103,Plus,2025-05,2025-05-19,7890,bank,672-928-2005x5778,PAY-003
DISB-001292,AUTH-001363,BEN-0119,Scholarship,2025-05,2025-05-18,14839,mobile_money,(417)428-9752x677,PAY-001
DISB-002057,AUTH-002154,BEN-0193,Tech,2025-09,2025-09-20,12118,mobile_money,4636048913,PAY-002
DISB-001832,AUTH-001921,BEN-0173,Tech,2025-04,2025-04-22,11811,mobile_money,(577)613-3344x76263,PAY-004
DISB-000014,AUTH-000014,BEN-0002,Scholarship,2025-04,2025-04-30,15183,mobile_money,988.351.6060,PAY-004
DISB-000507,AUTH-000537,BEN-0045,Scholarship,2026-05,2026-03-20,15172,bank,249.854.5089x2038,PAY-001
DISB-002157,AUTH-002257,BEN-0200,Vocational,2026-04,2026-05-01,10156,mobile_money,623.420.0249x685,PAY-001
DISB-001415,AUTH-001489,BEN-0131,Tech,2025-11,2025-12-13,11970,mobile_money,296-457-0132,PAY-004
DISB-001238,AUTH-001307,BEN-0115,Plus,2025-09,2025-10-09,8045,mobile_money,001-911-203-9240x5147,PAY-003
DISB-001162,AUTH-001225,BEN-0107,Plus,2026-03,2026-03-16,7906,bank,792.451.3271x9500,PAY-002
DISB-000849,AUTH-000889,BEN-0078,Plus,2026-06,24/06/2026,8106,bank,001-783-333-9452x288,PAY-003
DISB-001587,AUTH-001663,BEN-0149,Vocational,2025-02,2025-03-15,9867,bank,001-408-350-1657x9055,PAY-004
DISB-000820,AUTH-000860,BEN-0076,Vocational,2025-11,2025-12-06,9980,mobile_money,758.799.7571x130,PAY-003
DISB-000310,AUTH-000332,BEN-0029,Vocational,2025-11,2025-12-06," KES 9,850 ",mobile_money,603-831-7393x6385,PAY-004
DISB-001763,AUTH-001842,BEN-0165,Tech,2026-03,2026-04-05,11913,bank,583-344-0496,PAY-002
DISB-000448,AUTH-000477,BEN-0041,Plus,2025-07,2025-07-29,8055,bank,(282)774-2257,PAY-004
DISB-001544,AUTH-001618,BEN-0144,Scholarship,2025-09,,15125,bank,556-908-3318x1958,PAY-002
DISB-001281,AUTH-001351,BEN-0118,Scholarship,2025-07,2025-07-25,14721,mobile_money,001-483-724-8262,PAY-004
DISB-001159,AUTH-001221,BEN-0107,Plus,2025-10,2025-10-16,7952,bank,792.451.3271x9500,PAY-001
DISB-001964,AUTH-002061,BEN-0186,Vocational,2025-04,2025-05-14,9924,bank,+1-884-966-8455x04892,PAY-004
DISB-001228,AUTH-001296,BEN-0114,Scholarship,2025-09,2025-09-27,14930,mobile_money,516-586-2278x376,PAY-002
DISB-002112,AUTH-002209,BEN-0197,Plus,2025-10,2025-10-18,8125,mobile_money,+1-894-887-0605,PAY-004
DISB-002044,AUTH-002141,BEN-0192,Plus,2025-12,09/01/2026,8012,mobile_money,222-241-2462x0952,PAY-001
DISB-001433,AUTH-001507,BEN-0133,Scholarship,2026-04,2026-04-28,14838,mobile_money,(867)996-9278,PAY-003
DISB-000988,AUTH-001044,BEN-0092,Scholarship,2025-11,2025-11-22,15103,mobile_money,+1-368-865-0863x7659,PAY-001
DISB-001532,AUTH-001606,BEN-0143,Scholarship,2026-02,2026-03-15,15170,mobile_money,(225)982-7390x21962,PAY-003
DISB-000703,AUTH-000742,BEN-0066,Vocational,2026-05,2026-05-30,9819,bank,743.674.8969x108,PAY-001
DISB-000130,AUTH-000132,BEN-0011,Plus,2025-09,2025-10-02,5970,mobile_money,615-366-7652x775,PAY-002
DISB-001782,AUTH-001867,BEN-0168,Scholarship,2025-07,2026-04-03,11416,mobile_money,249.854.5089x2038,PAY-002
DISB-001995,AUTH-002092,BEN-0188,Scholarship,2025-09,2025-09-23,14968,mobile_money,001-526-783-1589,PAY-003
DISB-001711,AUTH-001789,BEN-0159,Plus,2025-12,2026-01-20,5845,bank,293.389.1190x83342,PAY-004
DISB-000867,AUTH-000907,BEN-0079,Plus,2025-02,2025-03-04,7996,bank,880.557.1983,PAY-001
DISB-001696,AUTH-001773,BEN-0157,Plus,2025-08,2025-09-15,8030,mobile_money,(383)838-9888,PAY-003
DISB-001478,AUTH-001552,BEN-0137,Vocational,2025-10,14/10/2025,9965,bank,728-860-4765x801,PAY-002
DISB-002053,AUTH-002150,BEN-0192,Plus,2025-04,,8086,mobile_money,222-241-2462x0952,PAY-004
DISB-000769,AUTH-000809,BEN-0071,Plus,2025-12,2026-01-06," KES 7,953 ",bank,+1-609-901-0016x761,PAY-003
DISB-001778,AUTH-001861,BEN-0167,Plus,2026-01,2026-03-04,7322,mobile_money,249.854.5089x2038,PAY-001
DISB-000097,AUTH-000097,BEN-0008,Plus,2025-04,2025-04-29,7888,mobile_money,826.313.7506x06853,PAY-002
DISB-000965,AUTH-001020,BEN-0089,Vocational,2026-04,2026-05-04,9810,bank,(566)859-1846,PAY-004
DISB-001867,AUTH-001956,BEN-0175,Vocational,2026-02,2026-02-19,9869,bank,(774)856-4494,PAY-002
DISB-001709,AUTH-001787,BEN-0159,Plus,2026-06,2026-06-19,10028,bank,293.389.1190x83342,PAY-002
DISB-000417,AUTH-000443,BEN-0038,Plus,2026-05,2026-06-07,7852,mobile_money,501-943-8889,PAY-003
DISB-000599,AUTH-000632,BEN-0055,Tech,2025-12,2026-01-03,11834,mobile_money,576-287-0146x2638,PAY-003
DISB-002113,AUTH-002210,BEN-0197,Plus,2026-06,2026-07-14,7955,bank,+1-894-887-0605,PAY-001
DISB-002121,AUTH-002218,BEN-0197,Plus,2025-08,2025-08-25,8006,bank,+1-894-887-0605,PAY-002
DISB-000651,AUTH-000685,BEN-0061,Scholarship,2026-02,2026-03-23,14896,bank,001-502-211-5869,PAY-001
DISB-001183,AUTH-001249,BEN-0109,Tech,2026-01,2026-02-19,10658,mobile_money,(394)256-5118,PAY-002
DISB-000610,AUTH-000643,BEN-0056,Plus,2025-02,2025-03-09,7966,bank,7397652239,PAY-003
DISB-001892,AUTH-001983,BEN-0178,Plus,2025-01,2025-02-14,7908,mobile_money,521-947-6492x5158,PAY-002
DISB-000855,AUTH-000895,BEN-0078,Plus,2025-10,2025-11-05,7965,mobile_money,001-783-333-9452x288,PAY-001
DISB-001577,AUTH-001653,BEN-0148,Plus,2025-02,2025-02-26,7852,bank,907-942-7990,PAY-003
DISB-000387,AUTH-000413,BEN-0035,Plus,2025-10,2025-10-31,8115,bank,698.926.2244,PAY-002
DISB-001886,AUTH-001977,BEN-0178,Plus,2025-03,2025-03-25,8025,bank,521-947-6492x5158,PAY-003
DISB-001625,AUTH-001702,BEN-0151,Vocational,2025-08,2026-03-10,10057,mobile_money,249.854.5089x2038,PAY-001
DISB-000322,AUTH-000344,BEN-0030,Scholarship,2025-01,2025-02-05,14914,mobile_money,(504)789-9642,PAY-003
DISB-000242,AUTH-000258,BEN-0023,Plus,2025-06,2025-07-04,8039,mobile_money,449-932-9668x51612,PAY-004
DISB-000788,AUTH-000828,BEN-0073,Scholarship,2026-06,2026-06-20,14770,bank,3027255794,PAY-004
DISB-002124,AUTH-002221,BEN-0198,Vocational,2025-01,2025-01-26,9911,bank,+1-710-276-0954x3173,PAY-004
DISB-000139,AUTH-000143,BEN-0012,Plus,2026-05,2026-06-02,8137,mobile_money,001-220-429-7021x3556,PAY-001
DISB-000436,AUTH-000462,BEN-0039,Vocational,2025-08,05/09/2025,10178,bank,801-905-1238x2825,PAY-004
DISB-001878,AUTH-001969,BEN-0177,Scholarship,2025-02,2025-03-20,15274,bank,(701)277-7490,PAY-003
DISB-000677,AUTH-000713,BEN-0063,Tech,2025-10,2025-10-23,11861,mobile_money,202.946.2996x0653,PAY-003
DISB-001600,AUTH-001676,BEN-0149,Vocational,2025-11,2025-11-26,10152,bank,001-408-350-1657x9055,PAY-003
DISB-000260,AUTH-000279,BEN-0024,Plus,2025-07,2026-03-28,6836,mobile_money,249.854.5089x2038,PAY-002
DISB-001045,AUTH-001104,BEN-0097,Scholarship,2025-02,2025-03-14,15249,mobile_money,723-473-3343x333,PAY-002
DISB-001910,AUTH-002001,BEN-0180,Scholarship,2025-11,2025-12-17,14964,mobile_money,294.252.3219x416,PAY-003
DISB-001141,AUTH-001203,BEN-0106,Scholarship,2026-06,2026-06-21,15277,bank,(901)836-7303x7183,PAY-004
DISB-002145,AUTH-002242,BEN-0199,Tech,2025-04,2025-05-19," KES 12,036 ",bank,+1-908-804-6619x63990,PAY-004
DISB-000292,AUTH-000313,BEN-0027,Plus,2025-05,,8159,bank,6675383028,PAY-004
DISB-000904,AUTH-000955,BEN-0084,Scholarship,2025-07,2025-07-31,19499,mobile_money,891-647-6607x2832,PAY-003
DISB-002125,AUTH-002222,BEN-0198,Vocational,2025-03,2025-03-22,10042,mobile_money,+1-710-276-0954x3173,PAY-001
DISB-001586,AUTH-001662,BEN-0149,Vocational,2026-06,2026-06-22,9890,bank,001-408-350-1657x9055,PAY-003
DISB-001733,AUTH-001812,BEN-0162,Scholarship,2026-04,2026-04-16,15020,mobile_money,+1-287-273-4778x48588,PAY-002
DISB-001435,AUTH-001509,BEN-0133,Scholarship,2026-03,2026-04-07,14767,mobile_money,(867)996-9278,PAY-003
DISB-000662,AUTH-000697,BEN-0061,Scholarship,2026-01,27/01/2026,15112,mobile_money,001-502-211-5869,PAY-004
DISB-000567,AUTH-000598,BEN-0052,Vocational,2025-07,2025-08-05,9936,bank,356-455-7431x329,PAY-002
DISB-001845,AUTH-001934,BEN-0174,Plus,2026-01,2026-02-17,7494,mobile_money,+1-736-269-4118x00537,PAY-001
DISB-001970,AUTH-002067,BEN-0186,Vocational,2025-02,2025-03-03,10085,bank,+1-884-966-8455x04892,PAY-004
DISB-001422,AUTH-001496,BEN-0132,Scholarship,2025-06,2025-07-07,14902,mobile_money,8365965666,PAY-004
DISB-001158,AUTH-001220,BEN-0107,Plus,2025-06,2025-06-30,7974,mobile_money,792.451.3271x9500,PAY-002
DISB-000522,AUTH-000553,BEN-0047,Scholarship,2025-07,2025-07-19," KES 13,362 ",bank,+1-383-264-0376x137,PAY-001
DISB-001583,AUTH-001659,BEN-0148,Plus,2026-05,2026-05-16,8081,bank,907-942-7990,PAY-001
DISB-000042,AUTH-000042,BEN-0004,Plus,2026-03,2026-03-21,7963,mobile_money,001-205-781-4770,PAY-002
DISB-001818,AUTH-001907,BEN-0171,Plus,2026-06,2026-07-02,7993,mobile_money,(406)534-5911,PAY-002
DISB-000512,AUTH-000543,BEN-0046,Tech,2025-02,2025-03-08,12113,mobile_money,001-922-518-9092x75326,PAY-002
DISB-000585,AUTH-000618,BEN-0054,Vocational,2025-03,2025-04-05,10063,mobile_money,9132721510,PAY-003
DISB-000401,AUTH-000427,BEN-0036,Plus,2025-05,2025-05-22,7961,bank,(592)745-9375x26547,PAY-003
DISB-001432,AUTH-001506,BEN-0133,Scholarship,2025-01,2025-01-24,14733,mobile_money,(867)996-9278,PAY-003
DISB-001483,AUTH-001557,BEN-0137,Vocational,2025-04,2025-04-26,9818,mobile_money,728-860-4765x801,PAY-002
DISB-000568,AUTH-000599,BEN-0052,Vocational,2026-02,2026-02-22,9969,bank,356-455-7431x329,PAY-003
DISB-001133,AUTH-001195,BEN-0105,Scholarship,2025-11,2025-11-22,14943,bank,217-497-4973x5020,PAY-001
DISB-000473,AUTH-000502,BEN-0042,Vocational,2025-08,2025-08-25,9817,mobile_money,591-848-5807,PAY-002
DISB-000740,AUTH-000779,BEN-0069,Tech,2025-12,2026-01-19,11860,bank,352.450.0743x2927,PAY-001
DISB-002080,AUTH-002177,BEN-0194,Plus,2026-04,2026-04-21,7937,mobile_money,349.646.5398x4028,PAY-004
DISB-000978,AUTH-001034,BEN-0091,Tech,2025-12,2026-01-01,11766,bank,001-329-584-2579,PAY-004
DISB-000941,AUTH-000995,BEN-0087,Plus,2025-04,2026-03-30,7009,bank,249.854.5089x2038,PAY-001
DISB-001377,AUTH-001451,BEN-0128,Tech,2025-12,2025-12-22,11896,bank,585.485.4249,PAY-001
DISB-000962,AUTH-001017,BEN-0089,Vocational,2025-05,2025-05-27,9974,mobile_money,(566)859-1846,PAY-001
DISB-001295,AUTH-001366,BEN-0120,Plus,2026-04,2026-05-07,7921,bank,(256)599-9880x8177,PAY-001
DISB-001713,AUTH-001791,BEN-0159,Plus,2025-03,2025-04-09,7843,mobile_money,293.389.1190x83342,PAY-001
DISB-002093,AUTH-002190,BEN-0195,Scholarship,2026-02,2026-03-22,14722,mobile_money,+1-270-902-6876x811,PAY-002
DISB-000642,AUTH-000676,BEN-0060,Plus,2025-02,2025-03-07,7938,mobile_money,001-687-920-5061,PAY-003
DISB-000234,AUTH-000246,BEN-0021,Vocational,2026-03,2026-04-02,10159,bank,+1-547-533-8484x2199,PAY-003
DISB-000754,AUTH-000794,BEN-0070,Scholarship,2026-06,2026-07-09,13103,bank,001-742-810-4478,PAY-002
DISB-000787,AUTH-000827,BEN-0073,Scholarship,2025-03,2025-03-11,15074,mobile_money,3027255794,PAY-004
DISB-000367,AUTH-000390,BEN-0033,Plus,2026-02,2026-02-27,8145,bank,842-493-9685,PAY-003
DISB-001151,AUTH-001213,BEN-0106,Scholarship,2025-07,2025-08-05,14854,mobile_money,(901)836-7303x7183,PAY-004
DISB-000134,AUTH-000138,BEN-0012,Plus,2026-01,2026-02-06,8083,bank,001-220-429-7021x3556,PAY-002
DISB-001315,AUTH-001386,BEN-0122,Vocational,2025-04,2025-05-04,9903,mobile_money,209.940.7778,PAY-004
DISB-001749,AUTH-001828,BEN-0164,Scholarship,2026-04,2026-05-07,14888,mobile_money,941-852-0850,PAY-002
DISB-001049,AUTH-001108,BEN-0098,Vocational,2026-02,2026-03-03,10084,mobile_money,+1-908-756-2718,PAY-001
DISB-000715,AUTH-000754,BEN-0067,Scholarship,2026-03,2026-04-04,14955,bank,6994353875,PAY-004
DISB-001480,AUTH-001554,BEN-0137,Vocational,2026-06,2026-06-30,10127,bank,728-860-4765x801,PAY-001
DISB-001673,AUTH-001750,BEN-0156,Scholarship,2025-04,2025-05-04,15026,mobile_money,372-552-0456x50448,PAY-003
DISB-000992,AUTH-001048,BEN-0092,Scholarship,2025-03,2025-03-26,11859,mobile_money,+1-368-865-0863x7659,PAY-004
DISB-000790,AUTH-000830,BEN-0073,Scholarship,2025-09,2025-09-28,14741,mobile_money,3027255794,PAY-001
DISB-001218,AUTH-001285,BEN-0113,Scholarship,2025-12,2026-01-06,14852,mobile_money,(610)255-6613x9060,PAY-002
DISB-001129,AUTH-001191,BEN-0105,Scholarship,2026-04,2026-04-28,15062,mobile_money,217-497-4973x5020,PAY-004
DISB-001217,AUTH-001284,BEN-0113,Scholarship,2026-04,2026-05-07,14775,bank,(610)255-6613x9060,PAY-002
DISB-000463,AUTH-000492,BEN-0042,Vocational,2025-07,27/07/2025,10025,mobile_money,591-848-5807,PAY-003
DISB-000873,AUTH-000914,BEN-0080,Vocational,2025-11,2026-04-01,9829,mobile_money,249.854.5089x2038,PAY-002
DISB-000920,AUTH-000973,BEN-0085,Scholarship,2026-02,10/03/2026,14740,mobile_money,(939)343-1290,PAY-002
DISB-000645,AUTH-000679,BEN-0060,Plus,2025-11,2025-12-15,8095,mobile_money,001-687-920-5061,PAY-004
DISB-000288,AUTH-000309,BEN-0026,Tech,2026-05,2026-05-27,11849,bank,+1-982-851-2868x23004,PAY-004
DISB-001122,AUTH-001184,BEN-0104,Plus,2026-03,2026-03-24,7845,bank,780.577.4064x9308,PAY-003
DISB-001389,AUTH-001463,BEN-0129,Tech,2026-02,2026-03-10," KES 11,782 ",mobile_money,817.447.7332x945,PAY-002
DISB-000246,AUTH-000262,BEN-0023,Plus,2026-05,2026-05-30," KES 7,879 ",bank,449-932-9668x51612,PAY-002
DISB-000974,AUTH-001030,BEN-0090,Vocational,2026-06,2026-07-17,9835,mobile_money,477.439.2603x0299,PAY-002
DISB-001094,AUTH-001154,BEN-0102,Plus,2025-09,2026-03-21,7996,mobile_money,249.854.5089x2038,PAY-003
DISB-000026,AUTH-000026,BEN-0003,Tech,2026-03,09/04/2026," KES 11,773 ",bank,581-388-3552,PAY-003
DISB-000058,AUTH-000058,BEN-0005,Scholarship,2026-06,2026-06-21,10699,bank,820.737.7889x25546,PAY-001
DISB-001567,AUTH-001643,BEN-0146,Scholarship,2026-03,2026-04-12,15264,mobile_money,(652)473-5435x2090,PAY-004
DISB-000803,AUTH-000843,BEN-0074,Scholarship,2025-02,2025-02-21,15209,mobile_money,+1-202-577-1670x145,PAY-003
DISB-000309,AUTH-000331,BEN-0029,Vocational,2025-12,2026-01-04,10035,mobile_money,603-831-7393x6385,PAY-004
DISB-002058,AUTH-002155,BEN-0193,Tech,2025-01,2025-02-01,12001,mobile_money,4636048913,PAY-004
DISB-000847,AUTH-000887,BEN-0077,Scholarship,2025-06,2025-07-07,15053,bank,498.427.0808x697,PAY-002
DISB-001923,AUTH-002015,BEN-0181,Tech,2025-03,2026-03-11,11100,bank,249.854.5089x2038,PAY-002
DISB-001336,AUTH-001407,BEN-0124,Scholarship,2026-05,2026-06-15,14918,mobile_money,001-995-429-9787,PAY-002
DISB-001058,AUTH-001117,BEN-0098,Vocational,2026-03,2026-04-07,9900,bank,+1-908-756-2718,PAY-001
DISB-000249,AUTH-000266,BEN-0023,Plus,2025-11,2025-12-03,7968,mobile_money,449-932-9668x51612,PAY-003
DISB-001984,AUTH-002081,BEN-0187,Tech,2026-02,,12166,bank,688-548-5200,PAY-001
DISB-001771,AUTH-001851,BEN-0166,Plus,2025-12,2026-01-04,8113,mobile_money,001-273-574-8969,PAY-003
DISB-000362,AUTH-000385,BEN-0033,Plus,2026-01,21/01/2026," KES 7,896 ",bank,842-493-9685,PAY-002
DISB-000883,AUTH-000928,BEN-0081,Plus,2026-01,2026-01-29,7850,bank,(381)782-6886,PAY-001
DISB-000666,AUTH-000702,BEN-0062,Tech,2025-07,2026-04-09,8946,mobile_money,249.854.5089x2038,PAY-002
DISB-001285,AUTH-001356,BEN-0119,Scholarship,2026-01,2026-01-16,14800,mobile_money,(417)428-9752x677,PAY-004
DISB-001955,AUTH-002050,BEN-0184,Tech,2025-08,2025-09-07,12182,bank,001-308-242-8910x77119,PAY-002
DISB-000663,AUTH-000698,BEN-0061,Scholarship,2025-06,2025-06-24,15014,mobile_money,001-502-211-5869,PAY-002
DISB-001608,AUTH-001684,BEN-0150,Vocational,2025-05,2025-06-03,9926,bank,988.317.8847x9513,PAY-001
DISB-000916,AUTH-000968,BEN-0085,Scholarship,2025-10,2025-10-29,10508,bank,(939)343-1290,PAY-004
DISB-000261,AUTH-000280,BEN-0024,Plus,2025-10,2026-04-01,7869,bank,249.854.5089x2038,PAY-002
DISB-000252,AUTH-000269,BEN-0023,Plus,2026-06,2026-06-30,8069,mobile_money,449-932-9668x51612,PAY-002
DISB-000302,AUTH-000323,BEN-0028,Vocational,2026-04,02/05/2026,9948,bank,(428)873-3427x0866,PAY-004
DISB-000890,AUTH-000937,BEN-0082,Vocational,2025-09,2026-03-24,9888,bank,249.854.5089x2038,PAY-004
DISB-002158,,BEN-0167,Plus,2026-05,2026-04-13,7742,bank,249.854.5089x2038,PAY-003
DISB-000963,AUTH-001018,BEN-0089,Vocational,2025-06,2025-07-11,10116,mobile_money,(566)859-1846,PAY-004
DISB-000807,AUTH-000847,BEN-0075,Scholarship,2025-07,2025-08-03,15201,mobile_money,986.363.1779,PAY-004
DISB-000546,AUTH-000577,BEN-0049,Scholarship,2026-05,2026-06-01,14873,mobile_money,001-710-256-4814x9177,PAY-004
DISB-001948,AUTH-002043,BEN-0184,Tech,2025-04,2025-04-28,11778,mobile_money,001-308-242-8910x77119,PAY-001
DISB-001267,AUTH-001336,BEN-0117,Vocational,2025-03,2025-03-27,10115,mobile_money,584.404.6084,PAY-001
DISB-000595,AUTH-000628,BEN-0054,Vocational,2026-03,2026-04-07,9976,bank,9132721510,PAY-002
DISB-000562,AUTH-000593,BEN-0051,Vocational,2026-02,2026-02-19,9935,bank,001-332-506-0385x05064,PAY-004
DISB-000248,AUTH-000264,BEN-0023,Plus,2025-12,2026-01-11,7978,mobile_money,449-932-9668x51612,PAY-004
DISB-001814,AUTH-001903,BEN-0171,Plus,2025-07,2025-08-17,7905,mobile_money,(406)534-5911,PAY-003
DISB-000802,AUTH-000842,BEN-0074,Scholarship,2025-06,2025-07-02,14736,bank,+1-202-577-1670x145,PAY-001
DISB-000922,AUTH-000976,BEN-0085,Scholarship,2025-03,2025-03-22,14717,mobile_money,(939)343-1290,PAY-003
DISB-000253,AUTH-000270,BEN-0023,Plus,2025-09,2025-09-24,8135,mobile_money,449-932-9668x51612,PAY-002
DISB-000473,AUTH-000502,BEN-0042,Vocational,2025-08,2025-08-25,9817,mobile_money,591-848-5807,PAY-002
DISB-001095,AUTH-001155,BEN-0102,Plus,2026-03,2026-04-05,6437,mobile_money,249.854.5089x2038,PAY-003
DISB-001826,AUTH-001915,BEN-0172,Plus,2025-06,2025-06-17,8017,mobile_money,529-254-3165x266,PAY-001
DISB-001395,AUTH-001469,BEN-0130,Vocational,2025-12,2026-01-11,9865,bank,+1-476-996-3938,PAY-002
DISB-000859,AUTH-000899,BEN-0079,Plus,2025-04,2025-04-28,8053,mobile_money,880.557.1983,PAY-003
DISB-001099,AUTH-001160,BEN-0102,Plus,2026-05,2026-03-18,6460,bank,249.854.5089x2038,PAY-003
DISB-000681,AUTH-000718,BEN-0064,Tech,2025-11,21/11/2025,11983,mobile_money,001-278-450-8214x8628,PAY-001
DISB-001032,AUTH-001091,BEN-0096,Plus,2025-10,2025-10-18,8159,bank,248.994.7697x35779,PAY-003
DISB-001494,AUTH-001568,BEN-0139,Vocational,2025-02,2025-02-24,9909,mobile_money,001-654-421-4066x504,PAY-001
DISB-000619,AUTH-000652,BEN-0057,Tech,2026-01,2026-01-24,12226,mobile_money,325-700-2921x85156,PAY-004
DISB-000689,AUTH-000727,BEN-0064,Tech,2025-09,2025-09-17," KES 12,216 ",mobile_money,001-278-450-8214x8628,PAY-003
DISB-000245,AUTH-000261,BEN-0023,Plus,2025-03,2025-03-23,8042,mobile_money,449-932-9668x51612,PAY-004
DISB-000304,AUTH-000325,BEN-0028,Vocational,2025-03,2025-03-20,10191,bank,(428)873-3427x0866,PAY-004
DISB-001613,AUTH-001689,BEN-0150,Vocational,2025-06,2025-06-25,9933,bank,988.317.8847x9513,PAY-002
DISB-000313,AUTH-000335,BEN-0029,Vocational,2025-06,2025-07-03,10140,mobile_money,603-831-7393x6385,PAY-001
DISB-002069,AUTH-002166,BEN-0193,Tech,2025-05,,11851,bank,4636048913,PAY-004
DISB-000725,AUTH-000764,BEN-0068,Tech,2026-02,2026-02-12," KES 12,044 ",mobile_money,346.955.4947,PAY-003
DISB-000243,AUTH-000259,BEN-0023,Plus,2025-07,2025-08-10,8153,mobile_money,449-932-9668x51612,PAY-002
DISB-001757,AUTH-001836,BEN-0165,Tech,2026-05,2026-05-22,11467,bank,583-344-0496,PAY-001
DISB-001978,AUTH-002075,BEN-0186,Vocational,2026-06,2026-07-16,10031,bank,+1-884-966-8455x04892,PAY-004
DISB-000596,AUTH-000629,BEN-0054,Vocational,2026-01,2026-02-19," KES 10,145 ",bank,9132721510,PAY-001
DISB-000361,AUTH-000384,BEN-0033,Plus,2025-04,2025-05-03,5825,bank,842-493-9685,PAY-004
DISB-000734,AUTH-000773,BEN-0069,Tech,2025-06,2025-07-01,11984,mobile_money,352.450.0743x2927,PAY-002
DISB-002024,AUTH-002121,BEN-0190,Plus,2026-01,2026-01-18,8022,mobile_money,001-449-975-6792,PAY-003
DISB-001200,AUTH-001266,BEN-0112,Scholarship,2025-05,2025-05-23,15240,mobile_money,2489889921,PAY-003
DISB-001639,AUTH-001716,BEN-0153,Vocational,2025-07,,9825,bank,317-702-8140x69375,PAY-001
DISB-001603,AUTH-001679,BEN-0150,Vocational,2025-08,2025-09-05,9975,bank,988.317.8847x9513,PAY-003
DISB-001254,AUTH-001323,BEN-0116,Plus,2026-06,2026-07-02,7844,mobile_money,+1-301-764-5104x6368,PAY-001
DISB-001392,AUTH-001466,BEN-0129,Tech,2025-04,2025-04-10,11973,bank,817.447.7332x945,PAY-001
DISB-000218,AUTH-000227,BEN-0020,Plus,2025-08,2025-08-14,8136,mobile_money,638.957.8652x78585,PAY-003
DISB-001066,AUTH-001125,BEN-0099,Scholarship,2025-10,2025-11-02,15235,mobile_money,872-592-9314x386,PAY-004
DISB-000561,AUTH-000592,BEN-0051,Vocational,2025-11,2025-11-19,10012,mobile_money,001-332-506-0385x05064,PAY-002
DISB-000500,AUTH-000530,BEN-0044,Scholarship,2025-02,2025-03-08,15185,mobile_money,+1-716-384-5775x9017,PAY-004
DISB-001306,AUTH-001377,BEN-0122,Vocational,2025-02,2025-02-24,9979,mobile_money,209.940.7778,PAY-002
DISB-001616,AUTH-001692,BEN-0150,Vocational,2026-06,2026-06-17,10048,mobile_money,988.317.8847x9513,PAY-002
DISB-000726,AUTH-000765,BEN-0068,Tech,2025-11,2025-11-22,11772,mobile_money,346.955.4947,PAY-003
DISB-001753,AUTH-001832,BEN-0164,Scholarship,2025-07,2025-07-28,15100,mobile_money,941-852-0850,PAY-003
DISB-000059,AUTH-000059,BEN-0005,Scholarship,2025-10,2025-10-18,15197,bank,820.737.7889x25546,PAY-002
DISB-001551,AUTH-001626,BEN-0145,Vocational,2026-03,2026-04-08,9986,mobile_money,(707)881-1379,PAY-003
DISB-000399,AUTH-000425,BEN-0036,Plus,2026-06,2026-07-06,8138,bank,(592)745-9375x26547,PAY-002
DISB-000985,AUTH-001041,BEN-0091,Tech,2025-04,2025-04-30," KES 12,173 ",bank,001-329-584-2579,PAY-003
DISB-001989,AUTH-002086,BEN-0187,Tech,2025-07,2025-07-17,11862,mobile_money,688-548-5200,PAY-004
DISB-000628,AUTH-000661,BEN-0058,Plus,2025-06,2025-06-25,7956,bank,372-751-3552,PAY-001
DISB-000622,AUTH-000655,BEN-0058,Plus,2025-01,2025-01-10,7860,bank,372-751-3552,PAY-002
DISB-001243,AUTH-001312,BEN-0116,Plus,2026-05,2026-05-24,8003,mobile_money,+1-301-764-5104x6368,PAY-004
DISB-000931,AUTH-000985,BEN-0086,Plus,2026-02,2026-03-10,7981,bank,(756)920-5336x452,PAY-004
DISB-001420,AUTH-001494,BEN-0132,Scholarship,2026-04,2026-05-06,15075,bank,8365965666,PAY-002
DISB-001957,AUTH-002052,BEN-0185,Tech,2025-01,2026-03-31,12234,mobile_money,249.854.5089x2038,PAY-002
DISB-000272,AUTH-000292,BEN-0025,Plus,2025-05,2025-05-16,8061,mobile_money,971.239.7187x07286,PAY-002
DISB-001593,AUTH-001669,BEN-0149,Vocational,2026-05,2026-05-15,9847,bank,001-408-350-1657x9055,PAY-002
DISB-002026,AUTH-002123,BEN-0190,Plus,2025-08,2025-08-25,8037,mobile_money,001-449-975-6792,PAY-001
DISB-001864,AUTH-001953,BEN-0175,Vocational,2025-11,2025-12-07,10011,mobile_money,(774)856-4494,PAY-004
DISB-001506,AUTH-001580,BEN-0140,Plus,2025-04,2025-05-12,7891,mobile_money,(542)256-9087x7661,PAY-002
DISB-000113,AUTH-000113,BEN-0010,Tech,2025-01,,11850,bank,+1-319-952-0585x27722,PAY-002
DISB-000658,AUTH-000692,BEN-0061,Scholarship,2025-02,2025-03-07,14889,bank,001-502-211-5869,PAY-002
DISB-001047,AUTH-001106,BEN-0097,Scholarship,2025-12,2025-12-24,14743,mobile_money,723-473-3343x333,PAY-001
DISB-002039,AUTH-002136,BEN-0191,Vocational,2025-04,2025-05-07,9857,bank,001-409-283-7801,PAY-001
DISB-001090,AUTH-001150,BEN-0101,Scholarship,2025-09,2025-10-08,14936,bank,+1-824-655-8771,PAY-004
DISB-001018,AUTH-001077,BEN-0095,Tech,2025-06,2025-06-11,12021,bank,692.805.3021,PAY-001
DISB-001512,AUTH-001586,BEN-0141,Plus,2025-10,2025-10-17,7840,bank,257-517-3203,PAY-004
DISB-002038,AUTH-002135,BEN-0191,Vocational,2025-10,2025-10-21,9932,mobile_money,001-409-283-7801,PAY-001
DISB-001730,AUTH-001809,BEN-0162,Scholarship,2026-01,2026-02-13,14800,bank,+1-287-273-4778x48588,PAY-001
DISB-000339,AUTH-000361,BEN-0031,Vocational,2025-04,2025-05-05,9376,mobile_money,912.903.8750,PAY-004
DISB-000447,AUTH-000476,BEN-0040,Scholarship,2025-10,2026-04-01,15070,bank,249.854.5089x2038,PAY-003
DISB-000563,AUTH-000594,BEN-0051,Vocational,2026-06,2026-07-03,10102,mobile_money,001-332-506-0385x05064,PAY-004
DISB-001005,AUTH-001064,BEN-0094,Plus,2025-01,2025-01-15,8096,bank,+1-702-360-1279x61143,PAY-003
DISB-001717,AUTH-001795,BEN-0159,Plus,2026-03,2026-04-15,7897,mobile_money,293.389.1190x83342,PAY-002
DISB-002082,AUTH-002179,BEN-0194,Plus,2025-10,2025-10-30,7976,bank,349.646.5398x4028,PAY-002
DISB-000088,AUTH-000088,BEN-0008,Plus,2026-02,2026-03-13,8132,mobile_money,826.313.7506x06853,PAY-002
DISB-002144,AUTH-002241,BEN-0199,Tech,2025-03,16/03/2025,12087,bank,+1-908-804-6619x63990,PAY-002
DISB-000853,AUTH-000893,BEN-0078,Plus,2025-04,2025-04-22,7921,mobile_money,001-783-333-9452x288,PAY-004
