invoice_id,dispatch_id,omc_id,customer_name,product,date,value_kes,prepared_by
INV-64733,DISP-04706,OMC-020,Ethiopian Oil,JETA1,22/03/2025,47747,FIN-004
INV-41947,DISP-08135,OMC-019,Tanzania Petroleum,PMS,," KES 45,745 ",FIN-001
INV-56237,DISP-04816,OMC-018,Uganda National Oil,PMS,2025-06-01,117581,FIN-002
INV-98017,DISP-07772,OMC-018,Uganda National Oil,PMS,2026-05-21,59861,FIN-005
INV-10610,DISP-00984,OMC-018,Uganda National Oil,LPG,2025-08-22,195437,FIN-001
INV-55046,DISP-09741,OMC-005,PetroOil Kenya,PMS,2026-02-14,35447,FIN-002
INV-58399,DISP-06212,OMC-013,Lake Oil,LUB,2025-03-27,144565,FIN-002
INV-68642,DISP-05185,OMC-010,Tamoil,DPK,2026-02-28,290171,FIN-004
INV-15770,DISP-05587,OMC-005,PetroOil Kenya,HFO,2026-03-13,100761,FIN-005
INV-82678,DISP-02179,OMC-012,Galana Energies,PMS,2026-03-10,174242,FIN-002
INV-37845,DISP-03925,OMC-017,KAA Aviation,PMS,2025-10-06,165359,FIN-005
INV-80926,DISP-08215,OMC-010,Tamoil,LUB,2026-03-28,187840,FIN-005
INV-72389,DISP-00146,OMC-020,Ethiopian Oil,PMS,2026-05-11,221050,FIN-004
INV-57773,DISP-02695,OMC-014,Texol Energies,DPK,2025-05-09,29662,FIN-001
INV-89870,DISP-05137,OMC-010,Tamoil,PMS,2025-03-15,44043,FIN-005
INV-92326,DISP-09758,OMC-009,Dalbit Petroleum,LUB,2026-07-02,39929,FIN-003
INV-84405,DISP-07065,OMC-005,PetroOil Kenya,LUB,04/02/2026,19774,FIN-003
INV-34944,DISP-05725,OMC-010,Tamoil,LUB,2026-05-17," KES 105,257 ",FIN-004
INV-43072,DISP-04245,OMC-018,Uganda National Oil,LPG,2025-04-07,224933,FIN-002
INV-44988,DISP-06577,OMC-018,Uganda National Oil,HFO,2025-08-13,28860,FIN-004
INV-31542,DISP-09312,OMC-009,Dalbit Petroleum,AGO,2025-02-17,205873,FIN-005
INV-46779,DISP-07682,OMC-014,Texol Energies,PMS,2025-09-19,291176,FIN-003
INV-28053,DISP-06462,OMC-014,Texol Energies,PMS,2025-03-06,33935,FIN-002
INV-40936,DISP-09026,OMC-020,Ethiopian Oil,LPG,2025-04-28,245929,FIN-004
INV-80631,DISP-00192,OMC-010,Tamoil,AGO,2025-04-22,83075,FIN-004
INV-60724,DISP-07659,OMC-007,Kobil,PMS,2026-05-27,139548,FIN-001
INV-25568,DISP-08991,OMC-014,Texol Energies,DPK,23/03/2025,47067,FIN-001
INV-22131,DISP-01591,OMC-015,Mombasa Petroleum,HFO,2026-05-04,255919,FIN-004
INV-92919,DISP-06421,OMC-019,Tanzania Petroleum,DPK,2025-08-13,59363,FIN-001
INV-34271,DISP-02546,OMC-011,Hass Petroleum,DPK,2025-07-26,50272,FIN-005
INV-99459,DISP-07528,OMC-005,PetroOil Kenya,AGO,2026-03-13,160133,FIN-002
INV-41208,DISP-01665,OMC-007,Kobil,DPK,2025-09-25,225915,FIN-003
INV-87588,DISP-05359,OMC-013,Lake Oil,DPK,2025-02-25,168390,FIN-005
INV-86823,DISP-00897,OMC-018,Uganda National Oil,JETA1,2025-02-05,56877,FIN-004
INV-29191,DISP-02300,OMC-005,PetroOil Kenya,LUB,2026-04-02,108447,FIN-002
INV-41781,DISP-03505,OMC-008,National Oil,AGO,2025-05-21,216447,FIN-003
INV-17843,DISP-03793,OMC-004,Gulf Energy,LUB,2026-02-18,200368,FIN-001
INV-79340,DISP-04102,OMC-009,Dalbit Petroleum,LPG,2026-06-19,193491,FIN-002
INV-31536,DISP-03123,OMC-001,TotalEnergies Kenya,HFO,2025-03-09,56729,FIN-003
INV-53442,DISP-02239,OMC-018,Uganda National Oil,LUB,2026-03-30,38406,FIN-003
INV-69729,DISP-03667,OMC-007,Kobil,AGO,2026-06-02," KES 142,045 ",FIN-002
INV-49783,DISP-01585,OMC-002,Vivo Energy,LPG,2025-07-14,174589,FIN-002
INV-57050,DISP-03211,OMC-005,PetroOil Kenya,LPG,2026-04-23,280243,FIN-001
INV-21886,DISP-07654,OMC-019,Tanzania Petroleum,HFO,2025-09-11,173060,FIN-001
INV-14103,DISP-02490,OMC-003,Rubis Energy,DPK,2025-04-18,44641,FIN-002
INV-33651,DISP-07924,OMC-015,Mombasa Petroleum,LUB,2026-03-06,30899,FIN-001
INV-73264,DISP-06805,OMC-007,Kobil,DPK,2025-05-18,52670,FIN-005
INV-92563,DISP-02255,OMC-019,Tanzania Petroleum,AGO,2026-05-04,61653,FIN-005
INV-12535,DISP-07061,OMC-014,Texol Energies,PMS,2025-08-14,160537,FIN-001
INV-78606,DISP-04471,OMC-007,Kobil,LPG,2025-12-26," KES 78,734 ",FIN-005
INV-84888,DISP-08870,OMC-008,National Oil,LUB,2025-09-14,149650,FIN-003
INV-12960,DISP-07460,OMC-020,Ethiopian Oil,LUB,2025-01-14,213059,FIN-005
INV-15516,DISP-02166,OMC-009,Dalbit Petroleum,LPG,2026-01-09,212622,FIN-001
INV-19551,DISP-01578,OMC-002,Vivo Energy,DPK,,50840,FIN-002
INV-52446,DISP-08170,OMC-014,Texol Energies,PMS,2025-03-21,37412,FIN-001
INV-68842,DISP-00565,OMC-005,PetroOil Kenya,PMS,2026-03-13,59022,FIN-004
INV-94043,DISP-07307,OMC-007,Kobil,DPK,2026-06-22,48576,FIN-005
INV-93585,DISP-09187,OMC-013,Lake Oil,DPK,2026-03-27,161453,FIN-004
INV-24373,DISP-00975,OMC-010,Tamoil,DPK,2026-02-15,172248,FIN-003
INV-68124,DISP-08766,OMC-014,Texol Energies,JETA1,2025-11-09,139285,FIN-003
INV-32240,DISP-05823,OMC-008,National Oil,LUB,2026-01-15,28421,FIN-003
INV-45892,DISP-02691,OMC-001,TotalEnergies Kenya,HFO,2026-01-09,144547,FIN-003
INV-97207,DISP-09636,OMC-017,KAA Aviation,JETA1,2025-01-14,262367,FIN-002
INV-58310,DISP-06089,OMC-019,Tanzania Petroleum,PMS,2025-02-10,53105,FIN-001
INV-49497,DISP-01066,OMC-001,TotalEnergies Kenya,LUB,2026-05-15,168179,FIN-002
INV-94559,DISP-06503,OMC-007,Kobil,LUB,2025-01-09,24411,FIN-002
INV-77942,DISP-08656,OMC-010,Tamoil,JETA1,2026-05-01,202103,FIN-005
INV-53655,DISP-01763,OMC-003,Rubis Energy,JETA1,2025-02-01,240538,FIN-002
INV-44573,DISP-07015,OMC-017,KAA Aviation,HFO,2026-01-13,142560,FIN-002
INV-83684,DISP-04255,OMC-019,Tanzania Petroleum,DPK,2026-06-17," KES 29,708 ",FIN-004
INV-87080,DISP-08802,OMC-003,Rubis Energy,HFO,2025-12-17,33422,FIN-002
INV-43994,DISP-04971,OMC-020,Ethiopian Oil,LPG,2025-01-26,39951,FIN-001
INV-70845,DISP-01538,OMC-002,Vivo Energy,JETA1,2025-03-05,20873,FIN-001
INV-65899,DISP-06923,OMC-003,Rubis Energy,LUB,2026-03-12,189760,FIN-005
INV-68447,DISP-01214,OMC-011,Hass Petroleum,LPG,2026-04-13,262006,FIN-003
INV-74137,DISP-05151,OMC-017,KAA Aviation,PMS,2026-05-10,195322,FIN-004
INV-44400,DISP-03036,OMC-012,Galana Energies,AGO,2026-03-20," KES 197,758 ",FIN-002
INV-87062,DISP-08230,OMC-017,KAA Aviation,LUB,03/12/2025,258149,FIN-003
INV-97653,DISP-08818,OMC-015,Mombasa Petroleum,LUB,2025-12-06,235047,FIN-005
INV-81890,DISP-01926,OMC-015,Mombasa Petroleum,PMS,2025-04-20,24499,FIN-001
INV-92246,DISP-01701,OMC-015,Mombasa Petroleum,AGO,,242354,FIN-003
INV-60879,DISP-08202,OMC-012,Galana Energies,JETA1,2026-05-02,265993,FIN-004
INV-14702,DISP-09319,OMC-017,KAA Aviation,JETA1,2025-12-12,34321,FIN-002
INV-62058,DISP-07596,OMC-020,Ethiopian Oil,PMS,2025-06-16,37084,FIN-004
INV-17997,DISP-05727,OMC-015,Mombasa Petroleum,JETA1,2025-12-01,238503,FIN-002
INV-51466,DISP-05765,OMC-013,Lake Oil,AGO,2025-09-18," KES 26,032 ",FIN-004
INV-64612,DISP-05294,OMC-012,Galana Energies,LUB,2026-04-22,145530,FIN-001
INV-41381,DISP-06391,OMC-013,Lake Oil,DPK,2025-07-26,111275,FIN-003
INV-88680,DISP-02605,OMC-018,Uganda National Oil,DPK,2026-03-29,235791,FIN-004
INV-71470,DISP-08016,OMC-019,Tanzania Petroleum,HFO,2025-05-18,137046,FIN-003
INV-10061,DISP-04401,OMC-008,National Oil,JETA1,2025-09-14,52927,FIN-003
INV-58891,DISP-03940,OMC-008,National Oil,DPK,2025-06-28,105968,FIN-004
INV-96037,DISP-01669,OMC-007,Kobil,JETA1,2025-01-10,43665,FIN-003
INV-83514,DISP-08020,OMC-016,KPA Marine,PMS,2026-04-27,148602,FIN-005
INV-99342,DISP-09384,OMC-015,Mombasa Petroleum,LUB,2025-06-25," KES 189,745 ",FIN-004
INV-99309,DISP-04925,OMC-009,Dalbit Petroleum,AGO,2025-08-31," KES 170,482 ",FIN-004
INV-88637,DISP-01197,OMC-007,Kobil,LUB,2026-01-10," KES 40,400 ",FIN-002
INV-57013,DISP-02047,OMC-002,Vivo Energy,LPG,2025-07-20,191493,FIN-005
INV-75406,DISP-00622,OMC-009,Dalbit Petroleum,HFO,,118906,FIN-001
INV-88794,DISP-00973,OMC-015,Mombasa Petroleum,HFO,2026-06-21,122406,FIN-002
INV-29882,DISP-05931,OMC-004,Gulf Energy,PMS,2026-03-10,35494,FIN-003
INV-21483,DISP-01414,OMC-015,Mombasa Petroleum,DPK,2025-07-09,217163,FIN-001
INV-88752,DISP-01267,OMC-009,Dalbit Petroleum,AGO,2025-03-22,109220,FIN-001
INV-52883,DISP-03035,OMC-016,KPA Marine,HFO,2025-02-16,38914,FIN-003
INV-68832,DISP-08331,OMC-002,Vivo Energy,HFO,2025-02-27,267585,FIN-005
INV-86369,DISP-07055,OMC-015,Mombasa Petroleum,HFO,2025-05-03,61791,FIN-005
INV-62911,DISP-02947,OMC-015,Mombasa Petroleum,JETA1,2026-02-19,191426,FIN-005
INV-93359,DISP-04118,OMC-010,Tamoil,JETA1,2025-05-20,75927,FIN-001
INV-87645,DISP-03885,OMC-005,PetroOil Kenya,AGO,2026-04-03,61723,FIN-002
INV-17065,DISP-09271,OMC-017,KAA Aviation,LPG,2026-06-17,257472,FIN-004
INV-62689,DISP-06973,OMC-001,TotalEnergies Kenya,LPG,2025-08-03,276894,FIN-003
INV-10684,DISP-04878,OMC-015,Mombasa Petroleum,LUB,2025-01-06," KES 237,310 ",FIN-004
INV-28985,DISP-09059,OMC-008,National Oil,PMS,2025-01-08," KES 294,312 ",FIN-003
INV-86414,DISP-04331,OMC-015,Mombasa Petroleum,DPK,2025-11-25,110324,FIN-004
INV-98073,DISP-00679,OMC-003,Rubis Energy,JETA1,2026-07-04,31910,FIN-004
INV-24348,DISP-08490,OMC-011,Hass Petroleum,LPG,2025-06-05,248402,FIN-002
INV-29191,DISP-02300,OMC-005,PetroOil Kenya,LUB,2026-04-02,108447,FIN-002
INV-71370,DISP-04334,OMC-016,KPA Marine,AGO,2026-01-15,256945,FIN-005
INV-90228,DISP-08124,OMC-018,Uganda National Oil,LPG,25/09/2025,125440,FIN-004
INV-78297,DISP-00612,OMC-018,Uganda National Oil,PMS,2025-12-24," KES 168,804 ",FIN-004
INV-36795,DISP-05059,OMC-020,Ethiopian Oil,AGO,2025-02-17,224826,FIN-005
INV-46400,DISP-01958,OMC-017,KAA Aviation,LPG,2025-07-31,273952,FIN-003
INV-26498,DISP-06439,OMC-016,KPA Marine,PMS,2025-10-20,171991,FIN-004
INV-56718,DISP-00484,OMC-012,Galana Energies,LUB,2026-05-02,35245,FIN-003
INV-82496,DISP-02994,OMC-006,Hashi Energy,HFO,2025-12-23,259333,FIN-004
INV-12465,DISP-00750,OMC-015,Mombasa Petroleum,DPK,2025-08-24,191898,FIN-005
INV-73965,DISP-09184,OMC-004,Gulf Energy,LPG,2026-03-16,176867,FIN-001
INV-14416,DISP-06032,OMC-012,Galana Energies,PMS,2026-02-11,50587,FIN-002
INV-85189,DISP-02580,OMC-008,National Oil,LUB,2026-02-17,56330,FIN-002
INV-50184,DISP-00300,OMC-020,Ethiopian Oil,DPK,2026-02-26,169797,FIN-003
INV-62373,DISP-07956,OMC-008,National Oil,HFO,2026-03-04,218328,FIN-002
INV-82501,DISP-01969,OMC-011,Hass Petroleum,JETA1,2025-06-18,223055,FIN-001
INV-35528,DISP-04267,OMC-014,Texol Energies,AGO,2026-02-28,201492,FIN-001
INV-11159,DISP-08174,OMC-007,Kobil,AGO,2025-07-28,112643,FIN-001
INV-43443,DISP-03052,OMC-005,PetroOil Kenya,DPK,2026-04-16,265215,FIN-001
INV-41110,DISP-03274,OMC-010,Tamoil,DPK,2025-04-08,103964,FIN-002
INV-81093,DISP-08428,OMC-015,Mombasa Petroleum,LPG,2025-08-23," KES 256,567 ",FIN-005
INV-55900,DISP-02673,OMC-001,TotalEnergies Kenya,DPK,2025-01-11,53500,FIN-005
INV-45056,DISP-06107,OMC-012,Galana Energies,LPG,2026-04-22,200253,FIN-001
INV-50973,DISP-00458,OMC-008,National Oil,JETA1,2025-04-06,180676,FIN-005
INV-31562,DISP-07737,OMC-016,KPA Marine,LPG,2026-04-16,46172,FIN-005
INV-76978,DISP-03262,OMC-020,Ethiopian Oil,PMS,2025-12-04,137225,FIN-004
INV-45225,DISP-02159,OMC-019,Tanzania Petroleum,HFO,2025-09-24,57865,FIN-004
INV-22877,DISP-01146,OMC-015,Mombasa Petroleum,AGO,2026-06-13,170423,FIN-004
INV-99321,DISP-01411,OMC-015,Mombasa Petroleum,LUB,2025-06-15,130910,FIN-005
INV-35796,DISP-07496,OMC-015,Mombasa Petroleum,LUB,2025-08-10," KES 72,393 ",FIN-004
INV-23076,DISP-08614,OMC-018,Uganda National Oil,LPG,2026-03-13,149558,FIN-003
INV-75405,DISP-03806,OMC-006,Hashi Energy,LPG,2025-03-10,33319,FIN-004
INV-49401,DISP-09479,OMC-010,Tamoil,PMS,2026-01-21,38312,FIN-003
INV-59956,DISP-03395,OMC-017,KAA Aviation,LUB,2025-07-17,22451,FIN-001
INV-14084,DISP-06511,OMC-017,KAA Aviation,DPK,2025-04-21,127581,FIN-001
INV-91072,DISP-03661,OMC-018,Uganda National Oil,HFO,2025-03-05,27934,FIN-002
INV-44240,DISP-08768,OMC-014,Texol Energies,JETA1,2025-12-15,38565,FIN-004
INV-91068,DISP-06645,OMC-002,Vivo Energy,DPK,,28614,FIN-003
INV-39078,DISP-09739,OMC-019,Tanzania Petroleum,JETA1,2025-09-25,60181,FIN-003
INV-87542,DISP-04351,OMC-002,Vivo Energy,LPG,2026-04-05,177443,FIN-002
INV-68690,DISP-04672,OMC-009,Dalbit Petroleum,LPG,2026-06-21,43768,FIN-002
INV-96835,DISP-01548,OMC-004,Gulf Energy,LPG,2026-05-01,214876,FIN-005
INV-97570,DISP-05583,OMC-015,Mombasa Petroleum,JETA1,2026-03-11,189038,FIN-004
INV-86021,DISP-02325,OMC-009,Dalbit Petroleum,PMS,,208082,FIN-003
INV-95510,DISP-02692,OMC-017,KAA Aviation,PMS,2025-02-23,266929,FIN-001
INV-75106,DISP-04549,OMC-013,Lake Oil,DPK,2025-02-15,192487,FIN-003
INV-22482,DISP-09170,OMC-006,Hashi Energy,PMS,2025-05-08,107129,FIN-004
INV-12376,DISP-00828,OMC-007,Kobil,AGO,2026-01-31," KES 210,988 ",FIN-002
INV-81645,DISP-02750,OMC-008,National Oil,JETA1,2025-09-15,279326,FIN-002
INV-97913,DISP-09626,OMC-015,Mombasa Petroleum,PMS,2025-08-11,22565,FIN-001
INV-35784,DISP-08284,OMC-018,Uganda National Oil,JETA1,2025-10-24,29204,FIN-005
INV-68432,DISP-05056,OMC-007,Kobil,AGO,2025-02-25,210549,FIN-002
INV-58243,DISP-09444,OMC-012,Galana Energies,AGO,2026-04-03,110123,FIN-003
INV-29131,DISP-08398,OMC-005,PetroOil Kenya,PMS,2026-02-18,216971,FIN-001
INV-88413,DISP-08843,OMC-016,KPA Marine,DPK,2025-05-04,53906,FIN-002
INV-67414,DISP-02219,OMC-017,KAA Aviation,LPG,2025-12-28,31175,FIN-003
INV-64732,DISP-03125,OMC-009,Dalbit Petroleum,LUB,2025-01-08,265853,FIN-005
INV-46545,DISP-05512,OMC-020,Ethiopian Oil,LUB,2026-05-24,37806,FIN-005
INV-33226,DISP-09454,OMC-012,Galana Energies,PMS,02/05/2026,46640,FIN-001
INV-61252,DISP-01965,OMC-018,Uganda National Oil,JETA1,2025-02-01,91384,FIN-001
INV-71279,DISP-06489,OMC-012,Galana Energies,JETA1,2026-02-24,74478,FIN-001
INV-63601,DISP-05069,OMC-018,Uganda National Oil,DPK,2026-05-29,309600,FIN-003
INV-12346,DISP-02525,OMC-002,Vivo Energy,LPG,2026-06-14," KES 324,695 ",FIN-005
INV-83976,DISP-09968,OMC-013,Lake Oil,LUB,,143133,FIN-001
INV-30457,DISP-00883,OMC-018,Uganda National Oil,PMS,2025-06-16,182738,FIN-003
INV-90262,DISP-07077,OMC-015,Mombasa Petroleum,LUB,2026-01-30,143071,FIN-005
INV-96796,DISP-09150,OMC-017,KAA Aviation,HFO,2026-05-15,55864,FIN-005
INV-98465,DISP-07301,OMC-009,Dalbit Petroleum,LUB,20/08/2025,129417,FIN-001
INV-43420,DISP-08499,OMC-005,PetroOil Kenya,LPG,2026-04-07,167619,FIN-003
INV-19331,DISP-03044,OMC-017,KAA Aviation,PMS,2025-03-05,52442,FIN-002
INV-90398,DISP-09167,OMC-017,KAA Aviation,PMS,2025-07-04,60775,FIN-005
INV-56906,DISP-02946,OMC-001,TotalEnergies Kenya,HFO,2025-11-13,264581,FIN-004
INV-84345,DISP-05154,OMC-005,PetroOil Kenya,DPK,2026-03-13,133214,FIN-005
INV-84319,DISP-05670,OMC-016,KPA Marine,DPK,2025-10-02,57846,FIN-004
INV-48571,DISP-07259,OMC-015,Mombasa Petroleum,JETA1,2026-04-04,90185,FIN-001
INV-47897,DISP-00855,OMC-013,Lake Oil,AGO,2025-11-23,189702,FIN-005
INV-78917,DISP-03478,OMC-020,Ethiopian Oil,PMS,2025-02-12,130746,FIN-001
INV-25179,DISP-08687,OMC-004,Gulf Energy,JETA1,2026-04-24,38920,FIN-003
INV-11285,DISP-06910,OMC-002,Vivo Energy,LPG,2026-06-17,56762,FIN-003
INV-54001,DISP-06104,OMC-018,Uganda National Oil,DPK,2025-08-04,141890,FIN-003
INV-22387,DISP-05460,OMC-010,Tamoil,PMS,2025-01-23,28121,FIN-005
INV-48767,DISP-03205,OMC-005,PetroOil Kenya,AGO,2026-02-22,154829,FIN-001
INV-11295,DISP-08074,OMC-005,PetroOil Kenya,LUB,2026-02-09,49829,FIN-003
INV-89679,DISP-02826,OMC-019,Tanzania Petroleum,PMS,2025-04-23,204233,FIN-001
INV-77384,DISP-09775,OMC-009,Dalbit Petroleum,LUB,2026-03-02,274665,FIN-003
INV-65672,DISP-07758,OMC-018,Uganda National Oil,JETA1,2025-01-25,46516,FIN-004
INV-44268,DISP-07776,OMC-016,KPA Marine,JETA1,2025-03-28,31630,FIN-005
INV-38797,DISP-06819,OMC-006,Hashi Energy,PMS,2026-01-10,84681,FIN-001
INV-32279,DISP-05642,OMC-007,Kobil,JETA1,2026-05-01,30464,FIN-004
INV-62549,DISP-01369,OMC-010,Tamoil,LUB,16/04/2026,301053,FIN-002
INV-46920,DISP-07330,OMC-013,Lake Oil,LPG,2026-04-18,48868,FIN-002
INV-86386,DISP-00015,OMC-017,KAA Aviation,DPK,2025-01-11,57929,FIN-002
INV-26929,DISP-00265,OMC-010,Tamoil,PMS,2025-06-03,45230,FIN-002
INV-40971,DISP-05605,OMC-003,Rubis Energy,JETA1,2025-03-24,220696,FIN-003
INV-60047,DISP-08298,OMC-016,KPA Marine,AGO,2026-04-23,162289,FIN-004
INV-18665,DISP-01967,OMC-011,Hass Petroleum,LPG,2026-01-24,298415,FIN-001
INV-11456,DISP-07859,OMC-001,TotalEnergies Kenya,DPK,2025-04-11,120624,FIN-002
INV-72505,DISP-00726,OMC-018,Uganda National Oil,JETA1,2026-03-08,205737,FIN-003
INV-80483,DISP-08736,OMC-013,Lake Oil,JETA1,2025-01-19,29368,FIN-004
INV-64599,DISP-08875,OMC-010,Tamoil,PMS,2026-03-19,49177,FIN-005
INV-83653,DISP-03811,OMC-008,National Oil,AGO,2025-11-26,75471,FIN-001
INV-62017,DISP-04970,OMC-008,National Oil,LUB,2025-07-18,192868,FIN-001
INV-83580,DISP-06542,OMC-006,Hashi Energy,PMS,2026-03-12,78193,FIN-003
INV-14338,DISP-08132,OMC-009,Dalbit Petroleum,PMS,2026-01-20," KES 70,173 ",FIN-002
INV-82460,DISP-00138,OMC-011,Hass Petroleum,DPK,2025-09-06,77251,FIN-004
INV-54961,DISP-06161,OMC-019,Tanzania Petroleum,PMS,2025-11-19,51904,FIN-004
INV-17853,DISP-01647,OMC-001,TotalEnergies Kenya,DPK,2026-02-06,40833,FIN-003
INV-68060,DISP-04349,OMC-005,PetroOil Kenya,LPG,2026-04-01,42644,FIN-005
INV-84931,DISP-02723,OMC-013,Lake Oil,PMS,2026-04-30,198552,FIN-003
INV-28640,DISP-01188,OMC-012,Galana Energies,LPG,,125606,FIN-003
INV-17896,DISP-00474,OMC-017,KAA Aviation,DPK,2026-03-16,117036,FIN-002
INV-16060,DISP-01987,OMC-014,Texol Energies,LUB,2025-11-17,110228,FIN-005
INV-71010,DISP-09385,OMC-008,National Oil,AGO,2025-01-28,217720,FIN-003
INV-90889,DISP-05384,OMC-019,Tanzania Petroleum,LPG,2025-10-10,251790,FIN-005
INV-14802,DISP-09292,OMC-015,Mombasa Petroleum,DPK,2025-12-27,142125,FIN-003
INV-93879,DISP-04296,OMC-017,KAA Aviation,DPK,2026-06-18,202241,FIN-005
INV-20183,DISP-05962,OMC-002,Vivo Energy,LUB,2025-05-04,232478,FIN-004
INV-70871,DISP-08833,OMC-018,Uganda National Oil,JETA1,2025-02-12," KES 35,009 ",FIN-003
INV-75455,DISP-00047,OMC-019,Tanzania Petroleum,LPG,23/01/2025,261254,FIN-001
INV-75867,DISP-06991,OMC-020,Ethiopian Oil,DPK,2025-08-31,167025,FIN-005
INV-77193,DISP-05007,OMC-010,Tamoil,JETA1,2026-02-07,63616,FIN-002
INV-39229,DISP-03416,OMC-002,Vivo Energy,JETA1,2026-01-07,62657,FIN-003
INV-26964,DISP-01676,OMC-018,Uganda National Oil,LUB,2025-08-05,29408,FIN-004
INV-63594,DISP-04608,OMC-020,Ethiopian Oil,HFO,2025-09-02,131450,FIN-002
INV-24173,DISP-04132,OMC-013,Lake Oil,LPG,2026-01-29,283664,FIN-001
INV-33618,DISP-07386,OMC-004,Gulf Energy,PMS,2026-03-08,215779,FIN-002
INV-48249,DISP-08678,OMC-015,Mombasa Petroleum,LUB,2025-01-07,170287,FIN-005
INV-72191,DISP-06886,OMC-014,Texol Energies,JETA1,2025-04-27,158487,FIN-002
INV-80015,DISP-03041,OMC-007,Kobil,LPG,2025-03-10,148962,FIN-005
INV-97198,DISP-03227,OMC-014,Texol Energies,DPK,2025-07-07,103926,FIN-004
INV-59379,DISP-04116,OMC-009,Dalbit Petroleum,LPG,2025-06-04,249599,FIN-002
INV-14055,DISP-09362,OMC-007,Kobil,LUB,,157580,FIN-002
INV-11767,DISP-05204,OMC-015,Mombasa Petroleum,AGO,2025-05-26,89428,FIN-001
INV-20628,DISP-09210,OMC-017,KAA Aviation,JETA1,2025-11-13,25806,FIN-004
INV-78353,DISP-03150,OMC-003,Rubis Energy,LUB,2026-03-10,65224,FIN-005
INV-91232,DISP-01332,OMC-019,Tanzania Petroleum,HFO,2025-03-09,210612,FIN-003
INV-94267,DISP-06680,OMC-010,Tamoil,HFO,2025-10-07,166190,FIN-002
INV-79556,DISP-07450,OMC-004,Gulf Energy,JETA1,2026-04-24,210617,FIN-005
INV-63688,DISP-03967,OMC-018,Uganda National Oil,HFO,2025-02-21,140111,FIN-002
INV-75774,DISP-04257,OMC-009,Dalbit Petroleum,DPK,2025-09-23,245978,FIN-001
INV-78874,DISP-04555,OMC-003,Rubis Energy,AGO,24/11/2025,60135,FIN-004
INV-19771,DISP-05268,OMC-011,Hass Petroleum,AGO,2025-06-08,239069,FIN-001
INV-15477,DISP-00181,OMC-011,Hass Petroleum,HFO,2025-05-31,214234,FIN-004
INV-49909,DISP-08444,OMC-006,Hashi Energy,LUB,2026-01-08,41909,FIN-004
INV-20056,DISP-06283,OMC-020,Ethiopian Oil,LPG,2026-05-19,249323,FIN-003
INV-69414,DISP-06334,OMC-010,Tamoil,LUB,2025-08-18,126515,FIN-001
INV-32133,DISP-04872,OMC-003,Rubis Energy,AGO,2025-04-01,24993,FIN-001
INV-62405,DISP-00917,OMC-004,Gulf Energy,AGO,2026-02-10,194960,FIN-005
INV-91577,DISP-09198,OMC-018,Uganda National Oil,AGO,2026-01-03,135442,FIN-004
INV-48332,DISP-06352,OMC-008,National Oil,LPG,2025-07-16,44325,FIN-001
INV-52310,DISP-04916,OMC-010,Tamoil,PMS,2026-02-11,174515,FIN-005
INV-76869,DISP-08260,OMC-012,Galana Energies,LUB,2026-02-15,250508,FIN-003
INV-39299,DISP-08039,OMC-008,National Oil,AGO,2025-12-12,58794,FIN-004
INV-84806,DISP-02924,OMC-005,PetroOil Kenya,AGO,2026-03-11,195550,FIN-005
INV-37464,DISP-04729,OMC-005,PetroOil Kenya,LPG,2026-03-06," KES 213,425 ",FIN-003
INV-54226,DISP-09683,OMC-016,KPA Marine,PMS,2025-11-04,30134,FIN-004
INV-29929,DISP-08762,OMC-016,KPA Marine,JETA1,2025-05-30," KES 154,281 ",FIN-005
INV-56619,DISP-06265,OMC-004,Gulf Energy,LPG,2026-04-20,36984,FIN-004
INV-45698,DISP-01471,OMC-017,KAA Aviation,LPG,2025-02-28,58590,FIN-004
INV-33018,DISP-08189,OMC-003,Rubis Energy,LUB,2025-07-28,95957,FIN-001
INV-92388,DISP-00835,OMC-015,Mombasa Petroleum,DPK,2025-05-19,33200,FIN-003
INV-32672,DISP-07534,OMC-006,Hashi Energy,JETA1,2025-04-23,208164,FIN-005
INV-59966,DISP-02665,OMC-006,Hashi Energy,JETA1,2025-06-09,59906,FIN-003
INV-21687,DISP-03509,OMC-002,Vivo Energy,DPK,2026-03-13,235385,FIN-001
INV-57546,DISP-02170,OMC-011,Hass Petroleum,LPG,2026-06-18," KES 213,698 ",FIN-004
INV-20452,DISP-09817,OMC-006,Hashi Energy,HFO,2026-05-07,214276,FIN-003
INV-31259,DISP-03654,OMC-016,KPA Marine,HFO,2025-05-16,177253,FIN-004
INV-45366,DISP-00343,OMC-002,Vivo Energy,LPG,2026-06-17,126207,FIN-004
INV-50946,DISP-00443,OMC-016,KPA Marine,JETA1,2026-06-01,43786,FIN-001
INV-62953,DISP-04424,OMC-017,KAA Aviation,LUB,2025-08-17,60885,FIN-001
INV-56881,DISP-07877,OMC-004,Gulf Energy,HFO,2026-04-02,142611,FIN-003
INV-63403,DISP-00190,OMC-003,Rubis Energy,JETA1,2026-04-27,38836,FIN-001
INV-88126,DISP-07360,OMC-013,Lake Oil,DPK,2026-04-10,82137,FIN-003
INV-79739,DISP-09261,OMC-020,Ethiopian Oil,LUB,2025-06-02,118889,FIN-003
INV-55529,DISP-01859,OMC-013,Lake Oil,JETA1,2025-01-25,247814,FIN-005
INV-18278,DISP-03794,OMC-001,TotalEnergies Kenya,JETA1,2025-08-21,142686,FIN-005
INV-93731,DISP-04544,OMC-014,Texol Energies,LPG,2026-03-28,216924,FIN-005
INV-67192,DISP-00209,OMC-016,KPA Marine,LPG,2026-01-29,28235,FIN-001
INV-41951,DISP-05259,OMC-016,KPA Marine,DPK,2026-06-06,101090,FIN-005
INV-38077,DISP-04524,OMC-020,Ethiopian Oil,LPG,2025-02-08,289329,FIN-002
INV-65150,DISP-09967,OMC-009,Dalbit Petroleum,PMS,2026-04-23,110950,FIN-002
INV-49828,DISP-01087,OMC-006,Hashi Energy,LPG,08/09/2025,174210,FIN-004
INV-20811,DISP-07379,OMC-007,Kobil,DPK,2026-05-17,217329,FIN-005
INV-46495,DISP-03618,OMC-012,Galana Energies,AGO,2026-03-10,64348,FIN-002
INV-29966,DISP-06632,OMC-010,Tamoil,HFO,2026-01-27,44358,FIN-005
INV-63576,DISP-09936,OMC-014,Texol Energies,JETA1,2025-03-23,122168,FIN-003
INV-26043,DISP-01834,OMC-005,PetroOil Kenya,JETA1,2026-02-16,223353,FIN-002
INV-40576,DISP-00384,OMC-009,Dalbit Petroleum,DPK,2025-06-17,32453,FIN-004
INV-96721,DISP-06224,OMC-010,Tamoil,JETA1,2025-09-11," KES 118,427 ",FIN-001
INV-39558,DISP-05871,OMC-016,KPA Marine,LPG,2025-02-07,56261,FIN-003
INV-66843,DISP-07815,OMC-007,Kobil,LUB,2025-04-20,293254,FIN-001
INV-63422,DISP-07946,OMC-009,Dalbit Petroleum,LPG,2025-12-04,160402,FIN-002
INV-62394,DISP-00763,OMC-010,Tamoil,DPK,2025-12-07,48251,FIN-001
INV-37620,DISP-03234,OMC-002,Vivo Energy,HFO,2026-01-04,156865,FIN-002
INV-59492,DISP-04497,OMC-008,National Oil,LPG,2026-04-28,193767,FIN-001
INV-22771,DISP-06456,OMC-019,Tanzania Petroleum,LUB,2026-05-25,59814,FIN-004
INV-73959,DISP-06999,OMC-016,KPA Marine,JETA1,2025-04-19,185970,FIN-001
INV-13146,DISP-03972,OMC-010,Tamoil,LPG,2026-06-05,126676,FIN-003
INV-92948,DISP-09285,OMC-014,Texol Energies,LUB,2025-04-13,162442,FIN-001
INV-19139,DISP-00002,OMC-006,Hashi Energy,JETA1,2026-03-10,154333,FIN-003
INV-34832,DISP-07711,OMC-019,Tanzania Petroleum,AGO,2025-01-12,187014,FIN-001
INV-98570,DISP-08814,OMC-013,Lake Oil,LPG,2025-03-15,36870,FIN-001
INV-50308,DISP-01334,OMC-014,Texol Energies,DPK,2026-06-20,256725,FIN-005
INV-72478,DISP-01637,OMC-003,Rubis Energy,LPG,2025-03-10,224121,FIN-002
INV-61317,DISP-04611,OMC-017,KAA Aviation,DPK,2025-02-17,134121,FIN-005
INV-37756,DISP-09917,OMC-001,TotalEnergies Kenya,LUB,2026-03-31,149748,FIN-003
INV-29039,DISP-01350,OMC-014,Texol Energies,AGO,2026-05-26,44009,FIN-002
INV-57430,DISP-05813,OMC-018,Uganda National Oil,PMS,2025-05-25,176184,FIN-005
INV-69447,DISP-05076,OMC-001,TotalEnergies Kenya,AGO,2025-07-29,151250,FIN-003
INV-95527,DISP-00142,OMC-008,National Oil,JETA1,2025-08-03,187090,FIN-004
INV-55183,DISP-08926,OMC-010,Tamoil,PMS,2026-02-18,56678,FIN-004
INV-98994,DISP-07495,OMC-005,PetroOil Kenya,LPG,2026-04-28," KES 133,446 ",FIN-001
INV-75319,DISP-02469,OMC-007,Kobil,AGO,2025-05-14,87442,FIN-004
INV-82623,DISP-09104,OMC-008,National Oil,LPG,2025-11-04,59344,FIN-001
INV-75089,DISP-04223,OMC-015,Mombasa Petroleum,PMS,2025-09-23,206878,FIN-004
INV-53719,DISP-09202,OMC-007,Kobil,AGO,2025-09-11,39981,FIN-004
INV-97934,DISP-02495,OMC-016,KPA Marine,LUB,2025-03-18,22821,FIN-003
INV-13658,DISP-02482,OMC-007,Kobil,LUB,2025-04-20,173665,FIN-002
INV-79695,DISP-03535,OMC-013,Lake Oil,LUB,2026-02-07,66392,FIN-005
INV-57613,DISP-06424,OMC-007,Kobil,HFO,,35239,FIN-005
INV-53292,DISP-08854,OMC-001,TotalEnergies Kenya,HFO,2025-09-30,177173,FIN-005
INV-23237,DISP-06807,OMC-015,Mombasa Petroleum,LUB,2025-05-04,206496,FIN-005
INV-34202,DISP-00021,OMC-006,Hashi Energy,LPG,2025-10-05,128175,FIN-004
INV-70351,DISP-06636,OMC-018,Uganda National Oil,AGO,2026-05-07,32110,FIN-002
INV-16512,DISP-09063,OMC-016,KPA Marine,JETA1,2026-03-18,25191,FIN-002
INV-44703,DISP-08562,OMC-017,KAA Aviation,PMS,2025-06-28,45415,FIN-002
INV-67951,DISP-09200,OMC-003,Rubis Energy,LUB,2026-03-08,276578,FIN-002
INV-34133,DISP-08142,OMC-010,Tamoil,JETA1,2026-02-26,147996,FIN-002
INV-34631,DISP-02728,OMC-012,Galana Energies,PMS,2026-02-17,118714,FIN-003
INV-75933,DISP-07092,OMC-004,Gulf Energy,PMS,2026-02-22,192524,FIN-005
INV-50045,DISP-02226,OMC-017,KAA Aviation,DPK,2025-01-26,89461,FIN-002
INV-18340,DISP-00088,OMC-010,Tamoil,LPG,2026-01-26,182327,FIN-001
INV-69948,DISP-03687,OMC-008,National Oil,AGO,2026-04-13," KES 53,450 ",FIN-001
INV-58442,DISP-09676,OMC-011,Hass Petroleum,LUB,2026-03-11,58628,FIN-001
INV-16136,DISP-00815,OMC-020,Ethiopian Oil,LUB,,231732,FIN-003
INV-41218,DISP-06581,OMC-011,Hass Petroleum,LPG,2026-03-13,125248,FIN-001
INV-98107,DISP-03736,OMC-008,National Oil,LPG,2026-04-03,193345,FIN-005
INV-22272,DISP-08570,OMC-005,PetroOil Kenya,PMS,2026-02-21,154321,FIN-002
INV-93476,DISP-08852,OMC-008,National Oil,LPG,05/01/2026,155189,FIN-002
INV-76342,DISP-05374,OMC-020,Ethiopian Oil,HFO,09/06/2026,143888,FIN-005
INV-42520,DISP-08705,OMC-002,Vivo Energy,DPK,2026-01-18,246028,FIN-003
INV-62506,DISP-06629,OMC-006,Hashi Energy,JETA1,2025-05-25,113206,FIN-001
INV-95654,DISP-09648,OMC-006,Hashi Energy,LPG,2025-04-07,21139,FIN-004
INV-63448,DISP-08937,OMC-015,Mombasa Petroleum,LPG,2026-04-04,47943,FIN-002
INV-41677,DISP-05599,OMC-007,Kobil,PMS,2026-04-28,100835,FIN-005
INV-50691,DISP-07688,OMC-003,Rubis Energy,PMS,2026-01-19,94715,FIN-003
INV-20262,DISP-06431,OMC-016,KPA Marine,AGO,2025-06-24,168735,FIN-001
INV-23244,DISP-01401,OMC-020,Ethiopian Oil,AGO,2026-02-04,162234,FIN-002
INV-74865,DISP-00647,OMC-018,Uganda National Oil,AGO,2025-07-24,265580,FIN-004
INV-28322,DISP-00611,OMC-007,Kobil,LPG,2025-07-20,271198,FIN-002
INV-38015,DISP-00934,OMC-009,Dalbit Petroleum,LUB,2025-05-25,262781,FIN-005
INV-93299,DISP-06543,OMC-019,Tanzania Petroleum,DPK,18/06/2025,23960,FIN-004
INV-22699,DISP-02706,OMC-017,KAA Aviation,PMS,2026-06-18,106895,FIN-002
INV-69458,DISP-07697,OMC-009,Dalbit Petroleum,LPG,2025-03-08,221707,FIN-001
INV-94746,DISP-03831,OMC-017,KAA Aviation,DPK,2025-09-20,264513,FIN-002
INV-31643,DISP-09621,OMC-019,Tanzania Petroleum,HFO,2025-09-29,248088,FIN-002
INV-10358,DISP-00586,OMC-001,TotalEnergies Kenya,LPG,2026-02-10,30740,FIN-001
INV-66144,DISP-02507,OMC-003,Rubis Energy,PMS,2025-06-23,34351,FIN-004
INV-81392,DISP-05077,OMC-018,Uganda National Oil,PMS,2026-05-23,47675,FIN-003
INV-12048,DISP-05407,OMC-005,PetroOil Kenya,JETA1,2026-03-23,83785,FIN-002
INV-27383,DISP-07245,OMC-014,Texol Energies,LUB,2026-06-26,270103,FIN-004
INV-78522,DISP-01802,OMC-012,Galana Energies,HFO,2026-03-30,294911,FIN-002
INV-99263,DISP-08454,OMC-015,Mombasa Petroleum,HFO,2026-02-01,195203,FIN-004
INV-94213,DISP-02744,OMC-007,Kobil,HFO,2025-08-02,152786,FIN-003
INV-48870,DISP-06750,OMC-005,PetroOil Kenya,DPK,2026-02-09,145952,FIN-004
INV-85648,DISP-05224,OMC-015,Mombasa Petroleum,PMS,2026-01-05,134179,FIN-004
INV-60911,DISP-04842,OMC-019,Tanzania Petroleum,DPK,2025-08-17,95396,FIN-002
INV-37619,DISP-05860,OMC-012,Galana Energies,HFO,2026-03-12,22412,FIN-004
INV-11117,DISP-09925,OMC-018,Uganda National Oil,AGO,11/04/2025,206651,FIN-004
INV-31462,DISP-03581,OMC-017,KAA Aviation,DPK,2026-05-16,38699,FIN-001
INV-65951,DISP-05630,OMC-017,KAA Aviation,PMS,2026-04-10,212140,FIN-002
INV-85935,DISP-08929,OMC-005,PetroOil Kenya,DPK,2026-03-11,29038,FIN-004
INV-73613,DISP-08878,OMC-011,Hass Petroleum,JETA1,2025-05-23,41864,FIN-002
INV-36099,DISP-09166,OMC-003,Rubis Energy,LPG,2026-01-14,282030,FIN-004
INV-61188,DISP-08353,OMC-002,Vivo Energy,AGO,2025-11-07,59718,FIN-005
INV-11172,DISP-02548,OMC-015,Mombasa Petroleum,AGO,2026-03-20,128247,FIN-001
INV-28132,DISP-07205,OMC-012,Galana Energies,DPK,2026-02-16,34334,FIN-002
INV-52732,DISP-03683,OMC-002,Vivo Energy,LUB,2026-04-28,122507,FIN-005
INV-81433,DISP-09158,OMC-020,Ethiopian Oil,JETA1,2025-08-05,115919,FIN-002
INV-42165,DISP-09690,OMC-008,National Oil,HFO,2026-01-25,199990,FIN-001
INV-15958,DISP-04446,OMC-011,Hass Petroleum,LPG,2025-12-09,42593,FIN-004
INV-48423,DISP-06604,OMC-019,Tanzania Petroleum,AGO,2025-01-20,294594,FIN-001
INV-75369,DISP-02505,OMC-009,Dalbit Petroleum,HFO,2026-05-03,46643,FIN-003
INV-96948,DISP-04902,OMC-020,Ethiopian Oil,PMS,2026-03-31,269197,FIN-001
INV-54498,DISP-01534,OMC-005,PetroOil Kenya,DPK,2026-02-28,56837,FIN-001
INV-85778,DISP-08897,OMC-008,National Oil,LUB,2025-10-24,46542,FIN-005
INV-31159,DISP-04689,OMC-018,Uganda National Oil,HFO,2025-01-23,57081,FIN-001
INV-28641,DISP-06661,OMC-008,National Oil,LUB,2026-04-17,174124,FIN-001
INV-38832,DISP-03729,OMC-015,Mombasa Petroleum,JETA1,,300666,FIN-004
INV-23076,DISP-06741,OMC-008,National Oil,LPG,2025-07-17,22027,FIN-005
INV-25521,DISP-00234,OMC-011,Hass Petroleum,AGO,2026-03-24,101691,FIN-003
INV-52619,DISP-07142,OMC-003,Rubis Energy,JETA1,2026-06-04,87265,FIN-003
INV-16894,DISP-01021,OMC-009,Dalbit Petroleum,PMS,2025-09-10,60632,FIN-001
INV-23675,DISP-02716,OMC-001,TotalEnergies Kenya,HFO,2025-06-29,222940,FIN-004
INV-91661,DISP-04948,OMC-011,Hass Petroleum,LUB,2026-03-05,21767,FIN-002
INV-99548,DISP-00657,OMC-012,Galana Energies,AGO,28/02/2026,268923,FIN-005
INV-89167,DISP-06187,OMC-016,KPA Marine,DPK,2025-01-08,158625,FIN-003
INV-54382,DISP-09419,OMC-017,KAA Aviation,AGO,2026-04-27,173434,FIN-002
INV-19308,DISP-08160,OMC-004,Gulf Energy,PMS,2026-02-24,208093,FIN-004
INV-77326,DISP-05332,OMC-001,TotalEnergies Kenya,JETA1,2025-12-11,61999,FIN-002
INV-72373,DISP-07010,OMC-016,KPA Marine,HFO,2025-05-29,37868,FIN-002
INV-74728,DISP-04397,OMC-011,Hass Petroleum,JETA1,2026-04-10,102949,FIN-005
INV-39318,DISP-06486,OMC-014,Texol Energies,LPG,2025-07-23,204921,FIN-005
INV-23464,DISP-07172,OMC-006,Hashi Energy,DPK,2026-01-31,194993,FIN-004
INV-31030,DISP-07986,OMC-014,Texol Energies,JETA1,2025-06-19,155757,FIN-001
INV-98655,DISP-09303,OMC-013,Lake Oil,AGO,2025-08-03,59941,FIN-005
INV-37622,DISP-08254,OMC-012,Galana Energies,LPG,2026-03-07,82793,FIN-004
INV-52007,DISP-01427,OMC-013,Lake Oil,AGO,2025-08-23,225199,FIN-004
INV-84156,DISP-01229,OMC-015,Mombasa Petroleum,LUB,2025-07-17,24765,FIN-002
INV-10594,DISP-08111,OMC-002,Vivo Energy,AGO,2025-12-21,207872,FIN-003
INV-15915,DISP-06608,OMC-014,Texol Energies,JETA1,2026-05-20,126202,FIN-003
INV-56809,DISP-01658,OMC-002,Vivo Energy,HFO,2025-05-02,36502,FIN-001
INV-66849,DISP-04246,OMC-003,Rubis Energy,LUB,2026-05-15,26988,FIN-002
INV-30719,DISP-03532,OMC-010,Tamoil,PMS,2025-04-26,39696,FIN-004
INV-25846,DISP-01865,OMC-002,Vivo Energy,AGO,2026-02-24,51915,FIN-002
INV-13152,DISP-09644,OMC-008,National Oil,AGO,2026-04-01,116515,FIN-003
INV-37019,DISP-00992,OMC-011,Hass Petroleum,PMS,2025-12-01,241409,FIN-001
INV-98364,DISP-06755,OMC-013,Lake Oil,LUB,2025-12-14,54807,FIN-004
INV-85242,DISP-03164,OMC-002,Vivo Energy,LPG,2025-01-05,25865,FIN-004
INV-23244,DISP-01401,OMC-020,Ethiopian Oil,AGO,2026-02-04,162234,FIN-002
INV-64859,DISP-08532,OMC-014,Texol Energies,LUB,2025-04-12,24135,FIN-002
INV-59729,DISP-03594,OMC-016,KPA Marine,PMS,2026-02-26,49217,FIN-004
INV-59209,DISP-01268,OMC-018,Uganda National Oil,JETA1,2025-07-02," KES 44,600 ",FIN-002
INV-68647,DISP-09193,OMC-011,Hass Petroleum,LPG,2025-11-06,107018,FIN-001
INV-60595,DISP-06297,OMC-008,National Oil,AGO,2025-11-27,53135,FIN-004
INV-13727,DISP-05371,OMC-018,Uganda National Oil,DPK,2025-07-02,286217,FIN-004
INV-14688,DISP-01054,OMC-010,Tamoil,PMS,2025-05-15," KES 102,146 ",FIN-003
INV-61256,DISP-04215,OMC-014,Texol Energies,AGO,2025-01-14,57464,FIN-005
INV-82199,DISP-06355,OMC-003,Rubis Energy,PMS,2025-09-02,85793,FIN-004
INV-53115,DISP-03825,OMC-018,Uganda National Oil,LUB,2025-05-01,153513,FIN-002
INV-97995,DISP-06774,OMC-001,TotalEnergies Kenya,DPK,18/04/2025,26760,FIN-003
INV-55292,DISP-02079,OMC-002,Vivo Energy,JETA1,2025-05-28,110549,FIN-005
INV-43508,DISP-06243,OMC-019,Tanzania Petroleum,LPG,2025-08-08,48353,FIN-003
INV-70997,DISP-05278,OMC-005,PetroOil Kenya,HFO,2026-02-02,116129,FIN-004
INV-80309,DISP-08322,OMC-007,Kobil,JETA1,2026-06-25,95758,FIN-004
INV-87024,DISP-07364,OMC-019,Tanzania Petroleum,HFO,2025-08-18,148747,FIN-005
INV-77167,DISP-01663,OMC-007,Kobil,HFO,2026-05-18,180402,FIN-001
INV-36439,DISP-03373,OMC-007,Kobil,HFO,2026-06-29,42400,FIN-002
INV-14827,DISP-07223,OMC-008,National Oil,JETA1,2025-02-18,40487,FIN-002
INV-43558,DISP-04531,OMC-020,Ethiopian Oil,DPK,2026-03-25,89218,FIN-005
INV-44953,DISP-02083,OMC-011,Hass Petroleum,AGO,2025-04-13,37270,FIN-002
INV-60325,DISP-02270,OMC-008,National Oil,AGO,2025-06-15,42975,FIN-004
INV-47993,DISP-06843,OMC-010,Tamoil,HFO,2025-02-28,36579,FIN-002
INV-24488,DISP-05618,OMC-006,Hashi Energy,HFO,2026-06-05,125699,FIN-003
INV-71466,DISP-01061,OMC-010,Tamoil,HFO,2025-05-31,26712,FIN-001
INV-21024,DISP-07791,OMC-004,Gulf Energy,PMS,2026-05-01,164598,FIN-002
INV-71861,DISP-07764,OMC-008,National Oil,LUB,2025-08-23,151692,FIN-004
INV-11443,DISP-01278,OMC-001,TotalEnergies Kenya,PMS,2025-05-22,26361,FIN-003
INV-11684,DISP-08465,OMC-007,Kobil,AGO,2025-12-08,210347,FIN-001
INV-33069,DISP-01836,OMC-007,Kobil,JETA1,2025-01-09,91623,FIN-005
INV-62644,DISP-09382,OMC-011,Hass Petroleum,PMS,2025-09-20,172965,FIN-005
INV-68234,DISP-07498,OMC-012,Galana Energies,DPK,2026-03-24,61744,FIN-002
INV-35089,DISP-09165,OMC-008,National Oil,PMS,2025-05-26,47054,FIN-005
INV-33693,DISP-02356,OMC-005,PetroOil Kenya,PMS,2026-04-21,101716,FIN-003
INV-28104,DISP-07239,OMC-011,Hass Petroleum,PMS,2025-01-10,36618,FIN-002
INV-93301,DISP-01889,OMC-003,Rubis Energy,DPK,2026-06-24,212030,FIN-003
INV-92981,DISP-01683,OMC-002,Vivo Energy,JETA1,2025-08-25,31808,FIN-002
INV-20385,DISP-05836,OMC-002,Vivo Energy,DPK,2025-09-26,200962,FIN-001
INV-83189,DISP-04767,OMC-019,Tanzania Petroleum,JETA1,2025-01-20,21461,FIN-001
INV-78958,DISP-05270,OMC-015,Mombasa Petroleum,DPK,2026-07-07,124396,FIN-002
INV-48105,DISP-08402,OMC-005,PetroOil Kenya,LUB,2026-02-13,190317,FIN-004
INV-32287,DISP-01373,OMC-001,TotalEnergies Kenya,AGO,2026-06-23,120764,FIN-005
INV-54055,DISP-01850,OMC-003,Rubis Energy,JETA1,2025-09-17,26879,FIN-004
INV-19710,DISP-09546,OMC-017,KAA Aviation,AGO,2026-03-25,156845,FIN-005
INV-14343,DISP-04479,OMC-011,Hass Petroleum,LUB,2026-03-06," KES 37,412 ",FIN-004
INV-26076,DISP-03120,OMC-013,Lake Oil,AGO,2026-04-10,142669,FIN-002
INV-72456,DISP-00393,OMC-013,Lake Oil,HFO,2025-12-05,34161,FIN-005
INV-82119,DISP-03754,OMC-018,Uganda National Oil,JETA1,13/06/2025,40379,FIN-004
INV-70484,DISP-09144,OMC-001,TotalEnergies Kenya,PMS,2025-12-05,252479,FIN-005
INV-70626,DISP-00791,OMC-019,Tanzania Petroleum,HFO,2026-03-08,37804,FIN-004
INV-46292,DISP-00030,OMC-018,Uganda National Oil,PMS,2025-08-16,155790,FIN-005
INV-32046,DISP-01374,OMC-013,Lake Oil,AGO,2025-01-06,129571,FIN-002
INV-57945,DISP-03775,OMC-006,Hashi Energy,LPG,2025-03-25,172964,FIN-002
INV-78723,DISP-09447,OMC-009,Dalbit Petroleum,AGO,2025-06-10,128850,FIN-004
INV-56912,DISP-00552,OMC-004,Gulf Energy,DPK,2026-04-20,48118,FIN-001
INV-38498,DISP-02635,OMC-011,Hass Petroleum,JETA1,2025-11-08,222874,FIN-001
INV-40680,DISP-09401,OMC-015,Mombasa Petroleum,PMS,2025-10-17,188400,FIN-003
INV-63147,DISP-08022,OMC-013,Lake Oil,DPK,2026-01-09,170225,FIN-003
INV-94899,DISP-07814,OMC-003,Rubis Energy,DPK,2026-04-19,199051,FIN-003
INV-83622,DISP-03080,OMC-001,TotalEnergies Kenya,PMS,2025-10-21,75977,FIN-002
INV-68186,DISP-08185,OMC-010,Tamoil,LUB,2025-04-28,139968,FIN-005
INV-27137,DISP-08358,OMC-004,Gulf Energy,DPK,2026-02-12,53533,FIN-002
INV-57183,DISP-05236,OMC-012,Galana Energies,AGO,2026-04-03,35856,FIN-004
INV-54602,DISP-04798,OMC-008,National Oil,LUB,20/03/2025," KES 144,313 ",FIN-003
INV-34885,DISP-04365,OMC-017,KAA Aviation,LPG,2026-04-02,233375,FIN-002
INV-53102,DISP-01047,OMC-010,Tamoil,LUB,2025-09-09,146682,FIN-002
INV-92233,DISP-07196,OMC-001,TotalEnergies Kenya,LUB,2025-01-27,51079,FIN-005
INV-51282,DISP-08345,OMC-001,TotalEnergies Kenya,LUB,2025-08-06,36279,FIN-002
INV-95862,DISP-04166,OMC-020,Ethiopian Oil,AGO,2025-01-28,40397,FIN-003
INV-66513,DISP-05002,OMC-007,Kobil,LUB,2025-09-29,244919,FIN-005
INV-37078,DISP-04138,OMC-013,Lake Oil,PMS,2025-09-13,48680,FIN-004
INV-99848,DISP-04030,OMC-019,Tanzania Petroleum,HFO,2025-01-29,209279,FIN-004
INV-48980,DISP-01284,OMC-011,Hass Petroleum,JETA1,2026-02-02,49126,FIN-001
INV-63110,DISP-07492,OMC-001,TotalEnergies Kenya,DPK,2025-12-12,140800,FIN-002
INV-53157,DISP-03433,OMC-015,Mombasa Petroleum,DPK,2025-03-20,187390,FIN-003
INV-13884,DISP-06529,OMC-007,Kobil,AGO,2025-07-31,157222,FIN-003
INV-54447,DISP-06856,OMC-005,PetroOil Kenya,AGO,2026-05-04," KES 107,808 ",FIN-002
INV-34819,DISP-01119,OMC-014,Texol Energies,AGO,2026-01-26,220612,FIN-004
INV-24125,DISP-06368,OMC-016,KPA Marine,DPK,2025-01-10,48252,FIN-004
INV-98684,DISP-09656,OMC-001,TotalEnergies Kenya,LUB,2025-12-07,153411,FIN-001
INV-61431,DISP-08857,OMC-006,Hashi Energy,HFO,2026-06-15,133967,FIN-001
INV-67177,DISP-09725,OMC-007,Kobil,JETA1,2026-05-10,175407,FIN-005
INV-13699,DISP-07835,OMC-015,Mombasa Petroleum,AGO,2025-12-16,170270,FIN-004
INV-24860,DISP-03876,OMC-010,Tamoil,AGO,2025-12-14,54068,FIN-003
INV-36212,DISP-02979,OMC-016,KPA Marine,DPK,2025-08-16,62157,FIN-005
INV-72239,DISP-02027,OMC-018,Uganda National Oil,JETA1,2025-07-16,34441,FIN-004
INV-20103,DISP-02310,OMC-020,Ethiopian Oil,AGO,2026-01-14,27255,FIN-004
INV-60112,DISP-03298,OMC-002,Vivo Energy,AGO,2026-03-21,62632,FIN-001
INV-88755,DISP-04762,OMC-019,Tanzania Petroleum,LUB,2025-04-16,265792,FIN-003
INV-55484,DISP-05280,OMC-017,KAA Aviation,DPK,2026-03-27,50976,FIN-002
INV-59539,DISP-01492,OMC-001,TotalEnergies Kenya,AGO,2025-02-25,42854,FIN-001
INV-72899,DISP-03126,OMC-009,Dalbit Petroleum,LPG,2025-12-22,249398,FIN-003
INV-24439,DISP-08883,OMC-004,Gulf Energy,PMS,2026-03-23,47332,FIN-002
INV-94581,DISP-06897,OMC-006,Hashi Energy,PMS,2025-08-23,55475,FIN-002
INV-10923,DISP-09835,OMC-018,Uganda National Oil,LUB,2026-06-04,192274,FIN-005
INV-73979,DISP-06337,OMC-008,National Oil,HFO,2025-12-09,149820,FIN-002
INV-68903,DISP-02373,OMC-003,Rubis Energy,LUB,2025-04-06,155764,FIN-003
INV-82708,DISP-01057,OMC-016,KPA Marine,LUB,2026-05-15,117519,FIN-004
INV-29650,DISP-09481,OMC-005,PetroOil Kenya,JETA1,2026-04-09,54772,FIN-004
INV-40256,DISP-07023,OMC-006,Hashi Energy,AGO,2025-03-28,25186,FIN-001
INV-36994,DISP-09838,OMC-005,PetroOil Kenya,LPG,2026-03-28,223696,FIN-003
INV-15121,DISP-00130,OMC-004,Gulf Energy,AGO,2026-04-24,42562,FIN-005
INV-64862,DISP-01221,OMC-009,Dalbit Petroleum,JETA1,2026-05-17,157820,FIN-003
INV-66797,DISP-04073,OMC-019,Tanzania Petroleum,JETA1,2026-01-09,180038,FIN-004
INV-82755,DISP-09639,OMC-003,Rubis Energy,HFO,2025-11-16,126803,FIN-003
INV-50837,DISP-08385,OMC-017,KAA Aviation,AGO,,186123,FIN-005
INV-92232,DISP-06053,OMC-015,Mombasa Petroleum,LUB,2026-02-01,29671,FIN-005
INV-66233,DISP-02586,OMC-001,TotalEnergies Kenya,LPG,2025-02-18,93531,FIN-005
INV-63984,DISP-01933,OMC-004,Gulf Energy,HFO,2026-02-21,255685,FIN-003
INV-72309,DISP-09914,OMC-003,Rubis Energy,PMS,2026-04-06,32124,FIN-001
INV-70574,DISP-00782,OMC-013,Lake Oil,PMS,2026-03-10,265168,FIN-002
INV-24347,DISP-05576,OMC-001,TotalEnergies Kenya,AGO,2025-05-04,100326,FIN-001
INV-68588,DISP-00252,OMC-006,Hashi Energy,JETA1,2026-06-06,223123,FIN-002
INV-99207,DISP-08256,OMC-020,Ethiopian Oil,LPG,2026-03-05,186365,FIN-004
INV-41577,DISP-02616,OMC-012,Galana Energies,DPK,2026-03-24,151853,FIN-005
INV-77603,DISP-03222,OMC-019,Tanzania Petroleum,JETA1,03/02/2025,83974,FIN-005
INV-60503,DISP-04495,OMC-001,TotalEnergies Kenya,JETA1,2026-02-24,56864,FIN-003
INV-60137,DISP-05889,OMC-013,Lake Oil,LPG,2025-12-21,59453,FIN-002
INV-20672,DISP-06347,OMC-006,Hashi Energy,PMS,2025-02-15,197156,FIN-003
INV-15640,DISP-01409,OMC-019,Tanzania Petroleum,DPK,2026-03-13,182610,FIN-001
INV-67997,DISP-01407,OMC-003,Rubis Energy,DPK,2025-01-21,36895,FIN-004
INV-51546,DISP-05707,OMC-015,Mombasa Petroleum,LUB,2025-03-31,62799,FIN-002
INV-91915,DISP-01885,OMC-019,Tanzania Petroleum,DPK,2025-02-21,32367,FIN-001
INV-65178,DISP-04232,OMC-008,National Oil,AGO,2026-06-18,73381,FIN-005
INV-60825,DISP-00846,OMC-005,PetroOil Kenya,LUB,2026-03-01,70777,FIN-001
INV-82951,DISP-08916,OMC-009,Dalbit Petroleum,JETA1,2025-05-26,22056,FIN-001
INV-23968,DISP-04597,OMC-011,Hass Petroleum,AGO,2025-09-02,167459,FIN-002
INV-69954,DISP-07862,OMC-019,Tanzania Petroleum,LPG,2025-03-06,55645,FIN-001
INV-41536,DISP-01364,OMC-005,PetroOil Kenya,AGO,2026-03-04,93317,FIN-003
INV-75242,DISP-08127,OMC-011,Hass Petroleum,PMS,2025-02-07,158436,FIN-001
INV-44463,DISP-03158,OMC-012,Galana Energies,HFO,2026-03-04,258251,FIN-004
INV-39424,DISP-00755,OMC-006,Hashi Energy,HFO,2025-05-28,135403,FIN-003
INV-18603,DISP-07777,OMC-016,KPA Marine,LPG,2025-02-08,38401,FIN-003
INV-47828,DISP-04043,OMC-007,Kobil,AGO,2025-09-26,160926,FIN-002
INV-84842,DISP-00995,OMC-007,Kobil,LUB,2025-07-06,164001,FIN-002
INV-79795,DISP-03629,OMC-012,Galana Energies,PMS,2026-03-04,278041,FIN-002
INV-82800,DISP-08388,OMC-007,Kobil,JETA1,2025-11-17,203061,FIN-003
INV-59972,DISP-04231,OMC-019,Tanzania Petroleum,HFO,2026-06-22,230399,FIN-005
INV-16076,DISP-09542,OMC-014,Texol Energies,DPK,2025-02-07,28638,FIN-001
INV-53914,DISP-05806,OMC-019,Tanzania Petroleum,PMS,2025-10-12,270533,FIN-005
INV-47919,DISP-06250,OMC-006,Hashi Energy,PMS,18/05/2026,237736,FIN-005
INV-15169,DISP-02174,OMC-009,Dalbit Petroleum,LUB,2025-02-03,78870,FIN-004
INV-66503,DISP-01849,OMC-015,Mombasa Petroleum,JETA1,2025-02-25,124238,FIN-001
INV-27948,DISP-00797,OMC-014,Texol Energies,AGO,2026-03-06,46980,FIN-004
INV-35469,DISP-09407,OMC-010,Tamoil,DPK,2026-02-09,57952,FIN-004
INV-77137,DISP-07081,OMC-006,Hashi Energy,PMS,2025-06-06,48581,FIN-004
INV-54070,DISP-07141,OMC-005,PetroOil Kenya,JETA1,2026-04-02,263089,FIN-003
INV-13225,DISP-04553,OMC-005,PetroOil Kenya,PMS,2026-03-29," KES 79,144 ",FIN-005
INV-25091,DISP-00046,OMC-015,Mombasa Petroleum,PMS,2025-11-10,103792,FIN-003
INV-90283,DISP-06254,OMC-016,KPA Marine,HFO,2026-03-06,150140,FIN-004
INV-78237,DISP-07267,OMC-009,Dalbit Petroleum,DPK,2025-10-02,109191,FIN-005
INV-83172,DISP-03339,OMC-006,Hashi Energy,PMS,25/03/2026,193049,FIN-004
INV-87844,DISP-06700,OMC-006,Hashi Energy,PMS,2025-06-30,39650,FIN-002
INV-47370,DISP-09663,OMC-003,Rubis Energy,LPG,2025-07-13,42830,FIN-004
INV-26880,DISP-01432,OMC-008,National Oil,AGO,2026-02-26,29826,FIN-003
INV-35962,DISP-01346,OMC-016,KPA Marine,HFO,2026-05-16,288488,FIN-001
INV-23663,DISP-08551,OMC-006,Hashi Energy,JETA1,2026-05-14,255672,FIN-002
INV-28456,DISP-05842,OMC-001,TotalEnergies Kenya,LUB,29/03/2026,161023,FIN-001
INV-64704,DISP-00081,OMC-008,National Oil,LUB,2026-03-24,179392,FIN-003
INV-86765,DISP-03095,OMC-007,Kobil,JETA1,2025-12-26,95330,FIN-005
INV-82254,DISP-04616,OMC-011,Hass Petroleum,HFO,2026-06-11,303624,FIN-005
INV-16310,DISP-04281,OMC-019,Tanzania Petroleum,AGO,2026-06-21,187130,FIN-005
INV-48796,DISP-07373,OMC-015,Mombasa Petroleum,DPK,2025-04-07,50704,FIN-001
INV-20684,DISP-06332,OMC-001,TotalEnergies Kenya,HFO,2026-05-24,28777,FIN-004
INV-11973,DISP-02818,OMC-019,Tanzania Petroleum,PMS,2025-09-16,39904,FIN-004
INV-14121,DISP-05592,OMC-012,Galana Energies,AGO,2026-04-14,241025,FIN-002
INV-39684,DISP-03492,OMC-013,Lake Oil,LUB,2026-02-05,96936,FIN-004
INV-45631,DISP-01042,OMC-007,Kobil,AGO,2026-06-30,28111,FIN-001
INV-23761,DISP-02407,OMC-015,Mombasa Petroleum,LUB,2025-09-12,274078,FIN-005
INV-17237,DISP-05213,OMC-015,Mombasa Petroleum,LUB,2025-06-07,28750,FIN-004
INV-51374,DISP-09907,OMC-010,Tamoil,DPK,12/02/2026,267636,FIN-001
INV-85717,DISP-06509,OMC-013,Lake Oil,HFO,2026-04-14,49013,FIN-002
INV-74454,DISP-01913,OMC-011,Hass Petroleum,PMS,2025-11-27,285615,FIN-005
INV-44943,DISP-05964,OMC-001,TotalEnergies Kenya,PMS,2025-08-10,26385,FIN-002
INV-67799,DISP-02111,OMC-003,Rubis Energy,LUB,2026-06-27,123231,FIN-003
INV-33816,DISP-06178,OMC-001,TotalEnergies Kenya,AGO,2025-11-17,48445,FIN-004
INV-31420,DISP-05420,OMC-013,Lake Oil,HFO,2025-01-10,33337,FIN-005
INV-64873,DISP-05191,OMC-019,Tanzania Petroleum,DPK,2026-01-10,188723,FIN-001
INV-17570,DISP-01755,OMC-013,Lake Oil,HFO,2026-03-26,107908,FIN-003
INV-17451,DISP-07145,OMC-017,KAA Aviation,AGO,2026-03-13,25226,FIN-002
INV-27430,DISP-04415,OMC-003,Rubis Energy,LUB,2025-04-12,63692,FIN-005
INV-11363,DISP-05693,OMC-014,Texol Energies,DPK,,30912,FIN-004
INV-37814,DISP-04179,OMC-019,Tanzania Petroleum,LPG,2025-08-18,163364,FIN-002
INV-71512,DISP-03765,OMC-012,Galana Energies,AGO,2026-02-19,23401,FIN-002
INV-94665,DISP-07078,OMC-017,KAA Aviation,JETA1,2025-07-11,46451,FIN-005
INV-20684,DISP-07723,OMC-006,Hashi Energy,LPG,2025-02-06,33443,FIN-003
INV-25257,DISP-07220,OMC-011,Hass Petroleum,AGO,2026-03-16,268189,FIN-005
INV-67064,DISP-09893,OMC-011,Hass Petroleum,HFO,2025-03-18,117698,FIN-003
INV-76388,DISP-07434,OMC-017,KAA Aviation,AGO,2025-12-05,151920,FIN-003
INV-39732,DISP-00512,OMC-012,Galana Energies,AGO,2026-02-26,274041,FIN-005
INV-23791,DISP-06207,OMC-018,Uganda National Oil,DPK,2025-12-28,35818,FIN-003
INV-24423,DISP-07774,OMC-009,Dalbit Petroleum,DPK,2025-02-25,97768,FIN-003
INV-87129,DISP-07453,OMC-016,KPA Marine,PMS,2025-02-21,31198,FIN-001
INV-55177,DISP-02041,OMC-002,Vivo Energy,DPK,2025-11-28,28938,FIN-001
INV-62017,DISP-07830,OMC-003,Rubis Energy,AGO,,206228,FIN-005
INV-94334,DISP-03099,OMC-001,TotalEnergies Kenya,HFO,2025-09-04,62134,FIN-004
INV-94939,DISP-08100,OMC-016,KPA Marine,HFO,2025-06-13,158697,FIN-003
INV-74301,DISP-04347,OMC-001,TotalEnergies Kenya,PMS,2025-07-03,23239,FIN-002
INV-18049,DISP-00438,OMC-013,Lake Oil,PMS,,44875,FIN-002
INV-67154,DISP-06722,OMC-012,Galana Energies,JETA1,2026-02-07,265692,FIN-003
INV-59956,DISP-03395,OMC-017,KAA Aviation,LUB,2025-07-17,22451,FIN-001
INV-48024,DISP-04502,OMC-005,PetroOil Kenya,DPK,2026-04-08,66552,FIN-001
INV-33079,DISP-03000,OMC-007,Kobil,JETA1,2025-10-12,108251,FIN-005
INV-82572,DISP-00409,OMC-012,Galana Energies,PMS,2026-04-30,38611,FIN-003
INV-60560,DISP-06040,OMC-004,Gulf Energy,HFO,2026-03-27,168946,FIN-001
INV-24831,DISP-04676,OMC-007,Kobil,LPG,2026-03-25,25976,FIN-002
INV-70122,DISP-04596,OMC-005,PetroOil Kenya,HFO,2026-05-03,153076,FIN-002
INV-10097,DISP-05674,OMC-016,KPA Marine,AGO,2026-05-31,121745,FIN-001
INV-64058,DISP-00152,OMC-016,KPA Marine,HFO,2025-08-28,106791,FIN-001
INV-53626,DISP-01052,OMC-003,Rubis Energy,HFO,2025-11-20,102587,FIN-002
INV-93068,DISP-06686,OMC-003,Rubis Energy,PMS,2025-02-18,151545,FIN-002
INV-94212,DISP-01556,OMC-013,Lake Oil,AGO,2025-08-11,103043,FIN-001
INV-19434,DISP-02769,OMC-018,Uganda National Oil,LUB,2025-02-05,239685,FIN-001
INV-14835,DISP-00578,OMC-005,PetroOil Kenya,HFO,2026-04-19,146727,FIN-004
INV-94208,DISP-02984,OMC-002,Vivo Energy,LUB,2025-04-23,141031,FIN-003
INV-23160,DISP-00099,OMC-003,Rubis Energy,PMS,2026-04-18,208855,FIN-002
INV-24027,DISP-04603,OMC-012,Galana Energies,AGO,2026-04-22,46210,FIN-004
INV-93690,DISP-06746,OMC-014,Texol Energies,AGO,2026-06-17,219840,FIN-005
INV-32517,DISP-00069,OMC-012,Galana Energies,HFO,2026-04-13,58295,FIN-005
INV-67583,DISP-05097,OMC-008,National Oil,DPK,2025-05-09,130951,FIN-003
INV-29019,DISP-00785,OMC-018,Uganda National Oil,JETA1,02/10/2025,111763,FIN-004
INV-15429,DISP-03288,OMC-016,KPA Marine,PMS,2026-03-09,38574,FIN-005
INV-49088,DISP-09066,OMC-004,Gulf Energy,HFO,2026-02-10,108698,FIN-003
INV-44031,DISP-02007,OMC-010,Tamoil,PMS,2026-03-05,290407,FIN-005
INV-96207,DISP-05044,OMC-003,Rubis Energy,LUB,2026-02-04,144169,FIN-005
INV-67141,DISP-04127,OMC-012,Galana Energies,HFO,2026-03-20,57747,FIN-003
INV-88276,DISP-00345,OMC-017,KAA Aviation,HFO,2025-06-20,27746,FIN-004
INV-69893,DISP-06055,OMC-014,Texol Energies,JETA1,2025-07-13,209346,FIN-003
INV-67333,DISP-09229,OMC-002,Vivo Energy,PMS,2025-12-24," KES 53,846 ",FIN-002
INV-49535,DISP-07420,OMC-005,PetroOil Kenya,HFO,2026-02-28,51046,FIN-002
INV-45798,DISP-00270,OMC-018,Uganda National Oil,LPG,2025-07-26,55360,FIN-005
INV-70502,DISP-02712,OMC-008,National Oil,LUB,2025-06-05,44379,FIN-005
INV-22087,DISP-05907,OMC-015,Mombasa Petroleum,LPG,2026-01-01,119191,FIN-004
INV-63870,DISP-09123,OMC-017,KAA Aviation,AGO,2025-03-31,141507,FIN-004
INV-41690,DISP-02948,OMC-001,TotalEnergies Kenya,PMS,2026-06-18," KES 248,114 ",FIN-003
INV-28765,DISP-00067,OMC-019,Tanzania Petroleum,DPK,2025-08-04,52967,FIN-003
INV-63579,DISP-08355,OMC-010,Tamoil,LUB,2026-02-13,261943,FIN-005
INV-43730,DISP-06925,OMC-014,Texol Energies,LUB,2025-04-04,121753,FIN-005
INV-34900,DISP-01609,OMC-005,PetroOil Kenya,HFO,2026-03-18,247439,FIN-002
INV-13590,DISP-08949,OMC-015,Mombasa Petroleum,PMS,2026-06-30,29547,FIN-001
INV-53106,DISP-01797,OMC-009,Dalbit Petroleum,HFO,30/05/2026,27786,FIN-003
INV-55415,DISP-06189,OMC-014,Texol Energies,DPK,18/10/2025,118285,FIN-003
INV-53989,DISP-02142,OMC-017,KAA Aviation,AGO,2026-05-03,146560,FIN-004
INV-28553,DISP-05797,OMC-008,National Oil,PMS,2025-03-24,60374,FIN-002
INV-16714,DISP-02777,OMC-002,Vivo Energy,HFO,01/10/2025,102145,FIN-002
INV-39940,DISP-07603,OMC-018,Uganda National Oil,DPK,2025-08-15,182357,FIN-001
INV-48749,DISP-09394,OMC-006,Hashi Energy,AGO,05/03/2026,95123,FIN-001
INV-41977,DISP-05501,OMC-012,Galana Energies,LUB,,247387,FIN-001
INV-49291,DISP-08373,OMC-019,Tanzania Petroleum,PMS,2025-04-24,29240,FIN-004
INV-53075,DISP-01515,OMC-012,Galana Energies,DPK,,46874,FIN-005
INV-52092,DISP-06198,OMC-009,Dalbit Petroleum,LPG,2026-04-20,39883,FIN-004
INV-55818,DISP-01818,OMC-013,Lake Oil,JETA1,2025-05-25,159823,FIN-002
INV-80192,DISP-08469,OMC-013,Lake Oil,PMS,2025-07-14," KES 26,809 ",FIN-003
INV-56517,DISP-01678,OMC-008,National Oil,LUB,2025-06-15,170499,FIN-003
INV-48640,DISP-05521,OMC-008,National Oil,LPG,2026-03-02,177897,FIN-001
INV-74391,DISP-04716,OMC-003,Rubis Energy,LPG,2026-05-01,28237,FIN-001
INV-28831,DISP-09172,OMC-008,National Oil,AGO,2025-04-02,99022,FIN-001
INV-77484,DISP-09201,OMC-003,Rubis Energy,HFO,2025-12-01,115935,FIN-001
INV-36164,DISP-00980,OMC-003,Rubis Energy,DPK,2026-02-04,64216,FIN-005
INV-55688,DISP-02228,OMC-003,Rubis Energy,AGO,27/06/2026,193641,FIN-004
INV-62169,DISP-02882,OMC-006,Hashi Energy,HFO,2025-02-09,40043,FIN-001
INV-20931,DISP-03048,OMC-003,Rubis Energy,AGO,2025-10-07,48646,FIN-005
INV-63095,DISP-03332,OMC-020,Ethiopian Oil,HFO,2025-11-12,52035,FIN-004
INV-66199,DISP-02479,OMC-013,Lake Oil,LUB,2025-03-23,50590,FIN-002
INV-96501,DISP-08776,OMC-011,Hass Petroleum,LUB,2025-11-04,47814,FIN-005
INV-56756,DISP-01331,OMC-004,Gulf Energy,DPK,2026-03-22,201819,FIN-001
INV-11967,DISP-01131,OMC-014,Texol Energies,PMS,2025-09-24,98317,FIN-003
INV-45432,DISP-01737,OMC-019,Tanzania Petroleum,PMS,2026-04-06,122883,FIN-004
INV-77261,DISP-03576,OMC-009,Dalbit Petroleum,AGO,2025-08-20,281602,FIN-002
INV-60495,DISP-04124,OMC-002,Vivo Energy,JETA1,28/11/2025,97590,FIN-004
INV-11133,DISP-00850,OMC-019,Tanzania Petroleum,LUB,2026-05-23,202953,FIN-001
INV-96640,DISP-02122,OMC-002,Vivo Energy,PMS,2025-10-03,181707,FIN-005
INV-47331,DISP-09269,OMC-002,Vivo Energy,AGO,2025-06-28,22480,FIN-002
INV-10998,DISP-06426,OMC-019,Tanzania Petroleum,HFO,2026-06-20,139907,FIN-002
INV-88423,DISP-01449,OMC-005,PetroOil Kenya,PMS,2026-03-24,48426,FIN-004
INV-18147,DISP-00378,OMC-003,Rubis Energy,AGO,2025-06-05,225018,FIN-001
INV-84528,DISP-04490,OMC-016,KPA Marine,DPK,2026-04-15,43185,FIN-004
INV-72598,DISP-09423,OMC-013,Lake Oil,AGO,2025-04-29,35336,FIN-002
INV-25181,DISP-00756,OMC-016,KPA Marine,PMS,2025-01-12,34443,FIN-003
INV-80062,DISP-00457,OMC-019,Tanzania Petroleum,AGO,09/12/2025,248427,FIN-001
INV-65309,DISP-02029,OMC-017,KAA Aviation,HFO,2026-01-28,213186,FIN-005
INV-27990,DISP-00278,OMC-020,Ethiopian Oil,AGO,2026-05-03,275209,FIN-003
INV-97988,DISP-06655,OMC-006,Hashi Energy,AGO,2025-01-28,135510,FIN-005
INV-55725,DISP-09734,OMC-008,National Oil,PMS,2026-02-07,126039,FIN-003
INV-39743,DISP-08601,OMC-001,TotalEnergies Kenya,AGO,,39592,FIN-005
INV-33106,DISP-07768,OMC-006,Hashi Energy,DPK,2025-06-18,31040,FIN-004
INV-17200,DISP-05306,OMC-012,Galana Energies,DPK,2026-02-06,254224,FIN-001
INV-46622,DISP-04869,OMC-005,PetroOil Kenya,DPK,2026-04-07,144811,FIN-002
INV-98237,DISP-02267,OMC-018,Uganda National Oil,LPG,2025-06-01,177534,FIN-005
INV-74382,DISP-08376,OMC-019,Tanzania Petroleum,PMS,2025-06-14,142229,FIN-002
INV-16931,DISP-05335,OMC-003,Rubis Energy,LUB,2025-12-17," KES 268,675 ",FIN-003
INV-79813,DISP-09796,OMC-003,Rubis Energy,JETA1,2026-06-03,57693,FIN-003
INV-77316,DISP-00105,OMC-015,Mombasa Petroleum,PMS,2025-08-12," KES 55,328 ",FIN-005
INV-66394,DISP-09632,OMC-010,Tamoil,AGO,2025-07-17,180276,FIN-004
INV-11173,DISP-01001,OMC-006,Hashi Energy,DPK,2026-03-16,247379,FIN-001
INV-59694,DISP-02288,OMC-010,Tamoil,LUB,2025-05-16,55244,FIN-005
INV-30508,DISP-03804,OMC-006,Hashi Energy,HFO,2025-05-12,39449,FIN-005
INV-88390,DISP-03723,OMC-003,Rubis Energy,LPG,2026-04-15,205661,FIN-001
INV-54362,DISP-08108,OMC-014,Texol Energies,LPG,2025-06-20,20973,FIN-005
INV-70656,DISP-09711,OMC-007,Kobil,PMS,2025-08-30,206005,FIN-005
INV-58364,DISP-01358,OMC-003,Rubis Energy,DPK,2026-05-30,28845,FIN-002
INV-32533,DISP-04806,OMC-013,Lake Oil,HFO,2025-12-20,91040,FIN-005
INV-95025,DISP-01520,OMC-008,National Oil,PMS,2025-01-14," KES 166,010 ",FIN-002
INV-24421,DISP-08424,OMC-011,Hass Petroleum,LUB,2025-05-15,262015,FIN-004
INV-45354,DISP-07361,OMC-013,Lake Oil,DPK,,133187,FIN-003
INV-46975,DISP-02545,OMC-018,Uganda National Oil,HFO,2025-09-12,35779,FIN-003
INV-89265,DISP-01181,OMC-010,Tamoil,LUB,2025-01-03,147517,FIN-003
INV-96688,DISP-07356,OMC-018,Uganda National Oil,HFO,2025-07-25,213606,FIN-005
INV-32609,DISP-03388,OMC-020,Ethiopian Oil,LPG,2026-04-25,141667,FIN-004
INV-10194,DISP-08366,OMC-001,TotalEnergies Kenya,LPG,2026-06-17,32421,FIN-004
INV-78819,DISP-00802,OMC-015,Mombasa Petroleum,LUB,2026-03-18," KES 54,579 ",FIN-002
INV-13907,DISP-05293,OMC-013,Lake Oil,HFO,2025-06-04,177866,FIN-005
INV-42599,DISP-05853,OMC-007,Kobil,LPG,2026-02-13,77036,FIN-004
INV-42952,DISP-09931,OMC-015,Mombasa Petroleum,LUB,2025-08-12,60700,FIN-003
INV-29291,DISP-00535,OMC-018,Uganda National Oil,JETA1,2025-10-02,232952,FIN-004
INV-57352,DISP-03986,OMC-004,Gulf Energy,DPK,2026-04-06,217755,FIN-001
INV-95134,DISP-05017,OMC-010,Tamoil,LUB,2025-01-31,175106,FIN-002
INV-58941,DISP-06233,OMC-016,KPA Marine,JETA1,2026-02-19,111586,FIN-004
INV-68833,DISP-09994,OMC-012,Galana Energies,DPK,2026-04-21,48422,FIN-002
INV-10546,DISP-08178,OMC-018,Uganda National Oil,DPK,2025-01-08,245010,FIN-005
INV-92321,DISP-05378,OMC-016,KPA Marine,HFO,2025-02-19,49285,FIN-002
INV-84780,DISP-09397,OMC-008,National Oil,HFO,19/11/2025,42882,FIN-003
INV-34783,DISP-02112,OMC-011,Hass Petroleum,JETA1,2025-03-03,277320,FIN-005
INV-56622,DISP-03919,OMC-019,Tanzania Petroleum,LPG,2025-05-17,230242,FIN-005
INV-13653,DISP-09135,OMC-001,TotalEnergies Kenya,AGO,2026-06-03,258144,FIN-001
INV-31687,DISP-07182,OMC-020,Ethiopian Oil,LUB,2026-03-20,188532,FIN-003
INV-49250,DISP-00101,OMC-003,Rubis Energy,DPK,2026-03-15,87767,FIN-001
INV-77467,DISP-01104,OMC-017,KAA Aviation,LPG,2025-09-11,187841,FIN-004
INV-52571,DISP-09733,OMC-001,TotalEnergies Kenya,LPG,2025-10-11,253585,FIN-005
INV-96369,DISP-04058,OMC-002,Vivo Energy,AGO,2025-04-19,164383,FIN-003
INV-96613,DISP-08509,OMC-001,TotalEnergies Kenya,LPG,2025-10-30,215347,FIN-001
INV-31380,DISP-06612,OMC-015,Mombasa Petroleum,JETA1,2025-03-01,167738,FIN-005
INV-14026,DISP-09909,OMC-012,Galana Energies,DPK,2026-04-08,147472,FIN-005
INV-16191,DISP-01488,OMC-005,PetroOil Kenya,PMS,2026-03-15,140509,FIN-003
INV-57247,DISP-08414,OMC-020,Ethiopian Oil,HFO,2026-04-29,186018,FIN-001
INV-35265,DISP-05722,OMC-011,Hass Petroleum,AGO,2026-05-30,43909,FIN-005
INV-16248,DISP-04610,OMC-005,PetroOil Kenya,PMS,2026-03-03," KES 142,678 ",FIN-003
INV-43934,DISP-03250,OMC-005,PetroOil Kenya,HFO,2026-03-05,258745,FIN-002
INV-24115,DISP-09579,OMC-019,Tanzania Petroleum,LUB,2025-09-26,169046,FIN-001
INV-90368,DISP-04655,OMC-009,Dalbit Petroleum,HFO,2025-03-03,35022,FIN-005
INV-16740,DISP-02748,OMC-003,Rubis Energy,HFO,2025-02-25,254844,FIN-003
INV-96144,DISP-09188,OMC-009,Dalbit Petroleum,DPK,,135068,FIN-002
INV-81170,DISP-00291,OMC-003,Rubis Energy,DPK,2026-02-18,106965,FIN-003
INV-84487,DISP-07922,OMC-010,Tamoil,AGO,2025-05-02,271762,FIN-002
INV-83029,DISP-05176,OMC-001,TotalEnergies Kenya,HFO,2025-07-26,28001,FIN-002
INV-97654,DISP-05779,OMC-001,TotalEnergies Kenya,JETA1,2025-10-19,55940,FIN-004
INV-64673,DISP-05387,OMC-003,Rubis Energy,HFO,2026-05-27,27850,FIN-002
INV-38921,DISP-02442,OMC-008,National Oil,LPG,2025-12-19,34430,FIN-001
INV-48861,DISP-07045,OMC-011,Hass Petroleum,LPG,,44545,FIN-002
INV-12954,DISP-02247,OMC-007,Kobil,LUB,2026-01-17,199206,FIN-003
INV-41811,DISP-08571,OMC-016,KPA Marine,AGO,2025-09-05,187249,FIN-003
INV-63268,DISP-07569,OMC-013,Lake Oil,DPK,2026-03-16,22885,FIN-005
INV-81578,DISP-06353,OMC-001,TotalEnergies Kenya,AGO,2025-02-24," KES 29,762 ",FIN-004
INV-92744,DISP-08731,OMC-002,Vivo Energy,LPG,2025-11-11,32098,FIN-005
INV-77323,DISP-08193,OMC-004,Gulf Energy,LUB,2026-03-20,54629,FIN-004
INV-11349,DISP-09851,OMC-003,Rubis Energy,AGO,2026-04-08,237505,FIN-002
INV-36978,DISP-01811,OMC-020,Ethiopian Oil,PMS,2026-05-20,214632,FIN-001
INV-14357,DISP-04658,OMC-009,Dalbit Petroleum,JETA1,2025-04-04," KES 287,891 ",FIN-005
INV-28874,DISP-07024,OMC-013,Lake Oil,PMS,2025-08-09,28528,FIN-003
INV-42645,DISP-01193,OMC-002,Vivo Energy,PMS,2026-01-09,43088,FIN-005
INV-12368,DISP-06751,OMC-008,National Oil,LUB,2025-05-15,56909,FIN-004
INV-36205,DISP-06419,OMC-006,Hashi Energy,HFO,2025-11-07,169646,FIN-001
INV-85907,DISP-07118,OMC-006,Hashi Energy,DPK,2025-02-27,110628,FIN-002
INV-26818,DISP-09440,OMC-009,Dalbit Petroleum,DPK,2026-03-02,48350,FIN-005
INV-26688,DISP-02419,OMC-011,Hass Petroleum,HFO,2025-07-06,124407,FIN-002
INV-87638,DISP-06728,OMC-012,Galana Energies,LPG,2026-04-04,53438,FIN-005
INV-39874,DISP-02646,OMC-009,Dalbit Petroleum,AGO,2026-06-07,294976,FIN-003
INV-18888,DISP-05651,OMC-001,TotalEnergies Kenya,AGO,2025-02-16,205356,FIN-005
INV-37949,DISP-03771,OMC-006,Hashi Energy,LUB,2026-05-04," KES 267,697 ",FIN-005
INV-16941,DISP-06855,OMC-013,Lake Oil,DPK,2025-09-10,40715,FIN-004
INV-89509,DISP-02215,OMC-003,Rubis Energy,DPK,2025-08-02,181844,FIN-002
INV-80845,DISP-01710,OMC-011,Hass Petroleum,PMS,2026-05-04,54213,FIN-005
INV-93392,DISP-03646,OMC-008,National Oil,LUB,08/01/2025,267407,FIN-004
INV-63654,DISP-03783,OMC-003,Rubis Energy,JETA1,2025-03-16,59900,FIN-002
INV-40225,DISP-00288,OMC-003,Rubis Energy,HFO,2025-10-21,39848,FIN-005
INV-16304,DISP-03199,OMC-018,Uganda National Oil,JETA1,2025-09-18,37207,FIN-001
INV-91305,DISP-05821,OMC-010,Tamoil,LPG,2026-04-12,56934,FIN-003
INV-30344,DISP-08700,OMC-009,Dalbit Petroleum,HFO,2026-06-01,229246,FIN-004
INV-86854,DISP-04733,OMC-018,Uganda National Oil,PMS,2025-11-08,195967,FIN-002
INV-87855,DISP-08410,OMC-011,Hass Petroleum,AGO,2025-01-20,61011,FIN-002
INV-69793,DISP-05831,OMC-006,Hashi Energy,LUB,2025-01-27,163849,FIN-003
INV-19269,DISP-05032,OMC-009,Dalbit Petroleum,PMS,2025-04-22,56581,FIN-005
INV-87514,DISP-08147,OMC-013,Lake Oil,LUB,2026-01-11,174807,FIN-001
INV-61840,DISP-04354,OMC-015,Mombasa Petroleum,PMS,2025-04-11,32352,FIN-002
INV-12834,DISP-04284,OMC-013,Lake Oil,PMS,16/03/2026," KES 43,605 ",FIN-003
INV-91666,DISP-09929,OMC-017,KAA Aviation,LUB,06/03/2026,163217,FIN-003
INV-37648,DISP-09116,OMC-007,Kobil,LUB,28/05/2026," KES 229,309 ",FIN-001
INV-70911,DISP-05604,OMC-002,Vivo Energy,JETA1,2026-06-12,190011,FIN-004
INV-67042,DISP-09567,OMC-016,KPA Marine,LPG,2026-05-12," KES 124,423 ",FIN-002
INV-13521,DISP-04262,OMC-012,Galana Energies,LUB,16/02/2026,224136,FIN-005
INV-16639,DISP-09794,OMC-020,Ethiopian Oil,LPG,2025-03-15,99917,FIN-001
INV-37964,DISP-03263,OMC-006,Hashi Energy,JETA1,2025-12-28,212282,FIN-005
INV-45065,DISP-01067,OMC-008,National Oil,LUB,2025-11-16,39961,FIN-003
INV-31320,DISP-00958,OMC-001,TotalEnergies Kenya,HFO,2025-03-13,139670,FIN-004
INV-56270,DISP-08631,OMC-020,Ethiopian Oil,PMS,,278437,FIN-003
INV-11703,DISP-06072,OMC-006,Hashi Energy,JETA1,04/10/2025,30792,FIN-004
INV-85209,DISP-05714,OMC-018,Uganda National Oil,LPG,2025-12-12,274578,FIN-004
INV-34884,DISP-09491,OMC-002,Vivo Energy,DPK,2025-07-24,34456,FIN-004
INV-75146,DISP-03680,OMC-018,Uganda National Oil,JETA1,2026-01-19,172747,FIN-005
INV-68378,DISP-04876,OMC-005,PetroOil Kenya,LUB,2026-04-01,32514,FIN-005
INV-59720,DISP-05415,OMC-016,KPA Marine,HFO,2026-01-26,104045,FIN-004
INV-47769,DISP-04585,OMC-007,Kobil,DPK,2025-11-27,195643,FIN-004
INV-47571,DISP-02996,OMC-001,TotalEnergies Kenya,LUB,2025-12-30,35735,FIN-002
INV-27532,DISP-05035,OMC-009,Dalbit Petroleum,HFO,2025-12-14,211887,FIN-005
INV-41635,DISP-08751,OMC-013,Lake Oil,PMS,2025-07-18,170342,FIN-002
INV-54776,DISP-02068,OMC-013,Lake Oil,JETA1,2026-06-02,114934,FIN-002
INV-33649,DISP-05102,OMC-011,Hass Petroleum,HFO,2025-12-24,116669,FIN-002
INV-75911,DISP-00741,OMC-004,Gulf Energy,JETA1,2026-03-07,110887,FIN-003
INV-77576,DISP-07487,OMC-020,Ethiopian Oil,LPG,2025-02-13,217755,FIN-001
INV-97879,DISP-01790,OMC-010,Tamoil,LUB,2025-06-12,55631,FIN-001
INV-56302,DISP-01694,OMC-012,Galana Energies,LPG,,57305,FIN-005
INV-28161,DISP-03578,OMC-007,Kobil,HFO,2025-04-13,214914,FIN-001
INV-73041,DISP-06826,OMC-012,Galana Energies,HFO,2026-04-19,54144,FIN-005
INV-63822,DISP-00312,OMC-006,Hashi Energy,PMS,2025-10-14,247945,FIN-002
INV-45946,DISP-08507,OMC-011,Hass Petroleum,DPK,2026-05-31,40650,FIN-004
INV-24455,DISP-07687,OMC-020,Ethiopian Oil,JETA1,16/03/2026,136683,FIN-002
INV-95937,DISP-04923,OMC-020,Ethiopian Oil,DPK,2025-04-29,42661,FIN-004
INV-73867,DISP-06742,OMC-011,Hass Petroleum,HFO,2026-05-16,121096,FIN-005
INV-59715,DISP-02634,OMC-011,Hass Petroleum,LPG,2026-01-18,75161,FIN-002
INV-45457,DISP-07178,OMC-016,KPA Marine,DPK,2025-05-22,34715,FIN-004
INV-55011,DISP-07911,OMC-020,Ethiopian Oil,PMS,2025-12-24,31669,FIN-003
INV-22188,DISP-00353,OMC-010,Tamoil,PMS,2025-09-23," KES 115,330 ",FIN-004
INV-38989,DISP-07875,OMC-011,Hass Petroleum,JETA1,2026-06-06,45104,FIN-002
INV-70718,DISP-04810,OMC-001,TotalEnergies Kenya,LUB,2025-06-19,136747,FIN-002
INV-16041,DISP-02241,OMC-002,Vivo Energy,AGO,03/04/2025,26037,FIN-003
INV-36662,DISP-01311,OMC-001,TotalEnergies Kenya,HFO,2026-04-03,83499,FIN-001
INV-76086,DISP-02018,OMC-019,Tanzania Petroleum,LUB,2026-06-17,144972,FIN-003
INV-67225,DISP-08858,OMC-005,PetroOil Kenya,JETA1,2026-02-22,290977,FIN-003
INV-79462,DISP-01894,OMC-009,Dalbit Petroleum,HFO,2025-11-26,193852,FIN-001
INV-19419,DISP-03760,OMC-015,Mombasa Petroleum,HFO,2025-03-25,174559,FIN-002
INV-61534,DISP-07576,OMC-007,Kobil,LUB,2025-10-23,92296,FIN-005
INV-93059,DISP-06092,OMC-006,Hashi Energy,HFO,2025-09-30,33024,FIN-003
INV-10736,DISP-05777,OMC-005,PetroOil Kenya,PMS,2026-03-16,282332,FIN-001
INV-65653,DISP-07763,OMC-011,Hass Petroleum,JETA1,2026-03-26,88801,FIN-003
INV-61650,DISP-04185,OMC-013,Lake Oil,PMS,2026-06-10,116880,FIN-004
INV-57575,DISP-03610,OMC-006,Hashi Energy,PMS,2025-05-08,54222,FIN-001
INV-16683,DISP-05344,OMC-010,Tamoil,HFO,2025-03-29,155788,FIN-003
INV-95330,DISP-02766,OMC-016,KPA Marine,HFO,2025-02-22,52908,FIN-001
INV-89852,DISP-06776,OMC-008,National Oil,AGO,2026-01-21,47106,FIN-003
INV-34163,DISP-00051,OMC-016,KPA Marine,AGO,2025-10-29,190645,FIN-004
INV-95698,DISP-06744,OMC-017,KAA Aviation,LUB,2026-05-17,23319,FIN-001
INV-29612,DISP-00041,OMC-016,KPA Marine,DPK,2025-04-19,61409,FIN-002
INV-87843,DISP-01277,OMC-006,Hashi Energy,AGO,2025-06-21,233864,FIN-005
INV-44850,DISP-07332,OMC-020,Ethiopian Oil,HFO,2025-10-12,46155,FIN-004
INV-77217,DISP-06108,OMC-013,Lake Oil,HFO,2025-08-11,37780,FIN-005
INV-61053,DISP-00238,OMC-016,KPA Marine,LUB,2025-12-08,226141,FIN-004
INV-63334,DISP-01053,OMC-007,Kobil,AGO,01/07/2025,140990,FIN-002
INV-52539,DISP-02204,OMC-002,Vivo Energy,HFO,06/01/2026,227069,FIN-001
INV-67542,DISP-03378,OMC-011,Hass Petroleum,HFO,2026-03-28,42770,FIN-005
INV-80310,DISP-06097,OMC-003,Rubis Energy,PMS,2025-11-05,233713,FIN-002
INV-45076,DISP-07511,OMC-007,Kobil,AGO,2025-07-23,134500,FIN-004
INV-21243,DISP-02416,OMC-010,Tamoil,HFO,2026-07-03,148590,FIN-002
INV-93935,DISP-09330,OMC-009,Dalbit Petroleum,AGO,2025-08-19,52487,FIN-001
INV-80734,DISP-09770,OMC-014,Texol Energies,LPG,2026-02-23,166017,FIN-003
INV-86976,DISP-03202,OMC-015,Mombasa Petroleum,LUB,2025-02-08,29941,FIN-002
INV-65833,DISP-01482,OMC-010,Tamoil,HFO,2026-05-14,184508,FIN-001
INV-76663,DISP-08647,OMC-004,Gulf Energy,DPK,2026-03-07,300629,FIN-003
INV-84114,DISP-05939,OMC-007,Kobil,LUB,2025-05-18,121087,FIN-005
INV-19845,DISP-02462,OMC-011,Hass Petroleum,HFO,2025-05-10,128024,FIN-004
INV-48070,DISP-09339,OMC-008,National Oil,DPK,2025-04-10,54261,FIN-001
INV-68627,DISP-05916,OMC-005,PetroOil Kenya,DPK,2026-02-13,272212,FIN-003
INV-93185,DISP-04530,OMC-014,Texol Energies,PMS,14/03/2026,44257,FIN-001
INV-17688,DISP-01878,OMC-020,Ethiopian Oil,HFO,2026-04-21,191841,FIN-004
INV-83662,DISP-08155,OMC-020,Ethiopian Oil,PMS,2025-09-26,180082,FIN-002
INV-47418,DISP-08441,OMC-017,KAA Aviation,DPK,2025-10-05,106989,FIN-002
INV-28312,DISP-06782,OMC-016,KPA Marine,LUB,2025-03-07,154559,FIN-004
INV-75460,DISP-07165,OMC-010,Tamoil,AGO,2025-06-08,60209,FIN-002
INV-32043,DISP-09299,OMC-008,National Oil,JETA1,2025-05-13,241490,FIN-003
INV-24527,DISP-01767,OMC-011,Hass Petroleum,LUB,2026-05-19,49777,FIN-005
INV-43316,DISP-05265,OMC-017,KAA Aviation,AGO,2025-06-15,195971,FIN-004
INV-19792,DISP-02552,OMC-005,PetroOil Kenya,JETA1,2026-05-02,173117,FIN-002
INV-82783,DISP-07472,OMC-003,Rubis Energy,HFO,2025-06-23," KES 143,535 ",FIN-004
INV-33810,DISP-02637,OMC-004,Gulf Energy,DPK,2026-04-05,56618,FIN-002
INV-76063,DISP-09871,OMC-010,Tamoil,DPK,28/01/2025,112349,FIN-004
INV-30484,DISP-01270,OMC-017,KAA Aviation,DPK,2025-12-29,240331,FIN-005
INV-50474,DISP-07765,OMC-019,Tanzania Petroleum,AGO,2025-04-03,266610,FIN-004
INV-47445,DISP-05541,OMC-009,Dalbit Petroleum,DPK,2025-06-30,116003,FIN-005
INV-23105,DISP-09109,OMC-010,Tamoil,LUB,2025-08-15,98711,FIN-004
INV-90978,DISP-02976,OMC-013,Lake Oil,JETA1,2025-02-22,196942,FIN-005
INV-75004,DISP-05967,OMC-009,Dalbit Petroleum,HFO,,81868,FIN-002
INV-36017,DISP-07601,OMC-017,KAA Aviation,DPK,2025-07-01,93744,FIN-002
INV-50273,DISP-05808,OMC-019,Tanzania Petroleum,HFO,2026-05-27,88565,FIN-001
INV-38141,DISP-02595,OMC-003,Rubis Energy,HFO,2025-02-27,183679,FIN-002
INV-21653,DISP-06402,OMC-004,Gulf Energy,PMS,2026-03-09,204171,FIN-004
INV-12435,DISP-03269,OMC-011,Hass Petroleum,LPG,2025-10-17,33612,FIN-002
INV-71664,DISP-01946,OMC-011,Hass Petroleum,HFO,2026-03-09,58700,FIN-001
INV-23109,DISP-07838,OMC-010,Tamoil,LPG,2026-02-06,116917,FIN-001
INV-94339,DISP-05862,OMC-003,Rubis Energy,HFO,23/04/2026,219304,FIN-001
INV-72675,DISP-01081,OMC-004,Gulf Energy,LPG,2026-05-03,47929,FIN-002
INV-88983,DISP-06966,OMC-008,National Oil,HFO,2025-07-22,26871,FIN-001
INV-32364,DISP-08997,OMC-003,Rubis Energy,HFO,2025-08-01,36885,FIN-001
INV-76609,DISP-08220,OMC-002,Vivo Energy,LUB,2025-03-07,242535,FIN-005
INV-42391,DISP-06870,OMC-014,Texol Energies,AGO,2025-09-27,230490,FIN-005
INV-37906,DISP-05004,OMC-017,KAA Aviation,LPG,2025-06-19,23591,FIN-002
INV-54577,DISP-03336,OMC-015,Mombasa Petroleum,AGO,2025-11-29,20921,FIN-001
INV-16975,DISP-02960,OMC-016,KPA Marine,LUB,2026-04-12,135493,FIN-002
INV-66709,DISP-06539,OMC-015,Mombasa Petroleum,AGO,2025-10-21,44415,FIN-005
INV-73192,DISP-05255,OMC-010,Tamoil,PMS,2025-05-09,58430,FIN-004
INV-67991,DISP-00924,OMC-001,TotalEnergies Kenya,PMS,2026-04-03,248885,FIN-003
INV-36546,DISP-01799,OMC-015,Mombasa Petroleum,AGO,2025-05-11,35321,FIN-005
INV-60749,DISP-00294,OMC-002,Vivo Energy,PMS,2026-06-05,194017,FIN-004
INV-31721,DISP-06084,OMC-001,TotalEnergies Kenya,AGO,2026-03-07,199163,FIN-003
INV-92100,DISP-01697,OMC-009,Dalbit Petroleum,LPG,2026-04-09,143828,FIN-004
INV-22194,DISP-04890,OMC-011,Hass Petroleum,LUB,2025-12-02,135243,FIN-004
INV-66130,DISP-00946,OMC-012,Galana Energies,JETA1,2026-04-28,34511,FIN-002
INV-13144,DISP-05976,OMC-019,Tanzania Petroleum,AGO,2026-06-18," KES 25,458 ",FIN-005
INV-44978,DISP-09252,OMC-007,Kobil,LUB,2026-06-29,148348,FIN-004
INV-66314,DISP-05747,OMC-006,Hashi Energy,LUB,2026-03-22,51829,FIN-005
INV-36960,DISP-04180,OMC-016,KPA Marine,HFO,2025-05-23,124960,FIN-002
INV-85249,DISP-09662,OMC-015,Mombasa Petroleum,LUB,2026-06-07,130391,FIN-002
INV-86611,DISP-05986,OMC-006,Hashi Energy,HFO,2025-01-19,51621,FIN-001
INV-96229,DISP-08530,OMC-013,Lake Oil,LPG,2026-03-20,175354,FIN-001
INV-54883,DISP-06477,OMC-002,Vivo Energy,AGO,2025-01-12,57589,FIN-004
INV-60664,DISP-04857,OMC-018,Uganda National Oil,AGO,2026-04-27,206595,FIN-005
INV-45984,DISP-02493,OMC-017,KAA Aviation,HFO,2025-07-23,219531,FIN-002
INV-12154,DISP-09783,OMC-016,KPA Marine,PMS,2026-07-04,58099,FIN-005
INV-33633,DISP-02109,OMC-010,Tamoil,HFO,2025-12-28,104780,FIN-005
INV-21375,DISP-00111,OMC-019,Tanzania Petroleum,AGO,2025-02-13,175966,FIN-004
INV-63949,DISP-08334,OMC-005,PetroOil Kenya,HFO,22/03/2026,194233,FIN-004
INV-50595,DISP-09496,OMC-009,Dalbit Petroleum,PMS,2025-09-09,51935,FIN-004
INV-65391,DISP-04386,OMC-017,KAA Aviation,JETA1,2025-09-10,179794,FIN-002
INV-44455,DISP-06733,OMC-019,Tanzania Petroleum,JETA1,2025-09-24,122692,FIN-005
INV-48736,DISP-04586,OMC-016,KPA Marine,LUB,2025-05-10,192330,FIN-003
INV-94096,DISP-06716,OMC-015,Mombasa Petroleum,DPK,2025-10-03,176773,FIN-002
INV-19698,DISP-05455,OMC-018,Uganda National Oil,HFO,2025-07-09,246864,FIN-002
INV-17138,DISP-07912,OMC-013,Lake Oil,LUB,2026-03-28,226978,FIN-005
INV-22561,DISP-08710,OMC-013,Lake Oil,AGO,2025-11-27," KES 51,303 ",FIN-001
INV-47342,DISP-04157,OMC-016,KPA Marine,AGO,2025-03-01,177192,FIN-001
INV-59906,DISP-09318,OMC-007,Kobil,LPG,2025-12-04,38687,FIN-003
INV-27130,DISP-09509,OMC-008,National Oil,AGO,2026-06-29,50477,FIN-001
INV-13938,DISP-00503,OMC-001,TotalEnergies Kenya,PMS,2026-07-02,135705,FIN-004
INV-99434,DISP-03071,OMC-005,PetroOil Kenya,LPG,2026-05-04,34360,FIN-002
INV-45593,DISP-01639,OMC-005,PetroOil Kenya,JETA1,2026-03-09,256766,FIN-003
INV-49879,DISP-04356,OMC-006,Hashi Energy,LPG,2025-11-07,59026,FIN-005
INV-40042,DISP-07426,OMC-020,Ethiopian Oil,AGO,2026-05-14,45018,FIN-004
INV-41302,DISP-07040,OMC-003,Rubis Energy,JETA1,2026-04-13,162731,FIN-002
INV-75653,DISP-07584,OMC-018,Uganda National Oil,AGO,16/08/2025,241672,FIN-004
INV-85778,DISP-08897,OMC-008,National Oil,LUB,,46542,FIN-005
INV-29146,DISP-03540,OMC-019,Tanzania Petroleum,DPK,2025-01-18,27720,FIN-001
INV-93562,DISP-05188,OMC-007,Kobil,AGO,2025-08-15,239670,FIN-003
INV-59904,DISP-09326,OMC-005,PetroOil Kenya,LPG,2026-04-26,62430,FIN-003
INV-69820,DISP-07671,OMC-011,Hass Petroleum,AGO,2025-08-04,175997,FIN-002
INV-29064,DISP-02955,OMC-005,PetroOil Kenya,PMS,2026-03-13,140676,FIN-002
INV-11675,DISP-06203,OMC-010,Tamoil,AGO,2025-02-07,60715,FIN-001
INV-42938,DISP-09748,OMC-005,PetroOil Kenya,JETA1,2026-04-10,18360,FIN-004
INV-74943,DISP-05379,OMC-012,Galana Energies,AGO,2026-04-29,52678,FIN-005
INV-14637,DISP-05272,OMC-015,Mombasa Petroleum,LUB,2025-07-09,51393,FIN-004
INV-67151,DISP-03905,OMC-002,Vivo Energy,LUB,2026-04-12,177417,FIN-002
INV-65230,DISP-05085,OMC-014,Texol Energies,HFO,2025-04-02,234761,FIN-005
INV-48731,DISP-09792,OMC-008,National Oil,AGO,2025-11-09,25997,FIN-003
INV-31064,DISP-02593,OMC-009,Dalbit Petroleum,DPK,2026-05-08,36870,FIN-005
INV-88644,DISP-08003,OMC-001,TotalEnergies Kenya,JETA1,2025-08-31,56096,FIN-004
INV-93338,DISP-05609,OMC-019,Tanzania Petroleum,HFO,2025-09-27," KES 122,186 ",FIN-005
INV-24978,DISP-03560,OMC-019,Tanzania Petroleum,HFO,2026-04-06,190932,FIN-002
INV-68136,DISP-05705,OMC-009,Dalbit Petroleum,DPK,2025-04-15,230353,FIN-004
INV-76103,DISP-04390,OMC-009,Dalbit Petroleum,LUB,2025-11-20,29162,FIN-003
INV-75983,DISP-03550,OMC-007,Kobil,HFO,2025-03-05,260250,FIN-005
INV-31898,DISP-02856,OMC-020,Ethiopian Oil,AGO,2025-02-15,203356,FIN-003
INV-48852,DISP-03351,OMC-011,Hass Petroleum,DPK,2025-08-24," KES 38,818 ",FIN-002
INV-28773,DISP-08885,OMC-004,Gulf Energy,DPK,2026-04-01,49540,FIN-003
INV-18301,DISP-03798,OMC-003,Rubis Energy,HFO,2025-01-12,91191,FIN-004
INV-31623,DISP-08511,OMC-020,Ethiopian Oil,LUB,2025-10-06,88232,FIN-005
INV-98774,DISP-06696,OMC-005,PetroOil Kenya,DPK,2026-03-11,110958,FIN-005
INV-62171,DISP-03469,OMC-018,Uganda National Oil,LUB,2025-07-13,102011,FIN-002
INV-41895,DISP-02295,OMC-008,National Oil,PMS,2025-07-14,134641,FIN-005
INV-27839,DISP-07510,OMC-019,Tanzania Petroleum,LUB,2025-11-11,239920,FIN-004
INV-95780,DISP-05663,OMC-002,Vivo Energy,HFO,2025-09-03,96861,FIN-001
INV-94811,DISP-08607,OMC-017,KAA Aviation,LPG,2025-10-30,50253,FIN-001
INV-31091,DISP-06056,OMC-017,KAA Aviation,AGO,2026-01-19,211993,FIN-005
INV-61290,DISP-00510,OMC-020,Ethiopian Oil,HFO,2026-05-10,239314,FIN-004
INV-13926,DISP-07203,OMC-013,Lake Oil,PMS,2025-02-16,184149,FIN-003
INV-68113,DISP-06850,OMC-020,Ethiopian Oil,LPG,2025-02-12,30701,FIN-001
INV-49408,DISP-07916,OMC-017,KAA Aviation,LUB,2026-06-18,171040,FIN-001
INV-18965,DISP-00916,OMC-015,Mombasa Petroleum,PMS,2026-01-29,138552,FIN-002
INV-41425,DISP-08097,OMC-019,Tanzania Petroleum,LPG,2025-06-15,57900,FIN-005
INV-53156,DISP-02331,OMC-010,Tamoil,PMS,2025-03-11,59244,FIN-001
INV-37669,DISP-03591,OMC-014,Texol Energies,LUB,2025-11-10,128360,FIN-001
INV-98531,DISP-00397,OMC-002,Vivo Energy,AGO,2025-07-19,48158,FIN-005
INV-25705,DISP-06136,OMC-016,KPA Marine,LPG,2025-06-22,185189,FIN-001
INV-57545,DISP-08738,OMC-001,TotalEnergies Kenya,LPG,2025-04-01,122494,FIN-004
INV-53380,DISP-05951,OMC-006,Hashi Energy,HFO,2025-03-26,45502,FIN-002
INV-91298,DISP-09781,OMC-009,Dalbit Petroleum,LPG,2025-01-19,196598,FIN-004
INV-27594,DISP-07167,OMC-017,KAA Aviation,PMS,2025-09-11,32818,FIN-002
INV-44614,DISP-03462,OMC-020,Ethiopian Oil,JETA1,2025-11-29,34590,FIN-001
INV-73308,DISP-03562,OMC-013,Lake Oil,LPG,2025-08-10,252652,FIN-002
INV-63631,DISP-04850,OMC-001,TotalEnergies Kenya,AGO,2025-11-27,59192,FIN-002
INV-45861,DISP-01617,OMC-001,TotalEnergies Kenya,LUB,2026-01-24,189613,FIN-003
INV-69149,DISP-06061,OMC-020,Ethiopian Oil,AGO,2025-02-16,43520,FIN-001
INV-47670,DISP-07408,OMC-016,KPA Marine,DPK,2025-10-17,100901,FIN-002
INV-63611,DISP-08621,OMC-007,Kobil,PMS,2025-09-13,22134,FIN-002
INV-91923,DISP-01804,OMC-018,Uganda National Oil,LUB,2026-01-29,273891,FIN-005
INV-60608,DISP-05954,OMC-014,Texol Energies,LPG,2025-11-11,91789,FIN-005
INV-70689,DISP-05735,OMC-014,Texol Energies,AGO,2025-01-31,208582,FIN-002
INV-14042,DISP-02173,OMC-001,TotalEnergies Kenya,HFO,2026-01-21,29389,FIN-003
INV-19078,DISP-04943,OMC-010,Tamoil,JETA1,2025-11-02,29506,FIN-002
INV-76413,DISP-03875,OMC-005,PetroOil Kenya,DPK,2026-04-13,293850,FIN-002
INV-75304,DISP-01507,OMC-018,Uganda National Oil,JETA1,2025-11-11,29712,FIN-004
INV-49915,DISP-00132,OMC-006,Hashi Energy,JETA1,2025-12-05,59888,FIN-002
INV-32088,DISP-09196,OMC-010,Tamoil,PMS,2025-11-07,49330,FIN-003
INV-44089,DISP-02725,OMC-009,Dalbit Petroleum,HFO,2026-05-25,54324,FIN-005
INV-43748,DISP-09055,OMC-019,Tanzania Petroleum,HFO,21/07/2025,204973,FIN-004
INV-42204,DISP-07500,OMC-011,Hass Petroleum,JETA1,2026-05-24,226177,FIN-001
INV-39263,DISP-05653,OMC-002,Vivo Energy,LPG,2025-05-25,169096,FIN-003
INV-53420,DISP-01422,OMC-019,Tanzania Petroleum,HFO,2025-08-29,30389,FIN-001
INV-27109,DISP-05887,OMC-016,KPA Marine,LPG,2025-03-14,255249,FIN-004
INV-39681,DISP-07029,OMC-013,Lake Oil,PMS,2025-06-27,223325,FIN-001
INV-43929,DISP-03873,OMC-018,Uganda National Oil,AGO,2026-03-31,200546,FIN-001
INV-45189,DISP-09888,OMC-017,KAA Aviation,AGO,2026-02-14,45160,FIN-005
INV-42908,DISP-06780,OMC-006,Hashi Energy,PMS,09/11/2025,104018,FIN-004
INV-21351,DISP-06564,OMC-003,Rubis Energy,DPK,2025-06-23,43061,FIN-001
INV-57977,DISP-02474,OMC-011,Hass Petroleum,HFO,2025-05-17,76212,FIN-005
INV-62115,DISP-06287,OMC-006,Hashi Energy,JETA1,2025-12-04,263909,FIN-001
INV-55392,DISP-03523,OMC-002,Vivo Energy,LUB,2025-04-29,37342,FIN-004
INV-82558,DISP-09856,OMC-001,TotalEnergies Kenya,LPG,29/07/2025," KES 199,904 ",FIN-001
INV-63677,DISP-09793,OMC-001,TotalEnergies Kenya,LUB,2026-02-22,53689,FIN-003
INV-43633,DISP-08279,OMC-014,Texol Energies,LPG,2025-07-22,202483,FIN-003
INV-10001,DISP-05356,OMC-009,Dalbit Petroleum,JETA1,2026-04-21,114923,FIN-004
INV-41860,DISP-05368,OMC-011,Hass Petroleum,AGO,2026-02-23,108991,FIN-005
INV-26123,DISP-07710,OMC-019,Tanzania Petroleum,PMS,2025-09-05,179720,FIN-003
INV-54663,DISP-02840,OMC-001,TotalEnergies Kenya,AGO,,36605,FIN-003
INV-39457,DISP-02162,OMC-016,KPA Marine,PMS,2026-02-26,32012,FIN-002
INV-68161,DISP-04289,OMC-002,Vivo Energy,HFO,2026-05-10,189767,FIN-001
INV-84521,DISP-09274,OMC-017,KAA Aviation,JETA1,2025-12-17,94251,FIN-003
INV-98829,DISP-05837,OMC-003,Rubis Energy,PMS,2025-06-24,25250,FIN-001
INV-86627,DISP-04742,OMC-003,Rubis Energy,LUB,," KES 270,630 ",FIN-003
INV-19848,DISP-09565,OMC-003,Rubis Energy,JETA1,2025-12-07,53046,FIN-003
INV-81388,DISP-07109,OMC-017,KAA Aviation,AGO,2026-02-25,34432,FIN-003
INV-75934,DISP-08266,OMC-008,National Oil,LUB,2025-11-30," KES 233,739 ",FIN-003
INV-16853,DISP-08604,OMC-018,Uganda National Oil,HFO,2025-11-03,28674,FIN-005
INV-68288,DISP-07469,OMC-006,Hashi Energy,LPG,2025-08-22,244866,FIN-001
INV-74018,DISP-01089,OMC-010,Tamoil,HFO,2025-07-17,257930,FIN-002
INV-55702,DISP-05998,OMC-008,National Oil,AGO,2026-06-12,25698,FIN-004
INV-56733,DISP-02378,OMC-007,Kobil,LUB,2025-08-21,252006,FIN-004
INV-47323,DISP-09467,OMC-013,Lake Oil,LUB,2025-04-24,103444,FIN-005
INV-84603,DISP-00713,OMC-003,Rubis Energy,JETA1,2025-03-23,201187,FIN-003
INV-76361,DISP-09867,OMC-011,Hass Petroleum,HFO,2026-03-09,142756,FIN-001
INV-90938,DISP-07100,OMC-009,Dalbit Petroleum,LPG,2025-03-16,130026,FIN-004
INV-71584,DISP-09400,OMC-004,Gulf Energy,HFO,,58918,FIN-005
INV-98705,DISP-06552,OMC-012,Galana Energies,HFO,2026-04-22,44024,FIN-005
INV-55602,DISP-07670,OMC-017,KAA Aviation,DPK,2026-05-12,271863,FIN-001
INV-98397,DISP-09107,OMC-001,TotalEnergies Kenya,AGO,2026-05-02,51228,FIN-001
INV-44430,DISP-03132,OMC-003,Rubis Energy,LPG,2025-12-18,129394,FIN-005
INV-14257,DISP-07853,OMC-011,Hass Petroleum,LUB,2025-11-29,270757,FIN-001
INV-53571,DISP-04423,OMC-006,Hashi Energy,AGO,2025-12-25,61397,FIN-004
INV-37284,DISP-06596,OMC-019,Tanzania Petroleum,AGO,,202095,FIN-004
INV-41896,DISP-03233,OMC-009,Dalbit Petroleum,DPK,2025-02-27,115870,FIN-004
INV-88963,DISP-01848,OMC-008,National Oil,LPG,2025-01-25,212523,FIN-004
INV-89305,DISP-07648,OMC-002,Vivo Energy,PMS,2025-12-19,120117,FIN-005
INV-89065,DISP-04395,OMC-008,National Oil,DPK,2026-06-01,47168,FIN-001
INV-15664,DISP-01314,OMC-001,TotalEnergies Kenya,PMS,2025-06-25,28126,FIN-001
INV-64099,DISP-07858,OMC-001,TotalEnergies Kenya,LUB,2025-11-03,49735,FIN-001
INV-60494,DISP-02150,OMC-014,Texol Energies,LPG,2025-03-16,25512,FIN-003
INV-72446,DISP-06499,OMC-005,PetroOil Kenya,HFO,2026-05-02," KES 267,297 ",FIN-004
INV-87716,DISP-03242,OMC-001,TotalEnergies Kenya,JETA1,2025-02-02," KES 54,246 ",FIN-002
INV-10948,DISP-08232,OMC-011,Hass Petroleum,AGO,2026-06-11," KES 158,182 ",FIN-003
INV-39246,DISP-06533,OMC-003,Rubis Energy,JETA1,2026-01-04,133650,FIN-003
INV-90900,DISP-05243,OMC-012,Galana Energies,AGO,2026-05-04,49133,FIN-004
INV-72323,DISP-05343,OMC-010,Tamoil,DPK,2025-06-25,143971,FIN-005
INV-84656,DISP-05937,OMC-013,Lake Oil,AGO,2025-12-20,45091,FIN-005
INV-16741,DISP-06245,OMC-011,Hass Petroleum,JETA1,04/04/2025,142104,FIN-004
INV-11832,DISP-04920,OMC-019,Tanzania Petroleum,HFO,2025-05-23,41406,FIN-003
INV-68469,DISP-06656,OMC-008,National Oil,DPK,2025-03-09,40081,FIN-005
INV-57861,DISP-04256,OMC-017,KAA Aviation,HFO,2025-07-23,167925,FIN-001
INV-55867,DISP-08477,OMC-013,Lake Oil,LPG,2025-11-28,53006,FIN-002
INV-16220,DISP-01315,OMC-001,TotalEnergies Kenya,PMS,2025-07-09,270894,FIN-002
INV-63676,DISP-06116,OMC-002,Vivo Energy,HFO,2025-05-18,200540,FIN-003
INV-31405,DISP-05895,OMC-008,National Oil,LUB,2026-06-29,25909,FIN-001
INV-61812,DISP-02868,OMC-007,Kobil,HFO,2025-10-18,227784,FIN-002
INV-60311,DISP-00718,OMC-010,Tamoil,LPG,2026-04-21,26474,FIN-002
INV-66231,DISP-05699,OMC-010,Tamoil,LPG,2025-03-01,269048,FIN-001
INV-78095,DISP-05503,OMC-019,Tanzania Petroleum,LPG,2026-05-10,41489,FIN-002
INV-36995,DISP-07822,OMC-006,Hashi Energy,PMS,13/11/2025,130551,FIN-004
INV-43408,DISP-04324,OMC-001,TotalEnergies Kenya,JETA1,2025-09-29,192350,FIN-001
INV-95669,DISP-08459,OMC-016,KPA Marine,HFO,2025-02-28,111377,FIN-005
INV-81525,DISP-05494,OMC-009,Dalbit Petroleum,PMS,2026-06-07,233879,FIN-005
INV-85925,DISP-07884,OMC-010,Tamoil,DPK,2025-10-23,57539,FIN-005
INV-21657,DISP-05718,OMC-016,KPA Marine,DPK,2025-06-09,25452,FIN-004
INV-84128,DISP-00115,OMC-010,Tamoil,JETA1,2026-05-23,60098,FIN-002
INV-97659,DISP-01564,OMC-003,Rubis Energy,PMS,2025-02-15,29786,FIN-004
INV-12039,DISP-05756,OMC-007,Kobil,PMS,2026-05-21,202920,FIN-004
INV-85038,DISP-02549,OMC-014,Texol Energies,AGO,2026-04-20,120500,FIN-002
INV-75802,DISP-05531,OMC-010,Tamoil,PMS,2025-03-16,108509,FIN-001
INV-12371,DISP-09554,OMC-008,National Oil,LUB,2025-06-03,226055,FIN-003
INV-75075,DISP-07746,OMC-005,PetroOil Kenya,HFO,2026-03-11,174729,FIN-002
INV-46735,DISP-00389,OMC-012,Galana Energies,AGO,,31142,FIN-004
INV-85982,DISP-09062,OMC-009,Dalbit Petroleum,JETA1,2025-07-17,138856,FIN-004
INV-20805,DISP-07925,OMC-008,National Oil,JETA1,2025-10-30,57651,FIN-001
INV-40902,DISP-06434,OMC-005,PetroOil Kenya,JETA1,2026-02-12,52643,FIN-001
INV-92122,DISP-05601,OMC-007,Kobil,LUB,2025-05-02,33177,FIN-004
INV-17374,DISP-08783,OMC-006,Hashi Energy,JETA1,2025-03-12,135479,FIN-002
INV-13764,DISP-05381,OMC-019,Tanzania Petroleum,LPG,17/09/2025,195121,FIN-002
INV-75426,DISP-00584,OMC-003,Rubis Energy,PMS,2026-04-27,27237,FIN-005
INV-33067,DISP-06614,OMC-002,Vivo Energy,LUB,2026-06-18,168833,FIN-002
INV-21726,DISP-07767,OMC-010,Tamoil,AGO,2025-11-09,139213,FIN-004
INV-40819,DISP-00347,OMC-019,Tanzania Petroleum,HFO,2026-05-06," KES 32,830 ",FIN-005
INV-62083,DISP-00852,OMC-015,Mombasa Petroleum,PMS,2026-04-22,46500,FIN-001
INV-63998,DISP-08013,OMC-007,Kobil,LPG,2026-04-04,218188,FIN-002
INV-90385,DISP-07402,OMC-013,Lake Oil,PMS,2026-06-16,60858,FIN-004
INV-92991,DISP-02808,OMC-019,Tanzania Petroleum,PMS,2025-12-02,40509,FIN-002
INV-16943,DISP-02763,OMC-015,Mombasa Petroleum,JETA1,2026-02-02,117536,FIN-004
INV-71041,DISP-01483,OMC-015,Mombasa Petroleum,HFO,2026-03-01,240455,FIN-003
INV-34015,DISP-02382,OMC-012,Galana Energies,JETA1,2026-02-27,179309,FIN-003
INV-87593,DISP-00404,OMC-012,Galana Energies,JETA1,2026-03-13,97564,FIN-005
INV-85936,DISP-09603,OMC-012,Galana Energies,AGO,2026-02-03,231194,FIN-004
INV-97021,DISP-09631,OMC-003,Rubis Energy,HFO,2025-06-22,231245,FIN-003
INV-90339,DISP-04323,OMC-020,Ethiopian Oil,HFO,2025-08-05,138268,FIN-004
INV-92720,DISP-01517,OMC-012,Galana Energies,HFO,2026-03-07,36740,FIN-004
INV-26212,DISP-03058,OMC-020,Ethiopian Oil,AGO,2025-06-12,52167,FIN-005
INV-25232,DISP-06831,OMC-017,KAA Aviation,DPK,2025-04-23,26079,FIN-005
INV-95567,DISP-05092,OMC-006,Hashi Energy,JETA1,2026-05-11,188815,FIN-002
INV-83705,DISP-06697,OMC-001,TotalEnergies Kenya,LUB,2025-06-20,23266,FIN-004
INV-41553,DISP-06017,OMC-016,KPA Marine,PMS,2026-03-31,46895,FIN-002
INV-33221,DISP-01209,OMC-002,Vivo Energy,LPG,2025-09-10,43346,FIN-004
INV-64166,DISP-05902,OMC-005,PetroOil Kenya,DPK,2026-03-01,59328,FIN-002
INV-88832,DISP-03363,OMC-002,Vivo Energy,HFO,2026-04-01,52963,FIN-002
INV-48625,DISP-07353,OMC-018,Uganda National Oil,LPG,2025-09-29,177276,FIN-003
INV-91811,DISP-03170,OMC-001,TotalEnergies Kenya,JETA1,2025-06-13,179351,FIN-002
INV-32772,DISP-01999,OMC-014,Texol Energies,AGO,2025-10-06,131772,FIN-004
INV-99616,DISP-02533,OMC-017,KAA Aviation,DPK,27/12/2025,24713,FIN-005
INV-45537,DISP-03792,OMC-015,Mombasa Petroleum,HFO,2025-11-03,137919,FIN-001
INV-50772,DISP-05848,OMC-015,Mombasa Petroleum,PMS,2026-02-08,128075,FIN-004
INV-55875,DISP-04614,OMC-011,Hass Petroleum,AGO,2026-01-14,27167,FIN-004
INV-15657,DISP-04121,OMC-013,Lake Oil,PMS,2026-04-04," KES 271,997 ",FIN-001
INV-40341,DISP-02387,OMC-017,KAA Aviation,HFO,2025-06-18,33850,FIN-003
INV-63290,DISP-02631,OMC-015,Mombasa Petroleum,PMS,2026-05-10,35841,FIN-001
INV-33933,DISP-03127,OMC-010,Tamoil,PMS,2025-06-29,105787,FIN-004
INV-50198,DISP-02954,OMC-015,Mombasa Petroleum,LUB,2026-07-01,182318,FIN-004
INV-94581,DISP-06897,OMC-006,Hashi Energy,PMS,2025-08-23,55475,FIN-002
INV-51969,DISP-00422,OMC-016,KPA Marine,HFO,2025-09-09,151757,FIN-001
INV-23240,DISP-08339,OMC-010,Tamoil,LUB,2025-05-17,156173,FIN-003
INV-16464,DISP-01245,OMC-006,Hashi Energy,DPK,2026-05-18,60075,FIN-002
INV-61426,DISP-02347,OMC-017,KAA Aviation,HFO,2026-04-29,24645,FIN-003
INV-50273,DISP-09880,OMC-013,Lake Oil,PMS,20/06/2026,174388,FIN-001
INV-15538,DISP-05399,OMC-010,Tamoil,LPG,2026-06-23,188403,FIN-004
INV-68227,DISP-06674,OMC-004,Gulf Energy,AGO,2026-04-04,49357,FIN-004
INV-92484,DISP-06968,OMC-014,Texol Energies,JETA1,2026-04-02,198234,FIN-003
INV-52745,DISP-05010,OMC-009,Dalbit Petroleum,LPG,2026-05-23," KES 276,320 ",FIN-002
INV-31658,DISP-00801,OMC-014,Texol Energies,JETA1,2025-09-28,33263,FIN-003
INV-49357,DISP-09387,OMC-009,Dalbit Petroleum,HFO,2025-06-13,256817,FIN-003
INV-71583,DISP-05055,OMC-010,Tamoil,LPG,2025-02-02,42306,FIN-001
INV-23647,DISP-03871,OMC-008,National Oil,PMS,2026-04-04,62797,FIN-004
INV-75047,DISP-03682,OMC-017,KAA Aviation,HFO,2026-04-27,53031,FIN-001
INV-22553,DISP-08617,OMC-012,Galana Energies,DPK,2026-05-03,141750,FIN-005
INV-66102,DISP-01007,OMC-011,Hass Petroleum,PMS,2025-09-14,164575,FIN-002
INV-92785,DISP-09815,OMC-016,KPA Marine,LPG,2025-02-04,31393,FIN-001
INV-18975,DISP-06867,OMC-013,Lake Oil,AGO,2025-03-01,37083,FIN-001
INV-27026,DISP-00572,OMC-004,Gulf Energy,LUB,2026-03-23,285151,FIN-001
INV-85864,DISP-05743,OMC-020,Ethiopian Oil,JETA1,2025-02-23,29677,FIN-005
INV-22122,DISP-07698,OMC-006,Hashi Energy,AGO,2025-03-01,43960,FIN-003
INV-14525,DISP-05155,OMC-004,Gulf Energy,PMS,2026-03-12,219713,FIN-005
INV-32342,DISP-00204,OMC-010,Tamoil,HFO,2025-07-02,21605,FIN-004
INV-95323,DISP-08750,OMC-003,Rubis Energy,DPK,2026-01-29,191789,FIN-005
INV-25568,DISP-01172,OMC-018,Uganda National Oil,HFO,2025-04-24,269090,FIN-001
INV-43910,DISP-05412,OMC-015,Mombasa Petroleum,AGO,2025-10-01,35519,FIN-003
INV-10888,DISP-02486,OMC-014,Texol Energies,PMS,2026-03-12,47811,FIN-001
INV-62030,DISP-09345,OMC-016,KPA Marine,PMS,2026-04-09,140705,FIN-001
INV-92284,DISP-01590,OMC-020,Ethiopian Oil,HFO,2026-04-01,175899,FIN-005
INV-15291,DISP-08417,OMC-011,Hass Petroleum,DPK,2025-09-11,52725,FIN-003
INV-38382,DISP-02530,OMC-019,Tanzania Petroleum,PMS,2025-10-19,94063,FIN-002
INV-44736,DISP-08612,OMC-019,Tanzania Petroleum,LUB,2025-07-08,205597,FIN-005
INV-28234,DISP-05361,OMC-019,Tanzania Petroleum,LPG,2025-09-29,113422,FIN-001
INV-22981,DISP-07997,OMC-010,Tamoil,LUB,2026-01-20,33440,FIN-004
INV-96729,DISP-02895,OMC-001,TotalEnergies Kenya,HFO,2026-06-21,33591,FIN-001
INV-15225,DISP-00621,OMC-004,Gulf Energy,AGO,2026-04-18,270025,FIN-005
INV-80136,DISP-00411,OMC-017,KAA Aviation,HFO,2025-12-17,263721,FIN-001
INV-37713,DISP-02892,OMC-011,Hass Petroleum,DPK,2025-08-27,179612,FIN-004
INV-39047,DISP-08817,OMC-012,Galana Energies,DPK,2026-02-09,54468,FIN-005
INV-91924,DISP-08052,OMC-008,National Oil,HFO,2025-10-17,222442,FIN-002
INV-55158,DISP-01689,OMC-017,KAA Aviation,JETA1,2025-01-14,95102,FIN-004
INV-39456,DISP-04628,OMC-017,KAA Aviation,HFO,2026-03-13,203329,FIN-005
INV-58967,DISP-03631,OMC-009,Dalbit Petroleum,JETA1,2025-07-24,45991,FIN-003
INV-85804,DISP-03507,OMC-005,PetroOil Kenya,LUB,2026-03-28,64649,FIN-004
INV-54685,DISP-07369,OMC-001,TotalEnergies Kenya,HFO,2025-08-05,146842,FIN-004
INV-91802,DISP-02024,OMC-014,Texol Energies,LUB,2026-02-23,101176,FIN-004
INV-58551,DISP-09311,OMC-008,National Oil,LUB,2025-10-31,221443,FIN-002
INV-28563,DISP-06086,OMC-003,Rubis Energy,DPK,2025-09-13,147159,FIN-003
INV-69691,DISP-05969,OMC-003,Rubis Energy,AGO,01/10/2025,34930,FIN-002
INV-30832,DISP-02308,OMC-010,Tamoil,LUB,2025-10-06,44034,FIN-004
INV-27668,DISP-02641,OMC-004,Gulf Energy,JETA1,2026-03-23,286896,FIN-002
INV-93254,DISP-05903,OMC-010,Tamoil,LUB,2025-09-29," KES 36,543 ",FIN-004
INV-47982,DISP-00176,OMC-002,Vivo Energy,JETA1,2025-02-20,90592,FIN-001
INV-27501,DISP-05580,OMC-012,Galana Energies,PMS,2026-04-17,22587,FIN-001
INV-29808,DISP-00530,OMC-020,Ethiopian Oil,HFO,2025-03-14,122816,FIN-002
INV-11492,DISP-09825,OMC-008,National Oil,HFO,2026-07-04,190443,FIN-004
INV-27386,DISP-08867,OMC-003,Rubis Energy,AGO,2026-03-09,175640,FIN-001
INV-86193,DISP-08522,OMC-011,Hass Petroleum,DPK,2025-10-08,25661,FIN-001
INV-42588,DISP-06858,OMC-008,National Oil,AGO,2025-08-30,52120,FIN-002
INV-48558,DISP-06759,OMC-009,Dalbit Petroleum,PMS,2026-05-18,24290,FIN-001
INV-63957,DISP-00257,OMC-011,Hass Petroleum,LUB,2025-02-27,141692,FIN-005
INV-73060,DISP-04249,OMC-011,Hass Petroleum,LPG,2026-01-30,60394,FIN-003
INV-76301,DISP-07396,OMC-004,Gulf Energy,DPK,2026-03-25,193689,FIN-005
INV-19608,DISP-07706,OMC-002,Vivo Energy,JETA1,2025-10-18,111015,FIN-004
INV-59902,DISP-08295,OMC-002,Vivo Energy,LPG,2026-05-06,217721,FIN-001
INV-54556,DISP-00214,OMC-004,Gulf Energy,HFO,2026-02-17,59775,FIN-002
INV-95395,DISP-07475,OMC-004,Gulf Energy,DPK,2026-03-19,267446,FIN-002
INV-35950,DISP-00963,OMC-019,Tanzania Petroleum,JETA1,,178915,FIN-005
INV-22510,DISP-09268,OMC-016,KPA Marine,LUB,05/06/2026,284203,FIN-004
INV-76995,DISP-05923,OMC-009,Dalbit Petroleum,HFO,2025-04-16,207610,FIN-003
INV-70723,DISP-05199,OMC-019,Tanzania Petroleum,PMS,2025-07-29,47605,FIN-002
INV-50242,DISP-02875,OMC-019,Tanzania Petroleum,DPK,2025-03-24,22399,FIN-004
INV-58187,DISP-01775,OMC-010,Tamoil,DPK,2026-04-06,245575,FIN-003
INV-11471,DISP-09897,OMC-010,Tamoil,LPG,2026-03-21,244008,FIN-001
INV-91636,DISP-09996,OMC-016,KPA Marine,AGO,2026-04-07,126713,FIN-002
INV-35666,DISP-04002,OMC-008,National Oil,JETA1,2025-10-01,53821,FIN-001
INV-60397,DISP-07333,OMC-020,Ethiopian Oil,LUB,2026-03-31,158755,FIN-004
INV-70276,DISP-06948,OMC-002,Vivo Energy,LUB,2025-02-26,41623,FIN-002
INV-90891,DISP-01711,OMC-006,Hashi Energy,HFO,2025-01-22,138615,FIN-005
INV-82688,DISP-02740,OMC-016,KPA Marine,LUB,2025-02-23,101569,FIN-002
INV-63594,DISP-04608,OMC-020,Ethiopian Oil,HFO,2025-09-02,131450,FIN-002
INV-83757,DISP-09084,OMC-011,Hass Petroleum,LPG,2025-03-07,268348,FIN-001
INV-30272,DISP-06425,OMC-002,Vivo Energy,PMS,2025-10-02,40878,FIN-003
INV-85523,DISP-05710,OMC-006,Hashi Energy,JETA1,2026-01-29,38969,FIN-003
INV-43005,DISP-07150,OMC-016,KPA Marine,AGO,2025-03-16,204095,FIN-005
INV-81642,DISP-04447,OMC-019,Tanzania Petroleum,AGO,2025-04-02,30222,FIN-003
INV-76877,DISP-05516,OMC-013,Lake Oil,DPK,2025-11-19,250505,FIN-005
INV-34329,DISP-04000,OMC-013,Lake Oil,LPG,2026-01-12,164350,FIN-003
INV-87634,DISP-03676,OMC-014,Texol Energies,PMS,2025-08-22,44950,FIN-005
INV-71537,DISP-04298,OMC-017,KAA Aviation,HFO,2026-06-13,55770,FIN-003
INV-32369,DISP-05118,OMC-017,KAA Aviation,JETA1,2025-04-29,43903,FIN-004
INV-50961,DISP-03752,OMC-015,Mombasa Petroleum,JETA1,2025-08-26,33886,FIN-005
INV-10173,DISP-04822,OMC-008,National Oil,LPG,2026-02-16,253210,FIN-003
INV-54065,DISP-04128,OMC-002,Vivo Energy,AGO,2025-05-07,43551,FIN-001
INV-42401,DISP-02633,OMC-001,TotalEnergies Kenya,HFO,2025-10-28,25282,FIN-002
INV-12246,DISP-00888,OMC-020,Ethiopian Oil,JETA1,2026-01-13,41267,FIN-002
INV-87016,DISP-06684,OMC-020,Ethiopian Oil,LUB,16/05/2026,105891,FIN-001
INV-66636,DISP-09147,OMC-010,Tamoil,AGO,2025-02-26,30505,FIN-003
INV-68922,DISP-06208,OMC-016,KPA Marine,HFO,2025-03-06," KES 31,541 ",FIN-002
INV-78120,DISP-07581,OMC-016,KPA Marine,PMS,2026-04-07,23662,FIN-001
INV-26980,DISP-06764,OMC-005,PetroOil Kenya,AGO,2026-03-06,40506,FIN-002
INV-74225,DISP-03506,OMC-004,Gulf Energy,LPG,2026-04-12,172117,FIN-001
INV-42123,DISP-07846,OMC-017,KAA Aviation,JETA1,2025-03-01," KES 172,681 ",FIN-005
INV-76890,DISP-00174,OMC-019,Tanzania Petroleum,LPG,2025-10-07,37830,FIN-003
INV-13910,DISP-08910,OMC-016,KPA Marine,AGO,2025-11-07," KES 223,200 ",FIN-005
INV-73725,DISP-04887,OMC-015,Mombasa Petroleum,DPK,2025-05-06,208483,FIN-004
INV-11374,DISP-08791,OMC-018,Uganda National Oil,DPK,,54283,FIN-001
INV-41634,DISP-04477,OMC-005,PetroOil Kenya,LUB,2026-03-31,41387,FIN-001
INV-13226,DISP-08983,OMC-010,Tamoil,JETA1,2025-06-23,25937,FIN-002
INV-75049,DISP-06115,OMC-014,Texol Energies,LUB,2025-10-19,100193,FIN-004
INV-46319,DISP-06101,OMC-016,KPA Marine,HFO,2026-06-25,110083,FIN-005
INV-62199,DISP-08143,OMC-007,Kobil,DPK,2025-01-12,101719,FIN-001
INV-39428,DISP-06059,OMC-017,KAA Aviation,JETA1,2025-10-15,41950,FIN-005
INV-46202,DISP-08130,OMC-020,Ethiopian Oil,LPG,2026-03-05,25777,FIN-005
INV-38021,DISP-07219,OMC-005,PetroOil Kenya,PMS,2026-04-16,104497,FIN-005
INV-72580,DISP-06827,OMC-008,National Oil,HFO,2026-01-22,137652,FIN-005
INV-47261,DISP-06599,OMC-020,Ethiopian Oil,LPG,2025-07-21,23601,FIN-004
INV-53161,DISP-05945,OMC-016,KPA Marine,JETA1,2026-02-04,32856,FIN-003
INV-26936,DISP-04814,OMC-002,Vivo Energy,AGO,2025-10-20,21150,FIN-005
INV-76552,DISP-01550,OMC-018,Uganda National Oil,LUB,2026-01-27,153590,FIN-001
INV-49946,DISP-09505,OMC-001,TotalEnergies Kenya,LPG,2025-04-29,163269,FIN-001
INV-51193,DISP-06823,OMC-002,Vivo Energy,DPK,2025-03-19,116218,FIN-001
INV-33722,DISP-00149,OMC-011,Hass Petroleum,JETA1,2025-04-10,74992,FIN-005
INV-79694,DISP-00003,OMC-011,Hass Petroleum,LPG,2025-05-01,208719,FIN-003
INV-19763,DISP-05045,OMC-009,Dalbit Petroleum,JETA1,2025-09-22,63202,FIN-002
INV-87688,DISP-04126,OMC-009,Dalbit Petroleum,LPG,2025-02-11,164344,FIN-002
INV-25949,DISP-06039,OMC-010,Tamoil,AGO,2025-02-16,167681,FIN-001
INV-83543,DISP-05388,OMC-018,Uganda National Oil,DPK,2025-02-10,43702,FIN-002
INV-45680,DISP-08543,OMC-020,Ethiopian Oil,DPK,2025-09-03,26730,FIN-002
INV-28117,DISP-08092,OMC-006,Hashi Energy,PMS,2026-01-24,252816,FIN-003
INV-24514,DISP-09388,OMC-009,Dalbit Petroleum,AGO,2026-04-04,31607,FIN-004
INV-86604,DISP-09653,OMC-001,TotalEnergies Kenya,DPK,2025-01-22,111389,FIN-005
INV-81417,DISP-05704,OMC-016,KPA Marine,HFO,2026-06-20,129015,FIN-003
INV-11509,DISP-09143,OMC-004,Gulf Energy,AGO,2026-04-15,97557,FIN-005
INV-11232,DISP-01860,OMC-004,Gulf Energy,HFO,2026-02-21,172216,FIN-001
INV-30682,DISP-01840,OMC-006,Hashi Energy,JETA1,2025-12-04,206834,FIN-003
INV-46374,DISP-04227,OMC-008,National Oil,LPG,2026-03-29,32836,FIN-002
INV-60562,DISP-03195,OMC-010,Tamoil,AGO,2025-08-18,44388,FIN-005
INV-13715,DISP-05376,OMC-001,TotalEnergies Kenya,LUB,2026-04-12,206491,FIN-004
INV-13859,DISP-04804,OMC-006,Hashi Energy,LUB,2025-02-11,48252,FIN-002
INV-16866,DISP-01805,OMC-009,Dalbit Petroleum,DPK,2026-06-25,84555,FIN-002
INV-73221,DISP-07060,OMC-003,Rubis Energy,DPK,2026-01-19,55345,FIN-002
INV-98022,DISP-09295,OMC-005,PetroOil Kenya,JETA1,2026-02-27,170096,FIN-001
INV-26556,DISP-08972,OMC-002,Vivo Energy,AGO,2025-03-09,169150,FIN-003
INV-94569,DISP-05795,OMC-018,Uganda National Oil,HFO,2025-03-27,255305,FIN-003
INV-29895,DISP-03593,OMC-011,Hass Petroleum,LPG,2025-08-23,56077,FIN-004
INV-19582,DISP-09260,OMC-010,Tamoil,JETA1,13/01/2026,43704,FIN-002
INV-55659,DISP-04695,OMC-020,Ethiopian Oil,HFO,26/05/2026,136196,FIN-005
INV-16410,DISP-07490,OMC-006,Hashi Energy,HFO,06/07/2025,94725,FIN-002
INV-49124,DISP-01632,OMC-006,Hashi Energy,LUB,2025-10-14,29835,FIN-002
INV-72065,DISP-01207,OMC-004,Gulf Energy,HFO,2026-03-06,124758,FIN-004
INV-37838,DISP-04636,OMC-016,KPA Marine,AGO,2025-10-09,28980,FIN-003
INV-28314,DISP-06809,OMC-006,Hashi Energy,JETA1,2025-05-08,163261,FIN-001
INV-55541,DISP-07397,OMC-020,Ethiopian Oil,JETA1,2025-10-01,23584,FIN-002
INV-85294,DISP-08395,OMC-009,Dalbit Petroleum,DPK,2025-02-02,40456,FIN-005
INV-34073,DISP-02276,OMC-003,Rubis Energy,AGO,2025-03-29,103115,FIN-002
INV-46652,DISP-02961,OMC-015,Mombasa Petroleum,LUB,2026-02-11,80597,FIN-001
INV-46981,DISP-05178,OMC-007,Kobil,AGO,2026-02-12,52003,FIN-005
INV-48259,DISP-00710,OMC-018,Uganda National Oil,LPG,2026-01-27,40800,FIN-002
INV-15560,DISP-04454,OMC-017,KAA Aviation,AGO,2025-02-03," KES 274,343 ",FIN-003
INV-21390,DISP-07933,OMC-019,Tanzania Petroleum,JETA1,2025-02-03,146603,FIN-001
INV-47677,DISP-04444,OMC-009,Dalbit Petroleum,DPK,2026-02-02,260363,FIN-002
INV-33299,DISP-01109,OMC-007,Kobil,JETA1,2025-12-01,231770,FIN-001
INV-72029,DISP-01991,OMC-019,Tanzania Petroleum,AGO,2025-03-07,36618,FIN-001
INV-91697,DISP-01629,OMC-009,Dalbit Petroleum,HFO,2025-07-23,146047,FIN-002
INV-47078,DISP-01500,OMC-018,Uganda National Oil,HFO,18/02/2026,28388,FIN-004
INV-79472,DISP-08660,OMC-014,Texol Energies,PMS,2026-04-01,143785,FIN-003
INV-35510,DISP-03552,OMC-020,Ethiopian Oil,LPG,2025-02-11,121203,FIN-005
INV-89179,DISP-09887,OMC-002,Vivo Energy,AGO,2026-02-24,182871,FIN-002
INV-96059,DISP-02881,OMC-018,Uganda National Oil,JETA1,2025-04-07,176193,FIN-002
INV-45100,DISP-05682,OMC-013,Lake Oil,LPG,2025-04-19,192739,FIN-001
INV-61907,DISP-05421,OMC-014,Texol Energies,DPK,2025-08-21,31705,FIN-002
INV-33706,DISP-06666,OMC-020,Ethiopian Oil,LUB,2025-10-03,197920,FIN-001
INV-43790,DISP-01830,OMC-014,Texol Energies,PMS,2025-06-25,73295,FIN-002
INV-59088,DISP-08832,OMC-014,Texol Energies,DPK,2025-12-25,21570,FIN-003
INV-64796,DISP-05173,OMC-001,TotalEnergies Kenya,HFO,2025-02-07,28407,FIN-003
INV-79391,DISP-07174,OMC-004,Gulf Energy,JETA1,2026-04-20,59955,FIN-004
INV-70989,DISP-08560,OMC-007,Kobil,LPG,2026-03-03,53742,FIN-002
INV-72970,DISP-04879,OMC-011,Hass Petroleum,HFO,2026-06-16," KES 225,969 ",FIN-004
INV-67312,DISP-08183,OMC-002,Vivo Energy,LPG,2025-10-29,160806,FIN-003
INV-54513,DISP-05317,OMC-003,Rubis Energy,JETA1,2025-03-29,213096,FIN-001
INV-21138,DISP-07046,OMC-006,Hashi Energy,DPK,2025-08-11,167553,FIN-003
INV-48086,DISP-04451,OMC-018,Uganda National Oil,JETA1,2026-03-26,159439,FIN-004
INV-25079,DISP-00277,OMC-002,Vivo Energy,JETA1,2025-06-04,283782,FIN-004
INV-92938,DISP-01934,OMC-003,Rubis Energy,AGO,,51269,FIN-001
INV-16423,DISP-03130,OMC-009,Dalbit Petroleum,LPG,2025-03-09,186359,FIN-002
INV-26907,DISP-09033,OMC-015,Mombasa Petroleum,JETA1,2026-05-13,215757,FIN-001
INV-12617,DISP-01582,OMC-018,Uganda National Oil,PMS,2026-05-11,88494,FIN-004
INV-77733,DISP-03573,OMC-003,Rubis Energy,DPK,2025-03-30,61648,FIN-005
INV-83909,DISP-08317,OMC-004,Gulf Energy,DPK,2026-02-17,192067,FIN-004
INV-79076,DISP-09105,OMC-002,Vivo Energy,LUB,2025-07-10,148066,FIN-001
INV-50345,DISP-01398,OMC-013,Lake Oil,HFO,2025-06-11,185977,FIN-005
INV-72224,DISP-09011,OMC-002,Vivo Energy,DPK,2026-03-27,30255,FIN-001
INV-97832,DISP-06846,OMC-014,Texol Energies,AGO,2025-04-12,183611,FIN-002
INV-11883,DISP-04276,OMC-019,Tanzania Petroleum,AGO,2025-12-16,42549,FIN-004
INV-40717,DISP-02909,OMC-008,National Oil,LPG,2025-11-17,27214,FIN-004
INV-76897,DISP-08578,OMC-002,Vivo Energy,DPK,2025-04-02,43408,FIN-005
INV-77887,DISP-01338,OMC-004,Gulf Energy,LUB,2026-02-18,131437,FIN-003
INV-81341,DISP-01453,OMC-020,Ethiopian Oil,AGO,2025-07-15,145628,FIN-003
INV-61505,DISP-09189,OMC-016,KPA Marine,LUB,2025-01-06,156186,FIN-003
INV-82353,DISP-07064,OMC-020,Ethiopian Oil,LUB,2025-04-08,158054,FIN-004
INV-87002,DISP-00286,OMC-010,Tamoil,LUB,2025-03-06,155811,FIN-005
INV-58718,DISP-02762,OMC-014,Texol Energies,DPK,2025-07-06,30885,FIN-004
INV-61459,DISP-08456,OMC-001,TotalEnergies Kenya,LUB,2026-02-12,94280,FIN-005
INV-26832,DISP-07351,OMC-008,National Oil,DPK,2025-04-12,210724,FIN-001
INV-41343,DISP-07788,OMC-006,Hashi Energy,AGO,2026-05-13,60923,FIN-001
INV-22026,DISP-09551,OMC-006,Hashi Energy,LUB,2025-07-04,39589,FIN-004
INV-33552,DISP-01281,OMC-001,TotalEnergies Kenya,PMS,2025-04-05,78691,FIN-004
INV-33981,DISP-05586,OMC-017,KAA Aviation,HFO,2025-04-08,50727,FIN-002
INV-69919,DISP-08453,OMC-008,National Oil,DPK,2025-08-08,188974,FIN-001
INV-26595,DISP-02126,OMC-011,Hass Petroleum,PMS,2026-03-22,257587,FIN-004
INV-10702,DISP-01080,OMC-005,PetroOil Kenya,AGO,2026-02-17,121080,FIN-005
INV-13668,DISP-08390,OMC-005,PetroOil Kenya,DPK,2026-02-23,31285,FIN-002
INV-83238,DISP-04400,OMC-007,Kobil,AGO,2025-11-29,181905,FIN-003
INV-78891,DISP-04093,OMC-018,Uganda National Oil,LPG,,166943,FIN-004
INV-81297,DISP-08699,OMC-015,Mombasa Petroleum,AGO,24/06/2025,44767,FIN-004
INV-70911,DISP-02918,OMC-011,Hass Petroleum,HFO,2025-01-08,49085,FIN-002
INV-88821,DISP-02497,OMC-013,Lake Oil,DPK,2025-12-01,257899,FIN-003
INV-84541,DISP-07476,OMC-010,Tamoil,DPK,2025-03-25,148521,FIN-001
INV-84965,DISP-06071,OMC-010,Tamoil,DPK,2025-09-03,215241,FIN-005
INV-16222,DISP-07845,OMC-002,Vivo Energy,AGO,2025-05-05,164094,FIN-004
INV-45236,DISP-06630,OMC-020,Ethiopian Oil,LPG,2025-08-22,148172,FIN-001
INV-88543,DISP-06133,OMC-008,National Oil,AGO,2025-03-25,35985,FIN-003
INV-44575,DISP-06417,OMC-013,Lake Oil,AGO,20/06/2025," KES 134,468 ",FIN-005
INV-96918,DISP-09510,OMC-011,Hass Petroleum,LPG,2025-10-18,47363,FIN-005
INV-66930,DISP-03640,OMC-015,Mombasa Petroleum,DPK,2025-08-27,56576,FIN-002
INV-49592,DISP-01070,OMC-008,National Oil,HFO,2025-10-21,123406,FIN-001
INV-60571,DISP-07588,OMC-010,Tamoil,LPG,2025-09-28,196668,FIN-005
INV-65863,DISP-03966,OMC-014,Texol Energies,LPG,2026-01-06,123785,FIN-004
INV-94549,DISP-08882,OMC-019,Tanzania Petroleum,LUB,2026-03-30,110886,FIN-001
INV-86373,DISP-01078,OMC-018,Uganda National Oil,PMS,2025-09-13,99964,FIN-004
INV-40813,DISP-05788,OMC-007,Kobil,AGO,2026-04-01,284507,FIN-004
INV-17117,DISP-09970,OMC-003,Rubis Energy,PMS,2026-03-30,23755,FIN-002
INV-20146,DISP-04280,OMC-017,KAA Aviation,LUB,2025-12-27,251795,FIN-003
INV-68473,DISP-05041,OMC-020,Ethiopian Oil,AGO,2026-03-28,46298,FIN-002
INV-33443,DISP-07063,OMC-003,Rubis Energy,AGO,2025-07-20,33291,FIN-002
INV-99587,DISP-00948,OMC-006,Hashi Energy,DPK,2026-03-06," KES 54,043 ",FIN-002
INV-46471,DISP-01746,OMC-020,Ethiopian Oil,LPG,2025-09-11,179381,FIN-001
INV-51018,DISP-07702,OMC-008,National Oil,DPK,2025-01-25,248773,FIN-004
INV-13178,DISP-07720,OMC-009,Dalbit Petroleum,PMS,2025-03-06,163942,FIN-004
INV-38115,DISP-05226,OMC-013,Lake Oil,DPK,2025-04-28,228100,FIN-001
INV-91962,DISP-07716,OMC-017,KAA Aviation,JETA1,2025-09-18,203386,FIN-003
INV-47953,DISP-03991,OMC-020,Ethiopian Oil,DPK,2026-03-30,275026,FIN-002
INV-37601,DISP-00094,OMC-011,Hass Petroleum,LUB,2025-06-02,162765,FIN-004
INV-85436,DISP-02503,OMC-005,PetroOil Kenya,LUB,2026-03-25,63892,FIN-005
INV-80451,DISP-02713,OMC-020,Ethiopian Oil,HFO,2025-05-04,137873,FIN-003
INV-94631,DISP-03003,OMC-018,Uganda National Oil,LUB,2025-02-13,35433,FIN-001
INV-47436,DISP-03166,OMC-020,Ethiopian Oil,LPG,2025-02-28,167705,FIN-005
INV-64512,DISP-08680,OMC-003,Rubis Energy,HFO,2025-06-04,158373,FIN-001
INV-75056,DISP-02441,OMC-002,Vivo Energy,DPK,2026-03-26,248191,FIN-005
INV-18568,DISP-09049,OMC-019,Tanzania Petroleum,LUB,2025-05-04,33595,FIN-003
INV-67935,DISP-06713,OMC-009,Dalbit Petroleum,AGO,2025-02-04,201346,FIN-003
INV-30944,DISP-01400,OMC-015,Mombasa Petroleum,JETA1,2025-02-28,45126,FIN-002
INV-18137,DISP-02221,OMC-013,Lake Oil,DPK,2025-02-13,25899,FIN-003
INV-28043,DISP-04092,OMC-014,Texol Energies,PMS,,211788,FIN-005
INV-95340,DISP-00307,OMC-009,Dalbit Petroleum,AGO,2025-10-22," KES 32,567 ",FIN-003
INV-49654,DISP-08888,OMC-006,Hashi Energy,JETA1,2025-08-01,25265,FIN-002
INV-43286,DISP-04625,OMC-009,Dalbit Petroleum,PMS,2025-06-12,36896,FIN-005
INV-50372,DISP-01813,OMC-010,Tamoil,LPG,2025-04-26,58482,FIN-002
INV-78341,DISP-08072,OMC-018,Uganda National Oil,JETA1,2025-08-11,93491,FIN-005
INV-70424,DISP-00357,OMC-003,Rubis Energy,DPK,2026-04-03,236394,FIN-002
INV-67513,DISP-07910,OMC-008,National Oil,JETA1,,35923,FIN-004
INV-12442,DISP-02380,OMC-012,Galana Energies,PMS,2026-04-22,55951,FIN-001
INV-96051,DISP-07121,OMC-020,Ethiopian Oil,DPK,2025-02-27,141510,FIN-005
INV-29128,DISP-07008,OMC-016,KPA Marine,DPK,2025-03-11," KES 42,141 ",FIN-003
INV-18819,DISP-01137,OMC-007,Kobil,JETA1,2026-06-15,24828,FIN-003
INV-85722,DISP-08221,OMC-005,PetroOil Kenya,LUB,2026-03-14,24882,FIN-001
INV-49752,DISP-01917,OMC-015,Mombasa Petroleum,AGO,2025-12-05,22357,FIN-002
INV-94020,DISP-03650,OMC-007,Kobil,DPK,2025-06-23,44038,FIN-002
INV-52612,DISP-02187,OMC-002,Vivo Energy,AGO,2026-04-23,218943,FIN-004
INV-33653,DISP-02002,OMC-004,Gulf Energy,AGO,,109012,FIN-002
INV-57268,DISP-02543,OMC-017,KAA Aviation,AGO,2025-06-19,104523,FIN-003
INV-28602,DISP-07606,OMC-001,TotalEnergies Kenya,LUB,2025-02-23,170495,FIN-002
INV-65397,DISP-07950,OMC-008,National Oil,DPK,2025-01-11,54802,FIN-003
INV-64073,DISP-07592,OMC-009,Dalbit Petroleum,AGO,2025-11-02,39380,FIN-004
INV-55131,DISP-06148,OMC-019,Tanzania Petroleum,DPK,2025-04-16,234861,FIN-002
INV-51445,DISP-00127,OMC-005,PetroOil Kenya,LUB,2026-04-08,37016,FIN-002
INV-65873,DISP-08274,OMC-020,Ethiopian Oil,LUB,2026-05-12,197800,FIN-002
INV-43941,DISP-04562,OMC-009,Dalbit Petroleum,AGO,2026-04-25,121344,FIN-004
INV-72981,DISP-09179,OMC-010,Tamoil,DPK,2025-05-18,194509,FIN-002
INV-24749,DISP-05774,OMC-009,Dalbit Petroleum,LPG,2026-01-03,31300,FIN-001
INV-50068,DISP-06432,OMC-016,KPA Marine,LPG,2025-12-20,151028,FIN-004
INV-87692,DISP-06401,OMC-005,PetroOil Kenya,HFO,2026-02-06,156689,FIN-002
INV-24285,DISP-07775,OMC-003,Rubis Energy,JETA1,2026-06-07,234085,FIN-002
INV-59373,DISP-00770,OMC-015,Mombasa Petroleum,LUB,2025-10-04,183422,FIN-001
INV-59339,DISP-05183,OMC-005,PetroOil Kenya,LUB,2026-03-17,60062,FIN-003
INV-99760,DISP-06763,OMC-004,Gulf Energy,AGO,2026-04-18,44770,FIN-002
INV-13365,DISP-08235,OMC-002,Vivo Energy,LPG,15/10/2025,265231,FIN-005
INV-89664,DISP-04746,OMC-014,Texol Energies,AGO,2025-07-30,184777,FIN-005
INV-14017,DISP-05340,OMC-003,Rubis Energy,PMS,,41356,FIN-002
INV-27834,DISP-07620,OMC-018,Uganda National Oil,LPG,2025-03-31,106978,FIN-003
INV-69425,DISP-09442,OMC-018,Uganda National Oil,LUB,2026-04-09,153401,FIN-005
INV-35539,DISP-02804,OMC-018,Uganda National Oil,LUB,2026-02-23,236935,FIN-005
INV-84809,DISP-02937,OMC-014,Texol Energies,DPK,27/01/2026,63815,FIN-004
INV-27166,DISP-09183,OMC-003,Rubis Energy,HFO,2025-07-05,41116,FIN-002
INV-96774,DISP-03286,OMC-008,National Oil,AGO,2026-05-29,58395,FIN-003
INV-33487,DISP-00089,OMC-005,PetroOil Kenya,LPG,2026-02-15,174735,FIN-001
INV-92731,DISP-09238,OMC-020,Ethiopian Oil,AGO,2025-02-18,109475,FIN-002
INV-32163,DISP-03538,OMC-017,KAA Aviation,AGO,2025-07-21,212031,FIN-002
INV-70280,DISP-03737,OMC-020,Ethiopian Oil,DPK,2026-05-23,238035,FIN-004
INV-30542,DISP-03703,OMC-003,Rubis Energy,LPG,2025-05-12,226020,FIN-005
INV-92001,DISP-09743,OMC-008,National Oil,AGO,2025-09-17,130929,FIN-005
INV-44768,DISP-03304,OMC-008,National Oil,DPK,2025-02-06,208072,FIN-002
INV-52693,DISP-03473,OMC-005,PetroOil Kenya,JETA1,2026-03-12,126780,FIN-003
INV-64526,DISP-07756,OMC-010,Tamoil,LUB,2025-07-10,79313,FIN-003
INV-56270,DISP-03857,OMC-001,TotalEnergies Kenya,LPG,2025-09-14,210058,FIN-002
INV-62168,DISP-04211,OMC-019,Tanzania Petroleum,HFO,2025-08-04,155696,FIN-002
INV-93660,DISP-01120,OMC-004,Gulf Energy,LPG,15/02/2026,131836,FIN-005
INV-83211,DISP-08201,OMC-002,Vivo Energy,AGO,2025-12-02,36966,FIN-003
INV-97133,DISP-02119,OMC-004,Gulf Energy,LPG,2026-03-03,257031,FIN-005
INV-94954,DISP-09863,OMC-017,KAA Aviation,DPK,2026-01-10,118145,FIN-002
INV-85420,DISP-02146,OMC-013,Lake Oil,JETA1,2026-01-05,25180,FIN-004
INV-47798,DISP-01721,OMC-020,Ethiopian Oil,AGO,23/11/2025,32823,FIN-005
INV-62437,DISP-06676,OMC-012,Galana Energies,JETA1,2026-03-25,45569,FIN-005
INV-87429,DISP-04101,OMC-008,National Oil,LUB,2026-04-15,65248,FIN-002
INV-20844,DISP-02927,OMC-018,Uganda National Oil,JETA1,2026-03-19,99979,FIN-003
INV-41823,DISP-06933,OMC-004,Gulf Energy,JETA1,2026-03-26,33202,FIN-002
INV-68989,DISP-08547,OMC-010,Tamoil,DPK,2026-02-16,29908,FIN-004
INV-67753,DISP-06941,OMC-010,Tamoil,LUB,2026-01-30,156872,FIN-003
INV-19343,DISP-00258,OMC-003,Rubis Energy,DPK,2025-12-26,99645,FIN-002
INV-31439,DISP-08466,OMC-008,National Oil,DPK,2025-01-17,266213,FIN-005
INV-74563,DISP-06594,OMC-005,PetroOil Kenya,LUB,2026-03-30,105412,FIN-003
INV-66970,DISP-01680,OMC-003,Rubis Energy,JETA1,2025-02-01,37700,FIN-005
INV-62289,DISP-02196,OMC-019,Tanzania Petroleum,PMS,2025-05-27,57420,FIN-001
INV-42901,DISP-07622,OMC-014,Texol Energies,JETA1,2025-06-05,186450,FIN-005
INV-76354,DISP-04667,OMC-017,KAA Aviation,HFO,2026-07-02,122760,FIN-001
INV-87087,DISP-05452,OMC-003,Rubis Energy,JETA1,2025-08-03,248728,FIN-005
INV-20746,DISP-00563,OMC-005,PetroOil Kenya,PMS,2026-03-10,50738,FIN-005
INV-92256,DISP-09506,OMC-008,National Oil,PMS,2025-05-05,275189,FIN-004
INV-22052,DISP-00576,OMC-019,Tanzania Petroleum,HFO,2025-07-18,34738,FIN-001
INV-14586,DISP-03910,OMC-017,KAA Aviation,HFO,2026-04-16,33132,FIN-004
INV-85853,DISP-08798,OMC-012,Galana Energies,DPK,2026-03-26,192020,FIN-005
INV-49970,DISP-05488,OMC-013,Lake Oil,LPG,2025-06-03," KES 186,037 ",FIN-002
INV-88882,DISP-03819,OMC-013,Lake Oil,LPG,2025-05-11,49621,FIN-003
INV-85356,DISP-07643,OMC-016,KPA Marine,LUB,2026-04-06,161288,FIN-005
INV-97653,DISP-08818,OMC-015,Mombasa Petroleum,LUB,,235047,FIN-005
INV-62310,DISP-01819,OMC-015,Mombasa Petroleum,DPK,,168277,FIN-005
INV-34430,DISP-07101,OMC-018,Uganda National Oil,JETA1,2026-03-20,191037,FIN-001
INV-91873,DISP-06913,OMC-011,Hass Petroleum,LUB,2025-03-27,41261,FIN-003
INV-37908,DISP-09206,OMC-012,Galana Energies,AGO,,201502,FIN-005
INV-57948,DISP-00220,OMC-015,Mombasa Petroleum,JETA1,2025-11-29,58793,FIN-005
INV-44836,DISP-08718,OMC-006,Hashi Energy,LPG,2025-03-20,42427,FIN-003
INV-33118,DISP-08258,OMC-018,Uganda National Oil,PMS,2025-12-30,131223,FIN-002
INV-63753,DISP-05080,OMC-019,Tanzania Petroleum,AGO,2025-10-24,25505,FIN-004
INV-69563,DISP-08033,OMC-015,Mombasa Petroleum,HFO,2026-02-03,56080,FIN-001
INV-89677,DISP-02393,OMC-007,Kobil,LUB,2026-05-22,28504,FIN-002
INV-33752,DISP-06573,OMC-020,Ethiopian Oil,AGO,2025-08-09,83962,FIN-003
INV-44734,DISP-09327,OMC-005,PetroOil Kenya,PMS,2026-03-31,123522,FIN-003
INV-24920,DISP-03588,OMC-012,Galana Energies,JETA1,15/04/2026,46503,FIN-005
INV-27487,DISP-04094,OMC-003,Rubis Energy,PMS,2026-01-16,218900,FIN-005
INV-81461,DISP-07274,OMC-012,Galana Energies,AGO,2026-02-28,216152,FIN-004
INV-88757,DISP-03182,OMC-010,Tamoil,PMS,2025-08-30,113371,FIN-004
INV-53557,DISP-08001,OMC-016,KPA Marine,LPG,2026-05-19,36461,FIN-005
INV-47353,DISP-05633,OMC-002,Vivo Energy,LUB,2025-07-23,37362,FIN-004
INV-79275,DISP-01003,OMC-006,Hashi Energy,AGO,2026-02-03,36849,FIN-005
INV-50268,DISP-09098,OMC-014,Texol Energies,PMS,2025-12-17,53734,FIN-002
INV-22405,DISP-03990,OMC-013,Lake Oil,HFO,2026-01-18,52889,FIN-002
INV-30014,DISP-01178,OMC-008,National Oil,LUB,2025-03-30,226276,FIN-002
INV-83561,DISP-04664,OMC-012,Galana Energies,LUB,2026-02-15,132354,FIN-001
INV-57378,DISP-00787,OMC-015,Mombasa Petroleum,HFO,2025-02-15,37549,FIN-001
INV-82305,DISP-01324,OMC-003,Rubis Energy,JETA1,2025-03-14,120811,FIN-003
INV-49557,DISP-05614,OMC-019,Tanzania Petroleum,AGO,2025-10-10,132444,FIN-004
INV-53916,DISP-04528,OMC-019,Tanzania Petroleum,HFO,2025-12-15,33565,FIN-003
INV-73870,DISP-03091,OMC-017,KAA Aviation,JETA1,2025-08-31,43477,FIN-003
INV-28703,DISP-00251,OMC-005,PetroOil Kenya,LPG,,229488,FIN-003
INV-34197,DISP-09745,OMC-014,Texol Energies,JETA1,2025-04-07,29611,FIN-004
INV-90152,DISP-00892,OMC-012,Galana Energies,DPK,2026-04-28,32658,FIN-005
INV-65445,DISP-00927,OMC-001,TotalEnergies Kenya,JETA1,,261373,FIN-004
INV-58874,DISP-09402,OMC-019,Tanzania Petroleum,JETA1,2025-06-24,48101,FIN-002
INV-69232,DISP-06861,OMC-008,National Oil,LUB,2025-04-22,32724,FIN-001
INV-18231,DISP-07272,OMC-005,PetroOil Kenya,LUB,2026-04-12,151447,FIN-003
INV-62536,DISP-08349,OMC-012,Galana Energies,DPK,2026-02-18,40022,FIN-002
INV-34979,DISP-01898,OMC-010,Tamoil,HFO,2025-12-18,35202,FIN-001
INV-53359,DISP-00024,OMC-020,Ethiopian Oil,JETA1,2025-12-03,47380,FIN-004
INV-51115,DISP-05296,OMC-013,Lake Oil,LPG,2025-10-26,124185,FIN-003
INV-75627,DISP-08367,OMC-016,KPA Marine,LUB,2025-03-20,254657,FIN-004
INV-30386,DISP-06506,OMC-004,Gulf Energy,JETA1,2026-02-08,101032,FIN-005
INV-93968,DISP-08458,OMC-017,KAA Aviation,DPK,2025-01-27,30921,FIN-005
INV-13477,DISP-07300,OMC-018,Uganda National Oil,DPK,2025-05-12," KES 176,579 ",FIN-002
INV-83815,DISP-03192,OMC-009,Dalbit Petroleum,DPK,2025-12-27,25547,FIN-003
INV-99809,DISP-06049,OMC-003,Rubis Energy,LPG,2025-12-31,63157,FIN-001
INV-19892,DISP-07825,OMC-010,Tamoil,LUB,2025-05-30,270936,FIN-005
INV-71125,DISP-08319,OMC-008,National Oil,DPK,2026-06-13,226190,FIN-001
INV-10475,DISP-07181,OMC-003,Rubis Energy,LUB,,63242,FIN-001
INV-83915,DISP-06242,OMC-017,KAA Aviation,AGO,2025-07-24,227086,FIN-003
INV-54555,DISP-01058,OMC-007,Kobil,PMS,2025-12-23,30160,FIN-003
INV-56594,DISP-01738,OMC-018,Uganda National Oil,LPG,2025-04-19,126915,FIN-003
INV-25227,DISP-09696,OMC-007,Kobil,JETA1,2025-06-06,32452,FIN-004
INV-69005,DISP-05914,OMC-005,PetroOil Kenya,HFO,2026-03-28,185522,FIN-003
INV-94728,DISP-07244,OMC-003,Rubis Energy,PMS,2025-02-18,32719,FIN-002
INV-79453,DISP-04834,OMC-016,KPA Marine,LPG,2025-07-23,40469,FIN-005
INV-94532,DISP-08707,OMC-014,Texol Energies,PMS,2025-04-22,125398,FIN-003
INV-64293,DISP-07017,OMC-007,Kobil,LPG,2025-06-17,119772,FIN-005
INV-87268,DISP-09974,OMC-017,KAA Aviation,LUB,2025-12-28,209679,FIN-004
INV-42110,DISP-09315,OMC-006,Hashi Energy,JETA1,2025-12-29,58991,FIN-001
INV-75389,DISP-01016,OMC-004,Gulf Energy,AGO,2026-02-07,122837,FIN-002
INV-69135,DISP-06628,OMC-008,National Oil,LPG,2026-06-14,57740,FIN-001
INV-86270,DISP-03057,OMC-005,PetroOil Kenya,LPG,2026-02-26,33775,FIN-004
INV-91426,DISP-04024,OMC-020,Ethiopian Oil,LPG,2026-03-22,227149,FIN-001
INV-66713,DISP-08012,OMC-011,Hass Petroleum,HFO,2025-12-25,142602,FIN-002
INV-41773,DISP-00520,OMC-001,TotalEnergies Kenya,LPG,2026-04-11,41778,FIN-004
INV-58601,DISP-09342,OMC-020,Ethiopian Oil,PMS,2025-01-10,49338,FIN-002
INV-17534,DISP-06034,OMC-008,National Oil,HFO,2025-08-31,54583,FIN-002
INV-92800,DISP-06433,OMC-018,Uganda National Oil,JETA1,2025-11-01,151911,FIN-001
INV-35614,DISP-02091,OMC-009,Dalbit Petroleum,HFO,2025-02-16,88813,FIN-002
INV-32437,DISP-06176,OMC-005,PetroOil Kenya,PMS,27/03/2026,75631,FIN-002
INV-17772,DISP-08073,OMC-017,KAA Aviation,DPK,2025-08-28,203205,FIN-003
INV-88533,DISP-05619,OMC-005,PetroOil Kenya,HFO,2026-02-21,133213,FIN-002
INV-93208,DISP-07869,OMC-005,PetroOil Kenya,JETA1,2026-04-20,62299,FIN-004
INV-83358,DISP-04501,OMC-015,Mombasa Petroleum,LPG,2025-08-27,236336,FIN-001
INV-93000,DISP-06669,OMC-013,Lake Oil,AGO,2025-08-04,27286,FIN-001
INV-58795,DISP-06953,OMC-006,Hashi Energy,DPK,2025-02-05,56769,FIN-005
INV-16940,DISP-02614,OMC-012,Galana Energies,LUB,2026-04-05,157402,FIN-003
INV-39705,DISP-02528,OMC-010,Tamoil,JETA1,2025-10-19,29548,FIN-003
INV-63908,DISP-02612,OMC-006,Hashi Energy,AGO,2025-03-22,159526,FIN-001
INV-97994,DISP-01778,OMC-019,Tanzania Petroleum,LUB,2025-03-25,184233,FIN-003
INV-89790,DISP-09634,OMC-007,Kobil,PMS,2025-06-04,189306,FIN-002
INV-44321,DISP-08270,OMC-014,Texol Energies,JETA1,2025-07-15,168752,FIN-003
INV-36053,DISP-09529,OMC-018,Uganda National Oil,JETA1,2025-09-27,143381,FIN-003
INV-39376,DISP-04152,OMC-006,Hashi Energy,AGO,2025-09-01," KES 45,056 ",FIN-004
INV-45404,DISP-09433,OMC-018,Uganda National Oil,HFO,2025-07-28,49211,FIN-002
INV-51880,DISP-05644,OMC-006,Hashi Energy,AGO,2025-09-17,61919,FIN-005
INV-92373,DISP-07891,OMC-020,Ethiopian Oil,LUB,2026-02-01,80909,FIN-002
INV-96335,DISP-02358,OMC-019,Tanzania Petroleum,JETA1,2025-12-31,280751,FIN-002
INV-57016,DISP-08059,OMC-017,KAA Aviation,LUB,2025-04-09,111513,FIN-002
INV-39914,DISP-06418,OMC-001,TotalEnergies Kenya,LPG,2025-04-10,32474,FIN-003
INV-54549,DISP-06479,OMC-012,Galana Energies,LPG,2026-03-12," KES 369,245 ",FIN-001
INV-54051,DISP-07627,OMC-010,Tamoil,LPG,2025-07-06,122853,FIN-005
INV-14367,DISP-04396,OMC-020,Ethiopian Oil,AGO,2026-06-09,80759,FIN-002
INV-97763,DISP-00626,OMC-013,Lake Oil,HFO,2025-12-30,89880,FIN-004
INV-15862,DISP-06808,OMC-005,PetroOil Kenya,LUB,2026-04-17,203312,FIN-002
INV-40282,DISP-02206,OMC-014,Texol Energies,PMS,2025-02-07,122847,FIN-004
INV-63959,DISP-05483,OMC-019,Tanzania Petroleum,AGO,2025-12-11,92235,FIN-002
INV-49549,DISP-08654,OMC-006,Hashi Energy,AGO,2025-12-25,41666,FIN-003
INV-80714,DISP-03770,OMC-015,Mombasa Petroleum,LPG,2026-05-06,81169,FIN-005
INV-89569,DISP-00264,OMC-017,KAA Aviation,LUB,2025-04-21,161376,FIN-003
INV-64995,DISP-06775,OMC-009,Dalbit Petroleum,JETA1,2026-05-28,186366,FIN-004
INV-77499,DISP-04026,OMC-005,PetroOil Kenya,LUB,2026-02-20,135588,FIN-004
INV-67590,DISP-08765,OMC-006,Hashi Energy,DPK,2025-03-05,40085,FIN-002
INV-77392,DISP-02930,OMC-020,Ethiopian Oil,LPG,2025-10-14,280595,FIN-001
INV-58006,DISP-05760,OMC-004,Gulf Energy,JETA1,2026-02-10,244916,FIN-002
INV-32787,DISP-00148,OMC-008,National Oil,JETA1,2025-08-26,160309,FIN-003
INV-63467,DISP-02345,OMC-013,Lake Oil,DPK,2025-09-09,222514,FIN-004
INV-64101,DISP-02453,OMC-012,Galana Energies,HFO,2026-04-16,294653,FIN-005
INV-79446,DISP-07085,OMC-011,Hass Petroleum,LUB,04/11/2025,34339,FIN-002
INV-28139,DISP-05067,OMC-001,TotalEnergies Kenya,PMS,2026-02-03,302510,FIN-001
INV-54104,DISP-05194,OMC-013,Lake Oil,PMS,2025-09-10,208619,FIN-004
INV-80263,DISP-04308,OMC-002,Vivo Energy,DPK,2026-06-10,189485,FIN-002
INV-84903,DISP-08893,OMC-014,Texol Energies,JETA1,2025-04-17,34510,FIN-004
INV-91514,DISP-04905,OMC-005,PetroOil Kenya,JETA1,2026-04-04,41011,FIN-005
INV-11743,DISP-01348,OMC-010,Tamoil,AGO,2026-03-01,215993,FIN-004
INV-64131,DISP-07222,OMC-017,KAA Aviation,JETA1,2026-03-30,139966,FIN-005
INV-88803,DISP-01025,OMC-014,Texol Energies,AGO,2025-05-08,119369,FIN-005
INV-45778,DISP-03499,OMC-017,KAA Aviation,HFO,21/05/2025,167596,FIN-002
INV-59252,DISP-01384,OMC-003,Rubis Energy,LPG,2025-02-04,105208,FIN-005
INV-20990,DISP-05454,OMC-011,Hass Petroleum,HFO,2025-03-30,20787,FIN-005
INV-42005,DISP-04904,OMC-020,Ethiopian Oil,HFO,2026-03-04,38642,FIN-001
INV-49475,DISP-03899,OMC-018,Uganda National Oil,HFO,2026-04-04,54378,FIN-003
INV-61320,DISP-01244,OMC-017,KAA Aviation,AGO,2025-03-31,204589,FIN-005
INV-87745,DISP-09338,OMC-010,Tamoil,PMS,2025-07-22,152286,FIN-004
INV-85366,DISP-04953,OMC-019,Tanzania Petroleum,DPK,15/07/2025,52285,FIN-005
INV-57948,DISP-02406,OMC-015,Mombasa Petroleum,AGO,2026-02-10," KES 120,277 ",FIN-001
INV-77092,DISP-05579,OMC-008,National Oil,LPG,2025-09-15,192310,FIN-004
INV-38846,DISP-08542,OMC-002,Vivo Energy,LUB,2025-11-23,203465,FIN-004
INV-47107,DISP-00553,OMC-015,Mombasa Petroleum,PMS,02/02/2026,256391,FIN-003
INV-18722,DISP-00062,OMC-003,Rubis Energy,LUB,2025-05-29,93285,FIN-002
INV-29980,DISP-06939,OMC-017,KAA Aviation,AGO,2026-06-26,252436,FIN-003
INV-77442,DISP-03393,OMC-019,Tanzania Petroleum,AGO,2025-06-21,255602,FIN-002
INV-79488,DISP-01010,OMC-018,Uganda National Oil,JETA1,2025-03-29,34343,FIN-004
INV-43790,DISP-01830,OMC-014,Texol Energies,PMS,2025-06-25,73295,FIN-002
INV-98892,DISP-09984,OMC-015,Mombasa Petroleum,AGO,2026-01-28,28444,FIN-003
INV-39608,DISP-06137,OMC-014,Texol Energies,PMS,2025-10-23,131987,FIN-005
INV-57213,DISP-02985,OMC-015,Mombasa Petroleum,LPG,2025-01-27,244276,FIN-003
INV-89448,DISP-06609,OMC-014,Texol Energies,LUB,2026-06-29," KES 184,044 ",FIN-004
INV-34113,DISP-07410,OMC-003,Rubis Energy,AGO,2025-03-16,102440,FIN-005
INV-72040,DISP-04735,OMC-009,Dalbit Petroleum,JETA1,2025-01-15,126377,FIN-002
INV-52705,DISP-01283,OMC-018,Uganda National Oil,AGO,2025-08-26,141025,FIN-005
INV-41246,DISP-05472,OMC-016,KPA Marine,JETA1,2025-09-26," KES 47,392 ",FIN-005
INV-59028,DISP-05970,OMC-011,Hass Petroleum,JETA1,2025-02-02,32611,FIN-005
INV-91178,DISP-07406,OMC-013,Lake Oil,AGO,2025-10-01,105036,FIN-005
INV-71167,DISP-01673,OMC-013,Lake Oil,PMS,2026-06-24,245740,FIN-003
INV-86940,DISP-02110,OMC-002,Vivo Energy,JETA1,07/12/2025,198799,FIN-004
INV-17203,DISP-00187,OMC-004,Gulf Energy,HFO,2026-02-05,34489,FIN-003
INV-78350,DISP-01605,OMC-003,Rubis Energy,PMS,2025-04-24,160692,FIN-003
INV-46989,DISP-07909,OMC-011,Hass Petroleum,PMS,2025-12-07," KES 48,427 ",FIN-003
INV-31166,DISP-09003,OMC-019,Tanzania Petroleum,PMS,2025-10-15," KES 188,874 ",FIN-001
INV-39733,DISP-04963,OMC-004,Gulf Energy,LUB,2026-03-21,27196,FIN-002
INV-98404,DISP-00676,OMC-004,Gulf Energy,AGO,2026-02-21,57278,FIN-002
INV-37308,DISP-06818,OMC-015,Mombasa Petroleum,PMS,2025-03-20,199193,FIN-004
INV-54949,DISP-04917,OMC-019,Tanzania Petroleum,JETA1,2026-04-09,236055,FIN-004
INV-69286,DISP-01839,OMC-016,KPA Marine,HFO,2025-09-29,24585,FIN-004
INV-45328,DISP-06565,OMC-007,Kobil,HFO,2025-02-23,149075,FIN-002
INV-57455,DISP-09687,OMC-015,Mombasa Petroleum,JETA1,2025-05-22,196946,FIN-001
INV-23210,DISP-06091,OMC-005,PetroOil Kenya,PMS,2026-04-08,108975,FIN-001
INV-53476,DISP-02639,OMC-018,Uganda National Oil,PMS,06/03/2026,178477,FIN-005
INV-16231,DISP-05876,OMC-012,Galana Energies,LPG,2026-04-05,188245,FIN-004
INV-19380,DISP-08406,OMC-019,Tanzania Petroleum,HFO,2026-05-26,192022,FIN-002
INV-47493,DISP-00237,OMC-004,Gulf Energy,LUB,2026-02-18,198765,FIN-005
INV-43726,DISP-04914,OMC-016,KPA Marine,PMS,2025-05-09,234440,FIN-004
INV-50488,DISP-09657,OMC-019,Tanzania Petroleum,DPK,2025-07-10,35743,FIN-002
INV-67839,DISP-06556,OMC-003,Rubis Energy,JETA1,2025-10-23,209678,FIN-003
INV-98814,DISP-05325,OMC-004,Gulf Energy,LUB,2026-02-12,24390,FIN-002
INV-98919,DISP-02928,OMC-008,National Oil,DPK,2026-02-23,52613,FIN-003
INV-25511,DISP-03046,OMC-002,Vivo Energy,DPK,2026-02-01,30082,FIN-004
INV-19260,DISP-00487,OMC-005,PetroOil Kenya,LUB,21/02/2026,33560,FIN-003
INV-40007,DISP-08299,OMC-017,KAA Aviation,PMS,19/04/2026,212720,FIN-003
INV-57736,DISP-04808,OMC-008,National Oil,LPG,2025-09-13,40105,FIN-001
INV-51679,DISP-03396,OMC-009,Dalbit Petroleum,AGO,2025-04-21,53334,FIN-001
INV-12096,DISP-01103,OMC-018,Uganda National Oil,HFO,2025-04-20,55615,FIN-003
INV-88453,DISP-06157,OMC-011,Hass Petroleum,HFO,2025-10-12,127859,FIN-003
INV-19353,DISP-06739,OMC-012,Galana Energies,PMS,2026-03-17,120511,FIN-001
INV-34179,DISP-02878,OMC-001,TotalEnergies Kenya,HFO,2025-11-18,208350,FIN-005
INV-54903,DISP-02291,OMC-016,KPA Marine,HFO,2026-03-14,179658,FIN-004
INV-47709,DISP-03865,OMC-008,National Oil,DPK,2026-03-26,35126,FIN-005
INV-60214,DISP-02481,OMC-014,Texol Energies,PMS,2026-02-04,200423,FIN-001
INV-47207,DISP-03299,OMC-012,Galana Energies,LPG,2026-03-23,52752,FIN-002
INV-94739,DISP-04864,OMC-008,National Oil,HFO,2025-06-16,47562,FIN-002
INV-57818,DISP-05558,OMC-017,KAA Aviation,HFO,2025-03-23,55255,FIN-001
INV-97670,DISP-05540,OMC-018,Uganda National Oil,DPK,2026-03-23," KES 202,281 ",FIN-002
INV-41570,DISP-02183,OMC-001,TotalEnergies Kenya,HFO,2026-03-17," KES 53,965 ",FIN-003
INV-64077,DISP-06711,OMC-012,Galana Energies,LPG,2026-02-28,43194,FIN-001
INV-97246,DISP-09795,OMC-003,Rubis Energy,HFO,2025-01-16,31543,FIN-003
INV-36574,DISP-08779,OMC-010,Tamoil,DPK,2025-06-19,24865,FIN-001
INV-13897,DISP-05222,OMC-006,Hashi Energy,LUB,2026-06-23,169649,FIN-001
INV-83194,DISP-05146,OMC-007,Kobil,DPK,2025-10-03,179891,FIN-001
INV-24568,DISP-03824,OMC-001,TotalEnergies Kenya,LUB,2025-12-19,109845,FIN-005
INV-69618,DISP-09249,OMC-010,Tamoil,DPK,2025-09-19,42259,FIN-003
INV-50886,DISP-07863,OMC-010,Tamoil,PMS,2025-11-15,166773,FIN-004
INV-13073,DISP-03187,OMC-002,Vivo Energy,LUB,2026-01-13,43752,FIN-002
INV-51134,DISP-01795,OMC-013,Lake Oil,LPG,2026-01-26," KES 28,595 ",FIN-001
INV-52581,DISP-04274,OMC-016,KPA Marine,JETA1,2025-05-08,61629,FIN-004
INV-76208,DISP-00383,OMC-019,Tanzania Petroleum,LPG,2025-07-14,47886,FIN-005
INV-20789,DISP-04824,OMC-018,Uganda National Oil,DPK,2025-11-03,64444,FIN-001
INV-92446,DISP-06166,OMC-002,Vivo Energy,LUB,2025-12-20,254599,FIN-004
INV-21434,DISP-02426,OMC-014,Texol Energies,LPG,2025-01-19,36368,FIN-002
INV-37004,DISP-06571,OMC-014,Texol Energies,LPG,2026-06-18,169171,FIN-003
INV-21463,DISP-03746,OMC-001,TotalEnergies Kenya,HFO,2025-01-13,236851,FIN-003
INV-60617,DISP-00338,OMC-014,Texol Energies,LUB,2026-02-27,25981,FIN-002
INV-25543,DISP-00452,OMC-008,National Oil,PMS,2025-10-17,105381,FIN-001
INV-55957,DISP-06238,OMC-014,Texol Energies,DPK,2026-04-08,247402,FIN-005
INV-42067,DISP-01855,OMC-019,Tanzania Petroleum,DPK,2025-11-12,61157,FIN-004
INV-45318,DISP-09089,OMC-001,TotalEnergies Kenya,LPG,2025-04-03,123937,FIN-003
INV-58186,DISP-04560,OMC-016,KPA Marine,LPG,2026-02-20,40087,FIN-004
INV-80561,DISP-00594,OMC-013,Lake Oil,LPG,2026-05-09,49794,FIN-001
INV-92755,DISP-05237,OMC-012,Galana Energies,PMS,2026-02-25,201032,FIN-005
INV-44292,DISP-03314,OMC-014,Texol Energies,LPG,2026-03-18,172183,FIN-005
INV-84108,DISP-03706,OMC-016,KPA Marine,LPG,2026-05-21,130651,FIN-003
INV-12939,DISP-04513,OMC-003,Rubis Energy,LPG,2025-11-11,171363,FIN-002
INV-57595,DISP-01983,OMC-011,Hass Petroleum,HFO,2025-01-31,26858,FIN-001
INV-30408,DISP-06430,OMC-015,Mombasa Petroleum,HFO,2025-09-17,269848,FIN-004
INV-34938,DISP-08427,OMC-017,KAA Aviation,AGO,2026-05-30,40956,FIN-004
INV-56543,DISP-04103,OMC-014,Texol Energies,AGO,2025-08-08,28414,FIN-004
INV-43603,DISP-00473,OMC-010,Tamoil,AGO,2026-05-01,192822,FIN-005
INV-59919,DISP-07897,OMC-003,Rubis Energy,DPK,2026-03-05,130903,FIN-001
INV-33862,DISP-09336,OMC-016,KPA Marine,AGO,2026-03-12,155336,FIN-002
INV-88935,DISP-03751,OMC-018,Uganda National Oil,HFO,22/02/2026,86448,FIN-005
INV-78606,DISP-04471,OMC-007,Kobil,LPG,2025-12-26,78734,FIN-005
INV-29158,DISP-08895,OMC-019,Tanzania Petroleum,JETA1,2026-02-17,45392,FIN-003
INV-13029,DISP-09901,OMC-019,Tanzania Petroleum,LUB,2026-04-16,33002,FIN-005
INV-43068,DISP-07786,OMC-010,Tamoil,JETA1,2025-01-24,38617,FIN-005
INV-32723,DISP-07275,OMC-002,Vivo Energy,DPK,2025-08-16,53877,FIN-002
INV-90438,DISP-09069,OMC-020,Ethiopian Oil,LPG,2025-12-06,23735,FIN-002
INV-45692,DISP-00656,OMC-011,Hass Petroleum,LPG,2025-07-29,124797,FIN-002
INV-68913,DISP-03206,OMC-013,Lake Oil,LUB,2026-01-22,284880,FIN-004
INV-27993,DISP-00660,OMC-019,Tanzania Petroleum,HFO,2025-02-06,97988,FIN-004
INV-14219,DISP-09946,OMC-009,Dalbit Petroleum,HFO,2025-08-01,159445,FIN-002
INV-69512,DISP-06975,OMC-010,Tamoil,PMS,2025-06-21,134098,FIN-003
INV-78756,DISP-05825,OMC-009,Dalbit Petroleum,AGO,2026-03-07,170336,FIN-004
INV-68260,DISP-00450,OMC-017,KAA Aviation,HFO,2025-05-05,54561,FIN-004
INV-26249,DISP-07304,OMC-018,Uganda National Oil,PMS,2026-02-16," KES 119,360 ",FIN-004
INV-40706,DISP-00247,OMC-015,Mombasa Petroleum,LUB,2025-04-28,146664,FIN-004
INV-67423,DISP-09453,OMC-001,TotalEnergies Kenya,LUB,2025-02-01,245674,FIN-001
INV-85775,DISP-02841,OMC-003,Rubis Energy,DPK,2026-03-07,43880,FIN-005
INV-72177,DISP-05532,OMC-009,Dalbit Petroleum,AGO,2026-06-12," KES 231,890 ",FIN-001
INV-42842,DISP-00760,OMC-002,Vivo Energy,DPK,2025-05-27,245952,FIN-003
INV-28211,DISP-01718,OMC-006,Hashi Energy,JETA1,2025-04-17," KES 48,887 ",FIN-002
INV-44901,DISP-08136,OMC-004,Gulf Energy,HFO,2026-04-11,43800,FIN-002
INV-89622,DISP-07265,OMC-011,Hass Petroleum,DPK,2025-05-26,38261,FIN-001
INV-67200,DISP-03965,OMC-013,Lake Oil,PMS,2025-03-20,125605,FIN-004
INV-81683,DISP-02445,OMC-013,Lake Oil,HFO,2025-02-21,108893,FIN-002
INV-87544,DISP-09106,OMC-001,TotalEnergies Kenya,LPG,2026-04-08,48445,FIN-001
INV-43910,DISP-05412,OMC-015,Mombasa Petroleum,AGO,2025-10-01,35519,FIN-003
INV-14823,DISP-02990,OMC-001,TotalEnergies Kenya,HFO,18/06/2026,35752,FIN-003
INV-98665,DISP-08231,OMC-004,Gulf Energy,LPG,2026-04-19,25938,FIN-004
INV-13641,DISP-04275,OMC-011,Hass Petroleum,PMS,2026-04-08,180750,FIN-004
INV-67329,DISP-09228,OMC-013,Lake Oil,DPK,2026-03-27,39059,FIN-002
INV-35317,DISP-05530,OMC-013,Lake Oil,LPG,2026-04-08,275462,FIN-005
INV-81243,DISP-01784,OMC-015,Mombasa Petroleum,LUB,2026-05-31,193487,FIN-004
INV-57180,DISP-03696,OMC-008,National Oil,AGO,2025-07-28,165683,FIN-004
INV-17112,DISP-06574,OMC-012,Galana Energies,AGO,2026-04-02,38978,FIN-005
INV-88599,DISP-04979,OMC-004,Gulf Energy,HFO,2026-04-22,176779,FIN-003
INV-14911,DISP-06222,OMC-005,PetroOil Kenya,AGO,2026-04-22,241801,FIN-001
INV-40665,DISP-02760,OMC-019,Tanzania Petroleum,AGO,2026-06-03,193239,FIN-005
INV-40647,DISP-04889,OMC-009,Dalbit Petroleum,LPG,2026-01-22,152417,FIN-003
INV-15146,DISP-05022,OMC-020,Ethiopian Oil,DPK,2026-05-22,270523,FIN-003
INV-83200,DISP-07906,OMC-013,Lake Oil,JETA1,,133908,FIN-002
INV-70319,DISP-01892,OMC-010,Tamoil,LUB,2025-11-09,116208,FIN-003
INV-84365,DISP-01788,OMC-010,Tamoil,LUB,2025-03-25,36820,FIN-001
INV-51507,DISP-03500,OMC-014,Texol Energies,AGO,2026-01-06,93239,FIN-002
INV-58881,DISP-00951,OMC-009,Dalbit Petroleum,PMS,2026-02-23,51478,FIN-001
INV-33711,DISP-08425,OMC-014,Texol Energies,JETA1,2025-06-27,207095,FIN-001
INV-77707,DISP-00920,OMC-007,Kobil,PMS,2026-04-08,108728,FIN-005
INV-79736,DISP-08505,OMC-006,Hashi Energy,LUB,2025-01-16,128871,FIN-005
INV-76666,DISP-04432,OMC-013,Lake Oil,LUB,2025-12-04,197364,FIN-003
INV-64423,DISP-04363,OMC-007,Kobil,AGO,2025-10-16,238040,FIN-003
INV-88327,DISP-01349,OMC-017,KAA Aviation,PMS,2025-04-17," KES 245,813 ",FIN-004
INV-99086,DISP-09301,OMC-003,Rubis Energy,AGO,2025-02-09,50231,FIN-005
INV-75308,DISP-09828,OMC-006,Hashi Energy,DPK,2026-01-14,276892,FIN-003
INV-82622,DISP-06109,OMC-009,Dalbit Petroleum,DPK,2025-07-17,24005,FIN-004
INV-65930,DISP-04134,OMC-001,TotalEnergies Kenya,AGO,2026-05-11,70489,FIN-001
INV-56304,DISP-07180,OMC-014,Texol Energies,DPK,2025-01-20,55251,FIN-003
INV-94097,DISP-00698,OMC-015,Mombasa Petroleum,LUB,2026-04-16,143045,FIN-001
INV-79897,DISP-09052,OMC-016,KPA Marine,HFO,2026-02-19,39681,FIN-005
INV-53648,DISP-06175,OMC-009,Dalbit Petroleum,HFO,2026-04-18,176953,FIN-001
INV-64643,DISP-02262,OMC-017,KAA Aviation,AGO,2025-12-13,163385,FIN-002
INV-58702,DISP-00970,OMC-018,Uganda National Oil,LUB,2026-01-20,36680,FIN-003
INV-75457,DISP-06998,OMC-004,Gulf Energy,HFO,2026-02-25,219323,FIN-004
INV-31870,DISP-04966,OMC-001,TotalEnergies Kenya,AGO,2025-05-30,156919,FIN-002
INV-49916,DISP-04271,OMC-012,Galana Energies,LUB,2026-04-04,34085,FIN-002
INV-64067,DISP-08805,OMC-014,Texol Energies,LUB,2026-01-25,172108,FIN-005
INV-16394,DISP-04538,OMC-019,Tanzania Petroleum,HFO,2025-06-13,100867,FIN-001
INV-28790,DISP-06896,OMC-007,Kobil,HFO,2025-06-08,103004,FIN-001
INV-98838,DISP-05771,OMC-015,Mombasa Petroleum,LUB,2025-03-04,41759,FIN-003
INV-64500,DISP-08558,OMC-018,Uganda National Oil,LUB,2026-01-22,53177,FIN-001
INV-59732,DISP-06328,OMC-017,KAA Aviation,LPG,2026-02-13,47404,FIN-005
INV-20871,DISP-07730,OMC-013,Lake Oil,HFO,2025-04-17,30696,FIN-004
INV-18819,DISP-02971,OMC-012,Galana Energies,LPG,2026-03-28,106323,FIN-003
INV-72014,DISP-03501,OMC-010,Tamoil,DPK,2025-04-08,27305,FIN-004
INV-56184,DISP-01867,OMC-005,PetroOil Kenya,HFO,2026-04-23,109455,FIN-004
INV-99586,DISP-08830,OMC-017,KAA Aviation,HFO,2025-12-04,159904,FIN-005
INV-40221,DISP-00610,OMC-012,Galana Energies,LPG,2026-04-21,104132,FIN-005
INV-35709,DISP-09323,OMC-009,Dalbit Petroleum,DPK,2025-04-16,24402,FIN-001
INV-18486,DISP-09806,OMC-018,Uganda National Oil,JETA1,2025-03-27,55489,FIN-002
INV-17004,DISP-07599,OMC-009,Dalbit Petroleum,LUB,2025-06-25,210698,FIN-005
INV-14177,DISP-02836,OMC-007,Kobil,JETA1,2025-04-04,152725,FIN-005
INV-85311,DISP-02689,OMC-008,National Oil,JETA1,2026-01-20,25919,FIN-005
INV-79509,DISP-04669,OMC-017,KAA Aviation,PMS,2025-08-27,166756,FIN-005
INV-89525,DISP-03812,OMC-003,Rubis Energy,AGO,2026-05-21," KES 204,197 ",FIN-001
INV-25830,DISP-02626,OMC-005,PetroOil Kenya,PMS,2026-03-29,308757,FIN-004
INV-30412,DISP-04466,OMC-011,Hass Petroleum,PMS,2025-09-03,109321,FIN-002
INV-64808,DISP-05537,OMC-011,Hass Petroleum,DPK,2026-06-18,94139,FIN-004
INV-28492,DISP-07546,OMC-006,Hashi Energy,HFO,2025-04-14," KES 35,798 ",FIN-002
INV-84242,DISP-09194,OMC-002,Vivo Energy,LUB,2025-04-21,29518,FIN-001
INV-86800,DISP-00332,OMC-001,TotalEnergies Kenya,DPK,2026-01-22,69204,FIN-004
INV-30211,DISP-04083,OMC-006,Hashi Energy,AGO,2025-08-31,158795,FIN-005
INV-16303,DISP-02785,OMC-005,PetroOil Kenya,JETA1,2026-04-29,209792,FIN-005
INV-35158,DISP-08250,OMC-018,Uganda National Oil,PMS,2026-01-19,25284,FIN-005
INV-30165,DISP-08244,OMC-010,Tamoil,PMS,2026-03-03,203498,FIN-001
INV-99681,DISP-04052,OMC-003,Rubis Energy,LPG,2026-01-03,99209,FIN-003
INV-67714,DISP-08085,OMC-014,Texol Energies,HFO,2026-01-04," KES 25,473 ",FIN-001
INV-69747,DISP-07123,OMC-007,Kobil,LUB,26/08/2025,191775,FIN-003
INV-94986,DISP-08017,OMC-017,KAA Aviation,LPG,2026-06-24,29174,FIN-001
INV-57049,DISP-08435,OMC-009,Dalbit Petroleum,JETA1,2026-01-10,67609,FIN-005
INV-43771,DISP-08141,OMC-014,Texol Energies,LUB,,267097,FIN-003
INV-84175,DISP-00017,OMC-014,Texol Energies,PMS,2025-01-11,152974,FIN-005
INV-72385,DISP-05778,OMC-016,KPA Marine,LPG,2026-01-26," KES 208,757 ",FIN-004
INV-63353,DISP-09850,OMC-005,PetroOil Kenya,HFO,2026-04-11,44812,FIN-004
INV-60685,DISP-03072,OMC-002,Vivo Energy,AGO,2026-01-18,225818,FIN-001
INV-95401,DISP-00866,OMC-006,Hashi Energy,JETA1,2025-04-11,28963,FIN-005
INV-18837,DISP-04069,OMC-001,TotalEnergies Kenya,PMS,2025-02-07,59001,FIN-002
INV-14356,DISP-04142,OMC-013,Lake Oil,LPG,31/01/2025,29974,FIN-001
INV-59415,DISP-08580,OMC-001,TotalEnergies Kenya,DPK,2025-01-06,36535,FIN-005
INV-16390,DISP-07485,OMC-001,TotalEnergies Kenya,PMS,2026-05-30," KES 58,219 ",FIN-002
INV-13943,DISP-00582,OMC-001,TotalEnergies Kenya,JETA1,2026-01-13,60603,FIN-005
INV-13290,DISP-04264,OMC-003,Rubis Energy,LPG,2025-12-29,184294,FIN-004
INV-98288,DISP-02524,OMC-020,Ethiopian Oil,AGO,2025-10-03,43499,FIN-003
INV-66774,DISP-06761,OMC-012,Galana Energies,LPG,20/02/2026,174053,FIN-001
INV-53357,DISP-00466,OMC-016,KPA Marine,LUB,2025-05-03,96227,FIN-004
INV-82542,DISP-03178,OMC-020,Ethiopian Oil,JETA1,2026-05-03,26907,FIN-004
INV-23075,DISP-06812,OMC-015,Mombasa Petroleum,JETA1,2025-06-06,143911,FIN-004
INV-38704,DISP-05246,OMC-002,Vivo Energy,LUB,2025-09-22," KES 135,428 ",FIN-005
INV-39378,DISP-01456,OMC-020,Ethiopian Oil,LPG,2025-12-18," KES 95,229 ",FIN-004
INV-92476,DISP-03379,OMC-007,Kobil,AGO,2025-10-23,124645,FIN-004
INV-79396,DISP-04416,OMC-014,Texol Energies,HFO,2025-12-11,198414,FIN-002
INV-17858,DISP-05172,OMC-002,Vivo Energy,AGO,2025-02-04,136796,FIN-004
INV-11445,DISP-00590,OMC-014,Texol Energies,LPG,2025-05-31,49669,FIN-004
INV-33408,DISP-04003,OMC-015,Mombasa Petroleum,LPG,12/11/2025,241267,FIN-004
INV-13477,DISP-07300,OMC-018,Uganda National Oil,DPK,2025-05-12,176579,FIN-002
INV-18225,DISP-01191,OMC-002,Vivo Energy,AGO,2025-04-07,27119,FIN-001
INV-74726,DISP-08925,OMC-002,Vivo Energy,DPK,2025-12-09,263830,FIN-004
INV-57744,DISP-06183,OMC-010,Tamoil,LPG,2026-04-23,62168,FIN-005
INV-24951,DISP-02225,OMC-015,Mombasa Petroleum,JETA1,2025-10-19,127011,FIN-005
INV-59115,DISP-03802,OMC-005,PetroOil Kenya,PMS,2026-03-09,269016,FIN-005
INV-77894,DISP-06050,OMC-020,Ethiopian Oil,LPG,2025-10-22,32802,FIN-001
INV-28297,DISP-00335,OMC-009,Dalbit Petroleum,DPK,2025-03-10,26557,FIN-002
INV-35158,DISP-08328,OMC-008,National Oil,AGO,2026-03-25,45493,FIN-004
INV-36052,DISP-09598,OMC-002,Vivo Energy,AGO,2025-07-13,258867,FIN-002
INV-63628,DISP-07647,OMC-017,KAA Aviation,LUB,2025-03-15,101532,FIN-001
INV-62030,DISP-09345,OMC-016,KPA Marine,PMS,2026-04-09,140705,FIN-001
INV-68343,DISP-08850,OMC-001,TotalEnergies Kenya,PMS,2025-04-08,217035,FIN-001
INV-29337,DISP-05506,OMC-004,Gulf Energy,AGO,2026-05-03,271113,FIN-001
INV-97844,DISP-02256,OMC-004,Gulf Energy,JETA1,2026-03-07,102958,FIN-002
INV-82664,DISP-06950,OMC-015,Mombasa Petroleum,DPK,2025-08-25,52446,FIN-005
INV-63099,DISP-05899,OMC-008,National Oil,AGO,2025-03-09,170781,FIN-005
INV-24860,DISP-05434,OMC-013,Lake Oil,JETA1,2026-01-24,135911,FIN-005
INV-39750,DISP-01881,OMC-010,Tamoil,LPG,2025-06-19,64102,FIN-003
INV-74656,DISP-09094,OMC-004,Gulf Energy,AGO,2026-02-19,28246,FIN-003
INV-67254,DISP-04032,OMC-012,Galana Energies,HFO,2026-03-23,264095,FIN-005
INV-29912,DISP-08546,OMC-002,Vivo Energy,DPK,2026-06-19,219534,FIN-005
INV-32299,DISP-08653,OMC-020,Ethiopian Oil,LUB,2026-05-07,34666,FIN-002
INV-98124,DISP-04498,OMC-005,PetroOil Kenya,LPG,2026-04-07,158666,FIN-003
INV-67733,DISP-06860,OMC-008,National Oil,LUB,2026-06-01,232336,FIN-003
INV-53416,DISP-00778,OMC-008,National Oil,LUB,2025-04-16,192206,FIN-001
INV-14675,DISP-04041,OMC-003,Rubis Energy,JETA1,2025-09-12,46988,FIN-005
INV-23310,DISP-01900,OMC-011,Hass Petroleum,JETA1,2026-06-01,28606,FIN-004
INV-48382,DISP-08720,OMC-016,KPA Marine,DPK,2025-10-04,137977,FIN-005
INV-47775,DISP-09460,OMC-008,National Oil,LPG,2025-05-18,48803,FIN-003
INV-73376,DISP-00739,OMC-016,KPA Marine,LUB,2025-10-21,19868,FIN-001
INV-34832,DISP-02602,OMC-003,Rubis Energy,JETA1,,50037,FIN-001
INV-28622,DISP-08208,OMC-003,Rubis Energy,LPG,2025-05-15,73082,FIN-005
INV-44297,DISP-01931,OMC-015,Mombasa Petroleum,DPK,11/11/2025,109630,FIN-004
INV-10858,DISP-02958,OMC-012,Galana Energies,HFO,2026-03-29,21965,FIN-004
INV-69455,DISP-05150,OMC-004,Gulf Energy,HFO,2026-02-09,58003,FIN-002
INV-88102,DISP-07488,OMC-008,National Oil,DPK,2025-01-31,231639,FIN-004
INV-79212,DISP-08754,OMC-007,Kobil,PMS,2025-09-02,140188,FIN-001
INV-85940,DISP-05394,OMC-007,Kobil,DPK,2025-03-30,54505,FIN-005
INV-16157,DISP-09237,OMC-014,Texol Energies,AGO,2025-09-18,157665,FIN-005
INV-39777,DISP-00507,OMC-018,Uganda National Oil,AGO,,25212,FIN-004
INV-78221,DISP-02102,OMC-013,Lake Oil,LUB,2025-06-29,138792,FIN-001
INV-46756,DISP-00226,OMC-016,KPA Marine,DPK,2025-03-11,95093,FIN-001
INV-15440,DISP-04677,OMC-005,PetroOil Kenya,JETA1,2026-04-03,63163,FIN-004
INV-42255,DISP-02309,OMC-011,Hass Petroleum,DPK,2025-11-16,115221,FIN-001
INV-24719,DISP-04540,OMC-016,KPA Marine,DPK,2025-02-11,132228,FIN-003
INV-83784,DISP-00405,OMC-013,Lake Oil,PMS,2025-07-16,251955,FIN-005
INV-35072,DISP-00669,OMC-011,Hass Petroleum,HFO,2025-12-26,37929,FIN-004
INV-78304,DISP-05551,OMC-006,Hashi Energy,JETA1,2026-05-24,22346,FIN-001
INV-30287,DISP-03448,OMC-018,Uganda National Oil,PMS,2026-06-18,185122,FIN-005
INV-66899,DISP-02950,OMC-011,Hass Petroleum,PMS,2025-09-17,150522,FIN-003
INV-95510,DISP-05504,OMC-015,Mombasa Petroleum,PMS,2025-05-16,292970,FIN-002
INV-21432,DISP-00900,OMC-020,Ethiopian Oil,PMS,2025-03-21,119995,FIN-005
INV-38766,DISP-03285,OMC-006,Hashi Energy,JETA1,2026-06-12,52828,FIN-005
INV-20658,DISP-08268,OMC-008,National Oil,JETA1,2026-01-04,209427,FIN-005
INV-85625,DISP-09157,OMC-013,Lake Oil,LUB,2025-09-26,128916,FIN-001
INV-62498,DISP-09294,OMC-013,Lake Oil,LUB,2025-01-29,251077,FIN-003
INV-88426,DISP-03923,OMC-005,PetroOil Kenya,LUB,2026-03-01,177448,FIN-005
INV-43125,DISP-00884,OMC-001,TotalEnergies Kenya,LUB,2026-02-02,45286,FIN-005
INV-13489,DISP-07837,OMC-016,KPA Marine,AGO,2025-09-29,203494,FIN-004
INV-88817,DISP-05205,OMC-002,Vivo Energy,LPG,2026-05-05," KES 159,508 ",FIN-001
INV-40693,DISP-07658,OMC-015,Mombasa Petroleum,AGO,2025-02-05,226363,FIN-005
INV-32666,DISP-02901,OMC-008,National Oil,JETA1,2025-06-09,21160,FIN-005
INV-10440,DISP-00806,OMC-009,Dalbit Petroleum,LPG,2026-01-13,47712,FIN-001
INV-36938,DISP-08689,OMC-014,Texol Energies,JETA1,2026-06-16,48426,FIN-004
INV-48582,DISP-03494,OMC-016,KPA Marine,AGO,2026-05-03,245440,FIN-001
INV-88786,DISP-07102,OMC-017,KAA Aviation,DPK,06/07/2025,172201,FIN-003
INV-39376,DISP-04152,OMC-006,Hashi Energy,AGO,2025-09-01,45056,FIN-004
INV-25780,DISP-09377,OMC-011,Hass Petroleum,LUB,2026-01-31,233501,FIN-003
INV-63919,DISP-01231,OMC-008,National Oil,HFO,2025-11-16,180319,FIN-005
INV-79202,DISP-00506,OMC-019,Tanzania Petroleum,PMS,2025-04-17,136558,FIN-003
INV-59817,DISP-03878,OMC-003,Rubis Energy,AGO,2025-03-04,55205,FIN-004
INV-12144,DISP-03786,OMC-008,National Oil,AGO,2025-08-26,186547,FIN-001
INV-18463,DISP-03255,OMC-006,Hashi Energy,HFO,2025-11-11,148274,FIN-002
INV-52751,DISP-09064,OMC-014,Texol Energies,HFO,2026-01-10,40042,FIN-003
INV-23777,DISP-02772,OMC-018,Uganda National Oil,AGO,2026-02-15,191844,FIN-004
INV-66612,DISP-05165,OMC-003,Rubis Energy,JETA1,2026-04-12,25153,FIN-003
INV-55295,DISP-04915,OMC-012,Galana Energies,PMS,," KES 30,991 ",FIN-001
INV-75889,DISP-09728,OMC-008,National Oil,HFO,2025-02-27,173572,FIN-003
INV-88810,DISP-06118,OMC-008,National Oil,AGO,2025-12-06,59064,FIN-002
INV-34349,DISP-03171,OMC-017,KAA Aviation,AGO,27/04/2025,102116,FIN-002
INV-31009,DISP-08951,OMC-016,KPA Marine,PMS,2026-04-12,132989,FIN-003
INV-25902,DISP-03950,OMC-011,Hass Petroleum,HFO,2025-11-30,33966,FIN-004
INV-40071,DISP-01152,OMC-001,TotalEnergies Kenya,JETA1,2026-02-16,133943,FIN-003
INV-74411,DISP-03245,OMC-007,Kobil,DPK,2025-02-01,264299,FIN-002
INV-14608,DISP-04169,OMC-009,Dalbit Petroleum,LUB,2025-12-06,56731,FIN-002
INV-55187,DISP-04369,OMC-016,KPA Marine,PMS,2026-04-06,275357,FIN-003
INV-41488,DISP-05963,OMC-005,PetroOil Kenya,HFO,2026-03-03,131128,FIN-003
INV-29879,DISP-04342,OMC-007,Kobil,JETA1,2025-03-19,98571,FIN-004
INV-89423,DISP-03105,OMC-020,Ethiopian Oil,LPG,2025-02-20,227703,FIN-002
INV-18586,DISP-00607,OMC-014,Texol Energies,JETA1,2025-01-23,154779,FIN-001
INV-56792,DISP-08228,OMC-009,Dalbit Petroleum,JETA1,2026-04-24,62522,FIN-004
INV-92481,DISP-03313,OMC-020,Ethiopian Oil,JETA1,2025-04-09,103165,FIN-004
INV-53740,DISP-05739,OMC-011,Hass Petroleum,HFO,,285283,FIN-004
INV-40133,DISP-01957,OMC-002,Vivo Energy,HFO,12/06/2026,43091,FIN-004
INV-61804,DISP-09698,OMC-010,Tamoil,DPK,2025-06-03,163670,FIN-002
INV-21438,DISP-04800,OMC-003,Rubis Energy,AGO,2026-01-08,155205,FIN-003
INV-27304,DISP-00356,OMC-010,Tamoil,AGO,2025-11-25,134580,FIN-005
INV-20237,DISP-09417,OMC-012,Galana Energies,JETA1,02/04/2026," KES 147,826 ",FIN-001
INV-29967,DISP-03668,OMC-008,National Oil,HFO,2025-09-24,227182,FIN-002
INV-29579,DISP-08620,OMC-011,Hass Petroleum,DPK,2026-06-02,95840,FIN-005
INV-25108,DISP-09097,OMC-013,Lake Oil,LPG,2026-05-12,43855,FIN-003
INV-13997,DISP-09374,OMC-009,Dalbit Petroleum,LPG,2026-06-09,228634,FIN-001
INV-57987,DISP-06903,OMC-011,Hass Petroleum,JETA1,08/09/2025,23251,FIN-003
INV-25045,DISP-02400,OMC-006,Hashi Energy,LPG,2025-10-02,163373,FIN-004
INV-30140,DISP-05845,OMC-012,Galana Energies,AGO,2026-03-29,279986,FIN-003
INV-40441,DISP-03380,OMC-015,Mombasa Petroleum,LPG,2025-11-12," KES 142,249 ",FIN-003
INV-99406,DISP-08014,OMC-002,Vivo Energy,DPK,2025-01-04,219969,FIN-004
INV-11926,DISP-05485,OMC-017,KAA Aviation,LUB,2025-10-23,54007,FIN-002
INV-53564,DISP-04076,OMC-016,KPA Marine,DPK,2025-10-31,151738,FIN-005
INV-95218,DISP-02271,OMC-020,Ethiopian Oil,JETA1,2025-07-29,77631,FIN-003
INV-74548,DISP-08049,OMC-006,Hashi Energy,AGO,2026-06-09,57776,FIN-001
INV-91967,DISP-00388,OMC-012,Galana Energies,LUB,2026-04-14,152835,FIN-004
INV-65314,DISP-01341,OMC-001,TotalEnergies Kenya,AGO,2025-09-17,117905,FIN-003
INV-65986,DISP-00681,OMC-016,KPA Marine,AGO,2026-03-22,48224,FIN-001
INV-98492,DISP-05425,OMC-006,Hashi Energy,LUB,2025-03-06,182738,FIN-002
INV-64549,DISP-06768,OMC-020,Ethiopian Oil,LPG,2025-03-17,118908,FIN-004
INV-69687,DISP-06255,OMC-015,Mombasa Petroleum,AGO,2026-06-08,175233,FIN-003
INV-60009,DISP-03866,OMC-011,Hass Petroleum,JETA1,2025-04-28,213273,FIN-002
INV-72985,DISP-00686,OMC-016,KPA Marine,HFO,,32599,FIN-001
INV-27993,DISP-00660,OMC-019,Tanzania Petroleum,HFO,2025-02-06,97988,FIN-004
INV-70955,DISP-05297,OMC-011,Hass Petroleum,LUB,2025-03-27,38752,FIN-002
INV-50417,DISP-08576,OMC-019,Tanzania Petroleum,LUB,2025-10-10,58049,FIN-004
INV-72586,DISP-08285,OMC-006,Hashi Energy,LUB,2025-07-25,180759,FIN-003
INV-37823,DISP-06472,OMC-006,Hashi Energy,LPG,2025-02-15,145456,FIN-005
INV-11127,DISP-03920,OMC-016,KPA Marine,DPK,2025-09-03,31338,FIN-003
INV-66466,DISP-07317,OMC-001,TotalEnergies Kenya,PMS,2025-02-26,110314,FIN-002
INV-96600,DISP-03376,OMC-004,Gulf Energy,JETA1,2026-03-31,135980,FIN-005
INV-68786,DISP-09324,OMC-015,Mombasa Petroleum,PMS,01/07/2025,22498,FIN-001
INV-99774,DISP-01897,OMC-016,KPA Marine,LUB,2025-04-09,288115,FIN-003
INV-67099,DISP-06142,OMC-010,Tamoil,LPG,2025-01-23," KES 43,737 ",FIN-002
INV-30177,DISP-07798,OMC-001,TotalEnergies Kenya,PMS,2025-05-09,188652,FIN-004
INV-73801,DISP-02452,OMC-019,Tanzania Petroleum,PMS,2025-12-05,30495,FIN-004
INV-84866,DISP-05233,OMC-018,Uganda National Oil,LUB,2025-04-06,33644,FIN-005
INV-19226,DISP-01916,OMC-019,Tanzania Petroleum,HFO,2026-03-01,205819,FIN-001
INV-99084,DISP-03613,OMC-004,Gulf Energy,AGO,2026-04-24,281790,FIN-004
INV-74235,DISP-04832,OMC-012,Galana Energies,LUB,2026-02-09,167027,FIN-004
INV-46655,DISP-09415,OMC-011,Hass Petroleum,HFO,2025-03-24,151291,FIN-002
INV-82599,DISP-08781,OMC-018,Uganda National Oil,PMS,2026-02-10,187149,FIN-003
INV-48925,DISP-01727,OMC-006,Hashi Energy,LUB,15/08/2025,57467,FIN-001
INV-13139,DISP-03146,OMC-017,KAA Aviation,LUB,2025-02-12,165742,FIN-002
INV-50353,DISP-02656,OMC-004,Gulf Energy,JETA1,2026-04-10,140116,FIN-002
INV-75969,DISP-06204,OMC-008,National Oil,HFO,2026-03-27,51887,FIN-003
INV-33946,DISP-04651,OMC-016,KPA Marine,PMS,2025-07-21,110346,FIN-005
INV-26848,DISP-03720,OMC-014,Texol Energies,JETA1,2025-08-03,49384,FIN-004
INV-14086,DISP-02086,OMC-017,KAA Aviation,PMS,,235341,FIN-001
INV-65694,DISP-00740,OMC-019,Tanzania Petroleum,LUB,2025-09-04,55659,FIN-002
INV-78277,DISP-08190,OMC-017,KAA Aviation,LUB,2025-10-16,194585,FIN-002
INV-18701,DISP-00453,OMC-010,Tamoil,JETA1,2026-01-10,117683,FIN-003
INV-27158,DISP-05796,OMC-011,Hass Petroleum,AGO,2026-06-12,138729,FIN-005
INV-60147,DISP-05479,OMC-013,Lake Oil,AGO,2025-09-24,242873,FIN-005
INV-89491,DISP-08514,OMC-009,Dalbit Petroleum,HFO,2025-07-25,237935,FIN-004
INV-77370,DISP-07550,OMC-004,Gulf Energy,LUB,2026-02-20," KES 285,343 ",FIN-002
INV-91766,DISP-01242,OMC-002,Vivo Energy,DPK,2026-01-08,170611,FIN-002
INV-54245,DISP-08301,OMC-010,Tamoil,AGO,2025-08-12,241855,FIN-001
INV-80813,DISP-01391,OMC-018,Uganda National Oil,JETA1,2025-06-10,157182,FIN-002
INV-22084,DISP-06862,OMC-012,Galana Energies,DPK,2026-03-06,50117,FIN-002
INV-84705,DISP-01485,OMC-020,Ethiopian Oil,PMS,2025-09-12," KES 61,299 ",FIN-004
INV-16930,DISP-00991,OMC-010,Tamoil,PMS,2025-12-06,23408,FIN-001
INV-66930,DISP-00618,OMC-013,Lake Oil,JETA1,2025-06-11,41563,FIN-002
INV-72340,DISP-00871,OMC-016,KPA Marine,LUB,2025-07-13,118795,FIN-003
INV-41579,DISP-05870,OMC-010,Tamoil,AGO,2026-05-16,28886,FIN-003
INV-57550,DISP-09287,OMC-005,PetroOil Kenya,LUB,2026-05-01,88282,FIN-003
INV-95623,DISP-05896,OMC-015,Mombasa Petroleum,LPG,2025-11-25,221127,FIN-001
INV-35189,DISP-06152,OMC-009,Dalbit Petroleum,PMS,10/04/2025,107597,FIN-004
INV-71623,DISP-01634,OMC-006,Hashi Energy,JETA1,2025-05-26,278476,FIN-003
INV-47913,DISP-02542,OMC-009,Dalbit Petroleum,AGO,2025-02-11,23092,FIN-004
INV-54835,DISP-08846,OMC-005,PetroOil Kenya,PMS,2026-03-24,220826,FIN-003
INV-18777,DISP-01800,OMC-013,Lake Oil,LUB,21/01/2025,31451,FIN-003
INV-69286,DISP-05360,OMC-004,Gulf Energy,DPK,2026-04-19,42090,FIN-004
INV-94709,DISP-09862,OMC-011,Hass Petroleum,LUB,2026-01-03,36540,FIN-002
INV-87667,DISP-04715,OMC-013,Lake Oil,PMS,2026-05-16,191845,FIN-002
INV-12015,DISP-03959,OMC-007,Kobil,PMS,2026-02-16,48347,FIN-002
INV-40372,DISP-01530,OMC-009,Dalbit Petroleum,DPK,2026-03-03,202642,FIN-003
INV-23059,DISP-05287,OMC-018,Uganda National Oil,AGO,2026-05-13,132447,FIN-005
INV-55927,DISP-04338,OMC-008,National Oil,PMS,2026-05-24,181423,FIN-003
INV-79318,DISP-03115,OMC-012,Galana Energies,PMS,2026-04-30,265733,FIN-002
INV-59004,DISP-01118,OMC-002,Vivo Energy,LPG,07/05/2025,245198,FIN-005
INV-15140,DISP-04849,OMC-019,Tanzania Petroleum,LUB,2026-04-27,27503,FIN-004
INV-87442,DISP-01559,OMC-016,KPA Marine,DPK,2025-06-01,229734,FIN-005
INV-65957,DISP-00455,OMC-017,KAA Aviation,LPG,2025-03-14,52945,FIN-001
INV-68575,DISP-09242,OMC-018,Uganda National Oil,HFO,2025-03-02,45745,FIN-001
INV-10358,DISP-08733,OMC-005,PetroOil Kenya,LPG,2026-03-22," KES 181,117 ",FIN-003
INV-79242,DISP-02071,OMC-019,Tanzania Petroleum,PMS,2025-12-06,210713,FIN-004
INV-61405,DISP-01431,OMC-003,Rubis Energy,LUB,2025-02-12,25726,FIN-003
INV-25568,DISP-08991,OMC-014,Texol Energies,DPK,2025-03-23," KES 47,067 ",FIN-001
INV-47869,DISP-06732,OMC-009,Dalbit Petroleum,PMS,2026-06-30,132819,FIN-001
INV-13836,DISP-09373,OMC-001,TotalEnergies Kenya,LPG,2026-07-02,102015,FIN-004
INV-12305,DISP-07614,OMC-004,Gulf Energy,LUB,2026-02-08,52382,FIN-005
INV-88262,DISP-02161,OMC-009,Dalbit Petroleum,LPG,2025-03-21,257310,FIN-004
INV-94949,DISP-04720,OMC-014,Texol Energies,LUB,2026-06-11,122170,FIN-001
INV-12238,DISP-03721,OMC-010,Tamoil,JETA1,2025-03-17,131565,FIN-002
INV-46988,DISP-06018,OMC-008,National Oil,JETA1,2026-01-05,61735,FIN-005
INV-79848,DISP-02642,OMC-015,Mombasa Petroleum,LUB,2026-02-20,174732,FIN-004
INV-27843,DISP-00253,OMC-001,TotalEnergies Kenya,LPG,2026-06-21,30661,FIN-003
INV-65888,DISP-00184,OMC-013,Lake Oil,LPG,2026-06-05,214516,FIN-004
INV-29499,DISP-03851,OMC-017,KAA Aviation,LPG,2025-10-19,144077,FIN-003
INV-83924,DISP-06952,OMC-013,Lake Oil,DPK,2026-01-13,37268,FIN-001
INV-23032,DISP-00245,OMC-015,Mombasa Petroleum,LPG,2025-04-02,25586,FIN-005
INV-10114,DISP-05349,OMC-002,Vivo Energy,LPG,2026-06-10,188865,FIN-005
INV-41669,DISP-06344,OMC-005,PetroOil Kenya,HFO,2026-03-09,295477,FIN-003
INV-40135,DISP-02129,OMC-001,TotalEnergies Kenya,DPK,2025-12-12,127203,FIN-003
INV-26253,DISP-07899,OMC-013,Lake Oil,LUB,2025-11-03," KES 235,008 ",FIN-005
INV-93774,DISP-04445,OMC-020,Ethiopian Oil,PMS,2025-03-15,51988,FIN-003
INV-31354,DISP-02200,OMC-015,Mombasa Petroleum,LPG,2025-10-06,162252,FIN-004
INV-78802,DISP-02981,OMC-013,Lake Oil,LUB,2026-01-26,94758,FIN-001
INV-23166,DISP-00421,OMC-019,Tanzania Petroleum,AGO,,113150,FIN-002
INV-94050,DISP-04291,OMC-001,TotalEnergies Kenya,AGO,2025-03-29,25776,FIN-003
INV-70534,DISP-08294,OMC-011,Hass Petroleum,HFO,2025-02-21,169336,FIN-004
INV-56805,DISP-00961,OMC-019,Tanzania Petroleum,HFO,,157912,FIN-004
INV-68491,DISP-00668,OMC-001,TotalEnergies Kenya,HFO,2025-01-10," KES 106,554 ",FIN-004
INV-85971,DISP-04761,OMC-020,Ethiopian Oil,LPG,2025-09-02,21348,FIN-002
INV-41209,DISP-05066,OMC-014,Texol Energies,DPK,2025-02-06,34704,FIN-003
INV-31564,DISP-09446,OMC-014,Texol Energies,PMS,2026-04-14,25646,FIN-004
INV-32677,DISP-05104,OMC-018,Uganda National Oil,AGO,2025-05-14,250982,FIN-003
INV-81717,DISP-03322,OMC-009,Dalbit Petroleum,LUB,2026-01-25,56441,FIN-004
INV-13946,DISP-01636,OMC-012,Galana Energies,JETA1,2026-02-08,49328,FIN-005
INV-27021,DISP-07598,OMC-009,Dalbit Petroleum,AGO,2025-04-13,156364,FIN-005
INV-55091,DISP-09021,OMC-013,Lake Oil,DPK,2026-04-13,49857,FIN-005
INV-22301,DISP-04224,OMC-018,Uganda National Oil,AGO,2025-05-31,146537,FIN-002
INV-95582,DISP-03109,OMC-010,Tamoil,JETA1,2025-09-24,46748,FIN-003
INV-98541,DISP-06888,OMC-005,PetroOil Kenya,AGO,01/04/2026,51460,FIN-002
INV-78221,DISP-02102,OMC-013,Lake Oil,LUB,2025-06-29,138792,FIN-001
INV-26492,DISP-08918,OMC-017,KAA Aviation,PMS,2025-08-18,241837,FIN-003
INV-51104,DISP-07559,OMC-004,Gulf Energy,AGO,2026-05-06,38814,FIN-001
INV-64296,DISP-06528,OMC-019,Tanzania Petroleum,LUB,2025-12-19,146692,FIN-002
INV-19865,DISP-01115,OMC-019,Tanzania Petroleum,LPG,2025-04-12,164278,FIN-005
INV-43288,DISP-09981,OMC-019,Tanzania Petroleum,LPG,14/05/2026,220854,FIN-003
INV-46864,DISP-00056,OMC-010,Tamoil,AGO,24/08/2025,198166,FIN-003
INV-81048,DISP-04508,OMC-007,Kobil,DPK,2025-01-24,52863,FIN-003
INV-17485,DISP-08129,OMC-019,Tanzania Petroleum,AGO,2026-05-05,63907,FIN-004
INV-22595,DISP-00528,OMC-014,Texol Energies,HFO,2025-03-11,217141,FIN-002
INV-69965,DISP-08247,OMC-001,TotalEnergies Kenya,LUB,2026-01-14,25142,FIN-003
INV-22194,DISP-04890,OMC-011,Hass Petroleum,LUB,2025-12-02,135243,FIN-004
INV-91174,DISP-01655,OMC-007,Kobil,LUB,2025-01-06,58824,FIN-005
INV-68367,DISP-07778,OMC-006,Hashi Energy,AGO,2025-04-06,48071,FIN-005
INV-45065,DISP-01067,OMC-008,National Oil,LUB,2025-11-16,39961,FIN-003
INV-71478,DISP-02440,OMC-009,Dalbit Petroleum,DPK,2026-03-18,292833,FIN-001
INV-79135,DISP-00206,OMC-016,KPA Marine,DPK,2025-11-27,82252,FIN-002
INV-68974,DISP-05426,OMC-016,KPA Marine,LPG,2025-09-03,80966,FIN-002
INV-55098,DISP-08523,OMC-011,Hass Petroleum,PMS,2025-01-20,170573,FIN-001
INV-61758,DISP-08099,OMC-009,Dalbit Petroleum,JETA1,2026-01-14,199848,FIN-005
INV-20444,DISP-01583,OMC-016,KPA Marine,LPG,2025-03-28,206958,FIN-002
INV-98234,DISP-07098,OMC-007,Kobil,LPG,2026-04-11,40685,FIN-005
INV-43216,DISP-06416,OMC-006,Hashi Energy,HFO,2025-10-31,69602,FIN-001
INV-85700,DISP-05038,OMC-018,Uganda National Oil,AGO,2026-02-23,73084,FIN-003
INV-15476,DISP-04584,OMC-008,National Oil,HFO,2025-06-24,211717,FIN-001
INV-43525,DISP-04626,OMC-017,KAA Aviation,HFO,2025-11-25,26814,FIN-002
INV-91790,DISP-06567,OMC-002,Vivo Energy,PMS,2026-05-13,64617,FIN-004
INV-79140,DISP-03106,OMC-005,PetroOil Kenya,DPK,2026-03-29,28409,FIN-001
INV-94638,DISP-00643,OMC-014,Texol Energies,HFO,2025-07-26,131045,FIN-003
INV-39763,DISP-00518,OMC-015,Mombasa Petroleum,PMS,2025-04-10,37267,FIN-001
INV-96531,DISP-01464,OMC-011,Hass Petroleum,LUB,2025-01-25,50768,FIN-003
INV-17669,DISP-01062,OMC-006,Hashi Energy,LUB,2025-07-18,163475,FIN-002
INV-78572,DISP-08903,OMC-003,Rubis Energy,HFO,2025-08-24,27838,FIN-003
INV-33063,DISP-03047,OMC-008,National Oil,AGO,2026-01-14,266042,FIN-002
INV-37115,DISP-08659,OMC-015,Mombasa Petroleum,PMS,2025-09-06,131604,FIN-002
INV-79535,DISP-01290,OMC-001,TotalEnergies Kenya,LPG,2025-06-24,79507,FIN-003
INV-34867,DISP-03546,OMC-018,Uganda National Oil,HFO,2026-02-01,64018,FIN-002
INV-23329,DISP-06264,OMC-001,TotalEnergies Kenya,JETA1,2026-03-24,181088,FIN-001
INV-19944,DISP-01110,OMC-011,Hass Petroleum,JETA1,2025-09-30,257792,FIN-005
INV-24279,DISP-05433,OMC-011,Hass Petroleum,LUB,2025-04-27,31044,FIN-004
INV-19297,DISP-04620,OMC-016,KPA Marine,JETA1,2025-06-22,35264,FIN-004
INV-64890,DISP-06541,OMC-010,Tamoil,AGO,2026-06-14,160932,FIN-001
INV-97346,DISP-00549,OMC-001,TotalEnergies Kenya,PMS,2025-01-16,47607,FIN-002
INV-50224,DISP-05854,OMC-013,Lake Oil,JETA1,2025-02-09,52893,FIN-004
INV-63403,DISP-00190,OMC-003,Rubis Energy,JETA1,2026-04-27,38836,FIN-001
INV-75389,DISP-05632,OMC-019,Tanzania Petroleum,HFO,2025-07-09,123615,FIN-005
INV-71279,DISP-08239,OMC-010,Tamoil,LUB,2026-06-28,167088,FIN-001
INV-66253,DISP-03756,OMC-010,Tamoil,JETA1,2026-02-20,35430,FIN-001
INV-59415,DISP-07159,OMC-007,Kobil,LPG,2025-12-28,140087,FIN-001
INV-61524,DISP-07605,OMC-017,KAA Aviation,LUB,08/01/2026,233921,FIN-002
INV-39656,DISP-07075,OMC-008,National Oil,JETA1,2026-03-23,35358,FIN-003
INV-17156,DISP-09979,OMC-010,Tamoil,LPG,2025-08-28,27931,FIN-002
INV-75568,DISP-09749,OMC-001,TotalEnergies Kenya,AGO,2026-02-13,26475,FIN-003
INV-81543,DISP-01936,OMC-013,Lake Oil,LUB,2025-12-26,134317,FIN-001
INV-55364,DISP-04930,OMC-008,National Oil,AGO,2025-02-24,143782,FIN-003
INV-23999,DISP-04654,OMC-019,Tanzania Petroleum,AGO,2026-01-31,58854,FIN-005
INV-64832,DISP-00867,OMC-017,KAA Aviation,DPK,2025-09-26,27705,FIN-004
INV-98495,DISP-00654,OMC-020,Ethiopian Oil,HFO,2025-11-25,128172,FIN-003
INV-37561,DISP-00180,OMC-020,Ethiopian Oil,HFO,2025-06-21,253698,FIN-002
INV-67731,DISP-05582,OMC-017,KAA Aviation,JETA1,2025-02-26,25384,FIN-001
INV-36441,DISP-05912,OMC-013,Lake Oil,JETA1,2025-11-01,37658,FIN-005
INV-55060,DISP-04702,OMC-001,TotalEnergies Kenya,LPG,2025-10-31,36392,FIN-001
INV-74707,DISP-09730,OMC-003,Rubis Energy,JETA1,2026-06-19,174607,FIN-005
INV-85569,DISP-01333,OMC-019,Tanzania Petroleum,AGO,2025-02-01," KES 101,705 ",FIN-004
INV-93557,DISP-06513,OMC-007,Kobil,HFO,,248858,FIN-001
INV-73765,DISP-09316,OMC-012,Galana Energies,LPG,2026-02-21,261730,FIN-002
INV-46845,DISP-04572,OMC-003,Rubis Energy,PMS,2026-02-27,217285,FIN-002
INV-75577,DISP-00859,OMC-010,Tamoil,HFO,2025-09-11,135287,FIN-002
INV-19332,DISP-03948,OMC-011,Hass Petroleum,JETA1,2026-01-28,31342,FIN-005
INV-27916,DISP-00435,OMC-016,KPA Marine,JETA1,2025-10-16,282833,FIN-005
INV-58808,DISP-09650,OMC-017,KAA Aviation,HFO,2025-05-24,159710,FIN-002
INV-45893,DISP-02620,OMC-006,Hashi Energy,JETA1,2025-05-06,156910,FIN-003
INV-26442,DISP-01600,OMC-011,Hass Petroleum,LUB,2025-10-19,130132,FIN-003
INV-12823,DISP-01059,OMC-001,TotalEnergies Kenya,DPK,,131150,FIN-004
INV-67978,DISP-05671,OMC-018,Uganda National Oil,HFO,2025-12-31,151006,FIN-003
INV-25371,DISP-01874,OMC-006,Hashi Energy,DPK,2025-01-11,37303,FIN-001
INV-28903,DISP-02536,OMC-019,Tanzania Petroleum,JETA1,2025-04-13,127991,FIN-003
INV-14797,DISP-09099,OMC-005,PetroOil Kenya,LPG,2026-04-17,47771,FIN-004
INV-13463,DISP-02756,OMC-010,Tamoil,LPG,2025-12-18,45728,FIN-005
INV-56671,DISP-00259,OMC-004,Gulf Energy,LPG,2026-04-29,287427,FIN-002
INV-38319,DISP-09495,OMC-006,Hashi Energy,HFO,2025-11-14,98889,FIN-004
INV-20458,DISP-08584,OMC-017,KAA Aviation,JETA1,2025-07-29,48446,FIN-001
INV-28327,DISP-00166,OMC-016,KPA Marine,JETA1,2026-06-27,126955,FIN-004
INV-72450,DISP-02733,OMC-012,Galana Energies,DPK,2026-03-25,255794,FIN-002
INV-53371,DISP-08649,OMC-020,Ethiopian Oil,AGO,2025-10-25,169802,FIN-001
INV-58082,DISP-05152,OMC-006,Hashi Energy,AGO,2025-10-17,189066,FIN-002
INV-36344,DISP-08138,OMC-005,PetroOil Kenya,LUB,2026-02-04,256943,FIN-005
INV-31616,DISP-03169,OMC-005,PetroOil Kenya,HFO,2026-02-14,93821,FIN-002
INV-55997,DISP-09010,OMC-018,Uganda National Oil,DPK,2026-01-23,113073,FIN-001
INV-74782,DISP-02931,OMC-013,Lake Oil,PMS,2025-02-15,35692,FIN-002
INV-39026,DISP-05578,OMC-012,Galana Energies,AGO,2026-02-22,59202,FIN-001
INV-28160,DISP-02973,OMC-020,Ethiopian Oil,HFO,2026-04-03," KES 188,790 ",FIN-002
INV-21770,DISP-07327,OMC-012,Galana Energies,AGO,2026-04-24,205173,FIN-001
INV-34951,DISP-07783,OMC-003,Rubis Energy,AGO,2025-07-22,167589,FIN-001
INV-68337,DISP-02352,OMC-005,PetroOil Kenya,JETA1,2026-04-18,93248,FIN-004
INV-35451,DISP-01935,OMC-006,Hashi Energy,LPG,30/08/2025,35346,FIN-002
INV-17698,DISP-09100,OMC-008,National Oil,LUB,2025-12-27," KES 55,754 ",FIN-005
INV-41199,DISP-06278,OMC-018,Uganda National Oil,LPG,2025-11-15,140023,FIN-004
INV-36372,DISP-06263,OMC-005,PetroOil Kenya,LPG,2026-04-28,236339,FIN-003
INV-17374,DISP-00137,OMC-002,Vivo Energy,AGO,2025-09-10,27285,FIN-004
INV-43735,DISP-04399,OMC-009,Dalbit Petroleum,JETA1,2025-02-22," KES 42,168 ",FIN-001
INV-94283,DISP-02683,OMC-003,Rubis Energy,JETA1,2025-05-08,120570,FIN-004
INV-45305,DISP-01712,OMC-002,Vivo Energy,LPG,2025-11-21,172558,FIN-001
INV-54596,DISP-09521,OMC-009,Dalbit Petroleum,JETA1,2026-04-19," KES 123,523 ",FIN-005
INV-15587,DISP-06637,OMC-013,Lake Oil,LPG,2026-03-07,141331,FIN-002
INV-72597,DISP-06675,OMC-001,TotalEnergies Kenya,JETA1,2026-04-19,42951,FIN-004
INV-42050,DISP-00305,OMC-005,PetroOil Kenya,DPK,2026-03-18,139517,FIN-002
INV-57483,DISP-09790,OMC-020,Ethiopian Oil,HFO,2026-06-13,102093,FIN-003
INV-34463,DISP-03333,OMC-011,Hass Petroleum,AGO,2026-06-07,24583,FIN-004
INV-76702,DISP-00735,OMC-009,Dalbit Petroleum,HFO,2025-05-30,60759,FIN-002
INV-83589,DISP-00844,OMC-011,Hass Petroleum,LPG,2025-05-21,98483,FIN-001
INV-90333,DISP-09630,OMC-012,Galana Energies,PMS,2026-04-30,176058,FIN-002
INV-34397,DISP-07252,OMC-019,Tanzania Petroleum,JETA1,2025-04-25,209419,FIN-004
INV-64868,DISP-08240,OMC-005,PetroOil Kenya,LUB,2026-04-11,34008,FIN-004
INV-15014,DISP-08606,OMC-011,Hass Petroleum,DPK,2026-02-11,138278,FIN-001
INV-69885,DISP-03810,OMC-006,Hashi Energy,AGO,2025-04-09,253652,FIN-002
INV-83827,DISP-05610,OMC-015,Mombasa Petroleum,HFO,2026-01-12,109631,FIN-005
INV-49308,DISP-02837,OMC-013,Lake Oil,LPG,2026-04-18,105789,FIN-004
INV-40408,DISP-02082,OMC-011,Hass Petroleum,HFO,2025-07-15,174925,FIN-003
INV-20600,DISP-01877,OMC-001,TotalEnergies Kenya,HFO,2026-03-18,30857,FIN-002
INV-14794,DISP-03964,OMC-015,Mombasa Petroleum,DPK,19/05/2026,245029,FIN-002
INV-35376,DISP-09431,OMC-016,KPA Marine,PMS,2026-06-04,210256,FIN-001
INV-65435,DISP-00616,OMC-007,Kobil,PMS,2025-05-01,149105,FIN-002
INV-26998,DISP-04098,OMC-002,Vivo Energy,AGO,,121241,FIN-003
INV-74033,DISP-04760,OMC-006,Hashi Energy,LUB,2025-04-25,174671,FIN-001
INV-36264,DISP-01664,OMC-015,Mombasa Petroleum,JETA1,2026-01-01,40804,FIN-004
INV-23955,DISP-04773,OMC-001,TotalEnergies Kenya,PMS,2025-01-21,51769,FIN-004
INV-29463,DISP-06276,OMC-010,Tamoil,JETA1,2026-02-10,62950,FIN-004
INV-88607,DISP-07059,OMC-007,Kobil,JETA1,2025-01-10,96251,FIN-004
INV-12372,DISP-04158,OMC-011,Hass Petroleum,HFO,2026-05-31,181974,FIN-004
INV-70278,DISP-09697,OMC-017,KAA Aviation,JETA1,2026-05-24,189423,FIN-004
INV-58459,DISP-02311,OMC-011,Hass Petroleum,DPK,2025-06-28,57650,FIN-004
INV-55494,DISP-09953,OMC-006,Hashi Energy,JETA1,2025-03-05,106335,FIN-002
INV-12048,DISP-04833,OMC-007,Kobil,AGO,2026-01-12,43531,FIN-001
INV-90214,DISP-02727,OMC-016,KPA Marine,LUB,2025-09-12,186246,FIN-003
INV-90854,DISP-05100,OMC-004,Gulf Energy,PMS,2026-02-12,100119,FIN-004
INV-47377,DISP-04883,OMC-018,Uganda National Oil,DPK,2026-03-02,216083,FIN-002
INV-65387,DISP-04752,OMC-009,Dalbit Petroleum,DPK,2026-06-25,214218,FIN-005
INV-48744,DISP-08037,OMC-014,Texol Energies,LUB,2025-12-29,31950,FIN-003
INV-95130,DISP-09884,OMC-002,Vivo Energy,HFO,2025-07-19,27827,FIN-004
INV-39018,DISP-00177,OMC-003,Rubis Energy,JETA1,2026-01-10,181791,FIN-005
INV-77936,DISP-05932,OMC-007,Kobil,PMS,2025-11-30,41694,FIN-001
INV-89850,DISP-02101,OMC-016,KPA Marine,HFO,2025-04-08,168479,FIN-001
INV-28264,DISP-07816,OMC-013,Lake Oil,LPG,2025-11-15,106460,FIN-001
INV-53888,DISP-00564,OMC-014,Texol Energies,HFO,2025-06-24,197565,FIN-004
INV-46844,DISP-06268,OMC-008,National Oil,LUB,2025-04-17,194901,FIN-002
INV-10928,DISP-06631,OMC-006,Hashi Energy,JETA1,2026-01-26,124313,FIN-005
INV-65610,DISP-05301,OMC-020,Ethiopian Oil,JETA1,2025-03-11,148473,FIN-004
INV-78969,DISP-07885,OMC-017,KAA Aviation,LUB,2026-02-10,110341,FIN-001
INV-10211,DISP-05505,OMC-002,Vivo Energy,LPG,2025-04-22,153467,FIN-004
INV-62866,DISP-07872,OMC-013,Lake Oil,AGO,2025-11-18,35992,FIN-004
INV-64834,DISP-07011,OMC-002,Vivo Energy,LUB,2025-06-15,220172,FIN-001
INV-37254,DISP-08340,OMC-004,Gulf Energy,LPG,2026-04-12,280149,FIN-002
INV-80423,DISP-07164,OMC-008,National Oil,JETA1,2026-06-21,184402,FIN-003
INV-61974,DISP-01960,OMC-011,Hass Petroleum,LPG,2025-03-10,22029,FIN-002
INV-90187,DISP-06457,OMC-018,Uganda National Oil,LUB,2025-09-10,127474,FIN-001
INV-91299,DISP-02456,OMC-004,Gulf Energy,PMS,2026-04-30,240990,FIN-004
INV-61741,DISP-03100,OMC-002,Vivo Energy,DPK,2025-10-14,154242,FIN-004
INV-82743,DISP-04272,OMC-013,Lake Oil,JETA1,2025-07-09,37421,FIN-002
INV-42880,DISP-05082,OMC-010,Tamoil,PMS,2025-05-22," KES 263,519 ",FIN-001
INV-58148,DISP-04412,OMC-010,Tamoil,PMS,2026-02-26,138307,FIN-004
INV-48057,DISP-07695,OMC-008,National Oil,AGO,2025-09-04,217679,FIN-002
INV-22766,DISP-09857,OMC-001,TotalEnergies Kenya,JETA1,2025-01-27,204739,FIN-004
INV-36093,DISP-09240,OMC-002,Vivo Energy,LUB,2026-01-03,60046,FIN-005
INV-58540,DISP-09616,OMC-013,Lake Oil,AGO,2025-11-28," KES 94,700 ",FIN-003
INV-74661,DISP-05913,OMC-011,Hass Petroleum,AGO,2025-11-27,44001,FIN-002
INV-29443,DISP-00451,OMC-007,Kobil,JETA1,2025-06-01,190964,FIN-002
INV-38141,DISP-03026,OMC-011,Hass Petroleum,DPK,2025-12-25,243833,FIN-005
INV-84968,DISP-02953,OMC-013,Lake Oil,LUB,2026-04-13,257853,FIN-001
INV-81351,DISP-05520,OMC-002,Vivo Energy,LPG,2025-03-22,37487,FIN-001
INV-63562,DISP-01445,OMC-006,Hashi Energy,HFO,2025-06-22,44557,FIN-004
INV-55645,DISP-01950,OMC-006,Hashi Energy,LPG,2025-11-19,153956,FIN-004
INV-44644,DISP-09296,OMC-012,Galana Energies,HFO,2026-05-03,41005,FIN-001
INV-23931,DISP-07162,OMC-012,Galana Energies,PMS,2026-02-19,114900,FIN-001
INV-84054,DISP-07834,OMC-013,Lake Oil,DPK,09/05/2026,146116,FIN-004
INV-38916,DISP-09700,OMC-013,Lake Oil,HFO,2025-09-16," KES 47,168 ",FIN-005
INV-58335,DISP-05631,OMC-001,TotalEnergies Kenya,LUB,2026-06-03,113745,FIN-002
INV-86703,DISP-01783,OMC-009,Dalbit Petroleum,JETA1,2025-03-03,99153,FIN-005
INV-11778,DISP-09821,OMC-015,Mombasa Petroleum,JETA1,2025-11-13,38493,FIN-002
INV-82139,DISP-01513,OMC-011,Hass Petroleum,PMS,2026-02-14,214335,FIN-003
INV-96880,DISP-04843,OMC-013,Lake Oil,LPG,2025-11-27,28378,FIN-003
INV-94409,DISP-06627,OMC-013,Lake Oil,PMS,2026-06-08,57953,FIN-001
INV-26312,DISP-06838,OMC-013,Lake Oil,LUB,2025-01-29,184396,FIN-003
INV-23722,DISP-07808,OMC-020,Ethiopian Oil,LPG,2026-05-25,29447,FIN-003
INV-83421,DISP-03159,OMC-001,TotalEnergies Kenya,LPG,2025-11-30,106937,FIN-002
INV-14774,DISP-08405,OMC-006,Hashi Energy,AGO,2026-02-24,77417,FIN-001
INV-66830,DISP-09557,OMC-019,Tanzania Petroleum,JETA1,2025-12-19,29872,FIN-002
INV-13668,DISP-09395,OMC-004,Gulf Energy,LUB,2026-02-12,31087,FIN-001
INV-22502,DISP-06016,OMC-014,Texol Energies,HFO,2025-09-02,244591,FIN-004
INV-94784,DISP-01684,OMC-005,PetroOil Kenya,DPK,2026-02-24,163360,FIN-005
INV-62080,DISP-05352,OMC-003,Rubis Energy,LPG,2026-04-21,142179,FIN-002
INV-45952,DISP-08006,OMC-012,Galana Energies,AGO,2026-02-19,158614,FIN-004
INV-71069,DISP-08361,OMC-018,Uganda National Oil,LUB,2025-04-23,29725,FIN-005
INV-17598,DISP-07169,OMC-001,TotalEnergies Kenya,LPG,18/01/2025,106930,FIN-003
INV-58634,DISP-01140,OMC-001,TotalEnergies Kenya,HFO,2026-06-01,238545,FIN-005
INV-69474,DISP-01206,OMC-004,Gulf Energy,PMS,2026-02-05," KES 40,507 ",FIN-005
INV-21768,DISP-09119,OMC-010,Tamoil,HFO,2025-09-20,277894,FIN-004
INV-19005,DISP-04788,OMC-012,Galana Energies,JETA1,2026-04-22,41497,FIN-004
INV-74346,DISP-08401,OMC-001,TotalEnergies Kenya,AGO,2026-06-02,107572,FIN-002
INV-69581,DISP-03662,OMC-011,Hass Petroleum,LPG,2025-03-25,192609,FIN-001
INV-50600,DISP-07600,OMC-012,Galana Energies,PMS,2026-03-07,253754,FIN-004
INV-48190,DISP-06299,OMC-006,Hashi Energy,DPK,2025-08-12,155449,FIN-005
INV-98533,DISP-00229,OMC-003,Rubis Energy,DPK,2025-08-23,148901,FIN-003
INV-89341,DISP-04202,OMC-007,Kobil,LPG,2025-09-02,53697,FIN-001
INV-64056,DISP-03784,OMC-019,Tanzania Petroleum,LUB,2025-03-26,128185,FIN-003
INV-20835,DISP-03607,OMC-015,Mombasa Petroleum,HFO,2026-04-01,27572,FIN-004
INV-65575,DISP-04260,OMC-005,PetroOil Kenya,PMS,2026-04-01,164842,FIN-003
INV-45917,DISP-00619,OMC-001,TotalEnergies Kenya,AGO,2025-11-16," KES 38,333 ",FIN-004
INV-96660,DISP-03758,OMC-018,Uganda National Oil,PMS,2026-05-13,122087,FIN-003
INV-27665,DISP-02175,OMC-004,Gulf Energy,HFO,2026-02-08,59440,FIN-004
INV-97934,DISP-02495,OMC-016,KPA Marine,LUB,2025-03-18," KES 22,821 ",FIN-003
INV-32289,DISP-00558,OMC-016,KPA Marine,JETA1,2025-03-30,183848,FIN-002
INV-27074,DISP-05405,OMC-015,Mombasa Petroleum,JETA1,2025-07-01,76931,FIN-002
INV-58422,DISP-07989,OMC-019,Tanzania Petroleum,AGO,2025-05-16,151147,FIN-002
INV-18465,DISP-07147,OMC-019,Tanzania Petroleum,JETA1,2025-02-03,54553,FIN-002
INV-27746,DISP-09508,OMC-001,TotalEnergies Kenya,LUB,2026-03-01," KES 90,090 ",FIN-001
INV-63055,DISP-00932,OMC-016,KPA Marine,DPK,2025-08-31,238681,FIN-004
INV-19706,DISP-01261,OMC-009,Dalbit Petroleum,LPG,2025-10-18,21564,FIN-005
INV-83253,DISP-02361,OMC-005,PetroOil Kenya,LPG,2026-04-26,166389,FIN-005
INV-24914,DISP-09308,OMC-017,KAA Aviation,LPG,2025-10-04,54955,FIN-004
INV-90631,DISP-03897,OMC-005,PetroOil Kenya,JETA1,07/03/2026,32450,FIN-005
INV-54098,DISP-06274,OMC-007,Kobil,LUB,2025-06-15,31021,FIN-003
INV-63847,DISP-09537,OMC-014,Texol Energies,LPG,2025-04-24,170260,FIN-001
INV-23474,DISP-06273,OMC-007,Kobil,LPG,2026-06-02,110179,FIN-005
INV-14635,DISP-01294,OMC-010,Tamoil,LPG,2025-07-07,159368,FIN-005
INV-36474,DISP-04461,OMC-003,Rubis Energy,HFO,2025-05-16,91094,FIN-004
INV-56619,DISP-03589,OMC-017,KAA Aviation,AGO,2026-01-10,40978,FIN-003
INV-29820,DISP-02307,OMC-005,PetroOil Kenya,PMS,2026-02-11,54331,FIN-005
INV-49768,DISP-01966,OMC-012,Galana Energies,HFO,2026-02-05,301026,FIN-005
INV-56878,DISP-00156,OMC-008,National Oil,DPK,2026-05-29,63046,FIN-001
INV-66814,DISP-03156,OMC-020,Ethiopian Oil,LUB,2025-09-25,256621,FIN-004
INV-94914,DISP-04619,OMC-005,PetroOil Kenya,LUB,2026-03-16,270535,FIN-005
INV-49628,DISP-02811,OMC-016,KPA Marine,PMS,2025-04-07,37668,FIN-003
INV-30177,DISP-03019,OMC-013,Lake Oil,DPK,2025-07-31,154730,FIN-005
INV-79065,DISP-06442,OMC-009,Dalbit Petroleum,LUB,2026-06-06,304213,FIN-003
INV-27641,DISP-02272,OMC-006,Hashi Energy,LUB,2025-10-28,183512,FIN-002
INV-89759,DISP-07294,OMC-015,Mombasa Petroleum,LUB,2026-02-16," KES 35,050 ",FIN-001
INV-52026,DISP-08582,OMC-017,KAA Aviation,PMS,2026-04-05,190947,FIN-004
INV-63562,DISP-04656,OMC-011,Hass Petroleum,AGO,2025-07-05," KES 119,458 ",FIN-002
INV-22359,DISP-07693,OMC-017,KAA Aviation,AGO,2025-04-09,279622,FIN-001
INV-17178,DISP-00376,OMC-019,Tanzania Petroleum,PMS,2025-06-26,136241,FIN-001
INV-31340,DISP-03261,OMC-006,Hashi Energy,LPG,2025-04-18,149736,FIN-004
INV-62331,DISP-04564,OMC-002,Vivo Energy,DPK,2025-07-20,244830,FIN-004
INV-21312,DISP-02304,OMC-017,KAA Aviation,LUB,2026-03-19,207034,FIN-003
INV-75818,DISP-02342,OMC-011,Hass Petroleum,PMS,2026-05-22," KES 61,506 ",FIN-001
INV-93301,DISP-01889,OMC-003,Rubis Energy,DPK,2026-06-24,212030,FIN-003
INV-34544,DISP-02465,OMC-019,Tanzania Petroleum,DPK,12/07/2025,30328,FIN-005
INV-47023,DISP-06956,OMC-018,Uganda National Oil,LUB,13/06/2025,44533,FIN-002
INV-73083,DISP-06778,OMC-002,Vivo Energy,JETA1,2025-06-25,139480,FIN-003
INV-59049,DISP-06410,OMC-009,Dalbit Petroleum,LPG,2025-06-25,167014,FIN-003
INV-74812,DISP-00644,OMC-007,Kobil,LUB,30/11/2025,181105,FIN-003
INV-22779,DISP-06376,OMC-013,Lake Oil,PMS,2026-02-04,64028,FIN-004
INV-59539,DISP-01492,OMC-001,TotalEnergies Kenya,AGO,2025-02-25,42854,FIN-001
INV-56177,DISP-05573,OMC-020,Ethiopian Oil,LPG,2026-04-23,49557,FIN-003
INV-46475,DISP-02104,OMC-016,KPA Marine,AGO,07/03/2025,22055,FIN-004
INV-38113,DISP-05750,OMC-003,Rubis Energy,LUB,2025-01-08,59069,FIN-001
INV-81980,DISP-08810,OMC-015,Mombasa Petroleum,HFO,2026-02-02,37907,FIN-002
INV-17549,DISP-05988,OMC-017,KAA Aviation,PMS,2025-12-13,140346,FIN-005
INV-77176,DISP-03225,OMC-008,National Oil,LUB,2026-06-07,199635,FIN-003
INV-66868,DISP-00822,OMC-001,TotalEnergies Kenya,LUB,2025-05-28,55004,FIN-002
INV-86684,DISP-09740,OMC-012,Galana Energies,AGO,2026-04-29,95699,FIN-002
INV-31313,DISP-02661,OMC-013,Lake Oil,DPK,2025-05-23,57029,FIN-005
INV-86387,DISP-06114,OMC-012,Galana Energies,LPG,2026-02-07,26985,FIN-003
INV-46018,DISP-05478,OMC-005,PetroOil Kenya,JETA1,2026-04-16,44447,FIN-002
INV-99976,DISP-00982,OMC-020,Ethiopian Oil,LPG,2026-01-18,149536,FIN-003
INV-88794,DISP-04723,OMC-011,Hass Petroleum,HFO,2025-07-16,118597,FIN-005
INV-65642,DISP-06387,OMC-019,Tanzania Petroleum,HFO,2025-08-31,26416,FIN-002
INV-50741,DISP-07286,OMC-014,Texol Energies,HFO,2026-05-20,46203,FIN-003
INV-37784,DISP-02294,OMC-011,Hass Petroleum,LPG,2026-06-08,107349,FIN-001
INV-87390,DISP-00309,OMC-014,Texol Energies,PMS,2025-11-21,22629,FIN-004
INV-49217,DISP-02055,OMC-007,Kobil,PMS,2025-04-12,186324,FIN-003
INV-19473,DISP-01504,OMC-006,Hashi Energy,LUB,2025-05-08,26783,FIN-001
INV-82547,DISP-01444,OMC-001,TotalEnergies Kenya,LUB,2025-04-24,134416,FIN-004
INV-29154,DISP-05607,OMC-005,PetroOil Kenya,HFO,2026-03-07,34941,FIN-003
INV-56177,DISP-05321,OMC-010,Tamoil,LUB,2025-10-17," KES 30,811 ",FIN-002
INV-19169,DISP-04968,OMC-017,KAA Aviation,HFO,2025-02-07,55210,FIN-003
INV-37593,DISP-03903,OMC-007,Kobil,LPG,2025-06-04,206335,FIN-002
INV-40085,DISP-00774,OMC-013,Lake Oil,LPG,," KES 152,351 ",FIN-004
INV-25928,DISP-04111,OMC-004,Gulf Energy,JETA1,2026-05-05,52391,FIN-004
INV-67693,DISP-00449,OMC-016,KPA Marine,JETA1,2025-01-24,166575,FIN-003
INV-37953,DISP-09833,OMC-003,Rubis Energy,HFO,2026-03-19,43744,FIN-001
INV-61531,DISP-05543,OMC-011,Hass Petroleum,HFO,2026-03-02,36159,FIN-005
INV-65722,DISP-04487,OMC-011,Hass Petroleum,AGO,2026-03-01,126916,FIN-005
INV-38043,DISP-09706,OMC-001,TotalEnergies Kenya,JETA1,2025-12-10,55493,FIN-002
INV-27451,DISP-09584,OMC-020,Ethiopian Oil,JETA1,2025-02-09,47156,FIN-001
INV-70509,DISP-06196,OMC-020,Ethiopian Oil,JETA1,2025-04-25,140768,FIN-002
INV-22365,DISP-02016,OMC-011,Hass Petroleum,JETA1,2025-08-22," KES 42,417 ",FIN-004
INV-25086,DISP-09289,OMC-015,Mombasa Petroleum,DPK,2025-10-18,73508,FIN-005
INV-52747,DISP-00160,OMC-014,Texol Energies,LPG,2025-02-08,92021,FIN-005
INV-56236,DISP-00561,OMC-014,Texol Energies,LUB,2025-02-13,273015,FIN-001
INV-62354,DISP-02739,OMC-016,KPA Marine,JETA1,2025-07-04,111193,FIN-002
INV-42547,DISP-04203,OMC-009,Dalbit Petroleum,DPK,,249034,FIN-005
INV-40987,DISP-07793,OMC-018,Uganda National Oil,HFO,2025-12-29,119290,FIN-002
INV-99796,DISP-08593,OMC-011,Hass Petroleum,PMS,2026-02-07,126186,FIN-003
INV-46603,DISP-07111,OMC-008,National Oil,LPG,2025-11-01,184043,FIN-003
INV-44646,DISP-04450,OMC-020,Ethiopian Oil,DPK,2025-02-02,246891,FIN-002
INV-65335,DISP-01224,OMC-015,Mombasa Petroleum,HFO,2026-04-21,27804,FIN-002
INV-25158,DISP-07850,OMC-001,TotalEnergies Kenya,AGO,2025-09-27,125329,FIN-001
INV-32619,DISP-04594,OMC-017,KAA Aviation,JETA1,2025-04-22,53327,FIN-004
INV-42821,DISP-03066,OMC-019,Tanzania Petroleum,DPK,2025-08-18,258902,FIN-004
INV-12608,DISP-00688,OMC-003,Rubis Energy,AGO,07/10/2025,40922,FIN-004
INV-95767,DISP-04392,OMC-015,Mombasa Petroleum,HFO,2026-02-12," KES 211,993 ",FIN-002
INV-35067,DISP-02681,OMC-003,Rubis Energy,HFO,2026-04-13,166038,FIN-001
INV-32721,DISP-01147,OMC-018,Uganda National Oil,LPG,2025-05-11,141847,FIN-005
INV-77638,DISP-02312,OMC-007,Kobil,DPK,2026-01-06,188080,FIN-001
INV-26075,DISP-05364,OMC-001,TotalEnergies Kenya,LPG,2025-01-06,167827,FIN-003
INV-94965,DISP-05759,OMC-020,Ethiopian Oil,JETA1,2026-04-10,124196,FIN-005
INV-27392,DISP-09614,OMC-014,Texol Energies,DPK,2025-09-10,251742,FIN-004
INV-70295,DISP-00566,OMC-006,Hashi Energy,HFO,2026-01-23,41931,FIN-005
INV-75208,DISP-02120,OMC-017,KAA Aviation,PMS,2026-03-22," KES 164,963 ",FIN-003
INV-51141,DISP-03141,OMC-011,Hass Petroleum,HFO,2025-11-11,199148,FIN-004
INV-87750,DISP-05000,OMC-002,Vivo Energy,LPG,2025-07-01,46766,FIN-001
INV-74201,DISP-01656,OMC-018,Uganda National Oil,HFO,2025-07-31,94397,FIN-004
INV-57091,DISP-08498,OMC-012,Galana Energies,PMS,2026-02-27,36102,FIN-002
INV-37751,DISP-08415,OMC-006,Hashi Energy,HFO,2026-05-06," KES 133,112 ",FIN-002
INV-26859,DISP-04482,OMC-020,Ethiopian Oil,DPK,2025-04-11,170520,FIN-001
INV-83848,DISP-06720,OMC-004,Gulf Energy,AGO,2026-04-12,186765,FIN-005
INV-58339,DISP-01160,OMC-010,Tamoil,HFO,2025-03-04,100437,FIN-001
INV-10427,DISP-07035,OMC-012,Galana Energies,LPG,2026-02-20,65984,FIN-005
INV-21909,DISP-04216,OMC-009,Dalbit Petroleum,HFO,2026-07-03,44192,FIN-003
INV-99506,DISP-06153,OMC-006,Hashi Energy,AGO,2025-01-16,50092,FIN-002
INV-68465,DISP-09760,OMC-020,Ethiopian Oil,PMS,2025-06-11,35876,FIN-001
INV-36476,DISP-01491,OMC-010,Tamoil,PMS,2025-01-12,33776,FIN-004
INV-73967,DISP-03370,OMC-001,TotalEnergies Kenya,HFO,2026-04-15,60058,FIN-004
INV-67881,DISP-05993,OMC-018,Uganda National Oil,AGO,2025-07-24,48927,FIN-001
INV-33115,DISP-08828,OMC-014,Texol Energies,JETA1,2025-03-31,54633,FIN-002
INV-78181,DISP-04377,OMC-002,Vivo Energy,PMS,2026-04-14,277227,FIN-003
INV-52343,DISP-02340,OMC-011,Hass Petroleum,AGO,2026-05-30,28800,FIN-002
INV-82305,DISP-09920,OMC-015,Mombasa Petroleum,PMS,2025-02-23,128896,FIN-005
INV-40975,DISP-03487,OMC-019,Tanzania Petroleum,LPG,2025-10-17," KES 185,042 ",FIN-002
INV-86739,DISP-07039,OMC-006,Hashi Energy,AGO,2025-08-18,272759,FIN-004
INV-76534,DISP-06957,OMC-004,Gulf Energy,LUB,2026-04-21,145427,FIN-005
INV-88535,DISP-04989,OMC-001,TotalEnergies Kenya,JETA1,2025-02-22,31363,FIN-004
INV-90148,DISP-07914,OMC-014,Texol Energies,LUB,2025-12-23,104080,FIN-004
INV-96228,DISP-09587,OMC-017,KAA Aviation,HFO,2026-05-31,184544,FIN-001
INV-80820,DISP-08822,OMC-002,Vivo Energy,JETA1,02/05/2026,62120,FIN-003
INV-22864,DISP-01448,OMC-013,Lake Oil,JETA1,2025-01-12,34575,FIN-002
INV-63580,DISP-06197,OMC-007,Kobil,DPK,2025-02-15,208028,FIN-001
INV-42003,DISP-06885,OMC-006,Hashi Energy,DPK,2025-05-27,196246,FIN-003
INV-78627,DISP-07794,OMC-010,Tamoil,PMS,,32904,FIN-004
INV-78494,DISP-00028,OMC-015,Mombasa Petroleum,HFO,2025-03-25,26608,FIN-005
INV-62864,DISP-07214,OMC-009,Dalbit Petroleum,LUB,2025-04-29,120320,FIN-002
INV-35323,DISP-03726,OMC-004,Gulf Energy,JETA1,2026-04-23,204446,FIN-005
INV-66562,DISP-06865,OMC-005,PetroOil Kenya,LUB,,151233,FIN-005
INV-15661,DISP-04123,OMC-019,Tanzania Petroleum,DPK,2026-06-18,123595,FIN-002
INV-90085,DISP-09742,OMC-009,Dalbit Petroleum,LPG,2026-05-27,50993,FIN-005
INV-86648,DISP-03716,OMC-017,KAA Aviation,JETA1,2025-10-22,31608,FIN-003
INV-68168,DISP-02672,OMC-015,Mombasa Petroleum,PMS,2025-05-05,175864,FIN-004
INV-48354,DISP-08040,OMC-010,Tamoil,AGO,2025-11-28,35258,FIN-002
INV-18338,DISP-01200,OMC-020,Ethiopian Oil,JETA1,2025-02-11,174869,FIN-001
INV-82531,DISP-00308,OMC-005,PetroOil Kenya,PMS,2026-02-08,114842,FIN-001
INV-66160,DISP-08448,OMC-013,Lake Oil,LUB,2026-06-28,169126,FIN-001
INV-94917,DISP-00222,OMC-017,KAA Aviation,DPK,2026-02-16,214340,FIN-003
INV-45483,DISP-01018,OMC-015,Mombasa Petroleum,AGO,2026-06-22,114324,FIN-002
INV-59471,DISP-01766,OMC-006,Hashi Energy,LUB,2026-03-26,122401,FIN-003
INV-10646,DISP-02163,OMC-014,Texol Energies,HFO,2025-09-19,24656,FIN-004
INV-91700,DISP-08679,OMC-017,KAA Aviation,AGO,2025-04-04,34920,FIN-003
INV-23996,DISP-07664,OMC-015,Mombasa Petroleum,LPG,2025-03-01,199232,FIN-003
INV-91369,DISP-06443,OMC-005,PetroOil Kenya,DPK,2026-02-26,97241,FIN-003
INV-55457,DISP-04348,OMC-015,Mombasa Petroleum,AGO,24/04/2026,144490,FIN-002
INV-14608,DISP-04728,OMC-019,Tanzania Petroleum,HFO,2026-05-06,219840,FIN-003
INV-25455,DISP-06186,OMC-012,Galana Energies,JETA1,2026-04-16,55325,FIN-001
INV-23645,DISP-07289,OMC-017,KAA Aviation,JETA1,2025-05-18,178628,FIN-001
INV-11950,DISP-04273,OMC-002,Vivo Energy,LUB,23/05/2026,39609,FIN-003
INV-96453,DISP-08348,OMC-015,Mombasa Petroleum,HFO,2026-04-04,32080,FIN-004
INV-62588,DISP-07324,OMC-017,KAA Aviation,HFO,2025-11-18,212053,FIN-004
INV-54279,DISP-00126,OMC-006,Hashi Energy,LPG,2026-03-06,192245,FIN-003
INV-67312,DISP-05713,OMC-010,Tamoil,LPG,,56684,FIN-003
INV-45140,DISP-06512,OMC-002,Vivo Energy,PMS,2026-06-04,35223,FIN-004
INV-76250,DISP-02610,OMC-005,PetroOil Kenya,HFO,2026-05-06,35295,FIN-004
INV-70243,DISP-04031,OMC-004,Gulf Energy,LPG,2026-03-09,237434,FIN-005
INV-79103,DISP-02846,OMC-007,Kobil,LUB,2026-01-30,127406,FIN-002
INV-73446,DISP-08032,OMC-011,Hass Petroleum,JETA1,2026-01-21,272948,FIN-005
INV-54383,DISP-06907,OMC-008,National Oil,JETA1,2025-02-21,161600,FIN-004
INV-20296,DISP-01653,OMC-001,TotalEnergies Kenya,HFO,2025-07-31,53001,FIN-005
INV-63241,DISP-08195,OMC-020,Ethiopian Oil,DPK,2026-02-06,37974,FIN-002
INV-81128,DISP-06330,OMC-013,Lake Oil,PMS,2026-04-03,41727,FIN-003
INV-11148,DISP-09718,OMC-008,National Oil,LUB,27/05/2025," KES 21,741 ",FIN-002
INV-48525,DISP-09218,OMC-001,TotalEnergies Kenya,HFO,2026-04-16,51354,FIN-004
INV-48333,DISP-02498,OMC-015,Mombasa Petroleum,LPG,2026-01-01," KES 204,096 ",FIN-004
INV-70284,DISP-09127,OMC-010,Tamoil,LPG,2025-06-17,135395,FIN-003
INV-65032,DISP-09103,OMC-010,Tamoil,PMS,2026-01-16,145596,FIN-003
INV-17383,DISP-01706,OMC-016,KPA Marine,AGO,2025-12-12,149128,FIN-004
INV-91571,DISP-06275,OMC-011,Hass Petroleum,LUB,2025-03-11,21467,FIN-001
INV-97504,DISP-06156,OMC-015,Mombasa Petroleum,PMS,2025-08-27,150987,FIN-001
INV-96349,DISP-08261,OMC-001,TotalEnergies Kenya,PMS,2026-01-31,192477,FIN-003
INV-42934,DISP-00122,OMC-009,Dalbit Petroleum,DPK,2026-05-16,173084,FIN-002
INV-28430,DISP-06390,OMC-018,Uganda National Oil,DPK,2025-05-30,170628,FIN-003
INV-16441,DISP-04986,OMC-003,Rubis Energy,DPK,2025-05-23,162259,FIN-005
INV-41365,DISP-01595,OMC-016,KPA Marine,AGO,2025-06-08,250604,FIN-002
INV-75541,DISP-04357,OMC-003,Rubis Energy,LPG,2026-05-12,271286,FIN-003
INV-75194,DISP-05696,OMC-009,Dalbit Petroleum,JETA1,2026-01-14,54129,FIN-001
INV-75929,DISP-03238,OMC-017,KAA Aviation,LUB,2025-05-16,46923,FIN-001
INV-95020,DISP-03179,OMC-016,KPA Marine,JETA1,2026-04-12,36230,FIN-002
INV-45430,DISP-02156,OMC-018,Uganda National Oil,LPG,2025-12-28,100066,FIN-001
INV-22171,DISP-01751,OMC-005,PetroOil Kenya,AGO,2026-04-29,80123,FIN-002
INV-25864,DISP-06444,OMC-019,Tanzania Petroleum,LUB,2025-11-04," KES 192,984 ",FIN-001
INV-82086,DISP-04856,OMC-009,Dalbit Petroleum,DPK,2025-11-08,229141,FIN-001
INV-76139,DISP-00913,OMC-015,Mombasa Petroleum,LPG,2025-10-04,35159,FIN-003
INV-25799,DISP-00895,OMC-007,Kobil,HFO,2025-11-30,175819,FIN-002
INV-70222,DISP-01998,OMC-002,Vivo Energy,HFO,2025-10-31,89163,FIN-004
INV-58254,DISP-02501,OMC-002,Vivo Energy,AGO,2025-07-03,176000,FIN-001
INV-39761,DISP-07310,OMC-001,TotalEnergies Kenya,PMS,2026-02-12,32387,FIN-005
INV-41187,DISP-08050,OMC-003,Rubis Energy,LPG,2026-02-26,192958,FIN-005
INV-69747,DISP-05026,OMC-003,Rubis Energy,JETA1,2026-02-27,152690,FIN-003
INV-64443,DISP-01060,OMC-020,Ethiopian Oil,LPG,2026-03-12,262445,FIN-004
INV-66888,DISP-00581,OMC-013,Lake Oil,JETA1,2025-04-12,45079,FIN-004
INV-99100,DISP-05721,OMC-017,KAA Aviation,AGO,2025-03-11,148247,FIN-004
INV-52416,DISP-01978,OMC-001,TotalEnergies Kenya,HFO,2025-01-10,264863,FIN-004
INV-18814,DISP-07991,OMC-019,Tanzania Petroleum,PMS,2026-04-28,250103,FIN-004
INV-72922,DISP-04874,OMC-005,PetroOil Kenya,HFO,2026-04-28,135712,FIN-005
INV-82533,DISP-08093,OMC-003,Rubis Energy,PMS,,55636,FIN-001
INV-47622,DISP-02629,OMC-002,Vivo Energy,DPK,2026-06-30,141597,FIN-001
INV-49345,DISP-00786,OMC-003,Rubis Energy,DPK,2025-04-14,208444,FIN-003
INV-53527,DISP-07817,OMC-005,PetroOil Kenya,LUB,2026-02-14," KES 116,029 ",FIN-005
INV-93831,DISP-06639,OMC-006,Hashi Energy,PMS,2026-03-28,33085,FIN-004
INV-35419,DISP-03251,OMC-008,National Oil,HFO,,36509,FIN-004
INV-33817,DISP-03522,OMC-004,Gulf Energy,AGO,2026-03-15,109797,FIN-003
INV-66899,DISP-02950,OMC-011,Hass Petroleum,PMS,2025-09-17,150522,FIN-003
INV-50341,DISP-03160,OMC-004,Gulf Energy,PMS,2026-02-19,161315,FIN-005
INV-44059,DISP-07211,OMC-018,Uganda National Oil,PMS,2025-07-04,260108,FIN-004
INV-26372,DISP-00841,OMC-018,Uganda National Oil,HFO,2025-11-04,62902,FIN-002
INV-45706,DISP-05148,OMC-002,Vivo Energy,LUB,2025-01-26," KES 196,518 ",FIN-002
INV-94141,DISP-03625,OMC-016,KPA Marine,AGO,23/03/2025,63208,FIN-002
INV-21802,DISP-09652,OMC-006,Hashi Energy,AGO,2026-02-21,193412,FIN-001
INV-13468,DISP-06962,OMC-018,Uganda National Oil,LPG,2026-06-23,47708,FIN-003
INV-60993,DISP-05417,OMC-010,Tamoil,LUB,2026-06-03," KES 56,437 ",FIN-004
INV-48635,DISP-01876,OMC-013,Lake Oil,PMS,2025-02-27,282309,FIN-004
INV-78247,DISP-07587,OMC-012,Galana Energies,JETA1,2026-04-15,146052,FIN-001
INV-55268,DISP-08921,OMC-012,Galana Energies,PMS,2026-03-23,83655,FIN-001
INV-78874,DISP-04555,OMC-003,Rubis Energy,AGO,,60135,FIN-004
INV-62624,DISP-00534,OMC-012,Galana Energies,AGO,2026-02-10,107779,FIN-004
INV-98141,DISP-08071,OMC-009,Dalbit Petroleum,LUB,2025-02-19,48487,FIN-005
INV-68026,DISP-05314,OMC-001,TotalEnergies Kenya,LUB,2025-09-19,52780,FIN-001
INV-88396,DISP-01085,OMC-006,Hashi Energy,HFO,2025-02-02," KES 50,784 ",FIN-003
INV-52981,DISP-07977,OMC-018,Uganda National Oil,DPK,2025-12-27,33888,FIN-001
INV-18046,DISP-04609,OMC-020,Ethiopian Oil,HFO,2026-07-03," KES 106,434 ",FIN-001
INV-10658,DISP-07104,OMC-006,Hashi Energy,LUB,2025-07-11,30105,FIN-001
INV-85711,DISP-06121,OMC-003,Rubis Energy,LPG,2025-12-17,250927,FIN-005
INV-38223,DISP-04221,OMC-007,Kobil,JETA1,2025-03-28,233970,FIN-003
INV-81893,DISP-03584,OMC-017,KAA Aviation,DPK,2025-02-04,288116,FIN-004
INV-57857,DISP-00880,OMC-016,KPA Marine,AGO,2026-05-08,56984,FIN-005
INV-73033,DISP-06963,OMC-009,Dalbit Petroleum,AGO,2025-09-03,33626,FIN-002
INV-90003,DISP-02193,OMC-005,PetroOil Kenya,DPK,2026-04-30,35741,FIN-002
INV-98269,DISP-02368,OMC-014,Texol Energies,JETA1,2026-01-04,39347,FIN-001
INV-47788,DISP-04769,OMC-015,Mombasa Petroleum,LPG,2026-06-16,43953,FIN-004
INV-36170,DISP-04214,OMC-009,Dalbit Petroleum,JETA1,2025-03-08,37430,FIN-001
INV-69176,DISP-04880,OMC-002,Vivo Energy,LUB,2026-02-22,111872,FIN-001
INV-19613,DISP-05773,OMC-018,Uganda National Oil,AGO,2025-11-12,52984,FIN-001
INV-23081,DISP-08681,OMC-020,Ethiopian Oil,JETA1,2025-05-15,194330,FIN-001
INV-28328,DISP-05816,OMC-005,PetroOil Kenya,DPK,2026-04-12,39739,FIN-001
INV-87350,DISP-04537,OMC-016,KPA Marine,AGO,2025-05-09,50267,FIN-004
INV-76909,DISP-09234,OMC-008,National Oil,JETA1,2025-01-22,60903,FIN-005
INV-63823,DISP-08516,OMC-003,Rubis Energy,LPG,2025-01-17,250780,FIN-002
INV-88173,DISP-04740,OMC-008,National Oil,HFO,2026-04-18,38034,FIN-005
INV-84072,DISP-08915,OMC-014,Texol Energies,LPG,2025-08-27,32925,FIN-002
INV-96831,DISP-05904,OMC-020,Ethiopian Oil,LPG,2025-12-27,72519,FIN-001
INV-76288,DISP-01408,OMC-008,National Oil,PMS,2025-12-05,73194,FIN-003
INV-19939,DISP-08161,OMC-008,National Oil,LPG,2025-12-14," KES 35,721 ",FIN-003
INV-28190,DISP-03200,OMC-019,Tanzania Petroleum,JETA1,2026-04-27,55568,FIN-003
INV-62414,DISP-09883,OMC-004,Gulf Energy,HFO,2026-03-21,149037,FIN-005
INV-97430,DISP-08886,OMC-001,TotalEnergies Kenya,LUB,2025-02-22,266809,FIN-002
INV-75986,DISP-08636,OMC-003,Rubis Energy,HFO,2025-10-27," KES 22,572 ",FIN-001
INV-80942,DISP-05095,OMC-018,Uganda National Oil,PMS,2026-01-07," KES 149,641 ",FIN-004
INV-97654,DISP-02663,OMC-019,Tanzania Petroleum,PMS,2025-01-23,188940,FIN-005
INV-52100,DISP-01108,OMC-014,Texol Energies,HFO,2025-12-08," KES 123,430 ",FIN-004
INV-47560,DISP-03055,OMC-019,Tanzania Petroleum,AGO,2026-05-25,31040,FIN-001
INV-37815,DISP-05380,OMC-007,Kobil,DPK,,110501,FIN-001
INV-67698,DISP-01741,OMC-006,Hashi Energy,PMS,2025-05-03,23505,FIN-003
INV-28602,DISP-05469,OMC-007,Kobil,LUB,2025-07-19," KES 149,351 ",FIN-005
INV-26516,DISP-04167,OMC-010,Tamoil,HFO,2025-03-31,27177,FIN-005
INV-99210,DISP-03554,OMC-018,Uganda National Oil,PMS,,53347,FIN-002
INV-17405,DISP-08880,OMC-016,KPA Marine,PMS,2025-12-31,177261,FIN-003
INV-31275,DISP-06715,OMC-007,Kobil,DPK,2026-05-13,43199,FIN-001
INV-66353,DISP-00080,OMC-014,Texol Energies,PMS,2026-02-24,98589,FIN-003
INV-81595,DISP-00057,OMC-019,Tanzania Petroleum,LPG,2025-07-06,40712,FIN-004
INV-60861,DISP-07246,OMC-004,Gulf Energy,AGO,2026-02-14,49033,FIN-005
INV-93828,DISP-07334,OMC-003,Rubis Energy,JETA1,2026-05-23,56816,FIN-001
INV-37682,DISP-06757,OMC-009,Dalbit Petroleum,HFO,2025-11-11,36071,FIN-002
INV-25623,DISP-07678,OMC-003,Rubis Energy,PMS,2025-02-03,58671,FIN-004
INV-87623,DISP-05395,OMC-003,Rubis Energy,LPG,2025-04-16,279522,FIN-004
INV-76033,DISP-04515,OMC-003,Rubis Energy,HFO,2026-02-02,33428,FIN-003
INV-80489,DISP-08988,OMC-006,Hashi Energy,HFO,2025-09-12,187969,FIN-003
INV-90708,DISP-02454,OMC-019,Tanzania Petroleum,DPK,2025-03-13,131906,FIN-002
INV-84480,DISP-07649,OMC-008,National Oil,PMS,2026-02-11,260305,FIN-002
INV-96897,DISP-00965,OMC-013,Lake Oil,JETA1,2025-06-27," KES 103,815 ",FIN-001
INV-85115,DISP-01045,OMC-018,Uganda National Oil,JETA1,2025-07-18,127311,FIN-001
INV-26333,DISP-03779,OMC-003,Rubis Energy,DPK,2025-09-21,43170,FIN-002
INV-84779,DISP-01586,OMC-014,Texol Energies,DPK,2026-05-13,210285,FIN-001
INV-78179,DISP-04418,OMC-012,Galana Energies,LUB,03/03/2026,48057,FIN-005
INV-75135,DISP-05940,OMC-007,Kobil,DPK,2026-02-12,209192,FIN-002
INV-23852,DISP-04190,OMC-011,Hass Petroleum,JETA1,2025-08-30,179760,FIN-004
INV-56466,DISP-01662,OMC-016,KPA Marine,PMS,2026-04-11,60783,FIN-001
INV-58746,DISP-05036,OMC-010,Tamoil,LPG,2025-03-29,35464,FIN-003
INV-99247,DISP-01368,OMC-018,Uganda National Oil,JETA1,2026-02-26,238061,FIN-004
INV-15774,DISP-02510,OMC-017,KAA Aviation,HFO,2025-07-03,123250,FIN-001
INV-29544,DISP-08259,OMC-018,Uganda National Oil,LPG,2025-01-19,246482,FIN-003
INV-32678,DISP-04112,OMC-003,Rubis Energy,AGO,2026-01-26,39166,FIN-005
INV-98029,DISP-04481,OMC-008,National Oil,LPG,2025-11-04,109083,FIN-005
INV-70270,DISP-00023,OMC-013,Lake Oil,JETA1,2025-11-03,46241,FIN-001
INV-11871,DISP-07422,OMC-001,TotalEnergies Kenya,LPG,2025-05-09,217629,FIN-004
INV-43065,DISP-04764,OMC-001,TotalEnergies Kenya,LPG,2025-02-28,53091,FIN-002
INV-78238,DISP-09079,OMC-014,Texol Energies,LPG,2025-05-27,36087,FIN-001
INV-64531,DISP-03135,OMC-014,Texol Energies,PMS,2026-04-03,147396,FIN-005
INV-24204,DISP-06854,OMC-018,Uganda National Oil,LPG,2025-12-14,163720,FIN-001
INV-55961,DISP-04939,OMC-006,Hashi Energy,JETA1,2026-06-18,248555,FIN-002
INV-49363,DISP-01101,OMC-004,Gulf Energy,JETA1,2026-03-14,227749,FIN-005
INV-75660,DISP-07631,OMC-016,KPA Marine,HFO,2025-12-07,74949,FIN-005
INV-68628,DISP-07712,OMC-016,KPA Marine,PMS,2025-08-13,193702,FIN-003
INV-67231,DISP-02093,OMC-018,Uganda National Oil,AGO,2025-12-31,41046,FIN-003
INV-11524,DISP-02327,OMC-016,KPA Marine,LUB,2025-07-20,48129,FIN-004
INV-85684,DISP-08306,OMC-012,Galana Energies,PMS,2026-04-03,50887,FIN-005
INV-32191,DISP-01985,OMC-011,Hass Petroleum,LPG,2025-05-07," KES 29,107 ",FIN-003
INV-39609,DISP-00272,OMC-006,Hashi Energy,HFO,2026-06-15,52553,FIN-004
INV-66975,DISP-06578,OMC-020,Ethiopian Oil,LPG,2025-07-21,33855,FIN-005
INV-13420,DISP-04341,OMC-012,Galana Energies,JETA1,2026-03-10,287848,FIN-001
INV-13706,DISP-02807,OMC-013,Lake Oil,LUB,,45920,FIN-002
INV-55784,DISP-02293,OMC-015,Mombasa Petroleum,HFO,2025-08-20,237112,FIN-003
INV-43765,DISP-02968,OMC-010,Tamoil,PMS,2025-08-26,101579,FIN-003
INV-16368,DISP-04753,OMC-009,Dalbit Petroleum,LUB,21/01/2026,234410,FIN-003
INV-71078,DISP-01423,OMC-018,Uganda National Oil,JETA1,2025-01-18,23210,FIN-002
INV-65293,DISP-02570,OMC-016,KPA Marine,LUB,2025-09-22,137753,FIN-005
INV-70081,DISP-04317,OMC-017,KAA Aviation,JETA1,2026-03-21,57247,FIN-002
INV-42117,DISP-02599,OMC-016,KPA Marine,LPG,2025-09-14,52906,FIN-004
INV-35920,DISP-01086,OMC-019,Tanzania Petroleum,HFO,2026-03-27,141643,FIN-004
INV-44240,DISP-08768,OMC-014,Texol Energies,JETA1,2025-12-15," KES 38,565 ",FIN-004
INV-66729,DISP-06096,OMC-002,Vivo Energy,DPK,2025-04-24,99028,FIN-003
INV-79605,DISP-09717,OMC-001,TotalEnergies Kenya,LUB,2026-02-12,61260,FIN-001
INV-85235,DISP-05316,OMC-007,Kobil,DPK,15/10/2025,186136,FIN-002
INV-65112,DISP-05865,OMC-017,KAA Aviation,PMS,08/05/2026,162678,FIN-003
INV-99168,DISP-00809,OMC-003,Rubis Energy,LPG,2025-03-03,29912,FIN-002
INV-93395,DISP-06322,OMC-015,Mombasa Petroleum,LPG,,185045,FIN-004
INV-20675,DISP-03882,OMC-017,KAA Aviation,HFO,2026-01-01,35783,FIN-002
INV-62781,DISP-01627,OMC-010,Tamoil,LPG,2026-01-04,39390,FIN-002
INV-67590,DISP-08765,OMC-006,Hashi Energy,DPK,2025-03-05,40085,FIN-002
INV-49786,DISP-09582,OMC-016,KPA Marine,LUB,2025-11-07,54877,FIN-002
INV-71835,DISP-07093,OMC-015,Mombasa Petroleum,LUB,2026-05-13,167547,FIN-005
INV-59199,DISP-05290,OMC-018,Uganda National Oil,AGO,2025-07-21,132796,FIN-005
INV-57840,DISP-06374,OMC-013,Lake Oil,HFO,2025-05-19,76345,FIN-002
INV-33115,DISP-06296,OMC-005,PetroOil Kenya,HFO,2026-03-19,30343,FIN-001
INV-22971,DISP-06821,OMC-016,KPA Marine,LPG,2025-04-11,128094,FIN-005
INV-80775,DISP-01679,OMC-006,Hashi Energy,LPG,2026-05-30,22163,FIN-004
INV-54096,DISP-04825,OMC-001,TotalEnergies Kenya,LPG,17/04/2025,193438,FIN-005
INV-96667,DISP-02004,OMC-009,Dalbit Petroleum,LPG,2025-05-23,80598,FIN-002
INV-78388,DISP-08492,OMC-002,Vivo Energy,LPG,2025-11-09,235548,FIN-003
INV-33693,DISP-02356,OMC-005,PetroOil Kenya,PMS,2026-04-21,101716,FIN-003
INV-22611,DISP-09905,OMC-011,Hass Petroleum,JETA1,2025-08-17,192096,FIN-002
INV-36736,DISP-02236,OMC-013,Lake Oil,PMS,2025-10-25,155186,FIN-001
INV-11729,DISP-03890,OMC-009,Dalbit Petroleum,LPG,2025-01-18,187723,FIN-002
INV-61360,DISP-08719,OMC-019,Tanzania Petroleum,PMS,2026-03-23,29296,FIN-001
INV-44406,DISP-00874,OMC-011,Hass Petroleum,AGO,2025-02-23,204629,FIN-002
INV-56262,DISP-02205,OMC-018,Uganda National Oil,AGO,2025-12-02,36447,FIN-001
INV-36626,DISP-00076,OMC-001,TotalEnergies Kenya,DPK,2025-04-08,35860,FIN-001
INV-74976,DISP-05574,OMC-009,Dalbit Petroleum,DPK,2026-06-05,167171,FIN-002
INV-54517,DISP-02871,OMC-007,Kobil,LPG,2025-01-14,258346,FIN-003
INV-51501,DISP-08613,OMC-014,Texol Energies,LUB,12/02/2025,185097,FIN-003
INV-27014,DISP-08942,OMC-015,Mombasa Petroleum,AGO,2025-01-30,21746,FIN-004
INV-98770,DISP-06648,OMC-016,KPA Marine,DPK,2025-06-27,153082,FIN-003
INV-12909,DISP-05495,OMC-003,Rubis Energy,JETA1,2025-12-30,125830,FIN-003
INV-64003,DISP-09673,OMC-001,TotalEnergies Kenya,DPK,2025-06-25,168762,FIN-002
INV-90938,DISP-08027,OMC-012,Galana Energies,HFO,2026-04-20,203775,FIN-002
INV-57013,DISP-02047,OMC-002,Vivo Energy,LPG,2025-07-20,191493,FIN-005
INV-75940,DISP-00179,OMC-004,Gulf Energy,AGO,19/02/2026,244018,FIN-002
INV-16773,DISP-00016,OMC-009,Dalbit Petroleum,JETA1,2026-06-08,80896,FIN-002
INV-64005,DISP-03767,OMC-012,Galana Energies,LPG,2026-02-13,293349,FIN-001
INV-29265,DISP-09364,OMC-007,Kobil,LPG,2025-11-25,127957,FIN-004
INV-34078,DISP-02779,OMC-017,KAA Aviation,DPK,2025-06-20,102139,FIN-003
INV-45593,DISP-01639,OMC-005,PetroOil Kenya,JETA1,2026-03-09,256766,FIN-003
INV-97688,DISP-00436,OMC-016,KPA Marine,LUB,2025-08-30,38636,FIN-002
INV-22130,DISP-03415,OMC-014,Texol Energies,PMS,2026-04-05,167553,FIN-001
INV-36517,DISP-09965,OMC-001,TotalEnergies Kenya,DPK,2025-04-15,193377,FIN-001
INV-96428,DISP-03918,OMC-009,Dalbit Petroleum,JETA1,2026-04-16,39621,FIN-005
INV-48289,DISP-09424,OMC-006,Hashi Energy,PMS,2026-05-01," KES 139,881 ",FIN-004
INV-11361,DISP-04987,OMC-019,Tanzania Petroleum,JETA1,2025-03-05,237185,FIN-005
INV-64650,DISP-02569,OMC-008,National Oil,DPK,2025-01-27,60366,FIN-004
INV-19637,DISP-05654,OMC-016,KPA Marine,HFO,2025-04-03,44076,FIN-003
INV-93873,DISP-07700,OMC-014,Texol Energies,DPK,2025-03-25,292248,FIN-005
INV-75520,DISP-07883,OMC-002,Vivo Energy,JETA1,2025-09-14,104517,FIN-001
INV-25223,DISP-03438,OMC-004,Gulf Energy,LUB,2026-02-11,148803,FIN-003
INV-90998,DISP-07650,OMC-010,Tamoil,AGO,2025-10-23,34910,FIN-002
INV-25707,DISP-00860,OMC-009,Dalbit Petroleum,DPK,2026-01-14,178823,FIN-001
INV-99091,DISP-00418,OMC-012,Galana Energies,DPK,2026-03-24,118390,FIN-001
INV-18588,DISP-06869,OMC-001,TotalEnergies Kenya,LPG,2026-03-26,23429,FIN-001
INV-97705,DISP-03241,OMC-001,TotalEnergies Kenya,LUB,2025-07-29,22907,FIN-001
INV-35652,DISP-02386,OMC-010,Tamoil,DPK,2025-11-13,139698,FIN-001
INV-21234,DISP-06051,OMC-015,Mombasa Petroleum,LPG,2025-04-14,40937,FIN-001
INV-29647,DISP-03460,OMC-010,Tamoil,PMS,2026-02-03,37031,FIN-002
INV-79459,DISP-00508,OMC-007,Kobil,PMS,2026-06-11,233700,FIN-003
INV-64941,DISP-07789,OMC-015,Mombasa Petroleum,AGO,2025-08-23,208127,FIN-004
INV-62775,DISP-07312,OMC-004,Gulf Energy,LUB,2026-03-25,40442,FIN-001
INV-77195,DISP-08080,OMC-012,Galana Energies,PMS,2026-04-27,166914,FIN-002
INV-68026,DISP-05314,OMC-001,TotalEnergies Kenya,LUB,2025-09-19,52780,FIN-001
INV-69811,DISP-07655,OMC-006,Hashi Energy,LUB,2026-04-18,131578,FIN-005
INV-73087,DISP-08060,OMC-015,Mombasa Petroleum,HFO,,270961,FIN-004
INV-93457,DISP-09714,OMC-008,National Oil,PMS,2026-03-14,143312,FIN-002
INV-41317,DISP-00629,OMC-005,PetroOil Kenya,PMS,2026-03-23,50889,FIN-002
INV-70955,DISP-05297,OMC-011,Hass Petroleum,LUB,2025-03-27,38752,FIN-002
INV-75670,DISP-05423,OMC-003,Rubis Energy,LUB,2025-07-24,266113,FIN-005
INV-47177,DISP-05640,OMC-011,Hass Petroleum,LUB,2026-05-01,219697,FIN-005
INV-41962,DISP-03660,OMC-013,Lake Oil,AGO,2026-02-11,31391,FIN-003
INV-76105,DISP-09600,OMC-015,Mombasa Petroleum,LPG,2025-10-24,147130,FIN-003
INV-19311,DISP-04812,OMC-017,KAA Aviation,DPK,2025-12-13,31704,FIN-005
INV-44200,DISP-02983,OMC-006,Hashi Energy,PMS,,122709,FIN-002
INV-63876,DISP-06290,OMC-010,Tamoil,AGO,2025-09-14,136102,FIN-004
INV-91643,DISP-07359,OMC-006,Hashi Energy,LPG,2025-09-07,55940,FIN-005
INV-36126,DISP-00255,OMC-011,Hass Petroleum,LPG,2025-03-04,218360,FIN-001
INV-40842,DISP-08323,OMC-018,Uganda National Oil,AGO,2026-05-10,58782,FIN-002
INV-87611,DISP-06350,OMC-014,Texol Energies,AGO,2026-06-06,219526,FIN-005
INV-31860,DISP-00213,OMC-003,Rubis Energy,JETA1,2026-02-06,34286,FIN-002
INV-44188,DISP-05310,OMC-010,Tamoil,LPG,2026-01-10,92050,FIN-003
INV-19138,DISP-06958,OMC-002,Vivo Energy,DPK,2025-09-01,207083,FIN-004
INV-31080,DISP-02816,OMC-010,Tamoil,LPG,2025-02-26,222400,FIN-002
INV-96967,DISP-02413,OMC-018,Uganda National Oil,HFO,2025-01-09,38085,FIN-001
INV-11776,DISP-06508,OMC-017,KAA Aviation,DPK,2026-01-18,158452,FIN-005
INV-95772,DISP-00912,OMC-007,Kobil,JETA1,2025-05-16,177082,FIN-003
INV-58665,DISP-02409,OMC-016,KPA Marine,HFO,2025-03-28,201139,FIN-005
INV-28134,DISP-01518,OMC-018,Uganda National Oil,DPK,2026-02-14,267433,FIN-002
INV-41180,DISP-06852,OMC-007,Kobil,JETA1,07/08/2025,153879,FIN-003
INV-23388,DISP-00592,OMC-008,National Oil,PMS,2025-10-14,28036,FIN-002
INV-75584,DISP-02674,OMC-006,Hashi Energy,LPG,2025-10-01,53264,FIN-001
INV-40932,DISP-01984,OMC-019,Tanzania Petroleum,AGO,2025-12-16,52893,FIN-003
INV-17650,DISP-04799,OMC-008,National Oil,HFO,2025-11-12,266943,FIN-005
INV-95582,DISP-09322,OMC-017,KAA Aviation,LUB,2026-03-18,64959,FIN-002
INV-16777,DISP-01709,OMC-015,Mombasa Petroleum,LUB,2025-02-04,39344,FIN-003
INV-56001,DISP-03138,OMC-014,Texol Energies,DPK,2025-07-29,43524,FIN-003
INV-50797,DISP-02249,OMC-004,Gulf Energy,HFO,2026-02-28,143736,FIN-004
INV-67249,DISP-07068,OMC-002,Vivo Energy,AGO,2026-01-28,40370,FIN-003
INV-96204,DISP-00281,OMC-017,KAA Aviation,LUB,2026-03-18,122584,FIN-005
INV-80676,DISP-00348,OMC-002,Vivo Energy,PMS,31/12/2025,25294,FIN-003
INV-35343,DISP-05113,OMC-008,National Oil,JETA1,2026-04-07,58987,FIN-004
INV-87752,DISP-05749,OMC-019,Tanzania Petroleum,DPK,2025-12-18,143196,FIN-005
INV-76599,DISP-07667,OMC-003,Rubis Energy,PMS,09/01/2026,56339,FIN-003
INV-97258,DISP-04183,OMC-012,Galana Energies,JETA1,2026-04-06,133513,FIN-005
INV-33639,DISP-08118,OMC-002,Vivo Energy,LPG,2025-12-01,78360,FIN-003
INV-19776,DISP-05846,OMC-017,KAA Aviation,LUB,2025-03-30,118594,FIN-002
INV-94423,DISP-03713,OMC-002,Vivo Energy,LUB,2025-11-23,39553,FIN-001
INV-20814,DISP-02061,OMC-016,KPA Marine,JETA1,2025-11-01,147333,FIN-001
INV-43932,DISP-02970,OMC-020,Ethiopian Oil,DPK,2025-06-15,170851,FIN-004
INV-23241,DISP-01343,OMC-017,KAA Aviation,PMS,2026-05-28,51676,FIN-003
INV-52430,DISP-02558,OMC-015,Mombasa Petroleum,DPK,2026-01-14,24947,FIN-005
INV-39977,DISP-01744,OMC-006,Hashi Energy,LUB,2025-11-28,257268,FIN-001
INV-50256,DISP-06531,OMC-011,Hass Petroleum,LPG,2026-06-04,29289,FIN-003
INV-96263,DISP-08772,OMC-012,Galana Energies,DPK,2026-03-28,48462,FIN-004
INV-44979,DISP-08640,OMC-015,Mombasa Petroleum,DPK,2025-03-15,162966,FIN-004
INV-77091,DISP-04254,OMC-018,Uganda National Oil,DPK,2025-07-14,145695,FIN-005
INV-26708,DISP-08421,OMC-003,Rubis Energy,PMS,2025-12-05,134292,FIN-003
INV-31277,DISP-00839,OMC-007,Kobil,LPG,2026-04-15," KES 172,342 ",FIN-005
INV-93313,DISP-07423,OMC-013,Lake Oil,JETA1,2026-03-07,34186,FIN-001
INV-14537,DISP-02410,OMC-003,Rubis Energy,LPG,2025-06-18,145837,FIN-004
INV-84065,DISP-05070,OMC-019,Tanzania Petroleum,JETA1,2025-08-14,190848,FIN-003
INV-41868,DISP-00040,OMC-007,Kobil,AGO,2026-05-18,94670,FIN-004
INV-59106,DISP-02319,OMC-010,Tamoil,JETA1,2026-01-05,49486,FIN-005
INV-35393,DISP-06851,OMC-001,TotalEnergies Kenya,PMS,2026-06-05,185665,FIN-001
INV-95411,DISP-02427,OMC-005,PetroOil Kenya,JETA1,2026-02-11,71583,FIN-003
INV-83152,DISP-00394,OMC-008,National Oil,PMS,2025-02-12,105993,FIN-001
INV-86362,DISP-07263,OMC-017,KAA Aviation,DPK,2026-03-31,210149,FIN-001
INV-43819,DISP-00751,OMC-007,Kobil,HFO,2026-05-21,201277,FIN-005
INV-71042,DISP-03815,OMC-007,Kobil,PMS,2026-02-24,155819,FIN-003
INV-35645,DISP-00010,OMC-001,TotalEnergies Kenya,AGO,2025-04-09," KES 259,928 ",FIN-001
INV-38187,DISP-04091,OMC-019,Tanzania Petroleum,LUB,,188253,FIN-004
INV-22657,DISP-08539,OMC-002,Vivo Energy,PMS,2025-05-04,26727,FIN-003
INV-77149,DISP-07445,OMC-018,Uganda National Oil,LPG,2025-03-05,36906,FIN-004
INV-54827,DISP-09159,OMC-013,Lake Oil,LPG,2026-03-20,125816,FIN-001
INV-91491,DISP-02105,OMC-012,Galana Energies,LPG,2026-03-28,28738,FIN-002
INV-73152,DISP-08829,OMC-010,Tamoil,LUB,,234762,FIN-005
INV-73598,DISP-08856,OMC-020,Ethiopian Oil,HFO,2025-01-21,22602,FIN-002
INV-66215,DISP-05393,OMC-002,Vivo Energy,LPG,2026-03-06,128900,FIN-001
INV-45649,DISP-01225,OMC-003,Rubis Energy,HFO,2026-05-02,149716,FIN-002
INV-62330,DISP-01803,OMC-008,National Oil,LPG,,57758,FIN-001
INV-72520,DISP-00112,OMC-013,Lake Oil,JETA1,2025-11-07,181771,FIN-003
INV-92320,DISP-05748,OMC-016,KPA Marine,DPK,2026-03-19,178195,FIN-005
INV-29298,DISP-07231,OMC-007,Kobil,HFO,2025-06-03,44620,FIN-005
INV-90324,DISP-00580,OMC-006,Hashi Energy,JETA1,2025-01-26,176232,FIN-001
INV-26388,DISP-09494,OMC-008,National Oil,DPK,2025-02-16,287507,FIN-005
INV-69336,DISP-07857,OMC-005,PetroOil Kenya,JETA1,22/04/2026,290169,FIN-004
INV-70545,DISP-02821,OMC-014,Texol Energies,LPG,2025-08-12,104037,FIN-003
INV-50518,DISP-01298,OMC-017,KAA Aviation,LUB,2025-12-05,45732,FIN-005
INV-26848,DISP-04225,OMC-018,Uganda National Oil,DPK,,134130,FIN-003
INV-57645,DISP-08985,OMC-007,Kobil,DPK,2026-04-09,130881,FIN-005
INV-72044,DISP-02794,OMC-015,Mombasa Petroleum,JETA1,2025-05-19,30068,FIN-001
INV-45861,DISP-01394,OMC-013,Lake Oil,AGO,2025-09-30,28390,FIN-001
INV-44301,DISP-09723,OMC-001,TotalEnergies Kenya,LPG,2025-01-10,36511,FIN-003
INV-96095,DISP-06994,OMC-017,KAA Aviation,DPK,2025-01-16,209736,FIN-005
INV-36627,DISP-02900,OMC-013,Lake Oil,PMS,2025-09-28,148740,FIN-004
INV-97835,DISP-00914,OMC-016,KPA Marine,HFO,2025-06-03,53913,FIN-001
INV-63429,DISP-03062,OMC-005,PetroOil Kenya,JETA1,2026-04-06,240523,FIN-001
INV-97537,DISP-04204,OMC-014,Texol Energies,LPG,2025-04-16,41031,FIN-003
INV-20536,DISP-08043,OMC-020,Ethiopian Oil,HFO,2026-06-24," KES 178,233 ",FIN-001
INV-23237,DISP-01581,OMC-010,Tamoil,JETA1,2025-01-22,171052,FIN-003
INV-92631,DISP-08383,OMC-020,Ethiopian Oil,PMS,2025-12-07,161632,FIN-001
INV-16912,DISP-01956,OMC-013,Lake Oil,HFO,2026-04-26,179776,FIN-005
INV-54547,DISP-01789,OMC-008,National Oil,AGO,2025-11-16,109422,FIN-005
INV-78800,DISP-07632,OMC-013,Lake Oil,LUB,2026-06-11,26172,FIN-003
INV-38077,DISP-04861,OMC-016,KPA Marine,DPK,2025-06-03,181091,FIN-004
INV-93967,DISP-05014,OMC-008,National Oil,AGO,2025-11-07,273627,FIN-002
INV-12608,DISP-00688,OMC-003,Rubis Energy,AGO,2025-10-07,40922,FIN-004
INV-67999,DISP-07006,OMC-010,Tamoil,DPK,2026-05-24,97168,FIN-005
INV-28897,DISP-01142,OMC-006,Hashi Energy,LUB,2025-07-17,61169,FIN-004
INV-62602,DISP-01654,OMC-009,Dalbit Petroleum,PMS,2025-11-25,127892,FIN-005
INV-75994,DISP-00103,OMC-020,Ethiopian Oil,DPK,,129077,FIN-002
INV-17123,DISP-02233,OMC-002,Vivo Energy,PMS,01/06/2025,54858,FIN-003
INV-47073,DISP-00416,OMC-018,Uganda National Oil,DPK,2025-05-06,35115,FIN-001
INV-18427,DISP-01478,OMC-008,National Oil,LUB,2025-01-13,31881,FIN-002
INV-78388,DISP-08492,OMC-002,Vivo Energy,LPG,2025-11-09,235548,FIN-003
INV-27027,DISP-01326,OMC-003,Rubis Energy,LUB,2026-04-10,37968,FIN-001
INV-68037,DISP-06537,OMC-015,Mombasa Petroleum,DPK,,106803,FIN-004
INV-53842,DISP-01185,OMC-003,Rubis Energy,DPK,2025-01-11,141151,FIN-004
INV-10390,DISP-02923,OMC-019,Tanzania Petroleum,HFO,2025-08-19,32862,FIN-003
INV-72437,DISP-07506,OMC-018,Uganda National Oil,JETA1,2026-01-02,148628,FIN-005
INV-22878,DISP-07481,OMC-016,KPA Marine,AGO,2025-08-28,242713,FIN-004
INV-14050,DISP-06239,OMC-011,Hass Petroleum,JETA1,,186786,FIN-002
INV-75199,DISP-08807,OMC-015,Mombasa Petroleum,DPK,2026-02-21,188006,FIN-004
INV-43647,DISP-03231,OMC-020,Ethiopian Oil,LPG,2025-04-21,170173,FIN-005
INV-53137,DISP-07988,OMC-004,Gulf Energy,HFO,2026-03-26,22470,FIN-001
INV-28691,DISP-03614,OMC-013,Lake Oil,HFO,2025-03-18,120426,FIN-005
INV-98371,DISP-03112,OMC-011,Hass Petroleum,AGO,2026-06-04,197423,FIN-005
INV-67040,DISP-05279,OMC-012,Galana Energies,LPG,2026-03-22,155175,FIN-003
INV-50476,DISP-00196,OMC-012,Galana Energies,DPK,2026-03-28,23008,FIN-001
INV-21973,DISP-08599,OMC-015,Mombasa Petroleum,DPK,2026-03-01,129357,FIN-005
INV-94843,DISP-07870,OMC-018,Uganda National Oil,PMS,2025-01-18," KES 46,601 ",FIN-001
INV-57741,DISP-02547,OMC-007,Kobil,AGO,2025-04-16,221131,FIN-004
INV-93230,DISP-08277,OMC-004,Gulf Energy,DPK,2026-02-10,27393,FIN-004
INV-41246,DISP-02736,OMC-014,Texol Energies,HFO,2026-02-18,58083,FIN-003
INV-56378,DISP-05337,OMC-004,Gulf Energy,HFO,2026-04-18,208976,FIN-001
INV-12393,DISP-03184,OMC-008,National Oil,DPK,2025-04-20,86270,FIN-005
INV-98764,DISP-03590,OMC-013,Lake Oil,LUB,2025-07-31,197408,FIN-003
INV-18691,DISP-08839,OMC-003,Rubis Energy,LPG,2025-04-22,198866,FIN-005
INV-63720,DISP-08734,OMC-017,KAA Aviation,PMS,29/09/2025,130805,FIN-001
INV-61548,DISP-09152,OMC-005,PetroOil Kenya,JETA1,2026-02-18,43776,FIN-005
INV-62641,DISP-07560,OMC-006,Hashi Energy,DPK,2026-02-12,88204,FIN-001
INV-56026,DISP-01238,OMC-011,Hass Petroleum,LPG,2025-11-14,132714,FIN-003
INV-55344,DISP-08528,OMC-002,Vivo Energy,LUB,2025-02-22,144513,FIN-001
INV-14684,DISP-03385,OMC-015,Mombasa Petroleum,HFO,2025-09-27,259082,FIN-003
INV-97695,DISP-07095,OMC-015,Mombasa Petroleum,LPG,2025-05-16,46663,FIN-005
INV-57915,DISP-07520,OMC-004,Gulf Energy,LUB,2026-04-12,189998,FIN-001
INV-22604,DISP-03338,OMC-020,Ethiopian Oil,PMS,2025-03-12,272475,FIN-004
INV-54264,DISP-07557,OMC-004,Gulf Energy,PMS,25/03/2026,112180,FIN-002
INV-74036,DISP-05841,OMC-017,KAA Aviation,PMS,2025-03-17,216661,FIN-005
INV-63399,DISP-03482,OMC-012,Galana Energies,HFO,2026-03-22,271563,FIN-002
INV-14446,DISP-00714,OMC-018,Uganda National Oil,JETA1,2026-06-05,84198,FIN-001
INV-59862,DISP-06087,OMC-017,KAA Aviation,HFO,2025-08-14,109693,FIN-003
INV-67640,DISP-05042,OMC-011,Hass Petroleum,DPK,2025-01-24,196402,FIN-003
INV-85556,DISP-06110,OMC-015,Mombasa Petroleum,LUB,2026-02-26,53263,FIN-002
INV-23328,DISP-02731,OMC-014,Texol Energies,JETA1,13/05/2026,33635,FIN-004
INV-91132,DISP-09258,OMC-013,Lake Oil,JETA1,2025-04-17,145905,FIN-005
INV-15078,DISP-07760,OMC-003,Rubis Energy,PMS,2025-02-23,181127,FIN-002
INV-37294,DISP-05184,OMC-015,Mombasa Petroleum,DPK,2026-05-10,162456,FIN-005
INV-49856,DISP-05052,OMC-014,Texol Energies,DPK,2026-01-28,49222,FIN-003
INV-33510,DISP-01006,OMC-015,Mombasa Petroleum,AGO,2025-04-01," KES 184,855 ",FIN-002
INV-42534,DISP-02098,OMC-014,Texol Energies,LPG,2026-06-20,44479,FIN-005
INV-67472,DISP-04837,OMC-010,Tamoil,LUB,20/02/2025,38382,FIN-001
INV-29261,DISP-06393,OMC-007,Kobil,LUB,2025-11-11,26880,FIN-002
INV-57170,DISP-05009,OMC-010,Tamoil,PMS,2025-02-11,33911,FIN-001
INV-38962,DISP-02237,OMC-011,Hass Petroleum,LUB,2025-08-02,69625,FIN-003
INV-15429,DISP-05254,OMC-018,Uganda National Oil,AGO,2026-03-13,132685,FIN-002
INV-54070,DISP-03914,OMC-013,Lake Oil,JETA1,18/04/2026,127667,FIN-005
INV-60746,DISP-02986,OMC-020,Ethiopian Oil,AGO,2025-08-14,51263,FIN-003
INV-61988,DISP-03985,OMC-020,Ethiopian Oil,LUB,2026-05-31,291395,FIN-005
INV-72404,DISP-05162,OMC-016,KPA Marine,JETA1,2026-06-11,277897,FIN-002
INV-78374,DISP-03144,OMC-020,Ethiopian Oil,JETA1,2026-05-14,59011,FIN-002
INV-72199,DISP-00340,OMC-002,Vivo Energy,AGO,2026-02-28,24652,FIN-003
INV-13843,DISP-07594,OMC-007,Kobil,LUB,2025-09-21,171889,FIN-005
INV-82251,DISP-04018,OMC-002,Vivo Energy,HFO,2026-05-10,210511,FIN-001
INV-43185,DISP-08748,OMC-001,TotalEnergies Kenya,DPK,2025-02-27,126177,FIN-004
INV-43910,DISP-08907,OMC-005,PetroOil Kenya,JETA1,2026-02-13,26002,FIN-003
INV-22183,DISP-05282,OMC-008,National Oil,DPK,2026-03-06,37334,FIN-004
INV-53660,DISP-06625,OMC-017,KAA Aviation,JETA1,2025-09-30,121295,FIN-002
INV-97594,DISP-05852,OMC-019,Tanzania Petroleum,LPG,2025-03-12,63001,FIN-002
INV-51171,DISP-04613,OMC-020,Ethiopian Oil,PMS,2026-05-01,44537,FIN-003
INV-76961,DISP-09217,OMC-002,Vivo Energy,DPK,2025-08-07,247532,FIN-002
INV-56306,DISP-05637,OMC-017,KAA Aviation,LUB,2025-12-26,30580,FIN-004
INV-83774,DISP-09985,OMC-014,Texol Energies,JETA1,2025-07-26," KES 202,540 ",FIN-003
INV-83948,DISP-09380,OMC-019,Tanzania Petroleum,HFO,2025-08-28,21240,FIN-004
INV-32649,DISP-00665,OMC-006,Hashi Energy,AGO,2026-01-07,90256,FIN-001
INV-41771,DISP-07696,OMC-012,Galana Energies,AGO,2026-05-01,246912,FIN-001
INV-95693,DISP-01451,OMC-007,Kobil,LPG,2025-04-17,39822,FIN-004
INV-74992,DISP-05732,OMC-007,Kobil,AGO,2025-04-12,181653,FIN-005
INV-87508,DISP-06915,OMC-003,Rubis Energy,LUB,2025-09-15,245748,FIN-002
INV-63271,DISP-09564,OMC-011,Hass Petroleum,LUB,2026-01-08,248151,FIN-001
INV-88756,DISP-02765,OMC-015,Mombasa Petroleum,HFO,2025-12-30,94102,FIN-002
INV-68934,DISP-06380,OMC-019,Tanzania Petroleum,HFO,2025-05-06,23696,FIN-005
INV-13120,DISP-08369,OMC-007,Kobil,JETA1,2025-04-30,35712,FIN-002
INV-42333,DISP-06532,OMC-006,Hashi Energy,DPK,2025-03-24,56846,FIN-003
INV-89568,DISP-09866,OMC-013,Lake Oil,LPG,2026-05-31,247544,FIN-004
INV-27613,DISP-05807,OMC-006,Hashi Energy,LPG,2025-01-08,100264,FIN-004
INV-24692,DISP-02075,OMC-010,Tamoil,AGO,2026-04-25,34808,FIN-005
INV-98655,DISP-05539,OMC-014,Texol Energies,LUB,2026-06-05,158432,FIN-002
INV-37559,DISP-07878,OMC-004,Gulf Energy,LPG,2026-05-06," KES 110,572 ",FIN-005
INV-26452,DISP-08666,OMC-018,Uganda National Oil,DPK,2026-05-22,61978,FIN-002
INV-70506,DISP-07090,OMC-014,Texol Energies,PMS,2026-02-27,97586,FIN-004
INV-18652,DISP-04550,OMC-008,National Oil,LPG,06/10/2025,208429,FIN-003
INV-42320,DISP-00039,OMC-017,KAA Aviation,DPK,2025-12-23,103170,FIN-005
INV-48646,DISP-03799,OMC-003,Rubis Energy,HFO,2025-05-29,202003,FIN-001
INV-33679,DISP-00603,OMC-011,Hass Petroleum,JETA1,2025-02-07,190018,FIN-004
INV-44576,DISP-01241,OMC-017,KAA Aviation,JETA1,2026-02-26,46902,FIN-005
INV-50021,DISP-02668,OMC-018,Uganda National Oil,LUB,09/09/2025,231213,FIN-005
INV-52772,DISP-05212,OMC-017,KAA Aviation,LUB,2025-09-05,41677,FIN-003
INV-28690,DISP-05107,OMC-018,Uganda National Oil,DPK,2025-10-07,219151,FIN-001
INV-81085,DISP-03823,OMC-007,Kobil,DPK,2025-04-24,190038,FIN-004
INV-44415,DISP-09997,OMC-014,Texol Energies,AGO,2025-04-08,169945,FIN-003
INV-30570,DISP-02896,OMC-010,Tamoil,AGO,2025-04-28,93069,FIN-003
INV-54966,DISP-01584,OMC-018,Uganda National Oil,LUB,2025-01-07,37346,FIN-003
INV-88350,DISP-01046,OMC-008,National Oil,DPK,2025-04-27,39389,FIN-003
INV-79359,DISP-00766,OMC-006,Hashi Energy,LUB,2026-01-15,24790,FIN-001
INV-85474,DISP-06917,OMC-016,KPA Marine,JETA1,2025-10-16,41719,FIN-005
INV-90669,DISP-01339,OMC-019,Tanzania Petroleum,DPK,21/06/2025,44068,FIN-001
INV-87323,DISP-03975,OMC-010,Tamoil,JETA1,27/04/2026,61536,FIN-003
INV-32779,DISP-06572,OMC-015,Mombasa Petroleum,DPK,2026-02-18,54865,FIN-002
INV-80742,DISP-08553,OMC-017,KAA Aviation,JETA1,2026-06-02,239486,FIN-003
INV-91215,DISP-07636,OMC-007,Kobil,PMS,2026-07-07," KES 26,240 ",FIN-004
INV-96472,DISP-08112,OMC-007,Kobil,LPG,2025-07-18,204523,FIN-003
INV-25057,DISP-03451,OMC-017,KAA Aviation,LPG,2025-10-10,147900,FIN-005
INV-75528,DISP-01428,OMC-010,Tamoil,JETA1,2026-01-05,43046,FIN-001
INV-47616,DISP-09146,OMC-001,TotalEnergies Kenya,AGO,2025-01-08,32630,FIN-003
INV-99398,DISP-09349,OMC-012,Galana Energies,HFO,2026-04-22,250276,FIN-005
INV-32002,DISP-09750,OMC-001,TotalEnergies Kenya,JETA1,2025-08-15,28246,FIN-004
INV-78832,DISP-04042,OMC-014,Texol Energies,PMS,,148810,FIN-004
INV-44850,DISP-01327,OMC-007,Kobil,LUB,2026-01-04,121871,FIN-005
INV-50750,DISP-02590,OMC-003,Rubis Energy,DPK,2025-07-06,58461,FIN-001
INV-77598,DISP-04827,OMC-001,TotalEnergies Kenya,HFO,2025-03-16,111476,FIN-004
INV-60692,DISP-01879,OMC-005,PetroOil Kenya,AGO,2026-02-09,30260,FIN-005
INV-32400,DISP-02512,OMC-008,National Oil,LUB,2025-08-02,179457,FIN-001
INV-26930,DISP-04113,OMC-007,Kobil,DPK,2025-07-08,251637,FIN-003
INV-64576,DISP-05528,OMC-007,Kobil,LPG,2025-01-14,240547,FIN-004
INV-37392,DISP-08933,OMC-014,Texol Energies,LUB,2026-02-14,29895,FIN-004
INV-63009,DISP-08083,OMC-018,Uganda National Oil,HFO,2025-07-13,234677,FIN-004
INV-61181,DISP-04078,OMC-004,Gulf Energy,LUB,2026-03-31,243143,FIN-003
INV-65584,DISP-06670,OMC-018,Uganda National Oil,DPK,2025-01-31,254409,FIN-004
INV-90342,DISP-03537,OMC-014,Texol Energies,LUB,2025-03-29,254364,FIN-002
INV-37671,DISP-02496,OMC-006,Hashi Energy,JETA1,2025-09-03,190305,FIN-004
INV-38773,DISP-03747,OMC-020,Ethiopian Oil,LUB,20/07/2025,107085,FIN-004
INV-19295,DISP-08702,OMC-018,Uganda National Oil,LPG,2025-09-12,246378,FIN-004
INV-76192,DISP-04757,OMC-002,Vivo Energy,JETA1,05/04/2025,290565,FIN-005
INV-92754,DISP-01024,OMC-002,Vivo Energy,LPG,2025-08-05,186490,FIN-005
INV-17290,DISP-08941,OMC-002,Vivo Energy,HFO,2025-11-12,149056,FIN-002
INV-94993,DISP-02408,OMC-001,TotalEnergies Kenya,HFO,2026-03-21,103155,FIN-005
INV-86305,DISP-04196,OMC-003,Rubis Energy,HFO,2025-12-28,50622,FIN-001
INV-93428,DISP-08408,OMC-007,Kobil,DPK,2025-12-11,201479,FIN-001
INV-81772,DISP-00151,OMC-003,Rubis Energy,LUB,04/06/2026,37967,FIN-001
INV-42173,DISP-06232,OMC-015,Mombasa Petroleum,PMS,05/07/2026,43176,FIN-003
INV-40892,DISP-03347,OMC-009,Dalbit Petroleum,JETA1,2025-06-16," KES 153,938 ",FIN-002
INV-50888,DISP-05110,OMC-001,TotalEnergies Kenya,JETA1,2025-10-27,115948,FIN-003
INV-73211,DISP-05950,OMC-019,Tanzania Petroleum,LUB,2026-01-12,84934,FIN-003
INV-85708,DISP-02167,OMC-020,Ethiopian Oil,PMS,2025-04-15,181751,FIN-004
INV-53596,DISP-03268,OMC-013,Lake Oil,LUB,2025-05-24,140724,FIN-005
INV-52148,DISP-06646,OMC-016,KPA Marine,AGO,2026-05-12," KES 229,104 ",FIN-002
INV-36958,DISP-01100,OMC-019,Tanzania Petroleum,LUB,2025-08-27,75242,FIN-004
INV-80092,DISP-09829,OMC-020,Ethiopian Oil,PMS,2026-01-18,56624,FIN-001
INV-39618,DISP-07140,OMC-009,Dalbit Petroleum,AGO,2025-07-16,283274,FIN-004
INV-47818,DISP-02366,OMC-020,Ethiopian Oil,LPG,2025-08-12,215965,FIN-005
INV-48610,DISP-00147,OMC-004,Gulf Energy,AGO,2026-02-15,209608,FIN-002
INV-87160,DISP-00189,OMC-002,Vivo Energy,DPK,2026-03-11,47014,FIN-002
INV-97115,DISP-07374,OMC-001,TotalEnergies Kenya,JETA1,2025-05-14,260123,FIN-004
INV-63958,DISP-07938,OMC-010,Tamoil,JETA1,2025-02-27,32488,FIN-005
INV-33097,DISP-01095,OMC-016,KPA Marine,PMS,2026-06-29,63647,FIN-001
INV-33492,DISP-07623,OMC-019,Tanzania Petroleum,LUB,2025-12-03,125958,FIN-002
INV-10552,DISP-03447,OMC-018,Uganda National Oil,DPK,2025-04-17,259575,FIN-001
INV-94441,DISP-04830,OMC-011,Hass Petroleum,PMS,2025-02-05,108366,FIN-003
INV-93000,DISP-07273,OMC-016,KPA Marine,HFO,2025-01-29,53746,FIN-001
INV-81005,DISP-00533,OMC-006,Hashi Energy,PMS,2026-04-05,195132,FIN-005
INV-60412,DISP-09108,OMC-004,Gulf Energy,LUB,2026-04-16,28708,FIN-001
INV-81849,DISP-09356,OMC-013,Lake Oil,JETA1,2025-07-21,47315,FIN-003
INV-26003,DISP-08824,OMC-020,Ethiopian Oil,JETA1,2026-01-11," KES 103,667 ",FIN-001
INV-61017,DISP-00504,OMC-002,Vivo Energy,PMS,2025-12-05,90151,FIN-001
INV-90626,DISP-09515,OMC-001,TotalEnergies Kenya,DPK,2025-08-10,188900,FIN-001
INV-20275,DISP-04429,OMC-004,Gulf Energy,AGO,2026-04-07,23137,FIN-001
INV-99631,DISP-04441,OMC-001,TotalEnergies Kenya,LPG,2026-07-01,143247,FIN-003
INV-71849,DISP-08622,OMC-013,Lake Oil,LPG,2026-06-12,24522,FIN-004
INV-50009,DISP-08253,OMC-001,TotalEnergies Kenya,PMS,2025-08-28,32460,FIN-003
INV-66533,DISP-08728,OMC-006,Hashi Energy,LPG,," KES 51,607 ",FIN-004
INV-68077,DISP-03118,OMC-001,TotalEnergies Kenya,LUB,," KES 48,163 ",FIN-001
INV-45134,DISP-04623,OMC-006,Hashi Energy,JETA1,2025-06-23,129393,FIN-003
INV-64001,DISP-05700,OMC-013,Lake Oil,DPK,2026-04-21,31079,FIN-001
INV-30812,DISP-04440,OMC-016,KPA Marine,PMS,2025-02-10,88467,FIN-003
INV-20269,DISP-05257,OMC-013,Lake Oil,LUB,2025-01-16,140447,FIN-005
INV-30577,DISP-08684,OMC-016,KPA Marine,AGO,2026-03-04,125272,FIN-005
INV-23628,DISP-06813,OMC-017,KAA Aviation,DPK,2025-04-06,198931,FIN-005
INV-29999,DISP-09755,OMC-004,Gulf Energy,PMS,2026-03-12,39979,FIN-002
INV-39406,DISP-07526,OMC-009,Dalbit Petroleum,LPG,2026-04-07,43335,FIN-005
INV-19707,DISP-06738,OMC-018,Uganda National Oil,LUB,2025-07-03,156404,FIN-001
INV-59962,DISP-00360,OMC-004,Gulf Energy,PMS,13/03/2026,64169,FIN-003
INV-38356,DISP-07547,OMC-002,Vivo Energy,JETA1,2025-10-08,46456,FIN-001
INV-91575,DISP-01320,OMC-011,Hass Petroleum,PMS,2026-03-12,122261,FIN-003
INV-32737,DISP-05193,OMC-001,TotalEnergies Kenya,HFO,2025-01-12,214894,FIN-005
INV-35368,DISP-01222,OMC-002,Vivo Energy,LUB,2025-08-07,25778,FIN-003
INV-34984,DISP-06220,OMC-007,Kobil,HFO,2025-05-01,195207,FIN-004
INV-27759,DISP-09080,OMC-007,Kobil,DPK,2025-07-29,61176,FIN-005
INV-57351,DISP-03718,OMC-016,KPA Marine,LUB,25/02/2026,123044,FIN-004
INV-88850,DISP-04708,OMC-018,Uganda National Oil,DPK,2025-04-07," KES 229,430 ",FIN-003
INV-22332,DISP-04828,OMC-012,Galana Energies,LPG,2026-04-07,35654,FIN-005
INV-41972,DISP-09623,OMC-007,Kobil,DPK,2025-04-27,31326,FIN-004
INV-96742,DISP-03977,OMC-006,Hashi Energy,LPG,2025-01-24,169170,FIN-004
INV-78101,DISP-04884,OMC-001,TotalEnergies Kenya,LPG,2025-10-24,33205,FIN-001
INV-60213,DISP-04337,OMC-020,Ethiopian Oil,PMS,2026-05-02,64053,FIN-003
INV-96329,DISP-04599,OMC-002,Vivo Energy,JETA1,2026-04-03,43511,FIN-004
INV-99596,DISP-00523,OMC-018,Uganda National Oil,AGO,2025-03-02," KES 36,078 ",FIN-001
INV-22819,DISP-09947,OMC-003,Rubis Energy,AGO,2026-04-06,170646,FIN-002
INV-37602,DISP-00877,OMC-008,National Oil,LPG,2025-09-23,39210,FIN-004
INV-97163,DISP-09538,OMC-018,Uganda National Oil,PMS,2025-05-26,196960,FIN-001
INV-66315,DISP-01505,OMC-009,Dalbit Petroleum,AGO,2025-11-05,37053,FIN-002
INV-86990,DISP-08413,OMC-003,Rubis Energy,LPG,2026-01-16,113880,FIN-005
INV-54006,DISP-05656,OMC-008,National Oil,LPG,2025-02-07,253691,FIN-005
INV-68801,DISP-00232,OMC-005,PetroOil Kenya,JETA1,2026-04-27,181990,FIN-005
INV-36379,DISP-09359,OMC-015,Mombasa Petroleum,PMS,2025-05-12,153399,FIN-001
INV-79790,DISP-07874,OMC-001,TotalEnergies Kenya,JETA1,2025-08-18,147050,FIN-003
INV-16534,DISP-05187,OMC-006,Hashi Energy,PMS,2025-11-12,22175,FIN-001
INV-87907,DISP-09360,OMC-016,KPA Marine,PMS,2025-10-22,83137,FIN-001
INV-84832,DISP-04056,OMC-008,National Oil,DPK,2026-03-15,21603,FIN-003
INV-35268,DISP-00602,OMC-009,Dalbit Petroleum,LPG,2025-04-26,93882,FIN-003
INV-76121,DISP-03936,OMC-018,Uganda National Oil,LPG,2026-06-01,211725,FIN-001
INV-40997,DISP-09113,OMC-005,PetroOil Kenya,LPG,2026-03-02,293810,FIN-001
INV-53598,DISP-09490,OMC-006,Hashi Energy,LPG,2025-03-07,198081,FIN-002
INV-90409,DISP-00923,OMC-020,Ethiopian Oil,LUB,2025-10-23,51657,FIN-003
INV-54940,DISP-07439,OMC-004,Gulf Energy,HFO,2026-03-19,30444,FIN-002
INV-37647,DISP-01896,OMC-009,Dalbit Petroleum,PMS,2025-01-25,29629,FIN-005
INV-25024,DISP-03204,OMC-020,Ethiopian Oil,AGO,2025-03-18,152094,FIN-002
INV-68076,DISP-04578,OMC-008,National Oil,DPK,2025-03-30," KES 62,260 ",FIN-001
INV-91842,DISP-00775,OMC-009,Dalbit Petroleum,HFO,2026-02-18,145693,FIN-004
INV-51288,DISP-05473,OMC-020,Ethiopian Oil,AGO,2026-01-15,45601,FIN-005
INV-45677,DISP-07733,OMC-011,Hass Petroleum,HFO,2026-04-17,30193,FIN-003
INV-64361,DISP-00113,OMC-013,Lake Oil,PMS,2025-05-17,132377,FIN-001
INV-65542,DISP-09612,OMC-006,Hashi Energy,HFO,2025-09-13,21935,FIN-005
INV-82068,DISP-06795,OMC-014,Texol Energies,PMS,2026-03-24,39080,FIN-004
INV-93859,DISP-01651,OMC-001,TotalEnergies Kenya,PMS,2026-03-29,46724,FIN-004
INV-86296,DISP-01383,OMC-010,Tamoil,AGO,2026-02-17,23638,FIN-001
INV-97315,DISP-05602,OMC-008,National Oil,LPG,2025-09-18,204465,FIN-004
INV-25918,DISP-02152,OMC-010,Tamoil,HFO,2026-04-12,159315,FIN-001
INV-44385,DISP-01450,OMC-005,PetroOil Kenya,LUB,2026-03-05,117002,FIN-001
INV-15377,DISP-06588,OMC-015,Mombasa Petroleum,DPK,2025-06-02,41991,FIN-003
INV-73012,DISP-09619,OMC-005,PetroOil Kenya,HFO,2026-05-03,261050,FIN-002
INV-77231,DISP-04294,OMC-013,Lake Oil,AGO,2026-05-26,128925,FIN-005
INV-36677,DISP-01908,OMC-013,Lake Oil,DPK,2026-04-07,212844,FIN-005
INV-17472,DISP-04977,OMC-012,Galana Energies,JETA1,2026-04-16,131162,FIN-005
INV-41141,DISP-05285,OMC-017,KAA Aviation,DPK,2025-06-15,41737,FIN-003
INV-71554,DISP-09478,OMC-011,Hass Petroleum,LPG,2026-03-28,50624,FIN-004
INV-15280,DISP-04387,OMC-007,Kobil,HFO,2026-01-16," KES 159,350 ",FIN-005
INV-92449,DISP-04951,OMC-010,Tamoil,AGO,2025-04-17," KES 112,382 ",FIN-002
INV-46679,DISP-02513,OMC-009,Dalbit Petroleum,JETA1,2025-08-20,134719,FIN-003
INV-42855,DISP-07296,OMC-005,PetroOil Kenya,AGO,2026-02-18,200136,FIN-002
INV-55595,DISP-05413,OMC-017,KAA Aviation,LPG,2026-05-06,119173,FIN-001
INV-40147,DISP-07411,OMC-004,Gulf Energy,LUB,2026-02-24,31873,FIN-004
INV-69261,DISP-07637,OMC-001,TotalEnergies Kenya,DPK,2026-02-21,48751,FIN-004
INV-31578,DISP-02015,OMC-019,Tanzania Petroleum,DPK,2025-04-26,61865,FIN-003
INV-82234,DISP-08200,OMC-003,Rubis Energy,JETA1,2026-02-14,215413,FIN-003
INV-36483,DISP-04344,OMC-016,KPA Marine,LPG,2025-04-15,152993,FIN-004
INV-67951,DISP-00997,OMC-001,TotalEnergies Kenya,HFO,2026-02-24,151166,FIN-002
INV-71858,DISP-08786,OMC-002,Vivo Energy,DPK,2026-02-08,170441,FIN-003
INV-18409,DISP-03216,OMC-008,National Oil,LUB,2025-07-26,151599,FIN-003
INV-98129,DISP-00515,OMC-011,Hass Petroleum,DPK,2026-03-20,261421,FIN-004
INV-21496,DISP-07895,OMC-018,Uganda National Oil,LPG,2025-06-10,33702,FIN-004
INV-47683,DISP-06005,OMC-006,Hashi Energy,PMS,2026-06-18,61767,FIN-001
INV-62656,DISP-00013,OMC-019,Tanzania Petroleum,DPK,2026-06-23,122220,FIN-005
INV-60875,DISP-06211,OMC-001,TotalEnergies Kenya,AGO,2025-10-29,175618,FIN-002
INV-81280,DISP-06912,OMC-017,KAA Aviation,PMS,2026-02-18,235791,FIN-002
INV-99702,DISP-03874,OMC-003,Rubis Energy,PMS,2025-02-24,152113,FIN-001
INV-83945,DISP-04456,OMC-005,PetroOil Kenya,PMS,2026-04-02,88750,FIN-002
INV-91771,DISP-07115,OMC-015,Mombasa Petroleum,JETA1,2025-11-01,128875,FIN-005
INV-14605,DISP-05350,OMC-006,Hashi Energy,JETA1,2026-01-06,85597,FIN-005
INV-46740,DISP-02064,OMC-008,National Oil,JETA1,2026-03-05,150427,FIN-005
INV-75422,DISP-04992,OMC-006,Hashi Energy,LUB,2026-03-17,183934,FIN-001
INV-42987,DISP-07660,OMC-009,Dalbit Petroleum,HFO,2025-01-31," KES 162,763 ",FIN-001
INV-97901,DISP-03362,OMC-020,Ethiopian Oil,DPK,2025-06-01,48343,FIN-001
INV-67191,DISP-06313,OMC-011,Hass Petroleum,JETA1,2025-11-26,236334,FIN-002
INV-63333,DISP-06921,OMC-008,National Oil,HFO,2025-11-12,35815,FIN-004
INV-11447,DISP-06989,OMC-014,Texol Energies,JETA1,2025-07-28,58707,FIN-005
INV-23720,DISP-05691,OMC-020,Ethiopian Oil,DPK,2025-07-05,249092,FIN-004
INV-88337,DISP-03979,OMC-017,KAA Aviation,LUB,2025-03-31,103438,FIN-001
INV-60561,DISP-09852,OMC-003,Rubis Energy,PMS,2026-02-20,23773,FIN-001
INV-89144,DISP-03039,OMC-017,KAA Aviation,JETA1,2026-07-08,54156,FIN-003
INV-64328,DISP-06021,OMC-003,Rubis Energy,JETA1,2025-07-18,71640,FIN-005
INV-88232,DISP-05019,OMC-019,Tanzania Petroleum,AGO,2025-07-29,157802,FIN-003
INV-40584,DISP-02043,OMC-011,Hass Petroleum,DPK,2025-12-19,49685,FIN-002
INV-57483,DISP-05730,OMC-014,Texol Energies,JETA1,2026-03-26,129182,FIN-004
INV-89244,DISP-03093,OMC-015,Mombasa Petroleum,LPG,11/06/2025,104305,FIN-004
INV-47746,DISP-05329,OMC-007,Kobil,JETA1,2026-03-20,262022,FIN-004
INV-43648,DISP-00276,OMC-004,Gulf Energy,HFO,2026-04-05,49131,FIN-004
INV-75164,DISP-01543,OMC-011,Hass Petroleum,AGO,2025-02-26,155011,FIN-002
INV-77796,DISP-09928,OMC-004,Gulf Energy,LUB,2026-03-23,25071,FIN-002
INV-68249,DISP-07202,OMC-017,KAA Aviation,AGO,2025-09-06," KES 59,889 ",FIN-005
INV-54866,DISP-03463,OMC-012,Galana Energies,LUB,2026-03-08,197681,FIN-001
INV-25583,DISP-09230,OMC-017,KAA Aviation,PMS,2025-07-01,154038,FIN-001
INV-53532,DISP-07419,OMC-014,Texol Energies,PMS,2025-01-22,104352,FIN-004
INV-24054,DISP-07646,OMC-007,Kobil,PMS,20/08/2025,43353,FIN-005
INV-63394,DISP-03730,OMC-015,Mombasa Petroleum,DPK,2025-02-28,57576,FIN-002
INV-38212,DISP-02123,OMC-013,Lake Oil,LPG,2025-04-23,57851,FIN-005
INV-84256,DISP-07497,OMC-008,National Oil,PMS,2026-06-29,60024,FIN-005
INV-56165,DISP-00100,OMC-002,Vivo Energy,LPG,,256426,FIN-002
INV-64025,DISP-05330,OMC-018,Uganda National Oil,PMS,2025-12-20,127954,FIN-002
INV-99779,DISP-07461,OMC-003,Rubis Energy,HFO,,50231,FIN-005
INV-68586,DISP-08070,OMC-006,Hashi Energy,PMS,2025-11-02,88429,FIN-003
INV-30984,DISP-00521,OMC-019,Tanzania Petroleum,LPG,2025-05-14,182658,FIN-003
INV-58186,DISP-08371,OMC-004,Gulf Energy,AGO,2026-04-17,212930,FIN-004
INV-42006,DISP-06251,OMC-020,Ethiopian Oil,LUB,2026-03-23,31970,FIN-005
INV-11732,DISP-08293,OMC-001,TotalEnergies Kenya,DPK,2025-11-28,181942,FIN-002
INV-92387,DISP-05247,OMC-009,Dalbit Petroleum,JETA1,2026-05-14,35337,FIN-001
INV-67033,DISP-01597,OMC-008,National Oil,HFO,2025-03-23,25814,FIN-004
INV-26126,DISP-02619,OMC-011,Hass Petroleum,JETA1,2025-09-04,196267,FIN-002
INV-10841,DISP-05959,OMC-010,Tamoil,LUB,2025-10-16," KES 78,177 ",FIN-002
INV-27971,DISP-06779,OMC-016,KPA Marine,JETA1,2025-02-20,173291,FIN-003
INV-95304,DISP-04694,OMC-006,Hashi Energy,LUB,2025-09-01,271673,FIN-005
INV-32276,DISP-00472,OMC-006,Hashi Energy,DPK,2026-03-28,223053,FIN-003
INV-32445,DISP-00371,OMC-014,Texol Energies,LPG,2025-06-09,27196,FIN-002
INV-98029,DISP-03879,OMC-015,Mombasa Petroleum,LUB,2025-11-21,139142,FIN-004
INV-90520,DISP-09832,OMC-019,Tanzania Petroleum,PMS,2025-04-08,98399,FIN-005
INV-52552,DISP-09074,OMC-019,Tanzania Petroleum,DPK,2025-05-14,234242,FIN-003
INV-38741,DISP-07807,OMC-013,Lake Oil,DPK,2025-07-21,41389,FIN-002
INV-73566,DISP-04366,OMC-016,KPA Marine,LPG,2025-06-01,56429,FIN-002
INV-81809,DISP-09934,OMC-010,Tamoil,JETA1,2026-05-09,31294,FIN-004
INV-99731,DISP-01386,OMC-010,Tamoil,AGO,2026-02-03,37952,FIN-002
INV-63110,DISP-07492,OMC-001,TotalEnergies Kenya,DPK,2025-12-12,140800,FIN-002
INV-88137,DISP-04145,OMC-015,Mombasa Petroleum,PMS,2026-05-24,253376,FIN-003
INV-90552,DISP-05971,OMC-005,PetroOil Kenya,LUB,2026-03-30,173411,FIN-001
INV-32400,DISP-02512,OMC-008,National Oil,LUB,2025-08-02,179457,FIN-001
INV-61756,DISP-00870,OMC-016,KPA Marine,LPG,2025-07-23,259075,FIN-002
INV-59769,DISP-03435,OMC-008,National Oil,JETA1,2025-12-10,57633,FIN-001
INV-10148,DISP-09022,OMC-015,Mombasa Petroleum,LUB,23/11/2025,212551,FIN-001
INV-61709,DISP-05787,OMC-006,Hashi Energy,AGO,2026-03-21," KES 24,194 ",FIN-001
INV-56142,DISP-06478,OMC-010,Tamoil,DPK,2026-02-13,23246,FIN-002
INV-65135,DISP-05197,OMC-019,Tanzania Petroleum,LUB,2025-03-02,166063,FIN-003
INV-19591,DISP-01236,OMC-020,Ethiopian Oil,DPK,2025-06-03,124998,FIN-004
INV-34256,DISP-04485,OMC-005,PetroOil Kenya,JETA1,2026-04-07,239796,FIN-001
INV-34037,DISP-03921,OMC-019,Tanzania Petroleum,LUB,2025-02-23,221372,FIN-002
INV-25441,DISP-09331,OMC-005,PetroOil Kenya,LUB,2026-03-13,23090,FIN-004
INV-73164,DISP-05894,OMC-020,Ethiopian Oil,AGO,2025-12-01,41143,FIN-002
INV-97214,DISP-07683,OMC-016,KPA Marine,HFO,2025-03-14,50854,FIN-005
INV-45395,DISP-06857,OMC-012,Galana Energies,JETA1,2026-03-11,203425,FIN-004
INV-55341,DISP-08872,OMC-004,Gulf Energy,LPG,2026-04-14,263284,FIN-004
INV-83078,DISP-09704,OMC-014,Texol Energies,DPK,2025-09-09,40253,FIN-003
INV-21179,DISP-07537,OMC-020,Ethiopian Oil,LPG,2025-06-02,240357,FIN-004
INV-48484,DISP-00942,OMC-007,Kobil,LUB,2026-03-04,62925,FIN-004
INV-42193,DISP-05411,OMC-013,Lake Oil,PMS,2025-05-11,264112,FIN-003
INV-28922,DISP-00720,OMC-015,Mombasa Petroleum,LUB,2025-01-12," KES 138,435 ",FIN-004
INV-80442,DISP-09693,OMC-007,Kobil,JETA1,2025-01-28,47015,FIN-005
INV-39801,DISP-01316,OMC-018,Uganda National Oil,DPK,2025-09-07,274720,FIN-005
INV-63767,DISP-05617,OMC-011,Hass Petroleum,HFO,2025-10-28,216119,FIN-005
INV-35648,DISP-03690,OMC-011,Hass Petroleum,JETA1,2025-07-12,258178,FIN-001
INV-16966,DISP-04329,OMC-007,Kobil,JETA1,2025-12-27,131051,FIN-005
INV-88897,DISP-09859,OMC-015,Mombasa Petroleum,LUB,2025-04-14,57155,FIN-002
INV-15473,DISP-04543,OMC-013,Lake Oil,LPG,2025-06-21,268818,FIN-005
INV-34779,DISP-05744,OMC-010,Tamoil,PMS,2026-02-01,234049,FIN-005
INV-86408,DISP-02966,OMC-011,Hass Petroleum,LUB,22/01/2025,166351,FIN-002
INV-64150,DISP-07110,OMC-008,National Oil,LUB,19/09/2025,46439,FIN-004
INV-71034,DISP-03411,OMC-007,Kobil,LPG,2025-07-22,190361,FIN-004
INV-65817,DISP-01844,OMC-009,Dalbit Petroleum,HFO,2025-03-08,53268,FIN-005
INV-30513,DISP-09124,OMC-017,KAA Aviation,HFO,2026-04-26,44363,FIN-002
INV-57356,DISP-01210,OMC-013,Lake Oil,PMS,2026-05-24,28262,FIN-003
INV-22721,DISP-01781,OMC-020,Ethiopian Oil,HFO,24/01/2025,170446,FIN-004
INV-23048,DISP-07256,OMC-011,Hass Petroleum,DPK,2025-05-17,197913,FIN-005
INV-68040,DISP-09596,OMC-009,Dalbit Petroleum,DPK,2026-01-28,218573,FIN-005
INV-76439,DISP-08568,OMC-010,Tamoil,LUB,2025-06-10,59050,FIN-004
INV-26389,DISP-01541,OMC-009,Dalbit Petroleum,LUB,2025-03-18,28574,FIN-005
INV-81109,DISP-08971,OMC-010,Tamoil,DPK,2026-05-19,86352,FIN-004
INV-40196,DISP-01645,OMC-019,Tanzania Petroleum,JETA1,2025-06-04,151916,FIN-003
INV-89747,DISP-05216,OMC-018,Uganda National Oil,HFO,2025-04-07,292747,FIN-001
INV-63439,DISP-04763,OMC-004,Gulf Energy,LPG,2026-03-15,23288,FIN-001
INV-16542,DISP-04593,OMC-004,Gulf Energy,LUB,2026-03-21,268152,FIN-002
INV-54573,DISP-02823,OMC-009,Dalbit Petroleum,JETA1,2025-10-02,33912,FIN-001
INV-92744,DISP-08731,OMC-002,Vivo Energy,LPG,2025-11-11,32098,FIN-005
INV-63379,DISP-00434,OMC-004,Gulf Energy,LPG,2026-02-21,17233,FIN-001
INV-91199,DISP-03297,OMC-006,Hashi Energy,AGO,2025-10-23,39471,FIN-004
INV-83098,DISP-09286,OMC-015,Mombasa Petroleum,PMS,2025-09-07,40521,FIN-003
INV-38969,DISP-05782,OMC-001,TotalEnergies Kenya,LUB,2025-05-27,222461,FIN-004
INV-36326,DISP-02137,OMC-008,National Oil,DPK,08/12/2025,190280,FIN-004
INV-20525,DISP-02051,OMC-003,Rubis Energy,LUB,2025-07-11,27548,FIN-005
INV-28303,DISP-07191,OMC-005,PetroOil Kenya,LPG,2026-04-08,22311,FIN-002
INV-46593,DISP-00783,OMC-004,Gulf Energy,AGO,2026-02-28,37770,FIN-002
INV-18700,DISP-06001,OMC-002,Vivo Energy,DPK,2026-02-03,219641,FIN-005
INV-90022,DISP-03224,OMC-010,Tamoil,AGO,2025-08-24,51217,FIN-004
INV-28435,DISP-05595,OMC-013,Lake Oil,LUB,2026-06-09,224747,FIN-002
INV-46666,DISP-08588,OMC-014,Texol Energies,LUB,,28151,FIN-003
INV-55967,DISP-09438,OMC-015,Mombasa Petroleum,JETA1,01/08/2025,178321,FIN-001
INV-88093,DISP-00886,OMC-006,Hashi Energy,JETA1,2026-01-16,232001,FIN-004
INV-18577,DISP-01921,OMC-018,Uganda National Oil,JETA1,2026-02-09,35533,FIN-003
INV-49856,DISP-09903,OMC-007,Kobil,LUB,2026-04-21,78680,FIN-002
INV-92020,DISP-08162,OMC-015,Mombasa Petroleum,JETA1,2025-07-21,40834,FIN-001
INV-44897,DISP-05898,OMC-015,Mombasa Petroleum,JETA1,2025-03-17,117581,FIN-003
INV-95943,DISP-08548,OMC-013,Lake Oil,HFO,2025-12-16,193466,FIN-005
INV-47235,DISP-04574,OMC-009,Dalbit Petroleum,JETA1,2025-05-05,113318,FIN-001
INV-93971,DISP-03439,OMC-003,Rubis Energy,AGO,2025-02-21,41182,FIN-004
INV-96559,DISP-02858,OMC-006,Hashi Energy,LPG,2025-04-08,137671,FIN-005
INV-65150,DISP-09967,OMC-009,Dalbit Petroleum,PMS,2026-04-23,110950,FIN-002
INV-32715,DISP-01832,OMC-013,Lake Oil,LUB,2025-02-09,108832,FIN-004
INV-12817,DISP-03078,OMC-002,Vivo Energy,JETA1,2025-04-27," KES 221,179 ",FIN-001
INV-13726,DISP-06899,OMC-002,Vivo Energy,DPK,2025-02-11,58932,FIN-003
INV-73770,DISP-08166,OMC-014,Texol Energies,LPG,2025-10-29,87545,FIN-003
INV-82623,DISP-08287,OMC-003,Rubis Energy,HFO,2025-02-23,227215,FIN-004
INV-83641,DISP-03743,OMC-015,Mombasa Petroleum,LUB,2025-09-12,23345,FIN-004
INV-87118,DISP-09452,OMC-010,Tamoil,HFO,2025-04-13,60519,FIN-005
INV-26254,DISP-03282,OMC-004,Gulf Energy,AGO,2026-02-25,53758,FIN-001
INV-23592,DISP-04065,OMC-001,TotalEnergies Kenya,LPG,2025-02-06,196399,FIN-001
INV-28363,DISP-01723,OMC-011,Hass Petroleum,PMS,2025-04-16,158032,FIN-004
INV-20948,DISP-02006,OMC-004,Gulf Energy,DPK,2026-02-15,31165,FIN-005
INV-52136,DISP-02964,OMC-020,Ethiopian Oil,LUB,2025-05-01,184132,FIN-004
INV-45985,DISP-04258,OMC-009,Dalbit Petroleum,PMS,2025-11-04,169947,FIN-003
INV-62045,DISP-00269,OMC-014,Texol Energies,JETA1,2025-10-13,159471,FIN-001
INV-96301,DISP-06147,OMC-019,Tanzania Petroleum,LPG,2025-09-04,31802,FIN-005
INV-65012,DISP-02891,OMC-007,Kobil,PMS,2026-03-25," KES 60,176 ",FIN-004
INV-11648,DISP-00974,OMC-013,Lake Oil,AGO,22/01/2026,31235,FIN-004
INV-55548,DISP-08966,OMC-006,Hashi Energy,HFO,2025-11-03,162589,FIN-003
INV-94405,DISP-01079,OMC-014,Texol Energies,LUB,2026-02-20,140549,FIN-001
INV-72319,DISP-09480,OMC-008,National Oil,AGO,2026-05-02,259279,FIN-004
INV-33796,DISP-03218,OMC-002,Vivo Energy,JETA1,2026-02-28,262343,FIN-001
INV-36132,DISP-06935,OMC-015,Mombasa Petroleum,AGO,2025-02-18,254084,FIN-002
INV-80144,DISP-09861,OMC-006,Hashi Energy,JETA1,2025-06-15,57505,FIN-005
INV-53972,DISP-06510,OMC-015,Mombasa Petroleum,LUB,,51483,FIN-003
INV-39772,DISP-08462,OMC-013,Lake Oil,JETA1,2026-04-13,163500,FIN-001
INV-62549,DISP-04189,OMC-018,Uganda National Oil,JETA1,2025-12-06,42967,FIN-002
INV-49323,DISP-01063,OMC-013,Lake Oil,LPG,2025-05-06,33261,FIN-004
INV-62634,DISP-04815,OMC-004,Gulf Energy,HFO,2026-03-08,117908,FIN-003
INV-62291,DISP-03196,OMC-016,KPA Marine,LUB,2025-10-31,271853,FIN-003
INV-79344,DISP-08203,OMC-005,PetroOil Kenya,AGO,2026-04-19,205715,FIN-001
INV-11085,DISP-01893,OMC-020,Ethiopian Oil,DPK,2026-05-24,212289,FIN-004
INV-71640,DISP-03750,OMC-015,Mombasa Petroleum,HFO,2026-03-02,61989,FIN-002
INV-17792,DISP-00768,OMC-003,Rubis Energy,LUB,2025-07-07,30631,FIN-003
INV-29010,DISP-03957,OMC-016,KPA Marine,LUB,2025-08-31,94881,FIN-001
INV-43508,DISP-07433,OMC-020,Ethiopian Oil,PMS,2025-07-12,117391,FIN-001
INV-95082,DISP-00820,OMC-003,Rubis Energy,AGO,2025-12-05,112480,FIN-001
INV-33713,DISP-08018,OMC-006,Hashi Energy,HFO,2025-07-28,210905,FIN-004
INV-25709,DISP-07524,OMC-016,KPA Marine,HFO,,163432,FIN-001
INV-79218,DISP-02943,OMC-002,Vivo Energy,JETA1,2026-05-07,60975,FIN-004
INV-81585,DISP-02643,OMC-018,Uganda National Oil,LPG,2025-03-10,24134,FIN-002
INV-60240,DISP-09523,OMC-002,Vivo Energy,HFO,2025-02-04,203337,FIN-005
INV-28275,DISP-07748,OMC-004,Gulf Energy,AGO,2026-04-18,30191,FIN-005
INV-88141,DISP-01920,OMC-003,Rubis Energy,LUB,2025-12-03,110020,FIN-003
INV-21325,DISP-05627,OMC-001,TotalEnergies Kenya,DPK,2026-05-06,89068,FIN-005
INV-76703,DISP-04803,OMC-003,Rubis Energy,DPK,2025-04-24,192044,FIN-002
INV-57648,DISP-07522,OMC-018,Uganda National Oil,HFO,2026-06-19,107789,FIN-003
INV-19581,DISP-01955,OMC-005,PetroOil Kenya,PMS,2026-03-11,44103,FIN-004
INV-87244,DISP-00957,OMC-006,Hashi Energy,HFO,2026-05-29,196297,FIN-003
INV-70494,DISP-03623,OMC-013,Lake Oil,HFO,2026-04-15,109143,FIN-005
INV-47678,DISP-01249,OMC-003,Rubis Energy,JETA1,2026-05-23,35295,FIN-001
INV-25834,DISP-08486,OMC-013,Lake Oil,LUB,2026-03-21,27888,FIN-001
INV-90269,DISP-07929,OMC-011,Hass Petroleum,LPG,,127961,FIN-005
INV-17281,DISP-08676,OMC-010,Tamoil,PMS,2025-11-01,201189,FIN-003
INV-93622,DISP-07007,OMC-004,Gulf Energy,JETA1,2026-02-11,25060,FIN-002
INV-85070,DISP-00334,OMC-015,Mombasa Petroleum,JETA1,2025-01-30,229443,FIN-005
INV-62345,DISP-08219,OMC-009,Dalbit Petroleum,HFO,,227401,FIN-004
INV-85408,DISP-05008,OMC-015,Mombasa Petroleum,DPK,2025-04-01,37442,FIN-004
INV-63100,DISP-05057,OMC-016,KPA Marine,PMS,2026-04-03,200465,FIN-001
INV-33816,DISP-02720,OMC-017,KAA Aviation,PMS,2025-02-15,48702,FIN-003
INV-25777,DISP-07499,OMC-016,KPA Marine,LPG,2025-01-15,49993,FIN-004
INV-64665,DISP-01635,OMC-020,Ethiopian Oil,LUB,2025-08-08,174875,FIN-001
INV-43755,DISP-07558,OMC-014,Texol Energies,DPK,2026-03-18,263779,FIN-003
INV-14003,DISP-09483,OMC-001,TotalEnergies Kenya,AGO,2025-03-26,48135,FIN-004
INV-91145,DISP-03970,OMC-013,Lake Oil,LUB,2025-08-19,57379,FIN-002
INV-45142,DISP-04012,OMC-002,Vivo Energy,JETA1,2026-03-02,31521,FIN-003
INV-77351,DISP-01098,OMC-010,Tamoil,DPK,2025-06-22,223990,FIN-005
INV-45373,DISP-09536,OMC-017,KAA Aviation,LPG,2025-10-06,168659,FIN-005
INV-11632,DISP-07981,OMC-018,Uganda National Oil,DPK,2026-06-08,139523,FIN-001
INV-92693,DISP-03927,OMC-005,PetroOil Kenya,JETA1,2026-04-24,44195,FIN-004
INV-76398,DISP-02425,OMC-003,Rubis Energy,HFO,2025-05-31,264931,FIN-005
INV-76565,DISP-07313,OMC-017,KAA Aviation,LUB,2025-03-31,40873,FIN-001
INV-36893,DISP-06918,OMC-002,Vivo Energy,AGO,2025-04-30,46755,FIN-002
INV-82579,DISP-00018,OMC-012,Galana Energies,LUB,2026-03-02,277934,FIN-004
INV-94566,DISP-04161,OMC-002,Vivo Energy,LUB,04/05/2026,211722,FIN-003
INV-46364,DISP-05809,OMC-015,Mombasa Petroleum,PMS,2026-06-16,82412,FIN-004
INV-54596,DISP-09521,OMC-009,Dalbit Petroleum,JETA1,2026-04-19,123523,FIN-005
INV-48152,DISP-02362,OMC-015,Mombasa Petroleum,PMS,2025-06-19,103533,FIN-004
INV-92325,DISP-03392,OMC-007,Kobil,JETA1,2025-12-17,31960,FIN-001
INV-71467,DISP-08356,OMC-003,Rubis Energy,AGO,2025-11-04,214177,FIN-004
INV-89085,DISP-02011,OMC-012,Galana Energies,LUB,2026-02-14,263166,FIN-001
INV-73463,DISP-07217,OMC-011,Hass Petroleum,LUB,2025-10-28,254304,FIN-003
INV-25378,DISP-07043,OMC-014,Texol Energies,PMS,2026-04-21,216666,FIN-001
INV-21852,DISP-03377,OMC-008,National Oil,LUB,2025-12-07,118059,FIN-002
INV-21135,DISP-02897,OMC-014,Texol Energies,PMS,2025-07-17,157367,FIN-003
INV-60277,DISP-06316,OMC-007,Kobil,LPG,2025-03-11,111214,FIN-004
INV-65048,DISP-03524,OMC-015,Mombasa Petroleum,HFO,2026-06-30,61045,FIN-003
INV-69330,DISP-04521,OMC-012,Galana Energies,LUB,2026-03-14,52076,FIN-003
INV-58526,DISP-05377,OMC-006,Hashi Energy,LUB,2025-06-21,222236,FIN-004
INV-58697,DISP-01472,OMC-016,KPA Marine,JETA1,2025-02-27,29499,FIN-002
INV-15468,DISP-05025,OMC-015,Mombasa Petroleum,LUB,2026-06-14,222833,FIN-002
INV-89028,DISP-06559,OMC-002,Vivo Energy,LUB,2025-05-01,169205,FIN-005
INV-19397,DISP-04565,OMC-008,National Oil,DPK,2025-03-16,60031,FIN-001
INV-82352,DISP-04427,OMC-011,Hass Petroleum,LPG,2026-06-30,31564,FIN-002
INV-64435,DISP-08892,OMC-019,Tanzania Petroleum,DPK,2025-08-16,54708,FIN-004
INV-37835,DISP-01167,OMC-015,Mombasa Petroleum,JETA1,2025-10-25," KES 232,750 ",FIN-002
INV-36340,DISP-07901,OMC-010,Tamoil,JETA1,2025-02-05,141552,FIN-002
INV-25654,DISP-00482,OMC-008,National Oil,JETA1,2025-12-19,181069,FIN-002
INV-45034,DISP-02742,OMC-014,Texol Energies,AGO,2025-10-04,188141,FIN-004
INV-33409,DISP-09411,OMC-015,Mombasa Petroleum,DPK,2025-05-26,193780,FIN-002
INV-82325,DISP-09209,OMC-002,Vivo Energy,LPG,2025-01-13,268541,FIN-005
INV-57468,DISP-01340,OMC-011,Hass Petroleum,DPK,2026-06-07,27537,FIN-002
INV-61182,DISP-06036,OMC-018,Uganda National Oil,HFO,2025-11-01,46415,FIN-001
INV-65379,DISP-02337,OMC-017,KAA Aviation,HFO,2026-04-10,105996,FIN-002
INV-33381,DISP-09568,OMC-007,Kobil,DPK,2025-11-18,129103,FIN-005
INV-59188,DISP-06182,OMC-016,KPA Marine,PMS,2026-02-06,25922,FIN-001
INV-30394,DISP-04844,OMC-020,Ethiopian Oil,DPK,2026-04-12,111094,FIN-003
INV-67043,DISP-07908,OMC-019,Tanzania Petroleum,HFO,2025-03-15,131192,FIN-003
INV-25952,DISP-00926,OMC-013,Lake Oil,JETA1,,217599,FIN-005
INV-72411,DISP-09617,OMC-006,Hashi Energy,HFO,2025-08-27,158961,FIN-004
INV-83477,DISP-09078,OMC-013,Lake Oil,AGO,2025-12-27,170101,FIN-003
INV-79249,DISP-03884,OMC-013,Lake Oil,LPG,2025-12-19,99659,FIN-001
INV-46736,DISP-01780,OMC-017,KAA Aviation,LPG,2026-03-02,239080,FIN-005
INV-90406,DISP-09250,OMC-004,Gulf Energy,LPG,2026-04-14,161608,FIN-003
INV-28552,DISP-03826,OMC-009,Dalbit Petroleum,AGO,2025-12-24,27532,FIN-004
INV-84575,DISP-09855,OMC-003,Rubis Energy,LPG,2025-04-23,78689,FIN-002
INV-15403,DISP-02805,OMC-017,KAA Aviation,AGO,2026-03-14,133616,FIN-005
INV-93620,DISP-09691,OMC-019,Tanzania Petroleum,JETA1,2025-04-27,32434,FIN-004
INV-17094,DISP-02670,OMC-003,Rubis Energy,DPK,,21215,FIN-005
INV-90295,DISP-03193,OMC-016,KPA Marine,AGO,2026-02-21,25859,FIN-005
INV-65864,DISP-02412,OMC-001,TotalEnergies Kenya,JETA1,2025-04-15,142392,FIN-001
INV-57628,DISP-04422,OMC-010,Tamoil,AGO,2025-12-15,36122,FIN-001
INV-68970,DISP-06081,OMC-016,KPA Marine,PMS,2026-06-26,75406,FIN-005
INV-74042,DISP-07424,OMC-003,Rubis Energy,AGO,2025-10-12,32129,FIN-005
INV-61489,DISP-01807,OMC-013,Lake Oil,HFO,2026-05-25,260847,FIN-003
INV-52763,DISP-06884,OMC-005,PetroOil Kenya,JETA1,2026-02-08,126155,FIN-003
INV-77289,DISP-03076,OMC-012,Galana Energies,DPK,2026-03-07,53594,FIN-002
INV-91969,DISP-05818,OMC-012,Galana Energies,PMS,2026-03-08,213642,FIN-004
INV-10603,DISP-09013,OMC-008,National Oil,DPK,2025-10-09," KES 209,309 ",FIN-003
INV-43537,DISP-01919,OMC-018,Uganda National Oil,HFO,2025-05-04,155346,FIN-003
INV-72670,DISP-07749,OMC-002,Vivo Energy,PMS,2025-01-06,61406,FIN-003
INV-42912,DISP-09383,OMC-005,PetroOil Kenya,JETA1,2026-04-06,258913,FIN-003
INV-64489,DISP-05493,OMC-015,Mombasa Petroleum,DPK,2026-03-05,237945,FIN-004
INV-71625,DISP-07325,OMC-009,Dalbit Petroleum,LUB,2025-05-13,180846,FIN-003
INV-53163,DISP-08691,OMC-013,Lake Oil,DPK,2025-01-28,166801,FIN-003
INV-15170,DISP-05593,OMC-019,Tanzania Petroleum,AGO,,42623,FIN-004
INV-86739,DISP-02044,OMC-010,Tamoil,LPG,2025-03-20,87414,FIN-002
INV-82802,DISP-02252,OMC-012,Galana Energies,LPG,2026-03-08,136556,FIN-001
INV-67136,DISP-02329,OMC-012,Galana Energies,LUB,2026-03-01,28445,FIN-003
INV-92351,DISP-07761,OMC-003,Rubis Energy,DPK,2025-07-12," KES 149,962 ",FIN-002
INV-86436,DISP-09720,OMC-013,Lake Oil,PMS,2025-07-08,93502,FIN-003
INV-85818,DISP-04436,OMC-015,Mombasa Petroleum,PMS,2025-07-19,98311,FIN-002
INV-99903,DISP-09641,OMC-016,KPA Marine,HFO,2025-06-26,49144,FIN-001
INV-54565,DISP-07689,OMC-006,Hashi Energy,HFO,2025-10-15,51418,FIN-001
INV-53470,DISP-05453,OMC-019,Tanzania Petroleum,JETA1,2025-09-10,35779,FIN-004
INV-78184,DISP-03521,OMC-020,Ethiopian Oil,HFO,2025-03-04,162584,FIN-002
INV-74307,DISP-01801,OMC-020,Ethiopian Oil,HFO,2025-12-17,197389,FIN-001
INV-85734,DISP-09370,OMC-003,Rubis Energy,PMS,2026-03-08,47109,FIN-002
INV-26444,DISP-00747,OMC-004,Gulf Energy,LUB,2026-03-22,191836,FIN-004
INV-36677,DISP-01908,OMC-013,Lake Oil,DPK,2026-04-07,212844,FIN-005
INV-27689,DISP-08838,OMC-004,Gulf Energy,JETA1,2026-02-09,81998,FIN-005
INV-88633,DISP-04075,OMC-001,TotalEnergies Kenya,JETA1,2025-06-24,154496,FIN-004
INV-47872,DISP-01619,OMC-005,PetroOil Kenya,AGO,2026-03-09,126973,FIN-004
INV-52636,DISP-04906,OMC-004,Gulf Energy,HFO,2026-03-01,59225,FIN-003
INV-53030,DISP-05622,OMC-010,Tamoil,DPK,2025-12-20,234156,FIN-005
INV-98295,DISP-01279,OMC-014,Texol Energies,LUB,2026-04-18,210649,FIN-003
INV-25409,DISP-01817,OMC-016,KPA Marine,PMS,2025-04-24,104389,FIN-004
INV-96036,DISP-08962,OMC-015,Mombasa Petroleum,JETA1,2025-10-07,125857,FIN-005
INV-21560,DISP-03692,OMC-014,Texol Energies,DPK,2026-03-24,46788,FIN-004
INV-17633,DISP-03372,OMC-007,Kobil,HFO,2026-03-24,99799,FIN-003
INV-73640,DISP-04405,OMC-015,Mombasa Petroleum,DPK,2026-07-08,163312,FIN-004
INV-97487,DISP-08446,OMC-017,KAA Aviation,JETA1,2026-01-25,216210,FIN-004
INV-90623,DISP-07514,OMC-017,KAA Aviation,HFO,2025-08-01,172621,FIN-003
INV-94939,DISP-01672,OMC-015,Mombasa Petroleum,JETA1,2026-04-29,180649,FIN-004
INV-78470,DISP-06209,OMC-017,KAA Aviation,LPG,2026-05-14,54581,FIN-003
INV-54432,DISP-05941,OMC-013,Lake Oil,LPG,2026-06-26,164131,FIN-005
INV-76394,DISP-05920,OMC-003,Rubis Energy,HFO,2025-07-05," KES 189,467 ",FIN-004
INV-36470,DISP-04511,OMC-010,Tamoil,HFO,2025-07-25,50199,FIN-004
INV-51843,DISP-06717,OMC-018,Uganda National Oil,HFO,2025-04-29,26315,FIN-003
INV-93328,DISP-01939,OMC-008,National Oil,AGO,2025-11-25,72018,FIN-005
INV-69418,DISP-03067,OMC-012,Galana Energies,LPG,2026-03-01,192289,FIN-001
INV-25924,DISP-00692,OMC-001,TotalEnergies Kenya,DPK,2026-04-25,36347,FIN-002
INV-33721,DISP-08218,OMC-003,Rubis Energy,JETA1,2025-04-20,209531,FIN-001
INV-55659,DISP-04892,OMC-019,Tanzania Petroleum,JETA1,2025-10-10,277382,FIN-003
INV-23578,DISP-06181,OMC-003,Rubis Energy,HFO,2025-01-20,46100,FIN-004
INV-58798,DISP-09881,OMC-002,Vivo Energy,DPK,2026-01-18,279366,FIN-002
INV-99384,DISP-00560,OMC-005,PetroOil Kenya,JETA1,2026-02-27,356750,FIN-001
INV-54156,DISP-06144,OMC-006,Hashi Energy,JETA1,2026-03-31,103390,FIN-005
INV-37659,DISP-04173,OMC-017,KAA Aviation,PMS,2025-03-03,226326,FIN-003
INV-61840,DISP-03258,OMC-019,Tanzania Petroleum,PMS,2025-03-20,30446,FIN-001
INV-98734,DISP-02030,OMC-015,Mombasa Petroleum,LPG,2025-02-11,54794,FIN-001
INV-35355,DISP-00606,OMC-014,Texol Energies,LUB,30/07/2025,217482,FIN-003
INV-37281,DISP-09561,OMC-009,Dalbit Petroleum,LUB,2025-05-05," KES 290,481 ",FIN-005
INV-40358,DISP-01051,OMC-013,Lake Oil,PMS,14/12/2025,256402,FIN-005
INV-25292,DISP-01628,OMC-003,Rubis Energy,AGO,2026-02-18,221258,FIN-002
INV-38667,DISP-07484,OMC-011,Hass Petroleum,JETA1,2025-02-21,47688,FIN-003
INV-76203,DISP-06723,OMC-008,National Oil,LPG,2026-01-11,56395,FIN-002
INV-33257,DISP-06363,OMC-014,Texol Energies,JETA1,09/04/2025," KES 80,700 ",FIN-003
INV-19025,DISP-07926,OMC-006,Hashi Energy,LPG,2025-05-14," KES 53,734 ",FIN-001
INV-22209,DISP-00746,OMC-008,National Oil,JETA1,2025-01-20,97759,FIN-001
INV-51314,DISP-09485,OMC-012,Galana Energies,LUB,2026-03-09,40912,FIN-005
INV-58266,DISP-08098,OMC-008,National Oil,AGO,2025-07-06,181847,FIN-002
INV-98462,DISP-06119,OMC-007,Kobil,JETA1,2025-03-15,27025,FIN-001
INV-83865,DISP-07617,OMC-007,Kobil,AGO,2026-02-16,187853,FIN-005
INV-55339,DISP-05851,OMC-004,Gulf Energy,DPK,26/02/2026,143179,FIN-004
INV-64773,DISP-00386,OMC-001,TotalEnergies Kenya,AGO,2026-05-27,209394,FIN-002
INV-29710,DISP-07610,OMC-019,Tanzania Petroleum,LPG,2025-03-17,53605,FIN-001
INV-82014,DISP-08212,OMC-016,KPA Marine,PMS,2025-09-15,79246,FIN-003
INV-39469,DISP-01292,OMC-001,TotalEnergies Kenya,LUB,2026-03-11,131604,FIN-004
INV-84070,DISP-02817,OMC-010,Tamoil,LUB,2025-04-19,22363,FIN-005
INV-11161,DISP-06076,OMC-006,Hashi Energy,AGO,2026-01-14,25804,FIN-002
INV-99694,DISP-01111,OMC-011,Hass Petroleum,AGO,2025-09-11,220750,FIN-003
INV-49266,DISP-00832,OMC-012,Galana Energies,AGO,2026-04-26,60783,FIN-005
INV-84913,DISP-04897,OMC-007,Kobil,AGO,2026-04-30,254291,FIN-004
INV-80933,DISP-01199,OMC-011,Hass Petroleum,DPK,2025-02-25,209064,FIN-001
INV-82837,DISP-05567,OMC-013,Lake Oil,JETA1,2025-07-11,163291,FIN-003
INV-13159,DISP-02135,OMC-005,PetroOil Kenya,AGO,2026-02-28,101054,FIN-003
INV-10481,DISP-02609,OMC-010,Tamoil,LUB,03/02/2026,184914,FIN-005
INV-57874,DISP-07754,OMC-003,Rubis Energy,JETA1,2025-06-26,21452,FIN-003
INV-34288,DISP-09786,OMC-006,Hashi Energy,PMS,2025-03-23,113503,FIN-003
INV-81861,DISP-06893,OMC-004,Gulf Energy,PMS,2026-02-11,29597,FIN-005
INV-64380,DISP-04310,OMC-013,Lake Oil,LPG,2026-04-06,181914,FIN-005
INV-54961,DISP-01004,OMC-001,TotalEnergies Kenya,AGO,2025-12-20,46948,FIN-005
INV-97671,DISP-06163,OMC-015,Mombasa Petroleum,PMS,2026-05-11,159709,FIN-001
INV-35285,DISP-06985,OMC-002,Vivo Energy,LPG,2026-06-07,198364,FIN-003
INV-53774,DISP-03237,OMC-004,Gulf Energy,HFO,2026-04-01,118479,FIN-005
INV-75681,DISP-01198,OMC-018,Uganda National Oil,DPK,2025-08-15,33438,FIN-003
INV-67670,DISP-01992,OMC-001,TotalEnergies Kenya,DPK,2025-07-14,37369,FIN-005
INV-93502,DISP-02188,OMC-005,PetroOil Kenya,AGO,2026-04-22,22854,FIN-002
INV-38164,DISP-02471,OMC-003,Rubis Energy,JETA1,2025-04-17,104970,FIN-002
INV-88045,DISP-04765,OMC-019,Tanzania Petroleum,LPG,2025-09-29,189517,FIN-004
INV-37206,DISP-01195,OMC-005,PetroOil Kenya,LUB,2026-04-20,30575,FIN-001
INV-59885,DISP-00268,OMC-011,Hass Petroleum,AGO,2026-05-14,214378,FIN-001
INV-43775,DISP-05698,OMC-013,Lake Oil,AGO,13/05/2025,147541,FIN-001
INV-92535,DISP-01602,OMC-003,Rubis Energy,DPK,2026-02-25,47386,FIN-001
INV-38733,DISP-08305,OMC-013,Lake Oil,PMS,2025-08-26,209683,FIN-003
INV-30653,DISP-05012,OMC-008,National Oil,JETA1,,52457,FIN-002
INV-16931,DISP-02645,OMC-005,PetroOil Kenya,DPK,2026-04-20,50421,FIN-002
INV-37665,DISP-03188,OMC-005,PetroOil Kenya,AGO,2026-03-08,253887,FIN-002
INV-11885,DISP-00266,OMC-007,Kobil,HFO,2026-02-28,101314,FIN-004
INV-25718,DISP-00029,OMC-015,Mombasa Petroleum,LPG,2026-03-03,59222,FIN-003
INV-40804,DISP-02001,OMC-018,Uganda National Oil,AGO,2025-11-12,251945,FIN-002
INV-30495,DISP-00068,OMC-004,Gulf Energy,DPK,2026-04-30," KES 43,764 ",FIN-005
INV-23230,DISP-03511,OMC-012,Galana Energies,HFO,2026-04-14,226174,FIN-001
INV-33630,DISP-04379,OMC-016,KPA Marine,JETA1,2025-11-20,97966,FIN-002
INV-69845,DISP-00153,OMC-005,PetroOil Kenya,PMS,2026-03-25,62858,FIN-003
INV-42152,DISP-09087,OMC-015,Mombasa Petroleum,HFO,01/08/2025,153078,FIN-001
INV-55711,DISP-06315,OMC-008,National Oil,JETA1,2025-01-19,126874,FIN-001
INV-45444,DISP-06044,OMC-020,Ethiopian Oil,DPK,2025-03-04,47234,FIN-004
INV-71398,DISP-01128,OMC-003,Rubis Energy,PMS,2026-05-18,121450,FIN-004
INV-94158,DISP-08595,OMC-017,KAA Aviation,HFO,2025-10-19,49645,FIN-004
INV-90004,DISP-05410,OMC-014,Texol Energies,HFO,2025-06-23,126860,FIN-001
INV-45679,DISP-05839,OMC-016,KPA Marine,JETA1,2025-04-23,53344,FIN-001
INV-61336,DISP-04336,OMC-004,Gulf Energy,LUB,2026-02-21,170989,FIN-003
INV-55908,DISP-06914,OMC-015,Mombasa Petroleum,AGO,2025-04-02,209540,FIN-005
INV-86945,DISP-01417,OMC-001,TotalEnergies Kenya,PMS,2025-09-28,179969,FIN-002
INV-95244,DISP-00004,OMC-007,Kobil,DPK,2025-06-10,93608,FIN-002
INV-57097,DISP-06024,OMC-004,Gulf Energy,JETA1,2026-02-18,48855,FIN-001
INV-55358,DISP-08737,OMC-003,Rubis Energy,PMS,2025-09-25,38300,FIN-003
INV-93273,DISP-03287,OMC-008,National Oil,JETA1,2025-08-18,129377,FIN-001
INV-78449,DISP-06806,OMC-012,Galana Energies,LUB,2026-04-30,134861,FIN-002
INV-27316,DISP-00968,OMC-017,KAA Aviation,DPK,2025-09-22,30224,FIN-005
INV-93061,DISP-08075,OMC-003,Rubis Energy,PMS,2025-05-29,143896,FIN-003
INV-61973,DISP-03117,OMC-009,Dalbit Petroleum,LUB,2025-12-24,198531,FIN-001
INV-57801,DISP-01226,OMC-003,Rubis Energy,PMS,2026-02-07,188565,FIN-002
INV-57430,DISP-07887,OMC-019,Tanzania Petroleum,LPG,2025-01-14,254291,FIN-002
INV-96407,DISP-03704,OMC-020,Ethiopian Oil,AGO,2025-09-14,50223,FIN-004
INV-20247,DISP-00593,OMC-019,Tanzania Petroleum,AGO,2025-10-22,204522,FIN-003
INV-72587,DISP-03116,OMC-017,KAA Aviation,LPG,2026-03-17,59818,FIN-004
INV-83838,DISP-04270,OMC-018,Uganda National Oil,LPG,2025-04-19,111600,FIN-005
INV-68081,DISP-09468,OMC-017,KAA Aviation,PMS,2026-03-13,64889,FIN-001
INV-11341,DISP-02346,OMC-014,Texol Energies,PMS,2025-05-06,92360,FIN-001
INV-23011,DISP-01719,OMC-015,Mombasa Petroleum,LUB,21/05/2026,257206,FIN-002
INV-83600,DISP-09408,OMC-014,Texol Energies,LPG,2025-12-06,109027,FIN-005
INV-33184,DISP-01918,OMC-006,Hashi Energy,PMS,2026-01-07,274998,FIN-002
INV-81368,DISP-07388,OMC-015,Mombasa Petroleum,DPK,2026-05-28,43977,FIN-001
INV-95049,DISP-01289,OMC-001,TotalEnergies Kenya,LUB,24/07/2025,34177,FIN-001
INV-99551,DISP-06945,OMC-005,PetroOil Kenya,DPK,2026-04-03,50497,FIN-001
INV-23814,DISP-01126,OMC-010,Tamoil,DPK,2025-03-15," KES 250,343 ",FIN-005
INV-18016,DISP-06908,OMC-007,Kobil,AGO,2026-06-23,117958,FIN-005
INV-42800,DISP-07651,OMC-005,PetroOil Kenya,JETA1,2026-04-14,288575,FIN-003
INV-22534,DISP-05023,OMC-004,Gulf Energy,HFO,2026-02-27,35286,FIN-002
INV-18539,DISP-08309,OMC-015,Mombasa Petroleum,DPK,2025-05-23,177584,FIN-004
INV-25023,DISP-03293,OMC-010,Tamoil,DPK,25/09/2025,109411,FIN-002
INV-84958,DISP-09684,OMC-004,Gulf Energy,JETA1,2026-02-20,273666,FIN-002
INV-94984,DISP-03446,OMC-008,National Oil,HFO,2026-05-26,163823,FIN-005
INV-38025,DISP-09488,OMC-018,Uganda National Oil,JETA1,2026-04-26,22610,FIN-005
INV-91279,DISP-00635,OMC-003,Rubis Energy,AGO,2025-11-14,174811,FIN-003
INV-10316,DISP-00604,OMC-013,Lake Oil,DPK,2025-05-22,100779,FIN-005
INV-35600,DISP-05121,OMC-003,Rubis Energy,JETA1,2025-06-18,162244,FIN-002
INV-78226,DISP-07288,OMC-014,Texol Energies,HFO,2025-06-09,36974,FIN-005
INV-54275,DISP-02165,OMC-019,Tanzania Petroleum,AGO,2026-02-13,157218,FIN-001
INV-45459,DISP-02375,OMC-015,Mombasa Petroleum,AGO,2025-06-07,186775,FIN-005
INV-77049,DISP-04674,OMC-015,Mombasa Petroleum,JETA1,2025-09-11,99673,FIN-001
INV-41030,DISP-07405,OMC-016,KPA Marine,AGO,2025-10-20,274971,FIN-004
INV-85219,DISP-02072,OMC-009,Dalbit Petroleum,DPK,2025-01-25,57413,FIN-002
INV-82180,DISP-04721,OMC-006,Hashi Energy,LPG,2026-05-13,202534,FIN-003
INV-81144,DISP-00412,OMC-008,National Oil,DPK,17/05/2026,283445,FIN-004
INV-77060,DISP-08035,OMC-003,Rubis Energy,JETA1,2025-05-02,295576,FIN-002
INV-36763,DISP-05652,OMC-007,Kobil,DPK,2026-06-15,229441,FIN-005
INV-72334,DISP-03547,OMC-006,Hashi Energy,HFO,2025-01-24,43484,FIN-004
INV-77357,DISP-02374,OMC-013,Lake Oil,LUB,2025-10-03," KES 197,008 ",FIN-001
INV-80454,DISP-09601,OMC-002,Vivo Energy,DPK,2025-06-25,47829,FIN-003
INV-23248,DISP-07518,OMC-016,KPA Marine,LPG,2026-01-25,31708,FIN-001
INV-11669,DISP-06341,OMC-004,Gulf Energy,DPK,2026-05-05,145228,FIN-003
INV-75590,DISP-02861,OMC-014,Texol Energies,DPK,2025-06-25,21705,FIN-001
INV-18788,DISP-03608,OMC-015,Mombasa Petroleum,AGO,2025-04-11,61470,FIN-004
INV-89569,DISP-06023,OMC-015,Mombasa Petroleum,PMS,2025-07-20,179195,FIN-002
INV-39691,DISP-02684,OMC-010,Tamoil,PMS,2025-05-16,41496,FIN-005
INV-36499,DISP-09858,OMC-016,KPA Marine,JETA1,2025-03-18,50037,FIN-003
INV-21363,DISP-09344,OMC-012,Galana Energies,JETA1,2026-03-13,44168,FIN-005
INV-76692,DISP-07372,OMC-015,Mombasa Petroleum,HFO,2025-09-26,244092,FIN-004
INV-52367,DISP-08103,OMC-016,KPA Marine,LPG,04/02/2026,35818,FIN-005
INV-10904,DISP-07917,OMC-010,Tamoil,JETA1,2025-08-07,33701,FIN-001
INV-98622,DISP-08510,OMC-003,Rubis Energy,JETA1,2025-11-25,269972,FIN-001
INV-42360,DISP-00486,OMC-004,Gulf Energy,DPK,2026-02-27,52847,FIN-003
INV-98583,DISP-09872,OMC-020,Ethiopian Oil,AGO,2026-04-11,44017,FIN-004
INV-14143,DISP-01145,OMC-015,Mombasa Petroleum,JETA1,,194453,FIN-004
INV-77252,DISP-02587,OMC-016,KPA Marine,LUB,2025-12-03,44937,FIN-001
INV-57326,DISP-04253,OMC-011,Hass Petroleum,DPK,2025-03-09,151321,FIN-005
INV-57127,DISP-03101,OMC-013,Lake Oil,DPK,2025-02-07,177868,FIN-002
INV-11275,DISP-07551,OMC-014,Texol Energies,LUB,2026-01-18,204616,FIN-005
INV-91542,DISP-00614,OMC-020,Ethiopian Oil,AGO,2025-10-10,228516,FIN-003
INV-96880,DISP-04843,OMC-013,Lake Oil,LPG,2025-11-27,28378,FIN-003
INV-88018,DISP-08704,OMC-004,Gulf Energy,DPK,2026-02-20,35694,FIN-001
INV-83762,DISP-00758,OMC-018,Uganda National Oil,AGO,2025-07-30,150215,FIN-001
INV-41678,DISP-07158,OMC-006,Hashi Energy,PMS,2025-06-10,47511,FIN-003
INV-70787,DISP-00633,OMC-013,Lake Oil,DPK,2026-01-28,27162,FIN-001
INV-96853,DISP-00640,OMC-019,Tanzania Petroleum,LUB,2026-05-16,236849,FIN-004
INV-11264,DISP-02874,OMC-005,PetroOil Kenya,LUB,2026-02-16,288537,FIN-002
INV-28837,DISP-09611,OMC-020,Ethiopian Oil,JETA1,2025-12-21,94056,FIN-001
INV-52942,DISP-00555,OMC-009,Dalbit Petroleum,LUB,2025-11-25,177647,FIN-005
INV-52313,DISP-01644,OMC-017,KAA Aviation,DPK,2026-01-18,47339,FIN-002
INV-27587,DISP-07829,OMC-008,National Oil,PMS,2025-01-17,68053,FIN-002
INV-13236,DISP-00317,OMC-003,Rubis Energy,JETA1,2025-02-16,24340,FIN-004
INV-55100,DISP-09304,OMC-010,Tamoil,JETA1,2025-06-30,42450,FIN-005
INV-37177,DISP-00044,OMC-020,Ethiopian Oil,LPG,2026-05-01,110029,FIN-002
INV-79646,DISP-05655,OMC-014,Texol Energies,LUB,2026-01-13,214878,FIN-004
INV-23126,DISP-05763,OMC-015,Mombasa Petroleum,AGO,25/04/2025,29120,FIN-001
INV-52858,DISP-00819,OMC-013,Lake Oil,PMS,2026-05-17,50858,FIN-002
INV-54909,DISP-07707,OMC-014,Texol Energies,JETA1,2026-03-13,114378,FIN-002
INV-35671,DISP-02334,OMC-018,Uganda National Oil,AGO,2025-10-10," KES 41,508 ",FIN-001
INV-85945,DISP-05519,OMC-012,Galana Energies,AGO,2026-04-10,189409,FIN-002
INV-87887,DISP-02116,OMC-017,KAA Aviation,DPK,2025-03-20,214375,FIN-002
INV-29917,DISP-06781,OMC-018,Uganda National Oil,DPK,2025-04-04,257379,FIN-001
INV-83059,DISP-01280,OMC-007,Kobil,AGO,2025-03-04,21779,FIN-001
INV-32947,DISP-08224,OMC-006,Hashi Energy,LPG,2026-02-20," KES 161,077 ",FIN-003
INV-86238,DISP-08269,OMC-006,Hashi Energy,AGO,2026-05-21,48870,FIN-004
INV-63776,DISP-03278,OMC-019,Tanzania Petroleum,LPG,2025-09-20,41525,FIN-001
INV-54234,DISP-02880,OMC-015,Mombasa Petroleum,AGO,2025-07-10,28064,FIN-002
INV-11548,DISP-06348,OMC-011,Hass Petroleum,PMS,,298903,FIN-005
INV-93340,DISP-04005,OMC-001,TotalEnergies Kenya,PMS,2026-04-17,173182,FIN-004
INV-47085,DISP-01347,OMC-013,Lake Oil,PMS,21/09/2025,47777,FIN-001
INV-44203,DISP-09759,OMC-017,KAA Aviation,AGO,2025-05-16,128260,FIN-005
INV-36238,DISP-02556,OMC-020,Ethiopian Oil,DPK,2026-01-24,27490,FIN-003
INV-24891,DISP-06403,OMC-013,Lake Oil,LUB,2026-01-26,28793,FIN-001
INV-27544,DISP-09737,OMC-002,Vivo Energy,AGO,2025-02-17,52198,FIN-003
INV-82512,DISP-00221,OMC-003,Rubis Energy,AGO,2025-11-17,55783,FIN-005
INV-43373,DISP-02767,OMC-019,Tanzania Petroleum,LPG,2025-06-08,156933,FIN-001
INV-32736,DISP-05242,OMC-008,National Oil,DPK,2025-05-28,175359,FIN-001
INV-61513,DISP-09518,OMC-017,KAA Aviation,LPG,2025-04-21,57444,FIN-002
INV-98224,DISP-00377,OMC-009,Dalbit Petroleum,JETA1,2025-01-18,181923,FIN-001
INV-42261,DISP-07641,OMC-017,KAA Aviation,PMS,2026-04-25,125436,FIN-003
INV-13266,DISP-06379,OMC-007,Kobil,LUB,2026-04-10,260338,FIN-003
INV-34834,DISP-01353,OMC-012,Galana Energies,JETA1,2026-04-12,192741,FIN-002
INV-36457,DISP-03911,OMC-007,Kobil,LPG,2026-01-15,117511,FIN-001
INV-97068,DISP-03121,OMC-020,Ethiopian Oil,LUB,2025-11-24,60610,FIN-001
INV-83624,DISP-06727,OMC-018,Uganda National Oil,AGO,2025-03-30,105467,FIN-002
INV-86856,DISP-05953,OMC-015,Mombasa Petroleum,PMS,2025-08-12,127904,FIN-003
INV-66120,DISP-01943,OMC-003,Rubis Energy,LUB,2026-03-03," KES 230,713 ",FIN-004
INV-29047,DISP-07635,OMC-019,Tanzania Petroleum,PMS,2025-08-01,162899,FIN-001
INV-71932,DISP-07091,OMC-010,Tamoil,HFO,2025-09-07,86619,FIN-002
INV-28056,DISP-04318,OMC-019,Tanzania Petroleum,AGO,2025-02-24,47436,FIN-002
INV-27673,DISP-08394,OMC-020,Ethiopian Oil,JETA1,2025-05-22,136338,FIN-005
INV-28657,DISP-04383,OMC-011,Hass Petroleum,HFO,2025-05-22,127518,FIN-004
INV-67226,DISP-08117,OMC-017,KAA Aviation,JETA1,2026-01-01,96559,FIN-003
INV-92342,DISP-00131,OMC-007,Kobil,LPG,2025-09-15,79143,FIN-002
INV-50923,DISP-01782,OMC-001,TotalEnergies Kenya,LUB,2025-07-08,34063,FIN-002
INV-23874,DISP-08518,OMC-001,TotalEnergies Kenya,AGO,2025-10-22,234203,FIN-002
INV-44897,DISP-05683,OMC-004,Gulf Energy,JETA1,2026-02-13,47405,FIN-002
INV-85663,DISP-05709,OMC-006,Hashi Energy,JETA1,2025-03-20,135378,FIN-003
INV-80566,DISP-09439,OMC-015,Mombasa Petroleum,LUB,,93508,FIN-002
INV-98070,DISP-07463,OMC-017,KAA Aviation,PMS,2025-01-10,35206,FIN-005
INV-24846,DISP-05840,OMC-008,National Oil,LUB,,42566,FIN-002
INV-29577,DISP-00947,OMC-016,KPA Marine,AGO,2026-02-21,59946,FIN-001
INV-87768,DISP-04388,OMC-010,Tamoil,PMS,2026-05-21,287861,FIN-003
INV-87537,DISP-00219,OMC-008,National Oil,LUB,2025-02-26," KES 115,071 ",FIN-005
INV-55690,DISP-01182,OMC-014,Texol Energies,HFO,11/03/2026,216032,FIN-005
INV-48186,DISP-00285,OMC-013,Lake Oil,PMS,,99251,FIN-004
INV-62083,DISP-00852,OMC-015,Mombasa Petroleum,PMS,2026-04-22,46500,FIN-001
INV-42140,DISP-02094,OMC-016,KPA Marine,PMS,2025-02-28,46761,FIN-001
INV-72132,DISP-05961,OMC-013,Lake Oil,LUB,2025-02-24,29685,FIN-004
INV-95245,DISP-09719,OMC-009,Dalbit Petroleum,JETA1,2025-01-21,190253,FIN-005
INV-75710,DISP-08970,OMC-002,Vivo Energy,LPG,2025-05-23,153004,FIN-002
INV-68080,DISP-07306,OMC-002,Vivo Energy,PMS,2026-01-22,107659,FIN-002
INV-21660,DISP-06682,OMC-003,Rubis Energy,HFO,2026-02-19,65917,FIN-001
INV-26114,DISP-06436,OMC-014,Texol Energies,AGO,2026-01-07,102934,FIN-003
INV-28241,DISP-06650,OMC-020,Ethiopian Oil,JETA1,2025-02-05," KES 47,260 ",FIN-005
INV-24672,DISP-00224,OMC-001,TotalEnergies Kenya,DPK,05/05/2026,268740,FIN-004
INV-76306,DISP-04873,OMC-012,Galana Energies,PMS,2026-04-07,185961,FIN-003
INV-22895,DISP-08281,OMC-004,Gulf Energy,LPG,2026-03-19,74948,FIN-004
INV-59361,DISP-06193,OMC-006,Hashi Energy,AGO,2025-12-19,23106,FIN-003
INV-13350,DISP-02019,OMC-006,Hashi Energy,JETA1,2025-09-14,24110,FIN-003
INV-89444,DISP-03083,OMC-003,Rubis Energy,PMS,2025-12-18,24106,FIN-003
INV-84274,DISP-07937,OMC-018,Uganda National Oil,JETA1,2026-07-01,123609,FIN-005
INV-90089,DISP-02820,OMC-012,Galana Energies,LUB,2026-03-23,33665,FIN-003
INV-17616,DISP-07507,OMC-017,KAA Aviation,HFO,2026-05-08,142104,FIN-001
INV-57855,DISP-01092,OMC-012,Galana Energies,JETA1,2026-03-22,166083,FIN-004
INV-20750,DISP-03595,OMC-006,Hashi Energy,AGO,2025-10-03,140307,FIN-003
INV-26427,DISP-00517,OMC-016,KPA Marine,JETA1,2026-03-25,61797,FIN-002
INV-67577,DISP-04305,OMC-011,Hass Petroleum,JETA1,2026-05-21,179687,FIN-004
INV-32455,DISP-06811,OMC-003,Rubis Energy,LPG,2025-08-15,160391,FIN-004
INV-28810,DISP-03059,OMC-018,Uganda National Oil,HFO,,194185,FIN-002
INV-18319,DISP-00104,OMC-019,Tanzania Petroleum,DPK,2025-05-23,58921,FIN-002
INV-90798,DISP-04219,OMC-007,Kobil,LPG,,60777,FIN-005
INV-95338,DISP-07185,OMC-001,TotalEnergies Kenya,PMS,2025-06-11,196819,FIN-002
INV-28279,DISP-06038,OMC-017,KAA Aviation,LUB,2025-03-26,33345,FIN-001
INV-86548,DISP-09544,OMC-004,Gulf Energy,LUB,2026-04-16,121489,FIN-005
INV-55391,DISP-02290,OMC-015,Mombasa Petroleum,LPG,18/05/2025,248571,FIN-004
INV-66233,DISP-02586,OMC-001,TotalEnergies Kenya,LPG,2025-02-18,93531,FIN-005
INV-60516,DISP-06308,OMC-008,National Oil,LPG,2025-12-01,27720,FIN-004
INV-17094,DISP-07377,OMC-009,Dalbit Petroleum,AGO,2025-04-17,142471,FIN-001
INV-42769,DISP-05868,OMC-008,National Oil,HFO,2025-12-25,200292,FIN-003
INV-79121,DISP-00514,OMC-008,National Oil,HFO,2026-06-23,155378,FIN-004
INV-46625,DISP-05734,OMC-012,Galana Energies,LUB,2026-04-15,180894,FIN-003
INV-62724,DISP-06088,OMC-007,Kobil,JETA1,2026-06-11,180910,FIN-004
INV-77391,DISP-07913,OMC-019,Tanzania Petroleum,DPK,2025-09-29,235478,FIN-002
INV-51245,DISP-02936,OMC-016,KPA Marine,JETA1,2025-01-10,41668,FIN-004
INV-71310,DISP-04055,OMC-019,Tanzania Petroleum,DPK,2026-01-10,55869,FIN-002
INV-62836,DISP-02710,OMC-002,Vivo Energy,PMS,2025-08-29,40198,FIN-003
INV-12804,DISP-02274,OMC-008,National Oil,AGO,2025-11-25,211353,FIN-005
INV-62150,DISP-02391,OMC-009,Dalbit Petroleum,LUB,2025-09-16,166045,FIN-005
INV-57537,DISP-06825,OMC-006,Hashi Energy,JETA1,2026-05-22," KES 126,535 ",FIN-004
INV-19949,DISP-09141,OMC-010,Tamoil,JETA1,2026-05-03,135940,FIN-003
INV-11938,DISP-06102,OMC-016,KPA Marine,JETA1,2025-03-20,133994,FIN-004
INV-35860,DISP-04529,OMC-011,Hass Petroleum,PMS,13/04/2025,191588,FIN-002
INV-43699,DISP-05555,OMC-017,KAA Aviation,JETA1,2026-02-20,45347,FIN-005
INV-47819,DISP-03070,OMC-015,Mombasa Petroleum,HFO,,50042,FIN-001
INV-61717,DISP-01038,OMC-020,Ethiopian Oil,LPG,2025-02-21,83613,FIN-001
INV-71898,DISP-04286,OMC-011,Hass Petroleum,AGO,2025-02-05,134049,FIN-004
INV-98190,DISP-00102,OMC-012,Galana Energies,DPK,,25402,FIN-004
INV-31127,DISP-07105,OMC-019,Tanzania Petroleum,HFO,2025-11-08,264581,FIN-001
INV-49149,DISP-04976,OMC-017,KAA Aviation,DPK,2025-02-10,82590,FIN-003
INV-50699,DISP-06853,OMC-018,Uganda National Oil,LPG,12/11/2025,124546,FIN-001
INV-30859,DISP-04618,OMC-013,Lake Oil,LPG,2026-01-05,38229,FIN-005
INV-55893,DISP-09307,OMC-008,National Oil,LUB,2026-06-05,32737,FIN-004
INV-88398,DISP-02388,OMC-007,Kobil,LPG,2025-05-28,167001,FIN-003
INV-44744,DISP-07458,OMC-003,Rubis Energy,LUB,2025-11-26,184946,FIN-005
INV-60224,DISP-09526,OMC-005,PetroOil Kenya,AGO,2026-04-19,181791,FIN-003
INV-89209,DISP-01829,OMC-016,KPA Marine,JETA1,2025-11-08,98599,FIN-004
INV-53537,DISP-01390,OMC-017,KAA Aviation,AGO,2025-11-13,186850,FIN-005
INV-73408,DISP-02073,OMC-011,Hass Petroleum,DPK,2025-12-15,244546,FIN-003
INV-51605,DISP-02949,OMC-010,Tamoil,PMS,2025-10-30,119503,FIN-002
INV-19710,DISP-09254,OMC-011,Hass Petroleum,HFO,2025-11-16,110189,FIN-005
INV-12502,DISP-03031,OMC-016,KPA Marine,LUB,20/12/2025,58159,FIN-003
INV-29163,DISP-02697,OMC-017,KAA Aviation,LUB,2026-04-19,222512,FIN-005
INV-87056,DISP-04149,OMC-010,Tamoil,PMS,2026-04-07,144569,FIN-003
INV-85843,DISP-01643,OMC-007,Kobil,JETA1,2025-12-17,43363,FIN-005
INV-47621,DISP-04210,OMC-001,TotalEnergies Kenya,AGO,2025-05-30,59385,FIN-001
INV-90652,DISP-00864,OMC-017,KAA Aviation,HFO,2026-02-23,55786,FIN-005
INV-28527,DISP-03402,OMC-020,Ethiopian Oil,LUB,2025-04-04,194496,FIN-005
INV-68972,DISP-04439,OMC-009,Dalbit Petroleum,PMS,2026-03-24,163893,FIN-004
INV-51245,DISP-02936,OMC-016,KPA Marine,JETA1,2025-01-10,41668,FIN-004
INV-13329,DISP-04956,OMC-009,Dalbit Petroleum,LPG,2026-06-25,251627,FIN-003
INV-49440,DISP-05956,OMC-002,Vivo Energy,PMS,2026-05-10,184635,FIN-004
INV-55412,DISP-09389,OMC-007,Kobil,DPK,2025-07-08," KES 270,365 ",FIN-002
INV-83874,DISP-03686,OMC-016,KPA Marine,LUB,2025-10-07,240796,FIN-003
INV-20185,DISP-01757,OMC-010,Tamoil,JETA1,2026-06-20,86643,FIN-001
INV-27158,DISP-05796,OMC-011,Hass Petroleum,AGO,2026-06-12,138729,FIN-005
INV-47411,DISP-04928,OMC-014,Texol Energies,DPK,08/10/2025,41516,FIN-002
INV-11214,DISP-07329,OMC-009,Dalbit Petroleum,DPK,2026-02-17,58529,FIN-005
INV-76208,DISP-03604,OMC-018,Uganda National Oil,JETA1,2026-03-22,173946,FIN-005
INV-53436,DISP-03277,OMC-019,Tanzania Petroleum,LPG,2026-01-13,206839,FIN-003
INV-23531,DISP-04851,OMC-014,Texol Energies,PMS,2025-10-30,32340,FIN-002
INV-51067,DISP-03173,OMC-020,Ethiopian Oil,AGO,2025-05-29,102130,FIN-004
INV-11017,DISP-07066,OMC-005,PetroOil Kenya,AGO,2026-03-05,44687,FIN-001
INV-39065,DISP-03727,OMC-004,Gulf Energy,HFO,2026-04-11,261150,FIN-005
INV-70286,DISP-05273,OMC-009,Dalbit Petroleum,JETA1,14/09/2025,260321,FIN-005
INV-95994,DISP-02573,OMC-020,Ethiopian Oil,LUB,2025-12-25,56403,FIN-005
INV-83321,DISP-09192,OMC-012,Galana Energies,HFO,2026-04-22,232097,FIN-001
INV-27487,DISP-04094,OMC-003,Rubis Energy,PMS,2026-01-16,218900,FIN-005
INV-92681,DISP-08338,OMC-003,Rubis Energy,DPK,2025-07-28,147995,FIN-001
INV-85537,DISP-07993,OMC-003,Rubis Energy,JETA1,2025-06-05,47009,FIN-001
INV-81276,DISP-09093,OMC-006,Hashi Energy,LPG,2025-04-28,163776,FIN-003
INV-17788,DISP-04060,OMC-002,Vivo Energy,AGO,2026-01-06," KES 160,204 ",FIN-003
INV-83940,DISP-03295,OMC-004,Gulf Energy,DPK,2026-03-06,149084,FIN-002
INV-32938,DISP-06469,OMC-017,KAA Aviation,DPK,2025-11-28,101050,FIN-002
INV-82723,DISP-06658,OMC-018,Uganda National Oil,DPK,2025-01-04,154178,FIN-005
INV-35443,DISP-04635,OMC-020,Ethiopian Oil,LUB,2026-01-01,141215,FIN-003
INV-52672,DISP-03266,OMC-010,Tamoil,HFO,2026-02-13,42778,FIN-002
INV-22592,DISP-02182,OMC-008,National Oil,LUB,2026-06-02,44638,FIN-005
INV-73222,DISP-02578,OMC-005,PetroOil Kenya,AGO,2026-03-20,90807,FIN-004
INV-87428,DISP-01623,OMC-011,Hass Petroleum,LUB,2025-09-07,244622,FIN-003
INV-61535,DISP-02516,OMC-020,Ethiopian Oil,DPK,2025-12-17,62149,FIN-004
INV-26590,DISP-07714,OMC-015,Mombasa Petroleum,PMS,2026-01-22,47956,FIN-002
INV-36401,DISP-06406,OMC-010,Tamoil,HFO,2025-03-19,95474,FIN-003
INV-50791,DISP-00314,OMC-007,Kobil,JETA1,2025-01-26,191543,FIN-001
INV-82513,DISP-04692,OMC-001,TotalEnergies Kenya,LPG,2025-12-14," KES 160,848 ",FIN-002
INV-34206,DISP-02708,OMC-014,Texol Energies,JETA1,2025-11-01,37901,FIN-005
INV-43272,DISP-05702,OMC-011,Hass Petroleum,LPG,2025-01-21,33816,FIN-004
INV-92821,DISP-06877,OMC-016,KPA Marine,DPK,2025-06-02,19956,FIN-005
INV-58069,DISP-06234,OMC-016,KPA Marine,JETA1,2025-09-26,128505,FIN-001
INV-82428,DISP-08673,OMC-018,Uganda National Oil,PMS,2026-05-02,180607,FIN-004
INV-88116,DISP-08646,OMC-009,Dalbit Petroleum,PMS,2026-06-16,178640,FIN-002
INV-69337,DISP-08767,OMC-014,Texol Energies,HFO,2025-06-04,49830,FIN-001
INV-54625,DISP-06943,OMC-016,KPA Marine,HFO,2026-03-30,183757,FIN-003
INV-74762,DISP-07780,OMC-001,TotalEnergies Kenya,LPG,2025-10-30,148296,FIN-001
INV-42420,DISP-01150,OMC-011,Hass Petroleum,AGO,2025-01-25,87711,FIN-003
INV-82478,DISP-08841,OMC-005,PetroOil Kenya,LPG,29/04/2026,279676,FIN-001
INV-31381,DISP-07552,OMC-001,TotalEnergies Kenya,PMS,2026-02-04,189339,FIN-005
INV-82800,DISP-04525,OMC-014,Texol Energies,PMS,2025-04-05," KES 29,407 ",FIN-003
INV-47796,DISP-03895,OMC-002,Vivo Energy,PMS,2025-04-20,71367,FIN-001
INV-38246,DISP-04483,OMC-001,TotalEnergies Kenya,LUB,2025-07-06,138778,FIN-004
INV-80995,DISP-07449,OMC-018,Uganda National Oil,HFO,2025-01-16,59631,FIN-004
INV-50456,DISP-09429,OMC-001,TotalEnergies Kenya,LPG,2025-10-05,204644,FIN-005
INV-91192,DISP-00143,OMC-016,KPA Marine,HFO,2025-11-30,48832,FIN-004
INV-67067,DISP-04148,OMC-017,KAA Aviation,HFO,2025-01-31,211571,FIN-001
INV-65864,DISP-02412,OMC-001,TotalEnergies Kenya,JETA1,2025-04-15," KES 142,392 ",FIN-001
INV-23137,DISP-08474,OMC-010,Tamoil,JETA1,,286899,FIN-003
INV-57590,DISP-02066,OMC-009,Dalbit Petroleum,PMS,20/09/2025,166267,FIN-002
INV-57021,DISP-04912,OMC-003,Rubis Energy,JETA1,2025-05-05,58847,FIN-002
INV-40408,DISP-06615,OMC-015,Mombasa Petroleum,AGO,,34470,FIN-002
INV-20021,DISP-02730,OMC-014,Texol Energies,HFO,2026-05-28,23349,FIN-005
INV-97222,DISP-07269,OMC-008,National Oil,DPK,2025-02-28,199122,FIN-001
INV-55595,DISP-05413,OMC-017,KAA Aviation,LPG,2026-05-06,119173,FIN-001
INV-33717,DISP-08959,OMC-013,Lake Oil,LUB,2025-09-22,69451,FIN-003
INV-91971,DISP-04522,OMC-018,Uganda National Oil,PMS,2026-07-03,47226,FIN-005
INV-76984,DISP-05554,OMC-006,Hashi Energy,PMS,2025-03-08,43667,FIN-002
INV-83617,DISP-07953,OMC-007,Kobil,JETA1,2025-12-08,128943,FIN-003
INV-70317,DISP-01223,OMC-007,Kobil,JETA1,2025-02-16,120066,FIN-003
INV-85194,DISP-07800,OMC-005,PetroOil Kenya,LPG,2026-03-13,34359,FIN-001
INV-13619,DISP-07199,OMC-013,Lake Oil,PMS,2025-09-02,211120,FIN-005
INV-63754,DISP-00608,OMC-002,Vivo Energy,LPG,2025-11-13,137403,FIN-003
INV-53485,DISP-08990,OMC-011,Hass Petroleum,LPG,2026-05-17,25901,FIN-003
INV-45892,DISP-06277,OMC-017,KAA Aviation,LUB,2025-12-08,266311,FIN-001
INV-53472,DISP-07343,OMC-013,Lake Oil,PMS,2026-05-14,213076,FIN-003
INV-62833,DISP-00243,OMC-019,Tanzania Petroleum,DPK,2025-08-20,121538,FIN-001
INV-44025,DISP-03425,OMC-005,PetroOil Kenya,PMS,2026-02-08,31839,FIN-004
INV-69185,DISP-07148,OMC-019,Tanzania Petroleum,LPG,2026-05-02,75270,FIN-005
INV-58996,DISP-06505,OMC-004,Gulf Energy,LPG,2026-04-15,154015,FIN-004
INV-84335,DISP-04993,OMC-005,PetroOil Kenya,LPG,2026-03-16,60337,FIN-004
INV-10517,DISP-03533,OMC-005,PetroOil Kenya,LUB,2026-02-15,182410,FIN-004
INV-86554,DISP-00391,OMC-005,PetroOil Kenya,LPG,2026-04-22,41877,FIN-003
INV-43280,DISP-03935,OMC-002,Vivo Energy,PMS,2026-02-01,47909,FIN-002
INV-46612,DISP-02693,OMC-013,Lake Oil,HFO,2025-07-04,24675,FIN-001
INV-90108,DISP-08630,OMC-010,Tamoil,PMS,2025-05-21,120136,FIN-003
INV-54449,DISP-02077,OMC-013,Lake Oil,DPK,2025-03-25,50882,FIN-002
INV-99669,DISP-07440,OMC-009,Dalbit Petroleum,PMS,02/10/2025,207040,FIN-004
INV-11713,DISP-01750,OMC-006,Hashi Energy,HFO,2025-09-02,48779,FIN-005
INV-54631,DISP-08493,OMC-012,Galana Energies,HFO,2026-04-25,136258,FIN-003
INV-45250,DISP-02034,OMC-007,Kobil,DPK,2025-05-20,99912,FIN-002
INV-50098,DISP-08134,OMC-014,Texol Energies,HFO,2025-04-11,99305,FIN-005
INV-79790,DISP-07204,OMC-009,Dalbit Petroleum,LUB,2025-12-26,255626,FIN-005
INV-87385,DISP-06371,OMC-003,Rubis Energy,AGO,2025-01-15,171423,FIN-002
INV-75114,DISP-09999,OMC-014,Texol Energies,JETA1,2025-03-30,41241,FIN-001
INV-39513,DISP-01770,OMC-014,Texol Energies,LPG,2025-08-12,149622,FIN-005
INV-24274,DISP-06651,OMC-002,Vivo Energy,AGO,2026-02-16,89497,FIN-003
INV-85723,DISP-00098,OMC-004,Gulf Energy,DPK,2026-04-22,171293,FIN-001
INV-64558,DISP-06611,OMC-001,TotalEnergies Kenya,LPG,2025-11-16,43602,FIN-003
INV-47087,DISP-07536,OMC-016,KPA Marine,LPG,2025-09-21,43876,FIN-002
INV-25335,DISP-07027,OMC-018,Uganda National Oil,HFO,02/04/2025,241107,FIN-004
INV-73954,DISP-03235,OMC-014,Texol Energies,HFO,2026-05-17,163378,FIN-002
INV-94085,DISP-03958,OMC-010,Tamoil,PMS,2025-01-11,195146,FIN-003
INV-19342,DISP-07504,OMC-011,Hass Petroleum,AGO,2025-07-02,44092,FIN-004
INV-39282,DISP-00240,OMC-001,TotalEnergies Kenya,HFO,2025-05-25,195629,FIN-001
INV-57084,DISP-00705,OMC-019,Tanzania Petroleum,AGO,2025-03-24,47415,FIN-001
INV-32911,DISP-03466,OMC-006,Hashi Energy,JETA1,2026-01-08,44934,FIN-003
INV-96598,DISP-07264,OMC-016,KPA Marine,LPG,2026-03-05,113753,FIN-005
INV-46491,DISP-06849,OMC-005,PetroOil Kenya,JETA1,,62888,FIN-004
INV-32989,DISP-07003,OMC-017,KAA Aviation,HFO,2025-09-01,37960,FIN-004
INV-48249,DISP-08678,OMC-015,Mombasa Petroleum,LUB,2025-01-07,170287,FIN-005
INV-30254,DISP-04062,OMC-002,Vivo Energy,DPK,2025-10-27,138413,FIN-003
INV-55412,DISP-09389,OMC-007,Kobil,DPK,2025-07-08,270365,FIN-002
INV-33896,DISP-04696,OMC-006,Hashi Energy,LUB,2026-06-12,162743,FIN-003
INV-43059,DISP-02537,OMC-017,KAA Aviation,HFO,2026-06-07,39383,FIN-004
INV-97301,DISP-04607,OMC-002,Vivo Energy,PMS,2026-03-03,211630,FIN-005
INV-80154,DISP-09162,OMC-019,Tanzania Petroleum,DPK,2025-07-16,27360,FIN-004
INV-85716,DISP-03673,OMC-009,Dalbit Petroleum,DPK,2025-01-30,187605,FIN-001
INV-19540,DISP-00110,OMC-009,Dalbit Petroleum,HFO,2025-07-26,42185,FIN-003
INV-40020,DISP-02819,OMC-010,Tamoil,DPK,2026-06-14,206320,FIN-004
INV-65769,DISP-06132,OMC-004,Gulf Energy,LUB,16/04/2026,212839,FIN-003
INV-17865,DISP-09937,OMC-014,Texol Energies,JETA1,29/03/2026,45263,FIN-004
INV-70327,DISP-06712,OMC-013,Lake Oil,AGO,2025-11-16,50444,FIN-005
INV-16237,DISP-00525,OMC-020,Ethiopian Oil,JETA1,2025-08-14,51163,FIN-001
INV-90894,DISP-03133,OMC-001,TotalEnergies Kenya,LUB,2025-08-10,38286,FIN-003
INV-98378,DISP-01952,OMC-012,Galana Energies,LUB,2026-04-21,241563,FIN-004
INV-73883,DISP-08946,OMC-020,Ethiopian Oil,PMS,2025-12-10,50016,FIN-004
INV-44357,DISP-05346,OMC-001,TotalEnergies Kenya,AGO,,61908,FIN-004
INV-10441,DISP-01698,OMC-020,Ethiopian Oil,HFO,2026-01-19,245014,FIN-003
INV-37430,DISP-01827,OMC-015,Mombasa Petroleum,DPK,2026-06-03," KES 167,832 ",FIN-005
INV-89677,DISP-02393,OMC-007,Kobil,LUB,2026-05-22,28504,FIN-002
INV-10068,DISP-02929,OMC-008,National Oil,DPK,2025-09-15,101277,FIN-003
INV-78952,DISP-00164,OMC-008,National Oil,AGO,2026-06-15,222434,FIN-001
INV-46830,DISP-08396,OMC-015,Mombasa Petroleum,PMS,2025-07-31," KES 233,371 ",FIN-001
INV-51374,DISP-09606,OMC-018,Uganda National Oil,AGO,2025-12-21,49484,FIN-001
INV-51703,DISP-02060,OMC-001,TotalEnergies Kenya,JETA1,2026-05-30,31790,FIN-005
INV-21871,DISP-03561,OMC-014,Texol Energies,PMS,2026-06-03,166445,FIN-002
INV-48621,DISP-07958,OMC-020,Ethiopian Oil,LPG,2026-04-26,209853,FIN-003
INV-19798,DISP-04741,OMC-015,Mombasa Petroleum,HFO,2026-04-15,40473,FIN-003
INV-60073,DISP-04417,OMC-006,Hashi Energy,AGO,2025-06-16,112365,FIN-005
INV-89280,DISP-00930,OMC-003,Rubis Energy,LUB,2026-02-13,173537,FIN-003
INV-35125,DISP-07861,OMC-003,Rubis Energy,AGO,2025-06-26,40607,FIN-004
INV-66660,DISP-04899,OMC-006,Hashi Energy,JETA1,2025-11-26,43092,FIN-005
INV-62209,DISP-05235,OMC-004,Gulf Energy,DPK,2026-03-10," KES 36,545 ",FIN-001
INV-59452,DISP-09071,OMC-013,Lake Oil,PMS,2025-07-17,32919,FIN-001
INV-26553,DISP-04860,OMC-008,National Oil,AGO,2025-12-10,58616,FIN-001
INV-71550,DISP-04438,OMC-016,KPA Marine,PMS,2025-05-07,202883,FIN-003
INV-66596,DISP-03399,OMC-016,KPA Marine,LPG,2026-03-14,50769,FIN-003
INV-84398,DISP-09982,OMC-002,Vivo Energy,AGO,2025-04-09,209375,FIN-001
INV-33252,DISP-04786,OMC-008,National Oil,AGO,2025-12-20,167092,FIN-005
INV-57193,DISP-07903,OMC-017,KAA Aviation,DPK,2025-04-20,79719,FIN-001
INV-42175,DISP-01769,OMC-007,Kobil,DPK,2025-01-08,172161,FIN-003
INV-58380,DISP-00106,OMC-012,Galana Energies,LUB,2026-02-12,52338,FIN-003
INV-13689,DISP-01925,OMC-008,National Oil,DPK,2025-06-16,100715,FIN-005
INV-87740,DISP-06906,OMC-011,Hass Petroleum,DPK,2026-01-26,258259,FIN-002
INV-88618,DISP-02608,OMC-014,Texol Energies,JETA1,2026-05-17,47708,FIN-003
INV-47862,DISP-06002,OMC-004,Gulf Energy,AGO,2026-04-12,29053,FIN-003
INV-61416,DISP-07311,OMC-009,Dalbit Petroleum,AGO,2025-04-23,47554,FIN-005
INV-86362,DISP-07263,OMC-017,KAA Aviation,DPK,2026-03-31,210149,FIN-001
INV-54206,DISP-05826,OMC-012,Galana Energies,LUB,2026-03-11,222238,FIN-001
INV-84044,DISP-02390,OMC-020,Ethiopian Oil,HFO,2026-02-03,184959,FIN-003
INV-22984,DISP-07527,OMC-008,National Oil,HFO,2025-01-06,178045,FIN-001
INV-16970,DISP-02209,OMC-015,Mombasa Petroleum,HFO,2026-03-25,34708,FIN-002
INV-57398,DISP-03674,OMC-008,National Oil,LPG,2026-04-18,193293,FIN-005
INV-50151,DISP-09298,OMC-016,KPA Marine,PMS,2025-12-21,59531,FIN-002
INV-84198,DISP-06280,OMC-007,Kobil,LPG,2025-03-20,128889,FIN-001
INV-64609,DISP-05957,OMC-010,Tamoil,JETA1,2025-12-01,225102,FIN-002
INV-11339,DISP-02873,OMC-013,Lake Oil,LPG,2025-01-30,208451,FIN-005
INV-39247,DISP-04122,OMC-006,Hashi Energy,LUB,2025-05-01,172945,FIN-001
INV-89785,DISP-07019,OMC-015,Mombasa Petroleum,DPK,2026-04-08,187645,FIN-003
INV-68998,DISP-02384,OMC-007,Kobil,LPG,2025-06-12,150047,FIN-005
INV-38024,DISP-04378,OMC-009,Dalbit Petroleum,HFO,16/11/2025,163101,FIN-001
INV-43644,DISP-05448,OMC-018,Uganda National Oil,LUB,2025-12-18,29135,FIN-004
INV-43394,DISP-00539,OMC-003,Rubis Energy,AGO,2025-06-26,23699,FIN-002
INV-32900,DISP-02138,OMC-004,Gulf Energy,HFO,2026-02-05,211394,FIN-004
INV-26816,DISP-06791,OMC-001,TotalEnergies Kenya,LUB,2025-04-21,21406,FIN-005
INV-62749,DISP-03945,OMC-007,Kobil,HFO,2025-10-12,211713,FIN-001
INV-42373,DISP-00202,OMC-008,National Oil,HFO,20/06/2025,54398,FIN-003
INV-84183,DISP-05879,OMC-010,Tamoil,AGO,2025-09-25,29696,FIN-003
INV-44556,DISP-08851,OMC-013,Lake Oil,LPG,2026-03-06,25606,FIN-004
INV-85243,DISP-03423,OMC-008,National Oil,JETA1,2025-02-07," KES 170,548 ",FIN-002
INV-66318,DISP-08346,OMC-012,Galana Energies,LPG,2026-03-30,55099,FIN-003
INV-44254,DISP-09465,OMC-017,KAA Aviation,JETA1,2025-03-08,107706,FIN-001
INV-36771,DISP-04207,OMC-005,PetroOil Kenya,HFO,2026-04-19," KES 34,403 ",FIN-002
INV-61077,DISP-07114,OMC-005,PetroOil Kenya,JETA1,2026-03-30,35172,FIN-004
INV-27026,DISP-00572,OMC-004,Gulf Energy,LUB,2026-03-23,285151,FIN-001
INV-74343,DISP-06095,OMC-009,Dalbit Petroleum,PMS,2025-11-02," KES 96,118 ",FIN-001
INV-93424,DISP-05311,OMC-001,TotalEnergies Kenya,PMS,2026-01-17,256808,FIN-005
INV-78669,DISP-02980,OMC-001,TotalEnergies Kenya,PMS,2025-01-12,92473,FIN-005
INV-19141,DISP-01416,OMC-018,Uganda National Oil,HFO,2026-02-16,31441,FIN-005
INV-10249,DISP-03230,OMC-020,Ethiopian Oil,HFO,09/11/2025,174585,FIN-001
INV-49972,DISP-04278,OMC-013,Lake Oil,PMS,2025-07-14,21137,FIN-001
INV-54684,DISP-06582,OMC-020,Ethiopian Oil,AGO,2026-01-04,36555,FIN-003
INV-67987,DISP-06894,OMC-004,Gulf Energy,JETA1,2026-04-16,55324,FIN-004
INV-14114,DISP-07523,OMC-007,Kobil,HFO,2025-12-25," KES 146,253 ",FIN-004
INV-88968,DISP-06467,OMC-002,Vivo Energy,LPG,2026-01-22,86828,FIN-003
INV-51792,DISP-08724,OMC-010,Tamoil,DPK,2025-02-16,245767,FIN-002
INV-76413,DISP-03875,OMC-005,PetroOil Kenya,DPK,13/04/2026," KES 293,850 ",FIN-002
INV-50099,DISP-07833,OMC-001,TotalEnergies Kenya,JETA1,2025-07-20,268906,FIN-005
INV-59978,DISP-04781,OMC-010,Tamoil,HFO,2025-09-14,203270,FIN-005
INV-65655,DISP-03982,OMC-010,Tamoil,JETA1,2025-08-25,243139,FIN-001
INV-71253,DISP-00157,OMC-020,Ethiopian Oil,DPK,2025-05-25,59355,FIN-003
INV-12255,DISP-01220,OMC-016,KPA Marine,DPK,2025-06-17,122613,FIN-002
INV-81101,DISP-02502,OMC-005,PetroOil Kenya,DPK,2026-03-05,139958,FIN-001
INV-46291,DISP-08610,OMC-011,Hass Petroleum,JETA1,2025-02-14,206156,FIN-001
INV-60110,DISP-08248,OMC-010,Tamoil,HFO,2026-02-04,179243,FIN-002
INV-89938,DISP-01742,OMC-020,Ethiopian Oil,DPK,2025-02-28," KES 120,769 ",FIN-005
INV-14923,DISP-00605,OMC-014,Texol Energies,AGO,2026-05-08,135568,FIN-002
INV-54575,DISP-07382,OMC-007,Kobil,PMS,2026-03-10,62760,FIN-005
INV-75672,DISP-03858,OMC-001,TotalEnergies Kenya,JETA1,2025-08-19,145937,FIN-005
INV-68097,DISP-06659,OMC-013,Lake Oil,DPK,2025-07-15,283223,FIN-002
INV-56981,DISP-05164,OMC-004,Gulf Energy,PMS,16/03/2026,25001,FIN-005
INV-24763,DISP-09539,OMC-007,Kobil,LUB,2025-08-20,41916,FIN-002
INV-55054,DISP-06342,OMC-003,Rubis Energy,LPG,2026-06-28,258719,FIN-003
INV-41060,DISP-01273,OMC-009,Dalbit Petroleum,JETA1,2026-01-07,134825,FIN-004
INV-57744,DISP-06183,OMC-010,Tamoil,LPG,2026-04-23,62168,FIN-005
INV-36597,DISP-01570,OMC-006,Hashi Energy,LUB,2025-06-20,197318,FIN-001
INV-83787,DISP-03312,OMC-005,PetroOil Kenya,LUB,2026-04-17,162491,FIN-002
INV-18189,DISP-05138,OMC-020,Ethiopian Oil,JETA1,2025-07-19,30064,FIN-005
INV-30250,DISP-04554,OMC-012,Galana Energies,DPK,2026-03-10,58200,FIN-005
INV-36172,DISP-09645,OMC-007,Kobil,AGO,2025-05-05,134167,FIN-005
INV-48116,DISP-06298,OMC-014,Texol Energies,HFO,2026-02-16,45686,FIN-003
INV-62111,DISP-09847,OMC-004,Gulf Energy,JETA1,2026-03-05,171092,FIN-004
INV-18838,DISP-06030,OMC-008,National Oil,DPK,2025-03-02,171078,FIN-001
INV-79622,DISP-02085,OMC-017,KAA Aviation,LPG,2025-05-20," KES 94,143 ",FIN-001
INV-12426,DISP-09177,OMC-018,Uganda National Oil,HFO,2025-07-24,217821,FIN-002
INV-32290,DISP-07549,OMC-003,Rubis Energy,DPK,2025-02-09,163841,FIN-004
INV-18694,DISP-02652,OMC-014,Texol Energies,HFO,2025-12-17,211545,FIN-002
INV-65285,DISP-03432,OMC-017,KAA Aviation,DPK,2026-03-09,217206,FIN-005
INV-73903,DISP-05585,OMC-001,TotalEnergies Kenya,PMS,2026-03-20,55536,FIN-002
INV-59945,DISP-04661,OMC-014,Texol Energies,HFO,2026-03-06,239283,FIN-001
INV-80500,DISP-09751,OMC-014,Texol Energies,PMS,2025-08-02,252233,FIN-001
INV-29497,DISP-07941,OMC-016,KPA Marine,AGO,2025-01-07,140768,FIN-003
INV-12168,DISP-00937,OMC-008,National Oil,AGO,2026-04-16,53580,FIN-004
INV-46357,DISP-04950,OMC-012,Galana Energies,LPG,2026-03-16,121775,FIN-005
INV-97097,DISP-07106,OMC-019,Tanzania Petroleum,LPG,2025-09-10," KES 75,670 ",FIN-003
INV-97030,DISP-08969,OMC-011,Hass Petroleum,LUB,2025-11-19,262097,FIN-005
INV-70963,DISP-05015,OMC-012,Galana Energies,JETA1,2026-02-12,129036,FIN-003
INV-63620,DISP-01785,OMC-006,Hashi Energy,PMS,2025-08-21,279398,FIN-002
INV-92484,DISP-06968,OMC-014,Texol Energies,JETA1,2026-04-02,198234,FIN-003
INV-16025,DISP-00448,OMC-015,Mombasa Petroleum,AGO,2026-05-20,94806,FIN-005
INV-47999,DISP-00191,OMC-007,Kobil,HFO,2025-09-12,156120,FIN-003
INV-44715,DISP-08692,OMC-006,Hashi Energy,LPG,2026-03-23,127867,FIN-005
INV-34337,DISP-02113,OMC-020,Ethiopian Oil,DPK,2025-12-09,99038,FIN-001
INV-42251,DISP-05606,OMC-016,KPA Marine,PMS,2026-01-05,48643,FIN-001
INV-86901,DISP-03762,OMC-016,KPA Marine,HFO,2026-06-18,29839,FIN-001
INV-44608,DISP-01177,OMC-017,KAA Aviation,AGO,2026-05-10,130968,FIN-003
INV-62960,DISP-08153,OMC-013,Lake Oil,AGO,2025-02-27,165935,FIN-005
INV-49245,DISP-01668,OMC-014,Texol Energies,AGO,2025-08-23,88413,FIN-002
INV-63832,DISP-09321,OMC-019,Tanzania Petroleum,AGO,,33407,FIN-001
INV-17819,DISP-07236,OMC-014,Texol Energies,DPK,2025-05-15,41895,FIN-003
INV-20246,DISP-00764,OMC-019,Tanzania Petroleum,LPG,2025-02-08,257163,FIN-003
INV-75912,DISP-00022,OMC-001,TotalEnergies Kenya,LPG,2026-06-21,162260,FIN-002
INV-16251,DISP-06681,OMC-002,Vivo Energy,HFO,2025-03-22," KES 166,341 ",FIN-003
INV-67392,DISP-06657,OMC-017,KAA Aviation,LPG,2026-01-06,134991,FIN-002
INV-91131,DISP-04252,OMC-005,PetroOil Kenya,PMS,2026-05-04,74473,FIN-005
INV-11937,DISP-01300,OMC-017,KAA Aviation,LUB,2025-04-27,198607,FIN-004
INV-67731,DISP-09724,OMC-002,Vivo Energy,LUB,2025-05-04,245176,FIN-004
INV-11189,DISP-04096,OMC-019,Tanzania Petroleum,LUB,2025-11-22,50969,FIN-004
INV-16975,DISP-02960,OMC-016,KPA Marine,LUB,2026-04-12,135493,FIN-002
INV-25385,DISP-09246,OMC-020,Ethiopian Oil,JETA1,2025-02-15,51833,FIN-003
INV-88131,DISP-00328,OMC-018,Uganda National Oil,HFO,2025-07-27,144845,FIN-004
INV-87679,DISP-05072,OMC-018,Uganda National Oil,HFO,2025-06-15,40207,FIN-002
INV-49667,DISP-08513,OMC-009,Dalbit Petroleum,JETA1,2025-08-27,140210,FIN-002
INV-16611,DISP-07051,OMC-003,Rubis Energy,AGO,2025-08-06,115585,FIN-001
INV-48591,DISP-05013,OMC-008,National Oil,LUB,2025-12-02,103479,FIN-001
INV-46666,DISP-02012,OMC-020,Ethiopian Oil,LUB,2026-04-10,167719,FIN-004
INV-20451,DISP-01410,OMC-011,Hass Petroleum,JETA1,,115639,FIN-001
INV-93901,DISP-08123,OMC-015,Mombasa Petroleum,HFO,,126768,FIN-004
INV-93983,DISP-06481,OMC-005,PetroOil Kenya,DPK,2026-02-23,213796,FIN-005
INV-11012,DISP-02517,OMC-005,PetroOil Kenya,LUB,2026-02-13," KES 62,060 ",FIN-002
INV-42803,DISP-01566,OMC-007,Kobil,HFO,03/05/2025,47880,FIN-003
INV-36214,DISP-05942,OMC-020,Ethiopian Oil,DPK,,35121,FIN-003
INV-38047,DISP-07638,OMC-002,Vivo Energy,JETA1,2025-02-05,76673,FIN-004
INV-64141,DISP-02694,OMC-018,Uganda National Oil,DPK,2025-06-06,179584,FIN-004
INV-31690,DISP-05566,OMC-008,National Oil,JETA1,2025-04-03,187450,FIN-001
INV-48461,DISP-05021,OMC-011,Hass Petroleum,AGO,2025-09-18,277513,FIN-005
INV-24322,DISP-00019,OMC-014,Texol Energies,AGO,,35736,FIN-001
INV-13340,DISP-03728,OMC-002,Vivo Energy,LPG,2025-07-03,126030,FIN-001
INV-36017,DISP-00742,OMC-005,PetroOil Kenya,PMS,2026-04-07,113549,FIN-003
INV-87886,DISP-09787,OMC-010,Tamoil,PMS,2026-05-21,31466,FIN-001
INV-73345,DISP-08204,OMC-020,Ethiopian Oil,AGO,2025-08-31,107251,FIN-003
INV-10755,DISP-02925,OMC-008,National Oil,LPG,2025-02-27,149627,FIN-003
INV-49955,DISP-01508,OMC-013,Lake Oil,AGO,2026-02-17,287767,FIN-001
INV-57433,DISP-00144,OMC-013,Lake Oil,LPG,2025-09-16,175213,FIN-004
INV-86096,DISP-05781,OMC-017,KAA Aviation,LUB,2025-06-28,27391,FIN-001
INV-56932,DISP-08329,OMC-006,Hashi Energy,LPG,2025-09-26,80588,FIN-001
INV-63999,DISP-00780,OMC-010,Tamoil,AGO,2026-03-25,120252,FIN-003
INV-73965,DISP-09184,OMC-004,Gulf Energy,LPG,2026-03-16,176867,FIN-001
INV-94156,DISP-07494,OMC-012,Galana Energies,AGO,2026-03-19,59135,FIN-005
INV-58621,DISP-05753,OMC-020,Ethiopian Oil,JETA1,2025-08-10,146327,FIN-002
INV-23273,DISP-04582,OMC-002,Vivo Energy,PMS,2026-02-06,156670,FIN-005
INV-12663,DISP-04136,OMC-003,Rubis Energy,PMS,2025-05-28,71349,FIN-002
INV-12098,DISP-07728,OMC-010,Tamoil,JETA1,2025-07-23,207121,FIN-005
INV-31945,DISP-08706,OMC-013,Lake Oil,HFO,2025-10-09,111071,FIN-003
INV-98767,DISP-06229,OMC-017,KAA Aviation,PMS,2025-02-24,93590,FIN-005
INV-39136,DISP-09396,OMC-001,TotalEnergies Kenya,AGO,2025-11-24,182031,FIN-003
INV-34526,DISP-07722,OMC-012,Galana Energies,PMS,2026-03-17,104547,FIN-005
INV-55710,DISP-01141,OMC-017,KAA Aviation,PMS,11/06/2026,135143,FIN-005
INV-45927,DISP-00026,OMC-008,National Oil,AGO,2025-06-02,185688,FIN-003
INV-75767,DISP-03320,OMC-007,Kobil,HFO,2026-01-31,157969,FIN-004
INV-31029,DISP-01820,OMC-016,KPA Marine,AGO,15/04/2026,132958,FIN-001
INV-67789,DISP-03374,OMC-020,Ethiopian Oil,PMS,2026-05-11," KES 71,382 ",FIN-005
INV-61167,DISP-00857,OMC-020,Ethiopian Oil,AGO,2026-02-23,115854,FIN-005
INV-36561,DISP-06452,OMC-013,Lake Oil,PMS,2025-10-31,171505,FIN-001
INV-33935,DISP-06069,OMC-018,Uganda National Oil,JETA1,2026-01-24,125591,FIN-004
INV-81148,DISP-07319,OMC-016,KPA Marine,JETA1,2025-09-02,140042,FIN-002
INV-23528,DISP-04004,OMC-006,Hashi Energy,PMS,2025-09-01,192577,FIN-004
INV-60356,DISP-07969,OMC-007,Kobil,HFO,2026-02-05,103835,FIN-001
INV-54543,DISP-00461,OMC-011,Hass Petroleum,PMS,2026-02-19,114400,FIN-003
INV-29512,DISP-00263,OMC-015,Mombasa Petroleum,PMS,2026-02-21,102545,FIN-002
INV-40692,DISP-00767,OMC-020,Ethiopian Oil,DPK,2025-07-27,166930,FIN-001
INV-99459,DISP-07528,OMC-005,PetroOil Kenya,AGO,,160133,FIN-002
INV-85358,DISP-09886,OMC-008,National Oil,HFO,2026-03-05,55421,FIN-002
INV-19146,DISP-09430,OMC-011,Hass Petroleum,DPK,2025-06-02,111017,FIN-004
INV-89500,DISP-06740,OMC-013,Lake Oil,PMS,12/04/2025,201833,FIN-005
INV-62287,DISP-07545,OMC-003,Rubis Energy,AGO,2025-11-19,215655,FIN-004
INV-19311,DISP-04812,OMC-017,KAA Aviation,DPK,2025-12-13,31704,FIN-005
INV-14218,DISP-07673,OMC-010,Tamoil,AGO,2026-03-20,134498,FIN-001
INV-16942,DISP-04645,OMC-003,Rubis Energy,HFO,2026-05-25,56845,FIN-003
INV-41146,DISP-08128,OMC-005,PetroOil Kenya,DPK,2026-02-18,52343,FIN-005
INV-10533,DISP-04114,OMC-016,KPA Marine,AGO,2025-07-02,43540,FIN-005
INV-42388,DISP-09263,OMC-013,Lake Oil,LPG,2026-05-13,186027,FIN-003
INV-49154,DISP-04675,OMC-006,Hashi Energy,LUB,2026-02-19,210771,FIN-001
INV-65114,DISP-00925,OMC-007,Kobil,LUB,2025-11-12,98879,FIN-004
INV-57980,DISP-00001,OMC-005,PetroOil Kenya,HFO,2026-03-05,166310,FIN-001
INV-33850,DISP-00493,OMC-009,Dalbit Petroleum,DPK,2026-06-08,255696,FIN-001
INV-94484,DISP-01638,OMC-009,Dalbit Petroleum,LPG,2026-05-22,204797,FIN-005
INV-95910,DISP-04641,OMC-002,Vivo Energy,LPG,2025-04-22,233795,FIN-005
INV-58748,DISP-03702,OMC-003,Rubis Energy,PMS,2025-10-03,33850,FIN-003
INV-13782,DISP-00129,OMC-011,Hass Petroleum,PMS,2025-11-07,39968,FIN-003
INV-95019,DISP-06351,OMC-013,Lake Oil,HFO,,57244,FIN-001
INV-10778,DISP-01122,OMC-019,Tanzania Petroleum,JETA1,2025-12-24,26750,FIN-001
INV-72153,DISP-00911,OMC-003,Rubis Energy,DPK,2025-01-20,57727,FIN-002
INV-62949,DISP-07784,OMC-004,Gulf Energy,HFO,2026-02-21," KES 58,574 ",FIN-002
INV-62879,DISP-03426,OMC-019,Tanzania Petroleum,DPK,2025-08-18,204388,FIN-003
INV-76254,DISP-04809,OMC-019,Tanzania Petroleum,AGO,2025-01-22,52709,FIN-003
INV-48880,DISP-00169,OMC-017,KAA Aviation,AGO,2026-05-24,46804,FIN-001
INV-93960,DISP-00330,OMC-002,Vivo Energy,LPG,2025-08-31,30751,FIN-001
INV-14425,DISP-05229,OMC-016,KPA Marine,PMS,2025-05-28,50085,FIN-001
INV-41502,DISP-01469,OMC-015,Mombasa Petroleum,AGO,2025-07-16," KES 270,669 ",FIN-005
INV-74176,DISP-08352,OMC-019,Tanzania Petroleum,LUB,2026-05-15," KES 28,835 ",FIN-005
INV-62826,DISP-07268,OMC-001,TotalEnergies Kenya,PMS,2026-06-26,208570,FIN-005
INV-17103,DISP-04184,OMC-006,Hashi Energy,JETA1,2026-06-22,166988,FIN-001
INV-54508,DISP-03570,OMC-002,Vivo Energy,HFO,2025-05-31,289017,FIN-005
INV-29899,DISP-00776,OMC-010,Tamoil,PMS,2025-05-27,28452,FIN-002
INV-91094,DISP-00872,OMC-017,KAA Aviation,JETA1,2026-02-11,34060,FIN-004
INV-10942,DISP-03331,OMC-018,Uganda National Oil,LUB,2025-03-14,263428,FIN-002
INV-32805,DISP-05124,OMC-015,Mombasa Petroleum,LPG,2025-06-30,47995,FIN-004
INV-88584,DISP-05803,OMC-006,Hashi Energy,AGO,2025-04-20,282164,FIN-002
INV-34612,DISP-00139,OMC-013,Lake Oil,JETA1,2026-06-28,53863,FIN-003
INV-11056,DISP-04891,OMC-011,Hass Petroleum,AGO,2025-09-27,133697,FIN-001
INV-28212,DISP-01551,OMC-006,Hashi Energy,LUB,2025-08-10,41274,FIN-004
INV-24858,DISP-09827,OMC-016,KPA Marine,HFO,2025-03-08,189719,FIN-003
INV-56235,DISP-01511,OMC-015,Mombasa Petroleum,LUB,30/12/2025,203299,FIN-005
INV-92844,DISP-09379,OMC-011,Hass Petroleum,HFO,2025-09-08,125786,FIN-001
INV-40534,DISP-04362,OMC-009,Dalbit Petroleum,JETA1,2025-10-21,44550,FIN-002
INV-10654,DISP-06979,OMC-020,Ethiopian Oil,LPG,2025-01-08,121126,FIN-001
INV-87064,DISP-06190,OMC-003,Rubis Energy,LPG,2025-03-17,237839,FIN-004
INV-53836,DISP-00053,OMC-007,Kobil,DPK,2025-09-06,268952,FIN-003
INV-23978,DISP-02957,OMC-006,Hashi Energy,PMS,2026-07-02," KES 57,269 ",FIN-002
INV-26229,DISP-02466,OMC-004,Gulf Energy,LUB,2026-04-07,122808,FIN-002
INV-51942,DISP-05203,OMC-011,Hass Petroleum,HFO,2026-01-16,261307,FIN-001
INV-87648,DISP-07238,OMC-004,Gulf Energy,DPK,2026-02-15,201060,FIN-003
INV-37963,DISP-07680,OMC-018,Uganda National Oil,PMS,2025-05-31,248744,FIN-001
INV-50007,DISP-09638,OMC-019,Tanzania Petroleum,LPG,2025-04-15,190151,FIN-004
INV-80653,DISP-08782,OMC-015,Mombasa Petroleum,DPK,2025-09-02,41578,FIN-003
INV-82470,DISP-03597,OMC-007,Kobil,JETA1,29/04/2025,49777,FIN-003
INV-37574,DISP-09820,OMC-017,KAA Aviation,PMS,,194829,FIN-003
INV-90108,DISP-04192,OMC-019,Tanzania Petroleum,LUB,27/06/2025,90484,FIN-003
INV-34543,DISP-09520,OMC-009,Dalbit Petroleum,JETA1,,263581,FIN-002
INV-86408,DISP-02966,OMC-011,Hass Petroleum,LUB,2025-01-22,166351,FIN-002
INV-19825,DISP-07604,OMC-016,KPA Marine,DPK,2026-04-19,59344,FIN-003
INV-76888,DISP-04785,OMC-018,Uganda National Oil,DPK,2026-06-19,27834,FIN-002
INV-63975,DISP-01707,OMC-018,Uganda National Oil,LPG,2026-03-25,44888,FIN-003
INV-46886,DISP-02824,OMC-007,Kobil,LUB,16/07/2025,25750,FIN-003
INV-67191,DISP-06874,OMC-001,TotalEnergies Kenya,AGO,22/08/2025,222962,FIN-005
INV-79302,DISP-03862,OMC-016,KPA Marine,AGO,2025-12-23,258042,FIN-003
INV-64877,DISP-04682,OMC-009,Dalbit Petroleum,AGO,2026-04-05,243137,FIN-003
INV-79795,DISP-03629,OMC-012,Galana Energies,PMS,2026-03-04,278041,FIN-002
INV-13497,DISP-06249,OMC-017,KAA Aviation,AGO,2026-05-18,270840,FIN-005
INV-54967,DISP-00007,OMC-002,Vivo Energy,HFO,2025-12-06,50313,FIN-003
INV-67033,DISP-06693,OMC-013,Lake Oil,JETA1,20/04/2025,91491,FIN-005
INV-54595,DISP-09507,OMC-005,PetroOil Kenya,DPK,2026-04-24,109816,FIN-004
INV-99034,DISP-05728,OMC-019,Tanzania Petroleum,JETA1,2026-03-21,51347,FIN-003
INV-91811,DISP-03170,OMC-001,TotalEnergies Kenya,JETA1,2025-06-13,179351,FIN-002
INV-82082,DISP-05105,OMC-012,Galana Energies,LPG,2026-02-21,254123,FIN-001
INV-39827,DISP-01106,OMC-020,Ethiopian Oil,JETA1,2025-04-04," KES 44,818 ",FIN-002
INV-96021,DISP-08186,OMC-007,Kobil,LUB,2025-12-27,171766,FIN-002
INV-57783,DISP-09943,OMC-006,Hashi Energy,JETA1,2025-04-12,114093,FIN-005
INV-57752,DISP-02790,OMC-014,Texol Energies,AGO,2025-07-30,110237,FIN-002
INV-75395,DISP-03755,OMC-010,Tamoil,JETA1,2026-02-14,151741,FIN-003
INV-42471,DISP-00805,OMC-010,Tamoil,HFO,2026-05-06,195904,FIN-005
INV-40356,DISP-04049,OMC-004,Gulf Energy,LPG,2026-03-27,365494,FIN-003
INV-79098,DISP-04088,OMC-004,Gulf Energy,LUB,2026-04-09,56227,FIN-004
INV-53031,DISP-08512,OMC-014,Texol Energies,LPG,2025-03-14,25354,FIN-005
INV-82892,DISP-02589,OMC-019,Tanzania Petroleum,DPK,2026-02-14,141157,FIN-002
INV-97444,DISP-07900,OMC-014,Texol Energies,HFO,2026-01-19,247846,FIN-003
INV-96256,DISP-05980,OMC-012,Galana Energies,LPG,2026-02-20,22206,FIN-004
INV-67542,DISP-06610,OMC-004,Gulf Energy,PMS,2026-03-28,237678,FIN-004
INV-66568,DISP-05666,OMC-017,KAA Aviation,PMS,2025-03-18,34244,FIN-002
INV-90685,DISP-04025,OMC-017,KAA Aviation,AGO,2025-05-03,31544,FIN-001
INV-54532,DISP-09531,OMC-014,Texol Energies,HFO,2025-12-30,191149,FIN-001
INV-51180,DISP-02214,OMC-008,National Oil,AGO,2025-05-22,31138,FIN-002
INV-51377,DISP-07653,OMC-009,Dalbit Petroleum,HFO,2025-07-09,187643,FIN-002
INV-25014,DISP-04932,OMC-011,Hass Petroleum,PMS,2026-04-21," KES 64,787 ",FIN-005
INV-64817,DISP-06969,OMC-011,Hass Petroleum,DPK,2025-08-28,28953,FIN-005
INV-90039,DISP-01503,OMC-008,National Oil,JETA1,2025-03-27,25404,FIN-003
INV-53433,DISP-06135,OMC-017,KAA Aviation,LPG,2025-07-18,283086,FIN-004
INV-19392,DISP-06797,OMC-003,Rubis Energy,LUB,2025-09-27,286600,FIN-005
INV-94298,DISP-09516,OMC-012,Galana Energies,PMS,2026-02-11,54801,FIN-001
INV-99585,DISP-06568,OMC-003,Rubis Energy,DPK,2025-10-03,52393,FIN-003
INV-20408,DISP-02037,OMC-010,Tamoil,JETA1,2026-02-15,105299,FIN-004
INV-10708,DISP-07539,OMC-005,PetroOil Kenya,LUB,2026-04-01,179631,FIN-004
INV-14250,DISP-05437,OMC-012,Galana Energies,HFO,2026-03-31,20715,FIN-003
INV-94390,DISP-09655,OMC-016,KPA Marine,PMS,,29964,FIN-005
INV-89203,DISP-08944,OMC-008,National Oil,LPG,2025-02-23,43740,FIN-005
INV-50215,DISP-03894,OMC-013,Lake Oil,LPG,20/06/2026,275672,FIN-003
INV-41774,DISP-01872,OMC-016,KPA Marine,DPK,2025-07-28,153197,FIN-005
INV-46839,DISP-09732,OMC-010,Tamoil,DPK,2025-02-05,249601,FIN-002
INV-80470,DISP-05459,OMC-002,Vivo Energy,HFO,24/01/2026,97115,FIN-004
INV-46429,DISP-09534,OMC-006,Hashi Energy,AGO,2026-06-30,267301,FIN-003
INV-59412,DISP-06934,OMC-008,National Oil,AGO,2026-02-26,192060,FIN-003
INV-38104,DISP-01670,OMC-004,Gulf Energy,AGO,2026-04-12,221078,FIN-003
INV-11522,DISP-01871,OMC-003,Rubis Energy,LUB,2025-12-05," KES 225,038 ",FIN-005
INV-61839,DISP-04029,OMC-011,Hass Petroleum,AGO,2025-06-18,37200,FIN-005
INV-96184,DISP-02644,OMC-003,Rubis Energy,PMS,2025-10-05,108316,FIN-004
INV-76663,DISP-04982,OMC-015,Mombasa Petroleum,LUB,2025-05-17,140237,FIN-001
INV-46343,DISP-02995,OMC-012,Galana Energies,AGO,2026-02-14,78128,FIN-003
INV-75674,DISP-05403,OMC-013,Lake Oil,DPK,2025-07-24,185417,FIN-005
INV-71618,DISP-05909,OMC-020,Ethiopian Oil,JETA1,,251601,FIN-001
INV-86908,DISP-07593,OMC-011,Hass Petroleum,AGO,2026-03-15,31445,FIN-002
INV-10741,DISP-03867,OMC-003,Rubis Energy,LPG,2026-05-25," KES 23,636 ",FIN-005
INV-76714,DISP-01571,OMC-019,Tanzania Petroleum,DPK,25/09/2025,51333,FIN-005
INV-53740,DISP-05739,OMC-011,Hass Petroleum,HFO,," KES 285,283 ",FIN-004
INV-93286,DISP-03017,OMC-015,Mombasa Petroleum,DPK,2026-01-29,37026,FIN-002
INV-19211,DISP-06378,OMC-004,Gulf Energy,HFO,2026-04-30,112068,FIN-001
INV-57085,DISP-03096,OMC-020,Ethiopian Oil,HFO,2025-02-27,34948,FIN-004
INV-28674,DISP-01204,OMC-009,Dalbit Petroleum,PMS,2026-03-30,115124,FIN-005
INV-71663,DISP-00715,OMC-005,PetroOil Kenya,PMS,2026-02-09,41259,FIN-002
INV-25805,DISP-05965,OMC-003,Rubis Energy,LUB,2025-09-10,55425,FIN-004
INV-72616,DISP-08837,OMC-020,Ethiopian Oil,JETA1,2025-08-12,34129,FIN-002
INV-56719,DISP-04955,OMC-005,PetroOil Kenya,LPG,2026-04-28,36140,FIN-001
INV-91674,DISP-09114,OMC-018,Uganda National Oil,HFO,2025-12-22,116260,FIN-002
INV-33257,DISP-06363,OMC-014,Texol Energies,JETA1,2025-04-09,80700,FIN-003
INV-90319,DISP-08310,OMC-011,Hass Petroleum,JETA1,2025-02-18,27997,FIN-003
INV-12732,DISP-02703,OMC-014,Texol Energies,PMS,2025-07-17,290521,FIN-003
INV-55013,DISP-00834,OMC-014,Texol Energies,PMS,2025-02-22,35536,FIN-003
INV-71105,DISP-02853,OMC-012,Galana Energies,DPK,2026-04-15,230211,FIN-001
INV-62719,DISP-05179,OMC-011,Hass Petroleum,AGO,2025-12-09,222967,FIN-001
INV-94943,DISP-07704,OMC-011,Hass Petroleum,LUB,2025-07-17,124777,FIN-001
INV-55457,DISP-01234,OMC-011,Hass Petroleum,JETA1,2025-07-30,122167,FIN-001
INV-14485,DISP-01756,OMC-007,Kobil,LPG,2025-01-19,32454,FIN-004
INV-50801,DISP-04517,OMC-019,Tanzania Petroleum,PMS,2025-12-13," KES 55,866 ",FIN-003
INV-38021,DISP-07896,OMC-005,PetroOil Kenya,LUB,2026-02-07,84812,FIN-002
INV-63561,DISP-02975,OMC-012,Galana Energies,LUB,2026-04-10,200182,FIN-002
INV-14931,DISP-06488,OMC-017,KAA Aviation,LUB,2026-04-13,45416,FIN-002
INV-54396,DISP-05977,OMC-008,National Oil,DPK,2025-10-12,56792,FIN-005
INV-77523,DISP-00468,OMC-004,Gulf Energy,JETA1,2026-03-16,155238,FIN-004
INV-76167,DISP-09180,OMC-017,KAA Aviation,JETA1,2025-04-21,89667,FIN-005
INV-96221,DISP-08145,OMC-001,TotalEnergies Kenya,DPK,2025-06-29," KES 150,282 ",FIN-002
INV-71840,DISP-05142,OMC-020,Ethiopian Oil,DPK,2026-05-20,107880,FIN-003
INV-71946,DISP-04206,OMC-019,Tanzania Petroleum,HFO,2025-08-09,115046,FIN-003
INV-37362,DISP-04001,OMC-005,PetroOil Kenya,LPG,2026-02-06,27978,FIN-004
INV-45446,DISP-07113,OMC-002,Vivo Energy,JETA1,2025-05-15,113613,FIN-001
INV-50599,DISP-04233,OMC-013,Lake Oil,JETA1,,50313,FIN-003
INV-95660,DISP-06887,OMC-012,Galana Energies,DPK,2026-02-14,195458,FIN-002
INV-59600,DISP-00544,OMC-006,Hashi Energy,JETA1,2025-10-11,270641,FIN-001
INV-55061,DISP-05354,OMC-014,Texol Energies,JETA1,2025-07-15,99890,FIN-004
INV-42662,DISP-01395,OMC-008,National Oil,LPG,2025-02-03,178091,FIN-005
INV-54420,DISP-02371,OMC-018,Uganda National Oil,AGO,2025-12-07,49978,FIN-001
INV-55214,DISP-04426,OMC-004,Gulf Energy,AGO,2026-03-05,166210,FIN-001
INV-40782,DISP-01979,OMC-009,Dalbit Petroleum,HFO,2025-11-20,51644,FIN-003
INV-53991,DISP-08182,OMC-012,Galana Energies,PMS,2026-03-19,55578,FIN-005
INV-58179,DISP-01640,OMC-004,Gulf Energy,LPG,2026-04-21,225826,FIN-005
INV-93237,DISP-05347,OMC-003,Rubis Energy,LPG,21/11/2025,57099,FIN-002
INV-41402,DISP-08364,OMC-017,KAA Aviation,AGO,2025-02-24,26107,FIN-002
INV-32875,DISP-02357,OMC-015,Mombasa Petroleum,DPK,2025-07-25,266149,FIN-002
INV-95075,DISP-08321,OMC-015,Mombasa Petroleum,LUB,2026-04-19,243685,FIN-004
INV-76987,DISP-00188,OMC-006,Hashi Energy,LPG,2026-01-19,101258,FIN-001
INV-29527,DISP-06412,OMC-016,KPA Marine,DPK,2025-05-04,100460,FIN-004
INV-72980,DISP-06170,OMC-002,Vivo Energy,HFO,2025-07-12,22586,FIN-001
INV-69406,DISP-05946,OMC-016,KPA Marine,PMS,2026-06-02,47636,FIN-003
INV-40638,DISP-08418,OMC-012,Galana Energies,HFO,2026-03-23,47389,FIN-004
INV-87768,DISP-08973,OMC-010,Tamoil,LUB,2026-03-19,22443,FIN-002
INV-33595,DISP-05288,OMC-003,Rubis Energy,HFO,2025-04-09,37221,FIN-004
INV-60438,DISP-03290,OMC-008,National Oil,DPK,2025-12-11,169077,FIN-003
INV-15378,DISP-00949,OMC-019,Tanzania Petroleum,LUB,2026-07-02,246805,FIN-004
INV-35951,DISP-02033,OMC-001,TotalEnergies Kenya,LPG,2026-02-28,193974,FIN-005
INV-63805,DISP-08742,OMC-005,PetroOil Kenya,AGO,2026-02-05,130819,FIN-003
INV-34463,DISP-03333,OMC-011,Hass Petroleum,AGO,2026-06-07,24583,FIN-004
INV-45379,DISP-07633,OMC-019,Tanzania Petroleum,PMS,2025-06-04,217758,FIN-002
INV-70446,DISP-02470,OMC-001,TotalEnergies Kenya,LPG,2025-09-13," KES 161,676 ",FIN-004
INV-87407,DISP-04470,OMC-008,National Oil,LPG,2026-03-06,50529,FIN-002
INV-19197,DISP-03353,OMC-002,Vivo Energy,AGO,2026-01-05,248382,FIN-002
INV-52995,DISP-08559,OMC-009,Dalbit Petroleum,HFO,2025-10-27,281051,FIN-001
INV-14911,DISP-06222,OMC-005,PetroOil Kenya,AGO,2026-04-22,241801,FIN-001
INV-55909,DISP-09195,OMC-009,Dalbit Petroleum,LPG,2025-10-18,170439,FIN-002
INV-75308,DISP-09828,OMC-006,Hashi Energy,DPK,2026-01-14," KES 276,892 ",FIN-003
INV-40808,DISP-09328,OMC-002,Vivo Energy,DPK,2025-01-30,49894,FIN-005
INV-78679,DISP-05168,OMC-011,Hass Petroleum,PMS,2025-02-14,277198,FIN-002
INV-63474,DISP-05158,OMC-001,TotalEnergies Kenya,LPG,2025-12-05,188298,FIN-004
INV-35739,DISP-09613,OMC-006,Hashi Energy,JETA1,2025-01-11,30219,FIN-005
INV-22828,DISP-06718,OMC-007,Kobil,DPK,11/02/2026,184224,FIN-005
INV-32888,DISP-05785,OMC-004,Gulf Energy,HFO,2026-03-10,58988,FIN-004
INV-90322,DISP-00952,OMC-016,KPA Marine,LUB,2026-06-07,38294,FIN-003
INV-86721,DISP-00417,OMC-001,TotalEnergies Kenya,JETA1,2025-04-03,40918,FIN-001
INV-61955,DISP-06619,OMC-018,Uganda National Oil,HFO,2025-11-19,37632,FIN-002
INV-25215,DISP-06453,OMC-009,Dalbit Petroleum,LPG,2026-03-20,179943,FIN-002
INV-63603,DISP-01359,OMC-014,Texol Energies,AGO,2025-04-14,171923,FIN-002
INV-31834,DISP-05715,OMC-017,KAA Aviation,PMS,2025-02-13,35713,FIN-004
INV-77780,DISP-05525,OMC-010,Tamoil,AGO,2026-03-19,46794,FIN-005
INV-65175,DISP-00273,OMC-008,National Oil,PMS,2025-02-19,62682,FIN-004
INV-64308,DISP-03151,OMC-009,Dalbit Petroleum,JETA1,2026-05-26,65242,FIN-004
INV-33341,DISP-08374,OMC-019,Tanzania Petroleum,JETA1,09/01/2025,56328,FIN-002
INV-96620,DISP-00331,OMC-010,Tamoil,AGO,2026-04-12,45636,FIN-003
INV-63283,DISP-01841,OMC-015,Mombasa Petroleum,AGO,2025-09-29,165807,FIN-005
INV-47918,DISP-00375,OMC-016,KPA Marine,DPK,2026-04-17,111580,FIN-005
INV-69414,DISP-06334,OMC-010,Tamoil,LUB,2025-08-18," KES 126,515 ",FIN-001
INV-49569,DISP-04771,OMC-016,KPA Marine,LUB,2025-10-24,34818,FIN-001
INV-11748,DISP-09498,OMC-006,Hashi Energy,LUB,2026-03-28,40754,FIN-005
INV-68004,DISP-03317,OMC-008,National Oil,LUB,2026-01-20,33148,FIN-005
INV-57283,DISP-02890,OMC-019,Tanzania Petroleum,DPK,2025-06-19,108526,FIN-003
INV-51096,DISP-04835,OMC-018,Uganda National Oil,AGO,2025-11-09,115368,FIN-001
INV-18602,DISP-04520,OMC-014,Texol Energies,DPK,2025-10-30,230946,FIN-005
INV-19027,DISP-01360,OMC-011,Hass Petroleum,DPK,2025-09-06,38028,FIN-004
INV-94537,DISP-03352,OMC-013,Lake Oil,LUB,2025-04-28,37940,FIN-002
INV-33360,DISP-05737,OMC-020,Ethiopian Oil,PMS,26/08/2025,38551,FIN-004
INV-17446,DISP-07905,OMC-002,Vivo Energy,JETA1,2025-10-11,230088,FIN-004
INV-56482,DISP-03306,OMC-003,Rubis Energy,JETA1,2026-01-04,183984,FIN-002
INV-36168,DISP-04858,OMC-016,KPA Marine,DPK,2025-08-14,57970,FIN-003
INV-74503,DISP-01276,OMC-003,Rubis Energy,AGO,2026-05-19,35294,FIN-002
INV-39620,DISP-00163,OMC-012,Galana Energies,LPG,2026-04-06,84174,FIN-001
INV-56810,DISP-08928,OMC-014,Texol Energies,LPG,,214464,FIN-005
INV-53444,DISP-07871,OMC-011,Hass Petroleum,LPG,2026-04-14,192308,FIN-003
INV-29358,DISP-07285,OMC-018,Uganda National Oil,AGO,2025-07-26,24767,FIN-003
INV-82778,DISP-01239,OMC-017,KAA Aviation,LPG,2026-01-04,184139,FIN-001
INV-59322,DISP-06043,OMC-004,Gulf Energy,LPG,2026-02-18,110059,FIN-002
INV-48571,DISP-07259,OMC-015,Mombasa Petroleum,JETA1,2026-04-04,90185,FIN-001
INV-87648,DISP-01739,OMC-012,Galana Energies,JETA1,2026-03-31,164789,FIN-002
INV-75528,DISP-04867,OMC-018,Uganda National Oil,PMS,2025-03-25,62500,FIN-005
INV-70082,DISP-03571,OMC-015,Mombasa Petroleum,DPK,2026-06-23,240293,FIN-001
INV-94616,DISP-00613,OMC-010,Tamoil,JETA1,2025-02-18,265594,FIN-004
INV-11607,DISP-02829,OMC-013,Lake Oil,DPK,2025-03-14,26694,FIN-003
INV-75809,DISP-03386,OMC-009,Dalbit Petroleum,LPG,2025-02-11,60404,FIN-005
INV-53117,DISP-02488,OMC-008,National Oil,AGO,2025-11-19,224770,FIN-004
INV-94442,DISP-03915,OMC-002,Vivo Energy,LUB,2025-02-16," KES 214,606 ",FIN-005
INV-26596,DISP-09935,OMC-011,Hass Petroleum,LPG,2026-03-20,208206,FIN-004
INV-46695,DISP-05190,OMC-006,Hashi Energy,LPG,14/03/2026,43235,FIN-001
INV-52997,DISP-00588,OMC-002,Vivo Energy,HFO,2026-06-23,164362,FIN-003
INV-68951,DISP-08591,OMC-002,Vivo Energy,DPK,2025-02-02,241405,FIN-005
INV-11123,DISP-04813,OMC-012,Galana Energies,JETA1,2026-03-22,30151,FIN-002
INV-27392,DISP-05629,OMC-006,Hashi Energy,DPK,2025-01-22,261081,FIN-004
INV-47889,DISP-02872,OMC-011,Hass Petroleum,HFO,2025-06-24,25465,FIN-003
INV-64869,DISP-02847,OMC-010,Tamoil,PMS,2026-02-22,249590,FIN-003
INV-11439,DISP-04021,OMC-007,Kobil,LUB,2026-06-26,217122,FIN-001
INV-46474,DISP-04303,OMC-017,KAA Aviation,PMS,2026-05-14,289822,FIN-001
INV-85581,DISP-02934,OMC-017,KAA Aviation,AGO,2026-03-01,264171,FIN-002
INV-57377,DISP-09291,OMC-010,Tamoil,LUB,2025-07-21,174558,FIN-002
INV-10753,DISP-01194,OMC-003,Rubis Energy,AGO,2026-06-06,55897,FIN-002
INV-46765,DISP-02863,OMC-015,Mombasa Petroleum,JETA1,2025-01-28,35534,FIN-002
INV-50221,DISP-09434,OMC-008,National Oil,HFO,2026-01-03,106595,FIN-001
INV-35863,DISP-07466,OMC-007,Kobil,JETA1,2026-04-29,108890,FIN-001
INV-54000,DISP-01758,OMC-014,Texol Energies,AGO,2026-01-10,277434,FIN-001
INV-31299,DISP-02192,OMC-015,Mombasa Petroleum,LUB,2026-05-19,167973,FIN-005
INV-35796,DISP-07496,OMC-015,Mombasa Petroleum,LUB,2025-08-10,72393,FIN-004
INV-81427,DISP-00781,OMC-017,KAA Aviation,LUB,2025-04-20,242866,FIN-004
INV-98170,DISP-04755,OMC-003,Rubis Energy,PMS,2025-08-14,198289,FIN-005
INV-25563,DISP-03856,OMC-005,PetroOil Kenya,LUB,2026-03-17,45911,FIN-005
INV-21088,DISP-09393,OMC-002,Vivo Energy,LUB,2025-07-19,57547,FIN-005
INV-58735,DISP-05228,OMC-010,Tamoil,HFO,2026-07-03,279205,FIN-003
INV-52704,DISP-08869,OMC-006,Hashi Energy,HFO,2025-05-30,60906,FIN-004
INV-60795,DISP-04881,OMC-013,Lake Oil,LPG,2025-11-02,112435,FIN-004
INV-93664,DISP-05857,OMC-014,Texol Energies,LPG,2025-07-25,22653,FIN-002
INV-42144,DISP-04100,OMC-006,Hashi Energy,JETA1,2026-04-06,165992,FIN-001
INV-86753,DISP-06455,OMC-014,Texol Energies,HFO,2025-08-04,134842,FIN-003
INV-28353,DISP-07016,OMC-010,Tamoil,PMS,16/01/2026,43198,FIN-002
INV-62442,DISP-03764,OMC-007,Kobil,AGO,2025-11-28,215730,FIN-005
INV-23186,DISP-07163,OMC-014,Texol Energies,PMS,2025-10-10,80941,FIN-005
INV-17678,DISP-04115,OMC-001,TotalEnergies Kenya,PMS,2025-08-06,220397,FIN-005
INV-56808,DISP-06266,OMC-020,Ethiopian Oil,PMS,2026-01-28,125769,FIN-003
INV-76525,DISP-04962,OMC-002,Vivo Energy,DPK,2026-03-15,237939,FIN-004
INV-26619,DISP-05850,OMC-007,Kobil,JETA1,25/12/2025,34982,FIN-003
INV-59035,DISP-00133,OMC-015,Mombasa Petroleum,HFO,2025-11-19,22589,FIN-003
INV-44720,DISP-00425,OMC-012,Galana Energies,PMS,2026-02-20,43572,FIN-003
INV-55863,DISP-08884,OMC-010,Tamoil,LPG,2025-04-05,51928,FIN-001
INV-43241,DISP-07554,OMC-010,Tamoil,LPG,2025-08-02,296327,FIN-005
INV-22919,DISP-03082,OMC-004,Gulf Energy,DPK,2026-03-12,35378,FIN-001
INV-55170,DISP-08759,OMC-019,Tanzania Petroleum,PMS,2025-05-03,76392,FIN-003
INV-95338,DISP-06281,OMC-001,TotalEnergies Kenya,JETA1,2025-03-12,21935,FIN-003
INV-80266,DISP-06517,OMC-003,Rubis Energy,HFO,2025-04-18,42121,FIN-003
INV-81216,DISP-07675,OMC-003,Rubis Energy,JETA1,2025-12-19,49946,FIN-004
INV-80679,DISP-01993,OMC-003,Rubis Energy,HFO,2025-12-21,31379,FIN-005
INV-82091,DISP-06873,OMC-012,Galana Energies,HFO,2026-03-14,235993,FIN-001
INV-23314,DISP-03620,OMC-007,Kobil,HFO,2026-06-01,41209,FIN-005
INV-80441,DISP-00513,OMC-013,Lake Oil,LPG,2025-04-27,231424,FIN-003
INV-59832,DISP-09276,OMC-020,Ethiopian Oil,LUB,2026-02-22,164341,FIN-004
INV-91896,DISP-05938,OMC-011,Hass Petroleum,LPG,13/02/2026,224481,FIN-004
INV-62045,DISP-00269,OMC-014,Texol Energies,JETA1,2025-10-13,159471,FIN-001
INV-66954,DISP-04691,OMC-012,Galana Energies,AGO,2026-02-27,75929,FIN-002
INV-34554,DISP-05890,OMC-012,Galana Energies,JETA1,2026-02-13,160894,FIN-003
INV-66428,DISP-09978,OMC-019,Tanzania Petroleum,AGO,2025-05-13,24132,FIN-002
INV-24616,DISP-04468,OMC-020,Ethiopian Oil,PMS,2026-05-02,178170,FIN-003
INV-68416,DISP-02097,OMC-010,Tamoil,HFO,31/05/2025,37847,FIN-002
INV-96751,DISP-09763,OMC-012,Galana Energies,DPK,2026-02-22,49378,FIN-001
INV-22781,DISP-01842,OMC-011,Hass Petroleum,PMS,2025-04-04,91428,FIN-004
INV-27043,DISP-02096,OMC-012,Galana Energies,HFO,2026-04-30,199424,FIN-001
INV-44862,DISP-01631,OMC-011,Hass Petroleum,JETA1,2025-09-13,187913,FIN-005
INV-29751,DISP-04243,OMC-018,Uganda National Oil,AGO,2025-11-26,75525,FIN-004
INV-27854,DISP-00779,OMC-019,Tanzania Petroleum,DPK,2025-02-04,261258,FIN-004
INV-32289,DISP-02588,OMC-017,KAA Aviation,LPG,2025-01-12,257851,FIN-004
INV-26975,DISP-01563,OMC-002,Vivo Energy,AGO,2025-04-20,189995,FIN-005
INV-57074,DISP-04557,OMC-020,Ethiopian Oil,AGO,2025-03-07," KES 95,352 ",FIN-003
INV-53867,DISP-05793,OMC-002,Vivo Energy,HFO,2025-07-23,105892,FIN-001
INV-23880,DISP-07154,OMC-007,Kobil,PMS,2025-02-17,43102,FIN-005
INV-67728,DISP-06448,OMC-006,Hashi Energy,JETA1,2025-07-28,105340,FIN-001
INV-43740,DISP-07315,OMC-013,Lake Oil,LUB,2025-02-16,194798,FIN-005
INV-47397,DISP-02866,OMC-011,Hass Petroleum,LPG,2025-09-15,46708,FIN-001
INV-59679,DISP-00365,OMC-004,Gulf Energy,HFO,2026-03-16,174658,FIN-002
INV-91656,DISP-07708,OMC-012,Galana Energies,DPK,2026-04-20," KES 81,664 ",FIN-003
INV-94991,DISP-06310,OMC-008,National Oil,AGO,2025-01-28,42844,FIN-001
INV-60765,DISP-00400,OMC-015,Mombasa Petroleum,LPG,2025-07-08,205249,FIN-004
INV-10721,DISP-09746,OMC-003,Rubis Energy,LPG,2025-06-22,184378,FIN-003
INV-69155,DISP-04793,OMC-007,Kobil,LPG,2026-02-26,161058,FIN-002
INV-22169,DISP-05210,OMC-019,Tanzania Petroleum,LUB,,59677,FIN-005
INV-82653,DISP-04848,OMC-005,PetroOil Kenya,PMS,2026-02-12,77081,FIN-001
INV-78311,DISP-02432,OMC-016,KPA Marine,AGO,2026-03-29,37155,FIN-003
INV-90065,DISP-05770,OMC-014,Texol Energies,LPG,2025-03-31,205340,FIN-001
INV-56302,DISP-03638,OMC-001,TotalEnergies Kenya,LPG,2025-10-12,110211,FIN-004
INV-89434,DISP-02519,OMC-001,TotalEnergies Kenya,DPK,2026-03-14,61948,FIN-003
INV-61738,DISP-01285,OMC-004,Gulf Energy,LPG,2026-04-13,216328,FIN-002
INV-83057,DISP-05538,OMC-015,Mombasa Petroleum,HFO,2025-08-06,98608,FIN-002
INV-34975,DISP-06600,OMC-016,KPA Marine,JETA1,2026-02-11,184573,FIN-005
INV-59699,DISP-08471,OMC-018,Uganda National Oil,LUB,,35262,FIN-005
INV-46102,DISP-00861,OMC-019,Tanzania Petroleum,LUB,2025-05-17,177721,FIN-003
INV-77022,DISP-05927,OMC-018,Uganda National Oil,LUB,2025-10-26,106788,FIN-003
INV-66561,DISP-02128,OMC-002,Vivo Energy,LUB,2025-03-23,261410,FIN-003
INV-39995,DISP-02070,OMC-008,National Oil,LPG,2026-06-21,244651,FIN-004
INV-83048,DISP-07999,OMC-017,KAA Aviation,PMS,27/08/2025,192895,FIN-001
INV-90126,DISP-07471,OMC-001,TotalEnergies Kenya,AGO,2026-01-28,144147,FIN-002
INV-19565,DISP-07621,OMC-019,Tanzania Petroleum,AGO,2025-04-04,205462,FIN-002
INV-62193,DISP-06225,OMC-018,Uganda National Oil,DPK,2026-01-20," KES 37,405 ",FIN-005
INV-84647,DISP-00205,OMC-002,Vivo Energy,DPK,2025-01-29,200833,FIN-002
INV-94361,DISP-08046,OMC-014,Texol Energies,AGO,2025-09-15,163294,FIN-001
INV-31617,DISP-05966,OMC-014,Texol Energies,LUB,03/05/2025,37800,FIN-001
INV-94463,DISP-00598,OMC-017,KAA Aviation,PMS,2025-02-17,189616,FIN-003
INV-73423,DISP-02313,OMC-008,National Oil,JETA1,2025-02-08,37681,FIN-001
INV-92820,DISP-00323,OMC-008,National Oil,HFO,2025-08-10,205327,FIN-003
INV-42885,DISP-09149,OMC-011,Hass Petroleum,LUB,2026-05-06,140056,FIN-002
INV-56265,DISP-06920,OMC-007,Kobil,PMS,2025-06-15,267047,FIN-001
INV-99286,DISP-04576,OMC-017,KAA Aviation,AGO,2025-08-31,153619,FIN-005
INV-23566,DISP-03113,OMC-002,Vivo Energy,HFO,2025-11-10,127768,FIN-005
INV-25038,DISP-02127,OMC-002,Vivo Energy,LUB,2025-08-12,178865,FIN-001
INV-12763,DISP-01868,OMC-018,Uganda National Oil,PMS,2025-12-13,220462,FIN-005
INV-54943,DISP-01023,OMC-011,Hass Petroleum,DPK,2025-02-21,133309,FIN-001
INV-70805,DISP-07568,OMC-016,KPA Marine,LUB,2026-03-27,55886,FIN-004
INV-31860,DISP-00213,OMC-003,Rubis Energy,JETA1,2026-02-06,34286,FIN-002
INV-91609,DISP-08051,OMC-010,Tamoil,DPK,2026-06-30,280072,FIN-001
INV-51082,DISP-04085,OMC-004,Gulf Energy,AGO,2026-03-11,162597,FIN-004
INV-64443,DISP-01060,OMC-020,Ethiopian Oil,LPG,2026-03-12,262445,FIN-004
INV-27511,DISP-02581,OMC-018,Uganda National Oil,JETA1,2025-09-11,233519,FIN-004
INV-61858,DISP-07809,OMC-019,Tanzania Petroleum,DPK,2026-01-26,62345,FIN-002
INV-87987,DISP-00971,OMC-005,PetroOil Kenya,LUB,2026-02-27,31881,FIN-002
INV-42578,DISP-06848,OMC-009,Dalbit Petroleum,LPG,2025-05-10,27878,FIN-005
INV-42587,DISP-03414,OMC-020,Ethiopian Oil,JETA1,2025-12-27,123920,FIN-005
INV-97115,DISP-03273,OMC-001,TotalEnergies Kenya,LPG,2026-01-09,124061,FIN-004
INV-29326,DISP-07607,OMC-006,Hashi Energy,AGO,2025-05-24,124538,FIN-004
INV-98844,DISP-07166,OMC-003,Rubis Energy,LPG,2025-12-05,51440,FIN-002
INV-84030,DISP-02679,OMC-014,Texol Energies,PMS,2026-02-21,173089,FIN-001
INV-31380,DISP-08550,OMC-018,Uganda National Oil,DPK,2026-06-24,35643,FIN-001
INV-78099,DISP-07543,OMC-014,Texol Energies,HFO,2026-01-25,63781,FIN-004
INV-51050,DISP-07943,OMC-012,Galana Energies,LPG,2026-02-08,37991,FIN-001
INV-19088,DISP-09137,OMC-006,Hashi Energy,JETA1,2025-04-13,95520,FIN-002
INV-83004,DISP-06399,OMC-011,Hass Petroleum,AGO,2026-04-29,83762,FIN-004
INV-19880,DISP-04421,OMC-016,KPA Marine,JETA1,2025-02-03,244860,FIN-005
INV-24216,DISP-09842,OMC-018,Uganda National Oil,LUB,2025-11-17,56067,FIN-004
INV-18468,DISP-05424,OMC-017,KAA Aviation,HFO,2025-05-26,172872,FIN-001
INV-82714,DISP-08906,OMC-015,Mombasa Petroleum,HFO,2025-12-13,60424,FIN-002
INV-78175,DISP-05534,OMC-015,Mombasa Petroleum,PMS,2025-10-23,212191,FIN-001
INV-32525,DISP-07811,OMC-014,Texol Energies,AGO,2025-08-22,111451,FIN-003
INV-48450,DISP-00031,OMC-018,Uganda National Oil,LUB,2025-01-29,127754,FIN-003
INV-40011,DISP-04598,OMC-014,Texol Energies,DPK,2026-04-10,62068,FIN-003
INV-72090,DISP-05723,OMC-005,PetroOil Kenya,LUB,2026-02-25,286526,FIN-005
INV-98067,DISP-02492,OMC-003,Rubis Energy,HFO,2025-07-31,192829,FIN-003
INV-76427,DISP-02069,OMC-011,Hass Petroleum,PMS,2025-10-21,28681,FIN-002
INV-36128,DISP-09562,OMC-012,Galana Energies,JETA1,2026-05-05,140567,FIN-002
INV-66211,DISP-01509,OMC-001,TotalEnergies Kenya,PMS,2025-08-12,46237,FIN-004
INV-36673,DISP-01310,OMC-007,Kobil,HFO,2025-11-13,160510,FIN-004
INV-94261,DISP-07983,OMC-002,Vivo Energy,JETA1,2026-01-25,37813,FIN-005
INV-94017,DISP-09933,OMC-014,Texol Energies,PMS,2025-05-10,257515,FIN-005
INV-23058,DISP-04197,OMC-010,Tamoil,JETA1,2026-01-02,174507,FIN-003
INV-18049,DISP-09592,OMC-006,Hashi Energy,LPG,2025-03-05,185618,FIN-003
INV-57721,DISP-07366,OMC-012,Galana Energies,HFO,2026-02-17,189423,FIN-002
INV-10882,DISP-05338,OMC-008,National Oil,JETA1,2025-05-14,28883,FIN-002
INV-22524,DISP-08087,OMC-018,Uganda National Oil,DPK,2025-03-19," KES 42,632 ",FIN-005
INV-76629,DISP-08109,OMC-009,Dalbit Petroleum,LUB,2025-07-26,46507,FIN-003
INV-74529,DISP-04561,OMC-004,Gulf Energy,LPG,2026-04-19," KES 179,589 ",FIN-004
INV-42340,DISP-05302,OMC-002,Vivo Energy,AGO,2026-06-23,31491,FIN-002
INV-76565,DISP-05527,OMC-019,Tanzania Petroleum,LPG,2026-03-10," KES 112,698 ",FIN-005
INV-26078,DISP-08029,OMC-013,Lake Oil,HFO,,259054,FIN-003
INV-34347,DISP-04239,OMC-009,Dalbit Petroleum,DPK,2025-06-05," KES 39,691 ",FIN-005
INV-13695,DISP-09482,OMC-008,National Oil,LUB,,28757,FIN-001
INV-14447,DISP-00837,OMC-011,Hass Petroleum,DPK,2026-04-25,47159,FIN-003
INV-17946,DISP-01043,OMC-010,Tamoil,LUB,2026-02-26,37748,FIN-001
INV-36228,DISP-05348,OMC-015,Mombasa Petroleum,DPK,2025-05-09,50413,FIN-003
INV-45726,DISP-03766,OMC-020,Ethiopian Oil,AGO,2026-02-12,30924,FIN-003
INV-29448,DISP-08171,OMC-010,Tamoil,HFO,2025-05-04,171813,FIN-003
INV-85751,DISP-02050,OMC-007,Kobil,PMS,2025-11-12," KES 29,752 ",FIN-001
INV-81892,DISP-05703,OMC-007,Kobil,JETA1,2025-05-22,158877,FIN-005
INV-17371,DISP-09572,OMC-011,Hass Petroleum,PMS,2025-03-22,27382,FIN-005
INV-58373,DISP-08881,OMC-005,PetroOil Kenya,HFO,2026-02-13,212717,FIN-005
INV-31035,DISP-09976,OMC-018,Uganda National Oil,JETA1,2025-07-08,30812,FIN-004
INV-20587,DISP-01980,OMC-012,Galana Energies,LUB,,108779,FIN-004
INV-62418,DISP-04747,OMC-005,PetroOil Kenya,AGO,2026-02-12,251688,FIN-002
INV-61711,DISP-08297,OMC-002,Vivo Energy,DPK,,127852,FIN-004
INV-50444,DISP-09061,OMC-003,Rubis Energy,JETA1,2025-10-26,46627,FIN-004
INV-47274,DISP-05101,OMC-011,Hass Petroleum,JETA1,2025-12-22,54988,FIN-002
INV-44555,DISP-04882,OMC-008,National Oil,PMS,2025-04-26,244082,FIN-005
INV-13910,DISP-06667,OMC-003,Rubis Energy,AGO,2025-10-11,44243,FIN-003
INV-85937,DISP-07352,OMC-008,National Oil,LPG,2026-03-03,195801,FIN-005
INV-12365,DISP-04707,OMC-018,Uganda National Oil,DPK,2026-01-11,216380,FIN-005
INV-59632,DISP-08120,OMC-005,PetroOil Kenya,LUB,2026-02-09,286387,FIN-001
INV-44587,DISP-04352,OMC-017,KAA Aviation,LPG,2025-02-05,55500,FIN-003
INV-45013,DISP-07394,OMC-014,Texol Energies,JETA1,2025-05-02,27203,FIN-002
INV-42016,DISP-04320,OMC-002,Vivo Energy,JETA1,2026-03-31,106236,FIN-001
INV-54140,DISP-02298,OMC-002,Vivo Energy,PMS,2025-02-10,155199,FIN-003
INV-33097,DISP-01095,OMC-016,KPA Marine,PMS,2026-06-29,63647,FIN-001
INV-43377,DISP-07216,OMC-003,Rubis Energy,LUB,2025-06-18,115278,FIN-001
INV-18570,DISP-08590,OMC-007,Kobil,HFO,2025-09-13," KES 45,370 ",FIN-005
INV-53938,DISP-08729,OMC-020,Ethiopian Oil,PMS,2026-01-27,182374,FIN-004
INV-63426,DISP-09325,OMC-008,National Oil,AGO,,72854,FIN-004
INV-16091,DISP-02993,OMC-017,KAA Aviation,JETA1,2026-03-26,36129,FIN-003
INV-25371,DISP-04059,OMC-006,Hashi Energy,JETA1,2026-02-09,239054,FIN-004
INV-25654,DISP-06362,OMC-017,KAA Aviation,PMS,2026-05-02,35707,FIN-003
INV-29824,DISP-09353,OMC-016,KPA Marine,LPG,2025-11-28,262780,FIN-001
INV-82329,DISP-05733,OMC-014,Texol Energies,DPK,," KES 31,791 ",FIN-003
INV-93686,DISP-09399,OMC-014,Texol Energies,PMS,2025-03-09,54153,FIN-001
INV-74759,DISP-01835,OMC-012,Galana Energies,JETA1,2026-04-14,40248,FIN-002
INV-86476,DISP-01771,OMC-003,Rubis Energy,JETA1,2025-06-05,41402,FIN-005
INV-92460,DISP-09348,OMC-011,Hass Petroleum,HFO,28/04/2026,39091,FIN-004
INV-71120,DISP-07505,OMC-019,Tanzania Petroleum,DPK,2025-02-26,82817,FIN-003
INV-54900,DISP-04526,OMC-020,Ethiopian Oil,JETA1,2026-03-12,137637,FIN-003
INV-29051,DISP-02369,OMC-004,Gulf Energy,PMS,2026-03-02,204746,FIN-002
INV-24111,DISP-09191,OMC-004,Gulf Energy,AGO,2026-03-25,101439,FIN-004
INV-84398,DISP-09754,OMC-009,Dalbit Petroleum,AGO,2025-06-28,205816,FIN-003
INV-55327,DISP-04903,OMC-009,Dalbit Petroleum,HFO,2025-05-12," KES 32,353 ",FIN-002
INV-11440,DISP-09939,OMC-001,TotalEnergies Kenya,JETA1,2025-09-19,120999,FIN-004
INV-67464,DISP-04355,OMC-016,KPA Marine,AGO,2025-11-24,144466,FIN-005
INV-21489,DISP-04680,OMC-020,Ethiopian Oil,AGO,2025-04-01,47407,FIN-002
INV-78973,DISP-09032,OMC-011,Hass Petroleum,PMS,2026-03-03,220205,FIN-003
INV-28524,DISP-07009,OMC-005,PetroOil Kenya,JETA1,2026-02-05,20008,FIN-005
INV-68063,DISP-02655,OMC-004,Gulf Energy,AGO,2026-04-07,80108,FIN-003
INV-42500,DISP-06236,OMC-003,Rubis Energy,LPG,2026-06-13,30762,FIN-004
INV-59492,DISP-06522,OMC-004,Gulf Energy,JETA1,2026-04-20,59845,FIN-005
INV-19117,DISP-02582,OMC-002,Vivo Energy,LPG,2025-06-04,198229,FIN-003
INV-87204,DISP-08537,OMC-005,PetroOil Kenya,HFO,2026-03-29,53540,FIN-001
INV-89347,DISP-04541,OMC-003,Rubis Energy,DPK,2025-11-08,76317,FIN-003
INV-14902,DISP-04480,OMC-009,Dalbit Petroleum,AGO,2025-02-02,151512,FIN-004
INV-69189,DISP-07429,OMC-006,Hashi Energy,PMS,2025-02-26,48413,FIN-002
INV-57647,DISP-04346,OMC-017,KAA Aviation,LPG,2025-09-11,28585,FIN-005
INV-40274,DISP-08086,OMC-004,Gulf Energy,AGO,2026-03-25,30746,FIN-005
INV-44607,DISP-05291,OMC-009,Dalbit Petroleum,LUB,2026-01-02,53285,FIN-004
INV-61838,DISP-01005,OMC-016,KPA Marine,PMS,2026-04-16,40495,FIN-001
INV-10797,DISP-04039,OMC-008,National Oil,PMS,2025-05-10,134119,FIN-005
INV-42428,DISP-09805,OMC-020,Ethiopian Oil,JETA1,2026-04-16,133634,FIN-001
INV-14407,DISP-04697,OMC-017,KAA Aviation,PMS,2025-05-26,96684,FIN-001
INV-64251,DISP-09813,OMC-007,Kobil,DPK,2026-06-11,28548,FIN-004
INV-74580,DISP-07480,OMC-005,PetroOil Kenya,PMS,2026-02-28,255837,FIN-005
INV-46807,DISP-04718,OMC-008,National Oil,AGO,2025-08-31,264895,FIN-004
INV-80240,DISP-06748,OMC-008,National Oil,LPG,2025-09-23,137848,FIN-002
INV-57805,DISP-06226,OMC-002,Vivo Energy,AGO,2025-11-10," KES 130,616 ",FIN-005
INV-66870,DISP-06471,OMC-004,Gulf Energy,LUB,2026-04-18,42960,FIN-003
INV-83217,DISP-04888,OMC-020,Ethiopian Oil,LUB,2025-08-24,99079,FIN-004
INV-91155,DISP-08140,OMC-005,PetroOil Kenya,HFO,2026-04-30,39573,FIN-003
INV-84992,DISP-00374,OMC-015,Mombasa Petroleum,LPG,2026-06-21,52354,FIN-001
INV-13290,DISP-06847,OMC-014,Texol Energies,PMS,2025-04-07,27748,FIN-005
INV-57726,DISP-03252,OMC-013,Lake Oil,HFO,2025-06-23,204691,FIN-001
INV-49480,DISP-04425,OMC-013,Lake Oil,AGO,2025-08-23,134753,FIN-001
INV-11213,DISP-01941,OMC-008,National Oil,JETA1,2025-09-17,262804,FIN-001
INV-15221,DISP-02302,OMC-010,Tamoil,LUB,2026-01-24," KES 55,129 ",FIN-003
INV-91517,DISP-04936,OMC-019,Tanzania Petroleum,JETA1,2026-04-13,58695,FIN-001
INV-43855,DISP-06518,OMC-001,TotalEnergies Kenya,DPK,2025-10-29,110123,FIN-001
INV-45472,DISP-02287,OMC-007,Kobil,AGO,2025-07-12,60465,FIN-004
INV-30701,DISP-05815,OMC-017,KAA Aviation,AGO,2025-08-14,182167,FIN-004
INV-75498,DISP-04376,OMC-016,KPA Marine,LUB,2026-03-01,282838,FIN-002
INV-84043,DISP-02649,OMC-012,Galana Energies,DPK,2026-03-24,58889,FIN-002
INV-98029,DISP-07083,OMC-010,Tamoil,AGO,2025-12-30,45187,FIN-002
INV-85535,DISP-09390,OMC-018,Uganda National Oil,LPG,2025-08-12,135265,FIN-004
INV-11451,DISP-01463,OMC-011,Hass Petroleum,DPK,2025-02-19,48750,FIN-003
INV-41280,DISP-01355,OMC-003,Rubis Energy,PMS,2025-02-11,174854,FIN-004
INV-64843,DISP-09451,OMC-002,Vivo Energy,JETA1,2025-05-11,52412,FIN-002
INV-84551,DISP-05447,OMC-008,National Oil,LPG,2026-06-14,24914,FIN-003
INV-44229,DISP-05999,OMC-001,TotalEnergies Kenya,DPK,29/08/2025,157086,FIN-001
INV-82254,DISP-03559,OMC-011,Hass Petroleum,DPK,2025-04-22," KES 32,059 ",FIN-005
INV-87716,DISP-03242,OMC-001,TotalEnergies Kenya,JETA1,2025-02-02,54246,FIN-002
INV-53940,DISP-07391,OMC-002,Vivo Energy,JETA1,2025-05-13,41258,FIN-001
INV-29248,DISP-09776,OMC-007,Kobil,DPK,,137053,FIN-001
INV-18449,DISP-05947,OMC-014,Texol Energies,PMS,2025-06-03,110620,FIN-002
INV-70508,DISP-07004,OMC-003,Rubis Energy,HFO,2025-09-27,33506,FIN-001
INV-11226,DISP-07255,OMC-009,Dalbit Petroleum,LUB,2026-02-16,33678,FIN-005
INV-90685,DISP-07228,OMC-012,Galana Energies,LPG,2026-04-03,110352,FIN-002
INV-73735,DISP-05128,OMC-010,Tamoil,PMS,2026-03-24,130640,FIN-002
INV-63783,DISP-08497,OMC-017,KAA Aviation,JETA1,24/02/2026,40923,FIN-005
INV-29913,DISP-02889,OMC-012,Galana Energies,LPG,,57515,FIN-004
INV-83771,DISP-02289,OMC-008,National Oil,PMS,2025-12-17,230091,FIN-003
INV-57634,DISP-01798,OMC-015,Mombasa Petroleum,LPG,2025-02-27,258090,FIN-003
INV-62691,DISP-07086,OMC-015,Mombasa Petroleum,LPG,2025-07-03,188240,FIN-003
INV-69271,DISP-02514,OMC-010,Tamoil,HFO,2025-03-23,117856,FIN-001
INV-98749,DISP-09804,OMC-006,Hashi Energy,DPK,2026-01-23,174396,FIN-004
INV-29491,DISP-07119,OMC-011,Hass Petroleum,JETA1,2025-04-23,41405,FIN-002
INV-75468,DISP-07508,OMC-005,PetroOil Kenya,HFO,2026-02-08,44514,FIN-001
INV-82712,DISP-04787,OMC-015,Mombasa Petroleum,JETA1,2025-05-16,39142,FIN-003
INV-91492,DISP-07681,OMC-019,Tanzania Petroleum,HFO,2025-03-15,128671,FIN-005
INV-61663,DISP-02248,OMC-016,KPA Marine,JETA1,2026-01-24,24118,FIN-005
INV-12394,DISP-03587,OMC-002,Vivo Energy,PMS,2026-07-03,119906,FIN-004
INV-57109,DISP-07412,OMC-011,Hass Petroleum,PMS,2026-04-14,59998,FIN-002
INV-95196,DISP-02100,OMC-001,TotalEnergies Kenya,LPG,2025-05-12,172922,FIN-002
INV-28152,DISP-09456,OMC-007,Kobil,PMS,2025-10-23,59023,FIN-004
INV-72993,DISP-07799,OMC-018,Uganda National Oil,LUB,2026-01-30,156797,FIN-004
INV-37288,DISP-00500,OMC-014,Texol Energies,JETA1,2026-02-05,164612,FIN-003
INV-39138,DISP-04575,OMC-001,TotalEnergies Kenya,LPG,2026-01-15,58232,FIN-005
INV-32455,DISP-03636,OMC-003,Rubis Energy,JETA1,2026-05-23,272886,FIN-002
INV-36823,DISP-06785,OMC-011,Hass Petroleum,HFO,2025-06-29,28883,FIN-003
INV-84323,DISP-01747,OMC-018,Uganda National Oil,JETA1,2026-04-26,220104,FIN-003
INV-82501,DISP-01969,OMC-011,Hass Petroleum,JETA1,2025-06-18,223055,FIN-001
INV-56498,DISP-00336,OMC-008,National Oil,DPK,,202844,FIN-004
INV-67834,DISP-04643,OMC-003,Rubis Energy,JETA1,2025-08-24,135259,FIN-003
INV-44643,DISP-08506,OMC-008,National Oil,LUB,2025-05-06,30279,FIN-002
INV-25404,DISP-08214,OMC-010,Tamoil,LUB,,213933,FIN-002
INV-80190,DISP-02040,OMC-008,National Oil,LPG,2025-09-12,191763,FIN-005
INV-95484,DISP-01907,OMC-015,Mombasa Petroleum,JETA1,2025-06-14,72177,FIN-002
INV-31907,DISP-03201,OMC-005,PetroOil Kenya,DPK,2026-04-23,46956,FIN-001
INV-58592,DISP-01942,OMC-011,Hass Petroleum,PMS,2025-01-31,54275,FIN-002
INV-90271,DISP-02009,OMC-006,Hashi Energy,LPG,2026-05-04," KES 165,572 ",FIN-001
INV-24027,DISP-04603,OMC-012,Galana Energies,AGO,2026-04-22,46210,FIN-004
INV-60929,DISP-05202,OMC-017,KAA Aviation,AGO,2026-05-19,23030,FIN-005
INV-33553,DISP-09647,OMC-013,Lake Oil,PMS,2025-01-26,195735,FIN-002
INV-73101,DISP-07548,OMC-005,PetroOil Kenya,JETA1,2026-04-04,253210,FIN-003
INV-98816,DISP-06221,OMC-013,Lake Oil,LUB,2025-01-25,250594,FIN-004
INV-61311,DISP-07801,OMC-003,Rubis Energy,JETA1,2026-06-26,208936,FIN-005
INV-87404,DISP-00225,OMC-009,Dalbit Petroleum,PMS,2025-08-18,41847,FIN-001
INV-93849,DISP-08752,OMC-001,TotalEnergies Kenya,LPG,2025-10-13,142309,FIN-001
INV-11646,DISP-05234,OMC-009,Dalbit Petroleum,PMS,2026-02-19,23345,FIN-004
INV-63483,DISP-08290,OMC-001,TotalEnergies Kenya,PMS,08/12/2025,58119,FIN-005
INV-19992,DISP-05799,OMC-011,Hass Petroleum,JETA1,2026-01-16,173804,FIN-003
INV-95455,DISP-03708,OMC-002,Vivo Energy,PMS,2026-03-16,48716,FIN-003
INV-33257,DISP-02115,OMC-003,Rubis Energy,PMS,2026-03-20,53539,FIN-003
INV-15372,DISP-01121,OMC-013,Lake Oil,LPG,2025-05-17,244483,FIN-004
INV-56983,DISP-01606,OMC-004,Gulf Energy,HFO,2026-03-27,111993,FIN-004
INV-35999,DISP-09142,OMC-010,Tamoil,JETA1,2025-04-01,22725,FIN-005
INV-19374,DISP-06346,OMC-003,Rubis Energy,LPG,2025-10-25,142530,FIN-005
INV-60043,DISP-01026,OMC-009,Dalbit Petroleum,DPK,2025-06-28,24952,FIN-004
INV-53864,DISP-07923,OMC-014,Texol Energies,HFO,2025-04-14,38814,FIN-003
INV-35683,DISP-05419,OMC-009,Dalbit Petroleum,DPK,2026-07-04,108726,FIN-001
INV-44881,DISP-01260,OMC-011,Hass Petroleum,AGO,2025-11-16,27354,FIN-002
INV-75194,DISP-02460,OMC-017,KAA Aviation,JETA1,2025-12-14,276303,FIN-003
INV-88150,DISP-01745,OMC-004,Gulf Energy,DPK,2026-04-14,88216,FIN-002
INV-84096,DISP-07931,OMC-006,Hashi Energy,LPG,2025-11-17,32941,FIN-005
INV-40762,DISP-04345,OMC-018,Uganda National Oil,AGO,2025-09-21,27262,FIN-005
INV-70791,DISP-01954,OMC-011,Hass Petroleum,LUB,2025-12-23,133608,FIN-001
INV-40014,DISP-00398,OMC-002,Vivo Energy,HFO,2025-04-23,24472,FIN-002
INV-27921,DISP-04491,OMC-002,Vivo Energy,AGO,2025-11-14,125452,FIN-003
INV-88513,DISP-04409,OMC-008,National Oil,PMS,2026-01-12,31041,FIN-002
INV-29132,DISP-01612,OMC-008,National Oil,HFO,2025-04-02,270337,FIN-005
INV-23240,DISP-08339,OMC-010,Tamoil,LUB,2025-05-17,156173,FIN-003
INV-34412,DISP-02613,OMC-016,KPA Marine,JETA1,,203030,FIN-001
INV-12791,DISP-02798,OMC-008,National Oil,DPK,2026-03-31,37201,FIN-003
INV-20805,DISP-08976,OMC-008,National Oil,LUB,2026-04-08,59560,FIN-002
INV-36266,DISP-00231,OMC-005,PetroOil Kenya,DPK,2026-03-18,29092,FIN-005
INV-78755,DISP-06042,OMC-017,KAA Aviation,PMS,14/10/2025,216453,FIN-005
INV-94237,DISP-03808,OMC-010,Tamoil,JETA1,2025-06-10,166278,FIN-003
INV-21840,DISP-07967,OMC-002,Vivo Energy,PMS,2025-08-27,76990,FIN-005
INV-94472,DISP-05550,OMC-014,Texol Energies,PMS,2026-04-21,44024,FIN-001
INV-24083,DISP-07242,OMC-001,TotalEnergies Kenya,PMS,2025-03-10,215002,FIN-003
INV-84213,DISP-01567,OMC-005,PetroOil Kenya,LPG,2026-04-19,168009,FIN-001
INV-58089,DISP-03837,OMC-004,Gulf Energy,HFO,2026-03-23,221795,FIN-003
INV-51521,DISP-00753,OMC-016,KPA Marine,JETA1,2026-06-12,54798,FIN-002
INV-57326,DISP-04253,OMC-011,Hass Petroleum,DPK,2025-03-09,151321,FIN-005
INV-39181,DISP-07944,OMC-013,Lake Oil,LPG,2025-08-24,31578,FIN-002
INV-63432,DISP-06970,OMC-015,Mombasa Petroleum,PMS,2025-05-03,44297,FIN-001
INV-56072,DISP-08404,OMC-010,Tamoil,LPG,2026-02-22,112390,FIN-001
INV-31481,DISP-02397,OMC-011,Hass Petroleum,AGO,2025-08-09,271709,FIN-005
INV-28389,DISP-08690,OMC-001,TotalEnergies Kenya,HFO,2026-06-15,207138,FIN-003
INV-34167,DISP-03271,OMC-018,Uganda National Oil,LUB,2025-04-03,26061,FIN-001
INV-65823,DISP-04758,OMC-014,Texol Energies,LUB,28/11/2025,38614,FIN-003
INV-31885,DISP-00109,OMC-005,PetroOil Kenya,HFO,2026-03-31,34377,FIN-004
INV-28357,DISP-07378,OMC-006,Hashi Energy,LUB,2025-03-25,37281,FIN-002
INV-66667,DISP-03045,OMC-020,Ethiopian Oil,LPG,2025-05-16,27502,FIN-004
INV-67974,DISP-03835,OMC-010,Tamoil,JETA1,2025-11-21,183197,FIN-002
INV-97413,DISP-02952,OMC-018,Uganda National Oil,PMS,2026-05-27,31201,FIN-005
INV-71044,DISP-02680,OMC-016,KPA Marine,AGO,2026-02-24,26672,FIN-002
INV-36514,DISP-01247,OMC-017,KAA Aviation,HFO,2025-12-28,98934,FIN-002
INV-58457,DISP-05396,OMC-015,Mombasa Petroleum,AGO,2026-05-23,29292,FIN-002
INV-47482,DISP-08481,OMC-019,Tanzania Petroleum,LUB,2025-01-18,162246,FIN-004
INV-10071,DISP-06689,OMC-013,Lake Oil,AGO,2025-12-28,127653,FIN-002
INV-89659,DISP-00012,OMC-017,KAA Aviation,LUB,2025-03-28,37302,FIN-003
INV-33306,DISP-06770,OMC-005,PetroOil Kenya,HFO,2026-02-16,173649,FIN-003
INV-58379,DISP-09290,OMC-017,KAA Aviation,PMS,2025-11-13,128881,FIN-003
INV-50978,DISP-02144,OMC-008,National Oil,JETA1,2025-09-21,20809,FIN-003
INV-50305,DISP-02628,OMC-008,National Oil,AGO,07/04/2026,85319,FIN-003
INV-40181,DISP-02942,OMC-020,Ethiopian Oil,LPG,,24238,FIN-001
INV-43275,DISP-00812,OMC-015,Mombasa Petroleum,HFO,2025-07-21,138523,FIN-002
INV-66081,DISP-07435,OMC-007,Kobil,HFO,2025-10-07,58018,FIN-003
INV-43074,DISP-00531,OMC-013,Lake Oil,JETA1,2025-02-08,33515,FIN-002
INV-79709,DISP-01415,OMC-015,Mombasa Petroleum,LPG,2026-03-06,229046,FIN-003
INV-20231,DISP-05182,OMC-001,TotalEnergies Kenya,LUB,2025-12-28,33778,FIN-001
INV-87004,DISP-01716,OMC-002,Vivo Energy,LPG,2025-06-12,35047,FIN-002
INV-33146,DISP-02178,OMC-017,KAA Aviation,HFO,2025-09-28,62710,FIN-003
INV-22125,DISP-02615,OMC-008,National Oil,JETA1,2025-11-26,140095,FIN-004
INV-39259,DISP-01809,OMC-010,Tamoil,PMS,2026-03-10,302261,FIN-004
INV-16614,DISP-00073,OMC-005,PetroOil Kenya,JETA1,2026-04-16,202682,FIN-003
INV-14541,DISP-07418,OMC-006,Hashi Energy,PMS,2026-06-07,38895,FIN-003
INV-39869,DISP-02344,OMC-008,National Oil,PMS,2025-09-13,276567,FIN-003
INV-75032,DISP-04911,OMC-010,Tamoil,DPK,2025-08-09,51319,FIN-003
INV-34625,DISP-04539,OMC-019,Tanzania Petroleum,DPK,2026-03-16,27849,FIN-004
INV-11069,DISP-06859,OMC-020,Ethiopian Oil,DPK,2025-05-01,76971,FIN-004
INV-72061,DISP-00567,OMC-014,Texol Energies,DPK,2026-03-31,39637,FIN-003
INV-72416,DISP-02797,OMC-020,Ethiopian Oil,JETA1,08/05/2026,105802,FIN-001
INV-44779,DISP-08389,OMC-010,Tamoil,AGO,2025-12-29,29313,FIN-004
INV-77147,DISP-04046,OMC-010,Tamoil,LPG,2025-04-13,38804,FIN-003
INV-63672,DISP-00341,OMC-014,Texol Energies,LPG,2026-02-22,222824,FIN-004
INV-64755,DISP-01875,OMC-013,Lake Oil,DPK,2026-03-05,39274,FIN-001
INV-98584,DISP-04154,OMC-004,Gulf Energy,AGO,2026-02-25,49932,FIN-005
INV-24023,DISP-06318,OMC-018,Uganda National Oil,AGO,2026-01-08,37708,FIN-004
INV-81277,DISP-03616,OMC-015,Mombasa Petroleum,JETA1,2026-05-21,77782,FIN-003
INV-32050,DISP-05129,OMC-013,Lake Oil,JETA1,2025-12-28,189196,FIN-003
INV-58982,DISP-03701,OMC-016,KPA Marine,LUB,2026-02-13,276736,FIN-005
INV-34187,DISP-00998,OMC-008,National Oil,AGO,2025-09-25,124982,FIN-001
INV-85731,DISP-01608,OMC-018,Uganda National Oil,LUB,2026-02-03,57114,FIN-005
INV-43974,DISP-06465,OMC-008,National Oil,HFO,2025-01-20,194912,FIN-003
INV-76748,DISP-06773,OMC-007,Kobil,HFO,2025-11-05,125298,FIN-003
INV-76361,DISP-09279,OMC-020,Ethiopian Oil,LUB,2025-03-16,196723,FIN-001
INV-41197,DISP-08434,OMC-009,Dalbit Petroleum,JETA1,2025-10-20,280090,FIN-002
INV-23364,DISP-08110,OMC-001,TotalEnergies Kenya,LPG,2025-06-05,239220,FIN-004
INV-79344,DISP-09550,OMC-001,TotalEnergies Kenya,HFO,2025-04-25,179178,FIN-005
INV-86688,DISP-01330,OMC-003,Rubis Energy,DPK,2025-11-24,59523,FIN-004
INV-96406,DISP-05304,OMC-016,KPA Marine,DPK,2025-05-26,21535,FIN-005
INV-14061,DISP-03971,OMC-016,KPA Marine,PMS,2026-03-03,33161,FIN-005
INV-28814,DISP-08574,OMC-019,Tanzania Petroleum,LPG,2025-08-14,79121,FIN-004
INV-85611,DISP-02671,OMC-003,Rubis Energy,AGO,2026-02-09,38354,FIN-005
INV-12561,DISP-08938,OMC-012,Galana Energies,LPG,2026-02-18,147009,FIN-004
INV-61090,DISP-05767,OMC-015,Mombasa Petroleum,JETA1,2025-10-23,227024,FIN-005
INV-73023,DISP-02285,OMC-001,TotalEnergies Kenya,LPG,2025-09-04,145421,FIN-005
INV-72751,DISP-07665,OMC-005,PetroOil Kenya,AGO,2026-02-20,213324,FIN-005
INV-89119,DISP-09477,OMC-015,Mombasa Petroleum,LUB,2026-05-01,46996,FIN-004
INV-58650,DISP-06272,OMC-018,Uganda National Oil,LPG,2025-08-01,58459,FIN-002
INV-39019,DISP-06435,OMC-018,Uganda National Oil,PMS,2025-06-15,47709,FIN-001
INV-29037,DISP-02020,OMC-005,PetroOil Kenya,LUB,2026-04-25,216603,FIN-004
INV-22138,DISP-01396,OMC-013,Lake Oil,PMS,2025-03-02,188011,FIN-005
INV-82911,DISP-03869,OMC-018,Uganda National Oil,AGO,2025-08-01,142679,FIN-001
INV-14665,DISP-04780,OMC-020,Ethiopian Oil,HFO,2026-04-03,34084,FIN-003
INV-23244,DISP-03797,OMC-003,Rubis Energy,DPK,2026-02-06,277264,FIN-004
INV-34434,DISP-03405,OMC-019,Tanzania Petroleum,JETA1,2025-05-27,48566,FIN-003
INV-17414,DISP-06872,OMC-006,Hashi Energy,DPK,2025-11-18,117337,FIN-003
INV-63463,DISP-06901,OMC-013,Lake Oil,DPK,2025-06-22,217038,FIN-003
INV-15826,DISP-01895,OMC-008,National Oil,LPG,2025-01-27,22826,FIN-002
INV-48954,DISP-06173,OMC-014,Texol Energies,HFO,2026-06-05,169176,FIN-002
INV-19591,DISP-01236,OMC-020,Ethiopian Oil,DPK,03/06/2025,124998,FIN-004
INV-93938,DISP-00943,OMC-002,Vivo Energy,JETA1,2025-09-18,187709,FIN-005
INV-93252,DISP-09320,OMC-013,Lake Oil,DPK,2026-02-17,63514,FIN-001
INV-26011,DISP-06338,OMC-011,Hass Petroleum,PMS,2025-03-01,43527,FIN-004
INV-35175,DISP-01370,OMC-003,Rubis Energy,LPG,2026-03-25,293995,FIN-002
INV-69669,DISP-06407,OMC-011,Hass Petroleum,DPK,2025-07-23,126484,FIN-001
INV-12863,DISP-00673,OMC-008,National Oil,LUB,2025-04-12,47719,FIN-003
INV-91368,DISP-07224,OMC-001,TotalEnergies Kenya,AGO,2026-05-07,38235,FIN-002
INV-89330,DISP-03034,OMC-005,PetroOil Kenya,JETA1,2026-04-20,35470,FIN-004
INV-63435,DISP-01306,OMC-020,Ethiopian Oil,LPG,2025-06-07,238047,FIN-002
INV-78712,DISP-09530,OMC-016,KPA Marine,JETA1,2026-03-07,133535,FIN-001
INV-77247,DISP-09958,OMC-004,Gulf Energy,DPK,2026-04-06,283755,FIN-002
INV-70681,DISP-03119,OMC-015,Mombasa Petroleum,LPG,2025-12-09,138658,FIN-001
INV-87969,DISP-01610,OMC-016,KPA Marine,DPK,20/03/2025,163672,FIN-003
INV-71214,DISP-00729,OMC-019,Tanzania Petroleum,AGO,2026-05-25,41144,FIN-004
INV-50176,DISP-04862,OMC-005,PetroOil Kenya,LPG,2026-03-27,261596,FIN-001
INV-91974,DISP-01588,OMC-001,TotalEnergies Kenya,DPK,2025-04-09," KES 159,394 ",FIN-002
INV-92325,DISP-03392,OMC-007,Kobil,JETA1,2025-12-17,31960,FIN-001
INV-96245,DISP-01932,OMC-015,Mombasa Petroleum,JETA1,2025-01-08,148169,FIN-001
INV-88466,DISP-08778,OMC-005,PetroOil Kenya,AGO,2026-02-08,42440,FIN-005
INV-28837,DISP-02775,OMC-019,Tanzania Petroleum,AGO,2025-08-30,186242,FIN-002
INV-70245,DISP-08993,OMC-010,Tamoil,LUB,2026-02-13,222040,FIN-002
INV-65710,DISP-01622,OMC-004,Gulf Energy,HFO,2026-04-25,191258,FIN-005
INV-87651,DISP-01713,OMC-018,Uganda National Oil,LPG,2026-06-29,167616,FIN-004
INV-26516,DISP-04167,OMC-010,Tamoil,HFO,,27177,FIN-005
INV-39951,DISP-00064,OMC-014,Texol Energies,PMS,2025-05-01,31034,FIN-005
INV-51244,DISP-03577,OMC-002,Vivo Energy,HFO,2026-01-03,251324,FIN-003
INV-13692,DISP-04469,OMC-008,National Oil,LPG,2026-04-03,270977,FIN-001
INV-95585,DISP-06590,OMC-008,National Oil,LPG,2026-04-22,33085,FIN-002
INV-20077,DISP-08276,OMC-012,Galana Energies,HFO,2026-05-04,152151,FIN-001
INV-16029,DISP-08296,OMC-002,Vivo Energy,JETA1,2026-07-03,29517,FIN-005
INV-12796,DISP-06460,OMC-008,National Oil,AGO,2025-05-22,56358,FIN-001
INV-99628,DISP-08236,OMC-018,Uganda National Oil,HFO,2025-07-27,24016,FIN-003
INV-81905,DISP-01546,OMC-014,Texol Energies,LUB,2025-01-07,54006,FIN-004
INV-47746,DISP-00241,OMC-016,KPA Marine,LUB,2026-03-14,26082,FIN-001
INV-41092,DISP-00736,OMC-019,Tanzania Petroleum,LPG,2026-03-14,41384,FIN-002
INV-34572,DISP-06692,OMC-017,KAA Aviation,AGO,2025-01-28,22539,FIN-004
INV-73853,DISP-06370,OMC-019,Tanzania Petroleum,LPG,2026-03-22,306940,FIN-002
INV-13660,DISP-03643,OMC-009,Dalbit Petroleum,PMS,2025-09-02,221475,FIN-003
INV-66161,DISP-08320,OMC-007,Kobil,PMS,2025-11-08,166396,FIN-005
INV-74089,DISP-03208,OMC-017,KAA Aviation,DPK,2025-01-28,22842,FIN-002
INV-78422,DISP-05170,OMC-003,Rubis Energy,PMS,2025-02-21,131514,FIN-005
INV-66953,DISP-09224,OMC-004,Gulf Energy,HFO,2026-02-05,166554,FIN-001
INV-12506,DISP-02962,OMC-016,KPA Marine,DPK,2025-09-13,162105,FIN-004
INV-52578,DISP-05740,OMC-020,Ethiopian Oil,JETA1,2025-02-07,47514,FIN-004
INV-49288,DISP-03089,OMC-011,Hass Petroleum,AGO,2025-02-20,134205,FIN-004
INV-75189,DISP-02579,OMC-015,Mombasa Petroleum,PMS,2025-12-17,61168,FIN-001
INV-44462,DISP-09837,OMC-018,Uganda National Oil,AGO,2026-06-18,160364,FIN-003
INV-81278,DISP-05866,OMC-004,Gulf Energy,PMS,,260939,FIN-003
INV-10939,DISP-05991,OMC-009,Dalbit Petroleum,LUB,2025-10-08,252975,FIN-001
INV-66457,DISP-06422,OMC-010,Tamoil,HFO,2025-03-13,48898,FIN-002
INV-34450,DISP-00246,OMC-010,Tamoil,DPK,2026-06-06,58283,FIN-005
INV-57080,DISP-08314,OMC-013,Lake Oil,LUB,2025-01-15,22255,FIN-001
INV-60473,DISP-06904,OMC-017,KAA Aviation,HFO,2025-11-19,215405,FIN-003
INV-14059,DISP-05342,OMC-008,National Oil,PMS,2025-01-09,191172,FIN-002
INV-42067,DISP-01855,OMC-019,Tanzania Petroleum,DPK,,61157,FIN-004
INV-39138,DISP-04575,OMC-001,TotalEnergies Kenya,LPG,2026-01-15,58232,FIN-005
INV-78411,DISP-05047,OMC-015,Mombasa Petroleum,HFO,2026-05-31,194334,FIN-001
INV-54964,DISP-02213,OMC-001,TotalEnergies Kenya,LUB,2026-01-21,114221,FIN-004
INV-90914,DISP-02659,OMC-006,Hashi Energy,DPK,2025-06-02,47639,FIN-002
INV-65582,DISP-06911,OMC-001,TotalEnergies Kenya,HFO,2026-04-27,284980,FIN-003
INV-83359,DISP-09255,OMC-017,KAA Aviation,AGO,2025-12-04,209930,FIN-003
INV-50932,DISP-08192,OMC-004,Gulf Energy,AGO,2026-03-01,53147,FIN-005
INV-30146,DISP-03510,OMC-005,PetroOil Kenya,LPG,2026-03-06,51202,FIN-001
INV-33276,DISP-00986,OMC-019,Tanzania Petroleum,HFO,2025-08-15,34870,FIN-003
INV-98761,DISP-00203,OMC-006,Hashi Energy,PMS,07/09/2025,205027,FIN-004
INV-63634,DISP-04590,OMC-017,KAA Aviation,LUB,2026-01-27,212963,FIN-004
INV-14208,DISP-02301,OMC-017,KAA Aviation,DPK,2026-04-26,251091,FIN-002
INV-31709,DISP-06566,OMC-019,Tanzania Petroleum,AGO,2025-05-17,99091,FIN-004
INV-74550,DISP-00816,OMC-020,Ethiopian Oil,DPK,2026-03-06,34279,FIN-004
INV-47504,DISP-01674,OMC-015,Mombasa Petroleum,AGO,2025-07-28,231845,FIN-003
INV-56597,DISP-03520,OMC-008,National Oil,LUB,2025-11-24,169998,FIN-005
INV-23488,DISP-00709,OMC-002,Vivo Energy,JETA1,2026-05-26,189956,FIN-004
INV-53113,DISP-05366,OMC-001,TotalEnergies Kenya,HFO,2026-02-13," KES 49,912 ",FIN-005
INV-21837,DISP-05891,OMC-010,Tamoil,AGO,19/02/2025,134913,FIN-003
INV-16140,DISP-06323,OMC-005,PetroOil Kenya,JETA1,2026-03-09,107962,FIN-003
INV-33263,DISP-02690,OMC-016,KPA Marine,PMS,2025-11-27,63176,FIN-005
INV-70154,DISP-07752,OMC-018,Uganda National Oil,DPK,2025-06-28,262936,FIN-003
INV-61409,DISP-08844,OMC-012,Galana Energies,DPK,2026-05-02,99126,FIN-005
INV-26156,DISP-07555,OMC-005,PetroOil Kenya,JETA1,2026-03-28,24675,FIN-003
INV-45494,DISP-06753,OMC-002,Vivo Energy,AGO,2025-03-11,55329,FIN-002
INV-14767,DISP-06954,OMC-019,Tanzania Petroleum,LPG,2025-02-19,122835,FIN-003
INV-62978,DISP-00790,OMC-005,PetroOil Kenya,PMS,2026-03-10,30954,FIN-001
INV-54301,DISP-03226,OMC-019,Tanzania Petroleum,JETA1,20/09/2025,50040,FIN-005
INV-86651,DISP-03081,OMC-012,Galana Energies,LPG,2026-02-08,205645,FIN-003
INV-41388,DISP-00373,OMC-017,KAA Aviation,JETA1,2025-10-09,84254,FIN-004
INV-18422,DISP-00511,OMC-015,Mombasa Petroleum,AGO,2025-05-14,26222,FIN-005
INV-65777,DISP-08909,OMC-008,National Oil,LPG,2026-02-11,35368,FIN-005
INV-61119,DISP-02591,OMC-005,PetroOil Kenya,PMS,2026-03-23,48221,FIN-003
INV-96094,DISP-00406,OMC-019,Tanzania Petroleum,PMS,2025-08-06,159036,FIN-005
INV-44408,DISP-09111,OMC-006,Hashi Energy,AGO,2025-07-09,49932,FIN-001
INV-15313,DISP-06814,OMC-015,Mombasa Petroleum,PMS,2026-03-04,172841,FIN-001
INV-40444,DISP-09511,OMC-006,Hashi Energy,AGO,2025-10-18,53489,FIN-004
INV-96503,DISP-04569,OMC-018,Uganda National Oil,HFO,2026-06-09,83591,FIN-003
INV-84797,DISP-08981,OMC-015,Mombasa Petroleum,JETA1,2025-06-28,38961,FIN-003
INV-26321,DISP-07050,OMC-010,Tamoil,LPG,2026-02-18,29756,FIN-002
INV-82566,DISP-07820,OMC-001,TotalEnergies Kenya,AGO,2025-07-04,205877,FIN-001
INV-61022,DISP-07580,OMC-017,KAA Aviation,PMS,2026-01-02,105934,FIN-001
INV-80855,DISP-04712,OMC-017,KAA Aviation,HFO,2025-09-20,273449,FIN-001
INV-11912,DISP-02788,OMC-008,National Oil,LUB,2025-08-21,33594,FIN-001
INV-11875,DISP-01861,OMC-017,KAA Aviation,HFO,2026-04-15,111434,FIN-005
INV-18633,DISP-09605,OMC-015,Mombasa Petroleum,DPK,2026-01-26,206268,FIN-005
INV-82575,DISP-06015,OMC-016,KPA Marine,DPK,2025-01-16,30640,FIN-002
INV-52151,DISP-08179,OMC-001,TotalEnergies Kenya,DPK,2025-04-22,211446,FIN-001
INV-32741,DISP-01424,OMC-003,Rubis Energy,PMS,2026-02-17,35630,FIN-003
INV-37426,DISP-00244,OMC-016,KPA Marine,DPK,2025-06-23,41843,FIN-002
INV-60314,DISP-07847,OMC-001,TotalEnergies Kenya,JETA1,2025-05-20,24827,FIN-004
INV-78991,DISP-01319,OMC-001,TotalEnergies Kenya,PMS,2025-04-28,31675,FIN-004
INV-69334,DISP-05136,OMC-017,KAA Aviation,HFO,2026-05-07," KES 298,046 ",FIN-001
INV-43032,DISP-02678,OMC-012,Galana Energies,PMS,2026-03-16,40274,FIN-004
INV-43608,DISP-06180,OMC-006,Hashi Energy,LPG,2025-09-26,188464,FIN-002
INV-50977,DISP-05792,OMC-014,Texol Energies,DPK,2025-02-15,47060,FIN-005
INV-87244,DISP-00957,OMC-006,Hashi Energy,HFO,2026-05-29,196297,FIN-003
INV-86300,DISP-09088,OMC-020,Ethiopian Oil,PMS,2025-03-18,59262,FIN-002
INV-51144,DISP-08693,OMC-014,Texol Energies,DPK,2025-12-08,46720,FIN-003
INV-94012,DISP-06703,OMC-002,Vivo Energy,LUB,2026-02-10,134649,FIN-005
INV-90650,DISP-04738,OMC-020,Ethiopian Oil,JETA1,13/01/2026,28676,FIN-001
INV-61912,DISP-00086,OMC-017,KAA Aviation,LUB,2025-06-14,164399,FIN-001
INV-98237,DISP-02267,OMC-018,Uganda National Oil,LPG,2025-06-01,177534,FIN-005
INV-87609,DISP-01232,OMC-002,Vivo Energy,AGO,2026-01-11,58689,FIN-003
INV-68451,DISP-09164,OMC-020,Ethiopian Oil,AGO,2026-06-02,100047,FIN-003
INV-16308,DISP-01299,OMC-005,PetroOil Kenya,PMS,2026-02-25,160807,FIN-003
INV-21299,DISP-07020,OMC-016,KPA Marine,JETA1,2026-03-08,66755,FIN-002
INV-24773,DISP-08332,OMC-019,Tanzania Petroleum,HFO,2025-12-08,45559,FIN-004
INV-30950,DISP-09422,OMC-001,TotalEnergies Kenya,HFO,2026-03-16,97818,FIN-004
INV-42176,DISP-09602,OMC-002,Vivo Energy,LUB,2025-01-26,197641,FIN-004
INV-34332,DISP-03180,OMC-006,Hashi Energy,PMS,2025-11-09,133904,FIN-003
INV-79248,DISP-01255,OMC-003,Rubis Energy,HFO,2026-01-17,120689,FIN-005
INV-34515,DISP-04198,OMC-003,Rubis Energy,LPG,2025-07-08,256634,FIN-004
INV-26996,DISP-03172,OMC-007,Kobil,PMS,2025-03-15,102678,FIN-005
INV-50755,DISP-09265,OMC-002,Vivo Energy,HFO,2025-05-03," KES 129,733 ",FIN-001
INV-27857,DISP-01837,OMC-016,KPA Marine,PMS,2026-03-06,51359,FIN-004
INV-85951,DISP-00403,OMC-002,Vivo Energy,LUB,2026-04-28,42870,FIN-001
INV-52776,DISP-03284,OMC-004,Gulf Energy,PMS,2026-03-29,58785,FIN-001
INV-24809,DISP-03807,OMC-019,Tanzania Petroleum,PMS,08/09/2025,278437,FIN-001
INV-87657,DISP-07525,OMC-013,Lake Oil,JETA1,2025-05-07,182610,FIN-002
INV-43078,DISP-06758,OMC-004,Gulf Energy,DPK,14/03/2026,38891,FIN-001
INV-77582,DISP-04044,OMC-002,Vivo Energy,LPG,2025-08-18,244761,FIN-005
INV-55448,DISP-08289,OMC-017,KAA Aviation,LPG,,173622,FIN-003
INV-64099,DISP-07858,OMC-001,TotalEnergies Kenya,LUB,2025-11-03,49735,FIN-001
INV-19571,DISP-06876,OMC-012,Galana Energies,LPG,2026-04-12,180297,FIN-002
INV-16705,DISP-02475,OMC-015,Mombasa Petroleum,LUB,2025-03-15,153510,FIN-003
INV-51646,DISP-00798,OMC-008,National Oil,PMS,2025-06-26,272446,FIN-001
INV-47967,DISP-09023,OMC-017,KAA Aviation,PMS,2025-08-20,204777,FIN-002
INV-24717,DISP-01986,OMC-011,Hass Petroleum,DPK,2025-02-09,271363,FIN-003
INV-64656,DISP-07699,OMC-018,Uganda National Oil,PMS,2026-02-26,289347,FIN-001
INV-52013,DISP-09012,OMC-002,Vivo Energy,LPG,2025-03-31,41779,FIN-002
INV-53435,DISP-07739,OMC-003,Rubis Energy,HFO,2025-09-29,49765,FIN-004
INV-88231,DISP-01271,OMC-010,Tamoil,PMS,2026-01-29,28322,FIN-004
INV-80312,DISP-03513,OMC-010,Tamoil,DPK,2025-07-08,163369,FIN-005
INV-43318,DISP-01184,OMC-001,TotalEnergies Kenya,LPG,2025-09-02,134259,FIN-001
INV-61371,DISP-08623,OMC-009,Dalbit Petroleum,AGO,2026-02-03,126285,FIN-001
INV-55645,DISP-01950,OMC-006,Hashi Energy,LPG,2025-11-19,153956,FIN-004
INV-53745,DISP-03544,OMC-020,Ethiopian Oil,LPG,2026-04-21,32333,FIN-001
INV-89183,DISP-05001,OMC-010,Tamoil,LPG,2025-01-06,241839,FIN-001
INV-58244,DISP-07112,OMC-002,Vivo Energy,PMS,2025-09-03,137591,FIN-005
INV-11349,DISP-01973,OMC-008,National Oil,JETA1,22/01/2025,115412,FIN-004
INV-44301,DISP-09723,OMC-001,TotalEnergies Kenya,LPG,2025-01-10,36511,FIN-003
INV-64059,DISP-08638,OMC-011,Hass Petroleum,LUB,2026-05-28,105386,FIN-004
INV-11273,DISP-00079,OMC-014,Texol Energies,HFO,2025-07-05,79472,FIN-003
INV-32787,DISP-00148,OMC-008,National Oil,JETA1,2025-08-26,160309,FIN-003
INV-35270,DISP-06028,OMC-004,Gulf Energy,LPG,2026-04-20,26679,FIN-005
INV-57119,DISP-00536,OMC-008,National Oil,DPK,2026-06-16,39308,FIN-003
INV-19340,DISP-06936,OMC-013,Lake Oil,DPK,2025-06-18,41602,FIN-005
INV-24788,DISP-09503,OMC-012,Galana Energies,HFO,2026-02-18,60250,FIN-004
INV-35365,DISP-06256,OMC-010,Tamoil,JETA1,2025-07-13,33761,FIN-003
INV-65799,DISP-07309,OMC-020,Ethiopian Oil,JETA1,2025-10-24,221094,FIN-001
INV-59649,DISP-09757,OMC-013,Lake Oil,LPG,2025-07-03,93593,FIN-004
INV-61728,DISP-00848,OMC-019,Tanzania Petroleum,LPG,2025-06-29,287730,FIN-004
INV-52865,DISP-08777,OMC-017,KAA Aviation,AGO,2026-03-02,42678,FIN-003
INV-65713,DISP-07868,OMC-009,Dalbit Petroleum,PMS,2025-05-15,147158,FIN-002
INV-28064,DISP-04638,OMC-001,TotalEnergies Kenya,LPG,2026-06-26,187365,FIN-001
INV-44752,DISP-03318,OMC-002,Vivo Energy,HFO,2026-06-23,208015,FIN-002
INV-54402,DISP-07355,OMC-004,Gulf Energy,LPG,2026-03-22,48460,FIN-004
INV-97705,DISP-05098,OMC-004,Gulf Energy,LUB,2026-02-21,142988,FIN-001
INV-33103,DISP-09148,OMC-019,Tanzania Petroleum,LPG,2025-11-12,125093,FIN-001
INV-89358,DISP-02978,OMC-013,Lake Oil,JETA1,2026-05-21,65860,FIN-005
INV-55045,DISP-09756,OMC-012,Galana Energies,AGO,2026-04-20,39731,FIN-002
INV-58147,DISP-09729,OMC-016,KPA Marine,DPK,2025-10-23,133794,FIN-005
INV-84998,DISP-02822,OMC-001,TotalEnergies Kenya,LPG,2026-04-30,57777,FIN-002
INV-60017,DISP-02696,OMC-016,KPA Marine,DPK,2025-08-31,21359,FIN-005
INV-80544,DISP-08031,OMC-010,Tamoil,PMS,2025-03-19,61536,FIN-003
INV-86124,DISP-06734,OMC-001,TotalEnergies Kenya,LUB,2026-03-11,241653,FIN-005
INV-35752,DISP-00165,OMC-019,Tanzania Petroleum,LUB,2026-03-23,48684,FIN-002
INV-66840,DISP-07662,OMC-008,National Oil,AGO,2025-07-03,46825,FIN-002
INV-49495,DISP-02157,OMC-010,Tamoil,PMS,2026-03-22,61150,FIN-004
INV-79084,DISP-08771,OMC-019,Tanzania Petroleum,LPG,08/04/2026,49013,FIN-002
INV-78597,DISP-01902,OMC-002,Vivo Energy,LPG,2025-11-20,198983,FIN-004
INV-91308,DISP-06292,OMC-003,Rubis Energy,HFO,05/05/2026,227968,FIN-001
INV-14237,DISP-02959,OMC-001,TotalEnergies Kenya,HFO,2025-10-10,165465,FIN-001
INV-35792,DISP-00804,OMC-019,Tanzania Petroleum,DPK,2025-10-14,30608,FIN-004
INV-91987,DISP-03563,OMC-008,National Oil,LPG,2026-06-23,222127,FIN-003
INV-51283,DISP-05458,OMC-019,Tanzania Petroleum,PMS,2025-04-26," KES 56,694 ",FIN-005
INV-46233,DISP-02657,OMC-017,KAA Aviation,LUB,2026-01-15,46729,FIN-005
INV-59260,DISP-05921,OMC-005,PetroOil Kenya,DPK,2026-04-29,178895,FIN-003
INV-82995,DISP-08901,OMC-014,Texol Energies,PMS,2026-05-10,165309,FIN-003
INV-78277,DISP-01228,OMC-010,Tamoil,DPK,2025-02-14,247765,FIN-004
INV-32368,DISP-05968,OMC-013,Lake Oil,PMS,2025-01-31,30979,FIN-005
INV-30737,DISP-06786,OMC-019,Tanzania Petroleum,PMS,2025-02-22,200858,FIN-005
INV-86104,DISP-06483,OMC-003,Rubis Energy,JETA1,2026-01-14,57699,FIN-004
INV-46689,DISP-06551,OMC-002,Vivo Energy,DPK,2026-05-16,163020,FIN-005
INV-78323,DISP-03400,OMC-011,Hass Petroleum,PMS,2025-04-07,118072,FIN-002
INV-25137,DISP-02506,OMC-003,Rubis Energy,AGO,2025-06-30,101341,FIN-004
INV-82826,DISP-02437,OMC-008,National Oil,LUB,2025-11-29,160179,FIN-001
INV-48090,DISP-03342,OMC-016,KPA Marine,LPG,2025-11-14,161822,FIN-004
INV-36798,DISP-08586,OMC-016,KPA Marine,LPG,2025-02-15,58515,FIN-001
INV-30813,DISP-00197,OMC-004,Gulf Energy,AGO,,170782,FIN-001
INV-97716,DISP-01671,OMC-005,PetroOil Kenya,AGO,2026-02-12,34535,FIN-002
INV-91204,DISP-06585,OMC-017,KAA Aviation,LUB,,217468,FIN-002
INV-77620,DISP-09378,OMC-012,Galana Energies,DPK,2026-04-19,129638,FIN-005
INV-72839,DISP-04662,OMC-002,Vivo Energy,AGO,2026-03-27,23467,FIN-003
INV-46460,DISP-05051,OMC-009,Dalbit Petroleum,HFO,2025-08-07,41315,FIN-003
INV-68756,DISP-03649,OMC-006,Hashi Energy,LUB,2026-05-10,271719,FIN-001
INV-70245,DISP-02565,OMC-017,KAA Aviation,LUB,2025-04-30,22442,FIN-005
INV-70008,DISP-08359,OMC-014,Texol Energies,LPG,2026-03-27,298043,FIN-001
INV-16498,DISP-00256,OMC-003,Rubis Energy,DPK,2025-07-16,151312,FIN-005
INV-92148,DISP-05027,OMC-010,Tamoil,DPK,2025-08-11,183408,FIN-002
INV-89516,DISP-05990,OMC-010,Tamoil,JETA1,2025-07-31,261194,FIN-004
INV-14166,DISP-06146,OMC-012,Galana Energies,LPG,2026-04-24,55782,FIN-005
INV-42419,DISP-04199,OMC-006,Hashi Energy,HFO,2025-03-16,128452,FIN-004
INV-24146,DISP-01296,OMC-012,Galana Energies,HFO,2026-04-15,291326,FIN-003
INV-53963,DISP-01274,OMC-014,Texol Energies,JETA1,2025-06-17,96735,FIN-003
INV-55515,DISP-08790,OMC-003,Rubis Energy,AGO,2025-06-29,24582,FIN-005
INV-26835,DISP-09340,OMC-005,PetroOil Kenya,LPG,2026-03-15,541490,FIN-003
INV-10850,DISP-04831,OMC-006,Hashi Energy,JETA1,2025-12-20,44118,FIN-004
INV-51111,DISP-08501,OMC-012,Galana Energies,HFO,2026-03-07,53938,FIN-004
INV-50191,DISP-07735,OMC-011,Hass Petroleum,JETA1,2026-01-27,129409,FIN-003
INV-79892,DISP-04358,OMC-017,KAA Aviation,PMS,2025-03-20,276505,FIN-005
INV-79866,DISP-06557,OMC-004,Gulf Energy,DPK,2026-02-20,34723,FIN-001
INV-39012,DISP-08688,OMC-007,Kobil,PMS,2025-08-08,38211,FIN-001
INV-14825,DISP-02257,OMC-007,Kobil,PMS,2025-11-06,144120,FIN-003
INV-93504,DISP-05738,OMC-020,Ethiopian Oil,DPK,2025-07-09,129299,FIN-002
INV-23484,DISP-02658,OMC-019,Tanzania Petroleum,JETA1,2025-04-03,30821,FIN-004
INV-27438,DISP-04070,OMC-016,KPA Marine,DPK,2025-08-28,35326,FIN-003
INV-57706,DISP-06875,OMC-008,National Oil,LUB,2025-06-27," KES 33,261 ",FIN-003
INV-80598,DISP-06621,OMC-013,Lake Oil,AGO,2025-04-09,160894,FIN-003
INV-30498,DISP-02259,OMC-003,Rubis Energy,JETA1,2026-04-02,64065,FIN-004
INV-24248,DISP-07661,OMC-016,KPA Marine,JETA1,2025-11-22,141296,FIN-001
INV-79063,DISP-05451,OMC-008,National Oil,LUB,2025-10-17,279181,FIN-005
INV-76757,DISP-01041,OMC-013,Lake Oil,LPG,2025-09-21," KES 207,719 ",FIN-005
INV-81473,DISP-03257,OMC-001,TotalEnergies Kenya,DPK,2025-07-20,214811,FIN-003
INV-80001,DISP-04007,OMC-003,Rubis Energy,AGO,2026-01-12,25121,FIN-004
INV-22524,DISP-08087,OMC-018,Uganda National Oil,DPK,2025-03-19,42632,FIN-005
INV-28139,DISP-01437,OMC-001,TotalEnergies Kenya,HFO,2026-03-18,134571,FIN-005
INV-33776,DISP-09543,OMC-020,Ethiopian Oil,HFO,2026-02-14,182824,FIN-004
INV-29011,DISP-09590,OMC-012,Galana Energies,AGO,,202574,FIN-001
INV-72612,DISP-03147,OMC-009,Dalbit Petroleum,DPK,2025-08-10,28533,FIN-003
INV-83241,DISP-01722,OMC-012,Galana Energies,AGO,2026-03-17,183223,FIN-005
INV-41044,DISP-01113,OMC-017,KAA Aviation,LPG,2026-06-06,173395,FIN-005
INV-39516,DISP-08787,OMC-014,Texol Energies,DPK,2026-05-27,176907,FIN-005
INV-69846,DISP-05885,OMC-017,KAA Aviation,HFO,2025-11-19,152148,FIN-005
INV-62626,DISP-06008,OMC-011,Hass Petroleum,DPK,2026-01-30,148869,FIN-003
INV-45169,DISP-07407,OMC-008,National Oil,AGO,2025-09-30,174193,FIN-002
INV-14180,DISP-06078,OMC-013,Lake Oil,AGO,2025-05-16,181843,FIN-005
INV-25222,DISP-04404,OMC-017,KAA Aviation,JETA1,2025-08-26,155255,FIN-003
INV-64345,DISP-08416,OMC-013,Lake Oil,HFO,17/03/2025," KES 52,139 ",FIN-002
INV-47132,DISP-08686,OMC-005,PetroOil Kenya,JETA1,2026-04-03,133304,FIN-005
INV-40015,DISP-00959,OMC-016,KPA Marine,PMS,2026-03-28,185690,FIN-003
INV-22703,DISP-04907,OMC-020,Ethiopian Oil,DPK,2026-06-16,23082,FIN-001
INV-47365,DISP-03366,OMC-011,Hass Petroleum,PMS,2025-07-02,49775,FIN-004
INV-98374,DISP-06995,OMC-017,KAA Aviation,PMS,2026-02-28,74631,FIN-005
INV-75211,DISP-03033,OMC-016,KPA Marine,DPK,2025-04-27,105048,FIN-001
INV-75953,DISP-00811,OMC-007,Kobil,PMS,2026-05-06,225653,FIN-002
INV-89346,DISP-00210,OMC-013,Lake Oil,JETA1,2025-06-15,45605,FIN-001
INV-13420,DISP-02922,OMC-001,TotalEnergies Kenya,PMS,2025-09-17,42832,FIN-004
INV-97966,DISP-09476,OMC-011,Hass Petroleum,JETA1,2025-10-17,130219,FIN-003
INV-72747,DISP-00415,OMC-017,KAA Aviation,LPG,2025-12-10,53210,FIN-002
INV-69793,DISP-02584,OMC-004,Gulf Energy,AGO,2026-04-17,204207,FIN-005
INV-50429,DISP-08597,OMC-010,Tamoil,LUB,2025-12-26,24501,FIN-002
INV-59128,DISP-05160,OMC-007,Kobil,DPK,29/11/2025,35944,FIN-004
INV-71196,DISP-01135,OMC-002,Vivo Energy,AGO,2025-11-08,29961,FIN-001
INV-66474,DISP-06320,OMC-007,Kobil,LPG,2026-01-29,26806,FIN-003
INV-18534,DISP-08191,OMC-007,Kobil,LUB,2026-03-17,206430,FIN-002
INV-72880,DISP-03946,OMC-008,National Oil,HFO,2025-05-06,130233,FIN-002
INV-51376,DISP-05336,OMC-012,Galana Energies,LPG,2026-02-17,279961,FIN-001
INV-49894,DISP-06382,OMC-015,Mombasa Petroleum,DPK,2025-09-05,182281,FIN-001
INV-66356,DISP-00733,OMC-017,KAA Aviation,DPK,2026-06-27,63332,FIN-001
INV-32032,DISP-09633,OMC-002,Vivo Energy,DPK,2025-10-07,162564,FIN-002
INV-85572,DISP-03349,OMC-005,PetroOil Kenya,LUB,04/04/2026,52117,FIN-001
INV-12182,DISP-04973,OMC-007,Kobil,LUB,15/03/2026,120384,FIN-004
INV-49482,DISP-00194,OMC-011,Hass Petroleum,AGO,2025-11-23,116872,FIN-004
INV-82010,DISP-09072,OMC-009,Dalbit Petroleum,DPK,2025-05-19,191811,FIN-004
INV-14487,DISP-03557,OMC-015,Mombasa Petroleum,DPK,2026-01-08,204567,FIN-001
INV-13186,DISP-00762,OMC-001,TotalEnergies Kenya,HFO,2026-01-12,37722,FIN-005
INV-99620,DISP-09533,OMC-008,National Oil,HFO,2026-06-26,62964,FIN-005
INV-80778,DISP-02013,OMC-017,KAA Aviation,DPK,2025-11-04,213621,FIN-004
INV-25205,DISP-08370,OMC-006,Hashi Energy,AGO,2025-04-21,238994,FIN-002
INV-77798,DISP-06905,OMC-020,Ethiopian Oil,DPK,2025-01-24,164579,FIN-004
INV-93609,DISP-00931,OMC-010,Tamoil,AGO,2026-05-13,257761,FIN-003
INV-48416,DISP-00545,OMC-015,Mombasa Petroleum,PMS,2025-06-19,47460,FIN-005
INV-92348,DISP-08194,OMC-010,Tamoil,PMS,2026-06-18,139317,FIN-003
INV-64216,DISP-01090,OMC-004,Gulf Energy,PMS,2026-03-17,101890,FIN-005
INV-90447,DISP-06547,OMC-012,Galana Energies,AGO,2026-03-01," KES 202,687 ",FIN-004
INV-93692,DISP-06737,OMC-004,Gulf Energy,DPK,2026-02-09,60197,FIN-003
INV-24852,DISP-02154,OMC-005,PetroOil Kenya,LUB,2026-02-17,134646,FIN-004
INV-23254,DISP-03603,OMC-013,Lake Oil,LPG,2025-07-23,178519,FIN-003
INV-35054,DISP-06154,OMC-007,Kobil,PMS,2025-10-08,57009,FIN-005
INV-20426,DISP-06678,OMC-013,Lake Oil,PMS,2025-04-30,34096,FIN-004
INV-86617,DISP-00413,OMC-005,PetroOil Kenya,DPK,2026-02-27,127776,FIN-005
INV-29006,DISP-05697,OMC-009,Dalbit Petroleum,LPG,2025-03-08,103286,FIN-003
INV-54839,DISP-00120,OMC-020,Ethiopian Oil,PMS,2026-01-30,155491,FIN-005
INV-85211,DISP-06548,OMC-014,Texol Energies,JETA1,2025-12-17,28616,FIN-005
INV-39407,DISP-05514,OMC-016,KPA Marine,LPG,2025-02-06,30515,FIN-004
INV-86570,DISP-04090,OMC-020,Ethiopian Oil,LPG,2025-10-12,210334,FIN-004
INV-66965,DISP-01218,OMC-019,Tanzania Petroleum,HFO,2026-04-21,110045,FIN-001
INV-37964,DISP-04589,OMC-012,Galana Energies,HFO,2026-03-23,138085,FIN-004
INV-69464,DISP-06494,OMC-004,Gulf Energy,HFO,2026-02-22,56703,FIN-002
INV-52409,DISP-01962,OMC-017,KAA Aviation,AGO,2025-08-31,97671,FIN-003
INV-79983,DISP-03308,OMC-003,Rubis Energy,LUB,2025-01-29,168647,FIN-003
INV-34617,DISP-09556,OMC-004,Gulf Energy,LUB,2026-03-27,282642,FIN-003
INV-14135,DISP-01215,OMC-001,TotalEnergies Kenya,DPK,2025-05-28,268938,FIN-002
INV-39580,DISP-09989,OMC-012,Galana Energies,HFO,2026-02-23,305815,FIN-001
INV-54382,DISP-03666,OMC-013,Lake Oil,HFO,2026-04-10,169472,FIN-003
INV-66317,DISP-06408,OMC-004,Gulf Energy,PMS,22/02/2026,37478,FIN-003
INV-51828,DISP-08780,OMC-009,Dalbit Petroleum,JETA1,2026-02-05,23787,FIN-005
INV-90452,DISP-08053,OMC-017,KAA Aviation,AGO,2025-03-24,210235,FIN-001
INV-39857,DISP-01532,OMC-014,Texol Energies,HFO,2026-03-30,206687,FIN-004
INV-79463,DISP-00807,OMC-016,KPA Marine,AGO,2025-07-05,98402,FIN-003
INV-94198,DISP-08508,OMC-013,Lake Oil,JETA1,2025-10-01,23313,FIN-002
INV-23339,DISP-04750,OMC-018,Uganda National Oil,AGO,2026-06-14," KES 34,304 ",FIN-003
INV-21757,DISP-05218,OMC-020,Ethiopian Oil,DPK,2026-03-17,103037,FIN-002
INV-88061,DISP-00659,OMC-016,KPA Marine,LPG,2025-01-28,161223,FIN-001
INV-25372,DISP-08535,OMC-014,Texol Energies,LPG,2025-06-02,102835,FIN-003
INV-23837,DISP-03309,OMC-018,Uganda National Oil,HFO,2025-10-08,56694,FIN-005
INV-18090,DISP-01088,OMC-004,Gulf Energy,LUB,2026-02-28,106981,FIN-004
INV-88453,DISP-06784,OMC-006,Hashi Energy,AGO,18/02/2025,61515,FIN-001
INV-30888,DISP-08148,OMC-001,TotalEnergies Kenya,JETA1,28/05/2026,178742,FIN-003
INV-82753,DISP-07530,OMC-008,National Oil,LUB,2025-10-16,280397,FIN-002
INV-64660,DISP-04751,OMC-012,Galana Energies,LUB,2026-03-21,45905,FIN-004
INV-31783,DISP-01328,OMC-007,Kobil,AGO,2025-02-11,43483,FIN-001
INV-65847,DISP-07759,OMC-015,Mombasa Petroleum,AGO,,254916,FIN-002
INV-57792,DISP-02987,OMC-009,Dalbit Petroleum,AGO,2025-07-04,270636,FIN-004
INV-28973,DISP-03530,OMC-017,KAA Aviation,AGO,2025-04-25,53386,FIN-003
INV-65896,DISP-02286,OMC-005,PetroOil Kenya,HFO,2026-03-14,39923,FIN-001
INV-51618,DISP-05536,OMC-019,Tanzania Petroleum,PMS,2026-06-11,53047,FIN-004
INV-52726,DISP-00439,OMC-016,KPA Marine,HFO,2025-04-30,41710,FIN-004
INV-45702,DISP-02434,OMC-008,National Oil,HFO,2025-03-06,176505,FIN-005
INV-84161,DISP-08079,OMC-003,Rubis Energy,AGO,2026-01-07,162528,FIN-005
INV-25157,DISP-00489,OMC-015,Mombasa Petroleum,JETA1,2025-06-06,37972,FIN-004
INV-37983,DISP-06411,OMC-007,Kobil,JETA1,2026-03-23,44015,FIN-003
INV-27642,DISP-06725,OMC-013,Lake Oil,DPK,2026-04-21,128220,FIN-004
INV-46619,DISP-05383,OMC-001,TotalEnergies Kenya,AGO,2025-09-19,129208,FIN-002
INV-36104,DISP-00475,OMC-002,Vivo Energy,JETA1,2025-03-30,259158,FIN-002
INV-28848,DISP-07401,OMC-005,PetroOil Kenya,JETA1,2026-02-21,26223,FIN-005
INV-85320,DISP-09500,OMC-001,TotalEnergies Kenya,DPK,2025-12-14,265472,FIN-005
INV-24884,DISP-00836,OMC-007,Kobil,PMS,2025-05-14,51701,FIN-003
INV-50245,DISP-04330,OMC-020,Ethiopian Oil,PMS,2026-06-22,126868,FIN-004
INV-83526,DISP-09764,OMC-008,National Oil,LPG,2025-12-01,26668,FIN-003
INV-25924,DISP-01068,OMC-003,Rubis Energy,PMS,2025-02-27,53327,FIN-001
INV-50421,DISP-05402,OMC-002,Vivo Energy,LPG,2025-03-09,46809,FIN-005
INV-64984,DISP-06386,OMC-012,Galana Energies,LPG,2026-02-23,22131,FIN-001
INV-98911,DISP-07841,OMC-008,National Oil,HFO,2026-05-10,221812,FIN-004
INV-14683,DISP-06790,OMC-017,KAA Aviation,PMS,2026-07-06,199861,FIN-005
INV-42277,DISP-09493,OMC-001,TotalEnergies Kenya,HFO,2025-06-13,59730,FIN-004
INV-96667,DISP-02004,OMC-009,Dalbit Petroleum,LPG,2025-05-23,80598,FIN-002
INV-50639,DISP-05873,OMC-004,Gulf Energy,LPG,2026-02-05,34682,FIN-004
INV-48017,DISP-06094,OMC-005,PetroOil Kenya,DPK,2026-02-13,117605,FIN-004
INV-72810,DISP-00349,OMC-018,Uganda National Oil,DPK,2025-07-07,191812,FIN-001
INV-79321,DISP-08213,OMC-016,KPA Marine,DPK,2026-04-21,262879,FIN-003
INV-70505,DISP-06026,OMC-006,Hashi Energy,AGO,2026-01-09,297043,FIN-005
INV-56955,DISP-09818,OMC-012,Galana Energies,HFO,21/02/2026,141990,FIN-001
INV-23409,DISP-06063,OMC-015,Mombasa Petroleum,LPG,2025-09-20,257013,FIN-002
INV-95925,DISP-01301,OMC-007,Kobil,JETA1,2025-04-29,94971,FIN-003
INV-14844,DISP-09736,OMC-018,Uganda National Oil,LUB,2025-02-16,46996,FIN-004
INV-36966,DISP-01304,OMC-007,Kobil,LUB,2026-06-02,175972,FIN-001
INV-41606,DISP-02715,OMC-009,Dalbit Petroleum,LPG,2025-11-03,192601,FIN-003
INV-80274,DISP-09409,OMC-008,National Oil,PMS,2026-05-21,22428,FIN-003
INV-65789,DISP-02576,OMC-016,KPA Marine,LPG,2025-09-25,24153,FIN-002
INV-20407,DISP-01724,OMC-006,Hashi Energy,JETA1,04/02/2025," KES 120,246 ",FIN-001
INV-91674,DISP-09114,OMC-018,Uganda National Oil,HFO,22/12/2025,116260,FIN-002
INV-27502,DISP-06327,OMC-010,Tamoil,HFO,2025-04-02,156324,FIN-005
INV-65901,DISP-05766,OMC-017,KAA Aviation,PMS,2026-03-09," KES 138,133 ",FIN-005
INV-53775,DISP-02370,OMC-006,Hashi Energy,LPG,2026-04-21,31526,FIN-003
INV-20661,DISP-08000,OMC-011,Hass Petroleum,JETA1,12/09/2025,261422,FIN-002
INV-36565,DISP-04420,OMC-005,PetroOil Kenya,DPK,2026-04-24,21991,FIN-002
INV-33249,DISP-01603,OMC-013,Lake Oil,AGO,,30483,FIN-005
INV-64436,DISP-07736,OMC-010,Tamoil,HFO,2026-03-22,173770,FIN-002
INV-87125,DISP-08789,OMC-009,Dalbit Petroleum,PMS,2026-01-20,79636,FIN-002
INV-91271,DISP-02376,OMC-020,Ethiopian Oil,PMS,2025-08-16,105251,FIN-005
INV-54660,DISP-05832,OMC-019,Tanzania Petroleum,LPG,2026-02-03,52438,FIN-002
INV-93346,DISP-00562,OMC-002,Vivo Energy,LUB,2026-02-01,168774,FIN-004
INV-47164,DISP-00297,OMC-006,Hashi Energy,DPK,2026-03-13,126362,FIN-001
INV-36773,DISP-07054,OMC-010,Tamoil,DPK,2026-03-20,47915,FIN-002
INV-50384,DISP-06429,OMC-008,National Oil,PMS,2025-06-26,50261,FIN-005
INV-49795,DISP-01252,OMC-016,KPA Marine,JETA1,2025-09-11,141447,FIN-001
INV-26496,DISP-05141,OMC-020,Ethiopian Oil,LUB,2025-01-26,53259,FIN-002
INV-25283,DISP-01484,OMC-018,Uganda National Oil,AGO,2026-05-06,207560,FIN-002
INV-58931,DISP-02489,OMC-013,Lake Oil,PMS,2026-05-26,114995,FIN-001
INV-45720,DISP-01736,OMC-015,Mombasa Petroleum,JETA1,2026-02-19,223636,FIN-003
INV-62500,DISP-08121,OMC-011,Hass Petroleum,LUB,2026-01-22,51491,FIN-001
INV-34064,DISP-01125,OMC-006,Hashi Energy,PMS,2025-01-12,47158,FIN-005
INV-99997,DISP-09660,OMC-015,Mombasa Petroleum,AGO,2026-06-03,26386,FIN-001
INV-24768,DISP-02326,OMC-003,Rubis Energy,JETA1,2026-04-15,143022,FIN-003
INV-36347,DISP-09293,OMC-004,Gulf Energy,LUB,2026-03-21,257688,FIN-001
INV-45341,DISP-07441,OMC-006,Hashi Energy,LPG,2025-04-19,37581,FIN-004
INV-49619,DISP-01526,OMC-005,PetroOil Kenya,JETA1,2026-02-21,29216,FIN-001
INV-18596,DISP-04110,OMC-003,Rubis Energy,JETA1,2025-06-07,55903,FIN-001
INV-47327,DISP-08866,OMC-014,Texol Energies,LUB,2025-07-03,208465,FIN-002
INV-81390,DISP-02630,OMC-011,Hass Petroleum,DPK,2026-03-05,176535,FIN-005
INV-18274,DISP-07350,OMC-008,National Oil,PMS,2025-09-15,249993,FIN-001
INV-96025,DISP-07565,OMC-009,Dalbit Petroleum,LPG,2026-05-26,60340,FIN-004
INV-44935,DISP-02054,OMC-007,Kobil,JETA1,2025-04-08,103796,FIN-004
INV-86006,DISP-04743,OMC-011,Hass Petroleum,JETA1,2025-12-16,43020,FIN-004
INV-61671,DISP-09095,OMC-012,Galana Energies,JETA1,2026-02-17,106621,FIN-001
INV-73713,DISP-03989,OMC-006,Hashi Energy,LPG,2026-05-13," KES 160,356 ",FIN-001
INV-45025,DISP-09824,OMC-011,Hass Petroleum,LUB,2025-11-12,34415,FIN-001
INV-72343,DISP-05822,OMC-001,TotalEnergies Kenya,PMS,2025-05-26,46279,FIN-004
INV-34625,DISP-00059,OMC-010,Tamoil,LUB,,59155,FIN-001
INV-75128,DISP-05053,OMC-008,National Oil,PMS,15/10/2025,112339,FIN-001
INV-85709,DISP-00402,OMC-019,Tanzania Petroleum,AGO,2026-05-02,136659,FIN-005
INV-99064,DISP-09154,OMC-007,Kobil,PMS,2025-09-28,177666,FIN-002
INV-46907,DISP-02088,OMC-009,Dalbit Petroleum,JETA1,2025-12-19,157541,FIN-005
INV-68823,DISP-09351,OMC-020,Ethiopian Oil,AGO,2026-03-07,126864,FIN-002
INV-93469,DISP-03525,OMC-012,Galana Energies,AGO,2026-02-16,48806,FIN-001
INV-10232,DISP-05754,OMC-002,Vivo Energy,LPG,2026-04-30,45976,FIN-004
INV-19244,DISP-07491,OMC-011,Hass Petroleum,LUB,2025-12-09,284433,FIN-001
INV-28734,DISP-03068,OMC-001,TotalEnergies Kenya,HFO,2025-12-19,157437,FIN-004
INV-18436,DISP-04551,OMC-004,Gulf Energy,AGO,2026-02-15,60385,FIN-005
INV-81297,DISP-08699,OMC-015,Mombasa Petroleum,AGO,2025-06-24,44767,FIN-004
INV-61359,DISP-04981,OMC-013,Lake Oil,HFO,2025-06-26,55741,FIN-002
INV-11215,DISP-09136,OMC-001,TotalEnergies Kenya,LUB,2026-02-17,280681,FIN-005
INV-22876,DISP-04969,OMC-004,Gulf Energy,LUB,2026-04-16,168279,FIN-002
INV-18674,DISP-02487,OMC-020,Ethiopian Oil,LPG,2026-04-25,66002,FIN-005
INV-58058,DISP-05040,OMC-003,Rubis Energy,LPG,2026-04-24,134458,FIN-005
INV-77479,DISP-08793,OMC-002,Vivo Energy,AGO,2025-11-02,61226,FIN-003
INV-61508,DISP-07618,OMC-010,Tamoil,JETA1,2025-07-13,197132,FIN-003
INV-57552,DISP-00063,OMC-012,Galana Energies,HFO,2026-02-20,169649,FIN-002
INV-79559,DISP-08341,OMC-004,Gulf Energy,PMS,2026-03-22,20069,FIN-002
INV-82035,DISP-00154,OMC-017,KAA Aviation,PMS,2026-03-01,226255,FIN-003
INV-50935,DISP-09332,OMC-007,Kobil,LUB,2025-08-18,60217,FIN-001
INV-68934,DISP-00548,OMC-015,Mombasa Petroleum,PMS,2025-02-21,99527,FIN-003
INV-70156,DISP-00838,OMC-006,Hashi Energy,DPK,2025-01-21,46002,FIN-003
INV-12793,DISP-07170,OMC-002,Vivo Energy,DPK,2026-03-15,40370,FIN-004
INV-53745,DISP-03544,OMC-020,Ethiopian Oil,LPG,2026-04-21,32333,FIN-001
INV-99088,DISP-01335,OMC-012,Galana Energies,HFO,2026-04-08,55405,FIN-001
INV-10211,DISP-05505,OMC-002,Vivo Energy,LPG,,153467,FIN-004
INV-92401,DISP-09848,OMC-008,National Oil,AGO,2025-01-06," KES 38,884 ",FIN-005
INV-88822,DISP-08721,OMC-007,Kobil,PMS,2025-06-19,40784,FIN-004
INV-19688,DISP-06339,OMC-019,Tanzania Petroleum,PMS,2025-03-23,35425,FIN-003
INV-78616,DISP-09130,OMC-002,Vivo Energy,DPK,2026-06-19,34234,FIN-004
INV-17967,DISP-08440,OMC-008,National Oil,HFO,2026-06-04,48458,FIN-004
INV-66190,DISP-02052,OMC-002,Vivo Energy,HFO,2025-04-08,285300,FIN-001
INV-77278,DISP-00420,OMC-001,TotalEnergies Kenya,JETA1,2026-03-03,253400,FIN-002
INV-18071,DISP-04226,OMC-015,Mombasa Petroleum,AGO,2025-07-30,37575,FIN-002
INV-72466,DISP-04688,OMC-016,KPA Marine,HFO,2025-12-14," KES 236,264 ",FIN-002
INV-38805,DISP-07501,OMC-003,Rubis Energy,DPK,2025-06-30,182424,FIN-003
INV-33722,DISP-00149,OMC-011,Hass Petroleum,JETA1,2025-04-10,74992,FIN-005
INV-49440,DISP-07578,OMC-005,PetroOil Kenya,LPG,2026-05-01,27704,FIN-003
INV-39529,DISP-07628,OMC-011,Hass Petroleum,LUB,2025-09-19,24082,FIN-002
INV-59342,DISP-01533,OMC-003,Rubis Energy,DPK,2025-04-22,21206,FIN-001
INV-14433,DISP-08061,OMC-012,Galana Energies,LUB,2026-03-17,181573,FIN-003
INV-42885,DISP-09474,OMC-009,Dalbit Petroleum,JETA1,2025-04-30,283581,FIN-004
INV-99633,DISP-01124,OMC-020,Ethiopian Oil,PMS,2025-03-10,131607,FIN-004
INV-86442,DISP-05867,OMC-014,Texol Energies,AGO,2025-09-05,43176,FIN-001
INV-21912,DISP-09448,OMC-020,Ethiopian Oil,LUB,2026-05-03,275838,FIN-004
INV-99614,DISP-03491,OMC-008,National Oil,LUB,2026-02-16," KES 193,262 ",FIN-001
INV-65001,DISP-03412,OMC-014,Texol Energies,DPK,2025-04-20,42227,FIN-001
INV-31952,DISP-06124,OMC-004,Gulf Energy,AGO,2026-02-26," KES 81,323 ",FIN-003
INV-25323,DISP-04332,OMC-004,Gulf Energy,PMS,2026-03-01,53737,FIN-002
INV-81608,DISP-01477,OMC-001,TotalEnergies Kenya,AGO,2025-03-28,101481,FIN-005
INV-86853,DISP-04460,OMC-017,KAA Aviation,PMS,2025-08-26,187873,FIN-001
INV-31025,DISP-00344,OMC-015,Mombasa Petroleum,LPG,2025-07-31,50698,FIN-004
INV-67882,DISP-04535,OMC-002,Vivo Energy,DPK,2026-03-23," KES 55,268 ",FIN-005
INV-65100,DISP-06980,OMC-011,Hass Petroleum,DPK,2025-08-11,208763,FIN-001
INV-63818,DISP-07362,OMC-010,Tamoil,DPK,2025-04-25,50016,FIN-002
INV-42809,DISP-03021,OMC-016,KPA Marine,JETA1,2026-01-12,33556,FIN-002
INV-33571,DISP-06192,OMC-008,National Oil,JETA1,05/02/2026,189283,FIN-005
INV-55537,DISP-09129,OMC-014,Texol Energies,DPK,2025-09-02,263001,FIN-001
INV-25087,DISP-01838,OMC-012,Galana Energies,LPG,2026-04-23,98319,FIN-003
INV-75808,DISP-02280,OMC-012,Galana Energies,JETA1,2026-02-18,122632,FIN-001
INV-91848,DISP-06801,OMC-015,Mombasa Petroleum,AGO,2025-01-20,190606,FIN-002
INV-47115,DISP-03198,OMC-007,Kobil,LUB,26/04/2026,266402,FIN-004
INV-27916,DISP-00465,OMC-007,Kobil,DPK,2025-06-03," KES 49,958 ",FIN-005
INV-50983,DISP-07349,OMC-004,Gulf Energy,AGO,2026-03-04,257957,FIN-003
INV-90944,DISP-01915,OMC-019,Tanzania Petroleum,DPK,2025-03-25,276953,FIN-001
INV-20407,DISP-01724,OMC-006,Hashi Energy,JETA1,2025-02-04,120246,FIN-001
INV-30613,DISP-05508,OMC-011,Hass Petroleum,AGO,2025-06-16,295712,FIN-004
INV-17644,DISP-03248,OMC-007,Kobil,PMS,2025-10-26,238117,FIN-003
INV-92976,DISP-04304,OMC-018,Uganda National Oil,JETA1,2026-04-12,60150,FIN-002
INV-86440,DISP-04792,OMC-002,Vivo Energy,JETA1,2026-03-17,52550,FIN-002
INV-63100,DISP-05057,OMC-016,KPA Marine,PMS,2026-04-03,200465,FIN-001
INV-45591,DISP-09225,OMC-003,Rubis Energy,AGO,07/01/2026,264835,FIN-004
INV-13497,DISP-09826,OMC-016,KPA Marine,HFO,2025-03-13,206725,FIN-005
INV-17840,DISP-01752,OMC-017,KAA Aviation,PMS,2026-03-15,269376,FIN-004
INV-44531,DISP-05741,OMC-011,Hass Petroleum,AGO,2025-05-30," KES 71,058 ",FIN-002
INV-22988,DISP-03929,OMC-014,Texol Energies,AGO,2025-11-14,115774,FIN-001
INV-60252,DISP-08708,OMC-007,Kobil,JETA1,2026-02-13,42980,FIN-003
INV-56445,DISP-08036,OMC-014,Texol Energies,AGO,2025-05-28," KES 26,613 ",FIN-004
INV-11695,DISP-05849,OMC-013,Lake Oil,HFO,2025-10-08,213216,FIN-004
INV-61200,DISP-07302,OMC-015,Mombasa Petroleum,JETA1,2026-05-11,44967,FIN-001
INV-37390,DISP-02855,OMC-010,Tamoil,PMS,2025-11-15,148201,FIN-004
INV-28936,DISP-06527,OMC-005,PetroOil Kenya,LPG,2026-03-24,238445,FIN-001
INV-18186,DISP-08119,OMC-005,PetroOil Kenya,AGO,2026-02-16,104262,FIN-004
INV-59149,DISP-09421,OMC-011,Hass Petroleum,DPK,2025-07-20,175807,FIN-004
INV-72543,DISP-06584,OMC-009,Dalbit Petroleum,LUB,2025-04-07,63648,FIN-002
INV-92839,DISP-02974,OMC-001,TotalEnergies Kenya,DPK,2026-04-11,209024,FIN-002
INV-89414,DISP-05119,OMC-018,Uganda National Oil,AGO,2026-02-24,225550,FIN-004
INV-37988,DISP-05362,OMC-008,National Oil,JETA1,2026-04-03,132253,FIN-001
INV-68804,DISP-03772,OMC-005,PetroOil Kenya,JETA1,2026-03-16,32454,FIN-003
INV-93210,DISP-02395,OMC-019,Tanzania Petroleum,AGO,2025-07-08,44721,FIN-005
INV-11242,DISP-06900,OMC-007,Kobil,AGO,2026-06-28,31551,FIN-001
INV-86059,DISP-01027,OMC-018,Uganda National Oil,DPK,23/06/2025," KES 27,186 ",FIN-002
INV-82824,DISP-09782,OMC-010,Tamoil,DPK,2025-11-02,257799,FIN-005
INV-50142,DISP-04516,OMC-008,National Oil,JETA1,25/11/2025,45540,FIN-005
INV-13361,DISP-06787,OMC-007,Kobil,AGO,2026-03-01," KES 35,914 ",FIN-004
INV-32684,DISP-07284,OMC-014,Texol Energies,LUB,2026-01-05,60647,FIN-004
INV-26110,DISP-03583,OMC-006,Hashi Energy,PMS,2026-05-03,135357,FIN-001
INV-84100,DISP-07400,OMC-018,Uganda National Oil,JETA1,2025-12-08,78612,FIN-004
INV-27301,DISP-07076,OMC-020,Ethiopian Oil,DPK,,186738,FIN-003
INV-61089,DISP-04534,OMC-017,KAA Aviation,LPG,2026-02-20,63997,FIN-004
INV-83321,DISP-09192,OMC-012,Galana Energies,HFO,2026-04-22,232097,FIN-001
INV-14537,DISP-02410,OMC-003,Rubis Energy,LPG,2025-06-18,145837,FIN-004
INV-42955,DISP-06013,OMC-015,Mombasa Petroleum,LPG,2025-08-07,47397,FIN-004
INV-43257,DISP-08368,OMC-017,KAA Aviation,JETA1,2026-03-03,56909,FIN-004
INV-95115,DISP-00162,OMC-017,KAA Aviation,JETA1,2025-06-11,25960,FIN-001
INV-82251,DISP-06633,OMC-015,Mombasa Petroleum,JETA1,2026-01-06,42720,FIN-005
INV-14902,DISP-04480,OMC-009,Dalbit Petroleum,AGO,2025-02-02,151512,FIN-004
INV-72912,DISP-09112,OMC-011,Hass Petroleum,JETA1,2026-01-24,28933,FIN-003
INV-55037,DISP-01402,OMC-006,Hashi Energy,JETA1,2025-10-27,105489,FIN-004
INV-42085,DISP-06194,OMC-013,Lake Oil,LUB,2025-02-12,30510,FIN-003
INV-77104,DISP-01847,OMC-002,Vivo Energy,DPK,2025-08-25,180632,FIN-001
INV-48361,DISP-07012,OMC-005,PetroOil Kenya,DPK,2026-03-21,119608,FIN-001
INV-26645,DISP-09915,OMC-005,PetroOil Kenya,PMS,2026-02-20,143941,FIN-002
INV-22349,DISP-02685,OMC-008,National Oil,LUB,2025-10-18,141870,FIN-004
INV-15538,DISP-05399,OMC-010,Tamoil,LPG,2026-06-23,188403,FIN-004
INV-35172,DISP-04532,OMC-003,Rubis Energy,LPG,2026-04-01,192004,FIN-004
INV-87514,DISP-07886,OMC-008,National Oil,LUB,2026-05-10,250032,FIN-001
INV-41135,DISP-02025,OMC-013,Lake Oil,AGO,2025-02-08,30413,FIN-004
INV-88513,DISP-07985,OMC-004,Gulf Energy,LPG,14/04/2026,224438,FIN-002
INV-85136,DISP-02838,OMC-013,Lake Oil,LPG,2025-11-09,255802,FIN-001
INV-11174,DISP-09173,OMC-018,Uganda National Oil,LPG,2025-05-10,196911,FIN-001
INV-41791,DISP-07431,OMC-017,KAA Aviation,AGO,2025-07-13,190659,FIN-002
INV-20889,DISP-09354,OMC-010,Tamoil,JETA1,2026-06-30,62275,FIN-004
INV-45901,DISP-06617,OMC-002,Vivo Energy,HFO,2025-08-15,219336,FIN-001
INV-47660,DISP-07747,OMC-006,Hashi Energy,HFO,2025-12-18,197828,FIN-001
INV-31710,DISP-02230,OMC-009,Dalbit Petroleum,LPG,2025-07-04,175129,FIN-003
INV-69972,DISP-05716,OMC-006,Hashi Energy,LUB,2026-01-10,26863,FIN-005
INV-74941,DISP-09591,OMC-013,Lake Oil,AGO,01/01/2026,37796,FIN-003
INV-11203,DISP-04571,OMC-015,Mombasa Petroleum,PMS,2025-04-17,173293,FIN-001
INV-39038,DISP-00623,OMC-013,Lake Oil,DPK,2025-05-03,81892,FIN-002
INV-20160,DISP-09486,OMC-006,Hashi Energy,DPK,2025-01-12,141298,FIN-005
INV-26226,DISP-03556,OMC-013,Lake Oil,HFO,2025-12-04,91139,FIN-005
INV-52839,DISP-01461,OMC-008,National Oil,PMS,2025-09-12,177488,FIN-004
INV-51184,DISP-04084,OMC-001,TotalEnergies Kenya,LUB,2025-08-07,64260,FIN-003
INV-92693,DISP-08377,OMC-013,Lake Oil,PMS,2026-02-22,39883,FIN-002
INV-49758,DISP-07321,OMC-011,Hass Petroleum,JETA1,2025-09-14,22847,FIN-003
INV-66422,DISP-02729,OMC-013,Lake Oil,AGO,2025-03-04,92440,FIN-005
INV-54291,DISP-07995,OMC-010,Tamoil,PMS,2025-12-31,181350,FIN-003
INV-85221,DISP-09712,OMC-004,Gulf Energy,DPK,2026-02-14,158568,FIN-001
INV-51190,DISP-06373,OMC-001,TotalEnergies Kenya,AGO,2025-03-14,174605,FIN-005
INV-74662,DISP-07457,OMC-008,National Oil,LPG,,187847,FIN-001
INV-44820,DISP-00447,OMC-014,Texol Energies,LPG,2025-11-25,30853,FIN-004
INV-34983,DISP-04066,OMC-017,KAA Aviation,PMS,2025-11-07,206299,FIN-005
INV-82049,DISP-07099,OMC-011,Hass Petroleum,LPG,2026-05-14,190304,FIN-003
INV-23437,DISP-05729,OMC-001,TotalEnergies Kenya,JETA1,2025-12-27,31892,FIN-005
INV-62979,DISP-06054,OMC-003,Rubis Energy,AGO,2025-02-13,99090,FIN-005
INV-57394,DISP-02480,OMC-017,KAA Aviation,LUB,2025-07-13,36978,FIN-005
INV-12730,DISP-03843,OMC-006,Hashi Energy,LPG,2025-02-19,180164,FIN-003
INV-36772,DISP-01393,OMC-014,Texol Energies,LUB,2025-08-30,250273,FIN-005
INV-65695,DISP-03839,OMC-001,TotalEnergies Kenya,HFO,2026-04-18,33263,FIN-001
INV-63510,DISP-01246,OMC-007,Kobil,LUB,2026-06-25,225681,FIN-001
INV-24252,DISP-07134,OMC-016,KPA Marine,AGO,2025-10-16,138171,FIN-003
INV-35781,DISP-01389,OMC-018,Uganda National Oil,JETA1,2026-04-01,52522,FIN-002
INV-70437,DISP-03845,OMC-003,Rubis Energy,LPG,2026-06-03,211995,FIN-002
INV-38584,DISP-07293,OMC-017,KAA Aviation,LPG,2025-05-29,225152,FIN-004
INV-69566,DISP-05240,OMC-015,Mombasa Petroleum,AGO,2025-06-13,174432,FIN-005
INV-57479,DISP-07685,OMC-007,Kobil,AGO,2025-01-14,46192,FIN-003
INV-97337,DISP-00293,OMC-002,Vivo Energy,AGO,2026-05-14,161876,FIN-005
INV-72503,DISP-01458,OMC-009,Dalbit Petroleum,PMS,2025-10-15,241712,FIN-004
INV-85408,DISP-05008,OMC-015,Mombasa Petroleum,DPK,2025-04-01," KES 37,442 ",FIN-004
INV-24328,DISP-02717,OMC-012,Galana Energies,LPG,2026-04-23,475480,FIN-004
INV-82999,DISP-08940,OMC-012,Galana Energies,LPG,2026-02-07,280869,FIN-002
INV-84097,DISP-07802,OMC-001,TotalEnergies Kenya,AGO,2025-01-02,105207,FIN-002
INV-30241,DISP-00304,OMC-005,PetroOil Kenya,HFO,2026-04-17," KES 166,989 ",FIN-001
INV-88854,DISP-02802,OMC-011,Hass Petroleum,DPK,2025-05-13,150889,FIN-005
INV-18486,DISP-05300,OMC-012,Galana Energies,HFO,2026-04-27,25376,FIN-005
INV-38737,DISP-09957,OMC-017,KAA Aviation,AGO,2025-08-26,34296,FIN-005
INV-25759,DISP-01302,OMC-006,Hashi Energy,DPK,2025-12-12,34416,FIN-001
INV-87149,DISP-00833,OMC-006,Hashi Energy,DPK,2025-02-06,154152,FIN-001
INV-86500,DISP-03108,OMC-007,Kobil,HFO,2025-07-19,43292,FIN-004
INV-45225,DISP-01012,OMC-004,Gulf Energy,LPG,2026-04-24,28786,FIN-003
INV-86194,DISP-08199,OMC-011,Hass Petroleum,LUB,2026-04-29,158025,FIN-001
INV-88329,DISP-02117,OMC-001,TotalEnergies Kenya,AGO,2025-04-20,164714,FIN-005
INV-75429,DISP-00230,OMC-003,Rubis Energy,DPK,04/05/2026,108219,FIN-003
INV-16654,DISP-03153,OMC-016,KPA Marine,DPK,2025-02-19,49833,FIN-002
INV-12305,DISP-08180,OMC-004,Gulf Energy,LPG,2026-04-28,136324,FIN-004
INV-26403,DISP-02336,OMC-012,Galana Energies,HFO,,59785,FIN-004
INV-23266,DISP-04699,OMC-016,KPA Marine,PMS,2025-01-03,97266,FIN-001
INV-35443,DISP-04635,OMC-020,Ethiopian Oil,LUB,2026-01-01,141215,FIN-003
INV-29571,DISP-07982,OMC-008,National Oil,HFO,2026-02-10,54568,FIN-005
INV-78669,DISP-02980,OMC-001,TotalEnergies Kenya,PMS,2025-01-12,92473,FIN-005
INV-66695,DISP-03622,OMC-010,Tamoil,DPK,29/06/2026,39635,FIN-003
INV-33526,DISP-04333,OMC-016,KPA Marine,LPG,2026-04-19,262851,FIN-002
INV-64665,DISP-01635,OMC-020,Ethiopian Oil,LUB,2025-08-08,174875,FIN-001
INV-43774,DISP-08891,OMC-020,Ethiopian Oil,JETA1,2025-02-13,53328,FIN-002
INV-20455,DISP-06878,OMC-015,Mombasa Petroleum,PMS,2025-05-19,61742,FIN-001
INV-36622,DISP-05209,OMC-015,Mombasa Petroleum,LPG,2025-09-24,32582,FIN-001
INV-83827,DISP-05610,OMC-015,Mombasa Petroleum,HFO,2026-01-12,109631,FIN-005
INV-93316,DISP-07347,OMC-017,KAA Aviation,HFO,2026-07-05," KES 174,789 ",FIN-003
INV-18049,DISP-01201,OMC-015,Mombasa Petroleum,DPK,2026-06-06,178427,FIN-001
INV-33990,DISP-08797,OMC-017,KAA Aviation,AGO,2025-07-23,41081,FIN-004
INV-29028,DISP-08952,OMC-009,Dalbit Petroleum,AGO,2025-05-25,166504,FIN-002
INV-35979,DISP-08354,OMC-016,KPA Marine,LPG,2025-07-01,227339,FIN-002
INV-73069,DISP-03260,OMC-007,Kobil,JETA1,2025-08-08,167716,FIN-005
INV-15202,DISP-04570,OMC-015,Mombasa Petroleum,LPG,2025-08-01,226921,FIN-002
INV-17258,DISP-07602,OMC-001,TotalEnergies Kenya,DPK,2025-07-28,211813,FIN-001
INV-79531,DISP-06822,OMC-010,Tamoil,LPG,2025-04-04,229969,FIN-004
INV-98373,DISP-02809,OMC-010,Tamoil,LPG,2025-06-12,204729,FIN-004
INV-35023,DISP-04302,OMC-017,KAA Aviation,JETA1,2025-07-16,116056,FIN-003
INV-84903,DISP-08893,OMC-014,Texol Energies,JETA1,2025-04-17,34510,FIN-004
INV-81208,DISP-03129,OMC-017,KAA Aviation,LUB,2025-08-30,215056,FIN-005
INV-15038,DISP-04381,OMC-005,PetroOil Kenya,PMS,2026-02-24,261290,FIN-004
INV-95686,DISP-05594,OMC-007,Kobil,LPG,2025-11-22,185921,FIN-002
INV-30773,DISP-09643,OMC-015,Mombasa Petroleum,PMS,2026-06-01,57541,FIN-005
INV-84583,DISP-04406,OMC-016,KPA Marine,LUB,2025-06-06,143769,FIN-001
INV-10541,DISP-02714,OMC-001,TotalEnergies Kenya,DPK,2025-04-18,150051,FIN-005
INV-10908,DISP-06871,OMC-007,Kobil,LPG,2025-04-28,236808,FIN-005
INV-50223,DISP-01787,OMC-018,Uganda National Oil,AGO,2025-03-27,41624,FIN-002
INV-91941,DISP-05569,OMC-009,Dalbit Petroleum,HFO,2026-01-05,106884,FIN-004
INV-72972,DISP-02499,OMC-002,Vivo Energy,DPK,2025-04-30,175901,FIN-002
INV-46473,DISP-04300,OMC-017,KAA Aviation,LPG,2025-11-11,60059,FIN-001
INV-41752,DISP-08288,OMC-020,Ethiopian Oil,LPG,24/10/2025,238812,FIN-003
INV-91276,DISP-07241,OMC-016,KPA Marine,DPK,,133607,FIN-003
INV-62525,DISP-04020,OMC-020,Ethiopian Oil,HFO,2026-03-21,197212,FIN-004
INV-97271,DISP-05636,OMC-019,Tanzania Petroleum,LPG,2026-01-03,207261,FIN-003
INV-92901,DISP-07049,OMC-016,KPA Marine,HFO,2026-05-18,171163,FIN-002
INV-15119,DISP-02618,OMC-003,Rubis Energy,AGO,2025-08-25," KES 111,468 ",FIN-004
INV-64755,DISP-00284,OMC-019,Tanzania Petroleum,JETA1,2025-12-24,24792,FIN-004
INV-73062,DISP-00199,OMC-014,Texol Energies,JETA1,2025-06-27,22138,FIN-005
INV-38417,DISP-07932,OMC-016,KPA Marine,PMS,2025-07-03,26895,FIN-001
INV-34891,DISP-09427,OMC-017,KAA Aviation,LUB,2026-05-16,26045,FIN-005
INV-47083,DISP-01833,OMC-015,Mombasa Petroleum,PMS,2025-02-07,188065,FIN-003
INV-69939,DISP-07470,OMC-010,Tamoil,LPG,,103029,FIN-003
INV-46638,DISP-01519,OMC-015,Mombasa Petroleum,LUB,2026-02-12,62461,FIN-004
INV-53093,DISP-00840,OMC-018,Uganda National Oil,LUB,2026-04-18,136108,FIN-003
INV-98369,DISP-02008,OMC-006,Hashi Energy,DPK,2025-01-18,190173,FIN-003
INV-88473,DISP-02746,OMC-007,Kobil,LUB,2025-06-18,164940,FIN-003
INV-31681,DISP-05357,OMC-006,Hashi Energy,HFO,2025-08-28,185019,FIN-001
INV-12104,DISP-00575,OMC-020,Ethiopian Oil,LPG,2025-03-11,290531,FIN-002
INV-99482,DISP-01537,OMC-017,KAA Aviation,LPG,2026-03-19,152994,FIN-005
INV-96109,DISP-05598,OMC-003,Rubis Energy,LPG,2026-05-15,170548,FIN-004
INV-82667,DISP-00027,OMC-020,Ethiopian Oil,LPG,28/11/2025,175076,FIN-005
INV-96176,DISP-00716,OMC-013,Lake Oil,AGO,2026-05-28,37235,FIN-002
INV-75634,DISP-05223,OMC-016,KPA Marine,LUB,2025-07-19," KES 30,462 ",FIN-004
INV-57104,DISP-01810,OMC-019,Tanzania Petroleum,LPG,2026-05-06,24829,FIN-005
INV-52401,DISP-00254,OMC-007,Kobil,HFO,2025-02-05,133134,FIN-005
INV-28052,DISP-02203,OMC-011,Hass Petroleum,LPG,2026-01-09,30660,FIN-005
INV-68288,DISP-07469,OMC-006,Hashi Energy,LPG,22/08/2025,244866,FIN-001
INV-30543,DISP-06916,OMC-011,Hass Petroleum,HFO,2025-10-27,109381,FIN-002
INV-40361,DISP-08573,OMC-019,Tanzania Petroleum,LPG,2025-02-04,21399,FIN-002
INV-88770,DISP-02048,OMC-010,Tamoil,LUB,2025-01-29,274359,FIN-001
INV-69507,DISP-09578,OMC-019,Tanzania Petroleum,DPK,2025-01-24,164104,FIN-004
INV-83030,DISP-01138,OMC-001,TotalEnergies Kenya,LUB,2025-08-11,25220,FIN-002
INV-91995,DISP-03973,OMC-018,Uganda National Oil,JETA1,2026-03-16,296339,FIN-004
INV-45752,DISP-03906,OMC-017,KAA Aviation,DPK,2025-07-08,155450,FIN-005
INV-73429,DISP-09777,OMC-016,KPA Marine,AGO,2026-01-20,154383,FIN-003
INV-21917,DISP-02597,OMC-019,Tanzania Petroleum,PMS,2025-11-30,49295,FIN-005
INV-76900,DISP-09361,OMC-001,TotalEnergies Kenya,DPK,2025-09-16,50451,FIN-003
INV-84741,DISP-09073,OMC-017,KAA Aviation,PMS,2026-06-18,215150,FIN-001
INV-25930,DISP-02484,OMC-019,Tanzania Petroleum,JETA1,2026-02-23,137846,FIN-002
INV-48838,DISP-01434,OMC-020,Ethiopian Oil,JETA1,23/05/2025,24096,FIN-001
INV-84262,DISP-05838,OMC-020,Ethiopian Oil,AGO,2025-10-08,162503,FIN-004
INV-25248,DISP-01216,OMC-006,Hashi Energy,LPG,2025-08-26,24713,FIN-005
INV-86063,DISP-05106,OMC-004,Gulf Energy,JETA1,2026-03-19,149924,FIN-001
INV-91283,DISP-06613,OMC-013,Lake Oil,JETA1,2025-01-30,94633,FIN-003
INV-95077,DISP-00976,OMC-004,Gulf Energy,JETA1,2026-03-12," KES 266,555 ",FIN-005
INV-56629,DISP-06815,OMC-016,KPA Marine,JETA1,2026-04-27,228589,FIN-002
INV-60303,DISP-07686,OMC-010,Tamoil,AGO,2025-07-18,21733,FIN-005
INV-74026,DISP-04230,OMC-013,Lake Oil,HFO,2026-03-06,43012,FIN-003
INV-19525,DISP-03705,OMC-015,Mombasa Petroleum,AGO,2025-02-17,226039,FIN-001
INV-59617,DISP-04548,OMC-006,Hashi Energy,DPK,2025-06-14,149725,FIN-003
INV-10440,DISP-00806,OMC-009,Dalbit Petroleum,LPG,13/01/2026,47712,FIN-001
INV-33516,DISP-02139,OMC-003,Rubis Energy,LPG,2025-10-22," KES 48,070 ",FIN-003
INV-37881,DISP-00065,OMC-014,Texol Energies,PMS,2025-06-10,100223,FIN-001
INV-14162,DISP-02606,OMC-014,Texol Energies,AGO,2025-10-18,146613,FIN-001
INV-50877,DISP-06185,OMC-007,Kobil,JETA1,2025-12-30,244909,FIN-005
INV-58713,DISP-01009,OMC-004,Gulf Energy,LUB,2026-03-20,116387,FIN-001
INV-22872,DISP-04820,OMC-012,Galana Energies,LPG,2026-03-31,199492,FIN-005
INV-97527,DISP-03102,OMC-003,Rubis Energy,AGO,2025-11-27,275743,FIN-001
INV-60043,DISP-06971,OMC-007,Kobil,PMS,2026-03-18,40923,FIN-005
INV-12618,DISP-00696,OMC-008,National Oil,DPK,2025-06-30,61874,FIN-005
INV-63876,DISP-06290,OMC-010,Tamoil,AGO,2025-09-14,136102,FIN-004
INV-79695,DISP-03207,OMC-010,Tamoil,AGO,2025-02-25,244376,FIN-001
INV-62958,DISP-08304,OMC-012,Galana Energies,LUB,2026-03-01,242904,FIN-005
INV-31172,DISP-03567,OMC-002,Vivo Energy,DPK,2025-02-06,215400,FIN-001
INV-41606,DISP-02715,OMC-009,Dalbit Petroleum,LPG,2025-11-03,192601,FIN-003
INV-72047,DISP-05289,OMC-009,Dalbit Petroleum,JETA1,2025-12-31,129823,FIN-003
INV-44566,DISP-03956,OMC-001,TotalEnergies Kenya,LPG,2025-05-31,36941,FIN-002
INV-43377,DISP-07216,OMC-003,Rubis Energy,LUB,2025-06-18,115278,FIN-001
INV-81993,DISP-00267,OMC-015,Mombasa Petroleum,LPG,2025-03-22,196160,FIN-003
INV-50033,DISP-09677,OMC-016,KPA Marine,DPK,2026-01-15,271671,FIN-002
INV-82350,DISP-00793,OMC-015,Mombasa Petroleum,JETA1,2025-02-04,279489,FIN-003
INV-20184,DISP-07034,OMC-002,Vivo Energy,AGO,2025-09-03,237448,FIN-002
INV-93038,DISP-05761,OMC-007,Kobil,AGO,2026-07-06,106298,FIN-003
INV-15737,DISP-01759,OMC-019,Tanzania Petroleum,LUB,2025-12-29,32014,FIN-002
INV-22163,DISP-03243,OMC-003,Rubis Energy,PMS,2026-06-02,129695,FIN-004
INV-83518,DISP-06329,OMC-013,Lake Oil,PMS,2025-08-09,33177,FIN-002
INV-51919,DISP-09153,OMC-003,Rubis Energy,JETA1,2025-08-05,271753,FIN-002
INV-52013,DISP-00352,OMC-007,Kobil,LUB,2025-01-07,294508,FIN-004
INV-35031,DISP-03163,OMC-009,Dalbit Petroleum,JETA1,09/02/2025,26351,FIN-005
INV-51572,DISP-00441,OMC-002,Vivo Energy,PMS,2025-09-15,58790,FIN-005
INV-63437,DISP-06126,OMC-014,Texol Energies,JETA1,2026-02-22,132137,FIN-005
INV-29040,DISP-06699,OMC-001,TotalEnergies Kenya,PMS,2025-07-15,36994,FIN-002
INV-52602,DISP-06685,OMC-019,Tanzania Petroleum,LUB,2025-05-08,44527,FIN-003
INV-14403,DISP-03236,OMC-017,KAA Aviation,LPG,2026-02-10,106722,FIN-002
INV-29129,DISP-02702,OMC-019,Tanzania Petroleum,HFO,2025-11-10,146102,FIN-001
INV-60338,DISP-04649,OMC-014,Texol Energies,DPK,2025-08-22,44647,FIN-001
INV-94321,DISP-04631,OMC-007,Kobil,LPG,2025-01-23,129205,FIN-002
INV-18320,DISP-05492,OMC-006,Hashi Energy,LPG,2025-05-13,53453,FIN-004
INV-44420,DISP-05440,OMC-017,KAA Aviation,AGO,2025-05-17,124346,FIN-004
INV-53108,DISP-08515,OMC-004,Gulf Energy,DPK,2026-04-05,62190,FIN-003
INV-16900,DISP-04160,OMC-012,Galana Energies,LPG,2026-02-18,194262,FIN-001
INV-73384,DISP-06325,OMC-010,Tamoil,PMS,,226732,FIN-001
INV-19770,DISP-08995,OMC-001,TotalEnergies Kenya,LUB,2025-10-21," KES 164,629 ",FIN-004
INV-76692,DISP-08024,OMC-017,KAA Aviation,LUB,2025-06-12,59389,FIN-001
INV-75911,DISP-04499,OMC-019,Tanzania Petroleum,DPK,2025-08-12,24237,FIN-004
INV-48270,DISP-01470,OMC-003,Rubis Energy,LUB,2026-04-30,39663,FIN-003
INV-13114,DISP-06333,OMC-016,KPA Marine,HFO,2025-02-24,262095,FIN-001
INV-80616,DISP-02707,OMC-005,PetroOil Kenya,HFO,2026-04-16,260851,FIN-005
INV-27891,DISP-00682,OMC-019,Tanzania Petroleum,DPK,30/10/2025,135153,FIN-002
INV-27328,DISP-04505,OMC-001,TotalEnergies Kenya,DPK,2026-02-22,276720,FIN-004
INV-23388,DISP-01342,OMC-004,Gulf Energy,DPK,2026-04-08,61746,FIN-005
INV-30797,DISP-07692,OMC-014,Texol Energies,JETA1,2025-02-27," KES 162,895 ",FIN-001
INV-85234,DISP-03821,OMC-002,Vivo Energy,AGO,2025-11-30,51731,FIN-002
INV-67554,DISP-08088,OMC-012,Galana Energies,HFO,2026-03-02,48949,FIN-003
INV-26952,DISP-05511,OMC-019,Tanzania Petroleum,LUB,,58700,FIN-002
INV-86929,DISP-05161,OMC-001,TotalEnergies Kenya,LUB,2025-01-16,45229,FIN-003
INV-43772,DISP-07744,OMC-015,Mombasa Petroleum,HFO,2025-04-24,175186,FIN-002
INV-84626,DISP-03328,OMC-003,Rubis Energy,DPK,2025-02-17,20853,FIN-003
INV-17825,DISP-04959,OMC-013,Lake Oil,JETA1,2025-03-11,25183,FIN-002
INV-79218,DISP-03428,OMC-019,Tanzania Petroleum,DPK,2025-02-16,21877,FIN-002
INV-71374,DISP-06415,OMC-014,Texol Energies,LPG,2025-12-02,152860,FIN-005
INV-29256,DISP-08927,OMC-011,Hass Petroleum,PMS,2025-09-12,29632,FIN-005
INV-36076,DISP-02752,OMC-002,Vivo Energy,JETA1,2025-02-23,129270,FIN-005
INV-81346,DISP-05480,OMC-008,National Oil,PMS,2025-05-02,60767,FIN-003
INV-14007,DISP-01761,OMC-005,PetroOil Kenya,DPK,2026-04-15,184040,FIN-004
INV-18911,DISP-09800,OMC-003,Rubis Energy,DPK,2025-01-21,241799,FIN-003
INV-92425,DISP-03665,OMC-013,Lake Oil,PMS,2025-10-24," KES 150,145 ",FIN-003
INV-15131,DISP-00301,OMC-019,Tanzania Petroleum,AGO,2026-06-22,49495,FIN-002
INV-41029,DISP-03472,OMC-008,National Oil,AGO,2025-12-21,177571,FIN-001
INV-32182,DISP-00526,OMC-019,Tanzania Petroleum,AGO,2026-01-09,59419,FIN-004
INV-53768,DISP-00889,OMC-002,Vivo Energy,JETA1,2025-07-25,182376,FIN-002
INV-67590,DISP-09182,OMC-005,PetroOil Kenya,JETA1,2026-04-14," KES 27,398 ",FIN-001
INV-33738,DISP-00903,OMC-011,Hass Petroleum,JETA1,2025-08-28,219576,FIN-005
INV-35973,DISP-02038,OMC-016,KPA Marine,DPK,2025-08-24,211911,FIN-001
INV-27433,DISP-01695,OMC-003,Rubis Energy,HFO,2026-06-08,40058,FIN-002
INV-99506,DISP-04629,OMC-005,PetroOil Kenya,JETA1,2026-03-28,81004,FIN-004
INV-84427,DISP-07987,OMC-002,Vivo Energy,LUB,2025-06-14,189009,FIN-004
INV-30309,DISP-08463,OMC-006,Hashi Energy,AGO,2025-05-28,173104,FIN-003
INV-84179,DISP-02627,OMC-015,Mombasa Petroleum,JETA1,2025-07-09,145159,FIN-002
INV-12385,DISP-02081,OMC-003,Rubis Energy,LUB,2025-04-19,95667,FIN-001
INV-26326,DISP-03592,OMC-001,TotalEnergies Kenya,HFO,2025-04-26,136727,FIN-003
INV-37134,DISP-05790,OMC-014,Texol Energies,PMS,2025-04-28,205135,FIN-004
INV-22219,DISP-07888,OMC-001,TotalEnergies Kenya,PMS,2025-10-16,215684,FIN-004
INV-77910,DISP-09890,OMC-018,Uganda National Oil,HFO,2025-10-11,39529,FIN-002
INV-12054,DISP-06569,OMC-007,Kobil,LUB,2025-04-17,187318,FIN-002
INV-33642,DISP-07766,OMC-011,Hass Petroleum,LUB,2025-10-08,21864,FIN-005
INV-43633,DISP-01248,OMC-007,Kobil,AGO,2026-01-28,113987,FIN-001
INV-32369,DISP-01929,OMC-008,National Oil,LPG,2025-06-25,106206,FIN-001
INV-76564,DISP-00446,OMC-019,Tanzania Petroleum,LPG,2026-06-03,45432,FIN-004
INV-65667,DISP-09309,OMC-008,National Oil,HFO,2025-08-18,237561,FIN-004
INV-94638,DISP-03641,OMC-009,Dalbit Petroleum,DPK,2025-04-21,145015,FIN-001
INV-28605,DISP-06025,OMC-010,Tamoil,JETA1,2025-07-24,48347,FIN-002
INV-93880,DISP-02455,OMC-006,Hashi Energy,DPK,13/11/2025,251861,FIN-004
INV-39596,DISP-02699,OMC-003,Rubis Energy,PMS,2025-05-18,49379,FIN-005
INV-58843,DISP-08632,OMC-018,Uganda National Oil,JETA1,2025-07-26,205239,FIN-004
INV-63513,DISP-01337,OMC-009,Dalbit Petroleum,PMS,2025-08-07,28375,FIN-004
INV-41236,DISP-08913,OMC-014,Texol Energies,JETA1,2025-12-18,120960,FIN-005
INV-58351,DISP-03350,OMC-001,TotalEnergies Kenya,LUB,2026-06-30,178305,FIN-003
INV-55430,DISP-02003,OMC-001,TotalEnergies Kenya,LUB,2025-07-27,257790,FIN-005
INV-37043,DISP-00765,OMC-003,Rubis Energy,PMS,2026-03-13,157867,FIN-001
INV-65544,DISP-01630,OMC-018,Uganda National Oil,AGO,," KES 142,305 ",FIN-004
INV-38128,DISP-00399,OMC-008,National Oil,LUB,2025-04-26,35623,FIN-005
INV-59747,DISP-02108,OMC-003,Rubis Energy,AGO,2026-05-15," KES 115,090 ",FIN-005
INV-59712,DISP-00306,OMC-001,TotalEnergies Kenya,AGO,2026-01-23,51944,FIN-002
INV-80120,DISP-01574,OMC-005,PetroOil Kenya,PMS,2026-05-04,53454,FIN-004
INV-93364,DISP-08229,OMC-018,Uganda National Oil,AGO,21/12/2025,290575,FIN-005
INV-64589,DISP-03731,OMC-018,Uganda National Oil,LPG,2025-05-14,44836,FIN-002
INV-51435,DISP-04144,OMC-012,Galana Energies,HFO,2026-04-22,64921,FIN-002
INV-97894,DISP-04326,OMC-015,Mombasa Petroleum,PMS,2026-03-11,64639,FIN-001
INV-19171,DISP-02014,OMC-002,Vivo Energy,HFO,2026-01-06,210668,FIN-005
INV-94166,DISP-05847,OMC-014,Texol Energies,DPK,2025-07-01,117000,FIN-004
INV-34402,DISP-05948,OMC-011,Hass Petroleum,LPG,2025-07-23,260027,FIN-004
INV-15979,DISP-09811,OMC-005,PetroOil Kenya,LPG,2026-04-05,57385,FIN-004
INV-30592,DISP-06112,OMC-014,Texol Energies,PMS,,53892,FIN-001
INV-74433,DISP-05443,OMC-001,TotalEnergies Kenya,LUB,2025-02-23,222534,FIN-004
INV-82777,DISP-09131,OMC-009,Dalbit Petroleum,LUB,2025-07-07,49430,FIN-005
INV-78069,DISP-08637,OMC-007,Kobil,LUB,2025-12-26,195858,FIN-005
INV-21217,DISP-01528,OMC-003,Rubis Energy,JETA1,2025-02-10,71577,FIN-003
INV-53817,DISP-02567,OMC-004,Gulf Energy,LPG,2026-03-31,517281,FIN-004
INV-62381,DISP-00856,OMC-011,Hass Petroleum,LPG,2025-01-22,153659,FIN-005
INV-73566,DISP-04366,OMC-016,KPA Marine,LPG,2025-06-01,56429,FIN-002
INV-58232,DISP-04514,OMC-003,Rubis Energy,PMS,,58495,FIN-004
INV-93086,DISP-02169,OMC-009,Dalbit Petroleum,AGO,2025-10-11,164392,FIN-001
INV-21337,DISP-06199,OMC-009,Dalbit Petroleum,AGO,2026-06-25,192033,FIN-004
INV-42417,DISP-05252,OMC-002,Vivo Energy,JETA1,2026-03-08,289314,FIN-004
INV-89149,DISP-06983,OMC-011,Hass Petroleum,LUB,2025-08-20,130700,FIN-002
INV-40388,DISP-08048,OMC-012,Galana Energies,DPK,2026-04-28,51352,FIN-002
INV-55931,DISP-06085,OMC-004,Gulf Energy,LPG,2026-03-05,86125,FIN-003
INV-93877,DISP-00538,OMC-005,PetroOil Kenya,AGO,2026-02-22,109465,FIN-002
INV-82001,DISP-08876,OMC-011,Hass Petroleum,LUB,2026-06-17,199174,FIN-003
INV-61820,DISP-08534,OMC-001,TotalEnergies Kenya,AGO,2026-02-28,253148,FIN-005
INV-71253,DISP-02604,OMC-018,Uganda National Oil,AGO,2026-05-22,44960,FIN-005
INV-86438,DISP-01545,OMC-016,KPA Marine,LPG,2025-11-04,44126,FIN-002
INV-56908,DISP-06125,OMC-003,Rubis Energy,LUB,2025-10-26,156117,FIN-005
INV-73093,DISP-09208,OMC-006,Hashi Energy,DPK,2026-05-27,274916,FIN-002
INV-88490,DISP-07770,OMC-007,Kobil,AGO,2025-11-14,218680,FIN-005
INV-75745,DISP-01307,OMC-013,Lake Oil,LUB,2026-05-11,192402,FIN-003
INV-39179,DISP-07225,OMC-003,Rubis Energy,HFO,2025-08-24,201378,FIN-001
INV-38882,DISP-02792,OMC-014,Texol Energies,LPG,2025-07-18,59377,FIN-005
INV-22936,DISP-08743,OMC-016,KPA Marine,LUB,2025-03-29,146683,FIN-001
INV-82244,DISP-06027,OMC-020,Ethiopian Oil,HFO,2025-08-29,38253,FIN-002
INV-82194,DISP-07368,OMC-005,PetroOil Kenya,DPK,2026-04-18,30817,FIN-005
INV-74028,DISP-05985,OMC-012,Galana Energies,DPK,2026-04-01,137420,FIN-004
INV-51130,DISP-06282,OMC-014,Texol Energies,PMS,2025-04-11,200600,FIN-004
INV-28522,DISP-07626,OMC-012,Galana Energies,JETA1,2026-04-22,50084,FIN-002
INV-85238,DISP-08923,OMC-004,Gulf Energy,DPK,2026-03-19,59248,FIN-003
INV-38933,DISP-00216,OMC-014,Texol Energies,LPG,2025-07-31,24577,FIN-003
INV-21358,DISP-04108,OMC-009,Dalbit Petroleum,HFO,2026-06-09,29370,FIN-005
INV-68714,DISP-02222,OMC-019,Tanzania Petroleum,PMS,2026-02-22,36778,FIN-001
INV-99962,DISP-07387,OMC-009,Dalbit Petroleum,LPG,2025-02-25,126003,FIN-001
INV-53018,DISP-06336,OMC-018,Uganda National Oil,LPG,2026-03-25,107834,FIN-003
INV-83589,DISP-01873,OMC-008,National Oil,DPK,2025-07-26,50155,FIN-004
INV-95542,DISP-02761,OMC-009,Dalbit Petroleum,LUB,2025-05-28," KES 40,855 ",FIN-003
INV-14666,DISP-08964,OMC-011,Hass Petroleum,HFO,2026-01-10,56800,FIN-002
INV-78591,DISP-04453,OMC-013,Lake Oil,JETA1,2025-12-21," KES 33,961 ",FIN-005
INV-80759,DISP-02625,OMC-003,Rubis Energy,LPG,2026-04-23,185171,FIN-004
INV-96386,DISP-09204,OMC-009,Dalbit Petroleum,PMS,2025-07-07,47877,FIN-003
INV-49872,DISP-04913,OMC-007,Kobil,HFO,2025-02-09,96630,FIN-001
INV-86561,DISP-05660,OMC-013,Lake Oil,AGO,2026-04-14,164688,FIN-003
INV-37477,DISP-06073,OMC-009,Dalbit Petroleum,AGO,2025-04-18,35301,FIN-001
INV-97202,DISP-01365,OMC-005,PetroOil Kenya,LPG,2026-05-02,252086,FIN-003
INV-12635,DISP-07025,OMC-013,Lake Oil,LPG,17/03/2025,23678,FIN-001
INV-23904,DISP-09535,OMC-017,KAA Aviation,LPG,2026-04-19,147098,FIN-003
INV-40960,DISP-07229,OMC-011,Hass Petroleum,PMS,2026-07-04,305740,FIN-002
INV-22392,DISP-06829,OMC-012,Galana Energies,HFO,2026-04-11,129220,FIN-001
INV-11420,DISP-08816,OMC-002,Vivo Energy,PMS,2025-11-28,26967,FIN-005
INV-33610,DISP-07370,OMC-006,Hashi Energy,DPK,2026-06-05,31414,FIN-005
INV-63545,DISP-02335,OMC-010,Tamoil,JETA1,2025-04-27,266486,FIN-003
INV-47023,DISP-04600,OMC-016,KPA Marine,AGO,,45311,FIN-001
INV-62966,DISP-07949,OMC-006,Hashi Energy,PMS,2025-07-10,226561,FIN-001
INV-20389,DISP-08494,OMC-007,Kobil,AGO,2026-05-11,106703,FIN-005
INV-97578,DISP-09885,OMC-001,TotalEnergies Kenya,DPK,2026-04-26,227425,FIN-003
INV-32506,DISP-06640,OMC-014,Texol Energies,LUB,2026-07-01,210197,FIN-005
INV-40305,DISP-02459,OMC-016,KPA Marine,AGO,2025-11-30,233978,FIN-003
INV-73221,DISP-07060,OMC-003,Rubis Energy,DPK,2026-01-19,55345,FIN-002
INV-67480,DISP-03558,OMC-015,Mombasa Petroleum,HFO,2025-09-12,278338,FIN-002
INV-64512,DISP-08680,OMC-003,Rubis Energy,HFO,2025-06-04,158373,FIN-001
INV-34625,DISP-07052,OMC-012,Galana Energies,PMS,2026-04-17,39133,FIN-001
INV-30515,DISP-04717,OMC-016,KPA Marine,LUB,2025-02-26,47535,FIN-003
INV-22794,DISP-05481,OMC-010,Tamoil,JETA1,2025-11-14,55968,FIN-003
INV-99203,DISP-07489,OMC-004,Gulf Energy,LPG,2026-04-02," KES 189,781 ",FIN-001
INV-29291,DISP-08521,OMC-007,Kobil,LUB,2025-03-03,35182,FIN-005
INV-94842,DISP-09948,OMC-009,Dalbit Petroleum,HFO,2026-04-12,285466,FIN-002
INV-42571,DISP-04023,OMC-017,KAA Aviation,PMS,2026-06-24,62621,FIN-005
INV-90927,DISP-09156,OMC-018,Uganda National Oil,PMS,2025-02-11,187423,FIN-002
INV-96423,DISP-01441,OMC-007,Kobil,LUB,2025-09-03," KES 281,725 ",FIN-002
INV-65844,DISP-04588,OMC-020,Ethiopian Oil,LUB,2026-05-02," KES 26,130 ",FIN-004
INV-65871,DISP-01438,OMC-004,Gulf Energy,DPK,2026-02-10,35569,FIN-002
INV-19892,DISP-02078,OMC-011,Hass Petroleum,AGO,2025-12-27,252010,FIN-005
INV-99206,DISP-07521,OMC-017,KAA Aviation,JETA1,2026-01-23,48172,FIN-005
INV-32618,DISP-00175,OMC-003,Rubis Energy,JETA1,2026-04-18,42682,FIN-002
INV-39716,DISP-05087,OMC-015,Mombasa Petroleum,DPK,2025-02-12,214809,FIN-003
INV-22842,DISP-05298,OMC-010,Tamoil,JETA1,2025-11-06,161763,FIN-003
INV-31172,DISP-03954,OMC-015,Mombasa Petroleum,AGO,2025-04-24,144972,FIN-003
INV-37395,DISP-07257,OMC-020,Ethiopian Oil,DPK,2026-04-29,214262,FIN-003
INV-37073,DISP-07725,OMC-001,TotalEnergies Kenya,AGO,2025-12-06,203797,FIN-002
INV-86142,DISP-05596,OMC-007,Kobil,LUB,2026-02-13,51069,FIN-005
INV-25040,DISP-08902,OMC-013,Lake Oil,DPK,08/01/2026,291035,FIN-003
INV-34558,DISP-06269,OMC-002,Vivo Energy,HFO,2025-09-12,264897,FIN-001
INV-70164,DISP-09899,OMC-001,TotalEnergies Kenya,LPG,,174610,FIN-003
INV-32206,DISP-06240,OMC-008,National Oil,PMS,2025-09-14,261471,FIN-001
INV-90268,DISP-06206,OMC-004,Gulf Energy,DPK,2026-04-29,131152,FIN-003
INV-14371,DISP-05083,OMC-002,Vivo Energy,AGO,2025-07-25,259971,FIN-001
INV-68157,DISP-00096,OMC-017,KAA Aviation,DPK,2025-09-08,44554,FIN-003
INV-86108,DISP-06450,OMC-003,Rubis Energy,DPK,2025-08-23,146612,FIN-001
INV-57448,DISP-08808,OMC-002,Vivo Energy,AGO,2025-10-10,293319,FIN-001
INV-46285,DISP-04523,OMC-020,Ethiopian Oil,PMS,2026-04-06,37398,FIN-003
INV-38890,DISP-05518,OMC-007,Kobil,DPK,2026-01-25,275927,FIN-005
INV-23077,DISP-08238,OMC-013,Lake Oil,HFO,2025-04-06," KES 129,196 ",FIN-005
INV-88212,DISP-08223,OMC-020,Ethiopian Oil,DPK,2025-11-18,250575,FIN-001
INV-46645,DISP-07666,OMC-010,Tamoil,LUB,2026-05-29,128170,FIN-003
INV-61722,DISP-06683,OMC-001,TotalEnergies Kenya,AGO,2026-01-14,102882,FIN-003
INV-32582,DISP-05078,OMC-003,Rubis Energy,PMS,2025-11-03,45403,FIN-005
INV-49730,DISP-03901,OMC-017,KAA Aviation,LPG,2025-04-13," KES 55,194 ",FIN-003
INV-28337,DISP-04457,OMC-017,KAA Aviation,LPG,2025-10-27,24695,FIN-002
INV-26433,DISP-08468,OMC-017,KAA Aviation,DPK,2026-07-03,31017,FIN-002
INV-46313,DISP-02046,OMC-011,Hass Petroleum,LPG,04/06/2025,232960,FIN-001
INV-55088,DISP-06976,OMC-009,Dalbit Petroleum,PMS,2026-06-30,113832,FIN-001
INV-32635,DISP-00248,OMC-014,Texol Energies,AGO,,245492,FIN-001
INV-36889,DISP-06932,OMC-004,Gulf Energy,AGO,2026-03-16," KES 53,614 ",FIN-002
INV-12182,DISP-04973,OMC-007,Kobil,LUB,2026-03-15,120384,FIN-004
INV-76241,DISP-06561,OMC-011,Hass Petroleum,LPG,2026-02-20,55795,FIN-004
INV-87062,DISP-08230,OMC-017,KAA Aviation,LUB,2025-12-03,258149,FIN-003
INV-36217,DISP-04592,OMC-005,PetroOil Kenya,PMS,2026-02-13,51094,FIN-004
INV-80868,DISP-03401,OMC-014,Texol Energies,JETA1,2025-06-23,48972,FIN-003
INV-51476,DISP-05363,OMC-011,Hass Petroleum,AGO,2026-02-01,285146,FIN-005
INV-53274,DISP-02666,OMC-010,Tamoil,HFO,2026-05-23,244875,FIN-001
INV-23039,DISP-08175,OMC-019,Tanzania Petroleum,LPG,2026-04-16,210685,FIN-005
INV-25292,DISP-09174,OMC-018,Uganda National Oil,DPK,2025-06-27,137036,FIN-002
INV-90450,DISP-06940,OMC-010,Tamoil,JETA1,2025-07-21,140177,FIN-004
INV-71379,DISP-03740,OMC-011,Hass Petroleum,HFO,2026-04-29,43776,FIN-002
INV-36252,DISP-04573,OMC-008,National Oil,AGO,2025-04-30,116388,FIN-003
INV-22381,DISP-01951,OMC-004,Gulf Energy,AGO,2026-02-17,39256,FIN-005
INV-63399,DISP-03482,OMC-012,Galana Energies,HFO,22/03/2026,271563,FIN-002
INV-54641,DISP-07952,OMC-013,Lake Oil,DPK,2025-09-03,58581,FIN-004
INV-65280,DISP-02598,OMC-003,Rubis Energy,PMS,2026-02-09,194569,FIN-004
INV-62449,DISP-07624,OMC-004,Gulf Energy,HFO,2026-03-06,23935,FIN-004
INV-93545,DISP-06003,OMC-015,Mombasa Petroleum,LUB,2026-05-11,62285,FIN-001
INV-73435,DISP-04105,OMC-020,Ethiopian Oil,JETA1,2025-08-14,181766,FIN-004
INV-72778,DISP-06364,OMC-006,Hashi Energy,JETA1,2026-04-24,42077,FIN-005
INV-62056,DISP-06305,OMC-020,Ethiopian Oil,DPK,2026-01-26," KES 215,347 ",FIN-002
INV-62548,DISP-02087,OMC-017,KAA Aviation,LPG,10/10/2025,142405,FIN-001
INV-17107,DISP-04394,OMC-009,Dalbit Petroleum,PMS,2026-02-20,211462,FIN-003
INV-14732,DISP-06892,OMC-009,Dalbit Petroleum,LUB,2025-11-01,285091,FIN-005
INV-56648,DISP-02905,OMC-003,Rubis Energy,HFO,2025-05-11,97746,FIN-004
INV-67027,DISP-07998,OMC-013,Lake Oil,LUB,2025-11-19," KES 196,136 ",FIN-005
INV-92600,DISP-01375,OMC-020,Ethiopian Oil,HFO,2025-02-17,60618,FIN-003
INV-49110,DISP-06796,OMC-020,Ethiopian Oil,LPG,2026-01-05,29316,FIN-004
INV-57276,DISP-08581,OMC-002,Vivo Energy,PMS,2025-09-12,196395,FIN-003
INV-91151,DISP-06575,OMC-019,Tanzania Petroleum,JETA1,2026-02-10,23073,FIN-004
INV-44861,DISP-05751,OMC-004,Gulf Energy,HFO,05/03/2026,141275,FIN-003
INV-12911,DISP-04648,OMC-018,Uganda National Oil,LPG,2026-05-22,156037,FIN-003
INV-34973,DISP-09236,OMC-017,KAA Aviation,AGO,2025-08-11,63109,FIN-005
INV-36361,DISP-00978,OMC-012,Galana Energies,LUB,2026-02-08,193608,FIN-003
INV-10344,DISP-06540,OMC-013,Lake Oil,JETA1,2025-11-11," KES 36,155 ",FIN-003
INV-99119,DISP-00392,OMC-002,Vivo Energy,PMS,,25704,FIN-004
INV-39175,DISP-08184,OMC-008,National Oil,DPK,2026-06-06,108530,FIN-005
INV-52809,DISP-08252,OMC-011,Hass Petroleum,HFO,," KES 282,449 ",FIN-001
INV-55839,DISP-00577,OMC-005,PetroOil Kenya,JETA1,2026-04-12,57125,FIN-004
INV-94456,DISP-07173,OMC-002,Vivo Energy,AGO,2025-06-04,195656,FIN-004
INV-42704,DISP-08657,OMC-007,Kobil,LUB,2026-04-26,50522,FIN-001
INV-81918,DISP-02926,OMC-009,Dalbit Petroleum,AGO,2025-11-04,116160,FIN-004
INV-62960,DISP-04285,OMC-015,Mombasa Petroleum,HFO,2025-09-07," KES 37,189 ",FIN-004
INV-91696,DISP-01857,OMC-019,Tanzania Petroleum,PMS,2026-04-17,31941,FIN-005
INV-71643,DISP-02240,OMC-015,Mombasa Petroleum,LPG,2025-02-21,41746,FIN-003
INV-71685,DISP-00617,OMC-008,National Oil,LPG,2025-10-18,193622,FIN-002
INV-76139,DISP-01132,OMC-009,Dalbit Petroleum,HFO,,45015,FIN-001
INV-28956,DISP-01593,OMC-010,Tamoil,JETA1,2025-04-21,233015,FIN-005
INV-75014,DISP-04028,OMC-006,Hashi Energy,LUB,2025-09-09,100578,FIN-004
INV-75919,DISP-00390,OMC-016,KPA Marine,DPK,2026-07-05,40600,FIN-002
INV-75349,DISP-07876,OMC-003,Rubis Energy,PMS,2025-09-06,140058,FIN-003
INV-68108,DISP-04391,OMC-009,Dalbit Petroleum,AGO,2026-05-01,35476,FIN-003
INV-12065,DISP-04314,OMC-017,KAA Aviation,JETA1,2026-05-27,105565,FIN-005
INV-17231,DISP-00772,OMC-006,Hashi Energy,HFO,2026-05-03,221756,FIN-004
INV-28605,DISP-06025,OMC-010,Tamoil,JETA1,2025-07-24,48347,FIN-002
INV-98336,DISP-00485,OMC-018,Uganda National Oil,LUB,2025-10-03,62343,FIN-005
INV-82646,DISP-07243,OMC-010,Tamoil,PMS,2025-04-29,131970,FIN-002
INV-20323,DISP-02235,OMC-019,Tanzania Petroleum,LUB,2025-09-06,115429,FIN-002
INV-25191,DISP-03391,OMC-013,Lake Oil,DPK,2025-12-12,25214,FIN-004
INV-17387,DISP-05888,OMC-009,Dalbit Petroleum,DPK,2025-03-31,227462,FIN-002
INV-24733,DISP-03103,OMC-001,TotalEnergies Kenya,AGO,2025-08-04,50018,FIN-004
INV-24067,DISP-04343,OMC-001,TotalEnergies Kenya,HFO,2025-02-12,191697,FIN-004
INV-38552,DISP-04942,OMC-014,Texol Energies,AGO,2025-03-24,185887,FIN-002
INV-94143,DISP-02638,OMC-014,Texol Energies,DPK,2026-02-21,47223,FIN-002
INV-63836,DISP-02833,OMC-001,TotalEnergies Kenya,DPK,2026-04-07,123411,FIN-004
INV-45037,DISP-03223,OMC-007,Kobil,DPK,2025-09-01,51717,FIN-004
INV-31832,DISP-02056,OMC-009,Dalbit Petroleum,PMS,2025-10-02,191570,FIN-005
INV-75785,DISP-03483,OMC-005,PetroOil Kenya,JETA1,2026-04-11,187969,FIN-005
INV-76135,DISP-04736,OMC-010,Tamoil,JETA1,2026-03-04,51584,FIN-003
INV-54585,DISP-00182,OMC-020,Ethiopian Oil,JETA1,2026-06-11,118101,FIN-001
INV-68168,DISP-02672,OMC-015,Mombasa Petroleum,PMS,2025-05-05,175864,FIN-004
INV-53900,DISP-09313,OMC-012,Galana Energies,JETA1,2026-02-13,192555,FIN-005
INV-67347,DISP-01381,OMC-009,Dalbit Petroleum,AGO,2025-12-05,146878,FIN-005
INV-15463,DISP-08082,OMC-005,PetroOil Kenya,HFO,2026-03-13,34650,FIN-004
INV-54220,DISP-04373,OMC-016,KPA Marine,JETA1,17/03/2026,53641,FIN-001
INV-11014,DISP-03014,OMC-017,KAA Aviation,JETA1,2025-01-17,61335,FIN-002
INV-25723,DISP-07918,OMC-006,Hashi Energy,LPG,2025-01-31,137139,FIN-001
INV-90612,DISP-02977,OMC-009,Dalbit Petroleum,JETA1,2025-01-19,60078,FIN-005
INV-35084,DISP-07120,OMC-007,Kobil,JETA1,,206330,FIN-003
INV-92996,DISP-05181,OMC-013,Lake Oil,AGO,2025-03-26,187112,FIN-001
INV-64150,DISP-09773,OMC-014,Texol Energies,JETA1,2025-11-30,119850,FIN-002
INV-60477,DISP-05802,OMC-003,Rubis Energy,JETA1,2026-02-23,63630,FIN-003
INV-92080,DISP-05917,OMC-001,TotalEnergies Kenya,HFO,2026-01-02,138093,FIN-003
INV-53393,DISP-04510,OMC-009,Dalbit Petroleum,AGO,2025-11-15,33536,FIN-004
INV-43992,DISP-06704,OMC-006,Hashi Energy,DPK,2025-05-08," KES 190,587 ",FIN-005
INV-33185,DISP-01443,OMC-013,Lake Oil,LUB,2026-05-16,179284,FIN-001
INV-36594,DISP-01112,OMC-005,PetroOil Kenya,JETA1,2026-02-11,45846,FIN-004
INV-24394,DISP-08605,OMC-020,Ethiopian Oil,DPK,2025-08-15,168680,FIN-004
INV-81300,DISP-01264,OMC-004,Gulf Energy,HFO,2026-04-24,141729,FIN-003
INV-74981,DISP-04845,OMC-018,Uganda National Oil,PMS,2025-10-22,170588,FIN-004
INV-82753,DISP-02632,OMC-018,Uganda National Oil,JETA1,2025-11-26,151740,FIN-002
INV-65986,DISP-00681,OMC-016,KPA Marine,AGO,2026-03-22,48224,FIN-001
INV-69372,DISP-07278,OMC-014,Texol Energies,AGO,2025-02-08,31124,FIN-001
INV-91984,DISP-01748,OMC-003,Rubis Energy,JETA1,2025-03-11,97469,FIN-001
INV-86372,DISP-09716,OMC-019,Tanzania Petroleum,DPK,2026-01-02,36257,FIN-003
INV-10948,DISP-04559,OMC-017,KAA Aviation,DPK,2025-11-27,192199,FIN-004
INV-96970,DISP-03647,OMC-017,KAA Aviation,AGO,2025-07-09,21345,FIN-003
INV-76113,DISP-04988,OMC-019,Tanzania Petroleum,PMS,2026-02-09,103826,FIN-004
INV-22859,DISP-08378,OMC-005,PetroOil Kenya,HFO,2026-03-18,60668,FIN-003
INV-47151,DISP-00519,OMC-010,Tamoil,PMS,2026-03-20,201531,FIN-005
INV-69258,DISP-03822,OMC-017,KAA Aviation,HFO,,198268,FIN-004
INV-11704,DISP-01615,OMC-015,Mombasa Petroleum,DPK,2025-12-27,54914,FIN-003
INV-58710,DISP-09812,OMC-011,Hass Petroleum,LPG,2025-05-10,37764,FIN-001
INV-85077,DISP-05994,OMC-007,Kobil,AGO,2026-02-24,170020,FIN-003
INV-58674,DISP-04663,OMC-009,Dalbit Petroleum,LUB,2025-11-14,192115,FIN-001
INV-15683,DISP-03229,OMC-013,Lake Oil,PMS,02/05/2026,213667,FIN-005
INV-11869,DISP-05339,OMC-015,Mombasa Petroleum,LUB,2025-05-18,182506,FIN-001
INV-78696,DISP-04106,OMC-016,KPA Marine,PMS,2025-01-27,51598,FIN-002
INV-76604,DISP-03479,OMC-011,Hass Petroleum,JETA1,2025-05-23,59383,FIN-002
INV-24583,DISP-07233,OMC-017,KAA Aviation,DPK,2025-11-19,199426,FIN-001
INV-39883,DISP-03056,OMC-016,KPA Marine,PMS,2025-04-21,56548,FIN-002
INV-92245,DISP-06079,OMC-004,Gulf Energy,JETA1,2026-03-22,60345,FIN-005
INV-58326,DISP-03827,OMC-014,Texol Energies,AGO,2026-05-13,94886,FIN-002
INV-15406,DISP-02190,OMC-007,Kobil,AGO,2025-04-09,24145,FIN-001
INV-20453,DISP-07890,OMC-015,Mombasa Petroleum,DPK,2025-09-07,64530,FIN-005
INV-66604,DISP-03630,OMC-009,Dalbit Petroleum,HFO,2025-03-10,141434,FIN-001
INV-22242,DISP-00280,OMC-020,Ethiopian Oil,AGO,2025-02-11,195191,FIN-002
INV-93204,DISP-08904,OMC-013,Lake Oil,PMS,2025-03-28,292970,FIN-004
INV-35283,DISP-06200,OMC-014,Texol Energies,LUB,2025-12-29,28932,FIN-005
INV-67140,DISP-03419,OMC-017,KAA Aviation,LPG,2025-11-28,187468,FIN-005
INV-38880,DISP-00236,OMC-007,Kobil,HFO,2025-01-13,159620,FIN-002
INV-98491,DISP-00743,OMC-013,Lake Oil,JETA1,2026-03-30,36289,FIN-003
INV-52969,DISP-06660,OMC-006,Hashi Energy,LPG,2025-06-11,33582,FIN-001
INV-44973,DISP-07432,OMC-016,KPA Marine,HFO,2025-06-21,25821,FIN-004
INV-85345,DISP-00401,OMC-015,Mombasa Petroleum,AGO,2026-03-12,289383,FIN-005
INV-34745,DISP-02314,OMC-015,Mombasa Petroleum,AGO,,173549,FIN-001
INV-53853,DISP-08034,OMC-001,TotalEnergies Kenya,DPK,2026-04-17,50571,FIN-003
INV-10588,DISP-06601,OMC-015,Mombasa Petroleum,HFO,2025-02-19,61326,FIN-002
INV-48431,DISP-08806,OMC-013,Lake Oil,DPK,2025-04-22,49230,FIN-001
INV-75529,DISP-04821,OMC-007,Kobil,AGO,2026-05-30,48725,FIN-001
INV-99181,DISP-01681,OMC-011,Hass Petroleum,PMS,2026-03-11,24319,FIN-001
INV-44456,DISP-01726,OMC-003,Rubis Energy,PMS,2025-09-24,137906,FIN-001
INV-61789,DISP-03781,OMC-010,Tamoil,LPG,2025-11-08," KES 275,665 ",FIN-002
INV-25714,DISP-02147,OMC-008,National Oil,DPK,2025-01-09,117220,FIN-002
INV-96259,DISP-02198,OMC-012,Galana Energies,LPG,2026-04-19,25626,FIN-003
INV-80175,DISP-06060,OMC-008,National Oil,JETA1,14/02/2026,109628,FIN-005
INV-75700,DISP-05153,OMC-002,Vivo Energy,PMS,2026-01-05,213639,FIN-001
INV-59009,DISP-00954,OMC-018,Uganda National Oil,HFO,2025-05-25,215959,FIN-002
INV-57098,DISP-02269,OMC-018,Uganda National Oil,LPG,2025-06-25,26804,FIN-004
INV-39668,DISP-07893,OMC-011,Hass Petroleum,PMS,15/12/2025,55470,FIN-004
INV-51191,DISP-09278,OMC-004,Gulf Energy,HFO,2026-03-12," KES 24,510 ",FIN-002
INV-78422,DISP-08350,OMC-020,Ethiopian Oil,PMS,2025-01-13,56554,FIN-001
INV-57625,DISP-07230,OMC-004,Gulf Energy,HFO,2026-04-16,43054,FIN-004
INV-28633,DISP-05418,OMC-017,KAA Aviation,AGO,2025-01-30,145280,FIN-001
INV-99410,DISP-03007,OMC-011,Hass Petroleum,HFO,2026-06-28,192546,FIN-005
INV-10389,DISP-04353,OMC-011,Hass Petroleum,PMS,2025-03-05,134039,FIN-005
INV-33710,DISP-08335,OMC-008,National Oil,AGO,2025-01-15," KES 198,484 ",FIN-003
INV-27221,DISP-08861,OMC-005,PetroOil Kenya,PMS,2026-04-25,234899,FIN-001
INV-52452,DISP-04855,OMC-002,Vivo Energy,JETA1,2025-07-15,94485,FIN-003
INV-85709,DISP-00402,OMC-019,Tanzania Petroleum,AGO,2026-05-02,136659,FIN-005
INV-35211,DISP-09870,OMC-019,Tanzania Petroleum,JETA1,2026-04-28,54227,FIN-001
INV-65048,DISP-03615,OMC-015,Mombasa Petroleum,JETA1,2025-02-01,199083,FIN-001
INV-42600,DISP-09016,OMC-013,Lake Oil,LUB,2025-08-25,147879,FIN-001
INV-12961,DISP-09019,OMC-006,Hashi Energy,PMS,2025-08-03,141937,FIN-004
INV-42551,DISP-04789,OMC-001,TotalEnergies Kenya,AGO,2026-03-11,103850,FIN-001
INV-50769,DISP-08896,OMC-011,Hass Petroleum,JETA1,2025-08-23,153327,FIN-004
INV-88697,DISP-09001,OMC-013,Lake Oil,LPG,2026-03-21,146311,FIN-003
INV-75896,DISP-05058,OMC-002,Vivo Energy,AGO,2025-03-07,60877,FIN-001
INV-90287,DISP-04840,OMC-011,Hass Petroleum,HFO,2025-02-04,195117,FIN-004
INV-34531,DISP-07945,OMC-019,Tanzania Petroleum,DPK,,23879,FIN-005
INV-10899,DISP-07757,OMC-007,Kobil,LPG,2025-10-28,118918,FIN-003
INV-97830,DISP-04072,OMC-001,TotalEnergies Kenya,LUB,2026-06-04,264895,FIN-001
INV-19917,DISP-06938,OMC-002,Vivo Energy,LPG,2026-01-31,43467,FIN-005
INV-55690,DISP-07363,OMC-019,Tanzania Petroleum,LPG,2025-12-12,238288,FIN-005
INV-68894,DISP-06074,OMC-015,Mombasa Petroleum,DPK,2025-10-23,130866,FIN-004
INV-59142,DISP-06960,OMC-009,Dalbit Petroleum,HFO,2025-01-08,28337,FIN-001
INV-46300,DISP-06070,OMC-007,Kobil,AGO,2025-04-26,48347,FIN-004
INV-19328,DISP-01166,OMC-002,Vivo Energy,LPG,2025-02-05,154281,FIN-003
INV-63246,DISP-00711,OMC-012,Galana Energies,AGO,2026-02-26,28058,FIN-003
INV-13630,DISP-08457,OMC-005,PetroOil Kenya,JETA1,2026-04-20,43519,FIN-001
INV-25832,DISP-01858,OMC-009,Dalbit Petroleum,LUB,2025-12-16,45684,FIN-005
INV-72772,DISP-05973,OMC-002,Vivo Energy,LPG,2026-06-25,46619,FIN-003
INV-48173,DISP-06326,OMC-004,Gulf Energy,LPG,2026-02-25,149520,FIN-005
INV-19710,DISP-09254,OMC-011,Hass Petroleum,HFO,2025-11-16,110189,FIN-005
INV-38155,DISP-07968,OMC-014,Texol Energies,LPG,2025-06-06,23347,FIN-002
INV-86034,DISP-05196,OMC-015,Mombasa Petroleum,LPG,2026-05-15,212656,FIN-004
INV-35649,DISP-00745,OMC-003,Rubis Energy,LUB,2025-02-22,175200,FIN-004
INV-98430,DISP-08263,OMC-008,National Oil,LUB,,183944,FIN-002
INV-61102,DISP-09875,OMC-008,National Oil,DPK,2026-02-25,162300,FIN-004
INV-68275,DISP-06698,OMC-009,Dalbit Petroleum,LUB,2026-01-17,83549,FIN-001
INV-37674,DISP-00800,OMC-017,KAA Aviation,LPG,2025-04-26,21390,FIN-004
INV-93583,DISP-04301,OMC-013,Lake Oil,LPG,2026-05-28,114746,FIN-005
INV-51504,DISP-08002,OMC-004,Gulf Energy,DPK,2026-03-07,60484,FIN-004
INV-98992,DISP-06052,OMC-014,Texol Energies,JETA1,2025-10-20,184524,FIN-005
INV-49297,DISP-01729,OMC-017,KAA Aviation,DPK,2026-06-02,115907,FIN-001
INV-84002,DISP-02852,OMC-013,Lake Oil,DPK,14/04/2025,60675,FIN-005
INV-39066,DISP-03190,OMC-015,Mombasa Petroleum,HFO,2025-08-30,61034,FIN-001
INV-76823,DISP-03745,OMC-016,KPA Marine,LUB,2025-05-14,98911,FIN-001
INV-14862,DISP-09256,OMC-010,Tamoil,DPK,2026-05-31,45702,FIN-001
INV-49248,DISP-06375,OMC-015,Mombasa Petroleum,AGO,04/05/2025,48501,FIN-004
INV-56265,DISP-06920,OMC-007,Kobil,PMS,2025-06-15,267047,FIN-001
INV-22739,DISP-03283,OMC-006,Hashi Energy,DPK,2025-06-28,156717,FIN-001
INV-56995,DISP-02920,OMC-006,Hashi Energy,AGO,2026-01-13,187508,FIN-002
INV-29873,DISP-09381,OMC-017,KAA Aviation,LUB,2025-03-30,211249,FIN-003
INV-99601,DISP-01455,OMC-008,National Oil,LPG,2026-01-24,130704,FIN-002
INV-45290,DISP-08936,OMC-013,Lake Oil,HFO,2025-03-06,162665,FIN-003
INV-11170,DISP-03681,OMC-011,Hass Petroleum,JETA1,2025-07-24,170780,FIN-004
INV-11601,DISP-00699,OMC-019,Tanzania Petroleum,PMS,2025-12-21,163016,FIN-001
INV-72217,DISP-05930,OMC-012,Galana Energies,LUB,2026-03-12,182247,FIN-003
INV-95543,DISP-08596,OMC-013,Lake Oil,DPK,2025-06-25,25586,FIN-001
INV-57143,DISP-00899,OMC-004,Gulf Energy,PMS,2026-02-10,35891,FIN-004
INV-11265,DISP-07130,OMC-018,Uganda National Oil,PMS,2025-10-11,30852,FIN-002
INV-18832,DISP-01329,OMC-006,Hashi Energy,PMS,2026-03-16,190533,FIN-001
INV-97504,DISP-06156,OMC-015,Mombasa Petroleum,PMS,2025-08-27,150987,FIN-001
INV-97545,DISP-03599,OMC-015,Mombasa Petroleum,PMS,2025-09-15,156442,FIN-003
INV-38486,DISP-07880,OMC-008,National Oil,LUB,2026-04-25,175734,FIN-005
INV-77763,DISP-03553,OMC-008,National Oil,JETA1,15/02/2025,53755,FIN-005
INV-51295,DISP-07135,OMC-009,Dalbit Petroleum,AGO,2025-03-14,140054,FIN-004
INV-38928,DISP-01426,OMC-006,Hashi Energy,AGO,2025-12-29,39956,FIN-004
INV-56612,DISP-02935,OMC-019,Tanzania Petroleum,DPK,2025-10-30,159451,FIN-005
INV-68616,DISP-03539,OMC-001,TotalEnergies Kenya,HFO,2025-03-09,31668,FIN-003
INV-56646,DISP-03732,OMC-014,Texol Energies,AGO,2025-11-24,27501,FIN-005
INV-91115,DISP-09025,OMC-007,Kobil,HFO,2025-06-21,166001,FIN-005
INV-57172,DISP-04774,OMC-012,Galana Energies,DPK,2026-04-01,164345,FIN-004
INV-96904,DISP-03149,OMC-010,Tamoil,LUB,2025-03-11,209222,FIN-003
INV-85375,DISP-07705,OMC-008,National Oil,LPG,2026-05-10,30594,FIN-001
INV-25318,DISP-00570,OMC-005,PetroOil Kenya,LPG,2026-02-10,37989,FIN-005
INV-60179,DISP-07187,OMC-018,Uganda National Oil,HFO,2026-02-25,232756,FIN-003
INV-13612,DISP-02688,OMC-013,Lake Oil,LPG,2025-02-27,161272,FIN-002
INV-64521,DISP-04168,OMC-011,Hass Petroleum,HFO,2025-06-29,232219,FIN-005
INV-62127,DISP-06592,OMC-015,Mombasa Petroleum,AGO,2026-06-25,178791,FIN-005
INV-69871,DISP-05886,OMC-009,Dalbit Petroleum,AGO,2025-02-02,150306,FIN-002
INV-89195,DISP-00324,OMC-008,National Oil,AGO,2025-09-01,50705,FIN-002
INV-35900,DISP-08871,OMC-001,TotalEnergies Kenya,DPK,2025-12-12,232200,FIN-004
INV-74685,DISP-05096,OMC-009,Dalbit Petroleum,LUB,08/01/2025,221301,FIN-003
INV-43160,DISP-09363,OMC-015,Mombasa Petroleum,JETA1,2026-05-12,36139,FIN-003
INV-14282,DISP-06526,OMC-007,Kobil,DPK,2025-07-19,26222,FIN-005
INV-93445,DISP-03404,OMC-019,Tanzania Petroleum,LPG,2025-11-18,156470,FIN-004
INV-92072,DISP-02757,OMC-007,Kobil,PMS,2025-10-12,106010,FIN-005
INV-14596,DISP-04293,OMC-009,Dalbit Petroleum,JETA1,2025-05-25,242336,FIN-001
INV-71397,DISP-07531,OMC-011,Hass Petroleum,LUB,2025-06-09,111663,FIN-005
INV-78267,DISP-08076,OMC-002,Vivo Energy,PMS,2025-11-13," KES 175,162 ",FIN-003
INV-18274,DISP-02103,OMC-009,Dalbit Petroleum,HFO,2025-12-17,112342,FIN-003
INV-89828,DISP-09335,OMC-004,Gulf Energy,LPG,2026-02-12,31437,FIN-002
INV-72103,DISP-08067,OMC-007,Kobil,LUB,2026-02-04,31694,FIN-002
INV-37776,DISP-00223,OMC-003,Rubis Energy,LUB,2025-10-20,55987,FIN-002
INV-34358,DISP-02810,OMC-006,Hashi Energy,PMS,2025-04-29,53380,FIN-001
INV-15215,DISP-06500,OMC-002,Vivo Energy,PMS,2026-03-24,30816,FIN-003
INV-57268,DISP-02698,OMC-019,Tanzania Petroleum,DPK,2026-01-14,43403,FIN-002
INV-67920,DISP-01032,OMC-018,Uganda National Oil,AGO,2026-05-13,32514,FIN-002
INV-30954,DISP-05960,OMC-015,Mombasa Petroleum,LPG,2026-05-22,31704,FIN-005
INV-89988,DISP-06019,OMC-017,KAA Aviation,HFO,2025-10-22,236599,FIN-001
INV-47054,DISP-00749,OMC-010,Tamoil,DPK,2026-03-19,210117,FIN-001
INV-75139,DISP-07879,OMC-001,TotalEnergies Kenya,PMS,2025-06-02,113884,FIN-003
INV-55477,DISP-03464,OMC-007,Kobil,PMS,2025-12-28,244172,FIN-005
INV-16226,DISP-07235,OMC-011,Hass Petroleum,AGO,2025-07-04,53813,FIN-005
INV-74696,DISP-08101,OMC-008,National Oil,DPK,2026-05-24,40071,FIN-002
INV-81245,DISP-05623,OMC-019,Tanzania Petroleum,HFO,2025-08-09,230159,FIN-004
INV-71867,DISP-06607,OMC-018,Uganda National Oil,LPG,2026-02-06,29334,FIN-005
INV-68747,DISP-01436,OMC-012,Galana Energies,LUB,2026-03-09,134057,FIN-002
INV-23280,DISP-05918,OMC-014,Texol Energies,LUB,17/02/2026," KES 26,614 ",FIN-003
INV-33994,DISP-05997,OMC-017,KAA Aviation,AGO,2025-10-16,256530,FIN-005
INV-80137,DISP-03741,OMC-010,Tamoil,LUB,2025-03-04,158598,FIN-005
INV-12595,DISP-00299,OMC-007,Kobil,PMS,2025-06-29,202594,FIN-002
INV-33060,DISP-03038,OMC-017,KAA Aviation,AGO,2025-12-09,196616,FIN-004
INV-74348,DISP-04954,OMC-007,Kobil,LPG,2025-12-18,46907,FIN-003
INV-35547,DISP-09898,OMC-017,KAA Aviation,LPG,2026-02-25,60129,FIN-003
INV-95999,DISP-07198,OMC-008,National Oil,HFO,2025-05-14,58309,FIN-005
INV-38608,DISP-01312,OMC-015,Mombasa Petroleum,HFO,2025-11-13,152412,FIN-004
INV-51569,DISP-06117,OMC-019,Tanzania Petroleum,PMS,2025-11-13,166674,FIN-002
INV-37951,DISP-00701,OMC-008,National Oil,HFO,,86667,FIN-002
INV-70134,DISP-05211,OMC-013,Lake Oil,AGO,2025-11-24,209845,FIN-005
INV-28347,DISP-01418,OMC-005,PetroOil Kenya,DPK,2026-04-07,279727,FIN-004
INV-57183,DISP-06576,OMC-004,Gulf Energy,PMS,2026-03-15,92023,FIN-003
INV-89104,DISP-05568,OMC-014,Texol Energies,HFO,2026-05-13,199476,FIN-004
INV-91718,DISP-03791,OMC-004,Gulf Energy,HFO,2026-03-26,29862,FIN-004
INV-46872,DISP-08207,OMC-001,TotalEnergies Kenya,AGO,2025-01-23,129629,FIN-004
INV-54008,DISP-07298,OMC-005,PetroOil Kenya,LPG,2026-03-14,27463,FIN-005
INV-18322,DISP-04726,OMC-004,Gulf Energy,LPG,2026-03-03,60255,FIN-002
INV-53919,DISP-05303,OMC-015,Mombasa Petroleum,HFO,2026-06-06,38120,FIN-003
INV-59634,DISP-01169,OMC-007,Kobil,HFO,2025-02-06,34477,FIN-004
INV-85436,DISP-02503,OMC-005,PetroOil Kenya,LUB,2026-03-25,63892,FIN-005
INV-87932,DISP-00868,OMC-019,Tanzania Petroleum,HFO,2026-01-21,63776,FIN-001
INV-20428,DISP-05581,OMC-011,Hass Petroleum,LPG,2025-02-27,33524,FIN-003
INV-76254,DISP-04809,OMC-019,Tanzania Petroleum,AGO,2025-01-22,52709,FIN-003
INV-29373,DISP-05401,OMC-018,Uganda National Oil,JETA1,2025-02-11,35728,FIN-005
INV-37195,DISP-09727,OMC-002,Vivo Energy,LPG,2026-02-03,48191,FIN-001
INV-39284,DISP-09372,OMC-013,Lake Oil,JETA1,2025-07-15,87681,FIN-003
INV-64436,DISP-04527,OMC-019,Tanzania Petroleum,PMS,2025-10-24,187975,FIN-003
INV-66912,DISP-02251,OMC-002,Vivo Energy,LUB,2025-11-25,114108,FIN-005
INV-21659,DISP-01114,OMC-007,Kobil,PMS,2025-01-21,260170,FIN-001
INV-36856,DISP-08920,OMC-005,PetroOil Kenya,AGO,2026-04-14,265037,FIN-002
INV-81305,DISP-08609,OMC-011,Hass Petroleum,LUB,2026-03-04,49301,FIN-005
INV-13165,DISP-09346,OMC-002,Vivo Energy,JETA1,2025-11-22,148052,FIN-002
INV-70321,DISP-08557,OMC-002,Vivo Energy,PMS,2025-09-19,230004,FIN-004
INV-27836,DISP-00863,OMC-003,Rubis Energy,LPG,2025-10-16,61066,FIN-002
INV-98528,DISP-06837,OMC-011,Hass Petroleum,PMS,2025-11-20,181054,FIN-005
INV-30831,DISP-09517,OMC-016,KPA Marine,AGO,04/08/2025,30320,FIN-001
INV-13579,DISP-04473,OMC-003,Rubis Energy,JETA1,2025-06-27,186665,FIN-005
INV-85320,DISP-09500,OMC-001,TotalEnergies Kenya,DPK,2025-12-14,265472,FIN-005
INV-51234,DISP-09282,OMC-019,Tanzania Petroleum,DPK,2026-03-30,32515,FIN-003
INV-45512,DISP-07270,OMC-010,Tamoil,AGO,2026-05-14,148960,FIN-003
INV-51184,DISP-04084,OMC-001,TotalEnergies Kenya,LUB,2025-08-07,64260,FIN-003
INV-41649,DISP-06284,OMC-010,Tamoil,DPK,2026-03-04,31154,FIN-002
INV-37456,DISP-07089,OMC-008,National Oil,JETA1,2025-09-18,170980,FIN-004
INV-24935,DISP-07715,OMC-009,Dalbit Petroleum,JETA1,2026-02-07,125736,FIN-004
INV-70617,DISP-00423,OMC-017,KAA Aviation,DPK,2025-01-21,249767,FIN-002
INV-67506,DISP-06169,OMC-015,Mombasa Petroleum,PMS,2025-03-21,169859,FIN-005
INV-21747,DISP-01074,OMC-008,National Oil,HFO,15/03/2026,305345,FIN-004
INV-31360,DISP-00649,OMC-019,Tanzania Petroleum,HFO,2025-01-21,50209,FIN-005
INV-45405,DISP-05992,OMC-018,Uganda National Oil,DPK,2025-10-07," KES 40,425 ",FIN-003
INV-49128,DISP-00095,OMC-014,Texol Energies,AGO,2025-04-28,208035,FIN-003
INV-68819,DISP-04455,OMC-007,Kobil,PMS,2026-03-14,112586,FIN-002
INV-74906,DISP-03276,OMC-013,Lake Oil,LUB,2025-04-06,28180,FIN-005
INV-60174,DISP-08663,OMC-001,TotalEnergies Kenya,LPG,2026-01-10,25372,FIN-004
INV-63500,DISP-09695,OMC-005,PetroOil Kenya,PMS,2026-02-28,256604,FIN-005
INV-74392,DISP-01812,OMC-004,Gulf Energy,DPK,2026-04-24,107994,FIN-002
INV-37603,DISP-00869,OMC-006,Hashi Energy,LUB,11/06/2026,57641,FIN-005
INV-38773,DISP-03747,OMC-020,Ethiopian Oil,LUB,2025-07-20,107085,FIN-004
INV-15140,DISP-04849,OMC-019,Tanzania Petroleum,LUB,2026-04-27,27503,FIN-004
INV-85961,DISP-05591,OMC-003,Rubis Energy,PMS,2026-03-25,63157,FIN-003
INV-65763,DISP-05877,OMC-002,Vivo Energy,LUB,2025-10-26,88075,FIN-002
INV-41180,DISP-05024,OMC-007,Kobil,LUB,2025-07-07,95869,FIN-004
INV-92055,DISP-02799,OMC-007,Kobil,DPK,2025-03-27,276250,FIN-004
INV-41623,DISP-07260,OMC-013,Lake Oil,PMS,2025-01-06,61202,FIN-003
INV-98277,DISP-08357,OMC-001,TotalEnergies Kenya,JETA1,2026-06-05,256685,FIN-001
INV-63731,DISP-05470,OMC-004,Gulf Energy,PMS,2026-05-02,145952,FIN-004
INV-77984,DISP-07303,OMC-015,Mombasa Petroleum,AGO,2025-02-17," KES 188,425 ",FIN-005
INV-23885,DISP-08206,OMC-017,KAA Aviation,LPG,2025-08-18,238285,FIN-005
INV-86968,DISP-02682,OMC-011,Hass Petroleum,LUB,26/10/2025,55389,FIN-002
INV-88515,DISP-07669,OMC-018,Uganda National Oil,LPG,2025-12-07,213094,FIN-003
INV-68619,DISP-07975,OMC-007,Kobil,DPK,01/08/2025,49941,FIN-002
INV-13662,DISP-03838,OMC-009,Dalbit Petroleum,JETA1,2025-02-08,83525,FIN-003
INV-87651,DISP-01713,OMC-018,Uganda National Oil,LPG,2026-06-29,167616,FIN-004
INV-57578,DISP-03161,OMC-012,Galana Energies,PMS,2026-04-01,49260,FIN-005
INV-93648,DISP-04681,OMC-007,Kobil,JETA1,2025-03-20,27677,FIN-002
INV-92100,DISP-03861,OMC-010,Tamoil,AGO,2026-04-09,30407,FIN-001
INV-49413,DISP-06165,OMC-017,KAA Aviation,AGO,2025-08-29,176340,FIN-005
INV-43277,DISP-02253,OMC-013,Lake Oil,DPK,2026-01-25,30577,FIN-004
INV-62602,DISP-09513,OMC-004,Gulf Energy,AGO,2026-03-07,154190,FIN-002
INV-60419,DISP-01291,OMC-006,Hashi Energy,AGO,2026-02-14,99491,FIN-002
INV-19711,DISP-09726,OMC-005,PetroOil Kenya,HFO,2026-03-10,32091,FIN-002
INV-34305,DISP-00322,OMC-008,National Oil,JETA1,2025-08-10,51704,FIN-002
INV-11123,DISP-07990,OMC-003,Rubis Energy,LUB,2026-02-08,44412,FIN-003
INV-49125,DISP-06501,OMC-007,Kobil,DPK,2026-04-19,285434,FIN-004
INV-87187,DISP-06474,OMC-003,Rubis Energy,DPK,2025-05-05,70239,FIN-003
INV-72381,DISP-04472,OMC-017,KAA Aviation,PMS,2025-07-10,20688,FIN-005
INV-40096,DISP-04403,OMC-017,KAA Aviation,PMS,2025-04-02,46073,FIN-001
INV-17716,DISP-07939,OMC-005,PetroOil Kenya,DPK,2026-05-06,41816,FIN-005
INV-11907,DISP-09841,OMC-007,Kobil,AGO,2026-04-27,23049,FIN-004
INV-24458,DISP-07414,OMC-018,Uganda National Oil,LUB,2025-11-19,111927,FIN-002
INV-59363,DISP-03980,OMC-006,Hashi Energy,JETA1,2025-07-11,228678,FIN-005
INV-11076,DISP-04133,OMC-001,TotalEnergies Kenya,DPK,2025-03-25,149958,FIN-005
INV-50360,DISP-01714,OMC-005,PetroOil Kenya,AGO,14/04/2026,92649,FIN-004
INV-55049,DISP-03005,OMC-014,Texol Energies,JETA1,2025-12-18,252872,FIN-001
INV-34466,DISP-07921,OMC-015,Mombasa Petroleum,HFO,2025-06-12,280025,FIN-002
INV-33714,DISP-05624,OMC-019,Tanzania Petroleum,DPK,18/12/2025,28811,FIN-002
INV-65237,DISP-04283,OMC-002,Vivo Energy,LUB,2025-05-15,170780,FIN-004
INV-66762,DISP-01269,OMC-019,Tanzania Petroleum,LUB,2025-10-11,184781,FIN-005
INV-80416,DISP-06535,OMC-001,TotalEnergies Kenya,PMS,2025-05-31,145667,FIN-005
INV-22564,DISP-02323,OMC-015,Mombasa Petroleum,HFO,2026-03-11,35986,FIN-003
INV-93654,DISP-09216,OMC-009,Dalbit Petroleum,AGO,,110472,FIN-005
INV-56464,DISP-01097,OMC-017,KAA Aviation,LUB,2025-12-24,165786,FIN-005
INV-96981,DISP-03442,OMC-002,Vivo Energy,PMS,2026-01-08,140469,FIN-004
INV-31500,DISP-06398,OMC-011,Hass Petroleum,HFO,2025-02-26,223970,FIN-002
INV-78727,DISP-00712,OMC-002,Vivo Energy,PMS,2025-03-26,116262,FIN-004
INV-31096,DISP-00953,OMC-009,Dalbit Petroleum,LUB,2026-02-12,223893,FIN-005
INV-40730,DISP-02724,OMC-017,KAA Aviation,HFO,2025-07-10,57704,FIN-002
INV-49599,DISP-04801,OMC-002,Vivo Energy,HFO,2026-03-08,171994,FIN-004
INV-96422,DISP-03859,OMC-009,Dalbit Petroleum,JETA1,2026-03-05,140558,FIN-005
INV-78460,DISP-06155,OMC-013,Lake Oil,AGO,2025-11-15,293386,FIN-003
INV-23223,DISP-01821,OMC-013,Lake Oil,LPG,2025-01-09,231918,FIN-002
INV-33623,DISP-04181,OMC-002,Vivo Energy,DPK,2025-11-29,36111,FIN-003
INV-36149,DISP-02035,OMC-008,National Oil,LPG,2025-05-15,51977,FIN-002
INV-51259,DISP-00302,OMC-016,KPA Marine,DPK,2025-02-26,128457,FIN-001
INV-16511,DISP-09992,OMC-008,National Oil,LUB,2025-06-30,36763,FIN-001
INV-63078,DISP-07399,OMC-019,Tanzania Petroleum,LPG,2026-01-09," KES 31,200 ",FIN-005
INV-54520,DISP-06047,OMC-014,Texol Energies,JETA1,2025-10-27,174708,FIN-003
INV-76250,DISP-02610,OMC-005,PetroOil Kenya,HFO,2026-05-06,35295,FIN-004
INV-87157,DISP-07094,OMC-006,Hashi Energy,DPK,2025-08-14,35519,FIN-004
INV-67611,DISP-04131,OMC-012,Galana Energies,AGO,19/03/2026,28473,FIN-002
INV-36726,DISP-04657,OMC-008,National Oil,AGO,,196557,FIN-005
INV-52510,DISP-06289,OMC-007,Kobil,AGO,2025-07-17,34839,FIN-003
INV-34915,DISP-06103,OMC-007,Kobil,JETA1,2026-05-23,124578,FIN-004
INV-92783,DISP-04182,OMC-005,PetroOil Kenya,PMS,2026-03-25,173906,FIN-003
INV-56402,DISP-02906,OMC-009,Dalbit Petroleum,JETA1,2025-01-29,177254,FIN-001
INV-74864,DISP-06259,OMC-003,Rubis Energy,HFO,2025-04-03,42142,FIN-003
INV-40269,DISP-08094,OMC-005,PetroOil Kenya,JETA1,2026-04-17,32804,FIN-003
INV-43564,DISP-04507,OMC-006,Hashi Energy,LUB,2025-10-24,153096,FIN-003
INV-79556,DISP-07450,OMC-004,Gulf Energy,JETA1,2026-04-24,210617,FIN-005
INV-78875,DISP-03536,OMC-001,TotalEnergies Kenya,LPG,2025-12-16,257328,FIN-002
INV-58265,DISP-01235,OMC-009,Dalbit Petroleum,PMS,2025-05-16,220550,FIN-002
INV-66963,DISP-08919,OMC-018,Uganda National Oil,LPG,03/10/2025,213618,FIN-005
INV-66050,DISP-05769,OMC-010,Tamoil,LUB,2025-12-04,254467,FIN-001
INV-94400,DISP-07395,OMC-003,Rubis Energy,DPK,2025-02-10,48312,FIN-003
INV-48311,DISP-06731,OMC-005,PetroOil Kenya,HFO,2026-02-06,193722,FIN-005
INV-94624,DISP-00940,OMC-001,TotalEnergies Kenya,LPG,2025-09-26,220642,FIN-001
INV-53571,DISP-09560,OMC-012,Galana Energies,PMS,2026-03-03,38567,FIN-001
INV-94590,DISP-06392,OMC-013,Lake Oil,LPG,2025-05-06,25963,FIN-002
INV-18411,DISP-05250,OMC-017,KAA Aviation,PMS,2025-04-25,97866,FIN-005
INV-27642,DISP-06725,OMC-013,Lake Oil,DPK,2026-04-21,128220,FIN-004
INV-67289,DISP-03902,OMC-008,National Oil,HFO,2026-05-19,170388,FIN-001
INV-89048,DISP-06749,OMC-011,Hass Petroleum,LUB,2026-05-07,60571,FIN-005
INV-80385,DISP-00842,OMC-008,National Oil,LUB,25/01/2025,202379,FIN-003
INV-51352,DISP-01626,OMC-011,Hass Petroleum,HFO,2025-12-03,94981,FIN-001
INV-74565,DISP-02550,OMC-010,Tamoil,PMS,2026-03-13,127072,FIN-005
INV-90648,DISP-08739,OMC-015,Mombasa Petroleum,LUB,21/09/2025,43765,FIN-001
INV-89093,DISP-06454,OMC-007,Kobil,AGO,2025-07-16,207434,FIN-002
INV-78041,DISP-01473,OMC-015,Mombasa Petroleum,JETA1,2025-06-16,129223,FIN-005
INV-82251,DISP-06633,OMC-015,Mombasa Petroleum,JETA1,,42720,FIN-005
INV-66193,DISP-00319,OMC-012,Galana Energies,LPG,2026-02-14,60615,FIN-004
INV-95795,DISP-05220,OMC-010,Tamoil,JETA1,2026-01-22,269796,FIN-005
INV-62084,DISP-09009,OMC-014,Texol Energies,LPG,2026-01-07,120730,FIN-001
INV-62999,DISP-09823,OMC-010,Tamoil,JETA1,2025-06-03,233609,FIN-003
INV-22543,DISP-02651,OMC-007,Kobil,JETA1,2026-05-19,41381,FIN-002
INV-40790,DISP-03514,OMC-001,TotalEnergies Kenya,HFO,2026-02-02,48239,FIN-002
INV-69434,DISP-09836,OMC-009,Dalbit Petroleum,PMS,2026-06-30,253641,FIN-004
INV-53178,DISP-05659,OMC-016,KPA Marine,AGO,2026-01-01,268131,FIN-001
INV-46793,DISP-07509,OMC-014,Texol Energies,LUB,,50551,FIN-003
INV-79183,DISP-08399,OMC-007,Kobil,DPK,2026-05-03,164014,FIN-003
INV-74887,DISP-07608,OMC-014,Texol Energies,LUB,24/04/2026,262613,FIN-001
INV-30247,DISP-03579,OMC-004,Gulf Energy,LPG,2026-02-18,176071,FIN-002
INV-44673,DISP-01498,OMC-001,TotalEnergies Kenya,LPG,2025-02-27,115354,FIN-001
INV-50242,DISP-02875,OMC-019,Tanzania Petroleum,DPK,2025-03-24,22399,FIN-004
INV-96339,DISP-06984,OMC-007,Kobil,LPG,2026-05-09,26049,FIN-004
INV-34750,DISP-02800,OMC-016,KPA Marine,LUB,2025-06-14,190414,FIN-002
INV-82919,DISP-04710,OMC-014,Texol Energies,PMS,2025-07-17,48534,FIN-005
INV-66732,DISP-04411,OMC-006,Hashi Energy,JETA1,2025-05-11,231054,FIN-002
INV-47779,DISP-02647,OMC-016,KPA Marine,JETA1,2026-03-04,194804,FIN-001
INV-64998,DISP-06830,OMC-006,Hashi Energy,PMS,2025-08-07,277606,FIN-004
INV-74589,DISP-00678,OMC-007,Kobil,JETA1,,51685,FIN-003
INV-46558,DISP-08961,OMC-014,Texol Energies,LUB,2026-05-31,220157,FIN-003
INV-48863,DISP-08451,OMC-002,Vivo Energy,JETA1,2026-04-03,103275,FIN-005
INV-53602,DISP-09668,OMC-003,Rubis Energy,LPG,2025-11-16,72753,FIN-003
INV-97217,DISP-00981,OMC-019,Tanzania Petroleum,DPK,2025-09-24," KES 233,493 ",FIN-005
INV-53700,DISP-00825,OMC-001,TotalEnergies Kenya,PMS,2026-02-23,35209,FIN-003
INV-69091,DISP-07316,OMC-007,Kobil,PMS,2026-06-20,188980,FIN-002
INV-40922,DISP-01906,OMC-006,Hashi Energy,JETA1,2026-01-31,51642,FIN-004
INV-69787,DISP-04737,OMC-013,Lake Oil,PMS,2026-04-07,247985,FIN-001
INV-25953,DISP-01562,OMC-017,KAA Aviation,DPK,2026-05-11,35748,FIN-001
INV-29326,DISP-07607,OMC-006,Hashi Energy,AGO,2025-05-24,124538,FIN-004
INV-93939,DISP-06475,OMC-013,Lake Oil,HFO,2025-12-12,266892,FIN-004
INV-70550,DISP-06702,OMC-019,Tanzania Petroleum,JETA1,2025-01-25,127732,FIN-003
INV-48232,DISP-02026,OMC-003,Rubis Energy,LUB,2026-03-04,134527,FIN-001
INV-91997,DISP-08764,OMC-015,Mombasa Petroleum,LPG,2025-02-12,244558,FIN-001
INV-40558,DISP-03495,OMC-005,PetroOil Kenya,AGO,2026-02-08,21597,FIN-005
INV-95014,DISP-09768,OMC-005,PetroOil Kenya,AGO,2026-04-21,110211,FIN-005
INV-94068,DISP-01179,OMC-002,Vivo Energy,PMS,2025-01-06,182925,FIN-001
INV-89167,DISP-06187,OMC-016,KPA Marine,DPK,2025-01-08,158625,FIN-003
INV-54033,DISP-04545,OMC-003,Rubis Energy,DPK,2026-01-15,24742,FIN-002
INV-64980,DISP-06335,OMC-018,Uganda National Oil,JETA1,2025-12-18,31935,FIN-002
INV-24067,DISP-04465,OMC-002,Vivo Energy,PMS,2025-12-10,55813,FIN-004
INV-91693,DISP-09211,OMC-018,Uganda National Oil,JETA1,2026-03-12,56829,FIN-003
INV-15780,DISP-07840,OMC-019,Tanzania Petroleum,JETA1,2026-01-02,65766,FIN-002
INV-94405,DISP-07354,OMC-009,Dalbit Petroleum,LUB,2026-01-17,189708,FIN-005
INV-52748,DISP-04033,OMC-010,Tamoil,JETA1,2025-08-30,52985,FIN-001
INV-40655,DISP-07486,OMC-008,National Oil,LPG,2025-09-09,243610,FIN-001
INV-78433,DISP-05935,OMC-002,Vivo Energy,JETA1,2026-05-04,30904,FIN-004
INV-34162,DISP-02834,OMC-019,Tanzania Petroleum,DPK,2026-02-01,66025,FIN-001
INV-30896,DISP-01964,OMC-009,Dalbit Petroleum,PMS,2026-01-22,170435,FIN-004
INV-54629,DISP-05016,OMC-011,Hass Petroleum,JETA1,2025-08-28,39645,FIN-005
INV-76792,DISP-07021,OMC-005,PetroOil Kenya,JETA1,2026-02-12,154383,FIN-002
INV-20263,DISP-05535,OMC-012,Galana Energies,DPK,2026-04-22,155626,FIN-004
INV-70562,DISP-07314,OMC-017,KAA Aviation,AGO,2026-06-23,40861,FIN-004
INV-76234,DISP-04838,OMC-014,Texol Energies,HFO,2025-02-08,168481,FIN-002
INV-82520,DISP-00962,OMC-020,Ethiopian Oil,AGO,2025-10-05,38682,FIN-002
INV-49368,DISP-02636,OMC-014,Texol Energies,JETA1,2025-12-26,43568,FIN-004
INV-76890,DISP-04739,OMC-005,PetroOil Kenya,AGO,2026-02-05,170400,FIN-004
INV-68265,DISP-08911,OMC-007,Kobil,AGO,2026-07-04,141859,FIN-003
INV-17456,DISP-09350,OMC-006,Hashi Energy,JETA1,2026-07-02,22884,FIN-003
INV-30951,DISP-01808,OMC-018,Uganda National Oil,HFO,2025-07-15,26900,FIN-005
INV-26175,DISP-09966,OMC-016,KPA Marine,PMS,2026-03-28,77055,FIN-005
INV-22601,DISP-07124,OMC-018,Uganda National Oil,JETA1,2026-03-23,37387,FIN-001
INV-19326,DISP-06120,OMC-008,National Oil,JETA1,2025-06-10,147459,FIN-003
INV-96790,DISP-02223,OMC-007,Kobil,LPG,2025-02-19,85930,FIN-005
INV-84034,DISP-05621,OMC-005,PetroOil Kenya,PMS,2026-05-04," KES 84,030 ",FIN-002
INV-31439,DISP-02036,OMC-020,Ethiopian Oil,PMS,2025-08-20,38953,FIN-002
INV-43843,DISP-09849,OMC-013,Lake Oil,HFO,2026-01-29,56700,FIN-004
INV-97601,DISP-02424,OMC-008,National Oil,DPK,2025-10-17," KES 238,003 ",FIN-005
INV-40765,DISP-02202,OMC-010,Tamoil,LPG,2026-01-17,24826,FIN-005
INV-36021,DISP-02914,OMC-019,Tanzania Petroleum,LPG,2025-07-07,21407,FIN-004
INV-48357,DISP-01765,OMC-001,TotalEnergies Kenya,JETA1,2025-10-15,249228,FIN-005
INV-47426,DISP-09563,OMC-020,Ethiopian Oil,AGO,,127541,FIN-005
INV-81783,DISP-03572,OMC-010,Tamoil,LPG,2026-02-06,48592,FIN-001
INV-16439,DISP-08149,OMC-010,Tamoil,HFO,2025-12-10,212988,FIN-004
INV-18027,DISP-07773,OMC-014,Texol Energies,HFO,2025-12-04,54634,FIN-002
INV-43646,DISP-02324,OMC-015,Mombasa Petroleum,LUB,2026-06-19,91924,FIN-002
INV-26232,DISP-02354,OMC-007,Kobil,PMS,2025-02-14,24536,FIN-001
INV-39985,DISP-05677,OMC-007,Kobil,LUB,2025-10-02,133318,FIN-004
INV-90117,DISP-09205,OMC-016,KPA Marine,PMS,2025-01-18,59390,FIN-001
INV-41385,DISP-05462,OMC-007,Kobil,HFO,2025-08-26,53918,FIN-003
INV-37063,DISP-07645,OMC-003,Rubis Energy,DPK,01/06/2026,262337,FIN-005
INV-20878,DISP-00522,OMC-012,Galana Energies,JETA1,2026-03-14,160533,FIN-002
INV-96408,DISP-01035,OMC-001,TotalEnergies Kenya,LPG,2025-02-06," KES 41,075 ",FIN-004
INV-42416,DISP-00585,OMC-016,KPA Marine,LPG,2025-10-10,144241,FIN-002
INV-27334,DISP-05544,OMC-002,Vivo Energy,AGO,2025-02-10,118091,FIN-003
INV-98614,DISP-03470,OMC-017,KAA Aviation,PMS,2026-05-25,117605,FIN-003
INV-85189,DISP-02580,OMC-008,National Oil,LUB,2026-02-17,56330,FIN-002
INV-24256,DISP-00355,OMC-011,Hass Petroleum,DPK,2025-01-24,33035,FIN-004
INV-19392,DISP-06797,OMC-003,Rubis Energy,LUB,2025-09-27," KES 286,600 ",FIN-005
INV-51689,DISP-00646,OMC-002,Vivo Energy,DPK,2025-04-09,179611,FIN-005
INV-52314,DISP-05719,OMC-002,Vivo Energy,JETA1,2025-03-22,59013,FIN-005
INV-30685,DISP-06260,OMC-007,Kobil,JETA1,2025-05-11,105375,FIN-001
INV-29271,DISP-06881,OMC-003,Rubis Energy,LPG,2025-03-05,113191,FIN-005
INV-45020,DISP-08403,OMC-003,Rubis Energy,JETA1,2026-03-27," KES 270,067 ",FIN-001
INV-40201,DISP-06987,OMC-001,TotalEnergies Kenya,LUB,2025-07-21,116454,FIN-004
INV-60248,DISP-04037,OMC-011,Hass Petroleum,PMS,2026-04-11,235764,FIN-002
INV-40037,DISP-04195,OMC-020,Ethiopian Oil,JETA1,2025-09-10,120523,FIN-004
INV-52984,DISP-08826,OMC-013,Lake Oil,HFO,2025-05-09,61776,FIN-002
INV-58672,DISP-09879,OMC-007,Kobil,LUB,2025-08-24,58936,FIN-004
INV-31167,DISP-09766,OMC-002,Vivo Energy,JETA1,2025-05-15,23566,FIN-004
INV-48879,DISP-04089,OMC-019,Tanzania Petroleum,LUB,2026-02-22,43088,FIN-004
INV-72872,DISP-00385,OMC-006,Hashi Energy,HFO,2026-05-25,63443,FIN-003
INV-81341,DISP-01453,OMC-020,Ethiopian Oil,AGO,2025-07-15,145628,FIN-003
INV-64051,DISP-09778,OMC-007,Kobil,PMS,2025-10-27,31903,FIN-001
INV-18312,DISP-02933,OMC-001,TotalEnergies Kenya,AGO,2025-11-14,203587,FIN-002
INV-28151,DISP-09403,OMC-001,TotalEnergies Kenya,AGO,2025-05-08," KES 127,555 ",FIN-003
INV-63506,DISP-00994,OMC-014,Texol Energies,JETA1,2025-11-23,41897,FIN-004
INV-89742,DISP-02243,OMC-007,Kobil,LPG,2026-01-14,233810,FIN-002
INV-99311,DISP-04297,OMC-016,KPA Marine,LUB,2025-09-23,104057,FIN-001
INV-16155,DISP-04633,OMC-019,Tanzania Petroleum,LUB,2026-02-27,208002,FIN-001
INV-54959,DISP-02709,OMC-003,Rubis Energy,HFO,2025-04-17,115613,FIN-001
INV-33648,DISP-08753,OMC-008,National Oil,HFO,2025-04-30,207303,FIN-005
INV-82217,DISP-08774,OMC-013,Lake Oil,HFO,2025-12-18,180769,FIN-002
INV-87006,DISP-08445,OMC-007,Kobil,JETA1,2026-02-23,45032,FIN-002
INV-59966,DISP-02665,OMC-006,Hashi Energy,JETA1,2025-06-09,59906,FIN-003
INV-26627,DISP-09203,OMC-003,Rubis Energy,AGO,2025-03-13,185319,FIN-001
INV-21238,DISP-03368,OMC-016,KPA Marine,LUB,2026-04-30,196958,FIN-004
INV-39690,DISP-05668,OMC-001,TotalEnergies Kenya,JETA1,2025-11-24,33445,FIN-002
INV-43365,DISP-05313,OMC-006,Hashi Energy,PMS,2026-02-10,52307,FIN-005
INV-84781,DISP-07117,OMC-008,National Oil,PMS,2025-05-04,147862,FIN-001
INV-54781,DISP-03931,OMC-011,Hass Petroleum,JETA1,2025-09-29,151206,FIN-001
INV-77737,DISP-06792,OMC-002,Vivo Energy,DPK,2025-06-02,44306,FIN-004
INV-56906,DISP-02946,OMC-001,TotalEnergies Kenya,HFO,2025-11-13,264581,FIN-004
INV-60138,DISP-05933,OMC-016,KPA Marine,AGO,2026-05-11,137201,FIN-002
INV-59732,DISP-06328,OMC-017,KAA Aviation,LPG,2026-02-13,47404,FIN-005
INV-59256,DISP-05706,OMC-018,Uganda National Oil,LPG,2025-03-05,58878,FIN-001
INV-68037,DISP-04795,OMC-007,Kobil,LPG,2026-05-07,245131,FIN-001
INV-99726,DISP-06752,OMC-005,PetroOil Kenya,LPG,21/04/2026,171096,FIN-004
INV-53824,DISP-09035,OMC-009,Dalbit Petroleum,LPG,2026-06-24,237485,FIN-002
INV-91616,DISP-01522,OMC-013,Lake Oil,HFO,2025-07-17,30083,FIN-001
INV-15408,DISP-05805,OMC-013,Lake Oil,LUB,2025-07-04,87052,FIN-003
INV-47708,DISP-02383,OMC-016,KPA Marine,AGO,2025-02-22,205560,FIN-005
INV-63689,DISP-08237,OMC-016,KPA Marine,PMS,2025-08-17,130022,FIN-004
INV-50273,DISP-05808,OMC-019,Tanzania Petroleum,HFO,2026-05-27,88565,FIN-001
INV-21370,DISP-00201,OMC-018,Uganda National Oil,PMS,2026-05-15,160296,FIN-005
INV-85979,DISP-05708,OMC-005,PetroOil Kenya,LUB,2026-02-20,60348,FIN-004
INV-37389,DISP-08381,OMC-009,Dalbit Petroleum,LUB,2025-08-18,110276,FIN-001
INV-60233,DISP-02145,OMC-005,PetroOil Kenya,DPK,2026-04-12,191553,FIN-003
INV-94722,DISP-00554,OMC-012,Galana Energies,JETA1,2026-04-10,50022,FIN-001
INV-76086,DISP-08840,OMC-018,Uganda National Oil,HFO,2026-04-14,39462,FIN-003
INV-33838,DISP-06570,OMC-013,Lake Oil,PMS,2025-08-02,58867,FIN-003
INV-32058,DISP-08552,OMC-012,Galana Energies,PMS,2026-03-18," KES 163,815 ",FIN-005
INV-90660,DISP-00599,OMC-008,National Oil,AGO,2025-05-05,51315,FIN-002
INV-41267,DISP-01786,OMC-004,Gulf Energy,PMS,2026-03-01,224670,FIN-004
INV-58980,DISP-07947,OMC-017,KAA Aviation,AGO,2025-09-27," KES 122,197 ",FIN-004
INV-52994,DISP-04266,OMC-014,Texol Energies,DPK,2026-01-15,39560,FIN-002
INV-60189,DISP-05673,OMC-002,Vivo Energy,JETA1,2026-02-06,202274,FIN-003
INV-82329,DISP-09085,OMC-015,Mombasa Petroleum,LPG,2025-04-30," KES 138,709 ",FIN-003
INV-94438,DISP-08624,OMC-019,Tanzania Petroleum,DPK,2025-06-11,23468,FIN-005
INV-14842,DISP-04605,OMC-011,Hass Petroleum,LPG,2025-09-26,26550,FIN-004
INV-56118,DISP-01250,OMC-005,PetroOil Kenya,LUB,24/02/2026,162048,FIN-001
INV-64968,DISP-00315,OMC-009,Dalbit Petroleum,HFO,2025-06-15,130778,FIN-001
INV-53502,DISP-00198,OMC-003,Rubis Energy,PMS,25/07/2025,61820,FIN-001
INV-82953,DISP-05908,OMC-019,Tanzania Petroleum,AGO,2025-06-17,34538,FIN-004
INV-34262,DISP-09635,OMC-006,Hashi Energy,LUB,2025-03-04,164733,FIN-005
INV-64589,DISP-03731,OMC-018,Uganda National Oil,LPG,,44836,FIN-002
INV-89985,DISP-02687,OMC-010,Tamoil,HFO,2026-03-14,278173,FIN-002
INV-57457,DISP-02180,OMC-013,Lake Oil,JETA1,2026-07-02,49521,FIN-001
INV-99808,DISP-07443,OMC-014,Texol Energies,DPK,2025-06-05,112571,FIN-003
INV-56132,DISP-01192,OMC-003,Rubis Energy,DPK,,47204,FIN-003
INV-62289,DISP-03481,OMC-019,Tanzania Petroleum,JETA1,2025-05-12,28167,FIN-002
INV-97517,DISP-02258,OMC-010,Tamoil,DPK,2026-03-10,190681,FIN-002
INV-78699,DISP-06841,OMC-018,Uganda National Oil,PMS,2025-03-18,29022,FIN-004
INV-49977,DISP-04863,OMC-009,Dalbit Petroleum,LPG,2025-06-15," KES 108,859 ",FIN-004
INV-76222,DISP-00091,OMC-012,Galana Energies,LUB,,185616,FIN-005
INV-71159,DISP-05487,OMC-012,Galana Energies,LPG,2026-02-24,43753,FIN-005
INV-58192,DISP-07965,OMC-008,National Oil,JETA1,2026-02-16,201932,FIN-003
INV-22400,DISP-05126,OMC-006,Hashi Energy,LUB,2025-09-14,223581,FIN-004
INV-52996,DISP-00279,OMC-020,Ethiopian Oil,PMS,2025-03-16,41281,FIN-005
INV-80593,DISP-06458,OMC-004,Gulf Energy,AGO,2026-03-15,213754,FIN-002
INV-56308,DISP-07864,OMC-013,Lake Oil,JETA1,2026-03-31," KES 162,986 ",FIN-002
INV-48847,DISP-07960,OMC-005,PetroOil Kenya,PMS,2026-03-30,57597,FIN-003
INV-82134,DISP-06295,OMC-007,Kobil,DPK,2025-11-30,205213,FIN-004
INV-83902,DISP-07769,OMC-014,Texol Energies,DPK,2026-03-09,25343,FIN-005
INV-55096,DISP-07516,OMC-014,Texol Energies,JETA1,2025-12-09,136297,FIN-005
INV-83175,DISP-08222,OMC-017,KAA Aviation,HFO,2026-03-21,177279,FIN-005
INV-88059,DISP-06864,OMC-007,Kobil,AGO,2026-02-12,102837,FIN-003
INV-66542,DISP-02915,OMC-018,Uganda National Oil,PMS,2026-01-12,209652,FIN-001
INV-89821,DISP-04921,OMC-011,Hass Petroleum,JETA1,2025-04-25,185787,FIN-005
INV-37867,DISP-03346,OMC-015,Mombasa Petroleum,PMS,2026-05-12,184590,FIN-004
INV-85706,DISP-08529,OMC-010,Tamoil,LUB,2026-02-03,64078,FIN-001
INV-74428,DISP-02999,OMC-014,Texol Energies,PMS,2025-07-11,21535,FIN-004
INV-47899,DISP-09689,OMC-010,Tamoil,DPK,2025-09-20,177859,FIN-001
INV-80767,DISP-08436,OMC-011,Hass Petroleum,HFO,2026-02-02," KES 204,911 ",FIN-003
INV-85581,DISP-08709,OMC-003,Rubis Energy,DPK,2025-03-16,181991,FIN-005
INV-75784,DISP-09569,OMC-007,Kobil,HFO,2025-10-24,75331,FIN-002
INV-56187,DISP-01387,OMC-008,National Oil,HFO,2026-01-01,27063,FIN-002
INV-63561,DISP-02975,OMC-012,Galana Energies,LUB,2026-04-10,200182,FIN-002
INV-30113,DISP-09878,OMC-013,Lake Oil,JETA1,2025-06-11,24081,FIN-003
INV-65034,DISP-00043,OMC-014,Texol Energies,LPG,2025-11-13,31538,FIN-003
INV-54326,DISP-09512,OMC-002,Vivo Energy,AGO,2025-10-11,50385,FIN-003
INV-69134,DISP-01499,OMC-018,Uganda National Oil,AGO,2025-06-06,173274,FIN-004
INV-88450,DISP-09178,OMC-003,Rubis Energy,DPK,27/05/2025,39306,FIN-003
INV-17077,DISP-07779,OMC-002,Vivo Energy,AGO,2025-08-08,42753,FIN-005
INV-24319,DISP-00193,OMC-019,Tanzania Petroleum,HFO,2025-04-09,111702,FIN-002
INV-29832,DISP-08899,OMC-020,Ethiopian Oil,PMS,2026-04-03,304316,FIN-003
INV-59871,DISP-03001,OMC-010,Tamoil,LPG,2026-05-19,188561,FIN-005
INV-47873,DISP-00596,OMC-014,Texol Energies,AGO,2025-11-24,110245,FIN-003
INV-97556,DISP-05400,OMC-007,Kobil,PMS,,285238,FIN-002
INV-49914,DISP-04099,OMC-006,Hashi Energy,LUB,2026-03-12,102545,FIN-003
INV-47539,DISP-09244,OMC-017,KAA Aviation,AGO,2025-12-29,31365,FIN-001
INV-87537,DISP-05552,OMC-018,Uganda National Oil,JETA1,2026-04-06,191531,FIN-001
INV-84474,DISP-05600,OMC-003,Rubis Energy,HFO,2026-03-14,226684,FIN-004
INV-30874,DISP-09329,OMC-020,Ethiopian Oil,JETA1,2025-12-04,111829,FIN-004
INV-46533,DISP-05694,OMC-018,Uganda National Oil,AGO,2025-12-21,25867,FIN-002
INV-85188,DISP-00295,OMC-009,Dalbit Petroleum,HFO,2025-07-12,122116,FIN-002
INV-90081,DISP-06129,OMC-012,Galana Energies,LPG,2026-02-23,57741,FIN-001
INV-80027,DISP-07335,OMC-002,Vivo Energy,LPG,2025-04-13,146438,FIN-003
INV-94471,DISP-03621,OMC-010,Tamoil,LPG,2025-03-27,281145,FIN-005
INV-27709,DISP-02801,OMC-009,Dalbit Petroleum,JETA1,2026-02-16,130666,FIN-002
INV-79801,DISP-06833,OMC-014,Texol Energies,LUB,2025-03-05,52101,FIN-003
INV-56544,DISP-03002,OMC-016,KPA Marine,AGO,2025-11-09,135690,FIN-004
INV-93157,DISP-07208,OMC-001,TotalEnergies Kenya,DPK,2025-10-09,92609,FIN-005
INV-17501,DISP-02509,OMC-012,Galana Energies,LUB,2026-02-11,183839,FIN-003
INV-49274,DISP-00728,OMC-014,Texol Energies,LPG,2025-08-30,229680,FIN-004
INV-80254,DISP-05570,OMC-004,Gulf Energy,HFO,2026-02-06,46491,FIN-001
INV-60223,DISP-08412,OMC-016,KPA Marine,PMS,2025-01-06,233323,FIN-002
INV-34081,DISP-07237,OMC-003,Rubis Energy,JETA1,2026-02-26,130423,FIN-005
INV-33522,DISP-05780,OMC-018,Uganda National Oil,LUB,2026-04-04,263132,FIN-004
INV-52298,DISP-09101,OMC-004,Gulf Energy,JETA1,2026-03-28,100379,FIN-005
INV-54632,DISP-06343,OMC-008,National Oil,JETA1,2026-03-19,210823,FIN-003
INV-89796,DISP-05064,OMC-004,Gulf Energy,LPG,2026-03-21,124569,FIN-001
INV-29905,DISP-07131,OMC-003,Rubis Energy,DPK,2025-03-25,183562,FIN-004
INV-83723,DISP-06730,OMC-018,Uganda National Oil,LPG,01/06/2025,149974,FIN-002
INV-40234,DISP-07271,OMC-009,Dalbit Petroleum,LUB,2025-03-19,132581,FIN-003
INV-17247,DISP-09701,OMC-008,National Oil,LUB,2026-02-27,59511,FIN-003
INV-41960,DISP-02541,OMC-019,Tanzania Petroleum,LUB,2026-02-21,271066,FIN-005
INV-52068,DISP-07839,OMC-012,Galana Energies,LPG,2026-02-15,54399,FIN-001
INV-92755,DISP-05237,OMC-012,Galana Energies,PMS,2026-02-25,201032,FIN-005
INV-71432,DISP-06438,OMC-009,Dalbit Petroleum,LUB,2025-08-29,240448,FIN-003
INV-38705,DISP-05507,OMC-016,KPA Marine,AGO,2026-03-19,144295,FIN-001
INV-75453,DISP-00326,OMC-013,Lake Oil,HFO,2025-03-02,27041,FIN-004
INV-27139,DISP-08887,OMC-019,Tanzania Petroleum,HFO,2025-09-05,106284,FIN-004
INV-62844,DISP-08800,OMC-014,Texol Energies,LUB,2025-06-12,34728,FIN-002
INV-18802,DISP-09039,OMC-006,Hashi Energy,HFO,2025-10-31,43885,FIN-005
INV-65561,DISP-00638,OMC-020,Ethiopian Oil,LUB,2025-03-20,144554,FIN-001
INV-73423,DISP-02313,OMC-008,National Oil,JETA1,2025-02-08,37681,FIN-001
INV-61105,DISP-07978,OMC-001,TotalEnergies Kenya,AGO,2025-08-28,283403,FIN-002
INV-78941,DISP-01577,OMC-019,Tanzania Petroleum,HFO,2026-01-02,48383,FIN-004
INV-34152,DISP-04151,OMC-017,KAA Aviation,HFO,2025-05-09,205844,FIN-002
INV-52141,DISP-07146,OMC-016,KPA Marine,DPK,2025-02-16,170014,FIN-003
INV-23544,DISP-07477,OMC-019,Tanzania Petroleum,AGO,2025-03-05,159560,FIN-003
INV-29697,DISP-04768,OMC-018,Uganda National Oil,HFO,2025-01-19,115581,FIN-004
INV-93917,DISP-09502,OMC-006,Hashi Energy,JETA1,2025-04-03,42775,FIN-002
INV-52957,DISP-03061,OMC-020,Ethiopian Oil,DPK,2026-04-16,43732,FIN-003
INV-73980,DISP-02522,OMC-002,Vivo Energy,HFO,2026-05-05,107558,FIN-004
INV-86818,DISP-07072,OMC-017,KAA Aviation,LPG,2025-11-14,50093,FIN-005
INV-49038,DISP-08555,OMC-013,Lake Oil,LPG,26/05/2025,182285,FIN-003
INV-94284,DISP-08105,OMC-012,Galana Energies,HFO,2026-02-27,63719,FIN-005
INV-75141,DISP-05312,OMC-017,KAA Aviation,AGO,2026-06-06,34966,FIN-004
INV-54406,DISP-01944,OMC-005,PetroOil Kenya,LUB,2026-05-02,233594,FIN-004
INV-30916,DISP-05251,OMC-007,Kobil,PMS,2025-09-19,195253,FIN-001
INV-71929,DISP-06037,OMC-009,Dalbit Petroleum,JETA1,2025-04-12,27977,FIN-005
INV-57153,DISP-00792,OMC-006,Hashi Energy,JETA1,2026-02-10,299702,FIN-002
INV-44415,DISP-09065,OMC-010,Tamoil,JETA1,2026-02-16,211980,FIN-005
INV-98597,DISP-09317,OMC-010,Tamoil,LUB,2025-10-10,62695,FIN-005
INV-10442,DISP-05474,OMC-013,Lake Oil,LUB,2025-01-10,113605,FIN-003
INV-75583,DISP-09284,OMC-004,Gulf Energy,AGO,2026-04-16,42528,FIN-005
INV-95440,DISP-04577,OMC-018,Uganda National Oil,JETA1,2025-05-13,55219,FIN-003
INV-67944,DISP-09281,OMC-014,Texol Energies,AGO,2025-04-09,134885,FIN-001
INV-29374,DISP-09253,OMC-012,Galana Energies,LPG,2026-03-01,57288,FIN-001
INV-19608,DISP-01553,OMC-006,Hashi Energy,LUB,2025-08-28,189217,FIN-003
INV-15810,DISP-05762,OMC-014,Texol Energies,AGO,2025-10-31,133739,FIN-002
INV-39382,DISP-03453,OMC-008,National Oil,HFO,2025-10-26,46118,FIN-002
INV-45974,DISP-09122,OMC-006,Hashi Energy,LUB,2026-06-22,119512,FIN-004
INV-14547,DISP-00186,OMC-006,Hashi Energy,JETA1,2025-05-04,124308,FIN-003
INV-90587,DISP-07742,OMC-005,PetroOil Kenya,PMS,2026-04-28,205724,FIN-001
INV-53362,DISP-09038,OMC-020,Ethiopian Oil,LUB,2025-08-23,142314,FIN-005
INV-94708,DISP-04745,OMC-015,Mombasa Petroleum,PMS,2026-05-15,205081,FIN-005
INV-24443,DISP-02932,OMC-006,Hashi Energy,AGO,2025-12-11,224574,FIN-003
INV-63240,DISP-01133,OMC-014,Texol Energies,LUB,2026-03-13,23992,FIN-003
INV-90510,DISP-00150,OMC-001,TotalEnergies Kenya,AGO,2025-08-02,144766,FIN-004
INV-58442,DISP-09676,OMC-011,Hass Petroleum,LUB,2026-03-11,58628,FIN-001
INV-27437,DISP-08164,OMC-019,Tanzania Petroleum,HFO,2025-01-06,269420,FIN-004
INV-82939,DISP-02282,OMC-007,Kobil,PMS,2025-07-02,257007,FIN-002
INV-93364,DISP-08229,OMC-018,Uganda National Oil,AGO,2025-12-21,290575,FIN-005
INV-10588,DISP-06601,OMC-015,Mombasa Petroleum,HFO,2025-02-19,61326,FIN-002
INV-31769,DISP-04290,OMC-009,Dalbit Petroleum,PMS,2026-01-09," KES 203,607 ",FIN-002
INV-74902,DISP-09056,OMC-001,TotalEnergies Kenya,HFO,2025-08-21,110505,FIN-004
INV-27112,DISP-08526,OMC-019,Tanzania Petroleum,HFO,2026-06-24,170108,FIN-001
INV-17227,DISP-06562,OMC-015,Mombasa Petroleum,LUB,,27829,FIN-002
INV-93962,DISP-01496,OMC-019,Tanzania Petroleum,DPK,2025-12-25,46501,FIN-003
INV-82044,DISP-03624,OMC-015,Mombasa Petroleum,JETA1,2025-03-11,21822,FIN-002
INV-68827,DISP-02367,OMC-001,TotalEnergies Kenya,LPG,2025-01-14,164555,FIN-001
INV-12465,DISP-00750,OMC-015,Mombasa Petroleum,DPK,,191898,FIN-005
INV-66397,DISP-07195,OMC-009,Dalbit Petroleum,LUB,2026-04-13,276731,FIN-003
INV-82003,DISP-02781,OMC-004,Gulf Energy,PMS,2026-03-05,106249,FIN-003
INV-61142,DISP-09620,OMC-007,Kobil,DPK,2025-10-29,61173,FIN-003
INV-90041,DISP-07595,OMC-015,Mombasa Petroleum,PMS,2026-05-26,188560,FIN-001
INV-27022,DISP-09951,OMC-019,Tanzania Petroleum,AGO,2025-04-22,132409,FIN-005
INV-76647,DISP-00546,OMC-001,TotalEnergies Kenya,JETA1,,24763,FIN-001
INV-82477,DISP-09133,OMC-005,PetroOil Kenya,DPK,2026-03-24,172214,FIN-004
INV-87912,DISP-04679,OMC-005,PetroOil Kenya,LUB,2026-03-06,47877,FIN-002
INV-52302,DISP-00442,OMC-019,Tanzania Petroleum,PMS,2026-06-15,128613,FIN-005
INV-53875,DISP-01884,OMC-017,KAA Aviation,DPK,2026-05-29,238623,FIN-005
INV-72043,DISP-05687,OMC-002,Vivo Energy,DPK,2026-05-27,24390,FIN-002
INV-64354,DISP-04177,OMC-019,Tanzania Petroleum,DPK,2025-07-19,209452,FIN-004
INV-81321,DISP-04690,OMC-008,National Oil,HFO,2025-11-09,62305,FIN-003
INV-28973,DISP-07873,OMC-016,KPA Marine,PMS,30/11/2025,116973,FIN-002
INV-64395,DISP-01155,OMC-002,Vivo Energy,LPG,2025-12-28,30783,FIN-001
INV-93087,DISP-03079,OMC-001,TotalEnergies Kenya,LPG,2025-01-30,38880,FIN-005
INV-54118,DISP-00470,OMC-003,Rubis Energy,LPG,2025-01-23,25509,FIN-004
INV-36779,DISP-07502,OMC-010,Tamoil,LPG,2025-09-15,279853,FIN-003
INV-83180,DISP-04463,OMC-007,Kobil,PMS,2025-06-02,122256,FIN-005
INV-94491,DISP-08524,OMC-017,KAA Aviation,LPG,2025-04-14,206143,FIN-002
INV-18142,DISP-09549,OMC-020,Ethiopian Oil,JETA1,12/11/2025,41626,FIN-005
INV-18071,DISP-06602,OMC-013,Lake Oil,DPK,2025-03-09,180301,FIN-002
INV-17258,DISP-05163,OMC-017,KAA Aviation,HFO,2025-12-21,215416,FIN-005
INV-21798,DISP-07753,OMC-003,Rubis Energy,DPK,2025-05-20,45027,FIN-004
INV-41330,DISP-01151,OMC-019,Tanzania Petroleum,LUB,2026-03-10,129343,FIN-005
INV-10093,DISP-07103,OMC-005,PetroOil Kenya,JETA1,2026-03-10,157391,FIN-003
INV-39163,DISP-09628,OMC-006,Hashi Energy,DPK,2026-06-23,100818,FIN-005
INV-38087,DISP-09334,OMC-020,Ethiopian Oil,LPG,2026-06-07,99302,FIN-005
INV-56599,DISP-08541,OMC-013,Lake Oil,AGO,2026-04-27,248471,FIN-003
INV-97205,DISP-03214,OMC-016,KPA Marine,AGO,2025-07-06,34124,FIN-005
INV-19582,DISP-00873,OMC-018,Uganda National Oil,LUB,2026-05-12,45420,FIN-004
INV-35888,DISP-08245,OMC-017,KAA Aviation,LUB,2025-01-11,26284,FIN-004
INV-20727,DISP-01055,OMC-004,Gulf Energy,AGO,2026-02-19,45109,FIN-005
INV-97546,DISP-07427,OMC-003,Rubis Energy,LUB,13/12/2025,42783,FIN-001
INV-49592,DISP-02299,OMC-012,Galana Energies,PMS,2026-05-04,65640,FIN-004
INV-68941,DISP-07556,OMC-001,TotalEnergies Kenya,HFO,2025-06-29,31693,FIN-003
INV-15999,DISP-03337,OMC-004,Gulf Energy,LUB,2026-04-11,149242,FIN-005
INV-53318,DISP-00071,OMC-017,KAA Aviation,LPG,2025-11-04," KES 234,446 ",FIN-005
INV-28838,DISP-03183,OMC-017,KAA Aviation,LUB,2025-06-26,177137,FIN-002
INV-13769,DISP-07482,OMC-013,Lake Oil,HFO,2026-05-04,141958,FIN-005
INV-95964,DISP-07151,OMC-007,Kobil,LUB,2025-07-24,108097,FIN-002
INV-11478,DISP-02884,OMC-003,Rubis Energy,HFO,2025-12-14,172945,FIN-002
INV-60229,DISP-01905,OMC-012,Galana Energies,HFO,2026-02-15,65999,FIN-002
INV-46195,DISP-07428,OMC-002,Vivo Energy,JETA1,2025-12-27,199505,FIN-004
INV-69704,DISP-01620,OMC-020,Ethiopian Oil,LPG,2025-11-08,149888,FIN-002
INV-42012,DISP-06993,OMC-016,KPA Marine,DPK,2025-12-04,59776,FIN-005
INV-87351,DISP-09771,OMC-017,KAA Aviation,LPG,2025-04-17,63680,FIN-001
INV-15236,DISP-01540,OMC-015,Mombasa Petroleum,LPG,13/12/2025,35615,FIN-003
INV-21055,DISP-08602,OMC-009,Dalbit Petroleum,DPK,2026-03-13,229731,FIN-004
INV-21728,DISP-07038,OMC-011,Hass Petroleum,JETA1,2025-01-09,84878,FIN-004
INV-53215,DISP-03148,OMC-020,Ethiopian Oil,LPG,2025-05-15,45568,FIN-001
INV-18358,DISP-02791,OMC-001,TotalEnergies Kenya,PMS,2025-04-08," KES 160,834 ",FIN-001
INV-47779,DISP-01230,OMC-011,Hass Petroleum,LPG,2025-11-30,261649,FIN-004
INV-57992,DISP-08625,OMC-009,Dalbit Petroleum,LPG,2025-04-06,127214,FIN-001
INV-71677,DISP-08234,OMC-014,Texol Energies,HFO,2026-06-18,159204,FIN-004
INV-63357,DISP-04580,OMC-016,KPA Marine,LPG,,215426,FIN-003
INV-16028,DISP-04846,OMC-004,Gulf Energy,DPK,2026-04-19,161894,FIN-005
INV-95110,DISP-05175,OMC-004,Gulf Energy,JETA1,2026-04-24,60202,FIN-003
INV-53138,DISP-05033,OMC-020,Ethiopian Oil,LUB,2025-12-25,34977,FIN-001
INV-81851,DISP-08561,OMC-005,PetroOil Kenya,HFO,2026-04-27,48270,FIN-002
INV-63215,DISP-00072,OMC-004,Gulf Energy,DPK,,51440,FIN-004
INV-37008,DISP-01677,OMC-004,Gulf Energy,HFO,2026-03-14,59505,FIN-003
INV-76540,DISP-08785,OMC-013,Lake Oil,LUB,2025-02-12,45982,FIN-002
INV-41146,DISP-02333,OMC-013,Lake Oil,PMS,2025-05-16,275849,FIN-004
INV-96905,DISP-06922,OMC-003,Rubis Energy,PMS,2025-12-18,32507,FIN-004
INV-16532,DISP-00695,OMC-010,Tamoil,LPG,2026-02-21,266029,FIN-005
INV-94895,DISP-09810,OMC-013,Lake Oil,LUB,2026-01-25,133282,FIN-003
INV-66909,DISP-00694,OMC-016,KPA Marine,PMS,2025-08-01,115482,FIN-005
INV-25622,DISP-00818,OMC-014,Texol Energies,PMS,2026-01-30,33091,FIN-004
INV-31048,DISP-05271,OMC-002,Vivo Energy,AGO,2025-01-31,21030,FIN-004
INV-63805,DISP-08742,OMC-005,PetroOil Kenya,AGO,2026-02-05,130819,FIN-003
INV-96230,DISP-00207,OMC-006,Hashi Energy,AGO,2025-11-23,172331,FIN-002
INV-65439,DISP-05323,OMC-012,Galana Energies,HFO,2026-02-20,218660,FIN-004
INV-65205,DISP-07819,OMC-005,PetroOil Kenya,PMS,2026-02-16,97375,FIN-002
INV-14454,DISP-04964,OMC-006,Hashi Energy,LUB,2025-06-02,28175,FIN-001
INV-63554,DISP-06093,OMC-020,Ethiopian Oil,DPK,,54564,FIN-001
INV-81475,DISP-07971,OMC-019,Tanzania Petroleum,AGO,2025-03-15,59270,FIN-001
INV-43105,DISP-00944,OMC-007,Kobil,AGO,2026-05-11,105510,FIN-004
INV-99044,DISP-05050,OMC-020,Ethiopian Oil,LUB,2025-12-22,145034,FIN-004
INV-33534,DISP-09272,OMC-014,Texol Energies,HFO,2026-01-28,162899,FIN-005
INV-46586,DISP-01990,OMC-007,Kobil,LUB,2025-12-14,217371,FIN-004
INV-28879,DISP-05776,OMC-009,Dalbit Petroleum,PMS,2025-04-03,40112,FIN-001
INV-36230,DISP-04853,OMC-019,Tanzania Petroleum,LPG,2025-02-23,45164,FIN-001
INV-92073,DISP-09464,OMC-017,KAA Aviation,LUB,2025-09-25,127368,FIN-001
INV-23282,DISP-02562,OMC-001,TotalEnergies Kenya,LUB,2026-06-23,111107,FIN-003
INV-33365,DISP-02675,OMC-014,Texol Energies,DPK,2025-01-25,169534,FIN-002
INV-85540,DISP-08226,OMC-008,National Oil,PMS,2025-11-10,137178,FIN-001
INV-97832,DISP-06846,OMC-014,Texol Energies,AGO,2025-04-12,183611,FIN-002
INV-24691,DISP-05835,OMC-001,TotalEnergies Kenya,JETA1,2026-01-26,86566,FIN-001
INV-25282,DISP-02596,OMC-013,Lake Oil,AGO,2025-04-07,52686,FIN-003
INV-90852,DISP-04311,OMC-002,Vivo Energy,PMS,2026-02-21,251446,FIN-001
INV-38673,DISP-08801,OMC-020,Ethiopian Oil,DPK,2025-12-14,57834,FIN-002
INV-79249,DISP-02305,OMC-003,Rubis Energy,LUB,2026-05-09," KES 148,029 ",FIN-005
INV-59258,DISP-07860,OMC-010,Tamoil,JETA1,2025-01-08,160859,FIN-003
INV-95843,DISP-00239,OMC-008,National Oil,LUB,2026-04-20,58950,FIN-002
INV-24093,DISP-03679,OMC-007,Kobil,LUB,,22203,FIN-001
INV-11514,DISP-07690,OMC-015,Mombasa Petroleum,JETA1,2026-06-22,258740,FIN-003
INV-64052,DISP-03805,OMC-009,Dalbit Petroleum,AGO,2026-03-04,115295,FIN-001
INV-96574,DISP-06162,OMC-010,Tamoil,PMS,2025-09-25,28552,FIN-004
INV-94110,DISP-03348,OMC-001,TotalEnergies Kenya,PMS,2026-01-18,219256,FIN-001
INV-91131,DISP-04252,OMC-005,PetroOil Kenya,PMS,,74473,FIN-005
INV-46072,DISP-04775,OMC-008,National Oil,AGO,2025-06-18,25352,FIN-003
INV-79572,DISP-05086,OMC-005,PetroOil Kenya,LUB,2026-04-08,148413,FIN-004
INV-24008,DISP-07936,OMC-019,Tanzania Petroleum,HFO,2026-03-24,46707,FIN-003
INV-63172,DISP-02902,OMC-005,PetroOil Kenya,AGO,2026-03-21,62730,FIN-003
INV-82834,DISP-04727,OMC-009,Dalbit Petroleum,JETA1,2026-04-15,43600,FIN-001
INV-91738,DISP-04949,OMC-015,Mombasa Petroleum,PMS,2025-02-23,51562,FIN-002
INV-81716,DISP-04941,OMC-020,Ethiopian Oil,HFO,2026-07-05,27738,FIN-004
INV-40669,DISP-01168,OMC-007,Kobil,LPG,2026-01-29,114287,FIN-005
INV-17328,DISP-08989,OMC-018,Uganda National Oil,DPK,2026-05-21,62731,FIN-002
INV-56226,DISP-04009,OMC-019,Tanzania Petroleum,DPK,2025-07-13,73885,FIN-002
INV-52363,DISP-08651,OMC-018,Uganda National Oil,LUB,2025-07-17,39005,FIN-005
INV-23698,DISP-03844,OMC-015,Mombasa Petroleum,PMS,2025-07-26,38653,FIN-002
INV-52694,DISP-04724,OMC-003,Rubis Energy,LUB,2026-05-13,129055,FIN-002
INV-76904,DISP-05457,OMC-006,Hashi Energy,HFO,2026-01-14,230550,FIN-001
INV-23166,DISP-00421,OMC-019,Tanzania Petroleum,AGO,2025-11-10,113150,FIN-002
INV-24034,DISP-01017,OMC-009,Dalbit Petroleum,AGO,2026-04-02,42731,FIN-002
INV-18087,DISP-04991,OMC-008,National Oil,JETA1,2026-06-24,187256,FIN-002
INV-50057,DISP-05200,OMC-002,Vivo Energy,DPK,2025-02-07,56514,FIN-001
INV-68508,DISP-08589,OMC-019,Tanzania Petroleum,PMS,2026-05-28,163339,FIN-003
INV-53790,DISP-09213,OMC-008,National Oil,PMS,13/11/2025,39812,FIN-003
INV-29929,DISP-02941,OMC-014,Texol Energies,AGO,,112993,FIN-005
INV-15444,DISP-05819,OMC-013,Lake Oil,LUB,2026-03-14,264223,FIN-001
INV-54051,DISP-07627,OMC-010,Tamoil,LPG,2025-07-06,122853,FIN-005
INV-69219,DISP-00260,OMC-013,Lake Oil,LUB,2025-09-21,186229,FIN-001
INV-82829,DISP-08677,OMC-005,PetroOil Kenya,LUB,07/03/2026,160904,FIN-003
INV-31302,DISP-03863,OMC-010,Tamoil,LPG,2025-11-29,225458,FIN-004
INV-32052,DISP-06729,OMC-009,Dalbit Petroleum,DPK,2026-06-28,79066,FIN-003
INV-91230,DISP-08877,OMC-018,Uganda National Oil,LPG,2025-12-16,112379,FIN-001
INV-79063,DISP-05333,OMC-015,Mombasa Petroleum,AGO,2026-06-16,164810,FIN-001
INV-81844,DISP-09000,OMC-016,KPA Marine,AGO,2026-01-18,30935,FIN-002
INV-61513,DISP-09518,OMC-017,KAA Aviation,LPG,2025-04-21,57444,FIN-002
INV-89406,DISP-07743,OMC-006,Hashi Energy,JETA1,2025-09-10,128177,FIN-004
INV-36075,DISP-01031,OMC-007,Kobil,JETA1,2025-01-27,58091,FIN-003
INV-35168,DISP-09445,OMC-001,TotalEnergies Kenya,LPG,2025-11-30,204337,FIN-001
INV-85027,DISP-00155,OMC-008,National Oil,DPK,2026-06-19,148406,FIN-001
INV-87034,DISP-05646,OMC-015,Mombasa Petroleum,DPK,2026-06-25,153756,FIN-001
INV-90928,DISP-05256,OMC-014,Texol Energies,HFO,2026-03-03,188912,FIN-002
INV-31028,DISP-00195,OMC-015,Mombasa Petroleum,LUB,2025-11-17,181824,FIN-003
INV-31659,DISP-00630,OMC-019,Tanzania Petroleum,LPG,2026-03-07," KES 142,119 ",FIN-005
INV-49467,DISP-06171,OMC-004,Gulf Energy,JETA1,11/03/2026,60962,FIN-003
INV-10441,DISP-07992,OMC-005,PetroOil Kenya,DPK,2026-04-21,112281,FIN-001
INV-66701,DISP-08836,OMC-015,Mombasa Petroleum,PMS,2026-03-13,35830,FIN-002
INV-49348,DISP-05043,OMC-013,Lake Oil,LUB,05/01/2026,285167,FIN-002
INV-86524,DISP-02363,OMC-009,Dalbit Petroleum,DPK,2026-03-07,172842,FIN-005
INV-59401,DISP-08815,OMC-004,Gulf Energy,LPG,2026-02-10,52001,FIN-005
INV-67729,DISP-03951,OMC-010,Tamoil,LUB,2025-11-13,201864,FIN-003
INV-46934,DISP-02476,OMC-008,National Oil,PMS,2026-06-06,159181,FIN-001
INV-97600,DISP-09132,OMC-017,KAA Aviation,JETA1,2025-12-18,186761,FIN-004
INV-90996,DISP-02877,OMC-004,Gulf Energy,HFO,2026-02-21,141846,FIN-002
INV-66530,DISP-08603,OMC-002,Vivo Energy,PMS,2025-12-22,173492,FIN-005
INV-62091,DISP-02149,OMC-015,Mombasa Petroleum,DPK,2025-02-03,33161,FIN-005
INV-42167,DISP-03937,OMC-016,KPA Marine,DPK,2025-08-01,26868,FIN-004
INV-76984,DISP-01642,OMC-014,Texol Energies,PMS,2025-03-22,38292,FIN-004
INV-89832,DISP-01555,OMC-015,Mombasa Petroleum,JETA1,11/08/2025,110159,FIN-002
INV-55221,DISP-08813,OMC-014,Texol Energies,DPK,2025-07-02,246697,FIN-005
INV-62384,DISP-05464,OMC-002,Vivo Energy,LUB,13/03/2025,91002,FIN-001
INV-93434,DISP-03142,OMC-010,Tamoil,LUB,2025-11-17,53519,FIN-002
INV-75149,DISP-08577,OMC-016,KPA Marine,JETA1,2025-11-26,59295,FIN-005
INV-36574,DISP-02669,OMC-004,Gulf Energy,HFO,2026-04-27,97785,FIN-002
INV-48651,DISP-00249,OMC-019,Tanzania Petroleum,PMS,2025-05-14,236593,FIN-002
INV-63536,DISP-05664,OMC-014,Texol Energies,PMS,2026-03-18,62004,FIN-002
INV-22554,DISP-04153,OMC-010,Tamoil,AGO,," KES 34,819 ",FIN-001
INV-57470,DISP-04449,OMC-017,KAA Aviation,JETA1,2026-03-01,155334,FIN-002
INV-55406,DISP-05900,OMC-005,PetroOil Kenya,JETA1,2026-02-19," KES 58,862 ",FIN-001
INV-90668,DISP-04288,OMC-015,Mombasa Petroleum,DPK,,148004,FIN-004
INV-89802,DISP-00858,OMC-002,Vivo Energy,JETA1,2025-09-13,55579,FIN-005
INV-53555,DISP-03275,OMC-011,Hass Petroleum,DPK,2025-05-07,232235,FIN-002
INV-75603,DISP-07176,OMC-008,National Oil,LUB,2025-04-21,56738,FIN-005
INV-54818,DISP-02095,OMC-007,Kobil,DPK,2026-07-07,264917,FIN-004
INV-70050,DISP-01143,OMC-014,Texol Energies,LPG,2026-06-04,34373,FIN-003
INV-16025,DISP-06257,OMC-015,Mombasa Petroleum,JETA1,2025-11-23,176360,FIN-004
INV-60043,DISP-01026,OMC-009,Dalbit Petroleum,DPK,2025-06-28,24952,FIN-004
INV-74080,DISP-07144,OMC-008,National Oil,LPG,2026-03-22,277714,FIN-003
INV-98205,DISP-07672,OMC-008,National Oil,LUB,2025-02-06,48620,FIN-005
INV-82016,DISP-07189,OMC-012,Galana Energies,LUB,2026-04-21,40330,FIN-001
INV-35319,DISP-09576,OMC-019,Tanzania Petroleum,JETA1,2025-09-02,189904,FIN-002
INV-63302,DISP-05789,OMC-004,Gulf Energy,AGO,2026-03-05,157751,FIN-005
INV-54991,DISP-04097,OMC-013,Lake Oil,PMS,23/12/2025,25111,FIN-002
INV-57216,DISP-07964,OMC-018,Uganda National Oil,LUB,2025-12-18,214168,FIN-001
INV-79293,DISP-03025,OMC-001,TotalEnergies Kenya,LUB,2026-01-07,60687,FIN-001
INV-20872,DISP-05020,OMC-003,Rubis Energy,LUB,2026-03-24,260658,FIN-004
INV-29556,DISP-06077,OMC-014,Texol Energies,HFO,2026-06-05,195455,FIN-002
INV-15015,DISP-02414,OMC-019,Tanzania Petroleum,DPK,2025-07-10,195539,FIN-004
INV-14835,DISP-00578,OMC-005,PetroOil Kenya,HFO,2026-04-19,146727,FIN-004
INV-47404,DISP-07642,OMC-016,KPA Marine,LUB,2026-03-03,314908,FIN-001
INV-65554,DISP-05133,OMC-003,Rubis Energy,AGO,2025-03-03,86986,FIN-001
INV-56814,DISP-09708,OMC-012,Galana Energies,PMS,2026-05-01,133559,FIN-002
INV-79738,DISP-05123,OMC-007,Kobil,LPG,2025-12-31,54807,FIN-003
INV-30262,DISP-07160,OMC-012,Galana Energies,PMS,2026-03-31,71484,FIN-004
INV-67063,DISP-02136,OMC-011,Hass Petroleum,JETA1,22/06/2026,26574,FIN-003
INV-88231,DISP-07881,OMC-020,Ethiopian Oil,JETA1,2025-02-04,26636,FIN-001
INV-90707,DISP-09227,OMC-003,Rubis Energy,LUB,2025-07-12,43963,FIN-002
INV-71767,DISP-02650,OMC-017,KAA Aviation,JETA1,2025-03-12,40274,FIN-002
INV-56545,DISP-00121,OMC-002,Vivo Energy,JETA1,2025-05-26,170275,FIN-004
INV-67700,DISP-03364,OMC-019,Tanzania Petroleum,AGO,2025-10-16,25043,FIN-003
INV-26193,DISP-06714,OMC-014,Texol Energies,JETA1,2025-05-06,238249,FIN-005
INV-95871,DISP-08579,OMC-020,Ethiopian Oil,LUB,2026-05-07,255757,FIN-003
INV-70015,DISP-07138,OMC-008,National Oil,PMS,2025-08-21,203447,FIN-004
INV-29475,DISP-07002,OMC-013,Lake Oil,JETA1,2025-10-21,26857,FIN-004
INV-43849,DISP-03742,OMC-002,Vivo Energy,PMS,2026-04-22,263798,FIN-004
INV-53031,DISP-08512,OMC-014,Texol Energies,LPG,2025-03-14,25354,FIN-005
INV-30444,DISP-07674,OMC-020,Ethiopian Oil,LUB,2026-02-09,30309,FIN-001
INV-58374,DISP-05498,OMC-005,PetroOil Kenya,DPK,2026-04-18,27885,FIN-001
INV-12457,DISP-00759,OMC-020,Ethiopian Oil,LUB,2025-10-16,61095,FIN-003
INV-44920,DISP-04068,OMC-008,National Oil,PMS,2025-11-24,56393,FIN-004
INV-11558,DISP-05201,OMC-012,Galana Energies,AGO,2026-02-22,224124,FIN-003
INV-71486,DISP-04244,OMC-002,Vivo Energy,PMS,,157640,FIN-001
INV-92162,DISP-08685,OMC-019,Tanzania Petroleum,AGO,2026-01-30,154296,FIN-004
INV-97151,DISP-07724,OMC-012,Galana Energies,HFO,2026-03-20,37527,FIN-004
INV-59470,DISP-07403,OMC-018,Uganda National Oil,AGO,2025-04-28,38954,FIN-001
INV-26789,DISP-08397,OMC-016,KPA Marine,LUB,2025-05-19,45962,FIN-004
INV-61862,DISP-05353,OMC-016,KPA Marine,HFO,,57888,FIN-005
INV-75713,DISP-08026,OMC-010,Tamoil,HFO,2026-03-25,213719,FIN-002
INV-42779,DISP-07184,OMC-009,Dalbit Petroleum,DPK,2026-01-27,277759,FIN-002
INV-52280,DISP-08723,OMC-003,Rubis Energy,JETA1,2025-07-15,193979,FIN-003
INV-41748,DISP-07018,OMC-016,KPA Marine,PMS,2026-06-27,104870,FIN-003
INV-54582,DISP-08664,OMC-015,Mombasa Petroleum,LUB,2025-02-24,69641,FIN-004
INV-66227,DISP-06241,OMC-002,Vivo Energy,DPK,2026-04-22,38103,FIN-004
INV-51836,DISP-09497,OMC-008,National Oil,PMS,2025-05-20,199557,FIN-002
INV-11971,DISP-02998,OMC-012,Galana Energies,LUB,2026-05-01,237603,FIN-003
INV-53679,DISP-07535,OMC-020,Ethiopian Oil,PMS,2025-05-30," KES 227,532 ",FIN-003
INV-75092,DISP-04772,OMC-006,Hashi Energy,HFO,2026-04-03,61310,FIN-003
INV-47551,DISP-07782,OMC-015,Mombasa Petroleum,AGO,2025-12-20,58294,FIN-002
INV-16294,DISP-09075,OMC-010,Tamoil,LUB,2025-01-10,186858,FIN-002
INV-66248,DISP-06223,OMC-009,Dalbit Petroleum,LPG,2025-09-06,51211,FIN-001
INV-42552,DISP-04700,OMC-017,KAA Aviation,HFO,2025-03-31,193863,FIN-002
INV-27207,DISP-08095,OMC-013,Lake Oil,DPK,2025-05-17,130961,FIN-005
INV-25712,DISP-01399,OMC-007,Kobil,PMS,,272720,FIN-005
INV-38565,DISP-09789,OMC-004,Gulf Energy,AGO,2026-05-02," KES 97,778 ",FIN-004
INV-87946,DISP-08300,OMC-005,PetroOil Kenya,HFO,2026-03-06,57258,FIN-004
INV-12809,DISP-06996,OMC-008,National Oil,JETA1,2026-04-25,192329,FIN-005
INV-30542,DISP-01382,OMC-020,Ethiopian Oil,HFO,2025-04-09,49215,FIN-004
INV-72244,DISP-04782,OMC-015,Mombasa Petroleum,LUB,2025-04-21,233663,FIN-004
INV-98809,DISP-04086,OMC-004,Gulf Energy,PMS,2026-03-31,159215,FIN-001
INV-54466,DISP-02171,OMC-009,Dalbit Petroleum,PMS,2025-11-26,102994,FIN-001
INV-22340,DISP-08820,OMC-004,Gulf Energy,HFO,2026-02-09,278993,FIN-005
INV-81652,DISP-08116,OMC-011,Hass Petroleum,LPG,2026-06-03,203466,FIN-001
INV-27357,DISP-08063,OMC-017,KAA Aviation,JETA1,2025-03-27,173045,FIN-004
INV-21602,DISP-06643,OMC-017,KAA Aviation,DPK,2026-02-07,51406,FIN-004
INV-59233,DISP-08267,OMC-002,Vivo Energy,LPG,2025-03-01," KES 269,595 ",FIN-002
INV-97619,DISP-02622,OMC-017,KAA Aviation,DPK,2025-12-05,40308,FIN-003
INV-54128,DISP-05404,OMC-006,Hashi Energy,LPG,2026-06-17,99599,FIN-005
INV-96973,DISP-07571,OMC-015,Mombasa Petroleum,AGO,2025-09-19,163170,FIN-004
INV-30806,DISP-07824,OMC-006,Hashi Energy,HFO,14/09/2025,155201,FIN-001
INV-19171,DISP-02014,OMC-002,Vivo Energy,HFO,2026-01-06,210668,FIN-005
INV-34834,DISP-01353,OMC-012,Galana Energies,JETA1,12/04/2026,192741,FIN-002
INV-63599,DISP-07940,OMC-014,Texol Energies,LPG,2025-08-08,234219,FIN-001
INV-69939,DISP-05030,OMC-015,Mombasa Petroleum,LPG,2026-07-02,51241,FIN-001
INV-41390,DISP-04999,OMC-012,Galana Energies,HFO,2026-03-26,158578,FIN-001
INV-93930,DISP-01914,OMC-013,Lake Oil,PMS,19/04/2026,136221,FIN-001
INV-11086,DISP-07084,OMC-003,Rubis Energy,AGO,2025-10-08,213887,FIN-003
INV-74790,DISP-01297,OMC-018,Uganda National Oil,PMS,2025-03-07,54140,FIN-001
INV-16051,DISP-07703,OMC-011,Hass Petroleum,JETA1,2025-03-14,128832,FIN-005
INV-34747,DISP-09043,OMC-017,KAA Aviation,AGO,2025-04-24,114340,FIN-002
INV-73472,DISP-04875,OMC-006,Hashi Energy,HFO,09/06/2026,38263,FIN-003
INV-15819,DISP-08283,OMC-020,Ethiopian Oil,DPK,2025-10-14,36168,FIN-005
INV-65525,DISP-01604,OMC-009,Dalbit Petroleum,LPG,2026-07-03,63615,FIN-002
INV-93697,DISP-08795,OMC-015,Mombasa Petroleum,HFO,2026-05-19,228298,FIN-003
INV-47903,DISP-02404,OMC-012,Galana Energies,PMS,,76876,FIN-002
INV-64796,DISP-03939,OMC-007,Kobil,AGO,2025-08-22,188429,FIN-001
INV-49564,DISP-07437,OMC-001,TotalEnergies Kenya,PMS,2025-05-14,29587,FIN-001
INV-33474,DISP-00052,OMC-011,Hass Petroleum,HFO,2026-06-07,265541,FIN-001
INV-52488,DISP-04945,OMC-008,National Oil,JETA1,2025-09-29,207392,FIN-003
INV-18006,DISP-04624,OMC-001,TotalEnergies Kenya,AGO,2025-01-31,33553,FIN-003
INV-50755,DISP-00789,OMC-016,KPA Marine,HFO,2025-08-14,46424,FIN-002
INV-76622,DISP-01732,OMC-006,Hashi Energy,HFO,16/04/2025,272681,FIN-005
INV-57907,DISP-05208,OMC-016,KPA Marine,DPK,2026-02-08,23371,FIN-003
INV-38804,DISP-06616,OMC-001,TotalEnergies Kenya,DPK,2025-12-04,106896,FIN-001
INV-83067,DISP-00437,OMC-017,KAA Aviation,HFO,2026-05-23,155839,FIN-004
INV-83576,DISP-04410,OMC-009,Dalbit Petroleum,AGO,02/04/2025,60613,FIN-002
INV-18972,DISP-01937,OMC-009,Dalbit Petroleum,JETA1,2026-06-09,211834,FIN-003
INV-87094,DISP-02284,OMC-004,Gulf Energy,AGO,2026-02-07,57919,FIN-005
INV-97136,DISP-03476,OMC-004,Gulf Energy,DPK,2026-03-21,58986,FIN-004
INV-13616,DISP-02956,OMC-010,Tamoil,PMS,2025-10-09,24910,FIN-001
INV-25156,DISP-01162,OMC-003,Rubis Energy,PMS,2026-01-19,105409,FIN-001
INV-58891,DISP-03940,OMC-008,National Oil,DPK,2025-06-28,105968,FIN-004
INV-60964,DISP-00627,OMC-018,Uganda National Oil,HFO,2025-08-27,49858,FIN-001
INV-36838,DISP-05638,OMC-016,KPA Marine,LPG,2025-06-24,38065,FIN-002
INV-41414,DISP-01325,OMC-011,Hass Petroleum,LPG,2025-12-06,90683,FIN-004
INV-69845,DISP-04141,OMC-020,Ethiopian Oil,LUB,2025-06-15,38526,FIN-001
INV-89870,DISP-00321,OMC-017,KAA Aviation,DPK,2025-12-18,286409,FIN-005
INV-27101,DISP-06580,OMC-019,Tanzania Petroleum,AGO,2025-02-06,34095,FIN-002
INV-95700,DISP-09232,OMC-006,Hashi Energy,HFO,2025-02-01,40056,FIN-002
INV-29879,DISP-01613,OMC-006,Hashi Energy,DPK,2026-05-26,146302,FIN-004
INV-69292,DISP-07073,OMC-019,Tanzania Petroleum,LPG,2025-03-24,155000,FIN-003
INV-36760,DISP-04870,OMC-014,Texol Energies,AGO,2025-11-30,214711,FIN-001
INV-11692,DISP-07357,OMC-018,Uganda National Oil,LUB,2026-02-01,212324,FIN-001
INV-37264,DISP-05099,OMC-004,Gulf Energy,AGO,2026-02-09,284826,FIN-002
INV-31393,DISP-08010,OMC-015,Mombasa Petroleum,JETA1,2025-08-28,253090,FIN-003
INV-70596,DISP-04652,OMC-005,PetroOil Kenya,JETA1,2026-02-25,176639,FIN-001
INV-50890,DISP-02090,OMC-002,Vivo Energy,AGO,14/08/2025,200046,FIN-003
INV-69406,DISP-08158,OMC-014,Texol Energies,DPK,2025-10-25,279660,FIN-003
INV-36420,DISP-09245,OMC-004,Gulf Energy,HFO,2026-04-16,145313,FIN-003
INV-12965,DISP-08058,OMC-020,Ethiopian Oil,HFO,2026-05-04,171638,FIN-003
INV-28591,DISP-06622,OMC-011,Hass Petroleum,JETA1,2025-09-05,148560,FIN-004
INV-20749,DISP-04985,OMC-011,Hass Petroleum,PMS,2026-01-22,96944,FIN-003
INV-26181,DISP-08125,OMC-005,PetroOil Kenya,JETA1,2026-04-13,32566,FIN-001
INV-61488,DISP-03203,OMC-001,TotalEnergies Kenya,HFO,04/11/2025,59280,FIN-003
INV-40581,DISP-08732,OMC-017,KAA Aviation,DPK,2026-02-21,100695,FIN-002
INV-71026,DISP-01144,OMC-014,Texol Energies,LPG,2025-05-03,28224,FIN-004
INV-29975,DISP-05669,OMC-001,TotalEnergies Kenya,AGO,2026-07-02,175708,FIN-005
INV-56208,DISP-07279,OMC-003,Rubis Energy,HFO,2025-12-30,133074,FIN-002
INV-79825,DISP-04563,OMC-016,KPA Marine,HFO,2026-04-01,150783,FIN-001
INV-53597,DISP-09450,OMC-009,Dalbit Petroleum,JETA1,2026-06-05,37678,FIN-004
INV-47962,DISP-07183,OMC-003,Rubis Energy,DPK,2026-01-07,110187,FIN-003
INV-16726,DISP-02172,OMC-017,KAA Aviation,PMS,2026-02-18,40998,FIN-001
INV-42982,DISP-07385,OMC-010,Tamoil,LPG,2025-07-02,288804,FIN-002
INV-39554,DISP-01050,OMC-017,KAA Aviation,HFO,13/01/2025,34852,FIN-005
INV-89500,DISP-06740,OMC-013,Lake Oil,PMS,2025-04-12,201833,FIN-005
INV-47211,DISP-00490,OMC-017,KAA Aviation,DPK,2025-11-04,55350,FIN-002
INV-38187,DISP-04091,OMC-019,Tanzania Petroleum,LUB,2025-03-30,188253,FIN-004
INV-89265,DISP-09425,OMC-008,National Oil,DPK,,113923,FIN-001
INV-13412,DISP-03633,OMC-001,TotalEnergies Kenya,PMS,16/04/2025,115054,FIN-001
INV-74998,DISP-09369,OMC-004,Gulf Energy,HFO,2026-04-03,141298,FIN-001
INV-48418,DISP-01614,OMC-017,KAA Aviation,HFO,2026-01-06,149140,FIN-003
INV-11017,DISP-07066,OMC-005,PetroOil Kenya,AGO,2026-03-05,44687,FIN-001
INV-62861,DISP-07934,OMC-018,Uganda National Oil,JETA1,2026-02-18,156831,FIN-005
INV-97747,DISP-05827,OMC-007,Kobil,LPG,15/12/2025,164617,FIN-005
INV-35489,DISP-03486,OMC-014,Texol Energies,JETA1,2025-02-19,136379,FIN-001
INV-52189,DISP-07970,OMC-015,Mombasa Petroleum,LPG,2025-03-09,47673,FIN-003
INV-58673,DISP-02939,OMC-009,Dalbit Petroleum,LUB,2026-02-13," KES 39,470 ",FIN-003
INV-17485,DISP-02447,OMC-014,Texol Energies,DPK,2026-05-28,160022,FIN-001
INV-46776,DISP-00843,OMC-006,Hashi Energy,DPK,2025-04-15,62092,FIN-001
INV-81851,DISP-09169,OMC-013,Lake Oil,DPK,2025-08-03,22167,FIN-001
INV-95862,DISP-04166,OMC-020,Ethiopian Oil,AGO,2025-01-28,40397,FIN-003
INV-98773,DISP-07882,OMC-007,Kobil,LPG,2026-04-09,101370,FIN-003
INV-79444,DISP-04368,OMC-015,Mombasa Petroleum,PMS,2025-07-28,196676,FIN-002
INV-96532,DISP-07771,OMC-009,Dalbit Petroleum,LPG,,179193,FIN-003
INV-40074,DISP-08932,OMC-019,Tanzania Petroleum,HFO,2025-03-20,121242,FIN-001
INV-58679,DISP-03992,OMC-019,Tanzania Petroleum,JETA1,2025-04-16,122071,FIN-002
INV-90998,DISP-07650,OMC-010,Tamoil,AGO,2025-10-23,34910,FIN-002
INV-30276,DISP-09910,OMC-016,KPA Marine,JETA1,2025-11-22,254506,FIN-004
INV-73676,DISP-05089,OMC-009,Dalbit Petroleum,DPK,2026-02-10,38426,FIN-004
INV-95684,DISP-06441,OMC-012,Galana Energies,PMS,2026-03-14,213422,FIN-001
INV-65988,DISP-09226,OMC-011,Hass Petroleum,LPG,2025-06-17,56484,FIN-001
INV-92768,DISP-03289,OMC-005,PetroOil Kenya,JETA1,2026-03-14,179080,FIN-003
INV-15190,DISP-09428,OMC-016,KPA Marine,HFO,2025-04-04,251225,FIN-001
INV-10475,DISP-07181,OMC-003,Rubis Energy,LUB,2026-01-29,63242,FIN-001
INV-33946,DISP-04651,OMC-016,KPA Marine,PMS,2025-07-21,110346,FIN-005
INV-73778,DISP-02624,OMC-010,Tamoil,JETA1,2025-03-27,148240,FIN-003
INV-24372,DISP-08464,OMC-001,TotalEnergies Kenya,LUB,08/05/2025,110701,FIN-004
INV-87439,DISP-04476,OMC-014,Texol Energies,JETA1,2026-06-30,205557,FIN-005
INV-13790,DISP-00476,OMC-004,Gulf Energy,JETA1,2026-03-31,22400,FIN-002
INV-42997,DISP-02322,OMC-001,TotalEnergies Kenya,JETA1,2025-12-27,165128,FIN-002
INV-44777,DISP-03893,OMC-015,Mombasa Petroleum,DPK,2025-01-07,30869,FIN-005
INV-79121,DISP-00514,OMC-008,National Oil,HFO,2026-06-23,155378,FIN-004
INV-25060,DISP-00615,OMC-010,Tamoil,HFO,2025-10-06,32171,FIN-005
INV-13265,DISP-00497,OMC-002,Vivo Energy,PMS,2025-06-12,150418,FIN-003
INV-61204,DISP-01286,OMC-015,Mombasa Petroleum,AGO,2025-02-25,126319,FIN-001
INV-97948,DISP-09679,OMC-001,TotalEnergies Kenya,DPK,2025-10-14,52417,FIN-002
INV-59035,DISP-05905,OMC-002,Vivo Energy,JETA1,2025-06-02,188650,FIN-002
INV-18040,DISP-01237,OMC-019,Tanzania Petroleum,PMS,2025-05-06,157803,FIN-002
INV-65448,DISP-04581,OMC-005,PetroOil Kenya,AGO,2026-02-15,76867,FIN-001
INV-77932,DISP-08615,OMC-020,Ethiopian Oil,LUB,2025-01-09,56038,FIN-003
INV-33026,DISP-03916,OMC-008,National Oil,LUB,2025-07-14,52927,FIN-002
INV-48620,DISP-02320,OMC-004,Gulf Energy,LPG,2026-04-12,196528,FIN-001
INV-44410,DISP-04836,OMC-011,Hass Petroleum,PMS,2026-06-14,22246,FIN-004
INV-99422,DISP-05108,OMC-004,Gulf Energy,LUB,2026-02-24,40737,FIN-001
INV-20817,DISP-02231,OMC-011,Hass Petroleum,HFO,2025-11-13,27997,FIN-005
INV-55823,DISP-04996,OMC-003,Rubis Energy,DPK,,137196,FIN-001
INV-94094,DISP-03888,OMC-008,National Oil,JETA1,,87558,FIN-003
INV-47880,DISP-01219,OMC-003,Rubis Energy,LUB,2026-01-25,158403,FIN-002
INV-42142,DISP-09090,OMC-020,Ethiopian Oil,PMS,2025-12-08,221431,FIN-003
INV-98279,DISP-06663,OMC-005,PetroOil Kenya,PMS,2026-04-23,96750,FIN-002
INV-96085,DISP-01203,OMC-002,Vivo Energy,DPK,2025-01-16,36004,FIN-001
INV-54055,DISP-04709,OMC-006,Hashi Energy,AGO,2025-11-20,134433,FIN-001
INV-39407,DISP-05514,OMC-016,KPA Marine,LPG,2025-02-06,30515,FIN-004
INV-40368,DISP-03830,OMC-017,KAA Aviation,PMS,2025-07-20,60149,FIN-004
INV-27921,DISP-04491,OMC-002,Vivo Energy,AGO,2025-11-14,125452,FIN-003
INV-42896,DISP-09027,OMC-007,Kobil,PMS,2025-03-02,59622,FIN-001
INV-87679,DISP-04316,OMC-010,Tamoil,DPK,2025-10-27,53897,FIN-003
INV-30317,DISP-08426,OMC-015,Mombasa Petroleum,AGO,2025-01-29,201540,FIN-001
INV-84127,DISP-08809,OMC-010,Tamoil,DPK,2025-02-09,104533,FIN-001
INV-38406,DISP-05926,OMC-015,Mombasa Petroleum,AGO,2025-06-13,37734,FIN-005
INV-34243,DISP-07168,OMC-007,Kobil,AGO,2025-10-04,58722,FIN-002
INV-16541,DISP-06270,OMC-017,KAA Aviation,PMS,2025-12-22,192808,FIN-002
INV-55914,DISP-09036,OMC-002,Vivo Energy,PMS,2025-06-02,24090,FIN-002
INV-88282,DISP-06366,OMC-009,Dalbit Petroleum,LUB,2026-02-09,56672,FIN-005
INV-93046,DISP-07215,OMC-016,KPA Marine,AGO,2025-08-07,235824,FIN-004
INV-78401,DISP-09091,OMC-006,Hashi Energy,DPK,2025-06-28,257288,FIN-003
INV-99876,DISP-02568,OMC-019,Tanzania Petroleum,PMS,2026-02-12,184648,FIN-001
INV-41472,DISP-03354,OMC-010,Tamoil,LUB,2025-12-12,119094,FIN-002
INV-96049,DISP-06195,OMC-003,Rubis Energy,HFO,2025-12-10,150051,FIN-002
INV-20453,DISP-00516,OMC-013,Lake Oil,LPG,2025-07-20,269917,FIN-004
INV-56145,DISP-09215,OMC-011,Hass Petroleum,HFO,2026-05-12,125173,FIN-005
INV-91328,DISP-01565,OMC-019,Tanzania Petroleum,LUB,2025-10-30,23718,FIN-003
INV-84212,DISP-06217,OMC-012,Galana Energies,LPG,2026-02-08,219260,FIN-001
INV-27941,DISP-06794,OMC-016,KPA Marine,LUB,2025-09-04,31856,FIN-002
INV-52607,DISP-06010,OMC-010,Tamoil,LPG,2026-04-28,179730,FIN-001
INV-89697,DISP-07129,OMC-016,KPA Marine,HFO,24/04/2026,283749,FIN-004
INV-14258,DISP-09583,OMC-014,Texol Energies,HFO,2026-06-22,44214,FIN-003
INV-34814,DISP-04048,OMC-015,Mombasa Petroleum,LUB,2026-02-22," KES 104,358 ",FIN-005
INV-51548,DISP-00936,OMC-006,Hashi Energy,HFO,2025-08-22,189146,FIN-005
INV-58799,DISP-05515,OMC-020,Ethiopian Oil,DPK,2025-04-12,191812,FIN-005
INV-48381,DISP-02306,OMC-011,Hass Petroleum,LPG,2025-08-06,28551,FIN-004
INV-44122,DISP-08485,OMC-017,KAA Aviation,PMS,2025-05-18,164071,FIN-004
INV-97779,DISP-03154,OMC-015,Mombasa Petroleum,AGO,,118271,FIN-004
INV-33397,DISP-08608,OMC-007,Kobil,HFO,2026-04-10,164928,FIN-005
INV-30896,DISP-01964,OMC-009,Dalbit Petroleum,PMS,2026-01-22," KES 170,435 ",FIN-004
INV-46329,DISP-03892,OMC-016,KPA Marine,LUB,2026-04-26,47462,FIN-004
INV-23650,DISP-06230,OMC-007,Kobil,HFO,2025-12-27,256321,FIN-002
INV-34105,DISP-08475,OMC-009,Dalbit Petroleum,PMS,2025-07-11," KES 33,847 ",FIN-003
INV-25621,DISP-02330,OMC-015,Mombasa Petroleum,PMS,2026-01-02,27259,FIN-004
INV-61154,DISP-07984,OMC-020,Ethiopian Oil,DPK,2025-10-25,135351,FIN-003
INV-23163,DISP-03996,OMC-018,Uganda National Oil,DPK,2025-12-10,216342,FIN-002
INV-48986,DISP-03212,OMC-003,Rubis Energy,LPG,2025-12-27,101632,FIN-001
INV-67938,DISP-09972,OMC-004,Gulf Energy,AGO,2026-03-19,58658,FIN-005
INV-92579,DISP-00757,OMC-020,Ethiopian Oil,LPG,2025-06-11,60335,FIN-001
INV-84710,DISP-01028,OMC-010,Tamoil,PMS,2026-04-23,37973,FIN-001
INV-28662,DISP-02468,OMC-015,Mombasa Petroleum,PMS,2026-01-19,202940,FIN-004
INV-18800,DISP-06065,OMC-020,Ethiopian Oil,AGO,2025-12-26,37985,FIN-002
INV-65021,DISP-05996,OMC-014,Texol Energies,JETA1,2025-01-30,26913,FIN-004
INV-75821,DISP-01433,OMC-001,TotalEnergies Kenya,LUB,2025-12-23,82726,FIN-002
INV-76179,DISP-09436,OMC-003,Rubis Energy,PMS,2025-10-27,22540,FIN-002
INV-89263,DISP-02572,OMC-020,Ethiopian Oil,AGO,2026-03-08,198968,FIN-002
INV-76915,DISP-08423,OMC-009,Dalbit Petroleum,HFO,2025-01-13,180376,FIN-001
INV-28482,DISP-09570,OMC-004,Gulf Energy,PMS,2026-03-07,83401,FIN-002
INV-82293,DISP-09618,OMC-016,KPA Marine,AGO,2025-05-08,135852,FIN-002
INV-18486,DISP-09806,OMC-018,Uganda National Oil,JETA1,2025-03-27,55489,FIN-002
INV-31347,DISP-07452,OMC-006,Hashi Energy,DPK,2025-02-17,23208,FIN-005
INV-82703,DISP-07676,OMC-005,PetroOil Kenya,HFO,2026-03-20,31576,FIN-001
INV-81416,DISP-00707,OMC-019,Tanzania Petroleum,DPK,2026-04-29,36507,FIN-003
INV-45460,DISP-04713,OMC-019,Tanzania Petroleum,DPK,2026-04-17,165895,FIN-001
INV-94469,DISP-03259,OMC-015,Mombasa Petroleum,PMS,2025-07-03,37708,FIN-005
INV-29666,DISP-01240,OMC-009,Dalbit Petroleum,LPG,2025-07-06,100134,FIN-005
INV-18857,DISP-02972,OMC-017,KAA Aviation,AGO,2026-06-06,299709,FIN-002
INV-15484,DISP-08669,OMC-018,Uganda National Oil,AGO,2025-06-04,53350,FIN-005
INV-70570,DISP-06516,OMC-014,Texol Energies,HFO,2026-05-24," KES 350,313 ",FIN-001
INV-39720,DISP-06294,OMC-006,Hashi Energy,PMS,2026-06-21,101263,FIN-003
INV-36543,DISP-02553,OMC-004,Gulf Energy,DPK,2026-05-01,52458,FIN-003
INV-80778,DISP-00049,OMC-017,KAA Aviation,HFO,2025-01-09,159422,FIN-005
INV-50569,DISP-03503,OMC-013,Lake Oil,LPG,2025-07-30,29403,FIN-003
INV-84198,DISP-06280,OMC-007,Kobil,LPG,2025-03-20," KES 128,889 ",FIN-001
INV-98818,DISP-01792,OMC-007,Kobil,HFO,2025-03-04,49203,FIN-003
INV-63545,DISP-01486,OMC-015,Mombasa Petroleum,LUB,2026-02-17,180563,FIN-001
INV-26622,DISP-00955,OMC-011,Hass Petroleum,LUB,2025-12-04,141695,FIN-005
INV-90048,DISP-08379,OMC-004,Gulf Energy,PMS,2026-04-19,118841,FIN-005
INV-74131,DISP-01303,OMC-018,Uganda National Oil,JETA1,2025-06-17," KES 190,751 ",FIN-004
INV-68243,DISP-04606,OMC-018,Uganda National Oil,AGO,,46473,FIN-002
INV-86743,DISP-05180,OMC-013,Lake Oil,LPG,2026-02-28,53837,FIN-003
INV-68735,DISP-04632,OMC-018,Uganda National Oil,PMS,2026-06-01," KES 145,866 ",FIN-003
INV-84836,DISP-08701,OMC-009,Dalbit Petroleum,AGO,2025-05-31,116252,FIN-001
INV-69466,DISP-03933,OMC-001,TotalEnergies Kenya,HFO,2026-02-21,209369,FIN-005
INV-24435,DISP-03434,OMC-002,Vivo Energy,LPG,2026-01-17,269176,FIN-002
INV-62659,DISP-06468,OMC-011,Hass Petroleum,HFO,2025-06-02,143095,FIN-003
INV-99067,DISP-01549,OMC-020,Ethiopian Oil,HFO,2025-11-26,120257,FIN-003
INV-67445,DISP-09869,OMC-003,Rubis Energy,AGO,2025-09-14,118478,FIN-003
INV-30110,DISP-04701,OMC-010,Tamoil,HFO,2025-11-09,111076,FIN-003
INV-36690,DISP-02719,OMC-012,Galana Energies,DPK,2026-03-01,204162,FIN-004
INV-28153,DISP-09916,OMC-001,TotalEnergies Kenya,LPG,2026-06-27,155905,FIN-002
INV-77254,DISP-00595,OMC-008,National Oil,HFO,2026-03-12,112433,FIN-005
INV-74302,DISP-08756,OMC-008,National Oil,LUB,2026-05-22,25709,FIN-003
INV-98171,DISP-03220,OMC-008,National Oil,DPK,2026-04-11,123829,FIN-004
INV-49832,DISP-08308,OMC-006,Hashi Energy,HFO,2025-10-12,188061,FIN-004
INV-63110,DISP-06046,OMC-007,Kobil,DPK,2026-01-21,26295,FIN-005
INV-36543,DISP-06687,OMC-019,Tanzania Petroleum,LUB,2025-04-20,54980,FIN-002
INV-22649,DISP-02121,OMC-012,Galana Energies,PMS,2026-02-06,64166,FIN-003
INV-94660,DISP-04744,OMC-010,Tamoil,PMS,2026-04-27,38975,FIN-001
INV-63666,DISP-02131,OMC-014,Texol Energies,JETA1,2025-07-08,204905,FIN-001
INV-31617,DISP-05966,OMC-014,Texol Energies,LUB,2025-05-03,37800,FIN-001
INV-50946,DISP-07503,OMC-007,Kobil,HFO,2025-11-04,90708,FIN-002
INV-58078,DISP-09987,OMC-011,Hass Petroleum,PMS,2025-05-27,263179,FIN-005
INV-66216,DISP-05688,OMC-016,KPA Marine,AGO,2025-10-24,98649,FIN-004
INV-10659,DISP-00723,OMC-008,National Oil,LPG,2025-08-04,254314,FIN-005
INV-18017,DISP-02106,OMC-014,Texol Energies,HFO,2026-02-11,35218,FIN-002
INV-13131,DISP-04944,OMC-004,Gulf Energy,DPK,2026-04-15," KES 61,267 ",FIN-003
INV-85131,DISP-00788,OMC-006,Hashi Energy,HFO,2025-09-24,210655,FIN-003
INV-53121,DISP-08056,OMC-006,Hashi Energy,LUB,2026-06-14,51373,FIN-003
INV-70581,DISP-08452,OMC-018,Uganda National Oil,AGO,2025-12-19,54172,FIN-005
INV-73469,DISP-01064,OMC-012,Galana Energies,LUB,2026-05-02,197362,FIN-001
INV-37236,DISP-05391,OMC-016,KPA Marine,LPG,2026-04-28," KES 46,413 ",FIN-002
INV-39555,DISP-03719,OMC-010,Tamoil,PMS,2025-05-28,152539,FIN-004
INV-61667,DISP-04277,OMC-014,Texol Energies,LUB,2026-05-12,45866,FIN-003
INV-59180,DISP-05542,OMC-013,Lake Oil,PMS,2025-12-01," KES 218,460 ",FIN-002
INV-84101,DISP-09553,OMC-015,Mombasa Petroleum,PMS,2025-03-28,195756,FIN-001
INV-95510,DISP-05736,OMC-002,Vivo Energy,PMS,2025-01-28,44854,FIN-003
INV-36781,DISP-06654,OMC-006,Hashi Energy,LPG,2025-01-14,102368,FIN-001
INV-60476,DISP-01134,OMC-009,Dalbit Petroleum,PMS,2025-09-04,104985,FIN-001
INV-74617,DISP-08694,OMC-003,Rubis Energy,AGO,2026-01-22,228030,FIN-001
INV-61687,DISP-06389,OMC-020,Ethiopian Oil,PMS,,193997,FIN-002
INV-75817,DISP-05269,OMC-012,Galana Energies,HFO,2026-04-11,167838,FIN-001
INV-21377,DISP-01462,OMC-018,Uganda National Oil,HFO,2025-05-20,180813,FIN-004
INV-21987,DISP-02839,OMC-011,Hass Petroleum,AGO,2025-01-06,22665,FIN-004
INV-29021,DISP-02734,OMC-014,Texol Energies,PMS,2025-08-11," KES 74,593 ",FIN-002
INV-21851,DISP-05949,OMC-001,TotalEnergies Kenya,LUB,2025-04-16,67435,FIN-004
INV-84672,DISP-04859,OMC-009,Dalbit Petroleum,HFO,2025-04-19,96803,FIN-002
INV-85969,DISP-06623,OMC-007,Kobil,LPG,2025-07-17,38461,FIN-002
INV-83624,DISP-03569,OMC-009,Dalbit Petroleum,LUB,2026-02-10,266435,FIN-003
INV-80448,DISP-00636,OMC-004,Gulf Energy,JETA1,2026-04-13,263438,FIN-004
INV-61256,DISP-04215,OMC-014,Texol Energies,AGO,2025-01-14,57464,FIN-005
INV-50099,DISP-06767,OMC-011,Hass Petroleum,LUB,2025-05-08,57723,FIN-003
INV-96106,DISP-01352,OMC-004,Gulf Energy,AGO,2026-02-18,213519,FIN-004
INV-44835,DISP-06490,OMC-008,National Oil,JETA1,2025-10-19,86273,FIN-002
INV-76170,DISP-08811,OMC-004,Gulf Energy,LUB,2026-04-21,236476,FIN-004
INV-37268,DISP-04871,OMC-020,Ethiopian Oil,LUB,2025-12-27,55496,FIN-003
INV-77147,DISP-00467,OMC-001,TotalEnergies Kenya,LUB,2026-06-24,231190,FIN-001
INV-72683,DISP-06866,OMC-018,Uganda National Oil,HFO,2026-02-05,32556,FIN-001
INV-29229,DISP-01071,OMC-020,Ethiopian Oil,LPG,2025-05-25,264367,FIN-004
INV-23185,DISP-07856,OMC-016,KPA Marine,DPK,21/09/2025,48881,FIN-004
INV-38183,DISP-08619,OMC-013,Lake Oil,PMS,2026-01-14,194223,FIN-005
INV-49418,DISP-04512,OMC-011,Hass Petroleum,DPK,2026-03-11,58537,FIN-005
INV-36529,DISP-03279,OMC-001,TotalEnergies Kenya,LUB,2025-09-29,130368,FIN-002
INV-13381,DISP-01013,OMC-019,Tanzania Petroleum,HFO,2025-07-16,128386,FIN-002
INV-26660,DISP-09297,OMC-007,Kobil,HFO,2026-01-07,114059,FIN-002
INV-50584,DISP-07014,OMC-007,Kobil,PMS,2025-08-03," KES 153,773 ",FIN-004
INV-91304,DISP-07323,OMC-013,Lake Oil,DPK,2025-07-22,118644,FIN-004
INV-13048,DISP-00262,OMC-005,PetroOil Kenya,PMS,2026-02-07," KES 25,022 ",FIN-005
INV-52657,DISP-01048,OMC-003,Rubis Energy,HFO,2025-04-12,47468,FIN-001
INV-16899,DISP-07684,OMC-013,Lake Oil,LUB,15/09/2025,26241,FIN-002
INV-56825,DISP-02845,OMC-009,Dalbit Petroleum,LPG,2026-06-04,107831,FIN-001
INV-88273,DISP-07831,OMC-003,Rubis Energy,PMS,,168150,FIN-001
INV-72298,DISP-05267,OMC-006,Hashi Energy,LUB,2025-06-19,139338,FIN-003
INV-43759,DISP-03887,OMC-014,Texol Energies,LUB,2025-03-04,241460,FIN-004
INV-88911,DISP-02420,OMC-004,Gulf Energy,LUB,2026-04-27,196240,FIN-003
INV-24589,DISP-09624,OMC-017,KAA Aviation,LUB,2026-02-10,55446,FIN-005
INV-10778,DISP-01122,OMC-019,Tanzania Petroleum,JETA1,2025-12-24,26750,FIN-001
INV-21535,DISP-09593,OMC-005,PetroOil Kenya,HFO,2026-03-25,221223,FIN-002
INV-99844,DISP-06286,OMC-012,Galana Energies,LPG,2026-05-01,25381,FIN-001
INV-46941,DISP-03549,OMC-010,Tamoil,LPG,2026-02-18,59360,FIN-002
INV-70962,DISP-00370,OMC-001,TotalEnergies Kenya,JETA1,2025-09-01,173489,FIN-002
INV-94366,DISP-01554,OMC-015,Mombasa Petroleum,JETA1,2025-12-03,114146,FIN-002
INV-90469,DISP-05858,OMC-015,Mombasa Petroleum,HFO,2025-02-25,94318,FIN-001
INV-65533,DISP-07137,OMC-010,Tamoil,DPK,2025-08-09," KES 156,560 ",FIN-003
INV-27075,DISP-04269,OMC-008,National Oil,JETA1,2026-03-05,172549,FIN-002
INV-54395,DISP-04704,OMC-016,KPA Marine,LPG,2025-05-14,80985,FIN-005
INV-46835,DISP-02385,OMC-019,Tanzania Petroleum,AGO,2025-12-06,177458,FIN-001
INV-69345,DISP-07337,OMC-017,KAA Aviation,JETA1,2026-03-02,144242,FIN-003
INV-77050,DISP-06895,OMC-016,KPA Marine,LUB,2025-01-13,24427,FIN-005
INV-98744,DISP-09190,OMC-020,Ethiopian Oil,LUB,2025-02-16,123973,FIN-002
INV-23202,DISP-01569,OMC-009,Dalbit Petroleum,DPK,2026-02-08,62239,FIN-002
INV-89769,DISP-02885,OMC-016,KPA Marine,DPK,2025-11-20,29047,FIN-004
INV-16196,DISP-07136,OMC-020,Ethiopian Oil,AGO,2025-09-25,207109,FIN-002
INV-45460,DISP-04713,OMC-019,Tanzania Petroleum,DPK,2026-04-17,165895,FIN-001
INV-78446,DISP-09007,OMC-007,Kobil,AGO,2026-03-23,62864,FIN-004
INV-36912,DISP-04077,OMC-005,PetroOil Kenya,LPG,2026-02-14,217583,FIN-001
INV-76638,DISP-05564,OMC-008,National Oil,PMS,01/05/2026,29472,FIN-004
INV-45305,DISP-02364,OMC-010,Tamoil,LPG,2025-07-14,116455,FIN-002
INV-92378,DISP-08205,OMC-007,Kobil,DPK,,23186,FIN-001
INV-43916,DISP-03326,OMC-017,KAA Aviation,LUB,2025-10-05,57949,FIN-005
INV-83268,DISP-08246,OMC-013,Lake Oil,HFO,2025-09-04,242085,FIN-001
INV-56596,DISP-06708,OMC-017,KAA Aviation,HFO,2026-04-07,207318,FIN-005
INV-93753,DISP-06082,OMC-016,KPA Marine,HFO,11/01/2025,44778,FIN-001
INV-91318,DISP-02446,OMC-006,Hashi Energy,HFO,2025-01-24,108142,FIN-001
INV-69032,DISP-02168,OMC-003,Rubis Energy,DPK,2025-02-12,170624,FIN-005
INV-39252,DISP-09499,OMC-019,Tanzania Petroleum,DPK,2025-11-05,282489,FIN-005
INV-57363,DISP-05603,OMC-016,KPA Marine,HFO,2026-07-01,51785,FIN-004
INV-54119,DISP-00498,OMC-001,TotalEnergies Kenya,AGO,,53920,FIN-003
INV-42315,DISP-00454,OMC-011,Hass Petroleum,LPG,2026-02-22," KES 273,416 ",FIN-003
INV-82087,DISP-00851,OMC-004,Gulf Energy,PMS,,37123,FIN-005
INV-61576,DISP-03908,OMC-020,Ethiopian Oil,LUB,2025-12-10,277334,FIN-002
INV-19433,DISP-00329,OMC-014,Texol Energies,LPG,2026-01-14,55220,FIN-001
INV-23130,DISP-09020,OMC-007,Kobil,AGO,2026-02-24,26091,FIN-001
INV-39269,DISP-02244,OMC-009,Dalbit Petroleum,PMS,2026-06-27,130893,FIN-004
INV-54658,DISP-01037,OMC-018,Uganda National Oil,AGO,2026-05-10,144981,FIN-004
INV-38466,DISP-08713,OMC-019,Tanzania Petroleum,PMS,2026-01-23,48151,FIN-002
INV-20188,DISP-07892,OMC-016,KPA Marine,JETA1,2025-08-15," KES 206,749 ",FIN-003
INV-53743,DISP-01019,OMC-010,Tamoil,JETA1,21/08/2025," KES 91,333 ",FIN-003
INV-31435,DISP-06842,OMC-003,Rubis Energy,PMS,2025-07-11,60479,FIN-005
INV-34204,DISP-03094,OMC-018,Uganda National Oil,AGO,2025-10-08,162063,FIN-005
INV-20396,DISP-01033,OMC-017,KAA Aviation,PMS,2025-04-11,180737,FIN-004
INV-82920,DISP-02092,OMC-018,Uganda National Oil,JETA1,2025-07-29,200877,FIN-005
INV-20708,DISP-05928,OMC-017,KAA Aviation,AGO,2025-04-12,134923,FIN-002
INV-21688,DISP-01692,OMC-011,Hass Petroleum,HFO,2026-05-17,203068,FIN-005
INV-17676,DISP-04220,OMC-012,Galana Energies,JETA1,2026-03-08,55694,FIN-004
INV-88556,DISP-00583,OMC-019,Tanzania Petroleum,AGO,2026-03-24," KES 192,128 ",FIN-004
INV-77860,DISP-09128,OMC-013,Lake Oil,LPG,,63331,FIN-004
INV-84755,DISP-00999,OMC-001,TotalEnergies Kenya,HFO,2026-06-04,44422,FIN-003
INV-56150,DISP-00556,OMC-008,National Oil,JETA1,2025-08-18,23359,FIN-005
INV-20919,DISP-09140,OMC-013,Lake Oil,LPG,2026-02-12,38582,FIN-003
INV-57279,DISP-01174,OMC-008,National Oil,AGO,2025-02-10,54925,FIN-004
INV-55934,DISP-06504,OMC-018,Uganda National Oil,PMS,2026-04-18,56522,FIN-004
INV-24248,DISP-03753,OMC-016,KPA Marine,JETA1,2026-01-18,32409,FIN-003
INV-51063,DISP-06394,OMC-010,Tamoil,AGO,2025-02-10,260514,FIN-005
INV-42973,DISP-02212,OMC-013,Lake Oil,DPK,2025-08-15,168313,FIN-003
INV-83413,DISP-00087,OMC-010,Tamoil,LPG,2025-09-18,57432,FIN-002
INV-88094,DISP-00853,OMC-009,Dalbit Petroleum,LUB,2026-01-06,36173,FIN-001
INV-94983,DISP-02392,OMC-010,Tamoil,HFO,2025-10-08,42730,FIN-003
INV-83631,DISP-07153,OMC-013,Lake Oil,PMS,2025-03-25,55033,FIN-001
INV-93166,DISP-06345,OMC-008,National Oil,PMS,2026-07-03,82965,FIN-001
INV-67767,DISP-00969,OMC-006,Hashi Energy,PMS,2025-10-26,45473,FIN-005
INV-49898,DISP-08849,OMC-018,Uganda National Oil,DPK,2025-07-07,194242,FIN-002
INV-14276,DISP-05109,OMC-011,Hass Petroleum,DPK,2025-06-09,39346,FIN-002
INV-42935,DISP-05547,OMC-016,KPA Marine,LPG,06/09/2025,220924,FIN-005
INV-40387,DISP-08912,OMC-014,Texol Energies,JETA1,2026-06-20,51041,FIN-001
INV-34163,DISP-05755,OMC-019,Tanzania Petroleum,LPG,2025-12-11,203284,FIN-004
INV-79889,DISP-08165,OMC-003,Rubis Energy,LPG,2026-03-07,100982,FIN-004
INV-11134,DISP-08311,OMC-019,Tanzania Petroleum,PMS,2025-03-04,185893,FIN-005
INV-64427,DISP-08005,OMC-009,Dalbit Petroleum,AGO,2025-05-02,102928,FIN-001
INV-52643,DISP-01440,OMC-017,KAA Aviation,AGO,2025-09-02,33868,FIN-003
INV-55088,DISP-08107,OMC-001,TotalEnergies Kenya,HFO,2026-05-28,56417,FIN-005
INV-24102,DISP-00464,OMC-010,Tamoil,AGO,2025-10-04,174878,FIN-001
INV-62556,DISP-06014,OMC-012,Galana Energies,DPK,2026-05-04,63770,FIN-004
INV-14181,DISP-00738,OMC-014,Texol Energies,LPG,2025-04-20,31396,FIN-003
INV-10817,DISP-00808,OMC-015,Mombasa Petroleum,PMS,2025-01-17,203307,FIN-005
INV-45741,DISP-00168,OMC-018,Uganda National Oil,AGO,2025-07-01,186839,FIN-005
INV-87586,DISP-06134,OMC-001,TotalEnergies Kenya,JETA1,2026-04-30,231346,FIN-001
INV-89171,DISP-06635,OMC-009,Dalbit Petroleum,LPG,2025-03-07," KES 121,587 ",FIN-002
INV-35988,DISP-00637,OMC-007,Kobil,DPK,2025-05-31,159517,FIN-002
INV-82673,DISP-01970,OMC-019,Tanzania Petroleum,LUB,2025-01-22,97155,FIN-001
INV-78989,DISP-00893,OMC-018,Uganda National Oil,PMS,2026-04-27,27779,FIN-004
INV-94592,DISP-03467,OMC-020,Ethiopian Oil,HFO,2025-07-15,128159,FIN-005
INV-59509,DISP-01675,OMC-011,Hass Petroleum,LPG,2026-05-27,23822,FIN-001
INV-31820,DISP-00469,OMC-011,Hass Petroleum,LUB,2025-05-18,53362,FIN-001
INV-63577,DISP-00632,OMC-003,Rubis Energy,PMS,2026-06-22,38733,FIN-004
INV-45196,DISP-08671,OMC-017,KAA Aviation,PMS,2026-02-12,144341,FIN-001
INV-66007,DISP-06487,OMC-017,KAA Aviation,AGO,2026-04-19,197128,FIN-003
INV-27529,DISP-02705,OMC-015,Mombasa Petroleum,LUB,2025-03-11,112724,FIN-002
INV-78857,DISP-06701,OMC-011,Hass Petroleum,PMS,2025-10-30,268625,FIN-004
INV-49403,DISP-06558,OMC-014,Texol Energies,HFO,2026-04-14,148543,FIN-005
INV-98389,DISP-09774,OMC-014,Texol Energies,PMS,2025-09-24,41964,FIN-003
INV-65565,DISP-01994,OMC-006,Hashi Energy,LUB,2025-03-22,44274,FIN-003
INV-16476,DISP-01815,OMC-020,Ethiopian Oil,LPG,2025-06-25,245303,FIN-001
INV-66807,DISP-01156,OMC-005,PetroOil Kenya,DPK,2026-02-19,139790,FIN-003
INV-58557,DISP-09302,OMC-019,Tanzania Petroleum,LPG,15/08/2025,53857,FIN-002
INV-47094,DISP-04886,OMC-004,Gulf Energy,LPG,,131174,FIN-002
INV-39921,DISP-02315,OMC-001,TotalEnergies Kenya,LUB,2025-09-21,174669,FIN-004
INV-10831,DISP-05684,OMC-004,Gulf Energy,LPG,2026-04-06,188177,FIN-005
INV-61457,DISP-03450,OMC-015,Mombasa Petroleum,LUB,2025-06-27,104032,FIN-004
INV-72411,DISP-09617,OMC-006,Hashi Energy,HFO,2025-08-27,158961,FIN-004
INV-71219,DISP-00118,OMC-020,Ethiopian Oil,DPK,24/11/2025,255677,FIN-004
INV-31432,DISP-08935,OMC-003,Rubis Energy,AGO,2026-01-11,84461,FIN-005
INV-57684,DISP-07074,OMC-015,Mombasa Petroleum,LPG,2025-11-29,224164,FIN-005
INV-96679,DISP-00639,OMC-003,Rubis Energy,AGO,2025-10-20,140724,FIN-005
INV-48612,DISP-04095,OMC-016,KPA Marine,LPG,2025-07-31,153852,FIN-001
INV-35190,DISP-00382,OMC-010,Tamoil,HFO,2025-09-19,59766,FIN-003
INV-13503,DISP-09950,OMC-020,Ethiopian Oil,LUB,2025-03-31,35012,FIN-003
INV-32916,DISP-02773,OMC-012,Galana Energies,HFO,2026-02-10,76972,FIN-002
INV-39051,DISP-07258,OMC-010,Tamoil,PMS,2026-05-15,39381,FIN-004
INV-26006,DISP-01891,OMC-013,Lake Oil,HFO,2025-12-05,45556,FIN-002
INV-12845,DISP-04901,OMC-005,PetroOil Kenya,DPK,2026-03-19,286000,FIN-001
INV-93903,DISP-03452,OMC-005,PetroOil Kenya,LPG,2026-04-16,160877,FIN-004
INV-22988,DISP-03929,OMC-014,Texol Energies,AGO,2025-11-14,115774,FIN-001
INV-23327,DISP-01539,OMC-011,Hass Petroleum,JETA1,2026-05-30,86934,FIN-002
INV-59687,DISP-03219,OMC-003,Rubis Energy,AGO,2026-01-29,38573,FIN-002
INV-65886,DISP-05864,OMC-019,Tanzania Petroleum,DPK,2026-07-02,53590,FIN-001
INV-34118,DISP-08868,OMC-004,Gulf Energy,JETA1,2026-02-25,124727,FIN-005
INV-78179,DISP-04418,OMC-012,Galana Energies,LUB,2026-03-03,48057,FIN-005
INV-43188,DISP-03054,OMC-015,Mombasa Petroleum,LUB,2025-11-20,143490,FIN-005
INV-52644,DISP-06694,OMC-006,Hashi Energy,LPG,2025-09-28,220607,FIN-005
INV-15789,DISP-08982,OMC-004,Gulf Energy,JETA1,2026-02-26," KES 202,362 ",FIN-002
INV-40557,DISP-06707,OMC-018,Uganda National Oil,AGO,2025-11-20,211917,FIN-001
INV-27795,DISP-02916,OMC-002,Vivo Energy,HFO,2025-05-20,38787,FIN-003
INV-41849,DISP-05157,OMC-004,Gulf Energy,AGO,2026-04-14,216609,FIN-004
INV-23616,DISP-07213,OMC-006,Hashi Energy,PMS,2026-01-04,103381,FIN-005
INV-30637,DISP-09487,OMC-014,Texol Energies,LPG,2025-03-14,234457,FIN-003
INV-84093,DISP-05307,OMC-003,Rubis Energy,DPK,2026-07-04,143857,FIN-004
INV-65567,DISP-06890,OMC-005,PetroOil Kenya,JETA1,2026-02-07,128736,FIN-001
INV-85554,DISP-03813,OMC-011,Hass Petroleum,DPK,2026-01-01,246214,FIN-002
INV-71741,DISP-00082,OMC-012,Galana Energies,AGO,2026-05-01,102997,FIN-003
INV-44222,DISP-04340,OMC-014,Texol Energies,LPG,2025-06-19,75619,FIN-004
INV-36403,DISP-06293,OMC-017,KAA Aviation,DPK,2025-11-02,26477,FIN-004
INV-86469,DISP-01404,OMC-012,Galana Energies,HFO,2026-02-14,176886,FIN-005
INV-69195,DISP-06926,OMC-019,Tanzania Petroleum,DPK,2025-01-16,112265,FIN-001
INV-52606,DISP-08197,OMC-007,Kobil,DPK,2025-11-19," KES 201,350 ",FIN-004
INV-61347,DISP-02967,OMC-001,TotalEnergies Kenya,JETA1,2026-03-23,49339,FIN-002
INV-29021,DISP-02734,OMC-014,Texol Energies,PMS,2025-08-11,74593,FIN-002
INV-35615,DISP-07652,OMC-020,Ethiopian Oil,LUB,2026-05-23,36798,FIN-004
INV-68736,DISP-09466,OMC-004,Gulf Energy,JETA1,2026-04-22,141224,FIN-003
INV-43381,DISP-04542,OMC-012,Galana Energies,JETA1,2026-03-26,59942,FIN-004
INV-22622,DISP-08741,OMC-015,Mombasa Petroleum,LUB,2025-09-25,192848,FIN-001
INV-56366,DISP-02555,OMC-010,Tamoil,DPK,2026-01-06,23105,FIN-001
INV-11695,DISP-05115,OMC-010,Tamoil,HFO,2025-09-19," KES 246,230 ",FIN-002
INV-63631,DISP-09437,OMC-003,Rubis Energy,LUB,2026-04-03,56687,FIN-004
INV-46001,DISP-00381,OMC-008,National Oil,HFO,2025-07-24,48602,FIN-005
INV-19705,DISP-08683,OMC-016,KPA Marine,DPK,2025-06-28,188441,FIN-004
INV-14070,DISP-04908,OMC-002,Vivo Energy,LUB,2025-03-02,37326,FIN-005
INV-69607,DISP-01460,OMC-006,Hashi Energy,LPG,2025-04-27,172730,FIN-003
INV-57313,DISP-07248,OMC-019,Tanzania Petroleum,JETA1,2025-05-21,57734,FIN-003
INV-73413,DISP-08139,OMC-004,Gulf Energy,JETA1,2026-04-27,28507,FIN-004
INV-12200,DISP-04698,OMC-005,PetroOil Kenya,AGO,2026-04-21,209993,FIN-004
INV-61695,DISP-07529,OMC-006,Hashi Energy,AGO,2025-03-29," KES 108,364 ",FIN-002
INV-95963,DISP-00882,OMC-005,PetroOil Kenya,LPG,2026-03-13,102354,FIN-003
INV-63460,DISP-01704,OMC-001,TotalEnergies Kenya,DPK,2025-09-07,287892,FIN-005
INV-26439,DISP-05177,OMC-008,National Oil,HFO,2025-04-20,249409,FIN-003
INV-89935,DISP-05245,OMC-020,Ethiopian Oil,AGO,2025-02-18,233780,FIN-001
INV-15790,DISP-07731,OMC-016,KPA Marine,PMS,2025-03-15,94009,FIN-003
INV-26107,DISP-04328,OMC-014,Texol Energies,HFO,2025-08-24,22973,FIN-001
INV-87196,DISP-04518,OMC-013,Lake Oil,PMS,,59208,FIN-002
INV-52884,DISP-06653,OMC-019,Tanzania Petroleum,LPG,2025-01-06,152086,FIN-004
INV-23839,DISP-06400,OMC-004,Gulf Energy,PMS,2026-03-15,28410,FIN-002
INV-97265,DISP-03455,OMC-009,Dalbit Petroleum,JETA1,2025-05-03,182777,FIN-003
INV-62903,DISP-03693,OMC-006,Hashi Energy,HFO,2025-11-06," KES 60,109 ",FIN-005
INV-13437,DISP-01968,OMC-012,Galana Energies,JETA1,2026-03-11,62234,FIN-004
INV-75574,DISP-00769,OMC-007,Kobil,DPK,2025-05-18,44541,FIN-003
INV-41882,DISP-04777,OMC-016,KPA Marine,AGO,2025-07-08,21963,FIN-001
INV-50733,DISP-06690,OMC-008,National Oil,PMS,2025-09-12,125599,FIN-002
INV-16970,DISP-04519,OMC-003,Rubis Energy,LPG,2025-12-14," KES 48,770 ",FIN-002
INV-76012,DISP-06004,OMC-015,Mombasa Petroleum,DPK,2026-01-03,139192,FIN-003
INV-89878,DISP-09115,OMC-009,Dalbit Petroleum,JETA1,2026-03-13,25283,FIN-004
INV-67499,DISP-04929,OMC-007,Kobil,PMS,2026-02-03,145934,FIN-003
INV-43916,DISP-03326,OMC-017,KAA Aviation,LUB,2025-10-05,57949,FIN-005
INV-50442,DISP-03232,OMC-012,Galana Energies,DPK,2026-03-24,192535,FIN-004
INV-64340,DISP-09532,OMC-008,National Oil,AGO,2026-01-18,27428,FIN-001
INV-86409,DISP-01982,OMC-010,Tamoil,JETA1,2025-08-19,54409,FIN-004
INV-36670,DISP-02457,OMC-005,PetroOil Kenya,LPG,2026-04-13,42442,FIN-004
INV-48399,DISP-06835,OMC-018,Uganda National Oil,PMS,2026-05-21,144987,FIN-001
INV-28381,DISP-02303,OMC-015,Mombasa Petroleum,AGO,2026-06-01,143544,FIN-005
INV-11357,DISP-07479,OMC-019,Tanzania Petroleum,LPG,2025-01-09,269304,FIN-004
INV-19000,DISP-06992,OMC-007,Kobil,LUB,2025-10-28," KES 29,580 ",FIN-004
INV-67722,DISP-04159,OMC-015,Mombasa Petroleum,AGO,2025-06-11,82440,FIN-001
INV-10438,DISP-07192,OMC-016,KPA Marine,AGO,2025-10-28,274897,FIN-003
INV-31660,DISP-00653,OMC-001,TotalEnergies Kenya,LUB,2026-01-21,219889,FIN-001
INV-54601,DISP-03087,OMC-020,Ethiopian Oil,LUB,2025-09-04,216749,FIN-003
INV-85868,DISP-05467,OMC-019,Tanzania Petroleum,JETA1,2026-05-09,29762,FIN-001
INV-26037,DISP-00311,OMC-006,Hashi Energy,DPK,2025-02-19,35209,FIN-005
INV-21683,DISP-01536,OMC-013,Lake Oil,DPK,2025-03-21,230762,FIN-003
INV-45418,DISP-04898,OMC-007,Kobil,PMS,2026-03-01,118258,FIN-002
INV-30438,DISP-05408,OMC-012,Galana Energies,DPK,2026-04-26,40983,FIN-004
INV-91732,DISP-06317,OMC-009,Dalbit Petroleum,PMS,2025-08-07,37181,FIN-001
INV-90720,DISP-07797,OMC-019,Tanzania Petroleum,AGO,29/05/2025,43372,FIN-002
INV-55832,DISP-07597,OMC-016,KPA Marine,LUB,,223374,FIN-003
INV-83820,DISP-07615,OMC-014,Texol Energies,JETA1,2025-12-20,48238,FIN-003
INV-55284,DISP-02151,OMC-017,KAA Aviation,AGO,2025-05-16,28135,FIN-005
INV-14832,DISP-03037,OMC-003,Rubis Energy,LPG,28/03/2025,143188,FIN-001
INV-82886,DISP-07679,OMC-020,Ethiopian Oil,HFO,2025-07-14,38278,FIN-005
INV-83859,DISP-02963,OMC-008,National Oil,DPK,2025-10-18,165180,FIN-003
INV-81142,DISP-03671,OMC-010,Tamoil,PMS,2025-05-13,190780,FIN-002
INV-14633,DISP-00128,OMC-019,Tanzania Petroleum,JETA1,2025-07-19,28718,FIN-003
INV-36505,DISP-04413,OMC-020,Ethiopian Oil,PMS,2026-06-27,154182,FIN-005
INV-24315,DISP-08173,OMC-019,Tanzania Petroleum,LPG,2025-01-22,206327,FIN-003
INV-49537,DISP-06145,OMC-001,TotalEnergies Kenya,JETA1,2025-12-03,35828,FIN-002
INV-22702,DISP-03027,OMC-013,Lake Oil,LPG,2025-06-13,20964,FIN-004
INV-46706,DISP-05814,OMC-009,Dalbit Petroleum,AGO,2025-03-16,106719,FIN-001
INV-84354,DISP-07226,OMC-009,Dalbit Petroleum,JETA1,2025-08-17,45681,FIN-002
INV-32975,DISP-05039,OMC-017,KAA Aviation,PMS,2025-04-16,128845,FIN-002
INV-77282,DISP-09785,OMC-010,Tamoil,HFO,2025-08-26,26494,FIN-001
INV-96401,DISP-05717,OMC-013,Lake Oil,DPK,2026-06-12,234593,FIN-002
INV-18579,DISP-07974,OMC-012,Galana Energies,PMS,,303159,FIN-001
INV-14574,DISP-03167,OMC-013,Lake Oil,PMS,2025-06-07,194062,FIN-001
INV-50314,DISP-00956,OMC-010,Tamoil,HFO,2025-07-20,25227,FIN-003
INV-65868,DISP-09257,OMC-010,Tamoil,LUB,2026-04-11,217401,FIN-005
INV-50653,DISP-08566,OMC-015,Mombasa Petroleum,PMS,2026-04-07,46006,FIN-004
INV-66107,DISP-03586,OMC-016,KPA Marine,AGO,2025-01-11,35580,FIN-001
INV-96553,DISP-01251,OMC-006,Hashi Energy,LUB,2025-07-06,290091,FIN-002
INV-69734,DISP-05427,OMC-014,Texol Energies,DPK,19/06/2026,59251,FIN-003
INV-44822,DISP-09525,OMC-002,Vivo Energy,AGO,2026-06-19,171440,FIN-005
INV-36543,DISP-02553,OMC-004,Gulf Energy,DPK,2026-05-01,52458,FIN-003
INV-72224,DISP-05084,OMC-003,Rubis Energy,HFO,2026-05-04,231808,FIN-001
INV-67123,DISP-07341,OMC-018,Uganda National Oil,HFO,27/03/2026,36636,FIN-005
INV-10468,DISP-04040,OMC-014,Texol Energies,LUB,2026-02-25,45045,FIN-002
INV-31462,DISP-00459,OMC-014,Texol Energies,LUB,2026-04-16,117551,FIN-001
INV-21612,DISP-04719,OMC-008,National Oil,DPK,2025-05-09,77126,FIN-003
INV-80388,DISP-04335,OMC-004,Gulf Energy,PMS,,167954,FIN-004
INV-21298,DISP-01208,OMC-002,Vivo Energy,PMS,2025-03-06,198755,FIN-001
INV-82963,DISP-03517,OMC-006,Hashi Energy,LUB,2025-01-11,106878,FIN-004
INV-56879,DISP-05955,OMC-019,Tanzania Petroleum,LPG,2025-01-13,103607,FIN-003
INV-53866,DISP-09057,OMC-003,Rubis Energy,HFO,2026-04-25,44647,FIN-004
INV-38890,DISP-05518,OMC-007,Kobil,DPK,2026-01-25,275927,FIN-005
INV-81009,DISP-06080,OMC-020,Ethiopian Oil,AGO,2025-01-11,58330,FIN-004
INV-90732,DISP-08652,OMC-007,Kobil,PMS,2025-07-13,230904,FIN-004
INV-19563,DISP-05639,OMC-011,Hass Petroleum,LPG,2025-12-10,107803,FIN-003
INV-82092,DISP-01887,OMC-009,Dalbit Petroleum,HFO,2025-06-13,50773,FIN-005
INV-11098,DISP-04428,OMC-009,Dalbit Petroleum,LUB,2025-05-31,178436,FIN-004
INV-60216,DISP-04703,OMC-007,Kobil,LUB,2025-03-21," KES 239,183 ",FIN-005
INV-70653,DISP-05117,OMC-014,Texol Energies,DPK,2025-04-18," KES 133,161 ",FIN-003
INV-91773,DISP-07889,OMC-016,KPA Marine,LUB,2026-03-24,215878,FIN-001
INV-77086,DISP-09854,OMC-003,Rubis Energy,HFO,2026-04-24,268063,FIN-003
INV-49878,DISP-04533,OMC-010,Tamoil,PMS,2025-10-18,127567,FIN-003
INV-77281,DISP-01217,OMC-017,KAA Aviation,PMS,2026-05-22,43737,FIN-001
INV-93232,DISP-09067,OMC-006,Hashi Energy,LPG,2026-07-01,27837,FIN-002
INV-69610,DISP-00703,OMC-003,Rubis Energy,PMS,2025-01-27,175995,FIN-002
INV-49616,DISP-09046,OMC-015,Mombasa Petroleum,LPG,2025-02-22,272850,FIN-001
INV-33719,DISP-08629,OMC-018,Uganda National Oil,AGO,2025-08-10,61682,FIN-003
INV-20795,DISP-05634,OMC-004,Gulf Energy,HFO,2026-04-17,33414,FIN-002
INV-30726,DISP-05820,OMC-002,Vivo Energy,LPG,2025-07-23,41226,FIN-004
INV-55409,DISP-02148,OMC-007,Kobil,LUB,2025-08-11,101176,FIN-001
INV-73454,DISP-03796,OMC-001,TotalEnergies Kenya,LPG,2025-03-12,234310,FIN-004
INV-67016,DISP-03504,OMC-017,KAA Aviation,JETA1,2026-05-11,38351,FIN-004
INV-24768,DISP-02326,OMC-003,Rubis Energy,JETA1,2026-04-15,143022,FIN-003
INV-16831,DISP-02704,OMC-018,Uganda National Oil,JETA1,2025-11-10,205994,FIN-001
INV-11588,DISP-01764,OMC-014,Texol Energies,HFO,2025-01-25,29348,FIN-002
INV-97827,DISP-08262,OMC-015,Mombasa Petroleum,DPK,2025-11-19,153067,FIN-004
INV-11472,DISP-08908,OMC-006,Hashi Energy,LPG,2026-06-20,66559,FIN-004
INV-49111,DISP-07000,OMC-013,Lake Oil,LUB,2025-06-18,114313,FIN-003
INV-66718,DISP-06057,OMC-007,Kobil,LUB,2026-02-17,265060,FIN-004
INV-80823,DISP-05171,OMC-009,Dalbit Petroleum,LPG,2025-12-15,206592,FIN-001
INV-57837,DISP-09163,OMC-001,TotalEnergies Kenya,DPK,2025-10-22,161019,FIN-002
INV-88689,DISP-09597,OMC-013,Lake Oil,PMS,2025-12-02,269305,FIN-005
INV-21172,DISP-03122,OMC-015,Mombasa Petroleum,PMS,2026-01-07,203941,FIN-002
INV-26929,DISP-00265,OMC-010,Tamoil,PMS,2025-06-03,45230,FIN-002
INV-59462,DISP-04591,OMC-001,TotalEnergies Kenya,AGO,2025-07-25,46792,FIN-004
INV-86731,DISP-07292,OMC-004,Gulf Energy,DPK,2026-03-11,284563,FIN-003
INV-94474,DISP-09955,OMC-011,Hass Petroleum,HFO,2025-05-28,57344,FIN-001
INV-32866,DISP-08730,OMC-010,Tamoil,AGO,2026-04-16,53395,FIN-001
INV-64852,DISP-01117,OMC-007,Kobil,AGO,2025-06-15,25937,FIN-005
INV-95507,DISP-05752,OMC-013,Lake Oil,HFO,2025-11-01,138475,FIN-001
INV-99007,DISP-03566,OMC-018,Uganda National Oil,LPG,2025-09-06,24907,FIN-003
INV-22183,DISP-09651,OMC-010,Tamoil,DPK,2025-10-04,53370,FIN-004
INV-81901,DISP-06891,OMC-003,Rubis Energy,JETA1,2025-08-18,38164,FIN-002
INV-97079,DISP-09969,OMC-015,Mombasa Petroleum,DPK,2025-02-21,202104,FIN-005
INV-31764,DISP-08572,OMC-003,Rubis Energy,AGO,2026-02-10,33203,FIN-002
INV-41273,DISP-07957,OMC-008,National Oil,AGO,2025-03-23,268809,FIN-003
INV-58176,DISP-06840,OMC-014,Texol Energies,AGO,2026-04-02,241034,FIN-005
INV-71250,DISP-01561,OMC-015,Mombasa Petroleum,DPK,05/09/2025,117361,FIN-004
INV-61098,DISP-04637,OMC-001,TotalEnergies Kenya,LPG,2025-08-30,61276,FIN-005
INV-78394,DISP-08131,OMC-008,National Oil,LUB,2025-12-03,47703,FIN-001
INV-16295,DISP-08834,OMC-004,Gulf Energy,AGO,2026-02-08,197185,FIN-005
INV-84661,DISP-05764,OMC-009,Dalbit Petroleum,LUB,2026-07-02,211160,FIN-005
INV-78806,DISP-00823,OMC-018,Uganda National Oil,HFO,2026-05-23,65559,FIN-002
INV-98490,DISP-07254,OMC-010,Tamoil,HFO,2025-05-08,54478,FIN-002
INV-37713,DISP-02892,OMC-011,Hass Petroleum,DPK,27/08/2025,179612,FIN-004
INV-16181,DISP-03803,OMC-001,TotalEnergies Kenya,DPK,2026-04-08,106513,FIN-004
INV-64086,DISP-04194,OMC-014,Texol Energies,DPK,2025-08-06,57744,FIN-005
INV-51075,DISP-08318,OMC-015,Mombasa Petroleum,LUB,2025-02-17,104827,FIN-003
INV-56341,DISP-04865,OMC-017,KAA Aviation,HFO,2025-07-13,127232,FIN-001
INV-95167,DISP-01901,OMC-004,Gulf Energy,LPG,2026-03-31,136216,FIN-001
INV-31819,DISP-02667,OMC-006,Hashi Energy,LUB,2025-10-05,142865,FIN-004
INV-64059,DISP-08638,OMC-011,Hass Petroleum,LUB,2026-05-28," KES 105,386 ",FIN-004
INV-37696,DISP-05075,OMC-015,Mombasa Petroleum,DPK,2025-11-07,238009,FIN-001
INV-45903,DISP-01717,OMC-013,Lake Oil,PMS,2025-12-18,118043,FIN-004
INV-19100,DISP-04016,OMC-003,Rubis Energy,HFO,2025-02-14,20820,FIN-002
INV-96794,DISP-09463,OMC-009,Dalbit Petroleum,AGO,2025-02-17,28951,FIN-005
INV-38650,DISP-05720,OMC-014,Texol Energies,PMS,2025-11-28,23364,FIN-005
INV-89749,DISP-07796,OMC-011,Hass Petroleum,JETA1,2026-01-05,114591,FIN-005
INV-12565,DISP-03617,OMC-008,National Oil,LPG,07/09/2025,38819,FIN-001
INV-51731,DISP-08280,OMC-012,Galana Energies,JETA1,2026-02-03,171736,FIN-003
INV-13471,DISP-02919,OMC-014,Texol Energies,LPG,2025-04-15,241076,FIN-002
INV-91165,DISP-01030,OMC-009,Dalbit Petroleum,HFO,2026-06-18,144316,FIN-001
INV-72181,DISP-00020,OMC-008,National Oil,LUB,2025-01-30,119988,FIN-002
INV-90971,DISP-06174,OMC-006,Hashi Energy,LPG,2026-01-12,38276,FIN-005
INV-96168,DISP-09514,OMC-020,Ethiopian Oil,LPG,2025-07-08,24563,FIN-004
INV-85879,DISP-00108,OMC-016,KPA Marine,DPK,,41375,FIN-004
INV-28182,DISP-02869,OMC-002,Vivo Energy,PMS,2026-03-22,63184,FIN-002
INV-17390,DISP-06735,OMC-003,Rubis Energy,LPG,2025-01-24,32688,FIN-005
INV-44622,DISP-08316,OMC-003,Rubis Energy,LPG,2025-10-10,145694,FIN-003
INV-22622,DISP-08741,OMC-015,Mombasa Petroleum,LUB,2025-09-25,192848,FIN-001
INV-71412,DISP-02372,OMC-015,Mombasa Petroleum,HFO,27/04/2025,43255,FIN-003
INV-20156,DISP-05414,OMC-007,Kobil,AGO,2025-01-29," KES 26,483 ",FIN-005
INV-28762,DISP-09110,OMC-015,Mombasa Petroleum,PMS,05/01/2026,95153,FIN-001
INV-59648,DISP-05063,OMC-016,KPA Marine,LPG,2025-03-26,124563,FIN-001
INV-79694,DISP-00625,OMC-001,TotalEnergies Kenya,JETA1,2025-06-09,244144,FIN-004
INV-50815,DISP-03065,OMC-010,Tamoil,DPK,2025-02-16,195043,FIN-004
INV-72847,DISP-02758,OMC-006,Hashi Energy,HFO,2025-07-04,164034,FIN-002
INV-32010,DISP-07044,OMC-006,Hashi Energy,JETA1,2025-01-13,31862,FIN-002
INV-30519,DISP-04359,OMC-015,Mombasa Petroleum,AGO,2025-03-19,31894,FIN-004
INV-40057,DISP-07639,OMC-019,Tanzania Petroleum,LUB,2025-06-10,271201,FIN-005
INV-61106,DISP-09680,OMC-002,Vivo Energy,AGO,2026-06-10," KES 44,345 ",FIN-003
INV-17978,DISP-08745,OMC-019,Tanzania Petroleum,LPG,2026-05-17,56872,FIN-005
INV-13038,DISP-06288,OMC-020,Ethiopian Oil,HFO,2025-11-13,61288,FIN-001
INV-30203,DISP-08326,OMC-015,Mombasa Petroleum,DPK,2025-06-28,293196,FIN-005
INV-77716,DISP-07206,OMC-008,National Oil,LUB,2025-06-25,40285,FIN-001
INV-91105,DISP-09577,OMC-020,Ethiopian Oil,LUB,23/07/2025,167294,FIN-001
INV-75651,DISP-01947,OMC-004,Gulf Energy,LUB,2026-04-05,24109,FIN-005
INV-50044,DISP-08137,OMC-016,KPA Marine,HFO,2025-03-07,112192,FIN-004
INV-59160,DISP-04371,OMC-010,Tamoil,PMS,2025-10-06,55365,FIN-003
INV-30111,DISP-00036,OMC-009,Dalbit Petroleum,LUB,2026-05-16,58212,FIN-005
INV-14974,DISP-06300,OMC-004,Gulf Energy,DPK,2026-04-17,179256,FIN-002
INV-20131,DISP-05081,OMC-015,Mombasa Petroleum,HFO,2025-10-21,56038,FIN-002
INV-95923,DISP-07866,OMC-014,Texol Energies,JETA1,2025-07-28,25310,FIN-001
INV-81252,DISP-01065,OMC-014,Texol Energies,LPG,22/12/2025,38746,FIN-001
INV-36952,DISP-00921,OMC-005,PetroOil Kenya,LUB,2026-04-12,72875,FIN-005
INV-50825,DISP-02774,OMC-016,KPA Marine,LUB,2025-04-13,61322,FIN-001
INV-62618,DISP-09744,OMC-003,Rubis Energy,LPG,2025-04-24,240961,FIN-001
INV-73117,DISP-07346,OMC-006,Hashi Energy,LUB,2026-04-15,28343,FIN-005
INV-17296,DISP-02189,OMC-008,National Oil,LUB,2025-02-06,48093,FIN-004
INV-47985,DISP-05855,OMC-012,Galana Energies,PMS,2026-03-15,57862,FIN-005
INV-26264,DISP-01015,OMC-019,Tanzania Petroleum,LPG,2025-05-08,52571,FIN-001
INV-41493,DISP-02526,OMC-015,Mombasa Petroleum,DPK,2026-05-16,111762,FIN-005
INV-88103,DISP-04938,OMC-003,Rubis Energy,LPG,2025-07-04," KES 235,415 ",FIN-003
INV-70604,DISP-04162,OMC-001,TotalEnergies Kenya,HFO,2025-05-26,25582,FIN-004
INV-11614,DISP-05416,OMC-013,Lake Oil,HFO,2025-10-22,30552,FIN-003
INV-12154,DISP-04748,OMC-015,Mombasa Petroleum,HFO,2025-01-28,33817,FIN-001
INV-33960,DISP-06128,OMC-019,Tanzania Petroleum,HFO,,149386,FIN-005
INV-67962,DISP-03848,OMC-019,Tanzania Petroleum,JETA1,,56419,FIN-002
INV-39759,DISP-02439,OMC-018,Uganda National Oil,LPG,2025-10-31,236533,FIN-004
INV-39139,DISP-04823,OMC-018,Uganda National Oil,PMS,2025-01-07,53750,FIN-003
INV-80244,DISP-01731,OMC-003,Rubis Energy,JETA1,2025-11-13,49187,FIN-002
INV-99001,DISP-02743,OMC-005,PetroOil Kenya,DPK,2026-02-07,291631,FIN-005
INV-29831,DISP-08889,OMC-020,Ethiopian Oil,AGO,2025-06-23,129127,FIN-002
INV-19673,DISP-01466,OMC-007,Kobil,PMS,2025-07-04,126323,FIN-002
INV-56411,DISP-08045,OMC-020,Ethiopian Oil,LPG,2025-05-09,62723,FIN-005
INV-51134,DISP-01795,OMC-013,Lake Oil,LPG,2026-01-26,28595,FIN-001
INV-96160,DISP-07663,OMC-010,Tamoil,AGO,2026-05-08,158328,FIN-004
INV-50699,DISP-01762,OMC-018,Uganda National Oil,LPG,2025-09-29,58922,FIN-001
INV-98026,DISP-06990,OMC-013,Lake Oil,LPG,2025-12-21,45984,FIN-002
INV-56329,DISP-02594,OMC-012,Galana Energies,DPK,2026-02-27,152781,FIN-005
INV-55048,DISP-06595,OMC-003,Rubis Energy,LUB,2026-02-16,230832,FIN-001
INV-98020,DISP-03355,OMC-004,Gulf Energy,PMS,2026-03-12,185113,FIN-002
INV-28150,DISP-09876,OMC-001,TotalEnergies Kenya,DPK,2026-03-03,28599,FIN-004
INV-56923,DISP-03436,OMC-012,Galana Energies,HFO,2026-04-02,145593,FIN-001
INV-68139,DISP-02185,OMC-017,KAA Aviation,HFO,2025-03-02,146141,FIN-004
INV-52610,DISP-06383,OMC-013,Lake Oil,HFO,2025-05-22,146822,FIN-004
INV-53650,DISP-00481,OMC-018,Uganda National Oil,HFO,2025-03-10,132092,FIN-002
INV-51032,DISP-08437,OMC-010,Tamoil,JETA1,2025-12-26,43944,FIN-005
INV-15621,DISP-07001,OMC-003,Rubis Energy,JETA1,2026-03-16,167111,FIN-003
INV-79289,DISP-03777,OMC-013,Lake Oil,HFO,2025-07-19,125581,FIN-004
INV-15039,DISP-08939,OMC-015,Mombasa Petroleum,LPG,2025-05-05,216239,FIN-004
INV-53526,DISP-03131,OMC-018,Uganda National Oil,AGO,2026-04-15,136104,FIN-004
INV-19744,DISP-06033,OMC-012,Galana Energies,LPG,2026-04-10,423348,FIN-004
INV-50405,DISP-07250,OMC-020,Ethiopian Oil,DPK,2025-04-10,31689,FIN-001
INV-35502,DISP-01687,OMC-013,Lake Oil,JETA1,,175200,FIN-002
INV-36196,DISP-03301,OMC-001,TotalEnergies Kenya,AGO,2026-03-05,103771,FIN-004
INV-99638,DISP-05262,OMC-008,National Oil,JETA1,2026-01-19," KES 51,960 ",FIN-005
INV-32933,DISP-03555,OMC-006,Hashi Energy,AGO,2025-01-09,252339,FIN-005
INV-29028,DISP-08952,OMC-009,Dalbit Petroleum,AGO,2025-05-25,166504,FIN-002
INV-24928,DISP-08167,OMC-001,TotalEnergies Kenya,LUB,2026-03-27,93372,FIN-001
INV-50097,DISP-07318,OMC-018,Uganda National Oil,PMS,,62637,FIN-004
INV-32162,DISP-06743,OMC-006,Hashi Energy,JETA1,2026-06-07,29366,FIN-003
INV-35997,DISP-00034,OMC-010,Tamoil,LPG,2026-01-25,194593,FIN-002
INV-95755,DISP-02275,OMC-018,Uganda National Oil,AGO,2026-03-17,36750,FIN-005
INV-25564,DISP-09042,OMC-008,National Oil,PMS,2025-10-31,55974,FIN-003
INV-85405,DISP-04778,OMC-001,TotalEnergies Kenya,AGO,2026-03-23,199800,FIN-005
INV-89152,DISP-06579,OMC-017,KAA Aviation,DPK,2026-03-06,214408,FIN-002
INV-53496,DISP-00773,OMC-014,Texol Energies,DPK,2026-05-04,96829,FIN-005
INV-34487,DISP-08429,OMC-001,TotalEnergies Kenya,LPG,2025-07-05,174292,FIN-001
INV-98761,DISP-00203,OMC-006,Hashi Energy,PMS,2025-09-07,205027,FIN-004
INV-72446,DISP-06499,OMC-005,PetroOil Kenya,HFO,2026-05-02,267297,FIN-004
INV-48561,DISP-04779,OMC-014,Texol Energies,LPG,2025-05-23,286336,FIN-004
INV-75733,DISP-05672,OMC-005,PetroOil Kenya,PMS,2026-03-15,139930,FIN-002
INV-94981,DISP-03648,OMC-016,KPA Marine,AGO,2025-03-26,263790,FIN-004
INV-63480,DISP-03480,OMC-020,Ethiopian Oil,JETA1,2026-07-05,194110,FIN-002
INV-10261,DISP-03606,OMC-008,National Oil,DPK,2025-09-19,271899,FIN-002
INV-54350,DISP-09860,OMC-013,Lake Oil,LPG,2026-04-20,52750,FIN-002
INV-90870,DISP-01076,OMC-009,Dalbit Petroleum,JETA1,2025-04-21,213067,FIN-003
INV-59381,DISP-03519,OMC-008,National Oil,HFO,2026-05-05,92384,FIN-002
INV-78513,DISP-08592,OMC-020,Ethiopian Oil,JETA1,2026-03-23,119697,FIN-002
INV-62131,DISP-07634,OMC-002,Vivo Energy,PMS,2025-07-23,58770,FIN-004
INV-71499,DISP-00950,OMC-018,Uganda National Oil,JETA1,2025-03-21,294867,FIN-004
INV-29556,DISP-06077,OMC-014,Texol Energies,HFO,2026-06-05,195455,FIN-002
INV-37978,DISP-01153,OMC-013,Lake Oil,JETA1,2025-10-01,201226,FIN-005
INV-72400,DISP-06227,OMC-011,Hass Petroleum,PMS,2025-09-10,211470,FIN-005
INV-41012,DISP-06177,OMC-011,Hass Petroleum,PMS,2025-08-29,104466,FIN-004
INV-15648,DISP-09083,OMC-012,Galana Energies,LUB,2026-03-29,284072,FIN-002
INV-65886,DISP-05864,OMC-019,Tanzania Petroleum,DPK,2026-07-02,53590,FIN-001
INV-76435,DISP-09993,OMC-014,Texol Energies,HFO,2025-08-16,43322,FIN-003
INV-22366,DISP-09586,OMC-015,Mombasa Petroleum,LUB,2025-06-02,237545,FIN-001
INV-10497,DISP-06365,OMC-005,PetroOil Kenya,LPG,2026-03-04,164984,FIN-005
INV-43435,DISP-03763,OMC-004,Gulf Energy,PMS,2026-03-23,51745,FIN-004
INV-89539,DISP-06267,OMC-007,Kobil,LUB,2026-05-06,209168,FIN-001
INV-26519,DISP-05225,OMC-011,Hass Petroleum,JETA1,2025-01-23,270141,FIN-003
INV-64074,DISP-07069,OMC-001,TotalEnergies Kenya,HFO,2025-09-14,245319,FIN-002
INV-47949,DISP-01666,OMC-017,KAA Aviation,AGO,2025-06-21,41509,FIN-001
INV-45275,DISP-08975,OMC-003,Rubis Energy,PMS,2026-03-06,139429,FIN-005
INV-74651,DISP-07107,OMC-015,Mombasa Petroleum,HFO,2025-07-14,106535,FIN-004
INV-99149,DISP-06446,OMC-020,Ethiopian Oil,AGO,2025-07-23,36786,FIN-002
INV-86396,DISP-00014,OMC-019,Tanzania Petroleum,DPK,2025-04-18,58918,FIN-005
INV-91146,DISP-01258,OMC-002,Vivo Energy,JETA1,2026-06-21,140574,FIN-001
INV-97627,DISP-03490,OMC-008,National Oil,LUB,04/07/2025,88530,FIN-004
INV-11356,DISP-06139,OMC-020,Ethiopian Oil,JETA1,03/08/2025,46012,FIN-003
INV-55464,DISP-04790,OMC-004,Gulf Energy,LUB,2026-02-08,52544,FIN-002
INV-25611,DISP-00706,OMC-012,Galana Energies,HFO,2026-02-15,148874,FIN-005
INV-33466,DISP-03477,OMC-004,Gulf Energy,AGO,2026-04-27,198310,FIN-005
INV-98410,DISP-07175,OMC-009,Dalbit Petroleum,DPK,2026-01-17,215626,FIN-005
INV-70339,DISP-04408,OMC-015,Mombasa Petroleum,LUB,2025-12-30,107544,FIN-004
INV-30728,DISP-07247,OMC-015,Mombasa Petroleum,LUB,2025-09-10,39523,FIN-003
INV-71061,DISP-06771,OMC-014,Texol Energies,DPK,2026-04-11,214966,FIN-004
INV-36650,DISP-00364,OMC-015,Mombasa Petroleum,JETA1,2026-05-19,261812,FIN-003
INV-30116,DISP-06544,OMC-002,Vivo Energy,LUB,2025-08-12,170269,FIN-003
INV-20874,DISP-04796,OMC-003,Rubis Energy,JETA1,2025-12-17,117726,FIN-004
INV-48230,DISP-09674,OMC-006,Hashi Energy,JETA1,2025-06-04,291930,FIN-001
INV-98014,DISP-03345,OMC-005,PetroOil Kenya,PMS,2026-04-30,31145,FIN-003
INV-50710,DISP-01495,OMC-016,KPA Marine,LPG,2026-03-07,64262,FIN-002
INV-18899,DISP-00114,OMC-011,Hass Petroleum,DPK,2025-11-19,97834,FIN-005
INV-44313,DISP-00050,OMC-015,Mombasa Petroleum,DPK,2026-05-17,103279,FIN-002
INV-54770,DISP-01596,OMC-007,Kobil,LPG,2025-10-27,100950,FIN-005
INV-91994,DISP-09798,OMC-018,Uganda National Oil,AGO,2025-08-07,44869,FIN-004
INV-59929,DISP-09702,OMC-019,Tanzania Petroleum,LPG,2025-09-04,40637,FIN-002
INV-99628,DISP-09762,OMC-008,National Oil,DPK,2025-07-22,46521,FIN-004
INV-72612,DISP-03147,OMC-009,Dalbit Petroleum,DPK,2025-08-10," KES 28,533 ",FIN-003
INV-57932,DISP-09221,OMC-014,Texol Energies,PMS,2025-07-30,25928,FIN-004
INV-57160,DISP-09932,OMC-001,TotalEnergies Kenya,HFO,2026-03-14,40601,FIN-005
INV-77149,DISP-01029,OMC-016,KPA Marine,AGO,2026-01-26,115660,FIN-004
INV-81933,DISP-03417,OMC-016,KPA Marine,HFO,2026-05-30,190245,FIN-005
INV-99992,DISP-05326,OMC-003,Rubis Energy,HFO,2025-11-10,32333,FIN-003
INV-90514,DISP-03181,OMC-015,Mombasa Petroleum,DPK,2025-03-11,75095,FIN-001
INV-77305,DISP-02428,OMC-011,Hass Petroleum,PMS,2025-01-04,178067,FIN-005
INV-61448,DISP-00929,OMC-016,KPA Marine,LUB,2025-07-02,232724,FIN-003
INV-75426,DISP-00584,OMC-003,Rubis Energy,PMS,2026-04-27,27237,FIN-005
INV-22240,DISP-05274,OMC-002,Vivo Energy,DPK,2025-10-04,24030,FIN-004
INV-87318,DISP-03795,OMC-020,Ethiopian Oil,AGO,2026-04-11,163528,FIN-003
INV-56053,DISP-09816,OMC-004,Gulf Energy,JETA1,2026-03-06,32157,FIN-004
INV-39900,DISP-05679,OMC-009,Dalbit Petroleum,HFO,2025-09-14,28656,FIN-005
INV-26725,DISP-02418,OMC-002,Vivo Energy,LUB,2025-04-21,25938,FIN-001
INV-67037,DISP-01531,OMC-016,KPA Marine,HFO,2025-10-16," KES 275,062 ",FIN-002
INV-43328,DISP-08168,OMC-006,Hashi Energy,LUB,2025-08-11,252413,FIN-005
INV-38001,DISP-09705,OMC-003,Rubis Energy,DPK,2025-08-12,139403,FIN-005
INV-34044,DISP-07483,OMC-018,Uganda National Oil,HFO,,222086,FIN-003
INV-90586,DISP-01479,OMC-005,PetroOil Kenya,DPK,2026-05-02,52503,FIN-003
INV-12034,DISP-08672,OMC-018,Uganda National Oil,HFO,2026-06-05," KES 36,660 ",FIN-002
INV-85556,DISP-03598,OMC-007,Kobil,HFO,05/04/2025,93926,FIN-003
INV-99616,DISP-02793,OMC-017,KAA Aviation,LPG,25/06/2026," KES 37,450 ",FIN-001
INV-10406,DISP-01754,OMC-003,Rubis Energy,HFO,2025-02-03,95068,FIN-002
INV-17959,DISP-09418,OMC-015,Mombasa Petroleum,PMS,2025-12-30,165016,FIN-003
INV-35943,DISP-07425,OMC-017,KAA Aviation,DPK,2026-05-10," KES 254,230 ",FIN-002
INV-54378,DISP-06449,OMC-003,Rubis Energy,DPK,2026-05-28,64273,FIN-001
INV-53436,DISP-03277,OMC-019,Tanzania Petroleum,LPG,2026-01-13,206839,FIN-003
INV-62636,DISP-05277,OMC-016,KPA Marine,DPK,2025-07-27,207243,FIN-002
INV-68308,DISP-01575,OMC-004,Gulf Energy,AGO,2026-04-03,114599,FIN-002
INV-87355,DISP-00550,OMC-013,Lake Oil,DPK,2026-03-16,22175,FIN-003
INV-53117,DISP-04784,OMC-012,Galana Energies,LUB,2026-04-20,29927,FIN-003
INV-17593,DISP-06978,OMC-020,Ethiopian Oil,AGO,2026-05-09,35951,FIN-004
INV-20661,DISP-08000,OMC-011,Hass Petroleum,JETA1,2025-09-12,261422,FIN-002
INV-40717,DISP-02909,OMC-008,National Oil,LPG,2025-11-17,27214,FIN-004
INV-53359,DISP-00024,OMC-020,Ethiopian Oil,JETA1,2025-12-03,47380,FIN-004
INV-60539,DISP-02787,OMC-004,Gulf Energy,LUB,2026-04-15,32473,FIN-003
INV-54990,DISP-09722,OMC-018,Uganda National Oil,LUB,2025-04-14,26267,FIN-002
INV-85100,DISP-03488,OMC-002,Vivo Energy,LPG,2025-10-13,33937,FIN-002
INV-99419,DISP-02898,OMC-018,Uganda National Oil,AGO,2025-10-04,137055,FIN-002
INV-54004,DISP-09675,OMC-006,Hashi Energy,DPK,2025-03-05,32235,FIN-003
INV-58856,DISP-01263,OMC-001,TotalEnergies Kenya,AGO,2026-02-27,47351,FIN-003
INV-34161,DISP-06803,OMC-019,Tanzania Petroleum,DPK,2026-02-08,50109,FIN-004
INV-45999,DISP-03564,OMC-016,KPA Marine,PMS,2025-01-20,64142,FIN-001
INV-27615,DISP-03653,OMC-015,Mombasa Petroleum,PMS,2025-10-25,210852,FIN-002
INV-34813,DISP-07867,OMC-012,Galana Energies,DPK,2026-03-16,206524,FIN-004
INV-41729,DISP-07088,OMC-007,Kobil,DPK,2025-05-01,51011,FIN-001
INV-20372,DISP-01652,OMC-016,KPA Marine,LPG,2026-04-21,193829,FIN-001
INV-41995,DISP-02350,OMC-010,Tamoil,DPK,2026-01-16,232593,FIN-003
INV-42713,DISP-02184,OMC-008,National Oil,LUB,2025-09-21,161068,FIN-002
INV-99301,DISP-07194,OMC-002,Vivo Energy,LPG,2025-01-10,36738,FIN-003
INV-34350,DISP-03664,OMC-002,Vivo Energy,HFO,2025-01-10,27980,FIN-001
INV-63173,DISP-06216,OMC-009,Dalbit Petroleum,LPG,2025-07-16,198756,FIN-002
INV-67616,DISP-06111,OMC-013,Lake Oil,JETA1,2025-05-20,234202,FIN-002
INV-27623,DISP-06638,OMC-007,Kobil,DPK,2025-06-15,160624,FIN-005
INV-41517,DISP-00845,OMC-008,National Oil,LUB,2026-02-10,84327,FIN-004
INV-93529,DISP-03073,OMC-002,Vivo Energy,AGO,2025-11-22,37477,FIN-003
INV-86921,DISP-03789,OMC-003,Rubis Energy,DPK,2026-02-09,29236,FIN-002
INV-11027,DISP-04087,OMC-019,Tanzania Petroleum,LPG,2025-03-23,54827,FIN-005
INV-99738,DISP-08472,OMC-002,Vivo Energy,AGO,2025-03-01,22310,FIN-002
INV-59245,DISP-08455,OMC-003,Rubis Energy,HFO,2026-01-04,40775,FIN-005
INV-95253,DISP-09527,OMC-015,Mombasa Petroleum,LUB,2026-04-13,163176,FIN-004
INV-38063,DISP-01708,OMC-003,Rubis Energy,AGO,2025-09-29,84102,FIN-001
INV-50066,DISP-02557,OMC-014,Texol Energies,AGO,2025-07-02,125962,FIN-003
INV-84877,DISP-09048,OMC-017,KAA Aviation,HFO,2025-09-05,54073,FIN-003
INV-79929,DISP-03930,OMC-013,Lake Oil,DPK,2025-07-14,212865,FIN-004
INV-19084,DISP-00737,OMC-012,Galana Energies,AGO,2026-02-18,170921,FIN-004
INV-41107,DISP-06262,OMC-017,KAA Aviation,AGO,2025-08-05,48836,FIN-004
INV-64685,DISP-06324,OMC-005,PetroOil Kenya,LPG,28/02/2026,130499,FIN-004
INV-15817,DISP-01275,OMC-014,Texol Energies,HFO,2026-06-02,175229,FIN-005
INV-59502,DISP-02538,OMC-009,Dalbit Petroleum,JETA1,2025-12-08,180157,FIN-002
INV-17886,DISP-09963,OMC-005,PetroOil Kenya,PMS,2026-02-28,60067,FIN-002
INV-96706,DISP-03543,OMC-003,Rubis Energy,HFO,,208207,FIN-002
INV-62191,DISP-03051,OMC-009,Dalbit Petroleum,HFO,2025-02-28,29618,FIN-003
INV-69666,DISP-04241,OMC-002,Vivo Energy,LUB,2025-10-17,141300,FIN-002
INV-97691,DISP-00208,OMC-011,Hass Petroleum,DPK,2026-04-05,189213,FIN-003
INV-80139,DISP-00771,OMC-007,Kobil,HFO,2026-03-27,86404,FIN-004
INV-63428,DISP-09594,OMC-006,Hashi Energy,DPK,2025-10-26,28640,FIN-005
INV-29374,DISP-09253,OMC-012,Galana Energies,LPG,2026-03-01," KES 57,288 ",FIN-001
INV-61123,DISP-08618,OMC-016,KPA Marine,JETA1,2026-05-14,51445,FIN-004
INV-97312,DISP-05090,OMC-005,PetroOil Kenya,LPG,2026-04-25,25580,FIN-004
INV-15827,DISP-01618,OMC-020,Ethiopian Oil,AGO,2025-03-04,41026,FIN-003
INV-68111,DISP-00428,OMC-003,Rubis Energy,PMS,2025-01-24,217065,FIN-003
INV-83467,DISP-08956,OMC-003,Rubis Energy,HFO,02/06/2025," KES 196,015 ",FIN-001
INV-85381,DISP-00289,OMC-010,Tamoil,JETA1,2025-12-18,188612,FIN-004
INV-38651,DISP-09410,OMC-014,Texol Energies,PMS,2026-04-18,40291,FIN-005
INV-86741,DISP-01107,OMC-007,Kobil,AGO,2026-04-02,46726,FIN-001
INV-78172,DISP-05206,OMC-019,Tanzania Petroleum,JETA1,2025-06-30," KES 137,053 ",FIN-005
INV-39473,DISP-09721,OMC-012,Galana Energies,AGO,2026-04-29,271872,FIN-004
INV-64251,DISP-06788,OMC-006,Hashi Energy,LUB,2025-09-27,96589,FIN-002
INV-36457,DISP-04659,OMC-019,Tanzania Petroleum,HFO,2025-02-01,95740,FIN-003
INV-28973,DISP-03530,OMC-017,KAA Aviation,AGO,2025-04-25,53386,FIN-003
INV-16268,DISP-01282,OMC-004,Gulf Energy,LUB,2026-04-07,134271,FIN-003
INV-53098,DISP-07898,OMC-008,National Oil,DPK,2025-11-27,96638,FIN-003
INV-55335,DISP-05557,OMC-013,Lake Oil,JETA1,2025-04-09,46148,FIN-003
INV-55008,DISP-05079,OMC-005,PetroOil Kenya,PMS,2026-05-03,210817,FIN-001
INV-24545,DISP-01828,OMC-015,Mombasa Petroleum,HFO,2025-08-09,201608,FIN-005
INV-19914,DISP-03356,OMC-012,Galana Energies,AGO,2026-03-31,211550,FIN-001
INV-23900,DISP-00433,OMC-008,National Oil,LPG,2026-03-01,98988,FIN-003
INV-22408,DISP-02843,OMC-014,Texol Energies,JETA1,2026-04-01,160893,FIN-003
INV-18237,DISP-02389,OMC-009,Dalbit Petroleum,LPG,2026-04-26,197563,FIN-004
INV-44978,DISP-09252,OMC-007,Kobil,LUB,2026-06-29,148348,FIN-004
INV-12993,DISP-08470,OMC-012,Galana Energies,JETA1,,275011,FIN-003
INV-13619,DISP-09803,OMC-017,KAA Aviation,JETA1,2025-09-17,41184,FIN-004
INV-98466,DISP-05139,OMC-006,Hashi Energy,PMS,2025-12-02,248500,FIN-002
INV-16897,DISP-00725,OMC-017,KAA Aviation,LPG,2025-12-24,36451,FIN-005
INV-47700,DISP-02449,OMC-020,Ethiopian Oil,DPK,2025-05-20,34196,FIN-004
INV-84787,DISP-09558,OMC-005,PetroOil Kenya,AGO,2026-02-09,257570,FIN-002
INV-41845,DISP-05812,OMC-009,Dalbit Petroleum,AGO,2026-02-24,58735,FIN-005
INV-96692,DISP-08717,OMC-008,National Oil,DPK,2025-08-13,54345,FIN-005
INV-56596,DISP-03324,OMC-016,KPA Marine,PMS,2025-12-29,241363,FIN-001
INV-31024,DISP-06942,OMC-006,Hashi Energy,LPG,2026-02-01,101406,FIN-004
INV-55037,DISP-01402,OMC-006,Hashi Energy,JETA1,2025-10-27,105489,FIN-004
INV-24362,DISP-00901,OMC-001,TotalEnergies Kenya,DPK,2026-03-21,140037,FIN-005
INV-39106,DISP-08860,OMC-014,Texol Energies,DPK,2025-06-17,175387,FIN-004
INV-52550,DISP-03672,OMC-011,Hass Petroleum,HFO,2025-09-23,83558,FIN-005
INV-15288,DISP-05794,OMC-016,KPA Marine,HFO,,205427,FIN-004
INV-10661,DISP-00215,OMC-016,KPA Marine,LUB,2025-11-06,125209,FIN-001
INV-80970,DISP-09277,OMC-009,Dalbit Petroleum,LPG,2026-06-16,24939,FIN-004
INV-66309,DISP-01196,OMC-010,Tamoil,PMS,2025-03-29,35322,FIN-005
INV-15457,DISP-09998,OMC-009,Dalbit Petroleum,LPG,2025-04-10,56088,FIN-004
INV-94295,DISP-05249,OMC-010,Tamoil,LPG,2026-06-07,60880,FIN-003
INV-66521,DISP-00445,OMC-017,KAA Aviation,DPK,2025-11-07,201341,FIN-003
INV-46696,DISP-07240,OMC-009,Dalbit Petroleum,JETA1,2026-04-25,259572,FIN-003
INV-19673,DISP-08563,OMC-004,Gulf Energy,LUB,2026-03-15,236526,FIN-001
INV-14462,DISP-09991,OMC-017,KAA Aviation,HFO,2025-08-30,136417,FIN-005
INV-57163,DISP-06228,OMC-020,Ethiopian Oil,LPG,2025-01-19,181592,FIN-005
INV-56296,DISP-07613,OMC-007,Kobil,LUB,2026-06-15," KES 82,334 ",FIN-002
INV-13114,DISP-08177,OMC-015,Mombasa Petroleum,JETA1,2025-08-26," KES 146,799 ",FIN-004
INV-33313,DISP-08667,OMC-014,Texol Energies,DPK,2026-06-10,263389,FIN-002
INV-26439,DISP-03375,OMC-002,Vivo Energy,AGO,2026-06-23,121038,FIN-001
INV-82555,DISP-09894,OMC-006,Hashi Energy,LUB,2025-06-07,259108,FIN-003
INV-28503,DISP-00810,OMC-007,Kobil,AGO,12/03/2025,247909,FIN-003
INV-79031,DISP-07851,OMC-007,Kobil,PMS,2025-11-18,53679,FIN-003
INV-50283,DISP-09954,OMC-001,TotalEnergies Kenya,AGO,2026-06-07,151095,FIN-005
INV-69727,DISP-02134,OMC-018,Uganda National Oil,JETA1,2026-03-04,57305,FIN-001
INV-94592,DISP-05444,OMC-006,Hashi Energy,LPG,2025-07-30,41077,FIN-003
INV-14925,DISP-02711,OMC-001,TotalEnergies Kenya,LUB,2025-10-26,37367,FIN-005
INV-33505,DISP-05548,OMC-015,Mombasa Petroleum,AGO,2025-09-17,271991,FIN-004
INV-79413,DISP-01899,OMC-017,KAA Aviation,DPK,2025-03-25,49994,FIN-005
INV-93147,DISP-04017,OMC-008,National Oil,LUB,2025-05-08,183198,FIN-003
INV-55634,DISP-06550,OMC-007,Kobil,DPK,2025-01-21,261581,FIN-003
INV-43865,DISP-07804,OMC-017,KAA Aviation,DPK,2025-02-18,30720,FIN-003
INV-29061,DISP-09247,OMC-020,Ethiopian Oil,HFO,2026-01-28,48895,FIN-002
INV-44679,DISP-09918,OMC-011,Hass Petroleum,JETA1,2026-03-27,27134,FIN-004
INV-43519,DISP-03300,OMC-002,Vivo Energy,LUB,2026-06-27,245763,FIN-001
INV-43685,DISP-05231,OMC-006,Hashi Energy,DPK,27/02/2025,294522,FIN-003
INV-85211,DISP-06548,OMC-014,Texol Energies,JETA1,2025-12-17,28616,FIN-005
INV-50380,DISP-08176,OMC-013,Lake Oil,JETA1,2025-06-02,129760,FIN-003
INV-73266,DISP-03427,OMC-010,Tamoil,PMS,2025-10-18,162700,FIN-003
INV-41869,DISP-02158,OMC-018,Uganda National Oil,LPG,2025-08-21,226781,FIN-001
INV-46447,DISP-07762,OMC-010,Tamoil,HFO,2026-06-15,169688,FIN-002
INV-78829,DISP-04766,OMC-003,Rubis Energy,HFO,2025-06-28," KES 29,307 ",FIN-004
INV-47980,DISP-02603,OMC-019,Tanzania Petroleum,DPK,2025-12-29,146917,FIN-001
INV-62794,DISP-05003,OMC-007,Kobil,JETA1,2026-05-05,302120,FIN-001
INV-90120,DISP-04770,OMC-013,Lake Oil,DPK,2025-08-10,30079,FIN-005
INV-65162,DISP-02518,OMC-001,TotalEnergies Kenya,LUB,2026-04-22," KES 47,388 ",FIN-003
INV-79186,DISP-06937,OMC-005,PetroOil Kenya,JETA1,2026-04-25,102544,FIN-002
INV-88743,DISP-06498,OMC-018,Uganda National Oil,PMS,2025-07-17,36691,FIN-002
INV-99703,DISP-05681,OMC-005,PetroOil Kenya,LUB,2026-04-28,149258,FIN-002
INV-81192,DISP-06367,OMC-015,Mombasa Petroleum,PMS,,253078,FIN-002
INV-54704,DISP-05365,OMC-016,KPA Marine,JETA1,2025-04-29,167948,FIN-001
INV-29426,DISP-04107,OMC-002,Vivo Energy,LPG,2025-12-08,166391,FIN-002
INV-68004,DISP-04711,OMC-015,Mombasa Petroleum,LPG,2025-07-11," KES 161,901 ",FIN-003
INV-59649,DISP-00831,OMC-011,Hass Petroleum,HFO,2025-02-23,26230,FIN-003
INV-97373,DISP-02059,OMC-020,Ethiopian Oil,LUB,2025-10-18,29412,FIN-001
INV-97082,DISP-03836,OMC-017,KAA Aviation,JETA1,25/06/2026,32038,FIN-005
INV-34248,DISP-02735,OMC-016,KPA Marine,DPK,2025-05-17,264987,FIN-003
INV-77219,DISP-03993,OMC-013,Lake Oil,AGO,2025-08-04,98148,FIN-005
INV-37432,DISP-06349,OMC-020,Ethiopian Oil,PMS,2026-01-20," KES 125,189 ",FIN-002
INV-31782,DISP-08217,OMC-009,Dalbit Petroleum,LUB,2025-07-20,230117,FIN-003
INV-96835,DISP-01548,OMC-004,Gulf Energy,LPG,2026-05-01,214876,FIN-005
INV-75590,DISP-08496,OMC-013,Lake Oil,LPG,2025-06-07,61112,FIN-003
INV-61510,DISP-06131,OMC-003,Rubis Energy,JETA1,2025-07-01,244128,FIN-003
INV-75984,DISP-05484,OMC-015,Mombasa Petroleum,PMS,2025-01-07,204557,FIN-003
INV-82859,DISP-03999,OMC-016,KPA Marine,PMS,2025-01-30," KES 61,638 ",FIN-004
INV-44850,DISP-01327,OMC-007,Kobil,LUB,2026-01-04,121871,FIN-005
INV-69655,DISP-09267,OMC-013,Lake Oil,AGO,2026-01-23,175373,FIN-003
INV-25557,DISP-07133,OMC-018,Uganda National Oil,LUB,2025-07-10,180269,FIN-001
INV-84624,DISP-00693,OMC-019,Tanzania Petroleum,LPG,2026-06-15,120416,FIN-005
INV-58011,DISP-05074,OMC-017,KAA Aviation,JETA1,2025-10-24,145934,FIN-003
INV-45056,DISP-06107,OMC-012,Galana Energies,LPG,2026-04-22,200253,FIN-001
INV-81081,DISP-04500,OMC-005,PetroOil Kenya,DPK,2026-04-12,220546,FIN-001
INV-30320,DISP-01083,OMC-020,Ethiopian Oil,DPK,2025-08-30,32370,FIN-005
INV-33849,DISP-06924,OMC-012,Galana Energies,LPG,12/04/2026,44985,FIN-005
INV-51360,DISP-03699,OMC-019,Tanzania Petroleum,LUB,2025-07-19,57529,FIN-001
INV-70460,DISP-01309,OMC-016,KPA Marine,DPK,2025-07-05,193025,FIN-001
INV-54920,DISP-08028,OMC-010,Tamoil,DPK,2025-08-03,198745,FIN-001
INV-13352,DISP-08796,OMC-008,National Oil,AGO,2025-07-19,44962,FIN-002
INV-38186,DISP-02155,OMC-020,Ethiopian Oil,HFO,2025-08-06,198697,FIN-001
INV-13730,DISP-06141,OMC-001,TotalEnergies Kenya,DPK,2026-01-03,33636,FIN-003
INV-52303,DISP-05299,OMC-009,Dalbit Petroleum,DPK,2025-11-04,120939,FIN-003
INV-74740,DISP-05497,OMC-001,TotalEnergies Kenya,JETA1,2025-04-18,267086,FIN-004
INV-87094,DISP-08697,OMC-009,Dalbit Petroleum,HFO,2025-08-24,109888,FIN-005
INV-20794,DISP-08554,OMC-015,Mombasa Petroleum,LPG,2025-03-27,164287,FIN-003
INV-48187,DISP-07430,OMC-012,Galana Energies,LPG,2026-03-22,36932,FIN-005
INV-64042,DISP-03974,OMC-012,Galana Energies,DPK,2026-03-24,59773,FIN-004
INV-69631,DISP-06321,OMC-017,KAA Aviation,HFO,2026-05-24,288193,FIN-003
INV-67389,DISP-03361,OMC-009,Dalbit Petroleum,HFO,2025-07-03,241061,FIN-002
INV-78923,DISP-03496,OMC-003,Rubis Energy,HFO,2025-07-17,183603,FIN-004
INV-55174,DISP-09819,OMC-011,Hass Petroleum,LPG,2025-01-15,161842,FIN-001
INV-33435,DISP-04242,OMC-006,Hashi Energy,AGO,,59281,FIN-003
INV-16256,DISP-06301,OMC-001,TotalEnergies Kenya,LPG,,131497,FIN-001
INV-34008,DISP-07795,OMC-012,Galana Energies,HFO,2026-03-22,141299,FIN-005
INV-14475,DISP-08068,OMC-013,Lake Oil,LUB,2025-06-14,261709,FIN-003
INV-70397,DISP-06179,OMC-002,Vivo Energy,AGO,2026-06-12,188802,FIN-002
INV-54106,DISP-09214,OMC-006,Hashi Energy,PMS,2025-05-22,78781,FIN-003
INV-60261,DISP-03688,OMC-006,Hashi Energy,AGO,13/03/2025,222827,FIN-005
INV-70537,DISP-05711,OMC-020,Ethiopian Oil,HFO,08/03/2025,51840,FIN-003
INV-73305,DISP-08057,OMC-017,KAA Aviation,HFO,2026-05-19," KES 34,375 ",FIN-001
INV-73751,DISP-02592,OMC-003,Rubis Energy,HFO,2025-07-11,104207,FIN-005
INV-97318,DISP-07570,OMC-001,TotalEnergies Kenya,LPG,2026-04-24,91365,FIN-004
INV-83686,DISP-05048,OMC-010,Tamoil,DPK,2025-05-09,104625,FIN-003
INV-60263,DISP-07656,OMC-014,Texol Energies,AGO,2025-04-10,39931,FIN-001
INV-17508,DISP-06709,OMC-003,Rubis Energy,AGO,15/03/2025,36471,FIN-003
INV-77674,DISP-09895,OMC-014,Texol Energies,DPK,,130114,FIN-005
INV-30662,DISP-04805,OMC-020,Ethiopian Oil,DPK,2026-05-22,229757,FIN-004
INV-90784,DISP-08862,OMC-014,Texol Energies,HFO,,53118,FIN-004
INV-23229,DISP-03529,OMC-013,Lake Oil,LPG,2026-02-23,56288,FIN-001
INV-42278,DISP-07630,OMC-006,Hashi Energy,LPG,2026-04-09,113792,FIN-004
INV-60799,DISP-00854,OMC-011,Hass Petroleum,DPK,2026-02-16,213806,FIN-001
INV-39473,DISP-03694,OMC-018,Uganda National Oil,DPK,,254202,FIN-005
INV-70744,DISP-08187,OMC-004,Gulf Energy,LUB,2026-04-04,147166,FIN-002
INV-54362,DISP-08108,OMC-014,Texol Energies,LPG,2025-06-20,20973,FIN-005
INV-34847,DISP-09005,OMC-019,Tanzania Petroleum,DPK,2025-11-06,217381,FIN-005
INV-10966,DISP-00799,OMC-008,National Oil,PMS,2025-07-03,30235,FIN-005
INV-60091,DISP-04978,OMC-002,Vivo Energy,PMS,2026-01-19,65217,FIN-003
INV-76035,DISP-01911,OMC-017,KAA Aviation,LPG,2025-12-26," KES 179,561 ",FIN-002
INV-47790,DISP-09185,OMC-007,Kobil,AGO,2025-07-02,46303,FIN-005
INV-57395,DISP-00042,OMC-002,Vivo Energy,HFO,2025-06-10,201854,FIN-005
INV-12545,DISP-05775,OMC-009,Dalbit Petroleum,AGO,2026-05-22," KES 45,241 ",FIN-002
INV-14222,DISP-02450,OMC-009,Dalbit Petroleum,JETA1,2025-01-21,168213,FIN-005
INV-59043,DISP-03265,OMC-011,Hass Petroleum,DPK,2025-05-23,37808,FIN-003
INV-80808,DISP-00380,OMC-015,Mombasa Petroleum,HFO,2026-01-29,123934,FIN-003
INV-79802,DISP-05613,OMC-007,Kobil,PMS,2026-05-12," KES 215,944 ",FIN-005
INV-71707,DISP-04714,OMC-015,Mombasa Petroleum,DPK,2025-11-20,34466,FIN-003
INV-74242,DISP-08600,OMC-018,Uganda National Oil,JETA1,2026-06-08,33038,FIN-005
INV-56725,DISP-06515,OMC-011,Hass Petroleum,JETA1,2025-10-22,37760,FIN-003
INV-87468,DISP-04442,OMC-006,Hashi Energy,AGO,2025-07-21,101068,FIN-002
INV-61165,DISP-04617,OMC-010,Tamoil,LPG,2026-05-26," KES 114,152 ",FIN-005
INV-11867,DISP-03978,OMC-002,Vivo Energy,JETA1,2025-10-18,93470,FIN-004
INV-87672,DISP-02220,OMC-006,Hashi Energy,AGO,,219228,FIN-003
INV-65310,DISP-04150,OMC-004,Gulf Energy,JETA1,2026-04-28,140605,FIN-001
INV-20575,DISP-05369,OMC-011,Hass Petroleum,LPG,2025-05-23,37326,FIN-004
INV-21390,DISP-07933,OMC-019,Tanzania Petroleum,JETA1,2025-02-03,146603,FIN-001
INV-35583,DISP-02435,OMC-014,Texol Energies,PMS,2025-08-11,151065,FIN-003
INV-41401,DISP-07295,OMC-002,Vivo Energy,LPG,2025-04-09,30115,FIN-001
INV-69788,DISP-08943,OMC-010,Tamoil,HFO,2026-06-22,55274,FIN-004
INV-47674,DISP-02500,OMC-014,Texol Energies,PMS,2026-05-27,216355,FIN-001
INV-79190,DISP-06306,OMC-020,Ethiopian Oil,DPK,2026-01-04,162383,FIN-003
INV-44447,DISP-04079,OMC-017,KAA Aviation,LPG,2025-05-16," KES 71,468 ",FIN-004
INV-12305,DISP-03197,OMC-017,KAA Aviation,LPG,2025-03-03,92528,FIN-004
INV-88872,DISP-08556,OMC-014,Texol Energies,AGO,2025-04-06,32142,FIN-003
INV-24821,DISP-01130,OMC-017,KAA Aviation,PMS,2025-10-11,21522,FIN-003
INV-63910,DISP-07339,OMC-014,Texol Energies,LUB,2025-11-28,31723,FIN-004
INV-88889,DISP-08159,OMC-017,KAA Aviation,AGO,2025-07-05," KES 44,014 ",FIN-001
INV-29894,DISP-08146,OMC-019,Tanzania Petroleum,PMS,2026-01-20,53990,FIN-002
INV-99155,DISP-09352,OMC-001,TotalEnergies Kenya,LPG,2025-09-16,203474,FIN-005
INV-65158,DISP-08172,OMC-009,Dalbit Petroleum,JETA1,04/06/2026,144753,FIN-003
INV-64023,DISP-02653,OMC-020,Ethiopian Oil,LPG,2025-07-19,119704,FIN-001
INV-99145,DISP-03365,OMC-001,TotalEnergies Kenya,LPG,2025-07-01,51898,FIN-002
INV-84868,DISP-09070,OMC-014,Texol Energies,PMS,2026-02-14,22891,FIN-002
INV-55795,DISP-07282,OMC-014,Texol Energies,AGO,2025-09-21,23623,FIN-001
INV-96447,DISP-05987,OMC-013,Lake Oil,AGO,2026-05-13,197459,FIN-001
INV-21284,DISP-06261,OMC-019,Tanzania Petroleum,PMS,2026-04-01,155495,FIN-003
INV-21168,DISP-08996,OMC-009,Dalbit Petroleum,HFO,2025-10-14,230291,FIN-002
INV-21195,DISP-07462,OMC-002,Vivo Energy,DPK,2025-08-08,124994,FIN-002
INV-15214,DISP-00666,OMC-018,Uganda National Oil,AGO,2025-03-10,44428,FIN-004
INV-66108,DISP-02830,OMC-020,Ethiopian Oil,PMS,2026-01-08,61969,FIN-002
INV-56942,DISP-05880,OMC-004,Gulf Energy,LUB,2026-03-16,27553,FIN-003
INV-73427,DISP-08372,OMC-014,Texol Energies,HFO,2025-04-21,125588,FIN-005
INV-23129,DISP-00690,OMC-018,Uganda National Oil,JETA1,14/07/2025,138283,FIN-002
INV-91849,DISP-02423,OMC-020,Ethiopian Oil,AGO,27/06/2026,24986,FIN-003
INV-65584,DISP-06670,OMC-018,Uganda National Oil,DPK,2025-01-31,254409,FIN-004
INV-99376,DISP-02780,OMC-002,Vivo Energy,PMS,2025-05-01,54188,FIN-004
INV-64782,DISP-03926,OMC-007,Kobil,LPG,2025-11-21,112963,FIN-002
INV-89897,DISP-02089,OMC-016,KPA Marine,DPK,2026-05-11,186687,FIN-001
INV-84989,DISP-00730,OMC-001,TotalEnergies Kenya,DPK,2025-06-26,37535,FIN-002
INV-91856,DISP-05114,OMC-017,KAA Aviation,DPK,2025-07-14,111769,FIN-001
INV-15513,DISP-05147,OMC-017,KAA Aviation,PMS,20/01/2025,242586,FIN-003
INV-18509,DISP-05071,OMC-009,Dalbit Petroleum,LPG,2025-02-02,194348,FIN-002
INV-99544,DISP-06982,OMC-013,Lake Oil,HFO,2025-12-02,159457,FIN-005
INV-43127,DISP-08674,OMC-019,Tanzania Petroleum,AGO,2025-08-06," KES 214,662 ",FIN-002
INV-30406,DISP-04910,OMC-005,PetroOil Kenya,JETA1,2026-02-23,54388,FIN-004
INV-49465,DISP-07438,OMC-018,Uganda National Oil,LUB,2026-05-08,194881,FIN-004
INV-99716,DISP-02747,OMC-016,KPA Marine,LUB,2025-09-10,232395,FIN-004
INV-17694,DISP-09060,OMC-004,Gulf Energy,DPK,2026-03-14,174526,FIN-004
INV-75100,DISP-01363,OMC-011,Hass Petroleum,AGO,2025-10-15,253517,FIN-001
INV-76317,DISP-01975,OMC-015,Mombasa Petroleum,LPG,2026-03-27," KES 150,857 ",FIN-004
INV-46066,DISP-00777,OMC-008,National Oil,DPK,09/06/2025,41737,FIN-005
INV-57768,DISP-06218,OMC-006,Hashi Energy,LPG,2025-09-27,133821,FIN-004
INV-68541,DISP-09788,OMC-008,National Oil,AGO,2025-03-19,43670,FIN-003
INV-89811,DISP-00879,OMC-013,Lake Oil,LUB,2025-10-22,37450,FIN-001
INV-26990,DISP-05028,OMC-018,Uganda National Oil,AGO,2025-02-14,21226,FIN-005
INV-45732,DISP-00537,OMC-019,Tanzania Petroleum,AGO,2025-05-14," KES 173,260 ",FIN-002
INV-92809,DISP-01082,OMC-020,Ethiopian Oil,HFO,2025-02-14,154399,FIN-002
INV-33249,DISP-04494,OMC-016,KPA Marine,LUB,2025-02-17,39155,FIN-004
INV-42020,DISP-03465,OMC-011,Hass Petroleum,PMS,2025-04-03,46264,FIN-002
INV-23573,DISP-08004,OMC-005,PetroOil Kenya,LPG,2026-04-06,176227,FIN-004
INV-25810,DISP-03032,OMC-011,Hass Petroleum,LPG,2026-06-07,247778,FIN-004
INV-81148,DISP-07319,OMC-016,KPA Marine,JETA1,,140042,FIN-002
INV-22405,DISP-05319,OMC-014,Texol Energies,LUB,2025-08-22,114801,FIN-005
INV-98517,DISP-00896,OMC-016,KPA Marine,DPK,2025-11-27,270363,FIN-004
INV-64093,DISP-03600,OMC-016,KPA Marine,AGO,2025-09-03,175445,FIN-001
INV-19905,DISP-09661,OMC-001,TotalEnergies Kenya,LUB,2025-04-24,107486,FIN-002
INV-45782,DISP-06445,OMC-014,Texol Energies,AGO,," KES 48,390 ",FIN-002
INV-80607,DISP-08333,OMC-017,KAA Aviation,DPK,2025-03-26,58421,FIN-001
INV-38034,DISP-01176,OMC-007,Kobil,AGO,2025-06-25,25773,FIN-004
INV-20716,DISP-07865,OMC-016,KPA Marine,DPK,2025-12-12,216569,FIN-003
INV-92161,DISP-04064,OMC-003,Rubis Energy,HFO,12/08/2025,26354,FIN-005
INV-60573,DISP-01843,OMC-014,Texol Energies,PMS,,127608,FIN-001
INV-73840,DISP-08054,OMC-006,Hashi Energy,AGO,2025-08-20," KES 257,479 ",FIN-003
INV-39344,DISP-09868,OMC-009,Dalbit Petroleum,JETA1,2025-07-06,38982,FIN-002
INV-55500,DISP-00972,OMC-004,Gulf Energy,JETA1,2026-03-11,24386,FIN-003
INV-34182,DISP-00652,OMC-010,Tamoil,AGO,2026-03-12,275345,FIN-005
INV-43142,DISP-04668,OMC-001,TotalEnergies Kenya,LPG,2026-01-10,54578,FIN-001
INV-39042,DISP-03800,OMC-010,Tamoil,AGO,2025-07-04,45028,FIN-001
INV-36972,DISP-05726,OMC-002,Vivo Energy,LUB,2025-03-30,162344,FIN-005
INV-37454,DISP-06563,OMC-005,PetroOil Kenya,LUB,28/03/2026,43460,FIN-004
INV-44871,DISP-05011,OMC-020,Ethiopian Oil,LUB,,171803,FIN-001
INV-11271,DISP-09791,OMC-019,Tanzania Petroleum,LUB,2026-06-22,40711,FIN-001
INV-73679,DISP-09873,OMC-010,Tamoil,DPK,2025-05-30,25659,FIN-001
INV-61576,DISP-03908,OMC-020,Ethiopian Oil,LUB,2025-12-10,277334,FIN-002
INV-24426,DISP-03776,OMC-018,Uganda National Oil,LUB,2025-08-25,144635,FIN-003
INV-11610,DISP-00125,OMC-001,TotalEnergies Kenya,DPK,2025-06-16,162858,FIN-001
INV-38244,DISP-03759,OMC-010,Tamoil,AGO,2026-01-20,199257,FIN-004
INV-49267,DISP-06765,OMC-007,Kobil,HFO,2025-01-11,192324,FIN-004
INV-19083,DISP-07854,OMC-010,Tamoil,PMS,2025-08-28,73115,FIN-004
INV-34494,DISP-08225,OMC-016,KPA Marine,JETA1,2025-02-09,60899,FIN-004
INV-81749,DISP-07326,OMC-013,Lake Oil,AGO,2025-09-22,211527,FIN-004
INV-70312,DISP-01227,OMC-015,Mombasa Petroleum,PMS,2025-02-12,197585,FIN-005
INV-47737,DISP-08950,OMC-002,Vivo Energy,LUB,2025-09-12,183558,FIN-003
INV-81018,DISP-09779,OMC-006,Hashi Energy,PMS,2025-12-16,31775,FIN-002
INV-89296,DISP-00996,OMC-017,KAA Aviation,LUB,2025-10-09,40703,FIN-002
INV-27051,DISP-01493,OMC-002,Vivo Energy,JETA1,2025-06-04,29710,FIN-002
INV-24466,DISP-09121,OMC-015,Mombasa Petroleum,PMS,2026-03-05,53505,FIN-005
INV-59272,DISP-07701,OMC-010,Tamoil,HFO,2026-02-04,127166,FIN-001
INV-67398,DISP-07048,OMC-013,Lake Oil,HFO,2025-09-20,140605,FIN-004
INV-60869,DISP-01429,OMC-001,TotalEnergies Kenya,LUB,2025-06-29,44809,FIN-001
INV-57643,DISP-05324,OMC-016,KPA Marine,LPG,2026-02-18,24976,FIN-005
INV-23516,DISP-00367,OMC-006,Hashi Energy,LUB,2025-11-14,251434,FIN-002
INV-68321,DISP-06020,OMC-015,Mombasa Petroleum,DPK,,152942,FIN-004
INV-35502,DISP-02359,OMC-019,Tanzania Petroleum,DPK,26/04/2025,165882,FIN-004
INV-88063,DISP-08343,OMC-006,Hashi Energy,DPK,2025-08-25,27534,FIN-001
INV-59667,DISP-07234,OMC-010,Tamoil,DPK,2026-05-10,277710,FIN-003
INV-51972,DISP-08564,OMC-003,Rubis Energy,PMS,2025-09-10,140888,FIN-005
INV-83365,DISP-01594,OMC-011,Hass Petroleum,LUB,2025-09-03,207387,FIN-003
INV-79924,DISP-08251,OMC-019,Tanzania Petroleum,LUB,2025-01-06,25813,FIN-001
INV-58766,DISP-02864,OMC-007,Kobil,PMS,2025-03-31,96999,FIN-002
INV-14248,DISP-07806,OMC-004,Gulf Energy,LUB,2026-03-15,85424,FIN-003
INV-62999,DISP-09823,OMC-010,Tamoil,JETA1,2025-06-03,233609,FIN-003
INV-59468,DISP-06493,OMC-013,Lake Oil,LUB,2025-12-25,135166,FIN-003
INV-95480,DISP-04474,OMC-009,Dalbit Petroleum,AGO,2026-02-09,74372,FIN-004
INV-97676,DISP-09615,OMC-003,Rubis Energy,HFO,2025-01-23,183570,FIN-001
INV-29966,DISP-06632,OMC-010,Tamoil,HFO,27/01/2026,44358,FIN-005
INV-79824,DISP-07902,OMC-020,Ethiopian Oil,LPG,2026-05-28,47805,FIN-001
INV-32029,DISP-05499,OMC-011,Hass Petroleum,HFO,2025-12-10,175183,FIN-004
INV-45994,DISP-01392,OMC-009,Dalbit Petroleum,LPG,2025-10-23,190932,FIN-004
INV-78726,DISP-05798,OMC-001,TotalEnergies Kenya,LUB,2026-05-13,268955,FIN-002
INV-50221,DISP-09434,OMC-008,National Oil,HFO,2026-01-03,106595,FIN-001
INV-92587,DISP-07691,OMC-013,Lake Oil,DPK,14/03/2026,221634,FIN-001
INV-11089,DISP-08955,OMC-013,Lake Oil,DPK,2025-12-13,234571,FIN-002
INV-25228,DISP-05589,OMC-006,Hashi Energy,PMS,2025-04-05,57987,FIN-002
INV-64089,DISP-05562,OMC-007,Kobil,LPG,2025-08-01,44236,FIN-005
INV-82287,DISP-04067,OMC-002,Vivo Energy,HFO,2025-04-27,32610,FIN-005
INV-94137,DISP-08064,OMC-001,TotalEnergies Kenya,PMS,2026-05-19," KES 100,764 ",FIN-001
INV-97945,DISP-08491,OMC-005,PetroOil Kenya,LUB,2026-04-13,65465,FIN-003
INV-49590,DISP-05432,OMC-003,Rubis Energy,AGO,2026-04-11,23159,FIN-002
INV-87844,DISP-03340,OMC-017,KAA Aviation,LPG,2025-10-06,31606,FIN-001
INV-31132,DISP-09710,OMC-004,Gulf Energy,JETA1,2026-05-01,132765,FIN-001
INV-32030,DISP-08968,OMC-017,KAA Aviation,DPK,2025-01-08,150743,FIN-005
INV-38124,DISP-03785,OMC-014,Texol Energies,LUB,2025-02-14,55735,FIN-004
INV-96368,DISP-06309,OMC-009,Dalbit Petroleum,JETA1,2025-01-31,143485,FIN-001
INV-46057,DISP-08327,OMC-006,Hashi Energy,DPK,2025-03-09,119635,FIN-003
INV-74229,DISP-00212,OMC-020,Ethiopian Oil,LPG,2026-05-08,214451,FIN-004
INV-76955,DISP-05545,OMC-016,KPA Marine,PMS,2025-05-30,53851,FIN-001
INV-27493,DISP-08740,OMC-012,Galana Energies,PMS,2026-02-20,188944,FIN-004
INV-97935,DISP-01293,OMC-011,Hass Petroleum,LUB,2026-02-28,185074,FIN-003
INV-79488,DISP-01010,OMC-018,Uganda National Oil,JETA1,2025-03-29,34343,FIN-004
INV-55059,DISP-01989,OMC-013,Lake Oil,LPG,2025-11-01,60126,FIN-003
INV-70744,DISP-00430,OMC-008,National Oil,AGO,08/06/2026,62951,FIN-005
INV-77178,DISP-08479,OMC-010,Tamoil,JETA1,2026-06-18,48820,FIN-002
INV-96491,DISP-08763,OMC-015,Mombasa Petroleum,DPK,2026-03-12,162760,FIN-001
INV-73309,DISP-05140,OMC-013,Lake Oil,HFO,2025-10-07,47391,FIN-001
INV-50734,DISP-09685,OMC-018,Uganda National Oil,PMS,2026-02-11,62539,FIN-001
INV-35435,DISP-03444,OMC-017,KAA Aviation,JETA1,2025-05-01,57610,FIN-002
INV-93311,DISP-00410,OMC-007,Kobil,HFO,2026-06-23,41657,FIN-004
INV-44636,DISP-03145,OMC-019,Tanzania Petroleum,DPK,2025-02-18,138691,FIN-005
INV-50815,DISP-08150,OMC-002,Vivo Energy,HFO,2025-02-03,47817,FIN-001
INV-18117,DISP-04730,OMC-010,Tamoil,LUB,2026-01-25,54112,FIN-005
INV-45367,DISP-04660,OMC-011,Hass Petroleum,PMS,2026-07-04,123637,FIN-001
INV-46835,DISP-02321,OMC-015,Mombasa Petroleum,DPK,2026-03-01,160582,FIN-004
INV-88062,DISP-00878,OMC-001,TotalEnergies Kenya,LPG,2026-02-10,27476,FIN-004
INV-77316,DISP-07455,OMC-020,Ethiopian Oil,LUB,2025-02-24,133904,FIN-002
INV-69943,DISP-03311,OMC-005,PetroOil Kenya,PMS,2026-03-26,82077,FIN-001
INV-71009,DISP-00060,OMC-007,Kobil,LPG,2025-09-22,34827,FIN-003
INV-80519,DISP-04295,OMC-002,Vivo Energy,HFO,2025-01-29,240990,FIN-002
INV-96439,DISP-08726,OMC-004,Gulf Energy,PMS,2026-03-04,141468,FIN-003
INV-56677,DISP-06482,OMC-003,Rubis Energy,PMS,2025-08-19,267106,FIN-003
INV-75950,DISP-04117,OMC-001,TotalEnergies Kenya,DPK,2026-05-25,40900,FIN-004
INV-91560,DISP-09126,OMC-001,TotalEnergies Kenya,HFO,2026-04-05,265086,FIN-003
INV-21603,DISP-08502,OMC-009,Dalbit Petroleum,JETA1,2025-03-27,214096,FIN-005
INV-34602,DISP-03942,OMC-017,KAA Aviation,DPK,2025-10-12,37965,FIN-002
INV-50549,DISP-09459,OMC-018,Uganda National Oil,DPK,2026-06-01,40123,FIN-005
INV-22041,DISP-04653,OMC-015,Mombasa Petroleum,AGO,2025-12-26,164851,FIN-004
INV-37934,DISP-04839,OMC-003,Rubis Energy,LUB,2025-10-24," KES 28,208 ",FIN-002
INV-84658,DISP-03850,OMC-019,Tanzania Petroleum,LPG,2026-01-08," KES 59,881 ",FIN-001
INV-11727,DISP-05112,OMC-013,Lake Oil,JETA1,2026-05-31,58736,FIN-002
INV-50265,DISP-06845,OMC-019,Tanzania Petroleum,AGO,2026-06-11,160278,FIN-004
INV-94954,DISP-09863,OMC-017,KAA Aviation,DPK,2026-01-10,118145,FIN-002
INV-90774,DISP-09405,OMC-004,Gulf Energy,AGO,2026-03-29,279246,FIN-004
INV-96386,DISP-04933,OMC-009,Dalbit Petroleum,LUB,2025-11-05,54276,FIN-003
INV-61057,DISP-04398,OMC-005,PetroOil Kenya,HFO,2026-04-30,62000,FIN-005
INV-85453,DISP-05192,OMC-008,National Oil,HFO,2026-01-12,279177,FIN-002
INV-21474,DISP-01864,OMC-016,KPA Marine,LUB,2026-04-29,24904,FIN-001
INV-72631,DISP-01909,OMC-013,Lake Oil,LUB,2026-06-29,168388,FIN-002
INV-93278,DISP-01904,OMC-018,Uganda National Oil,LPG,2025-04-13,37200,FIN-003
INV-49857,DISP-07328,OMC-006,Hashi Energy,LPG,2025-03-14,163674,FIN-001
INV-30444,DISP-07674,OMC-020,Ethiopian Oil,LUB,2026-02-09,30309,FIN-001
INV-40614,DISP-09808,OMC-003,Rubis Energy,AGO,2025-09-20,48675,FIN-003
INV-13258,DISP-04309,OMC-008,National Oil,LPG,09/06/2025,259899,FIN-002
INV-16053,DISP-02099,OMC-015,Mombasa Petroleum,AGO,2026-06-16,25627,FIN-002
INV-10772,DISP-02989,OMC-003,Rubis Energy,HFO,2026-05-09,56911,FIN-002
INV-42343,DISP-02886,OMC-007,Kobil,PMS,2025-08-18,22465,FIN-005
INV-17634,DISP-08211,OMC-017,KAA Aviation,AGO,29/03/2026,212770,FIN-005
INV-83961,DISP-08794,OMC-018,Uganda National Oil,PMS,2025-04-27,45298,FIN-002
INV-97151,DISP-07724,OMC-012,Galana Energies,HFO,2026-03-20,37527,FIN-004
INV-38838,DISP-06358,OMC-019,Tanzania Petroleum,JETA1,2025-09-01,43265,FIN-005
INV-10350,DISP-08864,OMC-008,National Oil,LPG,2026-06-02,28637,FIN-004
INV-47884,DISP-09877,OMC-003,Rubis Energy,DPK,2026-03-08," KES 54,493 ",FIN-005
INV-41178,DISP-00359,OMC-004,Gulf Energy,HFO,,163800,FIN-005
INV-15961,DISP-02564,OMC-003,Rubis Energy,PMS,2025-04-16,60016,FIN-004
INV-68220,DISP-02494,OMC-010,Tamoil,LUB,2025-03-24,24440,FIN-001
INV-11819,DISP-03842,OMC-019,Tanzania Petroleum,LPG,2026-02-04,58130,FIN-002
INV-83922,DISP-06606,OMC-011,Hass Petroleum,AGO,2025-04-08," KES 183,092 ",FIN-003
INV-85219,DISP-09365,OMC-015,Mombasa Petroleum,DPK,2026-04-06,30349,FIN-003
INV-12800,DISP-08133,OMC-020,Ethiopian Oil,LUB,2025-05-01,188695,FIN-004
INV-36408,DISP-02879,OMC-009,Dalbit Petroleum,JETA1,2025-05-04,43670,FIN-004
INV-43931,DISP-04983,OMC-016,KPA Marine,HFO,,209878,FIN-004
INV-78902,DISP-04693,OMC-015,Mombasa Petroleum,DPK,2025-04-21,143807,FIN-001
INV-40851,DISP-08967,OMC-013,Lake Oil,LPG,2026-07-06,260390,FIN-004
INV-90224,DISP-06603,OMC-015,Mombasa Petroleum,PMS,,128981,FIN-004
INV-43574,DISP-03410,OMC-004,Gulf Energy,HFO,2026-04-26," KES 211,063 ",FIN-001
INV-98755,DISP-03685,OMC-016,KPA Marine,JETA1,2026-03-27,255359,FIN-004
INV-28223,DISP-04053,OMC-008,National Oil,LUB,2025-09-25,49477,FIN-003
INV-88122,DISP-04047,OMC-015,Mombasa Petroleum,LUB,2026-01-19,122429,FIN-005
INV-76805,DISP-01514,OMC-014,Texol Energies,DPK,2025-05-28,250292,FIN-005
INV-75976,DISP-00813,OMC-008,National Oil,LUB,2025-12-19,40129,FIN-002
INV-71001,DISP-02473,OMC-016,KPA Marine,DPK,2025-02-26,34230,FIN-003
INV-76388,DISP-08963,OMC-017,KAA Aviation,DPK,2026-02-12,54092,FIN-001
INV-68974,DISP-05426,OMC-016,KPA Marine,LPG,2025-09-03,80966,FIN-002
INV-70044,DISP-04666,OMC-017,KAA Aviation,LUB,2025-07-26,55039,FIN-003
INV-83583,DISP-05692,OMC-012,Galana Energies,AGO,2026-03-22,134027,FIN-004
INV-22655,DISP-05758,OMC-004,Gulf Energy,DPK,2026-04-14,56744,FIN-002
INV-10634,DISP-06356,OMC-008,National Oil,DPK,2026-07-06,203853,FIN-004
INV-36539,DISP-03303,OMC-008,National Oil,LPG,2025-04-30,20694,FIN-004
INV-62982,DISP-04686,OMC-002,Vivo Energy,AGO,2025-03-07,126392,FIN-005
INV-15251,DISP-08538,OMC-016,KPA Marine,AGO,2025-02-05,53592,FIN-001
INV-59811,DISP-05214,OMC-006,Hashi Energy,AGO,2025-08-10,30027,FIN-002
INV-37475,DISP-05260,OMC-002,Vivo Energy,DPK,2025-06-07,78280,FIN-002
INV-35153,DISP-02084,OMC-005,PetroOil Kenya,HFO,2026-04-17,46270,FIN-003
INV-47034,DISP-09945,OMC-003,Rubis Energy,HFO,2025-10-17,259903,FIN-002
INV-98550,DISP-07417,OMC-015,Mombasa Petroleum,AGO,2026-06-29,28074,FIN-003
INV-11790,DISP-00650,OMC-011,Hass Petroleum,HFO,2025-04-29,128720,FIN-001
INV-79050,DISP-07277,OMC-019,Tanzania Petroleum,LUB,2025-10-04,130037,FIN-004
INV-73365,DISP-09761,OMC-019,Tanzania Petroleum,LUB,2026-04-27,26495,FIN-001
INV-24426,DISP-02197,OMC-007,Kobil,AGO,2026-01-16,184746,FIN-005
INV-57646,DISP-03029,OMC-013,Lake Oil,LPG,2025-09-13,215608,FIN-002
INV-40041,DISP-02292,OMC-006,Hashi Energy,DPK,2025-02-13,46773,FIN-002
INV-68677,DISP-07149,OMC-013,Lake Oil,DPK,2025-10-17,23513,FIN-003
INV-51091,DISP-03657,OMC-007,Kobil,LPG,14/08/2025,123046,FIN-004
INV-39764,DISP-05134,OMC-010,Tamoil,PMS,2025-07-05,38352,FIN-002
INV-47430,DISP-06591,OMC-019,Tanzania Petroleum,AGO,2025-05-29,265929,FIN-004
INV-36053,DISP-09529,OMC-018,Uganda National Oil,JETA1,2025-09-27,143381,FIN-003
INV-71181,DISP-02210,OMC-009,Dalbit Petroleum,JETA1,2025-06-07,134524,FIN-005
INV-70943,DISP-01164,OMC-004,Gulf Energy,AGO,2026-02-23,164653,FIN-003
INV-82079,DISP-08744,OMC-018,Uganda National Oil,PMS,2025-02-06,30163,FIN-004
INV-21798,DISP-00708,OMC-002,Vivo Energy,PMS,2025-09-06,202965,FIN-003
INV-59069,DISP-01149,OMC-006,Hashi Energy,LPG,2025-08-01,259117,FIN-002
INV-99262,DISP-04935,OMC-009,Dalbit Petroleum,LUB,2026-01-27,207563,FIN-004
INV-68823,DISP-08848,OMC-001,TotalEnergies Kenya,LUB,2025-10-22,244160,FIN-002
INV-67324,DISP-03817,OMC-016,KPA Marine,LUB,2025-03-22,52692,FIN-003
INV-59645,DISP-00145,OMC-002,Vivo Energy,JETA1,2026-06-24,58129,FIN-001
INV-84095,DISP-09896,OMC-017,KAA Aviation,AGO,2025-09-17,188630,FIN-003
INV-23388,DISP-01342,OMC-004,Gulf Energy,DPK,2026-04-08,61746,FIN-005
INV-12105,DISP-02982,OMC-013,Lake Oil,PMS,2025-09-17,101146,FIN-003
INV-96314,DISP-02411,OMC-004,Gulf Energy,LUB,14/03/2026,198155,FIN-004
INV-57454,DISP-03841,OMC-012,Galana Energies,DPK,2026-05-02,285455,FIN-005
INV-77664,DISP-01366,OMC-012,Galana Energies,JETA1,15/03/2026,113766,FIN-004
INV-95203,DISP-07907,OMC-016,KPA Marine,PMS,2025-01-19,29453,FIN-002
INV-83071,DISP-02348,OMC-006,Hashi Energy,AGO,2025-05-12,46745,FIN-005
INV-59121,DISP-01377,OMC-012,Galana Energies,LPG,2026-05-02,516581,FIN-003
INV-75950,DISP-06214,OMC-019,Tanzania Petroleum,AGO,2025-12-09,52317,FIN-002
INV-32509,DISP-01959,OMC-003,Rubis Energy,LUB,2026-04-12,40733,FIN-004
INV-53085,DISP-08821,OMC-015,Mombasa Petroleum,HFO,2026-02-24,253475,FIN-002
INV-56969,DISP-06083,OMC-009,Dalbit Petroleum,LPG,2025-09-29,182137,FIN-001
INV-11896,DISP-02343,OMC-017,KAA Aviation,LUB,2025-12-02,52620,FIN-001
INV-59622,DISP-05863,OMC-014,Texol Energies,AGO,2025-10-16,254401,FIN-005
INV-74397,DISP-08565,OMC-008,National Oil,DPK,2025-12-08,158705,FIN-004
INV-22188,DISP-08749,OMC-012,Galana Energies,DPK,2026-02-20,168801,FIN-001
INV-20323,DISP-04443,OMC-016,KPA Marine,JETA1,2025-02-07,105197,FIN-003
INV-78143,DISP-06369,OMC-015,Mombasa Petroleum,LPG,2025-12-29,274434,FIN-004
INV-13652,DISP-03761,OMC-007,Kobil,PMS,2026-05-02,130431,FIN-004
INV-62177,DISP-01702,OMC-014,Texol Energies,DPK,2025-12-19,36264,FIN-003
INV-12488,DISP-05500,OMC-019,Tanzania Petroleum,LUB,2025-03-18,57980,FIN-002
INV-62513,DISP-08407,OMC-003,Rubis Energy,PMS,18/06/2025,53293,FIN-002
INV-49124,DISP-01529,OMC-014,Texol Energies,LUB,2025-05-26,31906,FIN-002
INV-20347,DISP-09977,OMC-020,Ethiopian Oil,HFO,2025-01-30,35404,FIN-004
INV-88618,DISP-02608,OMC-014,Texol Energies,JETA1,2026-05-17,47708,FIN-003
INV-40132,DISP-01123,OMC-007,Kobil,JETA1,2025-01-29,39255,FIN-005
INV-87921,DISP-06427,OMC-009,Dalbit Petroleum,DPK,2025-12-06,43177,FIN-005
INV-18929,DISP-01430,OMC-020,Ethiopian Oil,AGO,2025-02-08,58617,FIN-001
INV-85898,DISP-01572,OMC-007,Kobil,HFO,2025-02-03,169619,FIN-001
INV-26258,DISP-05650,OMC-009,Dalbit Petroleum,AGO,2026-06-26,38904,FIN-001
INV-45427,DISP-09780,OMC-017,KAA Aviation,HFO,2025-09-08,147682,FIN-002
INV-39976,DISP-07785,OMC-011,Hass Petroleum,AGO,2025-04-11,136809,FIN-002
INV-47967,DISP-01691,OMC-001,TotalEnergies Kenya,PMS,,59159,FIN-004
INV-64022,DISP-09358,OMC-008,National Oil,LUB,2026-05-20,21366,FIN-003
INV-70086,DISP-07251,OMC-017,KAA Aviation,HFO,2025-07-12,28731,FIN-003
INV-13160,DISP-05975,OMC-007,Kobil,DPK,2025-04-22," KES 124,929 ",FIN-002
INV-46504,DISP-04826,OMC-012,Galana Energies,LUB,,104540,FIN-004
INV-92882,DISP-09822,OMC-009,Dalbit Petroleum,LUB,2025-05-14,169444,FIN-003
INV-98074,DISP-04360,OMC-003,Rubis Energy,LPG,03/12/2025,257933,FIN-004
INV-84374,DISP-00350,OMC-009,Dalbit Petroleum,HFO,2025-12-08,25911,FIN-003
INV-91024,DISP-08432,OMC-008,National Oil,LPG,2025-03-06,46357,FIN-003
INV-99200,DISP-05091,OMC-001,TotalEnergies Kenya,DPK,2025-11-04,158623,FIN-002
INV-35829,DISP-04946,OMC-020,Ethiopian Oil,JETA1,2025-05-26,234474,FIN-005
INV-86816,DISP-05037,OMC-010,Tamoil,PMS,2025-04-25,111879,FIN-001
INV-24372,DISP-04797,OMC-001,TotalEnergies Kenya,LPG,2026-05-11,86500,FIN-004
INV-81435,DISP-09986,OMC-007,Kobil,PMS,2025-01-17,70851,FIN-003
INV-63338,DISP-01105,OMC-006,Hashi Energy,LPG,2025-07-06,150245,FIN-004
INV-13786,DISP-07280,OMC-017,KAA Aviation,PMS,2026-05-22,221617,FIN-005
INV-45393,DISP-09581,OMC-009,Dalbit Petroleum,JETA1,2026-01-25,183423,FIN-002
INV-43988,DISP-08930,OMC-020,Ethiopian Oil,PMS,2026-05-08,85587,FIN-003
INV-27131,DISP-03420,OMC-019,Tanzania Petroleum,LPG,2026-06-14,175595,FIN-005
INV-96689,DISP-06423,OMC-016,KPA Marine,DPK,2025-03-04,26913,FIN-003
INV-61258,DISP-03421,OMC-008,National Oil,LUB,2025-12-26,204831,FIN-004
INV-81187,DISP-00037,OMC-001,TotalEnergies Kenya,LUB,2026-05-26,124856,FIN-005
INV-66944,DISP-06721,OMC-001,TotalEnergies Kenya,LPG,,38572,FIN-003
INV-36217,DISP-06889,OMC-002,Vivo Energy,LUB,2026-02-27,175147,FIN-004
INV-54906,DISP-08384,OMC-010,Tamoil,AGO,2026-03-05,48858,FIN-004
INV-86686,DISP-09337,OMC-003,Rubis Energy,DPK,15/06/2025,61246,FIN-005
INV-49503,DISP-05565,OMC-017,KAA Aviation,JETA1,2025-08-25,59349,FIN-004
INV-54640,DISP-00941,OMC-016,KPA Marine,PMS,2025-09-21,163132,FIN-001
INV-26321,DISP-01525,OMC-011,Hass Petroleum,PMS,2026-03-25,54135,FIN-004
INV-71048,DISP-05331,OMC-019,Tanzania Petroleum,PMS,2025-08-12,45447,FIN-005
INV-43146,DISP-09595,OMC-003,Rubis Energy,LUB,2026-06-23,170033,FIN-002
INV-61509,DISP-08196,OMC-020,Ethiopian Oil,AGO,2025-11-07,55114,FIN-005
INV-63672,DISP-08855,OMC-007,Kobil,LPG,2025-09-08,150998,FIN-005
INV-19403,DISP-00704,OMC-017,KAA Aviation,DPK,2026-05-31,165317,FIN-003
INV-89980,DISP-08156,OMC-011,Hass Petroleum,PMS,2025-01-14,258154,FIN-005
INV-67935,DISP-07188,OMC-014,Texol Energies,HFO,2026-03-03,59618,FIN-004
INV-89061,DISP-01831,OMC-009,Dalbit Petroleum,PMS,2026-05-25,170889,FIN-005
INV-95935,DISP-04484,OMC-016,KPA Marine,LPG,2025-10-12,117210,FIN-002
INV-54433,DISP-05982,OMC-017,KAA Aviation,AGO,2026-07-03,25121,FIN-004
INV-41226,DISP-03651,OMC-004,Gulf Energy,JETA1,,166983,FIN-003
INV-35666,DISP-09231,OMC-001,TotalEnergies Kenya,LPG,2026-02-23,218945,FIN-003
INV-66899,DISP-06688,OMC-013,Lake Oil,AGO,2025-05-02,134451,FIN-004
INV-37387,DISP-08755,OMC-017,KAA Aviation,AGO,2025-02-10,100003,FIN-005
INV-62328,DISP-06285,OMC-013,Lake Oil,LUB,2025-06-06,30425,FIN-002
INV-89169,DISP-05901,OMC-006,Hashi Energy,LPG,2025-12-30,139784,FIN-001
INV-75300,DISP-09212,OMC-010,Tamoil,DPK,2025-04-22,48773,FIN-005
INV-57073,DISP-09047,OMC-019,Tanzania Petroleum,DPK,2026-03-06," KES 40,640 ",FIN-004
INV-15483,DISP-07161,OMC-014,Texol Energies,LPG,2026-02-10,38174,FIN-005
INV-73620,DISP-04642,OMC-006,Hashi Energy,PMS,2025-07-31,37970,FIN-002
INV-61107,DISP-04673,OMC-001,TotalEnergies Kenya,HFO,2025-06-17,158731,FIN-001
INV-30913,DISP-01490,OMC-003,Rubis Energy,HFO,2026-05-05,175949,FIN-001
INV-71641,DISP-06844,OMC-009,Dalbit Petroleum,JETA1,2025-10-01,50547,FIN-004
INV-10687,DISP-09703,OMC-002,Vivo Energy,JETA1,2025-07-06,23603,FIN-002
INV-69817,DISP-09219,OMC-016,KPA Marine,DPK,2026-02-08,60102,FIN-005
INV-48696,DISP-03152,OMC-008,National Oil,HFO,2025-07-04," KES 239,634 ",FIN-001
INV-60349,DISP-04140,OMC-013,Lake Oil,DPK,2025-01-18," KES 176,758 ",FIN-001
INV-66253,DISP-03756,OMC-010,Tamoil,JETA1,2026-02-20,35430,FIN-001
INV-39540,DISP-06354,OMC-001,TotalEnergies Kenya,LPG,2026-02-21,181836,FIN-001
INV-33994,DISP-05997,OMC-017,KAA Aviation,AGO,2025-10-16," KES 256,530 ",FIN-005
INV-17556,DISP-00077,OMC-002,Vivo Energy,HFO,2025-03-29,166202,FIN-002
INV-65565,DISP-01994,OMC-006,Hashi Energy,LUB,2025-03-22,44274,FIN-003
INV-60748,DISP-04670,OMC-015,Mombasa Petroleum,JETA1,,230971,FIN-005
INV-84332,DISP-08675,OMC-015,Mombasa Petroleum,AGO,2025-09-01,119689,FIN-003
INV-10608,DISP-00624,OMC-011,Hass Petroleum,LUB,2025-07-09,120149,FIN-005
INV-21596,DISP-07517,OMC-006,Hashi Energy,LUB,14/12/2025,170667,FIN-001
INV-13161,DISP-02662,OMC-018,Uganda National Oil,JETA1,2025-04-10,39306,FIN-001
INV-23725,DISP-01510,OMC-012,Galana Energies,LUB,2026-04-21,47743,FIN-005
INV-83769,DISP-06385,OMC-001,TotalEnergies Kenya,JETA1,2025-12-15,135290,FIN-002
INV-70263,DISP-09681,OMC-004,Gulf Energy,LUB,2026-04-05,156607,FIN-004
INV-97859,DISP-00557,OMC-006,Hashi Energy,AGO,2025-08-01," KES 30,074 ",FIN-004
INV-65352,DISP-06598,OMC-009,Dalbit Petroleum,PMS,2025-01-29,30153,FIN-001
INV-86889,DISP-03962,OMC-010,Tamoil,LPG,2026-01-27,60691,FIN-002
INV-29152,DISP-06965,OMC-011,Hass Petroleum,JETA1,2026-05-23,165152,FIN-005
INV-87468,DISP-03088,OMC-019,Tanzania Petroleum,LPG,2025-05-23,34714,FIN-005
INV-35283,DISP-06200,OMC-014,Texol Energies,LUB,2025-12-29,28932,FIN-005
INV-88128,DISP-02832,OMC-013,Lake Oil,AGO,2025-07-13,24113,FIN-004
INV-64724,DISP-05370,OMC-011,Hass Petroleum,PMS,2025-05-26,259294,FIN-001
INV-13337,DISP-01308,OMC-003,Rubis Energy,HFO,2025-05-13,35354,FIN-001
INV-55224,DISP-01157,OMC-010,Tamoil,JETA1,2026-07-03,226489,FIN-005
INV-43559,DISP-09913,OMC-015,Mombasa Petroleum,PMS,2025-12-10,77353,FIN-001
INV-96336,DISP-00524,OMC-019,Tanzania Petroleum,PMS,2025-12-17,249435,FIN-005
INV-78584,DISP-02551,OMC-001,TotalEnergies Kenya,LPG,2026-02-10,35549,FIN-005
INV-84446,DISP-09834,OMC-018,Uganda National Oil,LPG,2026-03-14,52177,FIN-003
INV-33815,DISP-03677,OMC-008,National Oil,LPG,2026-01-05,127819,FIN-002
INV-57715,DISP-04218,OMC-002,Vivo Energy,AGO,2026-04-27,32484,FIN-003
INV-30776,DISP-04036,OMC-018,Uganda National Oil,HFO,2026-05-24,53375,FIN-001
INV-22907,DISP-04282,OMC-015,Mombasa Petroleum,LUB,2025-08-27,276542,FIN-005
INV-55236,DISP-06167,OMC-018,Uganda National Oil,HFO,2025-12-23,170647,FIN-002
INV-17925,DISP-09186,OMC-006,Hashi Energy,AGO,2026-03-03,117308,FIN-004
INV-42471,DISP-00805,OMC-010,Tamoil,HFO,2026-05-06," KES 195,904 ",FIN-005
INV-90691,DISP-03018,OMC-005,PetroOil Kenya,LUB,2026-04-03,50290,FIN-005
INV-48176,DISP-02339,OMC-012,Galana Energies,LPG,2026-03-27,126319,FIN-004
INV-16904,DISP-02023,OMC-001,TotalEnergies Kenya,JETA1,2025-05-01," KES 144,929 ",FIN-002
INV-97527,DISP-02904,OMC-008,National Oil,HFO,2025-01-18,71108,FIN-001
INV-87440,DISP-06652,OMC-012,Galana Energies,AGO,2026-02-11," KES 51,242 ",FIN-004
INV-20282,DISP-02217,OMC-014,Texol Energies,JETA1,2025-09-28,25759,FIN-004
INV-33254,DISP-01730,OMC-016,KPA Marine,LUB,2025-08-06,28252,FIN-003
INV-25475,DISP-03943,OMC-013,Lake Oil,LPG,2025-07-24,125066,FIN-004
INV-91732,DISP-05588,OMC-003,Rubis Energy,DPK,2025-03-25,65779,FIN-005
INV-98642,DISP-05046,OMC-016,KPA Marine,AGO,2026-03-23,139499,FIN-005
INV-81684,DISP-09692,OMC-006,Hashi Energy,DPK,2025-04-13,57550,FIN-005
INV-13449,DISP-04776,OMC-002,Vivo Energy,DPK,2025-03-05,92264,FIN-005
INV-56206,DISP-05724,OMC-015,Mombasa Petroleum,AGO,2026-01-12,139761,FIN-002
INV-55466,DISP-02893,OMC-010,Tamoil,DPK,2025-12-18,73150,FIN-005
INV-81170,DISP-06828,OMC-019,Tanzania Petroleum,LUB,2025-10-10,56404,FIN-003
INV-77506,DISP-00124,OMC-009,Dalbit Petroleum,PMS,2025-10-11,138920,FIN-001
INV-40778,DISP-00862,OMC-019,Tanzania Petroleum,AGO,2025-03-03,44119,FIN-004
INV-33880,DISP-08948,OMC-012,Galana Energies,HFO,2026-02-21,28599,FIN-002
INV-41314,DISP-05882,OMC-001,TotalEnergies Kenya,HFO,2026-04-11,59684,FIN-004
INV-10207,DISP-07132,OMC-005,PetroOil Kenya,PMS,2026-04-03,194600,FIN-004
INV-91845,DISP-02771,OMC-011,Hass Petroleum,JETA1,2025-12-30,231331,FIN-004
INV-41706,DISP-05689,OMC-019,Tanzania Petroleum,LUB,2025-08-06,53796,FIN-002
INV-49717,DISP-07404,OMC-007,Kobil,PMS,2026-04-24,206265,FIN-002
INV-27501,DISP-05580,OMC-012,Galana Energies,PMS,2026-04-17,22587,FIN-001
INV-27998,DISP-00351,OMC-010,Tamoil,HFO,2026-03-19,200552,FIN-005
INV-57754,DISP-01093,OMC-010,Tamoil,JETA1,2025-05-10,22356,FIN-005
INV-13142,DISP-06668,OMC-007,Kobil,AGO,2025-03-26,247895,FIN-002
INV-53659,DISP-02114,OMC-014,Texol Energies,LUB,30/10/2025,30311,FIN-003
INV-93025,DISP-00910,OMC-006,Hashi Energy,PMS,2025-12-20," KES 121,079 ",FIN-005
INV-24854,DISP-01512,OMC-010,Tamoil,HFO,2025-12-05,52137,FIN-002
INV-21632,DISP-02403,OMC-015,Mombasa Petroleum,HFO,2025-09-03,81320,FIN-004
INV-76345,DISP-05397,OMC-007,Kobil,HFO,2025-10-07,26062,FIN-005
INV-14485,DISP-05217,OMC-004,Gulf Energy,PMS,2026-03-10,37645,FIN-005
INV-11538,DISP-01259,OMC-011,Hass Petroleum,AGO,2026-07-04,60972,FIN-001
INV-82775,DISP-08865,OMC-006,Hashi Energy,HFO,2025-10-25,21338,FIN-001
INV-58769,DISP-01852,OMC-020,Ethiopian Oil,LUB,2025-03-29,188929,FIN-001
INV-13272,DISP-05244,OMC-019,Tanzania Petroleum,DPK,2025-03-05,227435,FIN-004
INV-83199,DISP-07447,OMC-003,Rubis Energy,AGO,2025-04-01,256018,FIN-005
INV-57422,DISP-06691,OMC-014,Texol Energies,LPG,2025-05-24," KES 137,307 ",FIN-002
INV-52672,DISP-03266,OMC-010,Tamoil,HFO,2026-02-13,42778,FIN-002
INV-23765,DISP-07082,OMC-019,Tanzania Petroleum,AGO,2025-09-27,47379,FIN-002
INV-22352,DISP-04462,OMC-006,Hashi Energy,LUB,2026-03-30,46507,FIN-003
INV-34602,DISP-07928,OMC-007,Kobil,JETA1,2025-10-01,123169,FIN-003
INV-31665,DISP-05475,OMC-019,Tanzania Petroleum,DPK,2026-01-14,99712,FIN-005
INV-41180,DISP-05024,OMC-007,Kobil,LUB,2025-07-07,95869,FIN-004
INV-58874,DISP-09402,OMC-019,Tanzania Petroleum,JETA1,2025-06-24,48101,FIN-002
INV-73223,DISP-05678,OMC-017,KAA Aviation,AGO,2025-04-07,226387,FIN-001
INV-36577,DISP-06824,OMC-014,Texol Energies,LUB,14/01/2025,166118,FIN-002
INV-72262,DISP-08392,OMC-018,Uganda National Oil,HFO,2025-09-10,157442,FIN-004
INV-74870,DISP-05844,OMC-011,Hass Petroleum,DPK,2025-02-28,115175,FIN-001
INV-91967,DISP-00388,OMC-012,Galana Energies,LUB,2026-04-14,152835,FIN-004
INV-97156,DISP-00173,OMC-004,Gulf Energy,LUB,2026-02-25,48920,FIN-004
INV-90548,DISP-00891,OMC-017,KAA Aviation,LUB,2025-02-10,34992,FIN-004
INV-88485,DISP-03343,OMC-008,National Oil,AGO,2026-01-31,306991,FIN-001
INV-29474,DISP-03788,OMC-001,TotalEnergies Kenya,JETA1,2025-02-14,39899,FIN-003
INV-58119,DISP-02261,OMC-003,Rubis Energy,PMS,2025-07-02,152317,FIN-003
INV-78613,DISP-02755,OMC-006,Hashi Energy,LPG,2025-11-23,55321,FIN-002
INV-77812,DISP-03527,OMC-011,Hass Petroleum,PMS,2026-03-05,198615,FIN-002
INV-13180,DISP-03984,OMC-003,Rubis Energy,LUB,2026-04-30,185647,FIN-002
INV-21592,DISP-03852,OMC-008,National Oil,LPG,2025-10-17,50831,FIN-002
INV-16747,DISP-08831,OMC-006,Hashi Energy,PMS,2025-01-21,173221,FIN-002
INV-98176,DISP-08773,OMC-008,National Oil,JETA1,2025-02-08,47438,FIN-002
INV-57016,DISP-08931,OMC-001,TotalEnergies Kenya,PMS,2025-11-27,27126,FIN-001
INV-95367,DISP-03022,OMC-010,Tamoil,LPG,2025-03-12,46505,FIN-004
INV-65503,DISP-00440,OMC-011,Hass Petroleum,LUB,2025-03-05,102882,FIN-003
INV-85367,DISP-08062,OMC-007,Kobil,HFO,2025-10-09,54505,FIN-001
INV-21760,DISP-01487,OMC-011,Hass Petroleum,HFO,2025-06-09,182583,FIN-003
INV-18352,DISP-08483,OMC-014,Texol Energies,AGO,2026-02-23,61250,FIN-005
INV-74392,DISP-01812,OMC-004,Gulf Energy,DPK,2026-04-24,107994,FIN-002
INV-14993,DISP-08227,OMC-001,TotalEnergies Kenya,LPG,2026-05-01,135948,FIN-005
INV-34846,DISP-09181,OMC-006,Hashi Energy,DPK,2025-12-27,272668,FIN-003
INV-75591,DISP-02768,OMC-002,Vivo Energy,HFO,2026-06-24,271091,FIN-005
INV-84185,DISP-05563,OMC-002,Vivo Energy,JETA1,2026-04-16,34653,FIN-003
INV-32280,DISP-04080,OMC-008,National Oil,JETA1,2026-06-16,34985,FIN-004
INV-98083,DISP-07179,OMC-013,Lake Oil,PMS,2026-04-02,182575,FIN-004
INV-57243,DISP-04235,OMC-010,Tamoil,AGO,2025-08-18,224928,FIN-005
INV-80784,DISP-08894,OMC-004,Gulf Energy,PMS,2026-03-12,25803,FIN-005
INV-89256,DISP-04583,OMC-010,Tamoil,AGO,2026-02-23,52792,FIN-005
INV-90732,DISP-04722,OMC-011,Hass Petroleum,PMS,2025-03-07,257178,FIN-002
INV-38068,DISP-05232,OMC-010,Tamoil,HFO,2026-06-09,52656,FIN-005
INV-25762,DISP-08979,OMC-001,TotalEnergies Kenya,LPG,03/03/2025,210214,FIN-002
INV-33910,DISP-07963,OMC-009,Dalbit Petroleum,PMS,2025-12-04,45191,FIN-003
INV-35760,DISP-07398,OMC-012,Galana Energies,JETA1,,25383,FIN-003
INV-30088,DISP-07740,OMC-003,Rubis Energy,JETA1,2026-03-18,37727,FIN-004
INV-28156,DISP-03695,OMC-013,Lake Oil,PMS,2025-11-21,135660,FIN-002
INV-64082,DISP-08041,OMC-012,Galana Energies,AGO,2026-02-12,185411,FIN-002
INV-80335,DISP-09030,OMC-018,Uganda National Oil,AGO,2025-10-21,40821,FIN-004
INV-38901,DISP-00178,OMC-005,PetroOil Kenya,PMS,2026-04-23,194634,FIN-003
INV-76540,DISP-08785,OMC-013,Lake Oil,LUB,2025-02-12,45982,FIN-002
INV-81973,DISP-03074,OMC-001,TotalEnergies Kenya,LPG,2026-03-23,35884,FIN-002
INV-41381,DISP-06391,OMC-013,Lake Oil,DPK,2025-07-26,111275,FIN-003
INV-18844,DISP-02921,OMC-017,KAA Aviation,HFO,2026-04-17,42776,FIN-004
INV-17925,DISP-09186,OMC-006,Hashi Energy,AGO,03/03/2026,117308,FIN-004
INV-50656,DISP-07389,OMC-019,Tanzania Petroleum,AGO,2025-07-08,31777,FIN-003
INV-71164,DISP-02461,OMC-014,Texol Energies,HFO,2025-03-29,38169,FIN-001
INV-12337,DISP-09420,OMC-003,Rubis Energy,JETA1,2025-09-22,46719,FIN-004
INV-21011,DISP-01824,OMC-007,Kobil,JETA1,2025-11-12,34922,FIN-005
INV-19939,DISP-05130,OMC-020,Ethiopian Oil,DPK,2026-03-07,172363,FIN-003
INV-33912,DISP-06396,OMC-017,KAA Aviation,HFO,2025-01-14,117076,FIN-005
INV-82907,DISP-09658,OMC-017,KAA Aviation,DPK,2025-12-14," KES 44,557 ",FIN-004
INV-77737,DISP-01397,OMC-002,Vivo Energy,PMS,2025-01-20,229111,FIN-002
INV-14979,DISP-08953,OMC-008,National Oil,DPK,2025-08-23,25909,FIN-003
INV-75620,DISP-06804,OMC-010,Tamoil,HFO,2025-07-03,158048,FIN-004
INV-27888,DISP-01624,OMC-005,PetroOil Kenya,LPG,2026-04-14,276795,FIN-003
INV-55374,DISP-06463,OMC-016,KPA Marine,HFO,2025-07-04,44771,FIN-004
INV-91300,DISP-05094,OMC-012,Galana Energies,LUB,08/03/2026,167533,FIN-003
INV-55805,DISP-03515,OMC-001,TotalEnergies Kenya,PMS,2025-01-12,202139,FIN-001
INV-56963,DISP-04817,OMC-001,TotalEnergies Kenya,HFO,09/06/2026,51261,FIN-003
INV-56059,DISP-03367,OMC-003,Rubis Energy,DPK,2025-10-26,22057,FIN-005
INV-56240,DISP-04622,OMC-007,Kobil,DPK,2025-12-19,24072,FIN-002
INV-48065,DISP-04234,OMC-013,Lake Oil,HFO,2026-04-28,111298,FIN-002
INV-42115,DISP-08695,OMC-017,KAA Aviation,PMS,2026-05-20,26807,FIN-004
INV-48413,DISP-08336,OMC-007,Kobil,PMS,2026-05-01,79928,FIN-003
INV-17861,DISP-04222,OMC-003,Rubis Energy,AGO,2025-04-07,135505,FIN-004
INV-74313,DISP-04172,OMC-017,KAA Aviation,HFO,2025-09-16,53499,FIN-003
INV-87720,DISP-05685,OMC-012,Galana Energies,DPK,2026-04-08,26998,FIN-005
INV-17162,DISP-04208,OMC-008,National Oil,LPG,2026-01-17,190566,FIN-005
INV-97627,DISP-01923,OMC-017,KAA Aviation,LPG,2025-05-10,124876,FIN-003
INV-52785,DISP-03329,OMC-013,Lake Oil,HFO,2026-02-02,188621,FIN-005
INV-36115,DISP-07096,OMC-001,TotalEnergies Kenya,LPG,2025-11-21,30432,FIN-004
INV-69933,DISP-09259,OMC-006,Hashi Energy,JETA1,2025-07-27,59132,FIN-005
INV-50434,DISP-09686,OMC-010,Tamoil,LUB,2025-04-24,211860,FIN-002
INV-98164,DISP-04061,OMC-011,Hass Petroleum,HFO,2025-01-25,33193,FIN-001
INV-57980,DISP-07844,OMC-016,KPA Marine,LPG,2026-01-30,181827,FIN-005
INV-95677,DISP-06491,OMC-002,Vivo Energy,PMS,2026-05-08,227002,FIN-002
INV-69610,DISP-06062,OMC-003,Rubis Energy,AGO,13/03/2026,229459,FIN-005
INV-95147,DISP-04407,OMC-016,KPA Marine,PMS,2025-12-18,152408,FIN-005
INV-41239,DISP-03963,OMC-013,Lake Oil,AGO,2025-10-15,158072,FIN-003
INV-32557,DISP-08337,OMC-020,Ethiopian Oil,LPG,2025-12-06,227494,FIN-001
INV-33660,DISP-09014,OMC-017,KAA Aviation,LPG,2025-04-22,148168,FIN-005
INV-93978,DISP-06058,OMC-020,Ethiopian Oil,LUB,2026-06-05,56569,FIN-002
INV-44934,DISP-09207,OMC-002,Vivo Energy,PMS,2025-04-16,125991,FIN-001
INV-62656,DISP-00013,OMC-019,Tanzania Petroleum,DPK,2026-06-23,122220,FIN-005
INV-28302,DISP-04536,OMC-006,Hashi Energy,AGO,2026-04-18,24475,FIN-002
INV-42281,DISP-07721,OMC-009,Dalbit Petroleum,HFO,2026-01-07," KES 50,281 ",FIN-001
INV-27848,DISP-08533,OMC-014,Texol Energies,LPG,2026-03-22,97506,FIN-003
INV-69585,DISP-08007,OMC-019,Tanzania Petroleum,LUB,2025-12-01,183080,FIN-002
INV-39167,DISP-05186,OMC-013,Lake Oil,LPG,2026-06-04,28368,FIN-005
INV-32960,DISP-00827,OMC-008,National Oil,AGO,2025-08-03,51733,FIN-003
INV-69816,DISP-05513,OMC-017,KAA Aviation,PMS,2025-09-01,291647,FIN-003
INV-26536,DISP-04247,OMC-003,Rubis Energy,JETA1,2025-11-02,165101,FIN-002
INV-14434,DISP-04139,OMC-007,Kobil,HFO,2025-08-25,57330,FIN-001
INV-89896,DISP-05422,OMC-015,Mombasa Petroleum,LUB,2025-04-02,238287,FIN-003
INV-45673,DISP-07005,OMC-004,Gulf Energy,JETA1,2026-04-27,173734,FIN-005
INV-32521,DISP-04998,OMC-001,TotalEnergies Kenya,LUB,2025-07-16,99450,FIN-003
INV-91523,DISP-07826,OMC-003,Rubis Energy,DPK,2026-01-17,217366,FIN-004
INV-58874,DISP-02814,OMC-012,Galana Energies,PMS,2026-03-16,40050,FIN-001
INV-54249,DISP-03864,OMC-014,Texol Energies,HFO,2026-03-11,25294,FIN-002
INV-68074,DISP-01305,OMC-006,Hashi Energy,DPK,2026-02-19,21777,FIN-005
INV-57056,DISP-02211,OMC-020,Ethiopian Oil,LUB,2025-12-08,109354,FIN-001
INV-47035,DISP-04486,OMC-015,Mombasa Petroleum,PMS,2026-02-07,25979,FIN-001
INV-31414,DISP-04579,OMC-015,Mombasa Petroleum,AGO,2026-05-23,33733,FIN-001
INV-73531,DISP-06834,OMC-006,Hashi Energy,JETA1,2026-01-18,40021,FIN-001
INV-93473,DISP-01506,OMC-014,Texol Energies,AGO,2026-05-17,176724,FIN-001
INV-38900,DISP-02991,OMC-016,KPA Marine,LPG,2025-05-16,175582,FIN-005
INV-38782,DISP-08863,OMC-002,Vivo Energy,JETA1,2025-03-30,35037,FIN-003
INV-58490,DISP-01734,OMC-008,National Oil,LUB,2026-02-22,125841,FIN-003
INV-22772,DISP-06451,OMC-014,Texol Energies,DPK,2026-04-19,223915,FIN-001
INV-76827,DISP-05334,OMC-017,KAA Aviation,HFO,2025-08-28,182793,FIN-001
INV-49845,DISP-05768,OMC-010,Tamoil,AGO,2025-10-02,53771,FIN-003
INV-75460,DISP-00483,OMC-005,PetroOil Kenya,LPG,2026-02-24,463978,FIN-003
INV-25087,DISP-07116,OMC-007,Kobil,HFO,2025-05-12,45723,FIN-003
INV-11101,DISP-03191,OMC-006,Hashi Energy,JETA1,2025-03-06,155891,FIN-003
INV-44614,DISP-03712,OMC-019,Tanzania Petroleum,LPG,2026-07-01,209845,FIN-001
INV-75575,DISP-04325,OMC-018,Uganda National Oil,PMS,2026-03-06,28657,FIN-001
INV-83944,DISP-09044,OMC-014,Texol Energies,LPG,2025-04-21,174757,FIN-005
INV-10383,DISP-08784,OMC-016,KPA Marine,JETA1,2026-03-11,226574,FIN-005
INV-68531,DISP-08438,OMC-015,Mombasa Petroleum,PMS,02/04/2026,135698,FIN-003
INV-23369,DISP-00551,OMC-020,Ethiopian Oil,LUB,2026-01-17,202498,FIN-005
INV-77778,DISP-02534,OMC-016,KPA Marine,LUB,2025-07-28,277894,FIN-002
INV-89444,DISP-03083,OMC-003,Rubis Energy,PMS,2025-12-18,24106,FIN-003
INV-37161,DISP-04074,OMC-015,Mombasa Petroleum,AGO,2025-06-30,125698,FIN-003
INV-61520,DISP-03658,OMC-018,Uganda National Oil,AGO,2026-03-24,194499,FIN-002
INV-78567,DISP-02318,OMC-009,Dalbit Petroleum,LPG,2025-10-04,37528,FIN-005
INV-74001,DISP-09814,OMC-002,Vivo Energy,JETA1,2026-04-14,182168,FIN-003
INV-30590,DISP-04732,OMC-006,Hashi Energy,LPG,2025-08-09,98589,FIN-002
INV-19902,DISP-03691,OMC-006,Hashi Energy,PMS,2025-05-26,34978,FIN-004
INV-70486,DISP-00183,OMC-005,PetroOil Kenya,HFO,2026-03-29,53834,FIN-004
INV-14259,DISP-07384,OMC-010,Tamoil,JETA1,,164891,FIN-001
INV-80834,DISP-02118,OMC-003,Rubis Energy,PMS,2025-07-09,146920,FIN-001
INV-64766,DISP-04972,OMC-014,Texol Energies,LPG,2026-05-15,175349,FIN-002
INV-54470,DISP-01806,OMC-008,National Oil,DPK,2025-11-15,60537,FIN-005
INV-26772,DISP-07625,OMC-010,Tamoil,AGO,2026-03-10,35349,FIN-003
INV-22860,DISP-07451,OMC-007,Kobil,HFO,2025-03-26,236179,FIN-001
INV-34396,DISP-02076,OMC-017,KAA Aviation,PMS,2026-05-15,201443,FIN-004
INV-37700,DISP-04568,OMC-008,National Oil,LPG,2025-09-12,72006,FIN-003
INV-47047,DISP-01171,OMC-012,Galana Energies,LUB,10/03/2026,147521,FIN-003
INV-47287,DISP-08735,OMC-015,Mombasa Petroleum,LUB,2025-05-18,257155,FIN-001
INV-10589,DISP-09699,OMC-002,Vivo Energy,AGO,2025-01-31,22271,FIN-004
INV-44672,DISP-03209,OMC-001,TotalEnergies Kenya,PMS,2025-10-22,57118,FIN-002
INV-58652,DISP-08682,OMC-018,Uganda National Oil,JETA1,,307380,FIN-005
INV-27652,DISP-04448,OMC-007,Kobil,LUB,2025-07-07,117485,FIN-002
INV-39274,DISP-03292,OMC-010,Tamoil,LUB,23/05/2026,131419,FIN-001
INV-16283,DISP-04896,OMC-018,Uganda National Oil,HFO,2025-04-22,25189,FIN-001
INV-79846,DISP-00054,OMC-005,PetroOil Kenya,LUB,2026-04-07,117917,FIN-005
INV-99258,DISP-01866,OMC-009,Dalbit Petroleum,DPK,2026-01-28,48774,FIN-004
INV-10791,DISP-02523,OMC-009,Dalbit Petroleum,DPK,2026-02-16,81234,FIN-002
INV-29463,DISP-01912,OMC-019,Tanzania Petroleum,JETA1,2025-06-18,20674,FIN-002
INV-83764,DISP-08157,OMC-009,Dalbit Petroleum,AGO,,113065,FIN-004
INV-21771,DISP-03155,OMC-016,KPA Marine,LUB,2026-04-03,170894,FIN-001
INV-69953,DISP-01323,OMC-008,National Oil,DPK,2025-11-21,101022,FIN-004
INV-73096,DISP-01497,OMC-004,Gulf Energy,LPG,2026-03-15,180563,FIN-003
INV-46954,DISP-03960,OMC-015,Mombasa Petroleum,LUB,2026-03-30,255180,FIN-003
INV-88126,DISP-02053,OMC-010,Tamoil,HFO,2026-01-10,109797,FIN-001
INV-98799,DISP-06947,OMC-013,Lake Oil,LPG,2025-06-24,135458,FIN-003
INV-54956,DISP-07927,OMC-007,Kobil,JETA1,2026-05-08,293456,FIN-003
INV-65454,DISP-05261,OMC-016,KPA Marine,LUB,2025-06-19,45519,FIN-002
INV-47314,DISP-08804,OMC-015,Mombasa Petroleum,JETA1,2025-07-29,129151,FIN-003
INV-45600,DISP-00009,OMC-008,National Oil,DPK,2025-07-17,136529,FIN-005
INV-41693,DISP-08241,OMC-009,Dalbit Petroleum,DPK,2025-10-23,34183,FIN-003
INV-56885,DISP-05828,OMC-010,Tamoil,LUB,2025-02-28,34827,FIN-003
INV-30305,DISP-06279,OMC-018,Uganda National Oil,LPG,2025-05-01,58869,FIN-002
INV-86667,DISP-07848,OMC-017,KAA Aviation,PMS,2025-07-19,107136,FIN-005
INV-14029,DISP-00083,OMC-019,Tanzania Petroleum,JETA1,2026-04-07,42294,FIN-004
INV-93848,DISP-06029,OMC-011,Hass Petroleum,DPK,2025-08-12,146724,FIN-002
INV-97240,DISP-01102,OMC-015,Mombasa Petroleum,DPK,03/04/2026,300343,FIN-002
INV-43155,DISP-08303,OMC-015,Mombasa Petroleum,DPK,2026-01-01,36900,FIN-003
INV-48052,DISP-09168,OMC-016,KPA Marine,HFO,2026-07-02,47453,FIN-003
INV-90497,DISP-05892,OMC-012,Galana Energies,DPK,2026-02-28,167400,FIN-003
INV-29572,DISP-01056,OMC-013,Lake Oil,AGO,2025-06-08,30449,FIN-005
INV-16256,DISP-06301,OMC-001,TotalEnergies Kenya,LPG,2025-01-25,131497,FIN-001
INV-45158,DISP-06314,OMC-011,Hass Petroleum,AGO,2025-07-05,86591,FIN-004
INV-40824,DISP-01882,OMC-006,Hashi Energy,HFO,,52347,FIN-002
INV-27480,DISP-03568,OMC-003,Rubis Energy,JETA1,2025-07-15,251522,FIN-005
INV-56287,DISP-08598,OMC-010,Tamoil,LUB,2026-03-25,31288,FIN-002
INV-92243,DISP-06420,OMC-011,Hass Petroleum,LPG,2025-03-08,205824,FIN-002
INV-50637,DISP-01253,OMC-004,Gulf Energy,PMS,2026-04-27,31922,FIN-001
INV-73418,DISP-04802,OMC-005,PetroOil Kenya,DPK,15/03/2026,66234,FIN-003
INV-59709,DISP-08986,OMC-015,Mombasa Petroleum,AGO,2026-05-27,163690,FIN-005
INV-47342,DISP-05686,OMC-010,Tamoil,AGO,2026-02-27,61764,FIN-005
INV-29169,DISP-05465,OMC-010,Tamoil,LPG,2025-08-24,155732,FIN-002
INV-83356,DISP-02472,OMC-020,Ethiopian Oil,AGO,2025-11-12,36831,FIN-002
INV-52550,DISP-00890,OMC-019,Tanzania Petroleum,JETA1,12/06/2025,135949,FIN-002
INV-95782,DISP-08641,OMC-012,Galana Energies,LUB,2026-03-22,216165,FIN-002
INV-51283,DISP-09952,OMC-011,Hass Petroleum,LUB,2025-05-26,27254,FIN-004
INV-57775,DISP-01439,OMC-002,Vivo Energy,AGO,2026-06-15,139835,FIN-005
INV-23126,DISP-05763,OMC-015,Mombasa Petroleum,AGO,2025-04-25,29120,FIN-001
INV-65206,DISP-06909,OMC-010,Tamoil,LUB,2025-09-04,26299,FIN-005
INV-93977,DISP-01385,OMC-016,KPA Marine,JETA1,2026-03-19,64245,FIN-004
INV-91043,DISP-00667,OMC-011,Hass Petroleum,PMS,2025-11-25,125995,FIN-001
INV-82761,DISP-00904,OMC-009,Dalbit Petroleum,DPK,2025-10-20,46896,FIN-003
INV-58818,DISP-08055,OMC-013,Lake Oil,DPK,2025-12-06,279639,FIN-001
INV-58797,DISP-05533,OMC-003,Rubis Energy,LUB,2025-11-26,98836,FIN-002
INV-24103,DISP-03186,OMC-007,Kobil,DPK,2025-04-18,133540,FIN-002
INV-10059,DISP-05869,OMC-019,Tanzania Petroleum,HFO,2025-12-26," KES 283,718 ",FIN-001
INV-85868,DISP-05005,OMC-005,PetroOil Kenya,DPK,25/03/2026,115791,FIN-003
INV-26204,DISP-07644,OMC-008,National Oil,LUB,22/05/2026,171234,FIN-005
INV-41009,DISP-01648,OMC-009,Dalbit Petroleum,LPG,2025-11-25,148877,FIN-005
INV-52689,DISP-04367,OMC-013,Lake Oil,HFO,2026-02-12,63403,FIN-002
INV-10770,DISP-03987,OMC-008,National Oil,JETA1,2025-01-27,165712,FIN-002
INV-88708,DISP-07033,OMC-006,Hashi Energy,DPK,2025-07-05,209942,FIN-002
INV-57529,DISP-03904,OMC-002,Vivo Energy,DPK,2025-06-29,121853,FIN-001
INV-59854,DISP-01560,OMC-011,Hass Petroleum,HFO,2025-02-17,254889,FIN-003
INV-61507,DISP-00217,OMC-020,Ethiopian Oil,HFO,2026-06-21," KES 223,259 ",FIN-004
INV-96457,DISP-08391,OMC-020,Ethiopian Oil,AGO,2025-03-22,31374,FIN-003
INV-69506,DISP-05358,OMC-006,Hashi Energy,JETA1,2025-06-07,192385,FIN-001
INV-72922,DISP-04874,OMC-005,PetroOil Kenya,HFO,2026-04-28,135712,FIN-005
INV-37065,DISP-05772,OMC-011,Hass Petroleum,LUB,2026-01-04,48451,FIN-005
INV-74975,DISP-04071,OMC-003,Rubis Energy,DPK,2025-11-08,38175,FIN-002
INV-78697,DISP-06677,OMC-015,Mombasa Petroleum,HFO,2025-05-28,117617,FIN-001
INV-17165,DISP-04847,OMC-016,KPA Marine,DPK,2025-12-11,56265,FIN-005
INV-64070,DISP-07297,OMC-011,Hass Petroleum,AGO,2026-04-30,97641,FIN-001
INV-78567,DISP-02318,OMC-009,Dalbit Petroleum,LPG,2025-10-04,37528,FIN-005
INV-41740,DISP-05559,OMC-017,KAA Aviation,LUB,2025-08-07,78856,FIN-003
INV-32424,DISP-00579,OMC-016,KPA Marine,LUB,2025-10-30,48416,FIN-005
INV-57764,DISP-00784,OMC-014,Texol Energies,JETA1,2025-02-20,75620,FIN-005
INV-28440,DISP-00477,OMC-016,KPA Marine,PMS,2025-11-11,25730,FIN-005
INV-83794,DISP-04841,OMC-006,Hashi Energy,DPK,2025-05-30,113845,FIN-001
INV-11704,DISP-01615,OMC-015,Mombasa Petroleum,DPK,2025-12-27,54914,FIN-003
INV-33627,DISP-07156,OMC-007,Kobil,PMS,2025-05-04,142866,FIN-005
INV-20299,DISP-04918,OMC-008,National Oil,HFO,2025-08-11,182150,FIN-004
INV-14197,DISP-02585,OMC-007,Kobil,HFO,2026-06-06,225684,FIN-002
INV-10131,DISP-04434,OMC-006,Hashi Energy,JETA1,2025-02-14,143222,FIN-004
INV-61667,DISP-05676,OMC-017,KAA Aviation,JETA1,2025-04-09,237603,FIN-001
INV-25484,DISP-01703,OMC-002,Vivo Energy,PMS,2026-04-15,184405,FIN-004
INV-67982,DISP-05834,OMC-008,National Oil,JETA1,2026-07-05,154814,FIN-002
INV-35304,DISP-06618,OMC-016,KPA Marine,LUB,2025-05-27,200331,FIN-004
INV-76929,DISP-04430,OMC-019,Tanzania Petroleum,JETA1,2025-02-01,255977,FIN-003
INV-65727,DISP-01371,OMC-011,Hass Petroleum,JETA1,2025-08-30,42055,FIN-003
INV-41194,DISP-03107,OMC-012,Galana Energies,LPG,2026-03-17,219241,FIN-004
INV-90855,DISP-09622,OMC-009,Dalbit Petroleum,PMS,2026-05-06,206187,FIN-002
INV-85665,DISP-02399,OMC-017,KAA Aviation,LUB,2025-01-14,27359,FIN-002
INV-34818,DISP-07305,OMC-016,KPA Marine,LPG,2026-01-27,79435,FIN-002
INV-92398,DISP-03853,OMC-007,Kobil,LPG,2026-01-27,142975,FIN-005
INV-18312,DISP-02933,OMC-001,TotalEnergies Kenya,AGO,2025-11-14,203587,FIN-002
INV-79366,DISP-04503,OMC-013,Lake Oil,JETA1,2026-03-29,51205,FIN-001
INV-14347,DISP-04361,OMC-002,Vivo Energy,DPK,2026-06-21,54494,FIN-003
INV-80839,DISP-08069,OMC-019,Tanzania Petroleum,AGO,2026-03-11,62798,FIN-003
INV-59601,DISP-01753,OMC-007,Kobil,LUB,2026-04-30,217010,FIN-004
INV-22657,DISP-03086,OMC-010,Tamoil,HFO,2025-01-28,33243,FIN-001
INV-46270,DISP-00543,OMC-010,Tamoil,HFO,2026-02-08,186820,FIN-001
INV-18486,DISP-05300,OMC-012,Galana Energies,HFO,,25376,FIN-005
INV-73252,DISP-05924,OMC-005,PetroOil Kenya,PMS,2026-04-15,143325,FIN-001
INV-54045,DISP-02207,OMC-002,Vivo Energy,LPG,2025-06-16,48242,FIN-001
INV-10731,DISP-01336,OMC-003,Rubis Energy,JETA1,2025-05-28,59101,FIN-004
INV-46879,DISP-01774,OMC-015,Mombasa Petroleum,JETA1,,189827,FIN-002
INV-98268,DISP-05810,OMC-012,Galana Energies,JETA1,2026-04-03," KES 233,170 ",FIN-005
INV-56235,DISP-00597,OMC-017,KAA Aviation,PMS,2025-05-27,134312,FIN-004
INV-10986,DISP-06202,OMC-002,Vivo Energy,DPK,2025-09-22,160441,FIN-002
INV-32389,DISP-02754,OMC-006,Hashi Energy,PMS,2025-03-25,105957,FIN-003
INV-88127,DISP-03881,OMC-010,Tamoil,AGO,2025-09-03,50056,FIN-001
INV-13438,DISP-06927,OMC-020,Ethiopian Oil,LPG,2026-05-26,31204,FIN-004
INV-89367,DISP-03437,OMC-016,KPA Marine,DPK,2025-10-06,23583,FIN-005
INV-28293,DISP-09367,OMC-020,Ethiopian Oil,LUB,2026-06-17,103519,FIN-005
INV-54267,DISP-00744,OMC-004,Gulf Energy,HFO,2026-04-26,104570,FIN-002
INV-54641,DISP-06679,OMC-017,KAA Aviation,LUB,2026-06-20,158833,FIN-001
INV-35243,DISP-06626,OMC-001,TotalEnergies Kenya,DPK,2025-12-13,35071,FIN-001
INV-88567,DISP-08023,OMC-015,Mombasa Petroleum,PMS,2026-01-19,127659,FIN-002
INV-34650,DISP-00989,OMC-016,KPA Marine,DPK,2025-04-28,22830,FIN-001
INV-65447,DISP-00909,OMC-014,Texol Energies,DPK,2025-06-18,207484,FIN-002
INV-18068,DISP-00320,OMC-017,KAA Aviation,LUB,2025-09-19,166644,FIN-005
INV-56084,DISP-07904,OMC-017,KAA Aviation,LUB,2026-02-19,33832,FIN-003
INV-14569,DISP-06106,OMC-003,Rubis Energy,PMS,2025-10-26,190929,FIN-003
INV-19064,DISP-09902,OMC-016,KPA Marine,PMS,2025-03-23,55552,FIN-002
INV-10310,DISP-04385,OMC-010,Tamoil,JETA1,2026-04-05,27281,FIN-003
INV-51663,DISP-02227,OMC-002,Vivo Energy,DPK,2025-05-30,195044,FIN-003
INV-95325,DISP-05429,OMC-007,Kobil,JETA1,2025-06-27,91745,FIN-001
INV-93850,DISP-06007,OMC-006,Hashi Energy,DPK,2025-07-12,54218,FIN-005
INV-27060,DISP-04975,OMC-009,Dalbit Petroleum,PMS,2025-02-07,74459,FIN-003
INV-24385,DISP-04687,OMC-004,Gulf Energy,AGO,2026-04-29,188741,FIN-002
INV-86024,DISP-08489,OMC-019,Tanzania Petroleum,PMS,2025-10-19,71812,FIN-004
INV-63261,DISP-02264,OMC-003,Rubis Energy,HFO,2025-05-05,279960,FIN-005
INV-53941,DISP-05062,OMC-010,Tamoil,DPK,2025-11-20,174266,FIN-003
INV-40282,DISP-02206,OMC-014,Texol Energies,PMS,2025-02-07," KES 122,847 ",FIN-004
INV-79923,DISP-08722,OMC-015,Mombasa Petroleum,LUB,2025-04-29,223701,FIN-003
INV-95421,DISP-08520,OMC-015,Mombasa Petroleum,DPK,2025-05-15,111484,FIN-004
INV-21924,DISP-01257,OMC-005,PetroOil Kenya,PMS,2026-05-02," KES 45,553 ",FIN-005
INV-63171,DISP-09034,OMC-008,National Oil,LPG,2025-11-27,21266,FIN-001
INV-68216,DISP-05872,OMC-013,Lake Oil,HFO,2026-03-26,207779,FIN-003
INV-99600,DISP-04627,OMC-004,Gulf Energy,LPG,2026-02-25,204420,FIN-004
INV-58081,DISP-07553,OMC-010,Tamoil,LPG,2025-09-13,120984,FIN-004
INV-80564,DISP-04818,OMC-001,TotalEnergies Kenya,LPG,2026-03-19,45861,FIN-001
INV-63449,DISP-05445,OMC-004,Gulf Energy,DPK,2026-03-27,106284,FIN-004
INV-27000,DISP-07616,OMC-010,Tamoil,JETA1,2026-01-28,305513,FIN-002
INV-43372,DISP-04995,OMC-013,Lake Oil,AGO,2025-03-12,44653,FIN-004
INV-12878,DISP-08827,OMC-003,Rubis Energy,DPK,2026-01-11,48326,FIN-002
INV-88230,DISP-07381,OMC-014,Texol Energies,HFO,2026-03-10,40314,FIN-001
INV-51602,DISP-09469,OMC-005,PetroOil Kenya,LPG,2026-03-10,196373,FIN-003
INV-89879,DISP-07540,OMC-014,Texol Energies,DPK,2026-04-03,81600,FIN-003
INV-77212,DISP-00318,OMC-012,Galana Energies,LPG,,500423,FIN-005
INV-32810,DISP-09300,OMC-016,KPA Marine,JETA1,2025-07-05,44401,FIN-002
INV-95021,DISP-03585,OMC-004,Gulf Energy,LPG,2026-04-16,35131,FIN-004
INV-47050,DISP-07561,OMC-007,Kobil,LPG,2026-01-07,23894,FIN-005
INV-37753,DISP-08450,OMC-016,KPA Marine,DPK,2026-04-19,60931,FIN-003
INV-88741,DISP-03953,OMC-007,Kobil,AGO,2025-07-29,192324,FIN-001
INV-18944,DISP-00200,OMC-003,Rubis Energy,LUB,2025-10-18,143742,FIN-004
INV-84120,DISP-01705,OMC-001,TotalEnergies Kenya,AGO,2025-07-12,27310,FIN-003
INV-62624,DISP-06473,OMC-015,Mombasa Petroleum,HFO,2026-05-26,205620,FIN-003
INV-22037,DISP-02559,OMC-017,KAA Aviation,AGO,2025-01-26,125526,FIN-001
INV-78699,DISP-09368,OMC-015,Mombasa Petroleum,PMS,,124611,FIN-002
INV-68389,DISP-03886,OMC-004,Gulf Energy,PMS,2026-03-11,55063,FIN-005
INV-87753,DISP-03294,OMC-018,Uganda National Oil,HFO,2026-02-12,50393,FIN-005
INV-13983,DISP-02005,OMC-009,Dalbit Petroleum,PMS,2025-01-23,249626,FIN-001
INV-41429,DISP-07177,OMC-011,Hass Petroleum,DPK,2025-01-22,200309,FIN-005
INV-35907,DISP-00600,OMC-015,Mombasa Petroleum,DPK,2026-05-19,89388,FIN-005
INV-89268,DISP-09625,OMC-013,Lake Oil,JETA1,19/01/2025,234616,FIN-004
INV-81104,DISP-09669,OMC-002,Vivo Energy,AGO,2025-10-13,151231,FIN-002
INV-12416,DISP-03387,OMC-003,Rubis Energy,LPG,2025-01-14,82260,FIN-004
INV-18087,DISP-05925,OMC-011,Hass Petroleum,HFO,2026-03-08,102646,FIN-005
INV-50049,DISP-09002,OMC-012,Galana Energies,AGO,2026-02-19,36462,FIN-005
INV-56408,DISP-01826,OMC-011,Hass Petroleum,DPK,2025-09-17,48397,FIN-005
INV-40618,DISP-04756,OMC-006,Hashi Energy,LUB,2026-04-26,55564,FIN-001
INV-52893,DISP-02854,OMC-001,TotalEnergies Kenya,PMS,2025-02-08,266677,FIN-002
INV-30133,DISP-04419,OMC-014,Texol Energies,HFO,,117624,FIN-002
INV-72103,DISP-08067,OMC-007,Kobil,LUB,2026-02-04,31694,FIN-002
INV-30226,DISP-09120,OMC-017,KAA Aviation,PMS,2025-03-01,28575,FIN-002
INV-27045,DISP-05111,OMC-018,Uganda National Oil,AGO,2025-08-16,41844,FIN-003
INV-59954,DISP-09441,OMC-013,Lake Oil,AGO,2025-07-04,47342,FIN-001
INV-83574,DISP-01733,OMC-013,Lake Oil,HFO,2026-02-08,265112,FIN-002
INV-16285,DISP-03254,OMC-003,Rubis Energy,HFO,2025-02-01,39136,FIN-002
INV-40897,DISP-08823,OMC-013,Lake Oil,LPG,2025-06-22,56206,FIN-005
INV-63744,DISP-09846,OMC-002,Vivo Energy,LUB,2026-02-20,36390,FIN-002
INV-92430,DISP-04011,OMC-019,Tanzania Petroleum,LPG,2025-05-06,120851,FIN-002
INV-41453,DISP-03394,OMC-013,Lake Oil,DPK,2025-06-09,230175,FIN-005
INV-11134,DISP-08311,OMC-019,Tanzania Petroleum,PMS,2025-03-04,185893,FIN-005
INV-84024,DISP-03502,OMC-001,TotalEnergies Kenya,PMS,2025-04-23,46434,FIN-004
INV-24116,DISP-08382,OMC-010,Tamoil,DPK,2025-06-06,52585,FIN-003
INV-63334,DISP-03768,OMC-016,KPA Marine,AGO,2025-04-20,43185,FIN-004
INV-71143,DISP-01580,OMC-010,Tamoil,LPG,2025-07-27,185531,FIN-005
INV-90343,DISP-02365,OMC-017,KAA Aviation,DPK,2025-10-23,156442,FIN-002
INV-68538,DISP-03382,OMC-018,Uganda National Oil,HFO,2026-03-09,244788,FIN-004
INV-48819,DISP-00509,OMC-011,Hass Petroleum,LPG,2025-12-22,115308,FIN-004
INV-50443,DISP-08154,OMC-017,KAA Aviation,JETA1,2025-03-27,26172,FIN-001
INV-87687,DISP-02786,OMC-003,Rubis Energy,LUB,2025-11-11,37358,FIN-004
INV-82177,DISP-07532,OMC-015,Mombasa Petroleum,HFO,2025-09-11,153548,FIN-004
INV-41546,DISP-08999,OMC-009,Dalbit Petroleum,AGO,2025-08-10,51748,FIN-005
INV-33069,DISP-01836,OMC-007,Kobil,JETA1,2025-01-09,91623,FIN-005
INV-76276,DISP-03157,OMC-007,Kobil,LUB,2026-05-10,29313,FIN-002
INV-47946,DISP-05843,OMC-017,KAA Aviation,HFO,2025-06-13,94362,FIN-002
INV-68136,DISP-05705,OMC-009,Dalbit Petroleum,DPK,2025-04-15,230353,FIN-004
INV-84817,DISP-01682,OMC-017,KAA Aviation,HFO,2025-04-29,34884,FIN-001
INV-12114,DISP-00172,OMC-006,Hashi Energy,DPK,2025-05-27,201456,FIN-005
INV-61820,DISP-08534,OMC-001,TotalEnergies Kenya,AGO,2026-02-28,253148,FIN-005
INV-96916,DISP-07741,OMC-011,Hass Petroleum,LUB,2025-06-08," KES 71,614 ",FIN-004
INV-57578,DISP-06514,OMC-009,Dalbit Petroleum,AGO,26/05/2026,100877,FIN-003
INV-65705,DISP-07128,OMC-015,Mombasa Petroleum,HFO,2026-03-07," KES 166,972 ",FIN-004
INV-27038,DISP-09288,OMC-009,Dalbit Petroleum,JETA1,,167723,FIN-004
INV-13101,DISP-06981,OMC-015,Mombasa Petroleum,LPG,2026-03-07,57625,FIN-003
INV-68685,DISP-05981,OMC-008,National Oil,LUB,2026-03-02,111100,FIN-002
INV-85876,DISP-01822,OMC-019,Tanzania Petroleum,AGO,2025-10-14,38504,FIN-004
INV-92604,DISP-07915,OMC-020,Ethiopian Oil,LPG,2025-05-11,143334,FIN-004
INV-36255,DISP-02491,OMC-020,Ethiopian Oil,JETA1,2025-02-11,161587,FIN-003
INV-38986,DISP-08442,OMC-015,Mombasa Petroleum,PMS,2026-03-30,27758,FIN-004
INV-89103,DISP-09392,OMC-003,Rubis Energy,PMS,2026-05-03,214576,FIN-001
INV-16237,DISP-00123,OMC-009,Dalbit Petroleum,DPK,2025-10-24,33361,FIN-001
INV-72303,DISP-07629,OMC-007,Kobil,LUB,2025-07-17,140685,FIN-003
INV-98744,DISP-09190,OMC-020,Ethiopian Oil,LUB,2025-02-16,123973,FIN-002
INV-18400,DISP-08536,OMC-010,Tamoil,HFO,2025-12-05,131712,FIN-002
INV-90398,DISP-06381,OMC-006,Hashi Energy,HFO,2026-01-18,44729,FIN-001
INV-28789,DISP-04615,OMC-018,Uganda National Oil,LUB,2026-02-22,85093,FIN-004
INV-89137,DISP-04380,OMC-002,Vivo Energy,DPK,2025-01-14," KES 38,893 ",FIN-003
INV-95032,DISP-04791,OMC-002,Vivo Energy,LPG,2025-04-16,107389,FIN-002
INV-28977,DISP-02764,OMC-015,Mombasa Petroleum,DPK,2026-02-12,61673,FIN-005
INV-46100,DISP-01851,OMC-012,Galana Energies,LUB,2026-03-10,147921,FIN-003
INV-86947,DISP-04567,OMC-007,Kobil,LPG,2025-02-14,174587,FIN-001
INV-96333,DISP-01272,OMC-011,Hass Petroleum,DPK,2026-02-12,284863,FIN-003
INV-86192,DISP-08433,OMC-009,Dalbit Petroleum,LUB,2026-03-19,54008,FIN-004
INV-26679,DISP-06168,OMC-005,PetroOil Kenya,HFO,2026-04-19,250778,FIN-004
INV-29368,DISP-08668,OMC-020,Ethiopian Oil,PMS,2026-06-29,199056,FIN-001
INV-10263,DISP-07577,OMC-001,TotalEnergies Kenya,LUB,2025-12-01,103621,FIN-004
INV-35856,DISP-02485,OMC-009,Dalbit Petroleum,HFO,2026-03-18,173780,FIN-004
INV-67609,DISP-02851,OMC-018,Uganda National Oil,JETA1,01/03/2025,113787,FIN-002
INV-52810,DISP-04759,OMC-011,Hass Petroleum,LPG,2026-01-15,40316,FIN-005
INV-98533,DISP-08980,OMC-001,TotalEnergies Kenya,PMS,2025-11-30,114486,FIN-003
INV-52711,DISP-03371,OMC-014,Texol Energies,JETA1,2026-01-23,199832,FIN-004
INV-50384,DISP-04171,OMC-008,National Oil,JETA1,2025-03-08,197208,FIN-003
INV-45793,DISP-00427,OMC-017,KAA Aviation,AGO,2025-12-24,48620,FIN-005
INV-58337,DISP-00407,OMC-007,Kobil,JETA1,25/05/2025,265461,FIN-003
INV-23873,DISP-00664,OMC-003,Rubis Energy,JETA1,2026-04-09,159074,FIN-003
INV-21319,DISP-08633,OMC-015,Mombasa Petroleum,HFO,06/04/2025,85243,FIN-001
INV-55437,DISP-03883,OMC-003,Rubis Energy,PMS,2025-09-21,54899,FIN-005
INV-43747,DISP-07959,OMC-013,Lake Oil,PMS,2025-05-11,249608,FIN-001
INV-63161,DISP-06172,OMC-003,Rubis Energy,LUB,2025-04-13,159161,FIN-002
INV-49817,DISP-06530,OMC-016,KPA Marine,HFO,2025-01-30,133921,FIN-001
INV-76663,DISP-08647,OMC-004,Gulf Energy,DPK,2026-03-07,300629,FIN-003
INV-80820,DISP-03889,OMC-001,TotalEnergies Kenya,LUB,2025-02-20,186076,FIN-004
INV-24913,DISP-02260,OMC-002,Vivo Energy,JETA1,2026-03-10,310557,FIN-002
INV-95755,DISP-04200,OMC-019,Tanzania Petroleum,LPG,2026-04-01,170029,FIN-005
INV-53900,DISP-09313,OMC-012,Galana Energies,JETA1,2026-02-13,192555,FIN-005
INV-17373,DISP-02349,OMC-003,Rubis Energy,PMS,2026-01-10,117663,FIN-002
INV-31046,DISP-04120,OMC-008,National Oil,DPK,2026-01-04,190137,FIN-003
INV-93540,DISP-08924,OMC-019,Tanzania Petroleum,JETA1,2025-05-15,55256,FIN-004
INV-73841,DISP-01854,OMC-016,KPA Marine,JETA1,2025-01-17,106519,FIN-001
INV-22130,DISP-09731,OMC-014,Texol Energies,JETA1,2025-12-07,57090,FIN-005
INV-48091,DISP-03291,OMC-010,Tamoil,LPG,2026-06-09,156977,FIN-001
INV-43301,DISP-07567,OMC-003,Rubis Energy,LPG,29/03/2025,94375,FIN-001
INV-34198,DISP-02191,OMC-005,PetroOil Kenya,HFO,2026-02-10,60620,FIN-004
INV-20141,DISP-06143,OMC-013,Lake Oil,JETA1,2025-11-10,56908,FIN-001
INV-94242,DISP-09375,OMC-005,PetroOil Kenya,JETA1,2026-03-25,250836,FIN-002
INV-20281,DISP-04045,OMC-004,Gulf Energy,PMS,,22450,FIN-004
INV-89222,DISP-07047,OMC-019,Tanzania Petroleum,PMS,2025-06-13,30765,FIN-005
INV-81397,DISP-08922,OMC-015,Mombasa Petroleum,LPG,2025-10-27,233242,FIN-003
INV-42307,DISP-06237,OMC-004,Gulf Energy,LUB,2026-04-22,236194,FIN-001
INV-85217,DISP-07416,OMC-005,PetroOil Kenya,HFO,2026-04-09,50244,FIN-005
INV-40124,DISP-09938,OMC-019,Tanzania Petroleum,LUB,2025-01-12,179716,FIN-003
INV-49845,DISP-05768,OMC-010,Tamoil,AGO,02/10/2025,53771,FIN-003
INV-29689,DISP-06634,OMC-014,Texol Energies,JETA1,2026-05-11,255613,FIN-005
INV-40964,DISP-05486,OMC-003,Rubis Energy,LUB,2025-10-14,156643,FIN-003
INV-63196,DISP-02850,OMC-003,Rubis Energy,JETA1,2025-12-04,208849,FIN-003
INV-94644,DISP-03084,OMC-020,Ethiopian Oil,LPG,2025-07-19,250615,FIN-001
INV-42937,DISP-08504,OMC-016,KPA Marine,JETA1,2026-03-02,49214,FIN-001
INV-83266,DISP-09809,OMC-007,Kobil,AGO,2025-10-06," KES 203,194 ",FIN-003
INV-80666,DISP-02438,OMC-014,Texol Energies,HFO,2026-01-08,179486,FIN-005
INV-73990,DISP-03341,OMC-019,Tanzania Petroleum,AGO,2025-08-06,53164,FIN-004
INV-70806,DISP-05571,OMC-012,Galana Energies,AGO,25/03/2026,202240,FIN-001
INV-78543,DISP-06642,OMC-019,Tanzania Petroleum,HFO,2025-11-08,226847,FIN-003
INV-67022,DISP-01480,OMC-009,Dalbit Petroleum,HFO,2025-01-19,25857,FIN-001
INV-66471,DISP-06031,OMC-001,TotalEnergies Kenya,LUB,2026-05-31,174296,FIN-001
INV-11855,DISP-06832,OMC-005,PetroOil Kenya,HFO,2026-02-27,226854,FIN-001
INV-77206,DISP-03632,OMC-005,PetroOil Kenya,DPK,2026-04-06,222245,FIN-004
INV-46513,DISP-08015,OMC-015,Mombasa Petroleum,LUB,2026-02-26,265629,FIN-004
INV-49995,DISP-05919,OMC-004,Gulf Energy,AGO,2026-02-20," KES 213,743 ",FIN-003
INV-33516,DISP-02139,OMC-003,Rubis Energy,LPG,2025-10-22,48070,FIN-003
INV-98356,DISP-05893,OMC-008,National Oil,JETA1,27/07/2025,165908,FIN-003
INV-33216,DISP-04683,OMC-015,Mombasa Petroleum,LUB,2025-03-20,44669,FIN-002
INV-26080,DISP-08716,OMC-019,Tanzania Petroleum,LPG,2025-01-18,152348,FIN-001
INV-37214,DISP-00171,OMC-008,National Oil,JETA1,2025-11-08,52907,FIN-003
INV-10834,DISP-09912,OMC-007,Kobil,PMS,2026-03-19,139206,FIN-001
INV-99439,DISP-01073,OMC-004,Gulf Energy,PMS,2026-04-06,57293,FIN-001
INV-22155,DISP-03137,OMC-003,Rubis Energy,PMS,2025-12-27,162010,FIN-002
INV-91186,DISP-06377,OMC-005,PetroOil Kenya,DPK,2026-03-27,168454,FIN-004
INV-83690,DISP-01869,OMC-005,PetroOil Kenya,JETA1,2026-04-15,244517,FIN-004
INV-12951,DISP-03194,OMC-006,Hashi Energy,AGO,2026-02-23,63102,FIN-003
INV-26258,DISP-05650,OMC-009,Dalbit Petroleum,AGO,2026-06-26,38904,FIN-001
INV-63463,DISP-02263,OMC-011,Hass Petroleum,DPK,2026-03-24,205480,FIN-001
INV-75969,DISP-00933,OMC-012,Galana Energies,JETA1,2026-03-26,177474,FIN-002
INV-67694,DISP-00559,OMC-003,Rubis Energy,JETA1,2025-11-11,149012,FIN-002
INV-29867,DISP-00894,OMC-015,Mombasa Petroleum,PMS,2025-07-10,78269,FIN-003
INV-40980,DISP-05496,OMC-003,Rubis Energy,DPK,2025-03-28,29195,FIN-003
INV-26095,DISP-07365,OMC-002,Vivo Energy,HFO,2025-12-23,257093,FIN-003
INV-60735,DISP-00058,OMC-010,Tamoil,JETA1,2025-06-13,133029,FIN-001
INV-96262,DISP-07210,OMC-006,Hashi Energy,PMS,2025-02-21,251631,FIN-001
INV-94317,DISP-01616,OMC-012,Galana Energies,JETA1,2026-03-28,43417,FIN-002
INV-77383,DISP-01641,OMC-012,Galana Energies,PMS,2026-02-24," KES 21,029 ",FIN-003
INV-80278,DISP-01091,OMC-006,Hashi Energy,HFO,23/02/2026,259249,FIN-004
INV-84626,DISP-03328,OMC-003,Rubis Energy,DPK,2025-02-17,20853,FIN-003
INV-41628,DISP-03240,OMC-013,Lake Oil,DPK,2026-04-20,147046,FIN-002
INV-56001,DISP-01345,OMC-008,National Oil,PMS,,155061,FIN-002
INV-55966,DISP-07062,OMC-015,Mombasa Petroleum,PMS,13/01/2026,29346,FIN-003
INV-92673,DISP-05461,OMC-007,Kobil,LUB,2025-07-27,256343,FIN-004
INV-44469,DISP-06123,OMC-008,National Oil,PMS,2025-10-14,242586,FIN-005
INV-22664,DISP-09082,OMC-013,Lake Oil,LUB,2025-08-31,120083,FIN-005
INV-40572,DISP-01997,OMC-005,PetroOil Kenya,AGO,2026-02-14,271691,FIN-005
INV-46016,DISP-00905,OMC-003,Rubis Energy,DPK,2025-11-30,131836,FIN-004
INV-50522,DISP-09960,OMC-010,Tamoil,HFO,05/09/2025,30328,FIN-002
INV-96696,DISP-05390,OMC-001,TotalEnergies Kenya,LUB,2025-10-07,109817,FIN-005
INV-73622,DISP-07056,OMC-014,Texol Energies,JETA1,2025-01-07,41627,FIN-002
INV-37105,DISP-02379,OMC-015,Mombasa Petroleum,DPK,2025-11-21,53521,FIN-003
INV-79664,DISP-01213,OMC-008,National Oil,JETA1,2025-01-18,53082,FIN-001
INV-46057,DISP-06248,OMC-015,Mombasa Petroleum,AGO,,73393,FIN-003
INV-44587,DISP-00141,OMC-020,Ethiopian Oil,AGO,2025-02-15,110210,FIN-005
INV-63536,DISP-05664,OMC-014,Texol Energies,PMS,2026-03-18,62004,FIN-002
INV-94926,DISP-03213,OMC-007,Kobil,LUB,2025-08-30,115361,FIN-004
INV-33682,DISP-06817,OMC-008,National Oil,LUB,2025-10-16,49377,FIN-002
INV-59396,DISP-08488,OMC-005,PetroOil Kenya,JETA1,14/03/2026,199919,FIN-004
INV-51465,DISP-07972,OMC-008,National Oil,JETA1,2025-11-23,121248,FIN-004
INV-23483,DISP-06485,OMC-012,Galana Energies,PMS,2026-04-29," KES 39,332 ",FIN-005
INV-80405,DISP-04035,OMC-013,Lake Oil,AGO,2026-06-21,141918,FIN-003
INV-67007,DISP-07668,OMC-010,Tamoil,HFO,27/01/2026,225994,FIN-005
INV-94599,DISP-03244,OMC-002,Vivo Energy,LUB,2025-03-11,122528,FIN-003
INV-71695,DISP-03605,OMC-005,PetroOil Kenya,PMS,2026-03-22,56016,FIN-002
INV-34197,DISP-09745,OMC-014,Texol Energies,JETA1,2025-04-07,29611,FIN-004
INV-35097,DISP-03860,OMC-007,Kobil,LUB,2025-05-28,24584,FIN-004
INV-24698,DISP-00444,OMC-019,Tanzania Petroleum,DPK,23/02/2026,83594,FIN-005
INV-47835,DISP-05910,OMC-020,Ethiopian Oil,LPG,2025-09-26,133125,FIN-005
INV-14169,DISP-00979,OMC-016,KPA Marine,LUB,22/03/2026,162108,FIN-004
INV-71443,DISP-01880,OMC-019,Tanzania Petroleum,HFO,2025-12-16,196248,FIN-004
INV-44577,DISP-04547,OMC-019,Tanzania Petroleum,HFO,2025-08-04," KES 96,896 ",FIN-002
INV-72881,DISP-05817,OMC-019,Tanzania Petroleum,PMS,2025-03-05,146101,FIN-002
INV-76012,DISP-09029,OMC-003,Rubis Energy,LUB,16/02/2026,181556,FIN-004
INV-38662,DISP-00242,OMC-020,Ethiopian Oil,JETA1,2025-02-06,23599,FIN-003
INV-56778,DISP-04492,OMC-019,Tanzania Petroleum,AGO,,162586,FIN-005
INV-54437,DISP-05648,OMC-003,Rubis Energy,HFO,2025-12-31,100877,FIN-004
INV-21460,DISP-02860,OMC-005,PetroOil Kenya,AGO,2026-05-04,162211,FIN-005
INV-56766,DISP-09753,OMC-016,KPA Marine,AGO,2025-07-23,114822,FIN-005
INV-10097,DISP-05674,OMC-016,KPA Marine,AGO,2026-05-31,121745,FIN-001
INV-83605,DISP-00005,OMC-016,KPA Marine,AGO,2025-03-18,145200,FIN-001
INV-94503,DISP-06951,OMC-002,Vivo Energy,AGO,2026-05-12,50386,FIN-003
INV-97066,DISP-03053,OMC-007,Kobil,LPG,2026-06-23,96739,FIN-003
INV-28871,DISP-08265,OMC-001,TotalEnergies Kenya,HFO,2025-03-27,39372,FIN-005
INV-55411,DISP-04958,OMC-015,Mombasa Petroleum,AGO,2026-02-20,139704,FIN-004
INV-97816,DISP-04868,OMC-011,Hass Petroleum,LPG,2025-06-25,186644,FIN-005
INV-79824,DISP-05468,OMC-002,Vivo Energy,LPG,2026-03-16,34185,FIN-005
INV-29846,DISP-02021,OMC-011,Hass Petroleum,LUB,2025-10-31,201015,FIN-004
INV-41374,DISP-05958,OMC-009,Dalbit Petroleum,LUB,2025-06-16," KES 53,801 ",FIN-002
INV-53291,DISP-03143,OMC-009,Dalbit Petroleum,PMS,2025-05-26,261527,FIN-003
INV-56131,DISP-09959,OMC-001,TotalEnergies Kenya,AGO,2025-02-24,41893,FIN-002
INV-18028,DISP-03030,OMC-008,National Oil,PMS,2025-10-07,191618,FIN-003
INV-71333,DISP-03176,OMC-002,Vivo Energy,PMS,2026-01-05,57828,FIN-003
INV-36379,DISP-09359,OMC-015,Mombasa Petroleum,PMS,12/05/2025,153399,FIN-001
INV-92868,DISP-03310,OMC-007,Kobil,PMS,2026-02-25,47427,FIN-004
INV-84557,DISP-09610,OMC-018,Uganda National Oil,HFO,2025-12-21,209683,FIN-001
INV-11218,DISP-09637,OMC-015,Mombasa Petroleum,LPG,2026-05-17,218957,FIN-001
INV-86085,DISP-07750,OMC-017,KAA Aviation,DPK,2026-03-01,107472,FIN-001
INV-97742,DISP-08725,OMC-011,Hass Petroleum,AGO,2025-06-24,238348,FIN-003
INV-65103,DISP-08467,OMC-007,Kobil,AGO,2026-01-19,22866,FIN-003
INV-97482,DISP-02677,OMC-020,Ethiopian Oil,DPK,2025-05-01,25412,FIN-004
INV-46832,DISP-07930,OMC-007,Kobil,HFO,07/05/2025,140702,FIN-003
INV-35135,DISP-00634,OMC-020,Ethiopian Oil,PMS,2025-01-14,31484,FIN-001
INV-17891,DISP-09629,OMC-013,Lake Oil,AGO,2026-05-21,161134,FIN-001
INV-40922,DISP-07097,OMC-014,Texol Energies,DPK,2026-05-11,32102,FIN-005
INV-23894,DISP-06231,OMC-013,Lake Oil,PMS,2025-08-20,211140,FIN-004
INV-73472,DISP-07031,OMC-007,Kobil,LUB,2025-12-27,240005,FIN-005
INV-52220,DISP-03834,OMC-007,Kobil,PMS,28/02/2026,219915,FIN-005
INV-68557,DISP-06100,OMC-019,Tanzania Petroleum,HFO,2025-02-01,28313,FIN-002
INV-19265,DISP-06502,OMC-009,Dalbit Petroleum,JETA1,2025-09-19,54701,FIN-003
INV-54132,DISP-05286,OMC-003,Rubis Energy,LPG,2026-03-20,143126,FIN-002
INV-53353,DISP-03512,OMC-019,Tanzania Petroleum,AGO,2026-06-01,202202,FIN-005
INV-83678,DISP-06066,OMC-001,TotalEnergies Kenya,JETA1,2026-02-06,35552,FIN-002
INV-18284,DISP-04374,OMC-014,Texol Energies,LPG,2026-04-29,153473,FIN-004
INV-16804,DISP-03541,OMC-020,Ethiopian Oil,HFO,2025-12-06,32605,FIN-003
INV-26883,DISP-04050,OMC-011,Hass Petroleum,LPG,24/03/2026,161162,FIN-005
INV-76285,DISP-05125,OMC-019,Tanzania Petroleum,HFO,2026-06-04,192017,FIN-004
INV-76753,DISP-01768,OMC-018,Uganda National Oil,PMS,2025-02-27,21838,FIN-005
INV-99081,DISP-07515,OMC-004,Gulf Energy,LUB,2026-02-12,74899,FIN-003
INV-86588,DISP-04937,OMC-013,Lake Oil,PMS,2025-02-09,134760,FIN-002
INV-91680,DISP-03684,OMC-006,Hashi Energy,PMS,2025-04-24,40736,FIN-001
INV-73276,DISP-00641,OMC-014,Texol Energies,LPG,2026-06-05,55981,FIN-004
INV-68461,DISP-03639,OMC-005,PetroOil Kenya,LUB,2026-03-12,39325,FIN-002
INV-27883,DISP-09006,OMC-017,KAA Aviation,HFO,2025-03-21,165298,FIN-005
INV-19424,DISP-02803,OMC-006,Hashi Energy,JETA1,2025-05-22,25745,FIN-005
INV-13429,DISP-08084,OMC-006,Hashi Energy,JETA1,2025-04-09,195981,FIN-002
INV-89855,DISP-00387,OMC-003,Rubis Energy,HFO,2025-08-25,283510,FIN-005
INV-76797,DISP-09609,OMC-017,KAA Aviation,JETA1,2025-08-04,219344,FIN-003
INV-19927,DISP-01928,OMC-015,Mombasa Petroleum,JETA1,2025-01-11,152528,FIN-003
INV-82623,DISP-01589,OMC-004,Gulf Energy,DPK,2026-03-03,231625,FIN-003
INV-76559,DISP-03697,OMC-011,Hass Petroleum,JETA1,2025-10-04,51163,FIN-002
INV-97031,DISP-08115,OMC-002,Vivo Energy,DPK,2025-03-24,261103,FIN-004
INV-70131,DISP-08757,OMC-012,Galana Energies,LPG,2026-02-25,190994,FIN-005
INV-80836,DISP-02508,OMC-010,Tamoil,JETA1,2025-01-15,39014,FIN-005
INV-55603,DISP-01357,OMC-005,PetroOil Kenya,HFO,2026-02-26,196410,FIN-005
INV-44969,DISP-04146,OMC-019,Tanzania Petroleum,LUB,2025-04-14,133601,FIN-004
INV-78351,DISP-05875,OMC-004,Gulf Energy,DPK,2026-04-05,17430,FIN-004
INV-23782,DISP-01995,OMC-020,Ethiopian Oil,JETA1,2025-06-01,28021,FIN-002
INV-71184,DISP-06879,OMC-014,Texol Energies,HFO,2026-06-04,43332,FIN-005
INV-89387,DISP-07186,OMC-016,KPA Marine,JETA1,2026-04-09,58745,FIN-003
INV-44511,DISP-08905,OMC-009,Dalbit Petroleum,LPG,2026-06-07,204370,FIN-002
INV-78067,DISP-00075,OMC-020,Ethiopian Oil,LPG,2025-01-28,200223,FIN-004
INV-87106,DISP-06902,OMC-016,KPA Marine,AGO,2026-03-01," KES 115,610 ",FIN-003
INV-93129,DISP-07079,OMC-017,KAA Aviation,AGO,2025-04-08,259340,FIN-001
INV-18112,DISP-02080,OMC-015,Mombasa Petroleum,LPG,2025-02-13,120852,FIN-005
INV-98127,DISP-08696,OMC-018,Uganda National Oil,JETA1,2025-08-22,147897,FIN-005
INV-86225,DISP-03698,OMC-015,Mombasa Petroleum,JETA1,2025-01-30,22867,FIN-001
INV-87972,DISP-03097,OMC-014,Texol Energies,LUB,2025-11-06,31464,FIN-004
INV-46214,DISP-08181,OMC-013,Lake Oil,HFO,2025-02-07,110480,FIN-005
INV-32865,DISP-04558,OMC-011,Hass Petroleum,PMS,2025-02-06,155147,FIN-005
INV-47086,DISP-04315,OMC-007,Kobil,AGO,2025-05-17,53805,FIN-001
INV-38533,DISP-00684,OMC-014,Texol Energies,PMS,2026-01-11,245386,FIN-005
INV-17693,DISP-04236,OMC-009,Dalbit Petroleum,LUB,2025-06-14,150621,FIN-001
INV-96350,DISP-00761,OMC-011,Hass Petroleum,LUB,2026-07-02,202141,FIN-005
INV-23353,DISP-08575,OMC-020,Ethiopian Oil,JETA1,2025-12-24," KES 198,646 ",FIN-005
INV-40999,DISP-01094,OMC-007,Kobil,PMS,2026-02-09,196839,FIN-002
INV-92077,DISP-00499,OMC-010,Tamoil,HFO,2026-04-10,240465,FIN-005
INV-62784,DISP-00362,OMC-020,Ethiopian Oil,LPG,2026-04-09,116397,FIN-005
INV-40304,DISP-06944,OMC-019,Tanzania Petroleum,PMS,2026-03-02,275328,FIN-003
INV-35820,DISP-05549,OMC-017,KAA Aviation,LPG,2026-03-23,35529,FIN-001
INV-87350,DISP-07966,OMC-005,PetroOil Kenya,JETA1,2026-02-11,232401,FIN-004
INV-97941,DISP-05238,OMC-020,Ethiopian Oil,JETA1,2025-07-23,35661,FIN-003
INV-13727,DISP-03413,OMC-008,National Oil,HFO,2026-01-05,208675,FIN-005
INV-80487,DISP-09983,OMC-008,National Oil,HFO,2025-01-20,101475,FIN-004
INV-13738,DISP-08634,OMC-008,National Oil,PMS,,64272,FIN-002
INV-89097,DISP-05018,OMC-001,TotalEnergies Kenya,PMS,2025-07-12,106484,FIN-003
INV-49410,DISP-03596,OMC-008,National Oil,HFO,2025-04-04,49192,FIN-003
INV-14742,DISP-08313,OMC-012,Galana Energies,LPG,2026-04-16,286038,FIN-001
INV-43124,DISP-00964,OMC-007,Kobil,HFO,2026-05-23,182320,FIN-001
INV-72327,DISP-03733,OMC-018,Uganda National Oil,AGO,2025-08-18,33521,FIN-003
INV-35828,DISP-08616,OMC-003,Rubis Energy,JETA1,2026-07-07,28310,FIN-005
INV-77380,DISP-06312,OMC-014,Texol Energies,DPK,02/11/2025,47515,FIN-005
INV-75599,DISP-06769,OMC-014,Texol Energies,DPK,2025-10-20," KES 154,050 ",FIN-005
INV-42505,DISP-00274,OMC-018,Uganda National Oil,DPK,2025-07-05,268257,FIN-003
INV-49434,DISP-07951,OMC-011,Hass Petroleum,JETA1,09/06/2026,36309,FIN-004
INV-41186,DISP-06098,OMC-019,Tanzania Petroleum,DPK,2026-04-28,163113,FIN-005
INV-89324,DISP-05628,OMC-006,Hashi Energy,DPK,2026-05-24,169160,FIN-005
INV-29251,DISP-07376,OMC-019,Tanzania Petroleum,DPK,2025-04-24," KES 152,933 ",FIN-003
INV-27255,DISP-08447,OMC-003,Rubis Energy,LUB,2025-02-25," KES 98,949 ",FIN-004
INV-27022,DISP-02575,OMC-008,National Oil,LUB,2025-03-23,182917,FIN-001
INV-63422,DISP-05675,OMC-005,PetroOil Kenya,LPG,2026-02-08," KES 173,684 ",FIN-002
INV-22974,DISP-00502,OMC-006,Hashi Energy,LUB,2025-01-26,218480,FIN-005
INV-98025,DISP-03264,OMC-001,TotalEnergies Kenya,JETA1,2025-12-01,241478,FIN-004
INV-29681,DISP-09040,OMC-020,Ethiopian Oil,HFO,2026-04-04,22982,FIN-003
INV-57935,DISP-00078,OMC-016,KPA Marine,PMS,2026-06-28,31274,FIN-003
INV-93455,DISP-07787,OMC-004,Gulf Energy,PMS,2026-04-02,147136,FIN-002
INV-15721,DISP-09949,OMC-002,Vivo Energy,DPK,2026-04-19,106256,FIN-002
INV-87686,DISP-06459,OMC-015,Mombasa Petroleum,HFO,2025-04-16,112955,FIN-001
INV-57315,DISP-01494,OMC-015,Mombasa Petroleum,PMS,2025-10-27," KES 225,305 ",FIN-004
INV-39052,DISP-02737,OMC-020,Ethiopian Oil,HFO,2025-10-25,235885,FIN-004
INV-48102,DISP-01749,OMC-006,Hashi Energy,PMS,2025-11-13," KES 202,202 ",FIN-003
INV-42428,DISP-09805,OMC-020,Ethiopian Oil,JETA1,2026-04-16,133634,FIN-001
INV-60746,DISP-02986,OMC-020,Ethiopian Oil,AGO,2025-08-14,51263,FIN-003
INV-39195,DISP-07262,OMC-013,Lake Oil,HFO,2026-03-22,30053,FIN-001
INV-11896,DISP-06113,OMC-005,PetroOil Kenya,PMS,2026-04-23,39761,FIN-001
INV-15570,DISP-05561,OMC-007,Kobil,LUB,2026-03-28,144734,FIN-002
INV-17173,DISP-00494,OMC-018,Uganda National Oil,HFO,2025-09-04,24898,FIN-002
INV-53688,DISP-07299,OMC-012,Galana Energies,HFO,2026-02-10," KES 198,739 ",FIN-001
INV-76897,DISP-08578,OMC-002,Vivo Energy,DPK,,43408,FIN-005
INV-98805,DISP-03518,OMC-017,KAA Aviation,AGO,2026-06-27,43585,FIN-005
INV-42099,DISP-07574,OMC-007,Kobil,AGO,2025-12-07,185545,FIN-005
INV-89341,DISP-08965,OMC-017,KAA Aviation,JETA1,17/12/2025," KES 54,503 ",FIN-003
INV-86624,DISP-09008,OMC-019,Tanzania Petroleum,JETA1,2026-06-26,195607,FIN-003
INV-50843,DISP-04639,OMC-016,KPA Marine,JETA1,2026-05-02,172027,FIN-002
INV-75830,DISP-02718,OMC-001,TotalEnergies Kenya,DPK,2025-02-15,105827,FIN-005
INV-65774,DISP-04414,OMC-013,Lake Oil,LPG,2025-07-20,56374,FIN-003
INV-60579,DISP-02849,OMC-008,National Oil,HFO,2026-02-02,35700,FIN-003
INV-29273,DISP-00795,OMC-012,Galana Energies,LUB,2026-03-05,162981,FIN-001
INV-12466,DISP-05446,OMC-018,Uganda National Oil,LUB,2025-11-10,40024,FIN-005
INV-60197,DISP-09840,OMC-013,Lake Oil,PMS,2025-05-04,216966,FIN-003
INV-30417,DISP-02997,OMC-008,National Oil,JETA1,2025-05-26,34797,FIN-004
INV-57665,DISP-00463,OMC-005,PetroOil Kenya,DPK,2026-02-16,32382,FIN-001
INV-48953,DISP-05143,OMC-018,Uganda National Oil,PMS,2025-12-20,238624,FIN-005
INV-65578,DISP-02617,OMC-002,Vivo Energy,DPK,2025-02-03,173891,FIN-005
INV-18314,DISP-07157,OMC-001,TotalEnergies Kenya,PMS,2025-08-06,111329,FIN-002
INV-38003,DISP-05661,OMC-016,KPA Marine,HFO,2026-04-16,216538,FIN-005
INV-69637,DISP-09906,OMC-008,National Oil,LUB,2026-03-10,26518,FIN-001
INV-70122,DISP-01883,OMC-015,Mombasa Petroleum,LUB,2025-09-02,111695,FIN-004
INV-53427,DISP-09649,OMC-008,National Oil,AGO,2026-01-25,123063,FIN-005
INV-78756,DISP-07032,OMC-015,Mombasa Petroleum,JETA1,20/10/2025,42582,FIN-001
INV-93371,DISP-00885,OMC-008,National Oil,AGO,2026-05-25,203670,FIN-004
INV-46514,DISP-08242,OMC-006,Hashi Energy,LUB,2025-01-20,86159,FIN-003
INV-89438,DISP-03787,OMC-001,TotalEnergies Kenya,JETA1,2026-02-10,193145,FIN-002
INV-87818,DISP-01295,OMC-018,Uganda National Oil,PMS,2025-02-18,28220,FIN-005
INV-53246,DISP-09528,OMC-018,Uganda National Oil,AGO,2025-03-17,59300,FIN-004
INV-80861,DISP-00090,OMC-006,Hashi Energy,HFO,2026-03-28,186421,FIN-005
INV-24751,DISP-00529,OMC-018,Uganda National Oil,LUB,2025-11-01,189821,FIN-002
INV-74323,DISP-04885,OMC-016,KPA Marine,LUB,2025-01-15,36702,FIN-005
INV-60671,DISP-09273,OMC-007,Kobil,AGO,2025-09-15,111279,FIN-002
INV-63497,DISP-04248,OMC-006,Hashi Energy,LPG,2026-05-29,298312,FIN-005
INV-67542,DISP-06610,OMC-004,Gulf Energy,PMS,2026-03-28,237678,FIN-004
INV-17353,DISP-00271,OMC-016,KPA Marine,JETA1,2025-06-07,196120,FIN-003
INV-78981,DISP-06747,OMC-001,TotalEnergies Kenya,PMS,2025-12-12,136002,FIN-001
INV-86480,DISP-09956,OMC-001,TotalEnergies Kenya,DPK,2026-05-22,198301,FIN-001
INV-13152,DISP-08698,OMC-006,Hashi Energy,JETA1,2025-11-26,104718,FIN-003
INV-91093,DISP-03924,OMC-013,Lake Oil,DPK,2026-03-03,45791,FIN-001
INV-76192,DISP-04757,OMC-002,Vivo Energy,JETA1,2025-04-05,290565,FIN-005
INV-27469,DISP-08291,OMC-018,Uganda National Oil,JETA1,2025-07-08,42585,FIN-005
INV-55060,DISP-06545,OMC-020,Ethiopian Oil,HFO,2025-10-27,23735,FIN-005
INV-92298,DISP-05322,OMC-016,KPA Marine,LUB,2025-01-20,108037,FIN-002
INV-10020,DISP-05477,OMC-019,Tanzania Petroleum,LUB,2025-01-15,185356,FIN-001
INV-44802,DISP-06191,OMC-017,KAA Aviation,PMS,2025-12-22,29964,FIN-005
INV-56922,DISP-01777,OMC-014,Texol Energies,AGO,2026-01-17,169297,FIN-003
INV-76692,DISP-09347,OMC-018,Uganda National Oil,JETA1,2025-12-25,165067,FIN-005
INV-64653,DISP-07948,OMC-005,PetroOil Kenya,JETA1,2026-02-21,40048,FIN-005
INV-36281,DISP-02969,OMC-002,Vivo Energy,LPG,2026-05-04,47402,FIN-001
INV-81563,DISP-03634,OMC-013,Lake Oil,JETA1,2025-05-13,26158,FIN-005
INV-54342,DISP-07996,OMC-002,Vivo Energy,LUB,2025-06-22,141716,FIN-002
INV-70499,DISP-09853,OMC-014,Texol Energies,DPK,2025-10-29,80477,FIN-004
INV-38257,DISP-03983,OMC-011,Hass Petroleum,JETA1,2025-12-27,165322,FIN-005
INV-60169,DISP-06762,OMC-013,Lake Oil,LUB,,124463,FIN-004
INV-96616,DISP-00339,OMC-008,National Oil,HFO,,192204,FIN-004
INV-48405,DISP-03715,OMC-018,Uganda National Oil,PMS,2026-06-10,186144,FIN-001
INV-17173,DISP-00494,OMC-018,Uganda National Oil,HFO,2025-09-04,24898,FIN-002
INV-14588,DISP-01344,OMC-002,Vivo Energy,PMS,2025-01-10,157857,FIN-003
INV-67379,DISP-00628,OMC-004,Gulf Energy,DPK,2026-02-09,125139,FIN-004
INV-86723,DISP-06836,OMC-016,KPA Marine,LPG,2026-06-06,202366,FIN-001
INV-27438,DISP-04070,OMC-016,KPA Marine,DPK,2025-08-28,35326,FIN-003
INV-79969,DISP-01075,OMC-009,Dalbit Petroleum,DPK,2025-02-24,105449,FIN-002
INV-90316,DISP-00960,OMC-004,Gulf Energy,LPG,2026-05-03,112638,FIN-003
INV-37531,DISP-09004,OMC-002,Vivo Energy,LPG,2026-03-22,47906,FIN-004
INV-41355,DISP-08643,OMC-009,Dalbit Petroleum,JETA1,2025-02-18,33749,FIN-003
INV-29941,DISP-02268,OMC-019,Tanzania Petroleum,LPG,2025-05-08,59293,FIN-001
INV-14687,DISP-09585,OMC-012,Galana Energies,LUB,2026-04-09,302327,FIN-002
INV-95791,DISP-05389,OMC-015,Mombasa Petroleum,LPG,2025-02-01,85598,FIN-002
INV-42378,DISP-04595,OMC-015,Mombasa Petroleum,DPK,2025-08-11,252257,FIN-003
INV-28222,DISP-02504,OMC-017,KAA Aviation,JETA1,2026-02-05,234059,FIN-004
INV-27795,DISP-02916,OMC-002,Vivo Energy,HFO,2025-05-20,38787,FIN-003
INV-47978,DISP-00119,OMC-004,Gulf Energy,LPG,2026-03-27,451376,FIN-001
INV-37773,DISP-07954,OMC-003,Rubis Energy,HFO,2026-01-09,29128,FIN-003
INV-55593,DISP-02623,OMC-001,TotalEnergies Kenya,LPG,2025-03-30,37484,FIN-003
INV-45197,DISP-00185,OMC-018,Uganda National Oil,PMS,2025-12-06,24095,FIN-002
INV-33227,DISP-07513,OMC-019,Tanzania Petroleum,LUB,2025-07-18,203578,FIN-002
INV-85971,DISP-06388,OMC-017,KAA Aviation,LUB,2026-06-14," KES 23,981 ",FIN-003
INV-89814,DISP-07935,OMC-008,National Oil,JETA1,27/06/2025,192268,FIN-003
INV-47365,DISP-03366,OMC-011,Hass Petroleum,PMS,2025-07-02,49775,FIN-004
INV-96168,DISP-09514,OMC-020,Ethiopian Oil,LPG,2025-07-08,24563,FIN-004
INV-81513,DISP-07193,OMC-009,Dalbit Petroleum,AGO,2026-06-07,32946,FIN-002
INV-16989,DISP-08984,OMC-002,Vivo Energy,DPK,2026-03-14,243829,FIN-005
INV-24410,DISP-09874,OMC-004,Gulf Energy,PMS,2026-02-05,47091,FIN-005
INV-37930,DISP-07727,OMC-007,Kobil,HFO,2025-12-31,239292,FIN-002
INV-21681,DISP-01685,OMC-008,National Oil,LUB,2025-03-20,20570,FIN-001
INV-61508,DISP-00824,OMC-020,Ethiopian Oil,LPG,2025-07-20,48073,FIN-005
INV-14402,DISP-03994,OMC-020,Ethiopian Oil,JETA1,2026-04-08,121357,FIN-004
INV-37595,DISP-02741,OMC-006,Hashi Energy,LPG,14/10/2025,212772,FIN-005
INV-82646,DISP-07243,OMC-010,Tamoil,PMS,2025-04-29,131970,FIN-002
INV-34559,DISP-09161,OMC-008,National Oil,LUB,2026-06-07,49874,FIN-004
INV-59682,DISP-01773,OMC-020,Ethiopian Oil,DPK,2026-05-18,171858,FIN-004
INV-41653,DISP-08019,OMC-017,KAA Aviation,JETA1,2026-05-20," KES 62,259 ",FIN-004
INV-11449,DISP-04997,OMC-018,Uganda National Oil,JETA1,2025-12-04,259632,FIN-002
INV-76689,DISP-03443,OMC-011,Hass Petroleum,JETA1,2026-04-12,294714,FIN-004
INV-93591,DISP-04364,OMC-012,Galana Energies,LUB,2026-04-16,91876,FIN-001
INV-53307,DISP-03714,OMC-005,PetroOil Kenya,AGO,2026-02-11,161221,FIN-005
INV-62157,DISP-05132,OMC-013,Lake Oil,PMS,2025-05-08,191568,FIN-001
INV-43436,DISP-04546,OMC-006,Hashi Energy,AGO,2026-03-10,169488,FIN-004
INV-10125,DISP-07717,OMC-010,Tamoil,JETA1,2026-04-17,183036,FIN-002
INV-27652,DISP-04448,OMC-007,Kobil,LUB,2025-07-07,117485,FIN-002
INV-97114,DISP-09919,OMC-011,Hass Petroleum,HFO,2025-03-31,123709,FIN-005
INV-75192,DISP-03383,OMC-017,KAA Aviation,LUB,2025-09-14,242365,FIN-004
INV-22343,DISP-09432,OMC-015,Mombasa Petroleum,DPK,2026-02-03,157285,FIN-002
INV-16079,DISP-00170,OMC-019,Tanzania Petroleum,LUB,2026-05-30,271643,FIN-002
INV-16446,DISP-02277,OMC-001,TotalEnergies Kenya,DPK,2026-05-29,231434,FIN-004
INV-77463,DISP-07583,OMC-003,Rubis Energy,HFO,2025-03-06,50395,FIN-002
INV-15291,DISP-04389,OMC-006,Hashi Energy,HFO,2026-04-17,43992,FIN-004
INV-68575,DISP-07344,OMC-020,Ethiopian Oil,LPG,2025-12-13,29197,FIN-003
INV-38753,DISP-06464,OMC-012,Galana Energies,LUB,2026-03-16,248888,FIN-002
INV-22610,DISP-03829,OMC-011,Hass Petroleum,AGO,2026-04-04,103635,FIN-003
INV-40122,DISP-04749,OMC-008,National Oil,PMS,2025-01-19,129901,FIN-004
INV-49888,DISP-05471,OMC-016,KPA Marine,LPG,2026-06-08," KES 118,250 ",FIN-005
INV-42709,DISP-00938,OMC-001,TotalEnergies Kenya,LUB,,23905,FIN-001
INV-27225,DISP-06340,OMC-001,TotalEnergies Kenya,DPK,2026-04-28,50491,FIN-004
INV-57511,DISP-02477,OMC-012,Galana Energies,HFO,2026-03-31,49179,FIN-002
INV-24358,DISP-01996,OMC-008,National Oil,DPK,2026-04-22,162910,FIN-004
INV-96307,DISP-06706,OMC-005,PetroOil Kenya,PMS,2026-04-17,128010,FIN-002
INV-25758,DISP-01254,OMC-019,Tanzania Petroleum,LPG,2026-05-06,187303,FIN-001
INV-70606,DISP-06671,OMC-011,Hass Petroleum,LUB,2025-07-24,255893,FIN-004
INV-25217,DISP-06252,OMC-015,Mombasa Petroleum,PMS,2025-07-24,183467,FIN-005
INV-42194,DISP-01380,OMC-017,KAA Aviation,LUB,2025-06-08,204209,FIN-004
INV-79615,DISP-00396,OMC-010,Tamoil,PMS,2025-12-29,289419,FIN-002
INV-19261,DISP-09973,OMC-009,Dalbit Petroleum,DPK,2026-05-21,26347,FIN-003
INV-59824,DISP-02132,OMC-016,KPA Marine,LPG,2025-05-25,260202,FIN-004
INV-87793,DISP-00167,OMC-019,Tanzania Petroleum,PMS,2025-04-02,35354,FIN-005
INV-31504,DISP-02676,OMC-007,Kobil,LUB,2025-06-08,94304,FIN-003
INV-47910,DISP-02611,OMC-002,Vivo Energy,DPK,2025-11-29,31671,FIN-005
INV-69310,DISP-08994,OMC-010,Tamoil,AGO,2025-05-19,167078,FIN-005
INV-91599,DISP-04175,OMC-005,PetroOil Kenya,JETA1,2026-03-25,124271,FIN-002
INV-49361,DISP-08662,OMC-005,PetroOil Kenya,DPK,,27931,FIN-005
INV-21557,DISP-01725,OMC-003,Rubis Energy,LPG,2026-05-13,226051,FIN-005
INV-17182,DISP-07962,OMC-003,Rubis Energy,PMS,2025-04-26,175099,FIN-001
INV-39449,DISP-04019,OMC-002,Vivo Energy,JETA1,2025-11-11,266764,FIN-001
INV-80645,DISP-04852,OMC-004,Gulf Energy,LUB,2026-03-28,166910,FIN-001
INV-29737,DISP-03739,OMC-001,TotalEnergies Kenya,LUB,2026-04-14,216066,FIN-005
INV-75852,DISP-06664,OMC-012,Galana Energies,LPG,2026-02-10,267378,FIN-002
INV-18105,DISP-09573,OMC-009,Dalbit Petroleum,PMS,2026-01-11,54303,FIN-005
INV-45120,DISP-06035,OMC-011,Hass Petroleum,DPK,2026-06-30,83594,FIN-004
INV-69148,DISP-04104,OMC-016,KPA Marine,DPK,2025-01-06,56939,FIN-003
INV-79061,DISP-01318,OMC-018,Uganda National Oil,LUB,2025-11-03,263836,FIN-001
INV-89394,DISP-03247,OMC-013,Lake Oil,LPG,2025-09-23,143007,FIN-005
INV-26628,DISP-00460,OMC-007,Kobil,DPK,2026-03-07,49135,FIN-004
INV-68371,DISP-09540,OMC-009,Dalbit Petroleum,LUB,2026-05-18,96453,FIN-005
INV-67694,DISP-01420,OMC-009,Dalbit Petroleum,JETA1,2025-06-03,27998,FIN-005
INV-52220,DISP-02561,OMC-003,Rubis Energy,HFO,09/10/2025,54248,FIN-005
INV-48282,DISP-04339,OMC-010,Tamoil,LUB,2026-05-15,189532,FIN-005
INV-31554,DISP-01379,OMC-013,Lake Oil,HFO,2026-03-25,33026,FIN-001
INV-95309,DISP-03922,OMC-019,Tanzania Petroleum,JETA1,05/06/2026," KES 41,189 ",FIN-001
INV-69439,DISP-02381,OMC-013,Lake Oil,PMS,2025-10-12,126211,FIN-001
INV-69153,DISP-04119,OMC-008,National Oil,AGO,2025-10-20,190953,FIN-005
INV-65050,DISP-04125,OMC-003,Rubis Energy,HFO,2025-01-22,76625,FIN-005
INV-57677,DISP-07071,OMC-009,Dalbit Petroleum,JETA1,2025-10-27,40559,FIN-004
INV-99349,DISP-04671,OMC-017,KAA Aviation,PMS,2025-12-03,252894,FIN-002
INV-88245,DISP-08874,OMC-012,Galana Energies,AGO,2026-04-20,55236,FIN-004
INV-25990,DISP-07367,OMC-015,Mombasa Petroleum,JETA1,2025-10-13,154143,FIN-001
INV-42553,DISP-09160,OMC-002,Vivo Energy,HFO,2026-06-17,42613,FIN-005
INV-28936,DISP-06527,OMC-005,PetroOil Kenya,LPG,2026-03-24,238445,FIN-001
INV-48449,DISP-02124,OMC-003,Rubis Energy,LUB,2025-06-25,44159,FIN-001
INV-18550,DISP-09305,OMC-015,Mombasa Petroleum,HFO,2025-05-11,23713,FIN-004
INV-26792,DISP-09709,OMC-017,KAA Aviation,DPK,2025-02-03,155209,FIN-003
INV-48179,DISP-02812,OMC-010,Tamoil,LUB,2026-03-02,214751,FIN-003
INV-63340,DISP-06705,OMC-007,Kobil,DPK,21/04/2025,77998,FIN-005
INV-45044,DISP-03655,OMC-015,Mombasa Petroleum,LPG,2026-03-18,55612,FIN-005
INV-70026,DISP-02827,OMC-006,Hashi Energy,PMS,2026-02-15,162054,FIN-001
INV-18234,DISP-00568,OMC-001,TotalEnergies Kenya,AGO,2025-03-11,229394,FIN-003
INV-65028,DISP-09426,OMC-001,TotalEnergies Kenya,LPG,2026-05-29,231975,FIN-005
INV-67465,DISP-03700,OMC-011,Hass Petroleum,PMS,2025-01-14,32356,FIN-002
INV-44689,DISP-01945,OMC-007,Kobil,PMS,2025-03-18,219363,FIN-003
INV-47643,DISP-00135,OMC-012,Galana Energies,LPG,2026-02-20,58055,FIN-004
INV-11561,DISP-01129,OMC-011,Hass Petroleum,JETA1,2025-03-07,31179,FIN-005
INV-46651,DISP-07212,OMC-001,TotalEnergies Kenya,JETA1,2025-08-15,51724,FIN-002
INV-51544,DISP-02232,OMC-001,TotalEnergies Kenya,JETA1,2025-11-26,21136,FIN-004
INV-20502,DISP-06967,OMC-004,Gulf Energy,PMS,2026-02-18," KES 206,805 ",FIN-002
INV-15595,DISP-04630,OMC-014,Texol Energies,JETA1,2026-06-13,178962,FIN-003
INV-94701,DISP-05230,OMC-010,Tamoil,HFO,2025-08-31,23534,FIN-003
INV-91521,DISP-03369,OMC-008,National Oil,JETA1,2026-03-26,270159,FIN-005
INV-57030,DISP-07589,OMC-008,National Oil,AGO,2025-07-10,90084,FIN-003
INV-71324,DISP-04213,OMC-015,Mombasa Petroleum,LUB,2025-03-05,169838,FIN-001
INV-49828,DISP-01087,OMC-006,Hashi Energy,LPG,2025-09-08,174210,FIN-004
INV-20558,DISP-00074,OMC-012,Galana Energies,LPG,2026-02-15,135283,FIN-002
INV-97327,DISP-03896,OMC-007,Kobil,DPK,2025-09-17,33059,FIN-001
INV-56061,DISP-06009,OMC-017,KAA Aviation,LPG,2025-12-23,42878,FIN-002
INV-82634,DISP-02130,OMC-002,Vivo Energy,DPK,2026-05-20,51212,FIN-001
INV-86758,DISP-09769,OMC-009,Dalbit Petroleum,PMS,2026-01-05,55826,FIN-002
INV-53203,DISP-07805,OMC-010,Tamoil,PMS,,194047,FIN-003
INV-16380,DISP-03725,OMC-015,Mombasa Petroleum,JETA1,,95472,FIN-005
INV-41747,DISP-06649,OMC-017,KAA Aviation,AGO,2025-07-29,37649,FIN-005
INV-29878,DISP-03846,OMC-019,Tanzania Petroleum,JETA1,2025-11-04,93202,FIN-002
INV-72007,DISP-04601,OMC-015,Mombasa Petroleum,AGO,2025-12-15,22370,FIN-004
INV-89155,DISP-09519,OMC-009,Dalbit Petroleum,HFO,2026-06-21,283425,FIN-002
INV-36212,DISP-02979,OMC-016,KPA Marine,DPK,2025-08-16,62157,FIN-005
INV-82893,DISP-06246,OMC-014,Texol Energies,DPK,2025-09-01,235830,FIN-002
INV-88951,DISP-04602,OMC-009,Dalbit Petroleum,JETA1,2025-01-25,57198,FIN-001
INV-87550,DISP-07197,OMC-012,Galana Energies,LPG,2026-04-11,60394,FIN-005
INV-28652,DISP-08271,OMC-010,Tamoil,LUB,2026-03-02,119639,FIN-003
INV-81142,DISP-03671,OMC-010,Tamoil,PMS,2025-05-13," KES 190,780 ",FIN-002
INV-91801,DISP-05466,OMC-012,Galana Energies,AGO,2026-03-30,328740,FIN-004
INV-34493,DISP-05509,OMC-018,Uganda National Oil,AGO,2026-04-15,78196,FIN-003
INV-82158,DISP-05881,OMC-016,KPA Marine,LPG,2025-10-07,33693,FIN-005
INV-71245,DISP-06553,OMC-014,Texol Energies,PMS,2025-10-01,46205,FIN-005
INV-96307,DISP-05883,OMC-006,Hashi Energy,PMS,2025-11-26,119684,FIN-004
INV-54702,DISP-04924,OMC-003,Rubis Energy,HFO,2025-12-16,24582,FIN-002
INV-47722,DISP-01361,OMC-004,Gulf Energy,LUB,07/04/2026,310416,FIN-004
INV-92445,DISP-07713,OMC-015,Mombasa Petroleum,PMS,2025-10-08,226431,FIN-002
INV-68505,DISP-05189,OMC-004,Gulf Energy,LPG,2026-03-12,132929,FIN-002
INV-65342,DISP-03670,OMC-006,Hashi Energy,LPG,2025-12-05,178948,FIN-004
INV-56878,DISP-00156,OMC-008,National Oil,DPK,2026-05-29,63046,FIN-001
INV-65844,DISP-02664,OMC-010,Tamoil,HFO,,277060,FIN-004
INV-89842,DISP-03325,OMC-009,Dalbit Petroleum,LPG,2025-04-23,29589,FIN-004
INV-16807,DISP-06986,OMC-011,Hass Petroleum,JETA1,2025-09-02,94826,FIN-001
INV-87557,DISP-09971,OMC-019,Tanzania Petroleum,LPG,2026-05-05,297844,FIN-003
INV-90281,DISP-01321,OMC-005,PetroOil Kenya,LUB,2026-03-19," KES 25,547 ",FIN-002
INV-57385,DISP-09843,OMC-010,Tamoil,DPK,2025-07-30,44741,FIN-001
INV-88711,DISP-08344,OMC-003,Rubis Energy,JETA1,2025-09-20,272466,FIN-003
INV-22662,DISP-07832,OMC-018,Uganda National Oil,PMS,2026-05-26,24607,FIN-001
INV-31230,DISP-06605,OMC-009,Dalbit Petroleum,AGO,2025-02-03," KES 190,801 ",FIN-005
INV-80103,DISP-04952,OMC-005,PetroOil Kenya,HFO,2026-03-09,284299,FIN-001
INV-12139,DISP-00070,OMC-013,Lake Oil,DPK,2026-03-18,133748,FIN-001
INV-65499,DISP-07564,OMC-011,Hass Petroleum,LUB,2026-03-11,130026,FIN-002
INV-20750,DISP-00939,OMC-010,Tamoil,HFO,2025-12-20,272897,FIN-001
INV-15631,DISP-05221,OMC-018,Uganda National Oil,HFO,2025-01-25,22525,FIN-005
INV-92451,DISP-09900,OMC-011,Hass Petroleum,DPK,2025-06-11,44149,FIN-004
INV-52478,DISP-01521,OMC-016,KPA Marine,DPK,2025-08-10,21400,FIN-001
INV-18225,DISP-05529,OMC-012,Galana Energies,HFO,2026-03-11,28986,FIN-003
INV-96903,DISP-02527,OMC-001,TotalEnergies Kenya,LPG,2025-02-05,176395,FIN-002
INV-18500,DISP-04478,OMC-012,Galana Energies,DPK,2026-02-24,54476,FIN-005
INV-41585,DISP-01413,OMC-008,National Oil,DPK,2026-05-11,44365,FIN-003
INV-41695,DISP-09455,OMC-011,Hass Petroleum,LPG,2025-02-24,118313,FIN-005
INV-46494,DISP-05355,OMC-014,Texol Energies,LUB,2026-04-15,39988,FIN-005
INV-37059,DISP-01020,OMC-017,KAA Aviation,DPK,2025-06-04,257856,FIN-001
INV-10061,DISP-00491,OMC-020,Ethiopian Oil,PMS,2026-04-04,171303,FIN-004
INV-90436,DISP-03580,OMC-006,Hashi Energy,LPG,2025-11-09,288320,FIN-004
INV-85177,DISP-03769,OMC-019,Tanzania Petroleum,DPK,2025-09-27,260814,FIN-002
INV-63824,DISP-02463,OMC-013,Lake Oil,LPG,2026-02-23,266444,FIN-003
INV-67398,DISP-07048,OMC-013,Lake Oil,HFO,20/09/2025,140605,FIN-004
INV-57525,DISP-03749,OMC-019,Tanzania Petroleum,AGO,2025-05-24,263423,FIN-002
INV-54436,DISP-09155,OMC-006,Hashi Energy,PMS,2025-07-11,36313,FIN-003
INV-31166,DISP-09003,OMC-019,Tanzania Petroleum,PMS,2025-10-15,188874,FIN-001
INV-28475,DISP-01173,OMC-014,Texol Energies,DPK,2026-07-02,206290,FIN-005
INV-45034,DISP-02742,OMC-014,Texol Energies,AGO,2025-10-04,188141,FIN-004
INV-54008,DISP-01988,OMC-005,PetroOil Kenya,PMS,2026-04-05,220897,FIN-001
INV-13748,DISP-01930,OMC-020,Ethiopian Oil,AGO,2026-02-23,108282,FIN-003
INV-44493,DISP-01044,OMC-015,Mombasa Petroleum,DPK,2025-02-18,178996,FIN-001
INV-83365,DISP-01594,OMC-011,Hass Petroleum,LUB,2025-09-03,207387,FIN-003
INV-75010,DISP-01481,OMC-013,Lake Oil,PMS,2026-02-27,175441,FIN-001
INV-41491,DISP-09412,OMC-020,Ethiopian Oil,LPG,2026-05-14,57460,FIN-003
INV-92008,DISP-06405,OMC-002,Vivo Energy,DPK,2026-03-17,22387,FIN-002
INV-22209,DISP-07812,OMC-007,Kobil,PMS,2025-08-14,103623,FIN-005
INV-46171,DISP-01961,OMC-005,PetroOil Kenya,LPG,2026-02-18,19903,FIN-003
INV-67863,DISP-03508,OMC-019,Tanzania Petroleum,AGO,2026-01-27,285523,FIN-005
INV-84012,DISP-04819,OMC-005,PetroOil Kenya,LUB,2026-04-02,74835,FIN-004
INV-95357,DISP-07562,OMC-017,KAA Aviation,LPG,2026-04-07,39912,FIN-002
INV-72866,DISP-01740,OMC-017,KAA Aviation,LUB,2025-02-27,47315,FIN-004
INV-83021,DISP-04006,OMC-020,Ethiopian Oil,LPG,2025-01-23,250167,FIN-003
INV-97775,DISP-04082,OMC-003,Rubis Energy,HFO,2026-07-05,28998,FIN-004
INV-34426,DISP-05276,OMC-005,PetroOil Kenya,AGO,2026-04-12,111770,FIN-005
INV-25685,DISP-04372,OMC-008,National Oil,PMS,2026-06-14,23013,FIN-004
INV-98950,DISP-00928,OMC-003,Rubis Energy,DPK,2025-10-18,31898,FIN-004
INV-27402,DISP-02859,OMC-018,Uganda National Oil,DPK,2026-01-12,44269,FIN-003
INV-82935,DISP-03642,OMC-003,Rubis Energy,LPG,,36751,FIN-001
INV-19132,DISP-09233,OMC-017,KAA Aviation,PMS,2025-05-04,125251,FIN-002
INV-22982,DISP-07828,OMC-019,Tanzania Petroleum,PMS,2025-04-12,196906,FIN-004
INV-96691,DISP-06205,OMC-001,TotalEnergies Kenya,LPG,2025-07-07,222469,FIN-005
INV-66766,DISP-01981,OMC-019,Tanzania Petroleum,HFO,2025-02-26,57851,FIN-003
INV-50481,DISP-03049,OMC-012,Galana Energies,LUB,2026-03-01,36321,FIN-001
INV-75395,DISP-06816,OMC-019,Tanzania Petroleum,HFO,2025-11-01,150464,FIN-001
INV-64681,DISP-01002,OMC-003,Rubis Energy,HFO,2025-10-06,190073,FIN-001
INV-60303,DISP-06977,OMC-020,Ethiopian Oil,PMS,2025-09-21,256918,FIN-004
INV-44644,DISP-07291,OMC-011,Hass Petroleum,PMS,2026-01-08,139647,FIN-003
INV-76480,DISP-05382,OMC-019,Tanzania Petroleum,HFO,2026-02-17,191398,FIN-001
INV-37299,DISP-00677,OMC-012,Galana Energies,HFO,2026-03-31,179995,FIN-005
INV-72658,DISP-00379,OMC-002,Vivo Energy,LPG,2025-06-26,142313,FIN-002
INV-40633,DISP-08411,OMC-014,Texol Energies,HFO,2025-03-30,22004,FIN-002
INV-52398,DISP-09522,OMC-012,Galana Energies,JETA1,2026-02-08,282635,FIN-002
INV-65293,DISP-02570,OMC-016,KPA Marine,LUB,2025-09-22,137753,FIN-005
INV-39176,DISP-01362,OMC-006,Hashi Energy,PMS,2025-06-21,189300,FIN-003
INV-56329,DISP-01317,OMC-002,Vivo Energy,AGO,2025-12-22,58382,FIN-005
INV-85742,DISP-07281,OMC-017,KAA Aviation,DPK,2026-04-06,213900,FIN-005
INV-43603,DISP-08642,OMC-003,Rubis Energy,DPK,2025-11-24,58518,FIN-002
INV-91648,DISP-05227,OMC-017,KAA Aviation,AGO,2025-12-08,44783,FIN-003
INV-58265,DISP-01235,OMC-009,Dalbit Petroleum,PMS,2025-05-16,220550,FIN-002
INV-20064,DISP-05556,OMC-003,Rubis Energy,PMS,2025-08-20,183997,FIN-003
INV-64968,DISP-06384,OMC-010,Tamoil,AGO,2026-02-17,25891,FIN-004
INV-34185,DISP-07849,OMC-011,Hass Petroleum,DPK,2025-12-14,42250,FIN-005
INV-52042,DISP-03944,OMC-015,Mombasa Petroleum,LPG,2025-02-04,179451,FIN-005
INV-98642,DISP-09081,OMC-014,Texol Energies,DPK,2025-06-01,34306,FIN-004
INV-64995,DISP-08478,OMC-009,Dalbit Petroleum,DPK,2026-04-29,233562,FIN-004
INV-62241,DISP-06931,OMC-014,Texol Energies,LUB,2026-05-04,144741,FIN-001
INV-46865,DISP-04496,OMC-014,Texol Energies,HFO,2025-04-10,202439,FIN-005
INV-49178,DISP-06868,OMC-001,TotalEnergies Kenya,DPK,2026-01-22,128110,FIN-001
INV-19174,DISP-09924,OMC-015,Mombasa Petroleum,JETA1,2025-12-25,274491,FIN-002
INV-98202,DISP-08978,OMC-017,KAA Aviation,LUB,2025-09-25,31247,FIN-002
INV-31312,DISP-08292,OMC-018,Uganda National Oil,LPG,2026-04-24,43904,FIN-002
INV-36356,DISP-05073,OMC-014,Texol Energies,AGO,16/06/2025,118801,FIN-005
INV-74141,DISP-01163,OMC-003,Rubis Energy,JETA1,2025-07-02,61987,FIN-005
INV-84264,DISP-06048,OMC-007,Kobil,LUB,2025-09-17,61335,FIN-005
INV-69420,DISP-07436,OMC-009,Dalbit Petroleum,DPK,2025-04-05,170298,FIN-002
INV-96840,DISP-03582,OMC-014,Texol Energies,LUB,2026-06-27,56325,FIN-001
INV-13744,DISP-00218,OMC-012,Galana Energies,HFO,2026-03-26,191441,FIN-003
INV-56879,DISP-00687,OMC-002,Vivo Energy,LUB,2026-05-18,24662,FIN-005
INV-89802,DISP-09665,OMC-017,KAA Aviation,AGO,25/05/2025,25665,FIN-001
INV-23363,DISP-06647,OMC-003,Rubis Energy,LUB,2026-05-09,114452,FIN-002
INV-88033,DISP-06105,OMC-005,PetroOil Kenya,LPG,2026-04-16,41093,FIN-002
INV-86069,DISP-09944,OMC-009,Dalbit Petroleum,DPK,2026-07-02,64170,FIN-002
INV-84865,DISP-06461,OMC-002,Vivo Energy,DPK,2025-07-06,121833,FIN-002
INV-91756,DISP-01165,OMC-018,Uganda National Oil,AGO,2025-12-30,88491,FIN-004
INV-50861,DISP-03140,OMC-015,Mombasa Petroleum,DPK,2026-05-03,198727,FIN-002
INV-26148,DISP-03315,OMC-006,Hashi Energy,HFO,2025-05-30,141448,FIN-003
INV-91322,DISP-07738,OMC-015,Mombasa Petroleum,DPK,2026-05-03," KES 239,626 ",FIN-002
INV-48224,DISP-09037,OMC-010,Tamoil,LPG,2025-06-06,35659,FIN-003
INV-23119,DISP-03932,OMC-020,Ethiopian Oil,LPG,03/07/2025,118997,FIN-002
INV-61031,DISP-00685,OMC-013,Lake Oil,HFO,2026-03-09," KES 194,123 ",FIN-004
INV-16832,DISP-04725,OMC-020,Ethiopian Oil,HFO,2025-09-17,258009,FIN-001
INV-85380,DISP-06067,OMC-011,Hass Petroleum,PMS,2025-12-30,166343,FIN-001
INV-79000,DISP-03459,OMC-002,Vivo Energy,AGO,26/09/2025,220712,FIN-003
INV-53780,DISP-06546,OMC-019,Tanzania Petroleum,DPK,2025-03-06,24646,FIN-001
INV-58432,DISP-06359,OMC-001,TotalEnergies Kenya,PMS,17/07/2025,44829,FIN-001
INV-12769,DISP-03717,OMC-011,Hass Petroleum,AGO,2026-02-17,221922,FIN-002
INV-80526,DISP-08998,OMC-012,Galana Energies,AGO,2026-05-01,268077,FIN-001
INV-91961,DISP-05375,OMC-020,Ethiopian Oil,HFO,2026-05-27,180024,FIN-005
INV-47018,DISP-06534,OMC-020,Ethiopian Oil,AGO,2025-08-27,180012,FIN-002
INV-29861,DISP-07842,OMC-014,Texol Energies,LUB,2025-11-16," KES 114,209 ",FIN-002
INV-59543,DISP-05906,OMC-018,Uganda National Oil,LPG,2025-07-24," KES 262,555 ",FIN-001
INV-65561,DISP-00540,OMC-012,Galana Energies,LUB,2026-04-15,172320,FIN-004
INV-31876,DISP-07371,OMC-013,Lake Oil,LUB,2025-10-12," KES 235,998 ",FIN-001
INV-87185,DISP-07207,OMC-015,Mombasa Petroleum,HFO,2026-04-27,32770,FIN-001
INV-45635,DISP-04209,OMC-009,Dalbit Petroleum,HFO,2025-10-08,140153,FIN-005
INV-69945,DISP-06673,OMC-002,Vivo Energy,LUB,2025-04-26,96660,FIN-005
INV-67589,DISP-08042,OMC-019,Tanzania Petroleum,LUB,2026-06-01,138075,FIN-005
INV-59642,DISP-08503,OMC-020,Ethiopian Oil,LUB,2025-01-16,22263,FIN-001
INV-29895,DISP-09404,OMC-011,Hass Petroleum,HFO,2025-12-05,118583,FIN-001
INV-44415,DISP-09997,OMC-014,Texol Energies,AGO,2025-04-08,169945,FIN-003
INV-69064,DISP-04894,OMC-015,Mombasa Petroleum,JETA1,2025-12-25,198338,FIN-005
INV-15775,DISP-00683,OMC-010,Tamoil,HFO,2025-12-10,27351,FIN-004
INV-64446,DISP-09524,OMC-020,Ethiopian Oil,LUB,,86219,FIN-002
INV-67144,DISP-03114,OMC-001,TotalEnergies Kenya,AGO,2026-06-24,244064,FIN-004
INV-82134,DISP-06295,OMC-007,Kobil,DPK,2025-11-30,205213,FIN-004
INV-33211,DISP-02398,OMC-004,Gulf Energy,PMS,2026-02-18,42938,FIN-001
INV-48028,DISP-09921,OMC-016,KPA Marine,AGO,2026-01-14,30273,FIN-002
INV-98940,DISP-02560,OMC-011,Hass Petroleum,PMS,2025-09-17,115774,FIN-005
INV-86212,DISP-03456,OMC-010,Tamoil,JETA1,,152407,FIN-002
INV-74273,DISP-05745,OMC-010,Tamoil,HFO,2025-12-19,29380,FIN-002
INV-80832,DISP-02415,OMC-011,Hass Petroleum,LUB,2026-05-03,153779,FIN-001
INV-15971,DISP-07290,OMC-015,Mombasa Petroleum,LUB,2025-09-11,226973,FIN-005
INV-61834,DISP-02778,OMC-011,Hass Petroleum,JETA1,2025-02-28,57448,FIN-001
INV-93124,DISP-03475,OMC-004,Gulf Energy,LUB,2026-03-10,49613,FIN-004
INV-90855,DISP-00368,OMC-001,TotalEnergies Kenya,HFO,,136116,FIN-005
INV-73794,DISP-03909,OMC-016,KPA Marine,AGO,2025-10-17,166433,FIN-003
INV-98496,DISP-08500,OMC-010,Tamoil,LPG,2025-08-01,61476,FIN-001
INV-40650,DISP-02125,OMC-020,Ethiopian Oil,HFO,2025-08-16,242392,FIN-003
INV-23151,DISP-00419,OMC-015,Mombasa Petroleum,HFO,2025-10-26,27650,FIN-002
INV-27208,DISP-01266,OMC-019,Tanzania Petroleum,LPG,16/12/2025," KES 138,752 ",FIN-002
INV-14679,DISP-09990,OMC-002,Vivo Energy,PMS,2025-08-26,99056,FIN-002
INV-52473,DISP-07042,OMC-006,Hashi Energy,DPK,2025-05-12,129027,FIN-003
INV-77560,DISP-08351,OMC-013,Lake Oil,JETA1,2025-01-29,35956,FIN-005
INV-46326,DISP-00354,OMC-016,KPA Marine,JETA1,2026-05-02,287391,FIN-005
INV-33064,DISP-05198,OMC-008,National Oil,HFO,2025-07-15,124171,FIN-005
INV-62846,DISP-01688,OMC-014,Texol Energies,AGO,2026-06-25,269955,FIN-001
INV-67472,DISP-04837,OMC-010,Tamoil,LUB,2025-02-20,38382,FIN-001
INV-82680,DISP-05195,OMC-004,Gulf Energy,DPK,2026-04-10,49484,FIN-003
INV-19888,DISP-09908,OMC-006,Hashi Energy,JETA1,2025-02-24,162395,FIN-001
INV-37667,DISP-07852,OMC-020,Ethiopian Oil,JETA1,2026-04-09,242831,FIN-005
INV-37436,DISP-09552,OMC-014,Texol Energies,DPK,2025-08-29,211590,FIN-004
INV-50872,DISP-05952,OMC-020,Ethiopian Oil,DPK,2025-05-03,101609,FIN-003
INV-66566,DISP-09772,OMC-007,Kobil,HFO,2025-11-25,89642,FIN-005
INV-22470,DISP-08890,OMC-015,Mombasa Petroleum,AGO,2025-09-21," KES 160,378 ",FIN-001
INV-84446,DISP-09834,OMC-018,Uganda National Oil,LPG,2026-03-14,52177,FIN-003
INV-60252,DISP-00492,OMC-018,Uganda National Oil,PMS,2025-11-17,212688,FIN-002
INV-63217,DISP-02783,OMC-005,PetroOil Kenya,AGO,2026-03-27,157551,FIN-004
INV-47748,DISP-07454,OMC-001,TotalEnergies Kenya,DPK,2025-08-25,107708,FIN-005
INV-82023,DISP-04947,OMC-001,TotalEnergies Kenya,DPK,2025-08-18,117620,FIN-004
INV-86108,DISP-00988,OMC-012,Galana Energies,AGO,2026-05-04,116036,FIN-004
INV-15550,DISP-03542,OMC-017,KAA Aviation,AGO,2025-07-24,197294,FIN-002
INV-11655,DISP-08569,OMC-004,Gulf Energy,PMS,2026-02-06,285681,FIN-005
INV-10198,DISP-06972,OMC-014,Texol Energies,LPG,2025-02-22,61784,FIN-003
INV-75085,DISP-08799,OMC-014,Texol Energies,PMS,2025-04-20,43524,FIN-004
INV-83172,DISP-06587,OMC-018,Uganda National Oil,HFO,2026-06-05,113194,FIN-001
INV-68413,DISP-02177,OMC-019,Tanzania Petroleum,LPG,,172253,FIN-001
INV-90775,DISP-05253,OMC-016,KPA Marine,JETA1,2026-05-09,251966,FIN-005
INV-67195,DISP-09235,OMC-020,Ethiopian Oil,LPG,2025-11-22,104217,FIN-004
INV-64354,DISP-06799,OMC-011,Hass Petroleum,DPK,2025-05-09,178375,FIN-004
INV-50542,DISP-07348,OMC-017,KAA Aviation,LUB,2025-02-24,97080,FIN-002
INV-57564,DISP-00907,OMC-013,Lake Oil,AGO,2026-03-07,168443,FIN-002
INV-89516,DISP-05409,OMC-003,Rubis Energy,LPG,2025-03-27,94950,FIN-003
INV-14629,DISP-01791,OMC-010,Tamoil,AGO,2025-04-07,34881,FIN-005
INV-95935,DISP-04484,OMC-016,KPA Marine,LPG,2025-10-12,117210,FIN-002
INV-82557,DISP-05463,OMC-002,Vivo Energy,AGO,2025-11-26,86642,FIN-001
INV-95383,DISP-02951,OMC-008,National Oil,DPK,2026-04-06,196822,FIN-005
INV-25768,DISP-09314,OMC-010,Tamoil,LUB,2025-01-10,194252,FIN-003
INV-10442,DISP-07973,OMC-008,National Oil,AGO,2025-07-10,134955,FIN-005
INV-97346,DISP-07563,OMC-020,Ethiopian Oil,JETA1,2026-05-22,204185,FIN-001
INV-92782,DISP-03359,OMC-008,National Oil,LUB,2025-08-02,223738,FIN-005
INV-61922,DISP-03780,OMC-016,KPA Marine,LPG,2026-05-05,48870,FIN-003
INV-97008,DISP-01211,OMC-013,Lake Oil,HFO,2025-07-15," KES 47,481 ",FIN-001
INV-66953,DISP-09224,OMC-004,Gulf Energy,HFO,2026-02-05,166554,FIN-001
INV-27997,DISP-08495,OMC-005,PetroOil Kenya,DPK,2026-03-30,26688,FIN-001
INV-36094,DISP-03162,OMC-002,Vivo Energy,DPK,2025-07-22,42781,FIN-001
INV-73622,DISP-07056,OMC-014,Texol Energies,JETA1,2025-01-07,41627,FIN-002
INV-80209,DISP-00025,OMC-010,Tamoil,JETA1,2025-08-20,265673,FIN-005
INV-11710,DISP-08760,OMC-013,Lake Oil,PMS,2025-05-09,191296,FIN-005
INV-75174,DISP-09547,OMC-014,Texol Energies,LPG,2025-02-08,20057,FIN-005
INV-73762,DISP-02784,OMC-020,Ethiopian Oil,JETA1,2025-02-22,39661,FIN-004
INV-41129,DISP-09923,OMC-010,Tamoil,AGO,16/11/2025,255476,FIN-002
INV-32358,DISP-02865,OMC-010,Tamoil,LPG,2026-04-02,112300,FIN-001
INV-81074,DISP-05482,OMC-019,Tanzania Petroleum,AGO,2026-03-11,60986,FIN-003
INV-75038,DISP-06726,OMC-013,Lake Oil,HFO,2025-04-25," KES 170,209 ",FIN-004
INV-53281,DISP-06045,OMC-013,Lake Oil,LUB,2025-09-13,125692,FIN-003
INV-70051,DISP-02722,OMC-003,Rubis Energy,LUB,2026-03-25,48943,FIN-004
INV-11971,DISP-02998,OMC-012,Galana Energies,LUB,2026-05-01,237603,FIN-003
INV-22552,DISP-07338,OMC-019,Tanzania Petroleum,JETA1,2026-04-25,105514,FIN-003
INV-11509,DISP-01890,OMC-011,Hass Petroleum,AGO,2026-03-11,105598,FIN-002
INV-40861,DISP-00689,OMC-010,Tamoil,AGO,20/11/2025,30944,FIN-003
INV-37457,DISP-01372,OMC-001,TotalEnergies Kenya,LPG,2025-06-29,56790,FIN-005
INV-32598,DISP-05449,OMC-001,TotalEnergies Kenya,JETA1,2026-01-31,79896,FIN-004
INV-16177,DISP-09654,OMC-004,Gulf Energy,LPG,2026-02-18,58268,FIN-005
INV-71553,DISP-03689,OMC-014,Texol Energies,JETA1,2025-09-26,22302,FIN-003
INV-62196,DISP-07249,OMC-019,Tanzania Petroleum,HFO,2025-12-22,45499,FIN-003
INV-50419,DISP-09765,OMC-014,Texol Energies,DPK,25/12/2025,169962,FIN-002
INV-34966,DISP-00283,OMC-009,Dalbit Petroleum,JETA1,2026-03-12,51158,FIN-002
INV-50379,DISP-01116,OMC-020,Ethiopian Oil,LPG,28/07/2025,197831,FIN-004
INV-15005,DISP-05742,OMC-010,Tamoil,PMS,2025-08-30,46951,FIN-005
INV-49365,DISP-08081,OMC-020,Ethiopian Oil,AGO,2026-02-05,42358,FIN-004
INV-60477,DISP-01403,OMC-013,Lake Oil,HFO,,189829,FIN-001
INV-53804,DISP-02273,OMC-005,PetroOil Kenya,DPK,2026-03-18,199724,FIN-003
INV-31344,DISP-06662,OMC-003,Rubis Energy,DPK,2026-04-17,51030,FIN-004
INV-95547,DISP-01779,OMC-011,Hass Petroleum,AGO,2025-03-25,234033,FIN-003
INV-90891,DISP-01711,OMC-006,Hashi Energy,HFO,22/01/2025,138615,FIN-005
INV-25395,DISP-06760,OMC-004,Gulf Energy,HFO,2026-04-14,183028,FIN-001
INV-46835,DISP-02321,OMC-015,Mombasa Petroleum,DPK,2026-03-01,160582,FIN-004
INV-47399,DISP-02738,OMC-005,PetroOil Kenya,DPK,2026-03-10,299919,FIN-002
INV-67682,DISP-06253,OMC-012,Galana Energies,HFO,2026-02-27,151130,FIN-005
INV-67116,DISP-03497,OMC-014,Texol Energies,HFO,2025-07-26,104302,FIN-004
INV-45374,DISP-01180,OMC-002,Vivo Energy,PMS,2026-03-30,63306,FIN-004
INV-58583,DISP-01974,OMC-017,KAA Aviation,PMS,2026-04-23,30125,FIN-002
INV-38665,DISP-04228,OMC-005,PetroOil Kenya,AGO,2026-03-11,59805,FIN-003
INV-70659,DISP-03217,OMC-003,Rubis Energy,AGO,2026-06-14,52394,FIN-002
INV-18505,DISP-08473,OMC-011,Hass Petroleum,HFO,2026-06-27,30310,FIN-005
INV-58081,DISP-07980,OMC-007,Kobil,JETA1,2025-07-21," KES 31,030 ",FIN-003
INV-56086,DISP-01161,OMC-010,Tamoil,JETA1,2025-07-08,52731,FIN-001
INV-64625,DISP-03748,OMC-012,Galana Energies,LUB,2026-05-01,164190,FIN-003
INV-29289,DISP-08096,OMC-007,Kobil,PMS,2025-04-13,200972,FIN-001
INV-83526,DISP-09764,OMC-008,National Oil,LPG,,26668,FIN-003
INV-43464,DISP-02246,OMC-003,Rubis Energy,HFO,2025-07-26,27079,FIN-002
INV-45466,DISP-09980,OMC-010,Tamoil,HFO,2025-07-18,138381,FIN-003
INV-82654,DISP-03498,OMC-011,Hass Petroleum,JETA1,2025-07-21,130341,FIN-005
INV-51602,DISP-03947,OMC-013,Lake Oil,LUB,2025-04-09,57712,FIN-003
INV-60503,DISP-04495,OMC-001,TotalEnergies Kenya,JETA1,2026-02-24,56864,FIN-003
INV-73877,DISP-09574,OMC-013,Lake Oil,LUB,2025-03-18," KES 40,322 ",FIN-002
INV-41019,DISP-02511,OMC-013,Lake Oil,LUB,2025-08-09,154860,FIN-003
INV-44668,DISP-04051,OMC-012,Galana Energies,AGO,2026-03-25,74470,FIN-002
INV-95830,DISP-08703,OMC-017,KAA Aviation,HFO,15/11/2025,268584,FIN-001
INV-24363,DISP-03124,OMC-018,Uganda National Oil,PMS,2026-05-07,31226,FIN-005
INV-88438,DISP-00814,OMC-010,Tamoil,LUB,2025-04-11,53648,FIN-003
INV-98836,DISP-08992,OMC-009,Dalbit Petroleum,LUB,,98182,FIN-004
INV-92797,DISP-09545,OMC-002,Vivo Energy,JETA1,2026-01-21,158542,FIN-003
INV-38701,DISP-03042,OMC-012,Galana Energies,DPK,2026-04-17,264472,FIN-003
INV-90708,DISP-04734,OMC-011,Hass Petroleum,DPK,2025-11-16,101494,FIN-003
INV-71412,DISP-02372,OMC-015,Mombasa Petroleum,HFO,2025-04-27,43255,FIN-003
INV-99913,DISP-08661,OMC-009,Dalbit Petroleum,LPG,04/04/2025,82192,FIN-001
INV-10240,DISP-08769,OMC-015,Mombasa Petroleum,JETA1,2026-06-28,170480,FIN-004
INV-93961,DISP-02201,OMC-006,Hashi Energy,DPK,2026-04-09,57804,FIN-001
INV-76512,DISP-06736,OMC-004,Gulf Energy,AGO,2026-05-02,303479,FIN-001
INV-51443,DISP-08761,OMC-005,PetroOil Kenya,AGO,2026-03-31,39661,FIN-003
INV-56155,DISP-06554,OMC-018,Uganda National Oil,DPK,2026-06-10,186469,FIN-002
INV-12749,DISP-06597,OMC-020,Ethiopian Oil,AGO,2025-06-06,27454,FIN-002
INV-39396,DISP-03458,OMC-012,Galana Energies,LUB,2026-03-16,37559,FIN-004
INV-23186,DISP-07163,OMC-014,Texol Energies,PMS,2025-10-10,80941,FIN-005
INV-14633,DISP-00128,OMC-019,Tanzania Petroleum,JETA1,2025-07-19,28718,FIN-003
INV-82483,DISP-05922,OMC-009,Dalbit Petroleum,AGO,2025-10-12,22432,FIN-003
INV-95167,DISP-01901,OMC-004,Gulf Energy,LPG,2026-03-31,136216,FIN-001
INV-40474,DISP-06949,OMC-007,Kobil,PMS,2025-08-22,104909,FIN-002
INV-85717,DISP-06509,OMC-013,Lake Oil,HFO,2026-04-14,49013,FIN-002
INV-11509,DISP-09143,OMC-004,Gulf Energy,AGO,2026-04-15,97557,FIN-005
INV-31053,DISP-04990,OMC-015,Mombasa Petroleum,DPK,2025-07-18,50491,FIN-002
INV-39406,DISP-01523,OMC-019,Tanzania Petroleum,AGO,,52851,FIN-001
INV-23224,DISP-01175,OMC-005,PetroOil Kenya,JETA1,2026-02-18,78898,FIN-002
INV-79799,DISP-06974,OMC-008,National Oil,HFO,2025-05-13,30369,FIN-005
INV-29949,DISP-08482,OMC-011,Hass Petroleum,HFO,2025-07-31,30808,FIN-004
INV-35723,DISP-04384,OMC-006,Hashi Energy,HFO,2025-03-31,126576,FIN-004
INV-70056,DISP-01772,OMC-009,Dalbit Petroleum,JETA1,2026-01-05,38032,FIN-003
INV-59991,DISP-08363,OMC-011,Hass Petroleum,PMS,2025-04-18,169747,FIN-002
INV-66187,DISP-07751,OMC-018,Uganda National Oil,JETA1,2025-01-31,219848,FIN-003
INV-80950,DISP-00732,OMC-003,Rubis Energy,DPK,2025-06-06,125934,FIN-002
INV-28215,DISP-04265,OMC-015,Mombasa Petroleum,LUB,2025-08-07,170490,FIN-002
INV-85780,DISP-02521,OMC-002,Vivo Energy,LUB,2026-06-12,199612,FIN-005
INV-85837,DISP-05135,OMC-004,Gulf Energy,HFO,2026-03-07,286600,FIN-002
INV-25782,DISP-05804,OMC-003,Rubis Energy,JETA1,2025-10-19,110467,FIN-004
INV-95542,DISP-02761,OMC-009,Dalbit Petroleum,LUB,2025-05-28,40855,FIN-003
INV-54964,DISP-03637,OMC-011,Hass Petroleum,DPK,10/05/2025,35553,FIN-004
INV-90217,DISP-04322,OMC-003,Rubis Energy,LUB,2026-05-05,261088,FIN-001
INV-85341,DISP-06022,OMC-018,Uganda National Oil,LUB,2026-02-19,122478,FIN-002
INV-48449,DISP-02124,OMC-003,Rubis Energy,LUB,2025-06-25,44159,FIN-001
INV-52437,DISP-09713,OMC-010,Tamoil,LUB,2025-02-12,205067,FIN-001
INV-78937,DISP-04678,OMC-019,Tanzania Petroleum,HFO,2025-05-17,145048,FIN-002
INV-32387,DISP-02283,OMC-011,Hass Petroleum,HFO,2025-05-30,135431,FIN-004
INV-29294,DISP-02250,OMC-019,Tanzania Petroleum,JETA1,2025-08-20,183902,FIN-005
INV-31219,DISP-04176,OMC-018,Uganda National Oil,LPG,2026-06-16,35675,FIN-005
INV-23296,DISP-08859,OMC-016,KPA Marine,JETA1,2026-05-27,136681,FIN-005
INV-13867,DISP-08104,OMC-009,Dalbit Petroleum,AGO,2025-07-01,38100,FIN-001
INV-31709,DISP-06566,OMC-019,Tanzania Petroleum,AGO,2025-05-17,99091,FIN-004
INV-73736,DISP-02945,OMC-007,Kobil,AGO,2025-05-16,107062,FIN-003
INV-44372,DISP-01159,OMC-008,National Oil,LUB,2025-07-20,103769,FIN-005
INV-98542,DISP-04984,OMC-010,Tamoil,JETA1,2026-02-25,232409,FIN-005
INV-21411,DISP-09767,OMC-001,TotalEnergies Kenya,LUB,2026-02-27,23327,FIN-002
INV-70783,DISP-03267,OMC-006,Hashi Energy,PMS,2025-02-04,51133,FIN-002
INV-26175,DISP-09966,OMC-016,KPA Marine,PMS,2026-03-28,77055,FIN-005
INV-69377,DISP-04604,OMC-016,KPA Marine,PMS,2025-03-12,43651,FIN-003
INV-89200,DISP-03075,OMC-016,KPA Marine,PMS,2025-03-16,111725,FIN-004
INV-63910,DISP-09799,OMC-010,Tamoil,AGO,2026-01-02,47245,FIN-002
INV-18017,DISP-02106,OMC-014,Texol Energies,HFO,2026-02-11,35218,FIN-002
INV-99950,DISP-07719,OMC-003,Rubis Energy,DPK,2025-07-03," KES 34,926 ",FIN-004
INV-53656,DISP-03189,OMC-019,Tanzania Petroleum,AGO,2026-02-22,64778,FIN-002
INV-29273,DISP-05491,OMC-019,Tanzania Petroleum,HFO,2025-12-01,100113,FIN-005
INV-10752,DISP-01649,OMC-019,Tanzania Petroleum,LUB,2026-03-19,22827,FIN-004
INV-67801,DISP-01903,OMC-017,KAA Aviation,DPK,2025-02-14,222347,FIN-004
INV-79119,DISP-02640,OMC-001,TotalEnergies Kenya,PMS,2026-06-05,58201,FIN-003
INV-12476,DISP-05305,OMC-012,Galana Energies,HFO,2026-04-22," KES 163,698 ",FIN-002
INV-50611,DISP-06311,OMC-008,National Oil,PMS,2026-01-17,50537,FIN-003
INV-97644,DISP-03139,OMC-008,National Oil,DPK,2025-09-08,165717,FIN-004
INV-41462,DISP-01657,OMC-003,Rubis Energy,DPK,2025-08-06,251205,FIN-003
INV-62612,DISP-02648,OMC-010,Tamoil,HFO,2025-06-10,26915,FIN-003
INV-71739,DISP-04926,OMC-006,Hashi Energy,PMS,2025-10-06,150383,FIN-005
INV-71260,DISP-00915,OMC-017,KAA Aviation,DPK,2026-06-02,101570,FIN-003
INV-92467,DISP-08302,OMC-014,Texol Energies,LUB,2026-01-31,55468,FIN-002
INV-40290,DISP-08419,OMC-010,Tamoil,AGO,2025-05-05,156498,FIN-002
INV-41050,DISP-00721,OMC-006,Hashi Energy,LPG,2025-09-25,26224,FIN-003
INV-39152,DISP-07041,OMC-001,TotalEnergies Kenya,AGO,2026-07-04,62210,FIN-005
INV-94173,DISP-00432,OMC-004,Gulf Energy,LPG,2026-04-15,181499,FIN-005
INV-45509,DISP-03814,OMC-008,National Oil,PMS,2025-01-31," KES 164,528 ",FIN-003
INV-18418,DISP-09911,OMC-020,Ethiopian Oil,AGO,2026-04-17,92162,FIN-001
INV-24105,DISP-02566,OMC-011,Hass Petroleum,AGO,2025-03-25,24124,FIN-002
INV-75799,DISP-06291,OMC-016,KPA Marine,LPG,2025-01-06,23733,FIN-005
INV-67461,DISP-00574,OMC-011,Hass Petroleum,PMS,2026-01-29,60235,FIN-002
INV-39472,DISP-08847,OMC-008,National Oil,HFO,2025-05-30,35705,FIN-002
INV-12942,DISP-03949,OMC-001,TotalEnergies Kenya,AGO,2025-10-09,130060,FIN-001
INV-63582,DISP-06589,OMC-007,Kobil,PMS,2025-01-05," KES 42,153 ",FIN-001
INV-62549,DISP-09076,OMC-016,KPA Marine,JETA1,2026-05-25," KES 51,035 ",FIN-003
INV-21499,DISP-06997,OMC-006,Hashi Energy,JETA1,2025-03-31,140080,FIN-004
INV-78661,DISP-05856,OMC-001,TotalEnergies Kenya,HFO,2025-01-14,148599,FIN-004
INV-60658,DISP-08842,OMC-012,Galana Energies,AGO,2026-02-21,38640,FIN-005
INV-52790,DISP-05657,OMC-012,Galana Energies,HFO,2026-02-12,215225,FIN-001
INV-92170,DISP-09416,OMC-006,Hashi Energy,LUB,2025-07-09,194345,FIN-002
INV-59862,DISP-06087,OMC-017,KAA Aviation,HFO,2025-08-14,109693,FIN-003
INV-81496,DISP-06523,OMC-005,PetroOil Kenya,AGO,2026-03-05,104149,FIN-001
INV-40912,DISP-05786,OMC-009,Dalbit Petroleum,HFO,2025-03-20," KES 185,578 ",FIN-003
INV-86699,DISP-03246,OMC-018,Uganda National Oil,LPG,2025-11-12,150561,FIN-002
INV-22016,DISP-03077,OMC-015,Mombasa Petroleum,LUB,2026-01-28,23377,FIN-003
INV-93092,DISP-05489,OMC-019,Tanzania Petroleum,JETA1,2025-04-06,54672,FIN-002
INV-84530,DISP-07585,OMC-019,Tanzania Petroleum,LUB,2025-07-04," KES 42,086 ",FIN-005
INV-80841,DISP-08365,OMC-010,Tamoil,JETA1,14/02/2026,60692,FIN-003
INV-29781,DISP-05934,OMC-017,KAA Aviation,LUB,2025-09-25,29387,FIN-005
INV-40464,DISP-09988,OMC-013,Lake Oil,HFO,2025-01-31,209001,FIN-005
INV-92267,DISP-00881,OMC-002,Vivo Energy,PMS,2026-06-03,35590,FIN-002
INV-69843,DISP-08409,OMC-006,Hashi Energy,LUB,2025-11-30,104617,FIN-004
INV-70205,DISP-03424,OMC-014,Texol Energies,DPK,2025-09-14,56987,FIN-005
INV-10978,DISP-02164,OMC-015,Mombasa Petroleum,HFO,2025-01-23,37783,FIN-002
INV-55923,DISP-00097,OMC-017,KAA Aviation,LPG,2026-06-10,285426,FIN-004
INV-95502,DISP-09904,OMC-007,Kobil,DPK,2025-06-03,102558,FIN-001
INV-68633,DISP-01465,OMC-013,Lake Oil,LUB,2026-04-05,55884,FIN-001
INV-38973,DISP-09262,OMC-009,Dalbit Petroleum,PMS,2025-10-11,49563,FIN-001
INV-29851,DISP-00727,OMC-008,National Oil,LPG,15/04/2026,168854,FIN-005
INV-80743,DISP-06164,OMC-012,Galana Energies,LPG,2026-03-15,21960,FIN-004
INV-91885,DISP-04259,OMC-015,Mombasa Petroleum,LUB,2025-10-25,140936,FIN-004
INV-45530,DISP-01870,OMC-018,Uganda National Oil,LPG,2026-07-02,23378,FIN-003
INV-14791,DISP-03185,OMC-015,Mombasa Petroleum,JETA1,2026-04-14,59233,FIN-002
INV-60698,DISP-04794,OMC-017,KAA Aviation,HFO,2025-12-31,217106,FIN-002
INV-25181,DISP-00756,OMC-016,KPA Marine,PMS,2025-01-12,34443,FIN-003
INV-42512,DISP-01527,OMC-016,KPA Marine,AGO,2025-02-04,238117,FIN-001
INV-29461,DISP-06210,OMC-004,Gulf Energy,AGO,2026-04-23,187170,FIN-002
INV-61557,DISP-07755,OMC-013,Lake Oil,AGO,2025-09-08,182176,FIN-004
INV-27997,DISP-08495,OMC-005,PetroOil Kenya,DPK,,26688,FIN-001
INV-48206,DISP-09688,OMC-017,KAA Aviation,PMS,2025-01-11,168423,FIN-003
INV-16182,DISP-04327,OMC-020,Ethiopian Oil,JETA1,2025-05-19,22419,FIN-004
INV-64553,DISP-02063,OMC-017,KAA Aviation,LPG,2025-06-25,126356,FIN-002
INV-87593,DISP-01938,OMC-003,Rubis Energy,LUB,2025-10-01,257884,FIN-001
INV-19207,DISP-01720,OMC-001,TotalEnergies Kenya,AGO,2025-07-08," KES 191,683 ",FIN-003
INV-80296,DISP-05979,OMC-007,Kobil,HFO,2025-12-15,242849,FIN-001
INV-45397,DISP-05878,OMC-015,Mombasa Petroleum,LUB,2026-03-30,23094,FIN-004
INV-31874,DISP-00983,OMC-008,National Oil,DPK,2025-01-24,267238,FIN-004
INV-56431,DISP-03280,OMC-007,Kobil,LPG,2026-05-07,250221,FIN-005
INV-78719,DISP-05435,OMC-020,Ethiopian Oil,AGO,2025-10-31,117161,FIN-002
INV-92531,DISP-05456,OMC-012,Galana Energies,DPK,2026-04-10,149804,FIN-003
INV-30394,DISP-03724,OMC-002,Vivo Energy,AGO,2025-07-14,190137,FIN-003
INV-49398,DISP-08210,OMC-007,Kobil,HFO,2025-04-08,172103,FIN-005
INV-94844,DISP-03316,OMC-016,KPA Marine,LUB,2025-03-28,217001,FIN-001
INV-76183,DISP-01459,OMC-013,Lake Oil,HFO,2025-09-03,185151,FIN-005
INV-71730,DISP-05649,OMC-016,KPA Marine,AGO,2025-05-26,34879,FIN-001
INV-34221,DISP-07572,OMC-001,TotalEnergies Kenya,HFO,12/08/2025,207622,FIN-002
INV-41323,DISP-02458,OMC-002,Vivo Energy,DPK,2025-09-16,51810,FIN-003
INV-79330,DISP-02660,OMC-008,National Oil,HFO,2025-12-18," KES 75,038 ",FIN-003
INV-88622,DISP-06880,OMC-017,KAA Aviation,AGO,2026-06-14,28514,FIN-005
INV-90710,DISP-02965,OMC-001,TotalEnergies Kenya,LUB,30/05/2026,197447,FIN-003
INV-55652,DISP-00674,OMC-007,Kobil,AGO,2026-04-30,262553,FIN-003
INV-99670,DISP-02467,OMC-012,Galana Energies,PMS,,230870,FIN-002
INV-18978,DISP-04402,OMC-004,Gulf Energy,DPK,2026-04-08,163106,FIN-001
INV-24606,DISP-02245,OMC-015,Mombasa Petroleum,HFO,2025-09-06," KES 35,893 ",FIN-001
INV-10477,DISP-00547,OMC-001,TotalEnergies Kenya,PMS,,49312,FIN-005
INV-92783,DISP-05266,OMC-013,Lake Oil,LUB,,51317,FIN-002
INV-24444,DISP-09471,OMC-019,Tanzania Petroleum,JETA1,2025-09-21,48379,FIN-003
INV-33919,DISP-09461,OMC-018,Uganda National Oil,DPK,2025-10-20,170424,FIN-005
INV-94102,DISP-04504,OMC-005,PetroOil Kenya,DPK,2026-04-27,31722,FIN-004
INV-42626,DISP-05800,OMC-002,Vivo Energy,DPK,2026-04-21,61890,FIN-003
INV-49134,DISP-03611,OMC-003,Rubis Energy,AGO,2025-06-10,220528,FIN-001
INV-54121,DISP-07232,OMC-009,Dalbit Petroleum,PMS,2025-12-01,231093,FIN-004
INV-67257,DISP-03327,OMC-015,Mombasa Petroleum,AGO,2025-03-02,61105,FIN-004
INV-68505,DISP-05189,OMC-004,Gulf Energy,LPG,2026-03-12,132929,FIN-002
INV-46877,DISP-04705,OMC-002,Vivo Energy,LPG,2025-02-23,40871,FIN-001
INV-30125,DISP-04130,OMC-018,Uganda National Oil,AGO,2026-06-02,99663,FIN-002
INV-96046,DISP-07566,OMC-002,Vivo Energy,AGO,2025-04-01,31629,FIN-005
INV-39861,DISP-01845,OMC-002,Vivo Energy,AGO,2025-01-15,162652,FIN-005
INV-72782,DISP-04566,OMC-016,KPA Marine,AGO,2026-02-26,27090,FIN-005
INV-37405,DISP-05658,OMC-017,KAA Aviation,AGO,2026-03-03,130221,FIN-001
INV-11319,DISP-06215,OMC-018,Uganda National Oil,AGO,2025-07-17,187395,FIN-005
INV-19804,DISP-02377,OMC-016,KPA Marine,JETA1,2026-04-06,44163,FIN-005
INV-38834,DISP-08324,OMC-009,Dalbit Petroleum,HFO,2026-02-08,166027,FIN-003
INV-75716,DISP-00680,OMC-010,Tamoil,LUB,2025-10-24,28052,FIN-003
INV-59601,DISP-02753,OMC-015,Mombasa Petroleum,LPG,2025-08-13,24862,FIN-003
INV-45861,DISP-07340,OMC-014,Texol Energies,JETA1,23/03/2025,56270,FIN-004
INV-32084,DISP-09031,OMC-004,Gulf Energy,PMS,2026-02-21,140185,FIN-004
INV-24620,DISP-07125,OMC-010,Tamoil,PMS,2025-01-07,117071,FIN-004
INV-35510,DISP-04014,OMC-016,KPA Marine,LPG,2025-06-13,287965,FIN-001
INV-66975,DISP-05597,OMC-009,Dalbit Petroleum,JETA1,2026-01-21,60318,FIN-005
INV-79462,DISP-04188,OMC-001,TotalEnergies Kenya,LPG,2025-09-27,39207,FIN-002
INV-65680,DISP-07919,OMC-001,TotalEnergies Kenya,LPG,26/03/2025,26776,FIN-003
INV-26065,DISP-02531,OMC-014,Texol Energies,AGO,2025-10-26," KES 164,695 ",FIN-001
INV-32440,DISP-09015,OMC-013,Lake Oil,HFO,2025-01-24,239452,FIN-004
INV-94830,DISP-00505,OMC-020,Ethiopian Oil,DPK,2025-09-07,194818,FIN-001
INV-85535,DISP-07976,OMC-008,National Oil,DPK,2025-07-30,31774,FIN-004
INV-97561,DISP-08114,OMC-006,Hashi Energy,JETA1,2025-10-28,181119,FIN-005
INV-45718,DISP-09548,OMC-018,Uganda National Oil,PMS,2026-03-14,174403,FIN-003
INV-73300,DISP-00298,OMC-004,Gulf Energy,DPK,2026-04-03,212954,FIN-005
INV-28082,DISP-03635,OMC-017,KAA Aviation,LUB,2025-08-10,119029,FIN-002
INV-40890,DISP-03430,OMC-011,Hass Petroleum,HFO,2025-05-18,270024,FIN-001
INV-11277,DISP-07108,OMC-007,Kobil,LPG,2025-06-18,63630,FIN-005
INV-59875,DISP-04268,OMC-017,KAA Aviation,AGO,2025-11-24,202763,FIN-001
INV-12036,DISP-05874,OMC-003,Rubis Energy,PMS,2025-04-16,195418,FIN-004
INV-99330,DISP-05295,OMC-003,Rubis Energy,LPG,28/02/2025,38426,FIN-003
INV-21407,DISP-08545,OMC-019,Tanzania Petroleum,AGO,2025-11-06,157191,FIN-002
INV-80376,DISP-09472,OMC-010,Tamoil,DPK,12/01/2026,23438,FIN-005
INV-90030,DISP-06620,OMC-017,KAA Aviation,HFO,2026-03-30,40556,FIN-001
INV-57973,DISP-02353,OMC-002,Vivo Energy,AGO,2026-03-03,194342,FIN-004
INV-22519,DISP-07067,OMC-009,Dalbit Petroleum,JETA1,2025-04-16,164425,FIN-005
INV-97692,DISP-09028,OMC-004,Gulf Energy,JETA1,2026-02-17,44028,FIN-005
INV-81131,DISP-03870,OMC-016,KPA Marine,LPG,2025-02-19,24014,FIN-003
INV-13620,DISP-05546,OMC-020,Ethiopian Oil,JETA1,2026-03-28,195185,FIN-003
INV-80318,DISP-07053,OMC-020,Ethiopian Oil,LPG,2025-07-21,34618,FIN-001
INV-40626,DISP-05159,OMC-004,Gulf Energy,PMS,2026-03-31,55342,FIN-005
INV-55796,DISP-03471,OMC-010,Tamoil,AGO,2026-06-05,239673,FIN-004
INV-11528,DISP-07821,OMC-013,Lake Oil,DPK,2025-03-07,195450,FIN-001
INV-71648,DISP-06184,OMC-018,Uganda National Oil,PMS,2025-10-29," KES 42,374 ",FIN-002
INV-95759,DISP-08628,OMC-020,Ethiopian Oil,PMS,2026-04-23,244026,FIN-001
INV-19272,DISP-07218,OMC-014,Texol Energies,AGO,2025-03-02,238874,FIN-004
INV-56557,DISP-05309,OMC-009,Dalbit Petroleum,DPK,2025-05-13,175865,FIN-003
INV-97171,DISP-01170,OMC-004,Gulf Energy,JETA1,2026-04-14,157871,FIN-005
INV-49653,DISP-03988,OMC-003,Rubis Energy,AGO,2025-12-20,111108,FIN-003
INV-56421,DISP-02396,OMC-001,TotalEnergies Kenya,HFO,2025-09-12,20046,FIN-002
INV-16291,DISP-02776,OMC-002,Vivo Energy,LUB,2026-02-04,34882,FIN-004
INV-84021,DISP-06235,OMC-015,Mombasa Petroleum,HFO,2026-01-19,49308,FIN-002
INV-85970,DISP-02917,OMC-007,Kobil,HFO,2026-03-28,31088,FIN-004
INV-96697,DISP-05061,OMC-009,Dalbit Petroleum,PMS,2025-09-17,253106,FIN-001
INV-40835,DISP-00717,OMC-020,Ethiopian Oil,JETA1,2025-12-18,236603,FIN-002
INV-57423,DISP-05442,OMC-009,Dalbit Petroleum,AGO,2025-10-09,252296,FIN-001
INV-59145,DISP-04960,OMC-019,Tanzania Petroleum,PMS,2026-02-21,33266,FIN-005
INV-44847,DISP-00821,OMC-001,TotalEnergies Kenya,AGO,2025-05-30,134216,FIN-005
INV-16398,DISP-02478,OMC-019,Tanzania Petroleum,LUB,31/01/2025,95888,FIN-005
INV-33060,DISP-09889,OMC-004,Gulf Energy,HFO,2026-03-29,235897,FIN-002
INV-99803,DISP-03907,OMC-007,Kobil,DPK,,41112,FIN-005
INV-81450,DISP-07413,OMC-018,Uganda National Oil,HFO,2025-09-11,164845,FIN-005
INV-76104,DISP-05476,OMC-013,Lake Oil,DPK,2026-03-28,107296,FIN-005
INV-92152,DISP-07590,OMC-014,Texol Energies,LPG,2025-01-12,25585,FIN-003
INV-78211,DISP-09092,OMC-002,Vivo Energy,DPK,2026-05-13,177031,FIN-005
INV-99209,DISP-07253,OMC-006,Hashi Energy,PMS,2026-05-13,51492,FIN-001
INV-76748,DISP-06773,OMC-007,Kobil,HFO,2025-11-05,125298,FIN-003
INV-34597,DISP-04238,OMC-016,KPA Marine,LUB,2025-02-09,39822,FIN-003
INV-57751,DISP-05239,OMC-011,Hass Petroleum,LPG,2026-04-17,190479,FIN-002
INV-64877,DISP-04682,OMC-009,Dalbit Petroleum,AGO,2026-04-05,243137,FIN-003
INV-98325,DISP-05490,OMC-007,Kobil,LPG,2025-05-09,290806,FIN-004
INV-92730,DISP-06409,OMC-016,KPA Marine,AGO,2026-05-08,31013,FIN-002
INV-89435,DISP-05833,OMC-013,Lake Oil,LUB,2026-05-02,57810,FIN-001
INV-97519,DISP-09571,OMC-004,Gulf Energy,PMS,2026-03-26,138167,FIN-003
INV-82341,DISP-08711,OMC-020,Ethiopian Oil,LPG,2026-04-04,57589,FIN-005
INV-53466,DISP-00898,OMC-014,Texol Energies,AGO,2026-02-27,150417,FIN-005
INV-49318,DISP-06555,OMC-018,Uganda National Oil,PMS,2025-08-06,166852,FIN-001
INV-55112,DISP-02433,OMC-013,Lake Oil,PMS,2026-04-02,38599,FIN-001
INV-89567,DISP-07591,OMC-012,Galana Energies,HFO,2026-03-06,163395,FIN-004
INV-25495,DISP-08420,OMC-002,Vivo Energy,HFO,07/04/2026," KES 43,816 ",FIN-002
INV-73791,DISP-02600,OMC-011,Hass Petroleum,LPG,2026-01-11,294888,FIN-005
INV-62510,DISP-00495,OMC-014,Texol Energies,AGO,2025-03-28,105240,FIN-005
INV-12044,DISP-09588,OMC-006,Hashi Energy,LPG,2025-11-27,38329,FIN-005
INV-74782,DISP-07792,OMC-002,Vivo Energy,HFO,2025-04-14,45780,FIN-005
INV-35998,DISP-06820,OMC-010,Tamoil,HFO,2026-02-19,179618,FIN-001
INV-36382,DISP-01863,OMC-018,Uganda National Oil,HFO,2026-05-10,142537,FIN-003
INV-77239,DISP-02535,OMC-011,Hass Petroleum,LUB,2026-05-13,50694,FIN-004
INV-64270,DISP-07380,OMC-007,Kobil,HFO,2026-05-21,277492,FIN-004
INV-69580,DISP-02899,OMC-006,Hashi Energy,LUB,2026-03-15,56315,FIN-002
INV-85180,DISP-01000,OMC-006,Hashi Energy,AGO,2025-07-26,95686,FIN-005
INV-18652,DISP-05502,OMC-015,Mombasa Petroleum,AGO,13/01/2025,24676,FIN-004
INV-26433,DISP-04927,OMC-001,TotalEnergies Kenya,DPK,2026-05-08,249286,FIN-003
INV-99681,DISP-04052,OMC-003,Rubis Energy,LPG,2026-01-03,99209,FIN-003
INV-70506,DISP-00645,OMC-009,Dalbit Petroleum,DPK,2025-09-17,122391,FIN-004
INV-33038,DISP-00159,OMC-010,Tamoil,DPK,2025-03-18,50367,FIN-005
INV-24011,DISP-01356,OMC-004,Gulf Energy,DPK,2026-04-20,58894,FIN-005
INV-47190,DISP-00227,OMC-011,Hass Petroleum,JETA1,2025-05-29,224799,FIN-001
INV-13251,DISP-07171,OMC-007,Kobil,PMS,2026-06-15,246371,FIN-004
INV-26347,DISP-01599,OMC-001,TotalEnergies Kenya,AGO,2025-05-29,63616,FIN-002
INV-92226,DISP-08914,OMC-009,Dalbit Petroleum,HFO,2025-08-15,25645,FIN-005
INV-86446,DISP-01501,OMC-014,Texol Energies,AGO,2025-08-07,61155,FIN-002
INV-68602,DISP-01049,OMC-011,Hass Petroleum,LUB,,242626,FIN-002
INV-95812,DISP-03790,OMC-019,Tanzania Petroleum,DPK,2025-05-06,287664,FIN-004
INV-98550,DISP-04350,OMC-002,Vivo Energy,DPK,2025-03-27,50720,FIN-004
INV-77963,DISP-03801,OMC-001,TotalEnergies Kenya,AGO,2025-12-27,231792,FIN-003
INV-74894,DISP-03659,OMC-017,KAA Aviation,LPG,2026-06-02,49947,FIN-003
INV-82671,DISP-01011,OMC-019,Tanzania Petroleum,JETA1,2025-01-08,119302,FIN-002
INV-12710,DISP-02431,OMC-006,Hashi Energy,DPK,2025-09-17,41267,FIN-002
INV-81562,DISP-09051,OMC-009,Dalbit Petroleum,AGO,05/05/2026,203730,FIN-003
INV-50593,DISP-00651,OMC-020,Ethiopian Oil,JETA1,2025-04-14,42781,FIN-001
INV-32990,DISP-04854,OMC-004,Gulf Energy,JETA1,2026-04-12,165015,FIN-005
INV-83700,DISP-06719,OMC-006,Hashi Energy,DPK,19/04/2025,28556,FIN-002
INV-36274,DISP-03485,OMC-010,Tamoil,JETA1,2025-07-28,49627,FIN-005
INV-85114,DISP-06470,OMC-004,Gulf Energy,AGO,2026-04-12,65655,FIN-002
INV-60631,DISP-09458,OMC-020,Ethiopian Oil,LUB,2025-08-05,48177,FIN-002
INV-65229,DISP-08044,OMC-011,Hass Petroleum,JETA1,2025-05-24,130133,FIN-005
INV-97641,DISP-06437,OMC-009,Dalbit Petroleum,LUB,2026-06-10,24431,FIN-001
INV-51769,DISP-03912,OMC-018,Uganda National Oil,JETA1,2025-06-17,46252,FIN-003
INV-76714,DISP-07456,OMC-010,Tamoil,PMS,2025-11-26," KES 152,266 ",FIN-004
INV-43653,DISP-06244,OMC-018,Uganda National Oil,AGO,2025-10-05,136026,FIN-001
INV-91998,DISP-09784,OMC-007,Kobil,LPG,2025-08-15,186675,FIN-002
INV-45868,DISP-05665,OMC-020,Ethiopian Oil,PMS,2026-05-04,274085,FIN-004
INV-39136,DISP-09575,OMC-008,National Oil,DPK,2025-08-04,131889,FIN-001
INV-46158,DISP-08380,OMC-017,KAA Aviation,LUB,2025-10-11,114040,FIN-004
INV-50630,DISP-02554,OMC-012,Galana Energies,DPK,2026-04-15,129296,FIN-003
INV-37749,DISP-07579,OMC-013,Lake Oil,AGO,2025-03-22,128206,FIN-005
INV-15653,DISP-05248,OMC-015,Mombasa Petroleum,DPK,,48063,FIN-002
INV-94091,DISP-00620,OMC-020,Ethiopian Oil,LUB,2025-04-18,26621,FIN-002
INV-25187,DISP-03006,OMC-004,Gulf Energy,DPK,2026-03-08,157352,FIN-002
INV-65122,DISP-09844,OMC-014,Texol Energies,JETA1,2025-05-30,110180,FIN-001
INV-65792,DISP-03175,OMC-013,Lake Oil,HFO,2026-04-13,194035,FIN-002
INV-68677,DISP-08644,OMC-002,Vivo Energy,HFO,2025-03-12,193007,FIN-003
INV-18724,DISP-00573,OMC-018,Uganda National Oil,HFO,2026-04-29,32606,FIN-001
INV-53707,DISP-03941,OMC-019,Tanzania Petroleum,JETA1,2025-06-08,76212,FIN-005
INV-46565,DISP-05861,OMC-014,Texol Energies,HFO,2025-08-13,220976,FIN-001
INV-38015,DISP-00934,OMC-009,Dalbit Petroleum,LUB,2025-05-25,262781,FIN-005
INV-67191,DISP-06313,OMC-011,Hass Petroleum,JETA1,2025-11-26,236334,FIN-002
INV-49134,DISP-03611,OMC-003,Rubis Energy,AGO,2025-06-10,220528,FIN-001
INV-77156,DISP-04292,OMC-018,Uganda National Oil,AGO,2025-04-01,205628,FIN-003
INV-72395,DISP-07127,OMC-020,Ethiopian Oil,JETA1,2026-05-05,129055,FIN-004
INV-71486,DISP-06090,OMC-014,Texol Energies,HFO,2026-07-03,62184,FIN-005
INV-97074,DISP-06307,OMC-003,Rubis Energy,LPG,2026-01-14,57641,FIN-002
INV-83260,DISP-07087,OMC-007,Kobil,AGO,2026-03-16,278642,FIN-004
INV-52891,DISP-08531,OMC-002,Vivo Energy,DPK,2026-05-26,54956,FIN-005
INV-80650,DISP-09640,OMC-004,Gulf Energy,LUB,2026-02-26,196952,FIN-004
INV-62987,DISP-03548,OMC-014,Texol Energies,LPG,2025-07-21,40032,FIN-001
INV-80297,DISP-09559,OMC-009,Dalbit Petroleum,LPG,2025-07-07,57670,FIN-002
INV-81398,DISP-02938,OMC-013,Lake Oil,AGO,2026-04-21,53488,FIN-004
INV-14725,DISP-03069,OMC-008,National Oil,HFO,2025-07-07,250916,FIN-004
INV-74358,DISP-09492,OMC-016,KPA Marine,LPG,2025-09-03,295572,FIN-002
INV-28947,DISP-09738,OMC-006,Hashi Energy,LUB,2025-08-06,185544,FIN-005
INV-60250,DISP-06593,OMC-006,Hashi Energy,PMS,04/06/2025,46632,FIN-002
INV-55598,DISP-08727,OMC-012,Galana Energies,AGO,2026-03-31,176527,FIN-001
INV-69707,DISP-00803,OMC-004,Gulf Energy,LPG,2026-03-20,180292,FIN-003
INV-65941,DISP-09443,OMC-002,Vivo Energy,DPK,2025-08-30,225927,FIN-005
INV-35751,DISP-06497,OMC-015,Mombasa Petroleum,LUB,2025-09-14,24036,FIN-002
INV-79326,DISP-07718,OMC-017,KAA Aviation,JETA1,2026-05-27," KES 262,909 ",FIN-005
INV-66784,DISP-04919,OMC-018,Uganda National Oil,HFO,2025-04-12,242399,FIN-005
INV-45182,DISP-02000,OMC-001,TotalEnergies Kenya,JETA1,2026-04-05,234752,FIN-005
INV-32958,DISP-06798,OMC-017,KAA Aviation,LUB,2025-06-09,172958,FIN-005
INV-86622,DISP-05263,OMC-009,Dalbit Petroleum,HFO,2025-08-05,115555,FIN-001
INV-26567,DISP-03357,OMC-001,TotalEnergies Kenya,AGO,2025-02-04,165236,FIN-003
INV-53393,DISP-01034,OMC-020,Ethiopian Oil,JETA1,2026-04-01,51982,FIN-002
INV-81671,DISP-07478,OMC-016,KPA Marine,LPG,2025-02-02,122892,FIN-002
INV-72438,DISP-07057,OMC-009,Dalbit Petroleum,HFO,2025-03-31,31786,FIN-001
INV-23337,DISP-01846,OMC-014,Texol Energies,HFO,2025-07-11,262559,FIN-004
INV-78092,DISP-01388,OMC-013,Lake Oil,LPG,2026-04-15,275417,FIN-001
INV-97374,DISP-06496,OMC-001,TotalEnergies Kenya,LUB,2025-08-02,146130,FIN-004
INV-31948,DISP-07734,OMC-007,Kobil,JETA1,2026-03-02,94236,FIN-005
INV-68740,DISP-00250,OMC-019,Tanzania Petroleum,JETA1,2025-07-03,267508,FIN-003
INV-37627,DISP-04250,OMC-009,Dalbit Petroleum,JETA1,,33135,FIN-001
INV-48357,DISP-01765,OMC-001,TotalEnergies Kenya,JETA1,2025-10-15,249228,FIN-005
INV-36405,DISP-05341,OMC-006,Hashi Energy,LUB,2025-03-06,247723,FIN-004
INV-45550,DISP-02813,OMC-006,Hashi Energy,DPK,2026-06-09,232936,FIN-001
INV-65914,DISP-02745,OMC-002,Vivo Energy,LPG,2025-09-12,61993,FIN-001
INV-42443,DISP-01910,OMC-020,Ethiopian Oil,HFO,2026-01-12,63699,FIN-002
INV-25718,DISP-01743,OMC-020,Ethiopian Oil,LPG,2025-05-09,26188,FIN-005
INV-29120,DISP-02686,OMC-019,Tanzania Petroleum,LUB,2025-11-25,85831,FIN-001
INV-98165,DISP-03445,OMC-012,Galana Energies,JETA1,2026-03-28," KES 212,084 ",FIN-005
INV-37630,DISP-01699,OMC-009,Dalbit Petroleum,LUB,2026-01-27,141072,FIN-003
INV-33602,DISP-07790,OMC-009,Dalbit Petroleum,LUB,2025-08-02,90517,FIN-005
INV-62995,DISP-08960,OMC-006,Hashi Energy,HFO,2025-03-10,32653,FIN-002
INV-37161,DISP-02577,OMC-018,Uganda National Oil,LPG,30/06/2025,234682,FIN-005
INV-57135,DISP-03358,OMC-007,Kobil,HFO,2025-04-21,242145,FIN-003
INV-85712,DISP-09797,OMC-019,Tanzania Petroleum,HFO,2025-12-18,272329,FIN-002
INV-68969,DISP-07152,OMC-006,Hashi Energy,HFO,2026-04-23,59567,FIN-003
INV-15431,DISP-05174,OMC-008,National Oil,LPG,2025-03-12,180413,FIN-003
INV-52703,DISP-07383,OMC-001,TotalEnergies Kenya,LUB,2025-04-16,26810,FIN-005
INV-50847,DISP-00849,OMC-014,Texol Energies,LPG,2025-03-03,164484,FIN-001
INV-53554,DISP-05215,OMC-008,National Oil,DPK,2025-07-04,150477,FIN-001
INV-23240,DISP-09962,OMC-017,KAA Aviation,AGO,2026-05-06,200223,FIN-005
INV-12255,DISP-01220,OMC-016,KPA Marine,DPK,2025-06-17,122613,FIN-002
INV-50926,DISP-00672,OMC-005,PetroOil Kenya,LPG,2026-03-19,44527,FIN-004
INV-21046,DISP-04081,OMC-007,Kobil,JETA1,2025-11-03,149879,FIN-003
INV-21717,DISP-03818,OMC-009,Dalbit Petroleum,PMS,2025-07-16,47055,FIN-005
INV-23513,DISP-07803,OMC-004,Gulf Energy,AGO,2026-03-28,21975,FIN-004
INV-54954,DISP-07473,OMC-006,Hashi Energy,HFO,2026-05-28,230283,FIN-004
INV-75561,DISP-01446,OMC-002,Vivo Energy,LUB,19/05/2025,62283,FIN-004
INV-27310,DISP-04187,OMC-010,Tamoil,LPG,2025-11-02,233866,FIN-003
INV-55745,DISP-06524,OMC-002,Vivo Energy,JETA1,2025-08-24,157952,FIN-003
INV-68296,DISP-03429,OMC-017,KAA Aviation,JETA1,2026-05-19,64083,FIN-001
INV-33153,DISP-01077,OMC-019,Tanzania Petroleum,HFO,2025-07-08,162537,FIN-001
INV-77171,DISP-07586,OMC-019,Tanzania Petroleum,LUB,2025-03-10,48430,FIN-003
INV-33968,DISP-04237,OMC-006,Hashi Energy,LUB,2025-06-08,233740,FIN-002
INV-14994,DISP-02907,OMC-012,Galana Energies,HFO,2026-03-26,228378,FIN-005
INV-51884,DISP-02842,OMC-015,Mombasa Petroleum,JETA1,2025-03-04,225928,FIN-001
INV-77475,DISP-07080,OMC-019,Tanzania Petroleum,JETA1,2025-05-15,92625,FIN-004
INV-46888,DISP-03011,OMC-001,TotalEnergies Kenya,JETA1,2025-04-18,222403,FIN-001
INV-93968,DISP-08458,OMC-017,KAA Aviation,DPK,2025-01-27,30921,FIN-005
INV-63283,DISP-01841,OMC-015,Mombasa Petroleum,AGO,2025-09-29,165807,FIN-005
INV-67515,DISP-03734,OMC-017,KAA Aviation,AGO,2025-03-28,49600,FIN-001
INV-23582,DISP-02394,OMC-001,TotalEnergies Kenya,PMS,2025-06-10,30533,FIN-001
INV-11178,DISP-03526,OMC-010,Tamoil,LPG,2026-06-14,22643,FIN-005
INV-99477,DISP-02238,OMC-005,PetroOil Kenya,HFO,2026-05-02,38802,FIN-002
INV-65033,DISP-05801,OMC-019,Tanzania Petroleum,LPG,2025-12-07,98862,FIN-003
INV-98558,DISP-08449,OMC-007,Kobil,HFO,2025-05-25,48866,FIN-004
INV-61908,DISP-03174,OMC-017,KAA Aviation,LUB,2026-04-08,86382,FIN-001
INV-95054,DISP-03833,OMC-018,Uganda National Oil,AGO,2025-11-06,30447,FIN-004
INV-72636,DISP-03669,OMC-008,National Oil,LPG,2025-07-01,21908,FIN-004
INV-11768,DISP-08249,OMC-014,Texol Energies,JETA1,2025-02-02,274289,FIN-002
INV-22299,DISP-02194,OMC-014,Texol Energies,PMS,,23704,FIN-005
INV-22562,DISP-08845,OMC-006,Hashi Energy,JETA1,2025-03-06,63587,FIN-005
INV-57282,DISP-02032,OMC-011,Hass Petroleum,PMS,2025-07-14,26526,FIN-005
INV-77983,DISP-03024,OMC-002,Vivo Energy,LPG,2025-06-29,260078,FIN-002
INV-37848,DISP-08873,OMC-019,Tanzania Petroleum,AGO,2026-04-13,30574,FIN-003
INV-96686,DISP-05406,OMC-017,KAA Aviation,LPG,2025-05-25,131750,FIN-004
INV-48377,DISP-06754,OMC-015,Mombasa Petroleum,DPK,2025-01-18,29659,FIN-004
INV-44292,DISP-03314,OMC-014,Texol Energies,LPG,2026-03-18,172183,FIN-005
INV-33191,DISP-05560,OMC-020,Ethiopian Oil,HFO,2026-05-30,204816,FIN-001
INV-96653,DISP-01579,OMC-016,KPA Marine,JETA1,2025-05-30,57424,FIN-005
INV-55997,DISP-05911,OMC-012,Galana Energies,LUB,2026-04-27,48820,FIN-005
INV-15684,DISP-03663,OMC-018,Uganda National Oil,LPG,2025-02-17,143838,FIN-001
INV-91843,DISP-01475,OMC-020,Ethiopian Oil,AGO,2026-02-02,46790,FIN-002
INV-26850,DISP-01233,OMC-001,TotalEnergies Kenya,LPG,2026-01-22,147151,FIN-002
INV-37139,DISP-03774,OMC-015,Mombasa Petroleum,HFO,2025-05-22," KES 30,617 ",FIN-002
INV-48035,DISP-00875,OMC-012,Galana Energies,JETA1,2026-05-01,59783,FIN-002
INV-16474,DISP-08163,OMC-020,Ethiopian Oil,LPG,2026-02-15,212394,FIN-003
INV-94678,DISP-08091,OMC-019,Tanzania Petroleum,PMS,2025-03-14,124604,FIN-004
INV-27366,DISP-06641,OMC-013,Lake Oil,PMS,2025-11-25,55985,FIN-005
INV-77639,DISP-01096,OMC-002,Vivo Energy,HFO,2026-01-02,198341,FIN-005
INV-34852,DISP-03773,OMC-003,Rubis Energy,JETA1,2026-02-26,220328,FIN-001
INV-38832,DISP-03729,OMC-015,Mombasa Petroleum,JETA1,2026-06-20,300666,FIN-004
INV-47681,DISP-05169,OMC-002,Vivo Energy,JETA1,2025-11-26,30353,FIN-002
INV-15406,DISP-02234,OMC-007,Kobil,HFO,2026-04-30,42593,FIN-005
INV-48885,DISP-06466,OMC-012,Galana Energies,JETA1,2026-04-10,60845,FIN-002
INV-87119,DISP-09735,OMC-007,Kobil,AGO,2025-08-23,180900,FIN-005
INV-23696,DISP-05308,OMC-018,Uganda National Oil,JETA1,24/07/2025,237891,FIN-004
INV-17643,DISP-01576,OMC-003,Rubis Energy,AGO,2026-04-18,255155,FIN-004
INV-94427,DISP-07464,OMC-018,Uganda National Oil,LPG,2025-09-29,107730,FIN-004
INV-36187,DISP-05144,OMC-006,Hashi Energy,DPK,2026-04-12,143202,FIN-002
INV-37472,DISP-05166,OMC-006,Hashi Energy,HFO,,223495,FIN-001
INV-11959,DISP-06160,OMC-006,Hashi Energy,LUB,2026-01-13,178262,FIN-003
INV-19693,DISP-03898,OMC-016,KPA Marine,AGO,2025-08-22,117367,FIN-005
INV-98403,DISP-01183,OMC-018,Uganda National Oil,PMS,2026-06-21,77408,FIN-004
INV-56564,DISP-09223,OMC-003,Rubis Energy,HFO,2025-12-05,42922,FIN-002
INV-94511,DISP-07920,OMC-018,Uganda National Oil,PMS,2026-05-30,166536,FIN-001
INV-76063,DISP-06140,OMC-002,Vivo Energy,PMS,2026-03-18,26732,FIN-001
INV-77650,DISP-02181,OMC-013,Lake Oil,JETA1,2025-04-10,120638,FIN-003
INV-63849,DISP-00908,OMC-013,Lake Oil,JETA1,2026-05-03,126704,FIN-005
INV-59756,DISP-02065,OMC-002,Vivo Energy,AGO,2026-02-19,194189,FIN-005
INV-81981,DISP-09341,OMC-015,Mombasa Petroleum,AGO,2026-05-11,25319,FIN-003
INV-18662,DISP-00945,OMC-004,Gulf Energy,LPG,2026-02-18,221185,FIN-005
INV-24325,DISP-04155,OMC-005,PetroOil Kenya,JETA1,2026-03-04,63077,FIN-002
INV-81539,DISP-03398,OMC-020,Ethiopian Oil,JETA1,2025-07-05,147094,FIN-003
INV-38432,DISP-00480,OMC-018,Uganda National Oil,HFO,2025-10-26,283413,FIN-004
INV-87641,DISP-03165,OMC-008,National Oil,DPK,2025-07-12,33504,FIN-004
INV-99367,DISP-08658,OMC-006,Hashi Energy,AGO,2026-03-15,176806,FIN-002
INV-68579,DISP-00589,OMC-010,Tamoil,AGO,2025-08-11,183106,FIN-004
INV-37902,DISP-09667,OMC-010,Tamoil,JETA1,2025-08-16,31538,FIN-002
INV-26413,DISP-08315,OMC-013,Lake Oil,PMS,2026-01-26,266905,FIN-004
INV-36925,DISP-02022,OMC-007,Kobil,LPG,2026-03-05," KES 159,543 ",FIN-004
INV-68716,DISP-05662,OMC-004,Gulf Energy,PMS,14/02/2026,117478,FIN-004
INV-65745,DISP-07331,OMC-010,Tamoil,JETA1,2025-01-12," KES 34,962 ",FIN-003
INV-11523,DISP-04054,OMC-008,National Oil,DPK,2026-04-08,113889,FIN-003
INV-24957,DISP-01467,OMC-018,Uganda National Oil,DPK,2026-03-17,22559,FIN-004
INV-32480,DISP-07375,OMC-009,Dalbit Petroleum,PMS,2025-04-27,105801,FIN-005
INV-65583,DISP-09891,OMC-011,Hass Petroleum,LUB,2025-01-11,171886,FIN-003
INV-40287,DISP-01552,OMC-019,Tanzania Petroleum,AGO,2025-11-20,225957,FIN-005
INV-51886,DISP-07855,OMC-006,Hashi Energy,AGO,2025-09-29,135215,FIN-004
INV-31543,DISP-07979,OMC-003,Rubis Energy,PMS,2025-12-15,85339,FIN-001
INV-90335,DISP-06122,OMC-012,Galana Energies,JETA1,2026-02-13,189527,FIN-001
INV-62621,DISP-09475,OMC-013,Lake Oil,LPG,2025-01-08,58928,FIN-005
INV-39790,DISP-05318,OMC-005,PetroOil Kenya,HFO,2026-04-19,34565,FIN-005
INV-16076,DISP-09542,OMC-014,Texol Energies,DPK,2025-02-07,28638,FIN-001
INV-70621,DISP-04015,OMC-008,National Oil,JETA1,2026-05-12,116472,FIN-003
INV-90711,DISP-06159,OMC-008,National Oil,PMS,2025-08-31,43884,FIN-001
INV-52285,DISP-00541,OMC-005,PetroOil Kenya,AGO,2026-03-05,221061,FIN-001
INV-41298,DISP-08106,OMC-016,KPA Marine,LPG,22/01/2026,152984,FIN-002
INV-38399,DISP-03110,OMC-010,Tamoil,DPK,2026-04-06,48847,FIN-001
INV-35663,DISP-00424,OMC-002,Vivo Energy,AGO,2025-10-29,45776,FIN-005
INV-28436,DISP-05006,OMC-005,PetroOil Kenya,DPK,2026-04-19,212133,FIN-001
INV-31235,DISP-00134,OMC-002,Vivo Energy,JETA1,2025-10-23,256570,FIN-005
INV-28684,DISP-03847,OMC-006,Hashi Energy,JETA1,2025-06-25,43872,FIN-002
INV-46963,DISP-04552,OMC-015,Mombasa Petroleum,LUB,2026-03-09,49509,FIN-001
INV-90380,DISP-04974,OMC-006,Hashi Energy,PMS,2025-08-16," KES 155,846 ",FIN-003
INV-19931,DISP-03938,OMC-010,Tamoil,PMS,2025-05-10,59573,FIN-004
INV-69976,DISP-07442,OMC-001,TotalEnergies Kenya,AGO,2026-05-07,232629,FIN-005
INV-57108,DISP-00990,OMC-008,National Oil,LUB,2025-10-20,154855,FIN-005
INV-41110,DISP-03274,OMC-010,Tamoil,DPK,2025-04-08," KES 103,964 ",FIN-002
INV-32429,DISP-09241,OMC-006,Hashi Energy,LPG,,70451,FIN-005
INV-26537,DISP-06149,OMC-016,KPA Marine,HFO,2025-09-03,47297,FIN-001
INV-83354,DISP-03321,OMC-017,KAA Aviation,LUB,2026-03-22,121936,FIN-004
INV-97505,DISP-03457,OMC-020,Ethiopian Oil,LPG,2025-01-09,47915,FIN-004
INV-50082,DISP-02862,OMC-017,KAA Aviation,HFO,2025-06-30,41894,FIN-002
INV-77827,DISP-00092,OMC-002,Vivo Energy,PMS,2026-05-11,34020,FIN-003
INV-75337,DISP-01425,OMC-019,Tanzania Petroleum,JETA1,2025-08-19,54725,FIN-002
INV-75617,DISP-05824,OMC-017,KAA Aviation,LPG,2026-01-05,43880,FIN-001
INV-40293,DISP-08431,OMC-013,Lake Oil,JETA1,2025-11-27,133125,FIN-003
INV-35677,DISP-08746,OMC-012,Galana Energies,LUB,2026-03-01,206207,FIN-003
INV-73786,DISP-02141,OMC-001,TotalEnergies Kenya,JETA1,2025-02-19,207470,FIN-001
INV-35860,DISP-01405,OMC-005,PetroOil Kenya,PMS,2026-03-26,29259,FIN-003
INV-95891,DISP-01823,OMC-011,Hass Petroleum,JETA1,2026-05-04,158136,FIN-001
INV-89338,DISP-01862,OMC-013,Lake Oil,LPG,2026-07-02,254555,FIN-001
INV-79932,DISP-03407,OMC-006,Hashi Energy,AGO,2025-12-28,38533,FIN-004
INV-57868,DISP-05929,OMC-006,Hashi Energy,JETA1,2025-05-31,171154,FIN-005
INV-53590,DISP-05327,OMC-002,Vivo Energy,LUB,2025-12-18,151829,FIN-003
INV-34015,DISP-09646,OMC-002,Vivo Energy,LPG,2025-01-13,234028,FIN-005
INV-97889,DISP-02199,OMC-020,Ethiopian Oil,LPG,2026-05-02,199381,FIN-003
INV-77727,DISP-07732,OMC-002,Vivo Energy,JETA1,2025-12-24,139643,FIN-003
INV-21428,DISP-05641,OMC-015,Mombasa Petroleum,DPK,2025-08-08,150365,FIN-003
INV-33475,DISP-03406,OMC-010,Tamoil,HFO,2025-12-03," KES 31,626 ",FIN-002
INV-62973,DISP-09659,OMC-012,Galana Energies,LPG,2026-04-20,103147,FIN-004
INV-55470,DISP-01022,OMC-006,Hashi Energy,AGO,2025-04-24,218829,FIN-001
INV-45057,DISP-07813,OMC-013,Lake Oil,JETA1,2025-03-21,255097,FIN-001
INV-24346,DISP-09457,OMC-019,Tanzania Petroleum,LUB,2025-07-20,138488,FIN-001
INV-41417,DISP-02883,OMC-012,Galana Energies,JETA1,2026-02-07,33929,FIN-002
INV-41135,DISP-00918,OMC-002,Vivo Energy,JETA1,2025-10-24,59285,FIN-004
INV-49701,DISP-09941,OMC-002,Vivo Energy,JETA1,2026-01-15,147022,FIN-002
INV-24072,DISP-07544,OMC-019,Tanzania Petroleum,AGO,2025-03-09,249444,FIN-003
INV-88238,DISP-03928,OMC-004,Gulf Energy,HFO,2026-02-07,190048,FIN-005
INV-94159,DISP-05367,OMC-003,Rubis Energy,HFO,2025-11-20,30417,FIN-001
INV-92756,DISP-03323,OMC-011,Hass Petroleum,LPG,2025-06-29," KES 50,358 ",FIN-001
INV-88111,DISP-06247,OMC-016,KPA Marine,AGO,2026-01-27,49035,FIN-005
INV-21088,DISP-09393,OMC-002,Vivo Energy,LUB,2025-07-19,57547,FIN-005
INV-75594,DISP-07221,OMC-003,Rubis Energy,DPK,2026-06-28," KES 189,709 ",FIN-002
INV-34740,DISP-01949,OMC-005,PetroOil Kenya,PMS,2026-04-14,38299,FIN-001
INV-93624,DISP-08066,OMC-004,Gulf Energy,HFO,2026-04-25,191454,FIN-005
INV-68519,DISP-06012,OMC-004,Gulf Energy,DPK,2026-02-04,157928,FIN-005
INV-28728,DISP-03168,OMC-015,Mombasa Petroleum,HFO,2026-06-07,162529,FIN-003
INV-82124,DISP-09975,OMC-016,KPA Marine,JETA1,2025-06-17,31405,FIN-004
INV-23999,DISP-04109,OMC-010,Tamoil,AGO,2026-02-24,168094,FIN-005
INV-71296,DISP-04193,OMC-008,National Oil,HFO,2026-05-08,210903,FIN-005
INV-78937,DISP-04678,OMC-019,Tanzania Petroleum,HFO,2025-05-17,145048,FIN-002
INV-74067,DISP-04556,OMC-010,Tamoil,HFO,2026-03-21,208091,FIN-002
INV-83050,DISP-08517,OMC-008,National Oil,HFO,2026-05-06,48465,FIN-002
INV-59495,DISP-05430,OMC-018,Uganda National Oil,AGO,2025-03-03,116940,FIN-001
INV-36581,DISP-03645,OMC-015,Mombasa Petroleum,JETA1,2026-04-05,33570,FIN-004
INV-51383,DISP-00967,OMC-016,KPA Marine,JETA1,2025-06-12,77889,FIN-004
INV-16526,DISP-00287,OMC-012,Galana Energies,LPG,2026-03-06,363843,FIN-005
INV-51045,DISP-03976,OMC-013,Lake Oil,HFO,2026-01-20,209654,FIN-002
INV-53217,DISP-02912,OMC-018,Uganda National Oil,JETA1,2025-05-28,265035,FIN-003
INV-84020,DISP-00296,OMC-015,Mombasa Petroleum,LPG,2025-07-08,184694,FIN-005
INV-77961,DISP-09642,OMC-015,Mombasa Petroleum,DPK,2025-04-28," KES 259,269 ",FIN-001
INV-67464,DISP-00734,OMC-011,Hass Petroleum,DPK,2025-04-17,172172,FIN-004
INV-81691,DISP-03023,OMC-009,Dalbit Petroleum,LPG,2025-12-06,41787,FIN-003
INV-37227,DISP-03239,OMC-015,Mombasa Petroleum,HFO,2025-07-30,32242,FIN-001
INV-38108,DISP-05029,OMC-019,Tanzania Petroleum,PMS,2025-06-23,248251,FIN-001
INV-96498,DISP-05645,OMC-011,Hass Petroleum,LPG,2025-04-10,168128,FIN-005
INV-37536,DISP-07541,OMC-018,Uganda National Oil,HFO,2025-05-17,284804,FIN-003
INV-69343,DISP-08635,OMC-007,Kobil,JETA1,2026-03-19,25527,FIN-003
INV-80115,DISP-05284,OMC-010,Tamoil,LUB,2025-12-14,55500,FIN-005
INV-80314,DISP-05791,OMC-010,Tamoil,DPK,09/03/2025,242136,FIN-003
INV-46397,DISP-08540,OMC-015,Mombasa Petroleum,DPK,2025-11-07,210053,FIN-001
INV-99557,DISP-07308,OMC-014,Texol Energies,JETA1,2026-01-23,23721,FIN-004
INV-16805,DISP-01014,OMC-009,Dalbit Petroleum,HFO,,93449,FIN-003
INV-45724,DISP-09845,OMC-015,Mombasa Petroleum,JETA1,2026-04-05,239547,FIN-003
INV-31555,DISP-07468,OMC-003,Rubis Energy,LPG,2025-11-07,37020,FIN-002
INV-59612,DISP-09251,OMC-014,Texol Energies,AGO,2025-10-11," KES 143,094 ",FIN-003
INV-35119,DISP-02451,OMC-006,Hashi Energy,LPG,2025-04-26," KES 39,594 ",FIN-001
INV-96146,DISP-04783,OMC-018,Uganda National Oil,LUB,2025-12-16,158755,FIN-003
INV-51364,DISP-06075,OMC-009,Dalbit Petroleum,AGO,2026-03-22,29809,FIN-003
INV-29313,DISP-01468,OMC-008,National Oil,LUB,2025-12-06,218253,FIN-004
INV-91671,DISP-05156,OMC-008,National Oil,PMS,2025-01-15,218363,FIN-005
INV-62297,DISP-02796,OMC-015,Mombasa Petroleum,PMS,2025-05-21," KES 228,037 ",FIN-002
INV-99910,DISP-09555,OMC-020,Ethiopian Oil,DPK,2025-12-01,218774,FIN-002
INV-50643,DISP-01084,OMC-012,Galana Energies,LPG,2026-04-06,115726,FIN-002
INV-57870,DISP-01927,OMC-015,Mombasa Petroleum,PMS,,29153,FIN-005
INV-68878,DISP-02430,OMC-015,Mombasa Petroleum,PMS,2026-06-03,86651,FIN-001
INV-70485,DISP-08400,OMC-013,Lake Oil,HFO,,118912,FIN-003
INV-43954,DISP-02140,OMC-005,PetroOil Kenya,AGO,2026-02-16,32319,FIN-005
INV-68571,DISP-03997,OMC-005,PetroOil Kenya,LPG,2026-02-11,289761,FIN-004
INV-75615,DISP-00993,OMC-007,Kobil,AGO,2025-12-22,175936,FIN-002
INV-29505,DISP-09138,OMC-009,Dalbit Petroleum,JETA1,2026-04-16,30950,FIN-004
INV-43134,DISP-00648,OMC-001,TotalEnergies Kenya,AGO,2026-04-12," KES 40,383 ",FIN-001
INV-77201,DISP-00316,OMC-020,Ethiopian Oil,HFO,2025-09-05,229894,FIN-005
INV-46386,DISP-03272,OMC-020,Ethiopian Oil,LPG,2025-04-12,152823,FIN-004
INV-53218,DISP-05884,OMC-019,Tanzania Petroleum,LPG,2025-03-29,39021,FIN-002
INV-14162,DISP-02606,OMC-014,Texol Energies,AGO,2025-10-18,146613,FIN-001
INV-58765,DISP-02621,OMC-014,Texol Energies,LPG,2025-09-15,241392,FIN-005
INV-47027,DISP-01696,OMC-020,Ethiopian Oil,PMS,2025-08-07,190701,FIN-001
INV-78837,DISP-07390,OMC-009,Dalbit Petroleum,JETA1,2025-07-14,28280,FIN-004
INV-76559,DISP-03697,OMC-011,Hass Petroleum,JETA1,2025-10-04,51163,FIN-002
INV-21451,DISP-06064,OMC-007,Kobil,LPG,2025-10-21,83772,FIN-002
INV-44604,DISP-03136,OMC-007,Kobil,LUB,2025-11-21,30922,FIN-005
INV-39047,DISP-04057,OMC-004,Gulf Energy,LPG,2026-03-16,46483,FIN-005
INV-65635,DISP-02316,OMC-008,National Oil,HFO,2025-06-01,37415,FIN-001
INV-68917,DISP-01558,OMC-013,Lake Oil,JETA1,2025-04-12,219788,FIN-004
INV-29455,DISP-02910,OMC-014,Texol Energies,LUB,2025-02-09,27477,FIN-004
INV-93164,DISP-03064,OMC-008,National Oil,LPG,2025-07-27,30020,FIN-003
INV-29504,DISP-07677,OMC-007,Kobil,JETA1,2025-06-01,265395,FIN-003
INV-62420,DISP-06959,OMC-016,KPA Marine,LPG,2025-11-14,37966,FIN-004
INV-35563,DISP-06011,OMC-011,Hass Petroleum,LPG,2026-06-02,285931,FIN-004
INV-61324,DISP-06331,OMC-019,Tanzania Petroleum,JETA1,2026-03-23,251872,FIN-002
INV-99350,DISP-08900,OMC-001,TotalEnergies Kenya,HFO,2025-09-05,216485,FIN-004
INV-56829,DISP-00906,OMC-007,Kobil,JETA1,2025-08-23,153104,FIN-004
INV-78830,DISP-02483,OMC-017,KAA Aviation,JETA1,2025-08-19,44688,FIN-005
INV-83309,DISP-03484,OMC-003,Rubis Energy,LUB,06/02/2026,35536,FIN-003
INV-37230,DISP-02417,OMC-018,Uganda National Oil,AGO,2026-03-08,219495,FIN-002
INV-26541,DISP-08443,OMC-002,Vivo Energy,JETA1,2026-03-18,114460,FIN-003
INV-35902,DISP-01976,OMC-016,KPA Marine,PMS,2025-05-11,28770,FIN-005
INV-96681,DISP-00084,OMC-002,Vivo Energy,HFO,2025-03-06," KES 171,171 ",FIN-002
INV-43154,DISP-00642,OMC-013,Lake Oil,JETA1,2025-03-20,211471,FIN-005
INV-94414,DISP-00826,OMC-007,Kobil,DPK,2026-01-04,24433,FIN-003
INV-97629,DISP-04685,OMC-001,TotalEnergies Kenya,LUB,2025-05-02,215342,FIN-003
INV-43102,DISP-03009,OMC-001,TotalEnergies Kenya,JETA1,2025-07-14,112737,FIN-003
INV-60315,DISP-04866,OMC-015,Mombasa Petroleum,LUB,2026-05-19,162808,FIN-002
INV-65738,DISP-08650,OMC-006,Hashi Energy,LPG,2026-02-11," KES 176,102 ",FIN-005
INV-78960,DISP-04299,OMC-018,Uganda National Oil,LUB,2026-01-07,100972,FIN-004
INV-65435,DISP-00616,OMC-007,Kobil,PMS,2025-05-01,149105,FIN-002
INV-52538,DISP-02160,OMC-016,KPA Marine,JETA1,2026-02-19,154566,FIN-003
INV-97312,DISP-05090,OMC-005,PetroOil Kenya,LPG,2026-04-25,25580,FIN-004
INV-27281,DISP-00902,OMC-019,Tanzania Petroleum,AGO,2025-03-10,30867,FIN-005
INV-56934,DISP-06130,OMC-005,PetroOil Kenya,JETA1,2026-04-28,41895,FIN-004
INV-40028,DISP-01243,OMC-005,PetroOil Kenya,JETA1,16/02/2026,24789,FIN-004
INV-36305,DISP-01452,OMC-014,Texol Energies,JETA1,2025-08-05,37041,FIN-005
INV-72935,DISP-09892,OMC-017,KAA Aviation,LPG,2026-05-14,181747,FIN-001
INV-69651,DISP-01693,OMC-017,KAA Aviation,PMS,2026-03-21," KES 137,565 ",FIN-004
INV-72808,DISP-08648,OMC-018,Uganda National Oil,HFO,2025-05-19,58747,FIN-004
INV-71491,DISP-05120,OMC-017,KAA Aviation,HFO,2025-02-19,243994,FIN-005
INV-65448,DISP-07994,OMC-011,Hass Petroleum,LUB,02/11/2025,172323,FIN-004
INV-77189,DISP-09239,OMC-020,Ethiopian Oil,HFO,2025-02-10,147795,FIN-004
INV-77163,DISP-02806,OMC-003,Rubis Energy,AGO,2025-11-12,69416,FIN-005
INV-33710,DISP-08335,OMC-008,National Oil,AGO,2025-01-15,198484,FIN-003
INV-29426,DISP-03575,OMC-007,Kobil,DPK,2025-07-03,187022,FIN-004
INV-81061,DISP-09270,OMC-019,Tanzania Petroleum,PMS,2025-09-27,24919,FIN-001
INV-74701,DISP-02242,OMC-001,TotalEnergies Kenya,DPK,2026-05-24,233709,FIN-002
INV-58523,DISP-04393,OMC-017,KAA Aviation,AGO,2026-06-30,134432,FIN-004
INV-31358,DISP-02654,OMC-001,TotalEnergies Kenya,LPG,2025-12-07,136965,FIN-003
INV-95150,DISP-08527,OMC-004,Gulf Energy,LPG,2026-03-29,96508,FIN-005
INV-38701,DISP-03042,OMC-012,Galana Energies,DPK,2026-04-17,264472,FIN-003
INV-95664,DISP-01186,OMC-005,PetroOil Kenya,LUB,2026-04-06,26344,FIN-002
INV-62134,DISP-09197,OMC-015,Mombasa Petroleum,DPK,2025-03-09,193728,FIN-002
INV-77977,DISP-00631,OMC-002,Vivo Energy,LPG,2025-06-29,194463,FIN-003
INV-94106,DISP-07611,OMC-013,Lake Oil,DPK,2026-04-29,179804,FIN-002
INV-22449,DISP-07493,OMC-002,Vivo Energy,AGO,2026-01-07,165311,FIN-003
INV-90187,DISP-08758,OMC-001,TotalEnergies Kenya,PMS,2025-11-28," KES 176,373 ",FIN-001
INV-11544,DISP-09694,OMC-003,Rubis Energy,HFO,2025-07-02,26059,FIN-005
INV-12150,DISP-08819,OMC-006,Hashi Energy,PMS,2026-01-19,25777,FIN-003
INV-54093,DISP-08645,OMC-008,National Oil,DPK,2025-04-11,25193,FIN-004
INV-47187,DISP-02017,OMC-001,TotalEnergies Kenya,AGO,2025-02-17,157511,FIN-005
INV-41965,DISP-02532,OMC-013,Lake Oil,AGO,2025-10-05,244923,FIN-002
INV-45346,DISP-09357,OMC-019,Tanzania Petroleum,LUB,2025-01-11,42227,FIN-004
INV-60191,DISP-04063,OMC-014,Texol Energies,AGO,2026-01-22,108982,FIN-004
INV-50530,DISP-01660,OMC-002,Vivo Energy,HFO,2025-10-12,80294,FIN-004
INV-91997,DISP-09942,OMC-016,KPA Marine,PMS,2025-07-29,50823,FIN-002
INV-86580,DISP-07961,OMC-016,KPA Marine,LUB,2025-11-03,34653,FIN-001
INV-55091,DISP-07619,OMC-020,Ethiopian Oil,HFO,2025-09-10,144626,FIN-001
INV-43579,DISP-05615,OMC-005,PetroOil Kenya,AGO,2026-03-02,165484,FIN-005
INV-23865,DISP-03652,OMC-019,Tanzania Petroleum,LUB,2025-06-16,25951,FIN-003
INV-85001,DISP-08747,OMC-015,Mombasa Petroleum,LUB,2025-10-15,130636,FIN-005
INV-79505,DISP-03995,OMC-007,Kobil,JETA1,2025-09-22,41347,FIN-002
INV-63422,DISP-05577,OMC-013,Lake Oil,PMS,2026-02-10,63742,FIN-005
INV-27553,DISP-05943,OMC-008,National Oil,JETA1,2025-04-28,21297,FIN-001
INV-32166,DISP-09054,OMC-011,Hass Petroleum,AGO,2025-09-24,265728,FIN-001
INV-43950,DISP-05526,OMC-005,PetroOil Kenya,PMS,2026-02-22,210071,FIN-002
INV-23013,DISP-03656,OMC-011,Hass Petroleum,PMS,2026-05-19,281812,FIN-003
INV-73739,DISP-09102,OMC-008,National Oil,LPG,2025-08-03,40671,FIN-005
INV-86535,DISP-07190,OMC-019,Tanzania Petroleum,LUB,2026-06-13,253291,FIN-001
INV-33650,DISP-08917,OMC-001,TotalEnergies Kenya,LUB,2026-03-26," KES 139,559 ",FIN-005
INV-45115,DISP-00361,OMC-010,Tamoil,JETA1,2025-09-09,26481,FIN-001
INV-85617,DISP-02042,OMC-016,KPA Marine,DPK,2025-06-24," KES 182,177 ",FIN-003
INV-34366,DISP-05207,OMC-006,Hashi Energy,AGO,2025-12-19,175836,FIN-003
INV-67683,DISP-00233,OMC-001,TotalEnergies Kenya,JETA1,2025-09-17," KES 212,790 ",FIN-004
INV-79765,DISP-09995,OMC-013,Lake Oil,DPK,2025-02-15,28742,FIN-003
INV-94949,DISP-00085,OMC-020,Ethiopian Oil,LUB,2026-05-04,219847,FIN-001
INV-36912,DISP-05811,OMC-009,Dalbit Petroleum,LUB,2026-07-03,282285,FIN-002
INV-87990,DISP-06507,OMC-003,Rubis Energy,DPK,2025-04-28,39075,FIN-004
INV-18597,DISP-03381,OMC-011,Hass Petroleum,LUB,2025-12-01,78237,FIN-004
INV-39450,DISP-06964,OMC-014,Texol Energies,HFO,2025-10-30,175321,FIN-004
INV-14991,DISP-01557,OMC-004,Gulf Energy,LPG,2026-02-27,46958,FIN-002
INV-32787,DISP-02828,OMC-016,KPA Marine,PMS,2025-04-17,196713,FIN-001
INV-50652,DISP-09310,OMC-017,KAA Aviation,LUB,2025-03-10,187002,FIN-004
INV-51794,DISP-09541,OMC-020,Ethiopian Oil,LPG,2025-09-03,154541,FIN-002
INV-94060,DISP-05608,OMC-012,Galana Energies,JETA1,2026-04-06,64519,FIN-001
INV-24391,DISP-09604,OMC-019,Tanzania Petroleum,LPG,2025-10-24,217446,FIN-005
INV-83786,DISP-00228,OMC-016,KPA Marine,PMS,2026-01-05,120899,FIN-005
INV-89999,DISP-03215,OMC-015,Mombasa Petroleum,LUB,2025-09-20,38886,FIN-005
INV-71136,DISP-05283,OMC-017,KAA Aviation,HFO,2025-10-02,109121,FIN-003
INV-12389,DISP-07467,OMC-012,Galana Energies,JETA1,2026-04-29,42935,FIN-004
INV-91864,DISP-07465,OMC-017,KAA Aviation,DPK,2025-02-20,143795,FIN-004
INV-97912,DISP-07139,OMC-003,Rubis Energy,PMS,2026-06-06,176744,FIN-005
INV-71879,DISP-01611,OMC-016,KPA Marine,LUB,2025-11-10,290651,FIN-004
INV-44289,DISP-02992,OMC-008,National Oil,JETA1,2026-01-17,56997,FIN-001
INV-90984,DISP-06188,OMC-013,Lake Oil,HFO,2026-05-09,178992,FIN-005
INV-58845,DISP-00116,OMC-018,Uganda National Oil,DPK,2025-10-26,225878,FIN-003
INV-10882,DISP-01205,OMC-019,Tanzania Petroleum,PMS,2026-01-14,153466,FIN-005
INV-95630,DISP-08307,OMC-003,Rubis Energy,AGO,2025-02-08,41803,FIN-005
INV-34610,DISP-00462,OMC-002,Vivo Energy,DPK,2025-01-13,60925,FIN-003
INV-82274,DISP-02894,OMC-019,Tanzania Petroleum,DPK,2026-01-01,54937,FIN-003
INV-53025,DISP-04684,OMC-020,Ethiopian Oil,HFO,2025-01-17,146401,FIN-002
INV-59414,DISP-01435,OMC-020,Ethiopian Oil,DPK,2025-10-07,285615,FIN-002
INV-37961,DISP-06357,OMC-008,National Oil,LUB,2025-10-11,266964,FIN-005
INV-77994,DISP-03574,OMC-010,Tamoil,PMS,2025-04-27,52953,FIN-001
INV-25701,DISP-05065,OMC-008,National Oil,LPG,18/04/2026,230737,FIN-002
INV-35193,DISP-06710,OMC-018,Uganda National Oil,LPG,2026-04-18,201060,FIN-001
INV-88686,DISP-02045,OMC-017,KAA Aviation,LUB,2026-05-29,49972,FIN-005
INV-88117,DISP-02281,OMC-001,TotalEnergies Kenya,AGO,2025-09-17,30992,FIN-005
INV-33847,DISP-03063,OMC-020,Ethiopian Oil,AGO,2026-04-29,135197,FIN-002
INV-58554,DISP-02908,OMC-009,Dalbit Petroleum,LPG,2025-08-26,34756,FIN-005
INV-40020,DISP-02819,OMC-010,Tamoil,DPK,2026-06-14,206320,FIN-004
INV-26921,DISP-03335,OMC-017,KAA Aviation,AGO,2025-02-22,89792,FIN-002
INV-24503,DISP-01376,OMC-001,TotalEnergies Kenya,PMS,,61477,FIN-005
INV-86143,DISP-02759,OMC-004,Gulf Energy,PMS,2026-04-13,35582,FIN-005
INV-87925,DISP-00372,OMC-015,Mombasa Petroleum,LUB,2026-03-17,172249,FIN-003
INV-50210,DISP-00542,OMC-015,Mombasa Petroleum,JETA1,2025-03-08,180141,FIN-003
INV-74142,DISP-06428,OMC-001,TotalEnergies Kenya,JETA1,2025-02-12," KES 79,747 ",FIN-003
INV-40881,DISP-07533,OMC-010,Tamoil,JETA1,2026-01-23,53026,FIN-003
INV-80509,DISP-02297,OMC-015,Mombasa Petroleum,LUB,2026-06-14,208811,FIN-001
INV-25377,DISP-07037,OMC-005,PetroOil Kenya,LPG,2026-03-24,307651,FIN-002
INV-87006,DISP-08445,OMC-007,Kobil,JETA1,2026-02-23,45032,FIN-002
INV-27167,DISP-01856,OMC-015,Mombasa Petroleum,JETA1,2026-02-01,261657,FIN-004
INV-31536,DISP-09199,OMC-019,Tanzania Petroleum,JETA1,2026-05-05,145088,FIN-005
INV-92981,DISP-01683,OMC-002,Vivo Energy,JETA1,2025-08-25,31808,FIN-002
INV-29904,DISP-08243,OMC-006,Hashi Energy,DPK,2025-11-15," KES 206,179 ",FIN-003
INV-14665,DISP-04780,OMC-020,Ethiopian Oil,HFO,2026-04-03,34084,FIN-003
INV-28789,DISP-04615,OMC-018,Uganda National Oil,LUB,2026-02-22,85093,FIN-004
INV-50580,DISP-09248,OMC-011,Hass Petroleum,DPK,2025-09-06,154534,FIN-005
INV-86149,DISP-07709,OMC-003,Rubis Energy,JETA1,2025-05-23,34680,FIN-002
INV-26610,DISP-08122,OMC-012,Galana Energies,DPK,2026-03-28,54852,FIN-003
INV-18047,DISP-09671,OMC-001,TotalEnergies Kenya,PMS,2025-08-18,126024,FIN-002
INV-94939,DISP-08100,OMC-016,KPA Marine,HFO,2025-06-13,158697,FIN-003
INV-21318,DISP-03468,OMC-020,Ethiopian Oil,PMS,2026-04-05,42954,FIN-002
INV-57834,DISP-07448,OMC-003,Rubis Energy,LUB,2025-03-28,43380,FIN-003
INV-61761,DISP-00796,OMC-008,National Oil,LUB,2026-02-25,37145,FIN-003
INV-38747,DISP-06789,OMC-011,Hass Petroleum,DPK,13/04/2025,156332,FIN-001
INV-56715,DISP-06150,OMC-004,Gulf Energy,AGO,2026-04-14,149041,FIN-002
INV-20867,DISP-02186,OMC-016,KPA Marine,HFO,2026-06-18,235699,FIN-003
INV-90636,DISP-08126,OMC-002,Vivo Energy,JETA1,2025-10-24,46561,FIN-003
INV-60874,DISP-01442,OMC-017,KAA Aviation,AGO,2025-12-15,168192,FIN-003
INV-37287,DISP-03849,OMC-015,Mombasa Petroleum,HFO,2025-07-05,21819,FIN-002
INV-43000,DISP-06800,OMC-018,Uganda National Oil,PMS,2025-09-02,104820,FIN-005
INV-51526,DISP-01924,OMC-002,Vivo Energy,LUB,2025-08-17,43530,FIN-001
INV-52693,DISP-04922,OMC-013,Lake Oil,HFO,2025-05-15,32156,FIN-002
INV-63725,DISP-09864,OMC-005,PetroOil Kenya,LUB,2026-02-09,103436,FIN-002
INV-60436,DISP-09470,OMC-017,KAA Aviation,AGO,2025-02-22,39154,FIN-003
INV-36360,DISP-02429,OMC-008,National Oil,DPK,2025-05-20,206995,FIN-002
INV-93056,DISP-09672,OMC-017,KAA Aviation,PMS,2025-10-11,56169,FIN-002
INV-21645,DISP-00337,OMC-017,KAA Aviation,PMS,2025-05-20,197762,FIN-005
INV-14710,DISP-00346,OMC-010,Tamoil,LUB,2025-07-10,70879,FIN-001
INV-70841,DISP-07122,OMC-018,Uganda National Oil,LPG,2026-06-19,44229,FIN-003
INV-17167,DISP-07827,OMC-017,KAA Aviation,DPK,2026-06-12,49647,FIN-002
INV-28515,DISP-00663,OMC-010,Tamoil,HFO,2025-06-20,184578,FIN-003
INV-49474,DISP-01715,OMC-011,Hass Petroleum,PMS,2025-10-28,260847,FIN-003
INV-46756,DISP-05626,OMC-004,Gulf Energy,HFO,2026-04-25,35482,FIN-003
INV-73868,DISP-01457,OMC-019,Tanzania Petroleum,DPK,2025-08-17,249658,FIN-005
INV-78958,DISP-05270,OMC-015,Mombasa Petroleum,DPK,07/07/2026,124396,FIN-002
INV-38063,DISP-06041,OMC-001,TotalEnergies Kenya,AGO,2026-06-28,147843,FIN-001
INV-85021,DISP-08665,OMC-012,Galana Energies,PMS,2026-02-24,118098,FIN-003
INV-94862,DISP-05088,OMC-003,Rubis Energy,AGO,2026-06-08,61897,FIN-004
INV-13559,DISP-09678,OMC-008,National Oil,LUB,2025-05-23,41109,FIN-002
INV-55913,DISP-05127,OMC-015,Mombasa Petroleum,DPK,2025-09-28,62078,FIN-005
INV-42740,DISP-01977,OMC-017,KAA Aviation,LUB,2026-01-14,187136,FIN-001
INV-74696,DISP-08101,OMC-008,National Oil,DPK,2026-05-24,40071,FIN-002
INV-53611,DISP-06946,OMC-017,KAA Aviation,PMS,2025-04-23,227042,FIN-003
INV-78232,DISP-05219,OMC-017,KAA Aviation,JETA1,2026-03-01,130879,FIN-002
INV-74511,DISP-08977,OMC-008,National Oil,PMS,2025-03-21,45703,FIN-003
INV-93124,DISP-09024,OMC-008,National Oil,AGO,2025-11-25,260905,FIN-005
INV-95502,DISP-09904,OMC-007,Kobil,DPK,2025-06-03,102558,FIN-001
INV-17718,DISP-04612,OMC-017,KAA Aviation,LUB,2025-01-22,29727,FIN-004
INV-36781,DISP-06654,OMC-006,Hashi Energy,LPG,2025-01-14,102368,FIN-001
INV-96476,DISP-03900,OMC-016,KPA Marine,HFO,2025-11-02,155014,FIN-002
INV-76943,DISP-00456,OMC-010,Tamoil,HFO,2025-11-24,54421,FIN-001
INV-94022,DISP-08958,OMC-011,Hass Petroleum,LUB,2025-09-30,264947,FIN-005
INV-37996,DISP-05049,OMC-005,PetroOil Kenya,DPK,2026-03-24,150396,FIN-002
INV-88165,DISP-05428,OMC-012,Galana Energies,HFO,2026-04-02,50962,FIN-003
INV-33311,DISP-01069,OMC-009,Dalbit Petroleum,JETA1,2025-03-31,55118,FIN-001
INV-77025,DISP-06898,OMC-004,Gulf Energy,AGO,2026-03-24,173060,FIN-002
INV-27794,DISP-09243,OMC-018,Uganda National Oil,JETA1,2025-05-23," KES 53,230 ",FIN-001
INV-57948,DISP-00220,OMC-015,Mombasa Petroleum,JETA1,2025-11-29,58793,FIN-005
INV-80509,DISP-02297,OMC-015,Mombasa Petroleum,LUB,2026-06-14,208811,FIN-001
INV-27361,DISP-06930,OMC-016,KPA Marine,AGO,2026-03-12,159281,FIN-001
INV-19264,DISP-01154,OMC-011,Hass Petroleum,AGO,2025-10-01,226104,FIN-005
INV-43285,DISP-07640,OMC-013,Lake Oil,LPG,2025-12-22,195743,FIN-004
INV-62151,DISP-01886,OMC-020,Ethiopian Oil,JETA1,2025-03-13,32207,FIN-003
INV-93208,DISP-09175,OMC-019,Tanzania Petroleum,HFO,2026-01-17,42269,FIN-005
INV-65684,DISP-03403,OMC-011,Hass Petroleum,AGO,2025-07-13,206214,FIN-001
INV-83879,DISP-09462,OMC-018,Uganda National Oil,LPG,2025-06-17,167252,FIN-004
INV-71915,DISP-06839,OMC-020,Ethiopian Oil,PMS,2026-06-16,62804,FIN-002
INV-62912,DISP-09333,OMC-019,Tanzania Petroleum,JETA1,2025-05-15,42787,FIN-002
INV-42972,DISP-08255,OMC-016,KPA Marine,DPK,2025-02-06,165994,FIN-005
INV-54395,DISP-05510,OMC-001,TotalEnergies Kenya,PMS,2025-09-17,26306,FIN-004
INV-41265,DISP-07542,OMC-005,PetroOil Kenya,DPK,19/02/2026,196724,FIN-002
INV-47012,DISP-06099,OMC-002,Vivo Energy,HFO,12/04/2025,109512,FIN-003
INV-23747,DISP-08987,OMC-018,Uganda National Oil,AGO,2025-04-14,233283,FIN-004
INV-87188,DISP-01573,OMC-020,Ethiopian Oil,AGO,2026-01-25,185572,FIN-001
INV-23900,DISP-00433,OMC-008,National Oil,LPG,2026-03-01,98988,FIN-003
INV-99497,DISP-04754,OMC-011,Hass Petroleum,JETA1,2025-05-03,77246,FIN-001
INV-32916,DISP-02773,OMC-012,Galana Energies,HFO,2026-02-10,76972,FIN-002
INV-88690,DISP-00426,OMC-017,KAA Aviation,PMS,2025-08-17,57357,FIN-003
INV-92569,DISP-09376,OMC-002,Vivo Energy,LPG,2026-04-28,206981,FIN-004
INV-85216,DISP-09050,OMC-002,Vivo Energy,HFO,2025-10-13,105724,FIN-004
INV-65562,DISP-09839,OMC-011,Hass Petroleum,LPG,2025-09-22,179783,FIN-005
INV-36671,DISP-04433,OMC-006,Hashi Energy,AGO,2026-05-01,177860,FIN-002
INV-77326,DISP-05332,OMC-001,TotalEnergies Kenya,JETA1,11/12/2025,61999,FIN-002
INV-47271,DISP-06586,OMC-007,Kobil,LPG,02/08/2025,207452,FIN-005
INV-28287,DISP-06988,OMC-001,TotalEnergies Kenya,JETA1,2026-02-24,27678,FIN-003
INV-89936,DISP-04965,OMC-001,TotalEnergies Kenya,PMS,2026-05-28,122442,FIN-002
INV-12049,DISP-05116,OMC-007,Kobil,LUB,2025-07-20,34781,FIN-003
INV-62738,DISP-02133,OMC-015,Mombasa Petroleum,LUB,2026-02-09,183283,FIN-004
INV-15464,DISP-07276,OMC-011,Hass Petroleum,HFO,2025-03-07,94658,FIN-005
INV-94698,DISP-07512,OMC-019,Tanzania Petroleum,PMS,22/06/2025,285544,FIN-004
INV-77636,DISP-08275,OMC-004,Gulf Energy,DPK,2026-02-16," KES 24,706 ",FIN-003
INV-64111,DISP-01202,OMC-020,Ethiopian Oil,AGO,2026-01-20,60725,FIN-005
INV-35536,DISP-03302,OMC-001,TotalEnergies Kenya,DPK,2025-10-07,53742,FIN-003
INV-27907,DISP-05783,OMC-020,Ethiopian Oil,JETA1,2025-10-07,81476,FIN-005
INV-48980,DISP-01284,OMC-011,Hass Petroleum,JETA1,2026-02-02,49126,FIN-001
INV-79615,DISP-00396,OMC-010,Tamoil,PMS,2025-12-29,289419,FIN-002
INV-94435,DISP-09220,OMC-014,Texol Energies,LUB,2025-08-15,36475,FIN-002
INV-10766,DISP-01940,OMC-013,Lake Oil,PMS,13/11/2025,164206,FIN-004
INV-84007,DISP-09715,OMC-019,Tanzania Petroleum,LPG,2025-10-08,37878,FIN-003
INV-26807,DISP-04170,OMC-008,National Oil,JETA1,2025-09-21,157421,FIN-001
INV-38248,DISP-04375,OMC-018,Uganda National Oil,LUB,2025-03-24,103769,FIN-005
INV-45001,DISP-03516,OMC-019,Tanzania Petroleum,JETA1,2026-03-04,159051,FIN-004
INV-61395,DISP-00158,OMC-011,Hass Petroleum,AGO,2026-01-27,308593,FIN-004
INV-99853,DISP-05974,OMC-018,Uganda National Oil,DPK,2025-11-05,235462,FIN-005
INV-74740,DISP-05497,OMC-001,TotalEnergies Kenya,JETA1,2025-04-18,267086,FIN-004
INV-61063,DISP-07582,OMC-011,Hass Petroleum,HFO,2025-08-06,247447,FIN-002
INV-72323,DISP-02464,OMC-016,KPA Marine,PMS,2025-11-14,183123,FIN-001
INV-91877,DISP-03913,OMC-015,Mombasa Petroleum,JETA1,2026-04-07," KES 238,023 ",FIN-003
INV-37426,DISP-02058,OMC-017,KAA Aviation,AGO,2025-03-21,220176,FIN-003
INV-17969,DISP-08712,OMC-009,Dalbit Petroleum,AGO,2025-12-13,25650,FIN-001
INV-71570,DISP-03281,OMC-003,Rubis Energy,AGO,2025-05-06,29329,FIN-001
INV-45042,DISP-05439,OMC-003,Rubis Energy,LPG,2026-04-28,79862,FIN-002
INV-21514,DISP-04143,OMC-016,KPA Marine,LPG,2025-10-15,57830,FIN-002
INV-93635,DISP-04205,OMC-017,KAA Aviation,PMS,2025-07-10,24205,FIN-004
INV-21528,DISP-06303,OMC-005,PetroOil Kenya,HFO,2026-05-04,32951,FIN-004
INV-45272,DISP-00829,OMC-004,Gulf Energy,JETA1,2026-04-05,29681,FIN-003
INV-59854,DISP-02229,OMC-009,Dalbit Petroleum,JETA1,2026-07-02,62929,FIN-002
INV-29423,DISP-08715,OMC-003,Rubis Energy,JETA1,2025-09-10,144085,FIN-004
INV-12045,DISP-09176,OMC-016,KPA Marine,JETA1,2026-05-16,41615,FIN-002
INV-51179,DISP-03092,OMC-008,National Oil,HFO,2025-07-20,48693,FIN-004
INV-31773,DISP-00313,OMC-020,Ethiopian Oil,AGO,2025-12-19,254185,FIN-005
INV-91370,DISP-03307,OMC-002,Vivo Energy,JETA1,2025-02-26,165723,FIN-001
INV-47565,DISP-01535,OMC-003,Rubis Energy,HFO,2026-06-17,239030,FIN-005
INV-49169,DISP-05436,OMC-012,Galana Energies,AGO,2026-02-07,117382,FIN-002
INV-39495,DISP-02944,OMC-015,Mombasa Petroleum,PMS,2025-03-18,37223,FIN-001
INV-10487,DISP-07058,OMC-017,KAA Aviation,LPG,2025-08-05,284170,FIN-001
INV-34355,DISP-05345,OMC-020,Ethiopian Oil,AGO,2025-09-10,265800,FIN-001
INV-13754,DISP-05575,OMC-016,KPA Marine,LPG,2026-06-08,178224,FIN-002
INV-83764,DISP-00532,OMC-003,Rubis Energy,HFO,2025-11-01,160263,FIN-005
INV-13328,DISP-08544,OMC-005,PetroOil Kenya,DPK,2026-02-10,196690,FIN-001
INV-87289,DISP-06672,OMC-014,Texol Energies,PMS,2025-07-09,36622,FIN-003
INV-64970,DISP-04489,OMC-002,Vivo Energy,LUB,2025-04-26,262459,FIN-005
INV-68306,DISP-00794,OMC-005,PetroOil Kenya,JETA1,2026-03-26,26176,FIN-002
INV-92209,DISP-05328,OMC-009,Dalbit Petroleum,JETA1,2025-04-09,94134,FIN-003
INV-89123,DISP-02317,OMC-013,Lake Oil,LUB,2025-03-06," KES 51,591 ",FIN-001
INV-25446,DISP-04370,OMC-006,Hashi Energy,DPK,09/12/2025,167101,FIN-002
INV-79135,DISP-05517,OMC-014,Texol Energies,DPK,2025-05-04,44427,FIN-002
INV-71453,DISP-02732,OMC-001,TotalEnergies Kenya,DPK,2025-03-30,47434,FIN-001
INV-11788,DISP-00722,OMC-019,Tanzania Petroleum,PMS,2025-11-27,142637,FIN-001
INV-62490,DISP-08714,OMC-014,Texol Energies,PMS,2025-05-08,145688,FIN-002
INV-53852,DISP-03249,OMC-001,TotalEnergies Kenya,JETA1,2026-03-25,288204,FIN-001
INV-70243,DISP-00478,OMC-005,PetroOil Kenya,PMS,2026-04-29,172424,FIN-003
INV-26239,DISP-08484,OMC-012,Galana Energies,PMS,2026-03-18," KES 128,780 ",FIN-002
INV-27604,DISP-04458,OMC-017,KAA Aviation,LPG,2025-06-14,42223,FIN-004
INV-36406,DISP-05281,OMC-010,Tamoil,LUB,2025-08-07,109774,FIN-003
INV-84114,DISP-05939,OMC-007,Kobil,LUB,2025-05-18,121087,FIN-005
INV-49878,DISP-04533,OMC-010,Tamoil,PMS,2025-10-18,127567,FIN-003
INV-10652,DISP-00876,OMC-002,Vivo Energy,LPG,2026-01-31,214541,FIN-004
INV-90335,DISP-08461,OMC-017,KAA Aviation,PMS,2025-09-13,233636,FIN-004
INV-86986,DISP-03441,OMC-017,KAA Aviation,JETA1,2026-03-31,181250,FIN-005
INV-61045,DISP-07201,OMC-002,Vivo Energy,LPG,2025-09-18,216230,FIN-005
INV-83285,DISP-01190,OMC-009,Dalbit Petroleum,LUB,2025-02-27,279072,FIN-005
INV-39600,DISP-09831,OMC-019,Tanzania Petroleum,PMS,2025-04-29,60992,FIN-003
INV-83582,DISP-06560,OMC-020,Ethiopian Oil,PMS,2026-06-30,93520,FIN-001
INV-22292,DISP-03627,OMC-007,Kobil,PMS,2025-12-17,163005,FIN-005
INV-34632,DISP-09058,OMC-002,Vivo Energy,LPG,2025-12-26,260384,FIN-003
INV-26821,DISP-03134,OMC-014,Texol Energies,DPK,2026-05-10,209578,FIN-001
INV-75889,DISP-09728,OMC-008,National Oil,HFO,2025-02-27,173572,FIN-003
INV-10693,DISP-00479,OMC-016,KPA Marine,LUB,2025-01-23,98673,FIN-003
INV-60012,DISP-08090,OMC-014,Texol Energies,LUB,2025-02-10,201083,FIN-001
INV-97790,DISP-00591,OMC-014,Texol Energies,HFO,2026-01-31,52431,FIN-003
INV-99754,DISP-02857,OMC-018,Uganda National Oil,HFO,2025-12-07,30039,FIN-005
INV-65336,DISP-04634,OMC-010,Tamoil,DPK,2025-07-30,53507,FIN-001
INV-51974,DISP-03601,OMC-001,TotalEnergies Kenya,HFO,2025-11-11,125306,FIN-001
INV-11633,DISP-05643,OMC-009,Dalbit Petroleum,LPG,2026-02-09,134989,FIN-001
INV-14148,DISP-04312,OMC-009,Dalbit Petroleum,HFO,2025-02-11,34421,FIN-002
INV-45685,DISP-01148,OMC-015,Mombasa Petroleum,DPK,,30585,FIN-001
INV-91417,DISP-00587,OMC-019,Tanzania Petroleum,PMS,2025-08-02,41837,FIN-003
INV-40298,DISP-09266,OMC-019,Tanzania Petroleum,HFO,2025-12-22,39761,FIN-005
INV-87280,DISP-00366,OMC-007,Kobil,LPG,2026-03-23,53913,FIN-005
INV-50307,DISP-02296,OMC-003,Rubis Energy,PMS,2025-12-31,117873,FIN-002
INV-84786,DISP-03854,OMC-010,Tamoil,JETA1,2026-06-04,34167,FIN-004
INV-21580,DISP-09053,OMC-017,KAA Aviation,DPK,2025-12-24,198767,FIN-005
INV-83732,DISP-01948,OMC-011,Hass Petroleum,LUB,,26530,FIN-001
INV-27517,DISP-03675,OMC-011,Hass Petroleum,LUB,2026-05-14,115728,FIN-002
INV-82223,DISP-00496,OMC-016,KPA Marine,HFO,2026-03-14,42244,FIN-001
INV-11427,DISP-02563,OMC-018,Uganda National Oil,LPG,2025-04-27,241595,FIN-004
INV-68060,DISP-04349,OMC-005,PetroOil Kenya,LPG,2026-04-01,42644,FIN-005
INV-30965,DISP-00048,OMC-014,Texol Energies,LPG,11/12/2025,144867,FIN-004
INV-98773,DISP-07342,OMC-003,Rubis Energy,AGO,2025-11-09,107346,FIN-004
INV-33904,DISP-01547,OMC-020,Ethiopian Oil,AGO,2025-01-24,44267,FIN-002
INV-85925,DISP-09086,OMC-014,Texol Energies,AGO,2025-05-17,232089,FIN-001
INV-26710,DISP-03820,OMC-008,National Oil,AGO,16/05/2025," KES 53,263 ",FIN-003
INV-35775,DISP-00675,OMC-004,Gulf Energy,JETA1,2026-02-21,211283,FIN-003
INV-31365,DISP-08151,OMC-018,Uganda National Oil,AGO,2025-08-02,56845,FIN-001
INV-51339,DISP-06158,OMC-016,KPA Marine,DPK,2025-07-07,139375,FIN-001
INV-96512,DISP-05553,OMC-011,Hass Petroleum,JETA1,2026-02-21,52385,FIN-003
INV-44420,DISP-09961,OMC-002,Vivo Energy,LPG,2026-05-30,288196,FIN-002
INV-80394,DISP-03015,OMC-017,KAA Aviation,PMS,2026-06-15,212966,FIN-005
INV-31982,DISP-03270,OMC-014,Texol Energies,AGO,2025-12-23,232300,FIN-002
INV-50050,DISP-03757,OMC-001,TotalEnergies Kenya,AGO,2025-01-28,63947,FIN-005
INV-30394,DISP-06772,OMC-018,Uganda National Oil,LPG,2025-10-03,149989,FIN-004
INV-80564,DISP-04818,OMC-001,TotalEnergies Kenya,LPG,2026-03-19,45861,FIN-001
INV-75539,DISP-06665,OMC-009,Dalbit Petroleum,DPK,2025-06-07,37177,FIN-003
INV-11924,DISP-00935,OMC-011,Hass Petroleum,LUB,2025-06-20,249767,FIN-001
INV-39470,DISP-01127,OMC-014,Texol Energies,LUB,2025-01-06,118998,FIN-002
INV-56234,DISP-03840,OMC-014,Texol Energies,LPG,2025-12-06,55606,FIN-002
INV-83524,DISP-06521,OMC-014,Texol Energies,LUB,2025-06-17,128125,FIN-001
INV-67188,DISP-02208,OMC-006,Hashi Energy,PMS,2025-01-06,205095,FIN-003
INV-88636,DISP-07538,OMC-005,PetroOil Kenya,AGO,2026-02-10,30442,FIN-002
INV-58333,DISP-09926,OMC-007,Kobil,DPK,2025-12-30,222922,FIN-002
INV-85763,DISP-00008,OMC-004,Gulf Energy,JETA1,2026-04-29," KES 250,227 ",FIN-004
INV-10458,DISP-08549,OMC-016,KPA Marine,LPG,2025-12-11,30490,FIN-002
INV-42489,DISP-04893,OMC-010,Tamoil,HFO,2025-01-05,200641,FIN-002
INV-69945,DISP-06673,OMC-002,Vivo Energy,LUB,2025-04-26,96660,FIN-005
INV-96510,DISP-00922,OMC-007,Kobil,DPK,,45846,FIN-005
INV-96733,DISP-07028,OMC-009,Dalbit Petroleum,AGO,2025-12-20," KES 176,600 ",FIN-004
INV-54134,DISP-07266,OMC-019,Tanzania Petroleum,JETA1,2025-12-17,31699,FIN-004
INV-69526,DISP-04178,OMC-003,Rubis Energy,PMS,2025-02-13,21421,FIN-001
INV-42811,DISP-05031,OMC-007,Kobil,AGO,2025-11-24,97540,FIN-005
INV-51658,DISP-04251,OMC-015,Mombasa Petroleum,HFO,2025-07-29,269170,FIN-003
INV-93036,DISP-01378,OMC-012,Galana Energies,JETA1,2026-03-05,101464,FIN-004
INV-94182,DISP-01542,OMC-002,Vivo Energy,PMS,2025-03-10,156948,FIN-003
INV-62806,DISP-03020,OMC-017,KAA Aviation,JETA1,2026-06-05,48907,FIN-004
INV-46129,DISP-09484,OMC-015,Mombasa Petroleum,AGO,2026-06-18,129633,FIN-005
INV-80051,DISP-07227,OMC-014,Texol Energies,AGO,2026-05-03,159116,FIN-005
INV-80046,DISP-00609,OMC-016,KPA Marine,JETA1,2025-10-21,117656,FIN-001
INV-97888,DISP-03891,OMC-014,Texol Energies,AGO,2025-11-20,239336,FIN-002
INV-41222,DISP-02216,OMC-015,Mombasa Petroleum,LPG,2026-02-18,25009,FIN-002
INV-94956,DISP-02515,OMC-017,KAA Aviation,LPG,2026-03-16,30644,FIN-003
INV-42692,DISP-09927,OMC-009,Dalbit Petroleum,JETA1,2026-05-01,62616,FIN-004
INV-78616,DISP-09130,OMC-002,Vivo Energy,DPK,,34234,FIN-004
INV-79840,DISP-03418,OMC-010,Tamoil,DPK,2025-01-23,166589,FIN-002
INV-34052,DISP-04240,OMC-017,KAA Aviation,LUB,2025-05-22,119437,FIN-002
INV-47921,DISP-00702,OMC-011,Hass Petroleum,DPK,,174018,FIN-003
INV-66022,DISP-09599,OMC-007,Kobil,DPK,2026-01-10,196545,FIN-001
INV-92510,DISP-06525,OMC-006,Hashi Energy,JETA1,2026-06-13,50437,FIN-001
INV-22397,DISP-01814,OMC-013,Lake Oil,LPG,2025-07-23," KES 27,493 ",FIN-005
INV-67130,DISP-05830,OMC-016,KPA Marine,LUB,2025-09-16," KES 118,641 ",FIN-003
INV-73041,DISP-06826,OMC-012,Galana Energies,HFO,2026-04-19,54144,FIN-005
INV-68917,DISP-02074,OMC-016,KPA Marine,HFO,2026-01-01,63113,FIN-003
INV-96618,DISP-02176,OMC-009,Dalbit Petroleum,AGO,2026-03-17,59725,FIN-003
INV-10979,DISP-07030,OMC-006,Hashi Energy,DPK,2026-02-11,157970,FIN-005
INV-41364,DISP-07446,OMC-003,Rubis Energy,AGO,2025-11-04,197538,FIN-005
INV-53759,DISP-09940,OMC-005,PetroOil Kenya,PMS,17/02/2026,111181,FIN-002
INV-67337,DISP-03408,OMC-011,Hass Petroleum,LUB,2026-01-20,131020,FIN-001
INV-79264,DISP-03016,OMC-006,Hashi Energy,PMS,2025-06-15,108506,FIN-001
INV-34358,DISP-00662,OMC-018,Uganda National Oil,DPK,2025-11-03,28227,FIN-005
INV-95859,DISP-01313,OMC-014,Texol Energies,JETA1,2026-04-21,210989,FIN-002
INV-12146,DISP-02574,OMC-012,Galana Energies,DPK,2026-02-08,140226,FIN-003
INV-97486,DISP-05438,OMC-005,PetroOil Kenya,JETA1,27/03/2026,54216,FIN-001
INV-99957,DISP-01690,OMC-015,Mombasa Petroleum,DPK,2025-10-30,156850,FIN-005
INV-23781,DISP-09275,OMC-002,Vivo Energy,LPG,25/02/2025,44639,FIN-004
INV-36797,DISP-06777,OMC-020,Ethiopian Oil,LUB,2026-06-24,187304,FIN-005
INV-58809,DISP-00369,OMC-012,Galana Energies,LUB,2026-02-15,57541,FIN-002
INV-79855,DISP-01476,OMC-014,Texol Energies,LUB,2025-07-20,171456,FIN-005
INV-53541,DISP-08422,OMC-017,KAA Aviation,HFO,2026-01-16," KES 46,881 ",FIN-004
INV-36623,DISP-09355,OMC-020,Ethiopian Oil,DPK,2026-04-12,55328,FIN-001
INV-77323,DISP-08567,OMC-014,Texol Energies,LUB,2025-12-16,104453,FIN-004
INV-62909,DISP-09371,OMC-016,KPA Marine,AGO,2026-06-15,266309,FIN-005
INV-15051,DISP-02751,OMC-012,Galana Energies,PMS,2026-03-04,150521,FIN-005
INV-84944,DISP-09283,OMC-010,Tamoil,HFO,2025-02-20,58522,FIN-004
INV-72720,DISP-06536,OMC-003,Rubis Energy,PMS,2025-10-28,96174,FIN-003
INV-90157,DISP-07070,OMC-011,Hass Petroleum,DPK,,229453,FIN-001
INV-19975,DISP-02351,OMC-017,KAA Aviation,DPK,2025-12-21,200198,FIN-002
INV-19614,DISP-03210,OMC-015,Mombasa Petroleum,AGO,2025-07-05,277226,FIN-004
INV-27075,DISP-04269,OMC-008,National Oil,JETA1,2026-03-05,172549,FIN-002
INV-13819,DISP-04646,OMC-008,National Oil,JETA1,2026-02-12,60724,FIN-004
INV-85008,DISP-01099,OMC-010,Tamoil,LUB,,268228,FIN-004
INV-49121,DISP-08330,OMC-002,Vivo Energy,DPK,2026-01-01,121794,FIN-003
INV-24901,DISP-02911,OMC-015,Mombasa Petroleum,HFO,19/09/2025,95054,FIN-005
INV-25055,DISP-04931,OMC-002,Vivo Energy,LUB,2026-01-29,160663,FIN-003
INV-15039,DISP-08939,OMC-015,Mombasa Petroleum,LPG,05/05/2025,216239,FIN-004
INV-29308,DISP-00719,OMC-013,Lake Oil,DPK,2025-02-16,99148,FIN-005
INV-40264,DISP-04156,OMC-020,Ethiopian Oil,PMS,2026-01-21,178000,FIN-005
INV-45049,DISP-01796,OMC-005,PetroOil Kenya,LPG,2026-05-05,127995,FIN-003
INV-44771,DISP-08476,OMC-003,Rubis Energy,LUB,2025-12-24,196728,FIN-001
INV-77189,DISP-08325,OMC-001,TotalEnergies Kenya,HFO,2025-05-08,109128,FIN-003
INV-49882,DISP-00327,OMC-010,Tamoil,HFO,2026-02-13,46522,FIN-001
INV-27708,DISP-04135,OMC-001,TotalEnergies Kenya,AGO,2025-01-11,200817,FIN-001
INV-35635,DISP-01265,OMC-004,Gulf Energy,JETA1,2026-02-24,40636,FIN-001
INV-76381,DISP-07694,OMC-007,Kobil,HFO,2026-05-09,232789,FIN-003
INV-21078,DISP-02010,OMC-009,Dalbit Petroleum,LPG,2025-06-28,23052,FIN-002
INV-68917,DISP-01558,OMC-013,Lake Oil,JETA1,2025-04-12,219788,FIN-004
INV-36901,DISP-09865,OMC-006,Hashi Energy,LPG,2025-07-14,61682,FIN-003
INV-62601,DISP-05690,OMC-016,KPA Marine,LUB,2026-04-08," KES 51,906 ",FIN-003
INV-25452,DISP-00571,OMC-011,Hass Petroleum,JETA1,2025-01-24,45154,FIN-002
INV-63032,DISP-04980,OMC-008,National Oil,PMS,2025-04-23,38663,FIN-001
INV-61741,DISP-09406,OMC-015,Mombasa Petroleum,PMS,27/02/2025,216267,FIN-004
INV-52675,DISP-09391,OMC-010,Tamoil,LPG,2025-09-07,52779,FIN-001
INV-12998,DISP-00697,OMC-014,Texol Energies,JETA1,2025-06-08,44017,FIN-003
INV-28143,DISP-03098,OMC-020,Ethiopian Oil,HFO,2025-02-19,52497,FIN-004
INV-84478,DISP-00655,OMC-006,Hashi Energy,LPG,2026-02-22," KES 42,747 ",FIN-005
INV-17435,DISP-00748,OMC-020,Ethiopian Oil,JETA1,2025-06-10," KES 244,181 ",FIN-002
INV-25457,DISP-03344,OMC-008,National Oil,LUB,2025-08-18,215864,FIN-005
INV-50707,DISP-00342,OMC-008,National Oil,LUB,2026-06-22,30008,FIN-005
INV-36254,DISP-05897,OMC-004,Gulf Energy,AGO,2026-04-21,174366,FIN-004
INV-75539,DISP-06665,OMC-009,Dalbit Petroleum,DPK,2025-06-07,37177,FIN-003
INV-82454,DISP-09139,OMC-018,Uganda National Oil,LPG,2026-05-03,51520,FIN-004
INV-89369,DISP-01633,OMC-011,Hass Petroleum,PMS,30/05/2025,45495,FIN-002
INV-46801,DISP-09041,OMC-017,KAA Aviation,AGO,2025-06-07,167728,FIN-005
INV-15605,DISP-03832,OMC-006,Hashi Energy,LPG,2025-02-22,89602,FIN-004
INV-37090,DISP-00658,OMC-001,TotalEnergies Kenya,AGO,2025-04-18,107302,FIN-005
INV-72775,DISP-04212,OMC-009,Dalbit Petroleum,JETA1,2025-09-20,316065,FIN-002
INV-57792,DISP-08775,OMC-010,Tamoil,HFO,2025-10-19,271313,FIN-002
INV-12198,DISP-03872,OMC-013,Lake Oil,JETA1,2025-06-17,234726,FIN-002
INV-88361,DISP-06000,OMC-006,Hashi Energy,JETA1,2025-04-24,28752,FIN-002
INV-18798,DISP-09964,OMC-007,Kobil,HFO,06/11/2025,33857,FIN-001
INV-51679,DISP-03396,OMC-009,Dalbit Petroleum,AGO,2025-04-21,53334,FIN-001
INV-61271,DISP-09489,OMC-009,Dalbit Petroleum,HFO,2025-12-19,96928,FIN-005
INV-88337,DISP-04229,OMC-002,Vivo Energy,HFO,2025-01-23,193569,FIN-003
INV-97815,DISP-00731,OMC-020,Ethiopian Oil,LPG,2025-04-22,230280,FIN-002
INV-22246,DISP-07843,OMC-009,Dalbit Petroleum,HFO,2025-08-30," KES 129,559 ",FIN-003
INV-85961,DISP-00055,OMC-016,KPA Marine,LUB,,168845,FIN-003
INV-15964,DISP-02607,OMC-002,Vivo Energy,LPG,2026-05-11,153028,FIN-001
INV-23869,DISP-09627,OMC-019,Tanzania Petroleum,AGO,2026-06-07,33358,FIN-001
INV-40556,DISP-07143,OMC-001,TotalEnergies Kenya,JETA1,2026-06-04,210914,FIN-002
INV-45075,DISP-03334,OMC-020,Ethiopian Oil,LPG,2026-02-07,60777,FIN-005
INV-69111,DISP-09386,OMC-019,Tanzania Petroleum,PMS,08/03/2026,35378,FIN-005
INV-96116,DISP-01256,OMC-019,Tanzania Petroleum,JETA1,2025-11-27,51213,FIN-003
INV-88142,DISP-01447,OMC-008,National Oil,DPK,2025-03-23,42935,FIN-003
INV-63939,DISP-05522,OMC-020,Ethiopian Oil,JETA1,2025-03-26,62507,FIN-002
INV-98656,DISP-05590,OMC-003,Rubis Energy,AGO,2025-01-24,259002,FIN-004
INV-28257,DISP-01288,OMC-005,PetroOil Kenya,JETA1,2026-02-25,170421,FIN-004
INV-23139,DISP-03305,OMC-004,Gulf Energy,LUB,2026-04-16,46806,FIN-002
INV-11283,DISP-00261,OMC-018,Uganda National Oil,JETA1,2025-01-12,29374,FIN-003
INV-16589,DISP-00700,OMC-009,Dalbit Petroleum,PMS,2025-05-18,57038,FIN-003
INV-81101,DISP-07200,OMC-015,Mombasa Petroleum,PMS,2025-02-27,184693,FIN-002
INV-11106,DISP-01322,OMC-010,Tamoil,LUB,2026-05-14,129553,FIN-005
INV-21438,DISP-08947,OMC-015,Mombasa Petroleum,PMS,2025-10-10,153673,FIN-004
INV-15595,DISP-02062,OMC-005,PetroOil Kenya,DPK,2026-05-02,210799,FIN-003
INV-49719,DISP-07573,OMC-004,Gulf Energy,AGO,2026-02-07,28606,FIN-002
INV-32137,DISP-05667,OMC-019,Tanzania Petroleum,AGO,2026-03-27,233647,FIN-003
INV-59595,DISP-04493,OMC-014,Texol Energies,JETA1,2026-03-27,112559,FIN-002
INV-16189,DISP-02825,OMC-016,KPA Marine,LPG,2025-02-14,94308,FIN-003
INV-66667,DISP-03045,OMC-020,Ethiopian Oil,LPG,2025-05-16,27502,FIN-004
INV-17184,DISP-02583,OMC-019,Tanzania Petroleum,LUB,2026-06-20,172196,FIN-005
INV-84342,DISP-03256,OMC-012,Galana Energies,HFO,05/05/2026,137454,FIN-005
INV-19575,DISP-05149,OMC-011,Hass Petroleum,PMS,2026-05-19,44113,FIN-002
INV-80116,DISP-04164,OMC-003,Rubis Energy,LPG,2025-08-16,270970,FIN-001
INV-76795,DISP-07612,OMC-006,Hashi Energy,LPG,2025-06-09,32040,FIN-002
INV-74746,DISP-03090,OMC-018,Uganda National Oil,HFO,2025-03-13,49541,FIN-001
INV-20176,DISP-05978,OMC-011,Hass Petroleum,PMS,27/01/2026,32169,FIN-003
INV-47665,DISP-02887,OMC-010,Tamoil,JETA1,2026-03-21,75442,FIN-004
INV-20150,DISP-08089,OMC-020,Ethiopian Oil,PMS,2025-06-29,113286,FIN-004
INV-96257,DISP-07209,OMC-004,Gulf Energy,LPG,2026-04-14,152135,FIN-004
INV-13235,DISP-08670,OMC-009,Dalbit Petroleum,LUB,2026-04-29,267611,FIN-003
INV-30529,DISP-00211,OMC-018,Uganda National Oil,JETA1,2025-10-01,204828,FIN-004
INV-26969,DISP-02332,OMC-016,KPA Marine,LUB,2025-12-04,32366,FIN-001
INV-69274,DISP-04967,OMC-011,Hass Petroleum,HFO,2026-06-01,190867,FIN-002
INV-85680,DISP-03619,OMC-015,Mombasa Petroleum,LPG,2025-06-24,114760,FIN-005
INV-97693,DISP-09145,OMC-006,Hashi Energy,JETA1,2025-04-03," KES 229,014 ",FIN-005
INV-10098,DISP-03449,OMC-012,Galana Energies,PMS,2026-04-04,43176,FIN-003
INV-32685,DISP-08257,OMC-008,National Oil,AGO,2025-09-11,194029,FIN-003
INV-85736,DISP-06447,OMC-016,KPA Marine,PMS,2025-08-15,202772,FIN-001
INV-45139,DISP-02039,OMC-008,National Oil,PMS,2025-10-01,170856,FIN-001
INV-12501,DISP-08898,OMC-018,Uganda National Oil,HFO,,222311,FIN-002
INV-89905,DISP-03998,OMC-017,KAA Aviation,LPG,09/01/2025,191127,FIN-004
INV-58337,DISP-00407,OMC-007,Kobil,JETA1,2025-05-25,265461,FIN-003
INV-67985,DISP-00966,OMC-008,National Oil,JETA1,2025-03-13,42377,FIN-004
INV-43258,DISP-07444,OMC-020,Ethiopian Oil,LPG,2026-03-05,132748,FIN-003
INV-85417,DISP-02254,OMC-018,Uganda National Oil,LUB,2025-11-24,225781,FIN-005
INV-57227,DISP-03104,OMC-020,Ethiopian Oil,HFO,2025-01-31,86754,FIN-003
INV-17920,DISP-03008,OMC-018,Uganda National Oil,AGO,2025-09-01,59119,FIN-004
INV-56261,DISP-09589,OMC-015,Mombasa Petroleum,DPK,2025-12-29,38066,FIN-004
