payment_id,invoice_id,omc_id,customer_name,remitting_bank_account,date,value_kes,installment_no
PAY-58031,INV-25718,OMC-015,Mombasa Petroleum,GB80WOIJ43135182337498,2026-03-29,59222,1
PAY-68757,INV-24248,OMC-016,KPA Marine,GB31MOOJ96499091334123,2026-01-05,141296,1
PAY-83422,INV-66963,OMC-018,Uganda National Oil,GB36RNCH17127484677378,2025-12-01,213618,1
PAY-83663,INV-74454,OMC-011,Hass Petroleum,GB56WGCN65876036690967,2026-01-21," KES 285,615 ",1
PAY-63610,INV-47835,OMC-020,Ethiopian Oil,GB14NSVZ22219693792374,2025-10-25," KES 133,125 ",1
PAY-46294,INV-35489,OMC-014,Texol Energies,GB06ONXS45314737996507,2025-03-27,37218,2
PAY-75958,INV-10440,OMC-009,Dalbit Petroleum,GB53VXXX35615951484656,2026-03-08,14021,2
PAY-34323,INV-27316,OMC-017,KAA Aviation,GB54HVSS04902787429671,2025-10-31,30224,1
PAY-13266,INV-25181,OMC-016,KPA Marine,GB31MOOJ96499091334123,2025-03-05,11965,2
PAY-43753,INV-12466,OMC-018,Uganda National Oil,GB36RNCH17127484677378,2025-11-20,40024,1
PAY-58300,INV-93609,OMC-010,Tamoil,GB34EABH79176936763201,2026-06-19,133714,1
PAY-48545,INV-54781,OMC-011,Hass Petroleum,GB56WGCN65876036690967,2025-11-06,151206,1
PAY-69399,INV-60112,OMC-002,Vivo Energy,GB45OQIR01845146270482,2026-04-23,62632,1
PAY-90923,INV-32911,OMC-006,Hashi Energy,GB05QCFC91361939909169,2026-02-04,44934,1
PAY-59770,INV-27613,OMC-006,Hashi Energy,GB05QCFC91361939909169,2025-01-18,100264,1
PAY-18378,INV-63334,OMC-016,KPA Marine,GB31MOOJ96499091334123,2025-05-05,43185,1
PAY-85392,INV-42277,OMC-001,TotalEnergies Kenya,GB06DMIO52553419283276,2025-07-02,31588,1
PAY-25448,INV-42809,OMC-016,KPA Marine,GB31MOOJ96499091334123,2026-02-21," KES 27,613 ",1
PAY-21491,INV-87157,OMC-006,Hashi Energy,GB05QCFC91361939909169,2025-09-06,35519,1
PAY-90392,INV-23339,OMC-018,Uganda National Oil,GB36RNCH17127484677378,2026-07-03,34304,1
PAY-70772,INV-89179,OMC-002,Vivo Energy,GB45OQIR01845146270482,2026-04-19,182871,1
PAY-93947,INV-55088,OMC-009,Dalbit Petroleum,GB53VXXX35615951484656,2026-08-21,113832,1
PAY-83204,INV-46934,OMC-008,National Oil,GB08NAFX56342160733754,2026-06-21,159181,1
PAY-36870,INV-13180,OMC-003,Rubis Energy,GB04LOQO13315098393010,2026-05-21,185647,1
PAY-49938,INV-93278,OMC-018,Uganda National Oil,GB36RNCH17127484677378,2025-05-11,37200,1
PAY-24190,INV-65896,OMC-005,PetroOil Kenya,GB89GWUW86379402654235,2026-04-04,31548,1
PAY-91888,INV-92342,OMC-007,Kobil,GB37IDDX82449353487401,2025-10-28,79143,1
PAY-55209,INV-20835,OMC-015,Mombasa Petroleum,GB80WOIJ43135182337498,2026-05-25,27572,1
PAY-41199,INV-93359,OMC-010,Tamoil,GB34EABH79176936763201,2025-06-21,75927,1
PAY-97914,INV-89097,OMC-001,TotalEnergies Kenya,GB06DMIO52553419283276,2025-09-05,53111,2
PAY-41754,INV-70871,OMC-018,Uganda National Oil,GB36RNCH17127484677378,2025-02-28,17870,1
PAY-50335,INV-56825,OMC-009,Dalbit Petroleum,GB53VXXX35615951484656,2026-06-20,107831,1
PAY-98374,INV-46756,OMC-016,KPA Marine,GB31MOOJ96499091334123,2025-05-09,87940,1
PAY-26576,INV-46397,OMC-015,Mombasa Petroleum,GB80WOIJ43135182337498,2025-12-24,210053,1
PAY-19763,INV-80500,OMC-014,Texol Energies,GB06ONXS45314737996507,2025-09-14,252233,1
PAY-99099,INV-65986,OMC-016,KPA Marine,GB31MOOJ96499091334123,2026-04-10," KES 29,314 ",1
PAY-79643,INV-28297,OMC-009,Dalbit Petroleum,GB53VXXX35615951484656,2025-03-20,18704,1
PAY-55305,INV-74235,OMC-012,Galana Energies,GB89GWUW86379402654235,2026-04-30,56604,2
PAY-99323,INV-60213,OMC-020,Ethiopian Oil,GB14NSVZ22219693792374,2026-06-19,64053,1
PAY-91659,INV-15457,OMC-009,Dalbit Petroleum,GB53VXXX35615951484656,2025-04-27,60031,1
PAY-87169,INV-29751,OMC-018,Uganda National Oil,GB36RNCH17127484677378,2025-12-25,75525,1
PAY-51879,INV-77247,OMC-004,Gulf Energy,GB89GWUW86379402654235,2026-05-17,190559,1
PAY-66231,INV-16683,OMC-010,Tamoil,GB34EABH79176936763201,2025-04-25,155788,1
PAY-44528,INV-11855,OMC-005,PetroOil Kenya,GB89GWUW86379402654235,2026-03-28,217346,1
PAY-72369,INV-94678,OMC-019,Tanzania Petroleum,GB59MHYN05766270289517,2025-04-04,77265,1
PAY-14334,INV-94895,OMC-013,Lake Oil,GB88TEHE71937452991241,2026-03-09,133282,1
PAY-56945,INV-65205,OMC-005,PetroOil Kenya,GB89GWUW86379402654235,2026-03-30,57551,1
PAY-73159,INV-77050,OMC-016,KPA Marine,GB31MOOJ96499091334123,04/02/2025,20655,1
PAY-65467,INV-63999,OMC-010,Tamoil,GB34EABH79176936763201,2026-04-10,120252,1
PAY-34361,INV-67063,OMC-011,Hass Petroleum,GB56WGCN65876036690967,2026-08-20,26574,1
PAY-79482,INV-85341,OMC-018,Uganda National Oil,GB36RNCH17127484677378,2026-03-07,122478,1
PAY-10017,INV-12663,OMC-003,Rubis Energy,GB04LOQO13315098393010,2025-06-11,71349,1
PAY-81655,INV-57430,OMC-018,Uganda National Oil,GB36RNCH17127484677378,,176184,1
PAY-97785,INV-46233,OMC-017,KAA Aviation,GB54HVSS04902787429671,2026-01-27,46729,1
PAY-38922,INV-28831,OMC-008,National Oil,GB08NAFX56342160733754,2025-05-23,99022,1
PAY-79174,INV-20428,OMC-011,Hass Petroleum,GB56WGCN65876036690967,2025-05-19,12631,2
PAY-20273,INV-95677,OMC-002,Vivo Energy,GB45OQIR01845146270482,2026-05-29,227002,1
PAY-95029,INV-27357,OMC-017,KAA Aviation,GB54HVSS04902787429671,2025-04-14,173045,1
PAY-97299,INV-17644,OMC-007,Kobil,GB37IDDX82449353487401,2025-12-05,238117,1
PAY-33764,INV-39344,OMC-009,Dalbit Petroleum,GB53VXXX35615951484656,2025-08-14,38982,1
PAY-65376,INV-93686,OMC-014,Texol Energies,GB06ONXS45314737996507,2025-03-26,54153,1
PAY-96290,INV-38406,OMC-015,Mombasa Petroleum,GB80WOIJ43135182337498,2025-07-16,37734,1
PAY-66225,INV-73345,OMC-020,Ethiopian Oil,GB14NSVZ22219693792374,2025-10-15,107251,1
PAY-52946,INV-37134,OMC-014,Texol Energies,GB06ONXS45314737996507,2025-06-16," KES 125,857 ",1
PAY-41064,INV-97031,OMC-002,Vivo Energy,GB45OQIR01845146270482,2025-05-17,261103,1
PAY-58760,INV-75337,OMC-019,Tanzania Petroleum,GB59MHYN05766270289517,2025-08-31,54725,1
PAY-51570,INV-16726,OMC-017,KAA Aviation,GB54HVSS04902787429671,2026-03-26,40998,1
PAY-60464,INV-43646,OMC-015,Mombasa Petroleum,GB80WOIJ43135182337498,2026-08-05,91924,1
PAY-59541,INV-27948,OMC-014,Texol Energies,GB06ONXS45314737996507,2026-03-24,46980,1
PAY-31604,INV-68586,OMC-006,Hashi Energy,GB05QCFC91361939909169,2025-11-29,88429,1
PAY-60216,INV-14665,OMC-020,Ethiopian Oil,GB14NSVZ22219693792374,2026-05-05,34084,1
PAY-59569,INV-53602,OMC-003,Rubis Energy,GB04LOQO13315098393010,2026-01-05,72753,1
PAY-51457,INV-76703,OMC-003,Rubis Energy,GB04LOQO13315098393010,2025-05-11,192044,1
PAY-87312,INV-45861,OMC-014,Texol Energies,GB06ONXS45314737996507,09/04/2025,32070,1
PAY-85340,INV-34152,OMC-017,KAA Aviation,GB54HVSS04902787429671,2025-05-29,205844,1
PAY-66261,INV-72881,OMC-019,Tanzania Petroleum,GB59MHYN05766270289517,2025-04-27,146101,1
PAY-82018,INV-35119,OMC-006,Hashi Energy,GB05QCFC91361939909169,2025-05-20,14106,2
PAY-88635,INV-86617,OMC-005,PetroOil Kenya,GB89GWUW86379402654235,2026-04-11,63772,2
PAY-29342,INV-44871,OMC-020,Ethiopian Oil,GB14NSVZ22219693792374,2025-04-13," KES 171,803 ",1
PAY-70607,INV-48651,OMC-019,Tanzania Petroleum,GB59MHYN05766270289517,2025-06-04,236593,1
PAY-70895,INV-84868,OMC-014,Texol Energies,GB06ONXS45314737996507,2026-03-06,22891,1
PAY-50137,INV-96184,OMC-003,Rubis Energy,GB04LOQO13315098393010,2025-11-28,108316,1
PAY-93138,INV-76170,OMC-004,Gulf Energy,GB89GWUW86379402654235,2026-06-10,236476,1
PAY-24338,INV-61181,OMC-004,Gulf Energy,GB89GWUW86379402654235,2026-06-14,70919,2
PAY-26007,INV-14402,OMC-020,Ethiopian Oil,GB14NSVZ22219693792374,2026-06-02,121357,1
PAY-74944,INV-68451,OMC-020,Ethiopian Oil,GB14NSVZ22219693792374,2026-08-01,100047,1
PAY-36660,INV-67337,OMC-011,Hass Petroleum,GB56WGCN65876036690967,2026-02-28,38509,2
PAY-92030,INV-91155,OMC-005,PetroOil Kenya,GB89GWUW86379402654235,2026-06-28,29968,1
PAY-50388,INV-91192,OMC-016,KPA Marine,GB31MOOJ96499091334123,2025-12-31,48832,1
PAY-38459,INV-41226,OMC-004,Gulf Energy,GB89GWUW86379402654235,2026-05-23,69402,2
PAY-83234,INV-56287,OMC-010,Tamoil,GB34EABH79176936763201,2026-05-14,31288,1
PAY-23966,INV-72598,OMC-013,Lake Oil,GB88TEHE71937452991241,2025-06-03,35336,1
PAY-92649,INV-72543,OMC-009,Dalbit Petroleum,GB53VXXX35615951484656,2025-04-17,53618,1
PAY-62414,INV-43373,OMC-019,Tanzania Petroleum,GB59MHYN05766270289517,2025-08-01,156933,1
PAY-30245,INV-62909,OMC-016,KPA Marine,GB31MOOJ96499091334123,2026-07-02,279925,1
PAY-72162,INV-84323,OMC-018,Uganda National Oil,GB36RNCH17127484677378,2026-05-17,220104,1
PAY-61272,INV-54990,OMC-018,Uganda National Oil,GB36RNCH17127484677378,2025-05-15,26267,1
PAY-35946,INV-27501,OMC-012,Galana Energies,GB89GWUW86379402654235,2026-05-27,16369,1
PAY-56209,INV-87244,OMC-006,Hashi Energy,GB05QCFC91361939909169,2026-06-29,196297,1
PAY-78456,INV-68541,OMC-008,National Oil,GB08NAFX56342160733754,2025-04-30,43670,1
PAY-95148,INV-19845,OMC-011,Hass Petroleum,GB56WGCN65876036690967,2025-06-25,128024,1
PAY-15716,INV-66081,OMC-007,Kobil,GB37IDDX82449353487401,2025-10-23,58018,1
PAY-85446,INV-90214,OMC-016,KPA Marine,GB31MOOJ96499091334123,2025-10-27,186246,1
PAY-92627,INV-35950,OMC-019,Tanzania Petroleum,GB59MHYN05766270289517,2026-03-30,178915,1
PAY-83982,INV-39274,OMC-010,Tamoil,GB34EABH79176936763201,2026-06-05,131419,1
PAY-66933,INV-40441,OMC-015,Mombasa Petroleum,GB80WOIJ43135182337498,2026-01-07,142249,1
PAY-15960,INV-52363,OMC-018,Uganda National Oil,GB36RNCH17127484677378,2025-09-13,39005,1
PAY-98313,INV-59679,OMC-004,Gulf Energy,GB89GWUW86379402654235,2026-04-23,107732,1
PAY-75113,INV-54549,OMC-012,Galana Energies,GB89GWUW86379402654235,2026-05-03,211921,1
PAY-32794,INV-93504,OMC-020,Ethiopian Oil,GB14NSVZ22219693792374,2025-08-01,129299,1
PAY-91751,INV-93731,OMC-014,Texol Energies,GB06ONXS45314737996507,2026-04-16,216924,1
PAY-44883,INV-11729,OMC-009,Dalbit Petroleum,GB53VXXX35615951484656,2025-03-14,187723,1
PAY-86446,INV-56341,OMC-017,KAA Aviation,GB54HVSS04902787429671,2025-09-02,127232,1
PAY-51628,INV-33651,OMC-015,Mombasa Petroleum,GB80WOIJ43135182337498,22/03/2026,30899,1
PAY-72427,INV-39618,OMC-009,Dalbit Petroleum,GB53VXXX35615951484656,2025-08-27,318868,1
PAY-39246,INV-76904,OMC-006,Hashi Energy,GB05QCFC91361939909169,,230550,1
PAY-99540,INV-38533,OMC-014,Texol Energies,GB06ONXS45314737996507,2026-03-15,88230,2
PAY-69081,INV-66944,OMC-001,TotalEnergies Kenya,GB06DMIO52553419283276,2026-01-24,38572,1
PAY-96875,INV-63672,OMC-014,Texol Energies,GB06ONXS45314737996507,2026-03-22,222824,1
PAY-80784,INV-58333,OMC-007,Kobil,GB37IDDX82449353487401,2026-01-27,174375,1
PAY-74237,INV-55344,OMC-002,Vivo Energy,GB45OQIR01845146270482,2025-04-12," KES 144,513 ",1
PAY-75365,INV-50273,OMC-013,Lake Oil,GB88TEHE71937452991241,2026-07-31,174388,1
PAY-26523,INV-31659,OMC-019,Tanzania Petroleum,GB59MHYN05766270289517,," KES 102,638 ",1
PAY-41545,INV-81595,OMC-019,Tanzania Petroleum,GB59MHYN05766270289517,2025-08-10,40712,1
PAY-51247,INV-63474,OMC-001,TotalEnergies Kenya,GB06DMIO52553419283276,2026-01-11,124208,1
PAY-90037,INV-78143,OMC-015,Mombasa Petroleum,GB80WOIJ43135182337498,2026-02-04,274434,1
PAY-98514,INV-91523,OMC-003,Rubis Energy,GB04LOQO13315098393010,11/02/2026," KES 150,326 ",1
PAY-67549,INV-27993,OMC-019,Tanzania Petroleum,GB59MHYN05766270289517,2025-02-19,97988,1
PAY-38682,INV-70486,OMC-005,PetroOil Kenya,GB89GWUW86379402654235,2026-05-12,20398,2
PAY-95380,INV-34182,OMC-010,Tamoil,GB34EABH79176936763201,2026-03-23,275345,1
PAY-81428,INV-56240,OMC-007,Kobil,GB37IDDX82449353487401,2025-12-31,24072,1
PAY-88207,INV-72340,OMC-016,KPA Marine,GB31MOOJ96499091334123,2025-09-06,118795,1
PAY-41431,INV-79866,OMC-004,Gulf Energy,GB89GWUW86379402654235,2026-05-08,12245,2
PAY-94461,INV-11967,OMC-014,Texol Energies,GB06ONXS45314737996507,2025-10-19,98317,1
PAY-86822,INV-95700,OMC-006,Hashi Energy,GB05QCFC91361939909169,2025-02-18,40056,1
PAY-68681,INV-27383,OMC-014,Texol Energies,GB06ONXS45314737996507,2026-09-04,118814,2
PAY-17130,INV-65871,OMC-004,Gulf Energy,GB89GWUW86379402654235,2026-04-06,26914,1
PAY-23666,INV-85723,OMC-004,Gulf Energy,GB89GWUW86379402654235,2026-06-02,46868,2
PAY-82072,INV-64984,OMC-012,Galana Energies,GB89GWUW86379402654235,2026-04-13,16144,1
PAY-93537,INV-10001,OMC-009,Dalbit Petroleum,GB53VXXX35615951484656,2026-06-12," KES 24,549 ",2
PAY-26561,INV-43160,OMC-015,Mombasa Petroleum,GB80WOIJ43135182337498,2026-06-19,36139,1
PAY-76563,INV-43865,OMC-017,KAA Aviation,GB54HVSS04902787429671,2025-03-26,30720,1
PAY-23955,INV-39743,OMC-001,TotalEnergies Kenya,GB06DMIO52553419283276,2025-10-29,28552,1
PAY-13793,INV-14862,OMC-010,Tamoil,GB34EABH79176936763201,2026-07-09,45702,1
PAY-23921,INV-21612,OMC-008,National Oil,GB08NAFX56342160733754,2025-06-29," KES 71,206 ",1
PAY-76862,INV-39516,OMC-014,Texol Energies,GB06ONXS45314737996507,2026-06-22," KES 110,310 ",1
PAY-36570,INV-94739,OMC-008,National Oil,GB08NAFX56342160733754,2025-07-25,47562,1
PAY-75702,INV-99638,OMC-008,National Oil,GB08NAFX56342160733754,2026-02-18,34086,1
PAY-36330,INV-95304,OMC-006,Hashi Energy,GB05QCFC91361939909169,2025-09-25,271673,1
PAY-24496,INV-70205,OMC-014,Texol Energies,GB06ONXS45314737996507,2025-11-02,56987,1
PAY-60588,INV-88794,OMC-011,Hass Petroleum,GB56WGCN65876036690967,2025-08-09,118597,1
PAY-69860,INV-54685,OMC-001,TotalEnergies Kenya,GB06DMIO52553419283276,2025-10-16,70209,2
PAY-90279,INV-39469,OMC-001,TotalEnergies Kenya,GB06DMIO52553419283276,2026-04-30,140567,1
PAY-22339,INV-98492,OMC-006,Hashi Energy,GB05QCFC91361939909169,2025-03-23,182738,1
PAY-11500,INV-21046,OMC-007,Kobil,GB37IDDX82449353487401,2025-12-06,149879,1
PAY-66400,INV-94549,OMC-019,Tanzania Petroleum,GB59MHYN05766270289517,2026-05-29,110886,1
PAY-24318,INV-86270,OMC-005,PetroOil Kenya,GB89GWUW86379402654235,2026-04-11,37361,1
PAY-86354,INV-90631,OMC-005,PetroOil Kenya,GB89GWUW86379402654235,2026-04-12,8667,2
PAY-20616,INV-29572,OMC-013,Lake Oil,GB88TEHE71937452991241,2025-06-19,30449,1
PAY-30218,INV-55088,OMC-001,TotalEnergies Kenya,GB06DMIO52553419283276,2026-08-19,25579,2
PAY-58006,INV-21688,OMC-011,Hass Petroleum,GB56WGCN65876036690967,,203068,1
PAY-29790,INV-31030,OMC-014,Texol Energies,GB06ONXS45314737996507,2025-08-13," KES 127,047 ",1
PAY-13654,INV-58735,OMC-010,Tamoil,GB34EABH79176936763201,2026-09-01,279205,1
PAY-49686,INV-36514,OMC-017,KAA Aviation,GB54HVSS04902787429671,2026-02-06,98934,1
PAY-97077,INV-94441,OMC-011,Hass Petroleum,GB56WGCN65876036690967,28/02/2025,108366,1
PAY-75113,INV-78952,OMC-008,National Oil,GB08NAFX56342160733754,2026-08-03,102591,2
PAY-83754,INV-42391,OMC-014,Texol Energies,GB06ONXS45314737996507,16/12/2025,72734,2
PAY-13660,INV-84624,OMC-019,Tanzania Petroleum,GB59MHYN05766270289517,2026-07-30," KES 120,416 ",1
PAY-85646,INV-19698,OMC-018,Uganda National Oil,GB36RNCH17127484677378,2025-09-05,246864,1
PAY-10455,INV-21135,OMC-014,Texol Energies,GB06ONXS45314737996507,2025-09-13,59491,2
PAY-26752,INV-21687,OMC-002,Vivo Energy,GB45OQIR01845146270482,2026-03-31,235385,1
PAY-97930,INV-27532,OMC-009,Dalbit Petroleum,GB53VXXX35615951484656,2026-02-20,90361,2
PAY-72323,INV-23129,OMC-018,Uganda National Oil,GB36RNCH17127484677378,2025-08-05,138283,1
PAY-92638,INV-38257,OMC-011,Hass Petroleum,GB56WGCN65876036690967,2026-01-28,97380,1
PAY-26631,INV-38244,OMC-010,Tamoil,GB34EABH79176936763201,2026-02-22,199257,1
PAY-97008,INV-49267,OMC-007,Kobil,GB37IDDX82449353487401,2025-03-07,192324,1
PAY-40463,INV-71550,OMC-016,KPA Marine,GB31MOOJ96499091334123,2025-05-17,202883,1
PAY-20869,INV-13503,OMC-020,Ethiopian Oil,GB14NSVZ22219693792374,2025-05-29,9397,2
PAY-35616,INV-89935,OMC-020,Ethiopian Oil,GB14NSVZ22219693792374,2025-04-01,233780,1
PAY-45479,INV-26080,OMC-019,Tanzania Petroleum,GB59MHYN05766270289517,2025-02-08,152348,1
PAY-59646,INV-67464,OMC-011,Hass Petroleum,GB56WGCN65876036690967,2025-06-02,172172,1
PAY-98429,INV-50210,OMC-015,Mombasa Petroleum,GB80WOIJ43135182337498,2025-04-24,180141,1
PAY-29591,INV-50699,OMC-018,Uganda National Oil,GB36RNCH17127484677378,2025-12-24,124546,1
PAY-24370,INV-55908,OMC-015,Mombasa Petroleum,GB80WOIJ43135182337498,2025-04-20,209540,1
PAY-92062,INV-30813,OMC-004,Gulf Energy,GB89GWUW86379402654235,2026-04-03,110589,1
PAY-86976,INV-33880,OMC-012,Galana Energies,GB89GWUW86379402654235,2026-04-22,21837,1
PAY-70861,INV-74790,OMC-018,Uganda National Oil,GB36RNCH17127484677378,2025-03-23,54140,1
PAY-11713,INV-62644,OMC-011,Hass Petroleum,GB56WGCN65876036690967,2025-10-20,87882,1
PAY-85616,INV-26969,OMC-016,KPA Marine,GB31MOOJ96499091334123,,22642,1
PAY-58279,INV-82723,OMC-018,Uganda National Oil,GB36RNCH17127484677378,2025-02-16,154178,1
PAY-31068,INV-73469,OMC-012,Galana Energies,GB89GWUW86379402654235,2026-05-31,197362,1
PAY-10335,INV-41364,OMC-003,Rubis Energy,GB04LOQO13315098393010,2025-11-20,197538,1
PAY-30366,INV-42343,OMC-007,Kobil,GB37IDDX82449353487401,2025-10-02,22465,1
PAY-99998,INV-74992,OMC-007,Kobil,GB37IDDX82449353487401,2025-05-13,181653,1
PAY-98484,INV-37667,OMC-020,Ethiopian Oil,GB14NSVZ22219693792374,2026-05-16,242831,1
PAY-76296,INV-81851,OMC-013,Lake Oil,GB88TEHE71937452991241,2025-09-11,22167,1
PAY-36684,INV-20281,OMC-004,Gulf Energy,GB89GWUW86379402654235,2026-03-10,12767,1
PAY-92373,INV-96263,OMC-012,Galana Energies,GB89GWUW86379402654235,2026-05-01,18046,2
PAY-67514,INV-85234,OMC-002,Vivo Energy,GB45OQIR01845146270482,2026-01-20,51731,1
PAY-62377,INV-63611,OMC-007,Kobil,GB37IDDX82449353487401,2025-09-27,22134,1
PAY-63677,INV-46793,OMC-014,Texol Energies,GB06ONXS45314737996507,2026-05-10,29484,1
PAY-47372,INV-37949,OMC-006,Hashi Energy,GB05QCFC91361939909169,2026-05-21,267697,1
PAY-45806,INV-53359,OMC-020,Ethiopian Oil,GB14NSVZ22219693792374,2026-01-26,47380,1
PAY-41041,INV-11273,OMC-014,Texol Energies,GB06ONXS45314737996507,2025-08-24,79472,1
PAY-91371,INV-50600,OMC-012,Galana Energies,GB89GWUW86379402654235,2026-04-27,132671,1
PAY-92622,INV-95630,OMC-003,Rubis Energy,GB04LOQO13315098393010,2025-03-22,41803,1
PAY-21057,INV-22604,OMC-020,Ethiopian Oil,GB14NSVZ22219693792374,2025-03-23,272475,1
PAY-78989,INV-75429,OMC-003,Rubis Energy,GB04LOQO13315098393010,2026-07-01,108219,1
PAY-81723,INV-38466,OMC-019,Tanzania Petroleum,GB59MHYN05766270289517,2026-02-07,48151,1
PAY-81682,INV-75617,OMC-017,KAA Aviation,GB54HVSS04902787429671,2026-02-28,43880,1
PAY-99552,INV-94926,OMC-007,Kobil,GB37IDDX82449353487401,2025-09-25,93197,1
PAY-44303,INV-43653,OMC-018,Uganda National Oil,GB36RNCH17127484677378,2025-11-09,63385,2
PAY-49705,INV-60303,OMC-020,Ethiopian Oil,GB14NSVZ22219693792374,2025-11-11,256918,1
PAY-55556,INV-34951,OMC-003,Rubis Energy,GB04LOQO13315098393010,2025-09-13,167589,1
PAY-91520,INV-92020,OMC-015,Mombasa Petroleum,GB80WOIJ43135182337498,2025-08-25,40834,1
PAY-31782,INV-12246,OMC-020,Ethiopian Oil,GB14NSVZ22219693792374,2026-01-25,39451,1
PAY-16455,INV-68736,OMC-004,Gulf Energy,GB89GWUW86379402654235,2026-05-10," KES 94,083 ",1
PAY-16734,INV-94949,OMC-020,Ethiopian Oil,GB14NSVZ22219693792374,2026-05-25,219847,1
PAY-85377,INV-48635,OMC-013,Lake Oil,GB88TEHE71937452991241,2025-03-16,282309,1
PAY-35493,INV-52552,OMC-019,Tanzania Petroleum,GB59MHYN05766270289517,2025-06-17,234242,1
PAY-92058,INV-27665,OMC-004,Gulf Energy,GB89GWUW86379402654235,2026-03-10,59440,1
PAY-31037,INV-63217,OMC-005,PetroOil Kenya,GB89GWUW86379402654235,2026-05-06,157551,1
PAY-40610,INV-87586,OMC-001,TotalEnergies Kenya,GB06DMIO52553419283276,2026-06-10,92156,2
PAY-49077,INV-39252,OMC-019,Tanzania Petroleum,GB59MHYN05766270289517,2025-12-01,282489,1
PAY-71300,INV-71470,OMC-019,Tanzania Petroleum,GB59MHYN05766270289517,2025-07-17,118255,1
PAY-57138,INV-71553,OMC-014,Texol Energies,GB06ONXS45314737996507,2025-11-18,22302,1
PAY-11087,INV-56150,OMC-008,National Oil,GB08NAFX56342160733754,2025-09-12,23359,1
PAY-34285,INV-68998,OMC-007,Kobil,GB37IDDX82449353487401,2025-06-28,150047,1
PAY-50993,INV-11189,OMC-019,Tanzania Petroleum,GB59MHYN05766270289517,2025-12-03,50969,1
PAY-92729,INV-52578,OMC-020,Ethiopian Oil,GB14NSVZ22219693792374,2025-03-09,47514,1
PAY-22376,INV-26156,OMC-005,PetroOil Kenya,GB89GWUW86379402654235,2026-06-12,7665,2
PAY-89836,INV-42204,OMC-011,Hass Petroleum,GB56WGCN65876036690967,2026-07-10,226177,1
PAY-32609,INV-32424,OMC-016,KPA Marine,GB31MOOJ96499091334123,2025-12-26,11182,2
PAY-91088,INV-39580,OMC-012,Galana Energies,GB89GWUW86379402654235,2026-04-25,90672,2
PAY-13557,INV-43134,OMC-001,TotalEnergies Kenya,GB06DMIO52553419283276,2026-06-06,38627,1
PAY-71487,INV-11014,OMC-017,KAA Aviation,GB54HVSS04902787429671,2025-03-01,61335,1
PAY-65143,INV-24093,OMC-007,Kobil,GB37IDDX82449353487401,2025-06-18,22203,1
PAY-33407,INV-89659,OMC-017,KAA Aviation,GB54HVSS04902787429671,2025-04-25,37302,1
PAY-28887,INV-20056,OMC-020,Ethiopian Oil,GB14NSVZ22219693792374,2026-05-30,211631,1
PAY-61508,INV-27857,OMC-016,KPA Marine,GB31MOOJ96499091334123,2026-04-07,34590,1
PAY-54831,INV-78221,OMC-013,Lake Oil,GB88TEHE71937452991241,2025-07-26,138792,1
PAY-86659,INV-30495,OMC-004,Gulf Energy,GB89GWUW86379402654235,2026-05-13,34658,1
PAY-62243,INV-39378,OMC-020,Ethiopian Oil,GB14NSVZ22219693792374,2026-02-13,95229,1
PAY-70756,INV-77716,OMC-008,National Oil,GB08NAFX56342160733754,2025-08-22,17077,2
PAY-74164,INV-71370,OMC-016,KPA Marine,GB31MOOJ96499091334123,2026-03-02,69728,2
PAY-28480,INV-32975,OMC-017,KAA Aviation,GB54HVSS04902787429671,2025-06-06,128845,1
PAY-59520,INV-94438,OMC-019,Tanzania Petroleum,GB59MHYN05766270289517,2025-07-17,23468,1
PAY-37351,INV-59854,OMC-011,Hass Petroleum,GB56WGCN65876036690967,2025-04-26,101487,2
PAY-48760,INV-30394,OMC-018,Uganda National Oil,GB36RNCH17127484677378,2025-11-14,156241,1
PAY-28895,INV-38104,OMC-004,Gulf Energy,GB89GWUW86379402654235,2026-06-20,100409,2
PAY-88808,INV-28591,OMC-011,Hass Petroleum,GB56WGCN65876036690967,2025-10-23,122805,1
PAY-30822,INV-99350,OMC-001,TotalEnergies Kenya,GB06DMIO52553419283276,2025-10-30,216485,1
PAY-85427,INV-96168,OMC-020,Ethiopian Oil,GB14NSVZ22219693792374,2025-08-03,24563,1
PAY-68457,INV-40221,OMC-012,Galana Energies,GB89GWUW86379402654235,2026-06-04,104132,1
PAY-70144,INV-42599,OMC-007,Kobil,GB37IDDX82449353487401,2026-04-07,77036,1
PAY-79826,INV-26452,OMC-018,Uganda National Oil,GB36RNCH17127484677378,09/06/2026,61978,1
PAY-19435,INV-77351,OMC-010,Tamoil,GB34EABH79176936763201,2025-07-23,58962,2
PAY-22175,INV-73794,OMC-016,KPA Marine,GB31MOOJ96499091334123,2025-11-12,141804,1
PAY-54279,INV-65435,OMC-007,Kobil,GB37IDDX82449353487401,2025-06-29,149105,1
PAY-95407,INV-44861,OMC-004,Gulf Energy,GB89GWUW86379402654235,2026-04-29,93508,1
PAY-61700,INV-20878,OMC-012,Galana Energies,GB89GWUW86379402654235,,68668,2
PAY-92746,INV-44622,OMC-003,Rubis Energy,GB04LOQO13315098393010,2025-11-28,86314,1
PAY-12433,INV-81427,OMC-017,KAA Aviation,GB54HVSS04902787429671,2025-05-03,242866,1
PAY-47116,INV-31048,OMC-002,Vivo Energy,GB45OQIR01845146270482,2025-03-25,21030,1
PAY-91815,INV-23880,OMC-007,Kobil,GB37IDDX82449353487401,2025-04-15,43102,1
PAY-59118,INV-81278,OMC-004,Gulf Energy,GB89GWUW86379402654235,2026-05-24,71017,2
PAY-99126,INV-19433,OMC-014,Texol Energies,GB06ONXS45314737996507,2026-02-28,41834,1
PAY-70653,INV-61862,OMC-016,KPA Marine,GB31MOOJ96499091334123,2026-01-01,52517,1
PAY-15602,INV-84156,OMC-015,Mombasa Petroleum,GB80WOIJ43135182337498,2025-08-21,24765,1
PAY-80660,INV-35860,OMC-011,Hass Petroleum,GB56WGCN65876036690967,2025-06-03,127421,1
PAY-20525,INV-79535,OMC-001,TotalEnergies Kenya,GB06DMIO52553419283276,2025-08-21,66320,1
PAY-49100,INV-61165,OMC-010,Tamoil,GB34EABH79176936763201,2026-07-18,114152,1
PAY-66261,INV-72881,OMC-019,Tanzania Petroleum,GB59MHYN05766270289517,27/04/2025,146101,1
PAY-84124,INV-25543,OMC-008,National Oil,GB08NAFX56342160733754,2025-12-12,105381,1
PAY-61792,INV-81416,OMC-019,Tanzania Petroleum,GB59MHYN05766270289517,2026-05-27,36507,1
PAY-75472,INV-41187,OMC-003,Rubis Energy,GB04LOQO13315098393010,02/05/2026,56475,2
PAY-69753,INV-67067,OMC-017,KAA Aviation,GB54HVSS04902787429671,2025-03-17,211571,1
PAY-44170,INV-22592,OMC-008,National Oil,GB08NAFX56342160733754,2026-07-20,44638,1
PAY-70421,INV-94284,OMC-012,Galana Energies,GB89GWUW86379402654235,2026-04-03,43953,1
PAY-29596,INV-23837,OMC-018,Uganda National Oil,GB36RNCH17127484677378,2025-10-23,56694,1
PAY-51502,INV-72047,OMC-009,Dalbit Petroleum,GB53VXXX35615951484656,2026-01-28,81907,1
PAY-91346,INV-52694,OMC-003,Rubis Energy,GB04LOQO13315098393010,2026-06-06,81033,1
PAY-14710,INV-81018,OMC-006,Hashi Energy,GB05QCFC91361939909169,2026-01-29,31775,1
PAY-40370,INV-47660,OMC-006,Hashi Energy,GB05QCFC91361939909169,2026-01-05,145612,1
PAY-71096,INV-74580,OMC-005,PetroOil Kenya,GB89GWUW86379402654235,2026-04-21,255837,1
PAY-25174,INV-82911,OMC-018,Uganda National Oil,GB36RNCH17127484677378,2025-09-08,142679,1
PAY-88359,INV-29846,OMC-011,Hass Petroleum,GB56WGCN65876036690967,2025-12-04," KES 201,015 ",1
PAY-44494,INV-47621,OMC-001,TotalEnergies Kenya,GB06DMIO52553419283276,24/07/2025,37171,1
PAY-99012,INV-74042,OMC-003,Rubis Energy,GB04LOQO13315098393010,2025-12-16,8291,2
PAY-44032,INV-88850,OMC-018,Uganda National Oil,GB36RNCH17127484677378,2025-05-24,229430,1
PAY-13832,INV-95440,OMC-018,Uganda National Oil,GB36RNCH17127484677378,2025-06-18,55219,1
PAY-24676,INV-57980,OMC-005,PetroOil Kenya,GB89GWUW86379402654235,2026-04-01,163088,1
PAY-94640,INV-74313,OMC-017,KAA Aviation,GB54HVSS04902787429671,2025-11-04,53499,1
PAY-54705,INV-92378,OMC-007,Kobil,GB37IDDX82449353487401,2026-04-27,6042,2
PAY-11242,INV-75969,OMC-012,Galana Energies,GB89GWUW86379402654235,2026-05-03,177474,1
PAY-88574,INV-74392,OMC-004,Gulf Energy,GB89GWUW86379402654235,2026-06-23,47539,2
PAY-34173,INV-95582,OMC-010,Tamoil,GB34EABH79176936763201,2025-11-08,46748,1
PAY-75615,INV-22534,OMC-004,Gulf Energy,GB89GWUW86379402654235,2026-04-23,24318,1
PAY-30459,INV-34450,OMC-010,Tamoil,GB34EABH79176936763201,2026-06-30,56187,1
PAY-94669,INV-98584,OMC-004,Gulf Energy,GB89GWUW86379402654235,2026-03-15,32139,1
PAY-62271,INV-61687,OMC-020,Ethiopian Oil,GB14NSVZ22219693792374,2026-01-26,67489,2
PAY-25083,INV-17383,OMC-016,KPA Marine,GB31MOOJ96499091334123,2026-01-25,112244,1
PAY-65072,INV-63603,OMC-014,Texol Energies,GB06ONXS45314737996507,2025-06-15,58178,2
PAY-12738,INV-30394,OMC-002,Vivo Energy,GB45OQIR01845146270482,2025-08-12,190137,1
PAY-21143,INV-90269,OMC-011,Hass Petroleum,GB56WGCN65876036690967,2025-10-02,127961,1
PAY-28737,INV-99997,OMC-015,Mombasa Petroleum,GB80WOIJ43135182337498,2026-06-13,26386,1
PAY-20094,INV-38187,OMC-019,Tanzania Petroleum,GB59MHYN05766270289517,2025-04-16,175908,1
PAY-53572,INV-67499,OMC-007,Kobil,GB37IDDX82449353487401,2026-03-26,145934,1
PAY-88879,INV-27438,OMC-016,KPA Marine,GB31MOOJ96499091334123,2025-09-15,35326,1
PAY-27211,INV-79765,OMC-013,Lake Oil,GB88TEHE71937452991241,2025-03-29,28742,1
PAY-48365,INV-92467,OMC-014,Texol Energies,GB06ONXS45314737996507,2026-03-07,55468,1
PAY-71284,INV-72244,OMC-015,Mombasa Petroleum,GB80WOIJ43135182337498,2025-05-30,233663,1
PAY-17979,INV-76823,OMC-016,KPA Marine,GB31MOOJ96499091334123,2025-06-27,59619,1
PAY-74415,INV-27501,OMC-012,Galana Energies,GB89GWUW86379402654235,2026-06-16,6217,2
PAY-55774,INV-30111,OMC-009,Dalbit Petroleum,GB53VXXX35615951484656,2026-08-06,17595,2
PAY-19793,INV-27795,OMC-002,Vivo Energy,GB45OQIR01845146270482,2025-08-09,14682,2
PAY-55013,INV-69219,OMC-013,Lake Oil,GB88TEHE71937452991241,2025-11-14,186229,1
PAY-42596,INV-56715,OMC-004,Gulf Energy,GB89GWUW86379402654235,2026-05-03,136481,1
PAY-87940,INV-66975,OMC-020,Ethiopian Oil,GB14NSVZ22219693792374,2025-08-13,33855,1
PAY-72502,INV-65705,OMC-015,Mombasa Petroleum,GB80WOIJ43135182337498,2026-05-01,166972,1
PAY-17476,INV-36798,OMC-016,KPA Marine,GB31MOOJ96499091334123,05/03/2025,53883,1
PAY-12521,INV-75599,OMC-014,Texol Energies,GB06ONXS45314737996507,2025-12-03,154050,1
PAY-26098,INV-40007,OMC-017,KAA Aviation,GB54HVSS04902787429671,2026-05-11,212720,1
PAY-32323,INV-47397,OMC-011,Hass Petroleum,GB56WGCN65876036690967,2025-10-10,46708,1
PAY-38063,INV-88513,OMC-004,Gulf Energy,GB89GWUW86379402654235,2026-06-08,55901,2
PAY-33584,INV-45483,OMC-015,Mombasa Petroleum,GB80WOIJ43135182337498,2026-08-20,114324,1
PAY-17085,INV-22981,OMC-010,Tamoil,GB34EABH79176936763201,2026-03-05,25929,1
PAY-54031,INV-52810,OMC-011,Hass Petroleum,GB56WGCN65876036690967,2026-02-16,40316,1
PAY-56355,INV-15999,OMC-004,Gulf Energy,GB89GWUW86379402654235,2026-05-02,98791,1
PAY-58146,INV-55457,OMC-011,Hass Petroleum,GB56WGCN65876036690967,2025-09-18,122167,1
PAY-28961,INV-11871,OMC-001,TotalEnergies Kenya,GB06DMIO52553419283276,2025-07-05,137699,1
PAY-99746,INV-44455,OMC-019,Tanzania Petroleum,GB59MHYN05766270289517,2025-10-31,122692,1
PAY-68478,INV-35469,OMC-010,Tamoil,GB34EABH79176936763201,2026-03-05,57952,1
PAY-38624,INV-77812,OMC-011,Hass Petroleum,GB56WGCN65876036690967,2026-03-18,198615,1
PAY-35121,INV-13660,OMC-009,Dalbit Petroleum,GB53VXXX35615951484656,2025-10-29,92099,2
PAY-23347,INV-18911,OMC-003,Rubis Energy,GB04LOQO13315098393010,2025-02-13,256540,1
PAY-97062,INV-24067,OMC-001,TotalEnergies Kenya,GB06DMIO52553419283276,2025-03-20,191697,1
PAY-64431,INV-16368,OMC-009,Dalbit Petroleum,GB53VXXX35615951484656,2026-02-02,234410,1
PAY-57065,INV-52981,OMC-018,Uganda National Oil,GB36RNCH17127484677378,2026-01-14,33888,1
PAY-24444,INV-64660,OMC-012,Galana Energies,GB89GWUW86379402654235,2026-04-13,24994,1
PAY-78811,INV-24860,OMC-010,Tamoil,GB34EABH79176936763201,2026-02-08,54068,1
PAY-21804,INV-56597,OMC-008,National Oil,GB08NAFX56342160733754,2026-01-03,134668,1
PAY-62315,INV-68040,OMC-009,Dalbit Petroleum,GB53VXXX35615951484656,2026-03-08,45145,2
PAY-22000,INV-10232,OMC-002,Vivo Energy,GB45OQIR01845146270482,2026-05-13,45976,1
PAY-37899,INV-99808,OMC-014,Texol Energies,GB06ONXS45314737996507,2025-07-05,65520,1
PAY-88315,INV-95325,OMC-007,Kobil,GB37IDDX82449353487401,2025-08-26,91745,1
PAY-19379,INV-82254,OMC-011,Hass Petroleum,GB56WGCN65876036690967,2026-07-06,303624,1
PAY-21226,INV-17788,OMC-002,Vivo Energy,GB45OQIR01845146270482,2026-02-18,135544,1
PAY-24022,INV-75672,OMC-001,TotalEnergies Kenya,GB06DMIO52553419283276,2025-09-14,145937,1
PAY-32948,INV-14433,OMC-012,Galana Energies,GB89GWUW86379402654235,2026-05-29,75429,2
PAY-32938,INV-31380,OMC-018,Uganda National Oil,GB36RNCH17127484677378,2026-08-03,35643,1
PAY-60743,INV-63753,OMC-019,Tanzania Petroleum,GB59MHYN05766270289517,2025-11-06,18758,1
PAY-63530,INV-41472,OMC-010,Tamoil,GB34EABH79176936763201,2026-01-16,119094,1
PAY-52702,INV-53203,OMC-010,Tamoil,GB34EABH79176936763201,2025-04-10," KES 194,047 ",1
PAY-43816,INV-79326,OMC-017,KAA Aviation,GB54HVSS04902787429671,2026-07-22,262909,1
PAY-28309,INV-41791,OMC-017,KAA Aviation,GB54HVSS04902787429671,2025-07-28,190659,1
PAY-69616,INV-21659,OMC-007,Kobil,GB37IDDX82449353487401,2025-03-11,225624,1
PAY-56636,INV-94414,OMC-007,Kobil,GB37IDDX82449353487401,2026-02-14,12737,1
PAY-46670,INV-40011,OMC-014,Texol Energies,GB06ONXS45314737996507,2026-05-21,49267,1
PAY-46903,INV-35285,OMC-002,Vivo Energy,GB45OQIR01845146270482,2026-07-27,198364,1
PAY-66070,INV-96691,OMC-001,TotalEnergies Kenya,GB06DMIO52553419283276,2025-08-27,210353,1
PAY-82833,INV-57855,OMC-012,Galana Energies,GB89GWUW86379402654235,2026-04-17,157314,1
PAY-90875,INV-44881,OMC-011,Hass Petroleum,GB56WGCN65876036690967,2025-12-27,27354,1
PAY-44802,INV-24385,OMC-004,Gulf Energy,GB89GWUW86379402654235,2026-06-27," KES 96,900 ",1
PAY-66332,INV-15780,OMC-019,Tanzania Petroleum,GB59MHYN05766270289517,2026-02-11,65766,1
PAY-23927,INV-13884,OMC-007,Kobil,GB37IDDX82449353487401,2025-09-02,157222,1
PAY-98527,INV-28482,OMC-004,Gulf Energy,GB89GWUW86379402654235,18/05/2026,31130,2
PAY-14618,INV-14407,OMC-017,KAA Aviation,GB54HVSS04902787429671,2025-06-13,96684,1
PAY-65076,INV-84405,OMC-005,PetroOil Kenya,GB89GWUW86379402654235,2026-04-18,5830,2
PAY-39018,INV-60571,OMC-010,Tamoil,GB34EABH79176936763201,,196668,1
PAY-27760,INV-40730,OMC-017,KAA Aviation,GB54HVSS04902787429671,2025-08-22,57704,1
PAY-43253,INV-61123,OMC-016,KPA Marine,GB31MOOJ96499091334123,2026-06-05,51445,1
PAY-83090,INV-57987,OMC-011,Hass Petroleum,GB56WGCN65876036690967,2025-11-06,23251,1
PAY-63841,INV-12371,OMC-008,National Oil,GB08NAFX56342160733754,2025-06-25,226055,1
PAY-53993,INV-26725,OMC-002,Vivo Energy,GB45OQIR01845146270482,2025-06-04,25938,1
PAY-74262,INV-62151,OMC-020,Ethiopian Oil,GB14NSVZ22219693792374,2025-05-08,32207,1
PAY-16878,INV-23722,OMC-020,Ethiopian Oil,GB14NSVZ22219693792374,2026-07-24,29447,1
PAY-43125,INV-96176,OMC-013,Lake Oil,GB88TEHE71937452991241,2026-07-18,37235,1
PAY-10975,INV-94484,OMC-009,Dalbit Petroleum,GB53VXXX35615951484656,2026-07-01," KES 84,635 ",2
PAY-32084,INV-16220,OMC-001,TotalEnergies Kenya,GB06DMIO52553419283276,2025-07-21,270894,1
PAY-77575,INV-41417,OMC-012,Galana Energies,GB89GWUW86379402654235,2026-03-09,18416,1
PAY-65496,INV-58874,OMC-012,Galana Energies,GB89GWUW86379402654235,2026-04-27,11519,2
PAY-93005,INV-97074,OMC-003,Rubis Energy,GB04LOQO13315098393010,2026-03-10,45970,1
PAY-35457,INV-36543,OMC-004,Gulf Energy,GB89GWUW86379402654235,2026-05-11,31395,1
PAY-35318,INV-62297,OMC-015,Mombasa Petroleum,GB80WOIJ43135182337498,2025-06-29,228037,1
PAY-98016,INV-94471,OMC-010,Tamoil,GB34EABH79176936763201,2025-04-21,281145,1
PAY-22927,INV-29544,OMC-018,Uganda National Oil,GB36RNCH17127484677378,2025-02-27,246482,1
PAY-60577,INV-36574,OMC-004,Gulf Energy,GB89GWUW86379402654235,2026-06-18,86818,1
PAY-69701,INV-43272,OMC-011,Hass Petroleum,GB56WGCN65876036690967,2025-02-17,33816,1
PAY-83061,INV-75174,OMC-014,Texol Energies,GB06ONXS45314737996507,2025-03-21,11739,1
PAY-57267,INV-12426,OMC-018,Uganda National Oil,GB36RNCH17127484677378,2025-09-22,217821,1
PAY-72021,INV-68040,OMC-009,Dalbit Petroleum,GB53VXXX35615951484656,,173427,1
PAY-76311,INV-31302,OMC-010,Tamoil,GB34EABH79176936763201,2025-12-22,225458,1
PAY-90738,INV-76183,OMC-013,Lake Oil,GB88TEHE71937452991241,2025-09-22,185151,1
PAY-84072,INV-91132,OMC-013,Lake Oil,GB88TEHE71937452991241,2025-05-20,145905,1
PAY-95344,INV-23483,OMC-012,Galana Energies,GB89GWUW86379402654235,2026-06-10,39332,1
PAY-15555,INV-54362,OMC-014,Texol Energies,GB06ONXS45314737996507,2025-07-31,18036,1
PAY-34868,INV-44715,OMC-006,Hashi Energy,GB05QCFC91361939909169,2026-05-22,127867,1
PAY-60721,INV-72872,OMC-006,Hashi Energy,GB05QCFC91361939909169,2026-06-18,63443,1
PAY-12626,INV-48399,OMC-018,Uganda National Oil,GB36RNCH17127484677378,2026-06-26,144987,1
PAY-17332,INV-16157,OMC-014,Texol Energies,GB06ONXS45314737996507,2025-11-02,32961,2
PAY-61905,INV-61200,OMC-015,Mombasa Petroleum,GB80WOIJ43135182337498,2026-06-10,44967,1
PAY-51509,INV-62861,OMC-018,Uganda National Oil,GB36RNCH17127484677378,2026-02-28,156831,1
PAY-18405,INV-39656,OMC-008,National Oil,GB08NAFX56342160733754,2026-04-10,35358,1
PAY-80287,INV-96742,OMC-006,Hashi Energy,GB05QCFC91361939909169,2025-03-12,169170,1
PAY-20883,INV-50886,OMC-010,Tamoil,GB34EABH79176936763201,2026-01-10,68506,2
PAY-35079,INV-69843,OMC-006,Hashi Energy,GB05QCFC91361939909169,2026-01-22,64812,1
PAY-45459,INV-58818,OMC-013,Lake Oil,GB88TEHE71937452991241,2026-01-24,279639,1
PAY-44875,INV-31870,OMC-001,TotalEnergies Kenya,GB06DMIO52553419283276,2025-06-09,82957,1
PAY-76356,INV-35125,OMC-003,Rubis Energy,GB04LOQO13315098393010,2025-07-25,40607,1
PAY-93608,INV-19540,OMC-009,Dalbit Petroleum,GB53VXXX35615951484656,2025-08-29," KES 42,185 ",1
PAY-68960,INV-40890,OMC-011,Hass Petroleum,GB56WGCN65876036690967,10/06/2025,270024,1
PAY-35540,INV-58592,OMC-011,Hass Petroleum,GB56WGCN65876036690967,2025-03-30,54275,1
PAY-92599,INV-51942,OMC-011,Hass Petroleum,GB56WGCN65876036690967,,261307,1
PAY-55536,INV-94484,OMC-009,Dalbit Petroleum,GB53VXXX35615951484656,2026-06-16,120161,1
PAY-83912,INV-57792,OMC-009,Dalbit Petroleum,GB53VXXX35615951484656,2025-09-01,118104,2
PAY-61889,INV-91514,OMC-005,PetroOil Kenya,GB89GWUW86379402654235,22/05/2026,26495,1
PAY-35983,INV-36505,OMC-020,Ethiopian Oil,GB14NSVZ22219693792374,02/08/2026,154182,1
PAY-55808,INV-25057,OMC-017,KAA Aviation,GB54HVSS04902787429671,2025-11-17,147900,1
PAY-70108,INV-15653,OMC-015,Mombasa Petroleum,GB80WOIJ43135182337498,2026-01-31,48063,1
PAY-73913,INV-94624,OMC-001,TotalEnergies Kenya,GB06DMIO52553419283276,2025-11-11,72644,2
PAY-69786,INV-18225,OMC-012,Galana Energies,GB89GWUW86379402654235,2026-05-22,13215,2
PAY-15212,INV-85775,OMC-003,Rubis Energy,GB04LOQO13315098393010,2026-04-23,18391,2
PAY-27257,INV-48289,OMC-006,Hashi Energy,GB05QCFC91361939909169,2026-05-23,139881,1
PAY-23513,INV-69372,OMC-014,Texol Energies,GB06ONXS45314737996507,2025-04-07,31124,1
PAY-32187,INV-50417,OMC-019,Tanzania Petroleum,GB59MHYN05766270289517,2025-10-29,58049,1
PAY-15567,INV-58881,OMC-009,Dalbit Petroleum,GB53VXXX35615951484656,2026-04-20,51478,1
PAY-91819,INV-44408,OMC-006,Hashi Energy,GB05QCFC91361939909169,2025-07-28,54640,1
PAY-19402,INV-10211,OMC-002,Vivo Energy,GB45OQIR01845146270482,2025-05-27,153467,1
PAY-44534,INV-63334,OMC-007,Kobil,GB37IDDX82449353487401,2025-07-18,133883,1
PAY-17448,INV-65667,OMC-008,National Oil,GB08NAFX56342160733754,2025-08-28,237561,1
PAY-43872,INV-12817,OMC-002,Vivo Energy,GB45OQIR01845146270482,2025-06-25,221179,1
PAY-31919,INV-32666,OMC-008,National Oil,GB08NAFX56342160733754,2025-06-25,21160,1
PAY-61521,INV-85680,OMC-015,Mombasa Petroleum,GB80WOIJ43135182337498,2025-08-13,114760,1
PAY-57548,INV-36925,OMC-007,Kobil,GB37IDDX82449353487401,2026-04-18,159543,1
PAY-79810,INV-39065,OMC-004,Gulf Energy,GB89GWUW86379402654235,2026-05-02,261150,1
PAY-18913,INV-40824,OMC-006,Hashi Energy,GB05QCFC91361939909169,,32174,1
PAY-32978,INV-58069,OMC-016,KPA Marine,GB31MOOJ96499091334123,2025-11-21,128505,1
PAY-72726,INV-92243,OMC-011,Hass Petroleum,GB56WGCN65876036690967,2025-05-01,162774,1
PAY-37943,INV-85937,OMC-008,National Oil,GB08NAFX56342160733754,2026-03-19,195801,1
PAY-58827,INV-75047,OMC-017,KAA Aviation,GB54HVSS04902787429671,2026-06-11,53031,1
PAY-28275,INV-21909,OMC-009,Dalbit Petroleum,GB53VXXX35615951484656,2026-07-20,39462,1
PAY-87639,INV-83774,OMC-014,Texol Energies,GB06ONXS45314737996507,2025-10-18,66622,2
PAY-31283,INV-40474,OMC-007,Kobil,GB37IDDX82449353487401,2025-10-04,104909,1
PAY-19451,INV-54640,OMC-016,KPA Marine,GB31MOOJ96499091334123,2025-11-04,47727,2
PAY-99441,INV-26444,OMC-004,Gulf Energy,GB89GWUW86379402654235,2026-05-17,191836,1
PAY-58983,INV-98364,OMC-013,Lake Oil,GB88TEHE71937452991241,2026-01-09," KES 54,807 ",1
PAY-90030,INV-48610,OMC-004,Gulf Energy,GB89GWUW86379402654235,2026-04-16,48852,2
PAY-59581,INV-55909,OMC-009,Dalbit Petroleum,GB53VXXX35615951484656,2025-12-09,170439,1
PAY-68653,INV-20872,OMC-003,Rubis Energy,GB04LOQO13315098393010,2026-04-06,260658,1
PAY-22188,INV-73676,OMC-009,Dalbit Petroleum,GB53VXXX35615951484656,2026-03-14,43282,1
PAY-88142,INV-54249,OMC-014,Texol Energies,GB06ONXS45314737996507,2026-04-21,23918,1
PAY-49665,INV-33990,OMC-017,KAA Aviation,GB54HVSS04902787429671,2025-09-21,41081,1
PAY-91084,INV-10173,OMC-008,National Oil,GB08NAFX56342160733754,2026-03-16,203464,1
PAY-12214,INV-87094,OMC-009,Dalbit Petroleum,GB53VXXX35615951484656,2025-09-24,109888,1
PAY-48090,INV-34814,OMC-015,Mombasa Petroleum,GB80WOIJ43135182337498,2026-03-18,104358,1
PAY-32351,INV-27888,OMC-005,PetroOil Kenya,GB89GWUW86379402654235,2026-05-24,123187,2
PAY-90076,INV-62525,OMC-020,Ethiopian Oil,GB14NSVZ22219693792374,2026-05-06,115166,1
PAY-27615,INV-47034,OMC-003,Rubis Energy,GB04LOQO13315098393010,2025-12-10," KES 259,903 ",1
PAY-94481,INV-90626,OMC-001,TotalEnergies Kenya,GB06DMIO52553419283276,2025-11-01," KES 88,077 ",2
PAY-66045,INV-93129,OMC-017,KAA Aviation,GB54HVSS04902787429671,2025-05-25,259340,1
PAY-93830,INV-10316,OMC-013,Lake Oil,GB88TEHE71937452991241,2025-07-16,100779,1
PAY-45109,INV-42307,OMC-004,Gulf Energy,GB89GWUW86379402654235,2026-05-27,222607,1
PAY-27033,INV-80027,OMC-002,Vivo Energy,GB45OQIR01845146270482,2025-05-21,146438,1
PAY-55372,INV-67997,OMC-003,Rubis Energy,GB04LOQO13315098393010,2025-02-26,16452,2
PAY-39463,INV-78969,OMC-017,KAA Aviation,GB54HVSS04902787429671,2026-03-09,110341,1
PAY-80744,INV-82478,OMC-005,PetroOil Kenya,GB89GWUW86379402654235,2026-06-02,214414,1
PAY-49628,INV-94427,OMC-018,Uganda National Oil,GB36RNCH17127484677378,2025-10-22,107730,1
PAY-21950,INV-29273,OMC-019,Tanzania Petroleum,GB59MHYN05766270289517,2025-12-14,100113,1
PAY-96937,INV-94784,OMC-005,PetroOil Kenya,GB89GWUW86379402654235,2026-04-12,83194,1
PAY-84311,INV-63437,OMC-014,Texol Energies,GB06ONXS45314737996507,2026-03-24,132137,1
PAY-84641,INV-87648,OMC-012,Galana Energies,GB89GWUW86379402654235,2026-06-24,47857,2
PAY-88014,INV-38533,OMC-014,Texol Energies,GB06ONXS45314737996507,2026-02-17,157155,1
PAY-12315,INV-35355,OMC-014,Texol Energies,GB06ONXS45314737996507,2025-08-29,142040,1
PAY-40583,INV-56445,OMC-014,Texol Energies,GB06ONXS45314737996507,2025-07-11,26613,1
PAY-49348,INV-68588,OMC-006,Hashi Energy,GB05QCFC91361939909169,2026-06-28,130758,1
PAY-83570,INV-39609,OMC-006,Hashi Energy,GB05QCFC91361939909169,2026-08-05,14115,2
PAY-22015,INV-30954,OMC-015,Mombasa Petroleum,GB80WOIJ43135182337498,2026-06-24,31704,1
PAY-42891,INV-66317,OMC-004,Gulf Energy,GB89GWUW86379402654235,2026-03-19,37478,1
PAY-90027,INV-28327,OMC-016,KPA Marine,GB31MOOJ96499091334123,2026-08-25,64932,1
PAY-89950,INV-67991,OMC-001,TotalEnergies Kenya,GB06DMIO52553419283276,2026-04-22,188616,1
PAY-78070,INV-80263,OMC-002,Vivo Energy,GB45OQIR01845146270482,2026-07-20,189485,1
PAY-28592,INV-77475,OMC-019,Tanzania Petroleum,GB59MHYN05766270289517,2025-07-08,92625,1
PAY-54615,INV-99209,OMC-006,Hashi Energy,GB05QCFC91361939909169,2026-05-28,51492,1
PAY-54386,INV-96512,OMC-011,Hass Petroleum,GB56WGCN65876036690967,2026-03-20,52385,1
PAY-37744,INV-87634,OMC-014,Texol Energies,GB06ONXS45314737996507,2025-11-03," KES 18,360 ",2
PAY-98951,INV-95964,OMC-007,Kobil,GB37IDDX82449353487401,2025-09-08,108097,1
PAY-46222,INV-47967,OMC-017,KAA Aviation,GB54HVSS04902787429671,2025-10-16,204777,1
PAY-78211,INV-69618,OMC-010,Tamoil,GB34EABH79176936763201,2025-10-25,42259,1
PAY-39791,INV-22562,OMC-006,Hashi Energy,GB05QCFC91361939909169,2025-05-05,13588,2
PAY-19006,INV-23894,OMC-013,Lake Oil,GB88TEHE71937452991241,,211140,1
PAY-62988,INV-46625,OMC-012,Galana Energies,GB89GWUW86379402654235,2026-05-02,143244,1
PAY-56034,INV-65738,OMC-006,Hashi Energy,GB05QCFC91361939909169,,176102,1
PAY-47113,INV-12535,OMC-014,Texol Energies,GB06ONXS45314737996507,2025-09-23,160537,1
PAY-71954,INV-47798,OMC-020,Ethiopian Oil,GB14NSVZ22219693792374,2026-01-13,32823,1
PAY-87664,INV-72503,OMC-009,Dalbit Petroleum,GB53VXXX35615951484656,2025-12-01,241712,1
PAY-64536,INV-79121,OMC-008,National Oil,GB08NAFX56342160733754,2026-07-13,155378,1
PAY-73506,INV-11607,OMC-013,Lake Oil,GB88TEHE71937452991241,2025-03-24,26694,1
PAY-55942,INV-35393,OMC-001,TotalEnergies Kenya,GB06DMIO52553419283276,2026-07-27,185665,1
PAY-33200,INV-33263,OMC-016,KPA Marine,GB31MOOJ96499091334123,2026-01-25,12718,2
PAY-25175,INV-99168,OMC-003,Rubis Energy,GB04LOQO13315098393010,2025-03-16,29912,1
PAY-24558,INV-49654,OMC-006,Hashi Energy,GB05QCFC91361939909169,2025-08-25,25265,1
PAY-11946,INV-75135,OMC-007,Kobil,GB37IDDX82449353487401,2026-03-26,209192,1
PAY-31257,INV-76929,OMC-019,Tanzania Petroleum,GB59MHYN05766270289517,2025-03-23,195481,1
PAY-98191,INV-30317,OMC-015,Mombasa Petroleum,GB80WOIJ43135182337498,22/02/2025,201540,1
PAY-30465,INV-40922,OMC-014,Texol Energies,GB06ONXS45314737996507,2026-07-03,13883,2
PAY-12534,INV-23186,OMC-014,Texol Energies,GB06ONXS45314737996507,2025-10-28,76144,1
PAY-63443,INV-16773,OMC-009,Dalbit Petroleum,GB53VXXX35615951484656,2026-06-23," KES 44,379 ",1
PAY-19700,INV-61416,OMC-009,Dalbit Petroleum,GB53VXXX35615951484656,2025-06-22,9763,2
PAY-25851,INV-38838,OMC-019,Tanzania Petroleum,GB59MHYN05766270289517,2025-09-12,43265,1
PAY-12543,INV-53597,OMC-009,Dalbit Petroleum,GB53VXXX35615951484656,2026-06-18,37678,1
PAY-14786,INV-17004,OMC-009,Dalbit Petroleum,GB53VXXX35615951484656,2025-07-20,210698,1
PAY-57640,INV-86104,OMC-003,Rubis Energy,GB04LOQO13315098393010,2026-02-02,62857,1
PAY-34466,INV-46494,OMC-014,Texol Energies,GB06ONXS45314737996507,,39988,1
PAY-31730,INV-13744,OMC-012,Galana Energies,GB89GWUW86379402654235,2026-05-08,123044,1
PAY-92439,INV-38047,OMC-002,Vivo Energy,GB45OQIR01845146270482,2025-03-28,76673,1
PAY-86412,INV-37392,OMC-014,Texol Energies,GB06ONXS45314737996507,2026-04-03,9262,2
PAY-37361,INV-65034,OMC-014,Texol Energies,GB06ONXS45314737996507,2025-11-29,31538,1
PAY-91750,INV-95943,OMC-013,Lake Oil,GB88TEHE71937452991241,2026-01-31,193466,1
PAY-64758,INV-16714,OMC-002,Vivo Energy,GB45OQIR01845146270482,2025-11-07,107226,1
PAY-44018,INV-78572,OMC-003,Rubis Energy,GB04LOQO13315098393010,2025-09-26," KES 27,838 ",1
PAY-72804,INV-19582,OMC-018,Uganda National Oil,GB36RNCH17127484677378,2026-06-05,45420,1
PAY-81829,INV-61204,OMC-015,Mombasa Petroleum,GB80WOIJ43135182337498,2025-03-20,126319,1
PAY-63306,INV-32052,OMC-009,Dalbit Petroleum,GB53VXXX35615951484656,2026-08-20,53434,1
PAY-20345,INV-11885,OMC-007,Kobil,GB37IDDX82449353487401,2026-04-12,101314,1
PAY-58891,INV-13843,OMC-007,Kobil,GB37IDDX82449353487401,2025-11-14,64382,2
PAY-32829,INV-36517,OMC-001,TotalEnergies Kenya,GB06DMIO52553419283276,2025-04-26,193377,1
PAY-39045,INV-55913,OMC-015,Mombasa Petroleum,GB80WOIJ43135182337498,2025-11-09,62078,1
PAY-77749,INV-36577,OMC-014,Texol Energies,GB06ONXS45314737996507,2025-02-13,166118,1
PAY-17648,INV-41429,OMC-011,Hass Petroleum,GB56WGCN65876036690967,2025-03-06,57626,2
PAY-38333,INV-85027,OMC-008,National Oil,GB08NAFX56342160733754,,148406,1
PAY-73334,INV-44608,OMC-017,KAA Aviation,GB54HVSS04902787429671,2026-07-07,130968,1
PAY-33227,INV-22292,OMC-007,Kobil,GB37IDDX82449353487401,2026-02-13,163005,1
PAY-13518,INV-68903,OMC-003,Rubis Energy,GB04LOQO13315098393010,2025-04-30,87066,1
PAY-55782,INV-36076,OMC-002,Vivo Energy,GB45OQIR01845146270482,2025-03-28," KES 129,270 ",1
PAY-83953,INV-28734,OMC-001,TotalEnergies Kenya,GB06DMIO52553419283276,,54609,2
PAY-98839,INV-93774,OMC-020,Ethiopian Oil,GB14NSVZ22219693792374,2025-04-28," KES 12,393 ",2
PAY-18382,INV-20150,OMC-020,Ethiopian Oil,GB14NSVZ22219693792374,2025-09-19,54195,2
PAY-37172,INV-93917,OMC-006,Hashi Energy,GB05QCFC91361939909169,2025-05-05,42775,1
PAY-54752,INV-21747,OMC-008,National Oil,GB08NAFX56342160733754,2026-04-13,305345,1
PAY-47475,INV-57992,OMC-009,Dalbit Petroleum,GB53VXXX35615951484656,28/05/2025,127214,1
PAY-73314,INV-61022,OMC-017,KAA Aviation,GB54HVSS04902787429671,2026-01-31,105934,1
PAY-48383,INV-23484,OMC-019,Tanzania Petroleum,GB59MHYN05766270289517,2025-05-23,30821,1
PAY-55204,INV-77217,OMC-013,Lake Oil,GB88TEHE71937452991241,2025-09-26,37780,1
PAY-19761,INV-45001,OMC-019,Tanzania Petroleum,GB59MHYN05766270289517,2026-04-13,48156,2
PAY-89344,INV-75539,OMC-009,Dalbit Petroleum,GB53VXXX35615951484656,2025-08-01,37177,1
PAY-70454,INV-41811,OMC-016,KPA Marine,GB31MOOJ96499091334123,2025-10-12,187249,1
PAY-68600,INV-60964,OMC-018,Uganda National Oil,GB36RNCH17127484677378,2025-10-19,49858,1
PAY-95176,INV-69420,OMC-009,Dalbit Petroleum,GB53VXXX35615951484656,2025-05-16,46959,2
PAY-93130,INV-98430,OMC-008,National Oil,GB08NAFX56342160733754,21/10/2025,117162,1
PAY-19364,INV-35539,OMC-018,Uganda National Oil,GB36RNCH17127484677378,2026-03-31,236935,1
PAY-12107,INV-25949,OMC-010,Tamoil,GB34EABH79176936763201,2025-04-15,38522,2
PAY-20943,INV-55832,OMC-016,KPA Marine,GB31MOOJ96499091334123,2025-09-10,160143,1
PAY-41381,INV-31709,OMC-019,Tanzania Petroleum,GB59MHYN05766270289517,2025-07-01,99091,1
PAY-18332,INV-25799,OMC-007,Kobil,GB37IDDX82449353487401,2025-12-12,175819,1
PAY-65303,INV-53137,OMC-004,Gulf Energy,GB89GWUW86379402654235,2026-05-10,22470,1
PAY-55483,INV-64998,OMC-006,Hashi Energy,GB05QCFC91361939909169,31/08/2025,173861,1
PAY-89106,INV-64022,OMC-008,National Oil,GB08NAFX56342160733754,2026-07-18,21366,1
PAY-11506,INV-19707,OMC-018,Uganda National Oil,GB36RNCH17127484677378,2025-08-05,97083,1
PAY-41897,INV-29851,OMC-008,National Oil,GB08NAFX56342160733754,2026-05-18,168854,1
PAY-89501,INV-48736,OMC-016,KPA Marine,GB31MOOJ96499091334123,2025-06-06,192330,1
PAY-18154,INV-63290,OMC-015,Mombasa Petroleum,GB80WOIJ43135182337498,2026-06-17,35841,1
PAY-72211,INV-49308,OMC-013,Lake Oil,GB88TEHE71937452991241,2026-06-13,105789,1
PAY-15212,INV-56053,OMC-004,Gulf Energy,GB89GWUW86379402654235,2026-04-23,23053,1
PAY-48787,INV-95075,OMC-015,Mombasa Petroleum,GB80WOIJ43135182337498,2026-05-22,243685,1
PAY-77430,INV-86921,OMC-003,Rubis Energy,GB04LOQO13315098393010,2026-04-07,7019,2
PAY-82740,INV-26619,OMC-007,Kobil,GB37IDDX82449353487401,,34982,1
PAY-41220,INV-30113,OMC-013,Lake Oil,GB88TEHE71937452991241,2025-07-28,24081,1
PAY-60742,INV-77780,OMC-010,Tamoil,GB34EABH79176936763201,2026-05-27,12854,2
PAY-77692,INV-47399,OMC-005,PetroOil Kenya,GB89GWUW86379402654235,2026-04-21,238741,1
PAY-72110,INV-98655,OMC-014,Texol Energies,GB06ONXS45314737996507,2026-07-11,158432,1
PAY-72732,INV-95082,OMC-003,Rubis Energy,GB04LOQO13315098393010,2026-01-21,112480,1
PAY-24060,INV-61457,OMC-015,Mombasa Petroleum,GB80WOIJ43135182337498,2025-08-09,104032,1
PAY-70302,INV-46386,OMC-020,Ethiopian Oil,GB14NSVZ22219693792374,2025-04-26,152823,1
PAY-27402,INV-19565,OMC-019,Tanzania Petroleum,GB59MHYN05766270289517,2025-05-04,205462,1
PAY-22205,INV-77737,OMC-002,Vivo Energy,GB45OQIR01845146270482,2025-06-21,44306,1
PAY-89929,INV-11788,OMC-019,Tanzania Petroleum,GB59MHYN05766270289517,2025-12-29,96432,1
PAY-45511,INV-90324,OMC-006,Hashi Energy,GB05QCFC91361939909169,2025-03-18,176232,1
PAY-19631,INV-52675,OMC-010,Tamoil,GB34EABH79176936763201,2025-09-28,52779,1
PAY-98989,INV-48382,OMC-016,KPA Marine,GB31MOOJ96499091334123,2025-11-17,137977,1
PAY-41580,INV-77484,OMC-003,Rubis Energy,GB04LOQO13315098393010,05/01/2026,115935,1
PAY-68730,INV-34852,OMC-003,Rubis Energy,GB04LOQO13315098393010,2026-03-08,220328,1
PAY-45845,INV-66227,OMC-002,Vivo Energy,GB45OQIR01845146270482,2026-05-15,38103,1
PAY-69738,INV-71861,OMC-008,National Oil,GB08NAFX56342160733754,2025-09-20,151692,1
PAY-86973,INV-36457,OMC-007,Kobil,GB37IDDX82449353487401,2026-03-08,94509,1
PAY-32649,INV-90452,OMC-017,KAA Aviation,GB54HVSS04902787429671,2025-05-05,210235,1
PAY-95681,INV-88453,OMC-006,Hashi Energy,GB05QCFC91361939909169,2025-04-12,61515,1
PAY-11000,INV-85177,OMC-019,Tanzania Petroleum,GB59MHYN05766270289517,2025-10-16,260814,1
PAY-39129,INV-83268,OMC-013,Lake Oil,GB88TEHE71937452991241,2025-10-26,242085,1
PAY-92025,INV-37536,OMC-018,Uganda National Oil,GB36RNCH17127484677378,03/06/2025,284804,1
PAY-41440,INV-10770,OMC-008,National Oil,GB08NAFX56342160733754,2025-02-11,165712,1
PAY-66404,INV-89568,OMC-013,Lake Oil,GB88TEHE71937452991241,2026-06-10,247544,1
PAY-50928,INV-32287,OMC-001,TotalEnergies Kenya,GB06DMIO52553419283276,2026-07-31,41212,2
PAY-25131,INV-62437,OMC-012,Galana Energies,GB89GWUW86379402654235,2026-05-17,15226,2
PAY-19976,INV-72839,OMC-002,Vivo Energy,GB45OQIR01845146270482,2026-04-17,23467,1
PAY-30121,INV-68690,OMC-009,Dalbit Petroleum,GB53VXXX35615951484656,2026-07-25,43768,1
PAY-58924,INV-23013,OMC-011,Hass Petroleum,GB56WGCN65876036690967,2026-07-02,281812,1
PAY-64409,INV-94665,OMC-017,KAA Aviation,GB54HVSS04902787429671,2025-08-05,46451,1
PAY-60365,INV-51521,OMC-016,KPA Marine,GB31MOOJ96499091334123,2026-07-10,54798,1
PAY-51206,INV-45404,OMC-018,Uganda National Oil,GB36RNCH17127484677378,2025-08-08,49211,1
PAY-97851,INV-65722,OMC-011,Hass Petroleum,GB56WGCN65876036690967,2026-03-11,126916,1
PAY-52247,INV-69580,OMC-006,Hashi Energy,GB05QCFC91361939909169,2026-03-29,56315,1
PAY-36293,INV-17485,OMC-019,Tanzania Petroleum,GB59MHYN05766270289517,2026-06-01,63907,1
PAY-74372,INV-82919,OMC-014,Texol Energies,GB06ONXS45314737996507,2025-08-20,48534,1
PAY-77928,INV-23516,OMC-006,Hashi Energy,GB05QCFC91361939909169,2025-12-16,251434,1
PAY-66876,INV-75457,OMC-004,Gulf Energy,GB89GWUW86379402654235,2026-05-05,91896,2
PAY-38461,INV-76565,OMC-017,KAA Aviation,GB54HVSS04902787429671,2025-05-10,40873,1
PAY-62400,INV-99628,OMC-018,Uganda National Oil,GB36RNCH17127484677378,2025-09-16,24016,1
PAY-30673,INV-41029,OMC-008,National Oil,GB08NAFX56342160733754,,177571,1
PAY-66081,INV-99716,OMC-016,KPA Marine,GB31MOOJ96499091334123,2025-10-12,214342,1
PAY-77603,INV-16446,OMC-001,TotalEnergies Kenya,GB06DMIO52553419283276,2026-07-11,231434,1
PAY-26600,INV-19581,OMC-005,PetroOil Kenya,GB89GWUW86379402654235,2026-04-13,18105,2
PAY-88503,INV-69526,OMC-003,Rubis Energy,GB04LOQO13315098393010,2025-04-01,21421,1
PAY-57724,INV-87593,OMC-012,Galana Energies,GB89GWUW86379402654235,2026-05-05,97564,1
PAY-84259,INV-75460,OMC-005,PetroOil Kenya,GB89GWUW86379402654235,2026-04-22,363817,1
PAY-27007,INV-93457,OMC-008,National Oil,GB08NAFX56342160733754,2026-05-09,143312,1
PAY-12939,INV-95542,OMC-009,Dalbit Petroleum,GB53VXXX35615951484656,11/06/2025,40855,1
PAY-34127,INV-21172,OMC-015,Mombasa Petroleum,GB80WOIJ43135182337498,2026-02-01,203941,1
PAY-96829,INV-42140,OMC-016,KPA Marine,GB31MOOJ96499091334123,2025-04-22,10186,2
PAY-53298,INV-70131,OMC-012,Galana Energies,GB89GWUW86379402654235,2026-04-21,131849,1
PAY-70198,INV-42551,OMC-001,TotalEnergies Kenya,GB06DMIO52553419283276,2026-04-14,103850,1
PAY-15087,INV-75889,OMC-008,National Oil,GB08NAFX56342160733754,2025-03-22,173572,1
PAY-97493,INV-37751,OMC-006,Hashi Energy,GB05QCFC91361939909169,2026-06-27,45003,2
PAY-12068,INV-58006,OMC-004,Gulf Energy,GB89GWUW86379402654235,2026-03-06,244916,1
PAY-49347,INV-96476,OMC-016,KPA Marine,GB31MOOJ96499091334123,2025-11-28,155014,1
PAY-57603,INV-59396,OMC-005,PetroOil Kenya,GB89GWUW86379402654235,2026-04-27,103547,1
PAY-46922,INV-44744,OMC-003,Rubis Energy,GB04LOQO13315098393010,2026-01-20,75660,2
PAY-42728,INV-27109,OMC-016,KPA Marine,GB31MOOJ96499091334123,2025-03-25,255249,1
PAY-26547,INV-20458,OMC-017,KAA Aviation,GB54HVSS04902787429671,,48446,1
PAY-97074,INV-14974,OMC-004,Gulf Energy,GB89GWUW86379402654235,2026-05-23,64607,2
PAY-62996,INV-90774,OMC-004,Gulf Energy,GB89GWUW86379402654235,2026-05-28,255082,1
PAY-98621,INV-27075,OMC-008,National Oil,GB08NAFX56342160733754,2026-03-16,172549,1
PAY-45185,INV-25446,OMC-006,Hashi Energy,GB05QCFC91361939909169,2026-01-11,167101,1
PAY-12766,INV-85408,OMC-015,Mombasa Petroleum,GB80WOIJ43135182337498,2025-04-22,37442,1
PAY-18807,INV-65533,OMC-010,Tamoil,GB34EABH79176936763201,2025-09-18,78032,2
PAY-30125,INV-66248,OMC-009,Dalbit Petroleum,GB53VXXX35615951484656,2025-09-23,51211,1
PAY-21076,INV-62291,OMC-016,KPA Marine,GB31MOOJ96499091334123,2025-12-11,271853,1
PAY-84419,INV-22562,OMC-006,Hashi Energy,GB05QCFC91361939909169,2025-04-14,49998,1
PAY-67462,INV-43740,OMC-013,Lake Oil,GB88TEHE71937452991241,2025-03-20,194798,1
PAY-47452,INV-99976,OMC-020,Ethiopian Oil,GB14NSVZ22219693792374,2026-02-02,149536,1
PAY-18088,INV-64549,OMC-020,Ethiopian Oil,GB14NSVZ22219693792374,2025-03-30,118908,1
PAY-39933,INV-82953,OMC-019,Tanzania Petroleum,GB59MHYN05766270289517,2025-07-02,34538,1
PAY-86835,INV-41222,OMC-015,Mombasa Petroleum,GB80WOIJ43135182337498,2026-03-18," KES 25,009 ",1
PAY-69503,INV-27623,OMC-007,Kobil,GB37IDDX82449353487401,2025-07-18,160624,1
PAY-60694,INV-98234,OMC-007,Kobil,GB37IDDX82449353487401,2026-05-17,40685,1
PAY-37066,INV-36347,OMC-004,Gulf Energy,GB89GWUW86379402654235,2026-06-11,127441,2
PAY-91241,INV-57578,OMC-012,Galana Energies,GB89GWUW86379402654235,2026-05-26,10598,2
PAY-61614,INV-75406,OMC-009,Dalbit Petroleum,GB53VXXX35615951484656,2025-06-11,118906,1
PAY-46525,INV-43125,OMC-001,TotalEnergies Kenya,GB06DMIO52553419283276,2026-04-01,25141,1
PAY-58005,INV-41302,OMC-003,Rubis Energy,GB04LOQO13315098393010,2026-05-30,162731,1
PAY-27413,INV-30444,OMC-020,Ethiopian Oil,GB14NSVZ22219693792374,2026-03-08,30309,1
PAY-71061,INV-81578,OMC-001,TotalEnergies Kenya,GB06DMIO52553419283276,2025-05-09,9378,2
PAY-60213,INV-77147,OMC-001,TotalEnergies Kenya,GB06DMIO52553419283276,2026-08-14,231190,1
PAY-85847,INV-61057,OMC-005,PetroOil Kenya,GB89GWUW86379402654235,2026-05-27,41444,1
PAY-39160,INV-49403,OMC-014,Texol Energies,GB06ONXS45314737996507,2026-06-12,127765,1
PAY-73207,INV-94644,OMC-020,Ethiopian Oil,GB14NSVZ22219693792374,2025-09-02,250615,1
PAY-32595,INV-10923,OMC-018,Uganda National Oil,GB36RNCH17127484677378,25/06/2026,192274,1
PAY-61350,INV-59396,OMC-005,PetroOil Kenya,GB89GWUW86379402654235,2026-05-20,96371,2
PAY-17291,INV-34650,OMC-016,KPA Marine,GB31MOOJ96499091334123,2025-05-12,18040,1
PAY-22990,INV-57564,OMC-013,Lake Oil,GB88TEHE71937452991241,2026-04-30,168443,1
PAY-32192,INV-78891,OMC-018,Uganda National Oil,GB36RNCH17127484677378,2025-08-15," KES 166,943 ",1
PAY-57135,INV-22859,OMC-005,PetroOil Kenya,GB89GWUW86379402654235,2026-05-02,68863,1
PAY-44789,INV-20296,OMC-001,TotalEnergies Kenya,GB06DMIO52553419283276,,11455,2
PAY-34821,INV-35649,OMC-003,Rubis Energy,GB04LOQO13315098393010,2025-03-22,175200,1
PAY-60257,INV-11558,OMC-012,Galana Energies,GB89GWUW86379402654235,2026-04-12," KES 92,477 ",2
PAY-44093,INV-33648,OMC-008,National Oil,GB08NAFX56342160733754,2025-05-11,126052,1
PAY-13629,INV-81435,OMC-007,Kobil,GB37IDDX82449353487401,2025-03-07,70851,1
PAY-61278,INV-46655,OMC-011,Hass Petroleum,GB56WGCN65876036690967,2025-05-13,151291,1
PAY-70158,INV-18586,OMC-014,Texol Energies,GB06ONXS45314737996507,2025-03-11,154779,1
PAY-36338,INV-63634,OMC-017,KAA Aviation,GB54HVSS04902787429671,2026-02-15,212963,1
PAY-57438,INV-85711,OMC-003,Rubis Energy,GB04LOQO13315098393010,2026-02-01,250927,1
PAY-58633,INV-52732,OMC-002,Vivo Energy,GB45OQIR01845146270482,2026-05-15,122507,1
PAY-85955,INV-76599,OMC-003,Rubis Energy,GB04LOQO13315098393010,2026-01-19,56339,1
PAY-21799,INV-25292,OMC-003,Rubis Energy,GB04LOQO13315098393010,2026-03-15,147326,1
PAY-29869,INV-96336,OMC-019,Tanzania Petroleum,GB59MHYN05766270289517,2025-12-28," KES 182,818 ",1
PAY-31272,INV-33849,OMC-012,Galana Energies,GB89GWUW86379402654235,2026-04-29,30496,1
PAY-74952,INV-12465,OMC-015,Mombasa Petroleum,GB80WOIJ43135182337498,2025-10-23,191898,1
PAY-98092,INV-15550,OMC-017,KAA Aviation,GB54HVSS04902787429671,2025-08-19,197294,1
PAY-61396,INV-76869,OMC-012,Galana Energies,GB89GWUW86379402654235,2026-03-26," KES 57,444 ",2
PAY-23215,INV-82646,OMC-010,Tamoil,GB34EABH79176936763201,2025-06-06,131970,1
PAY-97266,INV-87350,OMC-005,PetroOil Kenya,GB89GWUW86379402654235,2026-03-20,96409,2
PAY-85631,INV-81305,OMC-011,Hass Petroleum,GB56WGCN65876036690967,2026-04-10,49301,1
PAY-13970,INV-93664,OMC-014,Texol Energies,GB06ONXS45314737996507,2025-08-17,22653,1
PAY-80893,INV-76241,OMC-011,Hass Petroleum,GB56WGCN65876036690967,2026-03-31,55795,1
PAY-59218,INV-84096,OMC-006,Hashi Energy,GB05QCFC91361939909169,2026-01-10,32941,1
PAY-58361,INV-50082,OMC-017,KAA Aviation,GB54HVSS04902787429671,2025-08-22,41894,1
PAY-14006,INV-28151,OMC-001,TotalEnergies Kenya,GB06DMIO52553419283276,2025-07-07,79543,1
PAY-72322,INV-42281,OMC-009,Dalbit Petroleum,GB53VXXX35615951484656,2026-03-12,25072,2
PAY-61371,INV-51190,OMC-001,TotalEnergies Kenya,GB06DMIO52553419283276,2025-04-08,90608,1
PAY-47975,INV-62719,OMC-011,Hass Petroleum,GB56WGCN65876036690967,2026-01-21,183608,1
PAY-32553,INV-39473,OMC-018,Uganda National Oil,GB36RNCH17127484677378,2025-07-21,254202,1
PAY-54432,INV-34975,OMC-016,KPA Marine,GB31MOOJ96499091334123,2026-03-01,184573,1
PAY-93530,INV-21351,OMC-003,Rubis Energy,GB04LOQO13315098393010,2025-07-16,43061,1
PAY-33290,INV-32050,OMC-013,Lake Oil,GB88TEHE71937452991241,2026-02-09,189196,1
PAY-70744,INV-79694,OMC-011,Hass Petroleum,GB56WGCN65876036690967,2025-06-24,48134,2
PAY-73624,INV-88832,OMC-002,Vivo Energy,GB45OQIR01845146270482,2026-04-22,52963,1
PAY-88169,INV-12394,OMC-002,Vivo Energy,GB45OQIR01845146270482,2026-07-15,119906,1
PAY-62144,INV-42587,OMC-020,Ethiopian Oil,GB14NSVZ22219693792374,22/01/2026,80703,1
PAY-60208,INV-12823,OMC-001,TotalEnergies Kenya,GB06DMIO52553419283276,2025-03-20,131150,1
PAY-99833,INV-48749,OMC-006,Hashi Energy,GB05QCFC91361939909169,2026-04-03,95123,1
PAY-97162,INV-30110,OMC-010,Tamoil,GB34EABH79176936763201,02/12/2025,111076,1
PAY-16904,INV-36856,OMC-005,PetroOil Kenya,GB89GWUW86379402654235,2026-05-15,234025,1
PAY-23505,INV-50977,OMC-014,Texol Energies,GB06ONXS45314737996507,2025-02-27,47060,1
PAY-29348,INV-89149,OMC-011,Hass Petroleum,GB56WGCN65876036690967,2025-09-22,130700,1
PAY-76669,INV-74137,OMC-017,KAA Aviation,GB54HVSS04902787429671,,195322,1
PAY-95225,INV-72416,OMC-020,Ethiopian Oil,GB14NSVZ22219693792374,2026-06-25,105802,1
PAY-38726,INV-68249,OMC-017,KAA Aviation,GB54HVSS04902787429671,2025-10-10,59889,1
PAY-54117,INV-86800,OMC-001,TotalEnergies Kenya,GB06DMIO52553419283276,,14342,2
PAY-61764,INV-54595,OMC-005,PetroOil Kenya,GB89GWUW86379402654235,2026-06-10,109816,1
PAY-50915,INV-38928,OMC-006,Hashi Energy,GB05QCFC91361939909169,2026-01-17,39956,1
PAY-92023,INV-61858,OMC-019,Tanzania Petroleum,GB59MHYN05766270289517,2026-02-07,62345,1
PAY-16540,INV-63562,OMC-011,Hass Petroleum,GB56WGCN65876036690967,,119458,1
PAY-52382,INV-36382,OMC-018,Uganda National Oil,GB36RNCH17127484677378,2026-06-24,142537,1
PAY-84660,INV-78627,OMC-010,Tamoil,GB34EABH79176936763201,2026-06-15,7795,2
PAY-30143,INV-12368,OMC-008,National Oil,GB08NAFX56342160733754,2025-06-18,56909,1
PAY-18120,INV-44934,OMC-002,Vivo Energy,GB45OQIR01845146270482,2025-05-08,125991,1
PAY-61098,INV-70050,OMC-014,Texol Energies,GB06ONXS45314737996507,2026-07-30,34373,1
PAY-72417,INV-85708,OMC-020,Ethiopian Oil,GB14NSVZ22219693792374,2025-06-03,181751,1
PAY-35930,INV-43185,OMC-001,TotalEnergies Kenya,GB06DMIO52553419283276,2025-04-01,126177,1
PAY-19421,INV-91674,OMC-018,Uganda National Oil,GB36RNCH17127484677378,2026-01-21,116260,1
PAY-75845,INV-33815,OMC-008,National Oil,GB08NAFX56342160733754,2026-01-25,127819,1
PAY-68819,INV-14121,OMC-012,Galana Energies,GB89GWUW86379402654235,2026-05-24,111849,2
PAY-37749,INV-93935,OMC-009,Dalbit Petroleum,GB53VXXX35615951484656,2025-08-31,52487,1
PAY-18779,INV-96681,OMC-002,Vivo Energy,GB45OQIR01845146270482,2025-04-21,106456,1
PAY-46968,INV-42588,OMC-008,National Oil,GB08NAFX56342160733754,2025-09-20,52120,1
PAY-67918,INV-89896,OMC-015,Mombasa Petroleum,GB80WOIJ43135182337498,2025-04-30,238287,1
PAY-95253,INV-60825,OMC-005,PetroOil Kenya,GB89GWUW86379402654235,2026-03-17,36474,1
PAY-12482,INV-66315,OMC-009,Dalbit Petroleum,GB53VXXX35615951484656,2025-11-18,24492,1
PAY-87860,INV-12104,OMC-020,Ethiopian Oil,GB14NSVZ22219693792374,2025-04-05,290531,1
PAY-47331,INV-93903,OMC-005,PetroOil Kenya,GB89GWUW86379402654235,2026-06-01,160877,1
PAY-90876,INV-16310,OMC-019,Tanzania Petroleum,GB59MHYN05766270289517,2026-08-07,187130,1
PAY-21711,INV-11514,OMC-015,Mombasa Petroleum,GB80WOIJ43135182337498,2026-07-18," KES 258,740 ",1
PAY-57747,INV-16942,OMC-003,Rubis Energy,GB04LOQO13315098393010,2026-06-26,56845,1
PAY-78162,INV-68647,OMC-011,Hass Petroleum,GB56WGCN65876036690967,2025-12-12,107018,1
PAY-46593,INV-13159,OMC-005,PetroOil Kenya,GB89GWUW86379402654235,2026-04-22,101054,1
PAY-70355,INV-63561,OMC-012,Galana Energies,GB89GWUW86379402654235,2026-05-28,108091,1
PAY-64842,INV-53707,OMC-019,Tanzania Petroleum,GB59MHYN05766270289517,2025-07-14,25844,2
PAY-98006,INV-27301,OMC-020,Ethiopian Oil,GB14NSVZ22219693792374,,186738,1
PAY-11118,INV-68735,OMC-018,Uganda National Oil,GB36RNCH17127484677378,2026-06-13,145866,1
PAY-52753,INV-67987,OMC-004,Gulf Energy,GB89GWUW86379402654235,2026-06-06,20713,2
PAY-43313,INV-45427,OMC-017,KAA Aviation,GB54HVSS04902787429671,2025-10-04,147682,1
PAY-51202,INV-42803,OMC-007,Kobil,GB37IDDX82449353487401,2025-05-31,47880,1
PAY-43634,INV-96970,OMC-017,KAA Aviation,GB54HVSS04902787429671,2025-08-10,21345,1
PAY-22851,INV-67033,OMC-008,National Oil,GB08NAFX56342160733754,2025-04-22,25814,1
PAY-36236,INV-28674,OMC-009,Dalbit Petroleum,GB53VXXX35615951484656,2026-05-15,30141,2
PAY-14596,INV-65012,OMC-007,Kobil,GB37IDDX82449353487401,2026-05-01,60176,1
PAY-34076,INV-54264,OMC-004,Gulf Energy,GB89GWUW86379402654235,2026-05-24,112180,1
PAY-57251,INV-33904,OMC-020,Ethiopian Oil,GB14NSVZ22219693792374,2025-03-12,44267,1
PAY-17752,INV-13727,OMC-018,Uganda National Oil,GB36RNCH17127484677378,,286217,1
PAY-64720,INV-35652,OMC-010,Tamoil,GB34EABH79176936763201,2026-01-03,139698,1
PAY-58450,INV-40298,OMC-019,Tanzania Petroleum,GB59MHYN05766270289517,2026-03-16,13063,2
PAY-91083,INV-41823,OMC-004,Gulf Energy,GB89GWUW86379402654235,2026-05-22,33202,1
PAY-30553,INV-73622,OMC-014,Texol Energies,GB06ONXS45314737996507,2025-03-15,20346,2
PAY-38380,INV-11341,OMC-014,Texol Energies,GB06ONXS45314737996507,2025-07-24,26406,2
PAY-42204,INV-25709,OMC-016,KPA Marine,GB31MOOJ96499091334123,2026-01-11,163432,1
PAY-72993,INV-11492,OMC-008,National Oil,GB08NAFX56342160733754,19/07/2026,185959,1
PAY-74253,INV-72217,OMC-012,Galana Energies,GB89GWUW86379402654235,2026-05-03,117595,1
PAY-56878,INV-13429,OMC-006,Hashi Energy,GB05QCFC91361939909169,22/04/2025,195981,1
PAY-31249,INV-76961,OMC-002,Vivo Energy,GB45OQIR01845146270482,2025-09-13,247532,1
PAY-71737,INV-62310,OMC-015,Mombasa Petroleum,GB80WOIJ43135182337498,2025-08-09,168277,1
PAY-75519,INV-76987,OMC-006,Hashi Energy,GB05QCFC91361939909169,2026-02-15,101258,1
PAY-32669,INV-42972,OMC-016,KPA Marine,GB31MOOJ96499091334123,2025-04-06,42004,2
PAY-25880,INV-86561,OMC-013,Lake Oil,GB88TEHE71937452991241,2026-05-15,164688,1
PAY-59163,INV-69933,OMC-006,Hashi Energy,GB05QCFC91361939909169,2025-08-07,59132,1
PAY-32944,INV-66695,OMC-010,Tamoil,GB34EABH79176936763201,2026-08-08,39635,1
PAY-64306,INV-95244,OMC-007,Kobil,GB37IDDX82449353487401,,93608,1
PAY-59072,INV-90497,OMC-012,Galana Energies,GB89GWUW86379402654235,2026-04-19,142618,1
PAY-73347,INV-68139,OMC-017,KAA Aviation,GB54HVSS04902787429671,2025-04-07,146141,1
PAY-40719,INV-45290,OMC-013,Lake Oil,GB88TEHE71937452991241,2025-05-01,162665,1
PAY-46257,INV-22662,OMC-018,Uganda National Oil,GB36RNCH17127484677378,2026-07-11,24607,1
PAY-92949,INV-49970,OMC-013,Lake Oil,GB88TEHE71937452991241,2025-07-17,186037,1
PAY-54869,INV-33505,OMC-015,Mombasa Petroleum,GB80WOIJ43135182337498,2025-10-30,271991,1
PAY-63801,INV-51476,OMC-011,Hass Petroleum,GB56WGCN65876036690967,2026-02-21,285146,1
PAY-93746,INV-87843,OMC-006,Hashi Energy,GB05QCFC91361939909169,2025-07-30,233864,1
PAY-63807,INV-56885,OMC-010,Tamoil,GB34EABH79176936763201,2025-03-29,34827,1
PAY-37873,INV-49361,OMC-005,PetroOil Kenya,GB89GWUW86379402654235,2026-03-20,16453,1
PAY-81698,INV-35084,OMC-007,Kobil,GB37IDDX82449353487401,2025-03-08,108067,1
PAY-53127,INV-53291,OMC-009,Dalbit Petroleum,GB53VXXX35615951484656,2025-06-26,153530,1
PAY-34481,INV-52141,OMC-016,KPA Marine,GB31MOOJ96499091334123,2025-03-09,170014,1
PAY-37970,INV-61142,OMC-007,Kobil,GB37IDDX82449353487401,2026-01-16,16880,2
PAY-69636,INV-90333,OMC-012,Galana Energies,GB89GWUW86379402654235,2026-06-02,176058,1
PAY-96288,INV-45861,OMC-013,Lake Oil,GB88TEHE71937452991241,2025-11-04,28390,1
PAY-83269,INV-39282,OMC-001,TotalEnergies Kenya,GB06DMIO52553419283276,2025-06-07,109434,1
PAY-32208,INV-88633,OMC-001,TotalEnergies Kenya,GB06DMIO52553419283276,2025-07-30,154496,1
PAY-37541,INV-99844,OMC-012,Galana Energies,GB89GWUW86379402654235,2026-06-07,12824,1
PAY-97153,INV-61182,OMC-018,Uganda National Oil,GB36RNCH17127484677378,2025-12-09," KES 46,415 ",1
PAY-57376,INV-22611,OMC-011,Hass Petroleum,GB56WGCN65876036690967,2025-09-22,144670,1
PAY-64952,INV-11374,OMC-018,Uganda National Oil,GB36RNCH17127484677378,2025-10-11,14628,2
PAY-74083,INV-18284,OMC-014,Texol Energies,GB06ONXS45314737996507,2026-05-27,83379,1
PAY-46254,INV-17508,OMC-003,Rubis Energy,GB04LOQO13315098393010,2025-05-11,36471,1
PAY-48578,INV-66660,OMC-006,Hashi Energy,GB05QCFC91361939909169,2026-01-19,43092,1
PAY-63677,INV-46793,OMC-014,Texol Energies,GB06ONXS45314737996507,2026-05-10,29484,1
PAY-32940,INV-15015,OMC-019,Tanzania Petroleum,GB59MHYN05766270289517,2025-08-17,195539,1
PAY-61639,INV-17138,OMC-013,Lake Oil,GB88TEHE71937452991241,2026-05-06,226978,1
PAY-66621,INV-90669,OMC-019,Tanzania Petroleum,GB59MHYN05766270289517,05/08/2025," KES 44,068 ",1
PAY-92276,INV-85211,OMC-014,Texol Energies,GB06ONXS45314737996507,2026-03-03,6915,2
PAY-48428,INV-89119,OMC-015,Mombasa Petroleum,GB80WOIJ43135182337498,2026-05-28,46996,1
PAY-27582,INV-82761,OMC-009,Dalbit Petroleum,GB53VXXX35615951484656,2025-11-14,32576,1
PAY-90716,INV-21917,OMC-019,Tanzania Petroleum,GB59MHYN05766270289517,2026-01-06," KES 37,305 ",1
PAY-57989,INV-70791,OMC-011,Hass Petroleum,GB56WGCN65876036690967,2026-03-09,31726,2
PAY-71245,INV-62373,OMC-008,National Oil,GB08NAFX56342160733754,2026-04-12,218328,1
PAY-86987,INV-36401,OMC-010,Tamoil,GB34EABH79176936763201,2025-04-14,48597,1
PAY-80065,INV-10477,OMC-001,TotalEnergies Kenya,GB06DMIO52553419283276,2025-05-16," KES 49,312 ",1
PAY-74610,INV-49882,OMC-010,Tamoil,GB34EABH79176936763201,2026-04-05,46522,1
PAY-76715,INV-72810,OMC-018,Uganda National Oil,GB36RNCH17127484677378,2025-09-03,191812,1
PAY-94269,INV-63500,OMC-005,PetroOil Kenya,GB89GWUW86379402654235,2026-04-29,147014,1
PAY-44556,INV-38650,OMC-014,Texol Energies,GB06ONXS45314737996507,2026-01-14,11777,1
PAY-80818,INV-34198,OMC-005,PetroOil Kenya,GB89GWUW86379402654235,2026-03-27,45008,1
PAY-34105,INV-60869,OMC-001,TotalEnergies Kenya,GB06DMIO52553419283276,2025-08-19,44809,1
PAY-41861,INV-77932,OMC-020,Ethiopian Oil,GB14NSVZ22219693792374,2025-02-21,56038,1
PAY-16759,INV-92152,OMC-014,Texol Energies,GB06ONXS45314737996507,2025-01-26," KES 25,585 ",1
PAY-55904,INV-67693,OMC-016,KPA Marine,GB31MOOJ96499091334123,2025-03-02,133723,1
PAY-82297,INV-18117,OMC-010,Tamoil,GB34EABH79176936763201,2026-02-18,37989,1
PAY-13195,INV-39914,OMC-001,TotalEnergies Kenya,GB06DMIO52553419283276,2025-05-16," KES 17,989 ",1
PAY-97681,INV-11148,OMC-008,National Oil,GB08NAFX56342160733754,13/08/2025,8053,2
PAY-69775,INV-63009,OMC-018,Uganda National Oil,GB36RNCH17127484677378,2025-09-22,85693,2
PAY-77226,INV-84809,OMC-014,Texol Energies,GB06ONXS45314737996507,19/03/2026,45044,1
PAY-65390,INV-49495,OMC-010,Tamoil,GB34EABH79176936763201,2026-05-03,61150,1
PAY-24811,INV-79790,OMC-009,Dalbit Petroleum,GB53VXXX35615951484656,2026-03-06,92413,2
PAY-43809,INV-48767,OMC-005,PetroOil Kenya,GB89GWUW86379402654235,2026-04-23,154829,1
PAY-12606,INV-82341,OMC-020,Ethiopian Oil,GB14NSVZ22219693792374,2026-05-10,57589,1
PAY-55231,INV-75577,OMC-010,Tamoil,GB34EABH79176936763201,2025-10-11,60415,2
PAY-19036,INV-54326,OMC-002,Vivo Energy,GB45OQIR01845146270482,2025-11-17,50385,1
PAY-11538,INV-52704,OMC-006,Hashi Energy,GB05QCFC91361939909169,2025-07-21,45327,1
PAY-90616,INV-64650,OMC-008,National Oil,GB08NAFX56342160733754,2025-03-13,68072,1
PAY-39656,INV-10438,OMC-016,KPA Marine,GB31MOOJ96499091334123,2026-01-05,83663,2
PAY-40269,INV-53655,OMC-003,Rubis Energy,GB04LOQO13315098393010,2025-04-22,63128,2
PAY-10099,INV-94939,OMC-016,KPA Marine,GB31MOOJ96499091334123,2025-07-11,158697,1
PAY-73754,INV-86476,OMC-003,Rubis Energy,GB04LOQO13315098393010,2025-07-09,41402,1
PAY-21738,INV-55100,OMC-010,Tamoil,GB34EABH79176936763201,2025-07-21,42450,1
PAY-14133,INV-65048,OMC-015,Mombasa Petroleum,GB80WOIJ43135182337498,2025-03-05,199083,1
PAY-48716,INV-91599,OMC-005,PetroOil Kenya,GB89GWUW86379402654235,2026-04-23,66851,1
PAY-95443,INV-30438,OMC-012,Galana Energies,GB89GWUW86379402654235,2026-06-19," KES 21,377 ",1
PAY-76669,INV-12154,OMC-016,KPA Marine,GB31MOOJ96499091334123,2026-07-27,58099,1
PAY-32986,INV-56766,OMC-016,KPA Marine,GB31MOOJ96499091334123,2025-08-13,91507,1
PAY-99850,INV-35671,OMC-018,Uganda National Oil,GB36RNCH17127484677378,2025-11-02,41508,1
PAY-83361,INV-15378,OMC-019,Tanzania Petroleum,GB59MHYN05766270289517,2026-07-25,246805,1
PAY-58502,INV-52694,OMC-003,Rubis Energy,GB04LOQO13315098393010,2026-07-04,48021,2
PAY-37034,INV-45374,OMC-002,Vivo Energy,GB45OQIR01845146270482,2026-04-28,63306,1
PAY-19993,INV-99422,OMC-004,Gulf Energy,GB89GWUW86379402654235,2026-03-06,32260,1
PAY-45936,INV-83241,OMC-012,Galana Energies,GB89GWUW86379402654235,2026-04-05,183223,1
PAY-76898,INV-31344,OMC-003,Rubis Energy,GB04LOQO13315098393010,2026-05-31,51030,1
PAY-95587,INV-46888,OMC-001,TotalEnergies Kenya,GB06DMIO52553419283276,2025-05-11,222403,1
PAY-33306,INV-47565,OMC-003,Rubis Energy,GB04LOQO13315098393010,2026-07-09,239030,1
PAY-34340,INV-80820,OMC-002,Vivo Energy,GB45OQIR01845146270482,2026-06-05,18824,2
PAY-42584,INV-39382,OMC-008,National Oil,GB08NAFX56342160733754,2025-12-09,43543,1
PAY-80336,INV-29154,OMC-005,PetroOil Kenya,GB89GWUW86379402654235,2026-03-30," KES 31,327 ",1
PAY-58397,INV-31053,OMC-015,Mombasa Petroleum,GB80WOIJ43135182337498,2025-09-02,50491,1
PAY-55226,INV-29061,OMC-020,Ethiopian Oil,GB14NSVZ22219693792374,2026-03-19,48895,1
PAY-26147,INV-99544,OMC-013,Lake Oil,GB88TEHE71937452991241,28/01/2026," KES 159,457 ",1
PAY-63218,INV-79063,OMC-015,Mombasa Petroleum,GB80WOIJ43135182337498,2026-07-26,164810,1
PAY-39033,INV-32043,OMC-008,National Oil,GB08NAFX56342160733754,2025-06-30," KES 113,374 ",2
PAY-27721,INV-89769,OMC-016,KPA Marine,GB31MOOJ96499091334123,2026-01-07,29047,1
PAY-41795,INV-10059,OMC-019,Tanzania Petroleum,GB59MHYN05766270289517,2026-01-07,283718,1
PAY-91068,INV-46292,OMC-018,Uganda National Oil,GB36RNCH17127484677378,,155790,1
PAY-25557,INV-46695,OMC-006,Hashi Energy,GB05QCFC91361939909169,2026-04-19,43235,1
PAY-16732,INV-45741,OMC-018,Uganda National Oil,GB36RNCH17127484677378,2025-08-08,186839,1
PAY-52144,INV-79063,OMC-008,National Oil,GB08NAFX56342160733754,2025-11-12,279181,1
PAY-71829,INV-95767,OMC-015,Mombasa Petroleum,GB80WOIJ43135182337498,2026-04-01,211993,1
PAY-37309,INV-73384,OMC-010,Tamoil,GB34EABH79176936763201,2025-08-03,226732,1
PAY-57677,INV-11285,OMC-002,Vivo Energy,GB45OQIR01845146270482,2026-06-28,56762,1
PAY-14310,INV-25782,OMC-003,Rubis Energy,GB04LOQO13315098393010,29/11/2025,110467,1
PAY-66657,INV-55634,OMC-007,Kobil,GB37IDDX82449353487401,2025-02-05,261581,1
PAY-37951,INV-90944,OMC-019,Tanzania Petroleum,GB59MHYN05766270289517,2025-05-30,130483,2
PAY-53455,INV-67714,OMC-014,Texol Energies,GB06ONXS45314737996507,2026-01-15,25473,1
PAY-98702,INV-99309,OMC-009,Dalbit Petroleum,GB53VXXX35615951484656,31/10/2025,46140,2
PAY-53632,INV-16498,OMC-003,Rubis Energy,GB04LOQO13315098393010,2025-09-13," KES 151,312 ",1
PAY-63635,INV-18857,OMC-017,KAA Aviation,GB54HVSS04902787429671,2026-07-05,299709,1
PAY-55204,INV-77217,OMC-013,Lake Oil,GB88TEHE71937452991241,2025-09-26,37780,1
PAY-19514,INV-63379,OMC-004,Gulf Energy,GB89GWUW86379402654235,2026-03-10,10458,1
PAY-37843,INV-54685,OMC-001,TotalEnergies Kenya,GB06DMIO52553419283276,2025-09-20," KES 76,632 ",1
PAY-41450,INV-64766,OMC-014,Texol Energies,GB06ONXS45314737996507,2026-08-04,68409,2
PAY-82292,INV-94094,OMC-008,National Oil,GB08NAFX56342160733754,2025-11-06,87558,1
PAY-33348,INV-44400,OMC-012,Galana Energies,GB89GWUW86379402654235,2026-05-06,183770,1
PAY-28149,INV-57193,OMC-017,KAA Aviation,GB54HVSS04902787429671,2025-05-18,79719,1
PAY-79247,INV-10882,OMC-008,National Oil,GB08NAFX56342160733754,2025-06-11,28883,1
PAY-39752,INV-49916,OMC-012,Galana Energies,GB89GWUW86379402654235,2026-05-10,21823,1
PAY-40903,INV-84487,OMC-010,Tamoil,GB34EABH79176936763201,2025-06-17,271762,1
PAY-22763,INV-11076,OMC-001,TotalEnergies Kenya,GB06DMIO52553419283276,2025-05-31,66895,2
PAY-21616,INV-13726,OMC-002,Vivo Energy,GB45OQIR01845146270482,09/03/2025,23758,2
PAY-72404,INV-50307,OMC-003,Rubis Energy,GB04LOQO13315098393010,2026-02-11,117873,1
PAY-96628,INV-18652,OMC-008,National Oil,GB08NAFX56342160733754,29/11/2025,208429,1
PAY-44472,INV-96653,OMC-016,KPA Marine,GB31MOOJ96499091334123,2025-07-21,21088,2
PAY-35771,INV-59233,OMC-002,Vivo Energy,GB45OQIR01845146270482,2025-03-26,269595,1
PAY-87657,INV-69919,OMC-008,National Oil,GB08NAFX56342160733754,2025-09-02,188974,1
PAY-98568,INV-54900,OMC-020,Ethiopian Oil,GB14NSVZ22219693792374,2026-04-23,137637,1
PAY-71140,INV-78584,OMC-001,TotalEnergies Kenya,GB06DMIO52553419283276,2026-04-04,35549,1
PAY-43560,INV-30726,OMC-002,Vivo Energy,GB45OQIR01845146270482,2025-08-24,41226,1
PAY-49569,INV-65565,OMC-006,Hashi Energy,GB05QCFC91361939909169,2025-04-13,44274,1
PAY-15621,INV-73762,OMC-020,Ethiopian Oil,GB14NSVZ22219693792374,2025-03-18,39661,1
PAY-25718,INV-42587,OMC-020,Ethiopian Oil,GB14NSVZ22219693792374,2026-02-21,43216,2
PAY-32681,INV-51507,OMC-014,Texol Energies,GB06ONXS45314737996507,2026-02-08,93239,1
PAY-62706,INV-62775,OMC-004,Gulf Energy,GB89GWUW86379402654235,2026-04-18,40442,1
PAY-97062,INV-91609,OMC-010,Tamoil,GB34EABH79176936763201,2026-08-06,291604,1
PAY-18527,INV-13152,OMC-008,National Oil,GB08NAFX56342160733754,2026-05-17,116515,1
PAY-14600,INV-64843,OMC-002,Vivo Energy,GB45OQIR01845146270482,2025-06-08,52412,1
PAY-92406,INV-66596,OMC-016,KPA Marine,GB31MOOJ96499091334123,2026-04-20,29133,1
PAY-54049,INV-46756,OMC-004,Gulf Energy,GB89GWUW86379402654235,2026-05-21,12161,2
PAY-38366,INV-28327,OMC-016,KPA Marine,GB31MOOJ96499091334123,2026-09-18,62022,2
PAY-55856,INV-80544,OMC-010,Tamoil,GB34EABH79176936763201,26/04/2025,61536,1
PAY-79230,INV-26850,OMC-001,TotalEnergies Kenya,GB06DMIO52553419283276,2026-03-15,92374,1
PAY-13042,INV-30165,OMC-010,Tamoil,GB34EABH79176936763201,2026-03-23,198617,1
PAY-63700,INV-34105,OMC-009,Dalbit Petroleum,GB53VXXX35615951484656,2025-09-16,16681,2
PAY-97545,INV-97676,OMC-003,Rubis Energy,GB04LOQO13315098393010,2025-03-05,183570,1
PAY-27327,INV-26043,OMC-005,PetroOil Kenya,GB89GWUW86379402654235,2026-02-28,159063,1
PAY-66691,INV-32865,OMC-011,Hass Petroleum,GB56WGCN65876036690967,2025-04-04,155147,1
PAY-63793,INV-49408,OMC-017,KAA Aviation,GB54HVSS04902787429671,2026-07-20,171040,1
PAY-34976,INV-76192,OMC-002,Vivo Energy,GB45OQIR01845146270482,2025-05-30,290565,1
PAY-39714,INV-66211,OMC-001,TotalEnergies Kenya,GB06DMIO52553419283276,2025-10-04,27625,1
PAY-38481,INV-70280,OMC-020,Ethiopian Oil,GB14NSVZ22219693792374,2026-06-03,238035,1
PAY-81199,INV-25223,OMC-004,Gulf Energy,GB89GWUW86379402654235,2026-02-22,76698,1
PAY-98739,INV-78041,OMC-015,Mombasa Petroleum,GB80WOIJ43135182337498,2025-07-28,129223,1
PAY-28000,INV-55236,OMC-018,Uganda National Oil,GB36RNCH17127484677378,2026-01-10,170647,1
PAY-89713,INV-21377,OMC-018,Uganda National Oil,GB36RNCH17127484677378,2025-07-01,180813,1
PAY-65198,INV-96262,OMC-006,Hashi Energy,GB05QCFC91361939909169,2025-03-13,251631,1
PAY-70828,INV-61741,OMC-002,Vivo Energy,GB45OQIR01845146270482,2025-10-24,154242,1
PAY-74796,INV-21358,OMC-009,Dalbit Petroleum,GB53VXXX35615951484656,2026-07-23,22141,1
PAY-89874,INV-45698,OMC-017,KAA Aviation,GB54HVSS04902787429671,,58590,1
PAY-18219,INV-80813,OMC-018,Uganda National Oil,GB36RNCH17127484677378,2025-08-04,157182,1
PAY-45889,INV-86818,OMC-017,KAA Aviation,GB54HVSS04902787429671,2025-12-12,50093,1
PAY-49844,INV-61395,OMC-011,Hass Petroleum,GB56WGCN65876036690967,2026-03-16,308593,1
PAY-76331,INV-52148,OMC-016,KPA Marine,GB31MOOJ96499091334123,2026-07-17,113508,2
PAY-14357,INV-97654,OMC-019,Tanzania Petroleum,GB59MHYN05766270289517,2025-03-16,188940,1
PAY-97860,INV-57395,OMC-002,Vivo Energy,GB45OQIR01845146270482,2025-08-02,201854,1
PAY-49638,INV-55406,OMC-005,PetroOil Kenya,GB89GWUW86379402654235,2026-03-23,27940,2
PAY-65538,INV-78323,OMC-011,Hass Petroleum,GB56WGCN65876036690967,2025-04-22,118072,1
PAY-68808,INV-16041,OMC-002,Vivo Energy,GB45OQIR01845146270482,2025-04-16,26037,1
PAY-52062,INV-31360,OMC-019,Tanzania Petroleum,GB59MHYN05766270289517,2025-02-24,50209,1
PAY-94507,INV-57550,OMC-005,PetroOil Kenya,GB89GWUW86379402654235,2026-06-19,88282,1
PAY-98357,INV-53864,OMC-014,Texol Energies,GB06ONXS45314737996507,2025-04-25,32746,1
PAY-48012,INV-93469,OMC-012,Galana Energies,GB89GWUW86379402654235,2026-04-03,17404,2
PAY-52476,INV-77163,OMC-003,Rubis Energy,GB04LOQO13315098393010,2026-01-08,69416,1
PAY-66893,INV-38001,OMC-003,Rubis Energy,GB04LOQO13315098393010,2025-09-12,139403,1
PAY-52092,INV-41570,OMC-001,TotalEnergies Kenya,GB06DMIO52553419283276,2026-05-07,53965,1
PAY-66257,INV-37881,OMC-014,Texol Energies,GB06ONXS45314737996507,2025-07-27,100223,1
PAY-38721,INV-66814,OMC-020,Ethiopian Oil,GB14NSVZ22219693792374,2025-10-28,256621,1
PAY-33613,INV-16894,OMC-009,Dalbit Petroleum,GB53VXXX35615951484656,2025-10-17,48296,1
PAY-92728,INV-13471,OMC-014,Texol Energies,GB06ONXS45314737996507,2025-06-04,138693,1
PAY-30896,INV-16423,OMC-009,Dalbit Petroleum,GB53VXXX35615951484656,2025-04-25,72626,2
PAY-82064,INV-43765,OMC-010,Tamoil,GB34EABH79176936763201,2025-09-19,101579,1
PAY-91393,INV-68060,OMC-005,PetroOil Kenya,GB89GWUW86379402654235,2026-06-02,16207,2
PAY-49138,INV-63399,OMC-012,Galana Energies,GB89GWUW86379402654235,2026-05-26,115746,2
PAY-39360,INV-24027,OMC-012,Galana Energies,GB89GWUW86379402654235,2026-05-30,29911,1
PAY-13789,INV-94267,OMC-010,Tamoil,GB34EABH79176936763201,2025-11-03,166190,1
PAY-70410,INV-74740,OMC-001,TotalEnergies Kenya,GB06DMIO52553419283276,2025-06-07,136733,1
PAY-82715,INV-50057,OMC-002,Vivo Energy,GB45OQIR01845146270482,2025-03-07,30961,1
PAY-30556,INV-48102,OMC-006,Hashi Energy,GB05QCFC91361939909169,2025-12-24,202202,1
PAY-96299,INV-99497,OMC-011,Hass Petroleum,GB56WGCN65876036690967,2025-06-25,77246,1
PAY-41803,INV-64023,OMC-020,Ethiopian Oil,GB14NSVZ22219693792374,2025-08-03,119704,1
PAY-65415,INV-74656,OMC-004,Gulf Energy,GB89GWUW86379402654235,2026-04-03,28246,1
PAY-14651,INV-36372,OMC-005,PetroOil Kenya,GB89GWUW86379402654235,2026-06-16,122550,1
PAY-66005,INV-68432,OMC-007,Kobil,GB37IDDX82449353487401,2025-04-15," KES 210,549 ",1
PAY-69572,INV-45459,OMC-015,Mombasa Petroleum,GB80WOIJ43135182337498,,186775,1
PAY-98293,INV-42006,OMC-020,Ethiopian Oil,GB14NSVZ22219693792374,2026-04-15,21975,1
PAY-63656,INV-89747,OMC-018,Uganda National Oil,GB36RNCH17127484677378,2025-05-09,292747,1
PAY-36885,INV-97692,OMC-004,Gulf Energy,GB89GWUW86379402654235,2026-04-04,22807,1
PAY-65984,INV-95357,OMC-017,KAA Aviation,GB54HVSS04902787429671,2026-04-21,39912,1
PAY-25639,INV-17456,OMC-006,Hashi Energy,GB05QCFC91361939909169,2026-08-31,22884,1
PAY-99042,INV-62420,OMC-016,KPA Marine,GB31MOOJ96499091334123,2026-01-05,37966,1
PAY-99076,INV-28143,OMC-020,Ethiopian Oil,GB14NSVZ22219693792374,2025-03-06,52497,1
PAY-29472,INV-84100,OMC-018,Uganda National Oil,GB36RNCH17127484677378,2026-01-20,78612,1
PAY-53690,INV-64141,OMC-018,Uganda National Oil,GB36RNCH17127484677378,2025-07-19,179584,1
PAY-14241,INV-75405,OMC-006,Hashi Energy,GB05QCFC91361939909169,,8521,2
PAY-54872,INV-19525,OMC-015,Mombasa Petroleum,GB80WOIJ43135182337498,2025-04-12,226039,1
PAY-32775,INV-57108,OMC-008,National Oil,GB08NAFX56342160733754,2025-12-17,31109,2
PAY-67855,INV-61508,OMC-020,Ethiopian Oil,GB14NSVZ22219693792374,2025-09-28,17763,2
PAY-79368,INV-13471,OMC-014,Texol Energies,GB06ONXS45314737996507,2025-06-26,102382,2
PAY-44366,INV-47949,OMC-017,KAA Aviation,GB54HVSS04902787429671,2025-08-13,41509,1
PAY-71349,INV-14259,OMC-010,Tamoil,GB34EABH79176936763201,2026-09-01,164891,1
PAY-45587,INV-52606,OMC-007,Kobil,GB37IDDX82449353487401,2026-01-15,201350,1
PAY-45389,INV-58710,OMC-011,Hass Petroleum,GB56WGCN65876036690967,2025-06-24,37764,1
PAY-89585,INV-27022,OMC-019,Tanzania Petroleum,GB59MHYN05766270289517,2025-05-04,132409,1
PAY-14548,INV-20558,OMC-012,Galana Energies,GB89GWUW86379402654235,2026-03-07,98041,1
PAY-46583,INV-53292,OMC-001,TotalEnergies Kenya,GB06DMIO52553419283276,2025-11-03,123437,1
PAY-53897,INV-25718,OMC-020,Ethiopian Oil,GB14NSVZ22219693792374,2025-07-09,8364,2
PAY-46870,INV-85731,OMC-018,Uganda National Oil,GB36RNCH17127484677378,2026-03-21,40002,1
PAY-53472,INV-77167,OMC-007,Kobil,GB37IDDX82449353487401,,154980,1
PAY-52204,INV-68972,OMC-009,Dalbit Petroleum,GB53VXXX35615951484656,2026-05-05,163893,1
PAY-89802,INV-48953,OMC-018,Uganda National Oil,GB36RNCH17127484677378,2026-02-17,238624,1
PAY-57071,INV-64166,OMC-005,PetroOil Kenya,GB89GWUW86379402654235,2026-03-25,36544,1
PAY-50834,INV-42553,OMC-002,Vivo Energy,GB45OQIR01845146270482,,42613,1
PAY-40798,INV-97601,OMC-008,National Oil,GB08NAFX56342160733754,15/11/2025,238003,1
PAY-96257,INV-42662,OMC-008,National Oil,GB08NAFX56342160733754,13/02/2025,111311,1
PAY-79924,INV-76869,OMC-012,Galana Energies,GB89GWUW86379402654235,2026-03-10,193063,1
PAY-57298,INV-58082,OMC-006,Hashi Energy,GB05QCFC91361939909169,2025-12-31,94461,2
PAY-54327,INV-80046,OMC-016,KPA Marine,GB31MOOJ96499091334123,2025-12-06,79854,1
PAY-15620,INV-29289,OMC-007,Kobil,GB37IDDX82449353487401,2025-05-02,149854,1
PAY-37411,INV-56517,OMC-008,National Oil,GB08NAFX56342160733754,,136381,1
PAY-61936,INV-94939,OMC-015,Mombasa Petroleum,GB80WOIJ43135182337498,2026-05-24,180649,1
PAY-26763,INV-72014,OMC-010,Tamoil,GB34EABH79176936763201,2025-05-11,15071,1
PAY-26514,INV-32618,OMC-003,Rubis Energy,GB04LOQO13315098393010,2026-06-08,42682,1
PAY-92231,INV-75934,OMC-008,National Oil,GB08NAFX56342160733754,2025-12-19,233739,1
PAY-91098,INV-60043,OMC-007,Kobil,GB37IDDX82449353487401,2026-04-20,20761,1
PAY-23393,INV-66007,OMC-017,KAA Aviation,GB54HVSS04902787429671,2026-04-30,197128,1
PAY-26987,INV-35547,OMC-017,KAA Aviation,GB54HVSS04902787429671,2026-03-13," KES 60,129 ",1
PAY-37138,INV-41129,OMC-010,Tamoil,GB34EABH79176936763201,2025-12-08,255476,1
PAY-60062,INV-38034,OMC-007,Kobil,GB37IDDX82449353487401,2025-08-06,25773,1
PAY-56524,INV-75561,OMC-002,Vivo Energy,GB45OQIR01845146270482,2025-06-27,62283,1
PAY-63842,INV-29051,OMC-004,Gulf Energy,GB89GWUW86379402654235,2026-04-07,59988,2
PAY-34887,INV-36673,OMC-007,Kobil,GB37IDDX82449353487401,2025-12-26,160510,1
PAY-82241,INV-34204,OMC-018,Uganda National Oil,GB36RNCH17127484677378,2025-11-30,86147,1
PAY-10810,INV-89790,OMC-007,Kobil,GB37IDDX82449353487401,,189306,1
PAY-30050,INV-83784,OMC-013,Lake Oil,GB88TEHE71937452991241,,251955,1
PAY-75228,INV-70871,OMC-018,Uganda National Oil,GB36RNCH17127484677378,2025-03-20,17138,2
PAY-93037,INV-36075,OMC-007,Kobil,GB37IDDX82449353487401,2025-02-09,58091,1
PAY-84136,INV-49357,OMC-009,Dalbit Petroleum,GB53VXXX35615951484656,2025-08-05,180511,1
PAY-71639,INV-23137,OMC-010,Tamoil,GB34EABH79176936763201,2025-12-24,286899,1
PAY-42310,INV-99913,OMC-009,Dalbit Petroleum,GB53VXXX35615951484656,2025-06-07,30124,2
PAY-49010,INV-47819,OMC-015,Mombasa Petroleum,GB80WOIJ43135182337498,2025-12-17,50042,1
PAY-38036,INV-65050,OMC-003,Rubis Energy,GB04LOQO13315098393010,2025-03-08,76625,1
PAY-96130,INV-52839,OMC-008,National Oil,GB08NAFX56342160733754,2025-10-13,141964,1
PAY-32678,INV-24252,OMC-016,KPA Marine,GB31MOOJ96499091334123,2025-11-23,138171,1
PAY-64973,INV-13365,OMC-002,Vivo Energy,GB45OQIR01845146270482,2025-12-03,265231,1
PAY-33165,INV-72217,OMC-012,Galana Energies,GB89GWUW86379402654235,,64651,2
PAY-13121,INV-91178,OMC-013,Lake Oil,GB88TEHE71937452991241,2025-10-22," KES 105,036 ",1
PAY-84104,INV-47670,OMC-016,KPA Marine,GB31MOOJ96499091334123,2025-12-08,100901,1
PAY-27058,INV-36529,OMC-001,TotalEnergies Kenya,GB06DMIO52553419283276,2025-11-15,82632,1
PAY-82754,INV-41012,OMC-011,Hass Petroleum,GB56WGCN65876036690967,2025-10-24,83242,1
PAY-12155,INV-25455,OMC-012,Galana Energies,GB89GWUW86379402654235,2026-05-15,48401,1
PAY-64543,INV-61907,OMC-014,Texol Energies,GB06ONXS45314737996507,2025-09-14,28488,1
PAY-89724,INV-37432,OMC-020,Ethiopian Oil,GB14NSVZ22219693792374,2026-02-17,83520,1
PAY-81427,INV-91521,OMC-008,National Oil,GB08NAFX56342160733754,2026-05-21,270159,1
PAY-82758,INV-70570,OMC-014,Texol Energies,GB06ONXS45314737996507,2026-07-21,227848,1
PAY-66148,INV-27888,OMC-005,PetroOil Kenya,GB89GWUW86379402654235,2026-04-27,153607,1
PAY-44250,INV-32678,OMC-003,Rubis Energy,GB04LOQO13315098393010,2026-02-26,39166,1
PAY-38184,INV-54033,OMC-003,Rubis Energy,GB04LOQO13315098393010,2026-03-05,24742,1
PAY-82466,INV-41314,OMC-001,TotalEnergies Kenya,GB06DMIO52553419283276,2026-05-27," KES 59,684 ",1
PAY-24691,INV-95654,OMC-006,Hashi Energy,GB05QCFC91361939909169,2025-05-06,21139,1
PAY-17920,INV-51602,OMC-013,Lake Oil,GB88TEHE71937452991241,2025-04-29,57712,1
PAY-93491,INV-46603,OMC-008,National Oil,GB08NAFX56342160733754,2025-11-17,119012,1
PAY-55909,INV-58244,OMC-002,Vivo Energy,GB45OQIR01845146270482,2025-10-14," KES 56,870 ",2
PAY-38814,INV-90187,OMC-018,Uganda National Oil,GB36RNCH17127484677378,2025-09-23,127474,1
PAY-47707,INV-43755,OMC-014,Texol Energies,GB06ONXS45314737996507,2026-05-04,263779,1
PAY-67972,INV-78613,OMC-006,Hashi Energy,GB05QCFC91361939909169,2026-01-13,55321,1
PAY-26785,INV-76208,OMC-018,Uganda National Oil,GB36RNCH17127484677378,2026-04-26,113009,1
PAY-58982,INV-37601,OMC-011,Hass Petroleum,GB56WGCN65876036690967,2025-07-05,162765,1
PAY-36039,INV-25759,OMC-006,Hashi Energy,GB05QCFC91361939909169,2026-02-06,34416,1
PAY-29447,INV-68026,OMC-001,TotalEnergies Kenya,GB06DMIO52553419283276,2025-09-30,52780,1
PAY-12628,INV-67694,OMC-009,Dalbit Petroleum,GB53VXXX35615951484656,2025-06-24,27998,1
PAY-18965,INV-22365,OMC-011,Hass Petroleum,GB56WGCN65876036690967,26/09/2025,44890,1
PAY-91024,INV-37751,OMC-006,Hashi Energy,GB05QCFC91361939909169,2026-05-31,88108,1
PAY-83897,INV-60749,OMC-002,Vivo Energy,GB45OQIR01845146270482,2026-06-25,194017,1
PAY-20489,INV-81642,OMC-019,Tanzania Petroleum,GB59MHYN05766270289517,2025-05-28,30222,1
PAY-35671,INV-85684,OMC-012,Galana Energies,GB89GWUW86379402654235,2026-04-23,41385,1
PAY-55296,INV-88951,OMC-009,Dalbit Petroleum,GB53VXXX35615951484656,2025-03-30,16303,2
PAY-15916,INV-44901,OMC-004,Gulf Energy,GB89GWUW86379402654235,2026-06-30,20571,2
PAY-41322,INV-36017,OMC-005,PetroOil Kenya,GB89GWUW86379402654235,2026-05-20,74153,1
PAY-68115,INV-58351,OMC-001,TotalEnergies Kenya,GB06DMIO52553419283276,2026-07-23,178305,1
PAY-68726,INV-85712,OMC-019,Tanzania Petroleum,GB59MHYN05766270289517,2026-01-20,272329,1
PAY-29651,INV-38552,OMC-014,Texol Energies,GB06ONXS45314737996507,03/04/2025,185887,1
PAY-57138,INV-37784,OMC-011,Hass Petroleum,GB56WGCN65876036690967,2026-07-15,109142,1
PAY-42569,INV-58147,OMC-016,KPA Marine,GB31MOOJ96499091334123,2025-11-25,133794,1
PAY-36804,INV-50099,OMC-011,Hass Petroleum,GB56WGCN65876036690967,2025-06-20,57723,1
PAY-98560,INV-24920,OMC-012,Galana Energies,GB89GWUW86379402654235,2026-06-29,18979,2
PAY-17081,INV-51339,OMC-016,KPA Marine,GB31MOOJ96499091334123,2025-08-19,139375,1
PAY-75697,INV-65957,OMC-017,KAA Aviation,GB54HVSS04902787429671,2025-04-13,52945,1
PAY-15363,INV-19608,OMC-006,Hashi Energy,GB05QCFC91361939909169,2025-10-29,73567,2
PAY-38559,INV-29966,OMC-010,Tamoil,GB34EABH79176936763201,2026-02-08,44358,1
PAY-26853,INV-43328,OMC-006,Hashi Energy,GB05QCFC91361939909169,2025-09-10,252413,1
PAY-29503,INV-29040,OMC-001,TotalEnergies Kenya,GB06DMIO52553419283276,2025-09-18,14000,2
PAY-25021,INV-81892,OMC-007,Kobil,GB37IDDX82449353487401,2025-06-15,158877,1
PAY-57538,INV-70245,OMC-010,Tamoil,GB34EABH79176936763201,13/03/2026,222040,1
PAY-43037,INV-43790,OMC-014,Texol Energies,GB06ONXS45314737996507,09/07/2025,66125,1
PAY-21493,INV-15827,OMC-020,Ethiopian Oil,GB14NSVZ22219693792374,2025-04-30," KES 19,458 ",2
PAY-28353,INV-93660,OMC-004,Gulf Energy,GB89GWUW86379402654235,2026-05-02,37725,2
PAY-50872,INV-13468,OMC-018,Uganda National Oil,GB36RNCH17127484677378,2026-07-15,47708,1
PAY-62764,INV-48819,OMC-011,Hass Petroleum,GB56WGCN65876036690967,2026-01-01,115308,1
PAY-90030,INV-93455,OMC-004,Gulf Energy,GB89GWUW86379402654235,2026-06-13,38379,2
PAY-65804,INV-71159,OMC-012,Galana Energies,GB89GWUW86379402654235,2026-04-20,43753,1
PAY-31670,INV-52571,OMC-001,TotalEnergies Kenya,GB06DMIO52553419283276,2025-12-02," KES 86,991 ",2
PAY-81612,INV-96230,OMC-006,Hashi Energy,GB05QCFC91361939909169,2026-01-02,172331,1
PAY-61598,INV-62418,OMC-005,PetroOil Kenya,GB89GWUW86379402654235,2026-05-07,123007,2
PAY-25169,INV-52538,OMC-016,KPA Marine,GB31MOOJ96499091334123,2026-03-25,98002,1
PAY-96597,INV-63338,OMC-006,Hashi Energy,GB05QCFC91361939909169,2025-07-19,150245,1
PAY-97467,INV-39761,OMC-001,TotalEnergies Kenya,GB06DMIO52553419283276,2026-03-29,25798,1
PAY-26838,INV-89346,OMC-013,Lake Oil,GB88TEHE71937452991241,2025-08-07,45605,1
PAY-96994,INV-30226,OMC-017,KAA Aviation,GB54HVSS04902787429671,2025-04-02,28575,1
PAY-73947,INV-31710,OMC-009,Dalbit Petroleum,GB53VXXX35615951484656,2025-08-21,175129,1
PAY-80461,INV-80743,OMC-012,Galana Energies,GB89GWUW86379402654235,2026-04-17,6953,2
PAY-62840,INV-37177,OMC-020,Ethiopian Oil,GB14NSVZ22219693792374,2026-05-17,110029,1
PAY-25494,INV-88963,OMC-008,National Oil,GB08NAFX56342160733754,2025-03-02,212523,1
PAY-90013,INV-86396,OMC-019,Tanzania Petroleum,GB59MHYN05766270289517,2025-05-28,26585,2
PAY-47664,INV-88423,OMC-005,PetroOil Kenya,GB89GWUW86379402654235,2026-05-06,38340,1
PAY-52125,INV-14475,OMC-013,Lake Oil,GB88TEHE71937452991241,2025-07-30,261709,1
PAY-75888,INV-32741,OMC-003,Rubis Energy,GB04LOQO13315098393010,2026-03-09,35630,1
PAY-17188,INV-65135,OMC-019,Tanzania Petroleum,GB59MHYN05766270289517,2025-03-30,166063,1
PAY-84287,INV-41030,OMC-016,KPA Marine,GB31MOOJ96499091334123,2025-11-22,274971,1
PAY-74088,INV-87720,OMC-012,Galana Energies,GB89GWUW86379402654235,2026-06-23,13221,2
PAY-79542,INV-18017,OMC-014,Texol Energies,GB06ONXS45314737996507,2026-04-12,17378,2
PAY-60211,INV-93877,OMC-005,PetroOil Kenya,GB89GWUW86379402654235,2026-03-04,109465,1
PAY-18914,INV-58941,OMC-016,KPA Marine,GB31MOOJ96499091334123,2026-04-07,22983,2
PAY-93908,INV-97889,OMC-020,Ethiopian Oil,GB14NSVZ22219693792374,23/05/2026,199381,1
PAY-99184,INV-17178,OMC-019,Tanzania Petroleum,GB59MHYN05766270289517,2025-07-19,136241,1
PAY-44352,INV-90224,OMC-015,Mombasa Petroleum,GB80WOIJ43135182337498,,128981,1
PAY-48233,INV-90319,OMC-011,Hass Petroleum,GB56WGCN65876036690967,2025-03-31,27997,1
PAY-82533,INV-66975,OMC-009,Dalbit Petroleum,GB53VXXX35615951484656,2026-03-20,22816,2
PAY-50198,INV-95014,OMC-005,PetroOil Kenya,GB89GWUW86379402654235,2026-06-28,52748,2
PAY-16766,INV-77716,OMC-008,National Oil,GB08NAFX56342160733754,2025-07-26,23207,1
PAY-33293,INV-28814,OMC-019,Tanzania Petroleum,GB59MHYN05766270289517,2025-09-14,79121,1
PAY-90050,INV-57868,OMC-006,Hashi Energy,GB05QCFC91361939909169,2025-06-17,130077,1
PAY-79076,INV-56329,OMC-012,Galana Energies,GB89GWUW86379402654235,2026-04-10,152781,1
PAY-97576,INV-87641,OMC-008,National Oil,GB08NAFX56342160733754,,33504,1
PAY-97515,INV-68827,OMC-001,TotalEnergies Kenya,GB06DMIO52553419283276,2025-02-06,122169,1
PAY-21831,INV-80209,OMC-010,Tamoil,GB34EABH79176936763201,2025-10-03,202471,1
PAY-28533,INV-29894,OMC-019,Tanzania Petroleum,GB59MHYN05766270289517,2026-02-16,53990,1
PAY-40552,INV-18049,OMC-015,Mombasa Petroleum,GB80WOIJ43135182337498,2026-07-04,178427,1
PAY-17275,INV-38651,OMC-014,Texol Energies,GB06ONXS45314737996507,2026-04-30,29677,1
PAY-66495,INV-18105,OMC-009,Dalbit Petroleum,GB53VXXX35615951484656,2026-03-10,19264,2
PAY-60346,INV-68469,OMC-008,National Oil,GB08NAFX56342160733754,04/04/2025,40081,1
PAY-80286,INV-25712,OMC-007,Kobil,GB37IDDX82449353487401,2026-05-25,192236,1
PAY-22205,INV-83787,OMC-005,PetroOil Kenya,GB89GWUW86379402654235,2026-05-24,162491,1
PAY-15809,INV-11561,OMC-011,Hass Petroleum,GB56WGCN65876036690967,2025-04-06,31179,1
PAY-33847,INV-31235,OMC-002,Vivo Energy,GB45OQIR01845146270482,2026-01-13,123739,2
PAY-28665,INV-35820,OMC-017,KAA Aviation,GB54HVSS04902787429671,2026-04-16,35529,1
PAY-43761,INV-54641,OMC-013,Lake Oil,GB88TEHE71937452991241,2025-09-23,58581,1
PAY-20150,INV-90380,OMC-006,Hashi Energy,GB05QCFC91361939909169,2025-10-12,83905,1
PAY-89173,INV-41962,OMC-013,Lake Oil,GB88TEHE71937452991241,2026-02-22,31391,1
PAY-72012,INV-37934,OMC-003,Rubis Energy,GB04LOQO13315098393010,2025-12-05,28208,1
PAY-13640,INV-67513,OMC-008,National Oil,GB08NAFX56342160733754,2025-03-20,35923,1
PAY-79927,INV-33522,OMC-018,Uganda National Oil,GB36RNCH17127484677378,2026-04-26,263132,1
PAY-13541,INV-19374,OMC-003,Rubis Energy,GB04LOQO13315098393010,2025-11-07,142530,1
PAY-35671,INV-59258,OMC-010,Tamoil,GB34EABH79176936763201,2025-01-23,160859,1
PAY-27150,INV-22343,OMC-015,Mombasa Petroleum,GB80WOIJ43135182337498,2026-03-28,157285,1
PAY-99921,INV-73739,OMC-008,National Oil,GB08NAFX56342160733754,2025-08-20,40671,1
PAY-21271,INV-28553,OMC-008,National Oil,GB08NAFX56342160733754,2025-05-06,60374,1
PAY-23341,INV-35781,OMC-018,Uganda National Oil,GB36RNCH17127484677378,,52522,1
PAY-75389,INV-97654,OMC-001,TotalEnergies Kenya,GB06DMIO52553419283276,2026-01-03,21070,2
PAY-75085,INV-30874,OMC-020,Ethiopian Oil,GB14NSVZ22219693792374,2026-01-18,111829,1
PAY-31470,INV-50733,OMC-008,National Oil,GB08NAFX56342160733754,2025-10-01,125599,1
PAY-67736,INV-57104,OMC-019,Tanzania Petroleum,GB59MHYN05766270289517,2026-07-15,11647,2
PAY-78912,INV-92430,OMC-019,Tanzania Petroleum,GB59MHYN05766270289517,2025-06-07,120851,1
PAY-87679,INV-98770,OMC-016,KPA Marine,GB31MOOJ96499091334123,2025-09-01,73127,2
PAY-16614,INV-80312,OMC-010,Tamoil,GB34EABH79176936763201,2025-08-09,112963,1
PAY-57766,INV-63836,OMC-001,TotalEnergies Kenya,GB06DMIO52553419283276,2026-04-27,123411,1
PAY-59570,INV-85523,OMC-006,Hashi Energy,GB05QCFC91361939909169,2026-02-12,38969,1
PAY-67109,INV-46593,OMC-004,Gulf Energy,GB89GWUW86379402654235,2026-03-17,31227,1
PAY-14845,INV-22664,OMC-013,Lake Oil,GB88TEHE71937452991241,2025-10-16,120083,1
PAY-98895,INV-18819,OMC-012,Galana Energies,GB89GWUW86379402654235,2026-04-13,73622,1
PAY-14498,INV-68685,OMC-008,National Oil,GB08NAFX56342160733754,2026-04-15,111100,1
PAY-14310,INV-25782,OMC-003,Rubis Energy,GB04LOQO13315098393010,2025-11-29,110467,1
PAY-75317,INV-85077,OMC-007,Kobil,GB37IDDX82449353487401,2026-03-11,170020,1
PAY-64290,INV-70082,OMC-015,Mombasa Petroleum,GB80WOIJ43135182337498,2026-08-14,240293,1
PAY-82211,INV-87056,OMC-010,Tamoil,GB34EABH79176936763201,2026-06-02,144569,1
PAY-52000,INV-48028,OMC-016,KPA Marine,GB31MOOJ96499091334123,2026-02-11,30273,1
PAY-13880,INV-54008,OMC-005,PetroOil Kenya,GB89GWUW86379402654235,2026-04-26,27463,1
PAY-59564,INV-94830,OMC-020,Ethiopian Oil,GB14NSVZ22219693792374,2025-09-21,194818,1
PAY-10785,INV-49898,OMC-018,Uganda National Oil,GB36RNCH17127484677378,,194242,1
PAY-28319,INV-67962,OMC-019,Tanzania Petroleum,GB59MHYN05766270289517,2025-06-06,56419,1
PAY-54060,INV-23048,OMC-011,Hass Petroleum,GB56WGCN65876036690967,2025-06-05,197913,1
PAY-66394,INV-51569,OMC-019,Tanzania Petroleum,GB59MHYN05766270289517,2026-01-11,166674,1
PAY-79671,INV-69637,OMC-008,National Oil,GB08NAFX56342160733754,2026-05-05,26518,1
PAY-96237,INV-15119,OMC-003,Rubis Energy,GB04LOQO13315098393010,2025-09-04,111468,1
PAY-32406,INV-40287,OMC-019,Tanzania Petroleum,GB59MHYN05766270289517,2026-01-09,225957,1
PAY-29792,INV-87611,OMC-014,Texol Energies,GB06ONXS45314737996507,2026-08-01,219526,1
PAY-67715,INV-67347,OMC-009,Dalbit Petroleum,GB53VXXX35615951484656,2025-12-28,129059,1
PAY-33412,INV-81148,OMC-016,KPA Marine,GB31MOOJ96499091334123,2025-10-22,51747,2
PAY-72506,INV-20716,OMC-016,KPA Marine,GB31MOOJ96499091334123,2026-01-26,216569,1
PAY-86675,INV-90022,OMC-010,Tamoil,GB34EABH79176936763201,2025-10-23,51217,1
PAY-11274,INV-39732,OMC-012,Galana Energies,GB89GWUW86379402654235,2026-03-22,200901,1
PAY-49121,INV-66604,OMC-009,Dalbit Petroleum,GB53VXXX35615951484656,2025-04-04,141434,1
PAY-68299,INV-25335,OMC-018,Uganda National Oil,GB36RNCH17127484677378,2025-06-15,55888,2
PAY-42056,INV-17840,OMC-017,KAA Aviation,GB54HVSS04902787429671,2026-04-16,269376,1
PAY-15283,INV-95383,OMC-008,National Oil,GB08NAFX56342160733754,2026-04-25,196822,1
PAY-47191,INV-10350,OMC-008,National Oil,GB08NAFX56342160733754,2026-07-10,28637,1
PAY-93430,INV-72343,OMC-001,TotalEnergies Kenya,GB06DMIO52553419283276,2025-07-13,46279,1
PAY-51105,INV-41110,OMC-010,Tamoil,GB34EABH79176936763201,2025-05-10,103964,1
PAY-21095,INV-25187,OMC-004,Gulf Energy,GB89GWUW86379402654235,2026-04-26,42230,2
PAY-12265,INV-78341,OMC-018,Uganda National Oil,GB36RNCH17127484677378,2025-09-26,93491,1
PAY-99263,INV-59756,OMC-002,Vivo Energy,GB45OQIR01845146270482,2026-04-02,58743,2
PAY-33153,INV-18087,OMC-011,Hass Petroleum,GB56WGCN65876036690967,27/04/2026,102646,1
PAY-12528,INV-27615,OMC-015,Mombasa Petroleum,GB80WOIJ43135182337498,2025-11-07,210852,1
PAY-99865,INV-64970,OMC-002,Vivo Energy,GB45OQIR01845146270482,2025-07-02,65162,2
PAY-88836,INV-72935,OMC-017,KAA Aviation,GB54HVSS04902787429671,2026-06-25,181747,1
PAY-44230,INV-46473,OMC-017,KAA Aviation,GB54HVSS04902787429671,2025-12-17,60059,1
PAY-21731,INV-43775,OMC-013,Lake Oil,GB88TEHE71937452991241,2025-07-12,147541,1
PAY-63112,INV-89324,OMC-006,Hashi Energy,GB05QCFC91361939909169,,103699,1
PAY-65700,INV-56061,OMC-017,KAA Aviation,GB54HVSS04902787429671,2026-02-13,42878,1
PAY-16064,INV-77219,OMC-013,Lake Oil,GB88TEHE71937452991241,2025-09-16," KES 98,148 ",1
PAY-74567,INV-28728,OMC-015,Mombasa Petroleum,GB80WOIJ43135182337498,2026-07-13,162529,1
PAY-58080,INV-46886,OMC-007,Kobil,GB37IDDX82449353487401,2025-08-29,25750,1
PAY-68691,INV-14925,OMC-001,TotalEnergies Kenya,GB06DMIO52553419283276,2025-12-23,32666,1
PAY-47436,INV-41343,OMC-006,Hashi Energy,GB05QCFC91361939909169,2026-06-04,60923,1
PAY-45135,INV-20160,OMC-006,Hashi Energy,GB05QCFC91361939909169,2025-02-02,141298,1
PAY-59117,INV-29037,OMC-005,PetroOil Kenya,GB89GWUW86379402654235,2026-07-15,46617,2
PAY-55390,INV-55515,OMC-003,Rubis Energy,GB04LOQO13315098393010,2025-07-28,24582,1
PAY-72578,INV-38015,OMC-009,Dalbit Petroleum,GB53VXXX35615951484656,2025-06-18,262781,1
PAY-62642,INV-25902,OMC-011,Hass Petroleum,GB56WGCN65876036690967,2025-12-21," KES 33,966 ",1
PAY-79515,INV-33896,OMC-006,Hashi Energy,GB05QCFC91361939909169,2026-06-24,162743,1
PAY-30983,INV-26807,OMC-008,National Oil,GB08NAFX56342160733754,2025-10-04,157421,1
PAY-93400,INV-31420,OMC-013,Lake Oil,GB88TEHE71937452991241,2025-02-13,33337,1
PAY-94739,INV-44901,OMC-004,Gulf Energy,GB89GWUW86379402654235,31/05/2026,23228,1
PAY-60046,INV-52488,OMC-008,National Oil,GB08NAFX56342160733754,2025-11-11,207392,1
PAY-15367,INV-55187,OMC-016,KPA Marine,GB31MOOJ96499091334123,2026-05-30,275357,1
PAY-92011,INV-53919,OMC-015,Mombasa Petroleum,GB80WOIJ43135182337498,2026-06-19,38120,1
PAY-65405,INV-73990,OMC-019,Tanzania Petroleum,GB59MHYN05766270289517,2025-09-01,53164,1
PAY-69131,INV-57363,OMC-016,KPA Marine,GB31MOOJ96499091334123,2026-08-21,30855,1
PAY-59321,INV-11896,OMC-005,PetroOil Kenya,GB89GWUW86379402654235,2026-05-08,28471,1
PAY-48213,INV-54949,OMC-019,Tanzania Petroleum,GB59MHYN05766270289517,2026-05-07,236055,1
PAY-32450,INV-24616,OMC-020,Ethiopian Oil,GB14NSVZ22219693792374,2026-05-12,178170,1
PAY-59186,INV-98288,OMC-020,Ethiopian Oil,GB14NSVZ22219693792374,2025-11-22,43499,1
PAY-85238,INV-60735,OMC-010,Tamoil,GB34EABH79176936763201,2025-07-10," KES 133,029 ",1
PAY-29216,INV-72395,OMC-020,Ethiopian Oil,GB14NSVZ22219693792374,2026-06-05,113119,1
PAY-73966,INV-64673,OMC-003,Rubis Energy,GB04LOQO13315098393010,2026-06-23,27850,1
PAY-10211,INV-11973,OMC-019,Tanzania Petroleum,GB59MHYN05766270289517,28/09/2025,39904,1
PAY-83020,INV-37436,OMC-014,Texol Energies,GB06ONXS45314737996507,2025-11-10,92234,2
PAY-44985,INV-42416,OMC-016,KPA Marine,GB31MOOJ96499091334123,2025-10-24,144241,1
PAY-27409,INV-86149,OMC-003,Rubis Energy,GB04LOQO13315098393010,2025-06-19,24630,1
PAY-64211,INV-18965,OMC-015,Mombasa Petroleum,GB80WOIJ43135182337498,2026-02-12,138552,1
PAY-10283,INV-25371,OMC-006,Hashi Energy,GB05QCFC91361939909169,2025-02-08,37303,1
PAY-96536,INV-84530,OMC-019,Tanzania Petroleum,GB59MHYN05766270289517,2025-07-21,42086,1
PAY-47261,INV-16076,OMC-014,Texol Energies,GB06ONXS45314737996507,2025-04-01,18730,1
PAY-48535,INV-30508,OMC-006,Hashi Energy,GB05QCFC91361939909169,2025-06-07,39449,1
PAY-27071,INV-67722,OMC-015,Mombasa Petroleum,GB80WOIJ43135182337498,2025-07-21,82440,1
PAY-20959,INV-66022,OMC-007,Kobil,GB37IDDX82449353487401,2026-02-18,41356,2
PAY-42543,INV-29737,OMC-001,TotalEnergies Kenya,GB06DMIO52553419283276,2026-04-28,216066,1
PAY-19138,INV-74548,OMC-006,Hashi Energy,GB05QCFC91361939909169,2026-07-18,15948,2
PAY-72521,INV-41493,OMC-015,Mombasa Petroleum,GB80WOIJ43135182337498,," KES 111,762 ",1
PAY-44796,INV-50215,OMC-013,Lake Oil,GB88TEHE71937452991241,2026-08-13," KES 275,672 ",1
PAY-18207,INV-69607,OMC-006,Hashi Energy,GB05QCFC91361939909169,21/06/2025,87246,1
PAY-59768,INV-21717,OMC-009,Dalbit Petroleum,GB53VXXX35615951484656,2025-09-07,13013,2
PAY-79270,INV-92401,OMC-008,National Oil,GB08NAFX56342160733754,2025-02-02,24616,1
PAY-77737,INV-48591,OMC-008,National Oil,GB08NAFX56342160733754,2025-12-18,70065,1
PAY-16476,INV-40124,OMC-019,Tanzania Petroleum,GB59MHYN05766270289517,2025-03-03,67799,2
PAY-19413,INV-66397,OMC-009,Dalbit Petroleum,GB53VXXX35615951484656,2026-05-20,276731,1
PAY-47943,INV-57160,OMC-001,TotalEnergies Kenya,GB06DMIO52553419283276,2026-06-04,14547,2
PAY-13257,INV-51383,OMC-016,KPA Marine,GB31MOOJ96499091334123,2025-07-29,67117,1
PAY-58218,INV-31028,OMC-015,Mombasa Petroleum,GB80WOIJ43135182337498,03/12/2025,181824,1
PAY-94530,INV-36597,OMC-006,Hashi Energy,GB05QCFC91361939909169,2025-08-07,197318,1
PAY-22371,INV-13559,OMC-008,National Oil,GB08NAFX56342160733754,10/07/2025,41109,1
PAY-16719,INV-56544,OMC-016,KPA Marine,GB31MOOJ96499091334123,2025-12-29,72783,1
PAY-37987,INV-85804,OMC-005,PetroOil Kenya,GB89GWUW86379402654235,2026-04-19,60912,1
PAY-21544,INV-37647,OMC-009,Dalbit Petroleum,GB53VXXX35615951484656,2025-03-07,29629,1
PAY-87925,INV-86908,OMC-011,Hass Petroleum,GB56WGCN65876036690967,2026-05-04,9995,2
PAY-34173,INV-45115,OMC-010,Tamoil,GB34EABH79176936763201,2025-11-23,6954,2
PAY-58397,INV-75164,OMC-011,Hass Petroleum,GB56WGCN65876036690967,2025-04-09,155011,1
PAY-63912,INV-29152,OMC-011,Hass Petroleum,GB56WGCN65876036690967,2026-06-16,165152,1
PAY-68692,INV-70845,OMC-002,Vivo Energy,GB45OQIR01845146270482,2025-04-16,6987,2
PAY-34798,INV-11089,OMC-013,Lake Oil,GB88TEHE71937452991241,2026-01-10,234571,1
PAY-57855,INV-40293,OMC-013,Lake Oil,GB88TEHE71937452991241,2026-01-23,133125,1
PAY-50945,INV-65695,OMC-001,TotalEnergies Kenya,GB06DMIO52553419283276,2026-05-25,33263,1
PAY-49912,INV-51179,OMC-008,National Oil,GB08NAFX56342160733754,2025-09-13,25485,1
PAY-33416,INV-53900,OMC-012,Galana Energies,GB89GWUW86379402654235,2026-04-27,53004,2
PAY-64793,INV-96696,OMC-001,TotalEnergies Kenya,GB06DMIO52553419283276,2025-10-28,89323,1
PAY-97999,INV-93038,OMC-007,Kobil,GB37IDDX82449353487401,2026-08-20,106298,1
PAY-91646,INV-41417,OMC-012,Galana Energies,GB89GWUW86379402654235,2026-03-24," KES 15,512 ",2
PAY-67438,INV-89061,OMC-009,Dalbit Petroleum,GB53VXXX35615951484656,2026-06-28,170889,1
PAY-94433,INV-83413,OMC-010,Tamoil,GB34EABH79176936763201,2025-10-05,57432,1
PAY-86890,INV-28762,OMC-015,Mombasa Petroleum,GB80WOIJ43135182337498,2026-03-03,95153,1
PAY-55849,INV-67027,OMC-013,Lake Oil,GB88TEHE71937452991241,2025-12-01,196136,1
PAY-30822,INV-99350,OMC-001,TotalEnergies Kenya,GB06DMIO52553419283276,2025-10-30,216485,1
PAY-53018,INV-29577,OMC-016,KPA Marine,GB31MOOJ96499091334123,2026-03-14," KES 59,946 ",1
PAY-17282,INV-81277,OMC-015,Mombasa Petroleum,GB80WOIJ43135182337498,,77782,1
PAY-99396,INV-55214,OMC-004,Gulf Energy,GB89GWUW86379402654235,15/05/2026,62786,2
PAY-89272,INV-71397,OMC-011,Hass Petroleum,GB56WGCN65876036690967,2025-08-13,39672,2
PAY-18953,INV-44979,OMC-015,Mombasa Petroleum,GB80WOIJ43135182337498,2025-05-05,162966,1
PAY-66592,INV-75627,OMC-016,KPA Marine,GB31MOOJ96499091334123,2025-04-17,228521,1
PAY-87566,INV-73713,OMC-006,Hashi Energy,GB05QCFC91361939909169,,160356,1
PAY-64543,INV-61907,OMC-014,Texol Energies,GB06ONXS45314737996507,2025-09-14,28488,1
PAY-91721,INV-35775,OMC-004,Gulf Energy,GB89GWUW86379402654235,2026-03-18,211283,1
PAY-87064,INV-51111,OMC-012,Galana Energies,GB89GWUW86379402654235,12/04/2026,18521,2
PAY-56009,INV-40444,OMC-006,Hashi Energy,GB05QCFC91361939909169,2025-12-04,50327,1
PAY-85806,INV-95772,OMC-007,Kobil,GB37IDDX82449353487401,2025-06-05,177082,1
PAY-36731,INV-53371,OMC-020,Ethiopian Oil,GB14NSVZ22219693792374,2025-11-20,169802,1
PAY-11862,INV-71491,OMC-017,KAA Aviation,GB54HVSS04902787429671,,243994,1
PAY-49746,INV-53700,OMC-001,TotalEnergies Kenya,GB06DMIO52553419283276,2026-04-24,35209,1
PAY-58877,INV-12139,OMC-013,Lake Oil,GB88TEHE71937452991241,2026-04-09,133748,1
PAY-96834,INV-84998,OMC-001,TotalEnergies Kenya,GB06DMIO52553419283276,2026-05-18,57777,1
PAY-45833,INV-34617,OMC-004,Gulf Energy,GB89GWUW86379402654235,2026-05-30," KES 60,343 ",2
PAY-11501,INV-95338,OMC-001,TotalEnergies Kenya,GB06DMIO52553419283276,2025-04-26,21935,1
PAY-37850,INV-27131,OMC-019,Tanzania Petroleum,GB59MHYN05766270289517,2026-07-08,175595,1
PAY-98632,INV-18400,OMC-010,Tamoil,GB34EABH79176936763201,,131712,1
PAY-48147,INV-23645,OMC-017,KAA Aviation,GB54HVSS04902787429671,2025-07-07," KES 178,628 ",1
PAY-66400,INV-94549,OMC-019,Tanzania Petroleum,GB59MHYN05766270289517,2026-05-29,110886,1
PAY-19849,INV-41860,OMC-011,Hass Petroleum,GB56WGCN65876036690967,2026-04-06,69553,1
PAY-91117,INV-49730,OMC-017,KAA Aviation,GB54HVSS04902787429671,2025-05-23,55194,1
PAY-10002,INV-65610,OMC-020,Ethiopian Oil,GB14NSVZ22219693792374,2025-04-15,148473,1
PAY-38013,INV-47709,OMC-008,National Oil,GB08NAFX56342160733754,2026-04-30,35126,1
PAY-47086,INV-18837,OMC-001,TotalEnergies Kenya,GB06DMIO52553419283276,2025-02-21,35925,1
PAY-38565,INV-26688,OMC-011,Hass Petroleum,GB56WGCN65876036690967,30/07/2025,124407,1
PAY-28203,INV-85665,OMC-017,KAA Aviation,GB54HVSS04902787429671,2025-02-14,27359,1
PAY-97050,INV-57783,OMC-006,Hashi Energy,GB05QCFC91361939909169,2025-06-02,114093,1
PAY-48437,INV-51032,OMC-010,Tamoil,GB34EABH79176936763201,2026-01-08,43944,1
PAY-27252,INV-56498,OMC-008,National Oil,GB08NAFX56342160733754,2026-05-09," KES 202,844 ",1
PAY-96175,INV-10061,OMC-020,Ethiopian Oil,GB14NSVZ22219693792374,2026-05-09,171303,1
PAY-13354,INV-88689,OMC-013,Lake Oil,GB88TEHE71937452991241,28/01/2026,269305,1
PAY-18390,INV-94158,OMC-017,KAA Aviation,GB54HVSS04902787429671,2025-11-27,49645,1
PAY-67526,INV-79622,OMC-017,KAA Aviation,GB54HVSS04902787429671,2025-07-13,94143,1
PAY-56365,INV-35323,OMC-004,Gulf Energy,GB89GWUW86379402654235,2026-06-21,158542,1
PAY-81304,INV-76792,OMC-005,PetroOil Kenya,GB89GWUW86379402654235,2026-03-24," KES 154,383 ",1
PAY-68434,INV-77278,OMC-001,TotalEnergies Kenya,GB06DMIO52553419283276,2026-05-17,56232,2
PAY-77010,INV-23582,OMC-001,TotalEnergies Kenya,GB06DMIO52553419283276,2025-07-29,33810,1
PAY-67296,INV-88822,OMC-007,Kobil,GB37IDDX82449353487401,2025-08-01,40784,1
PAY-79946,INV-90852,OMC-002,Vivo Energy,GB45OQIR01845146270482,2026-03-31,251446,1
PAY-36299,INV-93311,OMC-007,Kobil,GB37IDDX82449353487401,2026-07-24,41657,1
PAY-53009,INV-63998,OMC-007,Kobil,GB37IDDX82449353487401,2026-05-18,218188,1
PAY-53920,INV-64995,OMC-009,Dalbit Petroleum,GB53VXXX35615951484656,2026-05-13," KES 169,807 ",1
PAY-30391,INV-69965,OMC-001,TotalEnergies Kenya,GB06DMIO52553419283276,2026-02-04," KES 15,456 ",1
PAY-45813,INV-52473,OMC-006,Hashi Energy,GB05QCFC91361939909169,2025-06-10,129027,1
PAY-29808,INV-99669,OMC-009,Dalbit Petroleum,GB53VXXX35615951484656,2025-11-27,207040,1
PAY-72997,INV-16941,OMC-013,Lake Oil,GB88TEHE71937452991241,2025-10-11,40715,1
PAY-91117,INV-49730,OMC-017,KAA Aviation,GB54HVSS04902787429671,2025-05-23,55194,1
PAY-93497,INV-58674,OMC-009,Dalbit Petroleum,GB53VXXX35615951484656,2026-01-13,192115,1
PAY-25133,INV-72899,OMC-009,Dalbit Petroleum,GB53VXXX35615951484656,2026-01-26,153984,1
PAY-58667,INV-48640,OMC-008,National Oil,GB08NAFX56342160733754,2026-03-18,177897,1
PAY-83267,INV-32990,OMC-004,Gulf Energy,GB89GWUW86379402654235,2026-05-26,64372,2
PAY-47125,INV-63562,OMC-006,Hashi Energy,GB05QCFC91361939909169,2025-08-12,14791,2
PAY-86430,INV-70134,OMC-013,Lake Oil,GB88TEHE71937452991241,2025-12-15,209845,1
PAY-72449,INV-22381,OMC-004,Gulf Energy,GB89GWUW86379402654235,2026-04-29,9769,2
PAY-32079,INV-82555,OMC-006,Hashi Energy,GB05QCFC91361939909169,26/07/2025,259108,1
PAY-41635,INV-87188,OMC-020,Ethiopian Oil,GB14NSVZ22219693792374,2026-03-21,155785,1
PAY-48350,INV-58697,OMC-016,KPA Marine,GB31MOOJ96499091334123,2025-04-03,29499,1
PAY-60274,INV-70581,OMC-018,Uganda National Oil,GB36RNCH17127484677378,2026-01-04,54172,1
PAY-12065,INV-50434,OMC-010,Tamoil,GB34EABH79176936763201,2025-06-07,211860,1
PAY-66239,INV-44059,OMC-018,Uganda National Oil,GB36RNCH17127484677378,2025-08-10,260108,1
PAY-84732,INV-89785,OMC-015,Mombasa Petroleum,GB80WOIJ43135182337498,2026-05-01,187645,1
PAY-37379,INV-45466,OMC-010,Tamoil,GB34EABH79176936763201,2025-08-15,138381,1
PAY-68643,INV-47708,OMC-016,KPA Marine,GB31MOOJ96499091334123,2025-03-19,60520,2
PAY-50828,INV-15477,OMC-011,Hass Petroleum,GB56WGCN65876036690967,2025-06-23,199969,1
PAY-19933,INV-92756,OMC-011,Hass Petroleum,GB56WGCN65876036690967,2025-08-20,50358,1
PAY-92184,INV-88262,OMC-009,Dalbit Petroleum,GB53VXXX35615951484656,2025-04-20,283607,1
PAY-19888,INV-38043,OMC-001,TotalEnergies Kenya,GB06DMIO52553419283276,2026-01-22,55493,1
PAY-33331,INV-98774,OMC-005,PetroOil Kenya,GB89GWUW86379402654235,2026-04-29,36824,2
PAY-73670,INV-26181,OMC-005,PetroOil Kenya,GB89GWUW86379402654235,2026-04-27,26898,1
PAY-70987,INV-23369,OMC-020,Ethiopian Oil,GB14NSVZ22219693792374,2026-03-02,79289,2
PAY-53111,INV-80092,OMC-020,Ethiopian Oil,GB14NSVZ22219693792374,2026-03-16," KES 56,624 ",1
PAY-98044,INV-55927,OMC-008,National Oil,GB08NAFX56342160733754,2026-06-29,181423,1
PAY-23998,INV-64609,OMC-010,Tamoil,GB34EABH79176936763201,2026-02-02,56871,2
PAY-25340,INV-61089,OMC-017,KAA Aviation,GB54HVSS04902787429671,2026-04-02,63997,1
PAY-21496,INV-47430,OMC-019,Tanzania Petroleum,GB59MHYN05766270289517,2025-06-23,265929,1
PAY-69546,INV-88396,OMC-006,Hashi Energy,GB05QCFC91361939909169,," KES 50,784 ",1
PAY-54123,INV-15971,OMC-015,Mombasa Petroleum,GB80WOIJ43135182337498,2025-10-29,226973,1
PAY-75114,INV-14574,OMC-013,Lake Oil,GB88TEHE71937452991241,2025-06-23,194062,1
PAY-69001,INV-66797,OMC-019,Tanzania Petroleum,GB59MHYN05766270289517,2026-01-24," KES 169,715 ",1
PAY-85992,INV-74976,OMC-009,Dalbit Petroleum,GB53VXXX35615951484656,2026-08-31,55153,2
PAY-23060,INV-82251,OMC-002,Vivo Energy,GB45OQIR01845146270482,2026-05-25,210511,1
PAY-86143,INV-57857,OMC-016,KPA Marine,GB31MOOJ96499091334123,2026-05-29,43933,1
PAY-53724,INV-37299,OMC-012,Galana Energies,GB89GWUW86379402654235,2026-04-15,187332,1
PAY-35222,INV-81417,OMC-016,KPA Marine,GB31MOOJ96499091334123,2026-06-30,95395,1
PAY-39070,INV-60110,OMC-010,Tamoil,GB34EABH79176936763201,2026-02-24,179243,1
PAY-48578,INV-37983,OMC-007,Kobil,GB37IDDX82449353487401,2026-04-20,44015,1
PAY-46765,INV-93978,OMC-020,Ethiopian Oil,GB14NSVZ22219693792374,2026-07-10,56569,1
PAY-13711,INV-47085,OMC-013,Lake Oil,GB88TEHE71937452991241,2025-10-29,47777,1
PAY-26171,INV-98268,OMC-012,Galana Energies,GB89GWUW86379402654235,2026-06-10,101143,2
PAY-84693,INV-93962,OMC-019,Tanzania Petroleum,GB59MHYN05766270289517,2026-02-06,46501,1
PAY-22627,INV-11633,OMC-009,Dalbit Petroleum,GB53VXXX35615951484656,27/04/2026,52177,2
PAY-27915,INV-45732,OMC-019,Tanzania Petroleum,GB59MHYN05766270289517,2025-06-26,173260,1
PAY-19056,INV-66899,OMC-011,Hass Petroleum,GB56WGCN65876036690967,2025-11-20,35864,2
PAY-60847,INV-88543,OMC-008,National Oil,GB08NAFX56342160733754,2025-05-14,35985,1
PAY-90467,INV-79264,OMC-006,Hashi Energy,GB05QCFC91361939909169,2025-08-12,108506,1
PAY-63750,INV-30519,OMC-015,Mombasa Petroleum,GB80WOIJ43135182337498,2025-04-07,31894,1
PAY-57196,INV-62973,OMC-012,Galana Energies,GB89GWUW86379402654235,2026-06-16,75413,1
PAY-92776,INV-64832,OMC-017,KAA Aviation,GB54HVSS04902787429671,2025-11-23,27705,1
PAY-50455,INV-34900,OMC-005,PetroOil Kenya,GB89GWUW86379402654235,2026-04-16,271489,1
PAY-81985,INV-42912,OMC-005,PetroOil Kenya,GB89GWUW86379402654235,2026-04-23,227892,1
PAY-79365,INV-88126,OMC-010,Tamoil,GB34EABH79176936763201,2026-02-08,109797,1
PAY-66300,INV-53156,OMC-010,Tamoil,GB34EABH79176936763201,2025-04-15,39068,1
PAY-40533,INV-62826,OMC-001,TotalEnergies Kenya,GB06DMIO52553419283276,2026-07-22,208570,1
PAY-77041,INV-66161,OMC-007,Kobil,GB37IDDX82449353487401,2025-12-03,90258,1
PAY-31675,INV-51314,OMC-012,Galana Energies,GB89GWUW86379402654235,01/06/2026,20047,2
PAY-43225,INV-46735,OMC-012,Galana Energies,GB89GWUW86379402654235,2026-06-05,26198,1
PAY-88808,INV-98325,OMC-007,Kobil,GB37IDDX82449353487401,2025-07-02,290806,1
PAY-69520,INV-82496,OMC-006,Hashi Energy,GB05QCFC91361939909169,2026-01-26,259333,1
PAY-60670,INV-29666,OMC-009,Dalbit Petroleum,GB53VXXX35615951484656,2025-08-17,67397,1
PAY-13726,INV-23544,OMC-019,Tanzania Petroleum,GB59MHYN05766270289517,2025-03-17,86132,1
PAY-74312,INV-35962,OMC-016,KPA Marine,GB31MOOJ96499091334123,2026-07-05,254335,1
PAY-42647,INV-95859,OMC-014,Texol Energies,GB06ONXS45314737996507,2026-06-02,210989,1
PAY-76012,INV-25335,OMC-018,Uganda National Oil,GB36RNCH17127484677378,2025-05-23,185218,1
PAY-78119,INV-68747,OMC-012,Galana Energies,GB89GWUW86379402654235,2026-04-24,90245,1
PAY-60941,INV-91848,OMC-015,Mombasa Petroleum,GB80WOIJ43135182337498,2025-03-02,190606,1
PAY-95030,INV-19763,OMC-009,Dalbit Petroleum,GB53VXXX35615951484656,2025-11-20,44806,1
PAY-47730,INV-24514,OMC-009,Dalbit Petroleum,GB53VXXX35615951484656,2026-05-28,26285,1
PAY-19919,INV-48847,OMC-005,PetroOil Kenya,GB89GWUW86379402654235,2026-05-20,47065,1
PAY-99640,INV-37472,OMC-006,Hashi Energy,GB05QCFC91361939909169,2026-04-11,223495,1
PAY-24501,INV-90650,OMC-020,Ethiopian Oil,GB14NSVZ22219693792374,2026-03-13,28676,1
PAY-50595,INV-43365,OMC-006,Hashi Energy,GB05QCFC91361939909169,2026-03-20,52307,1
PAY-89082,INV-22739,OMC-006,Hashi Energy,GB05QCFC91361939909169,2025-08-22,156717,1
PAY-44457,INV-90148,OMC-014,Texol Energies,GB06ONXS45314737996507,2026-01-26,66718,1
PAY-55802,INV-13131,OMC-004,Gulf Energy,GB89GWUW86379402654235,11/06/2026,23811,2
PAY-79944,INV-90148,OMC-014,Texol Energies,GB06ONXS45314737996507,2026-02-11,37361,2
PAY-45067,INV-77086,OMC-003,Rubis Energy,GB04LOQO13315098393010,2026-06-16,96562,2
PAY-50700,INV-70295,OMC-006,Hashi Energy,GB05QCFC91361939909169,2026-02-18,41931,1
PAY-44388,INV-69447,OMC-001,TotalEnergies Kenya,GB06DMIO52553419283276,,151250,1
PAY-97272,INV-21837,OMC-010,Tamoil,GB34EABH79176936763201,2025-03-30,134913,1
PAY-18445,INV-73083,OMC-002,Vivo Energy,GB45OQIR01845146270482,2025-07-08,139480,1
PAY-79994,INV-39869,OMC-008,National Oil,GB08NAFX56342160733754,2025-09-27,276567,1
PAY-88580,INV-35677,OMC-012,Galana Energies,GB89GWUW86379402654235,2026-03-29,179366,1
PAY-91348,INV-74701,OMC-001,TotalEnergies Kenya,GB06DMIO52553419283276,2026-06-16,233709,1
PAY-94641,INV-55593,OMC-001,TotalEnergies Kenya,GB06DMIO52553419283276,2025-05-25,17208,2
PAY-93109,INV-59945,OMC-014,Texol Energies,GB06ONXS45314737996507,04/05/2026,225313,1
PAY-86090,INV-41267,OMC-004,Gulf Energy,GB89GWUW86379402654235,2026-03-11,224670,1
PAY-38495,INV-82353,OMC-020,Ethiopian Oil,GB14NSVZ22219693792374,2025-05-01,158054,1
PAY-27184,INV-61758,OMC-009,Dalbit Petroleum,GB53VXXX35615951484656,2026-01-27,155648,1
PAY-63350,INV-30241,OMC-005,PetroOil Kenya,GB89GWUW86379402654235,2026-06-21,61214,2
PAY-30428,INV-26389,OMC-009,Dalbit Petroleum,GB53VXXX35615951484656,2025-05-13,27535,1
PAY-75175,INV-89358,OMC-013,Lake Oil,GB88TEHE71937452991241,2026-07-12,65860,1
PAY-57744,INV-89742,OMC-007,Kobil,GB37IDDX82449353487401,2026-02-21,253891,1
PAY-54582,INV-70086,OMC-017,KAA Aviation,GB54HVSS04902787429671,2025-08-20,28731,1
PAY-13086,INV-82513,OMC-001,TotalEnergies Kenya,GB06DMIO52553419283276,2026-01-11,160848,1
PAY-22432,INV-67312,OMC-002,Vivo Energy,GB45OQIR01845146270482,02/01/2026,53841,2
PAY-65436,INV-53660,OMC-017,KAA Aviation,GB54HVSS04902787429671,2025-10-20,121295,1
PAY-15347,INV-29824,OMC-016,KPA Marine,GB31MOOJ96499091334123,2026-01-13,229476,1
PAY-64446,INV-47087,OMC-016,KPA Marine,GB31MOOJ96499091334123,2025-11-04,43876,1
PAY-85238,INV-46195,OMC-002,Vivo Energy,GB45OQIR01845146270482,2026-01-17,199505,1
PAY-52296,INV-33714,OMC-019,Tanzania Petroleum,GB59MHYN05766270289517,2026-01-07,28811,1
PAY-56998,INV-96106,OMC-004,Gulf Energy,GB89GWUW86379402654235,2026-04-03,201727,1
PAY-51129,INV-53476,OMC-018,Uganda National Oil,GB36RNCH17127484677378,2026-04-25,178477,1
PAY-64608,INV-23488,OMC-002,Vivo Energy,GB45OQIR01845146270482,2026-06-24,189956,1
PAY-91433,INV-32875,OMC-015,Mombasa Petroleum,GB80WOIJ43135182337498,2025-09-01,266149,1
PAY-75741,INV-26075,OMC-001,TotalEnergies Kenya,GB06DMIO52553419283276,2025-03-05,137108,1
PAY-38258,INV-93346,OMC-002,Vivo Energy,GB45OQIR01845146270482,2026-03-05,168774,1
PAY-81749,INV-36305,OMC-014,Texol Energies,GB06ONXS45314737996507,2025-09-10,28751,1
PAY-46508,INV-24279,OMC-011,Hass Petroleum,GB56WGCN65876036690967,2025-06-03,31044,1
PAY-47372,INV-37949,OMC-006,Hashi Energy,GB05QCFC91361939909169,2026-05-21,267697,1
PAY-26059,INV-14237,OMC-001,TotalEnergies Kenya,GB06DMIO52553419283276,2025-10-28," KES 130,940 ",1
PAY-14597,INV-82892,OMC-019,Tanzania Petroleum,GB59MHYN05766270289517,2026-03-08,96162,1
PAY-93003,INV-47779,OMC-016,KPA Marine,GB31MOOJ96499091334123,2026-03-23,194804,1
PAY-57463,INV-71835,OMC-015,Mombasa Petroleum,GB80WOIJ43135182337498,2026-06-17,167547,1
PAY-73003,INV-59035,OMC-015,Mombasa Petroleum,GB80WOIJ43135182337498,2025-12-23,22589,1
PAY-25941,INV-71466,OMC-010,Tamoil,GB34EABH79176936763201,2025-07-17,26712,1
PAY-15941,INV-23369,OMC-020,Ethiopian Oil,GB14NSVZ22219693792374,2026-02-06,123208,1
PAY-45082,INV-43420,OMC-005,PetroOil Kenya,GB89GWUW86379402654235,2026-05-18,123755,1
PAY-80499,INV-61360,OMC-019,Tanzania Petroleum,GB59MHYN05766270289517,2026-04-14,29296,1
PAY-51588,INV-54220,OMC-016,KPA Marine,GB31MOOJ96499091334123,2026-04-02,53641,1
PAY-47266,INV-54245,OMC-010,Tamoil,GB34EABH79176936763201,2025-10-20,59378,2
PAY-18881,INV-27043,OMC-012,Galana Energies,GB89GWUW86379402654235,2026-06-14,88877,2
PAY-31445,INV-75192,OMC-017,KAA Aviation,GB54HVSS04902787429671,2025-10-09,242365,1
PAY-35948,INV-80487,OMC-008,National Oil,GB08NAFX56342160733754,2025-03-16,101475,1
PAY-63286,INV-51115,OMC-013,Lake Oil,GB88TEHE71937452991241,2025-12-20,124185,1
PAY-66925,INV-85971,OMC-020,Ethiopian Oil,GB14NSVZ22219693792374,20/09/2025," KES 21,348 ",1
PAY-55182,INV-23241,OMC-017,KAA Aviation,GB54HVSS04902787429671,2026-07-01,51676,1
PAY-52030,INV-95338,OMC-001,TotalEnergies Kenya,GB06DMIO52553419283276,2025-06-21,123787,1
PAY-70246,INV-52220,OMC-003,Rubis Energy,GB04LOQO13315098393010,2025-11-18,40766,1
PAY-95019,INV-90335,OMC-017,KAA Aviation,GB54HVSS04902787429671,2025-10-04,233636,1
PAY-65284,INV-81563,OMC-013,Lake Oil,GB88TEHE71937452991241,2025-06-12,26158,1
PAY-41154,INV-54382,OMC-013,Lake Oil,GB88TEHE71937452991241,15/05/2026,169472,1
PAY-13695,INV-55374,OMC-016,KPA Marine,GB31MOOJ96499091334123,2025-08-28,44771,1
PAY-15369,INV-86753,OMC-014,Texol Energies,GB06ONXS45314737996507,2025-10-03,134842,1
PAY-68358,INV-34617,OMC-004,Gulf Energy,GB89GWUW86379402654235,,222298,1
PAY-83688,INV-46877,OMC-002,Vivo Energy,GB45OQIR01845146270482,2025-03-24,40871,1
PAY-76036,INV-40706,OMC-015,Mombasa Petroleum,GB80WOIJ43135182337498,2025-05-08,146664,1
PAY-30319,INV-54402,OMC-004,Gulf Energy,GB89GWUW86379402654235,2026-05-16,28672,1
PAY-99991,INV-25930,OMC-019,Tanzania Petroleum,GB59MHYN05766270289517,2026-03-24,137846,1
PAY-17252,INV-72298,OMC-006,Hashi Energy,GB05QCFC91361939909169,2025-08-06,90318,1
PAY-31147,INV-34559,OMC-008,National Oil,GB08NAFX56342160733754,2026-07-01,49874,1
PAY-32383,INV-59209,OMC-018,Uganda National Oil,GB36RNCH17127484677378,2025-08-25,44600,1
PAY-21330,INV-81081,OMC-005,PetroOil Kenya,GB89GWUW86379402654235,2026-05-08,220546,1
PAY-22116,INV-71164,OMC-014,Texol Energies,GB06ONXS45314737996507,2025-05-18,11742,2
PAY-33079,INV-53804,OMC-005,PetroOil Kenya,GB89GWUW86379402654235,2026-04-09,112958,1
PAY-89732,INV-17414,OMC-006,Hashi Energy,GB05QCFC91361939909169,2026-01-17,117337,1
PAY-98782,INV-83589,OMC-011,Hass Petroleum,GB56WGCN65876036690967,2025-06-09,98483,1
PAY-99325,INV-20536,OMC-020,Ethiopian Oil,GB14NSVZ22219693792374,2026-07-17,178233,1
PAY-28743,INV-56646,OMC-014,Texol Energies,GB06ONXS45314737996507,2026-01-23,27501,1
PAY-62601,INV-19614,OMC-015,Mombasa Petroleum,GB80WOIJ43135182337498,2025-08-18,277226,1
PAY-90179,INV-30662,OMC-020,Ethiopian Oil,GB14NSVZ22219693792374,2026-07-20,229757,1
PAY-91308,INV-94842,OMC-009,Dalbit Petroleum,GB53VXXX35615951484656,2026-05-21,77920,2
PAY-44546,INV-60631,OMC-020,Ethiopian Oil,GB14NSVZ22219693792374,2025-08-21,48177,1
PAY-85305,INV-32455,OMC-003,Rubis Energy,GB04LOQO13315098393010,2026-07-04,272886,1
PAY-53984,INV-67728,OMC-006,Hashi Energy,GB05QCFC91361939909169,2025-09-21," KES 30,213 ",2
PAY-60941,INV-37206,OMC-005,PetroOil Kenya,GB89GWUW86379402654235,2026-06-07,26882,1
PAY-41777,INV-14282,OMC-007,Kobil,GB37IDDX82449353487401,2025-08-09,26222,1
PAY-11023,INV-10908,OMC-007,Kobil,GB37IDDX82449353487401,2025-06-25,236808,1
PAY-59289,INV-59956,OMC-017,KAA Aviation,GB54HVSS04902787429671,2025-08-08,22451,1
PAY-57074,INV-24891,OMC-013,Lake Oil,GB88TEHE71937452991241,2026-03-20," KES 28,793 ",1
PAY-91520,INV-66766,OMC-019,Tanzania Petroleum,GB59MHYN05766270289517,2025-04-11,57851,1
PAY-15813,INV-73101,OMC-005,PetroOil Kenya,GB89GWUW86379402654235,2026-05-24,198237,1
PAY-84692,INV-89085,OMC-012,Galana Energies,GB89GWUW86379402654235,2026-03-14,263166,1
PAY-74198,INV-79218,OMC-019,Tanzania Petroleum,GB59MHYN05766270289517,2025-04-12,5958,2
PAY-27986,INV-33994,OMC-017,KAA Aviation,GB54HVSS04902787429671,2025-12-15,256530,1
PAY-10923,INV-28279,OMC-017,KAA Aviation,GB54HVSS04902787429671,2025-05-20,33345,1
PAY-70688,INV-13165,OMC-002,Vivo Energy,GB45OQIR01845146270482,2026-01-15,148052,1
PAY-11126,INV-32916,OMC-012,Galana Energies,GB89GWUW86379402654235,2026-04-04,24493,2
PAY-90894,INV-74235,OMC-012,Galana Energies,GB89GWUW86379402654235,2026-04-09,110422,1
PAY-61438,INV-97844,OMC-004,Gulf Energy,GB89GWUW86379402654235,2026-05-12,40261,2
PAY-41972,INV-94298,OMC-012,Galana Energies,GB89GWUW86379402654235,30/03/2026,54801,1
PAY-31659,INV-34305,OMC-008,National Oil,GB08NAFX56342160733754,2025-10-06,39781,1
PAY-82315,INV-77778,OMC-016,KPA Marine,GB31MOOJ96499091334123,2025-09-09,277894,1
PAY-63068,INV-65150,OMC-009,Dalbit Petroleum,GB53VXXX35615951484656,2026-05-19,32219,2
PAY-11066,INV-37776,OMC-003,Rubis Energy,GB04LOQO13315098393010,,55987,1
PAY-42117,INV-37988,OMC-008,National Oil,GB08NAFX56342160733754,2026-05-11,132253,1
PAY-15567,INV-58881,OMC-009,Dalbit Petroleum,GB53VXXX35615951484656,2026-04-20,51478,1
PAY-20315,INV-79242,OMC-019,Tanzania Petroleum,GB59MHYN05766270289517,2025-12-25,210713,1
PAY-84995,INV-34167,OMC-018,Uganda National Oil,GB36RNCH17127484677378,2025-05-13,26061,1
PAY-14326,INV-46622,OMC-005,PetroOil Kenya,GB89GWUW86379402654235,2026-05-07,113936,1
PAY-14575,INV-45778,OMC-017,KAA Aviation,GB54HVSS04902787429671,2025-05-31,167596,1
PAY-95962,INV-26156,OMC-005,PetroOil Kenya,GB89GWUW86379402654235,2026-05-21,17009,1
PAY-58285,INV-68575,OMC-018,Uganda National Oil,GB36RNCH17127484677378,2025-03-31,45745,1
PAY-91253,INV-19332,OMC-011,Hass Petroleum,GB56WGCN65876036690967,2026-03-06," KES 31,342 ",1
PAY-43821,INV-54943,OMC-011,Hass Petroleum,GB56WGCN65876036690967,2025-03-20,133309,1
PAY-12294,INV-52657,OMC-003,Rubis Energy,GB04LOQO13315098393010,2025-05-26," KES 47,468 ",1
PAY-54294,INV-98373,OMC-010,Tamoil,GB34EABH79176936763201,2025-07-23,204729,1
PAY-80020,INV-84345,OMC-005,PetroOil Kenya,GB89GWUW86379402654235,2026-03-24,133214,1
PAY-13745,INV-23081,OMC-020,Ethiopian Oil,GB14NSVZ22219693792374,2025-06-01,194330,1
PAY-52631,INV-17792,OMC-003,Rubis Energy,GB04LOQO13315098393010,2025-08-10,30631,1
PAY-52216,INV-68337,OMC-005,PetroOil Kenya,GB89GWUW86379402654235,2026-06-01,81421,1
PAY-13448,INV-83774,OMC-014,Texol Energies,GB06ONXS45314737996507,2025-09-19,135917,1
PAY-51206,INV-45404,OMC-018,Uganda National Oil,GB36RNCH17127484677378,2025-08-08,49211,1
PAY-11170,INV-58769,OMC-020,Ethiopian Oil,GB14NSVZ22219693792374,2025-05-18,188929,1
PAY-75903,INV-92919,OMC-019,Tanzania Petroleum,GB59MHYN05766270289517,2025-09-01,59363,1
PAY-89612,INV-22016,OMC-015,Mombasa Petroleum,GB80WOIJ43135182337498,2026-03-06,23377,1
PAY-30133,INV-37059,OMC-017,KAA Aviation,GB54HVSS04902787429671,20/06/2025," KES 257,856 ",1
PAY-29347,INV-32938,OMC-017,KAA Aviation,GB54HVSS04902787429671,2025-12-11,101050,1
PAY-65981,INV-28674,OMC-009,Dalbit Petroleum,GB53VXXX35615951484656,2026-04-24,84982,1
PAY-69543,INV-88111,OMC-016,KPA Marine,GB31MOOJ96499091334123,2026-02-17,49035,1
PAY-93848,INV-95340,OMC-009,Dalbit Petroleum,GB53VXXX35615951484656,2025-12-11,24848,1
PAY-84946,INV-84365,OMC-010,Tamoil,GB34EABH79176936763201,2025-04-26,36820,1
PAY-70861,INV-28190,OMC-019,Tanzania Petroleum,GB59MHYN05766270289517,2026-05-07,55568,1
PAY-10282,INV-47674,OMC-014,Texol Energies,GB06ONXS45314737996507,23/06/2026,143573,1
PAY-32628,INV-56378,OMC-004,Gulf Energy,GB89GWUW86379402654235,2026-05-06,208976,1
PAY-54096,INV-59509,OMC-011,Hass Petroleum,GB56WGCN65876036690967,18/07/2026,23822,1
PAY-65188,INV-95923,OMC-014,Texol Energies,GB06ONXS45314737996507,2025-08-28,17025,1
PAY-88148,INV-35615,OMC-020,Ethiopian Oil,GB14NSVZ22219693792374,2026-07-07,36798,1
PAY-73185,INV-55091,OMC-013,Lake Oil,GB88TEHE71937452991241,2026-05-23,49857,1
PAY-75627,INV-82068,OMC-014,Texol Energies,GB06ONXS45314737996507,2026-05-09,39080,1
PAY-76673,INV-86731,OMC-004,Gulf Energy,GB89GWUW86379402654235,2026-03-22,198028,1
PAY-80820,INV-60477,OMC-003,Rubis Energy,GB04LOQO13315098393010,2026-03-29,63630,1
PAY-83940,INV-11509,OMC-011,Hass Petroleum,GB56WGCN65876036690967,2026-04-22,105598,1
PAY-76293,INV-24458,OMC-018,Uganda National Oil,GB36RNCH17127484677378,2025-12-20,111927,1
PAY-63990,INV-36912,OMC-005,PetroOil Kenya,GB89GWUW86379402654235,06/04/2026,217583,1
PAY-95401,INV-68842,OMC-005,PetroOil Kenya,GB89GWUW86379402654235,2026-04-24,13620,2
PAY-90849,INV-66309,OMC-010,Tamoil,GB34EABH79176936763201,2025-05-21,35322,1
PAY-16523,INV-49124,OMC-006,Hashi Energy,GB05QCFC91361939909169,2025-12-05,29835,1
PAY-82673,INV-55702,OMC-008,National Oil,GB08NAFX56342160733754,2026-08-07,25698,1
PAY-96117,INV-28936,OMC-005,PetroOil Kenya,GB89GWUW86379402654235,2026-04-28,199514,1
PAY-48179,INV-49288,OMC-011,Hass Petroleum,GB56WGCN65876036690967,2025-03-23,134205,1
PAY-67924,INV-94811,OMC-017,KAA Aviation,GB54HVSS04902787429671,2025-12-10,50253,1
PAY-41523,INV-61371,OMC-009,Dalbit Petroleum,GB53VXXX35615951484656,2026-04-10,25787,2
PAY-95281,INV-41401,OMC-002,Vivo Energy,GB45OQIR01845146270482,2025-04-28," KES 30,115 ",1
PAY-71597,INV-84054,OMC-013,Lake Oil,GB88TEHE71937452991241,2026-06-04,146116,1
PAY-75978,INV-61820,OMC-001,TotalEnergies Kenya,GB06DMIO52553419283276,15/03/2026,253148,1
PAY-63775,INV-77025,OMC-004,Gulf Energy,GB89GWUW86379402654235,2026-05-18,173060,1
PAY-79679,INV-42123,OMC-017,KAA Aviation,GB54HVSS04902787429671,2025-03-27,172681,1
PAY-29384,INV-55593,OMC-001,TotalEnergies Kenya,GB06DMIO52553419283276,2025-04-28,20275,1
PAY-47823,INV-91756,OMC-018,Uganda National Oil,GB36RNCH17127484677378,2026-01-28,88491,1
PAY-46665,INV-38804,OMC-001,TotalEnergies Kenya,GB06DMIO52553419283276,2026-01-05,49385,2
PAY-44874,INV-37963,OMC-018,Uganda National Oil,GB36RNCH17127484677378,2025-07-05,51321,2
PAY-89078,INV-83874,OMC-016,KPA Marine,GB31MOOJ96499091334123,2025-11-17,214312,1
PAY-95488,INV-11768,OMC-014,Texol Energies,GB06ONXS45314737996507,2025-03-26,274289,1
PAY-32286,INV-50584,OMC-007,Kobil,GB37IDDX82449353487401,2025-09-29,153773,1
PAY-80579,INV-36379,OMC-015,Mombasa Petroleum,GB80WOIJ43135182337498,2025-07-02,153399,1
PAY-53472,INV-10986,OMC-002,Vivo Energy,GB45OQIR01845146270482,2025-10-02,108327,1
PAY-35452,INV-21802,OMC-006,Hashi Energy,GB05QCFC91361939909169,2026-03-20,193412,1
PAY-57695,INV-99376,OMC-002,Vivo Energy,GB45OQIR01845146270482,2025-06-30,26946,2
PAY-50475,INV-24027,OMC-012,Galana Energies,GB89GWUW86379402654235,2026-06-19,16298,2
PAY-79323,INV-95134,OMC-010,Tamoil,GB34EABH79176936763201,2025-03-21,187636,1
PAY-79888,INV-99779,OMC-003,Rubis Energy,GB04LOQO13315098393010,2025-02-01,20101,2
PAY-14183,INV-26078,OMC-013,Lake Oil,GB88TEHE71937452991241,2025-05-26,259054,1
PAY-16399,INV-13727,OMC-008,National Oil,GB08NAFX56342160733754,2026-02-27,208675,1
PAY-15374,INV-36483,OMC-016,KPA Marine,GB31MOOJ96499091334123,2025-06-14," KES 129,150 ",1
PAY-77859,INV-43941,OMC-009,Dalbit Petroleum,GB53VXXX35615951484656,22/05/2026,121344,1
PAY-30083,INV-18117,OMC-010,Tamoil,GB34EABH79176936763201,2026-03-11,16122,2
PAY-80273,INV-19064,OMC-016,KPA Marine,GB31MOOJ96499091334123,2025-04-07," KES 30,212 ",1
PAY-81014,INV-44969,OMC-019,Tanzania Petroleum,GB59MHYN05766270289517,2025-05-10,133601,1
PAY-80783,INV-89999,OMC-015,Mombasa Petroleum,GB80WOIJ43135182337498,2025-10-15,38886,1
PAY-94911,INV-74563,OMC-005,PetroOil Kenya,GB89GWUW86379402654235,2026-05-05,100258,1
PAY-68845,INV-12154,OMC-015,Mombasa Petroleum,GB80WOIJ43135182337498,2025-02-07,33817,1
PAY-86665,INV-96245,OMC-015,Mombasa Petroleum,GB80WOIJ43135182337498,2025-02-22,148169,1
PAY-37368,INV-70787,OMC-013,Lake Oil,GB88TEHE71937452991241,2026-02-07,27162,1
PAY-92562,INV-96840,OMC-014,Texol Energies,GB06ONXS45314737996507,2026-08-17,27114,2
PAY-72359,INV-49878,OMC-010,Tamoil,GB34EABH79176936763201,2025-11-02,127567,1
PAY-62201,INV-80734,OMC-014,Texol Energies,GB06ONXS45314737996507,,166017,1
PAY-82419,INV-98025,OMC-001,TotalEnergies Kenya,GB06DMIO52553419283276,2026-01-05,136323,1
PAY-13229,INV-85366,OMC-019,Tanzania Petroleum,GB59MHYN05766270289517,2025-09-07,44832,1
PAY-19329,INV-82826,OMC-008,National Oil,GB08NAFX56342160733754,,160179,1
PAY-46073,INV-64599,OMC-010,Tamoil,GB34EABH79176936763201,2026-05-10,39037,1
PAY-39127,INV-17446,OMC-002,Vivo Energy,GB45OQIR01845146270482,,230088,1
PAY-75134,INV-81716,OMC-020,Ethiopian Oil,GB14NSVZ22219693792374,2026-07-22,27738,1
PAY-50336,INV-86124,OMC-001,TotalEnergies Kenya,GB06DMIO52553419283276,2026-04-12," KES 187,562 ",1
PAY-55869,INV-25521,OMC-011,Hass Petroleum,GB56WGCN65876036690967,2026-04-21,101691,1
PAY-66347,INV-96660,OMC-018,Uganda National Oil,GB36RNCH17127484677378,2026-05-31,131379,1
PAY-23070,INV-57874,OMC-003,Rubis Energy,GB04LOQO13315098393010,2025-07-24,21452,1
PAY-17517,INV-84161,OMC-003,Rubis Energy,GB04LOQO13315098393010,2026-02-02,162528,1
PAY-29042,INV-64361,OMC-013,Lake Oil,GB88TEHE71937452991241,2025-05-31,132377,1
PAY-98268,INV-64589,OMC-018,Uganda National Oil,GB36RNCH17127484677378,2025-06-02,44836,1
PAY-57075,INV-85961,OMC-016,KPA Marine,GB31MOOJ96499091334123,2025-11-21,102882,1
PAY-52967,INV-70509,OMC-020,Ethiopian Oil,GB14NSVZ22219693792374,2025-05-25,90576,1
PAY-22373,INV-81749,OMC-013,Lake Oil,GB88TEHE71937452991241,2025-11-15,211527,1
PAY-39064,INV-75194,OMC-009,Dalbit Petroleum,GB53VXXX35615951484656,2026-02-10,30215,1
PAY-20567,INV-64067,OMC-014,Texol Energies,GB06ONXS45314737996507,2026-03-21,172108,1
PAY-77398,INV-89796,OMC-004,Gulf Energy,GB89GWUW86379402654235,07/05/2026," KES 27,740 ",2
PAY-31889,INV-23999,OMC-019,Tanzania Petroleum,GB59MHYN05766270289517,2026-03-21,58854,1
PAY-19600,INV-29271,OMC-003,Rubis Energy,GB04LOQO13315098393010,2025-04-14,113191,1
PAY-73699,INV-65178,OMC-008,National Oil,GB08NAFX56342160733754,2026-08-09,73381,1
PAY-44384,INV-96796,OMC-017,KAA Aviation,GB54HVSS04902787429671,2026-05-31,55864,1
PAY-77623,INV-13225,OMC-005,PetroOil Kenya,GB89GWUW86379402654235,2026-05-13,37807,2
PAY-78568,INV-16380,OMC-015,Mombasa Petroleum,GB80WOIJ43135182337498,2026-07-28,95472,1
PAY-87566,INV-73713,OMC-006,Hashi Energy,GB05QCFC91361939909169,2026-06-17,160356,1
PAY-78630,INV-50256,OMC-011,Hass Petroleum,GB56WGCN65876036690967,2026-07-02,29289,1
PAY-47219,INV-37749,OMC-013,Lake Oil,GB88TEHE71937452991241,2025-04-08,128206,1
PAY-52720,INV-85751,OMC-007,Kobil,GB37IDDX82449353487401,2025-12-28,9544,2
PAY-27085,INV-96453,OMC-015,Mombasa Petroleum,GB80WOIJ43135182337498,2026-06-02,32080,1
PAY-75633,INV-36457,OMC-019,Tanzania Petroleum,GB59MHYN05766270289517,2025-02-12,95740,1
PAY-40927,INV-84242,OMC-002,Vivo Energy,GB45OQIR01845146270482,2025-05-05,29518,1
PAY-71003,INV-38962,OMC-011,Hass Petroleum,GB56WGCN65876036690967,2025-08-31,69625,1
PAY-45141,INV-64340,OMC-008,National Oil,GB08NAFX56342160733754,2026-02-26,27428,1
PAY-73386,INV-93164,OMC-008,National Oil,GB08NAFX56342160733754,2025-09-03,30020,1
PAY-77317,INV-18186,OMC-005,PetroOil Kenya,GB89GWUW86379402654235,2026-03-22,90678,1
PAY-28468,INV-47047,OMC-012,Galana Energies,GB89GWUW86379402654235,18/04/2026,30715,2
PAY-37558,INV-37065,OMC-011,Hass Petroleum,GB56WGCN65876036690967,,48451,1
PAY-61654,INV-19914,OMC-012,Galana Energies,GB89GWUW86379402654235,," KES 158,403 ",1
PAY-13757,INV-61271,OMC-009,Dalbit Petroleum,GB53VXXX35615951484656,2026-01-19,48974,1
PAY-85490,INV-85217,OMC-005,PetroOil Kenya,GB89GWUW86379402654235,2026-05-18," KES 49,475 ",1
PAY-88943,INV-68216,OMC-013,Lake Oil,GB88TEHE71937452991241,2026-04-13,207779,1
PAY-86232,INV-26998,OMC-002,Vivo Energy,GB45OQIR01845146270482,2025-08-28,68829,1
PAY-15075,INV-77022,OMC-018,Uganda National Oil,GB36RNCH17127484677378,2025-12-09,106788,1
PAY-30040,INV-17373,OMC-003,Rubis Energy,GB04LOQO13315098393010,2026-01-22," KES 117,663 ",1
PAY-82015,INV-56597,OMC-008,National Oil,GB08NAFX56342160733754,2026-01-25,35329,2
PAY-35758,INV-89195,OMC-008,National Oil,GB08NAFX56342160733754,2025-10-05,50705,1
PAY-27725,INV-25762,OMC-001,TotalEnergies Kenya,GB06DMIO52553419283276,2025-04-29,127945,1
PAY-14818,INV-86149,OMC-003,Rubis Energy,GB04LOQO13315098393010,2025-07-08,10049,2
PAY-59426,INV-88045,OMC-019,Tanzania Petroleum,GB59MHYN05766270289517,2025-11-20,174414,1
PAY-35433,INV-85219,OMC-015,Mombasa Petroleum,GB80WOIJ43135182337498,2026-05-04,30349,1
PAY-66537,INV-70494,OMC-013,Lake Oil,GB88TEHE71937452991241,2026-05-21,109143,1
PAY-78136,INV-28879,OMC-009,Dalbit Petroleum,GB53VXXX35615951484656,2025-05-25,40112,1
PAY-87738,INV-27668,OMC-004,Gulf Energy,GB89GWUW86379402654235,2026-04-08,286896,1
PAY-38944,INV-61448,OMC-016,KPA Marine,GB31MOOJ96499091334123,2025-08-26,72673,2
PAY-47016,INV-28303,OMC-005,PetroOil Kenya,GB89GWUW86379402654235,2026-05-06,18706,1
PAY-87611,INV-39106,OMC-014,Texol Energies,GB06ONXS45314737996507,2025-08-27,81041,2
PAY-40332,INV-93056,OMC-017,KAA Aviation,GB54HVSS04902787429671,2025-10-31,56169,1
PAY-26348,INV-85722,OMC-005,PetroOil Kenya,GB89GWUW86379402654235,2026-04-14,19536,1
PAY-53060,INV-18665,OMC-011,Hass Petroleum,GB56WGCN65876036690967,2026-02-07,298415,1
PAY-18529,INV-89263,OMC-020,Ethiopian Oil,GB14NSVZ22219693792374,2026-03-31,198968,1
PAY-14888,INV-96981,OMC-002,Vivo Energy,GB45OQIR01845146270482,2026-02-27,140469,1
PAY-62283,INV-25762,OMC-001,TotalEnergies Kenya,GB06DMIO52553419283276,2025-05-24,82268,2
PAY-17980,INV-49497,OMC-001,TotalEnergies Kenya,GB06DMIO52553419283276,2026-06-22,168179,1
PAY-91247,INV-39900,OMC-009,Dalbit Petroleum,GB53VXXX35615951484656,2025-11-13,22615,1
PAY-34445,INV-68060,OMC-005,PetroOil Kenya,GB89GWUW86379402654235,2026-05-06,26436,1
PAY-61361,INV-98622,OMC-003,Rubis Energy,GB04LOQO13315098393010,12/12/2025,269972,1
PAY-82824,INV-86889,OMC-010,Tamoil,GB34EABH79176936763201,01/03/2026,60691,1
PAY-56041,INV-11743,OMC-010,Tamoil,GB34EABH79176936763201,2026-04-27,215993,1
PAY-61485,INV-75986,OMC-003,Rubis Energy,GB04LOQO13315098393010,2025-12-13,22572,1
PAY-59176,INV-39861,OMC-002,Vivo Energy,GB45OQIR01845146270482,2025-01-31,162652,1
PAY-69121,INV-44385,OMC-005,PetroOil Kenya,GB89GWUW86379402654235,2026-04-24,92702,1
PAY-45286,INV-10834,OMC-007,Kobil,GB37IDDX82449353487401,2026-05-14,65242,2
PAY-51174,INV-19331,OMC-017,KAA Aviation,GB54HVSS04902787429671,2025-03-20,52442,1
PAY-34659,INV-65901,OMC-017,KAA Aviation,GB54HVSS04902787429671,2026-04-21,138133,1
PAY-30352,INV-62381,OMC-011,Hass Petroleum,GB56WGCN65876036690967,2025-02-01,153659,1
PAY-12899,INV-34198,OMC-005,PetroOil Kenya,GB89GWUW86379402654235,2026-04-12,15611,2
PAY-90689,INV-98170,OMC-003,Rubis Energy,GB04LOQO13315098393010,2025-10-09,198289,1
PAY-22572,INV-77206,OMC-005,PetroOil Kenya,GB89GWUW86379402654235,2026-05-02,175313,1
PAY-88175,INV-15587,OMC-013,Lake Oil,GB88TEHE71937452991241,2026-04-21," KES 141,331 ",1
PAY-56178,INV-55224,OMC-010,Tamoil,GB34EABH79176936763201,2026-07-20,226489,1
PAY-47946,INV-87468,OMC-006,Hashi Energy,GB05QCFC91361939909169,12/08/2025," KES 101,068 ",1
PAY-76874,INV-79330,OMC-008,National Oil,GB08NAFX56342160733754,2026-02-05,75038,1
PAY-23235,INV-29905,OMC-003,Rubis Energy,GB04LOQO13315098393010,2025-04-27,183562,1
PAY-11936,INV-86108,OMC-003,Rubis Energy,GB04LOQO13315098393010,2025-09-15,146612,1
PAY-14225,INV-92693,OMC-005,PetroOil Kenya,GB89GWUW86379402654235,2026-05-16,46826,1
PAY-47852,INV-79000,OMC-002,Vivo Energy,GB45OQIR01845146270482,2025-11-16,163066,1
PAY-65871,INV-29949,OMC-011,Hass Petroleum,GB56WGCN65876036690967,2025-09-08,14868,2
PAY-56123,INV-93774,OMC-020,Ethiopian Oil,GB14NSVZ22219693792374,2025-04-03,39594,1
PAY-90519,INV-39857,OMC-014,Texol Energies,GB06ONXS45314737996507,2026-04-26,206687,1
PAY-36269,INV-90855,OMC-009,Dalbit Petroleum,GB53VXXX35615951484656,2026-05-22,206187,1
PAY-11635,INV-35317,OMC-013,Lake Oil,GB88TEHE71937452991241,2026-05-05,275462,1
PAY-35941,INV-85180,OMC-006,Hashi Energy,GB05QCFC91361939909169,2025-09-19,95686,1
PAY-22872,INV-50044,OMC-016,KPA Marine,GB31MOOJ96499091334123,2025-04-16,112192,1
PAY-84121,INV-65863,OMC-014,Texol Energies,GB06ONXS45314737996507,2026-01-20,92658,1
PAY-78131,INV-55131,OMC-019,Tanzania Petroleum,GB59MHYN05766270289517,2025-04-27,200449,1
PAY-47870,INV-85581,OMC-003,Rubis Energy,GB04LOQO13315098393010,2025-04-28,181991,1
PAY-43989,INV-64852,OMC-007,Kobil,GB37IDDX82449353487401,2025-07-22,25937,1
PAY-43926,INV-88644,OMC-001,TotalEnergies Kenya,GB06DMIO52553419283276,2025-10-31,11776,2
PAY-55361,INV-19673,OMC-004,Gulf Energy,GB89GWUW86379402654235,2026-04-13,236526,1
PAY-41512,INV-12255,OMC-016,KPA Marine,GB31MOOJ96499091334123,17/07/2025,68243,1
PAY-72676,INV-68473,OMC-020,Ethiopian Oil,GB14NSVZ22219693792374,2026-04-14,46298,1
PAY-88088,INV-55595,OMC-017,KAA Aviation,GB54HVSS04902787429671,2026-06-23,119173,1
PAY-35457,INV-36543,OMC-004,Gulf Energy,GB89GWUW86379402654235,2026-05-11,31395,1
PAY-46289,INV-54006,OMC-008,National Oil,GB08NAFX56342160733754,10/03/2025,253691,1
PAY-13407,INV-12182,OMC-007,Kobil,GB37IDDX82449353487401,2026-04-05,120384,1
PAY-78376,INV-69512,OMC-010,Tamoil,GB34EABH79176936763201,2025-07-04,134098,1
PAY-87553,INV-64817,OMC-011,Hass Petroleum,GB56WGCN65876036690967,2025-09-14,28953,1
PAY-68976,INV-23229,OMC-013,Lake Oil,GB88TEHE71937452991241,2026-03-09,56288,1
PAY-61936,INV-94939,OMC-015,Mombasa Petroleum,GB80WOIJ43135182337498,2026-05-24," KES 180,649 ",1
PAY-54575,INV-13186,OMC-001,TotalEnergies Kenya,GB06DMIO52553419283276,2026-02-08,37722,1
PAY-74784,INV-96692,OMC-008,National Oil,GB08NAFX56342160733754,2025-09-17,54345,1
PAY-75658,INV-95937,OMC-020,Ethiopian Oil,GB14NSVZ22219693792374,2025-06-14,9535,2
PAY-32768,INV-63467,OMC-013,Lake Oil,GB88TEHE71937452991241,2025-10-16,222514,1
PAY-34048,INV-83865,OMC-007,Kobil,GB37IDDX82449353487401,2026-02-26," KES 187,853 ",1
PAY-51970,INV-79462,OMC-009,Dalbit Petroleum,GB53VXXX35615951484656,2025-12-20," KES 193,852 ",1
PAY-97409,INV-58186,OMC-004,Gulf Energy,GB89GWUW86379402654235,07/06/2026,126097,1
PAY-20198,INV-87034,OMC-015,Mombasa Petroleum,GB80WOIJ43135182337498,2026-08-18,153756,1
PAY-83062,INV-11971,OMC-012,Galana Energies,GB89GWUW86379402654235,2026-05-31,143004,1
PAY-79013,INV-77104,OMC-002,Vivo Energy,GB45OQIR01845146270482,2025-10-20,180632,1
PAY-23545,INV-99585,OMC-003,Rubis Energy,GB04LOQO13315098393010,2025-10-27,52393,1
PAY-28023,INV-68941,OMC-001,TotalEnergies Kenya,GB06DMIO52553419283276,2025-08-13,31693,1
PAY-80134,INV-53743,OMC-010,Tamoil,GB34EABH79176936763201,2025-09-23,91333,1
PAY-50603,INV-22138,OMC-013,Lake Oil,GB88TEHE71937452991241,2025-04-23,188011,1
PAY-36939,INV-85742,OMC-017,KAA Aviation,GB54HVSS04902787429671,2026-05-02,213900,1
PAY-44674,INV-77380,OMC-014,Texol Energies,GB06ONXS45314737996507,2025-12-02,20954,2
PAY-72499,INV-67392,OMC-017,KAA Aviation,GB54HVSS04902787429671,2026-02-11,134991,1
PAY-97360,INV-66709,OMC-015,Mombasa Petroleum,GB80WOIJ43135182337498,2025-11-04,44415,1
PAY-81828,INV-90368,OMC-009,Dalbit Petroleum,GB53VXXX35615951484656,2025-04-07,35856,1
PAY-76850,INV-90623,OMC-017,KAA Aviation,GB54HVSS04902787429671,2025-08-26,172621,1
PAY-84935,INV-34243,OMC-007,Kobil,GB37IDDX82449353487401,2025-10-17,58722,1
PAY-20483,INV-15406,OMC-007,Kobil,GB37IDDX82449353487401,2025-06-06,24145,1
PAY-72930,INV-76222,OMC-012,Galana Energies,GB89GWUW86379402654235,2026-07-13," KES 66,262 ",2
PAY-41373,INV-91283,OMC-013,Lake Oil,GB88TEHE71937452991241,2025-03-20,94633,1
PAY-39459,INV-78099,OMC-014,Texol Energies,GB06ONXS45314737996507,2026-03-26,23227,2
PAY-91299,INV-10882,OMC-019,Tanzania Petroleum,GB59MHYN05766270289517,2026-02-14," KES 116,065 ",1
PAY-52472,INV-63958,OMC-010,Tamoil,GB34EABH79176936763201,2025-03-24,32488,1
PAY-22340,INV-57074,OMC-020,Ethiopian Oil,GB14NSVZ22219693792374,2025-04-03,95352,1
PAY-14579,INV-60009,OMC-011,Hass Petroleum,GB56WGCN65876036690967,2025-06-24,213273,1
PAY-15224,INV-19992,OMC-011,Hass Petroleum,GB56WGCN65876036690967,2026-02-19,173804,1
PAY-55542,INV-47980,OMC-019,Tanzania Petroleum,GB59MHYN05766270289517,2026-02-15,146917,1
PAY-65102,INV-80244,OMC-003,Rubis Energy,GB04LOQO13315098393010,2025-12-08,49187,1
PAY-37254,INV-99506,OMC-006,Hashi Energy,GB05QCFC91361939909169,2025-02-08,50092,1
PAY-59045,INV-34747,OMC-017,KAA Aviation,GB54HVSS04902787429671,2025-05-25,114340,1
PAY-66829,INV-17405,OMC-016,KPA Marine,GB31MOOJ96499091334123,2026-02-08,56301,2
PAY-40412,INV-55335,OMC-013,Lake Oil,GB88TEHE71937452991241,2025-05-16,46148,1
PAY-50523,INV-28684,OMC-006,Hashi Energy,GB05QCFC91361939909169,2025-07-24,43872,1
PAY-44270,INV-41773,OMC-001,TotalEnergies Kenya,GB06DMIO52553419283276,2026-05-31,22045,1
PAY-45306,INV-65342,OMC-006,Hashi Energy,GB05QCFC91361939909169,2025-12-25,178948,1
PAY-23642,INV-39263,OMC-002,Vivo Energy,GB45OQIR01845146270482,2025-06-30,169096,1
PAY-87596,INV-63822,OMC-006,Hashi Energy,GB05QCFC91361939909169,2025-10-25,247945,1
PAY-51834,INV-43994,OMC-020,Ethiopian Oil,GB14NSVZ22219693792374,2025-04-11,15476,2
PAY-32121,INV-43726,OMC-016,KPA Marine,GB31MOOJ96499091334123,2025-06-16,183667,1
PAY-45821,INV-14059,OMC-008,National Oil,GB08NAFX56342160733754,2025-02-03,191172,1
PAY-40866,INV-50518,OMC-017,KAA Aviation,GB54HVSS04902787429671,2025-12-23,45732,1
PAY-43008,INV-89414,OMC-018,Uganda National Oil,GB36RNCH17127484677378,2026-04-01,225550,1
PAY-27591,INV-24256,OMC-011,Hass Petroleum,GB56WGCN65876036690967,2025-03-21,33035,1
PAY-50959,INV-58551,OMC-008,National Oil,GB08NAFX56342160733754,2025-12-15,221443,1
PAY-36895,INV-88752,OMC-009,Dalbit Petroleum,GB53VXXX35615951484656,2025-05-02,76069,1
PAY-30067,INV-15684,OMC-018,Uganda National Oil,GB36RNCH17127484677378,2025-03-17,143838,1
PAY-25784,INV-31681,OMC-006,Hashi Energy,GB05QCFC91361939909169,2025-10-05,73255,2
PAY-59145,INV-62196,OMC-019,Tanzania Petroleum,GB59MHYN05766270289517,2026-02-07,45499,1
PAY-80240,INV-47560,OMC-019,Tanzania Petroleum,GB59MHYN05766270289517,2026-07-01,31040,1
PAY-58848,INV-52995,OMC-009,Dalbit Petroleum,GB53VXXX35615951484656,2025-12-06,239647,1
PAY-59060,INV-98838,OMC-015,Mombasa Petroleum,GB80WOIJ43135182337498,2025-03-31,41759,1
PAY-67166,INV-51572,OMC-002,Vivo Energy,GB45OQIR01845146270482,2025-10-19,56598,1
PAY-76814,INV-66216,OMC-016,KPA Marine,GB31MOOJ96499091334123,2025-12-02,45748,2
PAY-35350,INV-74565,OMC-010,Tamoil,GB34EABH79176936763201,09/04/2026,127072,1
PAY-74790,INV-33816,OMC-001,TotalEnergies Kenya,GB06DMIO52553419283276,28/11/2025,48445,1
PAY-20287,INV-13328,OMC-005,PetroOil Kenya,GB89GWUW86379402654235,2026-04-08,209886,1
PAY-61738,INV-63949,OMC-005,PetroOil Kenya,GB89GWUW86379402654235,2026-05-20,194233,1
PAY-18953,INV-34221,OMC-001,TotalEnergies Kenya,GB06DMIO52553419283276,2025-08-26,152651,1
PAY-47605,INV-79135,OMC-016,KPA Marine,GB31MOOJ96499091334123,2026-01-11,82252,1
PAY-66165,INV-41107,OMC-017,KAA Aviation,GB54HVSS04902787429671,2025-09-18,48836,1
PAY-22207,INV-96613,OMC-001,TotalEnergies Kenya,GB06DMIO52553419283276,2025-12-09,215347,1
PAY-96491,INV-29163,OMC-017,KAA Aviation,GB54HVSS04902787429671,2026-05-18,222512,1
PAY-67688,INV-42520,OMC-002,Vivo Energy,GB45OQIR01845146270482,2026-03-16,246028,1
PAY-91266,INV-12044,OMC-006,Hashi Energy,GB05QCFC91361939909169,2025-12-26,38329,1
PAY-19501,INV-91969,OMC-012,Galana Energies,GB89GWUW86379402654235,2026-04-13,130958,1
PAY-35592,INV-48249,OMC-015,Mombasa Petroleum,GB80WOIJ43135182337498,2025-02-10,170287,1
PAY-11236,INV-13272,OMC-019,Tanzania Petroleum,GB59MHYN05766270289517,2025-04-19,227435,1
PAY-35034,INV-22352,OMC-006,Hashi Energy,GB05QCFC91361939909169,2026-04-20,46507,1
PAY-44996,INV-25475,OMC-013,Lake Oil,GB88TEHE71937452991241,2025-08-05,125066,1
PAY-41315,INV-75620,OMC-010,Tamoil,GB34EABH79176936763201,2025-08-30,158048,1
PAY-45527,INV-70562,OMC-017,KAA Aviation,GB54HVSS04902787429671,2026-08-04," KES 40,861 ",1
PAY-40725,INV-56226,OMC-019,Tanzania Petroleum,GB59MHYN05766270289517,2025-07-26,73885,1
PAY-45678,INV-94537,OMC-013,Lake Oil,GB88TEHE71937452991241,,37940,1
PAY-61885,INV-88327,OMC-017,KAA Aviation,GB54HVSS04902787429671,2025-05-19,245813,1
PAY-61775,INV-35666,OMC-008,National Oil,GB08NAFX56342160733754,2025-11-24,53821,1
PAY-62257,INV-48870,OMC-005,PetroOil Kenya,GB89GWUW86379402654235,2026-04-19,42149,2
PAY-89048,INV-19770,OMC-001,TotalEnergies Kenya,GB06DMIO52553419283276,2025-12-12,77311,2
PAY-50588,INV-67257,OMC-015,Mombasa Petroleum,GB80WOIJ43135182337498,15/03/2025,61105,1
PAY-50740,INV-26110,OMC-006,Hashi Energy,GB05QCFC91361939909169,2026-05-20,135357,1
PAY-74101,INV-12200,OMC-005,PetroOil Kenya,GB89GWUW86379402654235,2026-06-19,118404,1
PAY-98554,INV-26427,OMC-016,KPA Marine,GB31MOOJ96499091334123,2026-04-24," KES 40,717 ",1
PAY-63718,INV-22657,OMC-002,Vivo Energy,GB45OQIR01845146270482,2025-06-02,26727,1
PAY-96536,INV-69607,OMC-006,Hashi Energy,GB05QCFC91361939909169,2025-07-12," KES 85,483 ",2
PAY-61631,INV-58374,OMC-005,PetroOil Kenya,GB89GWUW86379402654235,2026-06-14,26951,1
PAY-45663,INV-34163,OMC-019,Tanzania Petroleum,GB59MHYN05766270289517,2026-01-05,203284,1
PAY-57105,INV-17634,OMC-017,KAA Aviation,GB54HVSS04902787429671,2026-05-11,212770,1
PAY-67950,INV-35648,OMC-011,Hass Petroleum,GB56WGCN65876036690967,2025-07-23,258178,1
PAY-41874,INV-83211,OMC-002,Vivo Energy,GB45OQIR01845146270482,2026-01-14,36966,1
PAY-92429,INV-60608,OMC-014,Texol Energies,GB06ONXS45314737996507,2025-12-04,91789,1
PAY-96657,INV-57216,OMC-018,Uganda National Oil,GB36RNCH17127484677378,2026-01-12,214168,1
PAY-65353,INV-51546,OMC-015,Mombasa Petroleum,GB80WOIJ43135182337498,2025-05-21,62799,1
PAY-33815,INV-15560,OMC-017,KAA Aviation,GB54HVSS04902787429671,2025-02-23,274343,1
PAY-40864,INV-85940,OMC-007,Kobil,GB37IDDX82449353487401,2025-05-14,54505,1
PAY-46489,INV-80845,OMC-011,Hass Petroleum,GB56WGCN65876036690967,2026-06-15,54213,1
PAY-12654,INV-63147,OMC-013,Lake Oil,GB88TEHE71937452991241,2026-03-04,170225,1
PAY-33163,INV-53292,OMC-001,TotalEnergies Kenya,GB06DMIO52553419283276,2025-11-28,53735,2
PAY-28567,INV-33960,OMC-019,Tanzania Petroleum,GB59MHYN05766270289517,2026-08-06,149386,1
PAY-44427,INV-61535,OMC-020,Ethiopian Oil,GB14NSVZ22219693792374,2026-01-01,62149,1
PAY-17259,INV-30776,OMC-018,Uganda National Oil,GB36RNCH17127484677378,2026-06-08,53375,1
PAY-85593,INV-29132,OMC-008,National Oil,GB08NAFX56342160733754,2025-05-10,270337,1
PAY-15824,INV-83686,OMC-010,Tamoil,GB34EABH79176936763201,2025-05-24,104625,1
PAY-78971,INV-65864,OMC-001,TotalEnergies Kenya,GB06DMIO52553419283276,2025-06-05,142392,1
PAY-79757,INV-87442,OMC-016,KPA Marine,GB31MOOJ96499091334123,2025-07-01,229734,1
PAY-47702,INV-49361,OMC-005,PetroOil Kenya,GB89GWUW86379402654235,2026-04-03,11477,2
PAY-64607,INV-15078,OMC-003,Rubis Energy,GB04LOQO13315098393010,2025-04-09,181127,1
PAY-78632,INV-35907,OMC-015,Mombasa Petroleum,GB80WOIJ43135182337498,2026-07-14,89388,1
PAY-79530,INV-40298,OMC-019,Tanzania Petroleum,GB59MHYN05766270289517,2026-02-15,26697,1
PAY-23095,INV-88697,OMC-013,Lake Oil,GB88TEHE71937452991241,2026-04-07,146311,1
PAY-48762,INV-19939,OMC-020,Ethiopian Oil,GB14NSVZ22219693792374,2026-03-19,172363,1
PAY-78881,INV-51352,OMC-011,Hass Petroleum,GB56WGCN65876036690967,2026-01-08," KES 94,981 ",1
PAY-93778,INV-44836,OMC-006,Hashi Energy,GB05QCFC91361939909169,2025-05-16,25427,1
PAY-17665,INV-44673,OMC-001,TotalEnergies Kenya,GB06DMIO52553419283276,2025-03-17,114004,1
PAY-68531,INV-81148,OMC-016,KPA Marine,GB31MOOJ96499091334123,2025-10-07,88294,1
PAY-43511,INV-52672,OMC-010,Tamoil,GB34EABH79176936763201,2026-03-31,18704,2
PAY-83549,INV-30806,OMC-006,Hashi Energy,GB05QCFC91361939909169,2025-09-30,155201,1
PAY-50079,INV-44420,OMC-017,KAA Aviation,GB54HVSS04902787429671,2025-06-05,124346,1
PAY-21594,INV-28353,OMC-010,Tamoil,GB34EABH79176936763201,2026-01-28,46976,1
PAY-11153,INV-72389,OMC-020,Ethiopian Oil,GB14NSVZ22219693792374,2026-06-20,221050,1
PAY-55628,INV-88644,OMC-001,TotalEnergies Kenya,GB06DMIO52553419283276,2025-10-09,44319,1
PAY-86167,INV-67465,OMC-011,Hass Petroleum,GB56WGCN65876036690967,2025-03-15," KES 32,356 ",1
PAY-91211,INV-33610,OMC-006,Hashi Energy,GB05QCFC91361939909169,24/06/2026," KES 31,414 ",1
PAY-11023,INV-16542,OMC-004,Gulf Energy,GB89GWUW86379402654235,2026-04-16,184472,1
PAY-87728,INV-79615,OMC-010,Tamoil,GB34EABH79176936763201,2026-03-16,122925,2
PAY-22343,INV-24884,OMC-007,Kobil,GB37IDDX82449353487401,2025-07-09,51701,1
PAY-79011,INV-75590,OMC-013,Lake Oil,GB88TEHE71937452991241,,61112,1
PAY-86650,INV-68575,OMC-020,Ethiopian Oil,GB14NSVZ22219693792374,2026-02-06,29197,1
PAY-45293,INV-13437,OMC-012,Galana Energies,GB89GWUW86379402654235,2026-04-09,23174,2
PAY-30698,INV-75710,OMC-002,Vivo Energy,GB45OQIR01845146270482,2025-06-28,153004,1
PAY-88920,INV-62418,OMC-005,PetroOil Kenya,GB89GWUW86379402654235,2026-04-11,128680,1
PAY-46392,INV-87648,OMC-012,Galana Energies,GB89GWUW86379402654235,2026-05-30,116931,1
PAY-12910,INV-41209,OMC-014,Texol Energies,GB06ONXS45314737996507,2025-03-09,34704,1
PAY-88316,INV-85879,OMC-016,KPA Marine,GB31MOOJ96499091334123,2026-08-05,11759,2
PAY-84528,INV-68063,OMC-004,Gulf Energy,GB89GWUW86379402654235,2026-06-07,18844,2
PAY-77889,INV-61756,OMC-016,KPA Marine,GB31MOOJ96499091334123,2025-09-22,73612,2
PAY-86415,INV-40011,OMC-014,Texol Energies,GB06ONXS45314737996507,2026-06-15,12800,2
PAY-89116,INV-22610,OMC-011,Hass Petroleum,GB56WGCN65876036690967,2026-04-17,66364,1
PAY-70505,INV-31080,OMC-010,Tamoil,GB34EABH79176936763201,2025-03-30,222400,1
PAY-22022,INV-85961,OMC-003,Rubis Energy,GB04LOQO13315098393010,2026-05-08,63157,1
PAY-43131,INV-55659,OMC-019,Tanzania Petroleum,GB59MHYN05766270289517,," KES 277,382 ",1
PAY-61309,INV-88599,OMC-004,Gulf Energy,GB89GWUW86379402654235,,46013,2
PAY-37442,INV-84658,OMC-019,Tanzania Petroleum,GB59MHYN05766270289517,2026-03-01,59881,1
PAY-88687,INV-25768,OMC-010,Tamoil,GB34EABH79176936763201,2025-02-27,194252,1
PAY-83606,INV-42901,OMC-014,Texol Energies,GB06ONXS45314737996507,2025-06-15,203110,1
PAY-39355,INV-25217,OMC-015,Mombasa Petroleum,GB80WOIJ43135182337498,2025-08-11,183467,1
PAY-78026,INV-49564,OMC-001,TotalEnergies Kenya,GB06DMIO52553419283276,2025-07-12,8913,2
PAY-35076,INV-17716,OMC-005,PetroOil Kenya,GB89GWUW86379402654235,2026-06-19,41816,1
PAY-22223,INV-15810,OMC-014,Texol Energies,GB06ONXS45314737996507,2025-12-16,133739,1
PAY-74655,INV-11271,OMC-019,Tanzania Petroleum,GB59MHYN05766270289517,2026-08-06,40711,1
PAY-32758,INV-90707,OMC-003,Rubis Energy,GB04LOQO13315098393010,2025-08-26,43963,1
PAY-86734,INV-70545,OMC-014,Texol Energies,GB06ONXS45314737996507,2025-09-21,104037,1
PAY-46991,INV-52189,OMC-015,Mombasa Petroleum,GB80WOIJ43135182337498,2025-04-10,47673,1
PAY-49880,INV-25108,OMC-013,Lake Oil,GB88TEHE71937452991241,2026-06-13,43855,1
PAY-66635,INV-42896,OMC-007,Kobil,GB37IDDX82449353487401,2025-04-17,59622,1
PAY-81075,INV-48035,OMC-012,Galana Energies,GB89GWUW86379402654235,2026-06-25,53693,1
PAY-46165,INV-38382,OMC-019,Tanzania Petroleum,GB59MHYN05766270289517,2025-11-14,94063,1
PAY-18032,INV-63246,OMC-012,Galana Energies,GB89GWUW86379402654235,2026-04-14,20228,1
PAY-59004,INV-11012,OMC-005,PetroOil Kenya,GB89GWUW86379402654235,2026-04-22,15912,2
PAY-98896,INV-42261,OMC-017,KAA Aviation,GB54HVSS04902787429671,2026-05-05,125436,1
PAY-48728,INV-33711,OMC-014,Texol Energies,GB06ONXS45314737996507,11/07/2025,167457,1
PAY-81455,INV-48381,OMC-011,Hass Petroleum,GB56WGCN65876036690967,2025-09-28,6781,2
PAY-82865,INV-83662,OMC-020,Ethiopian Oil,GB14NSVZ22219693792374,2025-11-07," KES 180,082 ",1
PAY-76819,INV-45974,OMC-006,Hashi Energy,GB05QCFC91361939909169,2026-07-30,119512,1
PAY-19859,INV-21489,OMC-020,Ethiopian Oil,GB14NSVZ22219693792374,2025-05-07,36959,1
PAY-15186,INV-14343,OMC-011,Hass Petroleum,GB56WGCN65876036690967,2026-03-17,37412,1
PAY-68055,INV-71279,OMC-010,Tamoil,GB34EABH79176936763201,25/08/2026,167088,1
PAY-27509,INV-14485,OMC-004,Gulf Energy,GB89GWUW86379402654235,2026-05-06,20130,1
PAY-26036,INV-99731,OMC-010,Tamoil,GB34EABH79176936763201,2026-02-25,37952,1
PAY-44316,INV-44410,OMC-011,Hass Petroleum,GB56WGCN65876036690967,2026-07-22,22246,1
PAY-45768,INV-75529,OMC-007,Kobil,GB37IDDX82449353487401,2026-07-11,48725,1
PAY-72006,INV-69474,OMC-004,Gulf Energy,GB89GWUW86379402654235,2026-03-02,23343,1
PAY-74882,INV-55008,OMC-005,PetroOil Kenya,GB89GWUW86379402654235,,207076,1
PAY-41707,INV-72587,OMC-017,KAA Aviation,GB54HVSS04902787429671,2026-04-06,59818,1
PAY-24023,INV-36781,OMC-006,Hashi Energy,GB05QCFC91361939909169,2025-03-13,102368,1
PAY-46011,INV-65799,OMC-020,Ethiopian Oil,GB14NSVZ22219693792374,2025-12-15,221094,1
PAY-96529,INV-77620,OMC-012,Galana Energies,GB89GWUW86379402654235,2026-05-17,56435,2
PAY-53900,INV-79344,OMC-005,PetroOil Kenya,GB89GWUW86379402654235,2026-06-06,205715,1
PAY-92618,INV-87946,OMC-005,PetroOil Kenya,GB89GWUW86379402654235,2026-03-17,53167,1
PAY-14792,INV-59412,OMC-008,National Oil,GB08NAFX56342160733754,2026-03-18,192060,1
PAY-58367,INV-92938,OMC-003,Rubis Energy,GB04LOQO13315098393010,2026-01-21,51269,1
PAY-62145,INV-14974,OMC-004,Gulf Energy,GB89GWUW86379402654235,2026-05-06,114648,1
PAY-40498,INV-91318,OMC-006,Hashi Energy,GB05QCFC91361939909169,18/03/2025,108142,1
PAY-51312,INV-81772,OMC-003,Rubis Energy,GB04LOQO13315098393010,2026-06-17,37967,1
PAY-16138,INV-26439,OMC-008,National Oil,GB08NAFX56342160733754,2025-06-06,249409,1
PAY-30902,INV-78422,OMC-003,Rubis Energy,GB04LOQO13315098393010,2025-03-03,131514,1
PAY-50272,INV-85853,OMC-012,Galana Energies,GB89GWUW86379402654235,2026-04-29,152918,1
PAY-24673,INV-49480,OMC-013,Lake Oil,GB88TEHE71937452991241,2025-09-27,134753,1
PAY-43211,INV-81475,OMC-019,Tanzania Petroleum,GB59MHYN05766270289517,2025-04-23,59270,1
PAY-19451,INV-54640,OMC-016,KPA Marine,GB31MOOJ96499091334123,2025-11-04,47727,2
PAY-39751,INV-65542,OMC-006,Hashi Energy,GB05QCFC91361939909169,2025-11-07,21935,1
PAY-84341,INV-91984,OMC-003,Rubis Energy,GB04LOQO13315098393010,2025-03-26,97469,1
PAY-87396,INV-29229,OMC-020,Ethiopian Oil,GB14NSVZ22219693792374,2025-06-25,264367,1
PAY-94537,INV-36439,OMC-007,Kobil,GB37IDDX82449353487401,2026-07-21,42400,1
PAY-49311,INV-29011,OMC-012,Galana Energies,GB89GWUW86379402654235,2026-04-16,178192,1
PAY-51550,INV-15657,OMC-013,Lake Oil,GB88TEHE71937452991241,2026-06-01,271997,1
PAY-47680,INV-68465,OMC-020,Ethiopian Oil,GB14NSVZ22219693792374,2025-07-15,9851,2
PAY-36373,INV-72400,OMC-011,Hass Petroleum,GB56WGCN65876036690967,2025-10-09,211470,1
PAY-21283,INV-72323,OMC-016,KPA Marine,GB31MOOJ96499091334123,2025-12-14,183123,1
PAY-13160,INV-90120,OMC-013,Lake Oil,GB88TEHE71937452991241,2025-09-11,30079,1
PAY-38608,INV-33642,OMC-011,Hass Petroleum,GB56WGCN65876036690967,2025-11-13,21864,1
PAY-68339,INV-26622,OMC-011,Hass Petroleum,GB56WGCN65876036690967,2026-01-22,141695,1
PAY-63551,INV-37951,OMC-008,National Oil,GB08NAFX56342160733754,2025-05-31,86667,1
PAY-91312,INV-69176,OMC-002,Vivo Energy,GB45OQIR01845146270482,2026-03-10,111872,1
PAY-84864,INV-11767,OMC-015,Mombasa Petroleum,GB80WOIJ43135182337498,2025-06-10,89428,1
PAY-61063,INV-95021,OMC-004,Gulf Energy,GB89GWUW86379402654235,2026-05-03,35131,1
PAY-83884,INV-55088,OMC-001,TotalEnergies Kenya,GB06DMIO52553419283276,2026-07-20,30837,1
PAY-20077,INV-61045,OMC-002,Vivo Energy,GB45OQIR01845146270482,2025-12-01,50486,2
PAY-41623,INV-61258,OMC-008,National Oil,GB08NAFX56342160733754,2026-02-23,204831,1
PAY-73735,INV-51104,OMC-004,Gulf Energy,GB89GWUW86379402654235,2026-06-20,11426,2
PAY-62754,INV-95323,OMC-003,Rubis Energy,GB04LOQO13315098393010,2026-03-24,191789,1
PAY-64263,INV-83189,OMC-019,Tanzania Petroleum,GB59MHYN05766270289517,2025-02-11,21461,1
PAY-48666,INV-19705,OMC-016,KPA Marine,GB31MOOJ96499091334123,2025-07-13,119565,1
PAY-36715,INV-39181,OMC-013,Lake Oil,GB88TEHE71937452991241,2025-10-21,31578,1
PAY-93787,INV-39540,OMC-001,TotalEnergies Kenya,GB06DMIO52553419283276,2026-05-02,42008,2
PAY-41401,INV-25611,OMC-012,Galana Energies,GB89GWUW86379402654235,2026-03-07," KES 148,874 ",1
PAY-70126,INV-34938,OMC-017,KAA Aviation,GB54HVSS04902787429671,2026-07-14,40956,1
PAY-90576,INV-83961,OMC-018,Uganda National Oil,GB36RNCH17127484677378,2025-07-07,21093,2
PAY-94959,INV-98465,OMC-009,Dalbit Petroleum,GB53VXXX35615951484656,2025-09-04,129417,1
PAY-41597,INV-46102,OMC-019,Tanzania Petroleum,GB59MHYN05766270289517,2025-07-09,177721,1
PAY-22119,INV-40015,OMC-016,KPA Marine,GB31MOOJ96499091334123,2026-05-20,97349,1
PAY-39006,INV-67799,OMC-003,Rubis Energy,GB04LOQO13315098393010,,123231,1
PAY-53083,INV-15170,OMC-019,Tanzania Petroleum,GB59MHYN05766270289517,2026-04-06,42623,1
PAY-87380,INV-91426,OMC-020,Ethiopian Oil,GB14NSVZ22219693792374,2026-04-04,227149,1
PAY-29847,INV-42997,OMC-001,TotalEnergies Kenya,GB06DMIO52553419283276,2026-02-09,90705,1
PAY-82289,INV-23328,OMC-014,Texol Energies,GB06ONXS45314737996507,2026-06-11,33635,1
PAY-36289,INV-14222,OMC-009,Dalbit Petroleum,GB53VXXX35615951484656,2025-02-05,113066,1
PAY-52869,INV-64354,OMC-011,Hass Petroleum,GB56WGCN65876036690967,2025-07-06," KES 178,375 ",1
PAY-94106,INV-24102,OMC-010,Tamoil,GB34EABH79176936763201,2025-11-04,174878,1
PAY-18132,INV-98404,OMC-004,Gulf Energy,GB89GWUW86379402654235,2026-04-01,33788,1
PAY-46815,INV-25990,OMC-015,Mombasa Petroleum,GB80WOIJ43135182337498,2025-12-10," KES 154,143 ",1
PAY-14124,INV-12561,OMC-012,Galana Energies,GB89GWUW86379402654235,2026-04-22,68364,2
PAY-76172,INV-92351,OMC-003,Rubis Energy,GB04LOQO13315098393010,2025-09-09,149962,1
PAY-22534,INV-28381,OMC-015,Mombasa Petroleum,GB80WOIJ43135182337498,2026-07-31,143544,1
PAY-47697,INV-12939,OMC-003,Rubis Energy,GB04LOQO13315098393010,2025-12-26,171363,1
PAY-65096,INV-77370,OMC-004,Gulf Energy,GB89GWUW86379402654235,2026-03-05,144275,1
PAY-26672,INV-29463,OMC-010,Tamoil,GB34EABH79176936763201,2026-04-02," KES 62,950 ",1
PAY-61666,INV-50741,OMC-014,Texol Energies,GB06ONXS45314737996507,2026-06-08,46203,1
PAY-56452,INV-92246,OMC-015,Mombasa Petroleum,GB80WOIJ43135182337498,2026-06-17,242354,1
PAY-11878,INV-70744,OMC-004,Gulf Energy,GB89GWUW86379402654235,2026-06-14,36995,2
PAY-49733,INV-10097,OMC-016,KPA Marine,GB31MOOJ96499091334123,2026-07-02,79496,1
PAY-73984,INV-29326,OMC-006,Hashi Energy,GB05QCFC91361939909169,2025-07-01,124538,1
PAY-59791,INV-86438,OMC-016,KPA Marine,GB31MOOJ96499091334123,2025-12-01,14506,2
PAY-75012,INV-83526,OMC-008,National Oil,GB08NAFX56342160733754,2026-01-23,26668,1
PAY-96543,INV-32368,OMC-013,Lake Oil,GB88TEHE71937452991241,2025-02-18,30979,1
PAY-87228,INV-19308,OMC-004,Gulf Energy,GB89GWUW86379402654235,2026-04-06,103899,2
PAY-77939,INV-67609,OMC-018,Uganda National Oil,GB36RNCH17127484677378,2025-04-30,122006,1
PAY-26943,INV-30965,OMC-014,Texol Energies,GB06ONXS45314737996507,2026-01-15,144867,1
PAY-80906,INV-68413,OMC-019,Tanzania Petroleum,GB59MHYN05766270289517,2025-11-23,172253,1
PAY-76470,INV-10858,OMC-012,Galana Energies,GB89GWUW86379402654235,2026-06-01,4787,2
PAY-49033,INV-54000,OMC-014,Texol Energies,GB06ONXS45314737996507,2026-02-22,277434,1
PAY-75196,INV-25484,OMC-002,Vivo Energy,GB45OQIR01845146270482,2026-05-30,184405,1
PAY-96990,INV-59747,OMC-003,Rubis Energy,GB04LOQO13315098393010,2026-07-03,115090,1
PAY-67271,INV-24935,OMC-009,Dalbit Petroleum,GB53VXXX35615951484656,2026-04-03,78426,1
PAY-92829,INV-10263,OMC-001,TotalEnergies Kenya,GB06DMIO52553419283276,2025-12-17,103621,1
PAY-75370,INV-53102,OMC-010,Tamoil,GB34EABH79176936763201,2025-09-24,146682,1
PAY-13158,INV-53790,OMC-008,National Oil,GB08NAFX56342160733754,2026-01-12,34534,1
PAY-94520,INV-91974,OMC-001,TotalEnergies Kenya,GB06DMIO52553419283276,2025-04-26,106070,1
PAY-50279,INV-73041,OMC-012,Galana Energies,GB89GWUW86379402654235,2026-05-17,12896,2
PAY-82988,INV-69189,OMC-006,Hashi Energy,GB05QCFC91361939909169,2025-03-14,48413,1
PAY-82762,INV-44614,OMC-019,Tanzania Petroleum,GB59MHYN05766270289517,2026-08-25,140638,1
PAY-34045,INV-32364,OMC-003,Rubis Energy,GB04LOQO13315098393010,2025-09-25,36885,1
PAY-54131,INV-71695,OMC-005,PetroOil Kenya,GB89GWUW86379402654235,2026-05-20,56016,1
PAY-86487,INV-16940,OMC-012,Galana Energies,GB89GWUW86379402654235,2026-05-21,127844,1
PAY-53972,INV-60314,OMC-001,TotalEnergies Kenya,GB06DMIO52553419283276,2025-06-04,24827,1
PAY-62165,INV-14433,OMC-012,Galana Energies,GB89GWUW86379402654235,2026-05-08,106143,1
PAY-34665,INV-78952,OMC-008,National Oil,GB08NAFX56342160733754,2026-07-16,119842,1
PAY-98192,INV-50265,OMC-019,Tanzania Petroleum,GB59MHYN05766270289517,2026-07-31,110537,1
PAY-11040,INV-90108,OMC-010,Tamoil,GB34EABH79176936763201,2025-07-12," KES 120,136 ",1
PAY-63903,INV-63510,OMC-007,Kobil,GB37IDDX82449353487401,2026-08-04,225681,1
PAY-73374,INV-31035,OMC-018,Uganda National Oil,GB36RNCH17127484677378,2025-08-04,30812,1
PAY-58841,INV-51703,OMC-001,TotalEnergies Kenya,GB06DMIO52553419283276,2026-07-05,16687,1
PAY-81850,INV-13744,OMC-012,Galana Energies,GB89GWUW86379402654235,2026-06-01,68396,2
PAY-71006,INV-57091,OMC-012,Galana Energies,GB89GWUW86379402654235,2026-05-08,13603,2
PAY-75162,INV-28139,OMC-001,TotalEnergies Kenya,GB06DMIO52553419283276,2026-04-10,134571,1
PAY-51907,INV-97859,OMC-006,Hashi Energy,GB05QCFC91361939909169,2025-09-01,30074,1
PAY-99547,INV-28435,OMC-013,Lake Oil,GB88TEHE71937452991241,2026-07-25,224747,1
PAY-87976,INV-72224,OMC-003,Rubis Energy,GB04LOQO13315098393010,2026-06-15,231808,1
PAY-80997,INV-25805,OMC-003,Rubis Energy,GB04LOQO13315098393010,2025-11-09,55425,1
PAY-25498,INV-53436,OMC-019,Tanzania Petroleum,GB59MHYN05766270289517,2026-02-18,98513,2
PAY-30379,INV-32609,OMC-020,Ethiopian Oil,GB14NSVZ22219693792374,2026-05-22,141667,1
PAY-73246,INV-92744,OMC-002,Vivo Energy,GB45OQIR01845146270482,2025-12-22,33451,1
PAY-37098,INV-18284,OMC-014,Texol Energies,GB06ONXS45314737996507,13/06/2026,70093,2
PAY-94390,INV-19825,OMC-016,KPA Marine,GB31MOOJ96499091334123,2026-06-09,59344,1
PAY-24605,INV-26427,OMC-016,KPA Marine,GB31MOOJ96499091334123,2026-05-20,21079,2
PAY-72714,INV-36217,OMC-002,Vivo Energy,GB45OQIR01845146270482,2026-04-18,72178,2
PAY-85764,INV-57378,OMC-015,Mombasa Petroleum,GB80WOIJ43135182337498,2025-03-05,37549,1
PAY-52341,INV-87428,OMC-011,Hass Petroleum,GB56WGCN65876036690967,2025-09-19,244622,1
PAY-39620,INV-14143,OMC-015,Mombasa Petroleum,GB80WOIJ43135182337498,2026-03-12,194453,1
PAY-29049,INV-45013,OMC-014,Texol Energies,GB06ONXS45314737996507,2025-06-27,9431,2
PAY-83604,INV-12114,OMC-006,Hashi Energy,GB05QCFC91361939909169,18/07/2025,53748,2
PAY-97947,INV-36823,OMC-011,Hass Petroleum,GB56WGCN65876036690967,2025-08-20,28883,1
PAY-43345,INV-36164,OMC-003,Rubis Energy,GB04LOQO13315098393010,2026-02-15,64216,1
PAY-91719,INV-25087,OMC-007,Kobil,GB37IDDX82449353487401,2025-06-20,25430,1
PAY-45783,INV-15288,OMC-016,KPA Marine,GB31MOOJ96499091334123,2026-05-08,65080,2
PAY-85736,INV-99203,OMC-004,Gulf Energy,GB89GWUW86379402654235,2026-05-19,189781,1
PAY-29711,INV-75453,OMC-013,Lake Oil,GB88TEHE71937452991241,2025-04-05,27041,1
PAY-30287,INV-30203,OMC-015,Mombasa Petroleum,GB80WOIJ43135182337498,2025-08-17,293196,1
PAY-82593,INV-66318,OMC-012,Galana Energies,GB89GWUW86379402654235,,16927,2
PAY-36724,INV-92425,OMC-013,Lake Oil,GB88TEHE71937452991241,2025-11-30,150145,1
PAY-52782,INV-66667,OMC-020,Ethiopian Oil,GB14NSVZ22219693792374,2025-06-18,27502,1
PAY-37192,INV-10098,OMC-012,Galana Energies,GB89GWUW86379402654235,2026-05-08,24726,1
PAY-96968,INV-78304,OMC-006,Hashi Energy,GB05QCFC91361939909169,2026-07-01,22346,1
PAY-26557,INV-57455,OMC-015,Mombasa Petroleum,GB80WOIJ43135182337498,2025-06-23,196946,1
PAY-44071,INV-20176,OMC-011,Hass Petroleum,GB56WGCN65876036690967,2026-02-07,19955,1
PAY-70496,INV-60349,OMC-013,Lake Oil,GB88TEHE71937452991241,2025-02-08,176758,1
PAY-74773,INV-54577,OMC-015,Mombasa Petroleum,GB80WOIJ43135182337498,2026-01-17,20921,1
PAY-73268,INV-76753,OMC-018,Uganda National Oil,GB36RNCH17127484677378,2025-03-15,21838,1
PAY-96323,INV-55112,OMC-013,Lake Oil,GB88TEHE71937452991241,,38599,1
PAY-11985,INV-14446,OMC-018,Uganda National Oil,GB36RNCH17127484677378,2026-07-07,84198,1
PAY-45782,INV-97133,OMC-004,Gulf Energy,GB89GWUW86379402654235,2026-03-28,214954,1
PAY-41243,INV-92321,OMC-016,KPA Marine,GB31MOOJ96499091334123,2025-03-04,49285,1
PAY-33060,INV-63676,OMC-002,Vivo Energy,GB45OQIR01845146270482,2025-07-03,200540,1
PAY-80896,INV-78297,OMC-018,Uganda National Oil,GB36RNCH17127484677378,2026-01-05,168804,1
PAY-67876,INV-83175,OMC-017,KAA Aviation,GB54HVSS04902787429671,2026-04-18,177279,1
PAY-88258,INV-82542,OMC-020,Ethiopian Oil,GB14NSVZ22219693792374,2026-05-17,20199,1
PAY-49516,INV-47897,OMC-013,Lake Oil,GB88TEHE71937452991241,2026-01-20," KES 189,702 ",1
PAY-82247,INV-75634,OMC-016,KPA Marine,GB31MOOJ96499091334123,,30462,1
PAY-66953,INV-43564,OMC-006,Hashi Energy,GB05QCFC91361939909169,2025-11-14,153096,1
PAY-71910,INV-67116,OMC-014,Texol Energies,GB06ONXS45314737996507,2025-08-13,104302,1
PAY-68322,INV-51191,OMC-004,Gulf Energy,GB89GWUW86379402654235,2026-04-25,11100,2
PAY-62195,INV-80616,OMC-005,PetroOil Kenya,GB89GWUW86379402654235,2026-05-17,218182,1
PAY-72898,INV-18436,OMC-004,Gulf Energy,GB89GWUW86379402654235,2026-03-27,20195,2
PAY-14488,INV-89369,OMC-011,Hass Petroleum,GB56WGCN65876036690967,2025-06-15,45495,1
PAY-60696,INV-98205,OMC-008,National Oil,GB08NAFX56342160733754,2025-03-22,11313,2
PAY-10334,INV-68878,OMC-015,Mombasa Petroleum,GB80WOIJ43135182337498,2026-07-01,86651,1
PAY-99323,INV-47436,OMC-020,Ethiopian Oil,GB14NSVZ22219693792374,2025-03-23,167705,1
PAY-97473,INV-66107,OMC-016,KPA Marine,GB31MOOJ96499091334123,2025-01-24,35580,1
PAY-30770,INV-77664,OMC-012,Galana Energies,GB89GWUW86379402654235,2026-04-06,78579,1
PAY-58124,INV-45065,OMC-008,National Oil,GB08NAFX56342160733754,2025-12-26,39961,1
PAY-65256,INV-94212,OMC-013,Lake Oil,GB88TEHE71937452991241,2025-09-03,103043,1
PAY-48196,INV-55500,OMC-004,Gulf Energy,GB89GWUW86379402654235,,24386,1
PAY-88624,INV-44850,OMC-020,Ethiopian Oil,GB14NSVZ22219693792374,2025-11-27," KES 46,155 ",1
PAY-91968,INV-70653,OMC-014,Texol Energies,GB06ONXS45314737996507,2025-06-13,133161,1
PAY-59102,INV-74042,OMC-003,Rubis Energy,GB04LOQO13315098393010,2025-11-19,23837,1
PAY-82214,INV-73276,OMC-014,Texol Energies,GB06ONXS45314737996507,2026-06-16,55981,1
PAY-24938,INV-85405,OMC-001,TotalEnergies Kenya,GB06DMIO52553419283276,2026-05-03,151546,1
PAY-36796,INV-18550,OMC-015,Mombasa Petroleum,GB80WOIJ43135182337498,2025-06-30," KES 23,713 ",1
PAY-24208,INV-62999,OMC-010,Tamoil,GB34EABH79176936763201,2025-06-18,233609,1
PAY-77603,INV-27708,OMC-001,TotalEnergies Kenya,GB06DMIO52553419283276,,91039,2
PAY-56309,INV-89169,OMC-006,Hashi Energy,GB05QCFC91361939909169,2026-01-11,139784,1
PAY-98981,INV-60250,OMC-006,Hashi Energy,GB05QCFC91361939909169,2025-07-26,37961,1
PAY-64116,INV-42821,OMC-019,Tanzania Petroleum,GB59MHYN05766270289517,2025-10-09,258902,1
PAY-98230,INV-48176,OMC-012,Galana Energies,GB89GWUW86379402654235,2026-04-21,126319,1
PAY-77381,INV-24455,OMC-020,Ethiopian Oil,GB14NSVZ22219693792374,2026-04-21,96891,1
PAY-64222,INV-83769,OMC-001,TotalEnergies Kenya,GB06DMIO52553419283276,2026-01-19,102467,1
PAY-69120,INV-89296,OMC-017,KAA Aviation,GB54HVSS04902787429671,2025-11-09,40703,1
PAY-43514,INV-30133,OMC-014,Texol Energies,GB06ONXS45314737996507,2025-06-19,24268,2
PAY-65018,INV-96144,OMC-009,Dalbit Petroleum,GB53VXXX35615951484656,2025-05-28,135068,1
PAY-19299,INV-67192,OMC-016,KPA Marine,GB31MOOJ96499091334123,2026-03-28,32126,1
PAY-75154,INV-18231,OMC-005,PetroOil Kenya,GB89GWUW86379402654235,2026-06-02,115057,1
PAY-39545,INV-82119,OMC-018,Uganda National Oil,GB36RNCH17127484677378,2025-08-08,40379,1
PAY-48176,INV-70317,OMC-007,Kobil,GB37IDDX82449353487401,2025-04-15,120066,1
PAY-26311,INV-12791,OMC-008,National Oil,GB08NAFX56342160733754,,37201,1
PAY-33187,INV-95147,OMC-016,KPA Marine,GB31MOOJ96499091334123,2026-01-31,152408,1
PAY-20764,INV-95049,OMC-001,TotalEnergies Kenya,GB06DMIO52553419283276,2025-09-10,34177,1
PAY-22927,INV-21580,OMC-017,KAA Aviation,GB54HVSS04902787429671,2026-01-16,198767,1
PAY-97616,INV-36476,OMC-010,Tamoil,GB34EABH79176936763201,2025-02-12,33776,1
PAY-24742,INV-61576,OMC-020,Ethiopian Oil,GB14NSVZ22219693792374,2026-01-21,169753,1
PAY-37411,INV-28275,OMC-004,Gulf Energy,GB89GWUW86379402654235,2026-05-16,20821,1
PAY-14997,INV-86940,OMC-002,Vivo Energy,GB45OQIR01845146270482,2025-12-23,146713,1
PAY-12460,INV-16474,OMC-020,Ethiopian Oil,GB14NSVZ22219693792374,2026-03-09,212394,1
PAY-54554,INV-53444,OMC-011,Hass Petroleum,GB56WGCN65876036690967,2026-06-05,192308,1
PAY-38661,INV-85663,OMC-006,Hashi Energy,GB05QCFC91361939909169,2025-04-26,135378,1
PAY-30871,INV-22534,OMC-004,Gulf Energy,GB89GWUW86379402654235,2026-05-11,10967,2
PAY-97153,INV-61182,OMC-018,Uganda National Oil,GB36RNCH17127484677378,2025-12-09,46415,1
PAY-77662,INV-98911,OMC-008,National Oil,GB08NAFX56342160733754,2026-05-20,221812,1
PAY-34387,INV-81417,OMC-016,KPA Marine,GB31MOOJ96499091334123,2026-07-28,33619,2
PAY-20933,INV-54104,OMC-013,Lake Oil,GB88TEHE71937452991241,2025-10-22,208619,1
PAY-52964,INV-41773,OMC-001,TotalEnergies Kenya,GB06DMIO52553419283276,14/06/2026,19732,2
PAY-66045,INV-93129,OMC-017,KAA Aviation,GB54HVSS04902787429671,2025-05-25,259340,1
PAY-71201,INV-31665,OMC-019,Tanzania Petroleum,GB59MHYN05766270289517,2026-03-12,99712,1
PAY-51601,INV-62806,OMC-017,KAA Aviation,GB54HVSS04902787429671,23/06/2026,48907,1
PAY-48501,INV-51972,OMC-003,Rubis Energy,GB04LOQO13315098393010,2025-09-20,140888,1
PAY-70622,INV-67177,OMC-007,Kobil,GB37IDDX82449353487401,2026-06-24,112072,1
PAY-48221,INV-58089,OMC-004,Gulf Energy,GB89GWUW86379402654235,2026-05-03,153665,1
PAY-82045,INV-22340,OMC-004,Gulf Energy,GB89GWUW86379402654235,2026-04-04,90230,2
PAY-10921,INV-33249,OMC-013,Lake Oil,GB88TEHE71937452991241,2025-10-25,30483,1
PAY-13128,INV-67254,OMC-012,Galana Energies,GB89GWUW86379402654235,2026-05-16,199875,1
PAY-38150,INV-34818,OMC-016,KPA Marine,GB31MOOJ96499091334123,2026-02-12,79435,1
PAY-70659,INV-10986,OMC-002,Vivo Energy,GB45OQIR01845146270482,01/11/2025,52113,2
PAY-61034,INV-81009,OMC-020,Ethiopian Oil,GB14NSVZ22219693792374,2025-02-24,54462,1
PAY-17927,INV-18278,OMC-001,TotalEnergies Kenya,GB06DMIO52553419283276,2025-10-02,120821,1
PAY-64969,INV-76354,OMC-017,KAA Aviation,GB54HVSS04902787429671,2026-07-16,122760,1
PAY-35474,INV-71478,OMC-009,Dalbit Petroleum,GB53VXXX35615951484656,2026-04-07,192248,1
PAY-79244,INV-96598,OMC-016,KPA Marine,GB31MOOJ96499091334123,2026-03-21,113753,1
PAY-46761,INV-83705,OMC-001,TotalEnergies Kenya,GB06DMIO52553419283276,2025-07-14,17630,1
PAY-31478,INV-22246,OMC-009,Dalbit Petroleum,GB53VXXX35615951484656,2025-10-02,129559,1
PAY-51392,INV-30125,OMC-018,Uganda National Oil,GB36RNCH17127484677378,2026-06-30," KES 99,663 ",1
PAY-48753,INV-54156,OMC-006,Hashi Energy,GB05QCFC91361939909169,2026-05-12,103390,1
PAY-45360,INV-49440,OMC-005,PetroOil Kenya,GB89GWUW86379402654235,2026-07-10,13819,2
PAY-19372,INV-80254,OMC-004,Gulf Energy,GB89GWUW86379402654235,2026-03-23,46491,1
PAY-27535,INV-94943,OMC-011,Hass Petroleum,GB56WGCN65876036690967,21/08/2025,124777,1
PAY-40728,INV-79695,OMC-010,Tamoil,GB34EABH79176936763201,2025-03-24,244376,1
PAY-69643,INV-78388,OMC-002,Vivo Energy,GB45OQIR01845146270482,2026-01-08,235548,1
PAY-22726,INV-95253,OMC-015,Mombasa Petroleum,GB80WOIJ43135182337498,2026-05-11,163176,1
PAY-58583,INV-82477,OMC-005,PetroOil Kenya,GB89GWUW86379402654235,22/04/2026,88441,1
PAY-37004,INV-16398,OMC-019,Tanzania Petroleum,GB59MHYN05766270289517,2025-03-08,95888,1
PAY-27555,INV-36574,OMC-010,Tamoil,GB34EABH79176936763201,2025-08-12,24865,1
PAY-15390,INV-42281,OMC-009,Dalbit Petroleum,GB53VXXX35615951484656,2026-02-24,25208,1
PAY-39687,INV-21024,OMC-004,Gulf Energy,GB89GWUW86379402654235,,164598,1
PAY-38358,INV-86194,OMC-011,Hass Petroleum,GB56WGCN65876036690967,2026-06-01,158025,1
PAY-25357,INV-47978,OMC-004,Gulf Energy,GB89GWUW86379402654235,2026-05-25,117022,2
PAY-21070,INV-63731,OMC-004,Gulf Energy,GB89GWUW86379402654235,2026-06-09," KES 143,336 ",1
PAY-48227,INV-50345,OMC-013,Lake Oil,GB88TEHE71937452991241,2025-06-21,185977,1
PAY-96284,INV-96350,OMC-011,Hass Petroleum,GB56WGCN65876036690967,2026-07-29,202141,1
PAY-59994,INV-21496,OMC-018,Uganda National Oil,GB36RNCH17127484677378,2025-07-05,33702,1
PAY-79563,INV-97693,OMC-006,Hashi Energy,GB05QCFC91361939909169,2025-04-24,229014,1
PAY-83797,INV-24421,OMC-011,Hass Petroleum,GB56WGCN65876036690967,2025-07-13,262015,1
PAY-18100,INV-29158,OMC-019,Tanzania Petroleum,GB59MHYN05766270289517,2026-03-17,45392,1
PAY-10810,INV-89790,OMC-007,Kobil,GB37IDDX82449353487401,2025-07-04,189306,1
PAY-85175,INV-38104,OMC-004,Gulf Energy,GB89GWUW86379402654235,2026-06-03,120668,1
PAY-49660,INV-81461,OMC-012,Galana Energies,GB89GWUW86379402654235,2026-03-30,216152,1
PAY-20367,INV-61548,OMC-005,PetroOil Kenya,GB89GWUW86379402654235,2026-03-16,35328,1
PAY-41793,INV-85837,OMC-004,Gulf Energy,GB89GWUW86379402654235,2026-05-02,79600,2
PAY-33292,INV-52984,OMC-013,Lake Oil,GB88TEHE71937452991241,2025-05-21,61776,1
PAY-19788,INV-75603,OMC-008,National Oil,GB08NAFX56342160733754,2025-06-01,56738,1
PAY-25862,INV-76823,OMC-016,KPA Marine,GB31MOOJ96499091334123,2025-07-12,39291,2
PAY-14314,INV-53866,OMC-003,Rubis Energy,GB04LOQO13315098393010,,44647,1
PAY-35533,INV-70681,OMC-015,Mombasa Petroleum,GB80WOIJ43135182337498,2026-01-11,138658,1
PAY-36951,INV-94511,OMC-018,Uganda National Oil,GB36RNCH17127484677378,2026-07-27,181909,1
PAY-75788,INV-70506,OMC-014,Texol Energies,GB06ONXS45314737996507,2026-03-18,97586,1
PAY-68293,INV-98165,OMC-012,Galana Energies,GB89GWUW86379402654235,,94825,2
PAY-15049,INV-50755,OMC-016,KPA Marine,GB31MOOJ96499091334123,2025-09-06,46424,1
PAY-87238,INV-62794,OMC-007,Kobil,GB37IDDX82449353487401,2026-07-03,302120,1
PAY-27637,INV-20407,OMC-006,Hashi Energy,GB05QCFC91361939909169,2025-03-28,120246,1
PAY-66432,INV-90262,OMC-015,Mombasa Petroleum,GB80WOIJ43135182337498,2026-03-14,143071,1
PAY-31304,INV-33752,OMC-020,Ethiopian Oil,GB14NSVZ22219693792374,2025-09-07," KES 83,962 ",1
PAY-95542,INV-78350,OMC-003,Rubis Energy,GB04LOQO13315098393010,2025-05-23,122651,1
PAY-11930,INV-15429,OMC-016,KPA Marine,GB31MOOJ96499091334123,2026-05-02,19231,2
PAY-90190,INV-72985,OMC-016,KPA Marine,GB31MOOJ96499091334123,2025-06-11,32599,1
PAY-56792,INV-24831,OMC-007,Kobil,GB37IDDX82449353487401,2026-04-12,25976,1
PAY-38670,INV-88513,OMC-004,Gulf Energy,GB89GWUW86379402654235,2026-05-13,168536,1
PAY-20947,INV-40074,OMC-019,Tanzania Petroleum,GB59MHYN05766270289517,2025-04-20,121242,1
PAY-39803,INV-91843,OMC-020,Ethiopian Oil,GB14NSVZ22219693792374,2026-02-26,46790,1
PAY-80836,INV-20811,OMC-007,Kobil,GB37IDDX82449353487401,2026-06-25,217329,1
PAY-14769,INV-62150,OMC-009,Dalbit Petroleum,GB53VXXX35615951484656,2025-11-05,121811,1
PAY-37580,INV-86703,OMC-009,Dalbit Petroleum,GB53VXXX35615951484656,2025-03-28,99153,1
PAY-48169,INV-37236,OMC-016,KPA Marine,GB31MOOJ96499091334123,2026-05-23,45880,1
PAY-97298,INV-11456,OMC-001,TotalEnergies Kenya,GB06DMIO52553419283276,2025-05-04,120624,1
PAY-39085,INV-85700,OMC-018,Uganda National Oil,GB36RNCH17127484677378,2026-03-09,73084,1
PAY-58752,INV-57097,OMC-004,Gulf Energy,GB89GWUW86379402654235,2026-03-14,28142,1
PAY-88476,INV-16931,OMC-005,PetroOil Kenya,GB89GWUW86379402654235,2026-04-30,26625,1
PAY-26471,INV-93967,OMC-008,National Oil,GB08NAFX56342160733754,2025-11-26,273627,1
PAY-49337,INV-50653,OMC-015,Mombasa Petroleum,GB80WOIJ43135182337498,2026-05-21,46006,1
PAY-92345,INV-20396,OMC-017,KAA Aviation,GB54HVSS04902787429671,2025-06-04,180737,1
PAY-73457,INV-14979,OMC-008,National Oil,GB08NAFX56342160733754,2025-09-16,25909,1
PAY-54764,INV-96207,OMC-003,Rubis Energy,GB04LOQO13315098393010,23/03/2026,144169,1
PAY-21887,INV-83059,OMC-007,Kobil,GB37IDDX82449353487401,2025-04-19,21779,1
PAY-28888,INV-37964,OMC-006,Hashi Energy,GB05QCFC91361939909169,2026-02-19,166218,1
PAY-84183,INV-93392,OMC-008,National Oil,GB08NAFX56342160733754,2025-03-08,114049,2
PAY-94220,INV-75038,OMC-013,Lake Oil,GB88TEHE71937452991241,2025-06-05,170209,1
PAY-35034,INV-22352,OMC-006,Hashi Energy,GB05QCFC91361939909169,2026-04-20,46507,1
PAY-52110,INV-37464,OMC-005,PetroOil Kenya,GB89GWUW86379402654235,2026-04-18,168263,1
PAY-74994,INV-40387,OMC-014,Texol Energies,GB06ONXS45314737996507,2026-07-27,34661,1
PAY-48114,INV-40584,OMC-011,Hass Petroleum,GB56WGCN65876036690967,2026-02-14,49685,1
PAY-71888,INV-91560,OMC-001,TotalEnergies Kenya,GB06DMIO52553419283276,2026-05-23,265086,1
PAY-87163,INV-53031,OMC-014,Texol Energies,GB06ONXS45314737996507,2025-04-11,20792,1
PAY-64430,INV-58373,OMC-005,PetroOil Kenya,GB89GWUW86379402654235,2026-03-29,124034,1
PAY-49077,INV-47918,OMC-016,KPA Marine,GB31MOOJ96499091334123,2026-05-09,111580,1
PAY-15431,INV-36340,OMC-010,Tamoil,GB34EABH79176936763201,18/03/2025,141552,1
PAY-10616,INV-48405,OMC-018,Uganda National Oil,GB36RNCH17127484677378,2026-07-10,186144,1
PAY-72330,INV-60698,OMC-017,KAA Aviation,GB54HVSS04902787429671,2026-02-28,217106,1
PAY-18287,INV-86854,OMC-018,Uganda National Oil,GB36RNCH17127484677378,2025-12-30,195967,1
PAY-91301,INV-45158,OMC-011,Hass Petroleum,GB56WGCN65876036690967,2025-09-01,86591,1
PAY-33471,INV-88968,OMC-002,Vivo Energy,GB45OQIR01845146270482,2026-02-03,86828,1
PAY-27752,INV-43241,OMC-010,Tamoil,GB34EABH79176936763201,2025-09-02,296327,1
PAY-48722,INV-87679,OMC-010,Tamoil,GB34EABH79176936763201,2025-11-08,53897,1
PAY-58438,INV-16541,OMC-017,KAA Aviation,GB54HVSS04902787429671,2026-02-18,192808,1
PAY-15399,INV-34526,OMC-012,Galana Energies,GB89GWUW86379402654235,30/03/2026,93452,1
PAY-34918,INV-96653,OMC-016,KPA Marine,GB31MOOJ96499091334123,2025-06-25,36335,1
PAY-41282,INV-43633,OMC-014,Texol Energies,GB06ONXS45314737996507,2025-08-25,202483,1
PAY-78775,INV-33306,OMC-005,PetroOil Kenya,GB89GWUW86379402654235,2026-03-02,124566,1
PAY-43263,INV-85189,OMC-008,National Oil,GB08NAFX56342160733754,2026-04-18,63550,1
PAY-52075,INV-30177,OMC-001,TotalEnergies Kenya,GB06DMIO52553419283276,2025-06-29,178177,1
PAY-61087,INV-83624,OMC-018,Uganda National Oil,GB36RNCH17127484677378,2025-04-28,105467,1
PAY-99395,INV-39449,OMC-002,Vivo Energy,GB45OQIR01845146270482,2025-12-19,266764,1
PAY-32771,INV-95755,OMC-018,Uganda National Oil,GB36RNCH17127484677378,2026-04-03,36750,1
PAY-77964,INV-23904,OMC-017,KAA Aviation,GB54HVSS04902787429671,2026-05-21,147098,1
PAY-81647,INV-75146,OMC-018,Uganda National Oil,GB36RNCH17127484677378,2026-02-27,85278,2
PAY-66035,INV-39424,OMC-006,Hashi Energy,GB05QCFC91361939909169,2025-07-05,135403,1
PAY-61781,INV-70806,OMC-012,Galana Energies,GB89GWUW86379402654235,2026-04-05," KES 202,240 ",1
PAY-73314,INV-30241,OMC-005,PetroOil Kenya,GB89GWUW86379402654235,2026-05-31,105774,1
PAY-75147,INV-46533,OMC-018,Uganda National Oil,GB36RNCH17127484677378,07/01/2026,25867,1
PAY-59612,INV-29612,OMC-016,KPA Marine,GB31MOOJ96499091334123,2025-06-04,42398,1
PAY-93831,INV-10834,OMC-007,Kobil,GB37IDDX82449353487401,17/04/2026,73963,1
PAY-91882,INV-57529,OMC-002,Vivo Energy,GB45OQIR01845146270482,2025-08-20,121853,1
PAY-47651,INV-15605,OMC-006,Hashi Energy,GB05QCFC91361939909169,2025-04-23,89602,1
PAY-18189,INV-38737,OMC-017,KAA Aviation,GB54HVSS04902787429671,2025-10-25,34296,1
PAY-94374,INV-76559,OMC-011,Hass Petroleum,GB56WGCN65876036690967,2025-10-22,51163,1
PAY-96631,INV-32289,OMC-016,KPA Marine,GB31MOOJ96499091334123,2025-05-03,131111,1
PAY-58171,INV-29019,OMC-018,Uganda National Oil,GB36RNCH17127484677378,2025-11-16,111763,1
PAY-17633,INV-21973,OMC-015,Mombasa Petroleum,GB80WOIJ43135182337498,2026-04-27,129357,1
PAY-85610,INV-44779,OMC-010,Tamoil,GB34EABH79176936763201,2026-02-10,29313,1
PAY-10993,INV-65930,OMC-001,TotalEnergies Kenya,GB06DMIO52553419283276,2026-05-21,70489,1
PAY-60935,INV-19424,OMC-006,Hashi Energy,GB05QCFC91361939909169,2025-06-14," KES 25,745 ",1
PAY-63400,INV-64150,OMC-008,National Oil,GB08NAFX56342160733754,2025-10-16,46439,1
PAY-58672,INV-45679,OMC-016,KPA Marine,GB31MOOJ96499091334123,2025-06-15,53344,1
PAY-64723,INV-24768,OMC-003,Rubis Energy,GB04LOQO13315098393010,,143022,1
PAY-92266,INV-39042,OMC-010,Tamoil,GB34EABH79176936763201,2025-07-14,45028,1
PAY-10201,INV-19244,OMC-011,Hass Petroleum,GB56WGCN65876036690967,2025-12-19,284433,1
PAY-18422,INV-23244,OMC-003,Rubis Energy,GB04LOQO13315098393010,29/03/2026," KES 277,264 ",1
PAY-70587,INV-11938,OMC-016,KPA Marine,GB31MOOJ96499091334123,2025-04-03,133994,1
PAY-61221,INV-61489,OMC-013,Lake Oil,GB88TEHE71937452991241,2026-06-15,260847,1
PAY-78150,INV-79929,OMC-013,Lake Oil,GB88TEHE71937452991241,2025-07-27,212865,1
PAY-17173,INV-67188,OMC-006,Hashi Energy,GB05QCFC91361939909169,04/03/2025,186023,1
PAY-95835,INV-86024,OMC-019,Tanzania Petroleum,GB59MHYN05766270289517,2025-11-05,71812,1
PAY-20105,INV-61534,OMC-007,Kobil,GB37IDDX82449353487401,2025-11-25,92296,1
PAY-52882,INV-28837,OMC-020,Ethiopian Oil,GB14NSVZ22219693792374,2026-01-25,94056,1
PAY-69379,INV-87280,OMC-007,Kobil,GB37IDDX82449353487401,,53913,1
PAY-54530,INV-72309,OMC-003,Rubis Energy,GB04LOQO13315098393010,19/05/2026,32124,1
PAY-12970,INV-10659,OMC-008,National Oil,GB08NAFX56342160733754,2025-10-28,74961,2
PAY-26128,INV-16303,OMC-005,PetroOil Kenya,GB89GWUW86379402654235,2026-07-15,54971,2
PAY-49483,INV-41390,OMC-012,Galana Energies,GB89GWUW86379402654235,2026-05-19,43859,2
PAY-62601,INV-50593,OMC-020,Ethiopian Oil,GB14NSVZ22219693792374,2025-05-10,28705,1
PAY-79744,INV-42937,OMC-016,KPA Marine,GB31MOOJ96499091334123,2026-04-01,49214,1
PAY-63924,INV-37432,OMC-020,Ethiopian Oil,GB14NSVZ22219693792374,2026-03-18,41668,2
PAY-60817,INV-36266,OMC-005,PetroOil Kenya,GB89GWUW86379402654235,2026-04-06,24140,1
PAY-66309,INV-69466,OMC-001,TotalEnergies Kenya,GB06DMIO52553419283276,2026-03-20,209369,1
PAY-38344,INV-45393,OMC-009,Dalbit Petroleum,GB53VXXX35615951484656,2026-02-19,114157,1
PAY-71941,INV-99119,OMC-002,Vivo Energy,GB45OQIR01845146270482,2025-12-26,10286,2
PAY-81516,INV-86588,OMC-013,Lake Oil,GB88TEHE71937452991241,2025-03-18,134760,1
PAY-12230,INV-66193,OMC-012,Galana Energies,GB89GWUW86379402654235,2026-03-25,41041,1
PAY-44602,INV-46801,OMC-017,KAA Aviation,GB54HVSS04902787429671,2025-07-08,167728,1
PAY-79919,INV-76135,OMC-010,Tamoil,GB34EABH79176936763201,2026-04-20,51584,1
PAY-20334,INV-87925,OMC-015,Mombasa Petroleum,GB80WOIJ43135182337498,19/04/2026,172249,1
PAY-99707,INV-22876,OMC-004,Gulf Energy,GB89GWUW86379402654235,2026-04-27,168279,1
PAY-95796,INV-85722,OMC-005,PetroOil Kenya,GB89GWUW86379402654235,2026-05-10,5345,2
PAY-44920,INV-67225,OMC-005,PetroOil Kenya,GB89GWUW86379402654235,2026-03-06,290977,1
PAY-18702,INV-90894,OMC-001,TotalEnergies Kenya,GB06DMIO52553419283276,,7717,2
PAY-49493,INV-57109,OMC-011,Hass Petroleum,GB56WGCN65876036690967,2026-05-07,59998,1
PAY-46122,INV-55541,OMC-020,Ethiopian Oil,GB14NSVZ22219693792374,2025-10-29,23584,1
PAY-68390,INV-89879,OMC-014,Texol Energies,GB06ONXS45314737996507,2026-04-17,71845,1
PAY-39457,INV-85734,OMC-003,Rubis Energy,GB04LOQO13315098393010,2026-03-26,34502,1
PAY-41703,INV-82623,OMC-008,National Oil,GB08NAFX56342160733754,2025-12-26,60716,1
PAY-87581,INV-53138,OMC-020,Ethiopian Oil,GB14NSVZ22219693792374,2026-01-06,34977,1
PAY-61131,INV-63340,OMC-007,Kobil,GB37IDDX82449353487401,2025-05-22,77998,1
PAY-61644,INV-96600,OMC-004,Gulf Energy,GB89GWUW86379402654235,2026-05-17,135980,1
PAY-92834,INV-69845,OMC-020,Ethiopian Oil,GB14NSVZ22219693792374,2025-08-04,27799,1
PAY-39370,INV-16904,OMC-001,TotalEnergies Kenya,GB06DMIO52553419283276,2025-07-13,39997,2
PAY-47233,INV-89828,OMC-004,Gulf Energy,GB89GWUW86379402654235,2026-02-28,17616,1
PAY-32704,INV-42811,OMC-007,Kobil,GB37IDDX82449353487401,2025-12-25,97540,1
PAY-81945,INV-76342,OMC-020,Ethiopian Oil,GB14NSVZ22219693792374,2026-06-22,143888,1
PAY-39934,INV-75911,OMC-019,Tanzania Petroleum,GB59MHYN05766270289517,2025-09-27,24237,1
PAY-58012,INV-46645,OMC-010,Tamoil,GB34EABH79176936763201,2026-07-21,26950,2
PAY-89022,INV-54964,OMC-001,TotalEnergies Kenya,GB06DMIO52553419283276,2026-03-12," KES 114,221 ",1
PAY-89073,INV-72922,OMC-005,PetroOil Kenya,GB89GWUW86379402654235,01/06/2026,149023,1
PAY-18423,INV-79472,OMC-014,Texol Energies,GB06ONXS45314737996507,2026-04-27,103175,1
PAY-34249,INV-93622,OMC-004,Gulf Energy,GB89GWUW86379402654235,2026-02-23,25060,1
PAY-31074,INV-26975,OMC-002,Vivo Energy,GB45OQIR01845146270482,2025-05-13,189995,1
PAY-81907,INV-34813,OMC-012,Galana Energies,GB89GWUW86379402654235,2026-05-13,206524,1
PAY-32310,INV-47571,OMC-001,TotalEnergies Kenya,GB06DMIO52553419283276,2026-02-02,8449,2
PAY-61896,INV-40558,OMC-005,PetroOil Kenya,GB89GWUW86379402654235,2026-03-04,15047,1
PAY-48815,INV-25953,OMC-017,KAA Aviation,GB54HVSS04902787429671,28/06/2026,35748,1
PAY-10532,INV-53318,OMC-017,KAA Aviation,GB54HVSS04902787429671,2025-11-20,234446,1
PAY-48012,INV-51658,OMC-015,Mombasa Petroleum,GB80WOIJ43135182337498,2025-09-18,269170,1
PAY-19899,INV-17598,OMC-001,TotalEnergies Kenya,GB06DMIO52553419283276,2025-03-12,89180,1
PAY-76240,INV-89980,OMC-011,Hass Petroleum,GB56WGCN65876036690967,2025-03-07,258154,1
PAY-47395,INV-93859,OMC-001,TotalEnergies Kenya,GB06DMIO52553419283276,2026-04-10,46724,1
PAY-74518,INV-23310,OMC-011,Hass Petroleum,GB56WGCN65876036690967,2026-06-17,22247,1
PAY-53378,INV-41218,OMC-011,Hass Petroleum,GB56WGCN65876036690967,2026-05-02,125248,1
PAY-77411,INV-28293,OMC-020,Ethiopian Oil,GB14NSVZ22219693792374,2026-06-27,103519,1
PAY-78099,INV-19551,OMC-002,Vivo Energy,GB45OQIR01845146270482,2025-03-16,50840,1
PAY-32616,INV-72029,OMC-019,Tanzania Petroleum,GB59MHYN05766270289517,2025-05-04," KES 25,392 ",1
PAY-53454,INV-83583,OMC-012,Galana Energies,GB89GWUW86379402654235,2026-06-03,61319,2
PAY-17434,INV-50825,OMC-016,KPA Marine,GB31MOOJ96499091334123,2025-06-10,61322,1
PAY-40559,INV-85535,OMC-008,National Oil,GB08NAFX56342160733754,2025-08-14," KES 31,774 ",1
PAY-77717,INV-36205,OMC-006,Hashi Energy,GB05QCFC91361939909169,2025-11-22,169646,1
PAY-91358,INV-61789,OMC-010,Tamoil,GB34EABH79176936763201,2025-12-05,242053,1
PAY-30554,INV-35751,OMC-015,Mombasa Petroleum,GB80WOIJ43135182337498,2025-10-03,24036,1
PAY-33193,INV-78267,OMC-002,Vivo Energy,GB45OQIR01845146270482,2025-12-21,175162,1
PAY-28904,INV-11950,OMC-002,Vivo Energy,GB45OQIR01845146270482,2026-07-21,39609,1
PAY-66636,INV-85969,OMC-007,Kobil,GB37IDDX82449353487401,2025-07-27,38461,1
PAY-74500,INV-54663,OMC-001,TotalEnergies Kenya,GB06DMIO52553419283276,2026-04-19,36605,1
PAY-15564,INV-20931,OMC-003,Rubis Energy,GB04LOQO13315098393010,2025-11-05,48646,1
PAY-51724,INV-34531,OMC-019,Tanzania Petroleum,GB59MHYN05766270289517,2025-03-23,23879,1
PAY-64431,INV-16368,OMC-009,Dalbit Petroleum,GB53VXXX35615951484656,2026-02-02," KES 234,410 ",1
PAY-51511,INV-25511,OMC-002,Vivo Energy,GB45OQIR01845146270482,2026-03-01,30082,1
PAY-63680,INV-41365,OMC-016,KPA Marine,GB31MOOJ96499091334123,2025-07-18,151187,1
PAY-87306,INV-49972,OMC-013,Lake Oil,GB88TEHE71937452991241,2025-08-25,21137,1
PAY-94889,INV-34750,OMC-016,KPA Marine,GB31MOOJ96499091334123,2025-08-16,89254,2
PAY-99988,INV-36662,OMC-001,TotalEnergies Kenya,GB06DMIO52553419283276,2026-06-01,34353,2
PAY-34820,INV-11174,OMC-018,Uganda National Oil,GB36RNCH17127484677378,2025-06-22,74048,2
PAY-12462,INV-81346,OMC-008,National Oil,GB08NAFX56342160733754,2025-06-27,60767,1
PAY-12191,INV-45395,OMC-012,Galana Energies,GB89GWUW86379402654235,2026-03-25,167150,1
PAY-55187,INV-83582,OMC-020,Ethiopian Oil,GB14NSVZ22219693792374,2026-07-20,93520,1
PAY-12533,INV-69439,OMC-013,Lake Oil,GB88TEHE71937452991241,2025-11-22,126211,1
PAY-19522,INV-36170,OMC-009,Dalbit Petroleum,GB53VXXX35615951484656,2025-04-26,15944,2
PAY-58843,INV-30859,OMC-013,Lake Oil,GB88TEHE71937452991241,16/01/2026,38229,1
PAY-73882,INV-83050,OMC-008,National Oil,GB08NAFX56342160733754,2026-06-08,39241,1
PAY-20345,INV-11885,OMC-007,Kobil,GB37IDDX82449353487401,12/04/2026,101314,1
PAY-79690,INV-27027,OMC-003,Rubis Energy,GB04LOQO13315098393010,2026-05-11,37968,1
PAY-38744,INV-67289,OMC-008,National Oil,GB08NAFX56342160733754,2026-06-20,58373,2
PAY-57344,INV-87672,OMC-006,Hashi Energy,GB05QCFC91361939909169,2025-07-26,160738,1
PAY-40805,INV-22332,OMC-012,Galana Energies,GB89GWUW86379402654235,2026-05-23,26369,1
PAY-72570,INV-96503,OMC-018,Uganda National Oil,GB36RNCH17127484677378,2026-08-06,83591,1
PAY-86182,INV-43124,OMC-007,Kobil,GB37IDDX82449353487401,2026-07-17,182320,1
PAY-10554,INV-13463,OMC-010,Tamoil,GB34EABH79176936763201,,45728,1
PAY-88159,INV-34412,OMC-016,KPA Marine,GB31MOOJ96499091334123,2025-10-10,142148,1
PAY-47204,INV-31542,OMC-009,Dalbit Petroleum,GB53VXXX35615951484656,27/03/2025,158994,1
PAY-86020,INV-38704,OMC-002,Vivo Energy,GB45OQIR01845146270482,2025-11-18,153080,1
PAY-89385,INV-55805,OMC-001,TotalEnergies Kenya,GB06DMIO52553419283276,2025-03-10,202139,1
PAY-15570,INV-50923,OMC-001,TotalEnergies Kenya,GB06DMIO52553419283276,2025-09-05,8653,2
PAY-14283,INV-60746,OMC-020,Ethiopian Oil,GB14NSVZ22219693792374,2025-09-01,51263,1
PAY-91364,INV-18340,OMC-010,Tamoil,GB34EABH79176936763201,2026-04-05,61440,2
PAY-73866,INV-57108,OMC-008,National Oil,GB08NAFX56342160733754,2025-11-19,123745,1
PAY-79953,INV-92587,OMC-013,Lake Oil,GB88TEHE71937452991241,2026-04-23,221634,1
PAY-74787,INV-90217,OMC-003,Rubis Energy,GB04LOQO13315098393010,2026-05-24,261088,1
PAY-69789,INV-94022,OMC-011,Hass Petroleum,GB56WGCN65876036690967,2025-11-19,264947,1
PAY-97108,INV-35072,OMC-011,Hass Petroleum,GB56WGCN65876036690967,2026-01-24,37929,1
PAY-44650,INV-88637,OMC-007,Kobil,GB37IDDX82449353487401,2026-01-28,40400,1
PAY-70148,INV-44668,OMC-012,Galana Energies,GB89GWUW86379402654235,2026-05-05,51780,1
PAY-65215,INV-94060,OMC-012,Galana Energies,GB89GWUW86379402654235,2026-05-19,20332,2
PAY-20256,INV-95014,OMC-005,PetroOil Kenya,GB89GWUW86379402654235,2026-06-09,57462,1
PAY-68507,INV-52437,OMC-010,Tamoil,GB34EABH79176936763201,2025-02-28," KES 205,067 ",1
PAY-75584,INV-39406,OMC-009,Dalbit Petroleum,GB53VXXX35615951484656,2026-05-16,43335,1
PAY-33713,INV-87355,OMC-013,Lake Oil,GB88TEHE71937452991241,,22175,1
PAY-12778,INV-53307,OMC-005,PetroOil Kenya,GB89GWUW86379402654235,2026-03-30," KES 161,221 ",1
PAY-88651,INV-39609,OMC-006,Hashi Energy,GB05QCFC91361939909169,2026-07-09,38437,1
PAY-33331,INV-75304,OMC-018,Uganda National Oil,GB36RNCH17127484677378,2025-12-27,29712,1
PAY-75770,INV-39018,OMC-003,Rubis Energy,GB04LOQO13315098393010,2026-02-22,133736,1
PAY-36063,INV-45677,OMC-011,Hass Petroleum,GB56WGCN65876036690967,2026-04-28,30193,1
PAY-56947,INV-61513,OMC-017,KAA Aviation,GB54HVSS04902787429671,2025-05-11,57444,1
PAY-29524,INV-28257,OMC-005,PetroOil Kenya,GB89GWUW86379402654235,2026-04-12,108262,1
PAY-32958,INV-40225,OMC-003,Rubis Energy,GB04LOQO13315098393010,2025-11-10,39848,1
PAY-43753,INV-99760,OMC-004,Gulf Energy,GB89GWUW86379402654235,2026-05-31,18820,2
PAY-98668,INV-13437,OMC-012,Galana Energies,GB89GWUW86379402654235,2026-03-22,39059,1
PAY-42228,INV-22781,OMC-011,Hass Petroleum,GB56WGCN65876036690967,2025-04-26,91428,1
PAY-25592,INV-83732,OMC-011,Hass Petroleum,GB56WGCN65876036690967,2025-04-16,26530,1
PAY-67748,INV-65158,OMC-009,Dalbit Petroleum,GB53VXXX35615951484656,2026-07-10,75940,1
PAY-12342,INV-76702,OMC-009,Dalbit Petroleum,GB53VXXX35615951484656,2025-07-21,39110,1
PAY-67291,INV-63603,OMC-014,Texol Energies,GB06ONXS45314737996507,23/05/2025,113744,1
PAY-91347,INV-76063,OMC-010,Tamoil,GB34EABH79176936763201,2025-02-14,112349,1
PAY-82449,INV-78494,OMC-015,Mombasa Petroleum,GB80WOIJ43135182337498,2025-04-17,26608,1
PAY-77432,INV-39246,OMC-003,Rubis Energy,GB04LOQO13315098393010,2026-01-31,133650,1
PAY-57747,INV-53442,OMC-018,Uganda National Oil,GB36RNCH17127484677378,2026-05-25,38406,1
PAY-11230,INV-29913,OMC-012,Galana Energies,GB89GWUW86379402654235,2026-04-11,39842,1
PAY-49539,INV-37288,OMC-014,Texol Energies,GB06ONXS45314737996507,14/03/2026,164612,1
PAY-31910,INV-98026,OMC-013,Lake Oil,GB88TEHE71937452991241,2026-01-07,45984,1
PAY-53228,INV-28153,OMC-001,TotalEnergies Kenya,GB06DMIO52553419283276,2026-07-21,117891,1
PAY-86126,INV-17688,OMC-020,Ethiopian Oil,GB14NSVZ22219693792374,2026-06-26,59816,2
PAY-37178,INV-20323,OMC-016,KPA Marine,GB31MOOJ96499091334123,2025-03-10,80508,1
PAY-60993,INV-89423,OMC-020,Ethiopian Oil,GB14NSVZ22219693792374,,227703,1
PAY-36332,INV-65554,OMC-003,Rubis Energy,GB04LOQO13315098393010,,86986,1
PAY-55879,INV-81890,OMC-015,Mombasa Petroleum,GB80WOIJ43135182337498,2025-05-27,24499,1
PAY-29745,INV-58380,OMC-012,Galana Energies,GB89GWUW86379402654235,2026-04-17,21242,2
PAY-14578,INV-72446,OMC-005,PetroOil Kenya,GB89GWUW86379402654235,2026-06-21,271132,1
PAY-46496,INV-49474,OMC-011,Hass Petroleum,GB56WGCN65876036690967,2025-11-24,260847,1
PAY-63844,INV-34349,OMC-017,KAA Aviation,GB54HVSS04902787429671,2025-06-14,102116,1
PAY-51446,INV-40692,OMC-020,Ethiopian Oil,GB14NSVZ22219693792374,2025-09-01,166930,1
PAY-84126,INV-70245,OMC-017,KAA Aviation,GB54HVSS04902787429671,2025-06-06,22442,1
PAY-12678,INV-11170,OMC-011,Hass Petroleum,GB56WGCN65876036690967,2025-09-10,170780,1
PAY-64509,INV-31009,OMC-016,KPA Marine,GB31MOOJ96499091334123,2026-06-21,54670,2
PAY-72855,INV-75785,OMC-005,PetroOil Kenya,GB89GWUW86379402654235,2026-06-09,187969,1
PAY-98288,INV-96880,OMC-013,Lake Oil,GB88TEHE71937452991241,2025-12-22,28378,1
PAY-21810,INV-29358,OMC-018,Uganda National Oil,GB36RNCH17127484677378,2025-10-17,7613,2
PAY-44007,INV-57227,OMC-020,Ethiopian Oil,GB14NSVZ22219693792374,2025-02-20,82142,1
PAY-88585,INV-42997,OMC-001,TotalEnergies Kenya,GB06DMIO52553419283276,05/03/2026,74422,2
PAY-45105,INV-78099,OMC-014,Texol Energies,GB06ONXS45314737996507,2026-03-03,40553,1
PAY-48482,INV-62691,OMC-015,Mombasa Petroleum,GB80WOIJ43135182337498,2025-08-26,188240,1
PAY-34767,INV-67016,OMC-017,KAA Aviation,GB54HVSS04902787429671,2026-06-09,38351,1
PAY-22661,INV-61409,OMC-012,Galana Energies,GB89GWUW86379402654235,2026-05-23,99126,1
PAY-66973,INV-53817,OMC-004,Gulf Energy,GB89GWUW86379402654235,2026-04-25,441332,1
PAY-34751,INV-87645,OMC-005,PetroOil Kenya,GB89GWUW86379402654235,2026-06-17,13813,2
PAY-27490,INV-11924,OMC-011,Hass Petroleum,GB56WGCN65876036690967,2025-07-28,62092,2
PAY-92145,INV-19297,OMC-016,KPA Marine,GB31MOOJ96499091334123,2025-07-20,25407,1
PAY-77793,INV-14029,OMC-019,Tanzania Petroleum,GB59MHYN05766270289517,2026-05-07,39221,1
PAY-66500,INV-89878,OMC-009,Dalbit Petroleum,GB53VXXX35615951484656,2026-05-08,25283,1
PAY-66361,INV-97066,OMC-007,Kobil,GB37IDDX82449353487401,2026-07-05,96739,1
PAY-21901,INV-97318,OMC-001,TotalEnergies Kenya,GB06DMIO52553419283276,2026-06-05,62589,1
PAY-54831,INV-78401,OMC-006,Hashi Energy,GB05QCFC91361939909169,,257288,1
PAY-51462,INV-77383,OMC-012,Galana Energies,GB89GWUW86379402654235,2026-04-20,20165,1
PAY-52980,INV-83794,OMC-006,Hashi Energy,GB05QCFC91361939909169,2025-07-14,113845,1
PAY-25890,INV-44372,OMC-008,National Oil,GB08NAFX56342160733754,2025-08-31,103769,1
PAY-37782,INV-57352,OMC-004,Gulf Energy,GB89GWUW86379402654235,2026-05-02,55097,2
PAY-70842,INV-71486,OMC-002,Vivo Energy,GB45OQIR01845146270482,,57098,2
PAY-47343,INV-98020,OMC-004,Gulf Energy,GB89GWUW86379402654235,2026-04-17," KES 117,527 ",1
PAY-40233,INV-42378,OMC-015,Mombasa Petroleum,GB80WOIJ43135182337498,2025-09-22,252257,1
PAY-33887,INV-96679,OMC-003,Rubis Energy,GB04LOQO13315098393010,2025-11-21,140724,1
PAY-28947,INV-25283,OMC-018,Uganda National Oil,GB36RNCH17127484677378,2026-05-27,207560,1
PAY-62823,INV-53656,OMC-019,Tanzania Petroleum,GB59MHYN05766270289517,2026-03-07,64778,1
PAY-82690,INV-72612,OMC-009,Dalbit Petroleum,GB53VXXX35615951484656,2025-08-31,28533,1
PAY-43083,INV-50935,OMC-007,Kobil,GB37IDDX82449353487401,2025-10-05,60217,1
PAY-84895,INV-96835,OMC-004,Gulf Energy,GB89GWUW86379402654235,30/05/2026," KES 169,163 ",1
PAY-55811,INV-53106,OMC-009,Dalbit Petroleum,GB53VXXX35615951484656,2026-08-07,10057,2
PAY-56605,INV-83359,OMC-017,KAA Aviation,GB54HVSS04902787429671,2025-12-23,209930,1
PAY-17017,INV-25023,OMC-010,Tamoil,GB34EABH79176936763201,2025-10-16,109411,1
PAY-73945,INV-89491,OMC-009,Dalbit Petroleum,GB53VXXX35615951484656,2025-09-06,199301,1
PAY-25394,INV-55466,OMC-010,Tamoil,GB34EABH79176936763201,2026-02-16,73150,1
PAY-57341,INV-60473,OMC-017,KAA Aviation,GB54HVSS04902787429671,2025-12-19,215405,1
PAY-61916,INV-68077,OMC-001,TotalEnergies Kenya,GB06DMIO52553419283276,2026-06-08,26572,1
PAY-16045,INV-51792,OMC-010,Tamoil,GB34EABH79176936763201,2025-03-28,245767,1
PAY-52558,INV-69406,OMC-016,KPA Marine,GB31MOOJ96499091334123,2026-07-10,12440,2
PAY-30319,INV-89759,OMC-015,Mombasa Petroleum,GB80WOIJ43135182337498,2026-03-24,35050,1
PAY-46966,INV-98533,OMC-003,Rubis Energy,GB04LOQO13315098393010,2025-10-17," KES 113,197 ",1
PAY-42920,INV-71467,OMC-003,Rubis Energy,GB04LOQO13315098393010,2025-11-28,214177,1
PAY-55789,INV-27487,OMC-003,Rubis Energy,GB04LOQO13315098393010,2026-01-26,218900,1
PAY-58968,INV-61838,OMC-016,KPA Marine,GB31MOOJ96499091334123,2026-05-07,44391,1
PAY-80009,INV-48986,OMC-003,Rubis Energy,GB04LOQO13315098393010,2026-01-30,101632,1
PAY-42196,INV-36053,OMC-018,Uganda National Oil,GB36RNCH17127484677378,2025-11-18,143381,1
PAY-13005,INV-74392,OMC-004,Gulf Energy,GB89GWUW86379402654235,2026-06-08,60454,1
PAY-29403,INV-55174,OMC-011,Hass Petroleum,GB56WGCN65876036690967,2025-02-09,128428,1
PAY-56784,INV-28337,OMC-017,KAA Aviation,GB54HVSS04902787429671,2025-11-28,24695,1
PAY-26027,INV-62045,OMC-014,Texol Energies,GB06ONXS45314737996507,2025-12-01,159471,1
PAY-38159,INV-25712,OMC-007,Kobil,GB37IDDX82449353487401,2026-06-09,80483,2
PAY-38235,INV-39900,OMC-009,Dalbit Petroleum,GB53VXXX35615951484656,2025-12-06,6040,2
PAY-42374,INV-86305,OMC-003,Rubis Energy,GB04LOQO13315098393010,2026-02-14,52607,1
PAY-26913,INV-21557,OMC-003,Rubis Energy,GB04LOQO13315098393010,2026-06-02,226051,1
PAY-54090,INV-72520,OMC-013,Lake Oil,GB88TEHE71937452991241,2026-01-01," KES 181,771 ",1
PAY-97491,INV-74358,OMC-016,KPA Marine,GB31MOOJ96499091334123,2025-09-28,221390,1
PAY-40399,INV-18225,OMC-012,Galana Energies,GB89GWUW86379402654235,2026-05-04,15770,1
PAY-76873,INV-47677,OMC-009,Dalbit Petroleum,GB53VXXX35615951484656,2026-03-27,260363,1
PAY-88784,INV-24322,OMC-014,Texol Energies,GB06ONXS45314737996507,,17923,1
PAY-81498,INV-29423,OMC-003,Rubis Energy,GB04LOQO13315098393010,2025-10-15,144085,1
PAY-48367,INV-52705,OMC-018,Uganda National Oil,GB36RNCH17127484677378,2025-09-06,141025,1
PAY-75606,INV-53598,OMC-006,Hashi Energy,GB05QCFC91361939909169,2025-04-12,118033,1
PAY-80152,INV-79605,OMC-001,TotalEnergies Kenya,GB06DMIO52553419283276,2026-04-04,61260,1
PAY-51408,INV-40964,OMC-003,Rubis Energy,GB04LOQO13315098393010,2025-11-19,156643,1
PAY-41882,INV-91298,OMC-009,Dalbit Petroleum,GB53VXXX35615951484656,2025-03-18,196598,1
PAY-66838,INV-63577,OMC-003,Rubis Energy,GB04LOQO13315098393010,2026-07-05,38733,1
PAY-33522,INV-38155,OMC-014,Texol Energies,GB06ONXS45314737996507,2025-06-30,23347,1
PAY-49600,INV-86396,OMC-019,Tanzania Petroleum,GB59MHYN05766270289517,2025-05-11,32332,1
PAY-26522,INV-93124,OMC-008,National Oil,GB08NAFX56342160733754,2026-02-09,86251,2
PAY-89004,INV-55745,OMC-002,Vivo Energy,GB45OQIR01845146270482,2025-09-24,157952,1
PAY-93303,INV-47962,OMC-003,Rubis Energy,GB04LOQO13315098393010,2026-01-24,110187,1
PAY-50598,INV-15288,OMC-016,KPA Marine,GB31MOOJ96499091334123,2026-04-23,140346,1
PAY-90442,INV-79076,OMC-002,Vivo Energy,GB45OQIR01845146270482,2025-08-02,148066,1
PAY-33842,INV-36132,OMC-015,Mombasa Petroleum,GB80WOIJ43135182337498,2025-03-25,254084,1
PAY-66588,INV-95910,OMC-002,Vivo Energy,GB45OQIR01845146270482,2025-06-15,233795,1
PAY-96597,INV-31885,OMC-005,PetroOil Kenya,GB89GWUW86379402654235,2026-05-21,22577,1
PAY-43680,INV-88951,OMC-009,Dalbit Petroleum,GB53VXXX35615951484656,2025-03-11,40894,1
PAY-54906,INV-35784,OMC-018,Uganda National Oil,GB36RNCH17127484677378,2025-12-04,29204,1
PAY-28832,INV-83580,OMC-006,Hashi Energy,GB05QCFC91361939909169,,78193,1
PAY-71174,INV-61320,OMC-017,KAA Aviation,GB54HVSS04902787429671,2025-05-05,204589,1
PAY-45372,INV-95395,OMC-004,Gulf Energy,GB89GWUW86379402654235,2026-05-16,211440,1
PAY-67114,INV-72972,OMC-002,Vivo Energy,GB45OQIR01845146270482,2025-06-19," KES 175,901 ",1
PAY-91442,INV-66953,OMC-004,Gulf Energy,GB89GWUW86379402654235,2026-03-08,156617,1
PAY-62408,INV-99149,OMC-020,Ethiopian Oil,GB14NSVZ22219693792374,2025-08-08,36786,1
PAY-10456,INV-78723,OMC-009,Dalbit Petroleum,GB53VXXX35615951484656,2025-07-30,128850,1
PAY-86092,INV-41690,OMC-001,TotalEnergies Kenya,GB06DMIO52553419283276,2026-07-25,182543,1
PAY-53009,INV-38766,OMC-006,Hashi Energy,GB05QCFC91361939909169,2026-07-26,52828,1
PAY-53744,INV-39691,OMC-010,Tamoil,GB34EABH79176936763201,2025-07-08,41496,1
PAY-85646,INV-49274,OMC-014,Texol Energies,GB06ONXS45314737996507,2025-11-23,49874,2
PAY-43330,INV-14371,OMC-002,Vivo Energy,GB45OQIR01845146270482,12/08/2025,259971,1
PAY-75710,INV-23039,OMC-019,Tanzania Petroleum,GB59MHYN05766270289517,2026-05-15,210685,1
PAY-17729,INV-63908,OMC-006,Hashi Energy,GB05QCFC91361939909169,2025-04-25,159526,1
PAY-54648,INV-74229,OMC-020,Ethiopian Oil,GB14NSVZ22219693792374,2026-06-01," KES 214,451 ",1
PAY-32349,INV-68161,OMC-002,Vivo Energy,GB45OQIR01845146270482,2026-06-15,174190,1
PAY-31066,INV-78184,OMC-020,Ethiopian Oil,GB14NSVZ22219693792374,2025-03-20,162584,1
PAY-68332,INV-34133,OMC-010,Tamoil,GB34EABH79176936763201,2026-03-20,147996,1
PAY-89189,INV-39596,OMC-003,Rubis Energy,GB04LOQO13315098393010,2025-07-06,49379,1
PAY-32142,INV-32387,OMC-011,Hass Petroleum,GB56WGCN65876036690967,2025-07-10,135431,1
PAY-68672,INV-85556,OMC-015,Mombasa Petroleum,GB80WOIJ43135182337498,2026-04-04,53263,1
PAY-23185,INV-92100,OMC-010,Tamoil,GB34EABH79176936763201,2026-05-14,30407,1
PAY-85140,INV-73093,OMC-006,Hashi Energy,GB05QCFC91361939909169,2026-06-14,235963,1
PAY-75012,INV-93124,OMC-004,Gulf Energy,GB89GWUW86379402654235,2026-05-10,12560,2
PAY-96400,INV-13660,OMC-009,Dalbit Petroleum,GB53VXXX35615951484656,2025-10-06,129375,1
PAY-28533,INV-43648,OMC-004,Gulf Energy,GB89GWUW86379402654235,2026-05-14,49131,1
PAY-27626,INV-14702,OMC-017,KAA Aviation,GB54HVSS04902787429671,2026-01-09,34321,1
PAY-44799,INV-63847,OMC-014,Texol Energies,GB06ONXS45314737996507,2025-06-16,141214,1
PAY-78528,INV-16237,OMC-020,Ethiopian Oil,GB14NSVZ22219693792374,2025-08-28,51163,1
PAY-73838,INV-22982,OMC-019,Tanzania Petroleum,GB59MHYN05766270289517,11/06/2025,196906,1
PAY-30696,INV-61271,OMC-009,Dalbit Petroleum,GB53VXXX35615951484656,2026-02-15,47953,2
PAY-53061,INV-16899,OMC-013,Lake Oil,GB88TEHE71937452991241,2025-10-18,26241,1
PAY-89135,INV-78923,OMC-003,Rubis Energy,GB04LOQO13315098393010,2025-09-14,132890,1
PAY-70566,INV-49592,OMC-012,Galana Energies,GB89GWUW86379402654235,2026-05-20,44804,1
PAY-24386,INV-55214,OMC-004,Gulf Energy,GB89GWUW86379402654235,2026-04-24,103423,1
PAY-96630,INV-66394,OMC-010,Tamoil,GB34EABH79176936763201,2025-08-17,180276,1
PAY-91264,INV-37648,OMC-007,Kobil,GB37IDDX82449353487401,2026-07-05,229309,1
PAY-76675,INV-44420,OMC-002,Vivo Energy,GB45OQIR01845146270482,2026-06-28,204730,1
PAY-70725,INV-22907,OMC-015,Mombasa Petroleum,GB80WOIJ43135182337498,16/09/2025,276542,1
PAY-67372,INV-13843,OMC-007,Kobil,GB37IDDX82449353487401,2025-10-24,107506,1
PAY-63789,INV-99903,OMC-016,KPA Marine,GB31MOOJ96499091334123,2025-08-01,49144,1
PAY-89572,INV-58718,OMC-014,Texol Energies,GB06ONXS45314737996507,2025-09-02,30885,1
PAY-95646,INV-31948,OMC-007,Kobil,GB37IDDX82449353487401,2026-04-20,94236,1
PAY-41647,INV-43394,OMC-003,Rubis Energy,GB04LOQO13315098393010,2025-08-09,23699,1
PAY-75077,INV-99774,OMC-016,KPA Marine,GB31MOOJ96499091334123,2025-05-07,221121,1
PAY-97619,INV-30590,OMC-006,Hashi Energy,GB05QCFC91361939909169,26/08/2025,55687,1
PAY-54475,INV-99311,OMC-016,KPA Marine,GB31MOOJ96499091334123,,97216,1
PAY-12211,INV-98542,OMC-010,Tamoil,GB34EABH79176936763201,2026-04-06,232409,1
PAY-37676,INV-71041,OMC-015,Mombasa Petroleum,GB80WOIJ43135182337498,2026-04-28,240455,1
PAY-43463,INV-31616,OMC-005,PetroOil Kenya,GB89GWUW86379402654235,2026-03-21,74244,1
PAY-92807,INV-55818,OMC-013,Lake Oil,GB88TEHE71937452991241,2025-07-19,159823,1
PAY-66013,INV-18463,OMC-006,Hashi Energy,GB05QCFC91361939909169,25/12/2025,148274,1
PAY-67550,INV-77582,OMC-002,Vivo Energy,GB45OQIR01845146270482,2025-09-14,244761,1
PAY-40507,INV-23314,OMC-007,Kobil,GB37IDDX82449353487401,2026-06-25,41209,1
PAY-90995,INV-50242,OMC-019,Tanzania Petroleum,GB59MHYN05766270289517,2025-04-05,22399,1
PAY-64795,INV-24423,OMC-009,Dalbit Petroleum,GB53VXXX35615951484656,2025-03-17,69248,1
PAY-86485,INV-83152,OMC-008,National Oil,GB08NAFX56342160733754,2025-03-10,105993,1
PAY-96139,INV-62030,OMC-016,KPA Marine,GB31MOOJ96499091334123,2026-04-28,94004,1
PAY-16656,INV-12200,OMC-005,PetroOil Kenya,GB89GWUW86379402654235,2026-07-14,91588,2
PAY-36190,INV-95020,OMC-016,KPA Marine,GB31MOOJ96499091334123,2026-05-21,26645,1
PAY-27313,INV-10684,OMC-015,Mombasa Petroleum,GB80WOIJ43135182337498,2025-03-01,237310,1
PAY-67582,INV-40135,OMC-001,TotalEnergies Kenya,GB06DMIO52553419283276,2026-01-10,127203,1
PAY-55543,INV-68917,OMC-016,KPA Marine,GB31MOOJ96499091334123,2026-01-13,40664,1
PAY-77501,INV-71253,OMC-020,Ethiopian Oil,GB14NSVZ22219693792374,2025-06-25,45891,1
PAY-66031,INV-47035,OMC-015,Mombasa Petroleum,GB80WOIJ43135182337498,25/03/2026,25979,1
PAY-35292,INV-80561,OMC-013,Lake Oil,GB88TEHE71937452991241,2026-06-04,49794,1
PAY-42607,INV-54684,OMC-020,Ethiopian Oil,GB14NSVZ22219693792374,2026-01-27,36555,1
PAY-39912,INV-58380,OMC-012,Galana Energies,GB89GWUW86379402654235,2026-03-21,31095,1
PAY-94560,INV-45197,OMC-018,Uganda National Oil,GB36RNCH17127484677378,2026-02-02,10101,2
PAY-67646,INV-41977,OMC-012,Galana Energies,GB89GWUW86379402654235,2026-04-30,112635,2
PAY-64851,INV-53914,OMC-019,Tanzania Petroleum,GB59MHYN05766270289517,2025-11-10,270533,1
PAY-60599,INV-41236,OMC-014,Texol Energies,GB06ONXS45314737996507,2026-01-22,95283,1
PAY-63660,INV-63631,OMC-003,Rubis Energy,GB04LOQO13315098393010,2026-05-09,56687,1
PAY-11117,INV-38124,OMC-014,Texol Energies,GB06ONXS45314737996507,2025-02-28,55071,1
PAY-54937,INV-38432,OMC-018,Uganda National Oil,GB36RNCH17127484677378,,283413,1
PAY-29674,INV-25830,OMC-005,PetroOil Kenya,GB89GWUW86379402654235,2026-04-24,199034,1
PAY-20142,INV-97163,OMC-018,Uganda National Oil,GB36RNCH17127484677378,2025-06-05," KES 165,671 ",1
PAY-95173,INV-63536,OMC-014,Texol Energies,GB06ONXS45314737996507,2026-05-01,17622,2
PAY-53246,INV-38665,OMC-005,PetroOil Kenya,GB89GWUW86379402654235,2026-05-03,58021,1
PAY-29394,INV-89203,OMC-008,National Oil,GB08NAFX56342160733754,2025-04-09,34109,1
PAY-23352,INV-15770,OMC-005,PetroOil Kenya,GB89GWUW86379402654235,2026-04-28,100761,1
PAY-10791,INV-44573,OMC-017,KAA Aviation,GB54HVSS04902787429671,2026-03-03,142560,1
PAY-55479,INV-26821,OMC-014,Texol Energies,GB06ONXS45314737996507,2026-06-06,143392,1
PAY-27274,INV-35435,OMC-017,KAA Aviation,GB54HVSS04902787429671,2025-06-09,57610,1
PAY-33635,INV-67480,OMC-015,Mombasa Petroleum,GB80WOIJ43135182337498,2025-10-01,278338,1
PAY-16348,INV-79983,OMC-003,Rubis Energy,GB04LOQO13315098393010,2025-03-09,168647,1
PAY-31909,INV-54226,OMC-016,KPA Marine,GB31MOOJ96499091334123,2025-12-31,30134,1
PAY-25034,INV-83200,OMC-013,Lake Oil,GB88TEHE71937452991241,2025-09-08,133908,1
PAY-74634,INV-98165,OMC-012,Galana Energies,GB89GWUW86379402654235,2026-04-16,117258,1
PAY-80909,INV-21851,OMC-001,TotalEnergies Kenya,GB06DMIO52553419283276,2025-05-16,67435,1
PAY-12491,INV-63576,OMC-014,Texol Energies,GB06ONXS45314737996507,2025-05-08,96071,1
PAY-34086,INV-79453,OMC-016,KPA Marine,GB31MOOJ96499091334123,2025-09-17,40469,1
PAY-59218,INV-54008,OMC-005,PetroOil Kenya,GB89GWUW86379402654235,2026-05-15,152553,1
PAY-26518,INV-80376,OMC-010,Tamoil,GB34EABH79176936763201,2026-03-02," KES 23,438 ",1
PAY-50589,INV-99557,OMC-014,Texol Energies,GB06ONXS45314737996507,09/03/2026,4832,2
PAY-25278,INV-89167,OMC-016,KPA Marine,GB31MOOJ96499091334123,2025-02-10,117282,1
PAY-54114,INV-48413,OMC-007,Kobil,GB37IDDX82449353487401,2026-06-21,81065,1
PAY-49539,INV-37288,OMC-014,Texol Energies,GB06ONXS45314737996507,2026-03-14,164612,1
PAY-17947,INV-63776,OMC-019,Tanzania Petroleum,GB59MHYN05766270289517,2025-10-05,41525,1
PAY-49077,INV-39252,OMC-019,Tanzania Petroleum,GB59MHYN05766270289517,2025-12-01,282489,1
PAY-16681,INV-57628,OMC-010,Tamoil,GB34EABH79176936763201,2026-01-21,36122,1
PAY-51556,INV-17693,OMC-009,Dalbit Petroleum,GB53VXXX35615951484656,2025-08-05," KES 132,834 ",1
PAY-36163,INV-27836,OMC-003,Rubis Energy,GB04LOQO13315098393010,2025-11-09," KES 47,586 ",1
PAY-48615,INV-63939,OMC-020,Ethiopian Oil,GB14NSVZ22219693792374,2025-04-24,62507,1
PAY-21679,INV-74428,OMC-014,Texol Energies,GB06ONXS45314737996507,2025-08-13,21535,1
PAY-58536,INV-11127,OMC-016,KPA Marine,GB31MOOJ96499091334123,2025-10-21,34458,1
PAY-27542,INV-50353,OMC-004,Gulf Energy,GB89GWUW86379402654235,2026-05-09,84475,1
PAY-34902,INV-27553,OMC-008,National Oil,GB08NAFX56342160733754,2025-06-12,21297,1
PAY-74767,INV-76629,OMC-009,Dalbit Petroleum,GB53VXXX35615951484656,2025-09-21,41374,1
PAY-37167,INV-68557,OMC-019,Tanzania Petroleum,GB59MHYN05766270289517,2025-03-10,28313,1
PAY-25257,INV-48620,OMC-004,Gulf Energy,GB89GWUW86379402654235,2026-04-26,153740,1
PAY-67199,INV-94097,OMC-015,Mombasa Petroleum,GB80WOIJ43135182337498,2026-04-29,143045,1
PAY-75629,INV-44556,OMC-013,Lake Oil,GB88TEHE71937452991241,2026-04-10,25606,1
PAY-97187,INV-67506,OMC-015,Mombasa Petroleum,GB80WOIJ43135182337498,,169859,1
PAY-21696,INV-50877,OMC-007,Kobil,GB37IDDX82449353487401,2026-02-10,244909,1
PAY-43912,INV-69271,OMC-010,Tamoil,GB34EABH79176936763201,2025-05-05,117856,1
PAY-20103,INV-33153,OMC-019,Tanzania Petroleum,GB59MHYN05766270289517,2025-08-10,162537,1
PAY-22042,INV-88453,OMC-011,Hass Petroleum,GB56WGCN65876036690967,2025-11-10,127859,1
PAY-24254,INV-46666,OMC-020,Ethiopian Oil,GB14NSVZ22219693792374,,167719,1
PAY-71270,INV-67542,OMC-011,Hass Petroleum,GB56WGCN65876036690967,2026-05-22,42770,1
PAY-77968,INV-50268,OMC-014,Texol Energies,GB06ONXS45314737996507,2026-01-03,53734,1
PAY-30711,INV-29512,OMC-015,Mombasa Petroleum,GB80WOIJ43135182337498,2026-03-13,102545,1
PAY-71477,INV-10442,OMC-008,National Oil,GB08NAFX56342160733754,2025-07-23,134955,1
PAY-73247,INV-94592,OMC-006,Hashi Energy,GB05QCFC91361939909169,2025-08-09,43567,1
PAY-83698,INV-92981,OMC-002,Vivo Energy,GB45OQIR01845146270482,2025-09-09,31808,1
PAY-10475,INV-53157,OMC-015,Mombasa Petroleum,GB80WOIJ43135182337498,2025-04-14,187390,1
PAY-35622,INV-70718,OMC-001,TotalEnergies Kenya,GB06DMIO52553419283276,2025-07-02,136747,1
PAY-51619,INV-57595,OMC-011,Hass Petroleum,GB56WGCN65876036690967,2025-03-01,14583,1
PAY-25353,INV-87648,OMC-004,Gulf Energy,GB89GWUW86379402654235,2026-03-04,194970,1
PAY-88541,INV-37008,OMC-004,Gulf Energy,GB89GWUW86379402654235,2026-04-19,42691,1
PAY-15449,INV-64436,OMC-010,Tamoil,GB34EABH79176936763201,2026-05-06,173770,1
PAY-32356,INV-39763,OMC-015,Mombasa Petroleum,GB80WOIJ43135182337498,2025-05-14,37267,1
PAY-97472,INV-96472,OMC-007,Kobil,GB37IDDX82449353487401,,84770,2
PAY-19920,INV-18016,OMC-007,Kobil,GB37IDDX82449353487401,2026-07-17,85328,1
PAY-56173,INV-16308,OMC-005,PetroOil Kenya,GB89GWUW86379402654235,2026-04-25,149165,1
PAY-86003,INV-56302,OMC-012,Galana Energies,GB89GWUW86379402654235,2026-06-22,52944,1
PAY-68887,INV-50978,OMC-008,National Oil,GB08NAFX56342160733754,2025-10-29,5347,2
PAY-40573,INV-99342,OMC-015,Mombasa Petroleum,GB80WOIJ43135182337498,2025-08-19,189745,1
PAY-19716,INV-77523,OMC-004,Gulf Energy,GB89GWUW86379402654235,2026-06-01,56644,2
PAY-60383,INV-85115,OMC-018,Uganda National Oil,GB36RNCH17127484677378,2025-09-15,44561,2
PAY-82906,INV-84809,OMC-014,Texol Energies,GB06ONXS45314737996507,2026-04-05,18770,2
PAY-60057,INV-96751,OMC-012,Galana Energies,GB89GWUW86379402654235,2026-03-22,37646,1
PAY-96652,INV-55795,OMC-014,Texol Energies,GB06ONXS45314737996507,2025-11-16,11332,2
PAY-24386,INV-55214,OMC-004,Gulf Energy,GB89GWUW86379402654235,2026-04-24,103423,1
PAY-90480,INV-42152,OMC-015,Mombasa Petroleum,GB80WOIJ43135182337498,2025-08-16,153078,1
PAY-85303,INV-26536,OMC-003,Rubis Energy,GB04LOQO13315098393010,2025-12-19,165101,1
PAY-17584,INV-46129,OMC-015,Mombasa Petroleum,GB80WOIJ43135182337498,2026-07-29,129633,1
PAY-40067,INV-97775,OMC-003,Rubis Energy,GB04LOQO13315098393010,2026-08-27,28998,1
PAY-13961,INV-99376,OMC-002,Vivo Energy,GB45OQIR01845146270482,2025-06-03,27241,1
PAY-45840,INV-74382,OMC-019,Tanzania Petroleum,GB59MHYN05766270289517,2025-07-16,142229,1
PAY-52093,INV-24426,OMC-007,Kobil,GB37IDDX82449353487401,29/01/2026," KES 184,746 ",1
PAY-43093,INV-24116,OMC-010,Tamoil,GB34EABH79176936763201,2025-07-05,52585,1
PAY-92684,INV-53380,OMC-006,Hashi Energy,GB05QCFC91361939909169,2025-05-01,45502,1
PAY-91988,INV-53117,OMC-012,Galana Energies,GB89GWUW86379402654235,2026-05-26,26159,1
PAY-19108,INV-37387,OMC-017,KAA Aviation,GB54HVSS04902787429671,2025-03-25,100003,1
PAY-43696,INV-28903,OMC-019,Tanzania Petroleum,GB59MHYN05766270289517,2025-04-28,127991,1
PAY-66013,INV-77201,OMC-020,Ethiopian Oil,GB14NSVZ22219693792374,2025-10-20,229894,1
PAY-52508,INV-36972,OMC-002,Vivo Energy,GB45OQIR01845146270482,2025-05-28,175168,1
PAY-23618,INV-41747,OMC-017,KAA Aviation,GB54HVSS04902787429671,2025-09-01,37649,1
PAY-31452,INV-96339,OMC-007,Kobil,GB37IDDX82449353487401,2026-05-27,26049,1
PAY-29942,INV-45225,OMC-019,Tanzania Petroleum,GB59MHYN05766270289517,2025-10-26," KES 45,935 ",1
PAY-31287,INV-26037,OMC-006,Hashi Energy,GB05QCFC91361939909169,2025-03-23,35209,1
PAY-48643,INV-84781,OMC-008,National Oil,GB08NAFX56342160733754,2025-06-14,147862,1
PAY-47805,INV-54121,OMC-009,Dalbit Petroleum,GB53VXXX35615951484656,2026-01-27,231093,1
PAY-21074,INV-62111,OMC-004,Gulf Energy,GB89GWUW86379402654235,2026-04-27,136808,1
PAY-37254,INV-99506,OMC-006,Hashi Energy,GB05QCFC91361939909169,2025-02-08,50092,1
PAY-52582,INV-60692,OMC-005,PetroOil Kenya,GB89GWUW86379402654235,2026-03-03,23311,1
PAY-91106,INV-13630,OMC-005,PetroOil Kenya,GB89GWUW86379402654235,2026-05-29,25974,1
PAY-59194,INV-30592,OMC-014,Texol Energies,GB06ONXS45314737996507,2025-10-17," KES 53,892 ",1
PAY-23854,INV-68579,OMC-010,Tamoil,GB34EABH79176936763201,2025-09-23,188255,1
PAY-79653,INV-81683,OMC-013,Lake Oil,GB88TEHE71937452991241,2025-04-18,108893,1
PAY-18702,INV-91773,OMC-016,KPA Marine,GB31MOOJ96499091334123,2026-05-13,157162,1
PAY-73670,INV-26181,OMC-005,PetroOil Kenya,GB89GWUW86379402654235,2026-04-27,26898,1
PAY-50005,INV-27836,OMC-003,Rubis Energy,GB04LOQO13315098393010,2025-12-01,13479,2
PAY-68218,INV-35097,OMC-007,Kobil,GB37IDDX82449353487401,2025-06-08,24584,1
PAY-91871,INV-40824,OMC-006,Hashi Energy,GB05QCFC91361939909169,2026-04-08,20172,2
PAY-98363,INV-24763,OMC-007,Kobil,GB37IDDX82449353487401,2025-09-22,32763,1
PAY-34893,INV-52313,OMC-017,KAA Aviation,GB54HVSS04902787429671,2026-03-12," KES 47,339 ",1
PAY-65602,INV-48880,OMC-017,KAA Aviation,GB54HVSS04902787429671,2026-06-27,46804,1
PAY-68564,INV-55602,OMC-017,KAA Aviation,GB54HVSS04902787429671,2026-05-26,271863,1
PAY-51757,INV-98992,OMC-014,Texol Energies,GB06ONXS45314737996507,2025-12-20,89613,2
PAY-77845,INV-52602,OMC-019,Tanzania Petroleum,GB59MHYN05766270289517,2025-05-31,44527,1
PAY-22420,INV-35723,OMC-006,Hashi Energy,GB05QCFC91361939909169,2025-05-12,126576,1
PAY-58708,INV-50926,OMC-005,PetroOil Kenya,GB89GWUW86379402654235,2026-05-22,20765,2
PAY-72810,INV-85367,OMC-007,Kobil,GB37IDDX82449353487401,2025-10-21,37807,1
PAY-91391,INV-11439,OMC-007,Kobil,GB37IDDX82449353487401,2026-08-08,217122,1
PAY-68517,INV-77092,OMC-008,National Oil,GB08NAFX56342160733754,07/11/2025,192310,1
PAY-83174,INV-72007,OMC-015,Mombasa Petroleum,GB80WOIJ43135182337498,2026-01-31,22370,1
PAY-51877,INV-47775,OMC-008,National Oil,GB08NAFX56342160733754,2025-05-31,48803,1
PAY-74435,INV-68519,OMC-004,Gulf Energy,GB89GWUW86379402654235,2026-03-27," KES 92,658 ",1
PAY-28926,INV-80995,OMC-018,Uganda National Oil,GB36RNCH17127484677378,2025-01-27,59631,1
PAY-95145,INV-15051,OMC-012,Galana Energies,GB89GWUW86379402654235,2026-04-30,103505,1
PAY-26994,INV-80566,OMC-015,Mombasa Petroleum,GB80WOIJ43135182337498,2025-09-21,93508,1
PAY-99206,INV-31313,OMC-013,Lake Oil,GB88TEHE71937452991241,2025-06-13,57029,1
PAY-22599,INV-49434,OMC-011,Hass Petroleum,GB56WGCN65876036690967,2026-08-06,36309,1
PAY-94987,INV-24373,OMC-010,Tamoil,GB34EABH79176936763201,2026-03-24," KES 168,629 ",1
PAY-25031,INV-30320,OMC-020,Ethiopian Oil,GB14NSVZ22219693792374,2025-10-02,28297,1
PAY-50741,INV-82743,OMC-013,Lake Oil,GB88TEHE71937452991241,2025-07-24,37421,1
PAY-28575,INV-53867,OMC-002,Vivo Energy,GB45OQIR01845146270482,2025-08-19,105892,1
PAY-27834,INV-69406,OMC-014,Texol Energies,GB06ONXS45314737996507,2025-12-12,279660,1
PAY-46923,INV-55013,OMC-014,Texol Energies,GB06ONXS45314737996507,2025-03-11,18138,1
PAY-23077,INV-97994,OMC-019,Tanzania Petroleum,GB59MHYN05766270289517,2025-04-17,184233,1
PAY-27879,INV-36238,OMC-020,Ethiopian Oil,GB14NSVZ22219693792374,2026-02-05,27490,1
PAY-32365,INV-96618,OMC-009,Dalbit Petroleum,GB53VXXX35615951484656,2026-04-06,50305,1
PAY-33092,INV-30577,OMC-016,KPA Marine,GB31MOOJ96499091334123,2026-03-14,125272,1
PAY-34744,INV-67731,OMC-017,KAA Aviation,GB54HVSS04902787429671,2025-03-18,25384,1
PAY-83424,INV-87987,OMC-005,PetroOil Kenya,GB89GWUW86379402654235,2026-05-21,12764,2
PAY-87681,INV-90587,OMC-005,PetroOil Kenya,GB89GWUW86379402654235,2026-06-04,100696,2
PAY-52945,INV-73069,OMC-007,Kobil,GB37IDDX82449353487401,2025-09-25,146079,1
PAY-22214,INV-91276,OMC-016,KPA Marine,GB31MOOJ96499091334123,2025-04-04,133607,1
PAY-54745,INV-82678,OMC-012,Galana Energies,GB89GWUW86379402654235,2026-04-03,88474,1
PAY-69365,INV-59160,OMC-010,Tamoil,GB34EABH79176936763201,2025-10-18,55365,1
PAY-23153,INV-32358,OMC-010,Tamoil,GB34EABH79176936763201,2026-05-04,112300,1
PAY-89072,INV-77467,OMC-017,KAA Aviation,GB54HVSS04902787429671,2025-09-30,187841,1
PAY-15453,INV-95755,OMC-019,Tanzania Petroleum,GB59MHYN05766270289517,2026-05-18,170029,1
PAY-54323,INV-19353,OMC-012,Galana Energies,GB89GWUW86379402654235,2026-05-12,78071,1
PAY-63719,INV-42709,OMC-001,TotalEnergies Kenya,GB06DMIO52553419283276,2025-03-09,18338,1
PAY-69163,INV-25846,OMC-002,Vivo Energy,GB45OQIR01845146270482,,46840,1
PAY-61331,INV-47985,OMC-012,Galana Energies,GB89GWUW86379402654235,2026-05-20,24325,2
PAY-33815,INV-15560,OMC-017,KAA Aviation,GB54HVSS04902787429671,2025-02-23,274343,1
PAY-11283,INV-16476,OMC-020,Ethiopian Oil,GB14NSVZ22219693792374,2025-07-05,245303,1
PAY-26276,INV-45591,OMC-003,Rubis Energy,GB04LOQO13315098393010,2026-01-23,264835,1
PAY-68667,INV-29251,OMC-019,Tanzania Petroleum,GB59MHYN05766270289517,2025-05-10,152933,1
PAY-97611,INV-32947,OMC-006,Hashi Energy,GB05QCFC91361939909169,2026-04-05,161077,1
PAY-71418,INV-96094,OMC-019,Tanzania Petroleum,GB59MHYN05766270289517,2025-09-17,159036,1
PAY-60261,INV-11086,OMC-003,Rubis Energy,GB04LOQO13315098393010,2025-11-27,213887,1
PAY-45803,INV-63767,OMC-011,Hass Petroleum,GB56WGCN65876036690967,2025-12-09,216119,1
PAY-41595,INV-28503,OMC-007,Kobil,GB37IDDX82449353487401,2025-04-08,247909,1
PAY-55874,INV-81918,OMC-009,Dalbit Petroleum,GB53VXXX35615951484656,2025-11-23,116160,1
PAY-15676,INV-16155,OMC-019,Tanzania Petroleum,GB59MHYN05766270289517,2026-04-13,208002,1
PAY-55673,INV-58843,OMC-018,Uganda National Oil,GB36RNCH17127484677378,2025-09-10,205239,1
PAY-49221,INV-17065,OMC-017,KAA Aviation,GB54HVSS04902787429671,2026-08-11,257472,1
PAY-64209,INV-97879,OMC-010,Tamoil,GB34EABH79176936763201,2025-08-09,55631,1
PAY-68201,INV-11704,OMC-015,Mombasa Petroleum,GB80WOIJ43135182337498,2026-02-23,54914,1
PAY-72817,INV-93690,OMC-014,Texol Energies,GB06ONXS45314737996507,2026-07-31,219840,1
PAY-96720,INV-63677,OMC-001,TotalEnergies Kenya,GB06DMIO52553419283276,2026-03-26,10950,2
PAY-37315,INV-88142,OMC-008,National Oil,GB08NAFX56342160733754,2025-04-15," KES 42,935 ",1
PAY-70399,INV-62536,OMC-012,Galana Energies,GB89GWUW86379402654235,2026-03-02,40022,1
PAY-92173,INV-55341,OMC-004,Gulf Energy,GB89GWUW86379402654235,2026-06-01,136040,1
PAY-77376,INV-30014,OMC-008,National Oil,GB08NAFX56342160733754,2025-05-15,187027,1
PAY-77791,INV-30719,OMC-010,Tamoil,GB34EABH79176936763201,2025-06-11,39696,1
PAY-11277,INV-93092,OMC-019,Tanzania Petroleum,GB59MHYN05766270289517,2025-06-04,27550,1
PAY-60350,INV-90710,OMC-001,TotalEnergies Kenya,GB06DMIO52553419283276,2026-07-21,163698,1
PAY-11317,INV-34015,OMC-012,Galana Energies,GB89GWUW86379402654235,2026-04-19,188645,1
PAY-62807,INV-59539,OMC-001,TotalEnergies Kenya,GB06DMIO52553419283276,2025-04-02,36031,1
PAY-84164,INV-14487,OMC-015,Mombasa Petroleum,GB80WOIJ43135182337498,04/03/2026,204567,1
PAY-91544,INV-95994,OMC-020,Ethiopian Oil,GB14NSVZ22219693792374,2026-02-11,56403,1
PAY-28288,INV-21055,OMC-009,Dalbit Petroleum,GB53VXXX35615951484656,2026-05-07,229731,1
PAY-51904,INV-75713,OMC-010,Tamoil,GB34EABH79176936763201,2026-05-24,213719,1
PAY-71791,INV-38223,OMC-007,Kobil,GB37IDDX82449353487401,2025-04-23,233970,1
PAY-17727,INV-72262,OMC-018,Uganda National Oil,GB36RNCH17127484677378,2025-10-25," KES 157,442 ",1
PAY-65905,INV-25404,OMC-010,Tamoil,GB34EABH79176936763201,2026-05-11,213933,1
PAY-36626,INV-69455,OMC-004,Gulf Energy,GB89GWUW86379402654235,2026-02-25,42897,1
PAY-27695,INV-77961,OMC-015,Mombasa Petroleum,GB80WOIJ43135182337498,15/05/2025,259269,1
PAY-21337,INV-92755,OMC-012,Galana Energies,GB89GWUW86379402654235,2026-03-14,122844,1
PAY-82056,INV-96831,OMC-020,Ethiopian Oil,GB14NSVZ22219693792374,2026-01-25,72519,1
PAY-96832,INV-62168,OMC-019,Tanzania Petroleum,GB59MHYN05766270289517,2025-09-03,155696,1
PAY-30431,INV-88390,OMC-003,Rubis Energy,GB04LOQO13315098393010,2026-04-28,205661,1
PAY-51029,INV-92901,OMC-016,KPA Marine,GB31MOOJ96499091334123,2026-07-03,39595,2
PAY-46131,INV-12393,OMC-008,National Oil,GB08NAFX56342160733754,2025-05-28,86270,1
PAY-77854,INV-87318,OMC-020,Ethiopian Oil,GB14NSVZ22219693792374,2026-04-28,163528,1
PAY-47329,INV-85358,OMC-008,National Oil,GB08NAFX56342160733754,2026-04-28,55421,1
PAY-36850,INV-97705,OMC-001,TotalEnergies Kenya,GB06DMIO52553419283276,2025-09-20,5560,2
PAY-12777,INV-97082,OMC-017,KAA Aviation,GB54HVSS04902787429671,2026-07-17,32038,1
PAY-53472,INV-10986,OMC-002,Vivo Energy,GB45OQIR01845146270482,2025-10-02,108327,1
PAY-96427,INV-38753,OMC-012,Galana Energies,GB89GWUW86379402654235,2026-04-15,105235,2
PAY-61269,INV-16705,OMC-015,Mombasa Petroleum,GB80WOIJ43135182337498,2025-04-07,153510,1
PAY-95855,INV-97214,OMC-016,KPA Marine,GB31MOOJ96499091334123,2025-05-08,50854,1
PAY-12461,INV-62525,OMC-020,Ethiopian Oil,GB14NSVZ22219693792374,2026-05-29,82045,2
PAY-10024,INV-97816,OMC-011,Hass Petroleum,GB56WGCN65876036690967,2025-08-10,186644,1
PAY-52290,INV-66909,OMC-016,KPA Marine,GB31MOOJ96499091334123,2025-09-14,115482,1
PAY-97393,INV-97659,OMC-003,Rubis Energy,GB04LOQO13315098393010,2025-04-01," KES 29,786 ",1
PAY-65856,INV-50066,OMC-014,Texol Energies,GB06ONXS45314737996507,2025-08-03,99759,1
PAY-82407,INV-43285,OMC-013,Lake Oil,GB88TEHE71937452991241,01/01/2026,195743,1
PAY-91295,INV-79366,OMC-013,Lake Oil,GB88TEHE71937452991241,2026-05-07,51205,1
PAY-98054,INV-20867,OMC-016,KPA Marine,GB31MOOJ96499091334123,07/08/2026,83238,2
PAY-52881,INV-15790,OMC-016,KPA Marine,GB31MOOJ96499091334123,2025-05-28,29347,2
PAY-64370,INV-72040,OMC-009,Dalbit Petroleum,GB53VXXX35615951484656,2025-02-10,126377,1
PAY-24899,INV-94173,OMC-004,Gulf Energy,GB89GWUW86379402654235,,181499,1
PAY-29022,INV-73598,OMC-020,Ethiopian Oil,GB14NSVZ22219693792374,2025-02-23,22602,1
PAY-67394,INV-66160,OMC-013,Lake Oil,GB88TEHE71937452991241,21/07/2026,169126,1
PAY-71988,INV-47445,OMC-009,Dalbit Petroleum,GB53VXXX35615951484656,2025-07-27,48833,2
PAY-26818,INV-48571,OMC-015,Mombasa Petroleum,GB80WOIJ43135182337498,2026-05-17,90185,1
PAY-92389,INV-67999,OMC-010,Tamoil,GB34EABH79176936763201,2026-07-05,97168,1
PAY-53751,INV-42709,OMC-001,TotalEnergies Kenya,GB06DMIO52553419283276,2025-03-29,5566,2
PAY-33618,INV-94017,OMC-014,Texol Energies,GB06ONXS45314737996507,2025-06-19,99324,2
PAY-70280,INV-42692,OMC-009,Dalbit Petroleum,GB53VXXX35615951484656,2026-06-05,27147,2
PAY-17926,INV-13926,OMC-013,Lake Oil,GB88TEHE71937452991241,2025-04-13,184149,1
PAY-91859,INV-56206,OMC-015,Mombasa Petroleum,GB80WOIJ43135182337498,2026-03-11,139761,1
PAY-67252,INV-16439,OMC-010,Tamoil,GB34EABH79176936763201,2026-01-02,212988,1
PAY-91252,INV-68756,OMC-006,Hashi Energy,GB05QCFC91361939909169,2026-07-02,58867,2
PAY-16731,INV-44420,OMC-002,Vivo Energy,GB45OQIR01845146270482,2026-07-23,83465,2
PAY-14485,INV-39705,OMC-010,Tamoil,GB34EABH79176936763201,2025-11-05,29548,1
PAY-99080,INV-80519,OMC-002,Vivo Energy,GB45OQIR01845146270482,2025-03-10,240990,1
PAY-69462,INV-72466,OMC-016,KPA Marine,GB31MOOJ96499091334123,2026-01-20,236264,1
PAY-93370,INV-73472,OMC-006,Hashi Energy,GB05QCFC91361939909169,2026-06-30,38263,1
PAY-20111,INV-41178,OMC-004,Gulf Energy,GB89GWUW86379402654235,2026-06-21,79115,2
PAY-47561,INV-57625,OMC-004,Gulf Energy,GB89GWUW86379402654235,2026-07-07," KES 10,556 ",2
PAY-39863,INV-25928,OMC-004,Gulf Energy,GB89GWUW86379402654235,2026-05-21,27343,1
PAY-94532,INV-77206,OMC-005,PetroOil Kenya,GB89GWUW86379402654235,2026-05-29,46931,2
PAY-48653,INV-13048,OMC-005,PetroOil Kenya,GB89GWUW86379402654235,2026-03-18,25022,1
PAY-28970,INV-54447,OMC-005,PetroOil Kenya,GB89GWUW86379402654235,2026-07-11,34754,2
PAY-28226,INV-34163,OMC-016,KPA Marine,GB31MOOJ96499091334123,29/11/2025,104256,1
PAY-19386,INV-91856,OMC-017,KAA Aviation,GB54HVSS04902787429671,2025-09-07,111769,1
PAY-30660,INV-57163,OMC-020,Ethiopian Oil,GB14NSVZ22219693792374,2025-02-28,181592,1
PAY-52048,INV-58089,OMC-004,Gulf Energy,GB89GWUW86379402654235,2026-05-22,68129,2
PAY-99080,INV-80519,OMC-002,Vivo Energy,GB45OQIR01845146270482,2025-03-10,240990,1
PAY-14141,INV-63919,OMC-008,National Oil,GB08NAFX56342160733754,2026-01-15,180319,1
PAY-34796,INV-89155,OMC-009,Dalbit Petroleum,GB53VXXX35615951484656,2026-07-27," KES 259,113 ",1
PAY-73997,INV-88450,OMC-003,Rubis Energy,GB04LOQO13315098393010,2025-06-25,39306,1
PAY-48749,INV-26372,OMC-018,Uganda National Oil,GB36RNCH17127484677378,2025-12-27,62902,1
PAY-10363,INV-44254,OMC-017,KAA Aviation,GB54HVSS04902787429671,2025-03-19,107706,1
PAY-17641,INV-74728,OMC-011,Hass Petroleum,GB56WGCN65876036690967,2026-04-22,102949,1
PAY-61145,INV-50656,OMC-019,Tanzania Petroleum,GB59MHYN05766270289517,2025-08-06,31777,1
PAY-90049,INV-33639,OMC-002,Vivo Energy,GB45OQIR01845146270482,2025-12-12,78360,1
PAY-77067,INV-40387,OMC-014,Texol Energies,GB06ONXS45314737996507,2026-08-15,16379,2
PAY-89296,INV-65694,OMC-019,Tanzania Petroleum,GB59MHYN05766270289517,2025-09-24,55659,1
PAY-58658,INV-82251,OMC-015,Mombasa Petroleum,GB80WOIJ43135182337498,2026-03-02,42720,1
PAY-36329,INV-46460,OMC-009,Dalbit Petroleum,GB53VXXX35615951484656,2025-09-21,13520,2
PAY-37530,INV-42420,OMC-011,Hass Petroleum,GB56WGCN65876036690967,2025-03-17,92577,1
PAY-90454,INV-20453,OMC-015,Mombasa Petroleum,GB80WOIJ43135182337498,2025-10-06,64530,1
PAY-68189,INV-21460,OMC-005,PetroOil Kenya,GB89GWUW86379402654235,2026-06-20,153409,1
PAY-38408,INV-68736,OMC-004,Gulf Energy,GB89GWUW86379402654235,2026-06-06,47140,2
PAY-20097,INV-81392,OMC-018,Uganda National Oil,GB36RNCH17127484677378,2026-06-05,47675,1
PAY-88075,INV-45673,OMC-004,Gulf Energy,GB89GWUW86379402654235,2026-06-24,123720,1
PAY-32978,INV-44835,OMC-008,National Oil,GB08NAFX56342160733754,2025-11-18,86273,1
PAY-80659,INV-42973,OMC-013,Lake Oil,GB88TEHE71937452991241,08/09/2025,168313,1
PAY-75413,INV-34779,OMC-010,Tamoil,GB34EABH79176936763201,2026-03-25,234049,1
PAY-62400,INV-99628,OMC-018,Uganda National Oil,GB36RNCH17127484677378,2025-09-16,24016,1
PAY-20363,INV-93313,OMC-013,Lake Oil,GB88TEHE71937452991241,2026-03-29,34186,1
PAY-38597,INV-49590,OMC-003,Rubis Energy,GB04LOQO13315098393010,2026-05-21,9055,2
PAY-55682,INV-31820,OMC-011,Hass Petroleum,GB56WGCN65876036690967,2025-07-17,53362,1
PAY-38392,INV-35443,OMC-020,Ethiopian Oil,GB14NSVZ22219693792374,2026-01-22,141215,1
PAY-16206,INV-21358,OMC-009,Dalbit Petroleum,GB53VXXX35615951484656,2026-08-20,7228,2
PAY-53773,INV-11727,OMC-013,Lake Oil,GB88TEHE71937452991241,2026-06-20,58736,1
PAY-34035,INV-59121,OMC-012,Galana Energies,GB89GWUW86379402654235,2026-07-05,137799,2
PAY-53963,INV-22087,OMC-015,Mombasa Petroleum,GB80WOIJ43135182337498,2026-02-18,119191,1
PAY-28049,INV-27971,OMC-016,KPA Marine,GB31MOOJ96499091334123,,173291,1
PAY-70861,INV-74790,OMC-018,Uganda National Oil,GB36RNCH17127484677378,2025-03-23,54140,1
PAY-89680,INV-24488,OMC-006,Hashi Energy,GB05QCFC91361939909169,2026-07-26,125699,1
PAY-10641,INV-35510,OMC-016,KPA Marine,GB31MOOJ96499091334123,2025-07-29,260943,1
PAY-22226,INV-53972,OMC-015,Mombasa Petroleum,GB80WOIJ43135182337498,2025-03-24,51483,1
PAY-23043,INV-66568,OMC-017,KAA Aviation,GB54HVSS04902787429671,2025-04-25,34244,1
PAY-59033,INV-76995,OMC-009,Dalbit Petroleum,GB53VXXX35615951484656,,207610,1
PAY-10455,INV-44822,OMC-002,Vivo Energy,GB45OQIR01845146270482,2026-07-20,171440,1
PAY-39861,INV-10194,OMC-001,TotalEnergies Kenya,GB06DMIO52553419283276,2026-07-06,32421,1
PAY-34345,INV-19419,OMC-015,Mombasa Petroleum,GB80WOIJ43135182337498,2025-04-15,174559,1
PAY-20946,INV-26212,OMC-020,Ethiopian Oil,GB14NSVZ22219693792374,27/06/2025,52167,1
PAY-60359,INV-31885,OMC-005,PetroOil Kenya,GB89GWUW86379402654235,2026-06-16," KES 11,799 ",2
PAY-65114,INV-38890,OMC-007,Kobil,GB37IDDX82449353487401,2026-02-18,275927,1
PAY-16207,INV-27386,OMC-003,Rubis Energy,GB04LOQO13315098393010,2026-04-22," KES 175,640 ",1
PAY-38035,INV-31064,OMC-009,Dalbit Petroleum,GB53VXXX35615951484656,2026-05-19,36870,1
PAY-13496,INV-75426,OMC-003,Rubis Energy,GB04LOQO13315098393010,2026-06-10,11516,2
PAY-93508,INV-29904,OMC-006,Hashi Energy,GB05QCFC91361939909169,2025-12-03,107429,1
PAY-26224,INV-87912,OMC-005,PetroOil Kenya,GB89GWUW86379402654235,2026-03-30,24256,1
PAY-28530,INV-10533,OMC-016,KPA Marine,GB31MOOJ96499091334123,05/09/2025,13194,2
PAY-52005,INV-10071,OMC-013,Lake Oil,GB88TEHE71937452991241,2026-02-06,127653,1
PAY-72175,INV-58650,OMC-018,Uganda National Oil,GB36RNCH17127484677378,2025-09-05," KES 58,459 ",1
PAY-69309,INV-65642,OMC-019,Tanzania Petroleum,GB59MHYN05766270289517,2025-09-28,26416,1
PAY-12528,INV-27615,OMC-015,Mombasa Petroleum,GB80WOIJ43135182337498,07/11/2025,210852,1
PAY-20710,INV-36773,OMC-010,Tamoil,GB34EABH79176936763201,2026-05-08,38436,1
PAY-57923,INV-58808,OMC-017,KAA Aviation,GB54HVSS04902787429671,2025-07-05,159710,1
PAY-60589,INV-54956,OMC-007,Kobil,GB37IDDX82449353487401,2026-06-20,293456,1
PAY-19646,INV-48980,OMC-011,Hass Petroleum,GB56WGCN65876036690967,2026-03-11,49126,1
PAY-48830,INV-92783,OMC-005,PetroOil Kenya,GB89GWUW86379402654235,2026-04-17,173906,1
PAY-49448,INV-80778,OMC-017,KAA Aviation,GB54HVSS04902787429671,2025-11-24,213621,1
PAY-76329,INV-41860,OMC-011,Hass Petroleum,GB56WGCN65876036690967,2026-04-26,39437,2
PAY-64771,INV-59414,OMC-020,Ethiopian Oil,GB14NSVZ22219693792374,2025-11-17,285615,1
PAY-85570,INV-71010,OMC-008,National Oil,GB08NAFX56342160733754,2025-02-10,217720,1
PAY-48844,INV-47828,OMC-007,Kobil,GB37IDDX82449353487401,2025-10-16,160926,1
PAY-63635,INV-86684,OMC-012,Galana Energies,GB89GWUW86379402654235,2026-06-04,92795,1
PAY-69118,INV-42972,OMC-016,KPA Marine,GB31MOOJ96499091334123,2025-03-11,123989,1
PAY-53538,INV-40790,OMC-001,TotalEnergies Kenya,GB06DMIO52553419283276,14/02/2026,48239,1
PAY-21238,INV-79736,OMC-006,Hashi Energy,GB05QCFC91361939909169,2025-03-11,128871,1
PAY-47911,INV-72239,OMC-018,Uganda National Oil,GB36RNCH17127484677378,2025-09-01,34441,1
PAY-53163,INV-97301,OMC-002,Vivo Energy,GB45OQIR01845146270482,23/04/2026,211630,1
PAY-40025,INV-22864,OMC-013,Lake Oil,GB88TEHE71937452991241,2025-03-07,34575,1
PAY-58427,INV-25918,OMC-010,Tamoil,GB34EABH79176936763201,2026-05-25,159315,1
PAY-51479,INV-27795,OMC-002,Vivo Energy,GB45OQIR01845146270482,2025-07-15,24104,1
PAY-60904,INV-66513,OMC-007,Kobil,GB37IDDX82449353487401,2025-10-19,244919,1
PAY-99731,INV-17077,OMC-002,Vivo Energy,GB45OQIR01845146270482,2025-09-06,42753,1
PAY-68794,INV-24346,OMC-019,Tanzania Petroleum,GB59MHYN05766270289517,2025-08-12,138488,1
PAY-88576,INV-48696,OMC-008,National Oil,GB08NAFX56342160733754,2025-08-22,239634,1
PAY-24319,INV-90784,OMC-014,Texol Energies,GB06ONXS45314737996507,2025-06-15,39909,1
PAY-43544,INV-11692,OMC-018,Uganda National Oil,GB36RNCH17127484677378,,212324,1
PAY-90550,INV-11106,OMC-010,Tamoil,GB34EABH79176936763201,2026-06-12," KES 129,553 ",1
PAY-89943,INV-56805,OMC-019,Tanzania Petroleum,GB59MHYN05766270289517,2025-10-19,157912,1
PAY-55358,INV-54532,OMC-014,Texol Energies,GB06ONXS45314737996507,2026-02-20,191149,1
PAY-91651,INV-35153,OMC-005,PetroOil Kenya,GB89GWUW86379402654235,2026-06-05," KES 46,270 ",1
PAY-87985,INV-83723,OMC-018,Uganda National Oil,GB36RNCH17127484677378,,149974,1
PAY-31158,INV-47164,OMC-006,Hashi Energy,GB05QCFC91361939909169,2026-04-12,126362,1
PAY-42611,INV-15408,OMC-013,Lake Oil,GB88TEHE71937452991241,2025-08-11,87052,1
PAY-75868,INV-57153,OMC-006,Hashi Energy,GB05QCFC91361939909169,2026-04-10,299702,1
PAY-33513,INV-80653,OMC-015,Mombasa Petroleum,GB80WOIJ43135182337498,2025-09-25,41578,1
PAY-58697,INV-40897,OMC-013,Lake Oil,GB88TEHE71937452991241,2025-07-13,56206,1
PAY-78157,INV-80868,OMC-014,Texol Energies,GB06ONXS45314737996507,2025-08-07,48972,1
PAY-58606,INV-25568,OMC-018,Uganda National Oil,GB36RNCH17127484677378,2025-06-17,269090,1
PAY-35358,INV-43916,OMC-017,KAA Aviation,GB54HVSS04902787429671,2025-11-03,57949,1
PAY-58484,INV-15251,OMC-016,KPA Marine,GB31MOOJ96499091334123,2025-03-10,44298,1
PAY-58828,INV-49564,OMC-001,TotalEnergies Kenya,GB06DMIO52553419283276,2025-06-16,20673,1
PAY-13762,INV-17669,OMC-006,Hashi Energy,GB05QCFC91361939909169,2025-08-02,163475,1
PAY-73537,INV-51180,OMC-008,National Oil,GB08NAFX56342160733754,2025-07-14,31138,1
PAY-52417,INV-62490,OMC-014,Texol Energies,GB06ONXS45314737996507,2025-07-03,145688,1
PAY-20863,INV-89183,OMC-010,Tamoil,GB34EABH79176936763201,2025-02-07,241839,1
PAY-65970,INV-26567,OMC-001,TotalEnergies Kenya,GB06DMIO52553419283276,2025-03-06,165236,1
PAY-13580,INV-84661,OMC-009,Dalbit Petroleum,GB53VXXX35615951484656,2026-07-13,165669,1
PAY-85701,INV-16931,OMC-005,PetroOil Kenya,GB89GWUW86379402654235,2026-05-26,23795,2
PAY-38002,INV-93124,OMC-004,Gulf Energy,GB89GWUW86379402654235,2026-04-10,37052,1
PAY-56755,INV-83879,OMC-018,Uganda National Oil,GB36RNCH17127484677378,2025-08-03,68629,2
PAY-75085,INV-71432,OMC-009,Dalbit Petroleum,GB53VXXX35615951484656,2025-10-01,240448,1
PAY-56107,INV-94956,OMC-017,KAA Aviation,GB54HVSS04902787429671,2026-05-08,30644,1
PAY-29659,INV-10001,OMC-009,Dalbit Petroleum,GB53VXXX35615951484656,2026-05-24,90373,1
PAY-28430,INV-47370,OMC-003,Rubis Energy,GB04LOQO13315098393010,2025-09-01,42830,1
PAY-42788,INV-70156,OMC-006,Hashi Energy,GB05QCFC91361939909169,14/03/2025,46002,1
PAY-13022,INV-57394,OMC-017,KAA Aviation,GB54HVSS04902787429671,2025-07-31,36978,1
PAY-66639,INV-46689,OMC-002,Vivo Energy,GB45OQIR01845146270482,2026-07-08,163020,1
PAY-27186,INV-93455,OMC-004,Gulf Energy,GB89GWUW86379402654235,2026-05-25,108756,1
PAY-82607,INV-89569,OMC-015,Mombasa Petroleum,GB80WOIJ43135182337498,2025-08-02,179195,1
PAY-74901,INV-92122,OMC-007,Kobil,GB37IDDX82449353487401,2025-05-31,33177,1
PAY-17851,INV-55875,OMC-011,Hass Petroleum,GB56WGCN65876036690967,2026-02-09,20076,1
PAY-98729,INV-86408,OMC-011,Hass Petroleum,GB56WGCN65876036690967,2025-03-02,166351,1
PAY-87914,INV-57470,OMC-017,KAA Aviation,GB54HVSS04902787429671,2026-04-07,155334,1
PAY-20221,INV-29879,OMC-007,Kobil,GB37IDDX82449353487401,2025-05-12,98571,1
PAY-10738,INV-69111,OMC-019,Tanzania Petroleum,GB59MHYN05766270289517,2026-03-25,35378,1
PAY-32058,INV-73620,OMC-006,Hashi Energy,GB05QCFC91361939909169,2025-08-10,37970,1
PAY-27306,INV-64796,OMC-001,TotalEnergies Kenya,GB06DMIO52553419283276,2025-02-20,28407,1
PAY-88805,INV-43653,OMC-018,Uganda National Oil,GB36RNCH17127484677378,2025-10-18,72640,1
PAY-33015,INV-55839,OMC-005,PetroOil Kenya,GB89GWUW86379402654235,2026-06-07,15990,2
PAY-32068,INV-39470,OMC-014,Texol Energies,GB06ONXS45314737996507,2025-02-11,118998,1
PAY-10240,INV-76222,OMC-012,Galana Energies,GB89GWUW86379402654235,2026-06-28,119353,1
PAY-18394,INV-71260,OMC-017,KAA Aviation,GB54HVSS04902787429671,2026-07-11,101570,1
PAY-53307,INV-44385,OMC-005,PetroOil Kenya,GB89GWUW86379402654235,2026-05-23,24299,2
PAY-82926,INV-86945,OMC-001,TotalEnergies Kenya,GB06DMIO52553419283276,2025-11-06,105240,1
PAY-53750,INV-32400,OMC-008,National Oil,GB08NAFX56342160733754,2025-09-24,179457,1
PAY-15047,INV-61448,OMC-016,KPA Marine,GB31MOOJ96499091334123,29/07/2025,160050,1
PAY-12615,INV-11069,OMC-020,Ethiopian Oil,GB14NSVZ22219693792374,2025-06-07,76971,1
PAY-93693,INV-59363,OMC-006,Hashi Energy,GB05QCFC91361939909169,22/07/2025,176980,1
PAY-94800,INV-18028,OMC-008,National Oil,GB08NAFX56342160733754,2025-11-08,191618,1
PAY-41533,INV-82892,OMC-019,Tanzania Petroleum,GB59MHYN05766270289517,2026-04-05,44994,2
PAY-19103,INV-80394,OMC-017,KAA Aviation,GB54HVSS04902787429671,2026-07-11,212966,1
PAY-57980,INV-63754,OMC-002,Vivo Energy,GB45OQIR01845146270482,2025-11-28,137403,1
PAY-25722,INV-48179,OMC-010,Tamoil,GB34EABH79176936763201,2026-04-10,214751,1
PAY-43520,INV-32916,OMC-012,Galana Energies,GB89GWUW86379402654235,2026-03-06,52478,1
PAY-14483,INV-11215,OMC-001,TotalEnergies Kenya,GB06DMIO52553419283276,2026-04-10,114255,2
PAY-91249,INV-50456,OMC-001,TotalEnergies Kenya,GB06DMIO52553419283276,2025-11-05,204644,1
PAY-70909,INV-37395,OMC-020,Ethiopian Oil,GB14NSVZ22219693792374,2026-06-20,214262,1
PAY-14584,INV-87793,OMC-019,Tanzania Petroleum,GB59MHYN05766270289517,2025-05-13,14188,2
PAY-79393,INV-19207,OMC-001,TotalEnergies Kenya,GB06DMIO52553419283276,2025-08-12,121171,1
PAY-82828,INV-91845,OMC-011,Hass Petroleum,GB56WGCN65876036690967,29/01/2026,231331,1
PAY-20110,INV-73041,OMC-012,Galana Energies,GB89GWUW86379402654235,2026-05-03,41247,1
PAY-52048,INV-47708,OMC-016,KPA Marine,GB31MOOJ96499091334123,2025-03-04,145039,1
PAY-10731,INV-41774,OMC-016,KPA Marine,GB31MOOJ96499091334123,2025-09-25,77378,1
PAY-13336,INV-44679,OMC-011,Hass Petroleum,GB56WGCN65876036690967,2026-05-04,30966,1
PAY-26188,INV-96256,OMC-012,Galana Energies,GB89GWUW86379402654235,2026-04-12,17199,1
PAY-52006,INV-92398,OMC-007,Kobil,GB37IDDX82449353487401,2026-03-10,142975,1
PAY-78367,INV-66899,OMC-013,Lake Oil,GB88TEHE71937452991241,2025-06-17,134451,1
PAY-13443,INV-36901,OMC-006,Hashi Energy,GB05QCFC91361939909169,2025-08-08,61682,1
PAY-28215,INV-46706,OMC-009,Dalbit Petroleum,GB53VXXX35615951484656,2025-05-13,25681,2
PAY-85946,INV-14991,OMC-004,Gulf Energy,GB89GWUW86379402654235,2026-04-20," KES 46,958 ",1
PAY-80309,INV-87385,OMC-003,Rubis Energy,GB04LOQO13315098393010,2025-02-01,171423,1
PAY-52876,INV-24672,OMC-001,TotalEnergies Kenya,GB06DMIO52553419283276,2026-06-08," KES 108,115 ",2
PAY-78075,INV-41236,OMC-014,Texol Energies,GB06ONXS45314737996507,2026-02-07,25676,2
PAY-85057,INV-25292,OMC-018,Uganda National Oil,GB36RNCH17127484677378,2025-07-09,137036,1
PAY-55254,INV-65745,OMC-010,Tamoil,GB34EABH79176936763201,2025-02-23,34962,1
PAY-33351,INV-89438,OMC-001,TotalEnergies Kenya,GB06DMIO52553419283276,10/04/2026," KES 193,145 ",1
PAY-69762,INV-48870,OMC-005,PetroOil Kenya,GB89GWUW86379402654235,2026-03-31,103802,1
PAY-66294,INV-52711,OMC-014,Texol Energies,GB06ONXS45314737996507,2026-02-05,122259,1
PAY-85225,INV-11349,OMC-003,Rubis Energy,GB04LOQO13315098393010,2026-04-18,237505,1
PAY-61718,INV-19272,OMC-014,Texol Energies,GB06ONXS45314737996507,2025-04-18,238874,1
PAY-94896,INV-51374,OMC-018,Uganda National Oil,GB36RNCH17127484677378,2026-01-20,49484,1
PAY-90805,INV-37603,OMC-006,Hashi Energy,GB05QCFC91361939909169,2026-06-29,57641,1
PAY-97893,INV-62634,OMC-004,Gulf Energy,GB89GWUW86379402654235,2026-04-19,24825,2
PAY-67463,INV-67590,OMC-005,PetroOil Kenya,GB89GWUW86379402654235,,27398,1
PAY-27879,INV-21483,OMC-015,Mombasa Petroleum,GB80WOIJ43135182337498,,217163,1
PAY-48178,INV-80454,OMC-002,Vivo Energy,GB45OQIR01845146270482,18/08/2025,47829,1
PAY-87689,INV-79098,OMC-004,Gulf Energy,GB89GWUW86379402654235,,29672,1
PAY-50549,INV-19975,OMC-017,KAA Aviation,GB54HVSS04902787429671,31/01/2026,200198,1
PAY-20899,INV-14338,OMC-009,Dalbit Petroleum,GB53VXXX35615951484656,17/03/2026,78016,1
PAY-15565,INV-69414,OMC-010,Tamoil,GB34EABH79176936763201,2025-09-04,126515,1
PAY-66231,INV-16683,OMC-010,Tamoil,GB34EABH79176936763201,2025-04-25,155788,1
PAY-75836,INV-92839,OMC-001,TotalEnergies Kenya,GB06DMIO52553419283276,2026-06-07,209024,1
PAY-87294,INV-48879,OMC-019,Tanzania Petroleum,GB59MHYN05766270289517,30/03/2026,43088,1
PAY-49831,INV-33721,OMC-003,Rubis Energy,GB04LOQO13315098393010,2025-06-04,209531,1
PAY-21895,INV-47993,OMC-010,Tamoil,GB34EABH79176936763201,2025-04-25,18653,1
PAY-17129,INV-81513,OMC-009,Dalbit Petroleum,GB53VXXX35615951484656,2026-07-04,32946,1
PAY-37122,INV-91043,OMC-011,Hass Petroleum,GB56WGCN65876036690967,2025-12-28,125995,1
PAY-35800,INV-40804,OMC-018,Uganda National Oil,GB36RNCH17127484677378,2025-11-29,251945,1
PAY-13854,INV-50009,OMC-001,TotalEnergies Kenya,GB06DMIO52553419283276,2025-09-19,25649,1
PAY-52634,INV-61804,OMC-010,Tamoil,GB34EABH79176936763201,2025-07-21,163670,1
PAY-52914,INV-85961,OMC-016,KPA Marine,GB31MOOJ96499091334123,2025-12-18," KES 65,962 ",2
PAY-58365,INV-10766,OMC-013,Lake Oil,GB88TEHE71937452991241,03/12/2025," KES 164,206 ",1
PAY-45086,INV-37953,OMC-003,Rubis Energy,GB04LOQO13315098393010,2026-04-24,43744,1
PAY-27798,INV-91923,OMC-018,Uganda National Oil,GB36RNCH17127484677378,2026-03-03,273891,1
PAY-50367,INV-41628,OMC-013,Lake Oil,GB88TEHE71937452991241,2026-06-03,147046,1
PAY-88272,INV-26969,OMC-016,KPA Marine,GB31MOOJ96499091334123,2026-01-25,9723,2
PAY-63551,INV-71858,OMC-002,Vivo Energy,GB45OQIR01845146270482,2026-03-07,170441,1
PAY-57351,INV-78120,OMC-016,KPA Marine,GB31MOOJ96499091334123,2026-06-04,23662,1
PAY-12001,INV-82329,OMC-015,Mombasa Petroleum,GB80WOIJ43135182337498,2025-05-15,138709,1
PAY-40578,INV-61988,OMC-020,Ethiopian Oil,GB14NSVZ22219693792374,2026-07-08,291395,1
PAY-88406,INV-74201,OMC-018,Uganda National Oil,GB36RNCH17127484677378,2025-09-19,94397,1
PAY-30746,INV-30653,OMC-008,National Oil,GB08NAFX56342160733754,2025-10-22,40033,1
PAY-85059,INV-11265,OMC-018,Uganda National Oil,GB36RNCH17127484677378,2025-12-04,30852,1
PAY-12553,INV-44122,OMC-017,KAA Aviation,GB54HVSS04902787429671,2025-06-05,164071,1
PAY-48565,INV-13819,OMC-008,National Oil,GB08NAFX56342160733754,2026-03-29,60724,1
PAY-37579,INV-35583,OMC-014,Texol Energies,GB06ONXS45314737996507,2025-09-01,89850,1
PAY-69154,INV-29455,OMC-014,Texol Energies,GB06ONXS45314737996507,2025-03-28,23196,1
PAY-54044,INV-23696,OMC-018,Uganda National Oil,GB36RNCH17127484677378,2025-08-05,237891,1
PAY-88057,INV-10708,OMC-005,PetroOil Kenya,GB89GWUW86379402654235,2026-06-17,74658,2
PAY-68260,INV-44703,OMC-017,KAA Aviation,GB54HVSS04902787429671,,45415,1
PAY-83492,INV-48646,OMC-003,Rubis Energy,GB04LOQO13315098393010,2025-06-11,202003,1
PAY-40345,INV-14347,OMC-002,Vivo Energy,GB45OQIR01845146270482,2026-08-15,54494,1
PAY-71672,INV-11648,OMC-013,Lake Oil,GB88TEHE71937452991241,2026-02-22,31235,1
PAY-96916,INV-69707,OMC-004,Gulf Energy,GB89GWUW86379402654235,2026-05-18,50716,2
PAY-64341,INV-88711,OMC-003,Rubis Energy,GB04LOQO13315098393010,2025-11-17,272466,1
PAY-42839,INV-60419,OMC-006,Hashi Energy,GB05QCFC91361939909169,2026-03-11,99491,1
PAY-85120,INV-28053,OMC-014,Texol Energies,GB06ONXS45314737996507,2025-03-26,25971,1
PAY-80967,INV-85617,OMC-016,KPA Marine,GB31MOOJ96499091334123,2025-07-14,121420,1
PAY-55393,INV-73853,OMC-019,Tanzania Petroleum,GB59MHYN05766270289517,2026-05-15,306940,1
PAY-21018,INV-55923,OMC-017,KAA Aviation,GB54HVSS04902787429671,2026-06-28,285426,1
PAY-85999,INV-35189,OMC-009,Dalbit Petroleum,GB53VXXX35615951484656,2025-04-22,82044,1
PAY-22170,INV-21987,OMC-011,Hass Petroleum,GB56WGCN65876036690967,2025-02-19,22665,1
PAY-73690,INV-12863,OMC-008,National Oil,GB08NAFX56342160733754,2025-06-08,47719,1
PAY-36065,INV-30116,OMC-002,Vivo Energy,GB45OQIR01845146270482,2025-09-08,133288,1
PAY-88947,INV-95196,OMC-001,TotalEnergies Kenya,GB06DMIO52553419283276,2025-07-03,145006,1
PAY-86560,INV-98584,OMC-004,Gulf Energy,GB89GWUW86379402654235,2026-04-11,17792,2
PAY-98880,INV-24503,OMC-001,TotalEnergies Kenya,GB06DMIO52553419283276,2026-07-09," KES 61,477 ",1
PAY-90843,INV-71105,OMC-012,Galana Energies,GB89GWUW86379402654235,2026-05-05,230211,1
PAY-75118,INV-26850,OMC-001,TotalEnergies Kenya,GB06DMIO52553419283276,2026-04-01,54776,2
PAY-82146,INV-44644,OMC-011,Hass Petroleum,GB56WGCN65876036690967,17/02/2026,139647,1
PAY-64040,INV-21924,OMC-005,PetroOil Kenya,GB89GWUW86379402654235,2026-05-20,33901,1
PAY-11725,INV-56304,OMC-014,Texol Energies,GB06ONXS45314737996507,2025-03-08,55251,1
PAY-86016,INV-60476,OMC-009,Dalbit Petroleum,GB53VXXX35615951484656,2025-09-30,104985,1
PAY-27183,INV-90085,OMC-009,Dalbit Petroleum,GB53VXXX35615951484656,2026-06-13,50993,1
PAY-92138,INV-52893,OMC-001,TotalEnergies Kenya,GB06DMIO52553419283276,2025-03-25,210483,1
PAY-60768,INV-15595,OMC-005,PetroOil Kenya,GB89GWUW86379402654235,2026-05-20,210799,1
PAY-66639,INV-45189,OMC-017,KAA Aviation,GB54HVSS04902787429671,2026-04-05,45160,1
PAY-18098,INV-93692,OMC-004,Gulf Energy,GB89GWUW86379402654235,2026-03-30,15444,2
PAY-76554,INV-99482,OMC-017,KAA Aviation,GB54HVSS04902787429671,,152994,1
PAY-24821,INV-73967,OMC-001,TotalEnergies Kenya,GB06DMIO52553419283276,2026-06-10,14018,2
PAY-93317,INV-51282,OMC-001,TotalEnergies Kenya,GB06DMIO52553419283276,2025-09-30,36279,1
PAY-27956,INV-23032,OMC-015,Mombasa Petroleum,GB80WOIJ43135182337498,2025-05-03,25586,1
PAY-93650,INV-93848,OMC-011,Hass Petroleum,GB56WGCN65876036690967,2025-08-29,146724,1
PAY-27528,INV-54632,OMC-008,National Oil,GB08NAFX56342160733754,2026-05-08,210823,1
PAY-16656,INV-73308,OMC-013,Lake Oil,GB88TEHE71937452991241,,252652,1
PAY-77129,INV-63399,OMC-012,Galana Energies,GB89GWUW86379402654235,2026-05-01,155816,1
PAY-19856,INV-56208,OMC-003,Rubis Energy,GB04LOQO13315098393010,2026-02-18,133074,1
PAY-23236,INV-78989,OMC-018,Uganda National Oil,GB36RNCH17127484677378,2026-06-14,27779,1
PAY-49483,INV-41390,OMC-012,Galana Energies,GB89GWUW86379402654235,2026-05-19,43859,2
PAY-24326,INV-17694,OMC-004,Gulf Energy,GB89GWUW86379402654235,2026-06-11,67720,2
PAY-98772,INV-94472,OMC-014,Texol Energies,GB06ONXS45314737996507,2026-05-07,50556,1
PAY-97255,INV-56235,OMC-015,Mombasa Petroleum,GB80WOIJ43135182337498,2026-02-23,203299,1
PAY-15770,INV-71009,OMC-007,Kobil,GB37IDDX82449353487401,2025-10-13,23710,1
PAY-93054,INV-29120,OMC-019,Tanzania Petroleum,GB59MHYN05766270289517,2026-01-15,85831,1
PAY-74804,INV-13131,OMC-004,Gulf Energy,GB89GWUW86379402654235,2026-05-25,37455,1
PAY-13926,INV-42388,OMC-013,Lake Oil,GB88TEHE71937452991241,2026-07-01,186027,1
PAY-67618,INV-90520,OMC-019,Tanzania Petroleum,GB59MHYN05766270289517,2025-06-01,98399,1
PAY-55595,INV-93473,OMC-014,Texol Energies,GB06ONXS45314737996507,2026-07-10,176724,1
PAY-90639,INV-46057,OMC-015,Mombasa Petroleum,GB80WOIJ43135182337498,2026-04-02,73393,1
PAY-52464,INV-68004,OMC-008,National Oil,GB08NAFX56342160733754,27/02/2026,20359,1
PAY-85250,INV-56810,OMC-014,Texol Energies,GB06ONXS45314737996507,2025-10-04,214464,1
PAY-70996,INV-80593,OMC-004,Gulf Energy,GB89GWUW86379402654235,2026-04-10,168563,1
PAY-94987,INV-10646,OMC-014,Texol Energies,GB06ONXS45314737996507,2025-10-09,24656,1
PAY-17399,INV-30495,OMC-004,Gulf Energy,GB89GWUW86379402654235,2026-06-07,9105,2
PAY-52284,INV-62738,OMC-015,Mombasa Petroleum,GB80WOIJ43135182337498,2026-03-23,183283,1
PAY-65458,INV-61509,OMC-020,Ethiopian Oil,GB14NSVZ22219693792374,2025-11-18,55114,1
PAY-26616,INV-33816,OMC-017,KAA Aviation,GB54HVSS04902787429671,13/03/2025,48702,1
PAY-42819,INV-25248,OMC-006,Hashi Energy,GB05QCFC91361939909169,2025-09-19,15355,1
PAY-87806,INV-15169,OMC-009,Dalbit Petroleum,GB53VXXX35615951484656,2025-04-19,27875,2
PAY-87898,INV-20672,OMC-006,Hashi Energy,GB05QCFC91361939909169,,197156,1
PAY-84567,INV-56564,OMC-003,Rubis Energy,GB04LOQO13315098393010,2026-01-25,42922,1
PAY-95172,INV-13178,OMC-009,Dalbit Petroleum,GB53VXXX35615951484656,2025-04-20,163942,1
PAY-54777,INV-53938,OMC-020,Ethiopian Oil,GB14NSVZ22219693792374,2026-03-24,182374,1
PAY-61932,INV-39269,OMC-009,Dalbit Petroleum,GB53VXXX35615951484656,2026-07-24,130893,1
PAY-37269,INV-80314,OMC-010,Tamoil,GB34EABH79176936763201,2025-04-06,147464,1
PAY-89807,INV-77796,OMC-004,Gulf Energy,GB89GWUW86379402654235,10/05/2026,25071,1
PAY-27407,INV-14017,OMC-003,Rubis Energy,GB04LOQO13315098393010,2025-10-28,36961,1
PAY-26746,INV-20428,OMC-011,Hass Petroleum,GB56WGCN65876036690967,2025-04-21,20892,1
PAY-52558,INV-69406,OMC-016,KPA Marine,GB31MOOJ96499091334123,2026-07-10,12440,2
PAY-95128,INV-32509,OMC-003,Rubis Energy,GB04LOQO13315098393010,2026-05-05,40733,1
PAY-91350,INV-62030,OMC-016,KPA Marine,GB31MOOJ96499091334123,2026-05-19," KES 46,700 ",2
PAY-25737,INV-79739,OMC-020,Ethiopian Oil,GB14NSVZ22219693792374,2025-07-08,118889,1
PAY-44726,INV-81893,OMC-017,KAA Aviation,GB54HVSS04902787429671,2025-03-17,288116,1
PAY-29968,INV-63100,OMC-016,KPA Marine,GB31MOOJ96499091334123,2026-04-24,167663,1
PAY-84389,INV-27000,OMC-010,Tamoil,GB34EABH79176936763201,2026-03-25,305513,1
PAY-10554,INV-90469,OMC-015,Mombasa Petroleum,GB80WOIJ43135182337498,2025-03-30,94318,1
PAY-82171,INV-95582,OMC-017,KAA Aviation,GB54HVSS04902787429671,2026-04-08,64959,1
PAY-69000,INV-83067,OMC-017,KAA Aviation,GB54HVSS04902787429671,2026-06-28,155839,1
PAY-69737,INV-91995,OMC-018,Uganda National Oil,GB36RNCH17127484677378,2026-05-11,234222,1
PAY-72992,INV-38673,OMC-020,Ethiopian Oil,GB14NSVZ22219693792374,2026-01-26,57834,1
PAY-77830,INV-36662,OMC-001,TotalEnergies Kenya,GB06DMIO52553419283276,2026-05-15,49145,1
PAY-58180,INV-65387,OMC-009,Dalbit Petroleum,GB53VXXX35615951484656,2026-07-21,125173,1
PAY-74544,INV-79848,OMC-015,Mombasa Petroleum,GB80WOIJ43135182337498,2026-03-09,174732,1
PAY-30485,INV-83029,OMC-001,TotalEnergies Kenya,GB06DMIO52553419283276,12/08/2025,28001,1
PAY-11606,INV-69458,OMC-009,Dalbit Petroleum,GB53VXXX35615951484656,2025-04-30,221707,1
PAY-43703,INV-32424,OMC-016,KPA Marine,GB31MOOJ96499091334123,2025-11-27,37233,1
PAY-92708,INV-40693,OMC-015,Mombasa Petroleum,GB80WOIJ43135182337498,2025-04-03,226363,1
PAY-84456,INV-14148,OMC-009,Dalbit Petroleum,GB53VXXX35615951484656,2025-02-23,23504,1
PAY-77226,INV-54396,OMC-008,National Oil,GB08NAFX56342160733754,2025-11-02,56792,1
PAY-72630,INV-50600,OMC-012,Galana Energies,GB89GWUW86379402654235,2026-05-17," KES 121,082 ",2
PAY-98385,INV-28160,OMC-020,Ethiopian Oil,GB14NSVZ22219693792374,2026-05-11,188790,1
PAY-91479,INV-24809,OMC-019,Tanzania Petroleum,GB59MHYN05766270289517,2025-10-06,278437,1
PAY-62812,INV-97519,OMC-004,Gulf Energy,GB89GWUW86379402654235,2026-05-08,67121,2
PAY-39149,INV-50801,OMC-019,Tanzania Petroleum,GB59MHYN05766270289517,2025-12-30,55866,1
PAY-11877,INV-78719,OMC-020,Ethiopian Oil,GB14NSVZ22219693792374,2025-12-09,117161,1
PAY-27114,INV-78727,OMC-002,Vivo Energy,GB45OQIR01845146270482,2025-04-20,116262,1
PAY-15053,INV-85114,OMC-004,Gulf Energy,GB89GWUW86379402654235,2026-05-20,49278,1
PAY-96404,INV-83574,OMC-013,Lake Oil,GB88TEHE71937452991241,2026-03-04,265112,1
PAY-83082,INV-58058,OMC-003,Rubis Energy,GB04LOQO13315098393010,2026-06-19,134458,1
PAY-45500,INV-81104,OMC-002,Vivo Energy,GB45OQIR01845146270482,2025-12-01,151231,1
PAY-60466,INV-27544,OMC-002,Vivo Energy,GB45OQIR01845146270482,2025-03-08,42868,1
PAY-81361,INV-33018,OMC-003,Rubis Energy,GB04LOQO13315098393010,2025-09-02,95957,1
PAY-57330,INV-19025,OMC-006,Hashi Energy,GB05QCFC91361939909169,2025-06-27," KES 53,734 ",1
PAY-16646,INV-51548,OMC-006,Hashi Energy,GB05QCFC91361939909169,2025-10-05,189146,1
PAY-96284,INV-47115,OMC-007,Kobil,GB37IDDX82449353487401,2026-05-17,266402,1
PAY-54591,INV-91636,OMC-016,KPA Marine,GB31MOOJ96499091334123,2026-06-01," KES 126,713 ",1
PAY-33340,INV-12951,OMC-006,Hashi Energy,GB05QCFC91361939909169,2026-03-13,63102,1
PAY-81691,INV-78179,OMC-012,Galana Energies,GB89GWUW86379402654235,2026-03-19,48057,1
PAY-82503,INV-99587,OMC-006,Hashi Energy,GB05QCFC91361939909169,2026-03-19,54043,1
PAY-35973,INV-10603,OMC-008,National Oil,GB08NAFX56342160733754,2025-12-02,209309,1
PAY-13490,INV-22772,OMC-014,Texol Energies,GB06ONXS45314737996507,2026-06-07,223915,1
PAY-99000,INV-92569,OMC-002,Vivo Energy,GB45OQIR01845146270482,2026-07-12,80099,2
PAY-54865,INV-34891,OMC-017,KAA Aviation,GB54HVSS04902787429671,2026-07-12,26045,1
PAY-27785,INV-52726,OMC-016,KPA Marine,GB31MOOJ96499091334123,2025-05-21,31638,1
PAY-73992,INV-93059,OMC-006,Hashi Energy,GB05QCFC91361939909169,2025-11-18,33024,1
PAY-22133,INV-65237,OMC-002,Vivo Energy,GB45OQIR01845146270482,2025-07-10,170780,1
PAY-59829,INV-48186,OMC-013,Lake Oil,GB88TEHE71937452991241,2025-03-01,99251,1
PAY-62426,INV-52942,OMC-009,Dalbit Petroleum,GB53VXXX35615951484656,,177647,1
PAY-66535,INV-15483,OMC-014,Texol Energies,GB06ONXS45314737996507,2026-03-26,38174,1
PAY-49163,INV-83071,OMC-006,Hashi Energy,GB05QCFC91361939909169,2025-06-24,46745,1
PAY-99636,INV-18006,OMC-001,TotalEnergies Kenya,GB06DMIO52553419283276,2025-03-12,22930,1
PAY-52231,INV-34984,OMC-007,Kobil,GB37IDDX82449353487401,2025-06-25,195207,1
PAY-11248,INV-98642,OMC-016,KPA Marine,GB31MOOJ96499091334123,2026-04-07,122051,1
PAY-39457,INV-83217,OMC-020,Ethiopian Oil,GB14NSVZ22219693792374,2025-09-10,99079,1
PAY-20238,INV-53768,OMC-002,Vivo Energy,GB45OQIR01845146270482,2025-09-02,182376,1
PAY-55153,INV-12476,OMC-012,Galana Energies,GB89GWUW86379402654235,2026-06-17,155950,1
PAY-13513,INV-57834,OMC-003,Rubis Energy,GB04LOQO13315098393010,2025-04-29,43380,1
PAY-44206,INV-20453,OMC-013,Lake Oil,GB88TEHE71937452991241,2025-08-28,269917,1
PAY-89621,INV-82800,OMC-014,Texol Energies,GB06ONXS45314737996507,2025-05-19," KES 29,407 ",1
PAY-53139,INV-79212,OMC-007,Kobil,GB37IDDX82449353487401,2025-10-03,82377,1
PAY-87319,INV-13910,OMC-016,KPA Marine,GB31MOOJ96499091334123,2025-12-04,223200,1
PAY-60599,INV-41236,OMC-014,Texol Energies,GB06ONXS45314737996507,2026-01-22,95283,1
PAY-87198,INV-30950,OMC-001,TotalEnergies Kenya,GB06DMIO52553419283276,23/04/2026," KES 22,417 ",2
PAY-44480,INV-65833,OMC-010,Tamoil,GB34EABH79176936763201,29/05/2026,184508,1
PAY-88404,INV-62634,OMC-004,Gulf Energy,GB89GWUW86379402654235,2026-04-05,93082,1
PAY-52749,INV-25191,OMC-013,Lake Oil,GB88TEHE71937452991241,2026-02-10,25214,1
PAY-77100,INV-98816,OMC-013,Lake Oil,GB88TEHE71937452991241,22/03/2025,250594,1
PAY-27988,INV-90228,OMC-018,Uganda National Oil,GB36RNCH17127484677378,2025-11-18,125440,1
PAY-71118,INV-64099,OMC-001,TotalEnergies Kenya,GB06DMIO52553419283276,2025-12-17,49735,1
PAY-72223,INV-45236,OMC-020,Ethiopian Oil,GB14NSVZ22219693792374,05/11/2025,36444,2
PAY-15616,INV-67733,OMC-008,National Oil,GB08NAFX56342160733754,2026-06-12,232336,1
PAY-80848,INV-10390,OMC-019,Tanzania Petroleum,GB59MHYN05766270289517,2025-09-21,32862,1
PAY-59159,INV-97546,OMC-003,Rubis Energy,GB04LOQO13315098393010,2026-01-19,42783,1
PAY-18165,INV-24173,OMC-013,Lake Oil,GB88TEHE71937452991241,24/02/2026,283664,1
PAY-13385,INV-56145,OMC-011,Hass Petroleum,GB56WGCN65876036690967,2026-06-20,125173,1
PAY-69794,INV-68124,OMC-014,Texol Energies,GB06ONXS45314737996507,2025-12-08,108980,1
PAY-10137,INV-57268,OMC-019,Tanzania Petroleum,GB59MHYN05766270289517,2026-02-08,43403,1
PAY-67543,INV-32525,OMC-014,Texol Energies,GB06ONXS45314737996507,2025-10-05,42965,2
PAY-85673,INV-47880,OMC-003,Rubis Energy,GB04LOQO13315098393010,2026-02-28,82509,1
PAY-38131,INV-97171,OMC-004,Gulf Energy,GB89GWUW86379402654235,2026-05-11,157871,1
PAY-98719,INV-17231,OMC-006,Hashi Energy,GB05QCFC91361939909169,2026-07-01,221756,1
PAY-71778,INV-75128,OMC-008,National Oil,GB08NAFX56342160733754,2025-12-08,112339,1
PAY-69742,INV-98517,OMC-016,KPA Marine,GB31MOOJ96499091334123,2026-01-17,131577,2
PAY-11290,INV-58422,OMC-019,Tanzania Petroleum,GB59MHYN05766270289517,2025-06-19,151147,1
PAY-43965,INV-64877,OMC-009,Dalbit Petroleum,GB53VXXX35615951484656,2026-05-28,81875,2
PAY-96743,INV-95367,OMC-010,Tamoil,GB34EABH79176936763201,2025-04-28,46505,1
PAY-13213,INV-27361,OMC-016,KPA Marine,GB31MOOJ96499091334123,2026-04-12,119882,1
PAY-15497,INV-78095,OMC-019,Tanzania Petroleum,GB59MHYN05766270289517,2026-06-11,41489,1
PAY-64894,INV-27328,OMC-001,TotalEnergies Kenya,GB06DMIO52553419283276,2026-03-15,266169,1
PAY-23677,INV-32369,OMC-008,National Oil,GB08NAFX56342160733754,2025-08-20,43119,2
PAY-67893,INV-33408,OMC-015,Mombasa Petroleum,GB80WOIJ43135182337498,2026-01-04,241267,1
PAY-78943,INV-90342,OMC-014,Texol Energies,GB06ONXS45314737996507,25/04/2025,254364,1
PAY-88005,INV-24322,OMC-014,Texol Energies,GB06ONXS45314737996507,2025-03-31,17812,2
PAY-26763,INV-72014,OMC-010,Tamoil,GB34EABH79176936763201,2025-05-11,15071,1
PAY-91792,INV-50245,OMC-020,Ethiopian Oil,GB14NSVZ22219693792374,2026-07-21,126868,1
PAY-98948,INV-84755,OMC-001,TotalEnergies Kenya,GB06DMIO52553419283276,2026-07-04,34813,1
PAY-49744,INV-27101,OMC-019,Tanzania Petroleum,GB59MHYN05766270289517,2025-03-31,34095,1
PAY-43353,INV-50341,OMC-004,Gulf Energy,GB89GWUW86379402654235,06/03/2026,108777,1
PAY-99654,INV-55967,OMC-015,Mombasa Petroleum,GB80WOIJ43135182337498,2025-09-04,178321,1
PAY-91983,INV-81142,OMC-010,Tamoil,GB34EABH79176936763201,2025-07-12,190780,1
PAY-91543,INV-21428,OMC-015,Mombasa Petroleum,GB80WOIJ43135182337498,2025-10-01,150365,1
PAY-72529,INV-76103,OMC-009,Dalbit Petroleum,GB53VXXX35615951484656,2026-01-28,13697,2
PAY-79015,INV-76692,OMC-015,Mombasa Petroleum,GB80WOIJ43135182337498,2025-11-15,244092,1
PAY-48285,INV-47404,OMC-016,KPA Marine,GB31MOOJ96499091334123,2026-03-15,314908,1
PAY-55150,INV-96967,OMC-018,Uganda National Oil,GB36RNCH17127484677378,2025-02-17,38085,1
PAY-82955,INV-32787,OMC-008,National Oil,GB08NAFX56342160733754,2025-09-17,160309,1
PAY-62292,INV-67177,OMC-007,Kobil,GB37IDDX82449353487401,2026-07-09,63334,2
PAY-15466,INV-58244,OMC-002,Vivo Energy,GB45OQIR01845146270482,2025-09-18,80720,1
PAY-11600,INV-61738,OMC-004,Gulf Energy,GB89GWUW86379402654235,2026-05-06,171995,1
PAY-23918,INV-97115,OMC-001,TotalEnergies Kenya,GB06DMIO52553419283276,2026-03-08,45106,2
PAY-68868,INV-85021,OMC-012,Galana Energies,GB89GWUW86379402654235,2026-04-19,52855,2
PAY-31003,INV-29443,OMC-007,Kobil,GB37IDDX82449353487401,2025-06-17,190964,1
PAY-74520,INV-33693,OMC-005,PetroOil Kenya,GB89GWUW86379402654235,2026-05-09,101716,1
PAY-56794,INV-19117,OMC-002,Vivo Energy,GB45OQIR01845146270482,2025-07-17,198229,1
PAY-52437,INV-34625,OMC-010,Tamoil,GB34EABH79176936763201,2025-12-14,59155,1
PAY-85337,INV-97888,OMC-014,Texol Energies,GB06ONXS45314737996507,2026-01-10,239336,1
PAY-69498,INV-42012,OMC-016,KPA Marine,GB31MOOJ96499091334123,2026-01-15," KES 45,286 ",1
PAY-70159,INV-47869,OMC-009,Dalbit Petroleum,GB53VXXX35615951484656,2026-07-22,74000,1
PAY-69229,INV-40408,OMC-011,Hass Petroleum,GB56WGCN65876036690967,2025-08-24,174925,1
PAY-54065,INV-30088,OMC-003,Rubis Energy,GB04LOQO13315098393010,2026-04-08,37727,1
PAY-72424,INV-92387,OMC-009,Dalbit Petroleum,GB53VXXX35615951484656,11/06/2026,27117,1
PAY-25912,INV-94844,OMC-016,KPA Marine,GB31MOOJ96499091334123,2025-04-29,217001,1
PAY-48178,INV-80454,OMC-002,Vivo Energy,GB45OQIR01845146270482,2025-08-18,47829,1
PAY-92447,INV-25060,OMC-010,Tamoil,GB34EABH79176936763201,2025-10-18,32171,1
PAY-76194,INV-65713,OMC-009,Dalbit Petroleum,GB53VXXX35615951484656,2025-06-14,147158,1
PAY-44406,INV-92148,OMC-010,Tamoil,GB34EABH79176936763201,2025-10-04,183408,1
PAY-51561,INV-88756,OMC-015,Mombasa Petroleum,GB80WOIJ43135182337498,2026-01-10,94102,1
PAY-85445,INV-25257,OMC-011,Hass Petroleum,GB56WGCN65876036690967,2026-04-16,268189,1
PAY-94295,INV-32010,OMC-006,Hashi Energy,GB05QCFC91361939909169,2025-02-04,31862,1
PAY-77981,INV-25137,OMC-003,Rubis Energy,GB04LOQO13315098393010,2025-08-21,101341,1
PAY-21383,INV-29832,OMC-020,Ethiopian Oil,GB14NSVZ22219693792374,2026-04-13,293035,1
PAY-66521,INV-14462,OMC-017,KAA Aviation,GB54HVSS04902787429671,2025-10-03,136417,1
PAY-58192,INV-76943,OMC-010,Tamoil,GB34EABH79176936763201,2025-12-11," KES 54,421 ",1
PAY-95426,INV-22482,OMC-006,Hashi Energy,GB05QCFC91361939909169,2025-06-10," KES 107,129 ",1
PAY-94225,INV-85380,OMC-011,Hass Petroleum,GB56WGCN65876036690967,2026-02-06,166343,1
PAY-76060,INV-19927,OMC-015,Mombasa Petroleum,GB80WOIJ43135182337498,2025-01-29,152528,1
PAY-57105,INV-52550,OMC-019,Tanzania Petroleum,GB59MHYN05766270289517,2025-07-10,135949,1
PAY-20146,INV-97747,OMC-007,Kobil,GB37IDDX82449353487401,2026-01-23,48756,2
PAY-11263,INV-83948,OMC-019,Tanzania Petroleum,GB59MHYN05766270289517,2025-10-12,21240,1
PAY-59640,INV-96095,OMC-017,KAA Aviation,GB54HVSS04902787429671,,209736,1
PAY-79324,INV-60579,OMC-008,National Oil,GB08NAFX56342160733754,2026-03-07,15403,2
PAY-55087,INV-37823,OMC-006,Hashi Energy,GB05QCFC91361939909169,2025-03-19,145456,1
PAY-62046,INV-19265,OMC-009,Dalbit Petroleum,GB53VXXX35615951484656,2025-10-20,46137,1
PAY-27958,INV-57775,OMC-002,Vivo Energy,GB45OQIR01845146270482,2026-07-29,139835,1
PAY-28083,INV-75092,OMC-006,Hashi Energy,GB05QCFC91361939909169,2026-04-15,61310,1
PAY-13265,INV-31687,OMC-020,Ethiopian Oil,GB14NSVZ22219693792374,2026-05-18," KES 188,532 ",1
PAY-21632,INV-55795,OMC-014,Texol Energies,GB06ONXS45314737996507,17/10/2025,12290,1
PAY-21972,INV-49178,OMC-001,TotalEnergies Kenya,GB06DMIO52553419283276,2026-03-11," KES 96,323 ",1
PAY-48695,INV-81101,OMC-015,Mombasa Petroleum,GB80WOIJ43135182337498,2025-04-06,184693,1
PAY-56009,INV-79249,OMC-003,Rubis Energy,GB04LOQO13315098393010,2026-05-25,148029,1
PAY-44552,INV-69153,OMC-008,National Oil,GB08NAFX56342160733754,2025-11-01,190953,1
PAY-33486,INV-55470,OMC-006,Hashi Energy,GB05QCFC91361939909169,2025-06-01,218829,1
PAY-44263,INV-31365,OMC-018,Uganda National Oil,GB36RNCH17127484677378,2025-08-15,56845,1
PAY-20520,INV-40665,OMC-019,Tanzania Petroleum,GB59MHYN05766270289517,2026-07-08," KES 193,239 ",1
PAY-56148,INV-24455,OMC-020,Ethiopian Oil,GB14NSVZ22219693792374,2026-05-07," KES 39,791 ",2
PAY-48704,INV-31690,OMC-008,National Oil,GB08NAFX56342160733754,2025-05-21,187450,1
PAY-56519,INV-58746,OMC-010,Tamoil,GB34EABH79176936763201,2025-04-27,35464,1
PAY-82348,INV-19174,OMC-015,Mombasa Petroleum,GB80WOIJ43135182337498,2026-01-24,274491,1
PAY-61612,INV-89749,OMC-011,Hass Petroleum,GB56WGCN65876036690967,2026-02-11,83346,1
PAY-39514,INV-56026,OMC-011,Hass Petroleum,GB56WGCN65876036690967,2025-12-09,132714,1
PAY-17242,INV-50961,OMC-015,Mombasa Petroleum,GB80WOIJ43135182337498,2025-10-25,33886,1
PAY-81045,INV-66050,OMC-010,Tamoil,GB34EABH79176936763201,2026-01-23,254467,1
PAY-96955,INV-43377,OMC-003,Rubis Energy,GB04LOQO13315098393010,2025-07-06,115278,1
PAY-50700,INV-91523,OMC-003,Rubis Energy,GB04LOQO13315098393010,2026-03-11,67039,2
PAY-13448,INV-78616,OMC-002,Vivo Energy,GB45OQIR01845146270482,2026-07-11,34234,1
PAY-81214,INV-41771,OMC-012,Galana Energies,GB89GWUW86379402654235,2026-06-21,123075,2
PAY-76347,INV-42050,OMC-005,PetroOil Kenya,GB89GWUW86379402654235,2026-04-27,114276,1
PAY-89194,INV-83605,OMC-016,KPA Marine,GB31MOOJ96499091334123,2025-04-26,75610,1
PAY-27685,INV-46171,OMC-005,PetroOil Kenya,GB89GWUW86379402654235,2026-04-11,18117,1
PAY-26447,INV-68616,OMC-001,TotalEnergies Kenya,GB06DMIO52553419283276,2025-05-29,7718,2
PAY-70184,INV-75808,OMC-012,Galana Energies,GB89GWUW86379402654235,2026-03-30,42123,2
PAY-68103,INV-49667,OMC-009,Dalbit Petroleum,GB53VXXX35615951484656,2025-10-25,133068,1
PAY-91164,INV-44920,OMC-008,National Oil,GB08NAFX56342160733754,2025-12-16,56393,1
PAY-42757,INV-46619,OMC-001,TotalEnergies Kenya,GB06DMIO52553419283276,2025-10-06,129208,1
PAY-82100,INV-93583,OMC-013,Lake Oil,GB88TEHE71937452991241,2026-07-07," KES 114,746 ",1
PAY-88516,INV-89167,OMC-016,KPA Marine,GB31MOOJ96499091334123,2025-03-12,41342,2
PAY-64996,INV-86436,OMC-013,Lake Oil,GB88TEHE71937452991241,2025-08-17,93502,1
PAY-12939,INV-95542,OMC-009,Dalbit Petroleum,GB53VXXX35615951484656,2025-06-11,40855,1
PAY-22144,INV-69425,OMC-018,Uganda National Oil,GB36RNCH17127484677378,2026-05-21,84162,1
PAY-69763,INV-58192,OMC-008,National Oil,GB08NAFX56342160733754,2026-03-29,201932,1
PAY-23058,INV-79509,OMC-017,KAA Aviation,GB54HVSS04902787429671,2025-09-25,166756,1
PAY-77020,INV-67123,OMC-018,Uganda National Oil,GB36RNCH17127484677378,2026-05-15,12578,2
PAY-24835,INV-80442,OMC-007,Kobil,GB37IDDX82449353487401,2025-03-07,27823,1
PAY-61617,INV-97935,OMC-011,Hass Petroleum,GB56WGCN65876036690967,2026-04-04,185074,1
PAY-36029,INV-90711,OMC-008,National Oil,GB08NAFX56342160733754,17/09/2025,34731,1
PAY-99834,INV-58399,OMC-013,Lake Oil,GB88TEHE71937452991241,,144565,1
PAY-87557,INV-74696,OMC-008,National Oil,GB08NAFX56342160733754,2026-07-18,40071,1
PAY-46846,INV-72980,OMC-002,Vivo Energy,GB45OQIR01845146270482,2025-07-23,22586,1
PAY-63049,INV-24773,OMC-019,Tanzania Petroleum,GB59MHYN05766270289517,,45559,1
PAY-49275,INV-23363,OMC-003,Rubis Energy,GB04LOQO13315098393010,2026-06-12,114452,1
PAY-51447,INV-81170,OMC-019,Tanzania Petroleum,GB59MHYN05766270289517,2025-11-16,56404,1
PAY-26862,INV-92510,OMC-006,Hashi Energy,GB05QCFC91361939909169,2026-06-30,50437,1
PAY-61768,INV-65162,OMC-001,TotalEnergies Kenya,GB06DMIO52553419283276,2026-06-10,47388,1
PAY-78384,INV-32521,OMC-001,TotalEnergies Kenya,GB06DMIO52553419283276,2025-08-20,99450,1
PAY-72732,INV-37996,OMC-005,PetroOil Kenya,GB89GWUW86379402654235,2026-05-21,146179,1
PAY-20260,INV-49916,OMC-012,Galana Energies,GB89GWUW86379402654235,2026-05-31," KES 12,261 ",2
PAY-69082,INV-33103,OMC-019,Tanzania Petroleum,GB59MHYN05766270289517,2025-12-03,123089,1
PAY-26294,INV-70397,OMC-002,Vivo Energy,GB45OQIR01845146270482,2026-07-29,113422,1
PAY-69828,INV-27469,OMC-018,Uganda National Oil,GB36RNCH17127484677378,2025-08-31,42585,1
PAY-54880,INV-54631,OMC-012,Galana Energies,GB89GWUW86379402654235,2026-06-14,133668,1
PAY-67742,INV-99207,OMC-020,Ethiopian Oil,GB14NSVZ22219693792374,,186365,1
PAY-61440,INV-29256,OMC-011,Hass Petroleum,GB56WGCN65876036690967,2025-10-10,29632,1
PAY-38382,INV-33252,OMC-008,National Oil,GB08NAFX56342160733754,27/02/2026,37648,2
PAY-87908,INV-55652,OMC-007,Kobil,GB37IDDX82449353487401,2026-06-06,262553,1
PAY-42478,INV-98107,OMC-008,National Oil,GB08NAFX56342160733754,2026-04-21,193345,1
PAY-46472,INV-39163,OMC-006,Hashi Energy,GB05QCFC91361939909169,2026-08-03,100818,1
PAY-98027,INV-36670,OMC-005,PetroOil Kenya,GB89GWUW86379402654235,2026-06-12,18246,2
PAY-17242,INV-47086,OMC-007,Kobil,GB37IDDX82449353487401,2025-06-12,53805,1
PAY-72834,INV-18652,OMC-015,Mombasa Petroleum,GB80WOIJ43135182337498,2025-02-19,24676,1
PAY-98232,INV-52809,OMC-011,Hass Petroleum,GB56WGCN65876036690967,2026-03-13,261165,1
PAY-85897,INV-76564,OMC-019,Tanzania Petroleum,GB59MHYN05766270289517,2026-06-19,45432,1
PAY-60139,INV-98774,OMC-005,PetroOil Kenya,GB89GWUW86379402654235,2026-04-14,74133,1
PAY-20367,INV-61548,OMC-005,PetroOil Kenya,GB89GWUW86379402654235,2026-03-16,35328,1
PAY-78425,INV-11538,OMC-011,Hass Petroleum,GB56WGCN65876036690967,2026-08-21,60972,1
PAY-51925,INV-53117,OMC-008,National Oil,GB08NAFX56342160733754,2025-12-22,224770,1
PAY-30476,INV-54702,OMC-003,Rubis Energy,GB04LOQO13315098393010,2026-01-07,24582,1
PAY-61587,INV-97561,OMC-006,Hashi Energy,GB05QCFC91361939909169,2025-11-07,181119,1
PAY-84186,INV-64796,OMC-007,Kobil,GB37IDDX82449353487401,2025-10-09,188429,1
PAY-28847,INV-98950,OMC-003,Rubis Energy,GB04LOQO13315098393010,2025-12-19,15516,2
PAY-68580,INV-22936,OMC-016,KPA Marine,GB31MOOJ96499091334123,2025-05-05,51094,2
PAY-26615,INV-36966,OMC-007,Kobil,GB37IDDX82449353487401,2026-07-14,184492,1
PAY-88149,INV-57677,OMC-009,Dalbit Petroleum,GB53VXXX35615951484656,2025-12-15,40559,1
PAY-14978,INV-26065,OMC-014,Texol Energies,GB06ONXS45314737996507,2025-11-08,109218,1
PAY-87608,INV-19328,OMC-002,Vivo Energy,GB45OQIR01845146270482,2025-02-16,154281,1
PAY-18679,INV-34750,OMC-016,KPA Marine,GB31MOOJ96499091334123,2025-07-31,101159,1
PAY-83637,INV-13073,OMC-002,Vivo Energy,GB45OQIR01845146270482,2026-03-10,43752,1
PAY-84888,INV-38025,OMC-018,Uganda National Oil,GB36RNCH17127484677378,2026-06-15,18232,1
PAY-30242,INV-15827,OMC-020,Ethiopian Oil,GB14NSVZ22219693792374,2025-04-13,21567,1
PAY-70864,INV-57483,OMC-020,Ethiopian Oil,GB14NSVZ22219693792374,2026-08-07,74460,1
PAY-75595,INV-97695,OMC-015,Mombasa Petroleum,GB80WOIJ43135182337498,16/06/2025,46663,1
PAY-47553,INV-33618,OMC-004,Gulf Energy,GB89GWUW86379402654235,2026-03-31,175326,1
PAY-62445,INV-72438,OMC-009,Dalbit Petroleum,GB53VXXX35615951484656,2025-04-14,16150,1
PAY-83917,INV-93849,OMC-001,TotalEnergies Kenya,GB06DMIO52553419283276,2025-12-05,97330,1
PAY-34377,INV-55415,OMC-014,Texol Energies,GB06ONXS45314737996507,2026-01-10,33395,2
PAY-71430,INV-90944,OMC-019,Tanzania Petroleum,GB59MHYN05766270289517,04/05/2025,146469,1
PAY-65272,INV-28347,OMC-005,PetroOil Kenya,GB89GWUW86379402654235,2026-05-07,192619,1
PAY-64350,INV-18534,OMC-007,Kobil,GB37IDDX82449353487401,2026-05-16,206430,1
PAY-76136,INV-71643,OMC-015,Mombasa Petroleum,GB80WOIJ43135182337498,2025-03-25,41746,1
PAY-34076,INV-27641,OMC-006,Hashi Energy,GB05QCFC91361939909169,2025-12-18,183512,1
PAY-17821,INV-43910,OMC-005,PetroOil Kenya,GB89GWUW86379402654235,2026-04-04,18860,1
PAY-60904,INV-66513,OMC-007,Kobil,GB37IDDX82449353487401,2025-10-19,244919,1
PAY-34830,INV-18274,OMC-008,National Oil,GB08NAFX56342160733754,2025-10-14,249993,1
PAY-17157,INV-56733,OMC-007,Kobil,GB37IDDX82449353487401,2025-10-13,252006,1
PAY-36883,INV-35355,OMC-014,Texol Energies,GB06ONXS45314737996507,2025-09-12,75441,2
PAY-60273,INV-27310,OMC-010,Tamoil,GB34EABH79176936763201,2025-11-19,220686,1
PAY-97515,INV-21924,OMC-005,PetroOil Kenya,GB89GWUW86379402654235,16/06/2026,11651,2
PAY-15463,INV-63394,OMC-015,Mombasa Petroleum,GB80WOIJ43135182337498,2025-03-10,57576,1
PAY-97192,INV-17290,OMC-002,Vivo Energy,GB45OQIR01845146270482,2025-12-01,149056,1
PAY-38297,INV-18603,OMC-016,KPA Marine,GB31MOOJ96499091334123,2025-04-01,12165,2
PAY-30155,INV-43988,OMC-020,Ethiopian Oil,GB14NSVZ22219693792374,2026-05-23,76777,1
PAY-97444,INV-31009,OMC-016,KPA Marine,GB31MOOJ96499091334123,2026-06-04,78318,1
PAY-45199,INV-79932,OMC-006,Hashi Energy,GB05QCFC91361939909169,2026-01-27,38533,1
PAY-18656,INV-39495,OMC-015,Mombasa Petroleum,GB80WOIJ43135182337498,11/04/2025,37223,1
PAY-38199,INV-78543,OMC-019,Tanzania Petroleum,GB59MHYN05766270289517,2025-11-18," KES 226,847 ",1
PAY-72663,INV-84120,OMC-001,TotalEnergies Kenya,GB06DMIO52553419283276,2025-08-07,19292,1
PAY-79924,INV-76869,OMC-012,Galana Energies,GB89GWUW86379402654235,2026-03-10,193063,1
PAY-52862,INV-22919,OMC-004,Gulf Energy,GB89GWUW86379402654235,2026-04-10,29778,1
PAY-46586,INV-91969,OMC-012,Galana Energies,GB89GWUW86379402654235,2026-05-13,82683,2
PAY-61862,INV-98083,OMC-013,Lake Oil,GB88TEHE71937452991241,2026-04-18,182575,1
PAY-74887,INV-95664,OMC-005,PetroOil Kenya,GB89GWUW86379402654235,2026-05-14,26344,1
PAY-70103,INV-80823,OMC-009,Dalbit Petroleum,GB53VXXX35615951484656,17/02/2026,48912,2
PAY-48130,INV-30916,OMC-007,Kobil,GB37IDDX82449353487401,2025-10-26," KES 195,253 ",1
PAY-51484,INV-58186,OMC-004,Gulf Energy,GB89GWUW86379402654235,2026-07-03,86832,2
PAY-85349,INV-80759,OMC-003,Rubis Energy,GB04LOQO13315098393010,2026-05-21,185171,1
PAY-91309,INV-34554,OMC-012,Galana Energies,GB89GWUW86379402654235,2026-03-17,160894,1
PAY-14030,INV-28161,OMC-007,Kobil,GB37IDDX82449353487401,2025-05-28,214914,1
PAY-36964,INV-32445,OMC-014,Texol Energies,GB06ONXS45314737996507,2025-08-17,9587,2
PAY-41258,INV-43644,OMC-018,Uganda National Oil,GB36RNCH17127484677378,2026-02-14,29135,1
PAY-86723,INV-84034,OMC-005,PetroOil Kenya,GB89GWUW86379402654235,2026-06-09,59826,1
PAY-53005,INV-27026,OMC-004,Gulf Energy,GB89GWUW86379402654235,2026-05-12,223421,1
PAY-66221,INV-49365,OMC-020,Ethiopian Oil,GB14NSVZ22219693792374,2026-04-02,42358,1
PAY-55401,INV-32389,OMC-006,Hashi Energy,GB05QCFC91361939909169,2025-04-25,105957,1
PAY-55422,INV-65499,OMC-011,Hass Petroleum,GB56WGCN65876036690967,2026-05-09,130026,1
PAY-43356,INV-51794,OMC-020,Ethiopian Oil,GB14NSVZ22219693792374,2025-10-16,154541,1
PAY-87377,INV-58335,OMC-001,TotalEnergies Kenya,GB06DMIO52553419283276,2026-07-10,53494,2
PAY-50809,INV-87268,OMC-017,KAA Aviation,GB54HVSS04902787429671,2026-02-11,209679,1
PAY-90184,INV-99155,OMC-001,TotalEnergies Kenya,GB06DMIO52553419283276,2025-10-24,166544,1
PAY-16530,INV-75716,OMC-010,Tamoil,GB34EABH79176936763201,2025-12-02,28052,1
PAY-94934,INV-96531,OMC-011,Hass Petroleum,GB56WGCN65876036690967,2025-02-20,50768,1
PAY-19630,INV-99330,OMC-003,Rubis Energy,GB04LOQO13315098393010,2025-03-15,38426,1
PAY-72922,INV-92604,OMC-020,Ethiopian Oil,GB14NSVZ22219693792374,2025-07-07,143334,1
PAY-73669,INV-17094,OMC-009,Dalbit Petroleum,GB53VXXX35615951484656,2025-05-02,142471,1
PAY-94042,INV-82325,OMC-002,Vivo Energy,GB45OQIR01845146270482,2025-02-27,268541,1
PAY-57724,INV-87593,OMC-012,Galana Energies,GB89GWUW86379402654235,2026-05-05,97564,1
PAY-44467,INV-18046,OMC-020,Ethiopian Oil,GB14NSVZ22219693792374,2026-07-28,106434,1
PAY-89882,INV-41187,OMC-003,Rubis Energy,GB04LOQO13315098393010,2026-04-07,136482,1
PAY-15058,INV-22387,OMC-010,Tamoil,GB34EABH79176936763201,2025-03-19," KES 21,826 ",1
PAY-89474,INV-92563,OMC-019,Tanzania Petroleum,GB59MHYN05766270289517,2026-05-14," KES 61,653 ",1
PAY-81657,INV-29917,OMC-018,Uganda National Oil,GB36RNCH17127484677378,2025-05-31,257379,1
PAY-98992,INV-65448,OMC-005,PetroOil Kenya,GB89GWUW86379402654235,2026-04-01,57411,1
PAY-69942,INV-41414,OMC-011,Hass Petroleum,GB56WGCN65876036690967,2025-12-27,90683,1
PAY-81796,INV-34248,OMC-016,KPA Marine,GB31MOOJ96499091334123,2025-07-16,83889,2
PAY-53876,INV-23978,OMC-006,Hashi Energy,GB05QCFC91361939909169,2026-07-21," KES 57,269 ",1
PAY-96748,INV-43735,OMC-009,Dalbit Petroleum,GB53VXXX35615951484656,2025-03-05,29159,1
PAY-23303,INV-95421,OMC-015,Mombasa Petroleum,GB80WOIJ43135182337498,2025-06-21,111484,1
PAY-86713,INV-60561,OMC-003,Rubis Energy,GB04LOQO13315098393010,2026-03-03,23773,1
PAY-53757,INV-58432,OMC-001,TotalEnergies Kenya,GB06DMIO52553419283276,2025-08-17,32717,1
PAY-21317,INV-62345,OMC-009,Dalbit Petroleum,GB53VXXX35615951484656,2026-01-16,227401,1
PAY-97741,INV-24285,OMC-003,Rubis Energy,GB04LOQO13315098393010,2026-07-19,234085,1
PAY-93115,INV-35270,OMC-004,Gulf Energy,GB89GWUW86379402654235,2026-06-15,8974,2
PAY-27318,INV-64446,OMC-020,Ethiopian Oil,GB14NSVZ22219693792374,2025-12-16,96732,1
PAY-27986,INV-80775,OMC-006,Hashi Energy,GB05QCFC91361939909169,2026-06-16,22163,1
PAY-55512,INV-40037,OMC-020,Ethiopian Oil,GB14NSVZ22219693792374,2025-10-23,112877,1
PAY-35455,INV-24901,OMC-015,Mombasa Petroleum,GB80WOIJ43135182337498,2025-10-30,95054,1
PAY-47723,INV-55900,OMC-001,TotalEnergies Kenya,GB06DMIO52553419283276,2025-02-11,32929,1
PAY-95138,INV-67985,OMC-008,National Oil,GB08NAFX56342160733754,19/04/2025,42377,1
PAY-68370,INV-79695,OMC-013,Lake Oil,GB88TEHE71937452991241,21/02/2026,66392,1
PAY-89050,INV-99726,OMC-005,PetroOil Kenya,GB89GWUW86379402654235,2026-05-03,131859,1
PAY-88584,INV-20814,OMC-016,KPA Marine,GB31MOOJ96499091334123,,147333,1
PAY-96466,INV-74358,OMC-016,KPA Marine,GB31MOOJ96499091334123,2025-10-28,74181,2
PAY-14181,INV-57625,OMC-004,Gulf Energy,GB89GWUW86379402654235,2026-06-07,32497,1
PAY-48473,INV-24216,OMC-018,Uganda National Oil,GB36RNCH17127484677378,2025-12-15,56067,1
PAY-76239,INV-40014,OMC-002,Vivo Energy,GB45OQIR01845146270482,2025-06-08,16611,1
PAY-93447,INV-23058,OMC-010,Tamoil,GB34EABH79176936763201,2026-03-01,174507,1
PAY-52254,INV-16542,OMC-004,Gulf Energy,GB89GWUW86379402654235,03/05/2026,83679,2
PAY-58490,INV-46907,OMC-009,Dalbit Petroleum,GB53VXXX35615951484656,2026-01-04,133117,1
PAY-95102,INV-17173,OMC-018,Uganda National Oil,GB36RNCH17127484677378,2025-10-31,24898,1
PAY-14097,INV-47921,OMC-011,Hass Petroleum,GB56WGCN65876036690967,2025-05-17,138350,1
PAY-73164,INV-37593,OMC-007,Kobil,GB37IDDX82449353487401,2025-07-25,206335,1
PAY-64028,INV-11669,OMC-004,Gulf Energy,GB89GWUW86379402654235,2026-07-23,48231,2
PAY-17058,INV-86124,OMC-001,TotalEnergies Kenya,GB06DMIO52553419283276,2026-04-29,54090,2
PAY-96218,INV-71370,OMC-016,KPA Marine,GB31MOOJ96499091334123,2026-02-08,187216,1
PAY-96280,INV-29808,OMC-020,Ethiopian Oil,GB14NSVZ22219693792374,2025-04-09,122816,1
PAY-99772,INV-52068,OMC-012,Galana Energies,GB89GWUW86379402654235,2026-03-25,24648,2
PAY-23384,INV-58797,OMC-003,Rubis Energy,GB04LOQO13315098393010,2026-01-03,70233,1
PAY-74948,INV-31982,OMC-014,Texol Energies,GB06ONXS45314737996507,2026-01-25,232300,1
PAY-62798,INV-50522,OMC-010,Tamoil,GB34EABH79176936763201,2025-10-24," KES 30,328 ",1
PAY-72832,INV-65763,OMC-002,Vivo Energy,GB45OQIR01845146270482,2025-12-15,88075,1
PAY-14242,INV-88803,OMC-014,Texol Energies,GB06ONXS45314737996507,2025-05-18,113194,1
PAY-73656,INV-71898,OMC-011,Hass Petroleum,GB56WGCN65876036690967,2025-03-06,134049,1
PAY-17972,INV-87623,OMC-003,Rubis Energy,GB04LOQO13315098393010,2025-06-10,279522,1
PAY-15180,INV-41951,OMC-016,KPA Marine,GB31MOOJ96499091334123,2026-07-14,92561,1
PAY-65137,INV-42934,OMC-009,Dalbit Petroleum,GB53VXXX35615951484656,2026-07-01,57934,2
PAY-37130,INV-91300,OMC-012,Galana Energies,GB89GWUW86379402654235,2026-05-01,167533,1
PAY-87878,INV-31874,OMC-008,National Oil,GB08NAFX56342160733754,2025-03-16,267238,1
PAY-83499,INV-14742,OMC-012,Galana Energies,GB89GWUW86379402654235,2026-06-13,157557,1
PAY-29690,INV-32437,OMC-005,PetroOil Kenya,GB89GWUW86379402654235,2026-05-04,53293,1
PAY-50768,INV-84965,OMC-010,Tamoil,GB34EABH79176936763201,2025-09-25,215241,1
PAY-16339,INV-91571,OMC-011,Hass Petroleum,GB56WGCN65876036690967,2025-04-17," KES 22,019 ",1
PAY-46830,INV-59106,OMC-010,Tamoil,GB34EABH79176936763201,2026-01-27,49486,1
PAY-32294,INV-47746,OMC-007,Kobil,GB37IDDX82449353487401,2026-04-03,262022,1
PAY-90071,INV-71044,OMC-016,KPA Marine,GB31MOOJ96499091334123,2026-03-08,26672,1
PAY-70406,INV-90587,OMC-005,PetroOil Kenya,GB89GWUW86379402654235,2026-05-17,105027,1
PAY-72745,INV-82824,OMC-010,Tamoil,GB34EABH79176936763201,2025-12-24,257799,1
PAY-33544,INV-74685,OMC-009,Dalbit Petroleum,GB53VXXX35615951484656,2025-03-09," KES 100,064 ",2
PAY-79292,INV-96574,OMC-010,Tamoil,GB34EABH79176936763201,2025-10-12,28552,1
PAY-87658,INV-99001,OMC-005,PetroOil Kenya,GB89GWUW86379402654235,,97141,2
PAY-47717,INV-30812,OMC-016,KPA Marine,GB31MOOJ96499091334123,2025-04-03,88467,1
PAY-64798,INV-47818,OMC-020,Ethiopian Oil,GB14NSVZ22219693792374,2025-09-10,215965,1
PAY-54129,INV-28043,OMC-014,Texol Energies,GB06ONXS45314737996507,2026-06-27,211788,1
PAY-63338,INV-97670,OMC-018,Uganda National Oil,GB36RNCH17127484677378,2026-05-01,202281,1
PAY-52598,INV-63594,OMC-020,Ethiopian Oil,GB14NSVZ22219693792374,2025-09-14,131450,1
PAY-63714,INV-18539,OMC-015,Mombasa Petroleum,GB80WOIJ43135182337498,2025-06-21,177584,1
PAY-83371,INV-70164,OMC-001,TotalEnergies Kenya,GB06DMIO52553419283276,2025-07-16,196011,1
PAY-80295,INV-47722,OMC-004,Gulf Energy,GB89GWUW86379402654235,2026-05-12,232594,1
PAY-84398,INV-98410,OMC-009,Dalbit Petroleum,GB53VXXX35615951484656,2026-03-12,215626,1
PAY-61055,INV-19563,OMC-011,Hass Petroleum,GB56WGCN65876036690967,2025-12-23,107803,1
PAY-24577,INV-96204,OMC-017,KAA Aviation,GB54HVSS04902787429671,2026-05-06,122584,1
PAY-40126,INV-62636,OMC-016,KPA Marine,GB31MOOJ96499091334123,2025-09-09,207243,1
PAY-87618,INV-28641,OMC-008,National Oil,GB08NAFX56342160733754,2026-06-06,174124,1
PAY-52360,INV-70805,OMC-016,KPA Marine,GB31MOOJ96499091334123,,55886,1
PAY-92204,INV-15538,OMC-010,Tamoil,GB34EABH79176936763201,2026-07-29,188403,1
PAY-85430,INV-35489,OMC-014,Texol Energies,GB06ONXS45314737996507,2025-03-09,99160,1
PAY-38724,INV-18358,OMC-001,TotalEnergies Kenya,GB06DMIO52553419283276,2025-05-18,149084,1
PAY-43616,INV-56001,OMC-008,National Oil,GB08NAFX56342160733754,2026-07-10,155061,1
PAY-26012,INV-39668,OMC-011,Hass Petroleum,GB56WGCN65876036690967,13/02/2026,55470,1
PAY-38750,INV-50734,OMC-018,Uganda National Oil,GB36RNCH17127484677378,2026-02-27,52932,1
PAY-74086,INV-11445,OMC-014,Texol Energies,GB06ONXS45314737996507,2025-06-10,48753,1
PAY-33448,INV-19613,OMC-018,Uganda National Oil,GB36RNCH17127484677378,2025-12-21,52984,1
PAY-34313,INV-16295,OMC-004,Gulf Energy,GB89GWUW86379402654235,2026-02-18,197185,1
PAY-54894,INV-47287,OMC-015,Mombasa Petroleum,GB80WOIJ43135182337498,2025-06-09,257155,1
PAY-40451,INV-70263,OMC-004,Gulf Energy,GB89GWUW86379402654235,2026-05-31,45819,2
PAY-69881,INV-21768,OMC-010,Tamoil,GB34EABH79176936763201,2025-11-13,277894,1
PAY-14665,INV-82470,OMC-007,Kobil,GB37IDDX82449353487401,2025-05-16,49777,1
PAY-47613,INV-28922,OMC-015,Mombasa Petroleum,GB80WOIJ43135182337498,2025-01-26,138435,1
PAY-78331,INV-58333,OMC-007,Kobil,GB37IDDX82449353487401,2026-02-19,48546,2
PAY-11218,INV-94899,OMC-003,Rubis Energy,GB04LOQO13315098393010,07/05/2026,199051,1
PAY-34824,INV-10928,OMC-006,Hashi Energy,GB05QCFC91361939909169,2026-03-17,124313,1
PAY-78057,INV-76565,OMC-019,Tanzania Petroleum,GB59MHYN05766270289517,2026-04-08,112698,1
PAY-12891,INV-21319,OMC-015,Mombasa Petroleum,GB80WOIJ43135182337498,2025-06-05,85243,1
PAY-65105,INV-68989,OMC-010,Tamoil,GB34EABH79176936763201,2026-04-16,29908,1
PAY-76164,INV-98466,OMC-006,Hashi Energy,GB05QCFC91361939909169,2025-12-20," KES 141,629 ",1
PAY-11264,INV-52398,OMC-012,Galana Energies,GB89GWUW86379402654235,,149950,1
PAY-63596,INV-65561,OMC-020,Ethiopian Oil,GB14NSVZ22219693792374,2025-04-04,144554,1
PAY-20899,INV-38651,OMC-014,Texol Energies,GB06ONXS45314737996507,2026-05-21,10613,2
PAY-39726,INV-85554,OMC-011,Hass Petroleum,GB56WGCN65876036690967,2026-02-01,246214,1
PAY-22456,INV-58557,OMC-019,Tanzania Petroleum,GB59MHYN05766270289517,30/09/2025,53857,1
PAY-44797,INV-25318,OMC-005,PetroOil Kenya,GB89GWUW86379402654235,26/04/2026,11912,2
PAY-42906,INV-26193,OMC-014,Texol Energies,GB06ONXS45314737996507,2025-06-10,185734,1
PAY-89447,INV-46374,OMC-008,National Oil,GB08NAFX56342160733754,2026-06-11,13684,2
PAY-43966,INV-53420,OMC-019,Tanzania Petroleum,GB59MHYN05766270289517,2025-09-30,26022,1
PAY-80543,INV-70989,OMC-007,Kobil,GB37IDDX82449353487401,2026-03-17,53742,1
PAY-34181,INV-74685,OMC-009,Dalbit Petroleum,GB53VXXX35615951484656,2025-02-17,121236,1
PAY-27867,INV-47094,OMC-004,Gulf Energy,GB89GWUW86379402654235,2026-03-07," KES 100,646 ",1
PAY-47542,INV-75141,OMC-017,KAA Aviation,GB54HVSS04902787429671,2026-06-26,34966,1
PAY-40750,INV-42194,OMC-017,KAA Aviation,GB54HVSS04902787429671,2025-07-30,204209,1
PAY-88961,INV-29879,OMC-006,Hashi Energy,GB05QCFC91361939909169,2026-06-27,146302,1
PAY-77294,INV-95502,OMC-007,Kobil,GB37IDDX82449353487401,2025-07-03,102558,1
PAY-84054,INV-94631,OMC-018,Uganda National Oil,GB36RNCH17127484677378,2025-04-11,8440,2
PAY-26642,INV-36627,OMC-013,Lake Oil,GB88TEHE71937452991241,2025-10-09,148740,1
PAY-74078,INV-69945,OMC-002,Vivo Energy,GB45OQIR01845146270482,2025-06-23,96660,1
PAY-10986,INV-40256,OMC-006,Hashi Energy,GB05QCFC91361939909169,,25186,1
PAY-45618,INV-32557,OMC-020,Ethiopian Oil,GB14NSVZ22219693792374,2025-12-30,227494,1
PAY-80041,INV-36217,OMC-002,Vivo Energy,GB45OQIR01845146270482,2026-04-01,102968,1
PAY-94398,INV-29527,OMC-016,KPA Marine,GB31MOOJ96499091334123,2025-05-17,100460,1
PAY-48465,INV-65229,OMC-011,Hass Petroleum,GB56WGCN65876036690967,2025-06-03,130133,1
PAY-41440,INV-28837,OMC-019,Tanzania Petroleum,GB59MHYN05766270289517,2025-10-04,122446,1
PAY-88413,INV-71333,OMC-002,Vivo Energy,GB45OQIR01845146270482,2026-03-04,57828,1
PAY-39023,INV-25441,OMC-005,PetroOil Kenya,GB89GWUW86379402654235,2026-06-01,9452,2
PAY-92358,INV-48450,OMC-018,Uganda National Oil,GB36RNCH17127484677378,2025-03-25,127754,1
PAY-36496,INV-73087,OMC-015,Mombasa Petroleum,GB80WOIJ43135182337498,2025-07-10,270961,1
PAY-97641,INV-29146,OMC-019,Tanzania Petroleum,GB59MHYN05766270289517,2025-02-01,27720,1
PAY-40669,INV-14055,OMC-007,Kobil,GB37IDDX82449353487401,2026-04-14,157580,1
PAY-32895,INV-56421,OMC-001,TotalEnergies Kenya,GB06DMIO52553419283276,2025-10-14,11804,1
PAY-78092,INV-19264,OMC-011,Hass Petroleum,GB56WGCN65876036690967,2025-11-28,226104,1
PAY-32815,INV-83771,OMC-008,National Oil,GB08NAFX56342160733754,2026-02-08,230091,1
PAY-19336,INV-73883,OMC-020,Ethiopian Oil,GB14NSVZ22219693792374,2026-01-19,50016,1
PAY-76211,INV-18314,OMC-001,TotalEnergies Kenya,GB06DMIO52553419283276,2025-09-09," KES 111,329 ",1
PAY-45459,INV-80318,OMC-020,Ethiopian Oil,GB14NSVZ22219693792374,2025-09-09,34618,1
PAY-52164,INV-21195,OMC-002,Vivo Energy,GB45OQIR01845146270482,2025-09-28,124994,1
PAY-31888,INV-40618,OMC-006,Hashi Energy,GB05QCFC91361939909169,2026-06-15,55564,1
PAY-55767,INV-47953,OMC-020,Ethiopian Oil,GB14NSVZ22219693792374,2026-05-13,275026,1
PAY-12564,INV-38747,OMC-011,Hass Petroleum,GB56WGCN65876036690967,2025-05-23,156332,1
PAY-47698,INV-83961,OMC-018,Uganda National Oil,GB36RNCH17127484677378,2025-06-12,24204,1
PAY-94695,INV-99620,OMC-008,National Oil,GB08NAFX56342160733754,2026-08-01,62964,1
PAY-14535,INV-93025,OMC-006,Hashi Energy,GB05QCFC91361939909169,2026-01-16,121079,1
PAY-10374,INV-37961,OMC-008,National Oil,GB08NAFX56342160733754,2025-11-11,282726,1
PAY-26522,INV-57643,OMC-016,KPA Marine,GB31MOOJ96499091334123,2026-04-07,18892,1
PAY-72226,INV-10458,OMC-016,KPA Marine,GB31MOOJ96499091334123,2026-01-23,30490,1
PAY-69830,INV-21217,OMC-003,Rubis Energy,GB04LOQO13315098393010,2025-03-23,71577,1
PAY-80344,INV-35860,OMC-005,PetroOil Kenya,GB89GWUW86379402654235,2026-05-05,29259,1
PAY-46632,INV-41208,OMC-007,Kobil,GB37IDDX82449353487401,2025-10-22,225915,1
PAY-88532,INV-34288,OMC-006,Hashi Energy,GB05QCFC91361939909169,2025-04-26,113503,1
PAY-46884,INV-11214,OMC-009,Dalbit Petroleum,GB53VXXX35615951484656,2026-03-02,58529,1
PAY-43384,INV-86921,OMC-003,Rubis Energy,GB04LOQO13315098393010,2026-03-08,22216,1
PAY-88004,INV-85436,OMC-005,PetroOil Kenya,GB89GWUW86379402654235,2026-05-08,48282,1
PAY-76444,INV-11776,OMC-017,KAA Aviation,GB54HVSS04902787429671,2026-03-19,158452,1
PAY-97422,INV-94361,OMC-014,Texol Energies,GB06ONXS45314737996507,2025-11-07,163294,1
PAY-48414,INV-39777,OMC-018,Uganda National Oil,GB36RNCH17127484677378,2026-05-31,7210,2
PAY-87425,INV-81783,OMC-010,Tamoil,GB34EABH79176936763201,2026-02-23,48592,1
PAY-86945,INV-47327,OMC-014,Texol Energies,GB06ONXS45314737996507,2025-08-16,48098,2
PAY-59888,INV-43748,OMC-019,Tanzania Petroleum,GB59MHYN05766270289517,2025-09-11,204973,1
PAY-49170,INV-76525,OMC-002,Vivo Energy,GB45OQIR01845146270482,2026-05-06,163188,1
PAY-55159,INV-34204,OMC-018,Uganda National Oil,GB36RNCH17127484677378,2025-12-28,75915,2
PAY-55312,INV-55341,OMC-004,Gulf Energy,GB89GWUW86379402654235,2026-06-25,127243,2
PAY-29182,INV-94984,OMC-008,National Oil,GB08NAFX56342160733754,2026-07-25,73186,2
PAY-31944,INV-57552,OMC-012,Galana Energies,GB89GWUW86379402654235,2026-03-11,169649,1
PAY-47897,INV-69820,OMC-011,Hass Petroleum,GB56WGCN65876036690967,2025-08-15,175997,1
PAY-35616,INV-89935,OMC-020,Ethiopian Oil,GB14NSVZ22219693792374,2025-04-01,233780,1
PAY-86998,INV-15190,OMC-016,KPA Marine,GB31MOOJ96499091334123,2025-05-16,251225,1
PAY-10993,INV-52571,OMC-001,TotalEnergies Kenya,GB06DMIO52553419283276,2025-11-09," KES 166,593 ",1
PAY-98555,INV-25622,OMC-014,Texol Energies,GB06ONXS45314737996507,2026-02-16,25009,1
PAY-81260,INV-18449,OMC-014,Texol Energies,GB06ONXS45314737996507,2025-06-19,110620,1
PAY-65340,INV-63460,OMC-001,TotalEnergies Kenya,GB06DMIO52553419283276,2025-10-22,252540,1
PAY-72674,INV-36978,OMC-020,Ethiopian Oil,GB14NSVZ22219693792374,2026-07-11,214632,1
PAY-72997,INV-16941,OMC-013,Lake Oil,GB88TEHE71937452991241,2025-10-11,40715,1
PAY-14899,INV-33847,OMC-020,Ethiopian Oil,GB14NSVZ22219693792374,2026-06-06,135197,1
PAY-31134,INV-73266,OMC-010,Tamoil,GB34EABH79176936763201,2025-11-27,162700,1
PAY-84133,INV-60137,OMC-013,Lake Oil,GB88TEHE71937452991241,,59453,1
PAY-95912,INV-16231,OMC-012,Galana Energies,GB89GWUW86379402654235,2026-05-04,188245,1
PAY-39668,INV-57127,OMC-013,Lake Oil,GB88TEHE71937452991241,2025-04-04,177868,1
PAY-72045,INV-66428,OMC-019,Tanzania Petroleum,GB59MHYN05766270289517,2025-06-15,24132,1
PAY-49436,INV-57575,OMC-006,Hashi Energy,GB05QCFC91361939909169,2025-06-23,19533,2
PAY-14499,INV-28134,OMC-018,Uganda National Oil,GB36RNCH17127484677378,2026-04-13,187639,1
PAY-98012,INV-68538,OMC-018,Uganda National Oil,GB36RNCH17127484677378,2026-04-29,244788,1
PAY-48136,INV-32429,OMC-006,Hashi Energy,GB05QCFC91361939909169,2026-06-08,70451,1
PAY-80911,INV-75867,OMC-020,Ethiopian Oil,GB14NSVZ22219693792374,2025-10-23,167025,1
PAY-73811,INV-40717,OMC-008,National Oil,GB08NAFX56342160733754,2025-12-04,27214,1
PAY-26374,INV-48090,OMC-016,KPA Marine,GB31MOOJ96499091334123,2026-01-07,161822,1
PAY-91636,INV-55292,OMC-002,Vivo Energy,GB45OQIR01845146270482,2025-07-14,105307,1
PAY-58965,INV-51679,OMC-009,Dalbit Petroleum,GB53VXXX35615951484656,2025-05-29,53334,1
PAY-10965,INV-59862,OMC-017,KAA Aviation,GB54HVSS04902787429671,2025-09-10,109693,1
PAY-79354,INV-67461,OMC-011,Hass Petroleum,GB56WGCN65876036690967,2026-03-15," KES 18,942 ",2
PAY-93503,INV-26708,OMC-003,Rubis Energy,GB04LOQO13315098393010,2026-01-15,134292,1
PAY-79566,INV-83576,OMC-009,Dalbit Petroleum,GB53VXXX35615951484656,2025-05-20,43048,1
PAY-22567,INV-19865,OMC-019,Tanzania Petroleum,GB59MHYN05766270289517,2025-05-02,164278,1
PAY-45218,INV-86731,OMC-004,Gulf Energy,GB89GWUW86379402654235,,86534,2
PAY-54022,INV-12763,OMC-018,Uganda National Oil,GB36RNCH17127484677378,2025-12-24,220462,1
PAY-71120,INV-19582,OMC-010,Tamoil,GB34EABH79176936763201,2026-03-11," KES 43,704 ",1
PAY-55440,INV-78875,OMC-001,TotalEnergies Kenya,GB06DMIO52553419283276,2026-01-30,282209,1
PAY-86816,INV-27051,OMC-002,Vivo Energy,GB45OQIR01845146270482,2025-07-05,29710,1
PAY-11113,INV-19005,OMC-012,Galana Energies,GB89GWUW86379402654235,2026-05-20,30769,1
PAY-78619,INV-93237,OMC-003,Rubis Energy,GB04LOQO13315098393010,2025-12-16,57099,1
PAY-58609,INV-36626,OMC-001,TotalEnergies Kenya,GB06DMIO52553419283276,2025-04-20," KES 35,860 ",1
PAY-98416,INV-15214,OMC-018,Uganda National Oil,GB36RNCH17127484677378,2025-04-07,44428,1
PAY-54326,INV-64074,OMC-001,TotalEnergies Kenya,GB06DMIO52553419283276,2025-10-31,245319,1
PAY-15852,INV-69330,OMC-012,Galana Energies,GB89GWUW86379402654235,2026-04-14,44894,1
PAY-60470,INV-70845,OMC-002,Vivo Energy,GB45OQIR01845146270482,2025-03-30,13885,1
PAY-53590,INV-60397,OMC-020,Ethiopian Oil,GB14NSVZ22219693792374,2026-04-25,158755,1
PAY-33515,INV-19711,OMC-005,PetroOil Kenya,GB89GWUW86379402654235,,14169,2
PAY-21786,INV-36093,OMC-002,Vivo Energy,GB45OQIR01845146270482,2026-02-15,60046,1
PAY-13775,INV-70321,OMC-002,Vivo Energy,GB45OQIR01845146270482,2025-10-11,230004,1
PAY-34754,INV-10752,OMC-019,Tanzania Petroleum,GB59MHYN05766270289517,2026-04-02,21437,1
PAY-29663,INV-13477,OMC-018,Uganda National Oil,GB36RNCH17127484677378,2025-06-22,176579,1
PAY-66549,INV-28182,OMC-002,Vivo Energy,GB45OQIR01845146270482,2026-04-26,63184,1
PAY-72199,INV-43747,OMC-013,Lake Oil,GB88TEHE71937452991241,2025-06-22,249608,1
PAY-99009,INV-43929,OMC-018,Uganda National Oil,GB36RNCH17127484677378,2026-04-26,178585,1
PAY-92021,INV-39047,OMC-004,Gulf Energy,GB89GWUW86379402654235,2026-06-03,12793,2
PAY-96094,INV-37436,OMC-014,Texol Energies,GB06ONXS45314737996507,2025-10-21,119355,1
PAY-32172,INV-47342,OMC-010,Tamoil,GB34EABH79176936763201,2026-04-28,61764,1
PAY-54279,INV-65435,OMC-007,Kobil,GB37IDDX82449353487401,2025-06-29,149105,1
PAY-84196,INV-71009,OMC-007,Kobil,GB37IDDX82449353487401,2025-11-08,11116,2
PAY-28854,INV-83700,OMC-006,Hashi Energy,GB05QCFC91361939909169,2025-04-29,16218,1
PAY-76060,INV-19927,OMC-015,Mombasa Petroleum,GB80WOIJ43135182337498,2025-01-29,152528,1
PAY-63334,INV-92535,OMC-003,Rubis Energy,GB04LOQO13315098393010,2026-03-09,36674,1
PAY-52813,INV-72327,OMC-018,Uganda National Oil,GB36RNCH17127484677378,2025-10-17,33521,1
PAY-15661,INV-10358,OMC-001,TotalEnergies Kenya,GB06DMIO52553419283276,2026-04-09,30740,1
PAY-80929,INV-41585,OMC-008,National Oil,GB08NAFX56342160733754,2026-05-30,44365,1
PAY-18250,INV-96794,OMC-009,Dalbit Petroleum,GB53VXXX35615951484656,2025-03-05,28951,1
PAY-22093,INV-43074,OMC-013,Lake Oil,GB88TEHE71937452991241,2025-03-01,33515,1
PAY-91530,INV-16614,OMC-005,PetroOil Kenya,GB89GWUW86379402654235,2026-05-21,123817,1
PAY-26870,INV-45593,OMC-005,PetroOil Kenya,GB89GWUW86379402654235,2026-05-16,84953,2
PAY-90329,INV-60671,OMC-007,Kobil,GB37IDDX82449353487401,2025-10-03,111279,1
PAY-66131,INV-31091,OMC-017,KAA Aviation,GB54HVSS04902787429671,05/03/2026,211993,1
PAY-37943,INV-85937,OMC-008,National Oil,GB08NAFX56342160733754,2026-03-19,195801,1
PAY-65663,INV-17247,OMC-008,National Oil,GB08NAFX56342160733754,2026-03-11,59511,1
PAY-28136,INV-62641,OMC-006,Hashi Energy,GB05QCFC91361939909169,2026-03-30,88204,1
PAY-26607,INV-91199,OMC-006,Hashi Energy,GB05QCFC91361939909169,2025-12-07,39471,1
PAY-89922,INV-41330,OMC-019,Tanzania Petroleum,GB59MHYN05766270289517,2026-05-08,129343,1
PAY-69852,INV-42110,OMC-006,Hashi Energy,GB05QCFC91361939909169,2026-01-30,58991,1
PAY-23874,INV-29820,OMC-005,PetroOil Kenya,GB89GWUW86379402654235,12/03/2026,54331,1
PAY-32295,INV-55061,OMC-014,Texol Energies,GB06ONXS45314737996507,2025-09-06,99890,1
PAY-37413,INV-93230,OMC-004,Gulf Energy,GB89GWUW86379402654235,2026-03-03,16685,1
PAY-64927,INV-80926,OMC-010,Tamoil,GB34EABH79176936763201,2026-05-17,187840,1
PAY-72519,INV-89265,OMC-010,Tamoil,GB34EABH79176936763201,2025-02-06,147517,1
PAY-49090,INV-99419,OMC-018,Uganda National Oil,GB36RNCH17127484677378,2025-11-04,137055,1
PAY-12746,INV-23725,OMC-012,Galana Energies,GB89GWUW86379402654235,2026-05-12,47743,1
PAY-42817,INV-12909,OMC-003,Rubis Energy,GB04LOQO13315098393010,2026-02-14,96475,1
PAY-31508,INV-16390,OMC-001,TotalEnergies Kenya,GB06DMIO52553419283276,2026-06-27,58219,1
PAY-33268,INV-32525,OMC-014,Texol Energies,GB06ONXS45314737996507,2025-09-09,68485,1
PAY-91124,INV-91599,OMC-005,PetroOil Kenya,GB89GWUW86379402654235,2026-05-18,57419,2
PAY-37320,INV-63271,OMC-011,Hass Petroleum,GB56WGCN65876036690967,2026-02-24,248151,1
PAY-40455,INV-41374,OMC-009,Dalbit Petroleum,GB53VXXX35615951484656,2025-08-10,53801,1
PAY-70747,INV-41365,OMC-016,KPA Marine,GB31MOOJ96499091334123,2025-08-11,99416,2
PAY-78125,INV-26107,OMC-014,Texol Energies,GB06ONXS45314737996507,2025-10-08,5816,2
PAY-38002,INV-93124,OMC-004,Gulf Energy,GB89GWUW86379402654235,2026-04-10,37052,1
PAY-14071,INV-22657,OMC-010,Tamoil,GB34EABH79176936763201,2025-02-23,33243,1
PAY-40434,INV-54770,OMC-007,Kobil,GB37IDDX82449353487401,2025-11-17,100950,1
PAY-19354,INV-88854,OMC-011,Hass Petroleum,GB56WGCN65876036690967,2025-06-20,150889,1
PAY-31344,INV-81398,OMC-013,Lake Oil,GB88TEHE71937452991241,2026-06-12,53488,1
PAY-77041,INV-58845,OMC-018,Uganda National Oil,GB36RNCH17127484677378,2025-11-19,225878,1
PAY-19636,INV-92901,OMC-016,KPA Marine,GB31MOOJ96499091334123,2026-06-12,131567,1
PAY-54974,INV-90685,OMC-017,KAA Aviation,GB54HVSS04902787429671,2025-06-19,31544,1
PAY-34903,INV-63506,OMC-014,Texol Energies,GB06ONXS45314737996507,2026-01-04,10303,2
PAY-94712,INV-11242,OMC-007,Kobil,GB37IDDX82449353487401,2026-07-27,31551,1
PAY-70617,INV-93445,OMC-019,Tanzania Petroleum,GB59MHYN05766270289517,2026-01-07,156470,1
PAY-21336,INV-72782,OMC-016,KPA Marine,GB31MOOJ96499091334123,2026-04-21," KES 6,246 ",2
PAY-97849,INV-53163,OMC-013,Lake Oil,GB88TEHE71937452991241,2025-02-13,166801,1
PAY-67884,INV-39018,OMC-003,Rubis Energy,GB04LOQO13315098393010,2026-03-24,48054,2
PAY-65473,INV-57980,OMC-016,KPA Marine,GB31MOOJ96499091334123,2026-02-25,181827,1
PAY-86256,INV-70319,OMC-010,Tamoil,GB34EABH79176936763201,2026-01-04,84271,1
PAY-63531,INV-64395,OMC-002,Vivo Energy,GB45OQIR01845146270482,2026-02-01,30783,1
PAY-85287,INV-21653,OMC-004,Gulf Energy,GB89GWUW86379402654235,2026-04-08,146494,1
PAY-67236,INV-89569,OMC-017,KAA Aviation,GB54HVSS04902787429671,2025-06-14,161376,1
PAY-86808,INV-59492,OMC-004,Gulf Energy,GB89GWUW86379402654235,2026-05-19,55300,1
PAY-50409,INV-81981,OMC-015,Mombasa Petroleum,GB80WOIJ43135182337498,2026-06-23," KES 25,319 ",1
PAY-16427,INV-17094,OMC-003,Rubis Energy,GB04LOQO13315098393010,2026-01-06,21215,1
PAY-22488,INV-56270,OMC-001,TotalEnergies Kenya,GB06DMIO52553419283276,2025-10-07,210058,1
PAY-65423,INV-22552,OMC-019,Tanzania Petroleum,GB59MHYN05766270289517,2026-06-07,105514,1
PAY-33672,INV-10589,OMC-002,Vivo Energy,GB45OQIR01845146270482,2025-04-01,22271,1
PAY-13642,INV-99913,OMC-009,Dalbit Petroleum,GB53VXXX35615951484656,2025-05-15,52067,1
PAY-16299,INV-32137,OMC-019,Tanzania Petroleum,GB59MHYN05766270289517,2026-05-13,233647,1
PAY-66323,INV-48377,OMC-015,Mombasa Petroleum,GB80WOIJ43135182337498,2025-02-08,29659,1
PAY-62702,INV-64868,OMC-005,PetroOil Kenya,GB89GWUW86379402654235,2026-05-12,34008,1
PAY-49776,INV-91271,OMC-020,Ethiopian Oil,GB14NSVZ22219693792374,2025-09-05,105251,1
PAY-75691,INV-56072,OMC-010,Tamoil,GB34EABH79176936763201,2026-03-23,112390,1
PAY-84732,INV-89785,OMC-015,Mombasa Petroleum,GB80WOIJ43135182337498,2026-05-01,187645,1
PAY-27742,INV-53281,OMC-013,Lake Oil,GB88TEHE71937452991241,2025-11-04,125692,1
PAY-30239,INV-99596,OMC-018,Uganda National Oil,GB36RNCH17127484677378,2025-04-03,36078,1
PAY-81162,INV-86908,OMC-011,Hass Petroleum,GB56WGCN65876036690967,2026-04-05,21449,1
PAY-30741,INV-90316,OMC-004,Gulf Energy,GB89GWUW86379402654235,28/06/2026,23634,2
PAY-47838,INV-85706,OMC-010,Tamoil,GB34EABH79176936763201,2026-02-20,64078,1
PAY-39366,INV-52452,OMC-002,Vivo Energy,GB45OQIR01845146270482,2025-07-28,94485,1
PAY-90926,INV-85778,OMC-008,National Oil,GB08NAFX56342160733754,2025-12-07,46542,1
PAY-73587,INV-28287,OMC-001,TotalEnergies Kenya,GB06DMIO52553419283276,2026-03-14,27678,1
PAY-97760,INV-35951,OMC-001,TotalEnergies Kenya,GB06DMIO52553419283276,2026-04-21,149724,1
PAY-71872,INV-78806,OMC-018,Uganda National Oil,GB36RNCH17127484677378,2026-06-05,65559,1
PAY-17536,INV-41146,OMC-013,Lake Oil,GB88TEHE71937452991241,2025-06-23,275849,1
PAY-75884,INV-33738,OMC-011,Hass Petroleum,GB56WGCN65876036690967,2025-10-18,219576,1
PAY-70401,INV-13653,OMC-001,TotalEnergies Kenya,GB06DMIO52553419283276,2026-06-29,258144,1
PAY-41863,INV-89387,OMC-016,KPA Marine,GB31MOOJ96499091334123,2026-06-07,60618,1
PAY-65331,INV-22470,OMC-015,Mombasa Petroleum,GB80WOIJ43135182337498,2025-10-09,160378,1
PAY-44560,INV-97482,OMC-020,Ethiopian Oil,GB14NSVZ22219693792374,2025-06-03,23502,1
PAY-98013,INV-20184,OMC-002,Vivo Energy,GB45OQIR01845146270482,2025-09-21,237448,1
PAY-46310,INV-91915,OMC-019,Tanzania Petroleum,GB59MHYN05766270289517,2025-03-23,25597,1
PAY-62166,INV-27941,OMC-016,KPA Marine,GB31MOOJ96499091334123,2025-10-08,31856,1
PAY-76002,INV-62656,OMC-019,Tanzania Petroleum,GB59MHYN05766270289517,2026-07-22,122220,1
PAY-70296,INV-60495,OMC-002,Vivo Energy,GB45OQIR01845146270482,2025-12-10,97590,1
PAY-60503,INV-32290,OMC-003,Rubis Energy,GB04LOQO13315098393010,2025-02-28,163841,1
PAY-22921,INV-57684,OMC-015,Mombasa Petroleum,GB80WOIJ43135182337498,2026-01-12,224164,1
PAY-27069,INV-70723,OMC-019,Tanzania Petroleum,GB59MHYN05766270289517,2025-09-25,47605,1
PAY-68753,INV-98818,OMC-007,Kobil,GB37IDDX82449353487401,2025-03-29,49203,1
PAY-18501,INV-27021,OMC-009,Dalbit Petroleum,GB53VXXX35615951484656,2025-05-03,176766,1
PAY-14968,INV-83641,OMC-015,Mombasa Petroleum,GB80WOIJ43135182337498,2025-11-02,23345,1
PAY-32987,INV-61663,OMC-016,KPA Marine,GB31MOOJ96499091334123,2026-04-06,7309,2
PAY-21895,INV-47993,OMC-010,Tamoil,GB34EABH79176936763201,2025-04-25,18653,1
PAY-79492,INV-23531,OMC-014,Texol Energies,GB06ONXS45314737996507,22/11/2025," KES 26,151 ",1
PAY-39365,INV-39195,OMC-013,Lake Oil,GB88TEHE71937452991241,2026-05-21,30053,1
PAY-35524,INV-47271,OMC-007,Kobil,GB37IDDX82449353487401,2025-08-25,207452,1
PAY-36552,INV-52007,OMC-013,Lake Oil,GB88TEHE71937452991241,20/09/2025,225199,1
PAY-70727,INV-43288,OMC-019,Tanzania Petroleum,GB59MHYN05766270289517,2026-06-19,220854,1
PAY-59724,INV-32029,OMC-011,Hass Petroleum,GB56WGCN65876036690967,31/01/2026,175183,1
PAY-30996,INV-29571,OMC-008,National Oil,GB08NAFX56342160733754,2026-03-23,54568,1
PAY-78057,INV-76565,OMC-019,Tanzania Petroleum,GB59MHYN05766270289517,2026-04-08,112698,1
PAY-44082,INV-57578,OMC-009,Dalbit Petroleum,GB53VXXX35615951484656,2026-07-16,98548,1
PAY-20400,INV-35376,OMC-016,KPA Marine,GB31MOOJ96499091334123,2026-07-03,210256,1
PAY-14261,INV-22332,OMC-012,Galana Energies,GB89GWUW86379402654235,2026-06-20,9284,2
PAY-19929,INV-82688,OMC-016,KPA Marine,GB31MOOJ96499091334123,31/03/2025,101569,1
PAY-27250,INV-49398,OMC-007,Kobil,GB37IDDX82449353487401,2025-05-29,172103,1
PAY-23359,INV-18722,OMC-003,Rubis Energy,GB04LOQO13315098393010,2025-06-17,93285,1
PAY-95132,INV-97827,OMC-015,Mombasa Petroleum,GB80WOIJ43135182337498,2026-01-10,153067,1
PAY-38451,INV-99754,OMC-018,Uganda National Oil,GB36RNCH17127484677378,2026-01-18,30039,1
PAY-12289,INV-18225,OMC-002,Vivo Energy,GB45OQIR01845146270482,2025-04-24,27119,1
PAY-70588,INV-24372,OMC-001,TotalEnergies Kenya,GB06DMIO52553419283276,2026-08-01,22801,2
PAY-86083,INV-32672,OMC-006,Hashi Energy,GB05QCFC91361939909169,2025-06-05,208164,1
PAY-71610,INV-33571,OMC-008,National Oil,GB08NAFX56342160733754,2026-02-18,189283,1
PAY-54643,INV-37456,OMC-008,National Oil,GB08NAFX56342160733754,2025-11-03,170980,1
PAY-45082,INV-68080,OMC-002,Vivo Energy,GB45OQIR01845146270482,2026-02-27," KES 107,659 ",1
PAY-57345,INV-35792,OMC-019,Tanzania Petroleum,GB59MHYN05766270289517,,30608,1
PAY-15757,INV-59492,OMC-008,National Oil,GB08NAFX56342160733754,2026-06-12,193767,1
PAY-51167,INV-83583,OMC-012,Galana Energies,GB89GWUW86379402654235,2026-05-17,72707,1
PAY-45816,INV-57160,OMC-001,TotalEnergies Kenya,GB06DMIO52553419283276,2026-05-05,26053,1
PAY-38855,INV-36797,OMC-020,Ethiopian Oil,GB14NSVZ22219693792374,2026-07-28,187304,1
PAY-12295,INV-31299,OMC-015,Mombasa Petroleum,GB80WOIJ43135182337498,2026-06-07,167973,1
PAY-65781,INV-80136,OMC-017,KAA Aviation,GB54HVSS04902787429671,2026-01-01,263721,1
PAY-58546,INV-23528,OMC-006,Hashi Energy,GB05QCFC91361939909169,2025-10-16,192577,1
PAY-82141,INV-11076,OMC-001,TotalEnergies Kenya,GB06DMIO52553419283276,2025-05-11,83062,1
PAY-65344,INV-43771,OMC-014,Texol Energies,GB06ONXS45314737996507,2025-09-19,267097,1
PAY-20866,INV-97934,OMC-016,KPA Marine,GB31MOOJ96499091334123,2025-05-21,8600,2
PAY-52073,INV-85115,OMC-018,Uganda National Oil,GB36RNCH17127484677378,2025-08-31,82749,1
PAY-48093,INV-49872,OMC-007,Kobil,GB37IDDX82449353487401,2025-03-20,96630,1
PAY-78413,INV-16866,OMC-009,Dalbit Petroleum,GB53VXXX35615951484656,2026-08-16,74540,1
PAY-18233,INV-10948,OMC-011,Hass Petroleum,GB56WGCN65876036690967,2026-08-06,158182,1
PAY-53121,INV-89749,OMC-011,Hass Petroleum,GB56WGCN65876036690967,2026-03-07,31244,2
PAY-34795,INV-48852,OMC-011,Hass Petroleum,GB56WGCN65876036690967,2025-09-04,31195,1
PAY-27997,INV-18505,OMC-011,Hass Petroleum,GB56WGCN65876036690967,2026-08-11,30310,1
PAY-77233,INV-56718,OMC-012,Galana Energies,GB89GWUW86379402654235,2026-06-12,35245,1
PAY-57410,INV-23105,OMC-010,Tamoil,GB34EABH79176936763201,2025-10-03,98711,1
PAY-36755,INV-33038,OMC-010,Tamoil,GB34EABH79176936763201,2025-05-04,50367,1
PAY-10203,INV-23076,OMC-018,Uganda National Oil,GB36RNCH17127484677378,2026-03-27,149558,1
PAY-11073,INV-47073,OMC-018,Uganda National Oil,GB36RNCH17127484677378,2025-06-06,35115,1
PAY-62715,INV-40274,OMC-004,Gulf Energy,GB89GWUW86379402654235,2026-05-03,30746,1
PAY-59689,INV-24443,OMC-006,Hashi Energy,GB05QCFC91361939909169,2026-02-07,123745,1
PAY-10766,INV-68922,OMC-016,KPA Marine,GB31MOOJ96499091334123,,23301,1
PAY-50545,INV-34008,OMC-012,Galana Energies,GB89GWUW86379402654235,2026-05-10,61036,2
PAY-59606,INV-17886,OMC-005,PetroOil Kenya,GB89GWUW86379402654235,2026-03-30,39973,1
PAY-25525,INV-55268,OMC-012,Galana Energies,GB89GWUW86379402654235,2026-04-05," KES 80,222 ",1
PAY-90306,INV-83172,OMC-006,Hashi Energy,GB05QCFC91361939909169,2026-04-13,193049,1
PAY-74195,INV-98558,OMC-007,Kobil,GB37IDDX82449353487401,2025-07-10,48866,1
PAY-40766,INV-73365,OMC-019,Tanzania Petroleum,GB59MHYN05766270289517,2026-05-13,26495,1
PAY-97589,INV-43286,OMC-009,Dalbit Petroleum,GB53VXXX35615951484656,2025-07-05,31415,1
PAY-42888,INV-72580,OMC-008,National Oil,GB08NAFX56342160733754,2026-03-21,137652,1
PAY-94345,INV-37835,OMC-015,Mombasa Petroleum,GB80WOIJ43135182337498,2025-12-09,232750,1
PAY-67391,INV-40633,OMC-014,Texol Energies,GB06ONXS45314737996507,2025-05-25,22004,1
PAY-76904,INV-64052,OMC-009,Dalbit Petroleum,GB53VXXX35615951484656,2026-04-17,115295,1
PAY-69302,INV-98176,OMC-008,National Oil,GB08NAFX56342160733754,2025-04-01,15082,2
PAY-31189,INV-34187,OMC-008,National Oil,GB08NAFX56342160733754,,124982,1
PAY-68229,INV-54433,OMC-017,KAA Aviation,GB54HVSS04902787429671,2026-08-19,25121,1
PAY-89460,INV-17405,OMC-016,KPA Marine,GB31MOOJ96499091334123,,120959,1
PAY-38722,INV-98570,OMC-013,Lake Oil,GB88TEHE71937452991241,22/04/2025,36870,1
PAY-89527,INV-87514,OMC-008,National Oil,GB08NAFX56342160733754,2026-05-22,250032,1
PAY-25944,INV-89244,OMC-015,Mombasa Petroleum,GB80WOIJ43135182337498,2025-07-19,104305,1
PAY-85624,INV-65114,OMC-007,Kobil,GB37IDDX82449353487401,2025-12-29,98879,1
PAY-36953,INV-72505,OMC-018,Uganda National Oil,GB36RNCH17127484677378,2026-03-24,205737,1
PAY-89845,INV-87185,OMC-015,Mombasa Petroleum,GB80WOIJ43135182337498,2026-05-21,32770,1
PAY-34384,INV-84474,OMC-003,Rubis Energy,GB04LOQO13315098393010,2026-04-01,240707,1
PAY-61069,INV-88116,OMC-009,Dalbit Petroleum,GB53VXXX35615951484656,2026-07-25,178640,1
PAY-85271,INV-65561,OMC-012,Galana Energies,GB89GWUW86379402654235,2026-05-12,102792,1
PAY-84325,INV-40305,OMC-016,KPA Marine,GB31MOOJ96499091334123,2026-02-10,61296,2
PAY-73895,INV-38921,OMC-008,National Oil,GB08NAFX56342160733754,2026-01-30,34430,1
PAY-55418,INV-56184,OMC-005,PetroOil Kenya,GB89GWUW86379402654235,2026-06-12,100578,1
PAY-13374,INV-12337,OMC-003,Rubis Energy,GB04LOQO13315098393010,2025-11-19," KES 27,414 ",1
PAY-57753,INV-75520,OMC-002,Vivo Energy,GB45OQIR01845146270482,2025-10-23,26503,2
PAY-55395,INV-94339,OMC-003,Rubis Energy,GB04LOQO13315098393010,2026-06-08,219304,1
PAY-88316,INV-83976,OMC-013,Lake Oil,GB88TEHE71937452991241,2026-05-16,143133,1
PAY-40198,INV-53557,OMC-016,KPA Marine,GB31MOOJ96499091334123,2026-06-26,36461,1
PAY-84509,INV-70502,OMC-008,National Oil,GB08NAFX56342160733754,2025-06-18,44379,1
PAY-61131,INV-82834,OMC-009,Dalbit Petroleum,GB53VXXX35615951484656,30/04/2026,43600,1
PAY-44051,INV-41186,OMC-019,Tanzania Petroleum,GB59MHYN05766270289517,2026-06-28,72858,2
PAY-30786,INV-69817,OMC-016,KPA Marine,GB31MOOJ96499091334123,2026-03-13,60102,1
PAY-53079,INV-13726,OMC-002,Vivo Energy,GB45OQIR01845146270482,2025-02-21,35173,1
PAY-45425,INV-19917,OMC-002,Vivo Energy,GB45OQIR01845146270482,2026-03-21,43467,1
PAY-28142,INV-78351,OMC-004,Gulf Energy,GB89GWUW86379402654235,2026-05-11,7390,2
PAY-21949,INV-77326,OMC-001,TotalEnergies Kenya,GB06DMIO52553419283276,2026-01-31,61999,1
PAY-70052,INV-46066,OMC-008,National Oil,GB08NAFX56342160733754,2025-08-02,46175,1
PAY-88758,INV-79892,OMC-017,KAA Aviation,GB54HVSS04902787429671,2025-03-30,276505,1
PAY-27316,INV-22872,OMC-012,Galana Energies,GB89GWUW86379402654235,2026-05-21,199492,1
PAY-11757,INV-46864,OMC-010,Tamoil,GB34EABH79176936763201,2025-09-13,198166,1
PAY-72196,INV-45509,OMC-008,National Oil,GB08NAFX56342160733754,2025-03-05,164528,1
PAY-87659,INV-68833,OMC-012,Galana Energies,GB89GWUW86379402654235,2026-05-14,30414,1
PAY-39295,INV-50176,OMC-005,PetroOil Kenya,GB89GWUW86379402654235,2026-05-26,109950,2
PAY-82143,INV-14177,OMC-007,Kobil,GB37IDDX82449353487401,2025-05-16,152725,1
PAY-32433,INV-91696,OMC-019,Tanzania Petroleum,GB59MHYN05766270289517,2026-05-12,31941,1
PAY-25008,INV-47884,OMC-003,Rubis Energy,GB04LOQO13315098393010,16/04/2026,53881,1
PAY-64980,INV-19744,OMC-012,Galana Energies,GB89GWUW86379402654235,06/05/2026,478626,1
PAY-25030,INV-97346,OMC-020,Ethiopian Oil,GB14NSVZ22219693792374,2026-06-30,204185,1
PAY-99061,INV-91368,OMC-001,TotalEnergies Kenya,GB06DMIO52553419283276,2026-05-20,38235,1
PAY-67910,INV-58457,OMC-015,Mombasa Petroleum,GB80WOIJ43135182337498,2026-07-05,29292,1
PAY-51578,INV-67542,OMC-004,Gulf Energy,GB89GWUW86379402654235,2026-05-09,137458,1
PAY-34975,INV-82478,OMC-005,PetroOil Kenya,GB89GWUW86379402654235,2026-06-23,65261,2
PAY-35002,INV-85876,OMC-019,Tanzania Petroleum,GB59MHYN05766270289517,,38504,1
PAY-94905,INV-28524,OMC-005,PetroOil Kenya,GB89GWUW86379402654235,2026-03-14,16825,1
PAY-43279,INV-15648,OMC-012,Galana Energies,GB89GWUW86379402654235,2026-04-19," KES 287,535 ",1
PAY-25799,INV-99206,OMC-017,KAA Aviation,GB54HVSS04902787429671,2026-03-24,48172,1
PAY-96065,INV-22301,OMC-018,Uganda National Oil,GB36RNCH17127484677378,2025-06-29,74485,1
PAY-43465,INV-89796,OMC-004,Gulf Energy,GB89GWUW86379402654235,2026-04-11,96828,1
PAY-14298,INV-69337,OMC-014,Texol Energies,GB06ONXS45314737996507,2025-07-18,49830,1
PAY-97407,INV-71583,OMC-010,Tamoil,GB34EABH79176936763201,2025-02-21,42306,1
PAY-91422,INV-72181,OMC-008,National Oil,GB08NAFX56342160733754,2025-04-16,30528,2
PAY-89013,INV-10249,OMC-020,Ethiopian Oil,GB14NSVZ22219693792374,2025-12-09,174585,1
PAY-14342,INV-38797,OMC-006,Hashi Energy,GB05QCFC91361939909169,2026-01-30,84681,1
PAY-67543,INV-66729,OMC-002,Vivo Energy,GB45OQIR01845146270482,2025-06-21,99028,1
PAY-65339,INV-69377,OMC-016,KPA Marine,GB31MOOJ96499091334123,2025-04-27,43651,1
PAY-26863,INV-75584,OMC-006,Hashi Energy,GB05QCFC91361939909169,04/11/2025,53264,1
PAY-40981,INV-47873,OMC-014,Texol Energies,GB06ONXS45314737996507,2026-01-15,110245,1
PAY-62715,INV-40274,OMC-004,Gulf Energy,GB89GWUW86379402654235,2026-05-03,30746,1
PAY-74661,INV-73765,OMC-012,Galana Energies,GB89GWUW86379402654235,12/03/2026,261730,1
PAY-12550,INV-50791,OMC-007,Kobil,GB37IDDX82449353487401,2025-03-24,191543,1
PAY-49559,INV-66353,OMC-014,Texol Energies,GB06ONXS45314737996507,2026-04-20,98589,1
PAY-53631,INV-51191,OMC-004,Gulf Energy,GB89GWUW86379402654235,2026-03-28,13409,1
PAY-98418,INV-98844,OMC-003,Rubis Energy,GB04LOQO13315098393010,2026-01-26,51440,1
PAY-28551,INV-87514,OMC-013,Lake Oil,GB88TEHE71937452991241,2026-01-30,174807,1
PAY-14114,INV-37464,OMC-005,PetroOil Kenya,GB89GWUW86379402654235,2026-05-12,45161,2
PAY-26922,INV-62724,OMC-007,Kobil,GB37IDDX82449353487401,2026-06-29,180910,1
PAY-83495,INV-44462,OMC-018,Uganda National Oil,GB36RNCH17127484677378,2026-07-20,160364,1
PAY-71844,INV-98655,OMC-013,Lake Oil,GB88TEHE71937452991241,2025-08-29,59941,1
PAY-67678,INV-43910,OMC-015,Mombasa Petroleum,GB80WOIJ43135182337498,2025-11-19," KES 35,519 ",1
PAY-22610,INV-34834,OMC-012,Galana Energies,GB89GWUW86379402654235,2026-05-25,61333,2
PAY-41442,INV-28622,OMC-003,Rubis Energy,GB04LOQO13315098393010,,73082,1
PAY-55604,INV-55221,OMC-014,Texol Energies,GB06ONXS45314737996507,2025-09-13,115714,2
PAY-46482,INV-62384,OMC-002,Vivo Energy,GB45OQIR01845146270482,2025-04-28,91002,1
PAY-76238,INV-39540,OMC-001,TotalEnergies Kenya,GB06DMIO52553419283276,2026-04-04,139827,1
PAY-42771,INV-42117,OMC-016,KPA Marine,GB31MOOJ96499091334123,2025-10-09,41215,1
PAY-76993,INV-41425,OMC-019,Tanzania Petroleum,GB59MHYN05766270289517,2025-08-11,57900,1
PAY-11449,INV-36543,OMC-004,Gulf Energy,GB89GWUW86379402654235,2026-06-02,21062,2
PAY-31645,INV-16025,OMC-015,Mombasa Petroleum,GB80WOIJ43135182337498,2026-07-03,94806,1
PAY-79421,INV-26710,OMC-008,National Oil,GB08NAFX56342160733754,2025-07-13,53263,1
PAY-98776,INV-96146,OMC-018,Uganda National Oil,GB36RNCH17127484677378,2026-01-01,158755,1
PAY-93641,INV-56879,OMC-019,Tanzania Petroleum,GB59MHYN05766270289517,2025-03-12,103607,1
PAY-39161,INV-97790,OMC-014,Texol Energies,GB06ONXS45314737996507,2026-02-16,52431,1
PAY-52290,INV-23628,OMC-017,KAA Aviation,GB54HVSS04902787429671,2025-04-26,198931,1
PAY-18737,INV-68136,OMC-009,Dalbit Petroleum,GB53VXXX35615951484656,2025-04-28,230353,1
PAY-62019,INV-39167,OMC-013,Lake Oil,GB88TEHE71937452991241,2026-07-11," KES 28,368 ",1
PAY-77715,INV-98755,OMC-016,KPA Marine,GB31MOOJ96499091334123,2026-05-02,255359,1
PAY-48544,INV-41634,OMC-005,PetroOil Kenya,GB89GWUW86379402654235,2026-06-22,9482,2
PAY-50561,INV-31643,OMC-019,Tanzania Petroleum,GB59MHYN05766270289517,2025-11-23,248088,1
PAY-11270,INV-56366,OMC-010,Tamoil,GB34EABH79176936763201,2026-03-01,23105,1
PAY-78091,INV-64609,OMC-010,Tamoil,GB34EABH79176936763201,2026-01-05,168230,1
PAY-33823,INV-85249,OMC-015,Mombasa Petroleum,GB80WOIJ43135182337498,2026-07-04,130391,1
PAY-55527,INV-24928,OMC-001,TotalEnergies Kenya,GB06DMIO52553419283276,2026-05-18,28149,2
PAY-38294,INV-64059,OMC-011,Hass Petroleum,GB56WGCN65876036690967,2026-07-20,105386,1
PAY-72495,INV-85038,OMC-014,Texol Energies,GB06ONXS45314737996507,2026-06-10,120500,1
PAY-93569,INV-87196,OMC-013,Lake Oil,GB88TEHE71937452991241,2026-04-11,59208,1
PAY-95775,INV-16773,OMC-009,Dalbit Petroleum,GB53VXXX35615951484656,2026-07-08,36516,2
PAY-57524,INV-88230,OMC-014,Texol Energies,GB06ONXS45314737996507,2026-03-21,40314,1
PAY-70196,INV-62879,OMC-019,Tanzania Petroleum,GB59MHYN05766270289517,2025-09-18," KES 204,388 ",1
PAY-55190,INV-30394,OMC-020,Ethiopian Oil,GB14NSVZ22219693792374,2026-06-02,111094,1
PAY-88570,INV-55327,OMC-009,Dalbit Petroleum,GB53VXXX35615951484656,2025-06-27,32353,1
PAY-23024,INV-75049,OMC-014,Texol Energies,GB06ONXS45314737996507,2025-12-08,69610,1
PAY-34896,INV-95507,OMC-013,Lake Oil,GB88TEHE71937452991241,2025-11-24,138475,1
PAY-76943,INV-91967,OMC-012,Galana Energies,GB89GWUW86379402654235,2026-05-14,92737,1
PAY-92354,INV-64773,OMC-001,TotalEnergies Kenya,GB06DMIO52553419283276,28/07/2026,59421,2
PAY-72272,INV-84264,OMC-007,Kobil,GB37IDDX82449353487401,2025-10-20,61335,1
PAY-44370,INV-63818,OMC-010,Tamoil,GB34EABH79176936763201,2025-05-06,34733,1
PAY-10384,INV-51184,OMC-001,TotalEnergies Kenya,GB06DMIO52553419283276,2025-09-28,54682,1
PAY-70944,INV-94624,OMC-001,TotalEnergies Kenya,GB06DMIO52553419283276,2025-10-23,147997,1
PAY-28434,INV-45049,OMC-005,PetroOil Kenya,GB89GWUW86379402654235,2026-05-20,127995,1
PAY-79425,INV-59991,OMC-011,Hass Petroleum,GB56WGCN65876036690967,2025-06-11,106551,1
PAY-72341,INV-45984,OMC-017,KAA Aviation,GB54HVSS04902787429671,2025-09-13,219531,1
PAY-50415,INV-56177,OMC-010,Tamoil,GB34EABH79176936763201,2025-11-15,30811,1
PAY-25426,INV-71499,OMC-018,Uganda National Oil,GB36RNCH17127484677378,2025-05-18,294867,1
PAY-82301,INV-35739,OMC-006,Hashi Energy,GB05QCFC91361939909169,2025-01-29,27411,1
PAY-44282,INV-43579,OMC-005,PetroOil Kenya,GB89GWUW86379402654235,2026-03-25," KES 128,872 ",1
PAY-20096,INV-22971,OMC-016,KPA Marine,GB31MOOJ96499091334123,2025-06-01,128094,1
PAY-75383,INV-28222,OMC-017,KAA Aviation,GB54HVSS04902787429671,2026-02-24,234059,1
PAY-11556,INV-90030,OMC-017,KAA Aviation,GB54HVSS04902787429671,2026-04-27,40556,1
PAY-69148,INV-74273,OMC-010,Tamoil,GB34EABH79176936763201,,29380,1
PAY-96218,INV-71370,OMC-016,KPA Marine,GB31MOOJ96499091334123,2026-02-08," KES 187,216 ",1
PAY-35605,INV-13329,OMC-009,Dalbit Petroleum,GB53VXXX35615951484656,2026-07-08,162857,1
PAY-28264,INV-85925,OMC-014,Texol Energies,GB06ONXS45314737996507,2025-06-22,65990,2
PAY-60876,INV-20077,OMC-012,Galana Energies,GB89GWUW86379402654235,2026-06-16,78031,1
PAY-24993,INV-98814,OMC-004,Gulf Energy,GB89GWUW86379402654235,2026-03-05,17477,1
PAY-80549,INV-30140,OMC-012,Galana Energies,GB89GWUW86379402654235,2026-04-09,210505,1
PAY-80516,INV-49783,OMC-002,Vivo Energy,GB45OQIR01845146270482,2025-07-30,174589,1
PAY-36030,INV-63055,OMC-016,KPA Marine,GB31MOOJ96499091334123,2025-09-21,238681,1
PAY-29819,INV-63110,OMC-007,Kobil,GB37IDDX82449353487401,12/03/2026,26295,1
PAY-57485,INV-36104,OMC-002,Vivo Energy,GB45OQIR01845146270482,2025-05-02,259158,1
PAY-50928,INV-32287,OMC-001,TotalEnergies Kenya,GB06DMIO52553419283276,,41212,2
PAY-87725,INV-65525,OMC-009,Dalbit Petroleum,GB53VXXX35615951484656,2026-08-25,63615,1
PAY-15019,INV-18112,OMC-015,Mombasa Petroleum,GB80WOIJ43135182337498,2025-03-24,120852,1
PAY-58824,INV-36128,OMC-012,Galana Energies,GB89GWUW86379402654235,2026-07-03,47146,2
PAY-47908,INV-72775,OMC-009,Dalbit Petroleum,GB53VXXX35615951484656,2025-10-31,316065,1
PAY-36048,INV-27366,OMC-013,Lake Oil,GB88TEHE71937452991241,2026-01-07,55985,1
PAY-10272,INV-46835,OMC-019,Tanzania Petroleum,GB59MHYN05766270289517,27/12/2025,177458,1
PAY-20317,INV-43318,OMC-001,TotalEnergies Kenya,GB06DMIO52553419283276,2025-10-12,121219,1
PAY-21901,INV-97318,OMC-001,TotalEnergies Kenya,GB06DMIO52553419283276,2026-06-05,62589,1
PAY-29545,INV-84262,OMC-020,Ethiopian Oil,GB14NSVZ22219693792374,2025-11-30,162503,1
PAY-12412,INV-45373,OMC-017,KAA Aviation,GB54HVSS04902787429671,2025-11-23,168659,1
PAY-74446,INV-31536,OMC-001,TotalEnergies Kenya,GB06DMIO52553419283276,2025-05-01,56729,1
PAY-86234,INV-44953,OMC-011,Hass Petroleum,GB56WGCN65876036690967,2025-04-29,37270,1
PAY-98155,INV-83021,OMC-020,Ethiopian Oil,GB14NSVZ22219693792374,2025-03-07,250167,1
PAY-94225,INV-45457,OMC-016,KPA Marine,GB31MOOJ96499091334123,2025-07-09,30593,1
PAY-42282,INV-17374,OMC-002,Vivo Energy,GB45OQIR01845146270482,2025-10-18,27285,1
PAY-93462,INV-12337,OMC-003,Rubis Energy,GB04LOQO13315098393010,2025-12-17,19304,2
PAY-72880,INV-86362,OMC-017,KAA Aviation,GB54HVSS04902787429671,2026-05-21,210149,1
PAY-11722,INV-12618,OMC-008,National Oil,GB08NAFX56342160733754,2025-08-18,61874,1
PAY-51455,INV-43735,OMC-009,Dalbit Petroleum,GB53VXXX35615951484656,2025-03-28,13008,2
PAY-16952,INV-45985,OMC-009,Dalbit Petroleum,GB53VXXX35615951484656,2025-12-06,169947,1
PAY-31469,INV-39318,OMC-014,Texol Energies,GB06ONXS45314737996507,2025-09-19,79223,2
PAY-87356,INV-38128,OMC-008,National Oil,GB08NAFX56342160733754,2025-06-20,35623,1
PAY-21137,INV-52994,OMC-014,Texol Energies,GB06ONXS45314737996507,2026-01-26," KES 39,560 ",1
PAY-15750,INV-68113,OMC-020,Ethiopian Oil,GB14NSVZ22219693792374,2025-04-02,30701,1
PAY-56581,INV-62442,OMC-007,Kobil,GB37IDDX82449353487401,2025-12-09,215730,1
PAY-77986,INV-29666,OMC-009,Dalbit Petroleum,GB53VXXX35615951484656,2025-09-11,32736,2
PAY-98604,INV-63240,OMC-014,Texol Energies,GB06ONXS45314737996507,2026-06-01,11699,2
PAY-22628,INV-99738,OMC-002,Vivo Energy,GB45OQIR01845146270482,,22310,1
PAY-76394,INV-86069,OMC-009,Dalbit Petroleum,GB53VXXX35615951484656,2026-08-14,64170,1
PAY-34307,INV-92073,OMC-017,KAA Aviation,GB54HVSS04902787429671,2025-10-30,127368,1
PAY-94318,INV-65033,OMC-019,Tanzania Petroleum,GB59MHYN05766270289517,2026-03-04,44874,2
PAY-64147,INV-14454,OMC-006,Hashi Energy,GB05QCFC91361939909169,2025-07-21,28175,1
PAY-76542,INV-87907,OMC-016,KPA Marine,GB31MOOJ96499091334123,2025-12-24,25661,2
PAY-48325,INV-41135,OMC-002,Vivo Energy,GB45OQIR01845146270482,2025-12-04,59285,1
PAY-96806,INV-66912,OMC-002,Vivo Energy,GB45OQIR01845146270482,2026-01-06,114108,1
PAY-54702,INV-38989,OMC-011,Hass Petroleum,GB56WGCN65876036690967,2026-07-22,45104,1
PAY-68879,INV-27916,OMC-016,KPA Marine,GB31MOOJ96499091334123,2025-11-19,282833,1
PAY-95543,INV-94474,OMC-011,Hass Petroleum,GB56WGCN65876036690967,2025-06-14,44135,1
PAY-97369,INV-69787,OMC-013,Lake Oil,GB88TEHE71937452991241,2026-05-30,247985,1
PAY-93330,INV-85979,OMC-005,PetroOil Kenya,GB89GWUW86379402654235,2026-04-01,37476,1
PAY-14680,INV-82800,OMC-007,Kobil,GB37IDDX82449353487401,2026-01-04,203061,1
PAY-37849,INV-95150,OMC-004,Gulf Energy,GB89GWUW86379402654235,2026-05-29,48192,2
PAY-81388,INV-49619,OMC-005,PetroOil Kenya,GB89GWUW86379402654235,2026-04-28,8786,2
PAY-32848,INV-16975,OMC-016,KPA Marine,GB31MOOJ96499091334123,2026-04-27,135493,1
PAY-18462,INV-86945,OMC-001,TotalEnergies Kenya,GB06DMIO52553419283276,2025-12-06,74728,2
PAY-68712,INV-16177,OMC-004,Gulf Energy,GB89GWUW86379402654235,2026-04-09,58268,1
PAY-63600,INV-87638,OMC-012,Galana Energies,GB89GWUW86379402654235,2026-04-17,51931,1
PAY-98509,INV-77282,OMC-010,Tamoil,GB34EABH79176936763201,2025-09-07,26494,1
PAY-42151,INV-18006,OMC-001,TotalEnergies Kenya,GB06DMIO52553419283276,2025-03-26,10622,2
PAY-37431,INV-17969,OMC-009,Dalbit Petroleum,GB53VXXX35615951484656,2026-01-05,25650,1
PAY-39555,INV-36736,OMC-013,Lake Oil,GB88TEHE71937452991241,26/11/2025,155186,1
PAY-42492,INV-84332,OMC-015,Mombasa Petroleum,GB80WOIJ43135182337498,2025-10-04,119689,1
PAY-20714,INV-90612,OMC-009,Dalbit Petroleum,GB53VXXX35615951484656,2025-02-05,60078,1
PAY-19669,INV-13146,OMC-010,Tamoil,GB34EABH79176936763201,2026-07-07,32708,2
PAY-86608,INV-42987,OMC-009,Dalbit Petroleum,GB53VXXX35615951484656,2025-03-19,126825,1
PAY-17425,INV-46016,OMC-003,Rubis Energy,GB04LOQO13315098393010,2026-01-20,131836,1
PAY-89189,INV-68275,OMC-009,Dalbit Petroleum,GB53VXXX35615951484656,2026-03-15,83549,1
PAY-14505,INV-40133,OMC-002,Vivo Energy,GB45OQIR01845146270482,2026-07-17,43091,1
PAY-50258,INV-91514,OMC-005,PetroOil Kenya,GB89GWUW86379402654235,2026-06-08,14515,2
PAY-58503,INV-55464,OMC-004,Gulf Energy,GB89GWUW86379402654235,2026-04-04,19219,2
PAY-72703,INV-98295,OMC-014,Texol Energies,GB06ONXS45314737996507,2026-06-08,210649,1
PAY-53073,INV-73877,OMC-013,Lake Oil,GB88TEHE71937452991241,2025-04-26,40322,1
PAY-46865,INV-86856,OMC-015,Mombasa Petroleum,GB80WOIJ43135182337498,2025-09-06,127904,1
PAY-99006,INV-87204,OMC-005,PetroOil Kenya,GB89GWUW86379402654235,2026-04-27,53540,1
PAY-17972,INV-92481,OMC-020,Ethiopian Oil,GB14NSVZ22219693792374,2025-05-18,103165,1
PAY-71778,INV-75128,OMC-008,National Oil,GB08NAFX56342160733754,2025-12-08,112339,1
PAY-40432,INV-70026,OMC-006,Hashi Energy,GB05QCFC91361939909169,2026-03-14,162054,1
PAY-27709,INV-57326,OMC-011,Hass Petroleum,GB56WGCN65876036690967,2025-04-27,66769,2
PAY-60760,INV-12608,OMC-003,Rubis Energy,GB04LOQO13315098393010,2025-11-29,26683,1
PAY-68501,INV-39883,OMC-016,KPA Marine,GB31MOOJ96499091334123,2025-06-13,56548,1
PAY-91480,INV-35902,OMC-016,KPA Marine,GB31MOOJ96499091334123,2025-06-29,8151,2
PAY-57754,INV-51314,OMC-012,Galana Energies,GB89GWUW86379402654235,2026-05-05,20864,1
PAY-57065,INV-52981,OMC-018,Uganda National Oil,GB36RNCH17127484677378,14/01/2026,33888,1
PAY-97981,INV-81252,OMC-014,Texol Energies,GB06ONXS45314737996507,2026-02-07,14664,2
PAY-71788,INV-72044,OMC-015,Mombasa Petroleum,GB80WOIJ43135182337498,2025-07-12,30068,1
PAY-33747,INV-46158,OMC-017,KAA Aviation,GB54HVSS04902787429671,2025-11-03,114040,1
PAY-74002,INV-59966,OMC-006,Hashi Energy,GB05QCFC91361939909169,2025-08-08,57645,1
PAY-67125,INV-10261,OMC-008,National Oil,GB08NAFX56342160733754,2025-10-05,271899,1
PAY-96236,INV-96688,OMC-018,Uganda National Oil,GB36RNCH17127484677378,2025-08-23,213606,1
PAY-98229,INV-57213,OMC-015,Mombasa Petroleum,GB80WOIJ43135182337498,2025-03-28,244276,1
PAY-29193,INV-53564,OMC-016,KPA Marine,GB31MOOJ96499091334123,2025-11-14,107549,1
PAY-88095,INV-60223,OMC-016,KPA Marine,GB31MOOJ96499091334123,2025-02-10,233323,1
PAY-75429,INV-44301,OMC-001,TotalEnergies Kenya,GB06DMIO52553419283276,2025-02-06,36511,1
PAY-28213,INV-14629,OMC-010,Tamoil,GB34EABH79176936763201,2025-05-14,34881,1
PAY-84134,INV-56778,OMC-019,Tanzania Petroleum,GB59MHYN05766270289517,2025-05-25,162586,1
PAY-66155,INV-94984,OMC-008,National Oil,GB08NAFX56342160733754,2026-06-29,90636,1
PAY-49733,INV-61722,OMC-001,TotalEnergies Kenya,GB06DMIO52553419283276,2026-01-24,102882,1
PAY-75787,INV-16226,OMC-011,Hass Petroleum,GB56WGCN65876036690967,2025-08-28,53813,1
PAY-74192,INV-53532,OMC-014,Texol Energies,GB06ONXS45314737996507,,50540,2
PAY-78896,INV-14148,OMC-009,Dalbit Petroleum,GB53VXXX35615951484656,2025-03-12,10916,2
PAY-58911,INV-94261,OMC-002,Vivo Energy,GB45OQIR01845146270482,2026-02-15,37813,1
PAY-22535,INV-85375,OMC-008,National Oil,GB08NAFX56342160733754,2026-06-18,30594,1
PAY-82689,INV-86387,OMC-012,Galana Energies,GB89GWUW86379402654235,2026-03-18,7225,2
PAY-12992,INV-97487,OMC-017,KAA Aviation,GB54HVSS04902787429671,2026-03-24,216210,1
PAY-29425,INV-23513,OMC-004,Gulf Energy,GB89GWUW86379402654235,2026-04-21,21975,1
PAY-18769,INV-46740,OMC-008,National Oil,GB08NAFX56342160733754,2026-03-23,150427,1
PAY-74318,INV-92768,OMC-005,PetroOil Kenya,GB89GWUW86379402654235,2026-06-09,83594,2
PAY-16472,INV-15484,OMC-018,Uganda National Oil,GB36RNCH17127484677378,2025-08-01,33514,1
PAY-89539,INV-57073,OMC-019,Tanzania Petroleum,GB59MHYN05766270289517,2026-04-11,40640,1
PAY-80123,INV-93849,OMC-001,TotalEnergies Kenya,GB06DMIO52553419283276,2025-12-24,44978,2
PAY-97572,INV-33257,OMC-003,Rubis Energy,GB04LOQO13315098393010,2026-05-01,53539,1
PAY-46098,INV-53215,OMC-020,Ethiopian Oil,GB14NSVZ22219693792374,09/07/2025,45568,1
PAY-24776,INV-39078,OMC-019,Tanzania Petroleum,GB59MHYN05766270289517,2025-10-19,60181,1
PAY-39610,INV-92373,OMC-020,Ethiopian Oil,GB14NSVZ22219693792374,08/03/2026,80909,1
PAY-24851,INV-40556,OMC-001,TotalEnergies Kenya,GB06DMIO52553419283276,2026-06-18,210914,1
PAY-89655,INV-78606,OMC-007,Kobil,GB37IDDX82449353487401,2026-01-09,78734,1
PAY-70712,INV-42012,OMC-016,KPA Marine,GB31MOOJ96499091334123,2026-02-03,14489,2
PAY-19665,INV-23139,OMC-004,Gulf Energy,GB89GWUW86379402654235,2026-06-10,46806,1
PAY-91541,INV-16614,OMC-005,PetroOil Kenya,GB89GWUW86379402654235,2026-06-09,78864,2
PAY-97890,INV-45952,OMC-012,Galana Energies,GB89GWUW86379402654235,2026-03-09,84796,1
PAY-60445,INV-79615,OMC-010,Tamoil,GB34EABH79176936763201,2026-02-22,166493,1
PAY-11015,INV-63536,OMC-014,Texol Energies,GB06ONXS45314737996507,2026-04-12,44381,1
PAY-22046,INV-73429,OMC-016,KPA Marine,GB31MOOJ96499091334123,2026-02-28,139689,1
PAY-47570,INV-59634,OMC-007,Kobil,GB37IDDX82449353487401,2025-04-02,16530,2
PAY-87963,INV-35614,OMC-009,Dalbit Petroleum,GB53VXXX35615951484656,2025-04-08,88813,1
PAY-40943,INV-33097,OMC-016,KPA Marine,GB31MOOJ96499091334123,2026-07-25,63647,1
PAY-49294,INV-54437,OMC-003,Rubis Energy,GB04LOQO13315098393010,2026-01-25,100877,1
PAY-57639,INV-48484,OMC-007,Kobil,GB37IDDX82449353487401,2026-04-06,62925,1
PAY-84076,INV-26848,OMC-018,Uganda National Oil,GB36RNCH17127484677378,2025-08-23,134130,1
PAY-24688,INV-65886,OMC-019,Tanzania Petroleum,GB59MHYN05766270289517,2026-07-13,53590,1
PAY-26262,INV-36405,OMC-006,Hashi Energy,GB05QCFC91361939909169,2025-04-20,247723,1
PAY-21066,INV-96406,OMC-016,KPA Marine,GB31MOOJ96499091334123,2025-06-10,21535,1
PAY-57949,INV-90711,OMC-008,National Oil,GB08NAFX56342160733754,2025-10-08,9152,2
PAY-23574,INV-40122,OMC-008,National Oil,GB08NAFX56342160733754,2025-02-17,129901,1
PAY-83592,INV-66784,OMC-018,Uganda National Oil,GB36RNCH17127484677378,2025-05-13," KES 181,863 ",1
PAY-89302,INV-33313,OMC-014,Texol Energies,GB06ONXS45314737996507,2026-08-07,263389,1
PAY-21508,INV-19132,OMC-017,KAA Aviation,GB54HVSS04902787429671,2025-06-13,125251,1
PAY-64800,INV-62958,OMC-012,Galana Energies,GB89GWUW86379402654235,2026-03-30,60388,2
PAY-85129,INV-93340,OMC-001,TotalEnergies Kenya,GB06DMIO52553419283276,2026-05-03,173182,1
PAY-45102,INV-17107,OMC-009,Dalbit Petroleum,GB53VXXX35615951484656,2026-03-07,211462,1
PAY-26333,INV-44935,OMC-007,Kobil,GB37IDDX82449353487401,,103796,1
PAY-30170,INV-86440,OMC-002,Vivo Energy,GB45OQIR01845146270482,2026-04-02,52550,1
PAY-17646,INV-27517,OMC-011,Hass Petroleum,GB56WGCN65876036690967,2026-06-09,115728,1
PAY-31086,INV-24067,OMC-002,Vivo Energy,GB45OQIR01845146270482,2025-12-27,55813,1
PAY-97976,INV-79825,OMC-016,KPA Marine,GB31MOOJ96499091334123,2026-05-01,150783,1
PAY-99121,INV-29129,OMC-019,Tanzania Petroleum,GB59MHYN05766270289517,2026-01-04," KES 146,102 ",1
PAY-58167,INV-50569,OMC-013,Lake Oil,GB88TEHE71937452991241,10/09/2025,29403,1
PAY-79813,INV-54470,OMC-008,National Oil,GB08NAFX56342160733754,2025-12-06,60537,1
PAY-11429,INV-24125,OMC-016,KPA Marine,GB31MOOJ96499091334123,2025-03-08,18499,2
PAY-71464,INV-65582,OMC-001,TotalEnergies Kenya,GB06DMIO52553419283276,2026-06-20," KES 284,980 ",1
PAY-27695,INV-34256,OMC-005,PetroOil Kenya,GB89GWUW86379402654235,2026-05-03,145968,1
PAY-70441,INV-70424,OMC-003,Rubis Energy,GB04LOQO13315098393010,30/04/2026," KES 236,394 ",1
PAY-83540,INV-46696,OMC-009,Dalbit Petroleum,GB53VXXX35615951484656,2026-05-15,259572,1
PAY-51550,INV-15657,OMC-013,Lake Oil,GB88TEHE71937452991241,2026-06-01,271997,1
PAY-57163,INV-96349,OMC-001,TotalEnergies Kenya,GB06DMIO52553419283276,2026-03-25,192477,1
PAY-51518,INV-53217,OMC-018,Uganda National Oil,GB36RNCH17127484677378,2025-06-15,265035,1
PAY-95316,INV-31536,OMC-019,Tanzania Petroleum,GB59MHYN05766270289517,2026-05-27,145088,1
PAY-44355,INV-43258,OMC-020,Ethiopian Oil,GB14NSVZ22219693792374,2026-04-02," KES 132,748 ",1
PAY-83844,INV-39106,OMC-014,Texol Energies,GB06ONXS45314737996507,2025-07-31,94345,1
PAY-28132,INV-82753,OMC-018,Uganda National Oil,GB36RNCH17127484677378,2026-02-13,69071,2
PAY-18396,INV-34632,OMC-002,Vivo Energy,GB45OQIR01845146270482,2026-02-23,260384,1
PAY-60445,INV-79615,OMC-010,Tamoil,GB34EABH79176936763201,,166493,1
PAY-59664,INV-14547,OMC-006,Hashi Energy,GB05QCFC91361939909169,2025-05-14,124308,1
PAY-35936,INV-72899,OMC-009,Dalbit Petroleum,GB53VXXX35615951484656,2026-02-25,95413,2
PAY-96134,INV-70962,OMC-001,TotalEnergies Kenya,GB06DMIO52553419283276,2025-10-31,173489,1
PAY-25079,INV-97844,OMC-004,Gulf Energy,GB89GWUW86379402654235,2026-04-16,62696,1
PAY-63281,INV-40290,OMC-010,Tamoil,GB34EABH79176936763201,2025-06-17,156498,1
PAY-92769,INV-57013,OMC-002,Vivo Energy,GB45OQIR01845146270482,2025-08-18,191493,1
PAY-56566,INV-82305,OMC-003,Rubis Energy,GB04LOQO13315098393010,2025-04-03,120811,1
PAY-39182,INV-49440,OMC-005,PetroOil Kenya,GB89GWUW86379402654235,2026-06-21,13884,1
PAY-11320,INV-97519,OMC-004,Gulf Energy,GB89GWUW86379402654235,2026-04-11,71045,1
PAY-26821,INV-33838,OMC-013,Lake Oil,GB88TEHE71937452991241,2025-08-30,58867,1
PAY-89841,INV-13101,OMC-015,Mombasa Petroleum,GB80WOIJ43135182337498,2026-04-06," KES 57,625 ",1
PAY-81430,INV-45927,OMC-008,National Oil,GB08NAFX56342160733754,2025-07-22,97944,1
PAY-87685,INV-53940,OMC-002,Vivo Energy,GB45OQIR01845146270482,03/06/2025,41258,1
PAY-79781,INV-85853,OMC-012,Galana Energies,GB89GWUW86379402654235,2026-05-29,39101,2
PAY-49268,INV-97934,OMC-016,KPA Marine,GB31MOOJ96499091334123,2025-04-24,14220,1
PAY-79097,INV-80933,OMC-011,Hass Petroleum,GB56WGCN65876036690967,2025-04-06,209064,1
PAY-85233,INV-60174,OMC-001,TotalEnergies Kenya,GB06DMIO52553419283276,2026-01-26,25372,1
PAY-71432,INV-75208,OMC-017,KAA Aviation,GB54HVSS04902787429671,2026-04-06,164963,1
PAY-14522,INV-74762,OMC-001,TotalEnergies Kenya,GB06DMIO52553419283276,2025-12-09,43831,2
PAY-22323,INV-56265,OMC-007,Kobil,GB37IDDX82449353487401,2025-08-03,179102,1
PAY-23872,INV-49134,OMC-003,Rubis Energy,GB04LOQO13315098393010,2025-07-15,220528,1
PAY-67212,INV-39396,OMC-012,Galana Energies,GB89GWUW86379402654235,2026-04-19," KES 37,559 ",1
PAY-62968,INV-20575,OMC-011,Hass Petroleum,GB56WGCN65876036690967,2025-06-17,36552,1
PAY-50819,INV-58982,OMC-016,KPA Marine,GB31MOOJ96499091334123,29/03/2026," KES 276,736 ",1
PAY-72973,INV-33211,OMC-004,Gulf Energy,GB89GWUW86379402654235,2026-03-27," KES 41,762 ",1
PAY-13687,INV-69948,OMC-008,National Oil,GB08NAFX56342160733754,2026-05-16,53450,1
PAY-75541,INV-64733,OMC-020,Ethiopian Oil,GB14NSVZ22219693792374,2025-04-25,48868,1
PAY-14002,INV-39790,OMC-005,PetroOil Kenya,GB89GWUW86379402654235,2026-06-11,34565,1
PAY-99053,INV-88231,OMC-010,Tamoil,GB34EABH79176936763201,2026-03-27,28322,1
PAY-48170,INV-25568,OMC-014,Texol Energies,GB06ONXS45314737996507,2025-05-02,24520,1
PAY-29315,INV-91997,OMC-016,KPA Marine,GB31MOOJ96499091334123,2025-08-30," KES 39,336 ",1
PAY-74655,INV-64380,OMC-013,Lake Oil,GB88TEHE71937452991241,2026-05-16,181914,1
PAY-64389,INV-58891,OMC-008,National Oil,GB08NAFX56342160733754,2025-07-10,105968,1
PAY-64926,INV-67863,OMC-019,Tanzania Petroleum,GB59MHYN05766270289517,2026-02-26," KES 285,523 ",1
PAY-21706,INV-20269,OMC-013,Lake Oil,GB88TEHE71937452991241,2025-02-24,140447,1
PAY-43985,INV-74080,OMC-008,National Oil,GB08NAFX56342160733754,2026-04-08,277714,1
PAY-56959,INV-29929,OMC-016,KPA Marine,GB31MOOJ96499091334123,2025-07-02,154281,1
PAY-91826,INV-95130,OMC-002,Vivo Energy,GB45OQIR01845146270482,24/08/2025,27827,1
PAY-93771,INV-76288,OMC-008,National Oil,GB08NAFX56342160733754,2025-12-15,73194,1
PAY-53015,INV-35168,OMC-001,TotalEnergies Kenya,GB06DMIO52553419283276,2026-01-03,209588,1
PAY-41565,INV-50308,OMC-014,Texol Energies,GB06ONXS45314737996507,2026-08-06,243618,1
PAY-99349,INV-53485,OMC-011,Hass Petroleum,GB56WGCN65876036690967,2026-05-28,25901,1
PAY-80424,INV-91491,OMC-012,Galana Energies,GB89GWUW86379402654235,2026-06-12,8511,2
PAY-51759,INV-73778,OMC-010,Tamoil,GB34EABH79176936763201,2025-04-13," KES 148,240 ",1
PAY-97635,INV-39299,OMC-008,National Oil,GB08NAFX56342160733754,2026-02-01," KES 65,747 ",1
PAY-60819,INV-27137,OMC-004,Gulf Energy,GB89GWUW86379402654235,2026-03-28,24373,2
PAY-18575,INV-76121,OMC-018,Uganda National Oil,GB36RNCH17127484677378,2026-06-14,211725,1
PAY-76862,INV-39516,OMC-014,Texol Energies,GB06ONXS45314737996507,2026-06-22,110310,1
PAY-32307,INV-57634,OMC-015,Mombasa Petroleum,GB80WOIJ43135182337498,2025-04-26,258090,1
PAY-55407,INV-99557,OMC-014,Texol Energies,GB06ONXS45314737996507,14/02/2026,18888,1
PAY-42996,INV-16777,OMC-015,Mombasa Petroleum,GB80WOIJ43135182337498,2025-03-21,39344,1
PAY-73589,INV-83827,OMC-015,Mombasa Petroleum,GB80WOIJ43135182337498,2026-02-12,109631,1
PAY-52679,INV-59720,OMC-016,KPA Marine,GB31MOOJ96499091334123,2026-02-06,104045,1
PAY-17478,INV-20727,OMC-004,Gulf Energy,GB89GWUW86379402654235,2026-03-07,23469,1
PAY-33898,INV-67414,OMC-017,KAA Aviation,GB54HVSS04902787429671,2026-01-27," KES 31,175 ",1
PAY-94149,INV-93692,OMC-004,Gulf Energy,GB89GWUW86379402654235,2026-03-03,44752,1
PAY-18095,INV-57084,OMC-019,Tanzania Petroleum,GB59MHYN05766270289517,2025-05-07,47415,1
PAY-64026,INV-32342,OMC-010,Tamoil,GB34EABH79176936763201,2025-08-21,21605,1
PAY-19965,INV-38846,OMC-002,Vivo Energy,GB45OQIR01845146270482,2026-01-16," KES 84,360 ",2
PAY-74336,INV-28563,OMC-003,Rubis Energy,GB04LOQO13315098393010,2025-10-05,147159,1
PAY-83385,INV-29291,OMC-007,Kobil,GB37IDDX82449353487401,2025-04-29,35182,1
PAY-84718,INV-43994,OMC-020,Ethiopian Oil,GB14NSVZ22219693792374,2025-03-19,24474,1
PAY-71190,INV-65562,OMC-011,Hass Petroleum,GB56WGCN65876036690967,2025-10-24,119302,1
PAY-12299,INV-93562,OMC-007,Kobil,GB37IDDX82449353487401,2025-09-22,239670,1
PAY-36907,INV-93208,OMC-019,Tanzania Petroleum,GB59MHYN05766270289517,31/03/2026,14411,2
PAY-41548,INV-76086,OMC-019,Tanzania Petroleum,GB59MHYN05766270289517,2026-07-24,144972,1
PAY-20885,INV-81933,OMC-016,KPA Marine,GB31MOOJ96499091334123,2026-07-01,149209,1
PAY-57767,INV-13699,OMC-015,Mombasa Petroleum,GB80WOIJ43135182337498,2026-01-26,170270,1
PAY-24141,INV-78941,OMC-019,Tanzania Petroleum,GB59MHYN05766270289517,2026-02-03,48383,1
PAY-61710,INV-34402,OMC-011,Hass Petroleum,GB56WGCN65876036690967,2025-09-13,272199,1
PAY-30204,INV-28848,OMC-005,PetroOil Kenya,GB89GWUW86379402654235,2026-05-07,10839,2
PAY-10296,INV-46558,OMC-014,Texol Energies,GB06ONXS45314737996507,2026-07-06,220157,1
PAY-73833,INV-58554,OMC-009,Dalbit Petroleum,GB53VXXX35615951484656,2025-10-10,34756,1
PAY-25433,INV-88897,OMC-015,Mombasa Petroleum,GB80WOIJ43135182337498,2025-05-23,57155,1
PAY-56108,INV-82092,OMC-009,Dalbit Petroleum,GB53VXXX35615951484656,2025-06-28,41822,1
PAY-49134,INV-68934,OMC-019,Tanzania Petroleum,GB59MHYN05766270289517,,23696,1
PAY-39711,INV-91072,OMC-018,Uganda National Oil,GB36RNCH17127484677378,2025-04-20,27934,1
PAY-16901,INV-82234,OMC-003,Rubis Energy,GB04LOQO13315098393010,2026-04-10,191708,1
PAY-71146,INV-59642,OMC-020,Ethiopian Oil,GB14NSVZ22219693792374,2025-02-15,24960,1
PAY-66820,INV-92569,OMC-002,Vivo Energy,GB45OQIR01845146270482,,126881,1
PAY-84471,INV-46214,OMC-013,Lake Oil,GB88TEHE71937452991241,2025-03-08,110480,1
PAY-80004,INV-65792,OMC-013,Lake Oil,GB88TEHE71937452991241,2026-05-20,194035,1
PAY-91695,INV-80441,OMC-013,Lake Oil,GB88TEHE71937452991241,2025-06-11,231424,1
PAY-63884,INV-75651,OMC-004,Gulf Energy,GB89GWUW86379402654235,2026-05-07,18597,1
PAY-54066,INV-94156,OMC-012,Galana Energies,GB89GWUW86379402654235,2026-04-19,34505,1
PAY-77933,INV-87080,OMC-003,Rubis Energy,GB04LOQO13315098393010,2026-01-23,33422,1
PAY-42694,INV-71640,OMC-015,Mombasa Petroleum,GB80WOIJ43135182337498,2026-03-16,61989,1
PAY-20242,INV-49592,OMC-008,National Oil,GB08NAFX56342160733754,2025-12-02," KES 123,406 ",1
PAY-26970,INV-80820,OMC-002,Vivo Energy,GB45OQIR01845146270482,2026-05-20,43295,1
PAY-50379,INV-91575,OMC-011,Hass Petroleum,GB56WGCN65876036690967,2026-04-19,122261,1
PAY-40787,INV-13579,OMC-003,Rubis Energy,GB04LOQO13315098393010,2025-08-14,186665,1
PAY-84317,INV-63480,OMC-020,Ethiopian Oil,GB14NSVZ22219693792374,2026-08-03,138528,1
PAY-89827,INV-78697,OMC-015,Mombasa Petroleum,GB80WOIJ43135182337498,2025-07-09,117617,1
PAY-88785,INV-95510,OMC-017,KAA Aviation,GB54HVSS04902787429671,2025-04-04,266929,1
PAY-89464,INV-92298,OMC-016,KPA Marine,GB31MOOJ96499091334123,2025-02-15,108037,1
PAY-22512,INV-84992,OMC-015,Mombasa Petroleum,GB80WOIJ43135182337498,2026-08-15,52354,1
PAY-93473,INV-87745,OMC-010,Tamoil,GB34EABH79176936763201,2025-08-30,152286,1
PAY-73826,INV-53853,OMC-001,TotalEnergies Kenya,GB06DMIO52553419283276,2026-05-20,50571,1
PAY-53839,INV-90548,OMC-017,KAA Aviation,GB54HVSS04902787429671,2025-03-02,34992,1
PAY-86963,INV-49888,OMC-016,KPA Marine,GB31MOOJ96499091334123,2026-07-28,118250,1
PAY-31997,INV-61505,OMC-016,KPA Marine,GB31MOOJ96499091334123,2025-02-18,156186,1
PAY-86307,INV-19353,OMC-012,Galana Energies,GB89GWUW86379402654235,2026-06-03,42439,2
PAY-96004,INV-44897,OMC-004,Gulf Energy,GB89GWUW86379402654235,2026-03-27,47405,1
PAY-64941,INV-52510,OMC-007,Kobil,GB37IDDX82449353487401,05/08/2025,34839,1
PAY-29173,INV-43068,OMC-010,Tamoil,GB34EABH79176936763201,2025-03-03,38617,1
PAY-17945,INV-80062,OMC-019,Tanzania Petroleum,GB59MHYN05766270289517,2026-01-10,248427,1
PAY-91048,INV-66718,OMC-007,Kobil,GB37IDDX82449353487401,2026-04-08,265060,1
PAY-60649,INV-83859,OMC-008,National Oil,GB08NAFX56342160733754,2025-12-08,165180,1
PAY-39326,INV-47779,OMC-011,Hass Petroleum,GB56WGCN65876036690967,2025-12-10,261649,1
PAY-44751,INV-13449,OMC-002,Vivo Energy,GB45OQIR01845146270482,2025-04-07,92264,1
PAY-32365,INV-28153,OMC-001,TotalEnergies Kenya,GB06DMIO52553419283276,2026-08-11,38013,2
PAY-53919,INV-10098,OMC-012,Galana Energies,GB89GWUW86379402654235,2026-06-01,18449,2
PAY-58470,INV-48270,OMC-003,Rubis Energy,GB04LOQO13315098393010,2026-05-19,39663,1
PAY-62497,INV-22037,OMC-017,KAA Aviation,GB54HVSS04902787429671,2025-03-01,125526,1
PAY-72951,INV-83098,OMC-015,Mombasa Petroleum,GB80WOIJ43135182337498,2025-10-25,40521,1
PAY-10224,INV-67033,OMC-013,Lake Oil,GB88TEHE71937452991241,2025-05-19,91491,1
PAY-28728,INV-75199,OMC-015,Mombasa Petroleum,GB80WOIJ43135182337498,2026-03-05,188006,1
PAY-79661,INV-57050,OMC-005,PetroOil Kenya,GB89GWUW86379402654235,2026-06-03,280243,1
PAY-40545,INV-22026,OMC-006,Hashi Energy,GB05QCFC91361939909169,2025-08-18,39589,1
PAY-66892,INV-89850,OMC-016,KPA Marine,GB31MOOJ96499091334123,2025-06-05,80866,2
PAY-71434,INV-19914,OMC-012,Galana Energies,GB89GWUW86379402654235,2026-06-17,53146,2
PAY-84763,INV-30417,OMC-008,National Oil,GB08NAFX56342160733754,2025-07-04,34797,1
PAY-33906,INV-96751,OMC-012,Galana Energies,GB89GWUW86379402654235,2026-04-11,11731,2
PAY-95604,INV-45075,OMC-020,Ethiopian Oil,GB14NSVZ22219693792374,2026-03-31,62336,1
PAY-84163,INV-43065,OMC-001,TotalEnergies Kenya,GB06DMIO52553419283276,2025-04-13,53091,1
PAY-23567,INV-10427,OMC-012,Galana Energies,GB89GWUW86379402654235,2026-03-24,65984,1
PAY-70306,INV-82477,OMC-005,PetroOil Kenya,GB89GWUW86379402654235,2026-05-14,83772,2
PAY-14015,INV-27014,OMC-015,Mombasa Petroleum,GB80WOIJ43135182337498,2025-03-29,21746,1
PAY-10498,INV-55054,OMC-003,Rubis Energy,GB04LOQO13315098393010,2026-07-28,258719,1
PAY-75682,INV-45430,OMC-018,Uganda National Oil,GB36RNCH17127484677378,2026-01-21,100066,1
PAY-23842,INV-28104,OMC-011,Hass Petroleum,GB56WGCN65876036690967,2025-02-25,12601,2
PAY-25869,INV-99263,OMC-015,Mombasa Petroleum,GB80WOIJ43135182337498,2026-04-01,195203,1
PAY-21508,INV-28838,OMC-017,KAA Aviation,GB54HVSS04902787429671,2025-08-11,177137,1
PAY-34088,INV-34983,OMC-017,KAA Aviation,GB54HVSS04902787429671,2025-11-28,206299,1
PAY-59818,INV-90914,OMC-006,Hashi Energy,GB05QCFC91361939909169,2025-07-26,47639,1
PAY-98283,INV-48024,OMC-005,PetroOil Kenya,GB89GWUW86379402654235,2026-05-22,53583,1
PAY-59480,INV-32810,OMC-016,KPA Marine,GB31MOOJ96499091334123,2025-08-23,44401,1
PAY-73395,INV-32369,OMC-008,National Oil,GB08NAFX56342160733754,2025-07-25,63086,1
PAY-49466,INV-16029,OMC-002,Vivo Energy,GB45OQIR01845146270482,2026-08-23,29517,1
PAY-91405,INV-21535,OMC-005,PetroOil Kenya,GB89GWUW86379402654235,2026-05-20,221223,1
PAY-61904,INV-85311,OMC-008,National Oil,GB08NAFX56342160733754,2026-03-01,25919,1
PAY-79378,INV-88238,OMC-004,Gulf Energy,GB89GWUW86379402654235,2026-04-03,178453,1
PAY-72114,INV-45550,OMC-006,Hashi Energy,GB05QCFC91361939909169,2026-08-01,232936,1
PAY-70855,INV-65447,OMC-014,Texol Energies,GB06ONXS45314737996507,2025-07-20,207484,1
PAY-78735,INV-90157,OMC-011,Hass Petroleum,GB56WGCN65876036690967,2025-12-20,229453,1
PAY-93108,INV-20231,OMC-001,TotalEnergies Kenya,GB06DMIO52553419283276,2026-02-12,25363,1
PAY-48585,INV-65789,OMC-016,KPA Marine,GB31MOOJ96499091334123,2025-10-13,24153,1
PAY-24749,INV-26433,OMC-001,TotalEnergies Kenya,GB06DMIO52553419283276,2026-06-18,82415,2
PAY-29351,INV-53852,OMC-001,TotalEnergies Kenya,GB06DMIO52553419283276,2026-04-06,288204,1
PAY-50751,INV-60874,OMC-017,KAA Aviation,GB54HVSS04902787429671,2026-01-12,168192,1
PAY-87360,INV-33850,OMC-009,Dalbit Petroleum,GB53VXXX35615951484656,2026-07-20,255696,1
PAY-64487,INV-99796,OMC-011,Hass Petroleum,GB56WGCN65876036690967,2026-04-01,126186,1
PAY-94186,INV-72782,OMC-016,KPA Marine,GB31MOOJ96499091334123,07/04/2026,20843,1
PAY-86537,INV-26936,OMC-002,Vivo Energy,GB45OQIR01845146270482,2025-12-08,21150,1
PAY-93247,INV-83048,OMC-017,KAA Aviation,GB54HVSS04902787429671,2025-10-22,192895,1
PAY-56719,INV-43819,OMC-007,Kobil,GB37IDDX82449353487401,2026-06-19,101715,1
PAY-28305,INV-56934,OMC-005,PetroOil Kenya,GB89GWUW86379402654235,2026-06-11,23250,1
PAY-40349,INV-62912,OMC-019,Tanzania Petroleum,GB59MHYN05766270289517,2025-06-30,42787,1
PAY-56245,INV-70744,OMC-008,National Oil,GB08NAFX56342160733754,2026-07-07,62951,1
PAY-85879,INV-11832,OMC-019,Tanzania Petroleum,GB59MHYN05766270289517,2025-07-16,41406,1
PAY-14911,INV-56612,OMC-019,Tanzania Petroleum,GB59MHYN05766270289517,2025-11-13,159451,1
PAY-41773,INV-71214,OMC-019,Tanzania Petroleum,GB59MHYN05766270289517,2026-06-26,41144,1
PAY-58126,INV-20502,OMC-004,Gulf Energy,GB89GWUW86379402654235,,206805,1
PAY-89333,INV-52478,OMC-016,KPA Marine,GB31MOOJ96499091334123,2025-08-25,21400,1
PAY-50299,INV-53435,OMC-003,Rubis Energy,GB04LOQO13315098393010,,27113,1
PAY-47257,INV-31219,OMC-018,Uganda National Oil,GB36RNCH17127484677378,2026-08-11," KES 35,675 ",1
PAY-98938,INV-93831,OMC-006,Hashi Energy,GB05QCFC91361939909169,2026-04-29,33085,1
PAY-35977,INV-54350,OMC-013,Lake Oil,GB88TEHE71937452991241,2026-05-14,52750,1
PAY-74449,INV-11277,OMC-007,Kobil,GB37IDDX82449353487401,2025-07-21,63630,1
PAY-76846,INV-87350,OMC-016,KPA Marine,GB31MOOJ96499091334123,2025-07-03,38127,1
PAY-90966,INV-65314,OMC-001,TotalEnergies Kenya,GB06DMIO52553419283276,2025-10-24,117905,1
PAY-82354,INV-16931,OMC-003,Rubis Energy,GB04LOQO13315098393010,2026-02-07,268675,1
PAY-60301,INV-79799,OMC-008,National Oil,GB08NAFX56342160733754,2025-06-25,30369,1
PAY-95583,INV-87557,OMC-019,Tanzania Petroleum,GB59MHYN05766270289517,05/06/2026,297844,1
PAY-60047,INV-89516,OMC-003,Rubis Energy,GB04LOQO13315098393010,2025-06-08,25441,2
PAY-46822,INV-84832,OMC-008,National Oil,GB08NAFX56342160733754,2026-04-02,21603,1
PAY-12767,INV-89897,OMC-016,KPA Marine,GB31MOOJ96499091334123,2026-06-23,182101,1
PAY-79358,INV-87990,OMC-003,Rubis Energy,GB04LOQO13315098393010,2025-06-13,39075,1
PAY-30645,INV-35451,OMC-006,Hashi Energy,GB05QCFC91361939909169,2025-10-02,35346,1
PAY-71681,INV-69843,OMC-006,Hashi Energy,GB05QCFC91361939909169,2026-02-09,39804,2
PAY-82119,INV-57595,OMC-011,Hass Petroleum,GB56WGCN65876036690967,2025-03-20,12274,2
PAY-92320,INV-24362,OMC-001,TotalEnergies Kenya,GB06DMIO52553419283276,2026-05-12,140037,1
PAY-11820,INV-48333,OMC-015,Mombasa Petroleum,GB80WOIJ43135182337498,2026-03-02,204096,1
PAY-97628,INV-79098,OMC-004,Gulf Energy,GB89GWUW86379402654235,2026-06-05,26554,2
PAY-15395,INV-38662,OMC-020,Ethiopian Oil,GB14NSVZ22219693792374,2025-04-22,10305,2
PAY-85187,INV-48423,OMC-019,Tanzania Petroleum,GB59MHYN05766270289517,2025-03-03,294594,1
PAY-55319,INV-40557,OMC-018,Uganda National Oil,GB36RNCH17127484677378,2025-12-27,211917,1
PAY-34460,INV-85436,OMC-005,PetroOil Kenya,GB89GWUW86379402654235,2026-05-24,15609,2
PAY-40110,INV-15664,OMC-001,TotalEnergies Kenya,GB06DMIO52553419283276,2025-07-07,28126,1
PAY-47844,INV-33276,OMC-019,Tanzania Petroleum,GB59MHYN05766270289517,2025-09-20,34870,1
PAY-80189,INV-83172,OMC-018,Uganda National Oil,GB36RNCH17127484677378,2026-07-27,42424,2
PAY-14067,INV-37134,OMC-014,Texol Energies,GB06ONXS45314737996507,2025-07-08,79277,2
PAY-90889,INV-68714,OMC-019,Tanzania Petroleum,GB59MHYN05766270289517,2026-04-06,15592,2
PAY-25695,INV-83524,OMC-014,Texol Energies,GB06ONXS45314737996507,2025-07-26,67766,1
PAY-29263,INV-25810,OMC-011,Hass Petroleum,GB56WGCN65876036690967,2026-06-23,247778,1
PAY-84458,INV-63032,OMC-008,National Oil,GB08NAFX56342160733754,2025-06-06,38663,1
PAY-28644,INV-26114,OMC-014,Texol Energies,GB06ONXS45314737996507,2026-02-03,82155,1
PAY-68587,INV-25282,OMC-013,Lake Oil,GB88TEHE71937452991241,2025-05-17,52686,1
PAY-76845,INV-65672,OMC-018,Uganda National Oil,GB36RNCH17127484677378,2025-02-19,46516,1
PAY-77537,INV-96085,OMC-002,Vivo Energy,GB45OQIR01845146270482,2025-03-25,14015,2
PAY-73299,INV-93204,OMC-013,Lake Oil,GB88TEHE71937452991241,2025-05-26,292970,1
PAY-49584,INV-20794,OMC-015,Mombasa Petroleum,GB80WOIJ43135182337498,2025-04-20,164287,1
PAY-87682,INV-87429,OMC-008,National Oil,GB08NAFX56342160733754,2026-04-25,40561,1
PAY-74935,INV-33935,OMC-018,Uganda National Oil,GB36RNCH17127484677378,2026-02-04,75970,1
PAY-35330,INV-71069,OMC-018,Uganda National Oil,GB36RNCH17127484677378,2025-06-12,29725,1
PAY-69513,INV-61756,OMC-016,KPA Marine,GB31MOOJ96499091334123,2025-08-25,185462,1
PAY-97442,INV-96051,OMC-020,Ethiopian Oil,GB14NSVZ22219693792374,2025-04-18,141510,1
PAY-51340,INV-66199,OMC-013,Lake Oil,GB88TEHE71937452991241,2025-05-03,50590,1
PAY-84674,INV-43699,OMC-017,KAA Aviation,GB54HVSS04902787429671,2026-03-06,45347,1
PAY-95357,INV-88741,OMC-007,Kobil,GB37IDDX82449353487401,2025-09-01,192324,1
PAY-50556,INV-18972,OMC-009,Dalbit Petroleum,GB53VXXX35615951484656,2026-07-08,211834,1
PAY-18958,INV-28436,OMC-005,PetroOil Kenya,GB89GWUW86379402654235,2026-05-02,146793,1
PAY-40506,INV-95020,OMC-016,KPA Marine,GB31MOOJ96499091334123,2026-06-20,9584,2
PAY-21274,INV-55045,OMC-012,Galana Energies,GB89GWUW86379402654235,2026-05-25,31262,1
PAY-82207,INV-66530,OMC-002,Vivo Energy,GB45OQIR01845146270482,2026-02-04,173492,1
PAY-87553,INV-20185,OMC-010,Tamoil,GB34EABH79176936763201,2026-09-08,28300,2
PAY-38428,INV-33719,OMC-018,Uganda National Oil,GB36RNCH17127484677378,2025-10-05,36259,1
PAY-44258,INV-32182,OMC-019,Tanzania Petroleum,GB59MHYN05766270289517,2026-02-21,66072,1
PAY-97397,INV-84179,OMC-015,Mombasa Petroleum,GB80WOIJ43135182337498,2025-08-15,145159,1
PAY-58052,INV-77384,OMC-009,Dalbit Petroleum,GB53VXXX35615951484656,25/04/2026,274665,1
PAY-48045,INV-63628,OMC-017,KAA Aviation,GB54HVSS04902787429671,2025-04-08,101532,1
PAY-67939,INV-81691,OMC-009,Dalbit Petroleum,GB53VXXX35615951484656,21/01/2026,41787,1
PAY-16935,INV-64766,OMC-014,Texol Energies,GB06ONXS45314737996507,2026-07-07,106939,1
PAY-23483,INV-15121,OMC-004,Gulf Energy,GB89GWUW86379402654235,2026-06-07,9399,2
PAY-62167,INV-44469,OMC-008,National Oil,GB08NAFX56342160733754,2025-11-25,242586,1
PAY-82112,INV-88515,OMC-018,Uganda National Oil,GB36RNCH17127484677378,2025-12-19,213094,1
PAY-28467,INV-82483,OMC-009,Dalbit Petroleum,GB53VXXX35615951484656,2025-11-19,8970,2
PAY-49654,INV-49121,OMC-002,Vivo Energy,GB45OQIR01845146270482,2026-02-15," KES 121,794 ",1
PAY-58842,INV-17694,OMC-004,Gulf Energy,GB89GWUW86379402654235,2026-05-13,106805,1
PAY-18900,INV-26848,OMC-014,Texol Energies,GB06ONXS45314737996507,2025-09-03,32455,1
PAY-29872,INV-29374,OMC-012,Galana Energies,GB89GWUW86379402654235,18/04/2026,57288,1
PAY-12679,INV-85864,OMC-020,Ethiopian Oil,GB14NSVZ22219693792374,2025-04-23,29677,1
PAY-45858,INV-21318,OMC-020,Ethiopian Oil,GB14NSVZ22219693792374,2026-05-23,42954,1
PAY-36974,INV-14219,OMC-009,Dalbit Petroleum,GB53VXXX35615951484656,2025-09-23,94922,1
PAY-33474,INV-34463,OMC-011,Hass Petroleum,GB56WGCN65876036690967,2026-08-04,24583,1
PAY-63701,INV-26821,OMC-014,Texol Energies,GB06ONXS45314737996507,2026-07-05,66185,2
PAY-62128,INV-55997,OMC-018,Uganda National Oil,GB36RNCH17127484677378,2026-03-18,113073,1
PAY-68921,INV-50888,OMC-001,TotalEnergies Kenya,GB06DMIO52553419283276,2025-12-10,27916,2
PAY-29832,INV-22721,OMC-020,Ethiopian Oil,GB14NSVZ22219693792374,2025-03-22,170446,1
PAY-60360,INV-97265,OMC-009,Dalbit Petroleum,GB53VXXX35615951484656,2025-07-02,182777,1
PAY-58852,INV-36623,OMC-020,Ethiopian Oil,GB14NSVZ22219693792374,2026-04-22,55328,1
PAY-45889,INV-88680,OMC-018,Uganda National Oil,GB36RNCH17127484677378,2026-05-07,235791,1
PAY-68362,INV-88911,OMC-004,Gulf Energy,GB89GWUW86379402654235,2026-05-13,196240,1
PAY-10800,INV-36170,OMC-009,Dalbit Petroleum,GB53VXXX35615951484656,2025-04-04,21485,1
PAY-92879,INV-10899,OMC-007,Kobil,GB37IDDX82449353487401,2025-12-20," KES 118,918 ",1
PAY-24808,INV-28527,OMC-020,Ethiopian Oil,GB14NSVZ22219693792374,2025-04-25,194496,1
PAY-32700,INV-34832,OMC-019,Tanzania Petroleum,GB59MHYN05766270289517,2025-03-08," KES 187,014 ",1
PAY-83356,INV-10755,OMC-008,National Oil,GB08NAFX56342160733754,2025-04-13,149627,1
PAY-61781,INV-93648,OMC-007,Kobil,GB37IDDX82449353487401,2025-06-03,13510,2
PAY-17234,INV-11869,OMC-015,Mombasa Petroleum,GB80WOIJ43135182337498,2025-06-21,182506,1
PAY-19472,INV-13769,OMC-013,Lake Oil,GB88TEHE71937452991241,2026-07-01,141958,1
PAY-17253,INV-81433,OMC-020,Ethiopian Oil,GB14NSVZ22219693792374,2025-10-16,50280,2
PAY-97583,INV-31542,OMC-009,Dalbit Petroleum,GB53VXXX35615951484656,2025-04-12,46878,2
PAY-99834,INV-15683,OMC-013,Lake Oil,GB88TEHE71937452991241,2026-05-15,213667,1
PAY-15052,INV-12114,OMC-006,Hashi Energy,GB05QCFC91361939909169,2025-06-30,147707,1
PAY-39983,INV-54827,OMC-013,Lake Oil,GB88TEHE71937452991241,2026-04-01,125816,1
PAY-45299,INV-19581,OMC-005,PetroOil Kenya,GB89GWUW86379402654235,2026-03-26,25997,1
PAY-59740,INV-45444,OMC-020,Ethiopian Oil,GB14NSVZ22219693792374,2025-04-10,47234,1
PAY-41303,INV-82673,OMC-019,Tanzania Petroleum,GB59MHYN05766270289517,14/03/2025,97155,1
PAY-89756,INV-69334,OMC-017,KAA Aviation,GB54HVSS04902787429671,2026-06-09,298046,1
PAY-82200,INV-61416,OMC-009,Dalbit Petroleum,GB53VXXX35615951484656,2025-06-07,37790,1
PAY-39881,INV-61459,OMC-001,TotalEnergies Kenya,GB06DMIO52553419283276,2026-04-02,94280,1
PAY-57419,INV-43849,OMC-002,Vivo Energy,GB45OQIR01845146270482,2026-06-02,263798,1
PAY-99868,INV-21912,OMC-020,Ethiopian Oil,GB14NSVZ22219693792374,2026-06-04,262323,1
PAY-81593,INV-24733,OMC-001,TotalEnergies Kenya,GB06DMIO52553419283276,2025-09-26,50018,1
PAY-77418,INV-91308,OMC-003,Rubis Energy,GB04LOQO13315098393010,2026-05-29,227968,1
PAY-51048,INV-74176,OMC-019,Tanzania Petroleum,GB59MHYN05766270289517,2026-06-07,28835,1
PAY-83005,INV-26907,OMC-015,Mombasa Petroleum,GB80WOIJ43135182337498,2026-06-02,215757,1
PAY-34707,INV-60875,OMC-001,TotalEnergies Kenya,GB06DMIO52553419283276,2025-12-03,168063,1
PAY-66471,INV-91105,OMC-020,Ethiopian Oil,GB14NSVZ22219693792374,2025-08-28,167294,1
PAY-50733,INV-93977,OMC-016,KPA Marine,GB31MOOJ96499091334123,2026-04-21,34855,1
PAY-25796,INV-67472,OMC-010,Tamoil,GB34EABH79176936763201,2025-03-23,38382,1
PAY-10912,INV-84101,OMC-015,Mombasa Petroleum,GB80WOIJ43135182337498,2025-04-26,195756,1
PAY-69601,INV-13152,OMC-006,Hashi Energy,GB05QCFC91361939909169,2025-12-22,74532,1
PAY-79908,INV-80742,OMC-017,KAA Aviation,GB54HVSS04902787429671,2026-06-13,239486,1
PAY-45249,INV-79924,OMC-019,Tanzania Petroleum,GB59MHYN05766270289517,2025-01-23,20190,1
PAY-62154,INV-12305,OMC-004,Gulf Energy,GB89GWUW86379402654235,,101217,1
PAY-79576,INV-33146,OMC-017,KAA Aviation,GB54HVSS04902787429671,2025-10-22,62710,1
PAY-89419,INV-62982,OMC-002,Vivo Energy,GB45OQIR01845146270482,2025-04-30,126392,1
PAY-58954,INV-93828,OMC-003,Rubis Energy,GB04LOQO13315098393010,2026-08-12," KES 13,704 ",2
PAY-91600,INV-10198,OMC-014,Texol Energies,GB06ONXS45314737996507,2025-03-30,61784,1
PAY-70957,INV-14485,OMC-007,Kobil,GB37IDDX82449353487401,2025-02-17,32454,1
PAY-50929,INV-76388,OMC-017,KAA Aviation,GB54HVSS04902787429671,2025-12-21,151920,1
PAY-38868,INV-53707,OMC-019,Tanzania Petroleum,GB59MHYN05766270289517,2025-06-29,50367,1
PAY-68518,INV-60356,OMC-007,Kobil,GB37IDDX82449353487401,2026-03-30,103835,1
PAY-66764,INV-72334,OMC-006,Hashi Energy,GB05QCFC91361939909169,2025-02-11,43484,1
PAY-67474,INV-30262,OMC-012,Galana Energies,GB89GWUW86379402654235,2026-04-18,58818,1
PAY-78197,INV-51171,OMC-020,Ethiopian Oil,GB14NSVZ22219693792374,2026-06-19,44537,1
PAY-70486,INV-48610,OMC-004,Gulf Energy,GB89GWUW86379402654235,2026-03-22,160755,1
PAY-74222,INV-66466,OMC-001,TotalEnergies Kenya,GB06DMIO52553419283276,2025-03-28,110314,1
PAY-65564,INV-16589,OMC-009,Dalbit Petroleum,GB53VXXX35615951484656,2025-06-30,16436,2
PAY-59901,INV-78597,OMC-002,Vivo Energy,GB45OQIR01845146270482,2026-01-10,198983,1
PAY-75903,INV-92919,OMC-019,Tanzania Petroleum,GB59MHYN05766270289517,2025-09-01,59363,1
PAY-30425,INV-11098,OMC-009,Dalbit Petroleum,GB53VXXX35615951484656,2025-07-12,98678,1
PAY-18792,INV-18596,OMC-003,Rubis Energy,GB04LOQO13315098393010,2025-06-23,28427,1
PAY-72313,INV-44752,OMC-002,Vivo Energy,GB45OQIR01845146270482,2026-08-10,208015,1
PAY-27139,INV-50405,OMC-020,Ethiopian Oil,GB14NSVZ22219693792374,2025-05-09,31689,1
PAY-74292,INV-44636,OMC-019,Tanzania Petroleum,GB59MHYN05766270289517,2025-04-15,138691,1
PAY-92709,INV-53679,OMC-020,Ethiopian Oil,GB14NSVZ22219693792374,2025-06-28,227532,1
PAY-10289,INV-14675,OMC-003,Rubis Energy,GB04LOQO13315098393010,2025-10-24,46988,1
PAY-36193,INV-79531,OMC-010,Tamoil,GB34EABH79176936763201,2025-04-21,217949,1
PAY-59863,INV-22988,OMC-014,Texol Energies,GB06ONXS45314737996507,2025-12-18,115774,1
PAY-88708,INV-54395,OMC-001,TotalEnergies Kenya,GB06DMIO52553419283276,2025-11-10,10979,2
PAY-98491,INV-49879,OMC-006,Hashi Energy,GB05QCFC91361939909169,,59026,1
PAY-18277,INV-60560,OMC-004,Gulf Energy,GB89GWUW86379402654235,2026-04-19,168946,1
PAY-99970,INV-91093,OMC-013,Lake Oil,GB88TEHE71937452991241,2026-03-14,45791,1
PAY-93740,INV-54629,OMC-011,Hass Petroleum,GB56WGCN65876036690967,2025-10-01,39645,1
PAY-84518,INV-24111,OMC-004,Gulf Energy,GB89GWUW86379402654235,2026-05-03,101439,1
PAY-50647,INV-35135,OMC-020,Ethiopian Oil,GB14NSVZ22219693792374,2025-02-26,31484,1
PAY-89971,INV-16136,OMC-020,Ethiopian Oil,GB14NSVZ22219693792374,2025-09-23,57210,2
PAY-28573,INV-92267,OMC-002,Vivo Energy,GB45OQIR01845146270482,2026-07-09,35590,1
PAY-98592,INV-54065,OMC-002,Vivo Energy,GB45OQIR01845146270482,2025-07-05," KES 43,551 ",1
PAY-41727,INV-13897,OMC-006,Hashi Energy,GB05QCFC91361939909169,2026-08-18,169649,1
PAY-23404,INV-87768,OMC-010,Tamoil,GB34EABH79176936763201,,22443,1
PAY-74633,INV-34966,OMC-009,Dalbit Petroleum,GB53VXXX35615951484656,2026-03-24,32559,1
PAY-84697,INV-77137,OMC-006,Hashi Energy,GB05QCFC91361939909169,2025-06-29,48581,1
PAY-66730,INV-36356,OMC-014,Texol Energies,GB06ONXS45314737996507,2025-08-08,118801,1
PAY-75143,INV-55392,OMC-002,Vivo Energy,GB45OQIR01845146270482,2025-06-25,37342,1
PAY-15620,INV-29289,OMC-007,Kobil,GB37IDDX82449353487401,2025-05-02,149854,1
PAY-25558,INV-42173,OMC-015,Mombasa Petroleum,GB80WOIJ43135182337498,2026-08-17,43176,1
PAY-26670,INV-87586,OMC-001,TotalEnergies Kenya,GB06DMIO52553419283276,2026-05-17,139189,1
PAY-46238,INV-15476,OMC-008,National Oil,GB08NAFX56342160733754,2025-07-24,211717,1
PAY-35226,INV-73012,OMC-005,PetroOil Kenya,GB89GWUW86379402654235,,96185,2
PAY-59483,INV-57590,OMC-009,Dalbit Petroleum,GB53VXXX35615951484656,2025-11-11,112090,1
PAY-24259,INV-73305,OMC-017,KAA Aviation,GB54HVSS04902787429671,2026-07-16,34375,1
PAY-28501,INV-80209,OMC-010,Tamoil,GB34EABH79176936763201,2025-10-27,63201,2
PAY-50996,INV-92449,OMC-010,Tamoil,GB34EABH79176936763201,2025-05-26,95086,1
PAY-81857,INV-98770,OMC-016,KPA Marine,GB31MOOJ96499091334123,2025-08-12,79954,1
PAY-54772,INV-53626,OMC-003,Rubis Energy,GB04LOQO13315098393010,2025-12-02,74321,1
PAY-17264,INV-90406,OMC-004,Gulf Energy,GB89GWUW86379402654235,2026-06-10," KES 161,608 ",1
PAY-34451,INV-59709,OMC-015,Mombasa Petroleum,GB80WOIJ43135182337498,2026-07-09,163690,1
PAY-77730,INV-65150,OMC-009,Dalbit Petroleum,GB53VXXX35615951484656,2026-05-05,78730,1
PAY-55028,INV-80120,OMC-005,PetroOil Kenya,GB89GWUW86379402654235,2026-07-05,17708,2
PAY-44856,INV-99638,OMC-008,National Oil,GB08NAFX56342160733754,2026-03-04,17873,2
PAY-50125,INV-79103,OMC-007,Kobil,GB37IDDX82449353487401,2026-03-07,127406,1
PAY-24474,INV-95115,OMC-017,KAA Aviation,GB54HVSS04902787429671,2025-07-02,25960,1
PAY-89863,INV-76890,OMC-005,PetroOil Kenya,GB89GWUW86379402654235,2026-05-01,67319,2
PAY-58497,INV-12809,OMC-008,National Oil,GB08NAFX56342160733754,2026-05-16,192329,1
PAY-87022,INV-66471,OMC-001,TotalEnergies Kenya,GB06DMIO52553419283276,17/06/2026,174296,1
PAY-34893,INV-98389,OMC-014,Texol Energies,GB06ONXS45314737996507,2025-11-16,36429,1
PAY-26592,INV-81192,OMC-015,Mombasa Petroleum,GB80WOIJ43135182337498,2025-05-06,253078,1
PAY-48307,INV-26848,OMC-014,Texol Energies,GB06ONXS45314737996507,2025-09-30,16928,2
PAY-82204,INV-33341,OMC-019,Tanzania Petroleum,GB59MHYN05766270289517,2025-02-15,56328,1
PAY-88461,INV-33184,OMC-006,Hashi Energy,GB05QCFC91361939909169,01/02/2026,274998,1
PAY-47065,INV-64724,OMC-011,Hass Petroleum,GB56WGCN65876036690967,2025-06-16,148111,1
PAY-37551,INV-85001,OMC-015,Mombasa Petroleum,GB80WOIJ43135182337498,2025-11-21,130636,1
PAY-36940,INV-75670,OMC-003,Rubis Energy,GB04LOQO13315098393010,2025-08-13,266113,1
PAY-69691,INV-33474,OMC-011,Hass Petroleum,GB56WGCN65876036690967,,265541,1
PAY-59429,INV-13658,OMC-007,Kobil,GB37IDDX82449353487401,2025-05-27,173665,1
PAY-94363,INV-67154,OMC-012,Galana Energies,GB89GWUW86379402654235,2026-03-21,94547,2
PAY-21864,INV-84944,OMC-010,Tamoil,GB34EABH79176936763201,2025-03-05,58522,1
PAY-88967,INV-64773,OMC-001,TotalEnergies Kenya,GB06DMIO52553419283276,08/07/2026,149972,1
PAY-53441,INV-60189,OMC-002,Vivo Energy,GB45OQIR01845146270482,2026-03-26,202274,1
PAY-30172,INV-21375,OMC-019,Tanzania Petroleum,GB59MHYN05766270289517,2025-04-02,39716,2
PAY-53063,INV-75014,OMC-006,Hashi Energy,GB05QCFC91361939909169,2025-10-15,100578,1
PAY-47022,INV-13630,OMC-005,PetroOil Kenya,GB89GWUW86379402654235,2026-06-25,17544,2
PAY-18649,INV-92948,OMC-014,Texol Energies,GB06ONXS45314737996507,2025-06-03,125708,1
PAY-65985,INV-52416,OMC-001,TotalEnergies Kenya,GB06DMIO52553419283276,2025-01-31,264863,1
PAY-99392,INV-81101,OMC-005,PetroOil Kenya,GB89GWUW86379402654235,2026-04-15,139958,1
PAY-42170,INV-50643,OMC-012,Galana Energies,GB89GWUW86379402654235,2026-05-14,33494,2
PAY-99932,INV-13867,OMC-009,Dalbit Petroleum,GB53VXXX35615951484656,2025-08-07,29378,1
PAY-70797,INV-73640,OMC-015,Mombasa Petroleum,GB80WOIJ43135182337498,2026-09-03,163312,1
PAY-17342,INV-72132,OMC-013,Lake Oil,GB88TEHE71937452991241,2025-03-11,29685,1
PAY-35315,INV-43435,OMC-004,Gulf Energy,GB89GWUW86379402654235,2026-06-08,23342,2
PAY-95820,INV-91766,OMC-002,Vivo Energy,GB45OQIR01845146270482,2026-02-26,170611,1
PAY-91402,INV-42880,OMC-010,Tamoil,GB34EABH79176936763201,,263519,1
PAY-69964,INV-56402,OMC-009,Dalbit Petroleum,GB53VXXX35615951484656,,177254,1
PAY-19460,INV-61650,OMC-013,Lake Oil,GB88TEHE71937452991241,2026-06-22,116880,1
PAY-92989,INV-75674,OMC-013,Lake Oil,GB88TEHE71937452991241,2025-09-21,185417,1
PAY-30749,INV-39052,OMC-020,Ethiopian Oil,GB14NSVZ22219693792374,2025-11-13,235885,1
PAY-18021,INV-21234,OMC-015,Mombasa Petroleum,GB80WOIJ43135182337498,2025-05-25," KES 40,937 ",1
PAY-85885,INV-51096,OMC-018,Uganda National Oil,GB36RNCH17127484677378,2025-11-21," KES 65,696 ",1
PAY-59939,INV-37281,OMC-009,Dalbit Petroleum,GB53VXXX35615951484656,2025-06-16,290481,1
PAY-14438,INV-86021,OMC-009,Dalbit Petroleum,GB53VXXX35615951484656,2026-07-31,208082,1
PAY-16679,INV-90283,OMC-016,KPA Marine,GB31MOOJ96499091334123,2026-04-16,150140,1
PAY-87993,INV-30211,OMC-006,Hashi Energy,GB05QCFC91361939909169,2025-09-29," KES 158,795 ",1
PAY-54684,INV-26859,OMC-020,Ethiopian Oil,GB14NSVZ22219693792374,2025-06-08,57247,2
PAY-75932,INV-38805,OMC-003,Rubis Energy,GB04LOQO13315098393010,2025-07-28,182424,1
PAY-76498,INV-93880,OMC-006,Hashi Energy,GB05QCFC91361939909169,2025-12-26,164382,1
PAY-98881,INV-53113,OMC-001,TotalEnergies Kenya,GB06DMIO52553419283276,2026-04-27,17140,2
PAY-99022,INV-64443,OMC-020,Ethiopian Oil,GB14NSVZ22219693792374,,262445,1
PAY-90435,INV-92600,OMC-020,Ethiopian Oil,GB14NSVZ22219693792374,2025-03-11,60618,1
PAY-64414,INV-36264,OMC-015,Mombasa Petroleum,GB80WOIJ43135182337498,2026-01-11,40804,1
PAY-53067,INV-65230,OMC-014,Texol Energies,GB06ONXS45314737996507,2025-05-14,234761,1
PAY-83851,INV-87062,OMC-017,KAA Aviation,GB54HVSS04902787429671,2026-01-16,258149,1
PAY-70538,INV-14835,OMC-005,PetroOil Kenya,GB89GWUW86379402654235,2026-05-21,160880,1
PAY-13347,INV-49977,OMC-009,Dalbit Petroleum,GB53VXXX35615951484656,2025-07-13,124939,1
PAY-73981,INV-58082,OMC-006,Hashi Energy,GB05QCFC91361939909169,2025-12-14,94604,1
PAY-57017,INV-24103,OMC-007,Kobil,GB37IDDX82449353487401,10/06/2025,133540,1
PAY-84194,INV-24935,OMC-009,Dalbit Petroleum,GB53VXXX35615951484656,2026-05-01,47309,2
PAY-52862,INV-51082,OMC-004,Gulf Energy,GB89GWUW86379402654235,2026-05-11,57998,2
PAY-66931,INV-36561,OMC-013,Lake Oil,GB88TEHE71937452991241,2025-11-17,171505,1
PAY-55118,INV-67881,OMC-018,Uganda National Oil,GB36RNCH17127484677378,2025-09-13,48927,1
PAY-56933,INV-32287,OMC-001,TotalEnergies Kenya,GB06DMIO52553419283276,2026-07-03,79551,1
PAY-51524,INV-92809,OMC-020,Ethiopian Oil,GB14NSVZ22219693792374,2025-03-16,154399,1
PAY-75815,INV-68367,OMC-006,Hashi Energy,GB05QCFC91361939909169,2025-04-17,48071,1
PAY-32564,INV-53598,OMC-006,Hashi Energy,GB05QCFC91361939909169,2025-04-28,80047,2
PAY-12096,INV-16805,OMC-009,Dalbit Petroleum,GB53VXXX35615951484656,2025-11-10,93449,1
PAY-62062,INV-97537,OMC-014,Texol Energies,GB06ONXS45314737996507,2025-06-14,18566,2
PAY-83619,INV-88983,OMC-008,National Oil,GB08NAFX56342160733754,2025-08-29,19018,1
PAY-59851,INV-19207,OMC-001,TotalEnergies Kenya,GB06DMIO52553419283276,2025-09-08,70511,2
PAY-44338,INV-15225,OMC-004,Gulf Energy,GB89GWUW86379402654235,2026-06-16,265496,1
PAY-83887,INV-18237,OMC-009,Dalbit Petroleum,GB53VXXX35615951484656,2026-05-16," KES 149,800 ",1
PAY-27184,INV-12561,OMC-012,Galana Energies,GB89GWUW86379402654235,06/04/2026,78644,1
PAY-51306,INV-58081,OMC-007,Kobil,GB37IDDX82449353487401,2025-08-09,31030,1
PAY-94416,INV-24011,OMC-004,Gulf Energy,GB89GWUW86379402654235,2026-06-15,58894,1
PAY-78451,INV-21135,OMC-014,Texol Energies,GB06ONXS45314737996507,,97875,1
PAY-33409,INV-76086,OMC-018,Uganda National Oil,GB36RNCH17127484677378,2026-05-07,39462,1
PAY-10111,INV-48232,OMC-003,Rubis Energy,GB04LOQO13315098393010,2026-04-05,27043,2
PAY-61411,INV-38077,OMC-016,KPA Marine,GB31MOOJ96499091334123,2025-08-16,69120,2
PAY-52944,INV-31132,OMC-004,Gulf Energy,GB89GWUW86379402654235,2026-06-20,132765,1
PAY-64931,INV-89852,OMC-008,National Oil,GB08NAFX56342160733754,2026-03-15,47106,1
PAY-40287,INV-97527,OMC-003,Rubis Energy,GB04LOQO13315098393010,2025-12-08,275743,1
PAY-65000,INV-62131,OMC-002,Vivo Energy,GB45OQIR01845146270482,2025-08-23,58770,1
PAY-29553,INV-90971,OMC-006,Hashi Energy,GB05QCFC91361939909169,2026-01-29,38276,1
PAY-44962,INV-73300,OMC-004,Gulf Energy,GB89GWUW86379402654235,2026-04-19,195693,1
PAY-12237,INV-56131,OMC-001,TotalEnergies Kenya,GB06DMIO52553419283276,2025-04-23,39607,1
PAY-10789,INV-39026,OMC-012,Galana Energies,GB89GWUW86379402654235,2026-04-07,59202,1
PAY-56504,INV-63261,OMC-003,Rubis Energy,GB04LOQO13315098393010,2025-06-09,279960,1
PAY-29563,INV-34834,OMC-012,Galana Energies,GB89GWUW86379402654235,2026-05-04,131407,1
PAY-63955,INV-28052,OMC-011,Hass Petroleum,GB56WGCN65876036690967,2026-02-23,30660,1
PAY-78918,INV-93939,OMC-013,Lake Oil,GB88TEHE71937452991241,2025-12-25,266892,1
PAY-37067,INV-36360,OMC-008,National Oil,GB08NAFX56342160733754,2025-07-07,206995,1
PAY-35765,INV-20805,OMC-008,National Oil,GB08NAFX56342160733754,2025-12-03,57651,1
PAY-31254,INV-52772,OMC-017,KAA Aviation,GB54HVSS04902787429671,2025-10-23,41677,1
PAY-76575,INV-63849,OMC-013,Lake Oil,GB88TEHE71937452991241,2026-06-25,126704,1
PAY-70384,INV-88636,OMC-005,PetroOil Kenya,GB89GWUW86379402654235,2026-04-11,30442,1
PAY-96593,INV-22392,OMC-012,Galana Energies,GB89GWUW86379402654235,2026-06-12,35508,2
PAY-31259,INV-11669,OMC-004,Gulf Energy,GB89GWUW86379402654235,2026-06-30,96996,1
PAY-49493,INV-57109,OMC-011,Hass Petroleum,GB56WGCN65876036690967,2026-05-07,59998,1
PAY-72233,INV-10468,OMC-014,Texol Energies,GB06ONXS45314737996507,2026-04-08,32980,1
PAY-68382,INV-96510,OMC-007,Kobil,GB37IDDX82449353487401,2025-04-10,45846,1
PAY-81386,INV-82016,OMC-012,Galana Energies,GB89GWUW86379402654235,2026-05-09,25331,1
PAY-62184,INV-38113,OMC-003,Rubis Energy,GB04LOQO13315098393010,2025-02-06,59069,1
PAY-54981,INV-44734,OMC-005,PetroOil Kenya,GB89GWUW86379402654235,2026-05-23,71379,1
PAY-66212,INV-55710,OMC-017,KAA Aviation,GB54HVSS04902787429671,2026-06-29,135143,1
PAY-24605,INV-23839,OMC-004,Gulf Energy,GB89GWUW86379402654235,2026-04-09,27543,1
PAY-62455,INV-84120,OMC-001,TotalEnergies Kenya,GB06DMIO52553419283276,2025-08-24,8017,2
PAY-36426,INV-13225,OMC-005,PetroOil Kenya,GB89GWUW86379402654235,2026-04-19,41336,1
PAY-43313,INV-45472,OMC-007,Kobil,GB37IDDX82449353487401,2025-08-01,60465,1
PAY-84648,INV-61840,OMC-015,Mombasa Petroleum,GB80WOIJ43135182337498,2025-04-21,32352,1
PAY-52843,INV-45236,OMC-020,Ethiopian Oil,GB14NSVZ22219693792374,2025-10-12,111727,1
PAY-92816,INV-55415,OMC-014,Texol Energies,GB06ONXS45314737996507,2025-12-16," KES 84,889 ",1
PAY-62454,INV-12049,OMC-007,Kobil,GB37IDDX82449353487401,2025-09-09,34781,1
PAY-53482,INV-34118,OMC-004,Gulf Energy,GB89GWUW86379402654235,2026-04-22,76577,1
PAY-74902,INV-82086,OMC-009,Dalbit Petroleum,GB53VXXX35615951484656,2026-01-01,95322,2
PAY-64681,INV-23647,OMC-008,National Oil,GB08NAFX56342160733754,2026-05-14,62797,1
PAY-11592,INV-52763,OMC-005,PetroOil Kenya,GB89GWUW86379402654235,2026-03-20,126155,1
PAY-34265,INV-32723,OMC-002,Vivo Energy,GB45OQIR01845146270482,2025-10-08,53877,1
PAY-71800,INV-90343,OMC-017,KAA Aviation,GB54HVSS04902787429671,2025-12-05,156442,1
PAY-45306,INV-17296,OMC-008,National Oil,GB08NAFX56342160733754,2025-03-19,48093,1
PAY-69463,INV-93591,OMC-012,Galana Energies,GB89GWUW86379402654235,2026-06-17,24390,2
PAY-30498,INV-70604,OMC-001,TotalEnergies Kenya,GB06DMIO52553419283276,2025-07-20,23036,1
PAY-42675,INV-27281,OMC-019,Tanzania Petroleum,GB59MHYN05766270289517,2025-05-08,30867,1
PAY-61454,INV-62127,OMC-015,Mombasa Petroleum,GB80WOIJ43135182337498,2026-08-21,178791,1
PAY-45006,INV-14844,OMC-018,Uganda National Oil,GB36RNCH17127484677378,2025-03-28,24950,1
PAY-11709,INV-93434,OMC-010,Tamoil,GB34EABH79176936763201,2025-12-09,53519,1
PAY-85046,INV-81390,OMC-011,Hass Petroleum,GB56WGCN65876036690967,2026-03-17,92669,1
PAY-82815,INV-30590,OMC-006,Hashi Energy,GB05QCFC91361939909169,2025-09-22,42901,2
PAY-89359,INV-78238,OMC-014,Texol Energies,GB06ONXS45314737996507,2025-07-01,36087,1
PAY-70964,INV-37294,OMC-015,Mombasa Petroleum,GB80WOIJ43135182337498,2026-06-14,162456,1
PAY-22811,INV-33263,OMC-016,KPA Marine,GB31MOOJ96499091334123,2026-01-08,50457,1
PAY-47031,INV-77887,OMC-004,Gulf Energy,GB89GWUW86379402654235,2026-03-19,72154,1
PAY-90979,INV-56234,OMC-014,Texol Energies,GB06ONXS45314737996507,2025-12-31,43495,1
PAY-35629,INV-19397,OMC-008,National Oil,GB08NAFX56342160733754,2025-04-23,28323,2
PAY-30137,INV-29912,OMC-002,Vivo Energy,GB45OQIR01845146270482,2026-08-10,219534,1
PAY-93416,INV-67130,OMC-016,KPA Marine,GB31MOOJ96499091334123,2025-10-02,72714,1
PAY-51454,INV-89341,OMC-007,Kobil,GB37IDDX82449353487401,2025-09-18,53697,1
PAY-97133,INV-76113,OMC-019,Tanzania Petroleum,GB59MHYN05766270289517,2026-03-11,103826,1
PAY-71378,INV-55170,OMC-019,Tanzania Petroleum,GB59MHYN05766270289517,2025-06-03,76392,1
PAY-25344,INV-57422,OMC-014,Texol Energies,GB06ONXS45314737996507,2025-07-18,137307,1
PAY-14670,INV-33633,OMC-010,Tamoil,GB34EABH79176936763201,20/01/2026,104780,1
PAY-54019,INV-97205,OMC-016,KPA Marine,GB31MOOJ96499091334123,2025-07-30,34124,1
PAY-28072,INV-55957,OMC-014,Texol Energies,GB06ONXS45314737996507,2026-05-08,247402,1
PAY-85886,INV-44614,OMC-019,Tanzania Petroleum,GB59MHYN05766270289517,2026-09-24,69206,2
PAY-98193,INV-79065,OMC-009,Dalbit Petroleum,GB53VXXX35615951484656,2026-06-23,155957,1
PAY-72260,INV-33919,OMC-018,Uganda National Oil,GB36RNCH17127484677378,19/11/2025,170424,1
PAY-71749,INV-68616,OMC-001,TotalEnergies Kenya,GB06DMIO52553419283276,2025-05-07,23949,1
PAY-52306,INV-13236,OMC-003,Rubis Energy,GB04LOQO13315098393010,2025-03-03,24340,1
PAY-56049,INV-98892,OMC-015,Mombasa Petroleum,GB80WOIJ43135182337498,2026-02-09,28444,1
PAY-40078,INV-12376,OMC-007,Kobil,GB37IDDX82449353487401,2026-02-15,210988,1
PAY-44722,INV-34543,OMC-009,Dalbit Petroleum,GB53VXXX35615951484656,2026-02-23,281954,1
PAY-54402,INV-95780,OMC-002,Vivo Energy,GB45OQIR01845146270482,2025-10-06,96861,1
PAY-46145,INV-41298,OMC-016,KPA Marine,GB31MOOJ96499091334123,2026-02-05," KES 152,984 ",1
PAY-47178,INV-58856,OMC-001,TotalEnergies Kenya,GB06DMIO52553419283276,2026-04-07,47351,1
PAY-60506,INV-65310,OMC-004,Gulf Energy,GB89GWUW86379402654235,2026-05-25,133432,1
PAY-46872,INV-56969,OMC-009,Dalbit Petroleum,GB53VXXX35615951484656,2025-10-20,131415,1
PAY-26663,INV-43992,OMC-006,Hashi Energy,GB05QCFC91361939909169,2025-06-19,190587,1
PAY-60646,INV-13420,OMC-001,TotalEnergies Kenya,GB06DMIO52553419283276,2025-10-17,29307,1
PAY-67963,INV-48744,OMC-014,Texol Energies,GB06ONXS45314737996507,2026-02-05," KES 31,950 ",1
PAY-94669,INV-98584,OMC-004,Gulf Energy,GB89GWUW86379402654235,2026-03-15,32139,1
PAY-10283,INV-25371,OMC-006,Hashi Energy,GB05QCFC91361939909169,2025-02-08,37303,1
PAY-80348,INV-51075,OMC-015,Mombasa Petroleum,GB80WOIJ43135182337498,2025-02-27,104827,1
PAY-25503,INV-71767,OMC-017,KAA Aviation,GB54HVSS04902787429671,2025-05-04,40274,1
PAY-68897,INV-99001,OMC-005,PetroOil Kenya,GB89GWUW86379402654235,2026-03-20,194489,1
PAY-88589,INV-87125,OMC-009,Dalbit Petroleum,GB53VXXX35615951484656,2026-02-26,46682,1
PAY-98592,INV-43685,OMC-006,Hashi Energy,GB05QCFC91361939909169,2025-03-31," KES 294,522 ",1
PAY-63576,INV-47737,OMC-002,Vivo Energy,GB45OQIR01845146270482,2025-10-26,183558,1
PAY-70341,INV-24328,OMC-012,Galana Energies,GB89GWUW86379402654235,2026-06-06,318476,1
PAY-57904,INV-37773,OMC-003,Rubis Energy,GB04LOQO13315098393010,2026-02-25,29128,1
PAY-31390,INV-17123,OMC-002,Vivo Energy,GB45OQIR01845146270482,2025-06-24,54858,1
PAY-72843,INV-29265,OMC-007,Kobil,GB37IDDX82449353487401,2026-01-12,86726,1
PAY-82717,INV-19931,OMC-010,Tamoil,GB34EABH79176936763201,2025-07-01,59573,1
PAY-96178,INV-96903,OMC-001,TotalEnergies Kenya,GB06DMIO52553419283276,2025-03-31," KES 176,395 ",1
PAY-72064,INV-45903,OMC-013,Lake Oil,GB88TEHE71937452991241,2026-01-12,118043,1
PAY-76467,INV-73801,OMC-019,Tanzania Petroleum,GB59MHYN05766270289517,2026-01-04," KES 30,495 ",1
PAY-97870,INV-60261,OMC-006,Hashi Energy,GB05QCFC91361939909169,2025-04-16,222827,1
PAY-91039,INV-14608,OMC-009,Dalbit Petroleum,GB53VXXX35615951484656,2026-01-21,37223,1
PAY-21082,INV-17112,OMC-012,Galana Energies,GB89GWUW86379402654235,2026-04-16,31459,1
PAY-47784,INV-54001,OMC-018,Uganda National Oil,GB36RNCH17127484677378,2025-09-30,132756,1
PAY-96453,INV-33185,OMC-013,Lake Oil,GB88TEHE71937452991241,2026-06-15,179284,1
PAY-19410,INV-27511,OMC-018,Uganda National Oil,GB36RNCH17127484677378,2025-10-19,233519,1
PAY-15937,INV-47012,OMC-002,Vivo Energy,GB45OQIR01845146270482,2025-04-29,109512,1
PAY-16301,INV-77391,OMC-019,Tanzania Petroleum,GB59MHYN05766270289517,2025-11-19,235478,1
PAY-42368,INV-33118,OMC-018,Uganda National Oil,GB36RNCH17127484677378,2026-01-09,77139,1
PAY-19233,INV-94208,OMC-002,Vivo Energy,GB45OQIR01845146270482,2025-05-23,141031,1
PAY-81309,INV-39138,OMC-001,TotalEnergies Kenya,GB06DMIO52553419283276,2026-02-05,58232,1
PAY-36707,INV-63910,OMC-014,Texol Energies,GB06ONXS45314737996507,2026-01-18,11059,2
PAY-66821,INV-61142,OMC-007,Kobil,GB37IDDX82449353487401,2025-12-17,44292,1
PAY-12764,INV-22397,OMC-013,Lake Oil,GB88TEHE71937452991241,2025-08-31,27493,1
PAY-14296,INV-89123,OMC-013,Lake Oil,GB88TEHE71937452991241,2025-04-09,51591,1
PAY-15506,INV-26321,OMC-010,Tamoil,GB34EABH79176936763201,2026-03-03,29756,1
PAY-84614,INV-80051,OMC-014,Texol Energies,GB06ONXS45314737996507,2026-06-09,159116,1
PAY-80707,INV-56596,OMC-016,KPA Marine,GB31MOOJ96499091334123,2026-01-31,59017,2
PAY-12105,INV-36470,OMC-010,Tamoil,GB34EABH79176936763201,,50199,1
PAY-98945,INV-33516,OMC-003,Rubis Energy,GB04LOQO13315098393010,2025-11-30,48070,1
PAY-57784,INV-59069,OMC-006,Hashi Energy,GB05QCFC91361939909169,2025-08-13,259117,1
PAY-18147,INV-26321,OMC-011,Hass Petroleum,GB56WGCN65876036690967,2026-04-12,54135,1
PAY-55611,INV-87429,OMC-008,National Oil,GB08NAFX56342160733754,2026-05-17,24686,2
PAY-12538,INV-89256,OMC-010,Tamoil,GB34EABH79176936763201,2026-03-22,52792,1
PAY-55070,INV-73841,OMC-016,KPA Marine,GB31MOOJ96499091334123,2025-03-07,58452,1
PAY-49822,INV-68389,OMC-004,Gulf Energy,GB89GWUW86379402654235,2026-04-20,42029,1
PAY-57823,INV-90117,OMC-016,KPA Marine,GB31MOOJ96499091334123,2025-01-31,55325,1
PAY-48316,INV-96422,OMC-009,Dalbit Petroleum,GB53VXXX35615951484656,2026-05-06,39276,2
PAY-86749,INV-68076,OMC-008,National Oil,GB08NAFX56342160733754,2025-04-11,62260,1
PAY-26665,INV-58941,OMC-016,KPA Marine,GB31MOOJ96499091334123,2026-03-18,88602,1
PAY-20421,INV-26175,OMC-016,KPA Marine,GB31MOOJ96499091334123,2026-05-23,70377,1
PAY-19512,INV-31832,OMC-009,Dalbit Petroleum,GB53VXXX35615951484656,2025-10-29,142612,1
PAY-11637,INV-55412,OMC-007,Kobil,GB37IDDX82449353487401,2025-08-23,270365,1
PAY-34062,INV-26107,OMC-014,Texol Energies,GB06ONXS45314737996507,2025-09-08,17156,1
PAY-94470,INV-91994,OMC-018,Uganda National Oil,GB36RNCH17127484677378,,27481,1
PAY-41394,INV-40368,OMC-017,KAA Aviation,GB54HVSS04902787429671,2025-09-09,60149,1
PAY-56372,INV-56466,OMC-016,KPA Marine,GB31MOOJ96499091334123,2026-04-21,60783,1
PAY-76125,INV-66930,OMC-013,Lake Oil,GB88TEHE71937452991241,2025-07-25,41563,1
PAY-49676,INV-51364,OMC-009,Dalbit Petroleum,GB53VXXX35615951484656,2026-04-09,20794,1
PAY-43225,INV-46735,OMC-012,Galana Energies,GB89GWUW86379402654235,2026-06-05,26198,1
PAY-16662,INV-82778,OMC-017,KAA Aviation,GB54HVSS04902787429671,2026-01-31,184139,1
PAY-83394,INV-39529,OMC-011,Hass Petroleum,GB56WGCN65876036690967,2025-09-29," KES 24,082 ",1
PAY-41545,INV-28640,OMC-012,Galana Energies,GB89GWUW86379402654235,2026-05-01,101723,1
PAY-89807,INV-13662,OMC-009,Dalbit Petroleum,GB53VXXX35615951484656,2025-03-29,93506,1
PAY-24761,INV-54279,OMC-006,Hashi Energy,GB05QCFC91361939909169,2026-04-14,192245,1
PAY-30304,INV-25495,OMC-002,Vivo Energy,GB45OQIR01845146270482,2026-04-28,43816,1
PAY-41121,INV-39513,OMC-014,Texol Energies,GB06ONXS45314737996507,2025-09-14,149622,1
PAY-75154,INV-18231,OMC-005,PetroOil Kenya,GB89GWUW86379402654235,2026-06-02,115057,1
PAY-50036,INV-58766,OMC-007,Kobil,GB37IDDX82449353487401,2025-05-30,96999,1
PAY-27400,INV-11924,OMC-011,Hass Petroleum,GB56WGCN65876036690967,2025-07-04,187674,1
PAY-43263,INV-50595,OMC-009,Dalbit Petroleum,GB53VXXX35615951484656,2025-10-12,11016,2
PAY-24991,INV-81652,OMC-011,Hass Petroleum,GB56WGCN65876036690967,2026-06-15,203466,1
PAY-44811,INV-77674,OMC-014,Texol Energies,GB06ONXS45314737996507,2025-12-05,130114,1
PAY-38335,INV-92631,OMC-020,Ethiopian Oil,GB14NSVZ22219693792374,2026-01-31,161632,1
PAY-13097,INV-83690,OMC-005,PetroOil Kenya,GB89GWUW86379402654235,2026-05-27,169981,1
PAY-76504,INV-19100,OMC-003,Rubis Energy,GB04LOQO13315098393010,2025-03-31,20820,1
PAY-59802,INV-24672,OMC-001,TotalEnergies Kenya,GB06DMIO52553419283276,2026-05-16,160624,1
PAY-80316,INV-13290,OMC-003,Rubis Energy,GB04LOQO13315098393010,2026-01-09,184294,1
PAY-76827,INV-79802,OMC-007,Kobil,GB37IDDX82449353487401,2026-06-18,215944,1
PAY-48024,INV-16140,OMC-005,PetroOil Kenya,GB89GWUW86379402654235,2026-04-29,22091,2
PAY-48744,INV-91997,OMC-015,Mombasa Petroleum,GB80WOIJ43135182337498,2025-04-06,244558,1
PAY-26913,INV-62449,OMC-004,Gulf Energy,GB89GWUW86379402654235,2026-05-30,8992,2
PAY-43772,INV-10487,OMC-017,KAA Aviation,GB54HVSS04902787429671,2025-09-09," KES 284,170 ",1
PAY-82693,INV-98430,OMC-008,National Oil,GB08NAFX56342160733754,2025-11-09,66781,2
PAY-54053,INV-97079,OMC-015,Mombasa Petroleum,GB80WOIJ43135182337498,2025-03-27,202104,1
PAY-51047,INV-95567,OMC-006,Hashi Energy,GB05QCFC91361939909169,2026-06-08," KES 188,815 ",1
PAY-59494,INV-33443,OMC-003,Rubis Energy,GB04LOQO13315098393010,2025-08-14,33291,1
PAY-86060,INV-79212,OMC-007,Kobil,GB37IDDX82449353487401,2025-10-27,57810,2
PAY-78598,INV-59954,OMC-013,Lake Oil,GB88TEHE71937452991241,2025-08-26,47342,1
PAY-40115,INV-41502,OMC-015,Mombasa Petroleum,GB80WOIJ43135182337498,,270669,1
PAY-92985,INV-42373,OMC-008,National Oil,GB08NAFX56342160733754,2025-08-01,54398,1
PAY-56761,INV-17946,OMC-010,Tamoil,GB34EABH79176936763201,2026-04-08,37748,1
PAY-50087,INV-60825,OMC-005,PetroOil Kenya,GB89GWUW86379402654235,2026-04-10,34302,2
PAY-23127,INV-68461,OMC-005,PetroOil Kenya,GB89GWUW86379402654235,2026-03-26,28442,1
PAY-30527,INV-11027,OMC-019,Tanzania Petroleum,GB59MHYN05766270289517,2025-04-30,54827,1
PAY-91775,INV-98541,OMC-005,PetroOil Kenya,GB89GWUW86379402654235,2026-05-27,35516,1
PAY-99037,INV-27759,OMC-007,Kobil,GB37IDDX82449353487401,2025-09-26,61176,1
PAY-66078,INV-82939,OMC-007,Kobil,GB37IDDX82449353487401,07/08/2025,59291,2
PAY-58828,INV-49564,OMC-001,TotalEnergies Kenya,GB06DMIO52553419283276,2025-06-16,20673,1
PAY-10410,INV-59004,OMC-002,Vivo Energy,GB45OQIR01845146270482,2025-06-13,245198,1
PAY-91405,INV-62354,OMC-016,KPA Marine,GB31MOOJ96499091334123,15/07/2025,111193,1
PAY-50239,INV-61119,OMC-005,PetroOil Kenya,GB89GWUW86379402654235,2026-04-07,35532,1
PAY-89430,INV-35999,OMC-010,Tamoil,GB34EABH79176936763201,2025-04-17,22725,1
PAY-90731,INV-56296,OMC-007,Kobil,GB37IDDX82449353487401,2026-07-18,82334,1
PAY-86192,INV-97068,OMC-020,Ethiopian Oil,GB14NSVZ22219693792374,2026-01-14,60610,1
PAY-70664,INV-51374,OMC-010,Tamoil,GB34EABH79176936763201,2026-04-05,267636,1
PAY-36332,INV-65554,OMC-003,Rubis Energy,GB04LOQO13315098393010,2025-04-20,86986,1
PAY-64693,INV-91974,OMC-001,TotalEnergies Kenya,GB06DMIO52553419283276,2025-05-21,53323,2
PAY-30415,INV-29975,OMC-001,TotalEnergies Kenya,GB06DMIO52553419283276,2026-08-29,71982,2
PAY-65723,INV-73376,OMC-016,KPA Marine,GB31MOOJ96499091334123,2025-11-13,19868,1
PAY-44425,INV-96905,OMC-003,Rubis Energy,GB04LOQO13315098393010,2026-02-13,32507,1
PAY-94480,INV-58601,OMC-020,Ethiopian Oil,GB14NSVZ22219693792374,2025-02-17,49338,1
PAY-96485,INV-59049,OMC-009,Dalbit Petroleum,GB53VXXX35615951484656,2025-08-18,130769,1
PAY-40261,INV-82049,OMC-011,Hass Petroleum,GB56WGCN65876036690967,2026-07-13,190304,1
PAY-81078,INV-60224,OMC-005,PetroOil Kenya,GB89GWUW86379402654235,2026-05-27,181791,1
PAY-18661,INV-67324,OMC-016,KPA Marine,GB31MOOJ96499091334123,2025-04-30,40595,1
PAY-52010,INV-12954,OMC-007,Kobil,GB37IDDX82449353487401,2026-02-19,199206,1
PAY-48113,INV-22366,OMC-015,Mombasa Petroleum,GB80WOIJ43135182337498,2025-07-22,237545,1
PAY-27245,INV-58179,OMC-004,Gulf Energy,GB89GWUW86379402654235,2026-05-13,214350,1
PAY-55771,INV-48190,OMC-006,Hashi Energy,GB05QCFC91361939909169,2025-08-30,121964,1
PAY-36219,INV-23698,OMC-015,Mombasa Petroleum,GB80WOIJ43135182337498,2025-08-09,38653,1
PAY-89275,INV-77963,OMC-001,TotalEnergies Kenya,GB06DMIO52553419283276,2026-02-15,231792,1
PAY-68532,INV-17886,OMC-005,PetroOil Kenya,GB89GWUW86379402654235,,20093,2
PAY-93717,INV-11471,OMC-010,Tamoil,GB34EABH79176936763201,2026-04-15,192708,1
PAY-29076,INV-70122,OMC-005,PetroOil Kenya,GB89GWUW86379402654235,2026-07-02,129950,1
PAY-76752,INV-23761,OMC-015,Mombasa Petroleum,GB80WOIJ43135182337498,2025-09-22,274078,1
PAY-67979,INV-88062,OMC-001,TotalEnergies Kenya,GB06DMIO52553419283276,2026-04-05,17432,1
PAY-11661,INV-53590,OMC-002,Vivo Energy,GB45OQIR01845146270482,2026-01-24,119157,1
PAY-34419,INV-94043,OMC-007,Kobil,GB37IDDX82449353487401,2026-07-12,48576,1
PAY-48657,INV-63422,OMC-013,Lake Oil,GB88TEHE71937452991241,2026-03-20,63742,1
PAY-67686,INV-30498,OMC-003,Rubis Energy,GB04LOQO13315098393010,2026-05-14,17713,2
PAY-61360,INV-21514,OMC-016,KPA Marine,GB31MOOJ96499091334123,2025-12-01,21779,2
PAY-83277,INV-68934,OMC-015,Mombasa Petroleum,GB80WOIJ43135182337498,2025-03-29,99527,1
PAY-69750,INV-56963,OMC-001,TotalEnergies Kenya,GB06DMIO52553419283276,2026-07-19,51261,1
PAY-42995,INV-47083,OMC-015,Mombasa Petroleum,GB80WOIJ43135182337498,2025-02-26,188065,1
PAY-87023,INV-45927,OMC-008,National Oil,GB08NAFX56342160733754,2025-08-05,87743,2
PAY-79976,INV-75615,OMC-007,Kobil,GB37IDDX82449353487401,2026-01-23,175936,1
PAY-54575,INV-99614,OMC-008,National Oil,GB08NAFX56342160733754,2026-03-12,193262,1
PAY-90685,INV-92783,OMC-013,Lake Oil,GB88TEHE71937452991241,2025-09-24,51317,1
PAY-39459,INV-15372,OMC-013,Lake Oil,GB88TEHE71937452991241,2025-06-27,244483,1
PAY-42778,INV-74865,OMC-018,Uganda National Oil,GB36RNCH17127484677378,2025-08-09,177409,1
PAY-97862,INV-39247,OMC-006,Hashi Energy,GB05QCFC91361939909169,2025-05-16,172945,1
PAY-81019,INV-66870,OMC-004,Gulf Energy,GB89GWUW86379402654235,2026-05-16,34311,1
PAY-90395,INV-76888,OMC-018,Uganda National Oil,GB36RNCH17127484677378,2026-07-15,27834,1
PAY-65626,INV-44415,OMC-014,Texol Energies,GB06ONXS45314737996507,2025-05-01,169945,1
PAY-72335,INV-84958,OMC-004,Gulf Energy,GB89GWUW86379402654235,2026-03-16,149567,1
PAY-31888,INV-42165,OMC-008,National Oil,GB08NAFX56342160733754,2026-03-21,199990,1
PAY-77577,INV-51884,OMC-015,Mombasa Petroleum,GB80WOIJ43135182337498,2025-04-30,225928,1
PAY-28358,INV-11117,OMC-018,Uganda National Oil,GB36RNCH17127484677378,2025-05-15,206651,1
PAY-55584,INV-26043,OMC-005,PetroOil Kenya,GB89GWUW86379402654235,,64289,2
PAY-23218,INV-39580,OMC-012,Galana Energies,GB89GWUW86379402654235,2026-03-29,215142,1
PAY-69022,INV-18465,OMC-019,Tanzania Petroleum,GB59MHYN05766270289517,2025-02-27,54553,1
PAY-61419,INV-26403,OMC-012,Galana Energies,GB89GWUW86379402654235,2026-05-29,25277,2
PAY-52323,INV-96369,OMC-002,Vivo Energy,GB45OQIR01845146270482,2025-05-02,164383,1
PAY-86632,INV-20141,OMC-013,Lake Oil,GB88TEHE71937452991241,2025-12-31,56908,1
PAY-37450,INV-62689,OMC-001,TotalEnergies Kenya,GB06DMIO52553419283276,2025-08-27,276894,1
PAY-51712,INV-57973,OMC-002,Vivo Energy,GB45OQIR01845146270482,2026-04-12,194342,1
PAY-70711,INV-46612,OMC-013,Lake Oil,GB88TEHE71937452991241,2025-07-17,24675,1
PAY-32720,INV-45892,OMC-017,KAA Aviation,GB54HVSS04902787429671,29/12/2025,266311,1
PAY-66628,INV-79969,OMC-009,Dalbit Petroleum,GB53VXXX35615951484656,2025-03-30,82089,1
PAY-15937,INV-47012,OMC-002,Vivo Energy,GB45OQIR01845146270482,2025-04-29," KES 109,512 ",1
PAY-55069,INV-87588,OMC-013,Lake Oil,GB88TEHE71937452991241,2025-03-08,168390,1
PAY-26029,INV-26645,OMC-005,PetroOil Kenya,GB89GWUW86379402654235,2026-04-13,109890,1
PAY-80696,INV-22408,OMC-014,Texol Energies,GB06ONXS45314737996507,2026-06-01,42083,2
PAY-54023,INV-91896,OMC-011,Hass Petroleum,GB56WGCN65876036690967,2026-04-04,224481,1
PAY-31308,INV-93424,OMC-001,TotalEnergies Kenya,GB06DMIO52553419283276,2026-03-06,195478,1
PAY-40940,INV-60573,OMC-014,Texol Energies,GB06ONXS45314737996507,2026-07-16,73123,1
PAY-81362,INV-73211,OMC-019,Tanzania Petroleum,GB59MHYN05766270289517,2026-02-14,84934,1
PAY-90443,INV-55177,OMC-002,Vivo Energy,GB45OQIR01845146270482,2025-12-22,28938,1
PAY-14298,INV-58337,OMC-007,Kobil,GB37IDDX82449353487401,2025-06-22,265461,1
PAY-22706,INV-83260,OMC-007,Kobil,GB37IDDX82449353487401,2026-05-08,278642,1
PAY-16616,INV-40765,OMC-010,Tamoil,GB34EABH79176936763201,2026-03-05,24826,1
PAY-41589,INV-73751,OMC-003,Rubis Energy,GB04LOQO13315098393010,29/08/2025,104207,1
PAY-63055,INV-76622,OMC-006,Hashi Energy,GB05QCFC91361939909169,2025-06-07,194609,1
PAY-98801,INV-14103,OMC-003,Rubis Energy,GB04LOQO13315098393010,2025-05-03,44641,1
PAY-49384,INV-57706,OMC-008,National Oil,GB08NAFX56342160733754,2025-07-28,33261,1
PAY-49091,INV-22564,OMC-015,Mombasa Petroleum,GB80WOIJ43135182337498,2026-03-22,35986,1
PAY-86412,INV-36763,OMC-007,Kobil,GB37IDDX82449353487401,2026-07-10,229441,1
PAY-84718,INV-51974,OMC-001,TotalEnergies Kenya,GB06DMIO52553419283276,2025-12-01,125306,1
PAY-60936,INV-85581,OMC-017,KAA Aviation,GB54HVSS04902787429671,2026-04-24,264171,1
PAY-55665,INV-56421,OMC-001,TotalEnergies Kenya,GB06DMIO52553419283276,2025-11-01,8241,2
PAY-17555,INV-41246,OMC-014,Texol Energies,GB06ONXS45314737996507,,58083,1
PAY-65900,INV-59649,OMC-011,Hass Petroleum,GB56WGCN65876036690967,2025-04-15,26230,1
PAY-70950,INV-91174,OMC-007,Kobil,GB37IDDX82449353487401,2025-03-05,58824,1
PAY-92435,INV-98705,OMC-012,Galana Energies,GB89GWUW86379402654235,2026-07-11,10407,2
PAY-65168,INV-78175,OMC-015,Mombasa Petroleum,GB80WOIJ43135182337498,2025-11-25,212191,1
PAY-78635,INV-24410,OMC-004,Gulf Energy,GB89GWUW86379402654235,,45246,1
PAY-25503,INV-71767,OMC-017,KAA Aviation,GB54HVSS04902787429671,2025-05-04,40274,1
PAY-98794,INV-74323,OMC-016,KPA Marine,GB31MOOJ96499091334123,2025-02-16,24346,1
PAY-54232,INV-59415,OMC-001,TotalEnergies Kenya,GB06DMIO52553419283276,2025-03-06,21431,1
PAY-83357,INV-72191,OMC-014,Texol Energies,GB06ONXS45314737996507,2025-06-21," KES 158,487 ",1
PAY-80641,INV-41385,OMC-007,Kobil,GB37IDDX82449353487401,2025-09-28,53918,1
PAY-94055,INV-53875,OMC-017,KAA Aviation,GB54HVSS04902787429671,2026-07-03,238623,1
PAY-64962,INV-65280,OMC-003,Rubis Energy,GB04LOQO13315098393010,2026-03-21,194569,1
PAY-76432,INV-92326,OMC-009,Dalbit Petroleum,GB53VXXX35615951484656,2026-08-24,38915,1
PAY-47946,INV-24348,OMC-011,Hass Petroleum,GB56WGCN65876036690967,2025-07-02,248402,1
PAY-62830,INV-34113,OMC-003,Rubis Energy,GB04LOQO13315098393010,2025-04-28,102440,1
PAY-77630,INV-53963,OMC-014,Texol Energies,GB06ONXS45314737996507,2025-07-12,62477,1
PAY-85340,INV-34152,OMC-017,KAA Aviation,GB54HVSS04902787429671,,205844,1
PAY-72611,INV-48418,OMC-017,KAA Aviation,GB54HVSS04902787429671,2026-02-05,149140,1
PAY-18687,INV-30250,OMC-012,Galana Energies,GB89GWUW86379402654235,2026-04-25,52172,1
PAY-49514,INV-35190,OMC-010,Tamoil,GB34EABH79176936763201,2025-11-18,59766,1
PAY-96665,INV-59811,OMC-006,Hashi Energy,GB05QCFC91361939909169,2025-10-08,30027,1
PAY-20528,INV-85188,OMC-009,Dalbit Petroleum,GB53VXXX35615951484656,2025-09-04,108175,1
PAY-25910,INV-59043,OMC-011,Hass Petroleum,GB56WGCN65876036690967,2025-06-22,37808,1
PAY-53594,INV-15640,OMC-019,Tanzania Petroleum,GB59MHYN05766270289517,2026-03-28,156493,1
PAY-65536,INV-63805,OMC-005,PetroOil Kenya,GB89GWUW86379402654235,2026-03-28,92471,1
PAY-60740,INV-33946,OMC-016,KPA Marine,GB31MOOJ96499091334123,2025-09-14,51626,2
PAY-59718,INV-11632,OMC-018,Uganda National Oil,GB36RNCH17127484677378,2026-06-22,73496,1
PAY-26381,INV-87024,OMC-019,Tanzania Petroleum,GB59MHYN05766270289517,2025-09-28,148747,1
PAY-40410,INV-85569,OMC-019,Tanzania Petroleum,GB59MHYN05766270289517,2025-03-13,101705,1
PAY-86924,INV-44511,OMC-009,Dalbit Petroleum,GB53VXXX35615951484656,2026-07-20,204370,1
PAY-43282,INV-88063,OMC-006,Hashi Energy,GB05QCFC91361939909169,2025-10-23,27534,1
PAY-72674,INV-36978,OMC-020,Ethiopian Oil,GB14NSVZ22219693792374,2026-07-11,214632,1
PAY-59719,INV-57721,OMC-012,Galana Energies,GB89GWUW86379402654235,2026-04-17,183016,1
PAY-67019,INV-74033,OMC-006,Hashi Energy,GB05QCFC91361939909169,2025-06-29,77906,2
PAY-66416,INV-59817,OMC-003,Rubis Energy,GB04LOQO13315098393010,2025-03-20,55205,1
PAY-12289,INV-23337,OMC-014,Texol Energies,GB06ONXS45314737996507,2025-08-19,174309,1
PAY-41523,INV-97374,OMC-001,TotalEnergies Kenya,GB06DMIO52553419283276,2025-09-14,146130,1
PAY-76452,INV-18087,OMC-008,National Oil,GB08NAFX56342160733754,2026-08-17,54198,2
PAY-69662,INV-14827,OMC-008,National Oil,GB08NAFX56342160733754,2025-03-31,13854,2
PAY-10938,INV-22163,OMC-003,Rubis Energy,GB04LOQO13315098393010,2026-07-01,129695,1
PAY-88134,INV-90065,OMC-014,Texol Energies,GB06ONXS45314737996507,2025-05-22,133271,1
PAY-53119,INV-54395,OMC-001,TotalEnergies Kenya,GB06DMIO52553419283276,2025-10-25,15326,1
PAY-18016,INV-59035,OMC-002,Vivo Energy,GB45OQIR01845146270482,2025-07-17,188650,1
PAY-67060,INV-57104,OMC-019,Tanzania Petroleum,GB59MHYN05766270289517,2026-06-25,13181,1
PAY-86043,INV-71453,OMC-001,TotalEnergies Kenya,GB06DMIO52553419283276,2025-05-06,28117,1
PAY-95478,INV-94409,OMC-013,Lake Oil,GB88TEHE71937452991241,2026-07-06,57953,1
PAY-82725,INV-53108,OMC-004,Gulf Energy,GB89GWUW86379402654235,2026-04-16,35291,1
PAY-91634,INV-22340,OMC-004,Gulf Energy,GB89GWUW86379402654235,2026-03-12,188762,1
PAY-62375,INV-82667,OMC-020,Ethiopian Oil,GB14NSVZ22219693792374,2025-12-28,175076,1
PAY-18397,INV-66233,OMC-001,TotalEnergies Kenya,GB06DMIO52553419283276,2025-03-03,75791,1
PAY-75246,INV-53098,OMC-008,National Oil,GB08NAFX56342160733754,2025-12-30," KES 96,638 ",1
PAY-50175,INV-86624,OMC-019,Tanzania Petroleum,GB59MHYN05766270289517,19/08/2026,195607,1
PAY-42035,INV-48230,OMC-006,Hashi Energy,GB05QCFC91361939909169,2025-07-25,291930,1
PAY-43641,INV-19905,OMC-001,TotalEnergies Kenya,GB06DMIO52553419283276,2025-07-16,41104,2
PAY-90509,INV-59617,OMC-006,Hashi Energy,GB05QCFC91361939909169,2025-06-26,149725,1
PAY-28408,INV-30344,OMC-009,Dalbit Petroleum,GB53VXXX35615951484656,2026-07-03,229246,1
PAY-55324,INV-52745,OMC-009,Dalbit Petroleum,GB53VXXX35615951484656,2026-07-01,276320,1
PAY-40997,INV-73770,OMC-014,Texol Energies,GB06ONXS45314737996507,2025-12-21,87545,1
PAY-56147,INV-84780,OMC-008,National Oil,GB08NAFX56342160733754,2026-02-08,17208,2
PAY-86243,INV-94631,OMC-018,Uganda National Oil,GB36RNCH17127484677378,2025-03-27,26992,1
PAY-86818,INV-40042,OMC-020,Ethiopian Oil,GB14NSVZ22219693792374,2026-07-03,45018,1
PAY-36748,INV-59648,OMC-016,KPA Marine,GB31MOOJ96499091334123,,124563,1
PAY-94681,INV-31166,OMC-019,Tanzania Petroleum,GB59MHYN05766270289517,2025-11-29,162154,1
PAY-11971,INV-75100,OMC-011,Hass Petroleum,GB56WGCN65876036690967,2025-10-28,253517,1
PAY-25790,INV-60685,OMC-002,Vivo Energy,GB45OQIR01845146270482,2026-04-09,53863,2
PAY-43031,INV-35998,OMC-010,Tamoil,GB34EABH79176936763201,2026-04-14,179618,1
PAY-66874,INV-58310,OMC-019,Tanzania Petroleum,GB59MHYN05766270289517,2025-03-06,53105,1
PAY-53958,INV-22408,OMC-014,Texol Energies,GB06ONXS45314737996507,2026-05-08,118809,1
PAY-68900,INV-26333,OMC-003,Rubis Energy,GB04LOQO13315098393010,2025-10-04,43170,1
PAY-53714,INV-24763,OMC-007,Kobil,GB37IDDX82449353487401,2025-10-06,9152,2
PAY-73494,INV-39473,OMC-012,Galana Energies,GB89GWUW86379402654235,2026-06-24,271872,1
PAY-47815,INV-13790,OMC-004,Gulf Energy,GB89GWUW86379402654235,2026-05-14,16175,1
PAY-61333,INV-48461,OMC-011,Hass Petroleum,GB56WGCN65876036690967,2025-10-02,277513,1
PAY-63789,INV-11172,OMC-015,Mombasa Petroleum,GB80WOIJ43135182337498,2026-04-10,128247,1
PAY-85726,INV-86373,OMC-018,Uganda National Oil,GB36RNCH17127484677378,2025-10-05," KES 76,086 ",1
PAY-77162,INV-10533,OMC-016,KPA Marine,GB31MOOJ96499091334123,2025-08-20,30345,1
PAY-83858,INV-48731,OMC-008,National Oil,GB08NAFX56342160733754,2025-12-13," KES 25,997 ",1
PAY-48322,INV-79119,OMC-001,TotalEnergies Kenya,GB06DMIO52553419283276,2026-06-15,58201,1
PAY-30869,INV-44447,OMC-017,KAA Aviation,GB54HVSS04902787429671,2025-06-22,71468,1
PAY-14750,INV-68097,OMC-013,Lake Oil,GB88TEHE71937452991241,2025-07-27,283223,1
PAY-30330,INV-47571,OMC-001,TotalEnergies Kenya,GB06DMIO52553419283276,2026-01-16,27285,1
PAY-55972,INV-92720,OMC-012,Galana Energies,GB89GWUW86379402654235,2026-04-02,36740,1
PAY-29077,INV-82244,OMC-020,Ethiopian Oil,GB14NSVZ22219693792374,2025-10-16,38253,1
PAY-96382,INV-62979,OMC-003,Rubis Energy,GB04LOQO13315098393010,2025-03-09,99090,1
PAY-77398,INV-84741,OMC-017,KAA Aviation,GB54HVSS04902787429671,2026-07-31,215150,1
PAY-20765,INV-88438,OMC-010,Tamoil,GB34EABH79176936763201,2025-05-22," KES 53,648 ",1
PAY-71809,INV-68628,OMC-016,KPA Marine,GB31MOOJ96499091334123,2025-09-09,122537,1
PAY-81405,INV-15862,OMC-005,PetroOil Kenya,GB89GWUW86379402654235,2026-06-01,156403,1
PAY-56336,INV-39066,OMC-015,Mombasa Petroleum,GB80WOIJ43135182337498,2025-09-21,61034,1
PAY-89322,INV-37161,OMC-015,Mombasa Petroleum,GB80WOIJ43135182337498,2025-07-11,125698,1
PAY-29279,INV-27594,OMC-017,KAA Aviation,GB54HVSS04902787429671,2025-10-29,32818,1
PAY-80509,INV-86723,OMC-016,KPA Marine,GB31MOOJ96499091334123,2026-06-25,162210,1
PAY-28747,INV-53108,OMC-004,Gulf Energy,GB89GWUW86379402654235,2026-05-01,26898,2
PAY-59651,INV-60617,OMC-014,Texol Energies,GB06ONXS45314737996507,2026-05-18,8059,2
PAY-21478,INV-82963,OMC-006,Hashi Energy,GB05QCFC91361939909169,2025-02-27,106878,1
PAY-21941,INV-59379,OMC-009,Dalbit Petroleum,GB53VXXX35615951484656,2025-07-25," KES 249,599 ",1
PAY-97037,INV-93476,OMC-008,National Oil,GB08NAFX56342160733754,2026-03-01,155189,1
PAY-71124,INV-13152,OMC-006,Hashi Energy,GB05QCFC91361939909169,2026-01-07,30185,2
PAY-18070,INV-79302,OMC-016,KPA Marine,GB31MOOJ96499091334123,2026-02-19,258042,1
PAY-64854,INV-96553,OMC-006,Hashi Energy,GB05QCFC91361939909169,2025-09-03,290091,1
PAY-32431,INV-18189,OMC-020,Ethiopian Oil,GB14NSVZ22219693792374,2025-09-07," KES 30,064 ",1
PAY-35262,INV-41060,OMC-009,Dalbit Petroleum,GB53VXXX35615951484656,2026-01-23,104706,1
PAY-99925,INV-15464,OMC-011,Hass Petroleum,GB56WGCN65876036690967,2025-04-15,94658,1
PAY-68870,INV-19707,OMC-018,Uganda National Oil,GB36RNCH17127484677378,2025-08-20,59320,2
PAY-93473,INV-92161,OMC-003,Rubis Energy,GB04LOQO13315098393010,2025-08-24,26354,1
PAY-86611,INV-84842,OMC-007,Kobil,GB37IDDX82449353487401,2025-08-16,164001,1
PAY-43407,INV-31172,OMC-002,Vivo Energy,GB45OQIR01845146270482,2025-03-21," KES 215,400 ",1
PAY-22169,INV-97517,OMC-010,Tamoil,GB34EABH79176936763201,2026-04-14,190681,1
PAY-12131,INV-11232,OMC-004,Gulf Energy,GB89GWUW86379402654235,24/03/2026,133011,1
PAY-29569,INV-20262,OMC-016,KPA Marine,GB31MOOJ96499091334123,2025-08-14,145627,1
PAY-68981,INV-42489,OMC-010,Tamoil,GB34EABH79176936763201,2025-02-17,200641,1
PAY-59480,INV-60539,OMC-004,Gulf Energy,GB89GWUW86379402654235,2026-05-12,32473,1
PAY-43509,INV-50007,OMC-019,Tanzania Petroleum,GB59MHYN05766270289517,2025-04-30,190151,1
PAY-90728,INV-65896,OMC-005,PetroOil Kenya,GB89GWUW86379402654235,2026-05-02,8374,2
PAY-31428,INV-23747,OMC-018,Uganda National Oil,GB36RNCH17127484677378,2025-05-22,265835,1
PAY-22816,INV-34161,OMC-019,Tanzania Petroleum,GB59MHYN05766270289517,2026-03-09," KES 50,109 ",1
PAY-27395,INV-12255,OMC-016,KPA Marine,GB31MOOJ96499091334123,2025-08-14,54369,2
PAY-40316,INV-11451,OMC-011,Hass Petroleum,GB56WGCN65876036690967,,48750,1
PAY-70500,INV-74981,OMC-018,Uganda National Oil,GB36RNCH17127484677378,2025-12-18,170588,1
PAY-70321,INV-35319,OMC-019,Tanzania Petroleum,GB59MHYN05766270289517,2025-09-27,189904,1
PAY-76323,INV-56187,OMC-008,National Oil,GB08NAFX56342160733754,25/02/2026,27063,1
PAY-63457,INV-99262,OMC-009,Dalbit Petroleum,GB53VXXX35615951484656,2026-03-07," KES 207,563 ",1
PAY-64061,INV-38356,OMC-002,Vivo Energy,GB45OQIR01845146270482,2025-11-19,46456,1
PAY-89531,INV-96085,OMC-002,Vivo Energy,GB45OQIR01845146270482,2025-03-08,21988,1
PAY-77505,INV-14007,OMC-005,PetroOil Kenya,GB89GWUW86379402654235,2026-05-02,101817,1
PAY-82403,INV-70617,OMC-017,KAA Aviation,GB54HVSS04902787429671,2025-02-22,249767,1
PAY-31554,INV-34332,OMC-006,Hashi Energy,GB05QCFC91361939909169,2025-12-09,71285,1
PAY-97727,INV-16091,OMC-017,KAA Aviation,GB54HVSS04902787429671,2026-05-22,36129,1
PAY-83180,INV-51067,OMC-020,Ethiopian Oil,GB14NSVZ22219693792374,2025-07-02,102130,1
PAY-21039,INV-78917,OMC-020,Ethiopian Oil,GB14NSVZ22219693792374,,130746,1
PAY-73392,INV-12048,OMC-005,PetroOil Kenya,GB89GWUW86379402654235,2026-04-29,66144,1
PAY-33105,INV-59824,OMC-016,KPA Marine,GB31MOOJ96499091334123,2025-06-27,260202,1
PAY-94320,INV-10475,OMC-003,Rubis Energy,GB04LOQO13315098393010,2026-03-03,63242,1
PAY-58237,INV-76663,OMC-015,Mombasa Petroleum,GB80WOIJ43135182337498,2025-06-27,140237,1
PAY-38849,INV-71136,OMC-017,KAA Aviation,GB54HVSS04902787429671,2025-11-22,109121,1
PAY-32843,INV-66542,OMC-018,Uganda National Oil,GB36RNCH17127484677378,2026-02-21,209652,1
PAY-76725,INV-12993,OMC-012,Galana Energies,GB89GWUW86379402654235,2026-03-20,275011,1
PAY-23142,INV-28691,OMC-013,Lake Oil,GB88TEHE71937452991241,2025-04-25,120426,1
PAY-31936,INV-42006,OMC-020,Ethiopian Oil,GB14NSVZ22219693792374,2026-05-13,9994,2
PAY-40287,INV-23544,OMC-019,Tanzania Petroleum,GB59MHYN05766270289517,2025-04-12,73427,2
PAY-58475,INV-10791,OMC-009,Dalbit Petroleum,GB53VXXX35615951484656,2026-03-12," KES 81,234 ",1
PAY-23359,INV-45305,OMC-002,Vivo Energy,GB45OQIR01845146270482,2025-12-06,172558,1
PAY-39913,INV-51130,OMC-014,Texol Energies,GB06ONXS45314737996507,2025-07-02,45399,2
PAY-28096,INV-54420,OMC-018,Uganda National Oil,GB36RNCH17127484677378,2025-12-21,38555,1
PAY-77066,INV-53780,OMC-019,Tanzania Petroleum,GB59MHYN05766270289517,2025-04-28,24646,1
PAY-42107,INV-24466,OMC-015,Mombasa Petroleum,GB80WOIJ43135182337498,2026-03-26,53505,1
PAY-34222,INV-71867,OMC-018,Uganda National Oil,GB36RNCH17127484677378,,29334,1
PAY-94724,INV-10610,OMC-018,Uganda National Oil,GB36RNCH17127484677378,2025-10-16,195437,1
PAY-73833,INV-38701,OMC-012,Galana Energies,GB89GWUW86379402654235,2026-05-16,93576,2
PAY-50849,INV-49795,OMC-016,KPA Marine,GB31MOOJ96499091334123,2025-10-24,43738,2
PAY-10240,INV-76222,OMC-012,Galana Energies,GB89GWUW86379402654235,2026-06-28,119353,1
PAY-68757,INV-24248,OMC-016,KPA Marine,GB31MOOJ96499091334123,2026-01-05,141296,1
PAY-98355,INV-42885,OMC-009,Dalbit Petroleum,GB53VXXX35615951484656,2025-06-06,302179,1
PAY-37876,INV-26628,OMC-007,Kobil,GB37IDDX82449353487401,2026-03-18,49135,1
PAY-60801,INV-30438,OMC-012,Galana Energies,GB89GWUW86379402654235,2026-07-12,19605,2
PAY-67971,INV-45037,OMC-007,Kobil,GB37IDDX82449353487401,2025-10-26,51717,1
PAY-60765,INV-28810,OMC-018,Uganda National Oil,GB36RNCH17127484677378,2025-08-05,194185,1
PAY-96046,INV-40997,OMC-005,PetroOil Kenya,GB89GWUW86379402654235,2026-04-09,148008,1
PAY-52965,INV-77247,OMC-004,Gulf Energy,GB89GWUW86379402654235,2026-06-10,93195,2
PAY-50810,INV-85211,OMC-014,Texol Energies,GB06ONXS45314737996507,2026-02-01,21700,1
PAY-83228,INV-11883,OMC-019,Tanzania Petroleum,GB59MHYN05766270289517,2026-01-19,42549,1
PAY-37156,INV-43950,OMC-005,PetroOil Kenya,GB89GWUW86379402654235,2026-03-27,210071,1
PAY-67899,INV-24125,OMC-016,KPA Marine,GB31MOOJ96499091334123,2025-02-18,29752,1
PAY-65085,INV-97527,OMC-008,National Oil,GB08NAFX56342160733754,2025-02-19,71108,1
PAY-71038,INV-63620,OMC-006,Hashi Energy,GB05QCFC91361939909169,2025-09-25,279398,1
PAY-78255,INV-46475,OMC-016,KPA Marine,GB31MOOJ96499091334123,2025-05-05,22055,1
PAY-52658,INV-40015,OMC-016,KPA Marine,GB31MOOJ96499091334123,2026-06-03,88340,2
PAY-76995,INV-47274,OMC-011,Hass Petroleum,GB56WGCN65876036690967,2026-02-20,54988,1
PAY-74375,INV-40534,OMC-009,Dalbit Petroleum,GB53VXXX35615951484656,2025-11-11,50753,1
PAY-45956,INV-21298,OMC-002,Vivo Energy,GB45OQIR01845146270482,2025-05-03,198755,1
PAY-75802,INV-53941,OMC-010,Tamoil,GB34EABH79176936763201,2026-02-13,64819,2
PAY-23476,INV-73418,OMC-005,PetroOil Kenya,GB89GWUW86379402654235,2026-04-26,27836,2
PAY-11511,INV-98550,OMC-015,Mombasa Petroleum,GB80WOIJ43135182337498,2026-07-14," KES 28,074 ",1
PAY-32151,INV-85572,OMC-005,PetroOil Kenya,GB89GWUW86379402654235,29/06/2026,20673,2
PAY-94316,INV-68416,OMC-010,Tamoil,GB34EABH79176936763201,2025-08-14,15022,2
PAY-80973,INV-78627,OMC-010,Tamoil,GB34EABH79176936763201,2026-05-28,25108,1
PAY-53357,INV-41141,OMC-017,KAA Aviation,GB54HVSS04902787429671,2025-07-29,41737,1
PAY-54605,INV-51245,OMC-016,KPA Marine,GB31MOOJ96499091334123,2025-02-12," KES 41,668 ",1
PAY-42586,INV-31564,OMC-014,Texol Energies,GB06ONXS45314737996507,2026-06-17,11910,2
PAY-90131,INV-37475,OMC-002,Vivo Energy,GB45OQIR01845146270482,2025-07-13,78280,1
PAY-91052,INV-62437,OMC-012,Galana Energies,GB89GWUW86379402654235,2026-04-23,30342,1
PAY-48098,INV-20919,OMC-013,Lake Oil,GB88TEHE71937452991241,2026-02-26,38582,1
PAY-82390,INV-19308,OMC-004,Gulf Energy,GB89GWUW86379402654235,2026-03-12,104193,1
PAY-92822,INV-98190,OMC-012,Galana Energies,GB89GWUW86379402654235,2026-07-02,7888,2
PAY-12769,INV-49357,OMC-009,Dalbit Petroleum,GB53VXXX35615951484656,2025-08-21,76305,2
PAY-37365,INV-89028,OMC-002,Vivo Energy,GB45OQIR01845146270482,2025-06-28,169205,1
PAY-22585,INV-58232,OMC-003,Rubis Energy,GB04LOQO13315098393010,2025-10-03,58495,1
PAY-18895,INV-11356,OMC-020,Ethiopian Oil,GB14NSVZ22219693792374,2025-08-21,46012,1
PAY-72064,INV-40813,OMC-007,Kobil,GB37IDDX82449353487401,2026-04-11,284507,1
PAY-39685,INV-20789,OMC-018,Uganda National Oil,GB36RNCH17127484677378,2025-12-15,64444,1
PAY-14395,INV-59115,OMC-005,PetroOil Kenya,GB89GWUW86379402654235,2026-03-28,269016,1
PAY-62935,INV-77727,OMC-002,Vivo Energy,GB45OQIR01845146270482,2026-02-28,29508,2
PAY-13981,INV-99957,OMC-015,Mombasa Petroleum,GB80WOIJ43135182337498,28/12/2025,156850,1
PAY-88592,INV-79321,OMC-016,KPA Marine,GB31MOOJ96499091334123,2026-05-19,175468,1
PAY-95361,INV-57377,OMC-010,Tamoil,GB34EABH79176936763201,2025-09-10,174558,1
PAY-66073,INV-95150,OMC-004,Gulf Energy,GB89GWUW86379402654235,2026-05-06,48315,1
PAY-10777,INV-93046,OMC-016,KPA Marine,GB31MOOJ96499091334123,2025-09-19,235824,1
PAY-99923,INV-56270,OMC-020,Ethiopian Oil,GB14NSVZ22219693792374,2025-08-21,278437,1
PAY-96236,INV-96688,OMC-018,Uganda National Oil,GB36RNCH17127484677378,2025-08-23,213606,1
PAY-45390,INV-62903,OMC-006,Hashi Energy,GB05QCFC91361939909169,2026-01-02,60109,1
PAY-17075,INV-49549,OMC-006,Hashi Energy,GB05QCFC91361939909169,2026-01-12," KES 41,666 ",1
PAY-26952,INV-21596,OMC-006,Hashi Energy,GB05QCFC91361939909169,2026-01-26,170667,1
PAY-92242,INV-39620,OMC-012,Galana Energies,GB89GWUW86379402654235,2026-06-10,34572,2
PAY-50699,INV-90385,OMC-013,Lake Oil,GB88TEHE71937452991241,2026-06-30,60858,1
PAY-41694,INV-22209,OMC-007,Kobil,GB37IDDX82449353487401,2025-09-18,103623,1
PAY-18278,INV-84002,OMC-013,Lake Oil,GB88TEHE71937452991241,2025-05-17,60675,1
PAY-94381,INV-85381,OMC-010,Tamoil,GB34EABH79176936763201,2025-12-30,188612,1
PAY-23454,INV-52619,OMC-003,Rubis Energy,GB04LOQO13315098393010,2026-06-22,87265,1
PAY-35743,INV-45868,OMC-020,Ethiopian Oil,GB14NSVZ22219693792374,2026-06-10,274085,1
PAY-87455,INV-16639,OMC-020,Ethiopian Oil,GB14NSVZ22219693792374,2025-04-19,99917,1
PAY-91930,INV-35054,OMC-007,Kobil,GB37IDDX82449353487401,2025-10-27,57009,1
PAY-15913,INV-29021,OMC-014,Texol Energies,GB06ONXS45314737996507,,74593,1
PAY-93782,INV-40020,OMC-010,Tamoil,GB34EABH79176936763201,2026-07-04,206320,1
PAY-56463,INV-67040,OMC-012,Galana Energies,GB89GWUW86379402654235,2026-05-10," KES 71,969 ",2
PAY-25591,INV-77638,OMC-007,Kobil,GB37IDDX82449353487401,25/02/2026,142389,1
PAY-50761,INV-85219,OMC-009,Dalbit Petroleum,GB53VXXX35615951484656,2025-03-02,57413,1
PAY-90820,INV-38701,OMC-012,Galana Energies,GB89GWUW86379402654235,2026-05-01,170895,1
PAY-27436,INV-71570,OMC-003,Rubis Energy,GB04LOQO13315098393010,2025-06-27,20951,1
PAY-62910,INV-35502,OMC-019,Tanzania Petroleum,GB59MHYN05766270289517,2025-06-04,165882,1
PAY-71585,INV-68124,OMC-014,Texol Energies,GB06ONXS45314737996507,2025-12-27,30304,2
PAY-26239,INV-70506,OMC-009,Dalbit Petroleum,GB53VXXX35615951484656,,122391,1
PAY-87932,INV-11528,OMC-013,Lake Oil,GB88TEHE71937452991241,2025-04-02,195450,1
PAY-41571,INV-50057,OMC-002,Vivo Energy,GB45OQIR01845146270482,2025-03-31,25552,2
PAY-84378,INV-27709,OMC-009,Dalbit Petroleum,GB53VXXX35615951484656,2026-04-28,32255,2
PAY-17497,INV-78699,OMC-018,Uganda National Oil,GB36RNCH17127484677378,2025-05-01,29022,1
PAY-25455,INV-57268,OMC-017,KAA Aviation,GB54HVSS04902787429671,2025-06-30,104523,1
PAY-28771,INV-67729,OMC-010,Tamoil,GB34EABH79176936763201,2025-12-18,105180,1
PAY-79604,INV-45044,OMC-015,Mombasa Petroleum,GB80WOIJ43135182337498,2026-05-12,55612,1
PAY-46700,INV-46300,OMC-007,Kobil,GB37IDDX82449353487401,11/06/2025,48347,1
PAY-40614,INV-17485,OMC-014,Texol Energies,GB06ONXS45314737996507,2026-07-08,129702,1
PAY-72518,INV-46586,OMC-007,Kobil,GB37IDDX82449353487401,,217371,1
PAY-70082,INV-59260,OMC-005,PetroOil Kenya,GB89GWUW86379402654235,2026-06-01,180980,1
PAY-92481,INV-83477,OMC-013,Lake Oil,GB88TEHE71937452991241,2026-01-18,170101,1
PAY-22390,INV-30896,OMC-009,Dalbit Petroleum,GB53VXXX35615951484656,2026-03-14,150659,1
PAY-46087,INV-91068,OMC-002,Vivo Energy,GB45OQIR01845146270482,2025-06-28,28614,1
PAY-21572,INV-42547,OMC-009,Dalbit Petroleum,GB53VXXX35615951484656,2025-06-05,249034,1
PAY-57727,INV-97097,OMC-019,Tanzania Petroleum,GB59MHYN05766270289517,2025-09-21,75670,1
PAY-36658,INV-38186,OMC-020,Ethiopian Oil,GB14NSVZ22219693792374,2025-10-02,111013,1
PAY-20638,INV-76203,OMC-008,National Oil,GB08NAFX56342160733754,2026-02-11,56395,1
PAY-82289,INV-23328,OMC-014,Texol Energies,GB06ONXS45314737996507,2026-06-11,33635,1
PAY-80581,INV-77727,OMC-002,Vivo Energy,GB45OQIR01845146270482,2026-01-31,110134,1
PAY-89368,INV-25654,OMC-017,KAA Aviation,GB54HVSS04902787429671,2026-05-23,35707,1
PAY-69943,INV-98268,OMC-012,Galana Energies,GB89GWUW86379402654235,2026-05-21,132026,1
PAY-71900,INV-59595,OMC-014,Texol Energies,GB06ONXS45314737996507,2026-05-18,112559,1
PAY-93237,INV-83605,OMC-016,KPA Marine,GB31MOOJ96499091334123,2025-05-14,69589,2
PAY-50040,INV-32133,OMC-003,Rubis Energy,GB04LOQO13315098393010,2025-04-22,26958,1
PAY-32577,INV-47982,OMC-002,Vivo Energy,GB45OQIR01845146270482,2025-03-04,78893,1
PAY-56919,INV-73427,OMC-014,Texol Energies,GB06ONXS45314737996507,2025-06-20,52066,2
PAY-11747,INV-12045,OMC-016,KPA Marine,GB31MOOJ96499091334123,2026-07-10,41615,1
PAY-79442,INV-98761,OMC-006,Hashi Energy,GB05QCFC91361939909169,2025-11-05,120435,1
PAY-16278,INV-67700,OMC-019,Tanzania Petroleum,GB59MHYN05766270289517,2025-11-25,25043,1
PAY-35912,INV-60197,OMC-013,Lake Oil,GB88TEHE71937452991241,2025-05-20,216966,1
PAY-65718,INV-46963,OMC-015,Mombasa Petroleum,GB80WOIJ43135182337498,2026-04-03,49509,1
PAY-61654,INV-19914,OMC-012,Galana Energies,GB89GWUW86379402654235,2026-05-23,158403,1
PAY-74348,INV-23616,OMC-006,Hashi Energy,GB05QCFC91361939909169,2026-01-20,103381,1
PAY-73346,INV-33910,OMC-009,Dalbit Petroleum,GB53VXXX35615951484656,2026-01-14,45191,1
PAY-74944,INV-43275,OMC-015,Mombasa Petroleum,GB80WOIJ43135182337498,2025-09-16,138523,1
PAY-68889,INV-80103,OMC-005,PetroOil Kenya,GB89GWUW86379402654235,2026-04-09,166778,1
PAY-52240,INV-96697,OMC-009,Dalbit Petroleum,GB53VXXX35615951484656,23/10/2025,76960,2
PAY-87044,INV-59978,OMC-010,Tamoil,GB34EABH79176936763201,2025-11-13,203270,1
PAY-45496,INV-56237,OMC-018,Uganda National Oil,GB36RNCH17127484677378,2025-06-21,117581,1
PAY-85421,INV-18800,OMC-020,Ethiopian Oil,GB14NSVZ22219693792374,2026-02-26,11234,2
PAY-75525,INV-55875,OMC-011,Hass Petroleum,GB56WGCN65876036690967,2026-03-10,7090,2
PAY-56962,INV-54119,OMC-001,TotalEnergies Kenya,GB06DMIO52553419283276,2025-07-27,53920,1
PAY-38343,INV-83945,OMC-005,PetroOil Kenya,GB89GWUW86379402654235,2026-06-24,34854,2
PAY-96228,INV-38115,OMC-013,Lake Oil,GB88TEHE71937452991241,2025-05-20,228100,1
PAY-81087,INV-24920,OMC-012,Galana Energies,GB89GWUW86379402654235,2026-06-09,27523,1
PAY-48610,INV-76250,OMC-005,PetroOil Kenya,GB89GWUW86379402654235,,15403,2
PAY-42829,INV-49154,OMC-006,Hashi Energy,GB05QCFC91361939909169,2026-04-10,65351,2
PAY-24811,INV-79790,OMC-009,Dalbit Petroleum,GB53VXXX35615951484656,2026-03-06,92413,2
PAY-40788,INV-29426,OMC-007,Kobil,GB37IDDX82449353487401,2025-08-09,202490,1
PAY-37328,INV-81280,OMC-017,KAA Aviation,GB54HVSS04902787429671,2026-03-19,235791,1
PAY-31428,INV-23747,OMC-018,Uganda National Oil,GB36RNCH17127484677378,2025-05-22,265835,1
PAY-69629,INV-41895,OMC-008,National Oil,GB08NAFX56342160733754,2025-08-25,134641,1
PAY-77585,INV-39516,OMC-014,Texol Energies,GB06ONXS45314737996507,2026-07-16,66596,2
PAY-46516,INV-14608,OMC-009,Dalbit Petroleum,GB53VXXX35615951484656,2026-02-14,19507,2
PAY-83094,INV-41781,OMC-008,National Oil,GB08NAFX56342160733754,2025-07-03,216447,1
PAY-97493,INV-30984,OMC-019,Tanzania Petroleum,GB59MHYN05766270289517,,163929,1
PAY-19869,INV-55037,OMC-006,Hashi Energy,GB05QCFC91361939909169,2025-12-23,105489,1
PAY-54386,INV-87160,OMC-002,Vivo Energy,GB45OQIR01845146270482,2026-04-13,47014,1
PAY-37228,INV-64558,OMC-001,TotalEnergies Kenya,GB06DMIO52553419283276,2025-12-23,20903,2
PAY-74046,INV-61728,OMC-019,Tanzania Petroleum,GB59MHYN05766270289517,,287730,1
PAY-99299,INV-23166,OMC-019,Tanzania Petroleum,GB59MHYN05766270289517,2025-12-24,113150,1
PAY-21728,INV-17374,OMC-006,Hashi Energy,GB05QCFC91361939909169,2025-04-01,135479,1
PAY-92977,INV-66774,OMC-012,Galana Energies,GB89GWUW86379402654235,2026-03-06,166745,1
PAY-28149,INV-36361,OMC-012,Galana Energies,GB89GWUW86379402654235,2026-03-18,124354,1
PAY-98399,INV-75405,OMC-006,Hashi Energy,GB05QCFC91361939909169,2025-04-12," KES 24,797 ",1
PAY-12121,INV-65309,OMC-017,KAA Aviation,GB54HVSS04902787429671,2026-03-03,213186,1
PAY-39316,INV-47235,OMC-009,Dalbit Petroleum,GB53VXXX35615951484656,2025-06-22,113318,1
PAY-22855,INV-44861,OMC-004,Gulf Energy,GB89GWUW86379402654235,2026-05-25,47766,2
PAY-51305,INV-10634,OMC-008,National Oil,GB08NAFX56342160733754,2026-08-17,203853,1
PAY-64732,INV-14050,OMC-011,Hass Petroleum,GB56WGCN65876036690967,2025-09-17,186786,1
PAY-48939,INV-60233,OMC-005,PetroOil Kenya,GB89GWUW86379402654235,2026-04-27,153048,1
PAY-89006,INV-87542,OMC-002,Vivo Energy,GB45OQIR01845146270482,2026-06-01,177443,1
PAY-28140,INV-22219,OMC-001,TotalEnergies Kenya,GB06DMIO52553419283276,2025-11-08,174625,1
PAY-25325,INV-15005,OMC-010,Tamoil,GB34EABH79176936763201,2025-09-26,46951,1
PAY-13295,INV-99853,OMC-018,Uganda National Oil,GB36RNCH17127484677378,,187341,1
PAY-50649,INV-33679,OMC-011,Hass Petroleum,GB56WGCN65876036690967,2025-03-21,190018,1
PAY-76589,INV-35663,OMC-002,Vivo Energy,GB45OQIR01845146270482,,45776,1
PAY-13181,INV-74762,OMC-001,TotalEnergies Kenya,GB06DMIO52553419283276,2025-11-20,104464,1
PAY-12394,INV-91369,OMC-005,PetroOil Kenya,GB89GWUW86379402654235,2026-04-23,37381,2
PAY-24075,INV-37362,OMC-005,PetroOil Kenya,GB89GWUW86379402654235,2026-04-05,14500,1
PAY-81477,INV-86446,OMC-014,Texol Energies,GB06ONXS45314737996507,2025-08-24,61155,1
PAY-84704,INV-19608,OMC-006,Hashi Energy,GB05QCFC91361939909169,2025-10-14,115649,1
PAY-39555,INV-75767,OMC-007,Kobil,GB37IDDX82449353487401,2026-03-29,157969,1
PAY-49395,INV-44268,OMC-016,KPA Marine,GB31MOOJ96499091334123,2025-05-27,17453,1
PAY-98997,INV-73954,OMC-014,Texol Energies,GB06ONXS45314737996507,2026-06-27,76518,2
PAY-36244,INV-21798,OMC-003,Rubis Energy,GB04LOQO13315098393010,2025-07-01,45027,1
PAY-81913,INV-82653,OMC-005,PetroOil Kenya,GB89GWUW86379402654235,2026-03-24,77081,1
PAY-74519,INV-53759,OMC-005,PetroOil Kenya,GB89GWUW86379402654235,2026-03-08,68239,1
PAY-97196,INV-30728,OMC-015,Mombasa Petroleum,GB80WOIJ43135182337498,2025-10-10,39523,1
PAY-33116,INV-97627,OMC-008,National Oil,GB08NAFX56342160733754,2025-08-30,88530,1
PAY-31882,INV-66970,OMC-003,Rubis Energy,GB04LOQO13315098393010,2025-03-10,37700,1
PAY-53444,INV-75774,OMC-009,Dalbit Petroleum,GB53VXXX35615951484656,2025-11-07,64935,2
PAY-40440,INV-99422,OMC-004,Gulf Energy,GB89GWUW86379402654235,2026-03-23,8476,2
PAY-97249,INV-45056,OMC-012,Galana Energies,GB89GWUW86379402654235,2026-05-06,224177,1
PAY-36430,INV-50643,OMC-012,Galana Energies,GB89GWUW86379402654235,2026-04-22,82231,1
PAY-72867,INV-50488,OMC-019,Tanzania Petroleum,GB59MHYN05766270289517,26/08/2025,35743,1
PAY-90270,INV-83940,OMC-004,Gulf Energy,GB89GWUW86379402654235,2026-05-11,48147,2
PAY-53821,INV-31029,OMC-016,KPA Marine,GB31MOOJ96499091334123,2026-05-14,132958,1
PAY-79426,INV-65544,OMC-018,Uganda National Oil,GB36RNCH17127484677378,2025-11-08,108298,1
PAY-19244,INV-24372,OMC-001,TotalEnergies Kenya,GB06DMIO52553419283276,04/07/2026,63698,1
PAY-68065,INV-46202,OMC-020,Ethiopian Oil,GB14NSVZ22219693792374,2026-04-28,25777,1
PAY-34019,INV-54106,OMC-006,Hashi Energy,GB05QCFC91361939909169,2025-07-16,78781,1
PAY-45840,INV-74382,OMC-019,Tanzania Petroleum,GB59MHYN05766270289517,2025-07-16,142229,1
PAY-31025,INV-53075,OMC-012,Galana Energies,GB89GWUW86379402654235,2026-05-01,25008,1
PAY-88211,INV-73841,OMC-016,KPA Marine,GB31MOOJ96499091334123,2025-03-27,48066,2
PAY-86367,INV-11339,OMC-013,Lake Oil,GB88TEHE71937452991241,2025-03-10,208451,1
PAY-45459,INV-80318,OMC-020,Ethiopian Oil,GB14NSVZ22219693792374,2025-09-09,34618,1
PAY-75871,INV-82199,OMC-003,Rubis Energy,GB04LOQO13315098393010,2025-10-24,85793,1
PAY-46764,INV-46706,OMC-009,Dalbit Petroleum,GB53VXXX35615951484656,2025-04-23,81037,1
PAY-17517,INV-84161,OMC-003,Rubis Energy,GB04LOQO13315098393010,2026-02-02,162528,1
PAY-92211,INV-19434,OMC-018,Uganda National Oil,GB36RNCH17127484677378,2025-02-24,239685,1
PAY-33145,INV-97671,OMC-015,Mombasa Petroleum,GB80WOIJ43135182337498,18/06/2026,159709,1
PAY-22479,INV-88618,OMC-014,Texol Energies,GB06ONXS45314737996507,2026-07-10,45402,1
PAY-38124,INV-14791,OMC-015,Mombasa Petroleum,GB80WOIJ43135182337498,2026-06-11,59233,1
PAY-27183,INV-90085,OMC-009,Dalbit Petroleum,GB53VXXX35615951484656,2026-06-13,50993,1
PAY-68177,INV-43931,OMC-016,KPA Marine,GB31MOOJ96499091334123,2026-06-24," KES 142,287 ",1
PAY-25718,INV-97545,OMC-015,Mombasa Petroleum,GB80WOIJ43135182337498,2025-09-29,156442,1
PAY-79282,INV-85935,OMC-005,PetroOil Kenya,GB89GWUW86379402654235,2026-04-13,29038,1
PAY-64641,INV-19792,OMC-005,PetroOil Kenya,GB89GWUW86379402654235,2026-06-06,112691,1
PAY-47901,INV-74018,OMC-010,Tamoil,GB34EABH79176936763201,2025-09-21,59622,2
PAY-80698,INV-22878,OMC-016,KPA Marine,GB31MOOJ96499091334123,,242713,1
PAY-18428,INV-62601,OMC-016,KPA Marine,GB31MOOJ96499091334123,2026-05-27,43486,1
PAY-12476,INV-94981,OMC-016,KPA Marine,GB31MOOJ96499091334123,2025-05-29," KES 86,712 ",2
PAY-20886,INV-53113,OMC-001,TotalEnergies Kenya,GB06DMIO52553419283276,29/03/2026,32771,1
PAY-80292,INV-48357,OMC-001,TotalEnergies Kenya,GB06DMIO52553419283276,2025-12-13,249228,1
PAY-33431,INV-58379,OMC-017,KAA Aviation,GB54HVSS04902787429671,2025-12-12,128881,1
PAY-73654,INV-28492,OMC-006,Hashi Energy,GB05QCFC91361939909169,2025-06-07,35798,1
PAY-35644,INV-70263,OMC-004,Gulf Energy,GB89GWUW86379402654235,2026-05-14,110787,1
PAY-98007,INV-98597,OMC-010,Tamoil,GB34EABH79176936763201,2025-12-06,62695,1
PAY-18981,INV-71584,OMC-004,Gulf Energy,GB89GWUW86379402654235,2026-05-09,50222,1
PAY-28100,INV-63725,OMC-005,PetroOil Kenya,GB89GWUW86379402654235,2026-03-15,33779,2
PAY-86033,INV-10552,OMC-018,Uganda National Oil,GB36RNCH17127484677378,2025-05-24,220317,1
PAY-25148,INV-16136,OMC-020,Ethiopian Oil,GB14NSVZ22219693792374,2025-09-02,174521,1
PAY-56266,INV-47993,OMC-010,Tamoil,GB34EABH79176936763201,2025-05-15,17925,2
PAY-80220,INV-49856,OMC-007,Kobil,GB37IDDX82449353487401,2026-06-06,30440,2
PAY-14902,INV-68491,OMC-001,TotalEnergies Kenya,GB06DMIO52553419283276,2025-02-01,106554,1
PAY-72194,INV-27060,OMC-009,Dalbit Petroleum,GB53VXXX35615951484656,2025-03-12,74459,1
PAY-82799,INV-36228,OMC-015,Mombasa Petroleum,GB80WOIJ43135182337498,2025-06-28,50413,1
PAY-80610,INV-86238,OMC-006,Hashi Energy,GB05QCFC91361939909169,2026-07-19,48870,1
PAY-60211,INV-36581,OMC-015,Mombasa Petroleum,GB80WOIJ43135182337498,2026-05-11,33570,1
PAY-15091,INV-60303,OMC-010,Tamoil,GB34EABH79176936763201,2025-08-25,21733,1
PAY-25956,INV-19902,OMC-006,Hashi Energy,GB05QCFC91361939909169,2025-07-19,21916,1
PAY-67358,INV-23329,OMC-001,TotalEnergies Kenya,GB06DMIO52553419283276,2026-05-05,181088,1
PAY-22321,INV-26347,OMC-001,TotalEnergies Kenya,GB06DMIO52553419283276,2025-06-30,37026,1
PAY-15642,INV-75940,OMC-004,Gulf Energy,GB89GWUW86379402654235,2026-04-27,52011,2
PAY-40662,INV-61576,OMC-020,Ethiopian Oil,GB14NSVZ22219693792374,2026-02-10,107580,2
PAY-34821,INV-35649,OMC-003,Rubis Energy,GB04LOQO13315098393010,2025-03-22,175200,1
PAY-38386,INV-99258,OMC-009,Dalbit Petroleum,GB53VXXX35615951484656,2026-03-25,19909,2
PAY-61419,INV-26264,OMC-019,Tanzania Petroleum,GB59MHYN05766270289517,2025-05-25,52571,1
PAY-77188,INV-49149,OMC-017,KAA Aviation,GB54HVSS04902787429671,2025-03-30,82590,1
PAY-33377,INV-83194,OMC-007,Kobil,GB37IDDX82449353487401,2025-10-17,179891,1
PAY-28713,INV-53030,OMC-010,Tamoil,GB34EABH79176936763201,2026-01-19,234156,1
PAY-36776,INV-96904,OMC-010,Tamoil,GB34EABH79176936763201,2025-05-02,209222,1
PAY-17740,INV-69845,OMC-020,Ethiopian Oil,GB14NSVZ22219693792374,2025-09-01,10726,2
PAY-19469,INV-69292,OMC-019,Tanzania Petroleum,GB59MHYN05766270289517,2025-04-04,155000,1
PAY-41836,INV-68505,OMC-004,Gulf Energy,GB89GWUW86379402654235,2026-05-25,42910,2
PAY-94498,INV-80314,OMC-010,Tamoil,GB34EABH79176936763201,2025-04-21,94671,2
PAY-93387,INV-25564,OMC-008,National Oil,GB08NAFX56342160733754,2025-12-19,55974,1
PAY-42616,INV-70284,OMC-010,Tamoil,GB34EABH79176936763201,2025-07-30,52564,2
PAY-61831,INV-54096,OMC-001,TotalEnergies Kenya,GB06DMIO52553419283276,2025-04-30,193438,1
PAY-17787,INV-53759,OMC-005,PetroOil Kenya,GB89GWUW86379402654235,2026-03-30,42941,2
PAY-47079,INV-43843,OMC-013,Lake Oil,GB88TEHE71937452991241,2026-03-08,56700,1
PAY-39391,INV-41965,OMC-013,Lake Oil,GB88TEHE71937452991241,2025-11-16,244923,1
PAY-89906,INV-51091,OMC-007,Kobil,GB37IDDX82449353487401,2025-09-09,123046,1
PAY-68375,INV-29650,OMC-005,PetroOil Kenya,GB89GWUW86379402654235,2026-05-23,54772,1
PAY-46958,INV-64025,OMC-018,Uganda National Oil,GB36RNCH17127484677378,2026-01-06,127954,1
PAY-43029,INV-79190,OMC-020,Ethiopian Oil,GB14NSVZ22219693792374,2026-03-02,162383,1
PAY-47304,INV-80405,OMC-013,Lake Oil,GB88TEHE71937452991241,2026-07-14,141918,1
PAY-90509,INV-59617,OMC-006,Hashi Energy,GB05QCFC91361939909169,2025-06-26,149725,1
PAY-78293,INV-73033,OMC-009,Dalbit Petroleum,GB53VXXX35615951484656,2025-11-01,33626,1
PAY-58949,INV-65021,OMC-014,Texol Energies,GB06ONXS45314737996507,2025-03-09,25585,1
PAY-73095,INV-84183,OMC-010,Tamoil,GB34EABH79176936763201,2025-10-30,29696,1
PAY-33143,INV-24358,OMC-008,National Oil,GB08NAFX56342160733754,2026-05-05,83415,1
PAY-42021,INV-46832,OMC-007,Kobil,GB37IDDX82449353487401,2025-06-29,140702,1
PAY-43172,INV-83617,OMC-007,Kobil,GB37IDDX82449353487401,2026-01-11,128943,1
PAY-97081,INV-35796,OMC-015,Mombasa Petroleum,GB80WOIJ43135182337498,2025-09-28,72393,1
PAY-17150,INV-72065,OMC-004,Gulf Energy,GB89GWUW86379402654235,2026-04-04,113950,1
PAY-17369,INV-91671,OMC-008,National Oil,GB08NAFX56342160733754,2025-03-06,218363,1
PAY-85443,INV-85238,OMC-004,Gulf Energy,GB89GWUW86379402654235,2026-04-20,35348,1
PAY-95123,INV-29298,OMC-007,Kobil,GB37IDDX82449353487401,2025-07-06,44620,1
PAY-95693,INV-34073,OMC-003,Rubis Energy,GB04LOQO13315098393010,2025-05-25,103115,1
PAY-95380,INV-25087,OMC-007,Kobil,GB37IDDX82449353487401,2025-07-04,20292,2
PAY-28464,INV-64077,OMC-012,Galana Energies,GB89GWUW86379402654235,2026-04-06,39351,1
PAY-11335,INV-91811,OMC-001,TotalEnergies Kenya,GB06DMIO52553419283276,2025-06-26,179351,1
PAY-51524,INV-92809,OMC-020,Ethiopian Oil,GB14NSVZ22219693792374,2025-03-16,154399,1
PAY-70184,INV-41868,OMC-007,Kobil,GB37IDDX82449353487401,2026-06-21,94670,1
PAY-72751,INV-63725,OMC-005,PetroOil Kenya,GB89GWUW86379402654235,2026-02-21,69656,1
PAY-71730,INV-52790,OMC-012,Galana Energies,GB89GWUW86379402654235,2026-04-03,174468,1
PAY-15306,INV-19169,OMC-017,KAA Aviation,GB54HVSS04902787429671,2025-03-04,55210,1
PAY-78967,INV-42428,OMC-020,Ethiopian Oil,GB14NSVZ22219693792374,2026-04-30,133634,1
PAY-90704,INV-85136,OMC-013,Lake Oil,GB88TEHE71937452991241,2026-01-08,255802,1
PAY-73880,INV-17819,OMC-014,Texol Energies,GB06ONXS45314737996507,2025-06-23,41895,1
PAY-56814,INV-73012,OMC-005,PetroOil Kenya,GB89GWUW86379402654235,2026-06-15,164864,1
PAY-66015,INV-80942,OMC-018,Uganda National Oil,GB36RNCH17127484677378,2026-01-26,149641,1
PAY-98462,INV-88485,OMC-008,National Oil,GB08NAFX56342160733754,2026-03-30,306991,1
PAY-20388,INV-28150,OMC-001,TotalEnergies Kenya,GB06DMIO52553419283276,2026-05-02,30632,1
PAY-19767,INV-37073,OMC-001,TotalEnergies Kenya,GB06DMIO52553419283276,2026-01-29,203797,1
PAY-14899,INV-68894,OMC-015,Mombasa Petroleum,GB80WOIJ43135182337498,2025-11-27,130866,1
PAY-88134,INV-11357,OMC-019,Tanzania Petroleum,GB59MHYN05766270289517,2025-02-15,269304,1
PAY-55091,INV-45057,OMC-013,Lake Oil,GB88TEHE71937452991241,2025-04-29,255097,1
PAY-65279,INV-47946,OMC-017,KAA Aviation,GB54HVSS04902787429671,2025-08-10,94362,1
PAY-19645,INV-33649,OMC-011,Hass Petroleum,GB56WGCN65876036690967,2026-01-29,116669,1
PAY-54626,INV-93232,OMC-006,Hashi Energy,GB05QCFC91361939909169,2026-08-11,27837,1
PAY-67775,INV-45460,OMC-019,Tanzania Petroleum,GB59MHYN05766270289517,2026-05-30," KES 165,895 ",1
PAY-22789,INV-80861,OMC-006,Hashi Energy,GB05QCFC91361939909169,2026-05-08,103330,1
PAY-33629,INV-15051,OMC-012,Galana Energies,GB89GWUW86379402654235,2026-05-24," KES 47,015 ",2
PAY-40711,INV-23059,OMC-018,Uganda National Oil,GB36RNCH17127484677378,2026-07-09,132447,1
PAY-37048,INV-97619,OMC-017,KAA Aviation,GB54HVSS04902787429671,2026-01-28,40308,1
PAY-62692,INV-86192,OMC-009,Dalbit Petroleum,GB53VXXX35615951484656,2026-05-03,54008,1
PAY-11463,INV-94182,OMC-002,Vivo Energy,GB45OQIR01845146270482,2025-05-03,156948,1
PAY-66573,INV-36254,OMC-004,Gulf Energy,GB89GWUW86379402654235,2026-05-17,174366,1
PAY-23797,INV-84185,OMC-002,Vivo Energy,GB45OQIR01845146270482,2026-06-07,34653,1
PAY-52403,INV-72720,OMC-003,Rubis Energy,GB04LOQO13315098393010,2025-11-08,96174,1
PAY-62511,INV-81128,OMC-013,Lake Oil,GB88TEHE71937452991241,2026-05-10,41727,1
PAY-50814,INV-88743,OMC-018,Uganda National Oil,GB36RNCH17127484677378,2025-08-26,36691,1
PAY-59915,INV-45120,OMC-011,Hass Petroleum,GB56WGCN65876036690967,2026-07-20," KES 83,594 ",1
PAY-45730,INV-20684,OMC-001,TotalEnergies Kenya,GB06DMIO52553419283276,2026-06-09,19951,1
PAY-17096,INV-70131,OMC-012,Galana Energies,GB89GWUW86379402654235,2026-05-15,59144,2
PAY-80691,INV-37227,OMC-015,Mombasa Petroleum,GB80WOIJ43135182337498,28/08/2025,32242,1
PAY-30020,INV-65032,OMC-010,Tamoil,GB34EABH79176936763201,2026-04-01,44087,2
PAY-56289,INV-89855,OMC-003,Rubis Energy,GB04LOQO13315098393010,2025-10-22," KES 283,510 ",1
PAY-52501,INV-74307,OMC-020,Ethiopian Oil,GB14NSVZ22219693792374,2026-02-09,197389,1
PAY-89830,INV-90089,OMC-012,Galana Energies,GB89GWUW86379402654235,2026-05-02,23028,1
PAY-83597,INV-75004,OMC-009,Dalbit Petroleum,GB53VXXX35615951484656,2025-11-28," KES 81,868 ",1
PAY-60749,INV-11710,OMC-013,Lake Oil,GB88TEHE71937452991241,2025-06-05,191296,1
PAY-65611,INV-50142,OMC-008,National Oil,GB08NAFX56342160733754,2026-01-19,45540,1
PAY-34618,INV-14525,OMC-004,Gulf Energy,GB89GWUW86379402654235,2026-04-27,102246,2
PAY-90926,INV-18486,OMC-018,Uganda National Oil,GB36RNCH17127484677378,2025-05-02,55489,1
PAY-53639,INV-89802,OMC-002,Vivo Energy,GB45OQIR01845146270482,2025-11-11,55579,1
PAY-71371,INV-62784,OMC-020,Ethiopian Oil,GB14NSVZ22219693792374,2026-05-17,116397,1
PAY-77842,INV-22194,OMC-011,Hass Petroleum,GB56WGCN65876036690967,2025-12-18,135243,1
PAY-53456,INV-95871,OMC-020,Ethiopian Oil,GB14NSVZ22219693792374,2026-05-25,255757,1
PAY-87716,INV-71664,OMC-011,Hass Petroleum,GB56WGCN65876036690967,,58700,1
PAY-19325,INV-68508,OMC-019,Tanzania Petroleum,GB59MHYN05766270289517,2026-07-16," KES 163,339 ",1
PAY-13428,INV-21375,OMC-019,Tanzania Petroleum,GB59MHYN05766270289517,2025-03-10,136249,1
PAY-93230,INV-62846,OMC-014,Texol Energies,GB06ONXS45314737996507,2026-08-12,269955,1
PAY-35653,INV-94166,OMC-014,Texol Energies,GB06ONXS45314737996507,2025-08-16,117000,1
PAY-43066,INV-96428,OMC-009,Dalbit Petroleum,GB53VXXX35615951484656,2026-04-29,39621,1
PAY-58796,INV-85070,OMC-015,Mombasa Petroleum,GB80WOIJ43135182337498,2025-03-11,229443,1
PAY-40150,INV-76139,OMC-009,Dalbit Petroleum,GB53VXXX35615951484656,26/05/2026,45015,1
PAY-63718,INV-22657,OMC-002,Vivo Energy,GB45OQIR01845146270482,2025-06-02,26727,1
PAY-73163,INV-18234,OMC-001,TotalEnergies Kenya,GB06DMIO52553419283276,2025-04-04,229394,1
PAY-38880,INV-94414,OMC-007,Kobil,GB37IDDX82449353487401,2026-03-11,11695,2
PAY-31694,INV-77252,OMC-016,KPA Marine,GB31MOOJ96499091334123,2026-02-23,12484,2
PAY-96165,INV-79795,OMC-012,Galana Energies,GB89GWUW86379402654235,2026-04-10,180711,1
PAY-74161,INV-75457,OMC-004,Gulf Energy,GB89GWUW86379402654235,2026-04-21,127426,1
PAY-45001,INV-24620,OMC-010,Tamoil,GB34EABH79176936763201,2025-02-26,24550,2
PAY-23733,INV-81131,OMC-016,KPA Marine,GB31MOOJ96499091334123,2025-04-09,24014,1
PAY-67349,INV-95245,OMC-009,Dalbit Petroleum,GB53VXXX35615951484656,2025-03-13,92903,2
PAY-34135,INV-44820,OMC-014,Texol Energies,GB06ONXS45314737996507,24/12/2025,30853,1
PAY-51572,INV-34493,OMC-018,Uganda National Oil,GB36RNCH17127484677378,2026-06-12,78196,1
PAY-26659,INV-30309,OMC-006,Hashi Energy,GB05QCFC91361939909169,2025-07-22,176806,1
PAY-52502,INV-44357,OMC-001,TotalEnergies Kenya,GB06DMIO52553419283276,2026-04-28,49418,1
PAY-13392,INV-63545,OMC-010,Tamoil,GB34EABH79176936763201,2025-06-03,266486,1
PAY-15306,INV-75089,OMC-015,Mombasa Petroleum,GB80WOIJ43135182337498,2025-11-14,206878,1
PAY-24845,INV-26498,OMC-016,KPA Marine,GB31MOOJ96499091334123,2025-12-06,51169,2
PAY-11232,INV-17967,OMC-008,National Oil,GB08NAFX56342160733754,2026-06-16,48458,1
PAY-92679,INV-53941,OMC-010,Tamoil,GB34EABH79176936763201,2026-01-18,109446,1
PAY-47647,INV-31046,OMC-008,National Oil,GB08NAFX56342160733754,2026-02-01,190137,1
PAY-20217,INV-34487,OMC-001,TotalEnergies Kenya,GB06DMIO52553419283276,2025-07-26,113868,1
PAY-36042,INV-22601,OMC-018,Uganda National Oil,GB36RNCH17127484677378,2026-04-16,37387,1
PAY-68909,INV-40835,OMC-020,Ethiopian Oil,GB14NSVZ22219693792374,2026-01-02,236603,1
PAY-11552,INV-60325,OMC-008,National Oil,GB08NAFX56342160733754,2025-07-11,42975,1
PAY-74381,INV-67043,OMC-019,Tanzania Petroleum,GB59MHYN05766270289517,2025-04-07,131192,1
PAY-44125,INV-16900,OMC-012,Galana Energies,GB89GWUW86379402654235,2026-04-29,80261,2
PAY-87075,INV-63429,OMC-005,PetroOil Kenya,GB89GWUW86379402654235,2026-06-02,222018,1
PAY-17179,INV-85243,OMC-008,National Oil,GB08NAFX56342160733754,2025-04-05,170548,1
PAY-26168,INV-94463,OMC-017,KAA Aviation,GB54HVSS04902787429671,2025-03-23,189616,1
PAY-47587,INV-14794,OMC-015,Mombasa Petroleum,GB80WOIJ43135182337498,2026-07-09,245029,1
PAY-97162,INV-97246,OMC-003,Rubis Energy,GB04LOQO13315098393010,2025-03-14,31543,1
PAY-41618,INV-57818,OMC-017,KAA Aviation,GB54HVSS04902787429671,2025-05-14,55255,1
PAY-22166,INV-37630,OMC-009,Dalbit Petroleum,GB53VXXX35615951484656,2026-03-21,80831,1
PAY-72366,INV-65352,OMC-009,Dalbit Petroleum,GB53VXXX35615951484656,2025-03-27," KES 26,251 ",1
PAY-77835,INV-58081,OMC-010,Tamoil,GB34EABH79176936763201,2025-10-10,120984,1
PAY-62601,INV-50593,OMC-020,Ethiopian Oil,GB14NSVZ22219693792374,2025-05-10,28705,1
PAY-46338,INV-20275,OMC-004,Gulf Energy,GB89GWUW86379402654235,2026-05-31,18963,1
PAY-28005,INV-37930,OMC-007,Kobil,GB37IDDX82449353487401,2026-02-03,186127,1
PAY-11107,INV-72224,OMC-002,Vivo Energy,GB45OQIR01845146270482,2026-05-18," KES 30,255 ",1
PAY-97038,INV-98369,OMC-006,Hashi Energy,GB05QCFC91361939909169,2025-01-30," KES 190,173 ",1
PAY-73920,INV-61098,OMC-001,TotalEnergies Kenya,GB06DMIO52553419283276,2025-09-09,61276,1
PAY-33043,INV-75455,OMC-019,Tanzania Petroleum,GB59MHYN05766270289517,2025-02-03,261254,1
PAY-66807,INV-34366,OMC-006,Hashi Energy,GB05QCFC91361939909169,2026-01-17,175836,1
PAY-27145,INV-41429,OMC-011,Hass Petroleum,GB56WGCN65876036690967,2025-02-08,142682,1
PAY-78786,INV-77189,OMC-001,TotalEnergies Kenya,GB06DMIO52553419283276,2025-06-01,86161,1
PAY-35095,INV-67200,OMC-013,Lake Oil,GB88TEHE71937452991241,2025-04-08,125605,1
PAY-46683,INV-91885,OMC-015,Mombasa Petroleum,GB80WOIJ43135182337498,2025-11-25,140936,1
PAY-43491,INV-55823,OMC-003,Rubis Energy,GB04LOQO13315098393010,2025-09-05,137196,1
PAY-17473,INV-45726,OMC-020,Ethiopian Oil,GB14NSVZ22219693792374,2026-03-19,30924,1
PAY-31579,INV-14767,OMC-019,Tanzania Petroleum,GB59MHYN05766270289517,,122835,1
PAY-22322,INV-25949,OMC-010,Tamoil,GB34EABH79176936763201,2025-03-22,129158,1
PAY-36255,INV-64056,OMC-019,Tanzania Petroleum,GB59MHYN05766270289517,2025-05-14,128185,1
PAY-77895,INV-57247,OMC-020,Ethiopian Oil,GB14NSVZ22219693792374,2026-06-13,186018,1
PAY-33565,INV-70446,OMC-001,TotalEnergies Kenya,GB06DMIO52553419283276,2025-11-04,161676,1
PAY-91727,INV-84797,OMC-015,Mombasa Petroleum,GB80WOIJ43135182337498,2025-08-09,38961,1
PAY-70345,INV-47913,OMC-009,Dalbit Petroleum,GB53VXXX35615951484656,2025-03-20,23092,1
PAY-28616,INV-68004,OMC-008,National Oil,GB08NAFX56342160733754,2026-03-22,12788,2
PAY-92051,INV-45593,OMC-005,PetroOil Kenya,GB89GWUW86379402654235,2026-04-21,171812,1
PAY-63626,INV-81321,OMC-008,National Oil,GB08NAFX56342160733754,2025-12-24,27445,2
PAY-50205,INV-59687,OMC-003,Rubis Energy,GB04LOQO13315098393010,2026-03-24," KES 38,573 ",1
PAY-53699,INV-71840,OMC-020,Ethiopian Oil,GB14NSVZ22219693792374,2026-06-03,107880,1
PAY-42761,INV-18087,OMC-008,National Oil,GB08NAFX56342160733754,2026-08-02,133057,1
PAY-30368,INV-41693,OMC-009,Dalbit Petroleum,GB53VXXX35615951484656,2025-12-14,8206,2
PAY-82820,INV-27480,OMC-003,Rubis Energy,GB04LOQO13315098393010,2025-08-16,251522,1
PAY-54628,INV-71677,OMC-014,Texol Energies,GB06ONXS45314737996507,2026-07-16,114155,1
PAY-54641,INV-98814,OMC-004,Gulf Energy,GB89GWUW86379402654235,2026-04-03,6912,2
PAY-93836,INV-79840,OMC-010,Tamoil,GB34EABH79176936763201,2025-02-09,97732,1
PAY-82211,INV-55832,OMC-016,KPA Marine,GB31MOOJ96499091334123,2025-09-30,63230,2
PAY-42268,INV-69610,OMC-003,Rubis Energy,GB04LOQO13315098393010,2025-03-12,175995,1
PAY-32083,INV-97747,OMC-007,Kobil,GB37IDDX82449353487401,2025-12-30,115860,1
PAY-46935,INV-77195,OMC-012,Galana Energies,GB89GWUW86379402654235,2026-05-25,93130,1
PAY-58672,INV-45679,OMC-016,KPA Marine,GB31MOOJ96499091334123,2025-06-15,53344,1
PAY-34435,INV-39472,OMC-008,National Oil,GB08NAFX56342160733754,2025-07-28,31694,1
PAY-77894,INV-46920,OMC-013,Lake Oil,GB88TEHE71937452991241,2026-05-02,48868,1
PAY-76402,INV-95791,OMC-015,Mombasa Petroleum,GB80WOIJ43135182337498,2025-02-16,85598,1
PAY-38994,INV-71453,OMC-001,TotalEnergies Kenya,GB06DMIO52553419283276,2025-05-24,19316,2
PAY-65708,INV-54206,OMC-012,Galana Energies,GB89GWUW86379402654235,2026-03-25,180141,1
PAY-82283,INV-35645,OMC-001,TotalEnergies Kenya,GB06DMIO52553419283276,2025-04-25,259928,1
PAY-33543,INV-26123,OMC-019,Tanzania Petroleum,GB59MHYN05766270289517,2025-10-13,179720,1
PAY-18816,INV-62169,OMC-006,Hashi Energy,GB05QCFC91361939909169,2025-03-09,40043,1
PAY-80764,INV-33510,OMC-015,Mombasa Petroleum,GB80WOIJ43135182337498,2025-05-07," KES 184,855 ",1
PAY-15018,INV-61426,OMC-017,KAA Aviation,GB54HVSS04902787429671,2026-06-01,24645,1
PAY-50359,INV-23573,OMC-005,PetroOil Kenya,GB89GWUW86379402654235,2026-05-11,146134,1
PAY-64871,INV-58373,OMC-005,PetroOil Kenya,GB89GWUW86379402654235,14/04/2026,88682,2
PAY-63843,INV-12039,OMC-007,Kobil,GB37IDDX82449353487401,2026-06-06,202920,1
PAY-47524,INV-84175,OMC-014,Texol Energies,GB06ONXS45314737996507,2025-02-26,152974,1
PAY-32458,INV-57385,OMC-010,Tamoil,GB34EABH79176936763201,2025-08-19,44741,1
PAY-27988,INV-90228,OMC-018,Uganda National Oil,GB36RNCH17127484677378,2025-11-18,125440,1
PAY-48600,INV-87634,OMC-014,Texol Energies,GB06ONXS45314737996507,2025-10-19,26589,1
PAY-44711,INV-41381,OMC-013,Lake Oil,GB88TEHE71937452991241,2025-08-15,111275,1
PAY-23114,INV-91616,OMC-013,Lake Oil,GB88TEHE71937452991241,2025-09-13,30083,1
PAY-30198,INV-30542,OMC-020,Ethiopian Oil,GB14NSVZ22219693792374,2025-05-20," KES 49,215 ",1
PAY-72121,INV-41517,OMC-008,National Oil,GB08NAFX56342160733754,09/04/2026,84327,1
PAY-33667,INV-68819,OMC-007,Kobil,GB37IDDX82449353487401,2026-04-24," KES 112,586 ",1
PAY-99121,INV-94159,OMC-003,Rubis Energy,GB04LOQO13315098393010,2025-12-21,30417,1
PAY-73345,INV-26541,OMC-002,Vivo Energy,GB45OQIR01845146270482,2026-05-05," KES 114,460 ",1
PAY-62537,INV-33682,OMC-008,National Oil,GB08NAFX56342160733754,2025-12-13,49377,1
PAY-65355,INV-61687,OMC-020,Ethiopian Oil,GB14NSVZ22219693792374,2026-01-03,126507,1
PAY-34250,INV-12488,OMC-019,Tanzania Petroleum,GB59MHYN05766270289517,2025-04-17,57980,1
PAY-33753,INV-17891,OMC-013,Lake Oil,GB88TEHE71937452991241,2026-06-22,161134,1
PAY-10506,INV-34847,OMC-019,Tanzania Petroleum,GB59MHYN05766270289517,2025-12-04,217381,1
PAY-68296,INV-75919,OMC-016,KPA Marine,GB31MOOJ96499091334123,2026-09-22," KES 20,202 ",2
PAY-13553,INV-80310,OMC-003,Rubis Energy,GB04LOQO13315098393010,2025-12-01,233713,1
PAY-36132,INV-30737,OMC-019,Tanzania Petroleum,GB59MHYN05766270289517,2025-03-08,200858,1
PAY-42217,INV-32649,OMC-006,Hashi Energy,GB05QCFC91361939909169,,90256,1
PAY-76315,INV-31340,OMC-006,Hashi Energy,GB05QCFC91361939909169,2025-05-05,149736,1
PAY-30879,INV-46447,OMC-010,Tamoil,GB34EABH79176936763201,2026-07-09,169688,1
PAY-12920,INV-64345,OMC-013,Lake Oil,GB88TEHE71937452991241,2025-04-19,52139,1
PAY-30403,INV-84319,OMC-016,KPA Marine,GB31MOOJ96499091334123,2025-10-29,42701,1
PAY-76935,INV-15817,OMC-014,Texol Energies,GB06ONXS45314737996507,2026-07-20,106957,1
PAY-81602,INV-58339,OMC-010,Tamoil,GB34EABH79176936763201,2025-03-31,100437,1
PAY-25096,INV-76063,OMC-002,Vivo Energy,GB45OQIR01845146270482,,26732,1
PAY-14117,INV-78832,OMC-014,Texol Energies,GB06ONXS45314737996507,2025-03-23,148810,1
PAY-41069,INV-11509,OMC-004,Gulf Energy,GB89GWUW86379402654235,2026-05-14,56779,1
PAY-97342,INV-83915,OMC-017,KAA Aviation,GB54HVSS04902787429671,2025-09-09,227086,1
PAY-22118,INV-29681,OMC-020,Ethiopian Oil,GB14NSVZ22219693792374,2026-05-17,18047,1
PAY-84681,INV-72970,OMC-011,Hass Petroleum,GB56WGCN65876036690967,2026-07-31,225969,1
PAY-16084,INV-99702,OMC-003,Rubis Energy,GB04LOQO13315098393010,2025-04-03,152113,1
PAY-30061,INV-55477,OMC-007,Kobil,GB37IDDX82449353487401,2026-01-31,244172,1
PAY-34094,INV-93938,OMC-002,Vivo Energy,GB45OQIR01845146270482,2025-11-03,187709,1
PAY-23522,INV-57546,OMC-011,Hass Petroleum,GB56WGCN65876036690967,09/07/2026,213698,1
PAY-58682,INV-11148,OMC-008,National Oil,GB08NAFX56342160733754,2025-07-16,13687,1
PAY-48149,INV-75976,OMC-008,National Oil,GB08NAFX56342160733754,2026-01-27," KES 40,129 ",1
PAY-10363,INV-34745,OMC-015,Mombasa Petroleum,GB80WOIJ43135182337498,2026-02-12,173549,1
PAY-58850,INV-28871,OMC-001,TotalEnergies Kenya,GB06DMIO52553419283276,2025-05-06,26917,1
PAY-63251,INV-68308,OMC-004,Gulf Energy,GB89GWUW86379402654235,2026-06-07,31882,2
PAY-36023,INV-72181,OMC-008,National Oil,GB08NAFX56342160733754,2025-03-25,89459,1
PAY-41912,INV-47365,OMC-011,Hass Petroleum,GB56WGCN65876036690967,2025-07-23,41073,1
PAY-81827,INV-96368,OMC-009,Dalbit Petroleum,GB53VXXX35615951484656,2025-03-21,45904,2
PAY-47260,INV-63215,OMC-004,Gulf Energy,GB89GWUW86379402654235,2026-05-21,20593,2
PAY-26864,INV-71324,OMC-015,Mombasa Petroleum,GB80WOIJ43135182337498,2025-04-03,169838,1
PAY-30379,INV-32609,OMC-020,Ethiopian Oil,GB14NSVZ22219693792374,2026-05-22,141667,1
PAY-72223,INV-45236,OMC-020,Ethiopian Oil,GB14NSVZ22219693792374,2025-11-05,36444,2
PAY-92331,INV-34197,OMC-014,Texol Energies,GB06ONXS45314737996507,2025-06-13,13897,2
PAY-96934,INV-61031,OMC-013,Lake Oil,GB88TEHE71937452991241,2026-04-25,194123,1
PAY-92086,INV-98029,OMC-015,Mombasa Petroleum,GB80WOIJ43135182337498,,139142,1
PAY-27622,INV-56594,OMC-018,Uganda National Oil,GB36RNCH17127484677378,2025-05-12,126915,1
PAY-38717,INV-62836,OMC-002,Vivo Energy,GB45OQIR01845146270482,2025-09-16,40198,1
PAY-77135,INV-81341,OMC-020,Ethiopian Oil,GB14NSVZ22219693792374,27/07/2025,145628,1
PAY-49819,INV-54575,OMC-007,Kobil,GB37IDDX82449353487401,2026-04-21,62760,1
PAY-92406,INV-95077,OMC-004,Gulf Energy,GB89GWUW86379402654235,2026-05-01,77836,2
PAY-46417,INV-55931,OMC-004,Gulf Energy,GB89GWUW86379402654235,2026-05-22,30419,2
PAY-98104,INV-77707,OMC-007,Kobil,GB37IDDX82449353487401,2026-05-15,108728,1
PAY-94324,INV-88126,OMC-013,Lake Oil,GB88TEHE71937452991241,2026-05-17,82137,1
PAY-26263,INV-55529,OMC-013,Lake Oil,GB88TEHE71937452991241,2025-03-09,247814,1
PAY-55046,INV-96840,OMC-014,Texol Energies,GB06ONXS45314737996507,2026-07-19,29210,1
PAY-55888,INV-67694,OMC-003,Rubis Energy,GB04LOQO13315098393010,2025-12-17,149012,1
PAY-89235,INV-28947,OMC-006,Hashi Energy,GB05QCFC91361939909169,2025-09-18,185544,1
PAY-51626,INV-47027,OMC-020,Ethiopian Oil,GB14NSVZ22219693792374,2025-09-17," KES 190,701 ",1
PAY-91237,INV-89509,OMC-003,Rubis Energy,GB04LOQO13315098393010,2025-09-23,181844,1
PAY-56626,INV-51134,OMC-013,Lake Oil,GB88TEHE71937452991241,2026-02-26,28595,1
PAY-38966,INV-19326,OMC-008,National Oil,GB08NAFX56342160733754,23/06/2025,76042,1
PAY-49610,INV-24008,OMC-019,Tanzania Petroleum,GB59MHYN05766270289517,2026-04-10,36373,1
PAY-89724,INV-42779,OMC-009,Dalbit Petroleum,GB53VXXX35615951484656,2026-02-10,277759,1
PAY-93298,INV-33722,OMC-011,Hass Petroleum,GB56WGCN65876036690967,2025-04-27,74992,1
PAY-52639,INV-31414,OMC-015,Mombasa Petroleum,GB80WOIJ43135182337498,2026-06-20,33733,1
PAY-20899,INV-27166,OMC-003,Rubis Energy,GB04LOQO13315098393010,15/08/2025,41116,1
PAY-98739,INV-78041,OMC-015,Mombasa Petroleum,GB80WOIJ43135182337498,2025-07-28,129223,1
PAY-99272,INV-69691,OMC-003,Rubis Energy,GB04LOQO13315098393010,2025-11-22,34930,1
PAY-30726,INV-16410,OMC-006,Hashi Energy,GB05QCFC91361939909169,2025-08-15," KES 94,725 ",1
PAY-37845,INV-76984,OMC-006,Hashi Energy,GB05QCFC91361939909169,2025-03-19,43667,1
PAY-21739,INV-31405,OMC-008,National Oil,GB08NAFX56342160733754,2026-08-16,5873,2
PAY-96427,INV-38753,OMC-012,Galana Energies,GB89GWUW86379402654235,2026-04-15,105235,2
PAY-31736,INV-86968,OMC-011,Hass Petroleum,GB56WGCN65876036690967,20/12/2025,30603,1
PAY-14198,INV-51045,OMC-013,Lake Oil,GB88TEHE71937452991241,2026-03-15,209654,1
PAY-48631,INV-52446,OMC-014,Texol Energies,GB06ONXS45314737996507,2025-05-06,33840,1
PAY-80973,INV-84398,OMC-002,Vivo Energy,GB45OQIR01845146270482,2025-04-26,153129,1
PAY-56856,INV-35828,OMC-003,Rubis Energy,GB04LOQO13315098393010,2026-07-26,28310,1
PAY-12012,INV-42144,OMC-006,Hashi Energy,GB05QCFC91361939909169,2026-05-15,165992,1
PAY-56318,INV-79463,OMC-016,KPA Marine,GB31MOOJ96499091334123,2025-07-28,98402,1
PAY-84110,INV-11675,OMC-010,Tamoil,GB34EABH79176936763201,25/03/2025,60715,1
PAY-41206,INV-35023,OMC-017,KAA Aviation,GB54HVSS04902787429671,2025-08-01,116056,1
PAY-86863,INV-10693,OMC-016,KPA Marine,GB31MOOJ96499091334123,2025-02-25,81749,1
PAY-95240,INV-71739,OMC-006,Hashi Energy,GB05QCFC91361939909169,2025-12-21,40972,2
PAY-25862,INV-39136,OMC-008,National Oil,GB08NAFX56342160733754,2025-10-02,131889,1
PAY-40977,INV-37595,OMC-006,Hashi Energy,GB05QCFC91361939909169,,212772,1
PAY-46576,INV-75426,OMC-003,Rubis Energy,GB04LOQO13315098393010,2026-05-16,15720,1
PAY-55864,INV-28734,OMC-001,TotalEnergies Kenya,GB06DMIO52553419283276,2026-01-03,102827,1
PAY-98493,INV-41623,OMC-013,Lake Oil,GB88TEHE71937452991241,2025-01-20,61202,1
PAY-67248,INV-86063,OMC-004,Gulf Energy,GB89GWUW86379402654235,2026-04-28,81736,1
PAY-48871,INV-49125,OMC-007,Kobil,GB37IDDX82449353487401,2026-06-01,285434,1
PAY-74006,INV-14683,OMC-017,KAA Aviation,GB54HVSS04902787429671,2026-08-02,199861,1
PAY-94738,INV-25568,OMC-014,Texol Energies,GB06ONXS45314737996507,2025-05-25,22546,2
PAY-91279,INV-65914,OMC-002,Vivo Energy,GB45OQIR01845146270482,2025-10-13,61993,1
PAY-46873,INV-28156,OMC-013,Lake Oil,GB88TEHE71937452991241,2026-01-14,135660,1
PAY-88374,INV-68974,OMC-016,KPA Marine,GB31MOOJ96499091334123,2025-10-14,77277,1
PAY-68303,INV-67312,OMC-010,Tamoil,GB34EABH79176936763201,2025-10-17,56684,1
PAY-91965,INV-45025,OMC-011,Hass Petroleum,GB56WGCN65876036690967,2026-01-05,34415,1
PAY-76053,INV-66130,OMC-012,Galana Energies,GB89GWUW86379402654235,2026-05-25,35448,1
PAY-78477,INV-67445,OMC-003,Rubis Energy,GB04LOQO13315098393010,2025-10-19,118478,1
PAY-76736,INV-33817,OMC-004,Gulf Energy,GB89GWUW86379402654235,2026-03-27,109797,1
PAY-40835,INV-36690,OMC-012,Galana Energies,GB89GWUW86379402654235,2026-04-03,204162,1
PAY-37008,INV-41453,OMC-013,Lake Oil,GB88TEHE71937452991241,2025-06-28,230175,1
PAY-47784,INV-87687,OMC-003,Rubis Energy,GB04LOQO13315098393010,2026-01-06,37358,1
PAY-67834,INV-20844,OMC-018,Uganda National Oil,GB36RNCH17127484677378,2026-05-04,42092,2
PAY-30398,INV-82293,OMC-016,KPA Marine,GB31MOOJ96499091334123,2025-06-11,65902,2
PAY-43094,INV-10778,OMC-019,Tanzania Petroleum,GB59MHYN05766270289517,2026-02-03,26750,1
PAY-78504,INV-80001,OMC-003,Rubis Energy,GB04LOQO13315098393010,2026-03-06,25121,1
PAY-34356,INV-62978,OMC-005,PetroOil Kenya,GB89GWUW86379402654235,30/03/2026,16552,1
PAY-54639,INV-54967,OMC-002,Vivo Energy,GB45OQIR01845146270482,2026-01-28,50313,1
PAY-94484,INV-46374,OMC-008,National Oil,GB08NAFX56342160733754,2026-05-17,19151,1
PAY-69158,INV-35635,OMC-004,Gulf Energy,GB89GWUW86379402654235,2026-04-17,32034,1
PAY-81075,INV-16268,OMC-004,Gulf Energy,GB89GWUW86379402654235,2026-06-01,69404,1
PAY-74036,INV-42020,OMC-011,Hass Petroleum,GB56WGCN65876036690967,2025-04-21," KES 46,264 ",1
PAY-24996,INV-24914,OMC-017,KAA Aviation,GB54HVSS04902787429671,15/10/2025,54955,1
PAY-58271,INV-54555,OMC-007,Kobil,GB37IDDX82449353487401,2026-02-15,30160,1
PAY-65629,INV-30254,OMC-002,Vivo Energy,GB45OQIR01845146270482,2025-12-26,138413,1
PAY-78618,INV-34037,OMC-019,Tanzania Petroleum,GB59MHYN05766270289517,2025-03-14,229696,1
PAY-19719,INV-45354,OMC-013,Lake Oil,GB88TEHE71937452991241,21/04/2025,133187,1
PAY-26447,INV-68616,OMC-001,TotalEnergies Kenya,GB06DMIO52553419283276,2025-05-29,7718,2
PAY-81583,INV-19711,OMC-005,PetroOil Kenya,GB89GWUW86379402654235,2026-04-10,17921,1
PAY-41888,INV-33254,OMC-016,KPA Marine,GB31MOOJ96499091334123,2025-09-13,28252,1
PAY-44118,INV-70621,OMC-008,National Oil,GB08NAFX56342160733754,2026-05-26,116472,1
PAY-67918,INV-89896,OMC-015,Mombasa Petroleum,GB80WOIJ43135182337498,2025-04-30,238287,1
PAY-99898,INV-80778,OMC-017,KAA Aviation,GB54HVSS04902787429671,2025-02-26,159422,1
PAY-98200,INV-38077,OMC-020,Ethiopian Oil,GB14NSVZ22219693792374,2025-02-27,289329,1
PAY-95766,INV-79135,OMC-014,Texol Energies,GB06ONXS45314737996507,2025-05-19,44427,1
PAY-50442,INV-54055,OMC-003,Rubis Energy,GB04LOQO13315098393010,2025-09-28,26879,1
PAY-45544,INV-99210,OMC-018,Uganda National Oil,GB36RNCH17127484677378,2025-09-15,53347,1
PAY-49244,INV-76909,OMC-008,National Oil,GB08NAFX56342160733754,2025-03-03,60903,1
PAY-46090,INV-34350,OMC-002,Vivo Energy,GB45OQIR01845146270482,2025-02-11,27980,1
PAY-85187,INV-48423,OMC-019,Tanzania Petroleum,GB59MHYN05766270289517,2025-03-03,294594,1
PAY-15074,INV-18312,OMC-001,TotalEnergies Kenya,GB06DMIO52553419283276,2025-12-07,198892,1
PAY-29350,INV-72177,OMC-009,Dalbit Petroleum,GB53VXXX35615951484656,2026-07-28,231890,1
PAY-15764,INV-50530,OMC-002,Vivo Energy,GB45OQIR01845146270482,2025-11-14,80294,1
PAY-97033,INV-34915,OMC-007,Kobil,GB37IDDX82449353487401,2026-06-18,124578,1
PAY-72102,INV-75308,OMC-006,Hashi Energy,GB05QCFC91361939909169,2026-02-03,276892,1
PAY-93218,INV-92800,OMC-018,Uganda National Oil,GB36RNCH17127484677378,2025-12-23,151911,1
PAY-56157,INV-10546,OMC-018,Uganda National Oil,GB36RNCH17127484677378,2025-02-03,245010,1
PAY-25853,INV-77086,OMC-003,Rubis Energy,GB04LOQO13315098393010,2026-05-31,171500,1
PAY-90480,INV-20281,OMC-004,Gulf Energy,GB89GWUW86379402654235,2026-03-31,9682,2
PAY-50245,INV-91961,OMC-020,Ethiopian Oil,GB14NSVZ22219693792374,2026-06-18,180024,1
PAY-32508,INV-47748,OMC-001,TotalEnergies Kenya,GB06DMIO52553419283276,2025-09-26,54817,1
PAY-37523,INV-21489,OMC-020,Ethiopian Oil,GB14NSVZ22219693792374,28/05/2025,10447,2
PAY-24195,INV-99384,OMC-005,PetroOil Kenya,GB89GWUW86379402654235,2026-04-02,148862,2
PAY-42152,INV-43633,OMC-007,Kobil,GB37IDDX82449353487401,2026-03-26,105308,1
PAY-25078,INV-88131,OMC-018,Uganda National Oil,GB36RNCH17127484677378,2025-08-29,43310,2
PAY-32884,INV-45446,OMC-002,Vivo Energy,GB45OQIR01845146270482,2025-06-28,113613,1
PAY-13188,INV-64685,OMC-005,PetroOil Kenya,GB89GWUW86379402654235,2026-03-11,103864,1
PAY-93711,INV-85716,OMC-009,Dalbit Petroleum,GB53VXXX35615951484656,2025-03-16,187605,1
PAY-10704,INV-15121,OMC-004,Gulf Energy,GB89GWUW86379402654235,2026-05-09,33162,1
PAY-53011,INV-28633,OMC-017,KAA Aviation,GB54HVSS04902787429671,2025-02-11,145280,1
PAY-94862,INV-33306,OMC-005,PetroOil Kenya,GB89GWUW86379402654235,2026-03-18,49082,2
PAY-23776,INV-47910,OMC-002,Vivo Energy,GB45OQIR01845146270482,2026-02-18,10859,2
PAY-99675,INV-34979,OMC-010,Tamoil,GB34EABH79176936763201,2026-01-23,35202,1
PAY-80155,INV-66187,OMC-018,Uganda National Oil,GB36RNCH17127484677378,2025-02-16,219848,1
PAY-16224,INV-76361,OMC-011,Hass Petroleum,GB56WGCN65876036690967,2026-04-02,142756,1
PAY-95038,INV-34221,OMC-001,TotalEnergies Kenya,GB06DMIO52553419283276,2025-09-23,54970,2
PAY-49122,INV-81671,OMC-016,KPA Marine,GB31MOOJ96499091334123,2025-02-15,122892,1
PAY-63800,INV-50890,OMC-002,Vivo Energy,GB45OQIR01845146270482,2025-09-11,200046,1
PAY-81891,INV-93930,OMC-013,Lake Oil,GB88TEHE71937452991241,2026-05-13,136221,1
PAY-42839,INV-57315,OMC-015,Mombasa Petroleum,GB80WOIJ43135182337498,2025-11-11," KES 225,305 ",1
PAY-70118,INV-40264,OMC-020,Ethiopian Oil,GB14NSVZ22219693792374,2026-03-04,178000,1
PAY-29213,INV-49616,OMC-015,Mombasa Petroleum,GB80WOIJ43135182337498,2025-04-03,272850,1
PAY-53124,INV-62330,OMC-008,National Oil,GB08NAFX56342160733754,2025-05-21,57758,1
PAY-60819,INV-27137,OMC-004,Gulf Energy,GB89GWUW86379402654235,2026-03-28,24373,2
PAY-91466,INV-84065,OMC-019,Tanzania Petroleum,GB59MHYN05766270289517,2025-09-06,135440,1
PAY-94263,INV-71219,OMC-020,Ethiopian Oil,GB14NSVZ22219693792374,2025-12-07,255677,1
PAY-33738,INV-87064,OMC-003,Rubis Energy,GB04LOQO13315098393010,2025-04-03,237839,1
PAY-29011,INV-17103,OMC-006,Hashi Energy,GB05QCFC91361939909169,2026-08-14,166988,1
PAY-32852,INV-64166,OMC-005,PetroOil Kenya,GB89GWUW86379402654235,2026-04-09,22783,2
PAY-75864,INV-76276,OMC-007,Kobil,GB37IDDX82449353487401,2026-06-06,29313,1
PAY-93871,INV-92233,OMC-001,TotalEnergies Kenya,GB06DMIO52553419283276,2025-03-24,51079,1
PAY-80785,INV-47023,OMC-016,KPA Marine,GB31MOOJ96499091334123,2025-11-14,45311,1
PAY-22376,INV-86853,OMC-017,KAA Aviation,GB54HVSS04902787429671,2025-09-29,187873,1
PAY-51645,INV-33534,OMC-014,Texol Energies,GB06ONXS45314737996507,2026-03-14,129074,1
PAY-69203,INV-62621,OMC-013,Lake Oil,GB88TEHE71937452991241,2025-02-06,58928,1
PAY-78582,INV-77147,OMC-010,Tamoil,GB34EABH79176936763201,2025-05-20,38804,1
PAY-89612,INV-11896,OMC-005,PetroOil Kenya,GB89GWUW86379402654235,2026-05-31,11289,2
PAY-37786,INV-77737,OMC-002,Vivo Energy,GB45OQIR01845146270482,2025-03-10,229111,1
PAY-87973,INV-26556,OMC-002,Vivo Energy,GB45OQIR01845146270482,2025-04-22,149015,1
PAY-63813,INV-47261,OMC-020,Ethiopian Oil,GB14NSVZ22219693792374,2025-09-01,8576,2
PAY-77131,INV-38705,OMC-016,KPA Marine,GB31MOOJ96499091334123,2026-04-28,79284,1
PAY-57316,INV-15737,OMC-019,Tanzania Petroleum,GB59MHYN05766270289517,2026-02-15,32014,1
PAY-68497,INV-87844,OMC-006,Hashi Energy,GB05QCFC91361939909169,2025-07-20,39650,1
PAY-35055,INV-96307,OMC-005,PetroOil Kenya,GB89GWUW86379402654235,2026-05-29,54999,2
PAY-62056,INV-92991,OMC-019,Tanzania Petroleum,GB59MHYN05766270289517,2026-01-08," KES 40,509 ",1
PAY-33775,INV-63823,OMC-003,Rubis Energy,GB04LOQO13315098393010,2025-02-13,194991,1
PAY-93308,INV-54517,OMC-007,Kobil,GB37IDDX82449353487401,2025-01-25,258346,1
PAY-74662,INV-89985,OMC-010,Tamoil,GB34EABH79176936763201,2026-04-11,278173,1
PAY-74610,INV-49882,OMC-010,Tamoil,GB34EABH79176936763201,2026-04-05,46522,1
PAY-54236,INV-87645,OMC-005,PetroOil Kenya,GB89GWUW86379402654235,2026-05-26,47909,1
PAY-83771,INV-77316,OMC-020,Ethiopian Oil,GB14NSVZ22219693792374,2025-04-24,133904,1
PAY-16201,INV-15631,OMC-018,Uganda National Oil,GB36RNCH17127484677378,2025-02-22,22525,1
PAY-53583,INV-13619,OMC-013,Lake Oil,GB88TEHE71937452991241,2025-10-07,211120,1
PAY-84742,INV-35635,OMC-004,Gulf Energy,GB89GWUW86379402654235,2026-05-04,8601,2
PAY-30407,INV-18838,OMC-008,National Oil,GB08NAFX56342160733754,2025-03-20,171078,1
PAY-82546,INV-84070,OMC-010,Tamoil,GB34EABH79176936763201,2025-05-01,21520,1
PAY-10318,INV-23566,OMC-002,Vivo Energy,GB45OQIR01845146270482,2025-12-27,127768,1
PAY-53313,INV-93529,OMC-002,Vivo Energy,GB45OQIR01845146270482,2026-01-01,37477,1
PAY-95745,INV-79813,OMC-003,Rubis Energy,GB04LOQO13315098393010,2026-06-24,57693,1
PAY-73478,INV-13503,OMC-020,Ethiopian Oil,GB14NSVZ22219693792374,29/04/2025,25614,1
PAY-20337,INV-44646,OMC-020,Ethiopian Oil,GB14NSVZ22219693792374,2025-02-18,246891,1
PAY-64825,INV-85868,OMC-019,Tanzania Petroleum,GB59MHYN05766270289517,2026-06-07,29762,1
PAY-27723,INV-93545,OMC-015,Mombasa Petroleum,GB80WOIJ43135182337498,2026-06-13,62285,1
PAY-40216,INV-96733,OMC-009,Dalbit Petroleum,GB53VXXX35615951484656,2026-01-21,57182,2
PAY-50197,INV-89567,OMC-012,Galana Energies,GB89GWUW86379402654235,2026-04-16,119424,1
PAY-63893,INV-78353,OMC-003,Rubis Energy,GB04LOQO13315098393010,2026-04-05,65224,1
PAY-50074,INV-84480,OMC-008,National Oil,GB08NAFX56342160733754,2026-03-23,260305,1
PAY-92831,INV-33487,OMC-005,PetroOil Kenya,GB89GWUW86379402654235,2026-03-16,174735,1
PAY-88774,INV-86721,OMC-001,TotalEnergies Kenya,GB06DMIO52553419283276,2025-05-07,40918,1
PAY-26510,INV-57932,OMC-014,Texol Energies,GB06ONXS45314737996507,2025-09-07,25928,1
PAY-39822,INV-90784,OMC-014,Texol Energies,GB06ONXS45314737996507,2025-07-09,13208,2
PAY-94148,INV-43579,OMC-005,PetroOil Kenya,GB89GWUW86379402654235,2026-04-22,36611,2
PAY-86078,INV-93591,OMC-012,Galana Energies,GB89GWUW86379402654235,,67485,1
PAY-99409,INV-72303,OMC-007,Kobil,GB37IDDX82449353487401,2025-07-30,140685,1
PAY-90149,INV-93392,OMC-008,National Oil,GB08NAFX56342160733754,2025-02-19,153357,1
PAY-74396,INV-99586,OMC-017,KAA Aviation,GB54HVSS04902787429671,2025-12-15,159904,1
PAY-27959,INV-15444,OMC-013,Lake Oil,GB88TEHE71937452991241,2026-03-29,264223,1
PAY-56596,INV-13943,OMC-001,TotalEnergies Kenya,GB06DMIO52553419283276,2026-02-12,48117,1
PAY-64943,INV-36958,OMC-019,Tanzania Petroleum,GB59MHYN05766270289517,2025-11-12,28313,2
PAY-67327,INV-98773,OMC-007,Kobil,GB37IDDX82449353487401,2026-05-12,101370,1
PAY-25759,INV-29039,OMC-014,Texol Energies,GB06ONXS45314737996507,2026-07-13,44009,1
PAY-24190,INV-56118,OMC-005,PetroOil Kenya,GB89GWUW86379402654235,2026-03-12,162048,1
PAY-65857,INV-71026,OMC-014,Texol Energies,GB06ONXS45314737996507,2025-06-17,28224,1
PAY-25143,INV-82003,OMC-004,Gulf Energy,GB89GWUW86379402654235,2026-05-02,106249,1
PAY-38238,INV-64086,OMC-014,Texol Energies,GB06ONXS45314737996507,2025-08-16,57744,1
PAY-11401,INV-40071,OMC-001,TotalEnergies Kenya,GB06DMIO52553419283276,2026-04-09,133943,1
PAY-47815,INV-13790,OMC-004,Gulf Energy,GB89GWUW86379402654235,2026-05-14," KES 16,175 ",1
PAY-70848,INV-63480,OMC-020,Ethiopian Oil,GB14NSVZ22219693792374,2026-08-28,55581,2
PAY-71001,INV-31347,OMC-006,Hashi Energy,GB05QCFC91361939909169,2025-04-02,23208,1
PAY-87066,INV-54660,OMC-019,Tanzania Petroleum,GB59MHYN05766270289517,2026-03-04,52438,1
PAY-12689,INV-12457,OMC-020,Ethiopian Oil,GB14NSVZ22219693792374,2025-11-09,61095,1
PAY-96993,INV-37477,OMC-009,Dalbit Petroleum,GB53VXXX35615951484656,2025-06-01,35301,1
PAY-58645,INV-99681,OMC-003,Rubis Energy,GB04LOQO13315098393010,2026-02-23,99209,1
PAY-61211,INV-98190,OMC-012,Galana Energies,GB89GWUW86379402654235,2026-06-04,17513,1
PAY-87369,INV-16189,OMC-016,KPA Marine,GB31MOOJ96499091334123,2025-05-07,38640,2
PAY-72806,INV-26519,OMC-011,Hass Petroleum,GB56WGCN65876036690967,2025-02-20," KES 270,141 ",1
PAY-58418,INV-89870,OMC-010,Tamoil,GB34EABH79176936763201,2025-05-07,44043,1
PAY-47871,INV-70689,OMC-014,Texol Energies,GB06ONXS45314737996507,2025-02-12,208582,1
PAY-13594,INV-84114,OMC-007,Kobil,GB37IDDX82449353487401,2025-07-01,121087,1
PAY-23389,INV-63171,OMC-008,National Oil,GB08NAFX56342160733754,2025-12-22,21266,1
PAY-63804,INV-22553,OMC-012,Galana Energies,GB89GWUW86379402654235,2026-06-23,75863,1
PAY-38826,INV-90510,OMC-001,TotalEnergies Kenya,GB06DMIO52553419283276,2025-09-02,79843,1
PAY-75445,INV-46765,OMC-015,Mombasa Petroleum,GB80WOIJ43135182337498,2025-02-23,35534,1
PAY-22146,INV-18800,OMC-020,Ethiopian Oil,GB14NSVZ22219693792374,2026-02-06,26750,1
PAY-85228,INV-18944,OMC-003,Rubis Energy,GB04LOQO13315098393010,2025-11-14,143742,1
PAY-56603,INV-33466,OMC-004,Gulf Energy,GB89GWUW86379402654235,2026-05-28,160981,1
PAY-47208,INV-69420,OMC-009,Dalbit Petroleum,GB53VXXX35615951484656,18/04/2025,123338,1
PAY-18645,INV-59088,OMC-014,Texol Energies,GB06ONXS45314737996507,2026-02-22,21570,1
PAY-43448,INV-93230,OMC-004,Gulf Energy,GB89GWUW86379402654235,2026-03-19,10707,2
PAY-67838,INV-85235,OMC-007,Kobil,GB37IDDX82449353487401,2025-12-01,186136,1
PAY-29861,INV-61107,OMC-001,TotalEnergies Kenya,GB06DMIO52553419283276,2025-07-27,158731,1
PAY-42603,INV-63078,OMC-019,Tanzania Petroleum,GB59MHYN05766270289517,2026-02-21,31200,1
PAY-36021,INV-41634,OMC-005,PetroOil Kenya,GB89GWUW86379402654235,2026-05-30,31904,1
PAY-47614,INV-53121,OMC-006,Hashi Energy,GB05QCFC91361939909169,2026-07-14,35409,1
PAY-49965,INV-28275,OMC-004,Gulf Energy,GB89GWUW86379402654235,2026-06-13,9369,2
PAY-11344,INV-94581,OMC-006,Hashi Energy,GB05QCFC91361939909169,2025-10-14,55475,1
PAY-25978,INV-17203,OMC-004,Gulf Energy,GB89GWUW86379402654235,2026-04-12,16656,2
PAY-28800,INV-98495,OMC-020,Ethiopian Oil,GB14NSVZ22219693792374,2025-12-31,128172,1
PAY-59829,INV-97627,OMC-017,KAA Aviation,GB54HVSS04902787429671,2025-06-22,124876,1
PAY-21771,INV-24319,OMC-019,Tanzania Petroleum,GB59MHYN05766270289517,2025-04-24," KES 111,702 ",1
PAY-18889,INV-89448,OMC-014,Texol Energies,GB06ONXS45314737996507,2026-07-22,184044,1
PAY-78931,INV-33191,OMC-020,Ethiopian Oil,GB14NSVZ22219693792374,2026-06-29,204816,1
PAY-56619,INV-84335,OMC-005,PetroOil Kenya,GB89GWUW86379402654235,2026-04-24,61110,1
PAY-86675,INV-34466,OMC-015,Mombasa Petroleum,GB80WOIJ43135182337498,2025-07-02,280025,1
PAY-24625,INV-82460,OMC-011,Hass Petroleum,GB56WGCN65876036690967,2025-09-26,77251,1
PAY-72207,INV-63246,OMC-012,Galana Energies,GB89GWUW86379402654235,2026-05-06,7829,2
PAY-24365,INV-23185,OMC-016,KPA Marine,GB31MOOJ96499091334123,11/10/2025,55492,1
PAY-82430,INV-81388,OMC-017,KAA Aviation,GB54HVSS04902787429671,2026-03-18,34432,1
PAY-65710,INV-96697,OMC-009,Dalbit Petroleum,GB53VXXX35615951484656,2025-10-05,176145,1
PAY-27502,INV-59373,OMC-015,Mombasa Petroleum,GB80WOIJ43135182337498,2025-11-22,183422,1
PAY-64727,INV-78460,OMC-013,Lake Oil,GB88TEHE71937452991241,2025-12-22,293386,1
PAY-16857,INV-76512,OMC-004,Gulf Energy,GB89GWUW86379402654235,2026-06-07," KES 303,479 ",1
PAY-53092,INV-62549,OMC-016,KPA Marine,GB31MOOJ96499091334123,2026-06-09,51035,1
PAY-45843,INV-76877,OMC-013,Lake Oil,GB88TEHE71937452991241,2026-01-10,250505,1
PAY-77157,INV-51283,OMC-019,Tanzania Petroleum,GB59MHYN05766270289517,,56694,1
PAY-12158,INV-12305,OMC-004,Gulf Energy,GB89GWUW86379402654235,2026-05-30,35106,2
PAY-47981,INV-61405,OMC-003,Rubis Energy,GB04LOQO13315098393010,2025-04-09,25726,1
PAY-41516,INV-31832,OMC-009,Dalbit Petroleum,GB53VXXX35615951484656,2025-11-24,48957,2
PAY-99425,INV-64308,OMC-009,Dalbit Petroleum,GB53VXXX35615951484656,2026-06-24,65242,1
PAY-20960,INV-99853,OMC-018,Uganda National Oil,GB36RNCH17127484677378,2026-01-27,48120,2
PAY-10720,INV-20347,OMC-020,Ethiopian Oil,GB14NSVZ22219693792374,2025-03-26,35404,1
PAY-11332,INV-32506,OMC-014,Texol Energies,GB06ONXS45314737996507,2026-08-07,71334,2
PAY-97652,INV-47999,OMC-007,Kobil,GB37IDDX82449353487401,2025-09-28,156120,1
PAY-28879,INV-13706,OMC-013,Lake Oil,GB88TEHE71937452991241,2025-04-08,45920,1
PAY-60686,INV-18975,OMC-013,Lake Oil,GB88TEHE71937452991241,2025-04-06,37083,1
PAY-30027,INV-88361,OMC-006,Hashi Energy,GB05QCFC91361939909169,2025-06-11,28752,1
PAY-48920,INV-18819,OMC-012,Galana Energies,GB89GWUW86379402654235,2026-05-13,32700,2
PAY-62333,INV-88794,OMC-015,Mombasa Petroleum,GB80WOIJ43135182337498,2026-08-18,122406,1
PAY-18512,INV-17650,OMC-008,National Oil,GB08NAFX56342160733754,2025-12-02,266943,1
PAY-39325,INV-55060,OMC-020,Ethiopian Oil,GB14NSVZ22219693792374,2025-12-03,23735,1
PAY-63556,INV-22828,OMC-007,Kobil,GB37IDDX82449353487401,2026-03-22,184224,1
PAY-97716,INV-63422,OMC-005,PetroOil Kenya,GB89GWUW86379402654235,2026-04-05,89993,1
PAY-30855,INV-38063,OMC-003,Rubis Energy,GB04LOQO13315098393010,13/10/2025,74154,1
PAY-38868,INV-53707,OMC-019,Tanzania Petroleum,GB59MHYN05766270289517,2025-06-29,50367,1
PAY-60185,INV-10588,OMC-015,Mombasa Petroleum,GB80WOIJ43135182337498,2025-04-02,61326,1
PAY-14673,INV-90398,OMC-006,Hashi Energy,GB05QCFC91361939909169,2026-02-04,27422,1
PAY-84997,INV-76361,OMC-020,Ethiopian Oil,GB14NSVZ22219693792374,2025-04-21,196723,1
PAY-54137,INV-44430,OMC-003,Rubis Energy,GB04LOQO13315098393010,2026-01-05,129394,1
PAY-35424,INV-37004,OMC-014,Texol Energies,GB06ONXS45314737996507,2026-07-09,169171,1
PAY-44089,INV-95032,OMC-002,Vivo Energy,GB45OQIR01845146270482,,107389,1
PAY-83507,INV-80820,OMC-001,TotalEnergies Kenya,GB06DMIO52553419283276,2025-04-11,37989,2
PAY-42987,INV-45685,OMC-015,Mombasa Petroleum,GB80WOIJ43135182337498,2025-03-30,30585,1
PAY-43847,INV-52693,OMC-013,Lake Oil,GB88TEHE71937452991241,2025-07-11,32156,1
PAY-50847,INV-64001,OMC-013,Lake Oil,GB88TEHE71937452991241,2026-06-16,31079,1
PAY-49370,INV-13790,OMC-004,Gulf Energy,GB89GWUW86379402654235,2026-06-12," KES 6,224 ",2
PAY-72381,INV-48152,OMC-015,Mombasa Petroleum,GB80WOIJ43135182337498,2025-07-01,103533,1
PAY-30095,INV-45901,OMC-002,Vivo Energy,GB45OQIR01845146270482,2025-09-11,219336,1
PAY-50568,INV-45893,OMC-006,Hashi Energy,GB05QCFC91361939909169,2025-05-17,156910,1
PAY-70972,INV-32805,OMC-015,Mombasa Petroleum,GB80WOIJ43135182337498,2025-08-02,47995,1
PAY-64468,INV-31380,OMC-015,Mombasa Petroleum,GB80WOIJ43135182337498,,167738,1
PAY-37472,INV-42142,OMC-020,Ethiopian Oil,GB14NSVZ22219693792374,2026-01-13,69402,2
PAY-54025,INV-25395,OMC-004,Gulf Energy,GB89GWUW86379402654235,2026-06-09,140669,1
PAY-66899,INV-81861,OMC-004,Gulf Energy,GB89GWUW86379402654235,2026-05-03,13566,2
PAY-96771,INV-28056,OMC-019,Tanzania Petroleum,GB59MHYN05766270289517,2025-04-09,47436,1
PAY-41411,INV-99309,OMC-009,Dalbit Petroleum,GB53VXXX35615951484656,2025-10-07,124341,1
PAY-72918,INV-26772,OMC-010,Tamoil,GB34EABH79176936763201,2026-05-01,8486,2
PAY-95688,INV-80015,OMC-007,Kobil,GB37IDDX82449353487401,2025-03-27,148962,1
PAY-77083,INV-27304,OMC-010,Tamoil,GB34EABH79176936763201,2026-01-23,134580,1
PAY-65261,INV-90660,OMC-008,National Oil,GB08NAFX56342160733754,03/07/2025,51315,1
PAY-43124,INV-65032,OMC-010,Tamoil,GB34EABH79176936763201,2026-03-05,101508,1
PAY-59739,INV-45100,OMC-013,Lake Oil,GB88TEHE71937452991241,2025-06-01,192739,1
PAY-61709,INV-69845,OMC-005,PetroOil Kenya,GB89GWUW86379402654235,2026-04-16,58211,1
PAY-51493,INV-95455,OMC-002,Vivo Energy,GB45OQIR01845146270482,2026-04-11,48716,1
PAY-23766,INV-60248,OMC-011,Hass Petroleum,GB56WGCN65876036690967,2026-05-04,235764,1
PAY-15721,INV-21681,OMC-008,National Oil,GB08NAFX56342160733754,2025-04-27,20570,1
PAY-91859,INV-56206,OMC-015,Mombasa Petroleum,GB80WOIJ43135182337498,2026-03-11,139761,1
PAY-12281,INV-35988,OMC-007,Kobil,GB37IDDX82449353487401,2025-06-11,159517,1
PAY-31406,INV-11133,OMC-019,Tanzania Petroleum,GB59MHYN05766270289517,2026-06-21,202953,1
PAY-44167,INV-88752,OMC-009,Dalbit Petroleum,GB53VXXX35615951484656,2025-05-19,33150,2
PAY-26243,INV-67589,OMC-019,Tanzania Petroleum,GB59MHYN05766270289517,2026-07-20,138075,1
PAY-84066,INV-84020,OMC-015,Mombasa Petroleum,GB80WOIJ43135182337498,2025-08-20,184694,1
PAY-77481,INV-46545,OMC-020,Ethiopian Oil,GB14NSVZ22219693792374,2026-07-17,37806,1
PAY-30756,INV-58713,OMC-004,Gulf Energy,GB89GWUW86379402654235,2026-05-23,39048,2
PAY-37223,INV-93086,OMC-009,Dalbit Petroleum,GB53VXXX35615951484656,2025-11-05,146785,1
PAY-22886,INV-98761,OMC-006,Hashi Energy,GB05QCFC91361939909169,2025-11-21,84591,2
PAY-75745,INV-17435,OMC-020,Ethiopian Oil,GB14NSVZ22219693792374,20/07/2025,244181,1
PAY-31975,INV-44604,OMC-007,Kobil,GB37IDDX82449353487401,2026-01-05,30922,1
PAY-28038,INV-50273,OMC-019,Tanzania Petroleum,GB59MHYN05766270289517,2026-06-29,88565,1
PAY-13896,INV-50283,OMC-001,TotalEnergies Kenya,GB06DMIO52553419283276,2026-06-21,126775,1
PAY-31550,INV-65112,OMC-017,KAA Aviation,GB54HVSS04902787429671,2026-05-27," KES 162,678 ",1
PAY-68472,INV-75700,OMC-002,Vivo Energy,GB45OQIR01845146270482,2026-02-24,213639,1
PAY-29768,INV-74348,OMC-007,Kobil,GB37IDDX82449353487401,10/02/2026,46907,1
PAY-17693,INV-86823,OMC-018,Uganda National Oil,GB36RNCH17127484677378,2025-02-19,62671,1
PAY-57463,INV-57857,OMC-016,KPA Marine,GB31MOOJ96499091334123,2026-06-28,13050,2
PAY-63887,INV-37284,OMC-019,Tanzania Petroleum,GB59MHYN05766270289517,2025-04-22,202095,1
PAY-58505,INV-85617,OMC-016,KPA Marine,GB31MOOJ96499091334123,2025-07-29,60756,2
PAY-52288,INV-78923,OMC-003,Rubis Energy,GB04LOQO13315098393010,2025-10-01,50712,2
PAY-21389,INV-64681,OMC-003,Rubis Energy,GB04LOQO13315098393010,2025-10-16,190073,1
PAY-70523,INV-59415,OMC-001,TotalEnergies Kenya,GB06DMIO52553419283276,2025-04-03,15103,2
PAY-38643,INV-30513,OMC-017,KAA Aviation,GB54HVSS04902787429671,2026-05-14,44363,1
PAY-30731,INV-27642,OMC-013,Lake Oil,GB88TEHE71937452991241,2026-06-19,128220,1
PAY-69026,INV-70243,OMC-004,Gulf Energy,GB89GWUW86379402654235,2026-04-28,179647,1
PAY-46566,INV-14181,OMC-014,Texol Energies,GB06ONXS45314737996507,2025-06-23,15632,2
PAY-95353,INV-18231,OMC-005,PetroOil Kenya,GB89GWUW86379402654235,2026-07-02,36389,2
PAY-75557,INV-69885,OMC-006,Hashi Energy,GB05QCFC91361939909169,2025-05-03,253652,1
PAY-73629,INV-24023,OMC-018,Uganda National Oil,GB36RNCH17127484677378,2026-02-05,37708,1
PAY-79107,INV-29949,OMC-011,Hass Petroleum,GB56WGCN65876036690967,2025-08-23,15939,1
PAY-16211,INV-85356,OMC-016,KPA Marine,GB31MOOJ96499091334123,2026-05-27,101800,1
PAY-86171,INV-53496,OMC-014,Texol Energies,GB06ONXS45314737996507,2026-06-20,96829,1
PAY-29090,INV-18844,OMC-017,KAA Aviation,GB54HVSS04902787429671,2026-04-27,42776,1
PAY-14726,INV-83078,OMC-014,Texol Energies,GB06ONXS45314737996507,2025-11-08,40253,1
PAY-67758,INV-97832,OMC-014,Texol Energies,GB06ONXS45314737996507,2025-05-23,183611,1
PAY-91560,INV-75349,OMC-003,Rubis Energy,GB04LOQO13315098393010,2025-10-28,140058,1
PAY-16654,INV-46622,OMC-005,PetroOil Kenya,GB89GWUW86379402654235,2026-05-31,30874,2
PAY-93129,INV-63870,OMC-017,KAA Aviation,GB54HVSS04902787429671,2025-05-05,141507,1
PAY-77303,INV-29612,OMC-016,KPA Marine,GB31MOOJ96499091334123,2025-07-04,19010,2
PAY-37758,INV-22449,OMC-002,Vivo Energy,GB45OQIR01845146270482,2026-02-09,165311,1
PAY-26103,INV-87351,OMC-017,KAA Aviation,GB54HVSS04902787429671,2025-06-02,63680,1
PAY-52348,INV-40147,OMC-004,Gulf Energy,GB89GWUW86379402654235,2026-05-14,11552,2
PAY-21437,INV-28602,OMC-001,TotalEnergies Kenya,GB06DMIO52553419283276,2025-04-03,157077,1
PAY-17469,INV-10020,OMC-019,Tanzania Petroleum,GB59MHYN05766270289517,2025-03-24,56314,2
PAY-27029,INV-91517,OMC-019,Tanzania Petroleum,GB59MHYN05766270289517,17/05/2026,56664,1
PAY-86123,INV-59612,OMC-014,Texol Energies,GB06ONXS45314737996507,2025-11-18,143094,1
PAY-18624,INV-14003,OMC-001,TotalEnergies Kenya,GB06DMIO52553419283276,2025-04-25,31124,1
PAY-34746,INV-68786,OMC-015,Mombasa Petroleum,GB80WOIJ43135182337498,2025-08-24,22498,1
PAY-77966,INV-35419,OMC-008,National Oil,GB08NAFX56342160733754,2026-03-02,36509,1
PAY-16656,INV-92445,OMC-015,Mombasa Petroleum,GB80WOIJ43135182337498,2025-11-11,226431,1
PAY-36752,INV-61077,OMC-005,PetroOil Kenya,GB89GWUW86379402654235,2026-05-11,35172,1
PAY-53874,INV-30515,OMC-016,KPA Marine,GB31MOOJ96499091334123,2025-04-16,20379,2
PAY-32287,INV-80470,OMC-002,Vivo Energy,GB45OQIR01845146270482,2026-02-17,97115,1
PAY-89513,INV-71537,OMC-017,KAA Aviation,GB54HVSS04902787429671,2026-08-03,55770,1
PAY-65131,INV-78819,OMC-015,Mombasa Petroleum,GB80WOIJ43135182337498,2026-05-05,54579,1
PAY-76255,INV-97198,OMC-014,Texol Energies,GB06ONXS45314737996507,2025-08-04,103926,1
PAY-59607,INV-92996,OMC-013,Lake Oil,GB88TEHE71937452991241,2025-04-12,187112,1
PAY-46390,INV-43125,OMC-001,TotalEnergies Kenya,GB06DMIO52553419283276,2026-04-15,20144,2
PAY-79903,INV-89209,OMC-016,KPA Marine,GB31MOOJ96499091334123,2025-12-22,98599,1
PAY-63252,INV-77060,OMC-003,Rubis Energy,GB04LOQO13315098393010,2025-06-11,295576,1
PAY-48858,INV-70051,OMC-003,Rubis Energy,GB04LOQO13315098393010,2026-05-17,48943,1
PAY-75721,INV-60664,OMC-018,Uganda National Oil,GB36RNCH17127484677378,2026-05-10,206595,1
PAY-65538,INV-78323,OMC-011,Hass Petroleum,GB56WGCN65876036690967,2025-04-22,118072,1
PAY-32625,INV-30276,OMC-016,KPA Marine,GB31MOOJ96499091334123,2026-01-15,254506,1
PAY-99420,INV-40960,OMC-011,Hass Petroleum,GB56WGCN65876036690967,2026-08-15,238925,1
PAY-50647,INV-35135,OMC-020,Ethiopian Oil,GB14NSVZ22219693792374,2025-02-26,31484,1
PAY-34010,INV-54906,OMC-010,Tamoil,GB34EABH79176936763201,2026-04-14,48858,1
PAY-98528,INV-91417,OMC-019,Tanzania Petroleum,GB59MHYN05766270289517,2025-09-29,41837,1
PAY-91273,INV-66102,OMC-011,Hass Petroleum,GB56WGCN65876036690967,2025-11-08,164575,1
PAY-49773,INV-19944,OMC-011,Hass Petroleum,GB56WGCN65876036690967,2025-11-01,257792,1
PAY-53679,INV-10441,OMC-020,Ethiopian Oil,GB14NSVZ22219693792374,2026-03-12,245014,1
PAY-24390,INV-45752,OMC-017,KAA Aviation,GB54HVSS04902787429671,2025-09-03,155450,1
PAY-81947,INV-16532,OMC-010,Tamoil,GB34EABH79176936763201,2026-03-24,266029,1
PAY-85303,INV-26536,OMC-003,Rubis Energy,GB04LOQO13315098393010,2025-12-19,165101,1
PAY-36700,INV-57590,OMC-009,Dalbit Petroleum,GB53VXXX35615951484656,2025-12-05,54176,2
PAY-18045,INV-33221,OMC-002,Vivo Energy,GB45OQIR01845146270482,2025-10-14,43346,1
PAY-76719,INV-78513,OMC-020,Ethiopian Oil,GB14NSVZ22219693792374,2026-05-18,119697,1
PAY-26554,INV-52280,OMC-003,Rubis Energy,GB04LOQO13315098393010,2025-08-06,193979,1
PAY-94944,INV-83879,OMC-018,Uganda National Oil,GB36RNCH17127484677378,12/07/2025,98622,1
PAY-44907,INV-57545,OMC-001,TotalEnergies Kenya,GB06DMIO52553419283276,2025-05-29,122494,1
PAY-38935,INV-49038,OMC-013,Lake Oil,GB88TEHE71937452991241,2025-07-05,182285,1
PAY-55653,INV-32166,OMC-011,Hass Petroleum,GB56WGCN65876036690967,2025-10-12,192387,1
PAY-62886,INV-83199,OMC-003,Rubis Energy,GB04LOQO13315098393010,2025-05-13,256018,1
PAY-49961,INV-11633,OMC-009,Dalbit Petroleum,GB53VXXX35615951484656,2026-04-03,82811,1
PAY-24611,INV-86604,OMC-001,TotalEnergies Kenya,GB06DMIO52553419283276,2025-02-28,109018,1
PAY-49551,INV-62960,OMC-013,Lake Oil,GB88TEHE71937452991241,2025-04-24,165935,1
PAY-45397,INV-77603,OMC-019,Tanzania Petroleum,GB59MHYN05766270289517,2025-03-25,83974,1
PAY-18962,INV-82935,OMC-003,Rubis Energy,GB04LOQO13315098393010,,36751,1
PAY-48177,INV-51377,OMC-009,Dalbit Petroleum,GB53VXXX35615951484656,2025-09-18,65551,2
PAY-26620,INV-67611,OMC-012,Galana Energies,GB89GWUW86379402654235,2026-05-15,13986,2
PAY-92582,INV-66022,OMC-007,Kobil,GB37IDDX82449353487401,2026-02-03,155188,1
PAY-41343,INV-42713,OMC-008,National Oil,GB08NAFX56342160733754,2025-10-15,161068,1
PAY-18158,INV-89664,OMC-014,Texol Energies,GB06ONXS45314737996507,2025-08-13,184777,1
PAY-77226,INV-84809,OMC-014,Texol Energies,GB06ONXS45314737996507,2026-03-19,45044,1
PAY-40785,INV-46326,OMC-016,KPA Marine,GB31MOOJ96499091334123,2026-06-27,206829,1
PAY-19435,INV-77351,OMC-010,Tamoil,GB34EABH79176936763201,2025-07-23,58962,2
PAY-64833,INV-40341,OMC-017,KAA Aviation,GB54HVSS04902787429671,2025-07-12,33850,1
PAY-31000,INV-42401,OMC-001,TotalEnergies Kenya,GB06DMIO52553419283276,2025-12-09,16863,1
PAY-90678,INV-62960,OMC-015,Mombasa Petroleum,GB80WOIJ43135182337498,2025-10-10,37189,1
PAY-96975,INV-51360,OMC-019,Tanzania Petroleum,GB59MHYN05766270289517,2025-08-08,57529,1
PAY-27304,INV-58980,OMC-017,KAA Aviation,GB54HVSS04902787429671,2025-10-13,122197,1
PAY-81683,INV-33933,OMC-010,Tamoil,GB34EABH79176936763201,2025-08-02,105787,1
PAY-12764,INV-68308,OMC-004,Gulf Energy,GB89GWUW86379402654235,2026-05-16,82716,1
PAY-82187,INV-88786,OMC-017,KAA Aviation,GB54HVSS04902787429671,11/08/2025,172201,1
PAY-68986,INV-44847,OMC-001,TotalEnergies Kenya,GB06DMIO52553419283276,2025-07-24,134216,1
PAY-38182,INV-53274,OMC-010,Tamoil,GB34EABH79176936763201,,244875,1
PAY-89479,INV-82001,OMC-011,Hass Petroleum,GB56WGCN65876036690967,2026-07-27,199174,1
PAY-84488,INV-31769,OMC-009,Dalbit Petroleum,GB53VXXX35615951484656,2026-01-31,203607,1
PAY-30540,INV-38399,OMC-010,Tamoil,GB34EABH79176936763201,2026-05-10,48847,1
PAY-63379,INV-13235,OMC-009,Dalbit Petroleum,GB53VXXX35615951484656,2026-06-04,267611,1
PAY-30732,INV-41748,OMC-016,KPA Marine,GB31MOOJ96499091334123,2026-07-13,73173,1
PAY-52579,INV-14169,OMC-016,KPA Marine,GB31MOOJ96499091334123,2026-05-15,162108,1
PAY-33920,INV-64612,OMC-012,Galana Energies,GB89GWUW86379402654235,2026-05-26,37364,2
PAY-26061,INV-26645,OMC-005,PetroOil Kenya,GB89GWUW86379402654235,2026-05-09,34050,2
PAY-28483,INV-61324,OMC-019,Tanzania Petroleum,GB59MHYN05766270289517,2026-05-21,251872,1
PAY-87380,INV-77261,OMC-009,Dalbit Petroleum,GB53VXXX35615951484656,2025-09-11,237228,1
PAY-10895,INV-90855,OMC-001,TotalEnergies Kenya,GB06DMIO52553419283276,2025-07-09,93491,1
PAY-48764,INV-96897,OMC-013,Lake Oil,GB88TEHE71937452991241,2025-08-24,103815,1
PAY-13516,INV-73023,OMC-001,TotalEnergies Kenya,GB06DMIO52553419283276,2025-10-20,145421,1
PAY-44001,INV-23720,OMC-020,Ethiopian Oil,GB14NSVZ22219693792374,2025-08-19," KES 249,092 ",1
PAY-11404,INV-83945,OMC-005,PetroOil Kenya,GB89GWUW86379402654235,2026-05-31," KES 53,895 ",1
PAY-96569,INV-72747,OMC-017,KAA Aviation,GB54HVSS04902787429671,2026-01-05,53210,1
PAY-58726,INV-77894,OMC-020,Ethiopian Oil,GB14NSVZ22219693792374,04/11/2025,32802,1
PAY-33924,INV-63744,OMC-002,Vivo Energy,GB45OQIR01845146270482,2026-03-22,36390,1
PAY-20807,INV-45631,OMC-007,Kobil,GB37IDDX82449353487401,2026-08-28,28111,1
PAY-22856,INV-90854,OMC-004,Gulf Energy,GB89GWUW86379402654235,2026-04-28,42050,2
PAY-12280,INV-59502,OMC-009,Dalbit Petroleum,GB53VXXX35615951484656,2025-12-22,180157,1
PAY-90544,INV-37659,OMC-017,KAA Aviation,GB54HVSS04902787429671,2025-03-26,226326,1
PAY-42291,INV-22125,OMC-008,National Oil,GB08NAFX56342160733754,2025-12-28,105471,1
PAY-21695,INV-65293,OMC-016,KPA Marine,GB31MOOJ96499091334123,2025-10-24,106559,1
PAY-70095,INV-45994,OMC-009,Dalbit Petroleum,GB53VXXX35615951484656,2025-12-21,85025,2
PAY-47251,INV-21514,OMC-016,KPA Marine,GB31MOOJ96499091334123,2025-11-11,36050,1
PAY-17233,INV-98491,OMC-013,Lake Oil,GB88TEHE71937452991241,2026-04-30," KES 36,289 ",1
PAY-88413,INV-60263,OMC-014,Texol Energies,GB06ONXS45314737996507,2025-06-02," KES 25,169 ",1
PAY-37351,INV-40782,OMC-009,Dalbit Petroleum,GB53VXXX35615951484656,2025-12-14,48825,1
PAY-44334,INV-31834,OMC-017,KAA Aviation,GB54HVSS04902787429671,2025-03-13,35713,1
PAY-75428,INV-54920,OMC-010,Tamoil,GB34EABH79176936763201,2025-09-30,198745,1
PAY-79628,INV-85982,OMC-009,Dalbit Petroleum,GB53VXXX35615951484656,2025-08-16,141566,1
PAY-61079,INV-67935,OMC-014,Texol Energies,GB06ONXS45314737996507,,59618,1
PAY-12433,INV-85345,OMC-015,Mombasa Petroleum,GB80WOIJ43135182337498,2026-04-24,289383,1
PAY-62354,INV-79340,OMC-009,Dalbit Petroleum,GB53VXXX35615951484656,2026-08-16,147620,1
PAY-45118,INV-59919,OMC-003,Rubis Energy,GB04LOQO13315098393010,2026-03-28,130903,1
PAY-71440,INV-77910,OMC-018,Uganda National Oil,GB36RNCH17127484677378,2025-12-02,39529,1
PAY-14112,INV-79694,OMC-011,Hass Petroleum,GB56WGCN65876036690967,2025-05-28,160584,1
PAY-85425,INV-88128,OMC-013,Lake Oil,GB88TEHE71937452991241,2025-09-04,24113,1
PAY-58434,INV-77380,OMC-014,Texol Energies,GB06ONXS45314737996507,2025-11-17," KES 26,560 ",1
PAY-31428,INV-52303,OMC-009,Dalbit Petroleum,GB53VXXX35615951484656,2025-12-24,120939,1
PAY-81072,INV-84989,OMC-001,TotalEnergies Kenya,GB06DMIO52553419283276,2025-07-18,37535,1
PAY-85532,INV-25087,OMC-012,Galana Energies,GB89GWUW86379402654235,2026-06-21,92249,1
PAY-58567,INV-72319,OMC-008,National Oil,GB08NAFX56342160733754,,259279,1
PAY-49962,INV-99779,OMC-003,Rubis Energy,GB04LOQO13315098393010,,30129,1
PAY-20610,INV-59252,OMC-003,Rubis Energy,GB04LOQO13315098393010,2025-03-01,105208,1
PAY-39036,INV-86143,OMC-004,Gulf Energy,GB89GWUW86379402654235,2026-05-31,20830,1
PAY-27949,INV-72029,OMC-019,Tanzania Petroleum,GB59MHYN05766270289517,2025-05-23,11225,2
PAY-46449,INV-42955,OMC-015,Mombasa Petroleum,GB80WOIJ43135182337498,2025-09-03,47397,1
PAY-50085,INV-43603,OMC-010,Tamoil,GB34EABH79176936763201,2026-06-02,192822,1
PAY-97530,INV-82623,OMC-004,Gulf Energy,GB89GWUW86379402654235,2026-03-24,181684,1
PAY-47928,INV-98025,OMC-001,TotalEnergies Kenya,GB06DMIO52553419283276,2026-02-03,105154,2
PAY-66720,INV-82035,OMC-017,KAA Aviation,GB54HVSS04902787429671,2026-03-19,226255,1
PAY-86412,INV-37392,OMC-014,Texol Energies,GB06ONXS45314737996507,2026-04-03,9262,2
PAY-81275,INV-20188,OMC-016,KPA Marine,GB31MOOJ96499091334123,2025-09-07,206749,1
PAY-95964,INV-30177,OMC-013,Lake Oil,GB88TEHE71937452991241,2025-08-16,154730,1
PAY-48965,INV-81473,OMC-001,TotalEnergies Kenya,GB06DMIO52553419283276,2025-09-07,214811,1
PAY-62255,INV-74589,OMC-007,Kobil,GB37IDDX82449353487401,2026-03-27,51685,1
PAY-31583,INV-91693,OMC-018,Uganda National Oil,GB36RNCH17127484677378,2026-03-24,56829,1
PAY-10228,INV-84672,OMC-009,Dalbit Petroleum,GB53VXXX35615951484656,2025-06-14,96803,1
PAY-88945,INV-32088,OMC-010,Tamoil,GB34EABH79176936763201,2025-12-13,49330,1
PAY-30027,INV-27604,OMC-017,KAA Aviation,GB54HVSS04902787429671,2025-08-09,42223,1
PAY-80304,INV-73223,OMC-017,KAA Aviation,GB54HVSS04902787429671,2025-05-29,226387,1
PAY-55342,INV-17203,OMC-004,Gulf Energy,GB89GWUW86379402654235,2026-03-15,17832,1
PAY-32350,INV-18137,OMC-013,Lake Oil,GB88TEHE71937452991241,2025-03-20,25899,1
PAY-78353,INV-51377,OMC-009,Dalbit Petroleum,GB53VXXX35615951484656,2025-08-26,122091,1
PAY-96914,INV-56906,OMC-001,TotalEnergies Kenya,GB06DMIO52553419283276,2025-12-01,214427,1
PAY-14734,INV-37619,OMC-012,Galana Energies,GB89GWUW86379402654235,2026-04-25,11407,1
PAY-88118,INV-65817,OMC-009,Dalbit Petroleum,GB53VXXX35615951484656,2025-04-25,16726,2
PAY-92445,INV-44768,OMC-008,National Oil,GB08NAFX56342160733754,2025-03-19,208072,1
PAY-20584,INV-42003,OMC-006,Hashi Energy,GB05QCFC91361939909169,2025-06-09,196246,1
PAY-27068,INV-36347,OMC-004,Gulf Energy,GB89GWUW86379402654235,2026-05-20,130246,1
PAY-38103,INV-46001,OMC-008,National Oil,GB08NAFX56342160733754,2025-09-14,48602,1
PAY-76403,INV-65710,OMC-004,Gulf Energy,GB89GWUW86379402654235,2026-06-22,133530,1
PAY-50690,INV-92256,OMC-008,National Oil,GB08NAFX56342160733754,2025-05-31,275189,1
PAY-50937,INV-71618,OMC-020,Ethiopian Oil,GB14NSVZ22219693792374,2025-06-09,251601,1
PAY-17999,INV-59885,OMC-011,Hass Petroleum,GB56WGCN65876036690967,25/06/2026,214378,1
PAY-98239,INV-66457,OMC-010,Tamoil,GB34EABH79176936763201,2025-05-06,48898,1
PAY-73218,INV-24978,OMC-019,Tanzania Petroleum,GB59MHYN05766270289517,2026-04-25,190932,1
PAY-16650,INV-14181,OMC-014,Texol Energies,GB06ONXS45314737996507,2025-06-02,15763,1
PAY-38027,INV-88231,OMC-020,Ethiopian Oil,GB14NSVZ22219693792374,2025-04-01,26636,1
PAY-54965,INV-23076,OMC-008,National Oil,GB08NAFX56342160733754,2025-08-25,22027,1
PAY-71883,INV-82010,OMC-009,Dalbit Petroleum,GB53VXXX35615951484656,2025-06-01,191811,1
PAY-84956,INV-11085,OMC-020,Ethiopian Oil,GB14NSVZ22219693792374,2026-07-08,212289,1
PAY-31621,INV-16304,OMC-018,Uganda National Oil,GB36RNCH17127484677378,2025-10-28,37207,1
PAY-51961,INV-27709,OMC-009,Dalbit Petroleum,GB53VXXX35615951484656,2026-03-29,98410,1
PAY-57488,INV-62084,OMC-014,Texol Energies,GB06ONXS45314737996507,2026-03-12,43158,2
PAY-71910,INV-67116,OMC-014,Texol Energies,GB06ONXS45314737996507,2025-08-13,104302,1
PAY-64285,INV-52747,OMC-014,Texol Energies,GB06ONXS45314737996507,,92021,1
PAY-91866,INV-19260,OMC-005,PetroOil Kenya,GB89GWUW86379402654235,2026-04-13,23848,1
PAY-34926,INV-51646,OMC-008,National Oil,GB08NAFX56342160733754,2025-09-03,109711,2
PAY-64910,INV-75983,OMC-007,Kobil,GB37IDDX82449353487401,2025-04-05,260250,1
PAY-68550,INV-97318,OMC-001,TotalEnergies Kenya,GB06DMIO52553419283276,2026-06-21,28775,2
PAY-34247,INV-38021,OMC-005,PetroOil Kenya,GB89GWUW86379402654235,29/03/2026,84812,1
PAY-28209,INV-55048,OMC-003,Rubis Energy,GB04LOQO13315098393010,2026-04-16," KES 152,278 ",1
PAY-50475,INV-24027,OMC-012,Galana Energies,GB89GWUW86379402654235,2026-06-19,16298,2
PAY-35562,INV-72597,OMC-001,TotalEnergies Kenya,GB06DMIO52553419283276,2026-05-11,22985,1
PAY-20240,INV-45142,OMC-002,Vivo Energy,GB45OQIR01845146270482,2026-03-19,31521,1
PAY-15224,INV-44644,OMC-012,Galana Energies,GB89GWUW86379402654235,2026-06-06,42160,1
PAY-45070,INV-52151,OMC-001,TotalEnergies Kenya,GB06DMIO52553419283276,2025-05-07,211446,1
PAY-35432,INV-29040,OMC-001,TotalEnergies Kenya,GB06DMIO52553419283276,2025-08-27,22993,1
PAY-34971,INV-94198,OMC-013,Lake Oil,GB88TEHE71937452991241,2025-11-21,23313,1
PAY-98537,INV-67951,OMC-001,TotalEnergies Kenya,GB06DMIO52553419283276,2026-05-19,34599,2
PAY-16367,INV-36217,OMC-005,PetroOil Kenya,GB89GWUW86379402654235,2026-03-15,45791,1
PAY-95589,INV-49250,OMC-003,Rubis Energy,GB04LOQO13315098393010,2026-04-04,87767,1
PAY-85682,INV-37619,OMC-012,Galana Energies,GB89GWUW86379402654235,2026-05-25,11004,2
PAY-59591,INV-42333,OMC-006,Hashi Energy,GB05QCFC91361939909169,2025-04-24,56846,1
PAY-19718,INV-41135,OMC-013,Lake Oil,GB88TEHE71937452991241,2025-03-26,30413,1
PAY-30566,INV-50384,OMC-008,National Oil,GB08NAFX56342160733754,2025-03-25,197208,1
PAY-37466,INV-55900,OMC-001,TotalEnergies Kenya,GB06DMIO52553419283276,2025-02-26,20570,2
PAY-28917,INV-88466,OMC-005,PetroOil Kenya,GB89GWUW86379402654235,2026-03-12,42440,1
PAY-92586,INV-16511,OMC-008,National Oil,GB08NAFX56342160733754,2025-08-01,36763,1
PAY-22888,INV-18486,OMC-012,Galana Energies,GB89GWUW86379402654235,2026-05-15,14143,1
PAY-72994,INV-29697,OMC-018,Uganda National Oil,GB36RNCH17127484677378,2025-02-10,115581,1
PAY-12770,INV-22895,OMC-004,Gulf Energy,GB89GWUW86379402654235,2026-03-29,53207,1
PAY-61184,INV-14797,OMC-005,PetroOil Kenya,GB89GWUW86379402654235,2026-05-25,47771,1
PAY-43682,INV-40041,OMC-006,Hashi Energy,GB05QCFC91361939909169,2025-03-12,46773,1
PAY-25826,INV-52858,OMC-013,Lake Oil,GB88TEHE71937452991241,2026-06-25,50858,1
PAY-14215,INV-35502,OMC-013,Lake Oil,GB88TEHE71937452991241,2026-06-30,175200,1
PAY-22164,INV-86699,OMC-018,Uganda National Oil,GB36RNCH17127484677378,05/12/2025,150561,1
PAY-42675,INV-80855,OMC-017,KAA Aviation,GB54HVSS04902787429671,2025-11-05,273449,1
PAY-45374,INV-91648,OMC-017,KAA Aviation,GB54HVSS04902787429671,2026-01-11,44783,1
PAY-73182,INV-65710,OMC-004,Gulf Energy,GB89GWUW86379402654235,2026-07-09,57727,2
PAY-73999,INV-63805,OMC-005,PetroOil Kenya,GB89GWUW86379402654235,2026-04-24,38347,2
PAY-64440,INV-20131,OMC-015,Mombasa Petroleum,GB80WOIJ43135182337498,2025-11-07,56038,1
PAY-17037,INV-25441,OMC-005,PetroOil Kenya,GB89GWUW86379402654235,06/05/2026,13637,1
PAY-86273,INV-11283,OMC-018,Uganda National Oil,GB36RNCH17127484677378,2025-02-14,29374,1
PAY-76417,INV-61371,OMC-009,Dalbit Petroleum,GB53VXXX35615951484656,2026-03-18,100497,1
PAY-90369,INV-58265,OMC-009,Dalbit Petroleum,GB53VXXX35615951484656,2025-06-23,220550,1
PAY-76515,INV-38969,OMC-001,TotalEnergies Kenya,GB06DMIO52553419283276,2025-06-24,222461,1
PAY-78030,INV-16853,OMC-018,Uganda National Oil,GB36RNCH17127484677378,2025-12-01,28674,1
PAY-20580,INV-75681,OMC-018,Uganda National Oil,GB36RNCH17127484677378,25/08/2025,33438,1
PAY-11565,INV-63554,OMC-020,Ethiopian Oil,GB14NSVZ22219693792374,2026-07-22,54564,1
PAY-28835,INV-30832,OMC-010,Tamoil,GB34EABH79176936763201,2025-10-20,44034,1
PAY-69964,INV-98517,OMC-016,KPA Marine,GB31MOOJ96499091334123,2025-12-28,138785,1
PAY-68528,INV-90652,OMC-017,KAA Aviation,GB54HVSS04902787429671,,55786,1
PAY-77414,INV-31562,OMC-016,KPA Marine,GB31MOOJ96499091334123,2026-05-21,46172,1
PAY-81659,INV-15202,OMC-015,Mombasa Petroleum,GB80WOIJ43135182337498,2025-08-16,226921,1
PAY-80961,INV-16237,OMC-009,Dalbit Petroleum,GB53VXXX35615951484656,2025-11-25,33361,1
PAY-39506,INV-53916,OMC-019,Tanzania Petroleum,GB59MHYN05766270289517,2026-01-03,33565,1
PAY-27785,INV-22242,OMC-020,Ethiopian Oil,GB14NSVZ22219693792374,,134042,1
PAY-45908,INV-79140,OMC-005,PetroOil Kenya,GB89GWUW86379402654235,2026-04-14,27848,1
PAY-66809,INV-80564,OMC-001,TotalEnergies Kenya,GB06DMIO52553419283276,2026-05-08,45861,1
PAY-83826,INV-63172,OMC-005,PetroOil Kenya,GB89GWUW86379402654235,2026-05-17,16093,2
PAY-60751,INV-13139,OMC-017,KAA Aviation,GB54HVSS04902787429671,2025-04-12,165742,1
PAY-10602,INV-57768,OMC-006,Hashi Energy,GB05QCFC91361939909169,2025-10-31," KES 133,821 ",1
PAY-94775,INV-60573,OMC-014,Texol Energies,GB06ONXS45314737996507,2026-08-06,54484,2
PAY-29060,INV-85951,OMC-002,Vivo Energy,GB45OQIR01845146270482,2026-06-08,42870,1
PAY-68506,INV-16930,OMC-010,Tamoil,GB34EABH79176936763201,21/01/2026,19264,1
PAY-26560,INV-62549,OMC-010,Tamoil,GB34EABH79176936763201,2026-05-12,301053,1
PAY-35833,INV-49248,OMC-015,Mombasa Petroleum,GB80WOIJ43135182337498,2025-06-29,48501,1
PAY-22597,INV-50978,OMC-008,National Oil,GB08NAFX56342160733754,2025-10-04,15461,1
PAY-35859,INV-65635,OMC-008,National Oil,GB08NAFX56342160733754,2025-06-22,37415,1
PAY-50386,INV-74033,OMC-006,Hashi Energy,GB05QCFC91361939909169,2025-06-15,96764,1
PAY-61145,INV-28151,OMC-001,TotalEnergies Kenya,GB06DMIO52553419283276,2025-08-06,48011,2
PAY-57842,INV-87094,OMC-004,Gulf Energy,GB89GWUW86379402654235,2026-04-18,21701,2
PAY-41127,INV-64877,OMC-009,Dalbit Petroleum,GB53VXXX35615951484656,04/05/2026,161261,1
PAY-80886,INV-83524,OMC-014,Texol Energies,GB06ONXS45314737996507,2025-08-25,60358,2
PAY-13003,INV-69976,OMC-001,TotalEnergies Kenya,GB06DMIO52553419283276,2026-05-22,136154,1
PAY-78209,INV-17843,OMC-004,Gulf Energy,GB89GWUW86379402654235,2026-04-25,41394,2
PAY-63551,INV-37951,OMC-008,National Oil,GB08NAFX56342160733754,2025-05-31,86667,1
PAY-33812,INV-57021,OMC-003,Rubis Energy,GB04LOQO13315098393010,2025-05-22,58847,1
PAY-97534,INV-22819,OMC-003,Rubis Energy,GB04LOQO13315098393010,2026-04-27,170646,1
PAY-42814,INV-68951,OMC-002,Vivo Energy,GB45OQIR01845146270482,,241405,1
PAY-25784,INV-95698,OMC-017,KAA Aviation,GB54HVSS04902787429671,2026-06-27,23319,1
PAY-87315,INV-58874,OMC-019,Tanzania Petroleum,GB59MHYN05766270289517,2025-07-10,48101,1
PAY-57347,INV-11478,OMC-003,Rubis Energy,GB04LOQO13315098393010,2026-01-06,172945,1
PAY-60069,INV-55863,OMC-010,Tamoil,GB34EABH79176936763201,2025-05-13,51928,1
PAY-65793,INV-30831,OMC-016,KPA Marine,GB31MOOJ96499091334123,2025-09-15,30320,1
PAY-60880,INV-79050,OMC-019,Tanzania Petroleum,GB59MHYN05766270289517,2025-11-07,130037,1
PAY-18806,INV-75468,OMC-005,PetroOil Kenya,GB89GWUW86379402654235,2026-03-05,30974,1
PAY-52807,INV-21088,OMC-002,Vivo Energy,GB45OQIR01845146270482,2025-08-06,57547,1
PAY-53976,INV-61834,OMC-011,Hass Petroleum,GB56WGCN65876036690967,2025-04-17,57448,1
PAY-14975,INV-31259,OMC-016,KPA Marine,GB31MOOJ96499091334123,2025-06-12,68772,2
PAY-47767,INV-58996,OMC-004,Gulf Energy,GB89GWUW86379402654235,2026-05-05,154015,1
PAY-51371,INV-41706,OMC-019,Tanzania Petroleum,GB59MHYN05766270289517,2025-08-18,37821,1
PAY-78512,INV-87129,OMC-016,KPA Marine,GB31MOOJ96499091334123,2025-03-18,33039,1
PAY-33696,INV-67640,OMC-011,Hass Petroleum,GB56WGCN65876036690967,2025-02-03,196402,1
PAY-50791,INV-19088,OMC-006,Hashi Energy,GB05QCFC91361939909169,2025-06-06,75746,1
PAY-25973,INV-95684,OMC-012,Galana Energies,GB89GWUW86379402654235,2026-04-18,213422,1
PAY-29206,INV-29273,OMC-012,Galana Energies,GB89GWUW86379402654235,2026-03-17,153556,1
PAY-43193,INV-32715,OMC-013,Lake Oil,GB88TEHE71937452991241,2025-03-25,108832,1
PAY-53900,INV-63545,OMC-015,Mombasa Petroleum,GB80WOIJ43135182337498,2026-04-11,180563,1
PAY-15244,INV-23777,OMC-018,Uganda National Oil,GB36RNCH17127484677378,2026-03-01,191844,1
PAY-40233,INV-42378,OMC-015,Mombasa Petroleum,GB80WOIJ43135182337498,2025-09-22,252257,1
PAY-40854,INV-43372,OMC-013,Lake Oil,GB88TEHE71937452991241,2025-04-23,44653,1
PAY-76156,INV-90938,OMC-012,Galana Energies,GB89GWUW86379402654235,2026-06-02,203775,1
PAY-67637,INV-82023,OMC-001,TotalEnergies Kenya,GB06DMIO52553419283276,2025-08-31,101872,1
PAY-47295,INV-68827,OMC-001,TotalEnergies Kenya,GB06DMIO52553419283276,2025-02-21,42385,2
PAY-79399,INV-36671,OMC-006,Hashi Energy,GB05QCFC91361939909169,2026-06-20,177860,1
PAY-44596,INV-63215,OMC-004,Gulf Energy,GB89GWUW86379402654235,2026-05-06,30846,1
PAY-31735,INV-34610,OMC-002,Vivo Energy,GB45OQIR01845146270482,2025-02-17,60925,1
PAY-36706,INV-94137,OMC-001,TotalEnergies Kenya,GB06DMIO52553419283276,2026-06-06,100764,1
PAY-28775,INV-59854,OMC-011,Hass Petroleum,GB56WGCN65876036690967,2025-03-27,153401,1
PAY-15018,INV-61426,OMC-017,KAA Aviation,GB54HVSS04902787429671,2026-06-01,24645,1
PAY-73334,INV-59769,OMC-008,National Oil,GB08NAFX56342160733754,2026-01-20,57633,1
PAY-37624,INV-90978,OMC-013,Lake Oil,GB88TEHE71937452991241,2025-04-19,196942,1
PAY-53163,INV-96706,OMC-003,Rubis Energy,GB04LOQO13315098393010,2026-04-25,208207,1
PAY-70335,INV-84575,OMC-003,Rubis Energy,GB04LOQO13315098393010,2025-05-28,78689,1
PAY-77425,INV-43435,OMC-004,Gulf Energy,GB89GWUW86379402654235,2026-05-18,28402,1
PAY-48333,INV-66193,OMC-012,Galana Energies,GB89GWUW86379402654235,2026-04-10,19573,2
PAY-73621,INV-62058,OMC-020,Ethiopian Oil,GB14NSVZ22219693792374,2025-06-27,37084,1
PAY-27265,INV-10966,OMC-008,National Oil,GB08NAFX56342160733754,2025-08-27,30235,1
PAY-84052,INV-80666,OMC-014,Texol Energies,GB06ONXS45314737996507,2026-02-14,131972,1
PAY-84415,INV-13251,OMC-007,Kobil,GB37IDDX82449353487401,2026-07-01,246371,1
PAY-27110,INV-50191,OMC-011,Hass Petroleum,GB56WGCN65876036690967,2026-03-23,129409,1
PAY-83453,INV-34819,OMC-014,Texol Energies,GB06ONXS45314737996507,2026-02-06,226453,1
PAY-77878,INV-31405,OMC-008,National Oil,GB08NAFX56342160733754,2026-07-19,20035,1
PAY-12061,INV-11655,OMC-004,Gulf Energy,GB89GWUW86379402654235,2026-04-02,245960,1
PAY-78931,INV-49995,OMC-004,Gulf Energy,GB89GWUW86379402654235,2026-04-11,132724,1
PAY-67276,INV-76702,OMC-009,Dalbit Petroleum,GB53VXXX35615951484656,2025-08-17,21648,2
PAY-87772,INV-32517,OMC-012,Galana Energies,GB89GWUW86379402654235,2026-05-26,55633,1
PAY-32259,INV-54520,OMC-014,Texol Energies,GB06ONXS45314737996507,2025-12-01,187963,1
PAY-48239,INV-21852,OMC-008,National Oil,GB08NAFX56342160733754,2026-01-23,118059,1
PAY-44907,INV-57545,OMC-001,TotalEnergies Kenya,GB06DMIO52553419283276,2025-05-29,122494,1
PAY-95792,INV-50380,OMC-013,Lake Oil,GB88TEHE71937452991241,2025-07-01,129760,1
PAY-86047,INV-52430,OMC-015,Mombasa Petroleum,GB80WOIJ43135182337498,2026-02-14,24947,1
PAY-20238,INV-90891,OMC-006,Hashi Energy,GB05QCFC91361939909169,2025-02-03,138615,1
PAY-74328,INV-71623,OMC-006,Hashi Energy,GB05QCFC91361939909169,2025-07-25,278476,1
PAY-98687,INV-62177,OMC-014,Texol Energies,GB06ONXS45314737996507,2026-02-02,25843,1
PAY-53552,INV-42842,OMC-002,Vivo Energy,GB45OQIR01845146270482,2025-07-16," KES 245,952 ",1
PAY-22025,INV-67834,OMC-003,Rubis Energy,GB04LOQO13315098393010,2025-09-26,135259,1
PAY-40359,INV-87550,OMC-012,Galana Energies,GB89GWUW86379402654235,2026-05-21,34605,1
PAY-28286,INV-60494,OMC-014,Texol Energies,GB06ONXS45314737996507,2025-04-06,25512,1
PAY-22557,INV-39684,OMC-013,Lake Oil,GB88TEHE71937452991241,2026-03-16,96936,1
PAY-24753,INV-37426,OMC-017,KAA Aviation,GB54HVSS04902787429671,,220176,1
PAY-92945,INV-17390,OMC-003,Rubis Energy,GB04LOQO13315098393010,2025-03-06,32688,1
PAY-28353,INV-49817,OMC-016,KPA Marine,GB31MOOJ96499091334123,2025-03-02,133921,1
PAY-94126,INV-37630,OMC-009,Dalbit Petroleum,GB53VXXX35615951484656,2026-04-12,60240,2
PAY-90409,INV-95401,OMC-006,Hashi Energy,GB05QCFC91361939909169,2025-06-04,28963,1
PAY-78729,INV-96973,OMC-015,Mombasa Petroleum,GB80WOIJ43135182337498,2025-11-02,163170,1
PAY-66212,INV-78960,OMC-018,Uganda National Oil,GB36RNCH17127484677378,2026-02-14,100972,1
PAY-85255,INV-25457,OMC-008,National Oil,GB08NAFX56342160733754,2025-09-27,215864,1
PAY-75929,INV-82654,OMC-011,Hass Petroleum,GB56WGCN65876036690967,2025-09-17,130341,1
PAY-76411,INV-20176,OMC-011,Hass Petroleum,GB56WGCN65876036690967,2026-03-03,12213,2
PAY-88274,INV-39777,OMC-018,Uganda National Oil,GB36RNCH17127484677378,2026-05-17,18001,1
PAY-36059,INV-75139,OMC-001,TotalEnergies Kenya,GB06DMIO52553419283276,2025-07-31,109664,1
PAY-69975,INV-34558,OMC-002,Vivo Energy,GB45OQIR01845146270482,2025-11-19,67585,2
PAY-62749,INV-12144,OMC-008,National Oil,GB08NAFX56342160733754,2025-09-07,186547,1
PAY-21500,INV-19848,OMC-003,Rubis Energy,GB04LOQO13315098393010,2026-02-12,17080,2
PAY-60381,INV-69064,OMC-015,Mombasa Petroleum,GB80WOIJ43135182337498,03/02/2026,198338,1
PAY-61530,INV-44025,OMC-005,PetroOil Kenya,GB89GWUW86379402654235,2026-03-07,31839,1
PAY-21814,INV-38565,OMC-004,Gulf Energy,GB89GWUW86379402654235,2026-06-20,100616,1
PAY-99724,INV-70154,OMC-018,Uganda National Oil,GB36RNCH17127484677378,2025-07-17,262936,1
PAY-35588,INV-58523,OMC-017,KAA Aviation,GB54HVSS04902787429671,2026-07-31,134432,1
PAY-34861,INV-91873,OMC-011,Hass Petroleum,GB56WGCN65876036690967,2025-05-06,41261,1
PAY-60014,INV-15280,OMC-007,Kobil,GB37IDDX82449353487401,2026-02-28,159350,1
PAY-17485,INV-21451,OMC-007,Kobil,GB37IDDX82449353487401,03/11/2025,83772,1
PAY-87318,INV-69788,OMC-010,Tamoil,GB34EABH79176936763201,2026-07-23,55274,1
PAY-12077,INV-79923,OMC-015,Mombasa Petroleum,GB80WOIJ43135182337498,2025-06-14," KES 223,701 ",1
PAY-36214,INV-90281,OMC-005,PetroOil Kenya,GB89GWUW86379402654235,2026-05-07,24326,1
PAY-89204,INV-34081,OMC-003,Rubis Energy,GB04LOQO13315098393010,2026-03-22,130423,1
PAY-11492,INV-54596,OMC-009,Dalbit Petroleum,GB53VXXX35615951484656,2026-06-09,35463,2
PAY-35802,INV-46645,OMC-010,Tamoil,GB34EABH79176936763201,2026-06-30,101219,1
PAY-75804,INV-92868,OMC-007,Kobil,GB37IDDX82449353487401,2026-03-30,24570,1
PAY-47580,INV-38141,OMC-011,Hass Petroleum,GB56WGCN65876036690967,2026-02-21,243833,1
PAY-91137,INV-80103,OMC-005,PetroOil Kenya,GB89GWUW86379402654235,2026-04-23,117520,2
PAY-26394,INV-28522,OMC-012,Galana Energies,GB89GWUW86379402654235,2026-05-26,41632,1
PAY-44466,INV-64859,OMC-014,Texol Energies,GB06ONXS45314737996507,2025-05-05,24135,1
PAY-75795,INV-32032,OMC-002,Vivo Energy,GB45OQIR01845146270482,2025-10-28,162564,1
PAY-65965,INV-19138,OMC-002,Vivo Energy,GB45OQIR01845146270482,2025-10-05,207083,1
PAY-36821,INV-32437,OMC-005,PetroOil Kenya,GB89GWUW86379402654235,2026-05-30,22337,2
PAY-62290,INV-76103,OMC-009,Dalbit Petroleum,GB53VXXX35615951484656,2025-12-29,15464,1
PAY-36005,INV-44456,OMC-003,Rubis Energy,GB04LOQO13315098393010,2025-11-17,137906,1
PAY-82106,INV-77798,OMC-020,Ethiopian Oil,GB14NSVZ22219693792374,2025-02-25,164579,1
PAY-80508,INV-68677,OMC-013,Lake Oil,GB88TEHE71937452991241,2025-11-03,23513,1
PAY-41082,INV-12015,OMC-007,Kobil,GB37IDDX82449353487401,2026-03-19,48347,1
PAY-20236,INV-29169,OMC-010,Tamoil,GB34EABH79176936763201,,42877,2
PAY-29852,INV-21011,OMC-007,Kobil,GB37IDDX82449353487401,2025-11-29,34922,1
PAY-83504,INV-41635,OMC-013,Lake Oil,GB88TEHE71937452991241,2025-08-17,170342,1
PAY-20780,INV-52100,OMC-014,Texol Energies,GB06ONXS45314737996507,2026-01-10,116679,1
PAY-97541,INV-14162,OMC-014,Texol Energies,GB06ONXS45314737996507,2025-11-25,146613,1
PAY-33020,INV-55548,OMC-006,Hashi Energy,GB05QCFC91361939909169,2026-01-20,66435,2
PAY-12264,INV-27208,OMC-019,Tanzania Petroleum,GB59MHYN05766270289517,2026-02-01,123317,1
PAY-60440,INV-34885,OMC-017,KAA Aviation,GB54HVSS04902787429671,2026-05-01,233375,1
PAY-19465,INV-23409,OMC-015,Mombasa Petroleum,GB80WOIJ43135182337498,2025-11-09,257013,1
PAY-88275,INV-97629,OMC-001,TotalEnergies Kenya,GB06DMIO52553419283276,2025-06-27,215342,1
PAY-30550,INV-84044,OMC-020,Ethiopian Oil,GB14NSVZ22219693792374,2026-04-22," KES 74,635 ",2
PAY-73781,INV-30515,OMC-016,KPA Marine,GB31MOOJ96499091334123,2025-03-31,27155,1
PAY-79749,INV-94283,OMC-003,Rubis Energy,GB04LOQO13315098393010,2025-06-28,126014,1
PAY-84734,INV-92451,OMC-011,Hass Petroleum,GB56WGCN65876036690967,2025-08-07,20638,2
PAY-97160,INV-74550,OMC-020,Ethiopian Oil,GB14NSVZ22219693792374,2026-04-10,34279,1
PAY-57504,INV-82893,OMC-014,Texol Energies,GB06ONXS45314737996507,,207731,1
PAY-65218,INV-36543,OMC-019,Tanzania Petroleum,GB59MHYN05766270289517,2025-06-04,33734,1
PAY-50716,INV-24315,OMC-019,Tanzania Petroleum,GB59MHYN05766270289517,2025-03-15,206327,1
PAY-14504,INV-36168,OMC-016,KPA Marine,GB31MOOJ96499091334123,2025-09-01,39116,1
PAY-96191,INV-84780,OMC-008,National Oil,GB08NAFX56342160733754,2026-01-13,25673,1
PAY-98492,INV-78311,OMC-016,KPA Marine,GB31MOOJ96499091334123,2026-05-26,19508,1
PAY-28259,INV-52672,OMC-010,Tamoil,GB34EABH79176936763201,2026-03-10,24073,1
PAY-63904,INV-54549,OMC-012,Galana Energies,GB89GWUW86379402654235,2026-05-26,157323,2
PAY-80077,INV-81933,OMC-016,KPA Marine,GB31MOOJ96499091334123,2026-07-31,41035,2
PAY-67319,INV-72772,OMC-002,Vivo Energy,GB45OQIR01845146270482,2026-07-08,46619,1
PAY-92252,INV-29491,OMC-011,Hass Petroleum,GB56WGCN65876036690967,2025-05-10,41405,1
PAY-37050,INV-93000,OMC-016,KPA Marine,GB31MOOJ96499091334123,2025-02-28,53746,1
PAY-72619,INV-69195,OMC-019,Tanzania Petroleum,GB59MHYN05766270289517,2025-02-13," KES 112,265 ",1
PAY-13750,INV-71253,OMC-018,Uganda National Oil,GB36RNCH17127484677378,2026-07-11," KES 9,183 ",2
PAY-89437,INV-95025,OMC-008,National Oil,GB08NAFX56342160733754,2025-02-05,166010,1
PAY-34942,INV-33912,OMC-017,KAA Aviation,GB54HVSS04902787429671,2025-03-04,117076,1
PAY-43165,INV-69149,OMC-020,Ethiopian Oil,GB14NSVZ22219693792374,2025-03-11,43520,1
PAY-64864,INV-12804,OMC-008,National Oil,GB08NAFX56342160733754,2025-12-21,211353,1
PAY-69138,INV-12098,OMC-010,Tamoil,GB34EABH79176936763201,2025-08-08,207121,1
PAY-89417,INV-63268,OMC-013,Lake Oil,GB88TEHE71937452991241,2026-04-28,22885,1
PAY-19651,INV-61711,OMC-002,Vivo Energy,GB45OQIR01845146270482,2025-07-22,86538,1
PAY-68826,INV-75852,OMC-012,Galana Energies,GB89GWUW86379402654235,2026-03-04,267378,1
PAY-73843,INV-54004,OMC-006,Hashi Energy,GB05QCFC91361939909169,2025-04-26,32235,1
PAY-89382,INV-76427,OMC-011,Hass Petroleum,GB56WGCN65876036690967,2025-11-04,28681,1
PAY-26602,INV-60012,OMC-014,Texol Energies,GB06ONXS45314737996507,2025-02-22,196473,1
PAY-99980,INV-22169,OMC-019,Tanzania Petroleum,GB59MHYN05766270289517,2025-03-26,59677,1
PAY-26530,INV-65503,OMC-011,Hass Petroleum,GB56WGCN65876036690967,2025-04-11,102882,1
PAY-23347,INV-17184,OMC-019,Tanzania Petroleum,GB59MHYN05766270289517,2026-07-26,172196,1
PAY-98799,INV-11472,OMC-006,Hashi Energy,GB05QCFC91361939909169,2026-08-05,41348,1
PAY-43470,INV-63422,OMC-005,PetroOil Kenya,GB89GWUW86379402654235,2026-04-28,83690,2
PAY-86924,INV-38498,OMC-011,Hass Petroleum,GB56WGCN65876036690967,2025-11-20,222874,1
PAY-87714,INV-45341,OMC-006,Hashi Energy,GB05QCFC91361939909169,2025-06-06,37581,1
PAY-22535,INV-29647,OMC-010,Tamoil,GB34EABH79176936763201,15/03/2026,37031,1
PAY-80549,INV-73791,OMC-011,Hass Petroleum,GB56WGCN65876036690967,2026-02-23,294888,1
PAY-78937,INV-31439,OMC-020,Ethiopian Oil,GB14NSVZ22219693792374,2025-10-13,38953,1
PAY-70780,INV-52302,OMC-019,Tanzania Petroleum,GB59MHYN05766270289517,2026-07-25,128613,1
PAY-81309,INV-99258,OMC-009,Dalbit Petroleum,GB53VXXX35615951484656,2026-02-27," KES 28,864 ",1
PAY-22464,INV-29929,OMC-014,Texol Energies,GB06ONXS45314737996507,2025-10-08,112993,1
PAY-31197,INV-63463,OMC-011,Hass Petroleum,GB56WGCN65876036690967,2026-04-04,205480,1
PAY-99855,INV-80175,OMC-008,National Oil,GB08NAFX56342160733754,2026-03-18,109628,1
PAY-57727,INV-97097,OMC-019,Tanzania Petroleum,GB59MHYN05766270289517,2025-09-21,75670,1
PAY-13448,INV-78616,OMC-002,Vivo Energy,GB45OQIR01845146270482,2026-07-11,34234,1
PAY-40571,INV-48796,OMC-015,Mombasa Petroleum,GB80WOIJ43135182337498,2025-05-07,50704,1
PAY-32794,INV-50221,OMC-008,National Oil,GB08NAFX56342160733754,2026-02-15,106595,1
PAY-57058,INV-75950,OMC-001,TotalEnergies Kenya,GB06DMIO52553419283276,2026-07-02,16536,2
PAY-58099,INV-67951,OMC-003,Rubis Energy,GB04LOQO13315098393010,2026-03-28,276578,1
PAY-36161,INV-89444,OMC-003,Rubis Energy,GB04LOQO13315098393010,29/01/2026,24106,1
PAY-42086,INV-32455,OMC-003,Rubis Energy,GB04LOQO13315098393010,2025-09-11,160391,1
PAY-34796,INV-89155,OMC-009,Dalbit Petroleum,GB53VXXX35615951484656,2026-07-27,259113,1
PAY-78571,INV-22183,OMC-010,Tamoil,GB34EABH79176936763201,2025-11-11,53370,1
PAY-54843,INV-46018,OMC-005,PetroOil Kenya,GB89GWUW86379402654235,,34004,1
PAY-57653,INV-50973,OMC-008,National Oil,GB08NAFX56342160733754,2025-05-26,180676,1
PAY-79442,INV-91115,OMC-007,Kobil,GB37IDDX82449353487401,2025-08-19,166001,1
PAY-23442,INV-97114,OMC-011,Hass Petroleum,GB56WGCN65876036690967,2025-04-28,123709,1
PAY-46356,INV-16028,OMC-004,Gulf Energy,GB89GWUW86379402654235,,86692,1
PAY-89529,INV-49348,OMC-013,Lake Oil,GB88TEHE71937452991241,2026-01-16,285167,1
PAY-55298,INV-95693,OMC-007,Kobil,GB37IDDX82449353487401,2025-06-09,39822,1
PAY-25936,INV-37908,OMC-012,Galana Energies,GB89GWUW86379402654235,2026-04-07,201502,1
PAY-31077,INV-12565,OMC-008,National Oil,GB08NAFX56342160733754,2025-11-17,16025,2
PAY-25186,INV-35265,OMC-011,Hass Petroleum,GB56WGCN65876036690967,29/07/2026,43909,1
PAY-57005,INV-83622,OMC-001,TotalEnergies Kenya,GB06DMIO52553419283276,2025-11-04,60608,1
PAY-84925,INV-91802,OMC-014,Texol Energies,GB06ONXS45314737996507,2026-03-19,101176,1
PAY-27272,INV-31354,OMC-015,Mombasa Petroleum,GB80WOIJ43135182337498,2025-11-18,162252,1
PAY-21972,INV-68642,OMC-010,Tamoil,GB34EABH79176936763201,2026-04-16," KES 290,171 ",1
PAY-57600,INV-47023,OMC-018,Uganda National Oil,GB36RNCH17127484677378,2025-07-20,44533,1
PAY-74612,INV-69811,OMC-006,Hashi Energy,GB05QCFC91361939909169,2026-05-16,131578,1
PAY-63508,INV-30888,OMC-001,TotalEnergies Kenya,GB06DMIO52553419283276,2026-08-09,49608,2
PAY-31029,INV-63110,OMC-001,TotalEnergies Kenya,GB06DMIO52553419283276,2026-01-31,140800,1
PAY-71561,INV-98684,OMC-001,TotalEnergies Kenya,GB06DMIO52553419283276,2026-03-03,49743,2
PAY-20325,INV-11427,OMC-018,Uganda National Oil,GB36RNCH17127484677378,2025-06-16,241595,1
PAY-58004,INV-47314,OMC-015,Mombasa Petroleum,GB80WOIJ43135182337498,2025-09-14,129151,1
PAY-21080,INV-31658,OMC-014,Texol Energies,GB06ONXS45314737996507,2025-11-18,36119,1
PAY-51966,INV-28223,OMC-008,National Oil,GB08NAFX56342160733754,2025-10-27,49477,1
PAY-62085,INV-25187,OMC-004,Gulf Energy,GB89GWUW86379402654235,2026-04-05,115121,1
PAY-46373,INV-35510,OMC-020,Ethiopian Oil,GB14NSVZ22219693792374,2025-02-21,121203,1
PAY-77274,INV-96408,OMC-001,TotalEnergies Kenya,GB06DMIO52553419283276,2025-03-04,41075,1
PAY-71747,INV-25864,OMC-019,Tanzania Petroleum,GB59MHYN05766270289517,2025-11-28,192984,1
PAY-71885,INV-87716,OMC-001,TotalEnergies Kenya,GB06DMIO52553419283276,2025-03-14,54246,1
PAY-53991,INV-69506,OMC-006,Hashi Energy,GB05QCFC91361939909169,2025-07-22,192385,1
PAY-81377,INV-25834,OMC-013,Lake Oil,GB88TEHE71937452991241,2026-04-17,27888,1
PAY-97720,INV-48232,OMC-003,Rubis Energy,GB04LOQO13315098393010,2026-03-16,107483,1
PAY-94843,INV-25205,OMC-006,Hashi Energy,GB05QCFC91361939909169,2025-05-19,134736,1
PAY-94639,INV-22519,OMC-009,Dalbit Petroleum,GB53VXXX35615951484656,2025-05-30,164425,1
PAY-63549,INV-45393,OMC-009,Dalbit Petroleum,GB53VXXX35615951484656,2026-03-20,69265,2
PAY-80728,INV-53156,OMC-010,Tamoil,GB34EABH79176936763201,2025-05-02,20175,2
PAY-25056,INV-42800,OMC-005,PetroOil Kenya,GB89GWUW86379402654235,2026-05-17,288575,1
PAY-96954,INV-82566,OMC-001,TotalEnergies Kenya,GB06DMIO52553419283276,2025-09-02,51436,2
PAY-33767,INV-68321,OMC-015,Mombasa Petroleum,GB80WOIJ43135182337498,2025-12-17,152942,1
PAY-85142,INV-69185,OMC-019,Tanzania Petroleum,GB59MHYN05766270289517,2026-06-14,47077,1
PAY-97078,INV-58540,OMC-013,Lake Oil,GB88TEHE71937452991241,2025-12-21,94700,1
PAY-53414,INV-28234,OMC-019,Tanzania Petroleum,GB59MHYN05766270289517,2025-10-09,113422,1
PAY-54313,INV-39047,OMC-012,Galana Energies,GB89GWUW86379402654235,2026-02-27,29072,1
PAY-61124,INV-91994,OMC-018,Uganda National Oil,GB36RNCH17127484677378,2025-10-14,17387,2
PAY-21321,INV-39874,OMC-009,Dalbit Petroleum,GB53VXXX35615951484656,2026-06-20,294976,1
PAY-86498,INV-90268,OMC-004,Gulf Energy,GB89GWUW86379402654235,2026-06-12,131152,1
PAY-35754,INV-23865,OMC-019,Tanzania Petroleum,GB59MHYN05766270289517,2025-07-08,25951,1
PAY-84417,INV-58526,OMC-006,Hashi Energy,GB05QCFC91361939909169,2025-08-01,222236,1
PAY-18605,INV-49719,OMC-004,Gulf Energy,GB89GWUW86379402654235,09/03/2026,28606,1
PAY-25882,INV-76622,OMC-006,Hashi Energy,GB05QCFC91361939909169,2025-06-26,78071,2
PAY-58009,INV-86986,OMC-017,KAA Aviation,GB54HVSS04902787429671,2026-05-11,181250,1
PAY-62867,INV-81684,OMC-006,Hashi Energy,GB05QCFC91361939909169,23/05/2025," KES 57,550 ",1
PAY-30644,INV-14842,OMC-011,Hass Petroleum,GB56WGCN65876036690967,2025-11-07," KES 26,550 ",1
PAY-23491,INV-79359,OMC-006,Hashi Energy,GB05QCFC91361939909169,2026-02-02,24790,1
PAY-55300,INV-17200,OMC-012,Galana Energies,GB89GWUW86379402654235,2026-03-25,247035,1
PAY-65045,INV-65988,OMC-011,Hass Petroleum,GB56WGCN65876036690967,2025-08-13,56484,1
PAY-55422,INV-55364,OMC-008,National Oil,GB08NAFX56342160733754,2025-03-09,143782,1
PAY-66995,INV-92008,OMC-002,Vivo Energy,GB45OQIR01845146270482,2026-04-16,22387,1
PAY-67902,INV-33115,OMC-014,Texol Energies,GB06ONXS45314737996507,2025-05-16,54633,1
PAY-52690,INV-89137,OMC-002,Vivo Energy,GB45OQIR01845146270482,2025-02-20,38893,1
PAY-12679,INV-19804,OMC-016,KPA Marine,GB31MOOJ96499091334123,2026-05-23,44163,1
PAY-59598,INV-43154,OMC-013,Lake Oil,GB88TEHE71937452991241,2025-04-01,211471,1
PAY-10806,INV-26433,OMC-001,TotalEnergies Kenya,GB06DMIO52553419283276,20/05/2026,166870,1
PAY-17188,INV-66211,OMC-001,TotalEnergies Kenya,GB06DMIO52553419283276,2025-10-30,18611,2
PAY-14182,INV-99633,OMC-020,Ethiopian Oil,GB14NSVZ22219693792374,2025-03-23,70185,1
PAY-88294,INV-82547,OMC-001,TotalEnergies Kenya,GB06DMIO52553419283276,2025-05-12,134416,1
PAY-70744,INV-79694,OMC-011,Hass Petroleum,GB56WGCN65876036690967,2025-06-24,48134,2
PAY-74911,INV-40361,OMC-019,Tanzania Petroleum,GB59MHYN05766270289517,2025-03-27,21399,1
PAY-93635,INV-89525,OMC-003,Rubis Energy,GB04LOQO13315098393010,2026-07-04,204197,1
PAY-40528,INV-49758,OMC-011,Hass Petroleum,GB56WGCN65876036690967,2025-10-11,14866,1
PAY-91817,INV-15826,OMC-008,National Oil,GB08NAFX56342160733754,2025-03-08,22826,1
PAY-11821,INV-57313,OMC-019,Tanzania Petroleum,GB59MHYN05766270289517,2025-07-05,57734,1
PAY-79330,INV-53353,OMC-019,Tanzania Petroleum,GB59MHYN05766270289517,2026-07-20,202202,1
PAY-24644,INV-98205,OMC-008,National Oil,GB08NAFX56342160733754,2025-02-28,37306,1
PAY-44925,INV-71310,OMC-019,Tanzania Petroleum,GB59MHYN05766270289517,2026-02-04,55869,1
PAY-57756,INV-71929,OMC-009,Dalbit Petroleum,GB53VXXX35615951484656,2025-06-02,27977,1
PAY-11258,INV-53527,OMC-005,PetroOil Kenya,GB89GWUW86379402654235,2026-02-25,92255,1
PAY-56459,INV-25705,OMC-016,KPA Marine,GB31MOOJ96499091334123,2025-07-12,139773,1
PAY-25597,INV-36795,OMC-020,Ethiopian Oil,GB14NSVZ22219693792374,2025-04-14,224826,1
PAY-96586,INV-60685,OMC-002,Vivo Energy,GB45OQIR01845146270482,2026-03-12,171954,1
PAY-20880,INV-13497,OMC-016,KPA Marine,GB31MOOJ96499091334123,05/05/2025,169045,1
PAY-64554,INV-50837,OMC-017,KAA Aviation,GB54HVSS04902787429671,2025-04-11,186123,1
PAY-38475,INV-26239,OMC-012,Galana Energies,GB89GWUW86379402654235,2026-04-23,55819,2
PAY-49836,INV-10468,OMC-014,Texol Energies,GB06ONXS45314737996507,2026-05-08,12064,2
PAY-47571,INV-40647,OMC-009,Dalbit Petroleum,GB53VXXX35615951484656,2026-03-31,50329,2
PAY-15804,INV-70312,OMC-015,Mombasa Petroleum,GB80WOIJ43135182337498,2025-03-01,197585,1
PAY-29812,INV-77392,OMC-020,Ethiopian Oil,GB14NSVZ22219693792374,2025-12-12,71725,2
PAY-85063,INV-42255,OMC-011,Hass Petroleum,GB56WGCN65876036690967,2025-12-29,115221,1
PAY-84027,INV-34944,OMC-010,Tamoil,GB34EABH79176936763201,2026-06-21,97118,1
PAY-19450,INV-35158,OMC-018,Uganda National Oil,GB36RNCH17127484677378,2026-03-12,5708,2
PAY-30867,INV-38003,OMC-016,KPA Marine,GB31MOOJ96499091334123,2026-05-16,93667,2
PAY-68742,INV-49914,OMC-006,Hashi Energy,GB05QCFC91361939909169,2026-04-06,102545,1
PAY-10823,INV-31578,OMC-019,Tanzania Petroleum,GB59MHYN05766270289517,19/06/2025,61865,1
PAY-10404,INV-94242,OMC-005,PetroOil Kenya,GB89GWUW86379402654235,2026-05-12,66414,2
PAY-43611,INV-94143,OMC-014,Texol Energies,GB06ONXS45314737996507,2026-03-13,47223,1
PAY-84357,INV-80650,OMC-004,Gulf Energy,GB89GWUW86379402654235,2026-04-11,196952,1
PAY-77648,INV-92100,OMC-009,Dalbit Petroleum,GB53VXXX35615951484656,2026-06-07,143828,1
PAY-91596,INV-15468,OMC-015,Mombasa Petroleum,GB80WOIJ43135182337498,2026-08-01," KES 222,833 ",1
PAY-81988,INV-38246,OMC-001,TotalEnergies Kenya,GB06DMIO52553419283276,2025-09-14,49177,2
PAY-15582,INV-97578,OMC-001,TotalEnergies Kenya,GB06DMIO52553419283276,2026-06-07,227425,1
PAY-40188,INV-33492,OMC-019,Tanzania Petroleum,GB59MHYN05766270289517,2026-01-07,125958,1
PAY-13497,INV-12365,OMC-018,Uganda National Oil,GB36RNCH17127484677378,2026-02-02,216380,1
PAY-73593,INV-63689,OMC-016,KPA Marine,GB31MOOJ96499091334123,2025-09-14,124918,1
PAY-65411,INV-45861,OMC-001,TotalEnergies Kenya,GB06DMIO52553419283276,2026-03-24,189613,1
PAY-37670,INV-58078,OMC-011,Hass Petroleum,GB56WGCN65876036690967,2025-07-15,263179,1
PAY-49545,INV-14061,OMC-016,KPA Marine,GB31MOOJ96499091334123,2026-04-20,33161,1
PAY-11092,INV-56308,OMC-013,Lake Oil,GB88TEHE71937452991241,2026-05-21,162986,1
PAY-67340,INV-64980,OMC-018,Uganda National Oil,GB36RNCH17127484677378,2026-02-01,31935,1
PAY-63328,INV-93961,OMC-006,Hashi Energy,GB05QCFC91361939909169,2026-05-15,57804,1
PAY-93012,INV-49619,OMC-005,PetroOil Kenya,GB89GWUW86379402654235,2026-04-07,20429,1
PAY-99089,INV-38916,OMC-013,Lake Oil,GB88TEHE71937452991241,2025-10-01,47168,1
PAY-92774,INV-64724,OMC-011,Hass Petroleum,GB56WGCN65876036690967,2025-07-07,111182,2
PAY-25264,INV-72043,OMC-002,Vivo Energy,GB45OQIR01845146270482,2026-06-14,15926,1
PAY-36229,INV-36441,OMC-013,Lake Oil,GB88TEHE71937452991241,2025-12-25,37658,1
PAY-73949,INV-69258,OMC-017,KAA Aviation,GB54HVSS04902787429671,2026-03-03,198268,1
PAY-93850,INV-18691,OMC-003,Rubis Energy,GB04LOQO13315098393010,2025-06-09,198866,1
PAY-41608,INV-41180,OMC-007,Kobil,GB37IDDX82449353487401,2025-09-03,153879,1
PAY-43625,INV-55059,OMC-013,Lake Oil,GB88TEHE71937452991241,2025-11-18,60126,1
PAY-69280,INV-42278,OMC-006,Hashi Energy,GB05QCFC91361939909169,2026-06-07,113792,1
PAY-48768,INV-84256,OMC-008,National Oil,GB08NAFX56342160733754,21/08/2026,60024,1
PAY-82612,INV-22130,OMC-014,Texol Energies,GB06ONXS45314737996507,2026-02-25,25585,2
PAY-16776,INV-24204,OMC-018,Uganda National Oil,GB36RNCH17127484677378,2026-02-05,163720,1
PAY-39519,INV-22622,OMC-015,Mombasa Petroleum,GB80WOIJ43135182337498,2025-10-22,192848,1
PAY-89970,INV-78067,OMC-020,Ethiopian Oil,GB14NSVZ22219693792374,2025-03-29," KES 200,223 ",1
PAY-45305,INV-35997,OMC-010,Tamoil,GB34EABH79176936763201,2026-02-15,194593,1
PAY-87497,INV-61252,OMC-018,Uganda National Oil,GB36RNCH17127484677378,2025-02-16,91384,1
PAY-30611,INV-41092,OMC-019,Tanzania Petroleum,GB59MHYN05766270289517,2026-04-25,41384,1
PAY-99711,INV-32598,OMC-001,TotalEnergies Kenya,GB06DMIO52553419283276,2026-03-30," KES 79,896 ",1
PAY-38744,INV-44203,OMC-017,KAA Aviation,GB54HVSS04902787429671,2025-06-04,128260,1
PAY-28988,INV-39179,OMC-003,Rubis Energy,GB04LOQO13315098393010,,131678,1
PAY-91376,INV-49701,OMC-002,Vivo Energy,GB45OQIR01845146270482,2026-03-07,152134,1
PAY-20094,INV-83238,OMC-007,Kobil,GB37IDDX82449353487401,2026-01-16,181905,1
PAY-35183,INV-35189,OMC-009,Dalbit Petroleum,GB53VXXX35615951484656,2025-05-10,25552,2
PAY-49405,INV-85717,OMC-013,Lake Oil,GB88TEHE71937452991241,2026-04-24,49013,1
PAY-53396,INV-55934,OMC-018,Uganda National Oil,GB36RNCH17127484677378,2026-05-19,13206,2
PAY-70749,INV-11374,OMC-018,Uganda National Oil,GB36RNCH17127484677378,2025-09-23,39654,1
PAY-60254,INV-32052,OMC-009,Dalbit Petroleum,GB53VXXX35615951484656,2026-09-18,25631,2
PAY-83959,INV-54291,OMC-010,Tamoil,GB34EABH79176936763201,2026-02-24,104536,1
PAY-36685,INV-67191,OMC-011,Hass Petroleum,GB56WGCN65876036690967,2026-01-03,236334,1
PAY-32813,INV-97688,OMC-016,KPA Marine,GB31MOOJ96499091334123,08/10/2025,13189,2
PAY-64178,INV-96686,OMC-017,KAA Aviation,GB54HVSS04902787429671,2025-07-05,131750,1
PAY-80251,INV-60191,OMC-014,Texol Energies,GB06ONXS45314737996507,2026-03-07,108982,1
PAY-29556,INV-76250,OMC-005,PetroOil Kenya,GB89GWUW86379402654235,2026-05-20,19891,1
PAY-44835,INV-10481,OMC-010,Tamoil,GB34EABH79176936763201,2026-03-11," KES 184,914 ",1
PAY-47996,INV-70278,OMC-017,KAA Aviation,GB54HVSS04902787429671,2026-06-03,189423,1
PAY-54881,INV-52704,OMC-006,Hashi Energy,GB05QCFC91361939909169,2025-08-08,15578,2
PAY-50214,INV-72751,OMC-005,PetroOil Kenya,GB89GWUW86379402654235,2026-04-07,123859,1
PAY-96267,INV-59991,OMC-011,Hass Petroleum,GB56WGCN65876036690967,04/07/2025,63195,2
PAY-29852,INV-64489,OMC-015,Mombasa Petroleum,GB80WOIJ43135182337498,2026-04-29," KES 237,945 ",1
PAY-65455,INV-62624,OMC-012,Galana Energies,GB89GWUW86379402654235,2026-03-20,84906,1
PAY-91018,INV-43574,OMC-004,Gulf Energy,GB89GWUW86379402654235,2026-06-20,211063,1
PAY-80587,INV-40778,OMC-019,Tanzania Petroleum,GB59MHYN05766270289517,2025-03-13,44119,1
PAY-92460,INV-80861,OMC-006,Hashi Energy,GB05QCFC91361939909169,2026-05-25,83090,2
PAY-81865,INV-58797,OMC-003,Rubis Energy,GB04LOQO13315098393010,2026-01-17,28602,2
PAY-67189,INV-77323,OMC-004,Gulf Energy,GB89GWUW86379402654235,2026-05-25,18707,2
PAY-70280,INV-77984,OMC-015,Mombasa Petroleum,GB80WOIJ43135182337498,2025-04-15,188425,1
PAY-84040,INV-90108,OMC-019,Tanzania Petroleum,GB59MHYN05766270289517,2025-07-08,90484,1
PAY-20791,INV-31381,OMC-001,TotalEnergies Kenya,GB06DMIO52553419283276,2026-03-24,106343,1
PAY-27559,INV-60579,OMC-008,National Oil,GB08NAFX56342160733754,2026-02-20,20296,1
PAY-79317,INV-51886,OMC-006,Hashi Energy,GB05QCFC91361939909169,2025-10-16,138020,1
PAY-71645,INV-90668,OMC-015,Mombasa Petroleum,GB80WOIJ43135182337498,2025-06-06,148004,1
PAY-84199,INV-18597,OMC-011,Hass Petroleum,GB56WGCN65876036690967,24/02/2026,30546,2
PAY-36448,INV-58243,OMC-012,Galana Energies,GB89GWUW86379402654235,2026-05-14,64685,1
PAY-68921,INV-50888,OMC-001,TotalEnergies Kenya,GB06DMIO52553419283276,2025-12-10,27916,2
PAY-17257,INV-84043,OMC-012,Galana Energies,GB89GWUW86379402654235,2026-04-11,58889,1
PAY-26652,INV-83678,OMC-001,TotalEnergies Kenya,GB06DMIO52553419283276,2026-03-04,31120,1
PAY-33545,INV-54839,OMC-020,Ethiopian Oil,GB14NSVZ22219693792374,2026-03-25,155491,1
PAY-46748,INV-13290,OMC-014,Texol Energies,GB06ONXS45314737996507,2025-04-29,18272,1
PAY-18449,INV-66318,OMC-012,Galana Energies,GB89GWUW86379402654235,2026-05-22,38171,1
PAY-13042,INV-11098,OMC-009,Dalbit Petroleum,GB53VXXX35615951484656,2025-08-02,79757,2
PAY-21632,INV-55795,OMC-014,Texol Energies,GB06ONXS45314737996507,2025-10-17,12290,1
PAY-25161,INV-15146,OMC-020,Ethiopian Oil,GB14NSVZ22219693792374,2026-06-10,270523,1
PAY-20399,INV-11471,OMC-010,Tamoil,GB34EABH79176936763201,2026-05-01,51299,2
PAY-75684,INV-52314,OMC-002,Vivo Energy,GB45OQIR01845146270482,2025-05-02,59013,1
PAY-16793,INV-18047,OMC-001,TotalEnergies Kenya,GB06DMIO52553419283276,2025-10-05,136053,1
PAY-60923,INV-34625,OMC-012,Galana Energies,GB89GWUW86379402654235,2026-06-07,11223,2
PAY-86879,INV-13144,OMC-019,Tanzania Petroleum,GB59MHYN05766270289517,2026-07-03,25458,1
PAY-61047,INV-70791,OMC-011,Hass Petroleum,GB56WGCN65876036690967,2026-02-09,101881,1
PAY-18697,INV-29895,OMC-011,Hass Petroleum,GB56WGCN65876036690967,2025-12-19,118583,1
PAY-24824,INV-55284,OMC-017,KAA Aviation,GB54HVSS04902787429671,2025-05-31,28135,1
PAY-14767,INV-69148,OMC-016,KPA Marine,GB31MOOJ96499091334123,2025-02-14,54437,1
PAY-23506,INV-43464,OMC-003,Rubis Energy,GB04LOQO13315098393010,2025-10-19,9643,2
PAY-19506,INV-82087,OMC-004,Gulf Energy,GB89GWUW86379402654235,2026-06-16,25245,1
PAY-22840,INV-43974,OMC-008,National Oil,GB08NAFX56342160733754,2025-03-10,139261,1
PAY-71707,INV-40464,OMC-013,Lake Oil,GB88TEHE71937452991241,2025-03-17,209001,1
PAY-14976,INV-76105,OMC-015,Mombasa Petroleum,GB80WOIJ43135182337498,2025-11-11,147130,1
PAY-65327,INV-26249,OMC-018,Uganda National Oil,GB36RNCH17127484677378,2026-03-15,119360,1
PAY-19495,INV-32619,OMC-017,KAA Aviation,GB54HVSS04902787429671,2025-06-11,53327,1
PAY-67528,INV-45328,OMC-007,Kobil,GB37IDDX82449353487401,2025-03-21,149075,1
PAY-47891,INV-57183,OMC-012,Galana Energies,GB89GWUW86379402654235,2026-06-13,14400,2
PAY-38550,INV-13489,OMC-016,KPA Marine,GB31MOOJ96499091334123,2025-10-24,203494,1
PAY-87573,INV-41606,OMC-009,Dalbit Petroleum,GB53VXXX35615951484656,2025-12-05,114832,1
PAY-15668,INV-87844,OMC-017,KAA Aviation,GB54HVSS04902787429671,2025-11-24,31606,1
PAY-16482,INV-99477,OMC-005,PetroOil Kenya,GB89GWUW86379402654235,2026-06-14,31980,1
PAY-74722,INV-93061,OMC-003,Rubis Energy,GB04LOQO13315098393010,2025-07-17,143896,1
PAY-18463,INV-84095,OMC-017,KAA Aviation,GB54HVSS04902787429671,2025-11-08,188630,1
PAY-21814,INV-38662,OMC-020,Ethiopian Oil,GB14NSVZ22219693792374,2025-04-03,13293,1
PAY-45286,INV-32582,OMC-003,Rubis Energy,GB04LOQO13315098393010,13/12/2025,45403,1
PAY-11235,INV-20750,OMC-006,Hashi Energy,GB05QCFC91361939909169,2025-11-08,140307,1
PAY-72507,INV-14687,OMC-012,Galana Energies,GB89GWUW86379402654235,2026-05-24,272278,1
PAY-45260,INV-23781,OMC-002,Vivo Energy,GB45OQIR01845146270482,2025-03-27,44639,1
PAY-13120,INV-75660,OMC-016,KPA Marine,GB31MOOJ96499091334123,2026-01-26,21928,2
PAY-11939,INV-92731,OMC-020,Ethiopian Oil,GB14NSVZ22219693792374,2025-03-31,109475,1
PAY-46517,INV-86739,OMC-010,Tamoil,GB34EABH79176936763201,2025-05-21,20695,2
PAY-34254,INV-38804,OMC-001,TotalEnergies Kenya,GB06DMIO52553419283276,2025-12-16,57510,1
PAY-66218,INV-43932,OMC-020,Ethiopian Oil,GB14NSVZ22219693792374,2025-07-21,170851,1
PAY-49826,INV-17698,OMC-008,National Oil,GB08NAFX56342160733754,2026-02-19,55754,1
PAY-22128,INV-87912,OMC-005,PetroOil Kenya,GB89GWUW86379402654235,2026-04-16,23620,2
PAY-95524,INV-12506,OMC-016,KPA Marine,GB31MOOJ96499091334123,2025-10-16,162105,1
PAY-91593,INV-76035,OMC-017,KAA Aviation,GB54HVSS04902787429671,2026-01-13,179561,1
PAY-85535,INV-37674,OMC-017,KAA Aviation,GB54HVSS04902787429671,2025-05-10,21390,1
PAY-79522,INV-50305,OMC-008,National Oil,GB08NAFX56342160733754,2026-06-06,85319,1
PAY-73420,INV-73117,OMC-006,Hashi Energy,GB05QCFC91361939909169,2026-06-10,17015,1
PAY-99518,INV-23650,OMC-007,Kobil,GB37IDDX82449353487401,2026-02-04," KES 256,321 ",1
PAY-91198,INV-41882,OMC-016,KPA Marine,GB31MOOJ96499091334123,2025-08-07,19789,1
PAY-89773,INV-49124,OMC-014,Texol Energies,GB06ONXS45314737996507,2025-08-05,9346,2
PAY-27861,INV-82329,OMC-014,Texol Energies,GB06ONXS45314737996507,2025-06-07,31791,1
PAY-67373,INV-47862,OMC-004,Gulf Energy,GB89GWUW86379402654235,2026-06-03,27048,1
PAY-21884,INV-15516,OMC-009,Dalbit Petroleum,GB53VXXX35615951484656,2026-01-22,137956,1
PAY-67916,INV-98403,OMC-018,Uganda National Oil,GB36RNCH17127484677378,2026-07-10,77408,1
PAY-45238,INV-37115,OMC-015,Mombasa Petroleum,GB80WOIJ43135182337498,2025-10-21,131604,1
PAY-78332,INV-82599,OMC-018,Uganda National Oil,GB36RNCH17127484677378,2026-03-10,187149,1
PAY-29028,INV-59342,OMC-003,Rubis Energy,GB04LOQO13315098393010,2025-06-20,21206,1
PAY-93297,INV-39600,OMC-019,Tanzania Petroleum,GB59MHYN05766270289517,2025-05-16,60992,1
PAY-96059,INV-69687,OMC-015,Mombasa Petroleum,GB80WOIJ43135182337498,2026-06-24,175233,1
PAY-72181,INV-39977,OMC-006,Hashi Energy,GB05QCFC91361939909169,2026-01-18,257268,1
PAY-69180,INV-77193,OMC-010,Tamoil,GB34EABH79176936763201,2026-04-02,63616,1
PAY-34329,INV-63095,OMC-020,Ethiopian Oil,GB14NSVZ22219693792374,2025-12-21,52035,1
PAY-90946,INV-44622,OMC-003,Rubis Energy,GB04LOQO13315098393010,2025-12-23,59379,2
PAY-38966,INV-57351,OMC-016,KPA Marine,GB31MOOJ96499091334123,2026-03-11,123044,1
PAY-54464,INV-57736,OMC-008,National Oil,GB08NAFX56342160733754,2025-09-24,40105,1
PAY-81127,INV-58326,OMC-014,Texol Energies,GB06ONXS45314737996507,2026-06-21,94886,1
PAY-72727,INV-93540,OMC-019,Tanzania Petroleum,GB59MHYN05766270289517,2025-07-05,55256,1
PAY-66348,INV-68168,OMC-015,Mombasa Petroleum,GB80WOIJ43135182337498,2025-05-15," KES 175,864 ",1
PAY-20787,INV-28117,OMC-006,Hashi Energy,GB05QCFC91361939909169,2026-03-19,252816,1
PAY-44166,INV-23273,OMC-002,Vivo Energy,GB45OQIR01845146270482,2026-03-06,156670,1
PAY-34796,INV-74018,OMC-010,Tamoil,GB34EABH79176936763201,2025-09-01," KES 198,307 ",1
PAY-68379,INV-18888,OMC-001,TotalEnergies Kenya,GB06DMIO52553419283276,21/03/2025,205356,1
PAY-28802,INV-33719,OMC-018,Uganda National Oil,GB36RNCH17127484677378,2025-11-01," KES 25,422 ",2
PAY-46681,INV-53804,OMC-005,PetroOil Kenya,GB89GWUW86379402654235,2026-05-04,86765,2
PAY-45986,INV-92785,OMC-016,KPA Marine,GB31MOOJ96499091334123,2025-03-31,17468,1
PAY-25181,INV-25685,OMC-008,National Oil,GB08NAFX56342160733754,2026-08-13,23013,1
PAY-13001,INV-47261,OMC-020,Ethiopian Oil,GB14NSVZ22219693792374,2025-08-13," KES 15,024 ",1
PAY-93441,INV-62987,OMC-014,Texol Energies,GB06ONXS45314737996507,2025-08-16,40032,1
PAY-54877,INV-24105,OMC-011,Hass Petroleum,GB56WGCN65876036690967,2025-05-03,24124,1
PAY-64578,INV-14084,OMC-017,KAA Aviation,GB54HVSS04902787429671,,127581,1
PAY-28723,INV-44978,OMC-007,Kobil,GB37IDDX82449353487401,2026-07-14,148348,1
PAY-98895,INV-25654,OMC-008,National Oil,GB08NAFX56342160733754,2026-01-06,181069,1
PAY-28516,INV-61695,OMC-006,Hashi Energy,GB05QCFC91361939909169,2025-04-20,108364,1
PAY-13478,INV-10942,OMC-018,Uganda National Oil,GB36RNCH17127484677378,2025-04-11,263428,1
PAY-42521,INV-43603,OMC-003,Rubis Energy,GB04LOQO13315098393010,2025-12-14,58518,1
PAY-63399,INV-25215,OMC-009,Dalbit Petroleum,GB53VXXX35615951484656,2026-04-18,179943,1
PAY-75728,INV-89539,OMC-007,Kobil,GB37IDDX82449353487401,2026-06-06," KES 209,168 ",1
PAY-96035,INV-42417,OMC-002,Vivo Energy,GB45OQIR01845146270482,2026-05-06,289314,1
PAY-92883,INV-40269,OMC-005,PetroOil Kenya,GB89GWUW86379402654235,2026-04-28,31547,1
PAY-57512,INV-89305,OMC-002,Vivo Energy,GB45OQIR01845146270482,2026-01-04,120117,1
PAY-37183,INV-87972,OMC-014,Texol Energies,GB06ONXS45314737996507,2025-12-17,31464,1
PAY-78642,INV-73840,OMC-006,Hashi Energy,GB05QCFC91361939909169,2025-09-27,257479,1
PAY-13223,INV-59415,OMC-007,Kobil,GB37IDDX82449353487401,2026-01-07,140087,1
PAY-29992,INV-35268,OMC-009,Dalbit Petroleum,GB53VXXX35615951484656,2025-05-10,79959,1
PAY-62983,INV-18427,OMC-008,National Oil,GB08NAFX56342160733754,2025-02-24,28835,1
PAY-34048,INV-69871,OMC-009,Dalbit Petroleum,GB53VXXX35615951484656,2025-03-03,150306,1
PAY-87740,INV-63677,OMC-001,TotalEnergies Kenya,GB06DMIO52553419283276,2026-03-06,42738,1
PAY-25949,INV-22655,OMC-004,Gulf Energy,GB89GWUW86379402654235,2026-06-22," KES 26,498 ",2
PAY-30392,INV-21728,OMC-011,Hass Petroleum,GB56WGCN65876036690967,2025-01-21,84878,1
PAY-85216,INV-94050,OMC-001,TotalEnergies Kenya,GB06DMIO52553419283276,10/04/2025,25776,1
PAY-82718,INV-72103,OMC-007,Kobil,GB37IDDX82449353487401,2026-03-04,31694,1
PAY-57601,INV-81901,OMC-003,Rubis Energy,GB04LOQO13315098393010,2025-09-25,38164,1
PAY-79936,INV-61908,OMC-017,KAA Aviation,GB54HVSS04902787429671,2026-04-28,86382,1
PAY-39690,INV-24426,OMC-018,Uganda National Oil,GB36RNCH17127484677378,2025-09-23,144635,1
PAY-52989,INV-13859,OMC-006,Hashi Energy,GB05QCFC91361939909169,2025-04-02,48252,1
PAY-21825,INV-50926,OMC-005,PetroOil Kenya,GB89GWUW86379402654235,2026-04-25,23761,1
PAY-65942,INV-79061,OMC-018,Uganda National Oil,GB36RNCH17127484677378,2025-12-18," KES 263,836 ",1
PAY-25926,INV-97504,OMC-015,Mombasa Petroleum,GB80WOIJ43135182337498,2025-09-15,150987,1
PAY-95543,INV-10888,OMC-014,Texol Energies,GB06ONXS45314737996507,2026-05-29,18287,2
PAY-51545,INV-99067,OMC-020,Ethiopian Oil,GB14NSVZ22219693792374,2025-12-07,120257,1
PAY-19345,INV-24951,OMC-015,Mombasa Petroleum,GB80WOIJ43135182337498,2025-11-21,127011,1
PAY-79977,INV-52550,OMC-011,Hass Petroleum,GB56WGCN65876036690967,2025-10-20,83558,1
PAY-68250,INV-38021,OMC-005,PetroOil Kenya,GB89GWUW86379402654235,2026-05-03,76324,1
PAY-17647,INV-18352,OMC-014,Texol Energies,GB06ONXS45314737996507,2026-04-05,46927,1
PAY-94493,INV-10797,OMC-008,National Oil,GB08NAFX56342160733754,2025-05-24,134119,1
PAY-38369,INV-83543,OMC-018,Uganda National Oil,GB36RNCH17127484677378,2025-02-28,43702,1
PAY-22068,INV-62556,OMC-012,Galana Energies,GB89GWUW86379402654235,2026-05-15,63770,1
PAY-71283,INV-45718,OMC-018,Uganda National Oil,GB36RNCH17127484677378,2026-03-25,167775,1
PAY-97611,INV-97705,OMC-004,Gulf Energy,GB89GWUW86379402654235,2026-03-27,33342,2
PAY-16234,INV-81278,OMC-004,Gulf Energy,GB89GWUW86379402654235,2026-05-05,189921,1
PAY-73247,INV-50593,OMC-020,Ethiopian Oil,GB14NSVZ22219693792374,2025-05-29," KES 14,075 ",2
PAY-58711,INV-32206,OMC-008,National Oil,GB08NAFX56342160733754,2025-11-11,261471,1
PAY-39818,INV-54508,OMC-002,Vivo Energy,GB45OQIR01845146270482,2025-06-12,289017,1
PAY-94472,INV-92388,OMC-015,Mombasa Petroleum,GB80WOIJ43135182337498,2025-06-04,33200,1
PAY-97782,INV-19269,OMC-009,Dalbit Petroleum,GB53VXXX35615951484656,2025-06-21,41126,1
PAY-51852,INV-74301,OMC-001,TotalEnergies Kenya,GB06DMIO52553419283276,2025-08-24," KES 23,239 ",1
PAY-79036,INV-94698,OMC-019,Tanzania Petroleum,GB59MHYN05766270289517,2025-08-01,285544,1
PAY-88832,INV-35158,OMC-008,National Oil,GB08NAFX56342160733754,2026-05-06,45493,1
PAY-47432,INV-51364,OMC-009,Dalbit Petroleum,GB53VXXX35615951484656,2026-04-24,9014,2
PAY-94490,INV-10939,OMC-009,Dalbit Petroleum,GB53VXXX35615951484656,2025-12-02,252975,1
PAY-97976,INV-79825,OMC-016,KPA Marine,GB31MOOJ96499091334123,2026-05-01,150783,1
PAY-29182,INV-97966,OMC-011,Hass Petroleum,GB56WGCN65876036690967,2025-11-04,130219,1
PAY-17776,INV-90854,OMC-004,Gulf Energy,GB89GWUW86379402654235,2026-04-01,58068,1
PAY-31471,INV-68970,OMC-016,KPA Marine,GB31MOOJ96499091334123,2026-08-17,75406,1
PAY-38941,INV-93316,OMC-017,KAA Aviation,GB54HVSS04902787429671,2026-08-01,174789,1
PAY-25109,INV-10978,OMC-015,Mombasa Petroleum,GB80WOIJ43135182337498,2025-03-14,37783,1
PAY-51379,INV-62659,OMC-011,Hass Petroleum,GB56WGCN65876036690967,14/07/2025,143095,1
PAY-67927,INV-89394,OMC-013,Lake Oil,GB88TEHE71937452991241,2025-10-25,143007,1
PAY-43330,INV-64531,OMC-014,Texol Energies,GB06ONXS45314737996507,2026-04-23,150310,1
PAY-33937,INV-49537,OMC-001,TotalEnergies Kenya,GB06DMIO52553419283276,,35828,1
PAY-52284,INV-71042,OMC-007,Kobil,GB37IDDX82449353487401,2026-04-06,155819,1
PAY-84122,INV-14003,OMC-001,TotalEnergies Kenya,GB06DMIO52553419283276,2025-05-09,17010,2
PAY-25146,INV-14357,OMC-009,Dalbit Petroleum,GB53VXXX35615951484656,2025-05-18,201878,1
PAY-62122,INV-88232,OMC-019,Tanzania Petroleum,GB59MHYN05766270289517,2025-09-27,157802,1
PAY-16731,INV-83786,OMC-016,KPA Marine,GB31MOOJ96499091334123,2026-01-18," KES 120,899 ",1
PAY-22797,INV-23237,OMC-010,Tamoil,GB34EABH79176936763201,2025-02-28,171052,1
PAY-14820,INV-10659,OMC-008,National Oil,GB08NAFX56342160733754,2025-10-03,179352,1
PAY-47981,INV-61405,OMC-003,Rubis Energy,GB04LOQO13315098393010,2025-04-09,25726,1
PAY-28275,INV-21909,OMC-009,Dalbit Petroleum,GB53VXXX35615951484656,2026-07-20,39462,1
PAY-87691,INV-88599,OMC-004,Gulf Energy,GB89GWUW86379402654235,2026-05-31,130765,1
PAY-89062,INV-24054,OMC-007,Kobil,GB37IDDX82449353487401,2025-10-06,43353,1
PAY-49883,INV-65001,OMC-014,Texol Energies,GB06ONXS45314737996507,2025-06-06,42227,1
PAY-54797,INV-72153,OMC-003,Rubis Energy,GB04LOQO13315098393010,2025-03-01,57727,1
PAY-39927,INV-19397,OMC-008,National Oil,GB08NAFX56342160733754,2025-04-02,31707,1
PAY-17761,INV-94842,OMC-009,Dalbit Petroleum,GB53VXXX35615951484656,2026-05-07,207545,1
PAY-58787,INV-12595,OMC-007,Kobil,GB37IDDX82449353487401,2025-08-04,202594,1
PAY-62840,INV-37177,OMC-020,Ethiopian Oil,GB14NSVZ22219693792374,2026-05-17,110029,1
PAY-28271,INV-82886,OMC-020,Ethiopian Oil,GB14NSVZ22219693792374,06/08/2025,38278,1
PAY-92369,INV-43005,OMC-016,KPA Marine,GB31MOOJ96499091334123,2025-04-22,204095,1
PAY-97921,INV-40922,OMC-014,Texol Energies,GB06ONXS45314737996507,2026-06-04,18218,1
PAY-19856,INV-80743,OMC-012,Galana Energies,GB89GWUW86379402654235,2026-04-01,15006,1
PAY-35004,INV-11295,OMC-005,PetroOil Kenya,GB89GWUW86379402654235,2026-03-03,37021,1
PAY-58958,INV-68804,OMC-005,PetroOil Kenya,GB89GWUW86379402654235,2026-04-05,20256,1
PAY-12838,INV-70484,OMC-001,TotalEnergies Kenya,GB06DMIO52553419283276,2025-12-31,252479,1
PAY-36103,INV-91146,OMC-002,Vivo Energy,GB45OQIR01845146270482,2026-08-20," KES 140,574 ",1
PAY-17039,INV-19000,OMC-007,Kobil,GB37IDDX82449353487401,2025-11-27,29580,1
PAY-34871,INV-95759,OMC-020,Ethiopian Oil,GB14NSVZ22219693792374,2026-06-06,244026,1
PAY-86003,INV-92077,OMC-010,Tamoil,GB34EABH79176936763201,2026-05-05,240465,1
PAY-63460,INV-13612,OMC-013,Lake Oil,GB88TEHE71937452991241,2025-04-01," KES 161,272 ",1
PAY-21683,INV-65122,OMC-014,Texol Energies,GB06ONXS45314737996507,2025-07-17,110180,1
PAY-95326,INV-61017,OMC-002,Vivo Energy,GB45OQIR01845146270482,2026-01-13,22735,2
PAY-43521,INV-43420,OMC-005,PetroOil Kenya,GB89GWUW86379402654235,2026-06-02,43863,2
PAY-49716,INV-60311,OMC-010,Tamoil,GB34EABH79176936763201,2026-06-01,26474,1
PAY-79204,INV-35902,OMC-016,KPA Marine,GB31MOOJ96499091334123,2025-06-12,20618,1
PAY-83949,INV-97271,OMC-019,Tanzania Petroleum,GB59MHYN05766270289517,2026-01-31,207261,1
PAY-62390,INV-94949,OMC-014,Texol Energies,GB06ONXS45314737996507,,89338,1
PAY-69111,INV-18597,OMC-011,Hass Petroleum,GB56WGCN65876036690967,2026-01-29,47690,1
PAY-48157,INV-88473,OMC-007,Kobil,GB37IDDX82449353487401,2025-07-02,164940,1
PAY-94875,INV-37405,OMC-017,KAA Aviation,GB54HVSS04902787429671,2026-03-27,130221,1
PAY-78865,INV-99551,OMC-005,PetroOil Kenya,GB89GWUW86379402654235,2026-06-09,23647,2
PAY-90523,INV-24545,OMC-015,Mombasa Petroleum,GB80WOIJ43135182337498,2025-09-23,201608,1
PAY-51042,INV-67140,OMC-017,KAA Aviation,GB54HVSS04902787429671,2026-01-06,187468,1
PAY-20703,INV-93660,OMC-004,Gulf Energy,GB89GWUW86379402654235,12/04/2026,94110,1
PAY-33943,INV-13337,OMC-003,Rubis Energy,GB04LOQO13315098393010,2025-07-11,35354,1
PAY-18733,INV-60795,OMC-013,Lake Oil,GB88TEHE71937452991241,2025-12-04,112435,1
PAY-74326,INV-19673,OMC-007,Kobil,GB37IDDX82449353487401,2025-07-28,126323,1
PAY-71109,INV-40650,OMC-020,Ethiopian Oil,GB14NSVZ22219693792374,2025-09-16,242392,1
PAY-73214,INV-67461,OMC-011,Hass Petroleum,GB56WGCN65876036690967,2026-02-20,41292,1
PAY-91276,INV-36670,OMC-005,PetroOil Kenya,GB89GWUW86379402654235,,24195,1
PAY-77035,INV-83172,OMC-018,Uganda National Oil,GB36RNCH17127484677378,2026-07-02,70769,1
PAY-94304,INV-68234,OMC-012,Galana Energies,GB89GWUW86379402654235,2026-05-04,57369,1
PAY-72063,INV-22349,OMC-008,National Oil,GB08NAFX56342160733754,2025-12-05,141870,1
PAY-60466,INV-76805,OMC-014,Texol Energies,GB06ONXS45314737996507,2025-07-06,250292,1
PAY-78688,INV-54625,OMC-016,KPA Marine,GB31MOOJ96499091334123,2026-04-10,110676,1
PAY-65126,INV-36172,OMC-007,Kobil,GB37IDDX82449353487401,2025-06-12,134167,1
PAY-24373,INV-79275,OMC-006,Hashi Energy,GB05QCFC91361939909169,2026-02-26,36849,1
PAY-36597,INV-59600,OMC-006,Hashi Energy,GB05QCFC91361939909169,2025-11-16,270641,1
PAY-48649,INV-55464,OMC-004,Gulf Energy,GB89GWUW86379402654235,2026-03-19,33324,1
PAY-51735,INV-49345,OMC-003,Rubis Energy,GB04LOQO13315098393010,2025-05-03,208444,1
PAY-58478,INV-93983,OMC-005,PetroOil Kenya,GB89GWUW86379402654235,2026-03-25,213796,1
PAY-48486,INV-11937,OMC-017,KAA Aviation,GB54HVSS04902787429671,2025-05-29,198607,1
PAY-90408,INV-31623,OMC-020,Ethiopian Oil,GB14NSVZ22219693792374,2025-11-14,88232,1
PAY-88598,INV-14086,OMC-017,KAA Aviation,GB54HVSS04902787429671,2025-04-21,235341,1
PAY-31373,INV-11275,OMC-014,Texol Energies,GB06ONXS45314737996507,2026-02-14,178010,1
PAY-67747,INV-26239,OMC-012,Galana Energies,GB89GWUW86379402654235,2026-04-01,72960,1
PAY-47486,INV-97430,OMC-001,TotalEnergies Kenya,GB06DMIO52553419283276,2025-03-08,266809,1
PAY-63776,INV-87818,OMC-018,Uganda National Oil,GB36RNCH17127484677378,2025-04-19,28220,1
PAY-46196,INV-75498,OMC-016,KPA Marine,GB31MOOJ96499091334123,2026-04-03,225488,1
PAY-94726,INV-10753,OMC-003,Rubis Energy,GB04LOQO13315098393010,2026-06-25,55897,1
PAY-41264,INV-60911,OMC-019,Tanzania Petroleum,GB59MHYN05766270289517,2025-08-31,95396,1
PAY-60425,INV-25777,OMC-016,KPA Marine,GB31MOOJ96499091334123,2025-03-12,23714,2
PAY-78310,INV-27207,OMC-013,Lake Oil,GB88TEHE71937452991241,2025-06-20,130961,1
PAY-45205,INV-80451,OMC-020,Ethiopian Oil,GB14NSVZ22219693792374,2025-05-22,137873,1
PAY-23172,INV-32289,OMC-016,KPA Marine,GB31MOOJ96499091334123,2025-05-21,52736,2
PAY-30251,INV-71143,OMC-010,Tamoil,GB34EABH79176936763201,2025-09-20,185531,1
PAY-11592,INV-52763,OMC-005,PetroOil Kenya,GB89GWUW86379402654235,2026-03-20,126155,1
PAY-50251,INV-31435,OMC-003,Rubis Energy,GB04LOQO13315098393010,2025-07-29,60479,1
PAY-84832,INV-19771,OMC-011,Hass Petroleum,GB56WGCN65876036690967,2025-06-22,239069,1
PAY-28802,INV-33719,OMC-018,Uganda National Oil,GB36RNCH17127484677378,2025-11-01,25422,2
PAY-64560,INV-57398,OMC-008,National Oil,GB08NAFX56342160733754,2026-06-15,193293,1
PAY-46638,INV-93850,OMC-006,Hashi Energy,GB05QCFC91361939909169,29/07/2025,54218,1
PAY-36215,INV-62017,OMC-008,National Oil,GB08NAFX56342160733754,2025-08-31,192868,1
PAY-85008,INV-27139,OMC-019,Tanzania Petroleum,GB59MHYN05766270289517,2025-10-15,106284,1
PAY-42586,INV-34332,OMC-006,Hashi Energy,GB05QCFC91361939909169,2026-01-08,62618,2
PAY-18746,INV-12769,OMC-011,Hass Petroleum,GB56WGCN65876036690967,2026-04-01,221922,1
PAY-82721,INV-11056,OMC-011,Hass Petroleum,GB56WGCN65876036690967,2025-10-18,133697,1
PAY-28150,INV-34162,OMC-019,Tanzania Petroleum,GB59MHYN05766270289517,2026-02-14,66025,1
PAY-89162,INV-75802,OMC-010,Tamoil,GB34EABH79176936763201,2025-05-06,108509,1
PAY-92516,INV-63753,OMC-019,Tanzania Petroleum,GB59MHYN05766270289517,2025-11-28,6746,2
PAY-40235,INV-62191,OMC-009,Dalbit Petroleum,GB53VXXX35615951484656,2025-04-29,29618,1
PAY-36057,INV-79846,OMC-005,PetroOil Kenya,GB89GWUW86379402654235,2026-06-15,41444,2
PAY-71888,INV-91560,OMC-001,TotalEnergies Kenya,GB06DMIO52553419283276,2026-05-23,265086,1
PAY-63336,INV-78669,OMC-001,TotalEnergies Kenya,GB06DMIO52553419283276,,70201,1
PAY-90270,INV-49410,OMC-008,National Oil,GB08NAFX56342160733754,2025-04-25,49192,1
PAY-17957,INV-61508,OMC-010,Tamoil,GB34EABH79176936763201,2025-08-04,197132,1
PAY-97122,INV-65336,OMC-010,Tamoil,GB34EABH79176936763201,2025-08-19,53507,1
PAY-53876,INV-15169,OMC-009,Dalbit Petroleum,GB53VXXX35615951484656,2025-03-24,50994,1
PAY-50231,INV-52220,OMC-003,Rubis Energy,GB04LOQO13315098393010,2025-12-09,13481,2
PAY-24060,INV-17165,OMC-016,KPA Marine,GB31MOOJ96499091334123,2026-02-07,46584,1
PAY-44103,INV-76552,OMC-018,Uganda National Oil,GB36RNCH17127484677378,2026-03-28,153590,1
PAY-94150,INV-91967,OMC-012,Galana Energies,GB89GWUW86379402654235,2026-05-31,60097,2
PAY-44598,INV-74617,OMC-003,Rubis Energy,GB04LOQO13315098393010,2026-02-02,162768,1
PAY-34461,INV-98684,OMC-001,TotalEnergies Kenya,GB06DMIO52553419283276,2026-02-03,103667,1
PAY-26224,INV-65844,OMC-010,Tamoil,GB34EABH79176936763201,22/07/2026,145625,1
PAY-23871,INV-54513,OMC-003,Rubis Energy,GB04LOQO13315098393010,2025-04-16,213096,1
PAY-49483,INV-26148,OMC-006,Hashi Energy,GB05QCFC91361939909169,2025-06-28,141448,1
PAY-45479,INV-26080,OMC-019,Tanzania Petroleum,GB59MHYN05766270289517,2025-02-08,152348,1
PAY-50600,INV-62193,OMC-018,Uganda National Oil,GB36RNCH17127484677378,2026-02-04,37405,1
PAY-70009,INV-32280,OMC-008,National Oil,GB08NAFX56342160733754,2026-08-12,34985,1
PAY-21823,INV-94503,OMC-002,Vivo Energy,GB45OQIR01845146270482,2026-06-21,50386,1
PAY-72794,INV-49653,OMC-003,Rubis Energy,GB04LOQO13315098393010,29/01/2026,111108,1
PAY-81615,INV-22860,OMC-007,Kobil,GB37IDDX82449353487401,01/05/2025,236179,1
PAY-84204,INV-40980,OMC-003,Rubis Energy,GB04LOQO13315098393010,2025-04-17," KES 29,195 ",1
PAY-49458,INV-79694,OMC-001,TotalEnergies Kenya,GB06DMIO52553419283276,2025-06-23,244144,1
PAY-92176,INV-80808,OMC-015,Mombasa Petroleum,GB80WOIJ43135182337498,2026-02-17,123934,1
PAY-48152,INV-34832,OMC-003,Rubis Energy,GB04LOQO13315098393010,2025-10-22,50037,1
PAY-86072,INV-76480,OMC-019,Tanzania Petroleum,GB59MHYN05766270289517,2026-04-16,191398,1
PAY-85566,INV-59543,OMC-018,Uganda National Oil,GB36RNCH17127484677378,2025-08-12,262555,1
PAY-14989,INV-85709,OMC-019,Tanzania Petroleum,GB59MHYN05766270289517,2026-07-14,42039,2
PAY-33270,INV-16989,OMC-002,Vivo Energy,GB45OQIR01845146270482,2026-03-28,243829,1
PAY-22097,INV-71078,OMC-018,Uganda National Oil,GB36RNCH17127484677378,11/02/2025,23210,1
PAY-98352,INV-11971,OMC-012,Galana Energies,GB89GWUW86379402654235,2026-06-23,94598,2
PAY-83675,INV-39176,OMC-006,Hashi Energy,GB05QCFC91361939909169,2025-08-09,189300,1
PAY-52952,INV-78277,OMC-017,KAA Aviation,GB54HVSS04902787429671,2025-11-06,194585,1
PAY-98205,INV-85194,OMC-005,PetroOil Kenya,GB89GWUW86379402654235,2026-04-13,22015,1
PAY-65962,INV-57977,OMC-011,Hass Petroleum,GB56WGCN65876036690967,2025-07-07,82081,1
PAY-23962,INV-24083,OMC-001,TotalEnergies Kenya,GB06DMIO52553419283276,2025-04-08,215002,1
PAY-30383,INV-29475,OMC-013,Lake Oil,GB88TEHE71937452991241,31/10/2025,26857,1
PAY-72980,INV-66701,OMC-015,Mombasa Petroleum,GB80WOIJ43135182337498,2026-05-04,35830,1
PAY-42117,INV-37988,OMC-008,National Oil,GB08NAFX56342160733754,2026-05-11,132253,1
PAY-48592,INV-14742,OMC-012,Galana Energies,GB89GWUW86379402654235,2026-07-05,128480,2
PAY-53737,INV-77351,OMC-010,Tamoil,GB34EABH79176936763201,2025-07-09,165027,1
PAY-43735,INV-12198,OMC-013,Lake Oil,GB88TEHE71937452991241,2025-08-07,234726,1
PAY-15703,INV-48591,OMC-008,National Oil,GB08NAFX56342160733754,2026-01-06,33413,2
PAY-86341,INV-39720,OMC-006,Hashi Energy,GB05QCFC91361939909169,2026-07-25,101263,1
PAY-65070,INV-55931,OMC-004,Gulf Energy,GB89GWUW86379402654235,2026-04-26,55705,1
PAY-61316,INV-78669,OMC-001,TotalEnergies Kenya,GB06DMIO52553419283276,2025-02-19,22271,2
PAY-30826,INV-85367,OMC-007,Kobil,GB37IDDX82449353487401,2025-11-11,16697,2
PAY-84907,INV-18596,OMC-003,Rubis Energy,GB04LOQO13315098393010,2025-07-17,27475,2
PAY-15990,INV-77994,OMC-010,Tamoil,GB34EABH79176936763201,2025-07-08,13449,2
PAY-55004,INV-69286,OMC-016,KPA Marine,GB31MOOJ96499091334123,2025-11-20,19438,1
PAY-21357,INV-26413,OMC-013,Lake Oil,GB88TEHE71937452991241,2026-02-12,266905,1
PAY-33060,INV-83684,OMC-019,Tanzania Petroleum,GB59MHYN05766270289517,2026-07-21,18591,1
PAY-78786,INV-12732,OMC-014,Texol Energies,GB06ONXS45314737996507,2025-08-08,290521,1
PAY-20809,INV-18819,OMC-007,Kobil,GB37IDDX82449353487401,2026-06-28,24828,1
PAY-56848,INV-96472,OMC-007,Kobil,GB37IDDX82449353487401,2025-09-10,119752,1
PAY-94214,INV-33311,OMC-009,Dalbit Petroleum,GB53VXXX35615951484656,2025-04-23,48397,1
PAY-79971,INV-53427,OMC-008,National Oil,GB08NAFX56342160733754,2026-02-25,123063,1
PAY-95912,INV-16268,OMC-004,Gulf Energy,GB89GWUW86379402654235,2026-06-26,64866,2
PAY-94530,INV-36597,OMC-006,Hashi Energy,GB05QCFC91361939909169,2025-08-07,197318,1
PAY-25545,INV-97030,OMC-011,Hass Petroleum,GB56WGCN65876036690967,2025-12-10,262097,1
PAY-64071,INV-71398,OMC-003,Rubis Energy,GB04LOQO13315098393010,2026-06-23,121450,1
PAY-97157,INV-90316,OMC-004,Gulf Energy,GB89GWUW86379402654235,2026-06-14,89003,1
PAY-45460,INV-38186,OMC-020,Ethiopian Oil,GB14NSVZ22219693792374,2025-10-29,87683,2
PAY-57861,INV-85294,OMC-009,Dalbit Petroleum,GB53VXXX35615951484656,2025-03-24,40456,1
PAY-56864,INV-14222,OMC-009,Dalbit Petroleum,GB53VXXX35615951484656,2025-03-07,55146,2
PAY-17098,INV-21560,OMC-014,Texol Energies,GB06ONXS45314737996507,2026-05-11,13693,2
PAY-44051,INV-32043,OMC-008,National Oil,GB08NAFX56342160733754,2025-06-06,128115,1
PAY-60619,INV-22794,OMC-010,Tamoil,GB34EABH79176936763201,2025-12-17,55968,1
PAY-33926,INV-58967,OMC-009,Dalbit Petroleum,GB53VXXX35615951484656,2025-08-17,45991,1
PAY-69363,INV-59245,OMC-003,Rubis Energy,GB04LOQO13315098393010,2026-02-20,40775,1
PAY-23802,INV-82664,OMC-015,Mombasa Petroleum,GB80WOIJ43135182337498,2025-09-13," KES 52,446 ",1
PAY-47674,INV-75953,OMC-007,Kobil,GB37IDDX82449353487401,2026-06-07,225653,1
PAY-81099,INV-42443,OMC-020,Ethiopian Oil,GB14NSVZ22219693792374,2026-02-23,48425,1
PAY-46110,INV-79897,OMC-016,KPA Marine,GB31MOOJ96499091334123,2026-03-14,39681,1
PAY-65341,INV-60861,OMC-004,Gulf Energy,GB89GWUW86379402654235,2026-04-05,21474,2
PAY-95611,INV-13142,OMC-007,Kobil,GB37IDDX82449353487401,2025-05-22,247895,1
PAY-22632,INV-43059,OMC-017,KAA Aviation,GB54HVSS04902787429671,2026-07-23,39383,1
PAY-77440,INV-23474,OMC-007,Kobil,GB37IDDX82449353487401,2026-07-04,110179,1
PAY-42252,INV-14710,OMC-010,Tamoil,GB34EABH79176936763201,2025-08-04,70879,1
PAY-71893,INV-60438,OMC-008,National Oil,GB08NAFX56342160733754,2025-12-25,169077,1
PAY-89014,INV-67951,OMC-001,TotalEnergies Kenya,GB06DMIO52553419283276,2026-04-23,116566,1
PAY-45791,INV-14688,OMC-010,Tamoil,GB34EABH79176936763201,2025-07-01,102146,1
PAY-55090,INV-79031,OMC-007,Kobil,GB37IDDX82449353487401,2026-01-01,53679,1
PAY-77159,INV-53774,OMC-004,Gulf Energy,GB89GWUW86379402654235,2026-05-04,25737,2
PAY-47112,INV-37287,OMC-015,Mombasa Petroleum,GB80WOIJ43135182337498,2025-08-23,21819,1
PAY-87609,INV-15961,OMC-003,Rubis Energy,GB04LOQO13315098393010,2025-05-08,60016,1
PAY-72720,INV-70943,OMC-004,Gulf Energy,GB89GWUW86379402654235,2026-04-18,164653,1
PAY-49147,INV-59645,OMC-002,Vivo Energy,GB45OQIR01845146270482,2026-07-13,58129,1
PAY-78390,INV-83004,OMC-011,Hass Petroleum,GB56WGCN65876036690967,2026-05-24,63589,1
PAY-50052,INV-77149,OMC-018,Uganda National Oil,GB36RNCH17127484677378,2025-03-16,21976,1
PAY-54340,INV-95218,OMC-020,Ethiopian Oil,GB14NSVZ22219693792374,2025-09-26,77631,1
PAY-98301,INV-97151,OMC-012,Galana Energies,GB89GWUW86379402654235,2026-04-28,9629,2
PAY-47473,INV-36115,OMC-001,TotalEnergies Kenya,GB06DMIO52553419283276,2026-01-14,28083,1
PAY-81952,INV-41695,OMC-011,Hass Petroleum,GB56WGCN65876036690967,2025-03-10,118313,1
PAY-11347,INV-42419,OMC-006,Hashi Energy,GB05QCFC91361939909169,2025-05-07,111506,1
PAY-76949,INV-12502,OMC-016,KPA Marine,GB31MOOJ96499091334123,2026-01-25,58159,1
PAY-96953,INV-69261,OMC-001,TotalEnergies Kenya,GB06DMIO52553419283276,2026-04-08,18370,2
PAY-13072,INV-56262,OMC-018,Uganda National Oil,GB36RNCH17127484677378,2026-01-04,36447,1
PAY-65645,INV-82512,OMC-003,Rubis Energy,GB04LOQO13315098393010,2026-02-08,27566,2
PAY-83712,INV-12048,OMC-005,PetroOil Kenya,GB89GWUW86379402654235,2026-05-24,17640,2
PAY-16287,INV-79790,OMC-009,Dalbit Petroleum,GB53VXXX35615951484656,2026-02-04,163212,1
PAY-15094,INV-53527,OMC-005,PetroOil Kenya,GB89GWUW86379402654235,2026-03-11,23773,2
PAY-28676,INV-41690,OMC-001,TotalEnergies Kenya,GB06DMIO52553419283276,2026-08-08,65570,2
PAY-57216,INV-10608,OMC-011,Hass Petroleum,GB56WGCN65876036690967,2025-09-14,43654,2
PAY-37847,INV-98665,OMC-004,Gulf Energy,GB89GWUW86379402654235,17/06/2026,25938,1
PAY-38436,INV-48558,OMC-009,Dalbit Petroleum,GB53VXXX35615951484656,2026-07-15,24290,1
PAY-39767,INV-22130,OMC-014,Texol Energies,GB06ONXS45314737996507,2026-02-02,31504,1
PAY-66239,INV-44059,OMC-018,Uganda National Oil,GB36RNCH17127484677378,2025-08-10,260108,1
PAY-82098,INV-60436,OMC-017,KAA Aviation,GB54HVSS04902787429671,2025-03-24," KES 39,154 ",1
PAY-49759,INV-28973,OMC-017,KAA Aviation,GB54HVSS04902787429671,2025-06-11,53386,1
PAY-83797,INV-52026,OMC-017,KAA Aviation,GB54HVSS04902787429671,2026-05-29,190947,1
PAY-47247,INV-25292,OMC-003,Rubis Energy,GB04LOQO13315098393010,2026-03-31,73931,2
PAY-73339,INV-20455,OMC-015,Mombasa Petroleum,GB80WOIJ43135182337498,2025-07-02,61742,1
PAY-17631,INV-78069,OMC-007,Kobil,GB37IDDX82449353487401,2026-01-13,195858,1
PAY-23931,INV-14541,OMC-006,Hashi Energy,GB05QCFC91361939909169,2026-08-05,33616,1
PAY-98191,INV-79924,OMC-019,Tanzania Petroleum,GB59MHYN05766270289517,2025-02-13,5622,2
PAY-18077,INV-69610,OMC-003,Rubis Energy,GB04LOQO13315098393010,2026-04-27,229459,1
PAY-88985,INV-86500,OMC-007,Kobil,GB37IDDX82449353487401,2025-08-30,43292,1
PAY-83629,INV-65680,OMC-001,TotalEnergies Kenya,GB06DMIO52553419283276,26/04/2025,26776,1
PAY-13059,INV-12036,OMC-003,Rubis Energy,GB04LOQO13315098393010,2025-05-03,195418,1
PAY-14475,INV-34572,OMC-017,KAA Aviation,GB54HVSS04902787429671,2025-03-04,22539,1
PAY-40420,INV-70911,OMC-011,Hass Petroleum,GB56WGCN65876036690967,2025-02-03,49085,1
PAY-98616,INV-50099,OMC-001,TotalEnergies Kenya,GB06DMIO52553419283276,2025-09-03,268906,1
PAY-65901,INV-84274,OMC-018,Uganda National Oil,GB36RNCH17127484677378,,39964,2
PAY-36839,INV-66521,OMC-017,KAA Aviation,GB54HVSS04902787429671,2025-12-28,201341,1
PAY-51446,INV-40692,OMC-020,Ethiopian Oil,GB14NSVZ22219693792374,2025-09-01,166930,1
PAY-44209,INV-40305,OMC-016,KPA Marine,GB31MOOJ96499091334123,23/01/2026,172681,1
PAY-72739,INV-75075,OMC-005,PetroOil Kenya,GB89GWUW86379402654235,2026-03-23,174729,1
PAY-48236,INV-84065,OMC-019,Tanzania Petroleum,GB59MHYN05766270289517,22/09/2025," KES 55,407 ",2
PAY-37161,INV-65684,OMC-011,Hass Petroleum,GB56WGCN65876036690967,2025-09-06,206214,1
PAY-55142,INV-99459,OMC-005,PetroOil Kenya,GB89GWUW86379402654235,2026-04-27,160133,1
PAY-74180,INV-48621,OMC-020,Ethiopian Oil,GB14NSVZ22219693792374,2026-06-05,209853,1
PAY-77017,INV-12960,OMC-020,Ethiopian Oil,GB14NSVZ22219693792374,2025-03-07,213059,1
PAY-53146,INV-49266,OMC-012,Galana Energies,GB89GWUW86379402654235,2026-06-08,54636,1
PAY-73928,INV-49323,OMC-013,Lake Oil,GB88TEHE71937452991241,2025-05-16,33261,1
PAY-70012,INV-50384,OMC-008,National Oil,GB08NAFX56342160733754,14/08/2025,50261,1
PAY-61904,INV-10741,OMC-003,Rubis Energy,GB04LOQO13315098393010,2026-07-13,23636,1
PAY-23151,INV-10850,OMC-006,Hashi Energy,GB05QCFC91361939909169,2026-01-26,44118,1
PAY-85545,INV-76978,OMC-020,Ethiopian Oil,GB14NSVZ22219693792374,2026-01-14,129533,1
PAY-37466,INV-55900,OMC-001,TotalEnergies Kenya,GB06DMIO52553419283276,2025-02-26,20570,2
PAY-32567,INV-42938,OMC-005,PetroOil Kenya,GB89GWUW86379402654235,2026-05-23,18360,1
PAY-58663,INV-77506,OMC-009,Dalbit Petroleum,GB53VXXX35615951484656,2025-11-07,138920,1
PAY-18095,INV-55893,OMC-008,National Oil,GB08NAFX56342160733754,2026-07-11," KES 32,737 ",1
PAY-94455,INV-62134,OMC-015,Mombasa Petroleum,GB80WOIJ43135182337498,2025-05-03,193728,1
PAY-82725,INV-17162,OMC-008,National Oil,GB08NAFX56342160733754,2026-02-03,152077,1
PAY-94859,INV-49592,OMC-012,Galana Energies,GB89GWUW86379402654235,2026-06-12,20835,2
PAY-69572,INV-62588,OMC-017,KAA Aviation,GB54HVSS04902787429671,2025-12-19,212053,1
PAY-23526,INV-38741,OMC-013,Lake Oil,GB88TEHE71937452991241,2025-09-19,41389,1
PAY-73478,INV-13503,OMC-020,Ethiopian Oil,GB14NSVZ22219693792374,2025-04-29,25614,1
PAY-95268,INV-86524,OMC-009,Dalbit Petroleum,GB53VXXX35615951484656,2026-04-27," KES 172,842 ",1
PAY-22766,INV-14635,OMC-010,Tamoil,GB34EABH79176936763201,2025-07-18,159368,1
PAY-75198,INV-53655,OMC-003,Rubis Energy,GB04LOQO13315098393010,2025-04-02,177409,1
PAY-78491,INV-80137,OMC-010,Tamoil,GB34EABH79176936763201,2025-03-27,158598,1
PAY-39840,INV-92797,OMC-002,Vivo Energy,GB45OQIR01845146270482,2026-02-10,158542,1
PAY-66475,INV-85572,OMC-005,PetroOil Kenya,GB89GWUW86379402654235,2026-05-30,31443,1
PAY-90407,INV-97688,OMC-016,KPA Marine,GB31MOOJ96499091334123,2025-09-17,25446,1
PAY-25026,INV-37426,OMC-016,KPA Marine,GB31MOOJ96499091334123,2025-08-15,27171,1
PAY-33193,INV-78267,OMC-002,Vivo Energy,GB45OQIR01845146270482,2025-12-21,175162,1
PAY-45385,INV-68265,OMC-007,Kobil,GB37IDDX82449353487401,2026-08-19,141859,1
PAY-15893,INV-75994,OMC-020,Ethiopian Oil,GB14NSVZ22219693792374,2026-04-20,115241,1
PAY-33489,INV-84212,OMC-012,Galana Energies,GB89GWUW86379402654235,2026-03-08,219260,1
PAY-73994,INV-53018,OMC-018,Uganda National Oil,GB36RNCH17127484677378,2026-04-22,59724,1
PAY-59498,INV-27998,OMC-010,Tamoil,GB34EABH79176936763201,2026-05-08,44384,2
PAY-72620,INV-34783,OMC-011,Hass Petroleum,GB56WGCN65876036690967,2025-03-27,183689,1
PAY-59010,INV-43519,OMC-002,Vivo Energy,GB45OQIR01845146270482,2026-08-11,245763,1
PAY-86772,INV-99694,OMC-011,Hass Petroleum,GB56WGCN65876036690967,2025-11-10,220750,1
PAY-57712,INV-74864,OMC-003,Rubis Energy,GB04LOQO13315098393010,2025-05-14,42142,1
PAY-77929,INV-11101,OMC-006,Hashi Energy,GB05QCFC91361939909169,2025-03-31,155891,1
PAY-16865,INV-68378,OMC-005,PetroOil Kenya,GB89GWUW86379402654235,2026-05-24,32514,1
PAY-98756,INV-92226,OMC-009,Dalbit Petroleum,GB53VXXX35615951484656,2025-08-31,25645,1
PAY-21120,INV-79202,OMC-019,Tanzania Petroleum,GB59MHYN05766270289517,2025-05-02,136558,1
PAY-86325,INV-42571,OMC-017,KAA Aviation,GB54HVSS04902787429671,2026-08-19,62621,1
PAY-45933,INV-28215,OMC-015,Mombasa Petroleum,GB80WOIJ43135182337498,2025-09-27,170490,1
PAY-77589,INV-27921,OMC-002,Vivo Energy,GB45OQIR01845146270482,2025-12-17,125452,1
PAY-75322,INV-14121,OMC-012,Galana Energies,GB89GWUW86379402654235,2026-05-01,129175,1
PAY-66620,INV-62115,OMC-006,Hashi Energy,GB05QCFC91361939909169,2026-01-15,263909,1
PAY-52868,INV-28440,OMC-016,KPA Marine,GB31MOOJ96499091334123,2026-01-19,7355,2
PAY-20594,INV-29248,OMC-007,Kobil,GB37IDDX82449353487401,2026-07-23,137053,1
PAY-53069,INV-36021,OMC-019,Tanzania Petroleum,GB59MHYN05766270289517,2025-08-26,21407,1
PAY-61233,INV-21325,OMC-001,TotalEnergies Kenya,GB06DMIO52553419283276,2026-05-30,89068,1
PAY-91974,INV-16831,OMC-018,Uganda National Oil,GB36RNCH17127484677378,2025-12-29,205994,1
PAY-68961,INV-91492,OMC-019,Tanzania Petroleum,GB59MHYN05766270289517,2025-05-04,128671,1
PAY-91666,INV-26496,OMC-020,Ethiopian Oil,GB14NSVZ22219693792374,2025-03-24,53259,1
PAY-34987,INV-52643,OMC-017,KAA Aviation,GB54HVSS04902787429671,2025-10-15,33868,1
PAY-60597,INV-50847,OMC-014,Texol Energies,GB06ONXS45314737996507,2025-04-28,164484,1
PAY-12929,INV-14042,OMC-001,TotalEnergies Kenya,GB06DMIO52553419283276,2026-02-15,29389,1
PAY-50104,INV-98202,OMC-017,KAA Aviation,GB54HVSS04902787429671,2025-10-12,31247,1
PAY-46617,INV-86901,OMC-016,KPA Marine,GB31MOOJ96499091334123,2026-08-08,6440,2
PAY-60479,INV-41280,OMC-003,Rubis Energy,GB04LOQO13315098393010,2025-03-17,174854,1
PAY-16348,INV-79983,OMC-003,Rubis Energy,GB04LOQO13315098393010,2025-03-09,168647,1
PAY-77741,INV-26627,OMC-003,Rubis Energy,GB04LOQO13315098393010,2025-04-09,185319,1
PAY-70850,INV-94993,OMC-001,TotalEnergies Kenya,GB06DMIO52553419283276,2026-04-25,103155,1
PAY-36218,INV-37964,OMC-012,Galana Energies,GB89GWUW86379402654235,2026-04-12,126130,1
PAY-35934,INV-52996,OMC-020,Ethiopian Oil,GB14NSVZ22219693792374,2025-05-03,28627,1
PAY-42633,INV-64998,OMC-006,Hashi Energy,GB05QCFC91361939909169,2025-09-26,103744,2
PAY-32059,INV-41677,OMC-007,Kobil,GB37IDDX82449353487401,2026-06-10,100835,1
PAY-28578,INV-56411,OMC-020,Ethiopian Oil,GB14NSVZ22219693792374,,62723,1
PAY-12994,INV-33435,OMC-006,Hashi Energy,GB05QCFC91361939909169,2026-03-11,59281,1
PAY-85699,INV-84656,OMC-013,Lake Oil,GB88TEHE71937452991241,,45091,1
PAY-61536,INV-88872,OMC-014,Texol Energies,GB06ONXS45314737996507,10/05/2025,32142,1
PAY-34455,INV-33796,OMC-002,Vivo Energy,GB45OQIR01845146270482,2026-03-30,262343,1
PAY-88178,INV-23151,OMC-015,Mombasa Petroleum,GB80WOIJ43135182337498,2025-11-23,27650,1
PAY-10002,INV-63599,OMC-014,Texol Energies,GB06ONXS45314737996507,2025-09-11,197575,1
PAY-68644,INV-31275,OMC-007,Kobil,GB37IDDX82449353487401,2026-07-09,43199,1
PAY-17108,INV-36958,OMC-019,Tanzania Petroleum,GB59MHYN05766270289517,2025-10-14,46928,1
PAY-45087,INV-40057,OMC-019,Tanzania Petroleum,GB59MHYN05766270289517,2025-07-10,271201,1
PAY-43064,INV-35528,OMC-014,Texol Energies,GB06ONXS45314737996507,2026-03-12,201492,1
PAY-41257,INV-49401,OMC-010,Tamoil,GB34EABH79176936763201,2026-03-29,15045,2
PAY-73333,INV-30542,OMC-003,Rubis Energy,GB04LOQO13315098393010,2025-06-20," KES 226,020 ",1
PAY-10079,INV-51445,OMC-005,PetroOil Kenya,GB89GWUW86379402654235,2026-05-08,37016,1
PAY-26378,INV-86085,OMC-017,KAA Aviation,GB54HVSS04902787429671,2026-04-19,107472,1
PAY-59782,INV-56261,OMC-015,Mombasa Petroleum,GB80WOIJ43135182337498,2026-01-22,38066,1
PAY-75210,INV-11123,OMC-003,Rubis Energy,GB04LOQO13315098393010,2026-03-30," KES 44,412 ",1
PAY-35350,INV-53991,OMC-012,Galana Energies,GB89GWUW86379402654235,2026-04-30," KES 13,352 ",2
PAY-47795,INV-51063,OMC-010,Tamoil,GB34EABH79176936763201,2025-04-08,260514,1
PAY-56686,INV-78567,OMC-009,Dalbit Petroleum,GB53VXXX35615951484656,2025-10-19,37528,1
PAY-18939,INV-69666,OMC-002,Vivo Energy,GB45OQIR01845146270482,2025-11-04,141300,1
PAY-35745,INV-35900,OMC-001,TotalEnergies Kenya,GB06DMIO52553419283276,2026-01-18,232200,1
PAY-11828,INV-82566,OMC-001,TotalEnergies Kenya,GB06DMIO52553419283276,2025-08-16," KES 154,440 ",1
PAY-24807,INV-35283,OMC-014,Texol Energies,GB06ONXS45314737996507,2026-02-15,28932,1
PAY-93626,INV-70122,OMC-015,Mombasa Petroleum,GB80WOIJ43135182337498,2025-10-01,111695,1
PAY-75317,INV-42662,OMC-008,National Oil,GB08NAFX56342160733754,2025-03-04,66779,2
PAY-10276,INV-80509,OMC-015,Mombasa Petroleum,GB80WOIJ43135182337498,,208811,1
PAY-99475,INV-54596,OMC-009,Dalbit Petroleum,GB53VXXX35615951484656,2026-05-20,88059,1
PAY-26744,INV-95686,OMC-007,Kobil,GB37IDDX82449353487401,2026-01-01," KES 185,921 ",1
PAY-24316,INV-18568,OMC-019,Tanzania Petroleum,GB59MHYN05766270289517,2025-06-25,30030,1
PAY-65793,INV-98829,OMC-003,Rubis Energy,GB04LOQO13315098393010,2025-08-10,25250,1
PAY-37558,INV-37065,OMC-011,Hass Petroleum,GB56WGCN65876036690967,2026-01-22,48451,1
PAY-35979,INV-38248,OMC-018,Uganda National Oil,GB36RNCH17127484677378,2025-05-03,103769,1
PAY-22377,INV-36771,OMC-005,PetroOil Kenya,GB89GWUW86379402654235,2026-05-28,17619,1
PAY-35991,INV-77195,OMC-012,Galana Energies,GB89GWUW86379402654235,2026-06-24,73783,2
PAY-75819,INV-44406,OMC-011,Hass Petroleum,GB56WGCN65876036690967,2025-04-02,204629,1
PAY-74781,INV-88165,OMC-012,Galana Energies,GB89GWUW86379402654235,2026-05-18,30914,1
PAY-41582,INV-16079,OMC-019,Tanzania Petroleum,GB59MHYN05766270289517,2026-06-26,271643,1
PAY-21722,INV-46400,OMC-017,KAA Aviation,GB54HVSS04902787429671,2025-08-20,273952,1
PAY-65500,INV-76638,OMC-008,National Oil,GB08NAFX56342160733754,2026-05-30,29472,1
PAY-78664,INV-61741,OMC-015,Mombasa Petroleum,GB80WOIJ43135182337498,2025-03-12,216267,1
PAY-52813,INV-72327,OMC-018,Uganda National Oil,GB36RNCH17127484677378,2025-10-17,33521,1
PAY-32234,INV-24034,OMC-009,Dalbit Petroleum,GB53VXXX35615951484656,2026-05-27,42731,1
PAY-91936,INV-88690,OMC-017,KAA Aviation,GB54HVSS04902787429671,2025-09-01," KES 57,357 ",1
PAY-67685,INV-89938,OMC-020,Ethiopian Oil,GB14NSVZ22219693792374,2025-04-24,120769,1
PAY-14029,INV-63426,OMC-008,National Oil,GB08NAFX56342160733754,2025-04-27,72854,1
PAY-42936,INV-55221,OMC-014,Texol Energies,GB06ONXS45314737996507,2025-08-25,130982,1
PAY-83845,INV-76692,OMC-018,Uganda National Oil,GB36RNCH17127484677378,2026-02-18,165067,1
PAY-83806,INV-51919,OMC-003,Rubis Energy,GB04LOQO13315098393010,2025-09-14,271753,1
PAY-31190,INV-25832,OMC-009,Dalbit Petroleum,GB53VXXX35615951484656,2026-01-31,45684,1
PAY-12890,INV-85879,OMC-016,KPA Marine,GB31MOOJ96499091334123,19/07/2026,29615,1
PAY-37348,INV-54704,OMC-016,KPA Marine,GB31MOOJ96499091334123,2025-06-09,122082,1
PAY-30502,INV-11123,OMC-012,Galana Energies,GB89GWUW86379402654235,2026-05-17,30151,1
PAY-90745,INV-18016,OMC-007,Kobil,GB37IDDX82449353487401,2026-08-13,32629,2
PAY-14503,INV-74662,OMC-008,National Oil,GB08NAFX56342160733754,09/06/2025,187847,1
PAY-23596,INV-86387,OMC-012,Galana Energies,GB89GWUW86379402654235,2026-02-19,19759,1
PAY-22900,INV-94965,OMC-020,Ethiopian Oil,GB14NSVZ22219693792374,2026-05-08,124196,1
PAY-61710,INV-34402,OMC-011,Hass Petroleum,GB56WGCN65876036690967,2025-09-13,272199,1
PAY-21411,INV-84528,OMC-016,KPA Marine,GB31MOOJ96499091334123,2026-06-02," KES 43,185 ",1
PAY-89256,INV-29308,OMC-013,Lake Oil,GB88TEHE71937452991241,,99148,1
PAY-53851,INV-10979,OMC-006,Hashi Energy,GB05QCFC91361939909169,2026-03-22,157970,1
PAY-72743,INV-95862,OMC-020,Ethiopian Oil,GB14NSVZ22219693792374,2025-02-20,40397,1
PAY-33238,INV-40912,OMC-009,Dalbit Petroleum,GB53VXXX35615951484656,2025-05-18,117823,1
PAY-82916,INV-23224,OMC-005,PetroOil Kenya,GB89GWUW86379402654235,2026-03-29,71492,1
PAY-34724,INV-91864,OMC-017,KAA Aviation,GB54HVSS04902787429671,02/04/2025,143795,1
PAY-55315,INV-57457,OMC-013,Lake Oil,GB88TEHE71937452991241,2026-08-04,49521,1
PAY-19660,INV-20658,OMC-008,National Oil,GB08NAFX56342160733754,2026-03-01,209427,1
PAY-19354,INV-68505,OMC-004,Gulf Energy,GB89GWUW86379402654235,2026-05-07," KES 90,018 ",1
PAY-13609,INV-81252,OMC-014,Texol Energies,GB06ONXS45314737996507,2026-01-15,24081,1
PAY-22233,INV-12965,OMC-020,Ethiopian Oil,GB14NSVZ22219693792374,2026-06-22,130094,1
PAY-65929,INV-65774,OMC-013,Lake Oil,GB88TEHE71937452991241,2025-09-16,56374,1
PAY-53020,INV-19027,OMC-011,Hass Petroleum,GB56WGCN65876036690967,2025-10-13,38028,1
PAY-59969,INV-65048,OMC-015,Mombasa Petroleum,GB80WOIJ43135182337498,2026-07-23,61045,1
PAY-84443,INV-83253,OMC-005,PetroOil Kenya,GB89GWUW86379402654235,2026-06-01," KES 166,389 ",1
PAY-12239,INV-31773,OMC-020,Ethiopian Oil,GB14NSVZ22219693792374,06/02/2026,254185,1
PAY-52358,INV-69455,OMC-004,Gulf Energy,GB89GWUW86379402654235,2026-03-16,15105,2
PAY-94738,INV-82623,OMC-003,Rubis Energy,GB04LOQO13315098393010,2025-03-07,153400,1
PAY-58050,INV-56543,OMC-014,Texol Energies,GB06ONXS45314737996507,2025-08-30,28414,1
PAY-70162,INV-39259,OMC-010,Tamoil,GB34EABH79176936763201,2026-04-22,302261,1
PAY-21189,INV-19392,OMC-003,Rubis Energy,GB04LOQO13315098393010,2025-10-07,286600,1
PAY-14325,INV-96948,OMC-020,Ethiopian Oil,GB14NSVZ22219693792374,2026-04-17,269197,1
PAY-98327,INV-16589,OMC-009,Dalbit Petroleum,GB53VXXX35615951484656,2025-06-13,40601,1
PAY-26346,INV-82134,OMC-007,Kobil,GB37IDDX82449353487401,2025-12-18,205213,1
PAY-51568,INV-81397,OMC-015,Mombasa Petroleum,GB80WOIJ43135182337498,2025-11-10,233242,1
PAY-23334,INV-79840,OMC-010,Tamoil,GB34EABH79176936763201,2025-03-06,68856,2
PAY-82157,INV-84903,OMC-014,Texol Energies,GB06ONXS45314737996507,2025-05-17,34510,1
PAY-59946,INV-93185,OMC-014,Texol Energies,GB06ONXS45314737996507,2026-04-20,29190,1
PAY-61134,INV-63818,OMC-010,Tamoil,GB34EABH79176936763201,2025-05-20,15282,2
PAY-74679,INV-78726,OMC-001,TotalEnergies Kenya,GB06DMIO52553419283276,2026-05-24,210924,1
PAY-94625,INV-13029,OMC-019,Tanzania Petroleum,GB59MHYN05766270289517,2026-05-02,33002,1
PAY-57630,INV-31660,OMC-001,TotalEnergies Kenya,GB06DMIO52553419283276,2026-03-21,219889,1
PAY-30874,INV-14276,OMC-011,Hass Petroleum,GB56WGCN65876036690967,2025-07-12,39346,1
PAY-44165,INV-26006,OMC-013,Lake Oil,GB88TEHE71937452991241,2026-01-09,45556,1
PAY-56629,INV-36099,OMC-003,Rubis Energy,GB04LOQO13315098393010,2026-03-03,282030,1
PAY-11287,INV-18436,OMC-004,Gulf Energy,GB89GWUW86379402654235,2026-03-06,40189,1
PAY-60276,INV-21390,OMC-019,Tanzania Petroleum,GB59MHYN05766270289517,2025-03-23," KES 70,098 ",2
PAY-82514,INV-60216,OMC-007,Kobil,GB37IDDX82449353487401,2025-04-23,239183,1
PAY-14985,INV-29505,OMC-009,Dalbit Petroleum,GB53VXXX35615951484656,2026-04-30,30950,1
PAY-53700,INV-82217,OMC-013,Lake Oil,GB88TEHE71937452991241,2026-01-01,180769,1
PAY-41744,INV-71253,OMC-020,Ethiopian Oil,GB14NSVZ22219693792374,2025-07-14,13463,2
PAY-88509,INV-11614,OMC-013,Lake Oil,GB88TEHE71937452991241,2025-12-05,30552,1
PAY-21039,INV-78917,OMC-020,Ethiopian Oil,GB14NSVZ22219693792374,05/04/2025,130746,1
PAY-60582,INV-22510,OMC-016,KPA Marine,GB31MOOJ96499091334123,2026-07-14,201030,1
PAY-92817,INV-13748,OMC-020,Ethiopian Oil,GB14NSVZ22219693792374,2026-03-11,108282,1
PAY-51095,INV-53433,OMC-017,KAA Aviation,GB54HVSS04902787429671,2025-08-07,283086,1
PAY-88972,INV-79248,OMC-003,Rubis Energy,GB04LOQO13315098393010,2026-02-14,75898,1
PAY-41342,INV-54245,OMC-010,Tamoil,GB34EABH79176936763201,2025-09-26,182476,1
PAY-43331,INV-83467,OMC-003,Rubis Energy,GB04LOQO13315098393010,2025-07-27,196015,1
PAY-84015,INV-44643,OMC-008,National Oil,GB08NAFX56342160733754,2025-06-14,30279,1
PAY-54730,INV-97995,OMC-001,TotalEnergies Kenya,GB06DMIO52553419283276,2025-05-26,26760,1
PAY-56917,INV-56908,OMC-003,Rubis Energy,GB04LOQO13315098393010,2025-11-20,128103,1
PAY-96027,INV-71181,OMC-009,Dalbit Petroleum,GB53VXXX35615951484656,2025-06-30,88753,1
PAY-62233,INV-18603,OMC-016,KPA Marine,GB31MOOJ96499091334123,2025-03-04,26235,1
PAY-94625,INV-56725,OMC-011,Hass Petroleum,GB56WGCN65876036690967,2025-11-21,37760,1
PAY-79146,INV-19939,OMC-008,National Oil,GB08NAFX56342160733754,2026-01-26,35721,1
PAY-63457,INV-99262,OMC-009,Dalbit Petroleum,GB53VXXX35615951484656,2026-03-07,207563,1
PAY-72717,INV-37161,OMC-018,Uganda National Oil,GB36RNCH17127484677378,2025-08-24,234682,1
PAY-71986,INV-49297,OMC-017,KAA Aviation,GB54HVSS04902787429671,2026-06-24,115907,1
PAY-86863,INV-67801,OMC-017,KAA Aviation,GB54HVSS04902787429671,2025-03-11,222347,1
PAY-65753,INV-14135,OMC-001,TotalEnergies Kenya,GB06DMIO52553419283276,2025-07-04,268938,1
PAY-79282,INV-70596,OMC-005,PetroOil Kenya,GB89GWUW86379402654235,2026-04-18,98103,1
PAY-12187,INV-41180,OMC-007,Kobil,GB37IDDX82449353487401,2025-08-24,89059,1
PAY-16603,INV-81216,OMC-003,Rubis Energy,GB04LOQO13315098393010,2026-02-12,49946,1
PAY-12527,INV-99434,OMC-005,PetroOil Kenya,GB89GWUW86379402654235,2026-05-16,31819,1
PAY-73337,INV-93036,OMC-012,Galana Energies,GB89GWUW86379402654235,2026-03-16,79070,1
PAY-16044,INV-22242,OMC-020,Ethiopian Oil,GB14NSVZ22219693792374,2025-04-03,61148,2
PAY-46738,INV-74740,OMC-001,TotalEnergies Kenya,GB06DMIO52553419283276,2025-07-05,130352,2
PAY-23094,INV-56983,OMC-004,Gulf Energy,GB89GWUW86379402654235,2026-04-24,87156,1
PAY-16844,INV-64656,OMC-018,Uganda National Oil,GB36RNCH17127484677378,2026-04-08,289347,1
PAY-24836,INV-78172,OMC-019,Tanzania Petroleum,GB59MHYN05766270289517,2025-08-23,137053,1
PAY-37649,INV-80832,OMC-011,Hass Petroleum,GB56WGCN65876036690967,2026-06-25," KES 153,779 ",1
PAY-68031,INV-44689,OMC-007,Kobil,GB37IDDX82449353487401,2025-05-01,219363,1
PAY-57976,INV-78712,OMC-016,KPA Marine,GB31MOOJ96499091334123,2026-04-10,66807,1
PAY-65035,INV-30406,OMC-005,PetroOil Kenya,GB89GWUW86379402654235,2026-03-27,54388,1
PAY-75606,INV-46270,OMC-010,Tamoil,GB34EABH79176936763201,2026-03-24,186820,1
PAY-27915,INV-29294,OMC-019,Tanzania Petroleum,GB59MHYN05766270289517,2025-09-05,183902,1
PAY-27803,INV-31235,OMC-002,Vivo Energy,GB45OQIR01845146270482,2025-12-14,132830,1
PAY-28362,INV-40971,OMC-003,Rubis Energy,GB04LOQO13315098393010,2025-04-17,220696,1
PAY-82323,INV-48282,OMC-010,Tamoil,GB34EABH79176936763201,2026-06-23,189532,1
PAY-74857,INV-50888,OMC-001,TotalEnergies Kenya,GB06DMIO52553419283276,2025-11-26,88031,1
PAY-82153,INV-14911,OMC-005,PetroOil Kenya,GB89GWUW86379402654235,2026-06-01,136910,1
PAY-27933,INV-75460,OMC-010,Tamoil,GB34EABH79176936763201,2025-08-06,60209,1
PAY-56249,INV-76714,OMC-010,Tamoil,GB34EABH79176936763201,2026-01-13,115499,1
PAY-12353,INV-63333,OMC-008,National Oil,GB08NAFX56342160733754,2026-01-10,35815,1
PAY-17938,INV-68716,OMC-004,Gulf Energy,GB89GWUW86379402654235,2026-04-15,117478,1
PAY-94054,INV-66253,OMC-010,Tamoil,GB34EABH79176936763201,2026-04-04,35430,1
PAY-98691,INV-69631,OMC-017,KAA Aviation,GB54HVSS04902787429671,2026-07-07,288193,1
PAY-59318,INV-60240,OMC-002,Vivo Energy,GB45OQIR01845146270482,2025-02-27,158827,1
PAY-64946,INV-87921,OMC-009,Dalbit Petroleum,GB53VXXX35615951484656,2025-12-17,43177,1
PAY-61366,INV-56235,OMC-017,KAA Aviation,GB54HVSS04902787429671,2025-07-10,134312,1
PAY-55249,INV-13258,OMC-008,National Oil,GB08NAFX56342160733754,2025-07-15,259899,1
PAY-37804,INV-37906,OMC-017,KAA Aviation,GB54HVSS04902787429671,2025-07-10,23591,1
PAY-31032,INV-71730,OMC-016,KPA Marine,GB31MOOJ96499091334123,2025-06-18,33073,1
PAY-51778,INV-74902,OMC-001,TotalEnergies Kenya,GB06DMIO52553419283276,2025-09-03,99191,1
PAY-47946,INV-87468,OMC-006,Hashi Energy,GB05QCFC91361939909169,2025-08-12,101068,1
PAY-19566,INV-20389,OMC-007,Kobil,GB37IDDX82449353487401,2026-06-30,106703,1
PAY-10269,INV-64089,OMC-007,Kobil,GB37IDDX82449353487401,2025-08-27,44236,1
PAY-39734,INV-71034,OMC-007,Kobil,GB37IDDX82449353487401,2025-09-20,190361,1
PAY-54092,INV-48187,OMC-012,Galana Energies,GB89GWUW86379402654235,2026-04-24,22377,1
PAY-51825,INV-11361,OMC-019,Tanzania Petroleum,GB59MHYN05766270289517,2025-04-30,160734,1
PAY-19072,INV-25714,OMC-008,National Oil,GB08NAFX56342160733754,2025-01-21,117220,1
PAY-58652,INV-75174,OMC-014,Texol Energies,GB06ONXS45314737996507,,8317,2
PAY-63441,INV-47788,OMC-015,Mombasa Petroleum,GB80WOIJ43135182337498,2026-08-04,43953,1
PAY-33544,INV-74685,OMC-009,Dalbit Petroleum,GB53VXXX35615951484656,09/03/2025,100064,2
PAY-48627,INV-92378,OMC-007,Kobil,GB37IDDX82449353487401,2026-04-11,17143,1
PAY-60876,INV-47151,OMC-010,Tamoil,GB34EABH79176936763201,2026-04-21,201531,1
PAY-47723,INV-97901,OMC-020,Ethiopian Oil,GB14NSVZ22219693792374,2025-07-06,48343,1
PAY-27257,INV-73531,OMC-006,Hashi Energy,GB05QCFC91361939909169,2026-02-20,40021,1
PAY-72451,INV-88622,OMC-017,KAA Aviation,GB54HVSS04902787429671,2026-07-08,28514,1
PAY-27905,INV-78247,OMC-012,Galana Energies,GB89GWUW86379402654235,,42689,2
PAY-87841,INV-58335,OMC-001,TotalEnergies Kenya,GB06DMIO52553419283276,2026-06-24,60250,1
PAY-91464,INV-36912,OMC-009,Dalbit Petroleum,GB53VXXX35615951484656,2026-09-12," KES 92,641 ",2
PAY-64405,INV-47919,OMC-006,Hashi Energy,GB05QCFC91361939909169,2026-07-07,237736,1
PAY-84683,INV-61508,OMC-020,Ethiopian Oil,GB14NSVZ22219693792374,29/08/2025,30309,1
PAY-62527,INV-22084,OMC-012,Galana Energies,GB89GWUW86379402654235,2026-03-19," KES 46,441 ",1
PAY-53132,INV-68077,OMC-001,TotalEnergies Kenya,GB06DMIO52553419283276,2026-07-08,21590,2
PAY-54749,INV-97941,OMC-020,Ethiopian Oil,GB14NSVZ22219693792374,2025-08-11,35661,1
PAY-33149,INV-25452,OMC-011,Hass Petroleum,GB56WGCN65876036690967,2025-02-10,45154,1
PAY-42756,INV-98773,OMC-003,Rubis Energy,GB04LOQO13315098393010,2025-12-23,107346,1
PAY-47022,INV-98734,OMC-015,Mombasa Petroleum,GB80WOIJ43135182337498,2025-02-22,54794,1
PAY-65616,INV-26095,OMC-002,Vivo Energy,GB45OQIR01845146270482,2026-01-12,257093,1
PAY-15726,INV-37063,OMC-003,Rubis Energy,GB04LOQO13315098393010,2026-07-14,262337,1
PAY-29326,INV-43525,OMC-017,KAA Aviation,GB54HVSS04902787429671,2026-01-13,26814,1
PAY-16567,INV-79293,OMC-001,TotalEnergies Kenya,GB06DMIO52553419283276,2026-01-29,60687,1
PAY-65465,INV-21168,OMC-009,Dalbit Petroleum,GB53VXXX35615951484656,2025-11-22,193989,1
PAY-91772,INV-17616,OMC-017,KAA Aviation,GB54HVSS04902787429671,2026-05-26,142104,1
PAY-24463,INV-46845,OMC-003,Rubis Energy,GB04LOQO13315098393010,2026-04-25,217285,1
PAY-76929,INV-63448,OMC-015,Mombasa Petroleum,GB80WOIJ43135182337498,11/05/2026," KES 47,943 ",1
PAY-48542,INV-69704,OMC-020,Ethiopian Oil,GB14NSVZ22219693792374,2025-12-16,149888,1
PAY-16577,INV-73309,OMC-013,Lake Oil,GB88TEHE71937452991241,2025-11-17,47391,1
PAY-89102,INV-30888,OMC-001,TotalEnergies Kenya,GB06DMIO52553419283276,2026-07-23,129133,1
PAY-77702,INV-33595,OMC-003,Rubis Energy,GB04LOQO13315098393010,2025-04-29,37221,1
PAY-11141,INV-88122,OMC-015,Mombasa Petroleum,GB80WOIJ43135182337498,2026-02-25,122429,1
PAY-73925,INV-61017,OMC-002,Vivo Energy,GB45OQIR01845146270482,2025-12-16,67415,1
PAY-81367,INV-53626,OMC-003,Rubis Energy,GB04LOQO13315098393010,2025-12-28,28265,2
PAY-44384,INV-35709,OMC-009,Dalbit Petroleum,GB53VXXX35615951484656,2025-05-22,24402,1
PAY-88822,INV-85945,OMC-012,Galana Energies,GB89GWUW86379402654235,2026-05-04,200035,1
PAY-64231,INV-32369,OMC-017,KAA Aviation,GB54HVSS04902787429671,2025-06-04,43903,1
PAY-28439,INV-37078,OMC-013,Lake Oil,GB88TEHE71937452991241,2025-10-04,48680,1
PAY-88300,INV-99406,OMC-002,Vivo Energy,GB45OQIR01845146270482,2025-01-21,219969,1
PAY-16349,INV-62157,OMC-013,Lake Oil,GB88TEHE71937452991241,30/05/2025,191568,1
PAY-16866,INV-73967,OMC-001,TotalEnergies Kenya,GB06DMIO52553419283276,17/05/2026,46039,1
PAY-21721,INV-24620,OMC-010,Tamoil,GB34EABH79176936763201,2025-01-30,92520,1
PAY-79102,INV-51501,OMC-014,Texol Energies,GB06ONXS45314737996507,2025-03-01,185097,1
PAY-66362,INV-81849,OMC-013,Lake Oil,GB88TEHE71937452991241,2025-09-08,47315,1
PAY-80473,INV-85648,OMC-015,Mombasa Petroleum,GB80WOIJ43135182337498,2026-01-29," KES 134,179 ",1
PAY-27136,INV-16741,OMC-011,Hass Petroleum,GB56WGCN65876036690967,2025-04-25,142104,1
PAY-31104,INV-62449,OMC-004,Gulf Energy,GB89GWUW86379402654235,2026-05-04,14942,1
PAY-21515,INV-87119,OMC-007,Kobil,GB37IDDX82449353487401,2025-09-10,180900,1
PAY-89737,INV-81061,OMC-019,Tanzania Petroleum,GB59MHYN05766270289517,2025-11-23,24919,1
PAY-92916,INV-20889,OMC-010,Tamoil,GB34EABH79176936763201,2026-08-02,62275,1
PAY-37689,INV-47674,OMC-014,Texol Energies,GB06ONXS45314737996507,2026-07-14,72781,2
PAY-61450,INV-34202,OMC-006,Hashi Energy,GB05QCFC91361939909169,2025-10-17,128175,1
PAY-96926,INV-74411,OMC-007,Kobil,GB37IDDX82449353487401,2025-04-01,264299,1
PAY-24246,INV-11871,OMC-001,TotalEnergies Kenya,GB06DMIO52553419283276,2025-07-25,79929,2
PAY-53747,INV-94400,OMC-003,Rubis Energy,GB04LOQO13315098393010,2025-04-07,48312,1
PAY-88406,INV-74201,OMC-018,Uganda National Oil,GB36RNCH17127484677378,2025-09-19,94397,1
PAY-50644,INV-17549,OMC-017,KAA Aviation,GB54HVSS04902787429671,2026-01-19,140346,1
PAY-72870,INV-15131,OMC-019,Tanzania Petroleum,GB59MHYN05766270289517,2026-07-25,49495,1
PAY-62475,INV-69816,OMC-017,KAA Aviation,GB54HVSS04902787429671,2025-10-08,291647,1
PAY-32251,INV-36255,OMC-020,Ethiopian Oil,GB14NSVZ22219693792374,2025-03-20,161587,1
PAY-10540,INV-93210,OMC-019,Tanzania Petroleum,GB59MHYN05766270289517,2025-08-31,44721,1
PAY-29289,INV-92476,OMC-007,Kobil,GB37IDDX82449353487401,2025-12-07,124645,1
PAY-69167,INV-50372,OMC-010,Tamoil,GB34EABH79176936763201,2025-06-16,58482,1
PAY-38885,INV-76666,OMC-013,Lake Oil,GB88TEHE71937452991241,2026-01-21,197364,1
PAY-56901,INV-67753,OMC-010,Tamoil,GB34EABH79176936763201,2026-03-15,156872,1
PAY-84061,INV-52367,OMC-016,KPA Marine,GB31MOOJ96499091334123,2026-04-03,35818,1
PAY-28578,INV-72411,OMC-006,Hashi Energy,GB05QCFC91361939909169,2025-09-23,158961,1
PAY-92451,INV-69345,OMC-017,KAA Aviation,GB54HVSS04902787429671,2026-04-09,144242,1
PAY-85091,INV-28897,OMC-006,Hashi Energy,GB05QCFC91361939909169,,61169,1
PAY-60755,INV-92821,OMC-016,KPA Marine,GB31MOOJ96499091334123,2025-07-15,17534,1
PAY-29621,INV-45952,OMC-012,Galana Energies,GB89GWUW86379402654235,2026-03-23,73817,2
PAY-61260,INV-69274,OMC-011,Hass Petroleum,GB56WGCN65876036690967,2026-06-21,190867,1
PAY-15930,INV-40358,OMC-013,Lake Oil,GB88TEHE71937452991241,2026-02-06,256402,1
PAY-97832,INV-26835,OMC-005,PetroOil Kenya,GB89GWUW86379402654235,2026-04-23,509888,1
PAY-99206,INV-31313,OMC-013,Lake Oil,GB88TEHE71937452991241,2025-06-13,57029,1
PAY-87126,INV-31172,OMC-015,Mombasa Petroleum,GB80WOIJ43135182337498,2025-06-11,144972,1
PAY-40619,INV-72683,OMC-018,Uganda National Oil,GB36RNCH17127484677378,23/03/2026,14504,2
PAY-87620,INV-10708,OMC-005,PetroOil Kenya,GB89GWUW86379402654235,2026-05-20,104972,1
PAY-97052,INV-92325,OMC-007,Kobil,GB37IDDX82449353487401,2026-02-12,31960,1
PAY-92711,INV-33627,OMC-007,Kobil,GB37IDDX82449353487401,2025-06-29,87181,1
PAY-56631,INV-81543,OMC-013,Lake Oil,GB88TEHE71937452991241,2026-01-15,134317,1
PAY-18318,INV-50176,OMC-005,PetroOil Kenya,GB89GWUW86379402654235,2026-04-29,151645,1
PAY-18083,INV-67154,OMC-012,Galana Energies,GB89GWUW86379402654235,2026-03-06,171144,1
PAY-74333,INV-57751,OMC-011,Hass Petroleum,GB56WGCN65876036690967,2026-05-08,190479,1
PAY-88929,INV-75774,OMC-009,Dalbit Petroleum,GB53VXXX35615951484656,2025-10-20,181042,1
PAY-24065,INV-55914,OMC-002,Vivo Energy,GB45OQIR01845146270482,2025-07-29,24090,1
PAY-10084,INV-58364,OMC-003,Rubis Energy,GB04LOQO13315098393010,,28845,1
PAY-63458,INV-84398,OMC-002,Vivo Energy,GB45OQIR01845146270482,2025-05-11,56245,2
PAY-85496,INV-25557,OMC-018,Uganda National Oil,GB36RNCH17127484677378,2025-08-30,180269,1
PAY-53049,INV-52612,OMC-002,Vivo Energy,GB45OQIR01845146270482,2026-05-10,218943,1
PAY-73067,INV-83004,OMC-011,Hass Petroleum,GB56WGCN65876036690967,2026-06-20,20172,2
PAY-11401,INV-65335,OMC-015,Mombasa Petroleum,GB80WOIJ43135182337498,2026-05-22," KES 27,804 ",1
PAY-12472,INV-98074,OMC-003,Rubis Energy,GB04LOQO13315098393010,2026-01-02,257933,1
PAY-80839,INV-89516,OMC-003,Rubis Energy,GB04LOQO13315098393010,2025-05-10,69508,1
PAY-72938,INV-22381,OMC-004,Gulf Energy,GB89GWUW86379402654235,2026-04-08,29486,1
PAY-20542,INV-42704,OMC-007,Kobil,GB37IDDX82449353487401,2026-06-01,50522,1
PAY-57939,INV-64423,OMC-007,Kobil,GB37IDDX82449353487401,2025-12-14,238040,1
PAY-10323,INV-46513,OMC-015,Mombasa Petroleum,GB80WOIJ43135182337498,2026-04-22,265629,1
PAY-17299,INV-96457,OMC-020,Ethiopian Oil,GB14NSVZ22219693792374,2025-04-26,31374,1
PAY-84168,INV-59381,OMC-008,National Oil,GB08NAFX56342160733754,2026-05-17,92384,1
PAY-96881,INV-63463,OMC-013,Lake Oil,GB88TEHE71937452991241,2025-07-08,217038,1
PAY-55850,INV-73954,OMC-014,Texol Energies,GB06ONXS45314737996507,2026-06-01,86859,1
PAY-88095,INV-93000,OMC-013,Lake Oil,GB88TEHE71937452991241,2025-09-01,27286,1
PAY-80272,INV-72586,OMC-006,Hashi Energy,GB05QCFC91361939909169,2025-09-12,180759,1
PAY-17818,INV-72866,OMC-017,KAA Aviation,GB54HVSS04902787429671,2025-03-18,47315,1
PAY-95583,INV-87557,OMC-019,Tanzania Petroleum,GB59MHYN05766270289517,2026-06-05,297844,1
PAY-54305,INV-87887,OMC-017,KAA Aviation,GB54HVSS04902787429671,2025-03-31,214375,1
PAY-16418,INV-53740,OMC-011,Hass Petroleum,GB56WGCN65876036690967,2025-05-29,285283,1
PAY-37421,INV-33026,OMC-008,National Oil,GB08NAFX56342160733754,2025-08-21,52927,1
PAY-86413,INV-67729,OMC-010,Tamoil,GB34EABH79176936763201,2026-01-05,96683,2
PAY-79172,INV-54565,OMC-006,Hashi Energy,GB05QCFC91361939909169,2025-10-31,51418,1
PAY-21016,INV-62953,OMC-017,KAA Aviation,GB54HVSS04902787429671,2025-09-13,60885,1
PAY-24212,INV-82761,OMC-009,Dalbit Petroleum,GB53VXXX35615951484656,2025-12-02,14319,2
PAY-92517,INV-79248,OMC-003,Rubis Energy,GB04LOQO13315098393010,2026-03-07,44790,2
PAY-97125,INV-65379,OMC-017,KAA Aviation,GB54HVSS04902787429671,2026-06-02,105996,1
PAY-85444,INV-78830,OMC-017,KAA Aviation,GB54HVSS04902787429671,2025-10-18,44688,1
PAY-19475,INV-33627,OMC-007,Kobil,GB37IDDX82449353487401,2025-07-24,55684,2
PAY-45234,INV-72043,OMC-002,Vivo Energy,GB45OQIR01845146270482,2026-07-05,8463,2
PAY-56538,INV-12385,OMC-003,Rubis Energy,GB04LOQO13315098393010,2025-06-13,95667,1
PAY-54214,INV-81608,OMC-001,TotalEnergies Kenya,GB06DMIO52553419283276,2025-05-13,81405,1
PAY-44257,INV-98799,OMC-013,Lake Oil,GB88TEHE71937452991241,2025-08-15,135458,1
PAY-99392,INV-78800,OMC-013,Lake Oil,GB88TEHE71937452991241,2026-06-24,26172,1
PAY-20644,INV-64251,OMC-007,Kobil,GB37IDDX82449353487401,2026-08-24,8175,2
PAY-53193,INV-25038,OMC-002,Vivo Energy,GB45OQIR01845146270482,2025-09-25,178865,1
PAY-97762,INV-96386,OMC-009,Dalbit Petroleum,GB53VXXX35615951484656,2025-12-25,24612,2
PAY-68168,INV-65028,OMC-001,TotalEnergies Kenya,GB06DMIO52553419283276,2026-06-11,254411,1
PAY-56786,INV-65817,OMC-009,Dalbit Petroleum,GB53VXXX35615951484656,2025-04-09,36541,1
PAY-50265,INV-37978,OMC-013,Lake Oil,GB88TEHE71937452991241,2025-11-17,201226,1
PAY-61401,INV-82087,OMC-004,Gulf Energy,GB89GWUW86379402654235,2026-07-08,11877,2
PAY-46073,INV-64612,OMC-012,Galana Energies,GB89GWUW86379402654235,2026-05-06,108165,1
PAY-57046,INV-64995,OMC-009,Dalbit Petroleum,GB53VXXX35615951484656,2026-05-28,63754,2
PAY-92134,INV-85837,OMC-004,Gulf Energy,GB89GWUW86379402654235,06/04/2026,206999,1
PAY-94687,INV-46100,OMC-012,Galana Energies,GB89GWUW86379402654235,2026-04-02,147921,1
PAY-49449,INV-78802,OMC-013,Lake Oil,GB88TEHE71937452991241,2026-02-18,94758,1
PAY-59328,INV-61507,OMC-020,Ethiopian Oil,GB14NSVZ22219693792374,12/07/2026,223259,1
PAY-20094,INV-83238,OMC-007,Kobil,GB37IDDX82449353487401,2026-01-16,181905,1
PAY-93572,INV-70339,OMC-015,Mombasa Petroleum,GB80WOIJ43135182337498,2026-02-17,107544,1
PAY-21599,INV-51836,OMC-008,National Oil,GB08NAFX56342160733754,2025-06-01,199557,1
PAY-69348,INV-68157,OMC-017,KAA Aviation,GB54HVSS04902787429671,2025-10-19,44554,1
PAY-57769,INV-71625,OMC-009,Dalbit Petroleum,GB53VXXX35615951484656,03/06/2025,180846,1
PAY-79303,INV-52776,OMC-004,Gulf Energy,GB89GWUW86379402654235,2026-04-15,58785,1
PAY-49115,INV-41050,OMC-006,Hashi Energy,GB05QCFC91361939909169,2025-10-14,26224,1
PAY-48236,INV-49599,OMC-002,Vivo Energy,GB45OQIR01845146270482,2026-03-23,171994,1
PAY-63727,INV-81074,OMC-019,Tanzania Petroleum,GB59MHYN05766270289517,2026-04-30,60986,1
PAY-98940,INV-84108,OMC-016,KPA Marine,GB31MOOJ96499091334123,2026-07-17,130651,1
PAY-39490,INV-75194,OMC-017,KAA Aviation,GB54HVSS04902787429671,2026-01-04,276303,1
PAY-40720,INV-43559,OMC-015,Mombasa Petroleum,GB80WOIJ43135182337498,2026-02-08,77353,1
PAY-54938,INV-26226,OMC-013,Lake Oil,GB88TEHE71937452991241,2026-01-19,91139,1
PAY-65961,INV-69005,OMC-005,PetroOil Kenya,GB89GWUW86379402654235,2026-05-13,175117,1
PAY-19047,INV-68243,OMC-018,Uganda National Oil,GB36RNCH17127484677378,2026-08-30,46473,1
PAY-43842,INV-20990,OMC-011,Hass Petroleum,GB56WGCN65876036690967,2025-05-05,21893,1
PAY-87463,INV-68306,OMC-005,PetroOil Kenya,GB89GWUW86379402654235,2026-04-16,25769,1
PAY-66890,INV-37602,OMC-008,National Oil,GB08NAFX56342160733754,2025-10-16,39210,1
PAY-66523,INV-84913,OMC-007,Kobil,GB37IDDX82449353487401,2026-06-10," KES 254,291 ",1
PAY-73511,INV-36994,OMC-005,PetroOil Kenya,GB89GWUW86379402654235,2026-04-12,223696,1
PAY-19540,INV-69727,OMC-018,Uganda National Oil,GB36RNCH17127484677378,2026-04-18,57305,1
PAY-30937,INV-86611,OMC-006,Hashi Energy,GB05QCFC91361939909169,2025-01-30,51621,1
PAY-24753,INV-26537,OMC-016,KPA Marine,GB31MOOJ96499091334123,2025-10-06,49677,1
PAY-95250,INV-96257,OMC-004,Gulf Energy,GB89GWUW86379402654235,2026-05-22,152135,1
PAY-65521,INV-64293,OMC-007,Kobil,GB37IDDX82449353487401,2025-08-12,119772,1
PAY-67990,INV-94295,OMC-010,Tamoil,GB34EABH79176936763201,2026-07-28,60880,1
PAY-98025,INV-80676,OMC-002,Vivo Energy,GB45OQIR01845146270482,2026-01-15,25294,1
PAY-59564,INV-23968,OMC-011,Hass Petroleum,GB56WGCN65876036690967,2025-10-26,167459,1
PAY-29304,INV-43216,OMC-006,Hashi Energy,GB05QCFC91361939909169,2025-12-25,69602,1
PAY-99765,INV-62500,OMC-011,Hass Petroleum,GB56WGCN65876036690967,2026-03-11,51491,1
PAY-79523,INV-77827,OMC-002,Vivo Energy,GB45OQIR01845146270482,2026-06-07,38511,1
PAY-81340,INV-21499,OMC-006,Hashi Energy,GB05QCFC91361939909169,2025-04-20,140080,1
PAY-65079,INV-98374,OMC-017,KAA Aviation,GB54HVSS04902787429671,22/03/2026,74631,1
PAY-73376,INV-20183,OMC-002,Vivo Energy,GB45OQIR01845146270482,2025-06-13,232478,1
PAY-34436,INV-46565,OMC-014,Texol Energies,GB06ONXS45314737996507,2025-09-07,220976,1
PAY-65027,INV-69232,OMC-008,National Oil,GB08NAFX56342160733754,2025-05-11,32724,1
PAY-10005,INV-45793,OMC-017,KAA Aviation,GB54HVSS04902787429671,2026-02-21,48620,1
PAY-46369,INV-11558,OMC-012,Galana Energies,GB89GWUW86379402654235,2026-03-29,131646,1
PAY-16230,INV-19710,OMC-011,Hass Petroleum,GB56WGCN65876036690967,2025-12-04,110189,1
PAY-63200,INV-11472,OMC-006,Hashi Energy,GB05QCFC91361939909169,2026-09-03,25210,2
PAY-32926,INV-63666,OMC-014,Texol Energies,GB06ONXS45314737996507,2025-07-19,204905,1
PAY-60675,INV-27502,OMC-010,Tamoil,GB34EABH79176936763201,2025-04-16,156324,1
PAY-63309,INV-90996,OMC-004,Gulf Energy,GB89GWUW86379402654235,2026-04-14,137724,1
PAY-94663,INV-50443,OMC-017,KAA Aviation,GB54HVSS04902787429671,2025-04-20,26172,1
PAY-22798,INV-12034,OMC-018,Uganda National Oil,GB36RNCH17127484677378,2026-06-27,36660,1
PAY-84377,INV-21078,OMC-009,Dalbit Petroleum,GB53VXXX35615951484656,2025-08-23,15977,1
PAY-93251,INV-94321,OMC-007,Kobil,GB37IDDX82449353487401,23/02/2025,129205,1
PAY-21508,INV-19132,OMC-017,KAA Aviation,GB54HVSS04902787429671,2025-06-13,125251,1
PAY-87223,INV-50872,OMC-020,Ethiopian Oil,GB14NSVZ22219693792374,2025-06-18,69507,1
PAY-84454,INV-13412,OMC-001,TotalEnergies Kenya,GB06DMIO52553419283276,2025-05-25,115054,1
PAY-23338,INV-29337,OMC-004,Gulf Energy,GB89GWUW86379402654235,2026-06-05," KES 135,785 ",1
PAY-63642,INV-28328,OMC-005,PetroOil Kenya,GB89GWUW86379402654235,2026-04-30,39739,1
PAY-92279,INV-80144,OMC-006,Hashi Energy,GB05QCFC91361939909169,19/07/2025,57505,1
PAY-54662,INV-29499,OMC-017,KAA Aviation,GB54HVSS04902787429671,2025-12-08,144077,1
PAY-15039,INV-19688,OMC-019,Tanzania Petroleum,GB59MHYN05766270289517,2025-05-08,35425,1
PAY-73694,INV-66636,OMC-010,Tamoil,GB34EABH79176936763201,2025-03-17,30505,1
PAY-27987,INV-25248,OMC-006,Hashi Energy,GB05QCFC91361939909169,11/10/2025,9357,2
PAY-86143,INV-55448,OMC-017,KAA Aviation,GB54HVSS04902787429671,,173622,1
PAY-67248,INV-86063,OMC-004,Gulf Energy,GB89GWUW86379402654235,2026-04-28,81736,1
PAY-78948,INV-49894,OMC-015,Mombasa Petroleum,GB80WOIJ43135182337498,2025-11-02,182281,1
PAY-61085,INV-94237,OMC-010,Tamoil,GB34EABH79176936763201,2025-06-28,166278,1
PAY-38364,INV-51504,OMC-004,Gulf Energy,GB89GWUW86379402654235,2026-04-07,60484,1
PAY-24938,INV-74782,OMC-013,Lake Oil,GB88TEHE71937452991241,2025-03-30,35692,1
PAY-98145,INV-34430,OMC-018,Uganda National Oil,GB36RNCH17127484677378,2026-04-04,102132,1
PAY-52144,INV-79063,OMC-008,National Oil,GB08NAFX56342160733754,2025-11-12,279181,1
PAY-72831,INV-88212,OMC-020,Ethiopian Oil,GB14NSVZ22219693792374,2025-12-29,250575,1
PAY-54092,INV-30498,OMC-003,Rubis Energy,GB04LOQO13315098393010,2026-04-14,46351,1
PAY-73046,INV-90928,OMC-014,Texol Energies,GB06ONXS45314737996507,23/03/2026,188912,1
PAY-66442,INV-58672,OMC-007,Kobil,GB37IDDX82449353487401,2025-10-12,58936,1
PAY-21289,INV-82623,OMC-003,Rubis Energy,GB04LOQO13315098393010,2025-03-25,73814,2
PAY-91177,INV-61359,OMC-013,Lake Oil,GB88TEHE71937452991241,2025-07-08," KES 55,741 ",1
PAY-78963,INV-47493,OMC-004,Gulf Energy,GB89GWUW86379402654235,2026-04-12,181353,1
PAY-39039,INV-30613,OMC-011,Hass Petroleum,GB56WGCN65876036690967,2025-07-16,295712,1
PAY-42799,INV-62911,OMC-015,Mombasa Petroleum,GB80WOIJ43135182337498,2026-03-23,191426,1
PAY-54247,INV-56408,OMC-011,Hass Petroleum,GB56WGCN65876036690967,2025-10-15,48397,1
PAY-54652,INV-47418,OMC-017,KAA Aviation,GB54HVSS04902787429671,2025-11-07,106989,1
PAY-59498,INV-52401,OMC-007,Kobil,GB37IDDX82449353487401,2025-03-01,133134,1
PAY-20996,INV-62241,OMC-014,Texol Energies,GB06ONXS45314737996507,2026-06-29," KES 144,741 ",1
PAY-56933,INV-63506,OMC-014,Texol Energies,GB06ONXS45314737996507,2025-12-11,31593,1
PAY-15316,INV-29010,OMC-016,KPA Marine,GB31MOOJ96499091334123,22/09/2025,93303,1
PAY-76167,INV-86976,OMC-015,Mombasa Petroleum,GB80WOIJ43135182337498,2025-03-03,29941,1
PAY-11456,INV-35979,OMC-016,KPA Marine,GB31MOOJ96499091334123,2025-08-11,162229,1
PAY-79035,INV-45182,OMC-001,TotalEnergies Kenya,GB06DMIO52553419283276,2026-06-04,234752,1
PAY-22983,INV-54601,OMC-020,Ethiopian Oil,GB14NSVZ22219693792374,2025-10-04,216749,1
PAY-64338,INV-45197,OMC-018,Uganda National Oil,GB36RNCH17127484677378,2026-01-16,13993,1
PAY-84261,INV-44222,OMC-014,Texol Energies,GB06ONXS45314737996507,2025-07-14,83482,1
PAY-61905,INV-61200,OMC-015,Mombasa Petroleum,GB80WOIJ43135182337498,2026-06-10,44967,1
PAY-61332,INV-83354,OMC-017,KAA Aviation,GB54HVSS04902787429671,2026-04-20,121936,1
PAY-21180,INV-50098,OMC-014,Texol Energies,GB06ONXS45314737996507,2025-05-24,86391,1
PAY-29352,INV-50932,OMC-004,Gulf Energy,GB89GWUW86379402654235,2026-03-28,41508,1
PAY-10084,INV-80820,OMC-001,TotalEnergies Kenya,GB06DMIO52553419283276,2025-03-12,148086,1
PAY-87987,INV-27430,OMC-003,Rubis Energy,GB04LOQO13315098393010,2025-05-06,52264,1
PAY-90128,INV-49088,OMC-004,Gulf Energy,GB89GWUW86379402654235,2026-03-18,49549,2
PAY-12912,INV-28347,OMC-005,PetroOil Kenya,GB89GWUW86379402654235,2026-06-05,87107,2
PAY-60368,INV-77239,OMC-011,Hass Petroleum,GB56WGCN65876036690967,07/07/2026,50694,1
PAY-86225,INV-10148,OMC-015,Mombasa Petroleum,GB80WOIJ43135182337498,2025-12-13,212551,1
PAY-68457,INV-14537,OMC-003,Rubis Energy,GB04LOQO13315098393010,,145837,1
PAY-24527,INV-10442,OMC-013,Lake Oil,GB88TEHE71937452991241,2025-01-29,113605,1
PAY-29234,INV-65986,OMC-016,KPA Marine,GB31MOOJ96499091334123,2026-05-08,18909,2
PAY-11243,INV-72437,OMC-018,Uganda National Oil,GB36RNCH17127484677378,2026-02-08," KES 148,628 ",1
PAY-52875,INV-46343,OMC-012,Galana Energies,GB89GWUW86379402654235,2026-03-18,78128,1
PAY-39251,INV-82124,OMC-016,KPA Marine,GB31MOOJ96499091334123,2025-07-22,26126,1
PAY-17876,INV-95547,OMC-011,Hass Petroleum,GB56WGCN65876036690967,2025-05-03,234033,1
PAY-39930,INV-81717,OMC-009,Dalbit Petroleum,GB53VXXX35615951484656,2026-04-12,24333,2
PAY-93989,INV-17978,OMC-019,Tanzania Petroleum,GB59MHYN05766270289517,2026-05-31,56872,1
PAY-90550,INV-14208,OMC-017,KAA Aviation,GB54HVSS04902787429671,2026-05-08,251091,1
PAY-24059,INV-47050,OMC-007,Kobil,GB37IDDX82449353487401,2026-03-04,23894,1
PAY-38620,INV-83518,OMC-013,Lake Oil,GB88TEHE71937452991241,2025-08-19,33177,1
PAY-52597,INV-64521,OMC-011,Hass Petroleum,GB56WGCN65876036690967,2025-08-23,232219,1
PAY-14119,INV-35368,OMC-002,Vivo Energy,GB45OQIR01845146270482,2025-08-19,25778,1
PAY-92086,INV-52409,OMC-017,KAA Aviation,GB54HVSS04902787429671,2025-09-16,97671,1
PAY-93763,INV-84213,OMC-005,PetroOil Kenya,GB89GWUW86379402654235,,168009,1
PAY-12208,INV-38417,OMC-016,KPA Marine,GB31MOOJ96499091334123,2025-08-18,17040,1
PAY-65585,INV-88141,OMC-003,Rubis Energy,GB04LOQO13315098393010,2026-01-20,32292,2
PAY-57443,INV-66422,OMC-013,Lake Oil,GB88TEHE71937452991241,2025-04-05,92440,1
PAY-79236,INV-86300,OMC-020,Ethiopian Oil,GB14NSVZ22219693792374,2025-05-07,39715,1
PAY-78089,INV-23999,OMC-010,Tamoil,GB34EABH79176936763201,19/03/2026,168094,1
PAY-32521,INV-37430,OMC-015,Mombasa Petroleum,GB80WOIJ43135182337498,2026-07-26,167832,1
PAY-87777,INV-78712,OMC-016,KPA Marine,GB31MOOJ96499091334123,2026-05-09,66727,2
PAY-37308,INV-88686,OMC-017,KAA Aviation,GB54HVSS04902787429671,2026-06-09,49972,1
PAY-28261,INV-81496,OMC-005,PetroOil Kenya,GB89GWUW86379402654235,2026-04-06,104149,1
PAY-17466,INV-13738,OMC-008,National Oil,GB08NAFX56342160733754,2026-05-04,64272,1
PAY-16213,INV-34044,OMC-018,Uganda National Oil,GB36RNCH17127484677378,2025-07-09,222086,1
PAY-74925,INV-46736,OMC-017,KAA Aviation,GB54HVSS04902787429671,2026-04-19,239080,1
PAY-90171,INV-81243,OMC-015,Mombasa Petroleum,GB80WOIJ43135182337498,2026-06-15,193487,1
PAY-71074,INV-19888,OMC-006,Hashi Energy,GB05QCFC91361939909169,2025-03-13,162395,1
PAY-44491,INV-15964,OMC-002,Vivo Energy,GB45OQIR01845146270482,2026-06-13,153028,1
PAY-48359,INV-88757,OMC-010,Tamoil,GB34EABH79176936763201,2025-09-13,113371,1
PAY-15296,INV-87793,OMC-019,Tanzania Petroleum,GB59MHYN05766270289517,2025-04-24,21165,1
PAY-46008,INV-50772,OMC-015,Mombasa Petroleum,GB80WOIJ43135182337498,2026-04-07,128075,1
PAY-54531,INV-47078,OMC-018,Uganda National Oil,GB36RNCH17127484677378,2026-04-01,28388,1
PAY-96875,INV-63672,OMC-014,Texol Energies,GB06ONXS45314737996507,2026-03-22,222824,1
PAY-60998,INV-38246,OMC-001,TotalEnergies Kenya,GB06DMIO52553419283276,2025-08-31,89600,1
PAY-71598,INV-57861,OMC-017,KAA Aviation,GB54HVSS04902787429671,2025-09-18," KES 167,925 ",1
PAY-73292,INV-50983,OMC-004,Gulf Energy,GB89GWUW86379402654235,2026-05-08,99110,2
PAY-94649,INV-80154,OMC-019,Tanzania Petroleum,GB59MHYN05766270289517,2025-09-04,27360,1
PAY-13569,INV-97327,OMC-007,Kobil,GB37IDDX82449353487401,2025-10-23,33059,1
PAY-12223,INV-65655,OMC-010,Tamoil,GB34EABH79176936763201,2025-09-23,243139,1
PAY-56183,INV-85474,OMC-016,KPA Marine,GB31MOOJ96499091334123,2025-11-18,41719,1
PAY-27247,INV-78247,OMC-012,Galana Energies,GB89GWUW86379402654235,2026-06-03,103362,1
PAY-86087,INV-99950,OMC-003,Rubis Energy,GB04LOQO13315098393010,2025-08-27,34926,1
PAY-69497,INV-87404,OMC-009,Dalbit Petroleum,GB53VXXX35615951484656,06/11/2025,13112,2
PAY-20597,INV-76254,OMC-019,Tanzania Petroleum,GB59MHYN05766270289517,2025-03-12,52709,1
PAY-19485,INV-22041,OMC-015,Mombasa Petroleum,GB80WOIJ43135182337498,2026-02-09,164851,1
PAY-99696,INV-28134,OMC-018,Uganda National Oil,GB36RNCH17127484677378,2026-04-28,79793,2
PAY-65097,INV-62781,OMC-010,Tamoil,GB34EABH79176936763201,22/02/2026,39390,1
PAY-44907,INV-45140,OMC-002,Vivo Energy,GB45OQIR01845146270482,2026-07-28,35223,1
PAY-32424,INV-62111,OMC-004,Gulf Energy,GB89GWUW86379402654235,2026-05-20,34283,2
PAY-36499,INV-26553,OMC-008,National Oil,GB08NAFX56342160733754,2026-01-06,58616,1
PAY-39235,INV-39047,OMC-004,Gulf Energy,GB89GWUW86379402654235,2026-05-11,33689,1
PAY-15581,INV-57613,OMC-007,Kobil,GB37IDDX82449353487401,2026-05-30,35239,1
PAY-55561,INV-68037,OMC-015,Mombasa Petroleum,GB80WOIJ43135182337498,2026-04-29,106803,1
PAY-47017,INV-22766,OMC-001,TotalEnergies Kenya,GB06DMIO52553419283276,2025-02-22,171564,1
PAY-91232,INV-35089,OMC-008,National Oil,GB08NAFX56342160733754,2025-06-28,47054,1
PAY-94527,INV-61922,OMC-016,KPA Marine,GB31MOOJ96499091334123,04/06/2026," KES 48,870 ",1
PAY-51503,INV-14356,OMC-013,Lake Oil,GB88TEHE71937452991241,2025-03-22,29974,1
PAY-51162,INV-87609,OMC-002,Vivo Energy,GB45OQIR01845146270482,2026-02-09,58689,1
PAY-57857,INV-86765,OMC-007,Kobil,GB37IDDX82449353487401,2026-01-10,95330,1
PAY-10363,INV-34745,OMC-015,Mombasa Petroleum,GB80WOIJ43135182337498,2026-02-12,173549,1
PAY-67457,INV-75933,OMC-004,Gulf Energy,GB89GWUW86379402654235,2026-03-27,148106,1
PAY-18329,INV-38608,OMC-015,Mombasa Petroleum,GB80WOIJ43135182337498,2026-01-11,152412,1
PAY-74428,INV-50474,OMC-019,Tanzania Petroleum,GB59MHYN05766270289517,20/04/2025,266610,1
PAY-89132,INV-65578,OMC-002,Vivo Energy,GB45OQIR01845146270482,16/03/2025,173891,1
PAY-52819,INV-49482,OMC-011,Hass Petroleum,GB56WGCN65876036690967,,116872,1
PAY-20612,INV-56557,OMC-009,Dalbit Petroleum,GB53VXXX35615951484656,2025-07-01,175865,1
PAY-85313,INV-25705,OMC-016,KPA Marine,GB31MOOJ96499091334123,2025-08-09,45415,2
PAY-35012,INV-98022,OMC-005,PetroOil Kenya,GB89GWUW86379402654235,2026-04-21,44819,2
PAY-93034,INV-85420,OMC-013,Lake Oil,GB88TEHE71937452991241,2026-03-03,25180,1
PAY-25257,INV-48620,OMC-004,Gulf Energy,GB89GWUW86379402654235,,153740,1
PAY-99265,INV-29064,OMC-005,PetroOil Kenya,GB89GWUW86379402654235,2026-04-27,75844,1
PAY-37252,INV-19776,OMC-017,KAA Aviation,GB54HVSS04902787429671,2025-04-20," KES 118,594 ",1
PAY-83694,INV-82086,OMC-009,Dalbit Petroleum,GB53VXXX35615951484656,2025-12-02,133818,1
PAY-50043,INV-25222,OMC-017,KAA Aviation,GB54HVSS04902787429671,,155255,1
PAY-15682,INV-53554,OMC-008,National Oil,GB08NAFX56342160733754,2025-08-14,150477,1
PAY-85682,INV-72061,OMC-014,Texol Energies,GB06ONXS45314737996507,2026-05-17,39637,1
PAY-47755,INV-39456,OMC-017,KAA Aviation,GB54HVSS04902787429671,2026-03-25,203329,1
PAY-96639,INV-52997,OMC-002,Vivo Energy,GB45OQIR01845146270482,2026-08-02,164362,1
PAY-42777,INV-77639,OMC-002,Vivo Energy,GB45OQIR01845146270482,2026-02-23,198341,1
PAY-15820,INV-95585,OMC-008,National Oil,GB08NAFX56342160733754,07/06/2026," KES 24,629 ",1
PAY-82206,INV-37195,OMC-002,Vivo Energy,GB45OQIR01845146270482,2026-02-20,48191,1
PAY-39317,INV-78433,OMC-002,Vivo Energy,GB45OQIR01845146270482,2026-05-29,30904,1
PAY-95878,INV-64216,OMC-004,Gulf Energy,GB89GWUW86379402654235,2026-05-12,67416,1
PAY-34743,INV-70270,OMC-013,Lake Oil,GB88TEHE71937452991241,2025-12-29,46241,1
PAY-56971,INV-89697,OMC-016,KPA Marine,GB31MOOJ96499091334123,2026-06-20,157309,1
PAY-70354,INV-16140,OMC-005,PetroOil Kenya,GB89GWUW86379402654235,2026-04-03,85870,1
PAY-31199,INV-22272,OMC-005,PetroOil Kenya,GB89GWUW86379402654235,2026-03-23,154321,1
PAY-33732,INV-34973,OMC-017,KAA Aviation,GB54HVSS04902787429671,2025-09-04,63109,1
PAY-85575,INV-49557,OMC-019,Tanzania Petroleum,GB59MHYN05766270289517,2025-10-27,132444,1
PAY-22368,INV-88103,OMC-003,Rubis Energy,GB04LOQO13315098393010,2025-07-25,235415,1
PAY-63295,INV-59854,OMC-009,Dalbit Petroleum,GB53VXXX35615951484656,2026-08-05,62929,1
PAY-43967,INV-63824,OMC-013,Lake Oil,GB88TEHE71937452991241,2026-04-15,266444,1
PAY-57734,INV-63579,OMC-010,Tamoil,GB34EABH79176936763201,2026-04-09,261943,1
PAY-82194,INV-23675,OMC-001,TotalEnergies Kenya,GB06DMIO52553419283276,2025-07-26,222940,1
PAY-22230,INV-48206,OMC-017,KAA Aviation,GB54HVSS04902787429671,2025-02-09,168423,1
PAY-71861,INV-39554,OMC-017,KAA Aviation,GB54HVSS04902787429671,2025-02-19,34852,1
PAY-24251,INV-79572,OMC-005,PetroOil Kenya,GB89GWUW86379402654235,2026-05-12,148413,1
PAY-20710,INV-36773,OMC-010,Tamoil,GB34EABH79176936763201,2026-05-08,38436,1
PAY-65076,INV-84405,OMC-005,PetroOil Kenya,GB89GWUW86379402654235,18/04/2026," KES 5,830 ",2
PAY-19694,INV-94986,OMC-017,KAA Aviation,GB54HVSS04902787429671,2026-07-29,29174,1
PAY-63808,INV-61057,OMC-005,PetroOil Kenya,GB89GWUW86379402654235,2026-06-12,20555,2
PAY-47504,INV-10358,OMC-005,PetroOil Kenya,GB89GWUW86379402654235,2026-05-20,181117,1
PAY-52278,INV-86627,OMC-003,Rubis Energy,GB04LOQO13315098393010,2026-02-25," KES 270,630 ",1
PAY-96956,INV-99962,OMC-009,Dalbit Petroleum,GB53VXXX35615951484656,2025-04-17,126003,1
PAY-99732,INV-20844,OMC-018,Uganda National Oil,GB36RNCH17127484677378,2026-04-18,57886,1
PAY-52919,INV-51663,OMC-002,Vivo Energy,GB45OQIR01845146270482,14/07/2025,195044,1
PAY-69856,INV-18798,OMC-007,Kobil,GB37IDDX82449353487401,2025-11-30,33857,1
PAY-34082,INV-12749,OMC-020,Ethiopian Oil,GB14NSVZ22219693792374,2025-07-10,27454,1
PAY-91108,INV-61671,OMC-012,Galana Energies,GB89GWUW86379402654235,,31720,2
PAY-63309,INV-90996,OMC-004,Gulf Energy,GB89GWUW86379402654235,2026-04-14,137724,1
PAY-93611,INV-69464,OMC-004,Gulf Energy,GB89GWUW86379402654235,2026-03-26,16091,2
PAY-82649,INV-25232,OMC-017,KAA Aviation,GB54HVSS04902787429671,2025-06-06,26079,1
PAY-39800,INV-23996,OMC-015,Mombasa Petroleum,GB80WOIJ43135182337498,2025-04-20,199232,1
PAY-26224,INV-62844,OMC-014,Texol Energies,GB06ONXS45314737996507,2025-07-13,34728,1
PAY-16915,INV-80442,OMC-007,Kobil,GB37IDDX82449353487401,2025-04-04,19191,2
PAY-91842,INV-11601,OMC-019,Tanzania Petroleum,GB59MHYN05766270289517,2025-12-31,163016,1
PAY-72613,INV-62056,OMC-020,Ethiopian Oil,GB14NSVZ22219693792374,2026-02-13,116237,1
PAY-37782,INV-34078,OMC-017,KAA Aviation,GB54HVSS04902787429671,2025-07-16," KES 102,139 ",1
PAY-90918,INV-27074,OMC-015,Mombasa Petroleum,GB80WOIJ43135182337498,2025-08-10,76931,1
PAY-38652,INV-24698,OMC-019,Tanzania Petroleum,GB59MHYN05766270289517,2026-04-05,83594,1
PAY-20155,INV-11523,OMC-008,National Oil,GB08NAFX56342160733754,2026-05-01,113889,1
PAY-66194,INV-62405,OMC-004,Gulf Energy,GB89GWUW86379402654235,2026-02-26,206143,1
PAY-21837,INV-37105,OMC-015,Mombasa Petroleum,GB80WOIJ43135182337498,2026-01-14,53521,1
PAY-82705,INV-86142,OMC-007,Kobil,GB37IDDX82449353487401,2026-03-25,51069,1
PAY-18635,INV-81539,OMC-020,Ethiopian Oil,GB14NSVZ22219693792374,,147094,1
PAY-20808,INV-84603,OMC-003,Rubis Energy,GB04LOQO13315098393010,2025-04-09,130414,1
PAY-53894,INV-67337,OMC-011,Hass Petroleum,GB56WGCN65876036690967,2026-02-09,92510,1
PAY-11425,INV-64131,OMC-017,KAA Aviation,GB54HVSS04902787429671,2026-05-17,139966,1
PAY-32287,INV-80470,OMC-002,Vivo Energy,GB45OQIR01845146270482,2026-02-17,97115,1
PAY-97014,INV-57945,OMC-006,Hashi Energy,GB05QCFC91361939909169,2025-05-22,172964,1
PAY-38205,INV-38933,OMC-014,Texol Energies,GB06ONXS45314737996507,2025-08-27,22784,1
PAY-11246,INV-16189,OMC-016,KPA Marine,GB31MOOJ96499091334123,2025-04-11,55667,1
PAY-10809,INV-37845,OMC-017,KAA Aviation,GB54HVSS04902787429671,2025-11-15,165359,1
PAY-34749,INV-20246,OMC-019,Tanzania Petroleum,GB59MHYN05766270289517,2025-02-19,257163,1
PAY-19216,INV-47621,OMC-001,TotalEnergies Kenya,GB06DMIO52553419283276,2025-08-15,22213,2
PAY-64900,INV-40881,OMC-010,Tamoil,GB34EABH79176936763201,2026-02-28,42415,1
PAY-70710,INV-17328,OMC-018,Uganda National Oil,GB36RNCH17127484677378,2026-06-14,62731,1
PAY-41947,INV-94949,OMC-014,Texol Energies,GB06ONXS45314737996507,,32831,2
PAY-17442,INV-49217,OMC-007,Kobil,GB37IDDX82449353487401,2025-07-04,65862,2
PAY-14045,INV-52644,OMC-006,Hashi Energy,GB05QCFC91361939909169,2025-11-07,220607,1
PAY-38616,INV-56829,OMC-007,Kobil,GB37IDDX82449353487401,2025-09-13,153104,1
PAY-77962,INV-42140,OMC-016,KPA Marine,GB31MOOJ96499091334123,2025-04-06,36574,1
PAY-16437,INV-90648,OMC-015,Mombasa Petroleum,GB80WOIJ43135182337498,2025-10-16,43765,1
PAY-19291,INV-57907,OMC-016,KPA Marine,GB31MOOJ96499091334123,2026-04-08,23371,1
PAY-56368,INV-20323,OMC-019,Tanzania Petroleum,GB59MHYN05766270289517,2025-10-15,88792,1
PAY-57203,INV-24717,OMC-011,Hass Petroleum,GB56WGCN65876036690967,2025-03-31,271363,1
PAY-19031,INV-99064,OMC-007,Kobil,GB37IDDX82449353487401,,177666,1
PAY-41603,INV-47018,OMC-020,Ethiopian Oil,GB14NSVZ22219693792374,2025-09-30,128905,1
PAY-13735,INV-93879,OMC-017,KAA Aviation,GB54HVSS04902787429671,2026-08-07,202241,1
PAY-14469,INV-71412,OMC-015,Mombasa Petroleum,GB80WOIJ43135182337498,2025-06-10," KES 43,255 ",1
PAY-60227,INV-56001,OMC-014,Texol Energies,GB06ONXS45314737996507,2025-09-20,43524,1
PAY-37670,INV-75653,OMC-018,Uganda National Oil,GB36RNCH17127484677378,2025-09-09,241672,1
PAY-60416,INV-13997,OMC-009,Dalbit Petroleum,GB53VXXX35615951484656,2026-06-30," KES 228,634 ",1
PAY-10887,INV-22301,OMC-018,Uganda National Oil,GB36RNCH17127484677378,2025-07-19,72051,2
PAY-64976,INV-89697,OMC-016,KPA Marine,GB31MOOJ96499091334123,2026-07-06,126439,2
PAY-78467,INV-72675,OMC-004,Gulf Energy,GB89GWUW86379402654235,2026-07-06,20071,2
PAY-25079,INV-57448,OMC-002,Vivo Energy,GB45OQIR01845146270482,2025-10-24,293319,1
PAY-41155,INV-36406,OMC-010,Tamoil,GB34EABH79176936763201,2025-08-22,109774,1
PAY-81956,INV-36230,OMC-019,Tanzania Petroleum,GB59MHYN05766270289517,2025-04-14,45164,1
PAY-45374,INV-91648,OMC-017,KAA Aviation,GB54HVSS04902787429671,2026-01-11,44783,1
PAY-91968,INV-70653,OMC-014,Texol Energies,GB06ONXS45314737996507,2025-06-13,133161,1
PAY-15748,INV-18027,OMC-014,Texol Energies,GB06ONXS45314737996507,09/01/2026,54634,1
PAY-41315,INV-75620,OMC-010,Tamoil,GB34EABH79176936763201,30/08/2025,158048,1
PAY-10072,INV-76534,OMC-004,Gulf Energy,GB89GWUW86379402654235,2026-06-13,145427,1
PAY-66894,INV-33526,OMC-016,KPA Marine,GB31MOOJ96499091334123,2026-06-07,119106,2
PAY-40566,INV-69581,OMC-011,Hass Petroleum,GB56WGCN65876036690967,2025-04-20,192609,1
PAY-12250,INV-76167,OMC-017,KAA Aviation,GB54HVSS04902787429671,2025-06-16,89667,1
PAY-49846,INV-51880,OMC-006,Hashi Energy,GB05QCFC91361939909169,2025-10-05," KES 61,919 ",1
PAY-21281,INV-62864,OMC-009,Dalbit Petroleum,GB53VXXX35615951484656,2025-06-25,120320,1
PAY-43966,INV-53420,OMC-019,Tanzania Petroleum,GB59MHYN05766270289517,2025-09-30,26022,1
PAY-65435,INV-67577,OMC-011,Hass Petroleum,GB56WGCN65876036690967,2026-07-19,179687,1
PAY-49312,INV-77576,OMC-020,Ethiopian Oil,GB14NSVZ22219693792374,2025-03-29,217755,1
PAY-64795,INV-11173,OMC-006,Hashi Energy,GB05QCFC91361939909169,07/04/2026,247379,1
PAY-70859,INV-15484,OMC-018,Uganda National Oil,GB36RNCH17127484677378,2025-08-17,19835,2
PAY-12648,INV-27392,OMC-006,Hashi Energy,GB05QCFC91361939909169,2025-02-06,261081,1
PAY-36901,INV-62289,OMC-019,Tanzania Petroleum,GB59MHYN05766270289517,2025-06-07,28167,1
PAY-94140,INV-26595,OMC-011,Hass Petroleum,GB56WGCN65876036690967,2026-05-13,111175,2
PAY-33977,INV-54866,OMC-012,Galana Energies,GB89GWUW86379402654235,2026-03-18,197681,1
PAY-40940,INV-12065,OMC-017,KAA Aviation,GB54HVSS04902787429671,08/07/2026,105565,1
PAY-40897,INV-57801,OMC-003,Rubis Energy,GB04LOQO13315098393010,2026-02-19,188565,1
PAY-43555,INV-85008,OMC-010,Tamoil,GB34EABH79176936763201,2025-09-04,206676,1
PAY-41585,INV-73472,OMC-007,Kobil,GB37IDDX82449353487401,2026-01-22,240005,1
PAY-15102,INV-25318,OMC-005,PetroOil Kenya,GB89GWUW86379402654235,2026-04-09,26076,1
PAY-94941,INV-74975,OMC-003,Rubis Energy,GB04LOQO13315098393010,,38175,1
PAY-42060,INV-34544,OMC-019,Tanzania Petroleum,GB59MHYN05766270289517,2025-08-30,9210,2
PAY-79406,INV-82951,OMC-009,Dalbit Petroleum,GB53VXXX35615951484656,2025-07-05,22056,1
PAY-97124,INV-13689,OMC-008,National Oil,GB08NAFX56342160733754,2025-07-03,100715,1
PAY-53922,INV-39743,OMC-001,TotalEnergies Kenya,GB06DMIO52553419283276,2025-11-28,11039,2
PAY-36694,INV-14684,OMC-015,Mombasa Petroleum,GB80WOIJ43135182337498,2025-11-23,259082,1
PAY-62101,INV-23130,OMC-007,Kobil,GB37IDDX82449353487401,2026-04-24,26091,1
PAY-97369,INV-69787,OMC-013,Lake Oil,GB88TEHE71937452991241,2026-05-30,247985,1
PAY-49093,INV-87969,OMC-016,KPA Marine,GB31MOOJ96499091334123,2025-05-13,114873,1
PAY-15416,INV-19226,OMC-019,Tanzania Petroleum,GB59MHYN05766270289517,2026-04-21,205819,1
PAY-14012,INV-39136,OMC-001,TotalEnergies Kenya,GB06DMIO52553419283276,2026-01-05,182031,1
PAY-52100,INV-89802,OMC-017,KAA Aviation,GB54HVSS04902787429671,27/06/2025,25665,1
PAY-85049,INV-62510,OMC-014,Texol Energies,GB06ONXS45314737996507,2025-04-19,55073,1
PAY-78622,INV-37392,OMC-014,Texol Energies,GB06ONXS45314737996507,2026-03-06,20632,1
PAY-62051,INV-96498,OMC-011,Hass Petroleum,GB56WGCN65876036690967,23/04/2025,168128,1
PAY-38590,INV-55711,OMC-008,National Oil,GB08NAFX56342160733754,2025-03-01,96520,1
PAY-50148,INV-87537,OMC-008,National Oil,GB08NAFX56342160733754,2025-03-23,115071,1
PAY-76557,INV-96046,OMC-002,Vivo Energy,GB45OQIR01845146270482,2025-05-14,31629,1
PAY-42335,INV-93971,OMC-003,Rubis Energy,GB04LOQO13315098393010,11/04/2025,41182,1
PAY-54952,INV-27916,OMC-007,Kobil,GB37IDDX82449353487401,2025-07-09,47905,1
PAY-25915,INV-16970,OMC-015,Mombasa Petroleum,GB80WOIJ43135182337498,15/05/2026,34708,1
PAY-61835,INV-78837,OMC-009,Dalbit Petroleum,GB53VXXX35615951484656,2025-08-08,28280,1
PAY-93161,INV-77392,OMC-020,Ethiopian Oil,GB14NSVZ22219693792374,18/11/2025,208869,1
PAY-92277,INV-55997,OMC-012,Galana Energies,GB89GWUW86379402654235,2026-07-07,11192,2
PAY-84633,INV-33115,OMC-005,PetroOil Kenya,GB89GWUW86379402654235,2026-04-23," KES 31,904 ",1
PAY-96629,INV-13120,OMC-007,Kobil,GB37IDDX82449353487401,03/06/2025,35712,1
PAY-63400,INV-26204,OMC-008,National Oil,GB08NAFX56342160733754,2026-06-21,171234,1
PAY-76134,INV-42115,OMC-017,KAA Aviation,GB54HVSS04902787429671,2026-07-12,26807,1
PAY-17094,INV-37559,OMC-004,Gulf Energy,GB89GWUW86379402654235,2026-07-27,48274,2
PAY-39284,INV-25409,OMC-016,KPA Marine,GB31MOOJ96499091334123,2025-05-26,104389,1
PAY-28565,INV-27834,OMC-018,Uganda National Oil,GB36RNCH17127484677378,2025-04-19," KES 106,978 ",1
PAY-72663,INV-32030,OMC-017,KAA Aviation,GB54HVSS04902787429671,2025-02-24,150743,1
PAY-99294,INV-92768,OMC-005,PetroOil Kenya,GB89GWUW86379402654235,,95485,1
PAY-40615,INV-57840,OMC-013,Lake Oil,GB88TEHE71937452991241,2025-06-16,76345,1
PAY-98140,INV-18694,OMC-014,Texol Energies,GB06ONXS45314737996507,2026-01-23,215689,1
PAY-24662,INV-86469,OMC-012,Galana Energies,GB89GWUW86379402654235,2026-03-14,176886,1
PAY-68169,INV-15817,OMC-014,Texol Energies,GB06ONXS45314737996507,2026-08-12,68271,2
PAY-79340,INV-55784,OMC-015,Mombasa Petroleum,GB80WOIJ43135182337498,2025-09-24,237112,1
PAY-98719,INV-98129,OMC-011,Hass Petroleum,GB56WGCN65876036690967,2026-04-10,261421,1
PAY-78951,INV-84866,OMC-018,Uganda National Oil,GB36RNCH17127484677378,2025-06-05," KES 33,644 ",1
PAY-97720,INV-48232,OMC-003,Rubis Energy,GB04LOQO13315098393010,2026-03-16,107483,1
PAY-93321,INV-14844,OMC-018,Uganda National Oil,GB36RNCH17127484677378,2025-04-12,22045,2
PAY-58912,INV-67398,OMC-013,Lake Oil,GB88TEHE71937452991241,2025-11-12," KES 140,605 ",1
PAY-70114,INV-98836,OMC-009,Dalbit Petroleum,GB53VXXX35615951484656,2025-06-16,25805,2
PAY-97373,INV-35583,OMC-014,Texol Energies,GB06ONXS45314737996507,,61214,2
PAY-91960,INV-15440,OMC-005,PetroOil Kenya,GB89GWUW86379402654235,2026-05-27,63163,1
PAY-13356,INV-41009,OMC-009,Dalbit Petroleum,GB53VXXX35615951484656,2026-01-15,148877,1
PAY-58581,INV-56302,OMC-001,TotalEnergies Kenya,GB06DMIO52553419283276,,110211,1
PAY-95345,INV-33810,OMC-004,Gulf Energy,GB89GWUW86379402654235,2026-05-13,52880,1
PAY-22578,INV-48311,OMC-005,PetroOil Kenya,GB89GWUW86379402654235,19/03/2026,78552,2
PAY-13477,INV-84958,OMC-004,Gulf Energy,GB89GWUW86379402654235,2026-04-12,124098,2
PAY-11132,INV-53537,OMC-017,KAA Aviation,GB54HVSS04902787429671,2026-01-11," KES 186,850 ",1
PAY-79438,INV-77149,OMC-018,Uganda National Oil,GB36RNCH17127484677378,2025-04-02,14929,2
PAY-76461,INV-54447,OMC-005,PetroOil Kenya,GB89GWUW86379402654235,2026-06-22,73053,1
PAY-73573,INV-42935,OMC-016,KPA Marine,GB31MOOJ96499091334123,2025-09-17,220924,1
PAY-17006,INV-46756,OMC-004,Gulf Energy,GB89GWUW86379402654235,2026-05-06,23320,1
PAY-16514,INV-76647,OMC-001,TotalEnergies Kenya,GB06DMIO52553419283276,2025-10-04,18450,1
PAY-69611,INV-19706,OMC-009,Dalbit Petroleum,GB53VXXX35615951484656,2025-11-20,18856,1
PAY-96393,INV-87537,OMC-018,Uganda National Oil,GB36RNCH17127484677378,2026-04-20,191531,1
PAY-88514,INV-64970,OMC-002,Vivo Energy,GB45OQIR01845146270482,2025-06-11,197296,1
PAY-71270,INV-67542,OMC-011,Hass Petroleum,GB56WGCN65876036690967,2026-05-22,42770,1
PAY-34078,INV-94678,OMC-019,Tanzania Petroleum,GB59MHYN05766270289517,2025-04-22,47338,2
PAY-51388,INV-13695,OMC-008,National Oil,GB08NAFX56342160733754,,26075,1
PAY-25240,INV-25780,OMC-011,Hass Petroleum,GB56WGCN65876036690967,2026-03-20,233501,1
PAY-83672,INV-60748,OMC-015,Mombasa Petroleum,GB80WOIJ43135182337498,2026-08-04,230971,1
PAY-41525,INV-52539,OMC-002,Vivo Energy,GB45OQIR01845146270482,2026-02-04,227069,1
PAY-16709,INV-25718,OMC-020,Ethiopian Oil,GB14NSVZ22219693792374,25/06/2025,17823,1
PAY-41949,INV-51018,OMC-008,National Oil,GB08NAFX56342160733754,2025-02-19,248773,1
PAY-34587,INV-24788,OMC-012,Galana Energies,GB89GWUW86379402654235,2026-03-15,33260,1
PAY-82631,INV-12730,OMC-006,Hashi Energy,GB05QCFC91361939909169,2025-03-28,99057,1
PAY-18167,INV-91145,OMC-013,Lake Oil,GB88TEHE71937452991241,2025-09-30,57379,1
PAY-84387,INV-33257,OMC-014,Texol Energies,GB06ONXS45314737996507,2025-05-05,80700,1
PAY-24192,INV-58186,OMC-016,KPA Marine,GB31MOOJ96499091334123,2026-03-04,36977,1
PAY-92240,INV-98378,OMC-012,Galana Energies,GB89GWUW86379402654235,2026-06-20,241563,1
PAY-85938,INV-76301,OMC-004,Gulf Energy,GB89GWUW86379402654235,2026-04-15,193689,1
PAY-12662,INV-69474,OMC-004,Gulf Energy,GB89GWUW86379402654235,2026-03-21,17163,2
PAY-48218,INV-11447,OMC-014,Texol Energies,GB06ONXS45314737996507,2025-09-15,58707,1
PAY-28365,INV-28104,OMC-011,Hass Petroleum,GB56WGCN65876036690967,2025-01-31," KES 24,016 ",1
PAY-42143,INV-70081,OMC-017,KAA Aviation,GB54HVSS04902787429671,,57247,1
PAY-88867,INV-24248,OMC-016,KPA Marine,GB31MOOJ96499091334123,2026-03-10,29059,1
PAY-51386,INV-75821,OMC-001,TotalEnergies Kenya,GB06DMIO52553419283276,2026-02-13,82726,1
PAY-88796,INV-94599,OMC-002,Vivo Energy,GB45OQIR01845146270482,2025-04-24,122528,1
PAY-64389,INV-31312,OMC-018,Uganda National Oil,GB36RNCH17127484677378,2026-05-15,43904,1
PAY-13331,INV-44734,OMC-005,PetroOil Kenya,GB89GWUW86379402654235,2026-06-17,52142,2
PAY-14055,INV-43146,OMC-003,Rubis Energy,GB04LOQO13315098393010,2026-08-19,170033,1
PAY-22578,INV-65769,OMC-004,Gulf Energy,GB89GWUW86379402654235,28/05/2026,212839,1
PAY-40138,INV-67974,OMC-010,Tamoil,GB34EABH79176936763201,2025-12-16,183197,1
PAY-42163,INV-76757,OMC-013,Lake Oil,GB88TEHE71937452991241,2025-10-07,207719,1
PAY-95897,INV-23280,OMC-014,Texol Energies,GB06ONXS45314737996507,2026-04-07,26614,1
PAY-92919,INV-65158,OMC-009,Dalbit Petroleum,GB53VXXX35615951484656,2026-07-28,68812,2
PAY-89939,INV-39827,OMC-020,Ethiopian Oil,GB14NSVZ22219693792374,2025-04-16,44818,1
PAY-46633,INV-55997,OMC-012,Galana Energies,GB89GWUW86379402654235,2026-06-21,37627,1
PAY-71899,INV-83690,OMC-005,PetroOil Kenya,GB89GWUW86379402654235,14/06/2026,74535,2
PAY-17356,INV-91941,OMC-009,Dalbit Petroleum,GB53VXXX35615951484656,,53403,2
PAY-87863,INV-10731,OMC-003,Rubis Energy,GB04LOQO13315098393010,2025-06-23,59101,1
PAY-12703,INV-13668,OMC-004,Gulf Energy,GB89GWUW86379402654235,,27849,1
PAY-41717,INV-89341,OMC-017,KAA Aviation,GB54HVSS04902787429671,2026-01-16,54503,1
PAY-30505,INV-21798,OMC-002,Vivo Energy,GB45OQIR01845146270482,2025-10-03,202965,1
PAY-88043,INV-92284,OMC-020,Ethiopian Oil,GB14NSVZ22219693792374,2026-04-11,197163,1
PAY-23396,INV-98550,OMC-002,Vivo Energy,GB45OQIR01845146270482,2025-04-07,50720,1
PAY-25452,INV-86816,OMC-010,Tamoil,GB34EABH79176936763201,2025-06-24,104885,1
PAY-66865,INV-11017,OMC-005,PetroOil Kenya,GB89GWUW86379402654235,2026-03-27,35136,1
PAY-51515,INV-43558,OMC-020,Ethiopian Oil,GB14NSVZ22219693792374,2026-05-23,56249,1
PAY-58418,INV-57180,OMC-008,National Oil,GB08NAFX56342160733754,2025-09-26,49367,2
PAY-91024,INV-37751,OMC-006,Hashi Energy,GB05QCFC91361939909169,31/05/2026,88108,1
PAY-58650,INV-64150,OMC-014,Texol Energies,GB06ONXS45314737996507,2025-12-20,91498,1
PAY-85521,INV-29448,OMC-010,Tamoil,GB34EABH79176936763201,2025-06-27,171813,1
PAY-64079,INV-76525,OMC-002,Vivo Energy,GB45OQIR01845146270482,2026-06-03,74750,2
PAY-24661,INV-72616,OMC-020,Ethiopian Oil,GB14NSVZ22219693792374,2025-09-05,34129,1
PAY-53181,INV-28837,OMC-019,Tanzania Petroleum,GB59MHYN05766270289517,2025-10-23,63795,2
PAY-65979,INV-35172,OMC-003,Rubis Energy,GB04LOQO13315098393010,2026-04-24,192004,1
PAY-25254,INV-94156,OMC-012,Galana Energies,GB89GWUW86379402654235,2026-05-04,24629,2
PAY-10720,INV-62177,OMC-014,Texol Energies,GB06ONXS45314737996507,18/02/2026,10420,2
PAY-22642,INV-25014,OMC-011,Hass Petroleum,GB56WGCN65876036690967,2026-06-04,64787,1
PAY-79001,INV-94590,OMC-013,Lake Oil,GB88TEHE71937452991241,2025-06-12,25963,1
PAY-91856,INV-33067,OMC-002,Vivo Energy,GB45OQIR01845146270482,2026-08-14,168833,1
PAY-61449,INV-52865,OMC-017,KAA Aviation,GB54HVSS04902787429671,2026-04-29,42678,1
PAY-65199,INV-48381,OMC-011,Hass Petroleum,GB56WGCN65876036690967,2025-09-10,21769,1
PAY-14231,INV-24860,OMC-013,Lake Oil,GB88TEHE71937452991241,2026-02-19,135911,1
PAY-28661,INV-94442,OMC-002,Vivo Energy,GB45OQIR01845146270482,2025-03-16,214606,1
PAY-53555,INV-37815,OMC-007,Kobil,GB37IDDX82449353487401,2026-03-16,85101,1
PAY-35745,INV-35900,OMC-001,TotalEnergies Kenya,GB06DMIO52553419283276,2026-01-18,232200,1
PAY-82564,INV-11695,OMC-010,Tamoil,GB34EABH79176936763201,2025-10-07,246230,1
PAY-96316,INV-85209,OMC-018,Uganda National Oil,GB36RNCH17127484677378,2026-01-29,274578,1
PAY-77323,INV-55494,OMC-006,Hashi Energy,GB05QCFC91361939909169,2025-04-09,106335,1
PAY-22241,INV-53472,OMC-013,Lake Oil,GB88TEHE71937452991241,06/06/2026,213076,1
PAY-56508,INV-34185,OMC-011,Hass Petroleum,GB56WGCN65876036690967,2026-01-19,42250,1
PAY-27071,INV-47190,OMC-011,Hass Petroleum,GB56WGCN65876036690967,2025-07-12,224799,1
PAY-22902,INV-41402,OMC-017,KAA Aviation,GB54HVSS04902787429671,06/04/2025,26107,1
PAY-85309,INV-79000,OMC-002,Vivo Energy,GB45OQIR01845146270482,2025-12-04,57645,2
PAY-20450,INV-45537,OMC-015,Mombasa Petroleum,GB80WOIJ43135182337498,2025-11-26,137919,1
PAY-24938,INV-74782,OMC-013,Lake Oil,GB88TEHE71937452991241,2025-03-30,35692,1
PAY-99436,INV-98805,OMC-017,KAA Aviation,GB54HVSS04902787429671,2026-08-23,43585,1
PAY-69695,INV-94532,OMC-014,Texol Energies,GB06ONXS45314737996507,,125398,1
PAY-16715,INV-42251,OMC-016,KPA Marine,GB31MOOJ96499091334123,2026-01-19,48643,1
PAY-58750,INV-34602,OMC-017,KAA Aviation,GB54HVSS04902787429671,2025-11-29,37965,1
PAY-20855,INV-62866,OMC-013,Lake Oil,GB88TEHE71937452991241,2025-12-28,35992,1
PAY-86271,INV-30133,OMC-014,Texol Energies,GB06ONXS45314737996507,2025-05-31," KES 93,355 ",1
PAY-87312,INV-45861,OMC-014,Texol Energies,GB06ONXS45314737996507,2025-04-09,32070,1
PAY-64308,INV-40808,OMC-002,Vivo Energy,GB45OQIR01845146270482,2025-03-07,49894,1
PAY-89202,INV-78394,OMC-008,National Oil,GB08NAFX56342160733754,2026-01-02,47703,1
PAY-65750,INV-19571,OMC-012,Galana Energies,GB89GWUW86379402654235,2026-05-23,180297,1
PAY-67977,INV-61812,OMC-007,Kobil,GB37IDDX82449353487401,2025-12-11,227784,1
PAY-43323,INV-81844,OMC-016,KPA Marine,GB31MOOJ96499091334123,2026-02-22," KES 30,935 ",1
PAY-59840,INV-38846,OMC-002,Vivo Energy,GB45OQIR01845146270482,2026-01-01,119104,1
PAY-77351,INV-36952,OMC-005,PetroOil Kenya,GB89GWUW86379402654235,2026-05-17,45593,1
PAY-23828,INV-57356,OMC-013,Lake Oil,GB88TEHE71937452991241,2026-06-23,28262,1
PAY-37787,INV-18320,OMC-006,Hashi Energy,GB05QCFC91361939909169,2025-05-30,53453,1
PAY-35008,INV-86648,OMC-017,KAA Aviation,GB54HVSS04902787429671,2025-11-01,31608,1
PAY-35479,INV-65391,OMC-017,KAA Aviation,GB54HVSS04902787429671,2025-11-06,179794,1
PAY-23310,INV-91700,OMC-017,KAA Aviation,GB54HVSS04902787429671,2025-05-05,34920,1
PAY-65179,INV-98705,OMC-012,Galana Energies,GB89GWUW86379402654235,2026-06-16,33616,1
PAY-39598,INV-90041,OMC-015,Mombasa Petroleum,GB80WOIJ43135182337498,2026-07-08,188560,1
PAY-13617,INV-96721,OMC-010,Tamoil,GB34EABH79176936763201,2025-09-22,118427,1
PAY-39330,INV-80115,OMC-010,Tamoil,GB34EABH79176936763201,2026-01-05,44091,1
PAY-68329,INV-36128,OMC-012,Galana Energies,GB89GWUW86379402654235,,93420,1
PAY-68226,INV-83285,OMC-009,Dalbit Petroleum,GB53VXXX35615951484656,2025-04-17," KES 279,072 ",1
PAY-23487,INV-48449,OMC-003,Rubis Energy,GB04LOQO13315098393010,2025-07-22,45908,1
PAY-36053,INV-56544,OMC-016,KPA Marine,GB31MOOJ96499091334123,2026-01-12,62906,2
PAY-81692,INV-67249,OMC-002,Vivo Energy,GB45OQIR01845146270482,2026-02-19,40370,1
PAY-93169,INV-23874,OMC-001,TotalEnergies Kenya,GB06DMIO52553419283276,2025-12-18,194792,1
PAY-39606,INV-60879,OMC-012,Galana Energies,GB89GWUW86379402654235,2026-06-08,60008,2
PAY-90689,INV-16157,OMC-014,Texol Energies,GB06ONXS45314737996507,2025-10-18,124703,1
PAY-31846,INV-60214,OMC-014,Texol Energies,GB06ONXS45314737996507,2026-03-22,67501,2
PAY-47089,INV-99803,OMC-007,Kobil,GB37IDDX82449353487401,23/09/2025,41112,1
PAY-45486,INV-29878,OMC-019,Tanzania Petroleum,GB59MHYN05766270289517,2025-12-10,93202,1
PAY-39710,INV-36995,OMC-006,Hashi Energy,GB05QCFC91361939909169,2026-01-03,130551,1
PAY-36373,INV-72400,OMC-011,Hass Petroleum,GB56WGCN65876036690967,2025-10-09,211470,1
PAY-71842,INV-57578,OMC-012,Galana Energies,GB89GWUW86379402654235,2026-05-06,38661,1
PAY-61981,INV-17451,OMC-017,KAA Aviation,GB54HVSS04902787429671,2026-03-28,25226,1
PAY-99918,INV-21390,OMC-019,Tanzania Petroleum,GB59MHYN05766270289517,2025-02-27,76504,1
PAY-49797,INV-98029,OMC-008,National Oil,GB08NAFX56342160733754,2025-11-17," KES 54,683 ",1
PAY-24749,INV-26433,OMC-001,TotalEnergies Kenya,GB06DMIO52553419283276,2026-06-18,82415,2
PAY-50511,INV-13114,OMC-015,Mombasa Petroleum,GB80WOIJ43135182337498,2025-10-11,146799,1
PAY-94426,INV-82520,OMC-020,Ethiopian Oil,GB14NSVZ22219693792374,2025-10-25,38682,1
PAY-93138,INV-77463,OMC-003,Rubis Energy,GB04LOQO13315098393010,2025-04-14,50395,1
PAY-79886,INV-51244,OMC-002,Vivo Energy,GB45OQIR01845146270482,2026-02-22,251324,1
PAY-87329,INV-70015,OMC-008,National Oil,GB08NAFX56342160733754,2025-09-29,203447,1
PAY-56097,INV-18352,OMC-014,Texol Energies,GB06ONXS45314737996507,2026-04-22,14322,2
PAY-25173,INV-75149,OMC-016,KPA Marine,GB31MOOJ96499091334123,2025-12-19,59295,1
PAY-49974,INV-11443,OMC-001,TotalEnergies Kenya,GB06DMIO52553419283276,2025-07-18,15577,1
PAY-78705,INV-57483,OMC-020,Ethiopian Oil,GB14NSVZ22219693792374,06/09/2026,27632,2
PAY-85627,INV-60692,OMC-005,PetroOil Kenya,GB89GWUW86379402654235,2026-04-01,6948,2
PAY-39598,INV-18040,OMC-019,Tanzania Petroleum,GB59MHYN05766270289517,2025-05-19,157803,1
PAY-90209,INV-16900,OMC-012,Galana Energies,GB89GWUW86379402654235,2026-04-11,114000,1
PAY-13915,INV-76139,OMC-015,Mombasa Petroleum,GB80WOIJ43135182337498,2025-11-29,35159,1
PAY-63335,INV-63357,OMC-016,KPA Marine,GB31MOOJ96499091334123,,215426,1
PAY-14884,INV-26930,OMC-007,Kobil,GB37IDDX82449353487401,2025-08-08,251637,1
PAY-99799,INV-23011,OMC-015,Mombasa Petroleum,GB80WOIJ43135182337498,2026-06-16,257206,1
PAY-84704,INV-27433,OMC-003,Rubis Energy,GB04LOQO13315098393010,2026-07-31,40058,1
PAY-79575,INV-49401,OMC-010,Tamoil,GB34EABH79176936763201,2026-03-02,23266,1
PAY-83538,INV-17258,OMC-017,KAA Aviation,GB54HVSS04902787429671,2026-02-06,215416,1
PAY-95737,INV-50033,OMC-016,KPA Marine,GB31MOOJ96499091334123,2026-01-30,264636,1
PAY-66418,INV-37559,OMC-004,Gulf Energy,GB89GWUW86379402654235,2026-07-05,62297,1
PAY-27578,INV-83909,OMC-004,Gulf Energy,GB89GWUW86379402654235,2026-03-19,165650,1
PAY-76333,INV-88556,OMC-019,Tanzania Petroleum,GB59MHYN05766270289517,2026-04-28,192128,1
PAY-13287,INV-42099,OMC-007,Kobil,GB37IDDX82449353487401,2026-01-19,185545,1
PAY-64671,INV-76795,OMC-006,Hashi Energy,GB05QCFC91361939909169,2025-07-29,32040,1
PAY-24956,INV-93635,OMC-017,KAA Aviation,GB54HVSS04902787429671,2025-08-07,24205,1
PAY-26752,INV-21687,OMC-002,Vivo Energy,GB45OQIR01845146270482,2026-03-31,235385,1
PAY-74807,INV-91299,OMC-004,Gulf Energy,GB89GWUW86379402654235,2026-05-20,240990,1
PAY-86587,INV-98809,OMC-004,Gulf Energy,GB89GWUW86379402654235,2026-05-29,140733,1
PAY-45777,INV-21411,OMC-001,TotalEnergies Kenya,GB06DMIO52553419283276,2026-03-29,25796,1
PAY-83968,INV-82907,OMC-017,KAA Aviation,GB54HVSS04902787429671,2025-12-27,44557,1
PAY-96107,INV-54909,OMC-014,Texol Energies,GB06ONXS45314737996507,2026-05-10,41080,2
PAY-53538,INV-57243,OMC-010,Tamoil,GB34EABH79176936763201,2025-09-20,224928,1
PAY-74608,INV-32162,OMC-006,Hashi Energy,GB05QCFC91361939909169,2026-07-20,29366,1
PAY-61656,INV-42067,OMC-019,Tanzania Petroleum,GB59MHYN05766270289517,2025-12-28,61157,1
PAY-66304,INV-28436,OMC-005,PetroOil Kenya,GB89GWUW86379402654235,2026-05-25,65339,2
PAY-27752,INV-59339,OMC-005,PetroOil Kenya,GB89GWUW86379402654235,31/03/2026,44856,1
PAY-48655,INV-28605,OMC-010,Tamoil,GB34EABH79176936763201,2025-09-14,48347,1
PAY-51392,INV-93968,OMC-017,KAA Aviation,GB54HVSS04902787429671,2025-03-05,30921,1
PAY-69298,INV-54954,OMC-006,Hashi Energy,GB05QCFC91361939909169,2026-06-24,230283,1
PAY-91102,INV-45494,OMC-002,Vivo Energy,GB45OQIR01845146270482,2025-04-05,55329,1
PAY-55781,INV-91204,OMC-017,KAA Aviation,GB54HVSS04902787429671,2025-10-20,217468,1
PAY-89576,INV-12965,OMC-020,Ethiopian Oil,GB14NSVZ22219693792374,2026-07-18,41543,2
PAY-58342,INV-56084,OMC-017,KAA Aviation,GB54HVSS04902787429671,2026-03-27,33832,1
PAY-38109,INV-24589,OMC-017,KAA Aviation,GB54HVSS04902787429671,2026-03-25,55446,1
PAY-93074,INV-77977,OMC-002,Vivo Energy,GB45OQIR01845146270482,2025-08-22,194463,1
PAY-62651,INV-66315,OMC-009,Dalbit Petroleum,GB53VXXX35615951484656,2025-12-12," KES 12,560 ",2
PAY-12185,INV-12845,OMC-005,PetroOil Kenya,GB89GWUW86379402654235,2026-05-10,225137,1
PAY-56337,INV-85556,OMC-007,Kobil,GB37IDDX82449353487401,2025-04-24,93926,1
PAY-60403,INV-18049,OMC-013,Lake Oil,GB88TEHE71937452991241,2026-05-03,44875,1
PAY-96333,INV-63500,OMC-005,PetroOil Kenya,GB89GWUW86379402654235,2026-05-28,109589,2
PAY-91405,INV-62354,OMC-016,KPA Marine,GB31MOOJ96499091334123,2025-07-15,111193,1
PAY-71907,INV-65397,OMC-008,National Oil,GB08NAFX56342160733754,2025-01-21,54802,1
PAY-90590,INV-72675,OMC-004,Gulf Energy,GB89GWUW86379402654235,2026-06-12,27857,1
PAY-69600,INV-33623,OMC-002,Vivo Energy,GB45OQIR01845146270482,,36111,1
PAY-60221,INV-69747,OMC-007,Kobil,GB37IDDX82449353487401,2025-10-11,191775,1
PAY-41153,INV-31907,OMC-005,PetroOil Kenya,GB89GWUW86379402654235,2026-05-31,46956,1
PAY-22746,INV-74141,OMC-003,Rubis Energy,GB04LOQO13315098393010,2025-08-11,61987,1
PAY-72876,INV-61709,OMC-006,Hashi Energy,GB05QCFC91361939909169,2026-04-12,24194,1
PAY-28409,INV-94708,OMC-015,Mombasa Petroleum,GB80WOIJ43135182337498,2026-06-22,205081,1
PAY-93211,INV-34355,OMC-020,Ethiopian Oil,GB14NSVZ22219693792374,2025-10-07,265800,1
PAY-69751,INV-50419,OMC-014,Texol Energies,GB06ONXS45314737996507,2026-02-16," KES 169,962 ",1
PAY-71755,INV-23163,OMC-018,Uganda National Oil,GB36RNCH17127484677378,2026-02-03," KES 216,342 ",1
PAY-23528,INV-94085,OMC-010,Tamoil,GB34EABH79176936763201,2025-02-26,195146,1
PAY-79511,INV-18929,OMC-020,Ethiopian Oil,GB14NSVZ22219693792374,2025-02-18,58617,1
PAY-73537,INV-51180,OMC-008,National Oil,GB08NAFX56342160733754,2025-07-14,31138,1
PAY-45898,INV-77860,OMC-013,Lake Oil,GB88TEHE71937452991241,2026-03-23,63331,1
PAY-51478,INV-93428,OMC-007,Kobil,GB37IDDX82449353487401,2026-01-02,201479,1
PAY-15067,INV-96733,OMC-009,Dalbit Petroleum,GB53VXXX35615951484656,2025-12-30,119417,1
PAY-64279,INV-51259,OMC-016,KPA Marine,GB31MOOJ96499091334123,2025-03-11,128457,1
PAY-62614,INV-80841,OMC-010,Tamoil,GB34EABH79176936763201,2026-03-25,60692,1
PAY-90758,INV-57935,OMC-016,KPA Marine,GB31MOOJ96499091334123,2026-07-27,31274,1
PAY-87344,INV-42142,OMC-020,Ethiopian Oil,GB14NSVZ22219693792374,2025-12-25,152028,1
PAY-47836,INV-31500,OMC-011,Hass Petroleum,GB56WGCN65876036690967,,223970,1
PAY-87900,INV-68004,OMC-015,Mombasa Petroleum,GB80WOIJ43135182337498,2025-09-09,161901,1
PAY-39705,INV-91680,OMC-006,Hashi Energy,GB05QCFC91361939909169,2025-06-11,40736,1
PAY-93109,INV-59906,OMC-007,Kobil,GB37IDDX82449353487401,2026-01-26,38687,1
PAY-78099,INV-80631,OMC-010,Tamoil,GB34EABH79176936763201,2025-05-06,83075,1
PAY-45792,INV-76435,OMC-014,Texol Energies,GB06ONXS45314737996507,2025-09-11,43322,1
PAY-88444,INV-67329,OMC-013,Lake Oil,GB88TEHE71937452991241,18/05/2026,39059,1
PAY-69516,INV-88276,OMC-017,KAA Aviation,GB54HVSS04902787429671,2025-08-01,27746,1
PAY-27629,INV-50021,OMC-018,Uganda National Oil,GB36RNCH17127484677378,2025-11-01,231213,1
PAY-88411,INV-29064,OMC-005,PetroOil Kenya,GB89GWUW86379402654235,20/05/2026,64831,2
PAY-29718,INV-83820,OMC-014,Texol Energies,GB06ONXS45314737996507,2026-01-25,37258,1
PAY-90642,INV-83838,OMC-018,Uganda National Oil,GB36RNCH17127484677378,,111600,1
PAY-50552,INV-91987,OMC-008,National Oil,GB08NAFX56342160733754,2026-09-01,79729,2
PAY-53378,INV-63582,OMC-007,Kobil,GB37IDDX82449353487401,2025-01-31,42153,1
PAY-39822,INV-57948,OMC-015,Mombasa Petroleum,GB80WOIJ43135182337498,2026-02-27,120277,1
PAY-18551,INV-10240,OMC-015,Mombasa Petroleum,GB80WOIJ43135182337498,2026-08-12,170480,1
PAY-45624,INV-24274,OMC-002,Vivo Energy,GB45OQIR01845146270482,2026-03-24,89497,1
PAY-70482,INV-62171,OMC-018,Uganda National Oil,GB36RNCH17127484677378,24/07/2025,102011,1
PAY-78970,INV-22553,OMC-012,Galana Energies,GB89GWUW86379402654235,2026-07-09,65886,2
PAY-58462,INV-73423,OMC-008,National Oil,GB08NAFX56342160733754,2025-03-30,37681,1
PAY-23034,INV-16222,OMC-002,Vivo Energy,GB45OQIR01845146270482,2025-06-15,164094,1
PAY-41288,INV-30773,OMC-015,Mombasa Petroleum,GB80WOIJ43135182337498,2026-07-30,57541,1
PAY-16494,INV-26442,OMC-011,Hass Petroleum,GB56WGCN65876036690967,2025-12-05," KES 130,132 ",1
PAY-60898,INV-52703,OMC-001,TotalEnergies Kenya,GB06DMIO52553419283276,2025-05-26,26810,1
PAY-33050,INV-68371,OMC-009,Dalbit Petroleum,GB53VXXX35615951484656,2026-06-19,96453,1
PAY-14551,INV-96386,OMC-009,Dalbit Petroleum,GB53VXXX35615951484656,2025-09-03,47877,1
PAY-56871,INV-62287,OMC-003,Rubis Energy,GB04LOQO13315098393010,2025-12-23,215655,1
PAY-94274,INV-41146,OMC-005,PetroOil Kenya,GB89GWUW86379402654235,2026-04-19,26115,2
PAY-70731,INV-87657,OMC-013,Lake Oil,GB88TEHE71937452991241,2025-06-30,182610,1
PAY-62224,INV-92730,OMC-016,KPA Marine,GB31MOOJ96499091334123,2026-06-14,23385,1
PAY-35011,INV-33935,OMC-018,Uganda National Oil,GB36RNCH17127484677378,2026-02-28," KES 49,620 ",2
PAY-45890,INV-78374,OMC-020,Ethiopian Oil,GB14NSVZ22219693792374,2026-05-29,59011,1
PAY-66851,INV-25952,OMC-013,Lake Oil,GB88TEHE71937452991241,2026-01-14,217599,1
PAY-10003,INV-58765,OMC-014,Texol Energies,GB06ONXS45314737996507,2025-11-12,241392,1
PAY-33794,INV-32677,OMC-018,Uganda National Oil,GB36RNCH17127484677378,2025-06-09,250982,1
PAY-91527,INV-14679,OMC-002,Vivo Energy,GB45OQIR01845146270482,2025-10-16,99056,1
PAY-41334,INV-91305,OMC-010,Tamoil,GB34EABH79176936763201,01/07/2026,18607,2
PAY-18879,INV-73221,OMC-003,Rubis Energy,GB04LOQO13315098393010,2026-02-08,47563,1
PAY-13891,INV-22183,OMC-008,National Oil,GB08NAFX56342160733754,2026-03-22,30474,1
PAY-17271,INV-25371,OMC-006,Hashi Energy,GB05QCFC91361939909169,2026-03-19,239054,1
PAY-60166,INV-72478,OMC-003,Rubis Energy,GB04LOQO13315098393010,2025-04-19,224121,1
PAY-75829,INV-77664,OMC-012,Galana Energies,GB89GWUW86379402654235,2026-04-30," KES 35,186 ",2
PAY-68261,INV-97240,OMC-015,Mombasa Petroleum,GB80WOIJ43135182337498,2026-05-07,300343,1
PAY-84758,INV-41896,OMC-009,Dalbit Petroleum,GB53VXXX35615951484656,2025-04-21,115870,1
PAY-40423,INV-51466,OMC-013,Lake Oil,GB88TEHE71937452991241,2025-11-11,26032,1
PAY-62786,INV-63688,OMC-018,Uganda National Oil,GB36RNCH17127484677378,2025-04-11,105397,1
PAY-52813,INV-45346,OMC-019,Tanzania Petroleum,GB59MHYN05766270289517,2025-02-25,42227,1
PAY-90503,INV-94559,OMC-007,Kobil,GB37IDDX82449353487401,2025-02-20," KES 24,411 ",1
PAY-81839,INV-17237,OMC-015,Mombasa Petroleum,GB80WOIJ43135182337498,2025-07-11,28750,1
PAY-51734,INV-24692,OMC-010,Tamoil,GB34EABH79176936763201,2026-05-09," KES 34,808 ",1
PAY-66714,INV-61488,OMC-001,TotalEnergies Kenya,GB06DMIO52553419283276,2025-11-24,30288,1
PAY-13106,INV-69155,OMC-007,Kobil,GB37IDDX82449353487401,2026-03-08,161058,1
PAY-68806,INV-14416,OMC-012,Galana Energies,GB89GWUW86379402654235,2026-03-26,10154,2
PAY-50379,INV-37713,OMC-011,Hass Petroleum,GB56WGCN65876036690967,2025-10-18,179612,1
PAY-98892,INV-11178,OMC-010,Tamoil,GB34EABH79176936763201,2026-07-03,22643,1
PAY-42266,INV-20805,OMC-008,National Oil,GB08NAFX56342160733754,2026-04-21,59560,1
PAY-84977,INV-45318,OMC-001,TotalEnergies Kenya,GB06DMIO52553419283276,2025-04-23,123937,1
PAY-59066,INV-26859,OMC-020,Ethiopian Oil,GB14NSVZ22219693792374,2025-05-23,113272,1
PAY-92011,INV-53919,OMC-015,Mombasa Petroleum,GB80WOIJ43135182337498,19/06/2026,38120,1
PAY-79469,INV-89679,OMC-019,Tanzania Petroleum,GB59MHYN05766270289517,2025-06-05,204233,1
PAY-45697,INV-50599,OMC-013,Lake Oil,GB88TEHE71937452991241,2025-11-21," KES 50,313 ",1
PAY-11131,INV-68714,OMC-019,Tanzania Petroleum,GB59MHYN05766270289517,2026-03-10,21185,1
PAY-35781,INV-88117,OMC-001,TotalEnergies Kenya,GB06DMIO52553419283276,2025-10-30,30992,1
PAY-91268,INV-80598,OMC-013,Lake Oil,GB88TEHE71937452991241,2025-06-04," KES 160,894 ",1
PAY-42667,INV-38003,OMC-016,KPA Marine,GB31MOOJ96499091334123,28/04/2026,122870,1
PAY-53191,INV-20021,OMC-014,Texol Energies,GB06ONXS45314737996507,2026-07-19,23349,1
PAY-91430,INV-15429,OMC-016,KPA Marine,GB31MOOJ96499091334123,16/04/2026,19342,1
PAY-89277,INV-68969,OMC-006,Hashi Energy,GB05QCFC91361939909169,2026-06-11,59567,1
PAY-65146,INV-28152,OMC-007,Kobil,GB37IDDX82449353487401,2025-12-19,59023,1
PAY-17575,INV-59871,OMC-010,Tamoil,GB34EABH79176936763201,2026-06-11,188561,1
PAY-62557,INV-26492,OMC-017,KAA Aviation,GB54HVSS04902787429671,2025-09-15,241837,1
PAY-38213,INV-52068,OMC-012,Galana Energies,GB89GWUW86379402654235,2026-03-11,29750,1
PAY-23530,INV-83757,OMC-011,Hass Petroleum,GB56WGCN65876036690967,2025-04-22," KES 268,348 ",1
PAY-43973,INV-49845,OMC-010,Tamoil,GB34EABH79176936763201,2025-10-27,53771,1
PAY-49508,INV-73418,OMC-005,PetroOil Kenya,GB89GWUW86379402654235,2026-04-03,38397,1
PAY-29725,INV-20263,OMC-012,Galana Energies,GB89GWUW86379402654235,2026-05-21,155626,1
PAY-58310,INV-36017,OMC-005,PetroOil Kenya,GB89GWUW86379402654235,2026-06-12,39395,2
PAY-42156,INV-72047,OMC-009,Dalbit Petroleum,GB53VXXX35615951484656,2026-02-14,47915,2
PAY-48933,INV-89516,OMC-010,Tamoil,GB34EABH79176936763201,2025-08-23,261194,1
PAY-94212,INV-29975,OMC-001,TotalEnergies Kenya,GB06DMIO52553419283276,2026-08-14,103725,1
PAY-85965,INV-47985,OMC-012,Galana Energies,GB89GWUW86379402654235,2026-04-22,33536,1
PAY-74994,INV-53075,OMC-012,Galana Energies,GB89GWUW86379402654235,2026-05-31," KES 21,865 ",2
PAY-67305,INV-48057,OMC-008,National Oil,GB08NAFX56342160733754,2025-10-16,73505,2
PAY-91956,INV-67040,OMC-012,Galana Energies,GB89GWUW86379402654235,,83205,1
PAY-12372,INV-26660,OMC-007,Kobil,GB37IDDX82449353487401,2026-02-22,114059,1
PAY-35889,INV-84127,OMC-010,Tamoil,GB34EABH79176936763201,2025-04-05,104533,1
PAY-32673,INV-43954,OMC-005,PetroOil Kenya,GB89GWUW86379402654235,2026-04-09,32319,1
PAY-33287,INV-10658,OMC-006,Hashi Energy,GB05QCFC91361939909169,06/09/2025,30105,1
PAY-70485,INV-51731,OMC-012,Galana Energies,GB89GWUW86379402654235,2026-04-20,61524,2
PAY-33553,INV-12961,OMC-006,Hashi Energy,GB05QCFC91361939909169,2025-09-25,141937,1
PAY-78735,INV-47769,OMC-007,Kobil,GB37IDDX82449353487401,2025-12-11,161298,1
PAY-30803,INV-36372,OMC-005,PetroOil Kenya,GB89GWUW86379402654235,2026-07-11,113788,2
PAY-40677,INV-48525,OMC-001,TotalEnergies Kenya,GB06DMIO52553419283276,2026-05-14,49596,1
PAY-88659,INV-46474,OMC-017,KAA Aviation,GB54HVSS04902787429671,2026-07-08," KES 289,822 ",1
PAY-39120,INV-26772,OMC-010,Tamoil,GB34EABH79176936763201,2026-04-12,26862,1
PAY-23041,INV-13161,OMC-018,Uganda National Oil,GB36RNCH17127484677378,2025-05-13,39306,1
PAY-70287,INV-30950,OMC-001,TotalEnergies Kenya,GB06DMIO52553419283276,2026-04-03,75400,1
PAY-41792,INV-37665,OMC-005,PetroOil Kenya,GB89GWUW86379402654235,2026-04-14,253887,1
PAY-18755,INV-75808,OMC-012,Galana Energies,GB89GWUW86379402654235,2026-03-16,80508,1
PAY-31074,INV-36305,OMC-014,Texol Energies,GB06ONXS45314737996507,,8289,2
PAY-88632,INV-57180,OMC-008,National Oil,GB08NAFX56342160733754,2025-08-27,116315,1
PAY-38276,INV-40132,OMC-007,Kobil,GB37IDDX82449353487401,2025-02-21,39255,1
PAY-23960,INV-93273,OMC-008,National Oil,GB08NAFX56342160733754,2025-10-07,129377,1
PAY-30698,INV-75146,OMC-018,Uganda National Oil,GB36RNCH17127484677378,2026-01-30,87468,1
PAY-17966,INV-42175,OMC-007,Kobil,GB37IDDX82449353487401,,172161,1
PAY-61482,INV-39976,OMC-011,Hass Petroleum,GB56WGCN65876036690967,2025-05-17,136809,1
PAY-92977,INV-66774,OMC-012,Galana Energies,GB89GWUW86379402654235,2026-03-06,166745,1
PAY-22452,INV-36650,OMC-015,Mombasa Petroleum,GB80WOIJ43135182337498,2026-07-03,261812,1
PAY-20785,INV-39318,OMC-014,Texol Energies,GB06ONXS45314737996507,2025-08-29,125697,1
PAY-45478,INV-45892,OMC-001,TotalEnergies Kenya,GB06DMIO52553419283276,2026-02-15,144547,1
PAY-89152,INV-87439,OMC-014,Texol Energies,GB06ONXS45314737996507,01/08/2026,205557,1
PAY-21740,INV-68903,OMC-003,Rubis Energy,GB04LOQO13315098393010,2025-05-26,68697,2
PAY-96294,INV-31025,OMC-015,Mombasa Petroleum,GB80WOIJ43135182337498,2025-08-14,50698,1
PAY-93426,INV-43436,OMC-006,Hashi Energy,GB05QCFC91361939909169,2026-03-21,169488,1
PAY-95920,INV-89200,OMC-016,KPA Marine,GB31MOOJ96499091334123,2025-05-09,111725,1
PAY-94154,INV-88350,OMC-008,National Oil,GB08NAFX56342160733754,2025-05-15,39389,1
PAY-43038,INV-22130,OMC-014,Texol Energies,GB06ONXS45314737996507,2026-05-06,167553,1
PAY-21875,INV-19710,OMC-017,KAA Aviation,GB54HVSS04902787429671,2026-05-08,156845,1
PAY-13265,INV-80526,OMC-012,Galana Energies,GB89GWUW86379402654235,2026-06-18,205796,1
PAY-79047,INV-34631,OMC-012,Galana Energies,GB89GWUW86379402654235,2026-04-18,25584,2
PAY-46134,INV-15463,OMC-005,PetroOil Kenya,GB89GWUW86379402654235,27/04/2026," KES 28,526 ",1
PAY-47029,INV-14197,OMC-007,Kobil,GB37IDDX82449353487401,12/07/2026,225684,1
PAY-66945,INV-54378,OMC-003,Rubis Energy,GB04LOQO13315098393010,2026-06-30,64273,1
PAY-36687,INV-22702,OMC-013,Lake Oil,GB88TEHE71937452991241,2025-07-07," KES 20,964 ",1
PAY-79903,INV-64576,OMC-007,Kobil,GB37IDDX82449353487401,2025-02-17,240547,1
PAY-25569,INV-57183,OMC-004,Gulf Energy,GB89GWUW86379402654235,2026-04-16,92023,1
PAY-67678,INV-41178,OMC-004,Gulf Energy,GB89GWUW86379402654235,2026-05-28,84684,1
PAY-36940,INV-75670,OMC-003,Rubis Energy,GB04LOQO13315098393010,2025-08-13,266113,1
PAY-71014,INV-71253,OMC-018,Uganda National Oil,GB36RNCH17127484677378,2026-06-24,35776,1
PAY-19692,INV-65583,OMC-011,Hass Petroleum,GB56WGCN65876036690967,2025-01-26,171886,1
PAY-34538,INV-48925,OMC-006,Hashi Energy,GB05QCFC91361939909169,2025-10-01,57467,1
PAY-66781,INV-10608,OMC-011,Hass Petroleum,GB56WGCN65876036690967,2025-08-28,76494,1
PAY-31657,INV-75809,OMC-009,Dalbit Petroleum,GB53VXXX35615951484656,2025-04-02,23280,2
PAY-66238,INV-29265,OMC-007,Kobil,GB37IDDX82449353487401,2026-02-06,41230,2
PAY-80550,INV-47746,OMC-016,KPA Marine,GB31MOOJ96499091334123,2026-05-20,10200,2
PAY-82128,INV-50223,OMC-018,Uganda National Oil,GB36RNCH17127484677378,2025-05-25,41624,1
PAY-72892,INV-93901,OMC-015,Mombasa Petroleum,GB80WOIJ43135182337498,2025-08-28,126768,1
PAY-74751,INV-80192,OMC-013,Lake Oil,GB88TEHE71937452991241,23/08/2025,26809,1
PAY-10602,INV-48116,OMC-014,Texol Energies,GB06ONXS45314737996507,2026-03-11,45686,1
PAY-94311,INV-65871,OMC-004,Gulf Energy,GB89GWUW86379402654235,2026-04-22,8654,2
PAY-48217,INV-56955,OMC-012,Galana Energies,GB89GWUW86379402654235,2026-04-10,33729,2
PAY-41893,INV-25223,OMC-004,Gulf Energy,GB89GWUW86379402654235,2026-03-24,72104,2
PAY-21050,INV-32684,OMC-014,Texol Energies,GB06ONXS45314737996507,2026-01-29,50596,1
PAY-97525,INV-87004,OMC-002,Vivo Energy,GB45OQIR01845146270482,2025-07-21,9004,2
PAY-27812,INV-39690,OMC-001,TotalEnergies Kenya,GB06DMIO52553419283276,2025-12-14,33445,1
PAY-55550,INV-39772,OMC-013,Lake Oil,GB88TEHE71937452991241,2026-05-25,163500,1
PAY-62266,INV-37671,OMC-006,Hashi Energy,GB05QCFC91361939909169,24/09/2025," KES 190,305 ",1
PAY-78712,INV-27137,OMC-004,Gulf Energy,GB89GWUW86379402654235,2026-03-13,29159,1
PAY-29902,INV-49955,OMC-013,Lake Oil,GB88TEHE71937452991241,2026-04-12,287767,1
PAY-51312,INV-81772,OMC-003,Rubis Energy,GB04LOQO13315098393010,2026-06-17,37967,1
PAY-93815,INV-11819,OMC-019,Tanzania Petroleum,GB59MHYN05766270289517,2026-02-16,58130,1
PAY-61996,INV-43558,OMC-020,Ethiopian Oil,GB14NSVZ22219693792374,2026-06-09," KES 32,968 ",2
PAY-69401,INV-57170,OMC-010,Tamoil,GB34EABH79176936763201,2025-03-23,33911,1
PAY-59943,INV-41536,OMC-005,PetroOil Kenya,GB89GWUW86379402654235,2026-03-25,95842,1
PAY-77526,INV-27158,OMC-011,Hass Petroleum,GB56WGCN65876036690967,2026-08-07,37811,2
PAY-35799,INV-29980,OMC-017,KAA Aviation,GB54HVSS04902787429671,2026-07-30," KES 252,436 ",1
PAY-10598,INV-98994,OMC-005,PetroOil Kenya,GB89GWUW86379402654235,2026-05-25,133446,1
PAY-37023,INV-34846,OMC-006,Hashi Energy,GB05QCFC91361939909169,2026-01-09," KES 272,668 ",1
PAY-28838,INV-24423,OMC-009,Dalbit Petroleum,GB53VXXX35615951484656,2025-04-16,28519,2
PAY-67298,INV-80297,OMC-009,Dalbit Petroleum,GB53VXXX35615951484656,2025-08-23,57670,1
PAY-34665,INV-78952,OMC-008,National Oil,GB08NAFX56342160733754,2026-07-16,119842,1
PAY-64068,INV-49786,OMC-016,KPA Marine,GB31MOOJ96499091334123,2025-11-30,54877,1
PAY-79329,INV-85242,OMC-002,Vivo Energy,GB45OQIR01845146270482,2025-01-17,25865,1
PAY-87271,INV-31898,OMC-020,Ethiopian Oil,GB14NSVZ22219693792374,2025-03-07," KES 203,356 ",1
PAY-47929,INV-94491,OMC-017,KAA Aviation,GB54HVSS04902787429671,2025-05-15,206143,1
PAY-19098,INV-74759,OMC-012,Galana Energies,GB89GWUW86379402654235,2026-06-02,40248,1
PAY-14217,INV-37700,OMC-008,National Oil,GB08NAFX56342160733754,2025-10-11,72006,1
PAY-19435,INV-11907,OMC-007,Kobil,GB37IDDX82449353487401,2026-05-12,23049,1
PAY-17111,INV-57537,OMC-006,Hashi Energy,GB05QCFC91361939909169,2026-06-11,126535,1
PAY-53265,INV-19261,OMC-009,Dalbit Petroleum,GB53VXXX35615951484656,15/07/2026,26650,1
PAY-67961,INV-17570,OMC-013,Lake Oil,GB88TEHE71937452991241,2026-04-08,107908,1
PAY-74973,INV-99631,OMC-001,TotalEnergies Kenya,GB06DMIO52553419283276,," KES 143,247 ",1
PAY-57197,INV-19083,OMC-010,Tamoil,GB34EABH79176936763201,2025-10-05,73115,1
PAY-93812,INV-84888,OMC-008,National Oil,GB08NAFX56342160733754,2025-10-26,149650,1
PAY-72240,INV-68037,OMC-007,Kobil,GB37IDDX82449353487401,2026-07-07,93934,2
PAY-99774,INV-28264,OMC-013,Lake Oil,GB88TEHE71937452991241,2026-01-05,106460,1
PAY-22986,INV-59756,OMC-002,Vivo Energy,GB45OQIR01845146270482,2026-03-06,135445,1
PAY-25978,INV-23109,OMC-010,Tamoil,GB34EABH79176936763201,2026-03-14,116917,1
PAY-85851,INV-60929,OMC-017,KAA Aviation,GB54HVSS04902787429671,2026-06-15,23030,1
PAY-68676,INV-49628,OMC-016,KPA Marine,GB31MOOJ96499091334123,2025-05-31,29671,1
PAY-85956,INV-38584,OMC-017,KAA Aviation,GB54HVSS04902787429671,10/07/2025,225152,1
PAY-58727,INV-47660,OMC-006,Hashi Energy,GB05QCFC91361939909169,2026-01-24,52215,2
PAY-70957,INV-14485,OMC-007,Kobil,GB37IDDX82449353487401,2025-02-17,32454,1
PAY-99724,INV-70154,OMC-018,Uganda National Oil,GB36RNCH17127484677378,2025-07-17,262936,1
PAY-48210,INV-18017,OMC-014,Texol Energies,GB06ONXS45314737996507,2026-03-14,17839,1
PAY-57358,INV-99670,OMC-012,Galana Energies,GB89GWUW86379402654235,2026-05-29,83089,2
PAY-98746,INV-90187,OMC-001,TotalEnergies Kenya,GB06DMIO52553419283276,11/12/2025,135671,1
PAY-15699,INV-42600,OMC-013,Lake Oil,GB88TEHE71937452991241,2025-09-04,147879,1
PAY-72110,INV-98655,OMC-014,Texol Energies,GB06ONXS45314737996507,2026-07-11,158432,1
PAY-10982,INV-68186,OMC-010,Tamoil,GB34EABH79176936763201,2025-05-18," KES 117,461 ",1
PAY-98879,INV-95925,OMC-007,Kobil,GB37IDDX82449353487401,2025-05-15,94971,1
PAY-60949,INV-80836,OMC-010,Tamoil,GB34EABH79176936763201,2025-02-26,39014,1
PAY-87122,INV-50691,OMC-003,Rubis Energy,GB04LOQO13315098393010,2026-02-22,94715,1
PAY-15682,INV-82558,OMC-001,TotalEnergies Kenya,GB06DMIO52553419283276,2025-09-23,199904,1
PAY-76341,INV-75010,OMC-013,Lake Oil,GB88TEHE71937452991241,2026-04-04," KES 175,441 ",1
PAY-42205,INV-39761,OMC-001,TotalEnergies Kenya,GB06DMIO52553419283276,2026-04-19,6588,2
PAY-28212,INV-36212,OMC-016,KPA Marine,GB31MOOJ96499091334123,2025-10-01,62157,1
PAY-94785,INV-55183,OMC-010,Tamoil,GB34EABH79176936763201,22/03/2026,56678,1
PAY-16985,INV-40987,OMC-018,Uganda National Oil,GB36RNCH17127484677378,2026-02-11,78158,1
PAY-36018,INV-91542,OMC-020,Ethiopian Oil,GB14NSVZ22219693792374,2025-10-28,228516,1
PAY-41678,INV-15215,OMC-002,Vivo Energy,GB45OQIR01845146270482,2026-05-05,30816,1
PAY-67815,INV-21657,OMC-016,KPA Marine,GB31MOOJ96499091334123,2025-07-08,24136,1
PAY-54030,INV-70499,OMC-014,Texol Energies,GB06ONXS45314737996507,2025-11-21,66376,1
PAY-60242,INV-90409,OMC-020,Ethiopian Oil,GB14NSVZ22219693792374,2025-12-25,23171,2
PAY-77382,INV-54573,OMC-009,Dalbit Petroleum,GB53VXXX35615951484656,2025-12-14,8218,2
PAY-62798,INV-97716,OMC-005,PetroOil Kenya,GB89GWUW86379402654235,05/04/2026,14332,2
PAY-40195,INV-37753,OMC-016,KPA Marine,GB31MOOJ96499091334123,2026-06-11,60931,1
PAY-16500,INV-15429,OMC-018,Uganda National Oil,GB36RNCH17127484677378,,132685,1
PAY-14834,INV-34262,OMC-006,Hashi Energy,GB05QCFC91361939909169,2025-04-27,164733,1
PAY-98830,INV-99628,OMC-008,National Oil,GB08NAFX56342160733754,2025-08-26,46521,1
PAY-48801,INV-53596,OMC-013,Lake Oil,GB88TEHE71937452991241,2025-07-09,140724,1
PAY-53633,INV-59188,OMC-016,KPA Marine,GB31MOOJ96499091334123,2026-02-27,21452,1
PAY-31774,INV-22699,OMC-017,KAA Aviation,GB54HVSS04902787429671,2026-07-30,106895,1
PAY-26517,INV-87407,OMC-008,National Oil,GB08NAFX56342160733754,2026-03-24," KES 31,874 ",1
PAY-13448,INV-70534,OMC-011,Hass Petroleum,GB56WGCN65876036690967,2025-03-11,169336,1
PAY-12398,INV-57726,OMC-013,Lake Oil,GB88TEHE71937452991241,2025-07-24,204691,1
PAY-52005,INV-19064,OMC-016,KPA Marine,GB31MOOJ96499091334123,2025-04-26,25339,2
PAY-47089,INV-99803,OMC-007,Kobil,GB37IDDX82449353487401,2025-09-23,41112,1
PAY-83868,INV-28956,OMC-010,Tamoil,GB34EABH79176936763201,2025-05-06,233015,1
PAY-46355,INV-96221,OMC-001,TotalEnergies Kenya,GB06DMIO52553419283276,12/08/2025,150282,1
PAY-43990,INV-45635,OMC-009,Dalbit Petroleum,GB53VXXX35615951484656,2025-11-02,140153,1
PAY-77922,INV-96491,OMC-015,Mombasa Petroleum,GB80WOIJ43135182337498,2026-04-27,162760,1
PAY-70660,INV-81276,OMC-006,Hashi Energy,GB05QCFC91361939909169,2025-06-11,137004,1
PAY-15375,INV-15958,OMC-011,Hass Petroleum,GB56WGCN65876036690967,2026-02-05,42593,1
PAY-89904,INV-61317,OMC-017,KAA Aviation,GB54HVSS04902787429671,2025-03-03,134121,1
PAY-32505,INV-41869,OMC-018,Uganda National Oil,GB36RNCH17127484677378,2025-09-20,226781,1
PAY-80064,INV-85320,OMC-001,TotalEnergies Kenya,GB06DMIO52553419283276,2026-01-01,265472,1
PAY-96385,INV-73735,OMC-010,Tamoil,GB34EABH79176936763201,,130640,1
PAY-95440,INV-25055,OMC-002,Vivo Energy,GB45OQIR01845146270482,2026-03-08,160663,1
PAY-18521,INV-57016,OMC-001,TotalEnergies Kenya,GB06DMIO52553419283276,2026-01-20,27126,1
PAY-14068,INV-67767,OMC-006,Hashi Energy,GB05QCFC91361939909169,2025-12-17,45473,1
PAY-81525,INV-68842,OMC-005,PetroOil Kenya,GB89GWUW86379402654235,2026-04-02,45401,1
PAY-62798,INV-11349,OMC-008,National Oil,GB08NAFX56342160733754,2025-02-19,115412,1
PAY-47989,INV-94068,OMC-002,Vivo Energy,GB45OQIR01845146270482,,182925,1
PAY-96071,INV-31564,OMC-014,Texol Energies,GB06ONXS45314737996507,2026-05-21,13735,1
PAY-15417,INV-83902,OMC-014,Texol Energies,GB06ONXS45314737996507,2026-04-25,24800,1
PAY-51394,INV-25830,OMC-005,PetroOil Kenya,GB89GWUW86379402654235,2026-05-12,109722,2
PAY-28679,INV-23202,OMC-009,Dalbit Petroleum,GB53VXXX35615951484656,2026-03-07,62239,1
PAY-95091,INV-22981,OMC-010,Tamoil,GB34EABH79176936763201,2026-03-25,7510,2
PAY-56319,INV-50699,OMC-018,Uganda National Oil,GB36RNCH17127484677378,2025-10-16,58922,1
PAY-95205,INV-15513,OMC-017,KAA Aviation,GB54HVSS04902787429671,2025-02-16,242586,1
PAY-77589,INV-27921,OMC-002,Vivo Energy,GB45OQIR01845146270482,2025-12-17,125452,1
PAY-39915,INV-65941,OMC-002,Vivo Energy,GB45OQIR01845146270482,2025-10-24,225927,1
PAY-34743,INV-11632,OMC-018,Uganda National Oil,GB36RNCH17127484677378,2026-07-15,66026,2
PAY-12122,INV-50360,OMC-005,PetroOil Kenya,GB89GWUW86379402654235,2026-05-05,70004,1
PAY-37017,INV-12146,OMC-012,Galana Energies,GB89GWUW86379402654235,2026-04-13,51692,2
PAY-64891,INV-37574,OMC-017,KAA Aviation,GB54HVSS04902787429671,2026-04-01,194829,1
PAY-23555,INV-99616,OMC-017,KAA Aviation,GB54HVSS04902787429671,2026-02-03,24713,1
PAY-43871,INV-96333,OMC-011,Hass Petroleum,GB56WGCN65876036690967,2026-03-25," KES 284,863 ",1
PAY-40135,INV-64328,OMC-003,Rubis Energy,GB04LOQO13315098393010,,22399,2
PAY-75927,INV-13420,OMC-012,Galana Energies,GB89GWUW86379402654235,03/05/2026,176512,1
PAY-90028,INV-98371,OMC-011,Hass Petroleum,GB56WGCN65876036690967,2026-07-24,197423,1
PAY-64177,INV-56155,OMC-018,Uganda National Oil,GB36RNCH17127484677378,2026-08-03,186469,1
PAY-41694,INV-91369,OMC-005,PetroOil Kenya,GB89GWUW86379402654235,2026-03-26," KES 59,859 ",1
PAY-32243,INV-28848,OMC-005,PetroOil Kenya,GB89GWUW86379402654235,," KES 15,383 ",1
PAY-12656,INV-42443,OMC-020,Ethiopian Oil,GB14NSVZ22219693792374,2026-03-12,15273,2
PAY-91341,INV-85540,OMC-008,National Oil,GB08NAFX56342160733754,2026-01-06,137178,1
PAY-12139,INV-63672,OMC-007,Kobil,GB37IDDX82449353487401,2025-09-27,150998,1
PAY-66987,INV-94709,OMC-011,Hass Petroleum,GB56WGCN65876036690967,2026-02-16,36540,1
PAY-93321,INV-65899,OMC-003,Rubis Energy,GB04LOQO13315098393010,,171845,1
PAY-75109,INV-68296,OMC-017,KAA Aviation,GB54HVSS04902787429671,05/07/2026,64083,1
PAY-18070,INV-63428,OMC-006,Hashi Energy,GB05QCFC91361939909169,2025-11-29,28640,1
PAY-82177,INV-54640,OMC-016,KPA Marine,GB31MOOJ96499091334123,2025-10-07," KES 115,404 ",1
PAY-29723,INV-96229,OMC-013,Lake Oil,GB88TEHE71937452991241,2026-05-15,175354,1
PAY-16577,INV-31617,OMC-014,Texol Energies,GB06ONXS45314737996507,2025-06-13,37800,1
PAY-74309,INV-19340,OMC-013,Lake Oil,GB88TEHE71937452991241,2025-07-12," KES 41,602 ",1
PAY-89523,INV-18049,OMC-006,Hashi Energy,GB05QCFC91361939909169,2025-04-19,185618,1
PAY-64606,INV-96335,OMC-019,Tanzania Petroleum,GB59MHYN05766270289517,,280751,1
PAY-98867,INV-37531,OMC-002,Vivo Energy,GB45OQIR01845146270482,2026-05-15,47906,1
PAY-32386,INV-48625,OMC-018,Uganda National Oil,GB36RNCH17127484677378,24/11/2025,177276,1
PAY-37888,INV-87323,OMC-010,Tamoil,GB34EABH79176936763201,2026-06-13,61536,1
PAY-78743,INV-89842,OMC-009,Dalbit Petroleum,GB53VXXX35615951484656,2025-05-13,29589,1
PAY-86189,INV-95660,OMC-012,Galana Energies,GB89GWUW86379402654235,2026-04-11,124694,1
PAY-73423,INV-68628,OMC-016,KPA Marine,GB31MOOJ96499091334123,2025-09-23,71164,2
PAY-63951,INV-59121,OMC-012,Galana Energies,GB89GWUW86379402654235,2026-06-20,378781,1
PAY-22242,INV-92245,OMC-004,Gulf Energy,GB89GWUW86379402654235,2026-04-20,34083,1
PAY-98216,INV-67590,OMC-006,Hashi Energy,GB05QCFC91361939909169,04/05/2025,40085,1
PAY-79634,INV-32445,OMC-014,Texol Energies,GB06ONXS45314737996507,2025-07-26,17608,1
PAY-78529,INV-49111,OMC-013,Lake Oil,GB88TEHE71937452991241,2025-07-04,114313,1
PAY-97545,INV-97676,OMC-003,Rubis Energy,GB04LOQO13315098393010,2025-03-05,183570,1
PAY-17234,INV-64869,OMC-010,Tamoil,GB34EABH79176936763201,2026-04-09,249590,1
PAY-17894,INV-95110,OMC-004,Gulf Energy,GB89GWUW86379402654235,2026-05-29,45623,1
PAY-80436,INV-53218,OMC-019,Tanzania Petroleum,GB59MHYN05766270289517,2025-04-08,40564,1
PAY-26181,INV-66190,OMC-002,Vivo Energy,GB45OQIR01845146270482,2025-05-22,222125,1
PAY-18646,INV-89567,OMC-012,Galana Energies,GB89GWUW86379402654235,2026-05-07,43970,2
PAY-10024,INV-97816,OMC-011,Hass Petroleum,GB56WGCN65876036690967,2025-08-10,186644,1
PAY-36517,INV-16512,OMC-016,KPA Marine,GB31MOOJ96499091334123,2026-05-05,5043,2
PAY-24491,INV-72808,OMC-018,Uganda National Oil,GB36RNCH17127484677378,2025-07-05,58747,1
PAY-96937,INV-41977,OMC-012,Galana Energies,GB89GWUW86379402654235,2026-04-08,134751,1
PAY-91265,INV-29710,OMC-019,Tanzania Petroleum,GB59MHYN05766270289517,2025-03-28,53605,1
PAY-23377,INV-84647,OMC-002,Vivo Energy,GB45OQIR01845146270482,2025-02-18," KES 200,833 ",1
PAY-41422,INV-67611,OMC-012,Galana Energies,GB89GWUW86379402654235,2026-04-24,14486,1
PAY-62533,INV-59462,OMC-001,TotalEnergies Kenya,GB06DMIO52553419283276,2025-09-14,46792,1
PAY-56748,INV-36960,OMC-016,KPA Marine,GB31MOOJ96499091334123,2025-07-22,46305,2
PAY-64844,INV-84710,OMC-010,Tamoil,GB34EABH79176936763201,2026-05-05,37973,1
PAY-61842,INV-35752,OMC-019,Tanzania Petroleum,GB59MHYN05766270289517,2026-05-06,48684,1
PAY-85101,INV-57870,OMC-015,Mombasa Petroleum,GB80WOIJ43135182337498,2026-01-03,29153,1
PAY-10049,INV-35084,OMC-007,Kobil,GB37IDDX82449353487401,2025-04-06,98262,2
PAY-35913,INV-86369,OMC-015,Mombasa Petroleum,GB80WOIJ43135182337498,2025-06-11,61791,1
PAY-28678,INV-13497,OMC-017,KAA Aviation,GB54HVSS04902787429671,2026-06-24,270840,1
PAY-93789,INV-11440,OMC-001,TotalEnergies Kenya,GB06DMIO52553419283276,2025-11-25,57818,2
PAY-40371,INV-79183,OMC-007,Kobil,GB37IDDX82449353487401,2026-06-06,139924,1
PAY-54903,INV-20684,OMC-001,TotalEnergies Kenya,GB06DMIO52553419283276,03/07/2026,8825,2
PAY-90205,INV-92730,OMC-016,KPA Marine,GB31MOOJ96499091334123,2026-07-03,7627,2
PAY-65619,INV-44897,OMC-015,Mombasa Petroleum,GB80WOIJ43135182337498,2025-05-06,117581,1
PAY-42906,INV-87508,OMC-003,Rubis Energy,GB04LOQO13315098393010,2025-10-26,245748,1
PAY-39238,INV-98836,OMC-009,Dalbit Petroleum,GB53VXXX35615951484656,2025-06-02,72376,1
PAY-29289,INV-92476,OMC-007,Kobil,GB37IDDX82449353487401,2025-12-07,124645,1
PAY-67463,INV-37963,OMC-018,Uganda National Oil,GB36RNCH17127484677378,2025-06-17,197422,1
PAY-46925,INV-59904,OMC-005,PetroOil Kenya,GB89GWUW86379402654235,2026-06-18,62430,1
PAY-68863,INV-70626,OMC-019,Tanzania Petroleum,GB59MHYN05766270289517,2026-04-21,37804,1
PAY-10422,INV-33060,OMC-004,Gulf Energy,GB89GWUW86379402654235,2026-06-11,85949,2
PAY-83112,INV-32866,OMC-010,Tamoil,GB34EABH79176936763201,2026-04-30,53395,1
PAY-41523,INV-97374,OMC-001,TotalEnergies Kenya,GB06DMIO52553419283276,2025-09-14,146130,1
PAY-67913,INV-18319,OMC-019,Tanzania Petroleum,GB59MHYN05766270289517,2025-06-06,58921,1
PAY-10573,INV-85780,OMC-002,Vivo Energy,GB45OQIR01845146270482,2026-07-08,165822,1
PAY-62422,INV-64660,OMC-012,Galana Energies,GB89GWUW86379402654235,2026-04-30,20910,2
PAY-32977,INV-36401,OMC-010,Tamoil,GB34EABH79176936763201,2025-04-28,46876,2
PAY-73735,INV-51104,OMC-004,Gulf Energy,GB89GWUW86379402654235,2026-06-20," KES 11,426 ",2
PAY-96295,INV-64436,OMC-019,Tanzania Petroleum,GB59MHYN05766270289517,2025-12-06,187975,1
PAY-97347,INV-20661,OMC-011,Hass Petroleum,GB56WGCN65876036690967,2025-11-03,261422,1
PAY-98978,INV-41748,OMC-016,KPA Marine,GB31MOOJ96499091334123,2026-07-31,31696,2
PAY-24172,INV-36052,OMC-002,Vivo Energy,GB45OQIR01845146270482,2025-09-09,258867,1
PAY-32688,INV-25623,OMC-003,Rubis Energy,GB04LOQO13315098393010,01/04/2025,58671,1
PAY-71383,INV-42320,OMC-017,KAA Aviation,GB54HVSS04902787429671,2026-01-07,103170,1
PAY-17105,INV-76388,OMC-017,KAA Aviation,GB54HVSS04902787429671,2026-02-24,54092,1
PAY-85725,INV-17556,OMC-002,Vivo Energy,GB45OQIR01845146270482,2025-05-20,129381,1
PAY-38252,INV-40997,OMC-005,PetroOil Kenya,GB89GWUW86379402654235,2026-04-26,145801,2
PAY-92429,INV-60608,OMC-014,Texol Energies,GB06ONXS45314737996507,04/12/2025,91789,1
PAY-79141,INV-51141,OMC-011,Hass Petroleum,GB56WGCN65876036690967,2025-12-14,112334,1
PAY-49060,INV-87753,OMC-018,Uganda National Oil,GB36RNCH17127484677378,2026-04-01," KES 50,393 ",1
PAY-12716,INV-16534,OMC-006,Hashi Energy,GB05QCFC91361939909169,2026-01-01,22175,1
PAY-31439,INV-63099,OMC-008,National Oil,GB08NAFX56342160733754,2025-03-30,170781,1
PAY-50722,INV-52538,OMC-016,KPA Marine,GB31MOOJ96499091334123,2026-04-20,56563,2
PAY-90408,INV-64216,OMC-004,Gulf Energy,GB89GWUW86379402654235,2026-06-08,34473,2
PAY-94879,INV-59009,OMC-018,Uganda National Oil,GB36RNCH17127484677378,2025-06-30,215959,1
PAY-59827,INV-37561,OMC-020,Ethiopian Oil,GB14NSVZ22219693792374,2025-07-30,253698,1
PAY-12226,INV-29289,OMC-007,Kobil,GB37IDDX82449353487401,2025-05-31,51117,2
PAY-15018,INV-56648,OMC-003,Rubis Energy,GB04LOQO13315098393010,2025-06-07,97746,1
PAY-41957,INV-70222,OMC-002,Vivo Energy,GB45OQIR01845146270482,30/12/2025,36963,2
PAY-78841,INV-95843,OMC-008,National Oil,GB08NAFX56342160733754,2026-06-05,58950,1
PAY-65138,INV-14569,OMC-003,Rubis Energy,GB04LOQO13315098393010,2025-12-18," KES 190,929 ",1
PAY-38335,INV-92631,OMC-020,Ethiopian Oil,GB14NSVZ22219693792374,,161632,1
PAY-68120,INV-56599,OMC-013,Lake Oil,GB88TEHE71937452991241,2026-05-10,248471,1
PAY-16322,INV-97115,OMC-001,TotalEnergies Kenya,GB06DMIO52553419283276,2026-02-07,78954,1
PAY-90165,INV-36771,OMC-005,PetroOil Kenya,GB89GWUW86379402654235,2026-06-16,16783,2
PAY-18616,INV-35683,OMC-009,Dalbit Petroleum,GB53VXXX35615951484656,2026-07-16,108726,1
PAY-89149,INV-55598,OMC-012,Galana Energies,GB89GWUW86379402654235,2026-05-22,176527,1
PAY-59475,INV-35563,OMC-011,Hass Petroleum,GB56WGCN65876036690967,13/06/2026,285931,1
PAY-75902,INV-79472,OMC-014,Texol Energies,GB06ONXS45314737996507,2026-05-16,40609,2
PAY-52181,INV-22392,OMC-012,Galana Energies,GB89GWUW86379402654235,2026-05-24,93711,1
PAY-38013,INV-27652,OMC-007,Kobil,GB37IDDX82449353487401,2025-09-01,117485,1
PAY-58158,INV-56879,OMC-002,Vivo Energy,GB45OQIR01845146270482,2026-06-27,24662,1
PAY-73793,INV-69793,OMC-006,Hashi Energy,GB05QCFC91361939909169,2025-02-21,163849,1
PAY-15067,INV-64003,OMC-001,TotalEnergies Kenya,GB06DMIO52553419283276,2025-07-12,168762,1
PAY-30674,INV-20372,OMC-016,KPA Marine,GB31MOOJ96499091334123,2026-05-07,193829,1
PAY-24544,INV-76012,OMC-003,Rubis Energy,GB04LOQO13315098393010,2026-03-23,181556,1
PAY-67629,INV-79459,OMC-007,Kobil,GB37IDDX82449353487401,2026-08-01,233700,1
PAY-70556,INV-48224,OMC-010,Tamoil,GB34EABH79176936763201,2025-06-17,32129,1
PAY-12770,INV-50755,OMC-002,Vivo Energy,GB45OQIR01845146270482,2025-06-24,129733,1
PAY-65556,INV-92209,OMC-009,Dalbit Petroleum,GB53VXXX35615951484656,2025-06-01," KES 82,301 ",1
PAY-68844,INV-44672,OMC-001,TotalEnergies Kenya,GB06DMIO52553419283276,2025-11-26,61272,1
PAY-57565,INV-44577,OMC-019,Tanzania Petroleum,GB59MHYN05766270289517,2025-08-17,96896,1
PAY-86389,INV-68747,OMC-012,Galana Energies,GB89GWUW86379402654235,2026-05-23,43811,2
PAY-38461,INV-66888,OMC-013,Lake Oil,GB88TEHE71937452991241,2025-05-09,45079,1
PAY-88151,INV-77499,OMC-005,PetroOil Kenya,GB89GWUW86379402654235,2026-03-27,128355,1
PAY-12973,INV-43078,OMC-004,Gulf Energy,GB89GWUW86379402654235,2026-04-26,20819,1
PAY-14203,INV-21337,OMC-009,Dalbit Petroleum,GB53VXXX35615951484656,2026-08-19,192033,1
PAY-24009,INV-71164,OMC-014,Texol Energies,GB06ONXS45314737996507,2025-04-18,26426,1
PAY-66970,INV-31462,OMC-017,KAA Aviation,GB54HVSS04902787429671,2026-07-03,38699,1
PAY-47889,INV-21592,OMC-008,National Oil,GB08NAFX56342160733754,2025-11-09,50831,1
PAY-41505,INV-42005,OMC-020,Ethiopian Oil,GB14NSVZ22219693792374,2026-05-12,18169,2
PAY-47301,INV-84626,OMC-003,Rubis Energy,GB04LOQO13315098393010,2025-03-01,20853,1
PAY-14915,INV-45999,OMC-016,KPA Marine,GB31MOOJ96499091334123,2025-03-03,64142,1
PAY-11394,INV-28212,OMC-006,Hashi Energy,GB05QCFC91361939909169,2025-09-28,41274,1
PAY-78214,INV-38650,OMC-014,Texol Energies,GB06ONXS45314737996507,2026-02-03,11586,2
PAY-16052,INV-27532,OMC-009,Dalbit Petroleum,GB53VXXX35615951484656,2026-02-03,121525,1
PAY-30511,INV-26011,OMC-011,Hass Petroleum,GB56WGCN65876036690967,2025-03-27,43527,1
PAY-45613,INV-41729,OMC-007,Kobil,GB37IDDX82449353487401,2025-05-23,51011,1
PAY-98593,INV-82572,OMC-012,Galana Energies,GB89GWUW86379402654235,2026-07-09,13897,2
PAY-28266,INV-26596,OMC-011,Hass Petroleum,GB56WGCN65876036690967,,208206,1
PAY-79268,INV-61431,OMC-006,Hashi Energy,GB05QCFC91361939909169,2026-07-19," KES 133,967 ",1
PAY-88687,INV-25768,OMC-010,Tamoil,GB34EABH79176936763201,2025-02-27,194252,1
PAY-22346,INV-29037,OMC-005,PetroOil Kenya,GB89GWUW86379402654235,,169985,1
PAY-29062,INV-59468,OMC-013,Lake Oil,GB88TEHE71937452991241,2026-01-25,135166,1
PAY-54750,INV-47643,OMC-012,Galana Energies,GB89GWUW86379402654235,2026-04-02,56024,1
PAY-30587,INV-36403,OMC-017,KAA Aviation,GB54HVSS04902787429671,2025-12-20,26477,1
PAY-32473,INV-67226,OMC-017,KAA Aviation,GB54HVSS04902787429671,2026-01-25,96559,1
PAY-48679,INV-62498,OMC-013,Lake Oil,GB88TEHE71937452991241,2025-02-13,251077,1
PAY-80350,INV-59028,OMC-011,Hass Petroleum,GB56WGCN65876036690967,2025-03-23,32611,1
PAY-37161,INV-55013,OMC-014,Texol Energies,GB06ONXS45314737996507,2025-03-29,17397,2
PAY-94277,INV-72636,OMC-008,National Oil,GB08NAFX56342160733754,,21908,1
PAY-70866,INV-83589,OMC-008,National Oil,GB08NAFX56342160733754,2025-08-08,49476,1
PAY-52504,INV-68913,OMC-013,Lake Oil,GB88TEHE71937452991241,2026-03-10,284880,1
PAY-75637,INV-77942,OMC-010,Tamoil,GB34EABH79176936763201,2026-06-06,202103,1
PAY-99289,INV-95309,OMC-019,Tanzania Petroleum,GB59MHYN05766270289517,2026-06-23,41189,1
PAY-58108,INV-93124,OMC-008,National Oil,GB08NAFX56342160733754,15/01/2026,174653,1
PAY-89511,INV-97315,OMC-008,National Oil,GB08NAFX56342160733754,,204465,1
PAY-76297,INV-55839,OMC-005,PetroOil Kenya,GB89GWUW86379402654235,2026-05-24,41134,1
PAY-69929,INV-75085,OMC-014,Texol Energies,GB06ONXS45314737996507,2025-05-23,43524,1
PAY-18142,INV-24957,OMC-018,Uganda National Oil,GB36RNCH17127484677378,2026-04-22,22559,1
PAY-10185,INV-72912,OMC-011,Hass Petroleum,GB56WGCN65876036690967,2026-03-11,28933,1
PAY-40595,INV-49363,OMC-004,Gulf Energy,GB89GWUW86379402654235,2026-05-08,221869,1
PAY-79172,INV-54565,OMC-006,Hashi Energy,GB05QCFC91361939909169,2025-10-31,51418,1
PAY-71165,INV-84319,OMC-016,KPA Marine,GB31MOOJ96499091334123,2025-11-28,15144,2
PAY-38744,INV-95660,OMC-012,Galana Energies,GB89GWUW86379402654235,2026-05-09,70763,2
PAY-44968,INV-98022,OMC-005,PetroOil Kenya,GB89GWUW86379402654235,2026-04-07,125276,1
PAY-21687,INV-11548,OMC-011,Hass Petroleum,GB56WGCN65876036690967,2026-08-17,298903,1
PAY-56706,INV-51544,OMC-001,TotalEnergies Kenya,GB06DMIO52553419283276,2025-12-24," KES 21,136 ",1
PAY-50013,INV-41546,OMC-009,Dalbit Petroleum,GB53VXXX35615951484656,2025-09-03,51748,1
PAY-44062,INV-89811,OMC-013,Lake Oil,GB88TEHE71937452991241,04/11/2025,37450,1
PAY-96973,INV-96423,OMC-007,Kobil,GB37IDDX82449353487401,2025-10-29," KES 281,725 ",1
PAY-84994,INV-44943,OMC-001,TotalEnergies Kenya,GB06DMIO52553419283276,2025-09-07,24756,1
PAY-93241,INV-41845,OMC-009,Dalbit Petroleum,GB53VXXX35615951484656,2026-03-17,58735,1
PAY-23115,INV-49856,OMC-014,Texol Energies,GB06ONXS45314737996507,2026-03-01,49222,1
PAY-46115,INV-51193,OMC-002,Vivo Energy,GB45OQIR01845146270482,2025-05-09,116218,1
PAY-56961,INV-20684,OMC-006,Hashi Energy,GB05QCFC91361939909169,2025-04-03,33443,1
PAY-62276,INV-47910,OMC-002,Vivo Energy,GB45OQIR01845146270482,2026-01-28,20811,1
PAY-69648,INV-14367,OMC-020,Ethiopian Oil,GB14NSVZ22219693792374,2026-06-28,80759,1
PAY-66949,INV-34612,OMC-013,Lake Oil,GB88TEHE71937452991241,2026-08-25,53863,1
PAY-48725,INV-68220,OMC-010,Tamoil,GB34EABH79176936763201,2025-05-10,8445,2
PAY-36555,INV-82501,OMC-011,Hass Petroleum,GB56WGCN65876036690967,2025-07-20,223055,1
PAY-24820,INV-14633,OMC-019,Tanzania Petroleum,GB59MHYN05766270289517,2025-09-05,28718,1
PAY-91495,INV-17843,OMC-004,Gulf Energy,GB89GWUW86379402654235,29/03/2026,158973,1
PAY-43558,INV-70397,OMC-002,Vivo Energy,GB45OQIR01845146270482,2026-08-16,75379,2
PAY-20233,INV-81861,OMC-004,Gulf Energy,GB89GWUW86379402654235,2026-04-04,16030,1
PAY-68367,INV-75468,OMC-005,PetroOil Kenya,GB89GWUW86379402654235,2026-03-31,13539,2
PAY-74068,INV-23765,OMC-019,Tanzania Petroleum,GB59MHYN05766270289517,2025-11-23,47379,1
PAY-11003,INV-18700,OMC-002,Vivo Energy,GB45OQIR01845146270482,2026-03-02,219641,1
PAY-64938,INV-27891,OMC-019,Tanzania Petroleum,GB59MHYN05766270289517,2025-11-17,135153,1
PAY-56915,INV-57183,OMC-012,Galana Energies,GB89GWUW86379402654235,2026-05-21,21455,1
PAY-50062,INV-63580,OMC-007,Kobil,GB37IDDX82449353487401,2025-03-03,208028,1
PAY-77610,INV-13350,OMC-006,Hashi Energy,GB05QCFC91361939909169,2025-10-17,24110,1
PAY-11769,INV-82352,OMC-011,Hass Petroleum,GB56WGCN65876036690967,2026-07-21,31564,1
PAY-87740,INV-40851,OMC-013,Lake Oil,GB88TEHE71937452991241,,260390,1
PAY-24088,INV-24858,OMC-016,KPA Marine,GB31MOOJ96499091334123,2025-03-30,96859,1
PAY-18415,INV-23791,OMC-018,Uganda National Oil,GB36RNCH17127484677378,2026-01-24,35818,1
PAY-47890,INV-79218,OMC-019,Tanzania Petroleum,GB59MHYN05766270289517,2025-03-18,15918,1
PAY-67714,INV-51082,OMC-004,Gulf Energy,GB89GWUW86379402654235,2026-04-23,104598,1
PAY-54653,INV-93371,OMC-008,National Oil,GB08NAFX56342160733754,2026-07-10,203670,1
PAY-72738,INV-26126,OMC-011,Hass Petroleum,GB56WGCN65876036690967,2025-09-29,196267,1
PAY-73189,INV-53470,OMC-019,Tanzania Petroleum,GB59MHYN05766270289517,2025-10-30,35779,1
PAY-26864,INV-71324,OMC-015,Mombasa Petroleum,GB80WOIJ43135182337498,2025-04-03,169838,1
PAY-54799,INV-96059,OMC-018,Uganda National Oil,GB36RNCH17127484677378,2025-04-29,176193,1
PAY-46881,INV-54961,OMC-001,TotalEnergies Kenya,GB06DMIO52553419283276,2026-03-05,21132,2
PAY-89977,INV-33650,OMC-001,TotalEnergies Kenya,GB06DMIO52553419283276,2026-05-25,139559,1
PAY-16514,INV-76647,OMC-001,TotalEnergies Kenya,GB06DMIO52553419283276,2025-10-04,18450,1
PAY-73896,INV-32779,OMC-015,Mombasa Petroleum,GB80WOIJ43135182337498,2026-04-19,54865,1
PAY-73492,INV-28773,OMC-004,Gulf Energy,GB89GWUW86379402654235,2026-05-01,48245,1
PAY-76545,INV-13652,OMC-007,Kobil,GB37IDDX82449353487401,2026-05-18,135153,1
PAY-27889,INV-88150,OMC-004,Gulf Energy,GB89GWUW86379402654235,2026-05-24,90990,1
PAY-11133,INV-47790,OMC-007,Kobil,GB37IDDX82449353487401,2025-07-27,46303,1
PAY-46419,INV-13764,OMC-019,Tanzania Petroleum,GB59MHYN05766270289517,30/10/2025,195121,1
PAY-34527,INV-17643,OMC-003,Rubis Energy,GB04LOQO13315098393010,2026-05-03,241414,1
PAY-93745,INV-32240,OMC-008,National Oil,GB08NAFX56342160733754,2026-01-31,28421,1
PAY-95376,INV-20451,OMC-011,Hass Petroleum,GB56WGCN65876036690967,2025-05-05,115639,1
PAY-93802,INV-79824,OMC-020,Ethiopian Oil,GB14NSVZ22219693792374,2026-07-18,39511,1
PAY-65101,INV-36938,OMC-014,Texol Energies,GB06ONXS45314737996507,2026-07-20,48426,1
PAY-17941,INV-35211,OMC-019,Tanzania Petroleum,GB59MHYN05766270289517,2026-06-25," KES 54,227 ",1
PAY-89152,INV-87439,OMC-014,Texol Energies,GB06ONXS45314737996507,2026-08-01," KES 205,557 ",1
PAY-75939,INV-94020,OMC-007,Kobil,GB37IDDX82449353487401,2025-08-20,44038,1
PAY-98594,INV-97115,OMC-001,TotalEnergies Kenya,GB06DMIO52553419283276,2025-07-02,221076,1
PAY-95412,INV-87672,OMC-006,Hashi Energy,GB05QCFC91361939909169,2025-08-18," KES 58,489 ",2
PAY-96237,INV-15119,OMC-003,Rubis Energy,GB04LOQO13315098393010,2025-09-04,111468,1
PAY-49461,INV-54449,OMC-013,Lake Oil,GB88TEHE71937452991241,2025-04-06,50882,1
PAY-66212,INV-55710,OMC-017,KAA Aviation,GB54HVSS04902787429671,2026-06-29,135143,1
PAY-86587,INV-99044,OMC-020,Ethiopian Oil,GB14NSVZ22219693792374,2026-02-13,145034,1
PAY-94362,INV-53842,OMC-003,Rubis Energy,GB04LOQO13315098393010,2025-02-13,141151,1
PAY-41818,INV-32635,OMC-014,Texol Energies,GB06ONXS45314737996507,2025-07-04,89287,2
PAY-74954,INV-63876,OMC-010,Tamoil,GB34EABH79176936763201,2025-09-24,136102,1
PAY-76058,INV-30543,OMC-011,Hass Petroleum,GB56WGCN65876036690967,2025-12-20,124574,1
PAY-50283,INV-68063,OMC-004,Gulf Energy,GB89GWUW86379402654235,2026-05-19,61263,1
PAY-23941,INV-23464,OMC-006,Hashi Energy,GB05QCFC91361939909169,2026-02-25," KES 194,993 ",1
PAY-12658,INV-92170,OMC-006,Hashi Energy,GB05QCFC91361939909169,2025-08-02,194345,1
PAY-85879,INV-11832,OMC-019,Tanzania Petroleum,GB59MHYN05766270289517,2025-07-16,41406,1
PAY-56852,INV-28082,OMC-017,KAA Aviation,GB54HVSS04902787429671,2025-09-29,119029,1
PAY-67922,INV-11174,OMC-018,Uganda National Oil,GB36RNCH17127484677378,2025-06-02,122862,1
PAY-10873,INV-84128,OMC-010,Tamoil,GB34EABH79176936763201,2026-06-05,60098,1
PAY-40282,INV-92535,OMC-003,Rubis Energy,GB04LOQO13315098393010,2026-03-26,10711,2
PAY-75616,INV-46666,OMC-014,Texol Energies,GB06ONXS45314737996507,2025-05-17,28151,1
PAY-64685,INV-13038,OMC-020,Ethiopian Oil,GB14NSVZ22219693792374,2025-12-02,61288,1
PAY-58734,INV-54275,OMC-019,Tanzania Petroleum,GB59MHYN05766270289517,2026-02-26,157218,1
PAY-55630,INV-98067,OMC-003,Rubis Energy,GB04LOQO13315098393010,2025-09-16,192829,1
PAY-30714,INV-50923,OMC-001,TotalEnergies Kenya,GB06DMIO52553419283276,2025-08-14,25409,1
PAY-27178,INV-76897,OMC-002,Vivo Energy,GB45OQIR01845146270482,2025-04-24,43408,1
PAY-20012,INV-83764,OMC-003,Rubis Energy,GB04LOQO13315098393010,2025-12-08,160263,1
PAY-75985,INV-91577,OMC-018,Uganda National Oil,GB36RNCH17127484677378,2026-02-09," KES 135,442 ",1
PAY-98933,INV-97444,OMC-014,Texol Energies,GB06ONXS45314737996507,2026-03-15,185964,1
PAY-15892,INV-63654,OMC-003,Rubis Energy,GB04LOQO13315098393010,2025-03-26,59900,1
PAY-55962,INV-50481,OMC-012,Galana Energies,GB89GWUW86379402654235,2026-04-30,18020,2
PAY-41582,INV-21284,OMC-019,Tanzania Petroleum,GB59MHYN05766270289517,2026-05-25,155495,1
PAY-65710,INV-96697,OMC-009,Dalbit Petroleum,GB53VXXX35615951484656,2025-10-05,176145,1
PAY-43087,INV-60516,OMC-008,National Oil,GB08NAFX56342160733754,2026-01-04,27720,1
PAY-42921,INV-65847,OMC-015,Mombasa Petroleum,GB80WOIJ43135182337498,,254916,1
PAY-29041,INV-27043,OMC-012,Galana Energies,GB89GWUW86379402654235,2026-05-22,110546,1
PAY-12352,INV-77091,OMC-018,Uganda National Oil,GB36RNCH17127484677378,2025-08-25,145695,1
PAY-89114,INV-90409,OMC-020,Ethiopian Oil,GB14NSVZ22219693792374,2025-11-28,28485,1
PAY-10207,INV-90889,OMC-019,Tanzania Petroleum,GB59MHYN05766270289517,27/11/2025,251790,1
PAY-60642,INV-77994,OMC-010,Tamoil,GB34EABH79176936763201,2025-06-10,39503,1
PAY-24267,INV-75583,OMC-004,Gulf Energy,GB89GWUW86379402654235,2026-05-16,37415,1
PAY-28480,INV-32975,OMC-017,KAA Aviation,GB54HVSS04902787429671,2025-06-06,128845,1
PAY-39773,INV-61510,OMC-003,Rubis Energy,GB04LOQO13315098393010,2025-08-22," KES 244,128 ",1
PAY-62073,INV-34163,OMC-016,KPA Marine,GB31MOOJ96499091334123,2025-12-22,86388,2
PAY-29808,INV-21243,OMC-010,Tamoil,GB34EABH79176936763201,2026-08-30,148590,1
PAY-73518,INV-66965,OMC-019,Tanzania Petroleum,GB59MHYN05766270289517,2026-06-03,36659,2
PAY-66240,INV-70508,OMC-003,Rubis Energy,GB04LOQO13315098393010,2025-11-12,33506,1
PAY-13987,INV-73060,OMC-011,Hass Petroleum,GB56WGCN65876036690967,2026-02-17,60394,1
PAY-45905,INV-82293,OMC-016,KPA Marine,GB31MOOJ96499091334123,2025-05-21,69949,1
PAY-13844,INV-72323,OMC-010,Tamoil,GB34EABH79176936763201,2025-08-24,143971,1
PAY-67457,INV-62017,OMC-003,Rubis Energy,GB04LOQO13315098393010,2026-01-26,206228,1
PAY-69975,INV-84836,OMC-009,Dalbit Petroleum,GB53VXXX35615951484656,2025-08-07,27792,2
PAY-21973,INV-85709,OMC-019,Tanzania Petroleum,GB59MHYN05766270289517,2026-06-28,94619,1
PAY-71296,INV-88770,OMC-010,Tamoil,GB34EABH79176936763201,2025-02-28,274359,1
PAY-44847,INV-84779,OMC-014,Texol Energies,GB06ONXS45314737996507,2026-07-02,210285,1
PAY-65231,INV-66899,OMC-011,Hass Petroleum,GB56WGCN65876036690967,25/10/2025,114657,1
PAY-47351,INV-32990,OMC-004,Gulf Energy,GB89GWUW86379402654235,2026-05-02,100642,1
PAY-16856,INV-98749,OMC-006,Hashi Energy,GB05QCFC91361939909169,2026-03-02,174396,1
PAY-32030,INV-46495,OMC-012,Galana Energies,GB89GWUW86379402654235,2026-05-09,59777,1
PAY-71809,INV-68628,OMC-016,KPA Marine,GB31MOOJ96499091334123,2025-09-09,122537,1
PAY-36684,INV-20281,OMC-004,Gulf Energy,GB89GWUW86379402654235,2026-03-10,12767,1
PAY-70198,INV-42551,OMC-001,TotalEnergies Kenya,GB06DMIO52553419283276,14/04/2026,103850,1
PAY-29889,INV-93609,OMC-010,Tamoil,GB34EABH79176936763201,2026-07-18,124046,2
PAY-62590,INV-91941,OMC-009,Dalbit Petroleum,GB53VXXX35615951484656,2026-01-27,53480,1
PAY-70813,INV-47903,OMC-012,Galana Energies,GB89GWUW86379402654235,2026-03-14,71984,1
PAY-62553,INV-63196,OMC-003,Rubis Energy,GB04LOQO13315098393010,2026-01-29,208849,1
PAY-95366,INV-50652,OMC-017,KAA Aviation,GB54HVSS04902787429671,2025-04-07,187002,1
PAY-48741,INV-78351,OMC-004,Gulf Energy,GB89GWUW86379402654235,2026-04-16,10039,1
PAY-90824,INV-71486,OMC-014,Texol Energies,GB06ONXS45314737996507,2026-08-05,55124,1
PAY-62660,INV-96401,OMC-013,Lake Oil,GB88TEHE71937452991241,2026-08-03,234593,1
PAY-53431,INV-46776,OMC-006,Hashi Energy,GB05QCFC91361939909169,2025-05-02,53446,1
PAY-18806,INV-60138,OMC-016,KPA Marine,GB31MOOJ96499091334123,02/06/2026,137201,1
PAY-97839,INV-55060,OMC-001,TotalEnergies Kenya,GB06DMIO52553419283276,2025-11-13,34169,1
PAY-73061,INV-99760,OMC-004,Gulf Energy,GB89GWUW86379402654235,2026-05-13,25949,1
PAY-90759,INV-98614,OMC-017,KAA Aviation,GB54HVSS04902787429671,2026-07-20,117605,1
PAY-59568,INV-37254,OMC-004,Gulf Energy,GB89GWUW86379402654235,2026-05-26,280149,1
PAY-46098,INV-31320,OMC-001,TotalEnergies Kenya,GB06DMIO52553419283276,2025-05-06,36002,2
PAY-86661,INV-67728,OMC-006,Hashi Energy,GB05QCFC91361939909169,2025-09-05,75126,1
PAY-10133,INV-35193,OMC-018,Uganda National Oil,GB36RNCH17127484677378,2026-05-01,201060,1
PAY-43628,INV-17678,OMC-001,TotalEnergies Kenya,GB06DMIO52553419283276,2025-09-29,125944,1
PAY-58567,INV-72319,OMC-008,National Oil,GB08NAFX56342160733754,2026-05-30,259279,1
PAY-68139,INV-22561,OMC-013,Lake Oil,GB88TEHE71937452991241,2026-01-19,51303,1
PAY-52502,INV-90322,OMC-016,KPA Marine,GB31MOOJ96499091334123,2026-06-19,38294,1
PAY-67151,INV-26789,OMC-016,KPA Marine,GB31MOOJ96499091334123,2025-06-17,28381,1
PAY-55760,INV-93157,OMC-001,TotalEnergies Kenya,GB06DMIO52553419283276,2025-11-13,63641,1
PAY-63627,INV-45115,OMC-010,Tamoil,GB34EABH79176936763201,27/10/2025,19526,1
PAY-46186,INV-99670,OMC-012,Galana Energies,GB89GWUW86379402654235,2026-05-10,147780,1
PAY-48087,INV-31870,OMC-001,TotalEnergies Kenya,GB06DMIO52553419283276,,73961,2
PAY-39004,INV-87679,OMC-018,Uganda National Oil,GB36RNCH17127484677378,,40207,1
PAY-14065,INV-13420,OMC-012,Galana Energies,GB89GWUW86379402654235,2026-05-26,111335,2
PAY-98837,INV-50861,OMC-015,Mombasa Petroleum,GB80WOIJ43135182337498,2026-05-20," KES 198,727 ",1
PAY-45685,INV-82783,OMC-003,Rubis Energy,GB04LOQO13315098393010,2025-07-07,143535,1
PAY-47776,INV-44668,OMC-012,Galana Energies,GB89GWUW86379402654235,2026-06-02,22689,2
PAY-85057,INV-25292,OMC-018,Uganda National Oil,GB36RNCH17127484677378,2025-07-09,137036,1
PAY-38136,INV-53775,OMC-006,Hashi Energy,GB05QCFC91361939909169,2026-05-05,31526,1
PAY-40868,INV-39764,OMC-010,Tamoil,GB34EABH79176936763201,2025-07-23,38352,1
PAY-45020,INV-22524,OMC-018,Uganda National Oil,GB36RNCH17127484677378,2025-04-06,42632,1
PAY-90418,INV-43774,OMC-020,Ethiopian Oil,GB14NSVZ22219693792374,2025-03-24,57131,1
PAY-29861,INV-61107,OMC-001,TotalEnergies Kenya,GB06DMIO52553419283276,2025-07-27,158731,1
PAY-34999,INV-29904,OMC-006,Hashi Energy,GB05QCFC91361939909169,2025-12-18,98749,2
PAY-81850,INV-13744,OMC-012,Galana Energies,GB89GWUW86379402654235,2026-06-01,68396,2
PAY-79686,INV-54573,OMC-009,Dalbit Petroleum,GB53VXXX35615951484656,2025-11-16,25693,1
PAY-74670,INV-73427,OMC-014,Texol Energies,GB06ONXS45314737996507,2025-05-24,73521,1
PAY-91132,INV-11420,OMC-002,Vivo Energy,GB45OQIR01845146270482,2026-01-11,26228,1
PAY-99262,INV-83600,OMC-014,Texol Energies,GB06ONXS45314737996507,2026-02-04,109027,1
PAY-39620,INV-47681,OMC-002,Vivo Energy,GB45OQIR01845146270482,2025-12-25,30353,1
PAY-90958,INV-15403,OMC-017,KAA Aviation,GB54HVSS04902787429671,2026-05-06,133616,1
PAY-41291,INV-12998,OMC-014,Texol Energies,GB06ONXS45314737996507,2025-07-01,44017,1
PAY-67130,INV-32958,OMC-017,KAA Aviation,GB54HVSS04902787429671,2025-06-23,172958,1
PAY-38828,INV-41265,OMC-005,PetroOil Kenya,GB89GWUW86379402654235,2026-03-26,81022,2
PAY-95892,INV-43188,OMC-015,Mombasa Petroleum,GB80WOIJ43135182337498,2026-01-12,143490,1
PAY-59846,INV-14416,OMC-012,Galana Energies,GB89GWUW86379402654235,2026-03-01,40432,1
PAY-43980,INV-34625,OMC-012,Galana Energies,GB89GWUW86379402654235,2026-05-09," KES 27,909 ",1
PAY-96345,INV-73867,OMC-011,Hass Petroleum,GB56WGCN65876036690967,2026-06-15,41834,2
PAY-53253,INV-69134,OMC-018,Uganda National Oil,GB36RNCH17127484677378,2025-06-23,173274,1
PAY-36691,INV-24444,OMC-019,Tanzania Petroleum,GB59MHYN05766270289517,,48379,1
PAY-58552,INV-81980,OMC-015,Mombasa Petroleum,GB80WOIJ43135182337498,2026-03-15,37907,1
PAY-65958,INV-51526,OMC-002,Vivo Energy,GB45OQIR01845146270482,2025-10-01,43530,1
PAY-90389,INV-75319,OMC-007,Kobil,GB37IDDX82449353487401,2025-06-08,87442,1
PAY-54136,INV-30247,OMC-004,Gulf Energy,GB89GWUW86379402654235,2026-03-06,176071,1
PAY-50479,INV-45076,OMC-007,Kobil,GB37IDDX82449353487401,2025-08-14,134500,1
PAY-93084,INV-65175,OMC-008,National Oil,GB08NAFX56342160733754,2025-04-11,66227,1
PAY-63893,INV-32163,OMC-017,KAA Aviation,GB54HVSS04902787429671,2025-08-09,212031,1
PAY-78472,INV-17865,OMC-014,Texol Energies,GB06ONXS45314737996507,2026-05-15,45263,1
PAY-81852,INV-49291,OMC-019,Tanzania Petroleum,GB59MHYN05766270289517,2025-05-06,29240,1
PAY-99732,INV-20844,OMC-018,Uganda National Oil,GB36RNCH17127484677378,2026-04-18,57886,1
PAY-11443,INV-75912,OMC-001,TotalEnergies Kenya,GB06DMIO52553419283276,2026-08-03,162260,1
PAY-54899,INV-32721,OMC-018,Uganda National Oil,GB36RNCH17127484677378,2025-06-24,40650,2
PAY-77816,INV-76413,OMC-005,PetroOil Kenya,GB89GWUW86379402654235,2026-06-19,114839,2
PAY-88134,INV-90065,OMC-014,Texol Energies,GB06ONXS45314737996507,2025-05-22," KES 133,271 ",1
PAY-59302,INV-63403,OMC-003,Rubis Energy,GB04LOQO13315098393010,,38836,1
PAY-38571,INV-30653,OMC-008,National Oil,GB08NAFX56342160733754,2025-11-08," KES 12,423 ",2
PAY-71792,INV-72658,OMC-002,Vivo Energy,GB45OQIR01845146270482,2025-08-16," KES 142,313 ",1
PAY-63758,INV-62083,OMC-015,Mombasa Petroleum,GB80WOIJ43135182337498,2026-05-17,46500,1
PAY-44151,INV-42692,OMC-009,Dalbit Petroleum,GB53VXXX35615951484656,2026-05-22,35468,1
PAY-38354,INV-15621,OMC-003,Rubis Energy,GB04LOQO13315098393010,2026-04-27,167111,1
PAY-28799,INV-98940,OMC-011,Hass Petroleum,GB56WGCN65876036690967,2025-10-10,115774,1
PAY-24844,INV-27839,OMC-019,Tanzania Petroleum,GB59MHYN05766270289517,01/12/2025,239920,1
PAY-87803,INV-73164,OMC-020,Ethiopian Oil,GB14NSVZ22219693792374,2025-12-31,41143,1
PAY-80152,INV-76714,OMC-019,Tanzania Petroleum,GB59MHYN05766270289517,2025-11-21,51333,1
PAY-81233,INV-18509,OMC-009,Dalbit Petroleum,GB53VXXX35615951484656,2025-03-21,194348,1
PAY-98621,INV-73435,OMC-020,Ethiopian Oil,GB14NSVZ22219693792374,,181766,1
PAY-97205,INV-23337,OMC-014,Texol Energies,GB06ONXS45314737996507,2025-09-12,88249,2
PAY-39246,INV-56596,OMC-016,KPA Marine,GB31MOOJ96499091334123,2026-01-08,182345,1
PAY-21106,INV-84865,OMC-002,Vivo Energy,GB45OQIR01845146270482,2025-07-26,121833,1
PAY-39639,INV-96559,OMC-006,Hashi Energy,GB05QCFC91361939909169,2025-06-02,137671,1
PAY-14274,INV-26258,OMC-009,Dalbit Petroleum,GB53VXXX35615951484656,2026-07-15,38904,1
PAY-42402,INV-64834,OMC-002,Vivo Energy,GB45OQIR01845146270482,2025-06-27,220172,1
PAY-63703,INV-89905,OMC-017,KAA Aviation,GB54HVSS04902787429671,2025-03-09,191127,1
PAY-71717,INV-94592,OMC-020,Ethiopian Oil,GB14NSVZ22219693792374,2025-07-25,128159,1
PAY-33367,INV-57511,OMC-012,Galana Energies,GB89GWUW86379402654235,2026-05-16,39955,1
PAY-43345,INV-36164,OMC-003,Rubis Energy,GB04LOQO13315098393010,2026-02-15,64216,1
PAY-65788,INV-59902,OMC-002,Vivo Energy,GB45OQIR01845146270482,2026-07-03,217721,1
PAY-88587,INV-44576,OMC-017,KAA Aviation,GB54HVSS04902787429671,2026-04-27,46902,1
PAY-78529,INV-49111,OMC-013,Lake Oil,GB88TEHE71937452991241,2025-07-04,114313,1
PAY-55961,INV-90636,OMC-002,Vivo Energy,GB45OQIR01845146270482,2025-11-18,46561,1
PAY-24758,INV-99848,OMC-019,Tanzania Petroleum,GB59MHYN05766270289517,2025-03-26,209279,1
PAY-41244,INV-33946,OMC-016,KPA Marine,GB31MOOJ96499091334123,2025-08-16,58719,1
PAY-11061,INV-31782,OMC-009,Dalbit Petroleum,GB53VXXX35615951484656,2025-09-03,230117,1
PAY-58276,INV-64111,OMC-020,Ethiopian Oil,GB14NSVZ22219693792374,2026-03-10,60725,1
PAY-60844,INV-23931,OMC-012,Galana Energies,GB89GWUW86379402654235,2026-04-13,114900,1
PAY-50784,INV-82859,OMC-016,KPA Marine,GB31MOOJ96499091334123,2025-03-09,25061,2
PAY-55365,INV-80823,OMC-009,Dalbit Petroleum,GB53VXXX35615951484656,2026-01-31,157679,1
PAY-52294,INV-69655,OMC-013,Lake Oil,GB88TEHE71937452991241,2026-02-24,175373,1
PAY-23999,INV-21438,OMC-015,Mombasa Petroleum,GB80WOIJ43135182337498,22/10/2025,153673,1
PAY-55002,INV-96301,OMC-019,Tanzania Petroleum,GB59MHYN05766270289517,2025-10-25,31802,1
PAY-46295,INV-70286,OMC-009,Dalbit Petroleum,GB53VXXX35615951484656,2025-10-27,246499,1
PAY-61302,INV-23663,OMC-006,Hashi Energy,GB05QCFC91361939909169,2026-07-02,255672,1
PAY-62823,INV-53656,OMC-019,Tanzania Petroleum,GB59MHYN05766270289517,2026-03-07,64778,1
PAY-76726,INV-26595,OMC-011,Hass Petroleum,GB56WGCN65876036690967,2026-04-17,146411,1
PAY-52575,INV-32933,OMC-006,Hashi Energy,GB05QCFC91361939909169,2025-02-26,252339,1
PAY-97546,INV-36912,OMC-009,Dalbit Petroleum,GB53VXXX35615951484656,2026-08-22,189643,1
PAY-88491,INV-75032,OMC-010,Tamoil,GB34EABH79176936763201,2025-09-25,51319,1
PAY-71522,INV-64058,OMC-016,KPA Marine,GB31MOOJ96499091334123,2025-10-15,106791,1
PAY-63695,INV-81005,OMC-006,Hashi Energy,GB05QCFC91361939909169,2026-05-08,195132,1
PAY-48232,INV-42391,OMC-014,Texol Energies,GB06ONXS45314737996507,2025-11-22," KES 157,755 ",1
PAY-35046,INV-61711,OMC-002,Vivo Energy,GB45OQIR01845146270482,2025-08-14,41313,2
PAY-77290,INV-70841,OMC-018,Uganda National Oil,GB36RNCH17127484677378,2026-07-28,46147,1
PAY-90897,INV-46865,OMC-014,Texol Energies,GB06ONXS45314737996507,2025-04-21,160940,1
PAY-47050,INV-16804,OMC-020,Ethiopian Oil,GB14NSVZ22219693792374,2026-01-25,32605,1
PAY-47790,INV-52785,OMC-013,Lake Oil,GB88TEHE71937452991241,2026-02-14,188621,1
PAY-99531,INV-47978,OMC-004,Gulf Energy,GB89GWUW86379402654235,09/05/2026,334353,1
PAY-26097,INV-53774,OMC-004,Gulf Energy,GB89GWUW86379402654235,2026-04-15,92741,1
PAY-11793,INV-27843,OMC-001,TotalEnergies Kenya,GB06DMIO52553419283276,2026-07-24,30661,1
PAY-64055,INV-86480,OMC-001,TotalEnergies Kenya,GB06DMIO52553419283276,2026-06-19,157145,1
PAY-58866,INV-88584,OMC-006,Hashi Energy,GB05QCFC91361939909169,2025-05-14,282164,1
PAY-98262,INV-92001,OMC-008,National Oil,GB08NAFX56342160733754,2025-10-12,130929,1
PAY-95451,INV-57283,OMC-019,Tanzania Petroleum,GB59MHYN05766270289517,2025-08-02,108526,1
PAY-49416,INV-51646,OMC-008,National Oil,GB08NAFX56342160733754,2025-08-05," KES 162,734 ",1
PAY-83298,INV-90438,OMC-020,Ethiopian Oil,GB14NSVZ22219693792374,2025-12-26,23735,1
PAY-24833,INV-19260,OMC-005,PetroOil Kenya,GB89GWUW86379402654235,2026-05-07,9711,2
PAY-67748,INV-12501,OMC-018,Uganda National Oil,GB36RNCH17127484677378,2025-04-21,222311,1
PAY-93962,INV-33648,OMC-008,National Oil,GB08NAFX56342160733754,2025-06-08,81250,2
PAY-85826,INV-37682,OMC-009,Dalbit Petroleum,GB53VXXX35615951484656,2025-11-26,36071,1
PAY-69542,INV-10125,OMC-010,Tamoil,GB34EABH79176936763201,2026-05-11,183036,1
PAY-92813,INV-87149,OMC-006,Hashi Energy,GB05QCFC91361939909169,2025-04-04,154152,1
PAY-81841,INV-34867,OMC-018,Uganda National Oil,GB36RNCH17127484677378,2026-04-02,64018,1
PAY-44054,INV-40680,OMC-015,Mombasa Petroleum,GB80WOIJ43135182337498,2025-11-12,188400,1
PAY-40750,INV-42194,OMC-017,KAA Aviation,GB54HVSS04902787429671,2025-07-30,204209,1
PAY-74241,INV-68260,OMC-017,KAA Aviation,GB54HVSS04902787429671,2025-06-04,54561,1
PAY-85764,INV-26880,OMC-008,National Oil,GB08NAFX56342160733754,2026-03-17,29826,1
PAY-42190,INV-77479,OMC-002,Vivo Energy,GB45OQIR01845146270482,2025-12-28,61226,1
PAY-36333,INV-86442,OMC-014,Texol Energies,GB06ONXS45314737996507,2025-11-28,10173,2
PAY-30782,INV-62091,OMC-015,Mombasa Petroleum,GB80WOIJ43135182337498,2025-03-05,33161,1
PAY-69258,INV-36408,OMC-009,Dalbit Petroleum,GB53VXXX35615951484656,2025-06-25,33854,1
PAY-17051,INV-20874,OMC-003,Rubis Energy,GB04LOQO13315098393010,2026-01-13,117726,1
PAY-50276,INV-93087,OMC-001,TotalEnergies Kenya,GB06DMIO52553419283276,2025-02-16,36693,1
PAY-38268,INV-36960,OMC-016,KPA Marine,GB31MOOJ96499091334123,,78654,1
PAY-60420,INV-11264,OMC-005,PetroOil Kenya,GB89GWUW86379402654235,2026-03-26,271171,1
PAY-63384,INV-42982,OMC-010,Tamoil,GB34EABH79176936763201,2025-08-05,288804,1
PAY-86242,INV-63720,OMC-017,KAA Aviation,GB54HVSS04902787429671,2025-11-16,130805,1
PAY-84532,INV-76234,OMC-014,Texol Energies,GB06ONXS45314737996507,2025-02-25,168481,1
PAY-18021,INV-21234,OMC-015,Mombasa Petroleum,GB80WOIJ43135182337498,2025-05-25,40937,1
PAY-75610,INV-97716,OMC-005,PetroOil Kenya,GB89GWUW86379402654235,2026-03-22,20202,1
PAY-39696,INV-99384,OMC-005,PetroOil Kenya,GB89GWUW86379402654235,2026-03-18,207887,1
PAY-88688,INV-78902,OMC-015,Mombasa Petroleum,GB80WOIJ43135182337498,2025-06-09,143807,1
PAY-58936,INV-58459,OMC-011,Hass Petroleum,GB56WGCN65876036690967,,57650,1
PAY-92353,INV-36094,OMC-002,Vivo Energy,GB45OQIR01845146270482,2025-09-12,42781,1
PAY-63530,INV-94701,OMC-010,Tamoil,GB34EABH79176936763201,2025-10-20,23534,1
PAY-12124,INV-79801,OMC-014,Texol Energies,GB06ONXS45314737996507,2025-03-23,52101,1
PAY-14600,INV-43855,OMC-001,TotalEnergies Kenya,GB06DMIO52553419283276,2025-12-24,113747,1
PAY-86717,INV-46988,OMC-008,National Oil,GB08NAFX56342160733754,2026-02-19,25995,2
PAY-81104,INV-49590,OMC-003,Rubis Energy,GB04LOQO13315098393010,2026-04-29,14103,1
PAY-99944,INV-82753,OMC-018,Uganda National Oil,GB36RNCH17127484677378,2026-01-20,82668,1
PAY-91170,INV-48838,OMC-020,Ethiopian Oil,GB14NSVZ22219693792374,2025-07-21,24096,1
PAY-61031,INV-57085,OMC-020,Ethiopian Oil,GB14NSVZ22219693792374,2025-03-23,34948,1
PAY-40036,INV-23782,OMC-020,Ethiopian Oil,GB14NSVZ22219693792374,2025-07-11,28021,1
PAY-75243,INV-40975,OMC-019,Tanzania Petroleum,GB59MHYN05766270289517,,185042,1
PAY-70371,INV-24363,OMC-018,Uganda National Oil,GB36RNCH17127484677378,2026-06-02,28875,1
PAY-40679,INV-47411,OMC-014,Texol Energies,GB06ONXS45314737996507,2025-11-18,41516,1
PAY-39425,INV-35829,OMC-020,Ethiopian Oil,GB14NSVZ22219693792374,2025-07-09,234474,1
PAY-23369,INV-96025,OMC-009,Dalbit Petroleum,GB53VXXX35615951484656,2026-07-11,47191,1
PAY-40085,INV-35860,OMC-011,Hass Petroleum,GB56WGCN65876036690967,2025-06-18,64166,2
PAY-88606,INV-12730,OMC-006,Hashi Energy,GB05QCFC91361939909169,2025-04-21,81106,2
PAY-40423,INV-51466,OMC-013,Lake Oil,GB88TEHE71937452991241,11/11/2025,26032,1
PAY-20277,INV-24583,OMC-017,KAA Aviation,GB54HVSS04902787429671,2025-12-24,199426,1
PAY-53215,INV-82274,OMC-019,Tanzania Petroleum,GB59MHYN05766270289517,2026-01-27,54937,1
PAY-27695,INV-36252,OMC-008,National Oil,GB08NAFX56342160733754,2025-06-21,116388,1
PAY-29960,INV-27167,OMC-015,Mombasa Petroleum,GB80WOIJ43135182337498,2026-03-22,261657,1
PAY-89517,INV-88131,OMC-018,Uganda National Oil,GB36RNCH17127484677378,2025-08-06,101534,1
PAY-91557,INV-88102,OMC-008,National Oil,GB08NAFX56342160733754,2025-03-14,231639,1
PAY-21383,INV-44031,OMC-010,Tamoil,GB34EABH79176936763201,2026-03-23,290407,1
PAY-99421,INV-28985,OMC-008,National Oil,GB08NAFX56342160733754,2025-03-08,294312,1
PAY-38309,INV-37902,OMC-010,Tamoil,GB34EABH79176936763201,2025-09-19,31538,1
PAY-80045,INV-26883,OMC-011,Hass Petroleum,GB56WGCN65876036690967,2026-05-14,161162,1
PAY-26425,INV-61181,OMC-004,Gulf Energy,GB89GWUW86379402654235,2026-05-22,172223,1
PAY-75430,INV-86901,OMC-016,KPA Marine,GB31MOOJ96499091334123,09/07/2026,23398,1
PAY-47949,INV-41355,OMC-009,Dalbit Petroleum,GB53VXXX35615951484656,2025-03-19,33749,1
PAY-13309,INV-49110,OMC-020,Ethiopian Oil,GB14NSVZ22219693792374,2026-01-18,29316,1
PAY-96332,INV-73062,OMC-014,Texol Energies,GB06ONXS45314737996507,2025-08-19," KES 21,280 ",1
PAY-36647,INV-40932,OMC-019,Tanzania Petroleum,GB59MHYN05766270289517,2026-02-13," KES 52,893 ",1
PAY-21462,INV-39681,OMC-013,Lake Oil,GB88TEHE71937452991241,2025-08-06,223325,1
PAY-55285,INV-38141,OMC-003,Rubis Energy,GB04LOQO13315098393010,13/03/2025,183679,1
PAY-74331,INV-66503,OMC-015,Mombasa Petroleum,GB80WOIJ43135182337498,23/04/2025,124238,1
PAY-59270,INV-87932,OMC-019,Tanzania Petroleum,GB59MHYN05766270289517,2026-03-14,63776,1
PAY-91377,INV-91186,OMC-005,PetroOil Kenya,GB89GWUW86379402654235,2026-04-20,160932,1
PAY-23797,INV-64643,OMC-017,KAA Aviation,GB54HVSS04902787429671,2026-01-05,163385,1
PAY-26479,INV-69286,OMC-004,Gulf Energy,GB89GWUW86379402654235,2026-05-18,42090,1
PAY-71828,INV-76033,OMC-003,Rubis Energy,GB04LOQO13315098393010,2026-03-17,33428,1
PAY-19151,INV-40762,OMC-018,Uganda National Oil,GB36RNCH17127484677378,2025-10-01,27262,1
PAY-49294,INV-34430,OMC-018,Uganda National Oil,GB36RNCH17127484677378,2026-05-02,88904,2
PAY-21265,INV-99091,OMC-012,Galana Energies,GB89GWUW86379402654235,2026-05-20,53514,2
PAY-90953,INV-63959,OMC-019,Tanzania Petroleum,GB59MHYN05766270289517,2026-01-25,92235,1
PAY-31908,INV-18486,OMC-012,Galana Energies,GB89GWUW86379402654235,2026-06-05,11232,2
PAY-16330,INV-10687,OMC-002,Vivo Energy,GB45OQIR01845146270482,2025-08-01,23603,1
PAY-87874,INV-74131,OMC-018,Uganda National Oil,GB36RNCH17127484677378,12/08/2025,43666,2
PAY-31844,INV-74746,OMC-018,Uganda National Oil,GB36RNCH17127484677378,2025-04-13,49541,1
PAY-79713,INV-12878,OMC-003,Rubis Energy,GB04LOQO13315098393010,2026-02-08,48326,1
PAY-58504,INV-21138,OMC-006,Hashi Energy,GB05QCFC91361939909169,,167553,1
PAY-34728,INV-96036,OMC-015,Mombasa Petroleum,GB80WOIJ43135182337498,2025-11-06,125857,1
PAY-10697,INV-97912,OMC-003,Rubis Energy,GB04LOQO13315098393010,2026-07-25,176744,1
PAY-23827,INV-57915,OMC-004,Gulf Energy,GB89GWUW86379402654235,2026-05-10,152975,1
PAY-34900,INV-32736,OMC-008,National Oil,GB08NAFX56342160733754,2025-06-08,175359,1
PAY-16613,INV-75395,OMC-010,Tamoil,GB34EABH79176936763201,2026-03-17,151741,1
PAY-88954,INV-34347,OMC-009,Dalbit Petroleum,GB53VXXX35615951484656,2025-07-05,39691,1
PAY-22009,INV-98462,OMC-007,Kobil,GB37IDDX82449353487401,2025-04-27,27025,1
PAY-81462,INV-58798,OMC-002,Vivo Energy,GB45OQIR01845146270482,2026-02-24,279366,1
PAY-83698,INV-68074,OMC-006,Hashi Energy,GB05QCFC91361939909169,2026-03-01,21777,1
PAY-42959,INV-28440,OMC-016,KPA Marine,GB31MOOJ96499091334123,2025-12-22,18374,1
PAY-98368,INV-17156,OMC-010,Tamoil,GB34EABH79176936763201,26/10/2025,27931,1
PAY-72324,INV-28874,OMC-013,Lake Oil,GB88TEHE71937452991241,2025-08-30,28528,1
PAY-39323,INV-97207,OMC-017,KAA Aviation,GB54HVSS04902787429671,2025-02-16,262367,1
PAY-38661,INV-14931,OMC-017,KAA Aviation,GB54HVSS04902787429671,2026-06-12,45416,1
PAY-70734,INV-41653,OMC-017,KAA Aviation,GB54HVSS04902787429671,2026-07-14,62259,1
PAY-13251,INV-40147,OMC-004,Gulf Energy,GB89GWUW86379402654235,2026-04-14,20320,1
PAY-10481,INV-98656,OMC-003,Rubis Energy,GB04LOQO13315098393010,2025-02-13,259002,1
PAY-71939,INV-23119,OMC-020,Ethiopian Oil,GB14NSVZ22219693792374,2025-07-21,118997,1
PAY-66512,INV-75574,OMC-007,Kobil,GB37IDDX82449353487401,2025-05-28," KES 44,541 ",1
PAY-98368,INV-69185,OMC-019,Tanzania Petroleum,GB59MHYN05766270289517,2026-07-13,28192,2
PAY-16549,INV-64653,OMC-005,PetroOil Kenya,GB89GWUW86379402654235,2026-04-01,34166,1
PAY-55811,INV-53106,OMC-009,Dalbit Petroleum,GB53VXXX35615951484656,2026-08-07,10057,2
PAY-42457,INV-90081,OMC-012,Galana Energies,GB89GWUW86379402654235,2026-03-13,43884,1
PAY-43822,INV-51288,OMC-020,Ethiopian Oil,GB14NSVZ22219693792374,2026-03-13,45601,1
PAY-16202,INV-82775,OMC-006,Hashi Energy,GB05QCFC91361939909169,2025-12-18,21338,1
PAY-12471,INV-15789,OMC-004,Gulf Energy,GB89GWUW86379402654235,2026-03-24,202362,1
PAY-72592,INV-97413,OMC-018,Uganda National Oil,GB36RNCH17127484677378,2026-06-19,31201,1
PAY-22536,INV-95830,OMC-017,KAA Aviation,GB54HVSS04902787429671,2025-12-19,268584,1
PAY-15845,INV-86414,OMC-015,Mombasa Petroleum,GB80WOIJ43135182337498,2026-01-23,110324,1
PAY-84254,INV-63688,OMC-018,Uganda National Oil,GB36RNCH17127484677378,2025-04-29,34713,2
PAY-44555,INV-26114,OMC-014,Texol Energies,GB06ONXS45314737996507,2026-02-28,20778,2
PAY-98880,INV-76748,OMC-007,Kobil,GB37IDDX82449353487401,2025-11-23,125298,1
PAY-33015,INV-55839,OMC-005,PetroOil Kenya,GB89GWUW86379402654235,,15990,2
PAY-38774,INV-11912,OMC-008,National Oil,GB08NAFX56342160733754,2025-10-15,33594,1
PAY-22140,INV-59679,OMC-004,Gulf Energy,GB89GWUW86379402654235,2026-05-12,66925,2
PAY-22694,INV-71296,OMC-008,National Oil,GB08NAFX56342160733754,2026-06-24,210903,1
PAY-12786,INV-93977,OMC-016,KPA Marine,GB31MOOJ96499091334123,2026-05-06,29389,2
PAY-10825,INV-44607,OMC-009,Dalbit Petroleum,GB53VXXX35615951484656,2026-02-13,53285,1
PAY-55142,INV-99459,OMC-005,PetroOil Kenya,GB89GWUW86379402654235,2026-04-27,160133,1
PAY-22990,INV-19949,OMC-010,Tamoil,GB34EABH79176936763201,2026-05-26,135940,1
PAY-89192,INV-85868,OMC-005,PetroOil Kenya,GB89GWUW86379402654235,2026-04-11,65718,1
PAY-86402,INV-14257,OMC-011,Hass Petroleum,GB56WGCN65876036690967,2026-01-17,283788,1
PAY-65911,INV-50097,OMC-018,Uganda National Oil,GB36RNCH17127484677378,2026-03-31,62637,1
PAY-93062,INV-25156,OMC-003,Rubis Energy,GB04LOQO13315098393010,2026-02-12,105409,1
PAY-91000,INV-34015,OMC-002,Vivo Energy,GB45OQIR01845146270482,2025-02-01,234028,1
PAY-13197,INV-50184,OMC-020,Ethiopian Oil,GB14NSVZ22219693792374,17/04/2026,169797,1
PAY-67213,INV-10020,OMC-019,Tanzania Petroleum,GB59MHYN05766270289517,2025-03-05,129041,1
PAY-31624,INV-81208,OMC-017,KAA Aviation,GB54HVSS04902787429671,2025-10-03,215056,1
PAY-77670,INV-96790,OMC-007,Kobil,GB37IDDX82449353487401,2025-04-13,85930,1
PAY-70818,INV-64755,OMC-019,Tanzania Petroleum,GB59MHYN05766270289517,2026-02-11,24792,1
PAY-15776,INV-36546,OMC-015,Mombasa Petroleum,GB80WOIJ43135182337498,2025-07-05,35321,1
PAY-63582,INV-70505,OMC-006,Hashi Energy,GB05QCFC91361939909169,2026-02-01," KES 297,043 ",1
PAY-67993,INV-19342,OMC-011,Hass Petroleum,GB56WGCN65876036690967,2025-08-29,44092,1
PAY-34476,INV-53093,OMC-018,Uganda National Oil,GB36RNCH17127484677378,2026-05-11,136108,1
PAY-36742,INV-23900,OMC-008,National Oil,GB08NAFX56342160733754,2026-03-18,98988,1
PAY-23621,INV-74089,OMC-017,KAA Aviation,GB54HVSS04902787429671,2025-03-15,22842,1
PAY-78574,INV-47967,OMC-001,TotalEnergies Kenya,GB06DMIO52553419283276,2025-08-13,57266,1
PAY-48080,INV-74782,OMC-002,Vivo Energy,GB45OQIR01845146270482,2025-05-26," KES 45,780 ",1
PAY-67748,INV-65158,OMC-009,Dalbit Petroleum,GB53VXXX35615951484656,2026-07-10,75940,1
PAY-53143,INV-76381,OMC-007,Kobil,GB37IDDX82449353487401,2026-05-31,232789,1
PAY-32389,INV-32289,OMC-017,KAA Aviation,GB54HVSS04902787429671,2025-02-28,257851,1
PAY-79816,INV-78958,OMC-015,Mombasa Petroleum,GB80WOIJ43135182337498,2026-07-22,124396,1
PAY-33120,INV-90631,OMC-005,PetroOil Kenya,GB89GWUW86379402654235,2026-03-29,23782,1
PAY-18297,INV-25086,OMC-015,Mombasa Petroleum,GB80WOIJ43135182337498,2025-12-09,73508,1
PAY-31031,INV-70319,OMC-010,Tamoil,GB34EABH79176936763201,2026-01-26," KES 31,936 ",2
PAY-32193,INV-25181,OMC-016,KPA Marine,GB31MOOJ96499091334123,2025-02-05,22477,1
PAY-67510,INV-45680,OMC-020,Ethiopian Oil,GB14NSVZ22219693792374,2025-09-26,20599,1
PAY-39350,INV-96407,OMC-020,Ethiopian Oil,GB14NSVZ22219693792374,2025-11-06,50223,1
PAY-29736,INV-77598,OMC-001,TotalEnergies Kenya,GB06DMIO52553419283276,2025-04-19,111476,1
PAY-65954,INV-43280,OMC-002,Vivo Energy,GB45OQIR01845146270482,2026-02-27,47909,1
PAY-76669,INV-74137,OMC-017,KAA Aviation,GB54HVSS04902787429671,2026-06-23," KES 195,322 ",1
PAY-26081,INV-82223,OMC-016,KPA Marine,GB31MOOJ96499091334123,2026-03-29,37119,1
PAY-39558,INV-19197,OMC-002,Vivo Energy,GB45OQIR01845146270482,2026-02-12,248382,1
PAY-28064,INV-41553,OMC-016,KPA Marine,GB31MOOJ96499091334123,2026-04-20,46895,1
PAY-13469,INV-71554,OMC-011,Hass Petroleum,GB56WGCN65876036690967,2026-04-14,50624,1
PAY-44920,INV-67225,OMC-005,PetroOil Kenya,GB89GWUW86379402654235,2026-03-06,290977,1
PAY-33293,INV-20103,OMC-020,Ethiopian Oil,GB14NSVZ22219693792374,2026-03-11,27255,1
PAY-21488,INV-18579,OMC-012,Galana Energies,GB89GWUW86379402654235,2026-04-22,303159,1
PAY-48763,INV-30944,OMC-015,Mombasa Petroleum,GB80WOIJ43135182337498,2025-03-23,45126,1
PAY-43089,INV-39139,OMC-018,Uganda National Oil,GB36RNCH17127484677378,2025-02-08,53750,1
PAY-63724,INV-74812,OMC-007,Kobil,GB37IDDX82449353487401,2026-02-15,56926,2
PAY-45405,INV-67583,OMC-008,National Oil,GB08NAFX56342160733754,2025-06-30,110194,1
PAY-38056,INV-41060,OMC-009,Dalbit Petroleum,GB53VXXX35615951484656,2026-02-07,30118,2
PAY-94403,INV-53888,OMC-014,Texol Energies,GB06ONXS45314737996507,2025-08-05,197565,1
PAY-63588,INV-56177,OMC-020,Ethiopian Oil,GB14NSVZ22219693792374,2026-06-02,49557,1
PAY-52254,INV-16542,OMC-004,Gulf Energy,GB89GWUW86379402654235,2026-05-03,83679,2
PAY-36741,INV-66216,OMC-016,KPA Marine,GB31MOOJ96499091334123,,52900,1
PAY-48510,INV-45367,OMC-011,Hass Petroleum,GB56WGCN65876036690967,2026-08-13,123637,1
PAY-64459,INV-16654,OMC-016,KPA Marine,GB31MOOJ96499091334123,2025-04-21,21457,2
PAY-48354,INV-13160,OMC-007,Kobil,GB37IDDX82449353487401,2025-05-21,124929,1
PAY-40781,INV-44614,OMC-020,Ethiopian Oil,GB14NSVZ22219693792374,2026-01-17,34590,1
PAY-64682,INV-44292,OMC-014,Texol Energies,GB06ONXS45314737996507,2026-04-08,130218,1
PAY-25508,INV-39406,OMC-019,Tanzania Petroleum,GB59MHYN05766270289517,2025-05-29,42044,1
PAY-27325,INV-92484,OMC-014,Texol Energies,GB06ONXS45314737996507,2026-05-01,132040,1
PAY-91734,INV-69953,OMC-008,National Oil,GB08NAFX56342160733754,2026-01-07,101022,1
PAY-27651,INV-55690,OMC-014,Texol Energies,GB06ONXS45314737996507,2026-03-24,216032,1
PAY-43653,INV-37620,OMC-002,Vivo Energy,GB45OQIR01845146270482,2026-01-27,156865,1
PAY-55248,INV-82939,OMC-007,Kobil,GB37IDDX82449353487401,2025-07-17,197715,1
PAY-47249,INV-86686,OMC-003,Rubis Energy,GB04LOQO13315098393010,2025-06-25,61246,1
PAY-63579,INV-81300,OMC-004,Gulf Energy,GB89GWUW86379402654235,2026-05-29," KES 109,488 ",1
PAY-27197,INV-51050,OMC-012,Galana Energies,GB89GWUW86379402654235,2026-03-27,37991,1
PAY-19093,INV-29579,OMC-011,Hass Petroleum,GB56WGCN65876036690967,2026-07-26,62778,1
PAY-28301,INV-46638,OMC-015,Mombasa Petroleum,GB80WOIJ43135182337498,2026-02-25,62461,1
PAY-26284,INV-22595,OMC-014,Texol Energies,GB06ONXS45314737996507,2025-05-14,86114,2
PAY-24832,INV-22655,OMC-004,Gulf Energy,GB89GWUW86379402654235,2026-05-30,30245,1
PAY-52802,INV-73786,OMC-001,TotalEnergies Kenya,GB06DMIO52553419283276,2025-04-13,197783,1
PAY-40951,INV-19770,OMC-001,TotalEnergies Kenya,GB06DMIO52553419283276,2025-11-25,87317,1
PAY-62178,INV-32635,OMC-014,Texol Energies,GB06ONXS45314737996507,2025-06-18,156204,1
PAY-90293,INV-55046,OMC-005,PetroOil Kenya,GB89GWUW86379402654235,24/02/2026,35447,1
PAY-98877,INV-67515,OMC-017,KAA Aviation,GB54HVSS04902787429671,2025-05-12,49600,1
PAY-66898,INV-44229,OMC-001,TotalEnergies Kenya,GB06DMIO52553419283276,2025-10-11,157086,1
PAY-16890,INV-45917,OMC-001,TotalEnergies Kenya,GB06DMIO52553419283276,2025-12-15,38333,1
PAY-86537,INV-44973,OMC-016,KPA Marine,GB31MOOJ96499091334123,2025-08-04,25821,1
PAY-23519,INV-19141,OMC-018,Uganda National Oil,GB36RNCH17127484677378,2026-02-28,31441,1
PAY-83472,INV-71648,OMC-018,Uganda National Oil,GB36RNCH17127484677378,2025-12-24,42374,1
PAY-18545,INV-98017,OMC-018,Uganda National Oil,GB36RNCH17127484677378,2026-07-12,59861,1
PAY-84032,INV-74503,OMC-003,Rubis Energy,GB04LOQO13315098393010,2026-06-01,31152,1
PAY-57823,INV-65544,OMC-018,Uganda National Oil,GB36RNCH17127484677378,23/11/2025,34006,2
PAY-32306,INV-14994,OMC-012,Galana Energies,GB89GWUW86379402654235,19/05/2026,228378,1
PAY-10207,INV-90889,OMC-019,Tanzania Petroleum,GB59MHYN05766270289517,2025-11-27,251790,1
PAY-43622,INV-95812,OMC-019,Tanzania Petroleum,GB59MHYN05766270289517,2025-06-18,86699,2
PAY-73741,INV-50265,OMC-019,Tanzania Petroleum,GB59MHYN05766270289517,2026-08-20,49740,2
PAY-93158,INV-93873,OMC-014,Texol Energies,GB06ONXS45314737996507,2025-04-19,292248,1
PAY-31312,INV-15431,OMC-008,National Oil,GB08NAFX56342160733754,2025-05-02,180413,1
PAY-25034,INV-72778,OMC-006,Hashi Energy,GB05QCFC91361939909169,2026-06-05,42077,1
PAY-75161,INV-65448,OMC-005,PetroOil Kenya,GB89GWUW86379402654235,2026-04-27,19455,2
PAY-96214,INV-96263,OMC-012,Galana Energies,GB89GWUW86379402654235,2026-04-17,30415,1
PAY-61824,INV-98466,OMC-006,Hashi Energy,GB05QCFC91361939909169,2026-01-08,106870,2
PAY-24671,INV-99774,OMC-016,KPA Marine,GB31MOOJ96499091334123,2025-06-02,66993,2
PAY-86606,INV-98744,OMC-020,Ethiopian Oil,GB14NSVZ22219693792374,2025-03-22,123973,1
PAY-46482,INV-86442,OMC-014,Texol Energies,GB06ONXS45314737996507,2025-11-01," KES 33,002 ",1
PAY-52324,INV-97570,OMC-015,Mombasa Petroleum,GB80WOIJ43135182337498,2026-04-18,189038,1
PAY-46413,INV-98533,OMC-001,TotalEnergies Kenya,GB06DMIO52553419283276,2026-01-08," KES 89,991 ",1
PAY-14311,INV-91924,OMC-008,National Oil,GB08NAFX56342160733754,2025-11-05,222442,1
PAY-71946,INV-56545,OMC-002,Vivo Energy,GB45OQIR01845146270482,11/07/2025,170275,1
PAY-31878,INV-60861,OMC-004,Gulf Energy,GB89GWUW86379402654235,2026-03-22,27558,1
PAY-25290,INV-69939,OMC-015,Mombasa Petroleum,GB80WOIJ43135182337498,2026-08-17,51241,1
PAY-67875,INV-24385,OMC-004,Gulf Energy,GB89GWUW86379402654235,2026-07-22,91840,2
PAY-42236,INV-91718,OMC-004,Gulf Energy,GB89GWUW86379402654235,2026-04-13,15632,1
PAY-32228,INV-36214,OMC-020,Ethiopian Oil,GB14NSVZ22219693792374,2026-02-25,30961,1
PAY-18783,INV-43000,OMC-018,Uganda National Oil,GB36RNCH17127484677378,2025-10-27,104820,1
PAY-65645,INV-83309,OMC-003,Rubis Energy,GB04LOQO13315098393010,2026-04-04,35536,1
PAY-32677,INV-95077,OMC-004,Gulf Energy,GB89GWUW86379402654235,2026-04-11,188718,1
PAY-51723,INV-53416,OMC-008,National Oil,GB08NAFX56342160733754,2025-05-14,192206,1
PAY-17473,INV-56942,OMC-004,Gulf Energy,GB89GWUW86379402654235,,6467,2
PAY-44393,INV-14007,OMC-005,PetroOil Kenya,GB89GWUW86379402654235,2026-05-16,82222,2
PAY-86375,INV-16611,OMC-003,Rubis Energy,GB04LOQO13315098393010,2025-09-12,115585,1
PAY-82380,INV-62644,OMC-011,Hass Petroleum,GB56WGCN65876036690967,2025-11-14,85082,2
PAY-63201,INV-92446,OMC-002,Vivo Energy,GB45OQIR01845146270482,25/01/2026,234648,1
PAY-72919,INV-81809,OMC-010,Tamoil,GB34EABH79176936763201,2026-07-02,25770,1
PAY-38729,INV-50050,OMC-001,TotalEnergies Kenya,GB06DMIO52553419283276,2025-03-26,63947,1
PAY-57296,INV-55966,OMC-015,Mombasa Petroleum,GB80WOIJ43135182337498,2026-02-22,29346,1
PAY-95372,INV-95484,OMC-015,Mombasa Petroleum,GB80WOIJ43135182337498,2025-07-28,72177,1
PAY-29050,INV-93624,OMC-004,Gulf Energy,GB89GWUW86379402654235,2026-06-15,191454,1
PAY-75428,INV-26312,OMC-013,Lake Oil,GB88TEHE71937452991241,,184396,1
PAY-27981,INV-96681,OMC-002,Vivo Energy,GB45OQIR01845146270482,2025-05-13,64714,2
PAY-25419,INV-54128,OMC-006,Hashi Energy,GB05QCFC91361939909169,2026-07-30,99599,1
PAY-22784,INV-94917,OMC-017,KAA Aviation,GB54HVSS04902787429671,2026-04-14," KES 214,340 ",1
PAY-39746,INV-40936,OMC-020,Ethiopian Oil,GB14NSVZ22219693792374,2025-05-31,245929,1
PAY-47674,INV-34118,OMC-004,Gulf Energy,GB89GWUW86379402654235,2026-05-18,48149,2
PAY-30997,INV-38068,OMC-010,Tamoil,GB34EABH79176936763201,2026-07-18,15303,2
PAY-88331,INV-33106,OMC-006,Hashi Energy,GB05QCFC91361939909169,,31040,1
PAY-37457,INV-88094,OMC-009,Dalbit Petroleum,GB53VXXX35615951484656,2026-01-30,34238,1
PAY-97832,INV-26835,OMC-005,PetroOil Kenya,GB89GWUW86379402654235,2026-04-23,509888,1
PAY-36893,INV-88137,OMC-015,Mombasa Petroleum,GB80WOIJ43135182337498,2026-07-21," KES 253,376 ",1
PAY-12362,INV-87016,OMC-020,Ethiopian Oil,GB14NSVZ22219693792374,2026-07-12,105891,1
PAY-87383,INV-71663,OMC-005,PetroOil Kenya,GB89GWUW86379402654235,2026-04-09,41259,1
PAY-11068,INV-56809,OMC-002,Vivo Energy,GB45OQIR01845146270482,2025-06-01,36502,1
PAY-95134,INV-31876,OMC-013,Lake Oil,GB88TEHE71937452991241,2025-11-25,235998,1
PAY-18192,INV-51465,OMC-008,National Oil,GB08NAFX56342160733754,2025-12-10,121248,1
PAY-18898,INV-70570,OMC-014,Texol Energies,GB06ONXS45314737996507,2026-08-07,122464,2
PAY-15263,INV-14166,OMC-012,Galana Energies,GB89GWUW86379402654235,2026-06-24,16595,2
PAY-87616,INV-95510,OMC-002,Vivo Energy,GB45OQIR01845146270482,2025-02-14," KES 34,361 ",1
PAY-15787,INV-55796,OMC-010,Tamoil,GB34EABH79176936763201,2026-07-14,239673,1
PAY-63670,INV-82623,OMC-004,Gulf Energy,GB89GWUW86379402654235,2026-04-13,49940,2
PAY-33274,INV-84405,OMC-005,PetroOil Kenya,GB89GWUW86379402654235,2026-03-29,13943,1
PAY-18827,INV-53991,OMC-012,Galana Energies,GB89GWUW86379402654235,2026-04-15,42225,1
PAY-66995,INV-92008,OMC-002,Vivo Energy,GB45OQIR01845146270482,2026-04-16,22387,1
PAY-53099,INV-74998,OMC-004,Gulf Energy,GB89GWUW86379402654235,2026-05-01,141298,1
PAY-88785,INV-58799,OMC-020,Ethiopian Oil,GB14NSVZ22219693792374,2025-05-31," KES 195,553 ",1
PAY-50374,INV-86059,OMC-018,Uganda National Oil,GB36RNCH17127484677378,2025-07-16,27186,1
PAY-10635,INV-61671,OMC-012,Galana Energies,GB89GWUW86379402654235,2026-04-03,74900,1
PAY-11322,INV-80335,OMC-018,Uganda National Oil,GB36RNCH17127484677378,2025-11-02,40821,1
PAY-31284,INV-22595,OMC-014,Texol Energies,GB06ONXS45314737996507,2025-04-17,131026,1
PAY-99875,INV-37214,OMC-008,National Oil,GB08NAFX56342160733754,2025-12-08,52907,1
PAY-46802,INV-12793,OMC-002,Vivo Energy,GB45OQIR01845146270482,2026-04-15,40370,1
PAY-31677,INV-97136,OMC-004,Gulf Energy,GB89GWUW86379402654235,2026-04-27,58986,1
PAY-31998,INV-77560,OMC-013,Lake Oil,GB88TEHE71937452991241,2025-02-21,35956,1
PAY-36163,INV-42645,OMC-002,Vivo Energy,GB45OQIR01845146270482,2026-01-20,27401,1
PAY-39746,INV-54818,OMC-007,Kobil,GB37IDDX82449353487401,2026-07-19,264917,1
PAY-53546,INV-52310,OMC-010,Tamoil,GB34EABH79176936763201,2026-03-02,174515,1
PAY-67040,INV-89434,OMC-001,TotalEnergies Kenya,GB06DMIO52553419283276,2026-04-30,61948,1
PAY-53785,INV-34358,OMC-006,Hashi Energy,GB05QCFC91361939909169,2025-05-23,53380,1
PAY-40653,INV-88533,OMC-005,PetroOil Kenya,GB89GWUW86379402654235,2026-04-16,109149,1
PAY-74908,INV-20600,OMC-001,TotalEnergies Kenya,GB06DMIO52553419283276,2026-04-19,10615,2
PAY-66348,INV-16028,OMC-004,Gulf Energy,GB89GWUW86379402654235,2026-05-29,75201,2
PAY-28190,INV-11522,OMC-003,Rubis Energy,GB04LOQO13315098393010,2025-12-25," KES 225,038 ",1
PAY-89803,INV-47504,OMC-015,Mombasa Petroleum,GB80WOIJ43135182337498,2025-09-06,231845,1
PAY-89511,INV-91915,OMC-019,Tanzania Petroleum,GB59MHYN05766270289517,2025-04-18,6769,2
PAY-93670,INV-71181,OMC-009,Dalbit Petroleum,GB53VXXX35615951484656,2025-07-30,45770,2
PAY-42568,INV-65868,OMC-010,Tamoil,GB34EABH79176936763201,2026-05-21,217401,1
PAY-41773,INV-54903,OMC-016,KPA Marine,GB31MOOJ96499091334123,2026-04-11,149251,1
PAY-49134,INV-68934,OMC-019,Tanzania Petroleum,GB59MHYN05766270289517,2025-06-18,23696,1
PAY-95989,INV-18422,OMC-015,Mombasa Petroleum,GB80WOIJ43135182337498,2025-06-04," KES 26,222 ",1
PAY-54555,INV-74906,OMC-013,Lake Oil,GB88TEHE71937452991241,2025-05-25," KES 28,180 ",1
PAY-28429,INV-19792,OMC-005,PetroOil Kenya,GB89GWUW86379402654235,2026-06-28,60425,2
PAY-93626,INV-66965,OMC-019,Tanzania Petroleum,GB59MHYN05766270289517,2026-05-19,73385,1
PAY-14222,INV-26403,OMC-012,Galana Energies,GB89GWUW86379402654235,07/05/2026,34507,1
PAY-80053,INV-65205,OMC-005,PetroOil Kenya,GB89GWUW86379402654235,2026-04-29,39823,2
PAY-57241,INV-38257,OMC-011,Hass Petroleum,GB56WGCN65876036690967,2026-02-14,67941,2
PAY-91233,INV-43934,OMC-005,PetroOil Kenya,GB89GWUW86379402654235,2026-04-25,264778,1
PAY-86221,INV-62978,OMC-005,PetroOil Kenya,GB89GWUW86379402654235,2026-04-22,14401,2
PAY-15285,INV-81351,OMC-002,Vivo Energy,GB45OQIR01845146270482,2025-04-22,37487,1
PAY-57902,INV-65863,OMC-014,Texol Energies,GB06ONXS45314737996507,2026-02-06,31126,2
PAY-26602,INV-72199,OMC-002,Vivo Energy,GB45OQIR01845146270482,2026-03-21,24652,1
PAY-25079,INV-71245,OMC-014,Texol Energies,GB06ONXS45314737996507,2025-11-14,46205,1
PAY-10809,INV-37845,OMC-017,KAA Aviation,GB54HVSS04902787429671,2025-11-15,165359,1
PAY-98781,INV-77983,OMC-002,Vivo Energy,GB45OQIR01845146270482,2025-07-27,260078,1
PAY-93545,INV-70911,OMC-002,Vivo Energy,GB45OQIR01845146270482,2026-07-17,190011,1
PAY-49480,INV-77252,OMC-016,KPA Marine,GB31MOOJ96499091334123,2026-01-28,32452,1
PAY-69372,INV-21840,OMC-002,Vivo Energy,GB45OQIR01845146270482,2025-10-21," KES 84,207 ",1
PAY-45069,INV-58621,OMC-020,Ethiopian Oil,GB14NSVZ22219693792374,2025-09-03,146327,1
PAY-88151,INV-77499,OMC-005,PetroOil Kenya,GB89GWUW86379402654235,2026-03-27," KES 128,355 ",1
PAY-38615,INV-96021,OMC-007,Kobil,GB37IDDX82449353487401,2026-01-25,171766,1
PAY-89346,INV-30408,OMC-015,Mombasa Petroleum,GB80WOIJ43135182337498,2025-10-13,269848,1
PAY-88055,INV-71741,OMC-012,Galana Energies,GB89GWUW86379402654235,2026-05-14,75097,1
PAY-98267,INV-31555,OMC-003,Rubis Energy,GB04LOQO13315098393010,2026-01-02,37020,1
PAY-15960,INV-17162,OMC-008,National Oil,GB08NAFX56342160733754,2026-02-18,38488,2
PAY-20403,INV-74865,OMC-018,Uganda National Oil,GB36RNCH17127484677378,2025-08-31,88170,2
PAY-59656,INV-61912,OMC-017,KAA Aviation,GB54HVSS04902787429671,2025-07-05,164399,1
PAY-68240,INV-61090,OMC-015,Mombasa Petroleum,GB80WOIJ43135182337498,2025-12-16,227024,1
PAY-62154,INV-12305,OMC-004,Gulf Energy,GB89GWUW86379402654235,2026-05-14,101217,1
PAY-12386,INV-74242,OMC-018,Uganda National Oil,GB36RNCH17127484677378,2026-06-19," KES 33,038 ",1
PAY-69919,INV-97600,OMC-017,KAA Aviation,GB54HVSS04902787429671,2026-01-21,186761,1
PAY-15238,INV-89104,OMC-014,Texol Energies,GB06ONXS45314737996507,2026-07-06," KES 155,564 ",1
PAY-69649,INV-11713,OMC-006,Hashi Energy,GB05QCFC91361939909169,2025-09-20,48779,1
PAY-87618,INV-28641,OMC-008,National Oil,GB08NAFX56342160733754,2026-06-06,174124,1
PAY-90961,INV-35979,OMC-016,KPA Marine,GB31MOOJ96499091334123,2025-08-28,65109,2
PAY-64836,INV-60073,OMC-006,Hashi Energy,GB05QCFC91361939909169,2025-08-15," KES 112,365 ",1
PAY-74922,INV-71677,OMC-014,Texol Energies,GB06ONXS45314737996507,2026-08-02,45048,2
PAY-77616,INV-22155,OMC-003,Rubis Energy,GB04LOQO13315098393010,2026-02-02,162010,1
PAY-65727,INV-90927,OMC-018,Uganda National Oil,GB36RNCH17127484677378,2025-03-25,187423,1
PAY-35837,INV-99398,OMC-012,Galana Energies,GB89GWUW86379402654235,2026-06-21,193570,1
PAY-70398,INV-90339,OMC-020,Ethiopian Oil,GB14NSVZ22219693792374,2025-09-28,138268,1
PAY-23681,INV-46460,OMC-009,Dalbit Petroleum,GB53VXXX35615951484656,2025-09-04,27794,1
PAY-92176,INV-80808,OMC-015,Mombasa Petroleum,GB80WOIJ43135182337498,2026-02-17,123934,1
PAY-99303,INV-21871,OMC-014,Texol Energies,GB06ONXS45314737996507,2026-07-20,166445,1
PAY-98751,INV-75809,OMC-009,Dalbit Petroleum,GB53VXXX35615951484656,2025-03-11," KES 37,123 ",1
PAY-18708,INV-39152,OMC-001,TotalEnergies Kenya,GB06DMIO52553419283276,2026-08-15,50090,1
PAY-53829,INV-41390,OMC-012,Galana Energies,GB89GWUW86379402654235,2026-04-20," KES 114,718 ",1
PAY-41683,INV-44566,OMC-001,TotalEnergies Kenya,GB06DMIO52553419283276,2025-07-13,9039,2
PAY-41080,INV-73613,OMC-011,Hass Petroleum,GB56WGCN65876036690967,2025-06-16,41864,1
PAY-44153,INV-51111,OMC-012,Galana Energies,GB89GWUW86379402654235,2026-03-29,35416,1
PAY-50552,INV-91987,OMC-008,National Oil,GB08NAFX56342160733754,2026-09-01,79729,2
PAY-87687,INV-88398,OMC-007,Kobil,GB37IDDX82449353487401,2025-06-21,167001,1
PAY-18423,INV-24358,OMC-008,National Oil,GB08NAFX56342160733754,2026-05-30,79494,2
PAY-88383,INV-90998,OMC-010,Tamoil,GB34EABH79176936763201,2025-11-05,34910,1
PAY-69263,INV-16181,OMC-001,TotalEnergies Kenya,GB06DMIO52553419283276,2026-05-21,106513,1
PAY-88918,INV-54498,OMC-005,PetroOil Kenya,GB89GWUW86379402654235,2026-04-01,17944,2
PAY-87358,INV-26990,OMC-018,Uganda National Oil,GB36RNCH17127484677378,2025-05-05,5394,2
PAY-73939,INV-68571,OMC-005,PetroOil Kenya,GB89GWUW86379402654235,29/03/2026,248612,1
PAY-83158,INV-37454,OMC-005,PetroOil Kenya,GB89GWUW86379402654235,2026-05-22,9950,2
PAY-34920,INV-74001,OMC-002,Vivo Energy,GB45OQIR01845146270482,05/06/2026,182168,1
PAY-86411,INV-62328,OMC-013,Lake Oil,GB88TEHE71937452991241,2025-06-25,30425,1
PAY-49068,INV-88817,OMC-002,Vivo Energy,GB45OQIR01845146270482,2026-07-01,159508,1
PAY-11889,INV-18301,OMC-003,Rubis Energy,GB04LOQO13315098393010,2025-02-16,91191,1
PAY-10930,INV-53611,OMC-017,KAA Aviation,GB54HVSS04902787429671,11/05/2025,227042,1
PAY-12941,INV-99809,OMC-003,Rubis Energy,GB04LOQO13315098393010,2026-02-11,63157,1
PAY-34813,INV-91215,OMC-007,Kobil,GB37IDDX82449353487401,2026-08-20,20101,1
PAY-65327,INV-93208,OMC-005,PetroOil Kenya,GB89GWUW86379402654235,2026-05-08,49602,1
PAY-11748,INV-26516,OMC-010,Tamoil,GB34EABH79176936763201,2025-04-16,27177,1
PAY-81823,INV-41246,OMC-016,KPA Marine,GB31MOOJ96499091334123,2025-10-14,47392,1
PAY-46008,INV-50772,OMC-015,Mombasa Petroleum,GB80WOIJ43135182337498,2026-04-07,128075,1
PAY-35868,INV-13692,OMC-008,National Oil,GB08NAFX56342160733754,2026-04-26,270977,1
PAY-91599,INV-21757,OMC-020,Ethiopian Oil,GB14NSVZ22219693792374,2026-03-31,103037,1
PAY-70279,INV-16394,OMC-019,Tanzania Petroleum,GB59MHYN05766270289517,2025-07-18,100867,1
PAY-20564,INV-89338,OMC-013,Lake Oil,GB88TEHE71937452991241,2026-08-25,254555,1
PAY-27820,INV-60724,OMC-007,Kobil,GB37IDDX82449353487401,2026-07-08,113758,1
PAY-83816,INV-94110,OMC-001,TotalEnergies Kenya,GB06DMIO52553419283276,2026-02-02,153393,1
PAY-32776,INV-87118,OMC-010,Tamoil,GB34EABH79176936763201,2025-05-02,60519,1
PAY-86237,INV-95340,OMC-009,Dalbit Petroleum,GB53VXXX35615951484656,,7718,2
PAY-97908,INV-67333,OMC-002,Vivo Energy,GB45OQIR01845146270482,2026-01-15,53846,1
PAY-67762,INV-77887,OMC-004,Gulf Energy,GB89GWUW86379402654235,2026-04-07,59282,2
PAY-22557,INV-83653,OMC-008,National Oil,GB08NAFX56342160733754,2025-12-26,54006,1
PAY-71770,INV-85731,OMC-018,Uganda National Oil,GB36RNCH17127484677378,2026-04-14,17111,2
PAY-96453,INV-88173,OMC-008,National Oil,GB08NAFX56342160733754,2026-06-01,38034,1
PAY-84341,INV-91984,OMC-003,Rubis Energy,GB04LOQO13315098393010,2025-03-26,97469,1
PAY-98354,INV-42885,OMC-011,Hass Petroleum,GB56WGCN65876036690967,2026-07-04,140056,1
PAY-28459,INV-33227,OMC-019,Tanzania Petroleum,GB59MHYN05766270289517,2025-09-01,203578,1
PAY-83989,INV-13265,OMC-002,Vivo Energy,GB45OQIR01845146270482,2025-06-28,150418,1
PAY-90186,INV-69669,OMC-011,Hass Petroleum,GB56WGCN65876036690967,2025-09-02,126484,1
PAY-53681,INV-32772,OMC-014,Texol Energies,GB06ONXS45314737996507,2025-11-21,101911,1
PAY-63226,INV-43102,OMC-001,TotalEnergies Kenya,GB06DMIO52553419283276,2025-08-20,95348,1
PAY-13878,INV-80834,OMC-003,Rubis Energy,GB04LOQO13315098393010,2025-07-25,146920,1
PAY-95363,INV-14802,OMC-015,Mombasa Petroleum,GB80WOIJ43135182337498,2026-02-25,142125,1
PAY-82155,INV-67379,OMC-004,Gulf Energy,GB89GWUW86379402654235,2026-03-06,96331,1
PAY-43910,INV-32533,OMC-013,Lake Oil,GB88TEHE71937452991241,,91040,1
PAY-34105,INV-39801,OMC-018,Uganda National Oil,GB36RNCH17127484677378,2025-11-06,274720,1
PAY-50230,INV-72438,OMC-009,Dalbit Petroleum,GB53VXXX35615951484656,2025-05-10,15635,2
PAY-76647,INV-75799,OMC-016,KPA Marine,GB31MOOJ96499091334123,2025-02-27," KES 19,063 ",1
PAY-16948,INV-94983,OMC-010,Tamoil,GB34EABH79176936763201,2025-11-24,42730,1
PAY-40535,INV-63432,OMC-015,Mombasa Petroleum,GB80WOIJ43135182337498,19/06/2025,44297,1
PAY-27080,INV-31127,OMC-019,Tanzania Petroleum,GB59MHYN05766270289517,2025-12-14,264581,1
PAY-95279,INV-51141,OMC-011,Hass Petroleum,GB56WGCN65876036690967,2026-01-03,86813,2
PAY-75503,INV-30305,OMC-018,Uganda National Oil,GB36RNCH17127484677378,2025-06-01,58869,1
PAY-32217,INV-84024,OMC-001,TotalEnergies Kenya,GB06DMIO52553419283276,2025-06-14," KES 46,434 ",1
PAY-80712,INV-25723,OMC-006,Hashi Energy,GB05QCFC91361939909169,2025-02-10,137139,1
PAY-71744,INV-14425,OMC-016,KPA Marine,GB31MOOJ96499091334123,2025-07-22," KES 22,567 ",2
PAY-52164,INV-25179,OMC-004,Gulf Energy,GB89GWUW86379402654235,2026-06-05,17597,2
PAY-26592,INV-81192,OMC-015,Mombasa Petroleum,GB80WOIJ43135182337498,2025-05-06,253078,1
PAY-58834,INV-75541,OMC-003,Rubis Energy,GB04LOQO13315098393010,2026-06-16,271286,1
PAY-84201,INV-92245,OMC-004,Gulf Energy,GB89GWUW86379402654235,2026-05-13,26261,2
PAY-75958,INV-55011,OMC-020,Ethiopian Oil,GB14NSVZ22219693792374,2026-02-20,31669,1
PAY-15098,INV-27402,OMC-018,Uganda National Oil,GB36RNCH17127484677378,2026-02-26,44269,1
PAY-48743,INV-82180,OMC-006,Hashi Energy,GB05QCFC91361939909169,2026-07-02,187511,1
PAY-89082,INV-97505,OMC-020,Ethiopian Oil,GB14NSVZ22219693792374,2025-02-10,47915,1
PAY-12810,INV-42645,OMC-002,Vivo Energy,GB45OQIR01845146270482,2026-02-05,15686,2
PAY-77616,INV-22155,OMC-003,Rubis Energy,GB04LOQO13315098393010,2026-02-02,162010,1
PAY-55556,INV-63009,OMC-018,Uganda National Oil,GB36RNCH17127484677378,2025-09-07,148983,1
PAY-64102,INV-16966,OMC-007,Kobil,GB37IDDX82449353487401,2026-02-07,131051,1
PAY-74662,INV-89985,OMC-010,Tamoil,GB34EABH79176936763201,2026-04-11,278173,1
PAY-52098,INV-61717,OMC-020,Ethiopian Oil,GB14NSVZ22219693792374,,32885,2
PAY-86833,INV-18411,OMC-017,KAA Aviation,GB54HVSS04902787429671,2025-05-13,97866,1
PAY-54801,INV-61105,OMC-001,TotalEnergies Kenya,GB06DMIO52553419283276,19/10/2025,219570,1
PAY-48767,INV-38417,OMC-016,KPA Marine,GB31MOOJ96499091334123,2025-09-15,9854,2
PAY-35043,INV-68804,OMC-005,PetroOil Kenya,GB89GWUW86379402654235,2026-04-27,12197,2
PAY-77314,INV-56981,OMC-004,Gulf Energy,GB89GWUW86379402654235,2026-05-08,25001,1
PAY-48358,INV-24913,OMC-002,Vivo Energy,GB45OQIR01845146270482,2026-04-06,310557,1
PAY-21319,INV-31432,OMC-003,Rubis Energy,GB04LOQO13315098393010,2026-01-29,84461,1
PAY-12349,INV-22895,OMC-004,Gulf Energy,GB89GWUW86379402654235,2026-04-21,21740,2
PAY-41447,INV-38319,OMC-006,Hashi Energy,GB05QCFC91361939909169,2025-11-24,98889,1
PAY-37117,INV-28657,OMC-011,Hass Petroleum,GB56WGCN65876036690967,2025-07-14,127518,1
PAY-89306,INV-84705,OMC-020,Ethiopian Oil,GB14NSVZ22219693792374,2025-10-16,61299,1
PAY-21578,INV-82079,OMC-018,Uganda National Oil,GB36RNCH17127484677378,2025-03-31,30163,1
PAY-77288,INV-41995,OMC-010,Tamoil,GB34EABH79176936763201,2026-02-06,232593,1
PAY-90159,INV-12710,OMC-006,Hashi Energy,GB05QCFC91361939909169,2025-11-14," KES 41,267 ",1
PAY-26583,INV-55457,OMC-015,Mombasa Petroleum,GB80WOIJ43135182337498,2026-06-14,144490,1
PAY-37166,INV-28211,OMC-006,Hashi Energy,GB05QCFC91361939909169,2025-06-12,48887,1
PAY-65575,INV-40655,OMC-008,National Oil,GB08NAFX56342160733754,2025-10-31,243610,1
PAY-70546,INV-33862,OMC-016,KPA Marine,GB31MOOJ96499091334123,2026-04-16,155336,1
PAY-26116,INV-18899,OMC-011,Hass Petroleum,GB56WGCN65876036690967,2026-01-13,97834,1
PAY-58044,INV-39175,OMC-008,National Oil,GB08NAFX56342160733754,2026-07-03,108530,1
PAY-95830,INV-85979,OMC-005,PetroOil Kenya,GB89GWUW86379402654235,2026-04-25,22871,2
PAY-98677,INV-46603,OMC-008,National Oil,GB08NAFX56342160733754,2025-12-11,65030,2
PAY-19153,INV-51843,OMC-018,Uganda National Oil,GB36RNCH17127484677378,2025-06-23,26315,1
PAY-65367,INV-91155,OMC-005,PetroOil Kenya,GB89GWUW86379402654235,2026-07-27,9604,2
PAY-23599,INV-54402,OMC-004,Gulf Energy,GB89GWUW86379402654235,2026-06-10,19787,2
PAY-97403,INV-76609,OMC-002,Vivo Energy,GB45OQIR01845146270482,2025-05-02,242535,1
PAY-75846,INV-26952,OMC-019,Tanzania Petroleum,GB59MHYN05766270289517,2026-02-22,58700,1
PAY-95789,INV-76413,OMC-005,PetroOil Kenya,GB89GWUW86379402654235,2026-06-02,179010,1
PAY-71290,INV-19343,OMC-003,Rubis Energy,GB04LOQO13315098393010,2026-01-21,99645,1
PAY-46593,INV-88062,OMC-001,TotalEnergies Kenya,GB06DMIO52553419283276,2026-04-26,10043,2
PAY-50152,INV-10440,OMC-009,Dalbit Petroleum,GB53VXXX35615951484656,2026-02-18,33690,1
PAY-60076,INV-89347,OMC-003,Rubis Energy,GB04LOQO13315098393010,2025-11-18,76317,1
PAY-87688,INV-34397,OMC-019,Tanzania Petroleum,GB59MHYN05766270289517,2025-05-22,209419,1
PAY-39393,INV-22936,OMC-016,KPA Marine,GB31MOOJ96499091334123,2025-04-16,95588,1
PAY-18206,INV-95891,OMC-011,Hass Petroleum,GB56WGCN65876036690967,2026-05-18,158136,1
PAY-62797,INV-52136,OMC-020,Ethiopian Oil,GB14NSVZ22219693792374,2025-06-11,184132,1
PAY-55602,INV-75745,OMC-013,Lake Oil,GB88TEHE71937452991241,2026-06-16,192402,1
PAY-50487,INV-92484,OMC-014,Texol Energies,GB06ONXS45314737996507,2026-05-28,66193,2
PAY-91295,INV-54582,OMC-015,Mombasa Petroleum,GB80WOIJ43135182337498,2025-03-21,69641,1
PAY-13657,INV-79318,OMC-012,Galana Energies,GB89GWUW86379402654235,2026-06-06,265733,1
PAY-67101,INV-42340,OMC-002,Vivo Energy,GB45OQIR01845146270482,2026-07-21,23044,1
PAY-90866,INV-86006,OMC-011,Hass Petroleum,GB56WGCN65876036690967,,43020,1
PAY-92132,INV-16912,OMC-013,Lake Oil,GB88TEHE71937452991241,2026-05-31,179776,1
PAY-26461,INV-44555,OMC-008,National Oil,GB08NAFX56342160733754,2025-05-13,244082,1
PAY-71133,INV-18071,OMC-013,Lake Oil,GB88TEHE71937452991241,2025-04-16,180301,1
PAY-69423,INV-53502,OMC-003,Rubis Energy,GB04LOQO13315098393010,2025-08-20,61820,1
PAY-85459,INV-55098,OMC-011,Hass Petroleum,GB56WGCN65876036690967,2025-02-21,129906,1
PAY-38234,INV-96037,OMC-007,Kobil,GB37IDDX82449353487401,2025-01-27,43665,1
PAY-49022,INV-12834,OMC-013,Lake Oil,GB88TEHE71937452991241,2026-05-13,43605,1
PAY-96087,INV-67136,OMC-012,Galana Energies,GB89GWUW86379402654235,2026-04-26,13425,2
PAY-61366,INV-56235,OMC-017,KAA Aviation,GB54HVSS04902787429671,2025-07-10,134312,1
PAY-36472,INV-47107,OMC-015,Mombasa Petroleum,GB80WOIJ43135182337498,2026-03-20,256391,1
PAY-49235,INV-81562,OMC-009,Dalbit Petroleum,GB53VXXX35615951484656,2026-05-21,203730,1
PAY-41218,INV-12305,OMC-017,KAA Aviation,GB54HVSS04902787429671,2025-04-22,92528,1
PAY-30786,INV-69817,OMC-016,KPA Marine,GB31MOOJ96499091334123,13/03/2026,60102,1
PAY-96858,INV-95330,OMC-016,KPA Marine,GB31MOOJ96499091334123,2025-04-05,40969,1
PAY-13892,INV-92460,OMC-011,Hass Petroleum,GB56WGCN65876036690967,2026-06-15,39091,1
PAY-40713,INV-57282,OMC-011,Hass Petroleum,GB56WGCN65876036690967,2025-07-31,26526,1
PAY-47680,INV-39047,OMC-012,Galana Energies,GB89GWUW86379402654235,13/03/2026,25395,2
PAY-39676,INV-58673,OMC-009,Dalbit Petroleum,GB53VXXX35615951484656,2026-03-24,36734,1
PAY-55896,INV-38880,OMC-007,Kobil,GB37IDDX82449353487401,2025-01-29,159620,1
PAY-56229,INV-63379,OMC-004,Gulf Energy,GB89GWUW86379402654235,2026-04-03,6774,2
PAY-62553,INV-45673,OMC-004,Gulf Energy,GB89GWUW86379402654235,2026-07-12,50013,2
PAY-32170,INV-70222,OMC-002,Vivo Energy,GB45OQIR01845146270482,2025-12-16," KES 52,199 ",1
PAY-87118,INV-42471,OMC-010,Tamoil,GB34EABH79176936763201,,195904,1
PAY-92011,INV-79505,OMC-007,Kobil,GB37IDDX82449353487401,2025-11-05,41347,1
PAY-71809,INV-24691,OMC-001,TotalEnergies Kenya,GB06DMIO52553419283276,2026-02-09,77562,1
PAY-54641,INV-54543,OMC-011,Hass Petroleum,GB56WGCN65876036690967,2026-04-08,114400,1
PAY-30171,INV-30111,OMC-009,Dalbit Petroleum,GB53VXXX35615951484656,2026-07-15,40616,1
PAY-62351,INV-82139,OMC-011,Hass Petroleum,GB56WGCN65876036690967,2026-03-18,214335,1
PAY-28779,INV-55358,OMC-003,Rubis Energy,GB04LOQO13315098393010,2025-11-12,38300,1
PAY-63308,INV-99616,OMC-017,KAA Aviation,GB54HVSS04902787429671,2026-08-13,37450,1
PAY-31187,INV-34783,OMC-011,Hass Petroleum,GB56WGCN65876036690967,2025-04-21,93630,2
PAY-14828,INV-42855,OMC-005,PetroOil Kenya,GB89GWUW86379402654235,2026-02-28,217777,1
PAY-26104,INV-28257,OMC-005,PetroOil Kenya,GB89GWUW86379402654235,2026-05-04,62158,2
PAY-76113,INV-81187,OMC-001,TotalEnergies Kenya,GB06DMIO52553419283276,2026-06-26,124856,1
PAY-81014,INV-44969,OMC-019,Tanzania Petroleum,GB59MHYN05766270289517,2025-05-10,133601,1
PAY-28483,INV-61324,OMC-019,Tanzania Petroleum,GB59MHYN05766270289517,2026-05-21,251872,1
PAY-11057,INV-90708,OMC-011,Hass Petroleum,GB56WGCN65876036690967,2025-12-31,101494,1
PAY-53105,INV-70606,OMC-011,Hass Petroleum,GB56WGCN65876036690967,2025-08-10,255893,1
PAY-81712,INV-29337,OMC-004,Gulf Energy,GB89GWUW86379402654235,27/06/2026,135327,2
PAY-64884,INV-16053,OMC-015,Mombasa Petroleum,GB80WOIJ43135182337498,2026-08-12,25627,1
PAY-76101,INV-86212,OMC-010,Tamoil,GB34EABH79176936763201,2025-04-13,152407,1
PAY-15642,INV-75940,OMC-004,Gulf Energy,GB89GWUW86379402654235,2026-04-27,52011,2
PAY-94910,INV-73980,OMC-002,Vivo Energy,GB45OQIR01845146270482,,107558,1
PAY-99394,INV-74397,OMC-008,National Oil,GB08NAFX56342160733754,2025-12-31,158705,1
PAY-39627,INV-86667,OMC-017,KAA Aviation,GB54HVSS04902787429671,2025-09-11,107136,1
PAY-61400,INV-32191,OMC-011,Hass Petroleum,GB56WGCN65876036690967,2025-06-22,29107,1
PAY-71713,INV-82634,OMC-002,Vivo Energy,GB45OQIR01845146270482,2026-06-04,51212,1
PAY-76158,INV-79866,OMC-004,Gulf Energy,GB89GWUW86379402654235,2026-04-10,22477,1
PAY-23488,INV-54602,OMC-008,National Oil,GB08NAFX56342160733754,,144313,1
PAY-82341,INV-92320,OMC-016,KPA Marine,GB31MOOJ96499091334123,,93273,1
PAY-33646,INV-58679,OMC-019,Tanzania Petroleum,GB59MHYN05766270289517,2025-06-06," KES 122,071 ",1
PAY-39890,INV-36326,OMC-008,National Oil,GB08NAFX56342160733754,2025-12-26,190280,1
PAY-40776,INV-65823,OMC-014,Texol Energies,GB06ONXS45314737996507,2025-12-24,14127,2
PAY-36385,INV-93338,OMC-019,Tanzania Petroleum,GB59MHYN05766270289517,2025-10-27,122186,1
PAY-40818,INV-31681,OMC-006,Hashi Energy,GB05QCFC91361939909169,2025-09-12,111763,1
PAY-39384,INV-59632,OMC-005,PetroOil Kenya,GB89GWUW86379402654235,2026-03-15,286387,1
PAY-88683,INV-26253,OMC-013,Lake Oil,GB88TEHE71937452991241,2025-12-01,235008,1
PAY-40595,INV-40614,OMC-003,Rubis Energy,GB04LOQO13315098393010,2025-10-22,48675,1
PAY-64893,INV-56265,OMC-007,Kobil,GB37IDDX82449353487401,2025-08-22,87944,2
PAY-22111,INV-67022,OMC-009,Dalbit Petroleum,GB53VXXX35615951484656,2025-03-08,25857,1
PAY-40250,INV-62958,OMC-012,Galana Energies,GB89GWUW86379402654235,2026-03-15,182515,1
PAY-58081,INV-27112,OMC-019,Tanzania Petroleum,GB59MHYN05766270289517,2026-08-13,157842,1
PAY-64732,INV-15999,OMC-004,Gulf Energy,GB89GWUW86379402654235,2026-05-18,50450,2
PAY-12456,INV-56942,OMC-004,Gulf Energy,GB89GWUW86379402654235,2026-04-25,21085,1
PAY-98492,INV-80666,OMC-014,Texol Energies,GB06ONXS45314737996507,11/03/2026,47513,2
PAY-79126,INV-44777,OMC-015,Mombasa Petroleum,GB80WOIJ43135182337498,2025-01-18,30869,1
PAY-41433,INV-93557,OMC-007,Kobil,GB37IDDX82449353487401,2026-02-19,248858,1
PAY-72847,INV-14485,OMC-004,Gulf Energy,GB89GWUW86379402654235,2026-05-30,17514,2
PAY-47454,INV-19269,OMC-009,Dalbit Petroleum,GB53VXXX35615951484656,2025-07-08,15454,2
PAY-82344,INV-69729,OMC-007,Kobil,GB37IDDX82449353487401,2026-07-22,142045,1
PAY-21761,INV-77357,OMC-013,Lake Oil,GB88TEHE71937452991241,2025-10-19,197008,1
PAY-49692,INV-56934,OMC-005,PetroOil Kenya,GB89GWUW86379402654235,2026-07-04," KES 18,644 ",2
PAY-44170,INV-22592,OMC-008,National Oil,GB08NAFX56342160733754,2026-07-20,44638,1
PAY-27692,INV-70276,OMC-002,Vivo Energy,GB45OQIR01845146270482,2025-03-30,41623,1
PAY-85371,INV-96439,OMC-004,Gulf Energy,GB89GWUW86379402654235,2026-04-27,141468,1
PAY-12839,INV-55409,OMC-007,Kobil,GB37IDDX82449353487401,2025-09-15,101176,1
PAY-26867,INV-31945,OMC-013,Lake Oil,GB88TEHE71937452991241,2025-11-25,111071,1
PAY-83865,INV-10406,OMC-003,Rubis Energy,GB04LOQO13315098393010,2025-03-03,91541,1
PAY-26239,INV-70506,OMC-009,Dalbit Petroleum,GB53VXXX35615951484656,2025-11-01,122391,1
PAY-92303,INV-18662,OMC-004,Gulf Energy,GB89GWUW86379402654235,2026-04-15,191671,1
PAY-16169,INV-55158,OMC-017,KAA Aviation,GB54HVSS04902787429671,2025-02-09,95102,1
PAY-55825,INV-39716,OMC-015,Mombasa Petroleum,GB80WOIJ43135182337498,2025-03-20,214809,1
PAY-35746,INV-82454,OMC-018,Uganda National Oil,GB36RNCH17127484677378,2026-06-24,38734,1
PAY-21453,INV-29941,OMC-019,Tanzania Petroleum,GB59MHYN05766270289517,2025-05-22," KES 59,293 ",1
PAY-98424,INV-96422,OMC-009,Dalbit Petroleum,GB53VXXX35615951484656,2026-04-20,101281,1
PAY-85674,INV-35863,OMC-007,Kobil,GB37IDDX82449353487401,2026-06-16,108890,1
PAY-28599,INV-54641,OMC-017,KAA Aviation,GB54HVSS04902787429671,2026-07-13,158833,1
PAY-31910,INV-98026,OMC-013,Lake Oil,GB88TEHE71937452991241,2026-01-07,45984,1
PAY-38751,INV-96386,OMC-009,Dalbit Petroleum,GB53VXXX35615951484656,2025-12-07,29663,1
PAY-16373,INV-28430,OMC-018,Uganda National Oil,GB36RNCH17127484677378,2025-07-08,173378,1
PAY-50258,INV-91666,OMC-017,KAA Aviation,GB54HVSS04902787429671,,163217,1
PAY-84580,INV-31393,OMC-015,Mombasa Petroleum,GB80WOIJ43135182337498,2025-09-20,253090,1
PAY-17395,INV-11778,OMC-015,Mombasa Petroleum,GB80WOIJ43135182337498,2025-12-19,38493,1
PAY-30821,INV-88282,OMC-009,Dalbit Petroleum,GB53VXXX35615951484656,2026-02-24,56672,1
PAY-75658,INV-95937,OMC-020,Ethiopian Oil,GB14NSVZ22219693792374,2025-06-14,9535,2
PAY-24375,INV-14666,OMC-011,Hass Petroleum,GB56WGCN65876036690967,2026-02-08," KES 56,800 ",1
PAY-18938,INV-18674,OMC-020,Ethiopian Oil,GB14NSVZ22219693792374,08/05/2026,73378,1
PAY-82761,INV-17556,OMC-002,Vivo Energy,GB45OQIR01845146270482,2025-06-06,36820,2
PAY-85702,INV-43772,OMC-015,Mombasa Petroleum,GB80WOIJ43135182337498,2025-05-11,175186,1
PAY-45725,INV-64101,OMC-012,Galana Energies,GB89GWUW86379402654235,2026-06-10,98618,2
PAY-38442,INV-97008,OMC-013,Lake Oil,GB88TEHE71937452991241,2025-07-30,47481,1
PAY-82875,INV-92401,OMC-008,National Oil,GB08NAFX56342160733754,2025-02-18,14267,2
PAY-44722,INV-57773,OMC-014,Texol Energies,GB06ONXS45314737996507,2025-07-02,29662,1
PAY-21047,INV-15979,OMC-005,PetroOil Kenya,GB89GWUW86379402654235,2026-04-18,57385,1
PAY-28030,INV-46652,OMC-015,Mombasa Petroleum,GB80WOIJ43135182337498,2026-03-18,80597,1
PAY-67651,INV-29999,OMC-004,Gulf Energy,GB89GWUW86379402654235,31/03/2026,31518,1
PAY-23661,INV-11449,OMC-018,Uganda National Oil,GB36RNCH17127484677378,2026-01-24,259632,1
PAY-72069,INV-18602,OMC-014,Texol Energies,GB06ONXS45314737996507,2025-12-20,123445,1
PAY-87998,INV-37426,OMC-016,KPA Marine,GB31MOOJ96499091334123,2025-09-06,14671,2
PAY-95761,INV-18468,OMC-017,KAA Aviation,GB54HVSS04902787429671,2025-06-20,172872,1
PAY-34612,INV-83030,OMC-001,TotalEnergies Kenya,GB06DMIO52553419283276,2025-08-28,25220,1
PAY-70261,INV-54291,OMC-010,Tamoil,GB34EABH79176936763201,2026-03-11,76813,2
PAY-65373,INV-22405,OMC-014,Texol Energies,GB06ONXS45314737996507,2025-09-10,114801,1
PAY-74784,INV-95585,OMC-008,National Oil,GB08NAFX56342160733754,2026-06-21,8455,2
PAY-38329,INV-31439,OMC-008,National Oil,GB08NAFX56342160733754,2025-03-04,266213,1
PAY-41051,INV-39407,OMC-016,KPA Marine,GB31MOOJ96499091334123,2025-03-04,30515,1
PAY-19682,INV-47748,OMC-001,TotalEnergies Kenya,GB06DMIO52553419283276,2025-10-18,52890,2
PAY-90292,INV-38782,OMC-002,Vivo Energy,GB45OQIR01845146270482,2025-05-24,35037,1
PAY-10330,INV-71001,OMC-016,KPA Marine,GB31MOOJ96499091334123,2025-03-15,33214,1
PAY-27288,INV-90152,OMC-012,Galana Energies,GB89GWUW86379402654235,2026-05-13,30098,1
PAY-73650,INV-92673,OMC-007,Kobil,GB37IDDX82449353487401,2025-08-16,256343,1
PAY-64171,INV-19005,OMC-012,Galana Energies,GB89GWUW86379402654235,2026-06-09,10727,2
PAY-91451,INV-61531,OMC-011,Hass Petroleum,GB56WGCN65876036690967,2026-04-10,36159,1
PAY-96907,INV-56878,OMC-008,National Oil,GB08NAFX56342160733754,2026-06-10,63046,1
PAY-14527,INV-74026,OMC-013,Lake Oil,GB88TEHE71937452991241,2026-05-01," KES 43,012 ",1
PAY-13413,INV-11610,OMC-001,TotalEnergies Kenya,GB06DMIO52553419283276,2025-08-09,153352,1
PAY-49816,INV-18832,OMC-006,Hashi Energy,GB05QCFC91361939909169,2026-04-16,50625,2
PAY-81367,INV-80240,OMC-008,National Oil,GB08NAFX56342160733754,2025-10-24,137848,1
PAY-62593,INV-21407,OMC-019,Tanzania Petroleum,GB59MHYN05766270289517,09/12/2025,120376,1
PAY-51203,INV-64354,OMC-019,Tanzania Petroleum,GB59MHYN05766270289517,2025-09-07,209452,1
PAY-66998,INV-75389,OMC-019,Tanzania Petroleum,GB59MHYN05766270289517,2025-08-08,123615,1
PAY-54297,INV-85818,OMC-015,Mombasa Petroleum,GB80WOIJ43135182337498,2025-09-08,98311,1
PAY-98349,INV-23885,OMC-017,KAA Aviation,GB54HVSS04902787429671,2025-09-08,238285,1
PAY-76869,INV-91304,OMC-013,Lake Oil,GB88TEHE71937452991241,2025-09-15,118644,1
PAY-16968,INV-15291,OMC-006,Hashi Energy,GB05QCFC91361939909169,2026-05-01,43992,1
PAY-22108,INV-15595,OMC-014,Texol Energies,GB06ONXS45314737996507,2026-08-06,178962,1
PAY-61151,INV-67731,OMC-002,Vivo Energy,GB45OQIR01845146270482,2025-07-02,261735,1
PAY-80239,INV-11544,OMC-003,Rubis Energy,GB04LOQO13315098393010,2025-08-10,26059,1
PAY-20674,INV-20749,OMC-011,Hass Petroleum,GB56WGCN65876036690967,2026-03-16,96944,1
PAY-91121,INV-96116,OMC-019,Tanzania Petroleum,GB59MHYN05766270289517,2025-12-29,51213,1
PAY-92844,INV-25157,OMC-015,Mombasa Petroleum,GB80WOIJ43135182337498,2025-07-13,37972,1
PAY-85043,INV-55961,OMC-006,Hashi Energy,GB05QCFC91361939909169,2026-07-06,248555,1
PAY-51268,INV-89850,OMC-016,KPA Marine,GB31MOOJ96499091334123,2025-05-21,87612,1
PAY-29918,INV-73117,OMC-006,Hashi Energy,GB05QCFC91361939909169,2026-06-24,11327,2
PAY-93414,INV-94405,OMC-009,Dalbit Petroleum,GB53VXXX35615951484656,2026-03-17,189708,1
PAY-88665,INV-11012,OMC-005,PetroOil Kenya,GB89GWUW86379402654235,2026-04-03,46147,1
PAY-62459,INV-94405,OMC-014,Texol Energies,GB06ONXS45314737996507,2026-04-09,131918,1
PAY-10673,INV-28482,OMC-004,Gulf Energy,GB89GWUW86379402654235,2026-05-03," KES 52,270 ",1
PAY-48732,INV-84557,OMC-018,Uganda National Oil,GB36RNCH17127484677378,2026-01-04,209683,1
PAY-50515,INV-11203,OMC-015,Mombasa Petroleum,GB80WOIJ43135182337498,2025-06-12,173293,1
PAY-39857,INV-31860,OMC-003,Rubis Energy,GB04LOQO13315098393010,2026-03-08,34286,1
PAY-40526,INV-18602,OMC-014,Texol Energies,GB06ONXS45314737996507,2026-01-13,107500,2
PAY-65760,INV-95923,OMC-014,Texol Energies,GB06ONXS45314737996507,2025-09-26,8284,2
PAY-60965,INV-85100,OMC-002,Vivo Energy,GB45OQIR01845146270482,2025-12-01,33937,1
PAY-28302,INV-93880,OMC-006,Hashi Energy,GB05QCFC91361939909169,2026-01-22,87478,2
PAY-65932,INV-20525,OMC-003,Rubis Energy,GB04LOQO13315098393010,2025-08-26,27548,1
PAY-66055,INV-12346,OMC-002,Vivo Energy,GB45OQIR01845146270482,2026-07-31,324695,1
PAY-88137,INV-54132,OMC-003,Rubis Energy,GB04LOQO13315098393010,2026-04-02,74058,1
PAY-19850,INV-32002,OMC-001,TotalEnergies Kenya,GB06DMIO52553419283276,2025-09-16,28246,1
PAY-13251,INV-87651,OMC-018,Uganda National Oil,GB36RNCH17127484677378,2026-07-09,167616,1
PAY-46593,INV-13159,OMC-005,PetroOil Kenya,GB89GWUW86379402654235,22/04/2026,101054,1
PAY-85294,INV-95937,OMC-020,Ethiopian Oil,GB14NSVZ22219693792374,2025-05-18,33125,1
PAY-95160,INV-25228,OMC-006,Hashi Energy,GB05QCFC91361939909169,2025-04-29,57987,1
PAY-71155,INV-58702,OMC-018,Uganda National Oil,GB36RNCH17127484677378,2026-02-27,36680,1
PAY-71424,INV-64512,OMC-003,Rubis Energy,GB04LOQO13315098393010,2025-07-26,158373,1
PAY-13725,INV-25227,OMC-007,Kobil,GB37IDDX82449353487401,2025-06-30,33979,1
PAY-91520,INV-22842,OMC-010,Tamoil,GB34EABH79176936763201,2025-12-25,161763,1
PAY-34248,INV-50542,OMC-017,KAA Aviation,GB54HVSS04902787429671,2025-03-26,97080,1
PAY-84190,INV-41044,OMC-017,KAA Aviation,GB54HVSS04902787429671,2026-07-24,173395,1
PAY-55020,INV-62331,OMC-002,Vivo Energy,GB45OQIR01845146270482,2025-08-26,244830,1
PAY-86010,INV-28139,OMC-001,TotalEnergies Kenya,GB06DMIO52553419283276,,302510,1
PAY-24605,INV-54070,OMC-013,Lake Oil,GB88TEHE71937452991241,2026-05-03,127667,1
PAY-23685,INV-72847,OMC-006,Hashi Energy,GB05QCFC91361939909169,2025-08-22," KES 164,034 ",1
PAY-13428,INV-21375,OMC-019,Tanzania Petroleum,GB59MHYN05766270289517,2025-03-10,136249,1
PAY-34342,INV-74067,OMC-010,Tamoil,GB34EABH79176936763201,2026-05-12,49655,2
PAY-74606,INV-89280,OMC-003,Rubis Energy,GB04LOQO13315098393010,2026-03-03,173537,1
PAY-75378,INV-88033,OMC-005,PetroOil Kenya,GB89GWUW86379402654235,2026-05-30,38945,1
PAY-37294,INV-79413,OMC-017,KAA Aviation,GB54HVSS04902787429671,2025-04-07,49994,1
PAY-19119,INV-78755,OMC-017,KAA Aviation,GB54HVSS04902787429671,2025-12-13,216453,1
PAY-85141,INV-39038,OMC-013,Lake Oil,GB88TEHE71937452991241,2025-06-17,81892,1
PAY-99780,INV-42578,OMC-009,Dalbit Petroleum,GB53VXXX35615951484656,2025-06-04,26168,1
PAY-96431,INV-98073,OMC-003,Rubis Energy,GB04LOQO13315098393010,2026-07-22,31910,1
PAY-77309,INV-64435,OMC-019,Tanzania Petroleum,GB59MHYN05766270289517,2025-08-27,54708,1
PAY-79332,INV-36474,OMC-003,Rubis Energy,GB04LOQO13315098393010,2025-07-09,91094,1
PAY-43959,INV-76345,OMC-007,Kobil,GB37IDDX82449353487401,2025-11-29,28103,1
PAY-51728,INV-60169,OMC-013,Lake Oil,GB88TEHE71937452991241,2026-03-08,124463,1
PAY-30879,INV-33299,OMC-007,Kobil,GB37IDDX82449353487401,2026-02-01,50800,2
PAY-67287,INV-59128,OMC-007,Kobil,GB37IDDX82449353487401,2025-12-09,35944,1
PAY-97293,INV-74941,OMC-013,Lake Oil,GB88TEHE71937452991241,2026-01-23,37796,1
PAY-61860,INV-15236,OMC-015,Mombasa Petroleum,GB80WOIJ43135182337498,2026-01-09," KES 35,615 ",1
PAY-82753,INV-46429,OMC-006,Hashi Energy,GB05QCFC91361939909169,01/08/2026,267301,1
PAY-40843,INV-65873,OMC-020,Ethiopian Oil,GB14NSVZ22219693792374,2026-06-06,197800,1
PAY-47875,INV-90039,OMC-008,National Oil,GB08NAFX56342160733754,2025-05-03,25404,1
PAY-64396,INV-37756,OMC-001,TotalEnergies Kenya,GB06DMIO52553419283276,2026-04-16,149748,1
PAY-51665,INV-34052,OMC-017,KAA Aviation,GB54HVSS04902787429671,2025-06-12,119437,1
PAY-84941,INV-47622,OMC-002,Vivo Energy,GB45OQIR01845146270482,2026-08-20,141597,1
PAY-46140,INV-73446,OMC-011,Hass Petroleum,GB56WGCN65876036690967,2026-03-15,272948,1
PAY-65486,INV-82254,OMC-011,Hass Petroleum,GB56WGCN65876036690967,2025-05-23,18987,1
PAY-15522,INV-29831,OMC-020,Ethiopian Oil,GB14NSVZ22219693792374,2025-07-15,129127,1
PAY-55728,INV-89828,OMC-004,Gulf Energy,GB89GWUW86379402654235,2026-03-20,13820,2
PAY-57740,INV-22649,OMC-012,Galana Energies,GB89GWUW86379402654235,2026-04-29,19901,2
PAY-35226,INV-47353,OMC-002,Vivo Energy,GB45OQIR01845146270482,05/08/2025,37362,1
PAY-61548,INV-22240,OMC-002,Vivo Energy,GB45OQIR01845146270482,2025-12-03,24030,1
PAY-42360,INV-91971,OMC-018,Uganda National Oil,GB36RNCH17127484677378,2026-09-01,47226,1
PAY-27569,INV-34884,OMC-002,Vivo Energy,GB45OQIR01845146270482,2025-08-11,34456,1
PAY-32789,INV-56086,OMC-010,Tamoil,GB34EABH79176936763201,2025-08-25,52731,1
PAY-95089,INV-18418,OMC-020,Ethiopian Oil,GB14NSVZ22219693792374,2026-05-15,92162,1
PAY-76389,INV-87692,OMC-005,PetroOil Kenya,GB89GWUW86379402654235,2026-03-08,146771,1
PAY-63791,INV-90089,OMC-012,Galana Energies,GB89GWUW86379402654235,2026-05-25,10636,2
PAY-50156,INV-96228,OMC-017,KAA Aviation,GB54HVSS04902787429671,2026-06-25,184544,1
PAY-28400,INV-96853,OMC-019,Tanzania Petroleum,GB59MHYN05766270289517,2026-07-05,236849,1
PAY-58922,INV-80309,OMC-007,Kobil,GB37IDDX82449353487401,01/08/2026,95758,1
PAY-90861,INV-13782,OMC-011,Hass Petroleum,GB56WGCN65876036690967,2025-12-20,39968,1
PAY-59156,INV-86800,OMC-001,TotalEnergies Kenya,GB06DMIO52553419283276,2026-03-15,54861,1
PAY-90400,INV-65561,OMC-012,Galana Energies,GB89GWUW86379402654235,2026-06-03,69527,2
PAY-93141,INV-29128,OMC-016,KPA Marine,GB31MOOJ96499091334123,2025-04-26," KES 42,141 ",1
PAY-73641,INV-83180,OMC-007,Kobil,GB37IDDX82449353487401,2025-06-26,122256,1
PAY-15091,INV-60303,OMC-010,Tamoil,GB34EABH79176936763201,2025-08-25,21733,1
PAY-24912,INV-90514,OMC-015,Mombasa Petroleum,GB80WOIJ43135182337498,2025-04-26,75095,1
PAY-30909,INV-79444,OMC-015,Mombasa Petroleum,GB80WOIJ43135182337498,2025-08-13,196676,1
PAY-13800,INV-74894,OMC-017,KAA Aviation,GB54HVSS04902787429671,2026-07-07,49947,1
PAY-45389,INV-63601,OMC-018,Uganda National Oil,GB36RNCH17127484677378,2026-07-20,309600,1
PAY-26977,INV-87720,OMC-012,Galana Energies,GB89GWUW86379402654235,2026-06-03,13776,1
PAY-86015,INV-89406,OMC-006,Hashi Energy,GB05QCFC91361939909169,2025-10-11,128177,1
PAY-26856,INV-10888,OMC-014,Texol Energies,GB06ONXS45314737996507,2026-04-29,29523,1
PAY-22428,INV-71443,OMC-019,Tanzania Petroleum,GB59MHYN05766270289517,2026-02-27," KES 60,568 ",2
PAY-33987,INV-40124,OMC-019,Tanzania Petroleum,GB59MHYN05766270289517,2025-02-09,111916,1
PAY-68309,INV-40626,OMC-004,Gulf Energy,GB89GWUW86379402654235,2026-06-06,20201,2
PAY-94198,INV-83924,OMC-013,Lake Oil,GB88TEHE71937452991241,2026-02-24,37268,1
PAY-38131,INV-84836,OMC-009,Dalbit Petroleum,GB53VXXX35615951484656,2025-07-12,88459,1
PAY-82007,INV-46057,OMC-006,Hashi Energy,GB05QCFC91361939909169,2025-04-27,119635,1
PAY-68924,INV-93469,OMC-012,Galana Energies,GB89GWUW86379402654235,2026-03-19,31401,1
PAY-93108,INV-20231,OMC-001,TotalEnergies Kenya,GB06DMIO52553419283276,2026-02-12,25363,1
PAY-93962,INV-33648,OMC-008,National Oil,GB08NAFX56342160733754,2025-06-08,81250,2
PAY-24182,INV-20628,OMC-017,KAA Aviation,GB54HVSS04902787429671,2025-12-02,25806,1
PAY-14783,INV-59732,OMC-017,KAA Aviation,GB54HVSS04902787429671,2026-03-15,47404,1
PAY-27920,INV-14180,OMC-013,Lake Oil,GB88TEHE71937452991241,2025-06-06,181843,1
PAY-74577,INV-76208,OMC-019,Tanzania Petroleum,GB59MHYN05766270289517,11/09/2025,47886,1
PAY-93329,INV-80526,OMC-012,Galana Energies,GB89GWUW86379402654235,2026-07-13,62280,2
PAY-80615,INV-24846,OMC-008,National Oil,GB08NAFX56342160733754,2025-07-23,42566,1
PAY-30719,INV-82350,OMC-015,Mombasa Petroleum,GB80WOIJ43135182337498,2025-02-14,279489,1
PAY-14071,INV-22657,OMC-010,Tamoil,GB34EABH79176936763201,,33243,1
PAY-99777,INV-66843,OMC-007,Kobil,GB37IDDX82449353487401,2025-06-12,293254,1
PAY-31488,INV-67839,OMC-003,Rubis Energy,GB04LOQO13315098393010,2025-12-19,209678,1
PAY-18332,INV-66474,OMC-007,Kobil,GB37IDDX82449353487401,2026-03-24,26806,1
PAY-90121,INV-27130,OMC-008,National Oil,GB08NAFX56342160733754,2026-07-27,50477,1
PAY-17900,INV-54055,OMC-006,Hashi Energy,GB05QCFC91361939909169,2025-12-06,134433,1
PAY-54987,INV-23237,OMC-015,Mombasa Petroleum,GB80WOIJ43135182337498,2025-06-28,206496,1
PAY-33552,INV-22125,OMC-008,National Oil,GB08NAFX56342160733754,2026-01-12,34623,2
PAY-62980,INV-49440,OMC-002,Vivo Energy,GB45OQIR01845146270482,2026-06-04,184635,1
PAY-14535,INV-67683,OMC-001,TotalEnergies Kenya,GB06DMIO52553419283276,2025-10-05,212790,1
PAY-10473,INV-53989,OMC-017,KAA Aviation,GB54HVSS04902787429671,2026-06-27,146560,1
PAY-66084,INV-79738,OMC-007,Kobil,GB37IDDX82449353487401,2026-01-24,54807,1
PAY-82665,INV-39620,OMC-012,Galana Energies,GB89GWUW86379402654235,2026-05-17,49601,1
PAY-99296,INV-28363,OMC-011,Hass Petroleum,GB56WGCN65876036690967,2025-06-04,158032,1
PAY-82318,INV-24527,OMC-011,Hass Petroleum,GB56WGCN65876036690967,2026-07-17,17122,2
PAY-18973,INV-12845,OMC-005,PetroOil Kenya,GB89GWUW86379402654235,2026-05-26," KES 60,862 ",2
PAY-78700,INV-82859,OMC-016,KPA Marine,GB31MOOJ96499091334123,2025-02-19,36576,1
PAY-99979,INV-28602,OMC-007,Kobil,GB37IDDX82449353487401,2025-09-11,149351,1
PAY-27868,INV-42117,OMC-016,KPA Marine,GB31MOOJ96499091334123,2025-11-06,11690,2
PAY-73375,INV-47683,OMC-006,Hashi Energy,GB05QCFC91361939909169,2026-07-18,61767,1
PAY-53379,INV-54093,OMC-008,National Oil,GB08NAFX56342160733754,2025-05-07,25193,1
PAY-39302,INV-95623,OMC-015,Mombasa Petroleum,GB80WOIJ43135182337498,2026-01-16,221127,1
PAY-58447,INV-82802,OMC-012,Galana Energies,GB89GWUW86379402654235,2026-05-05,33112,2
PAY-92404,INV-26990,OMC-018,Uganda National Oil,GB36RNCH17127484677378,2025-04-06,15831,1
PAY-33843,INV-91718,OMC-004,Gulf Energy,GB89GWUW86379402654235,2026-05-13,14229,2
PAY-24695,INV-68108,OMC-009,Dalbit Petroleum,GB53VXXX35615951484656,2026-06-21,15055,2
PAY-81627,INV-98014,OMC-005,PetroOil Kenya,GB89GWUW86379402654235,2026-05-22,31145,1
PAY-23574,INV-82777,OMC-009,Dalbit Petroleum,GB53VXXX35615951484656,2025-09-04,49430,1
PAY-90785,INV-70659,OMC-003,Rubis Energy,GB04LOQO13315098393010,2026-07-09,52394,1
PAY-94026,INV-70509,OMC-020,Ethiopian Oil,GB14NSVZ22219693792374,2025-06-14,50191,2
PAY-39818,INV-33118,OMC-018,Uganda National Oil,GB36RNCH17127484677378,2026-01-29,54083,2
PAY-17397,INV-72981,OMC-010,Tamoil,GB34EABH79176936763201,2025-07-08,194509,1
PAY-20580,INV-75681,OMC-018,Uganda National Oil,GB36RNCH17127484677378,2025-08-25,33438,1
PAY-10703,INV-44736,OMC-019,Tanzania Petroleum,GB59MHYN05766270289517,2025-08-19,205597,1
PAY-97629,INV-90552,OMC-005,PetroOil Kenya,GB89GWUW86379402654235,2026-05-09,173411,1
PAY-20733,INV-71946,OMC-019,Tanzania Petroleum,GB59MHYN05766270289517,2025-10-07,115046,1
PAY-18579,INV-13619,OMC-017,KAA Aviation,GB54HVSS04902787429671,2025-11-01,41184,1
PAY-55785,INV-96329,OMC-002,Vivo Energy,GB45OQIR01845146270482,28/04/2026,43511,1
PAY-79272,INV-81525,OMC-009,Dalbit Petroleum,GB53VXXX35615951484656,2026-06-26,233879,1
PAY-50464,INV-73413,OMC-004,Gulf Energy,GB89GWUW86379402654235,2026-06-12,28507,1
PAY-47614,INV-76692,OMC-017,KAA Aviation,GB54HVSS04902787429671,2025-07-09,59389,1
PAY-30596,INV-86225,OMC-015,Mombasa Petroleum,GB80WOIJ43135182337498,2025-02-15,22867,1
PAY-94979,INV-61557,OMC-013,Lake Oil,GB88TEHE71937452991241,2025-10-03,182176,1
PAY-72421,INV-58254,OMC-002,Vivo Energy,GB45OQIR01845146270482,2025-08-11,176000,1
PAY-56465,INV-64251,OMC-006,Hashi Energy,GB05QCFC91361939909169,2025-11-24,96589,1
PAY-96846,INV-81297,OMC-015,Mombasa Petroleum,GB80WOIJ43135182337498,2025-07-16,44767,1
PAY-12747,INV-34329,OMC-013,Lake Oil,GB88TEHE71937452991241,2026-02-18,164350,1
PAY-27925,INV-77780,OMC-010,Tamoil,GB34EABH79176936763201,2026-04-27,33939,1
PAY-57098,INV-93252,OMC-013,Lake Oil,GB88TEHE71937452991241,,63514,1
PAY-13787,INV-75575,OMC-018,Uganda National Oil,GB36RNCH17127484677378,2026-04-30,28657,1
PAY-72387,INV-91279,OMC-003,Rubis Energy,GB04LOQO13315098393010,2025-11-29,174811,1
PAY-98658,INV-96501,OMC-011,Hass Petroleum,GB56WGCN65876036690967,2025-12-30,47814,1
PAY-88404,INV-62634,OMC-004,Gulf Energy,GB89GWUW86379402654235,2026-04-05,93082,1
PAY-32059,INV-62510,OMC-014,Texol Energies,GB06ONXS45314737996507,2025-05-03,50166,2
PAY-61296,INV-81368,OMC-015,Mombasa Petroleum,GB80WOIJ43135182337498,2026-07-13,43977,1
PAY-41135,INV-76317,OMC-015,Mombasa Petroleum,GB80WOIJ43135182337498,2026-04-23,150857,1
PAY-35941,INV-36622,OMC-015,Mombasa Petroleum,GB80WOIJ43135182337498,2025-10-30,32582,1
PAY-86392,INV-19705,OMC-016,KPA Marine,GB31MOOJ96499091334123,2025-08-07,68875,2
PAY-98954,INV-28765,OMC-019,Tanzania Petroleum,GB59MHYN05766270289517,2025-09-27,52967,1
PAY-45504,INV-10207,OMC-005,PetroOil Kenya,GB89GWUW86379402654235,2026-04-27,146783,1
PAY-90681,INV-11875,OMC-017,KAA Aviation,GB54HVSS04902787429671,2026-05-01,111434,1
PAY-65962,INV-52148,OMC-016,KPA Marine,GB31MOOJ96499091334123,2026-06-26,115595,1
PAY-80030,INV-11684,OMC-007,Kobil,GB37IDDX82449353487401,2025-12-31,210347,1
PAY-70482,INV-61063,OMC-011,Hass Petroleum,GB56WGCN65876036690967,2025-09-28,247447,1
PAY-20437,INV-15406,OMC-007,Kobil,GB37IDDX82449353487401,2026-06-09,39484,1
PAY-94931,INV-41388,OMC-017,KAA Aviation,GB54HVSS04902787429671,29/11/2025,84254,1
PAY-81244,INV-25924,OMC-003,Rubis Energy,GB04LOQO13315098393010,2025-04-28,53327,1
PAY-71648,INV-42500,OMC-003,Rubis Energy,GB04LOQO13315098393010,2026-07-01,30762,1
PAY-66559,INV-96640,OMC-002,Vivo Energy,GB45OQIR01845146270482,2025-10-13,174248,1
PAY-23680,INV-80593,OMC-004,Gulf Energy,GB89GWUW86379402654235,2026-04-24,45190,2
PAY-40421,INV-65454,OMC-016,KPA Marine,GB31MOOJ96499091334123,2025-07-14,45519,1
PAY-31395,INV-48354,OMC-010,Tamoil,GB34EABH79176936763201,2025-12-28,35258,1
PAY-40652,INV-16832,OMC-020,Ethiopian Oil,GB14NSVZ22219693792374,2025-11-11," KES 258,009 ",1
PAY-76128,INV-25040,OMC-013,Lake Oil,GB88TEHE71937452991241,2026-01-23,291035,1
PAY-78232,INV-86300,OMC-020,Ethiopian Oil,GB14NSVZ22219693792374,2025-05-28,19546,2
PAY-79184,INV-49569,OMC-016,KPA Marine,GB31MOOJ96499091334123,2025-11-28,13745,2
PAY-58738,INV-21726,OMC-010,Tamoil,GB34EABH79176936763201,2026-01-01,139213,1
PAY-97034,INV-38667,OMC-011,Hass Petroleum,GB56WGCN65876036690967,2025-04-03,47688,1
PAY-97317,INV-76540,OMC-013,Lake Oil,GB88TEHE71937452991241,2025-04-07,45982,1
PAY-62311,INV-15038,OMC-005,PetroOil Kenya,GB89GWUW86379402654235,2026-04-17,150564,1
PAY-70067,INV-45418,OMC-007,Kobil,GB37IDDX82449353487401,2026-03-29,118258,1
PAY-40116,INV-76285,OMC-019,Tanzania Petroleum,GB59MHYN05766270289517,2026-06-16,192017,1
PAY-67832,INV-85216,OMC-002,Vivo Energy,GB45OQIR01845146270482,2025-10-26,105724,1
PAY-63243,INV-92055,OMC-007,Kobil,GB37IDDX82449353487401,2025-05-13,276250,1
PAY-29504,INV-22984,OMC-008,National Oil,GB08NAFX56342160733754,2025-02-10,178045,1
PAY-81919,INV-16060,OMC-014,Texol Energies,GB06ONXS45314737996507,2026-01-08,110228,1
PAY-34657,INV-30797,OMC-014,Texol Energies,GB06ONXS45314737996507,2025-03-26,162895,1
PAY-79495,INV-90938,OMC-009,Dalbit Petroleum,GB53VXXX35615951484656,2025-05-13,138661,1
PAY-26701,INV-39019,OMC-018,Uganda National Oil,GB36RNCH17127484677378,2025-07-08,47709,1
PAY-98779,INV-41740,OMC-017,KAA Aviation,GB54HVSS04902787429671,2025-08-30,78856,1
PAY-80751,INV-47177,OMC-011,Hass Petroleum,GB56WGCN65876036690967,2026-06-20,219697,1
PAY-69326,INV-32737,OMC-001,TotalEnergies Kenya,GB06DMIO52553419283276,2025-02-25,214894,1
PAY-26463,INV-67042,OMC-016,KPA Marine,GB31MOOJ96499091334123,2026-06-27,124423,1
PAY-57869,INV-99601,OMC-008,National Oil,GB08NAFX56342160733754,2026-02-03,130704,1
PAY-43968,INV-30529,OMC-018,Uganda National Oil,GB36RNCH17127484677378,2025-11-26,204828,1
PAY-67213,INV-10020,OMC-019,Tanzania Petroleum,GB59MHYN05766270289517,2025-03-05,129041,1
PAY-21794,INV-65844,OMC-020,Ethiopian Oil,GB14NSVZ22219693792374,2026-06-20," KES 26,130 ",1
PAY-10602,INV-57768,OMC-006,Hashi Energy,GB05QCFC91361939909169,2025-10-31,133821,1
PAY-29601,INV-80296,OMC-007,Kobil,GB37IDDX82449353487401,2026-02-10,242849,1
PAY-64922,INV-47665,OMC-010,Tamoil,GB34EABH79176936763201,2026-05-05,75442,1
PAY-18743,INV-98642,OMC-014,Texol Energies,GB06ONXS45314737996507,2025-07-14,13669,2
PAY-92833,INV-82483,OMC-009,Dalbit Petroleum,GB53VXXX35615951484656,2025-10-26,13461,1
PAY-29130,INV-18147,OMC-003,Rubis Energy,GB04LOQO13315098393010,2025-07-10,225018,1
PAY-94633,INV-87350,OMC-016,KPA Marine,GB31MOOJ96499091334123,2025-07-25,12139,2
PAY-84529,INV-87855,OMC-011,Hass Petroleum,GB56WGCN65876036690967,,61011,1
PAY-81219,INV-73959,OMC-016,KPA Marine,GB31MOOJ96499091334123,2025-04-29,185970,1
PAY-66252,INV-43974,OMC-008,National Oil,GB08NAFX56342160733754,2025-04-07,55650,2
PAY-32328,INV-57752,OMC-014,Texol Energies,GB06ONXS45314737996507,2025-08-11,110237,1
PAY-91665,INV-18837,OMC-001,TotalEnergies Kenya,GB06DMIO52553419283276,2025-03-17,23075,2
PAY-19568,INV-10438,OMC-016,KPA Marine,GB31MOOJ96499091334123,2025-12-11,191233,1
PAY-63661,INV-18409,OMC-008,National Oil,GB08NAFX56342160733754,2025-08-26," KES 151,599 ",1
PAY-13426,INV-86535,OMC-019,Tanzania Petroleum,GB59MHYN05766270289517,2026-07-04,253291,1
PAY-65873,INV-61839,OMC-011,Hass Petroleum,GB56WGCN65876036690967,2025-08-04,37200,1
PAY-37611,INV-54625,OMC-016,KPA Marine,GB31MOOJ96499091334123,2026-04-24,73080,2
PAY-40166,INV-54436,OMC-006,Hashi Energy,GB05QCFC91361939909169,2025-08-14,36313,1
PAY-49655,INV-72631,OMC-013,Lake Oil,GB88TEHE71937452991241,2026-08-17,168388,1
PAY-12743,INV-88535,OMC-001,TotalEnergies Kenya,GB06DMIO52553419283276,30/03/2025,31363,1
PAY-54131,INV-62056,OMC-020,Ethiopian Oil,GB14NSVZ22219693792374,2026-02-28,99109,2
PAY-90341,INV-79559,OMC-004,Gulf Energy,GB89GWUW86379402654235,2026-05-20,20069,1
PAY-38927,INV-51731,OMC-012,Galana Energies,GB89GWUW86379402654235,2026-04-03,110211,1
PAY-19578,INV-99181,OMC-011,Hass Petroleum,GB56WGCN65876036690967,2026-04-25,24319,1
PAY-28378,INV-69976,OMC-001,TotalEnergies Kenya,GB06DMIO52553419283276,2026-06-07,96474,2
PAY-23833,INV-62394,OMC-010,Tamoil,GB34EABH79176936763201,31/01/2026,48251,1
PAY-59994,INV-21496,OMC-018,Uganda National Oil,GB36RNCH17127484677378,2025-07-05,33702,1
PAY-33531,INV-72683,OMC-018,Uganda National Oil,GB36RNCH17127484677378,2026-03-06,18051,1
PAY-85864,INV-12416,OMC-003,Rubis Energy,GB04LOQO13315098393010,2025-02-19,82260,1
PAY-54059,INV-37848,OMC-019,Tanzania Petroleum,GB59MHYN05766270289517,2026-05-12,30574,1
PAY-45527,INV-61667,OMC-017,KAA Aviation,GB54HVSS04902787429671,2025-05-24,237603,1
PAY-98026,INV-66120,OMC-003,Rubis Energy,GB04LOQO13315098393010,2026-04-05,230713,1
PAY-79892,INV-33060,OMC-017,KAA Aviation,GB54HVSS04902787429671,2025-12-23,196616,1
PAY-74822,INV-13329,OMC-009,Dalbit Petroleum,GB53VXXX35615951484656,2026-07-31,88769,2
PAY-87412,INV-62612,OMC-010,Tamoil,GB34EABH79176936763201,2025-07-06,26915,1
PAY-61800,INV-54835,OMC-005,PetroOil Kenya,GB89GWUW86379402654235,2026-04-29,220826,1
PAY-49746,INV-53700,OMC-001,TotalEnergies Kenya,GB06DMIO52553419283276,2026-04-24," KES 35,209 ",1
PAY-15157,INV-40234,OMC-009,Dalbit Petroleum,GB53VXXX35615951484656,2025-04-25,132581,1
PAY-80506,INV-26076,OMC-013,Lake Oil,GB88TEHE71937452991241,2026-05-20," KES 142,669 ",1
PAY-72662,INV-30412,OMC-011,Hass Petroleum,GB56WGCN65876036690967,13/10/2025,109321,1
PAY-86472,INV-20817,OMC-011,Hass Petroleum,GB56WGCN65876036690967,2026-01-08,27997,1
PAY-41820,INV-76394,OMC-003,Rubis Energy,GB04LOQO13315098393010,2025-07-27,189467,1
PAY-99443,INV-53659,OMC-014,Texol Energies,GB06ONXS45314737996507,2025-12-02," KES 31,712 ",1
PAY-59218,INV-74651,OMC-015,Mombasa Petroleum,GB80WOIJ43135182337498,2025-08-31,106535,1
PAY-45963,INV-20296,OMC-001,TotalEnergies Kenya,GB06DMIO52553419283276,2025-09-01,41545,1
PAY-51523,INV-52013,OMC-007,Kobil,GB37IDDX82449353487401,2025-03-06,294508,1
PAY-83506,INV-98029,OMC-008,National Oil,GB08NAFX56342160733754,2025-12-04,54399,2
PAY-84718,INV-43994,OMC-020,Ethiopian Oil,GB14NSVZ22219693792374,2025-03-19,24474,1
PAY-35830,INV-81585,OMC-018,Uganda National Oil,GB36RNCH17127484677378,2025-04-23,24134,1
PAY-75401,INV-25777,OMC-016,KPA Marine,GB31MOOJ96499091334123,2025-02-13,26278,1
PAY-31878,INV-60861,OMC-004,Gulf Energy,GB89GWUW86379402654235,2026-03-22,27558,1
PAY-52328,INV-78991,OMC-001,TotalEnergies Kenya,GB06DMIO52553419283276,2025-06-23,32208,1
PAY-76345,INV-20746,OMC-005,PetroOil Kenya,GB89GWUW86379402654235,2026-04-11,44847,1
PAY-81458,INV-93286,OMC-015,Mombasa Petroleum,GB80WOIJ43135182337498,2026-02-17," KES 37,026 ",1
PAY-56687,INV-57135,OMC-007,Kobil,GB37IDDX82449353487401,07/06/2025,265846,1
PAY-18309,INV-37389,OMC-009,Dalbit Petroleum,GB53VXXX35615951484656,,110276,1
PAY-41525,INV-25158,OMC-001,TotalEnergies Kenya,GB06DMIO52553419283276,2025-11-14,125329,1
PAY-94880,INV-89622,OMC-011,Hass Petroleum,GB56WGCN65876036690967,2025-07-07,38261,1
PAY-87766,INV-12096,OMC-018,Uganda National Oil,GB36RNCH17127484677378,2025-05-13,55615,1
PAY-21516,INV-50843,OMC-016,KPA Marine,GB31MOOJ96499091334123,2026-05-13,172027,1
PAY-77172,INV-49946,OMC-001,TotalEnergies Kenya,GB06DMIO52553419283276,2025-05-10,141269,1
PAY-36110,INV-66930,OMC-015,Mombasa Petroleum,GB80WOIJ43135182337498,2025-09-15,56576,1
PAY-89706,INV-27794,OMC-018,Uganda National Oil,GB36RNCH17127484677378,2025-06-03," KES 53,230 ",1
PAY-36396,INV-28312,OMC-016,KPA Marine,GB31MOOJ96499091334123,2025-03-20,154559,1
PAY-28622,INV-26929,OMC-010,Tamoil,GB34EABH79176936763201,2025-07-23,45230,1
PAY-30119,INV-95999,OMC-008,National Oil,GB08NAFX56342160733754,2025-07-12,58309,1
PAY-22219,INV-63910,OMC-014,Texol Energies,GB06ONXS45314737996507,2026-01-02,20663,1
PAY-63298,INV-90380,OMC-006,Hashi Energy,GB05QCFC91361939909169,2025-10-27,71940,2
PAY-85228,INV-49503,OMC-017,KAA Aviation,GB54HVSS04902787429671,2025-10-20,59349,1
PAY-67742,INV-73408,OMC-011,Hass Petroleum,GB56WGCN65876036690967,06/02/2026,244546,1
PAY-91591,INV-57423,OMC-009,Dalbit Petroleum,GB53VXXX35615951484656,2025-12-07,252296,1
PAY-88818,INV-25758,OMC-019,Tanzania Petroleum,GB59MHYN05766270289517,2026-05-31,181735,1
PAY-79405,INV-92243,OMC-011,Hass Petroleum,GB56WGCN65876036690967,2025-05-18,43049,2
PAY-52726,INV-56932,OMC-006,Hashi Energy,GB05QCFC91361939909169,,79703,1
PAY-24262,INV-20385,OMC-002,Vivo Energy,GB45OQIR01845146270482,2025-10-27,200962,1
PAY-27072,INV-38773,OMC-020,Ethiopian Oil,GB14NSVZ22219693792374,24/08/2025,107085,1
PAY-52016,INV-21760,OMC-011,Hass Petroleum,GB56WGCN65876036690967,2025-07-15,182583,1
PAY-91187,INV-55934,OMC-018,Uganda National Oil,GB36RNCH17127484677378,2026-05-04,43315,1
PAY-97963,INV-94456,OMC-002,Vivo Energy,GB45OQIR01845146270482,2025-07-17,195656,1
PAY-29849,INV-59832,OMC-020,Ethiopian Oil,GB14NSVZ22219693792374,2026-03-27,164341,1
PAY-32371,INV-88882,OMC-013,Lake Oil,GB88TEHE71937452991241,2025-06-07,49621,1
PAY-69441,INV-26388,OMC-008,National Oil,GB08NAFX56342160733754,2025-03-05,287507,1
PAY-74261,INV-81170,OMC-003,Rubis Energy,GB04LOQO13315098393010,2026-03-12,106965,1
PAY-23053,INV-53541,OMC-017,KAA Aviation,GB54HVSS04902787429671,2026-02-26,46881,1
PAY-71949,INV-98528,OMC-011,Hass Petroleum,GB56WGCN65876036690967,2025-12-13,181054,1
PAY-52375,INV-65285,OMC-017,KAA Aviation,GB54HVSS04902787429671,2026-04-15,217206,1
PAY-57823,INV-90117,OMC-016,KPA Marine,GB31MOOJ96499091334123,2025-01-31,55325,1
PAY-44335,INV-46285,OMC-020,Ethiopian Oil,GB14NSVZ22219693792374,07/05/2026,37398,1
PAY-30498,INV-85535,OMC-018,Uganda National Oil,GB36RNCH17127484677378,2025-09-04,135265,1
PAY-28545,INV-49217,OMC-007,Kobil,GB37IDDX82449353487401,2025-06-09," KES 120,461 ",1
PAY-80184,INV-45305,OMC-010,Tamoil,GB34EABH79176936763201,2025-07-27,116455,1
PAY-79131,INV-88426,OMC-005,PetroOil Kenya,GB89GWUW86379402654235,2026-04-27,177448,1
PAY-35297,INV-94423,OMC-002,Vivo Energy,GB45OQIR01845146270482,2026-01-08,39553,1
PAY-80155,INV-59712,OMC-001,TotalEnergies Kenya,GB06DMIO52553419283276,2026-04-17,15975,2
PAY-99254,INV-53115,OMC-018,Uganda National Oil,GB36RNCH17127484677378,2025-05-30,153513,1
PAY-76273,INV-98029,OMC-010,Tamoil,GB34EABH79176936763201,2026-02-14,45187,1
PAY-56026,INV-10721,OMC-003,Rubis Energy,GB04LOQO13315098393010,2025-07-21,184378,1
PAY-32415,INV-35888,OMC-017,KAA Aviation,GB54HVSS04902787429671,2025-01-22,26284,1
PAY-76967,INV-44836,OMC-006,Hashi Energy,GB05QCFC91361939909169,2025-06-05,16999,2
PAY-95205,INV-47018,OMC-020,Ethiopian Oil,GB14NSVZ22219693792374,25/10/2025,51106,2
PAY-88604,INV-44200,OMC-006,Hashi Energy,GB05QCFC91361939909169,2025-05-20,122709,1
PAY-23567,INV-10427,OMC-012,Galana Energies,GB89GWUW86379402654235,2026-03-24,65984,1
PAY-80772,INV-99844,OMC-012,Galana Energies,GB89GWUW86379402654235,2026-06-26,12556,2
PAY-39513,INV-55645,OMC-006,Hashi Energy,GB05QCFC91361939909169,15/12/2025,153956,1
PAY-10021,INV-60993,OMC-010,Tamoil,GB34EABH79176936763201,,56437,1
PAY-67876,INV-83175,OMC-017,KAA Aviation,GB54HVSS04902787429671,," KES 177,279 ",1
PAY-37663,INV-17861,OMC-003,Rubis Energy,GB04LOQO13315098393010,2025-04-25,135505,1
PAY-41711,INV-84931,OMC-013,Lake Oil,GB88TEHE71937452991241,2026-05-27,198552,1
PAY-93253,INV-56329,OMC-002,Vivo Energy,GB45OQIR01845146270482,30/01/2026," KES 58,382 ",1
PAY-58662,INV-42176,OMC-002,Vivo Energy,GB45OQIR01845146270482,2025-02-10,181070,1
PAY-32337,INV-98767,OMC-017,KAA Aviation,GB54HVSS04902787429671,2025-04-14,93590,1
PAY-75646,INV-24858,OMC-016,KPA Marine,GB31MOOJ96499091334123,2025-04-15,92859,2
PAY-39845,INV-49768,OMC-012,Galana Energies,GB89GWUW86379402654235,03/03/2026,301026,1
PAY-57080,INV-47872,OMC-005,PetroOil Kenya,GB89GWUW86379402654235,2026-05-07,40167,2
PAY-60107,INV-83576,OMC-009,Dalbit Petroleum,GB53VXXX35615951484656,2025-06-16,17564,2
PAY-69839,INV-54098,OMC-007,Kobil,GB37IDDX82449353487401,2025-07-15,31021,1
PAY-34147,INV-83321,OMC-012,Galana Energies,GB89GWUW86379402654235,2026-05-14,187277,1
PAY-63525,INV-78422,OMC-020,Ethiopian Oil,GB14NSVZ22219693792374,2025-03-06,56554,1
PAY-18277,INV-60560,OMC-004,Gulf Energy,GB89GWUW86379402654235,2026-04-19,168946,1
PAY-22787,INV-13590,OMC-015,Mombasa Petroleum,GB80WOIJ43135182337498,2026-08-21,29547,1
PAY-58640,INV-21717,OMC-009,Dalbit Petroleum,GB53VXXX35615951484656,2025-08-19,34041,1
PAY-80197,INV-40581,OMC-017,KAA Aviation,GB54HVSS04902787429671,2026-03-19,100695,1
PAY-67881,INV-54406,OMC-005,PetroOil Kenya,GB89GWUW86379402654235,2026-05-30,233594,1
PAY-96419,INV-87907,OMC-016,KPA Marine,GB31MOOJ96499091334123,30/11/2025,57475,1
PAY-85185,INV-13340,OMC-002,Vivo Energy,GB45OQIR01845146270482,2025-08-20,120850,1
PAY-26519,INV-80416,OMC-001,TotalEnergies Kenya,GB06DMIO52553419283276,2025-07-10,145667,1
PAY-67437,INV-67064,OMC-011,Hass Petroleum,GB56WGCN65876036690967,2025-05-12,117698,1
PAY-63091,INV-33252,OMC-008,National Oil,GB08NAFX56342160733754,2026-01-31,129443,1
PAY-42553,INV-29504,OMC-007,Kobil,GB37IDDX82449353487401,2025-08-07,55236,2
PAY-66155,INV-57030,OMC-008,National Oil,GB08NAFX56342160733754,2025-07-26,90084,1
PAY-17486,INV-15014,OMC-011,Hass Petroleum,GB56WGCN65876036690967,2026-04-11,138278,1
PAY-33790,INV-83266,OMC-007,Kobil,GB37IDDX82449353487401,28/11/2025,203194,1
PAY-22376,INV-41706,OMC-019,Tanzania Petroleum,GB59MHYN05766270289517,2025-09-10,15974,2
PAY-87395,INV-16256,OMC-001,TotalEnergies Kenya,GB06DMIO52553419283276,2025-03-26,29613,2
PAY-97692,INV-19880,OMC-016,KPA Marine,GB31MOOJ96499091334123,2025-03-09,244860,1
PAY-22815,INV-77620,OMC-012,Galana Energies,GB89GWUW86379402654235,2026-04-29,73202,1
PAY-23076,INV-99119,OMC-002,Vivo Energy,GB45OQIR01845146270482,2025-12-03," KES 15,417 ",1
PAY-73622,INV-60617,OMC-014,Texol Energies,GB06ONXS45314737996507,2026-04-24,17921,1
PAY-30926,INV-45530,OMC-018,Uganda National Oil,GB36RNCH17127484677378,2026-08-20,23378,1
PAY-62224,INV-53161,OMC-016,KPA Marine,GB31MOOJ96499091334123,2026-03-23,32856,1
PAY-87708,INV-31764,OMC-003,Rubis Energy,GB04LOQO13315098393010,2026-03-19,22666,1
PAY-12635,INV-16025,OMC-015,Mombasa Petroleum,GB80WOIJ43135182337498,,176360,1
PAY-92803,INV-75300,OMC-010,Tamoil,GB34EABH79176936763201,2025-05-24,48773,1
PAY-71792,INV-87468,OMC-019,Tanzania Petroleum,GB59MHYN05766270289517,2025-07-14,34714,1
PAY-70683,INV-21886,OMC-019,Tanzania Petroleum,GB59MHYN05766270289517,2025-10-01,173060,1
PAY-68511,INV-56306,OMC-017,KAA Aviation,GB54HVSS04902787429671,2026-02-18,30580,1
PAY-74374,INV-40282,OMC-014,Texol Energies,GB06ONXS45314737996507,2025-02-27,122847,1
PAY-19769,INV-66533,OMC-006,Hashi Energy,GB05QCFC91361939909169,2025-12-24,51607,1
PAY-90958,INV-96160,OMC-010,Tamoil,GB34EABH79176936763201,2026-07-06,158328,1
PAY-25449,INV-22188,OMC-010,Tamoil,GB34EABH79176936763201,2025-10-26,115330,1
PAY-85444,INV-69563,OMC-015,Mombasa Petroleum,GB80WOIJ43135182337498,2026-03-08,56080,1
PAY-86586,INV-21238,OMC-016,KPA Marine,GB31MOOJ96499091334123,2026-05-16,196958,1
PAY-91312,INV-56236,OMC-014,Texol Energies,GB06ONXS45314737996507,2025-04-10,155275,1
PAY-31253,INV-11703,OMC-006,Hashi Energy,GB05QCFC91361939909169,2025-12-02,30792,1
PAY-63092,INV-83820,OMC-014,Texol Energies,GB06ONXS45314737996507,2026-02-15,10979,2
PAY-67279,INV-60147,OMC-013,Lake Oil,GB88TEHE71937452991241,2025-10-15,242873,1
PAY-13292,INV-61119,OMC-005,PetroOil Kenya,GB89GWUW86379402654235,2026-04-22,12688,2
PAY-91004,INV-65103,OMC-007,Kobil,GB37IDDX82449353487401,2026-02-26,22866,1
PAY-92261,INV-56756,OMC-004,Gulf Energy,GB89GWUW86379402654235,2026-04-28,181957,1
PAY-70502,INV-24854,OMC-010,Tamoil,GB34EABH79176936763201,24/12/2025,52137,1
PAY-43009,INV-12942,OMC-001,TotalEnergies Kenya,GB06DMIO52553419283276,2025-11-16,86463,1
PAY-11586,INV-56053,OMC-004,Gulf Energy,GB89GWUW86379402654235,20/05/2026,9103,2
PAY-63112,INV-99301,OMC-002,Vivo Energy,GB45OQIR01845146270482,2025-02-27,36738,1
PAY-82236,INV-44268,OMC-016,KPA Marine,GB31MOOJ96499091334123,,14176,2
PAY-74239,INV-13381,OMC-019,Tanzania Petroleum,GB59MHYN05766270289517,2025-07-27,128386,1
PAY-29071,INV-80784,OMC-004,Gulf Energy,GB89GWUW86379402654235,2026-03-30,24612,1
PAY-98140,INV-89367,OMC-016,KPA Marine,GB31MOOJ96499091334123,2025-10-20,16462,1
PAY-59890,INV-75528,OMC-010,Tamoil,GB34EABH79176936763201,2026-03-22,17862,2
PAY-58945,INV-47211,OMC-017,KAA Aviation,GB54HVSS04902787429671,2025-12-12,55350,1
PAY-45556,INV-96729,OMC-001,TotalEnergies Kenya,GB06DMIO52553419283276,2026-08-11,30600,1
PAY-26928,INV-78591,OMC-013,Lake Oil,GB88TEHE71937452991241,," KES 33,961 ",1
PAY-98346,INV-75395,OMC-019,Tanzania Petroleum,GB59MHYN05766270289517,12/11/2025,150464,1
PAY-16606,INV-55659,OMC-020,Ethiopian Oil,GB14NSVZ22219693792374,2026-07-04,136196,1
PAY-74070,INV-11232,OMC-004,Gulf Energy,GB89GWUW86379402654235,2026-04-14,39204,2
PAY-87106,INV-77650,OMC-013,Lake Oil,GB88TEHE71937452991241,2025-05-24,120638,1
PAY-73990,INV-85356,OMC-016,KPA Marine,GB31MOOJ96499091334123,2026-06-20,59487,2
PAY-99401,INV-59649,OMC-013,Lake Oil,GB88TEHE71937452991241,2025-07-18,93593,1
PAY-83233,INV-99034,OMC-019,Tanzania Petroleum,GB59MHYN05766270289517,2026-04-21,50129,1
PAY-79145,INV-85625,OMC-013,Lake Oil,GB88TEHE71937452991241,2025-10-16,128916,1
PAY-44556,INV-38650,OMC-014,Texol Energies,GB06ONXS45314737996507,2026-01-14,11777,1
PAY-32681,INV-51507,OMC-014,Texol Energies,GB06ONXS45314737996507,2026-02-08,93239,1
PAY-86124,INV-76179,OMC-003,Rubis Energy,GB04LOQO13315098393010,2025-12-04,22540,1
PAY-39548,INV-88935,OMC-018,Uganda National Oil,GB36RNCH17127484677378,2026-03-30," KES 86,448 ",1
PAY-34911,INV-99200,OMC-001,TotalEnergies Kenya,GB06DMIO52553419283276,2025-12-01,136219,1
PAY-97483,INV-57741,OMC-007,Kobil,GB37IDDX82449353487401,2025-05-31,221131,1
PAY-40103,INV-33360,OMC-020,Ethiopian Oil,GB14NSVZ22219693792374,2025-10-02,38551,1
PAY-12019,INV-80448,OMC-004,Gulf Energy,GB89GWUW86379402654235,2026-05-04,254840,1
PAY-92906,INV-99808,OMC-014,Texol Energies,GB06ONXS45314737996507,2025-07-25,47050,2
PAY-37030,INV-29463,OMC-019,Tanzania Petroleum,GB59MHYN05766270289517,2025-07-15,20674,1
PAY-67125,INV-49828,OMC-006,Hashi Energy,GB05QCFC91361939909169,2025-10-16,174210,1
PAY-52377,INV-98277,OMC-001,TotalEnergies Kenya,GB06DMIO52553419283276,2026-07-04,163829,1
PAY-97373,INV-35583,OMC-014,Texol Energies,GB06ONXS45314737996507,2025-09-30,61214,2
PAY-88134,INV-54940,OMC-004,Gulf Energy,GB89GWUW86379402654235,2026-05-14,30444,1
PAY-61436,INV-16807,OMC-011,Hass Petroleum,GB56WGCN65876036690967,2025-09-28,94826,1
PAY-30566,INV-42505,OMC-018,Uganda National Oil,GB36RNCH17127484677378,2025-07-17,268257,1
PAY-10580,INV-39179,OMC-003,Rubis Energy,GB04LOQO13315098393010,2025-11-15,69699,2
PAY-41549,INV-14447,OMC-011,Hass Petroleum,GB56WGCN65876036690967,2026-05-06,47159,1
PAY-34494,INV-32084,OMC-004,Gulf Energy,GB89GWUW86379402654235,2026-03-10,136870,1
PAY-66679,INV-12942,OMC-001,TotalEnergies Kenya,GB06DMIO52553419283276,2025-12-16,43596,2
PAY-20163,INV-35243,OMC-001,TotalEnergies Kenya,GB06DMIO52553419283276,2026-01-14,35071,1
PAY-24175,INV-14832,OMC-003,Rubis Energy,GB04LOQO13315098393010,2025-05-03,143188,1
PAY-66381,INV-52013,OMC-002,Vivo Energy,GB45OQIR01845146270482,2025-05-10,41779,1
PAY-63311,INV-67682,OMC-012,Galana Energies,GB89GWUW86379402654235,2026-04-05,118506,1
PAY-78198,INV-73101,OMC-005,PetroOil Kenya,GB89GWUW86379402654235,2026-06-17,54972,2
PAY-53764,INV-93208,OMC-019,Tanzania Petroleum,GB59MHYN05766270289517,2026-03-16,27857,1
PAY-83086,INV-70537,OMC-020,Ethiopian Oil,GB14NSVZ22219693792374,2025-04-24,51840,1
PAY-54083,INV-49752,OMC-015,Mombasa Petroleum,GB80WOIJ43135182337498,2025-12-26,22357,1
PAY-38517,INV-78696,OMC-016,KPA Marine,GB31MOOJ96499091334123,2025-02-18,51598,1
PAY-92124,INV-57479,OMC-007,Kobil,GB37IDDX82449353487401,2025-02-05,47254,1
PAY-84596,INV-20948,OMC-004,Gulf Energy,GB89GWUW86379402654235,2026-04-12,16651,1
PAY-11935,INV-84786,OMC-010,Tamoil,GB34EABH79176936763201,2026-06-25,34167,1
PAY-46239,INV-87969,OMC-016,KPA Marine,GB31MOOJ96499091334123,2025-05-28,48798,2
PAY-61470,INV-37669,OMC-014,Texol Energies,GB06ONXS45314737996507,2026-01-04,128360,1
PAY-81383,INV-37264,OMC-004,Gulf Energy,GB89GWUW86379402654235,2026-03-31,143612,1
PAY-47981,INV-76915,OMC-009,Dalbit Petroleum,GB53VXXX35615951484656,2025-02-08,92930,1
PAY-97128,INV-21463,OMC-001,TotalEnergies Kenya,GB06DMIO52553419283276,2025-03-13,236851,1
PAY-31290,INV-21660,OMC-003,Rubis Energy,GB04LOQO13315098393010,2026-03-20,54797,1
PAY-97556,INV-51179,OMC-008,National Oil,GB08NAFX56342160733754,2025-10-13,23207,2
PAY-65226,INV-69651,OMC-017,KAA Aviation,GB54HVSS04902787429671,2026-05-01,137565,1
PAY-31160,INV-47377,OMC-018,Uganda National Oil,GB36RNCH17127484677378,2026-03-14,216083,1
PAY-63854,INV-14525,OMC-004,Gulf Energy,GB89GWUW86379402654235,2026-03-31,117466,1
PAY-51578,INV-11588,OMC-014,Texol Energies,GB06ONXS45314737996507,2025-03-01,26239,1
PAY-21884,INV-15516,OMC-009,Dalbit Petroleum,GB53VXXX35615951484656,2026-01-22,137956,1
PAY-23417,INV-66108,OMC-020,Ethiopian Oil,GB14NSVZ22219693792374,2026-03-05,61969,1
PAY-18345,INV-46839,OMC-010,Tamoil,GB34EABH79176936763201,2025-02-15,197934,1
PAY-43174,INV-85775,OMC-003,Rubis Energy,GB04LOQO13315098393010,2026-03-31,25488,1
PAY-53931,INV-52607,OMC-010,Tamoil,GB34EABH79176936763201,2026-06-19,179730,1
PAY-18541,INV-99286,OMC-017,KAA Aviation,GB54HVSS04902787429671,2025-10-06,153619,1
PAY-19499,INV-36726,OMC-008,National Oil,GB08NAFX56342160733754,2025-08-19,174398,1
PAY-32054,INV-55295,OMC-012,Galana Energies,GB89GWUW86379402654235,12/03/2026,20261,1
PAY-77077,INV-75651,OMC-004,Gulf Energy,GB89GWUW86379402654235,2026-05-31,5511,2
PAY-64880,INV-38212,OMC-013,Lake Oil,GB88TEHE71937452991241,2025-05-26,57851,1
PAY-75068,INV-94012,OMC-002,Vivo Energy,GB45OQIR01845146270482,,134649,1
PAY-91777,INV-26789,OMC-016,KPA Marine,GB31MOOJ96499091334123,2025-07-01,17580,2
PAY-71147,INV-49368,OMC-014,Texol Energies,GB06ONXS45314737996507,2026-02-10,35387,1
PAY-32180,INV-62602,OMC-009,Dalbit Petroleum,GB53VXXX35615951484656,2026-01-23," KES 127,892 ",1
PAY-14437,INV-24719,OMC-016,KPA Marine,GB31MOOJ96499091334123,2025-04-10,132228,1
PAY-18444,INV-98164,OMC-011,Hass Petroleum,GB56WGCN65876036690967,2025-02-23,33193,1
PAY-79583,INV-68111,OMC-003,Rubis Energy,GB04LOQO13315098393010,2025-03-17,217065,1
PAY-55080,INV-76984,OMC-014,Texol Energies,GB06ONXS45314737996507,2025-04-27,38292,1
PAY-92422,INV-64755,OMC-013,Lake Oil,GB88TEHE71937452991241,30/03/2026,39274,1
PAY-15222,INV-19892,OMC-011,Hass Petroleum,GB56WGCN65876036690967,2026-02-03,252010,1
PAY-93886,INV-86034,OMC-015,Mombasa Petroleum,GB80WOIJ43135182337498,2026-06-16,212656,1
PAY-85429,INV-99992,OMC-003,Rubis Energy,GB04LOQO13315098393010,2025-12-16,32333,1
PAY-22526,INV-52689,OMC-013,Lake Oil,GB88TEHE71937452991241,2026-03-07,63403,1
PAY-30566,INV-50384,OMC-008,National Oil,GB08NAFX56342160733754,25/03/2025,197208,1
PAY-81405,INV-15140,OMC-019,Tanzania Petroleum,GB59MHYN05766270289517,2026-05-22,27503,1
PAY-32245,INV-33526,OMC-016,KPA Marine,GB31MOOJ96499091334123,2026-05-23," KES 143,744 ",1
PAY-78031,INV-34197,OMC-014,Texol Energies,GB06ONXS45314737996507,2025-05-27,15713,1
PAY-16278,INV-45379,OMC-019,Tanzania Petroleum,GB59MHYN05766270289517,2025-07-23,217758,1
PAY-68084,INV-78277,OMC-010,Tamoil,GB34EABH79176936763201,2025-03-29,247765,1
PAY-46296,INV-77049,OMC-015,Mombasa Petroleum,GB80WOIJ43135182337498,2025-10-13,99673,1
PAY-45724,INV-88337,OMC-017,KAA Aviation,GB54HVSS04902787429671,2025-04-23,103438,1
PAY-62207,INV-27529,OMC-015,Mombasa Petroleum,GB80WOIJ43135182337498,2025-04-25,112724,1
PAY-81672,INV-50946,OMC-007,Kobil,GB37IDDX82449353487401,30/12/2025," KES 52,250 ",1
PAY-60760,INV-39450,OMC-014,Texol Energies,GB06ONXS45314737996507,2025-11-19,175321,1
PAY-58583,INV-14403,OMC-017,KAA Aviation,GB54HVSS04902787429671,2026-03-21,106722,1
PAY-62677,INV-11341,OMC-014,Texol Energies,GB06ONXS45314737996507,2025-06-25,65953,1
PAY-46948,INV-39951,OMC-014,Texol Energies,GB06ONXS45314737996507,2025-06-11,31034,1
PAY-13581,INV-23075,OMC-015,Mombasa Petroleum,GB80WOIJ43135182337498,2025-07-25,143911,1
PAY-53283,INV-96447,OMC-013,Lake Oil,GB88TEHE71937452991241,2026-06-20,197459,1
PAY-86143,INV-55448,OMC-017,KAA Aviation,GB54HVSS04902787429671,2026-03-31,173622,1
PAY-43423,INV-49832,OMC-006,Hashi Energy,GB05QCFC91361939909169,2025-11-04,188061,1
PAY-16194,INV-12150,OMC-006,Hashi Energy,GB05QCFC91361939909169,2026-02-26,25777,1
PAY-93952,INV-62513,OMC-003,Rubis Energy,GB04LOQO13315098393010,2025-08-05,53293,1
PAY-85024,INV-39608,OMC-014,Texol Energies,GB06ONXS45314737996507,2025-12-26,40744,2
PAY-84479,INV-97594,OMC-019,Tanzania Petroleum,GB59MHYN05766270289517,30/04/2025,63001,1
PAY-36351,INV-74511,OMC-008,National Oil,GB08NAFX56342160733754,2025-05-18,45703,1
PAY-77209,INV-79646,OMC-014,Texol Energies,GB06ONXS45314737996507,2026-01-31,139541,1
PAY-27436,INV-71570,OMC-003,Rubis Energy,GB04LOQO13315098393010,2025-06-27,20951,1
PAY-16448,INV-91370,OMC-002,Vivo Energy,GB45OQIR01845146270482,2025-03-10,165723,1
PAY-54299,INV-89500,OMC-013,Lake Oil,GB88TEHE71937452991241,2025-05-25,201833,1
PAY-74143,INV-63562,OMC-006,Hashi Energy,GB05QCFC91361939909169,2025-07-18,29765,1
PAY-56298,INV-76012,OMC-015,Mombasa Petroleum,GB80WOIJ43135182337498,2026-02-02,139192,1
PAY-28201,INV-62966,OMC-006,Hashi Energy,GB05QCFC91361939909169,2025-09-02,226561,1
PAY-34486,INV-61488,OMC-001,TotalEnergies Kenya,GB06DMIO52553419283276,2025-12-11,28991,2
PAY-71341,INV-28790,OMC-007,Kobil,GB37IDDX82449353487401,2025-07-12,103004,1
PAY-91146,INV-67037,OMC-016,KPA Marine,GB31MOOJ96499091334123,2025-11-19,275062,1
PAY-65483,INV-10817,OMC-015,Mombasa Petroleum,GB80WOIJ43135182337498,2025-03-17,203307,1
PAY-21155,INV-18978,OMC-004,Gulf Energy,GB89GWUW86379402654235,2026-05-14,101196,1
PAY-73882,INV-71685,OMC-008,National Oil,GB08NAFX56342160733754,2025-12-15,193622,1
PAY-76416,INV-82712,OMC-015,Mombasa Petroleum,GB80WOIJ43135182337498,2025-07-05,39142,1
PAY-35289,INV-70955,OMC-011,Hass Petroleum,GB56WGCN65876036690967,,38752,1
PAY-84413,INV-67464,OMC-016,KPA Marine,GB31MOOJ96499091334123,2025-12-20,144466,1
PAY-70146,INV-97373,OMC-020,Ethiopian Oil,GB14NSVZ22219693792374,22/11/2025,29412,1
PAY-46902,INV-92232,OMC-015,Mombasa Petroleum,GB80WOIJ43135182337498,2026-03-03,29671,1
PAY-26871,INV-72993,OMC-018,Uganda National Oil,GB36RNCH17127484677378,2026-02-25,156797,1
PAY-12335,INV-16256,OMC-001,TotalEnergies Kenya,GB06DMIO52553419283276,2025-03-08,101883,1
PAY-37490,INV-33397,OMC-007,Kobil,GB37IDDX82449353487401,2026-06-03,164928,1
PAY-33348,INV-17688,OMC-020,Ethiopian Oil,GB14NSVZ22219693792374,2026-06-11,132024,1
PAY-97135,INV-84097,OMC-001,TotalEnergies Kenya,GB06DMIO52553419283276,2025-03-15,48340,2
PAY-96481,INV-47869,OMC-009,Dalbit Petroleum,GB53VXXX35615951484656,2026-08-08,58818,2
PAY-76237,INV-81717,OMC-009,Dalbit Petroleum,GB53VXXX35615951484656,2026-03-16,32107,1
PAY-49159,INV-46072,OMC-008,National Oil,GB08NAFX56342160733754,2025-08-07,25352,1
PAY-54921,INV-68619,OMC-007,Kobil,GB37IDDX82449353487401,2025-09-22,49941,1
PAY-41496,INV-53719,OMC-007,Kobil,GB37IDDX82449353487401,2025-10-31,39981,1
PAY-50834,INV-91661,OMC-011,Hass Petroleum,GB56WGCN65876036690967,18/05/2026,6557,2
PAY-40374,INV-25701,OMC-008,National Oil,GB08NAFX56342160733754,2026-06-14,230737,1
PAY-33319,INV-28690,OMC-018,Uganda National Oil,GB36RNCH17127484677378,2025-11-17,205385,1
PAY-70030,INV-47445,OMC-009,Dalbit Petroleum,GB53VXXX35615951484656,2025-07-13,67169,1
PAY-53805,INV-66144,OMC-003,Rubis Energy,GB04LOQO13315098393010,2025-07-26,34351,1
PAY-27687,INV-27854,OMC-019,Tanzania Petroleum,GB59MHYN05766270289517,2025-02-20," KES 261,258 ",1
PAY-86998,INV-97021,OMC-003,Rubis Energy,GB04LOQO13315098393010,2025-08-03,231245,1
PAY-71420,INV-25045,OMC-006,Hashi Energy,GB05QCFC91361939909169,,163373,1
PAY-50226,INV-88708,OMC-006,Hashi Energy,GB05QCFC91361939909169,2025-08-31,209942,1
PAY-69228,INV-53085,OMC-015,Mombasa Petroleum,GB80WOIJ43135182337498,2026-03-27,253475,1
PAY-30667,INV-68833,OMC-012,Galana Energies,GB89GWUW86379402654235,2026-05-31,18007,2
PAY-18175,INV-84274,OMC-018,Uganda National Oil,GB36RNCH17127484677378,2026-07-25,83644,1
PAY-65730,INV-68740,OMC-019,Tanzania Petroleum,GB59MHYN05766270289517,2025-07-16,267508,1
PAY-65745,INV-21370,OMC-018,Uganda National Oil,GB36RNCH17127484677378,2026-06-21,160296,1
PAY-13845,INV-71397,OMC-011,Hass Petroleum,GB56WGCN65876036690967,2025-07-19,71990,1
PAY-44132,INV-41771,OMC-012,Galana Energies,GB89GWUW86379402654235,2026-05-23,123836,1
PAY-29423,INV-71707,OMC-015,Mombasa Petroleum,GB80WOIJ43135182337498,2026-01-14,34466,1
PAY-32851,INV-14357,OMC-009,Dalbit Petroleum,GB53VXXX35615951484656,2025-06-05,86012,2
PAY-70862,INV-82802,OMC-012,Galana Energies,GB89GWUW86379402654235,2026-04-16,103443,1
PAY-61613,INV-96689,OMC-016,KPA Marine,GB31MOOJ96499091334123,2025-03-23,27956,1
PAY-70404,INV-37090,OMC-001,TotalEnergies Kenya,GB06DMIO52553419283276,2025-06-15,107302,1
PAY-97908,INV-67333,OMC-002,Vivo Energy,GB45OQIR01845146270482,2026-01-15,53846,1
PAY-94244,INV-94334,OMC-001,TotalEnergies Kenya,GB06DMIO52553419283276,2025-09-19," KES 46,568 ",1
PAY-52241,INV-94469,OMC-015,Mombasa Petroleum,GB80WOIJ43135182337498,2025-08-04,37708,1
PAY-60122,INV-68389,OMC-004,Gulf Energy,GB89GWUW86379402654235,2026-05-19,13033,2
PAY-36196,INV-11732,OMC-001,TotalEnergies Kenya,GB06DMIO52553419283276,2025-12-23,181942,1
PAY-23583,INV-19297,OMC-016,KPA Marine,GB31MOOJ96499091334123,2025-08-15,9856,2
PAY-85638,INV-81093,OMC-015,Mombasa Petroleum,GB80WOIJ43135182337498,2025-09-07," KES 256,567 ",1
PAY-53919,INV-10098,OMC-012,Galana Energies,GB89GWUW86379402654235,2026-06-01,18449,2
PAY-12347,INV-79846,OMC-005,PetroOil Kenya,GB89GWUW86379402654235,,76472,1
PAY-55333,INV-95019,OMC-013,Lake Oil,GB88TEHE71937452991241,2026-05-24,57244,1
PAY-88196,INV-98277,OMC-001,TotalEnergies Kenya,GB06DMIO52553419283276,2026-07-20,92855,2
PAY-30950,INV-11215,OMC-001,TotalEnergies Kenya,GB06DMIO52553419283276,2026-03-13,166425,1
PAY-61613,INV-65206,OMC-010,Tamoil,GB34EABH79176936763201,2025-09-28,26299,1
PAY-47436,INV-54964,OMC-011,Hass Petroleum,GB56WGCN65876036690967,2025-06-03,35553,1
PAY-87943,INV-18068,OMC-017,KAA Aviation,GB54HVSS04902787429671,,166644,1
PAY-80473,INV-40922,OMC-006,Hashi Energy,GB05QCFC91361939909169,2026-03-01,51642,1
PAY-95234,INV-70744,OMC-004,Gulf Energy,GB89GWUW86379402654235,2026-05-18,110170,1
PAY-88980,INV-33381,OMC-007,Kobil,GB37IDDX82449353487401,2026-01-12,129103,1
PAY-92101,INV-73152,OMC-010,Tamoil,GB34EABH79176936763201,2025-06-16,234762,1
PAY-97337,INV-54382,OMC-017,KAA Aviation,GB54HVSS04902787429671,2026-06-24,173434,1
PAY-78033,INV-37838,OMC-016,KPA Marine,GB31MOOJ96499091334123,2025-11-24,28980,1
PAY-36412,INV-93068,OMC-003,Rubis Energy,GB04LOQO13315098393010,2025-03-15,151545,1
PAY-95892,INV-62150,OMC-009,Dalbit Petroleum,GB53VXXX35615951484656,2025-12-05,44233,2
PAY-26055,INV-68677,OMC-002,Vivo Energy,GB45OQIR01845146270482,2025-04-03,193007,1
PAY-43668,INV-17117,OMC-003,Rubis Energy,GB04LOQO13315098393010,2026-04-09,23755,1
PAY-31397,INV-50151,OMC-016,KPA Marine,GB31MOOJ96499091334123,2026-01-07,59531,1
PAY-13471,INV-97556,OMC-007,Kobil,GB37IDDX82449353487401,2025-06-15,285238,1
PAY-72451,INV-88622,OMC-017,KAA Aviation,GB54HVSS04902787429671,2026-07-08,28514,1
PAY-10657,INV-55049,OMC-014,Texol Energies,GB06ONXS45314737996507,2026-01-20,252872,1
PAY-38823,INV-45020,OMC-003,Rubis Energy,GB04LOQO13315098393010,2026-05-13,270067,1
PAY-32180,INV-62602,OMC-009,Dalbit Petroleum,GB53VXXX35615951484656,2026-01-23,127892,1
PAY-98109,INV-44587,OMC-017,KAA Aviation,GB54HVSS04902787429671,2025-03-16,55500,1
PAY-51605,INV-41226,OMC-004,Gulf Energy,GB89GWUW86379402654235,2026-05-07,97580,1
PAY-91757,INV-66975,OMC-009,Dalbit Petroleum,GB53VXXX35615951484656,2026-02-28,37501,1
PAY-24203,INV-40861,OMC-010,Tamoil,GB34EABH79176936763201,2026-01-13,30944,1
PAY-50898,INV-99007,OMC-018,Uganda National Oil,GB36RNCH17127484677378,2025-09-19,24907,1
PAY-11569,INV-99506,OMC-005,PetroOil Kenya,GB89GWUW86379402654235,2026-05-24,71766,1
PAY-36163,INV-10652,OMC-002,Vivo Energy,GB45OQIR01845146270482,2026-02-17,214541,1
PAY-96095,INV-78311,OMC-016,KPA Marine,GB31MOOJ96499091334123,2026-06-21,17646,2
PAY-11147,INV-45702,OMC-008,National Oil,GB08NAFX56342160733754,2025-04-01,167427,1
PAY-28874,INV-38183,OMC-013,Lake Oil,GB88TEHE71937452991241,2026-02-13,194223,1
PAY-57641,INV-72880,OMC-008,National Oil,GB08NAFX56342160733754,2025-05-21,130233,1
PAY-76415,INV-73979,OMC-008,National Oil,GB08NAFX56342160733754,2026-01-03,149820,1
PAY-61418,INV-32685,OMC-008,National Oil,GB08NAFX56342160733754,2025-10-05,194029,1
PAY-68189,INV-84093,OMC-003,Rubis Energy,GB04LOQO13315098393010,2026-08-03,143857,1
PAY-17113,INV-34558,OMC-002,Vivo Energy,GB45OQIR01845146270482,24/10/2025," KES 197,311 ",1
PAY-28250,INV-82995,OMC-014,Texol Energies,GB06ONXS45314737996507,2026-07-07,165309,1
PAY-16240,INV-40388,OMC-012,Galana Energies,GB89GWUW86379402654235,2026-07-06,13680,2
PAY-75830,INV-66732,OMC-006,Hashi Energy,GB05QCFC91361939909169,,261149,1
PAY-84797,INV-99367,OMC-006,Hashi Energy,GB05QCFC91361939909169,2026-04-26,176806,1
PAY-52227,INV-96620,OMC-010,Tamoil,GB34EABH79176936763201,2026-05-16,45636,1
PAY-17742,INV-13616,OMC-010,Tamoil,GB34EABH79176936763201,23/10/2025,24910,1
PAY-24866,INV-60477,OMC-013,Lake Oil,GB88TEHE71937452991241,2025-09-11,189829,1
PAY-52861,INV-62549,OMC-018,Uganda National Oil,GB36RNCH17127484677378,2025-12-20,42967,1
PAY-99465,INV-78756,OMC-009,Dalbit Petroleum,GB53VXXX35615951484656,2026-04-11,170336,1
PAY-23995,INV-88983,OMC-008,National Oil,GB08NAFX56342160733754,2025-09-16,7852,2
PAY-12107,INV-39051,OMC-010,Tamoil,GB34EABH79176936763201,2026-06-26,30608,1
PAY-28339,INV-76604,OMC-011,Hass Petroleum,GB56WGCN65876036690967,2025-06-08,59383,1
PAY-38307,INV-10131,OMC-006,Hashi Energy,GB05QCFC91361939909169,2025-03-15,143222,1
PAY-27286,INV-97742,OMC-011,Hass Petroleum,GB56WGCN65876036690967,2025-07-21,238348,1
PAY-32073,INV-69566,OMC-015,Mombasa Petroleum,GB80WOIJ43135182337498,2025-07-04,174432,1
PAY-72130,INV-97217,OMC-019,Tanzania Petroleum,GB59MHYN05766270289517,2025-10-24,233493,1
PAY-40391,INV-70485,OMC-013,Lake Oil,GB88TEHE71937452991241,2025-04-19,118912,1
PAY-40251,INV-64051,OMC-007,Kobil,GB37IDDX82449353487401,2025-11-22,31903,1
PAY-28868,INV-57049,OMC-009,Dalbit Petroleum,GB53VXXX35615951484656,2026-01-20,67609,1
PAY-41648,INV-23310,OMC-011,Hass Petroleum,GB56WGCN65876036690967,2026-07-11,6358,2
PAY-78793,INV-83922,OMC-011,Hass Petroleum,GB56WGCN65876036690967,2025-06-03,183092,1
PAY-83357,INV-50549,OMC-018,Uganda National Oil,GB36RNCH17127484677378,2026-06-30,40123,1
PAY-61245,INV-70783,OMC-006,Hashi Energy,GB05QCFC91361939909169,2025-04-01,42876,1
PAY-75528,INV-97151,OMC-012,Galana Energies,GB89GWUW86379402654235,2026-04-09,27897,1
PAY-21538,INV-42740,OMC-017,KAA Aviation,GB54HVSS04902787429671,2026-03-13,187136,1
PAY-35606,INV-52220,OMC-007,Kobil,GB37IDDX82449353487401,2026-04-09,219915,1
PAY-39048,INV-82158,OMC-016,KPA Marine,GB31MOOJ96499091334123,2025-11-02,32353,1
PAY-95893,INV-63783,OMC-017,KAA Aviation,GB54HVSS04902787429671,2026-04-09,40923,1
PAY-18411,INV-26792,OMC-017,KAA Aviation,GB54HVSS04902787429671,2025-02-27,155209,1
PAY-11303,INV-86143,OMC-004,Gulf Energy,GB89GWUW86379402654235,2026-06-25,14751,2
PAY-11936,INV-86108,OMC-003,Rubis Energy,GB04LOQO13315098393010,2025-09-15,146612,1
PAY-24629,INV-90984,OMC-013,Lake Oil,GB88TEHE71937452991241,2026-05-26,178992,1
PAY-33629,INV-15051,OMC-012,Galana Energies,GB89GWUW86379402654235,24/05/2026,47015,2
PAY-23824,INV-44313,OMC-015,Mombasa Petroleum,GB80WOIJ43135182337498,2026-07-02,103279,1
PAY-68656,INV-64984,OMC-012,Galana Energies,GB89GWUW86379402654235,2026-05-06,5986,2
PAY-95114,INV-79289,OMC-013,Lake Oil,GB88TEHE71937452991241,,125581,1
PAY-82347,INV-67379,OMC-004,Gulf Energy,GB89GWUW86379402654235,2026-03-22,28807,2
PAY-79408,INV-18105,OMC-009,Dalbit Petroleum,GB53VXXX35615951484656,2026-02-23,35038,1
PAY-26873,INV-84097,OMC-001,TotalEnergies Kenya,GB06DMIO52553419283276,13/02/2025,56866,1
PAY-82293,INV-57792,OMC-009,Dalbit Petroleum,GB53VXXX35615951484656,2025-08-18,152531,1
PAY-38200,INV-27708,OMC-001,TotalEnergies Kenya,GB06DMIO52553419283276,2025-03-03,109777,1
PAY-40754,INV-15775,OMC-010,Tamoil,GB34EABH79176936763201,2026-01-27,27351,1
PAY-24228,INV-36893,OMC-002,Vivo Energy,GB45OQIR01845146270482,2025-05-14,46755,1
PAY-87150,INV-78101,OMC-001,TotalEnergies Kenya,GB06DMIO52553419283276,2025-12-15,31772,1
PAY-24561,INV-79795,OMC-012,Galana Energies,GB89GWUW86379402654235,2026-04-24,97329,2
PAY-90581,INV-90436,OMC-006,Hashi Energy,GB05QCFC91361939909169,2025-12-28,324618,1
PAY-73317,INV-19326,OMC-008,National Oil,GB08NAFX56342160733754,2025-07-22,71416,2
PAY-32908,INV-30272,OMC-002,Vivo Energy,GB45OQIR01845146270482,2025-11-05," KES 40,878 ",1
PAY-47871,INV-94746,OMC-017,KAA Aviation,GB54HVSS04902787429671,2025-10-21,264513,1
PAY-62207,INV-27529,OMC-015,Mombasa Petroleum,GB80WOIJ43135182337498,2025-04-25,112724,1
PAY-32654,INV-45225,OMC-004,Gulf Energy,GB89GWUW86379402654235,2026-05-17,15329,1
PAY-90509,INV-43277,OMC-013,Lake Oil,GB88TEHE71937452991241,2026-02-15,30577,1
PAY-26744,INV-95686,OMC-007,Kobil,GB37IDDX82449353487401,2026-01-01,185921,1
PAY-41749,INV-60263,OMC-014,Texol Energies,GB06ONXS45314737996507,2025-06-23,14761,2
PAY-68212,INV-66830,OMC-019,Tanzania Petroleum,GB59MHYN05766270289517,,29872,1
PAY-91370,INV-82014,OMC-016,KPA Marine,GB31MOOJ96499091334123,2025-11-11,79246,1
PAY-49862,INV-31358,OMC-001,TotalEnergies Kenya,GB06DMIO52553419283276,2026-01-08,106313,1
PAY-66068,INV-52636,OMC-004,Gulf Energy,GB89GWUW86379402654235,2026-04-13,59225,1
PAY-98802,INV-37867,OMC-015,Mombasa Petroleum,GB80WOIJ43135182337498,22/06/2026,184590,1
PAY-57583,INV-45720,OMC-015,Mombasa Petroleum,GB80WOIJ43135182337498,2026-03-08,223636,1
PAY-76873,INV-47677,OMC-009,Dalbit Petroleum,GB53VXXX35615951484656,27/03/2026,260363,1
PAY-70770,INV-92080,OMC-001,TotalEnergies Kenya,GB06DMIO52553419283276,2026-02-08,138093,1
PAY-77162,INV-31024,OMC-006,Hashi Energy,GB05QCFC91361939909169,2026-03-11,101406,1
PAY-70345,INV-47913,OMC-009,Dalbit Petroleum,GB53VXXX35615951484656,2025-03-20,23092,1
PAY-70492,INV-45169,OMC-008,National Oil,GB08NAFX56342160733754,2025-10-16,174193,1
PAY-99537,INV-75733,OMC-005,PetroOil Kenya,GB89GWUW86379402654235,2026-04-18,111567,1
PAY-30542,INV-54883,OMC-002,Vivo Energy,GB45OQIR01845146270482,2025-02-18,57589,1
PAY-15904,INV-36952,OMC-005,PetroOil Kenya,GB89GWUW86379402654235,2026-06-09,27281,2
PAY-99920,INV-67389,OMC-009,Dalbit Petroleum,GB53VXXX35615951484656,2025-07-20,241061,1
PAY-98011,INV-92387,OMC-009,Dalbit Petroleum,GB53VXXX35615951484656,2026-07-05,8219,2
PAY-83451,INV-75950,OMC-001,TotalEnergies Kenya,GB06DMIO52553419283276,2026-06-09,24363,1
PAY-50552,INV-92755,OMC-012,Galana Energies,GB89GWUW86379402654235,2026-04-05,78187,2
PAY-19701,INV-85417,OMC-018,Uganda National Oil,GB36RNCH17127484677378,2025-12-28,225781,1
PAY-77436,INV-87187,OMC-003,Rubis Energy,GB04LOQO13315098393010,2025-06-25,70239,1
PAY-55043,INV-41678,OMC-006,Hashi Energy,GB05QCFC91361939909169,2025-06-22,47511,1
PAY-46977,INV-49569,OMC-016,KPA Marine,GB31MOOJ96499091334123,2025-11-08,21072,1
PAY-66919,INV-15221,OMC-010,Tamoil,GB34EABH79176936763201,2026-03-20,55129,1
PAY-72042,INV-93424,OMC-001,TotalEnergies Kenya,GB06DMIO52553419283276,2026-03-31,61329,2
PAY-90409,INV-82572,OMC-012,Galana Energies,GB89GWUW86379402654235,,24713,1
PAY-14319,INV-43608,OMC-006,Hashi Energy,GB05QCFC91361939909169,2025-11-20,188464,1
PAY-50922,INV-23437,OMC-001,TotalEnergies Kenya,GB06DMIO52553419283276,2026-01-20,31892,1
PAY-50077,INV-69406,OMC-016,KPA Marine,GB31MOOJ96499091334123,2026-06-19,35195,1
PAY-68664,INV-14250,OMC-012,Galana Energies,GB89GWUW86379402654235,2026-05-13,20715,1
PAY-31532,INV-15039,OMC-015,Mombasa Petroleum,GB80WOIJ43135182337498,2025-07-01,216239,1
PAY-95093,INV-29497,OMC-016,KPA Marine,GB31MOOJ96499091334123,2025-01-18,114607,1
PAY-67907,INV-11226,OMC-009,Dalbit Petroleum,GB53VXXX35615951484656,2026-04-08,33678,1
PAY-36033,INV-90295,OMC-016,KPA Marine,GB31MOOJ96499091334123,2026-03-31,25859,1
PAY-99786,INV-32276,OMC-006,Hashi Energy,GB05QCFC91361939909169,2026-04-07,223053,1
PAY-32081,INV-19311,OMC-017,KAA Aviation,GB54HVSS04902787429671,2026-02-03,31704,1
PAY-70088,INV-25079,OMC-002,Vivo Energy,GB45OQIR01845146270482,2025-07-13,177320,1
PAY-87129,INV-22554,OMC-010,Tamoil,GB34EABH79176936763201,2026-02-26,34819,1
PAY-55465,INV-98176,OMC-008,National Oil,GB08NAFX56342160733754,2025-03-16,32355,1
PAY-48585,INV-86947,OMC-007,Kobil,GB37IDDX82449353487401,2025-03-20,174587,1
PAY-41656,INV-69585,OMC-019,Tanzania Petroleum,GB59MHYN05766270289517,2025-12-27,183080,1
PAY-39865,INV-45225,OMC-004,Gulf Energy,GB89GWUW86379402654235,2026-06-03," KES 13,456 ",2
PAY-15346,INV-16441,OMC-003,Rubis Energy,GB04LOQO13315098393010,2025-06-12,162259,1
PAY-40006,INV-90398,OMC-006,Hashi Energy,GB05QCFC91361939909169,2026-03-02,17306,2
PAY-77128,INV-14596,OMC-009,Dalbit Petroleum,GB53VXXX35615951484656,2025-07-07,242336,1
PAY-32028,INV-60043,OMC-009,Dalbit Petroleum,GB53VXXX35615951484656,2025-08-06,24952,1
PAY-92161,INV-88810,OMC-008,National Oil,GB08NAFX56342160733754,2026-02-03,59064,1
PAY-60151,INV-98336,OMC-018,Uganda National Oil,GB36RNCH17127484677378,2025-11-03,62343,1
PAY-38404,INV-18577,OMC-018,Uganda National Oil,GB36RNCH17127484677378,2026-03-28,35533,1
PAY-97407,INV-84806,OMC-005,PetroOil Kenya,GB89GWUW86379402654235,2026-05-18,74222,2
PAY-10162,INV-87350,OMC-005,PetroOil Kenya,GB89GWUW86379402654235,2026-02-26,135991,1
PAY-54504,INV-69972,OMC-006,Hashi Energy,GB05QCFC91361939909169,2026-01-21,26863,1
PAY-52791,INV-16291,OMC-002,Vivo Energy,GB45OQIR01845146270482,2026-03-14,34882,1
PAY-60267,INV-96774,OMC-008,National Oil,GB08NAFX56342160733754,2026-07-09," KES 58,395 ",1
PAY-46431,INV-73870,OMC-017,KAA Aviation,GB54HVSS04902787429671,2025-10-08,43477,1
PAY-77745,INV-62506,OMC-006,Hashi Energy,GB05QCFC91361939909169,2025-06-09,113206,1
PAY-40701,INV-36499,OMC-016,KPA Marine,GB31MOOJ96499091334123,2025-05-01,50037,1
PAY-79873,INV-30701,OMC-017,KAA Aviation,GB54HVSS04902787429671,2025-10-13,182167,1
PAY-88897,INV-12545,OMC-009,Dalbit Petroleum,GB53VXXX35615951484656,,45241,1
PAY-39238,INV-98836,OMC-009,Dalbit Petroleum,GB53VXXX35615951484656,2025-06-02,72376,1
PAY-57495,INV-59699,OMC-018,Uganda National Oil,GB36RNCH17127484677378,2025-11-28,26827,1
PAY-44340,INV-69893,OMC-014,Texol Energies,GB06ONXS45314737996507,2025-08-16,209346,1
PAY-78303,INV-43127,OMC-019,Tanzania Petroleum,GB59MHYN05766270289517,2025-08-29,214662,1
PAY-93942,INV-78411,OMC-015,Mombasa Petroleum,GB80WOIJ43135182337498,2026-07-28,194334,1
PAY-45081,INV-11295,OMC-005,PetroOil Kenya,GB89GWUW86379402654235,2026-03-24,12807,2
PAY-11335,INV-91811,OMC-001,TotalEnergies Kenya,GB06DMIO52553419283276,2025-06-26,179351,1
PAY-18178,INV-45692,OMC-011,Hass Petroleum,GB56WGCN65876036690967,2025-09-06," KES 124,797 ",1
PAY-65139,INV-84551,OMC-008,National Oil,GB08NAFX56342160733754,2026-07-18,24914,1
PAY-80152,INV-76714,OMC-019,Tanzania Petroleum,GB59MHYN05766270289517,,51333,1
PAY-20773,INV-54585,OMC-020,Ethiopian Oil,GB14NSVZ22219693792374,2026-08-02,118101,1
PAY-71467,INV-56792,OMC-009,Dalbit Petroleum,GB53VXXX35615951484656,2026-05-07,62522,1
PAY-25536,INV-55690,OMC-019,Tanzania Petroleum,GB59MHYN05766270289517,2026-02-07,238288,1
PAY-66348,INV-68168,OMC-015,Mombasa Petroleum,GB80WOIJ43135182337498,2025-05-15,175864,1
PAY-60194,INV-66566,OMC-007,Kobil,GB37IDDX82449353487401,2025-12-19,89642,1
PAY-20778,INV-68220,OMC-010,Tamoil,GB34EABH79176936763201,2025-04-13,15994,1
PAY-52437,INV-23592,OMC-001,TotalEnergies Kenya,GB06DMIO52553419283276,2025-03-31,196399,1
PAY-47472,INV-16051,OMC-011,Hass Petroleum,GB56WGCN65876036690967,07/05/2025,128832,1
PAY-61253,INV-52711,OMC-014,Texol Energies,GB06ONXS45314737996507,2026-03-02,77572,2
PAY-71127,INV-98642,OMC-014,Texol Energies,GB06ONXS45314737996507,2025-06-26," KES 20,636 ",1
PAY-28009,INV-76955,OMC-016,KPA Marine,GB31MOOJ96499091334123,2025-07-17,53851,1
PAY-42972,INV-44771,OMC-003,Rubis Energy,GB04LOQO13315098393010,2026-01-15,196728,1
PAY-67129,INV-60017,OMC-016,KPA Marine,GB31MOOJ96499091334123,,21359,1
PAY-28576,INV-48561,OMC-014,Texol Energies,GB06ONXS45314737996507,2025-07-12,106027,2
PAY-68489,INV-68531,OMC-015,Mombasa Petroleum,GB80WOIJ43135182337498,2026-04-23,135698,1
PAY-53683,INV-30813,OMC-004,Gulf Energy,GB89GWUW86379402654235,2026-04-22,60192,2
PAY-28698,INV-73566,OMC-016,KPA Marine,GB31MOOJ96499091334123,2025-07-27,56429,1
PAY-76941,INV-34494,OMC-016,KPA Marine,GB31MOOJ96499091334123,2025-02-27,54373,1
PAY-90640,INV-19139,OMC-006,Hashi Energy,GB05QCFC91361939909169,2026-03-26,154333,1
PAY-10379,INV-10068,OMC-008,National Oil,GB08NAFX56342160733754,2025-11-09,101277,1
PAY-19166,INV-50429,OMC-010,Tamoil,GB34EABH79176936763201,2026-01-14,24501,1
PAY-75217,INV-80139,OMC-007,Kobil,GB37IDDX82449353487401,2026-04-24,86404,1
PAY-81063,INV-64625,OMC-012,Galana Energies,GB89GWUW86379402654235,2026-05-28,146465,1
PAY-35417,INV-75049,OMC-014,Texol Energies,GB06ONXS45314737996507,2025-12-24," KES 30,582 ",2
PAY-97851,INV-65722,OMC-011,Hass Petroleum,GB56WGCN65876036690967,2026-03-11,126916,1
PAY-80318,INV-49274,OMC-014,Texol Energies,GB06ONXS45314737996507,2025-10-26,179805,1
PAY-19942,INV-83631,OMC-013,Lake Oil,GB88TEHE71937452991241,2025-05-23,55033,1
PAY-78718,INV-79646,OMC-014,Texol Energies,GB06ONXS45314737996507,2026-02-17,75336,2
PAY-36869,INV-58713,OMC-004,Gulf Energy,GB89GWUW86379402654235,2026-05-01,77338,1
PAY-52261,INV-54432,OMC-013,Lake Oil,GB88TEHE71937452991241,2026-07-24,164131,1
PAY-38889,INV-11361,OMC-019,Tanzania Petroleum,GB59MHYN05766270289517,,76450,2
PAY-98938,INV-93831,OMC-006,Hashi Energy,GB05QCFC91361939909169,2026-04-29,33085,1
PAY-19738,INV-83940,OMC-004,Gulf Energy,GB89GWUW86379402654235,2026-04-15,100936,1
PAY-18451,INV-18274,OMC-009,Dalbit Petroleum,GB53VXXX35615951484656,2026-01-15,88821,1
PAY-68184,INV-54342,OMC-002,Vivo Energy,GB45OQIR01845146270482,2025-07-10,141716,1
PAY-23976,INV-78699,OMC-015,Mombasa Petroleum,GB80WOIJ43135182337498,2026-04-14,124611,1
PAY-58142,INV-43910,OMC-005,PetroOil Kenya,GB89GWUW86379402654235,2026-04-18,7141,2
PAY-26484,INV-78446,OMC-007,Kobil,GB37IDDX82449353487401,2026-04-29,62864,1
PAY-35027,INV-41462,OMC-003,Rubis Energy,GB04LOQO13315098393010,2025-08-21,251205,1
PAY-89314,INV-17387,OMC-009,Dalbit Petroleum,GB53VXXX35615951484656,2025-04-18," KES 227,462 ",1
PAY-71821,INV-18788,OMC-015,Mombasa Petroleum,GB80WOIJ43135182337498,2025-05-07,61470,1
PAY-77652,INV-58243,OMC-012,Galana Energies,GB89GWUW86379402654235,06/06/2026,45437,2
PAY-40103,INV-33360,OMC-020,Ethiopian Oil,GB14NSVZ22219693792374,2025-10-02,38551,1
PAY-66673,INV-16196,OMC-020,Ethiopian Oil,GB14NSVZ22219693792374,2025-10-29,207109,1
PAY-60818,INV-75817,OMC-012,Galana Energies,GB89GWUW86379402654235,2026-06-10,167838,1
PAY-88358,INV-39995,OMC-008,National Oil,GB08NAFX56342160733754,2026-07-30,244651,1
PAY-34247,INV-38021,OMC-005,PetroOil Kenya,GB89GWUW86379402654235,2026-03-29,84812,1
PAY-38366,INV-28327,OMC-016,KPA Marine,GB31MOOJ96499091334123,2026-09-18,62022,2
PAY-20352,INV-62618,OMC-003,Rubis Energy,GB04LOQO13315098393010,2025-05-27,240961,1
PAY-98858,INV-18500,OMC-012,Galana Energies,GB89GWUW86379402654235,2026-03-13,43563,1
PAY-76148,INV-46329,OMC-016,KPA Marine,GB31MOOJ96499091334123,2026-06-20,47462,1
PAY-17596,INV-45034,OMC-014,Texol Energies,GB06ONXS45314737996507,2025-10-23,158617,1
PAY-43314,INV-65951,OMC-017,KAA Aviation,GB54HVSS04902787429671,2026-05-12,212140,1
PAY-99470,INV-71739,OMC-006,Hashi Energy,GB05QCFC91361939909169,2025-12-01,109410,1
PAY-52481,INV-46793,OMC-014,Texol Energies,GB06ONXS45314737996507,2026-06-09,21066,2
PAY-63449,INV-48052,OMC-016,KPA Marine,GB31MOOJ96499091334123,29/07/2026,47453,1
PAY-32404,INV-96916,OMC-011,Hass Petroleum,GB56WGCN65876036690967,2025-07-14,71614,1
PAY-21178,INV-26232,OMC-007,Kobil,GB37IDDX82449353487401,2025-04-01,24536,1
PAY-22020,INV-61102,OMC-008,National Oil,GB08NAFX56342160733754,2026-03-11,162300,1
PAY-68518,INV-75520,OMC-002,Vivo Energy,GB45OQIR01845146270482,2025-10-05,78013,1
PAY-62238,INV-63435,OMC-020,Ethiopian Oil,GB14NSVZ22219693792374,2025-06-19,238047,1
PAY-97198,INV-27383,OMC-014,Texol Energies,GB06ONXS45314737996507,2026-08-09,151288,1
PAY-72910,INV-37362,OMC-005,PetroOil Kenya,GB89GWUW86379402654235,2026-05-01,13477,2
PAY-64375,INV-53571,OMC-012,Galana Energies,GB89GWUW86379402654235,2026-03-13,30048,1
PAY-29238,INV-72670,OMC-002,Vivo Energy,GB45OQIR01845146270482,2025-01-25,61406,1
PAY-77800,INV-68917,OMC-013,Lake Oil,GB88TEHE71937452991241,2025-05-06,219788,1
PAY-26842,INV-82708,OMC-016,KPA Marine,GB31MOOJ96499091334123,2026-06-12,115441,1
PAY-31732,INV-15915,OMC-014,Texol Energies,GB06ONXS45314737996507,2026-07-01,109163,1
PAY-97793,INV-83762,OMC-018,Uganda National Oil,GB36RNCH17127484677378,2025-09-25,150215,1
PAY-75262,INV-67935,OMC-009,Dalbit Petroleum,GB53VXXX35615951484656,2025-03-21,182606,1
PAY-17326,INV-36677,OMC-013,Lake Oil,GB88TEHE71937452991241,2026-04-19,212844,1
PAY-88512,INV-20156,OMC-007,Kobil,GB37IDDX82449353487401,2025-02-26,26483,1
PAY-45316,INV-56766,OMC-016,KPA Marine,GB31MOOJ96499091334123,2025-08-30,23314,2
PAY-74842,INV-66161,OMC-007,Kobil,GB37IDDX82449353487401,2025-12-29,76137,2
PAY-35187,INV-42005,OMC-020,Ethiopian Oil,GB14NSVZ22219693792374,2026-04-23,20472,1
PAY-19531,INV-21299,OMC-016,KPA Marine,GB31MOOJ96499091334123,,66755,1
PAY-27394,INV-61974,OMC-011,Hass Petroleum,GB56WGCN65876036690967,2025-03-27,22029,1
PAY-34280,INV-23852,OMC-011,Hass Petroleum,GB56WGCN65876036690967,2025-10-04,179760,1
PAY-58926,INV-35175,OMC-003,Rubis Energy,GB04LOQO13315098393010,2026-04-18,293995,1
PAY-54695,INV-60799,OMC-011,Hass Petroleum,GB56WGCN65876036690967,2026-03-28,213806,1
PAY-25926,INV-44566,OMC-001,TotalEnergies Kenya,GB06DMIO52553419283276,2025-06-13,27901,1
PAY-44326,INV-90798,OMC-007,Kobil,GB37IDDX82449353487401,2025-08-29,60777,1
PAY-46421,INV-44415,OMC-010,Tamoil,GB34EABH79176936763201,2026-03-01,211980,1
PAY-88561,INV-93092,OMC-019,Tanzania Petroleum,GB59MHYN05766270289517,2025-07-02,27121,2
PAY-82207,INV-66530,OMC-002,Vivo Energy,GB45OQIR01845146270482,2026-02-04,173492,1
PAY-89234,INV-27158,OMC-011,Hass Petroleum,GB56WGCN65876036690967,2026-07-12,100917,1
PAY-16430,INV-44188,OMC-010,Tamoil,GB34EABH79176936763201,2026-02-09,86455,1
PAY-87463,INV-38486,OMC-008,National Oil,GB08NAFX56342160733754,2026-06-16,175734,1
PAY-22737,INV-41197,OMC-009,Dalbit Petroleum,GB53VXXX35615951484656,2025-12-15,252771,1
PAY-26529,INV-54045,OMC-002,Vivo Energy,GB45OQIR01845146270482,,48242,1
PAY-49145,INV-25377,OMC-005,PetroOil Kenya,GB89GWUW86379402654235,,307651,1
PAY-92034,INV-73965,OMC-004,Gulf Energy,GB89GWUW86379402654235,2026-03-30," KES 176,867 ",1
PAY-61398,INV-53393,OMC-020,Ethiopian Oil,GB14NSVZ22219693792374,2026-05-22,51982,1
PAY-15912,INV-69310,OMC-010,Tamoil,GB34EABH79176936763201,2025-07-08,167078,1
PAY-76763,INV-86990,OMC-003,Rubis Energy,GB04LOQO13315098393010,2026-02-02,113880,1
PAY-98268,INV-64589,OMC-018,Uganda National Oil,GB36RNCH17127484677378,2025-06-02,44836,1
PAY-72761,INV-86758,OMC-009,Dalbit Petroleum,GB53VXXX35615951484656,2026-03-04,17745,2
PAY-30675,INV-39733,OMC-004,Gulf Energy,GB89GWUW86379402654235,08/04/2026,21266,1
PAY-92310,INV-23353,OMC-020,Ethiopian Oil,GB14NSVZ22219693792374,2026-01-26,154682,1
PAY-39475,INV-77763,OMC-008,National Oil,GB08NAFX56342160733754,2025-03-16,53755,1
PAY-99935,INV-72014,OMC-010,Tamoil,GB34EABH79176936763201,2025-06-05," KES 12,233 ",2
PAY-47715,INV-58442,OMC-011,Hass Petroleum,GB56WGCN65876036690967,2026-04-25,58628,1
PAY-75608,INV-48863,OMC-002,Vivo Energy,GB45OQIR01845146270482,2026-04-25," KES 114,917 ",1
PAY-50136,INV-44587,OMC-020,Ethiopian Oil,GB14NSVZ22219693792374,2025-04-03,110210,1
PAY-30274,INV-65100,OMC-011,Hass Petroleum,GB56WGCN65876036690967,2025-10-02,208763,1
PAY-18643,INV-50886,OMC-010,Tamoil,GB34EABH79176936763201,2025-12-22,98266,1
PAY-21283,INV-72323,OMC-016,KPA Marine,GB31MOOJ96499091334123,2025-12-14,183123,1
PAY-78151,INV-17182,OMC-003,Rubis Energy,GB04LOQO13315098393010,2025-05-15,175099,1
PAY-96271,INV-68416,OMC-010,Tamoil,GB34EABH79176936763201,2025-07-16,22824,1
PAY-65546,INV-82755,OMC-003,Rubis Energy,GB04LOQO13315098393010,2025-12-18,126803,1
PAY-14696,INV-11134,OMC-019,Tanzania Petroleum,GB59MHYN05766270289517,2025-04-28,166236,1
PAY-90279,INV-75591,OMC-002,Vivo Energy,GB45OQIR01845146270482,2026-07-27,271091,1
PAY-38437,INV-43155,OMC-015,Mombasa Petroleum,GB80WOIJ43135182337498,2026-02-20,36900,1
PAY-50566,INV-95110,OMC-004,Gulf Energy,GB89GWUW86379402654235,2026-06-26,14578,2
PAY-56890,INV-88513,OMC-008,National Oil,GB08NAFX56342160733754,2026-02-06,31041,1
PAY-73590,INV-48885,OMC-012,Galana Energies,GB89GWUW86379402654235,2026-05-08,31708,1
PAY-11260,INV-67191,OMC-001,TotalEnergies Kenya,GB06DMIO52553419283276,2025-10-03,222962,1
PAY-41656,INV-69585,OMC-019,Tanzania Petroleum,GB59MHYN05766270289517,2025-12-27,183080,1
PAY-34331,INV-80385,OMC-008,National Oil,GB08NAFX56342160733754,2025-03-10,99435,2
PAY-84587,INV-76890,OMC-005,PetroOil Kenya,GB89GWUW86379402654235,2026-04-02,103080,1
PAY-25734,INV-82512,OMC-003,Rubis Energy,GB04LOQO13315098393010,2026-01-14,28216,1
PAY-37727,INV-94242,OMC-005,PetroOil Kenya,GB89GWUW86379402654235,2026-04-28,184421,1
PAY-16339,INV-91571,OMC-011,Hass Petroleum,GB56WGCN65876036690967,2025-04-17,22019,1
PAY-85163,INV-21438,OMC-003,Rubis Energy,GB04LOQO13315098393010,2026-03-06," KES 155,205 ",1
PAY-76326,INV-39759,OMC-018,Uganda National Oil,GB36RNCH17127484677378,2025-12-02,98586,2
PAY-57406,INV-30913,OMC-003,Rubis Energy,GB04LOQO13315098393010,2026-06-18," KES 175,949 ",1
PAY-25847,INV-34412,OMC-016,KPA Marine,GB31MOOJ96499091334123,2025-11-05,60881,2
PAY-38801,INV-91773,OMC-016,KPA Marine,GB31MOOJ96499091334123,2026-06-07,58715,2
PAY-77889,INV-61756,OMC-016,KPA Marine,GB31MOOJ96499091334123,2025-09-22,73612,2
PAY-32571,INV-87087,OMC-003,Rubis Energy,GB04LOQO13315098393010,2025-09-27,248728,1
PAY-82369,INV-85907,OMC-006,Hashi Energy,GB05QCFC91361939909169,2025-04-05,110628,1
PAY-31846,INV-17858,OMC-002,Vivo Energy,GB45OQIR01845146270482,2025-02-28,154544,1
PAY-84316,INV-67099,OMC-010,Tamoil,GB34EABH79176936763201,2025-02-07,43737,1
PAY-38384,INV-25091,OMC-015,Mombasa Petroleum,GB80WOIJ43135182337498,2025-12-21,103792,1
PAY-58926,INV-89265,OMC-008,National Oil,GB08NAFX56342160733754,2026-01-07,113923,1
PAY-56723,INV-33717,OMC-013,Lake Oil,GB88TEHE71937452991241,2025-11-11,69451,1
PAY-48099,INV-27437,OMC-019,Tanzania Petroleum,GB59MHYN05766270289517,2025-03-05,269420,1
PAY-31300,INV-18832,OMC-006,Hashi Energy,GB05QCFC91361939909169,2026-04-01,139907,1
PAY-14300,INV-29291,OMC-018,Uganda National Oil,GB36RNCH17127484677378,2025-10-30,232952,1
PAY-41874,INV-83211,OMC-002,Vivo Energy,GB45OQIR01845146270482,2026-01-14,36966,1
PAY-42103,INV-39558,OMC-016,KPA Marine,GB31MOOJ96499091334123,2025-04-03,56261,1
PAY-65958,INV-99321,OMC-015,Mombasa Petroleum,GB80WOIJ43135182337498,2025-07-29,130910,1
PAY-58850,INV-63513,OMC-009,Dalbit Petroleum,GB53VXXX35615951484656,2025-09-24,28375,1
PAY-91221,INV-90335,OMC-012,Galana Energies,GB89GWUW86379402654235,2026-04-03,189527,1
PAY-68628,INV-87593,OMC-003,Rubis Energy,GB04LOQO13315098393010,2025-11-15,257884,1
PAY-79863,INV-75830,OMC-001,TotalEnergies Kenya,GB06DMIO52553419283276,2025-04-08,105827,1
PAY-73749,INV-75950,OMC-019,Tanzania Petroleum,GB59MHYN05766270289517,2026-02-07,52317,1
PAY-48718,INV-69464,OMC-004,Gulf Energy,GB89GWUW86379402654235,2026-03-08,40611,1
PAY-12931,INV-29867,OMC-015,Mombasa Petroleum,GB80WOIJ43135182337498,2025-08-03,78269,1
PAY-48506,INV-75818,OMC-011,Hass Petroleum,GB56WGCN65876036690967,2026-08-09,28877,2
PAY-88307,INV-74529,OMC-004,Gulf Energy,GB89GWUW86379402654235,2026-05-28,60787,2
PAY-12446,INV-55548,OMC-006,Hashi Energy,GB05QCFC91361939909169,2025-12-30,96153,1
PAY-15741,INV-33475,OMC-010,Tamoil,GB34EABH79176936763201,2025-12-22,31626,1
PAY-28470,INV-45134,OMC-006,Hashi Energy,GB05QCFC91361939909169,,129393,1
PAY-59338,INV-24372,OMC-001,TotalEnergies Kenya,GB06DMIO52553419283276,2025-06-24,110701,1
PAY-97123,INV-31543,OMC-003,Rubis Energy,GB04LOQO13315098393010,,85339,1
PAY-14348,INV-11218,OMC-015,Mombasa Petroleum,GB80WOIJ43135182337498,2026-06-15,218957,1
PAY-93338,INV-61717,OMC-020,Ethiopian Oil,GB14NSVZ22219693792374,2025-03-03,50727,1
PAY-18673,INV-42769,OMC-008,National Oil,GB08NAFX56342160733754,2026-02-28," KES 48,464 ",2
PAY-88519,INV-65562,OMC-011,Hass Petroleum,GB56WGCN65876036690967,07/11/2025,60480,2
PAY-47508,INV-46357,OMC-012,Galana Energies,GB89GWUW86379402654235,2026-04-25,121775,1
PAY-73398,INV-45196,OMC-017,KAA Aviation,GB54HVSS04902787429671,2026-04-07,144341,1
PAY-55805,INV-83684,OMC-019,Tanzania Petroleum,GB59MHYN05766270289517,2026-08-11,11116,2
PAY-69428,INV-11161,OMC-006,Hashi Energy,GB05QCFC91361939909169,2026-03-05,25804,1
PAY-17626,INV-78679,OMC-011,Hass Petroleum,GB56WGCN65876036690967,2025-03-28," KES 277,198 ",1
PAY-99878,INV-24788,OMC-012,Galana Energies,GB89GWUW86379402654235,2026-04-06,26989,2
PAY-84895,INV-26816,OMC-001,TotalEnergies Kenya,GB06DMIO52553419283276,2025-05-09,20562,1
PAY-28775,INV-59854,OMC-011,Hass Petroleum,GB56WGCN65876036690967,2025-03-27,153401,1
PAY-60948,INV-53824,OMC-009,Dalbit Petroleum,GB53VXXX35615951484656,2026-07-12,237485,1
PAY-85765,INV-14258,OMC-014,Texol Energies,GB06ONXS45314737996507,2026-07-07,44214,1
PAY-19875,INV-78829,OMC-003,Rubis Energy,GB04LOQO13315098393010,2025-07-11,29307,1
PAY-60548,INV-52610,OMC-013,Lake Oil,GB88TEHE71937452991241,2025-07-09,146822,1
PAY-53425,INV-27990,OMC-020,Ethiopian Oil,GB14NSVZ22219693792374,2026-05-23," KES 275,209 ",1
PAY-60073,INV-37139,OMC-015,Mombasa Petroleum,GB80WOIJ43135182337498,2025-06-08,30617,1
PAY-45872,INV-66356,OMC-017,KAA Aviation,GB54HVSS04902787429671,2026-08-23,63332,1
PAY-75719,INV-25621,OMC-015,Mombasa Petroleum,GB80WOIJ43135182337498,2026-03-02,27259,1
PAY-43589,INV-11748,OMC-006,Hashi Energy,GB05QCFC91361939909169,2026-04-23,40754,1
PAY-84647,INV-61667,OMC-014,Texol Energies,GB06ONXS45314737996507,2026-06-06,45866,1
PAY-96219,INV-58583,OMC-017,KAA Aviation,GB54HVSS04902787429671,2026-06-20,30125,1
PAY-29751,INV-96667,OMC-009,Dalbit Petroleum,GB53VXXX35615951484656,2025-07-01,62460,1
PAY-60365,INV-18071,OMC-015,Mombasa Petroleum,GB80WOIJ43135182337498,2025-08-28,37575,1
PAY-28314,INV-63975,OMC-018,Uganda National Oil,GB36RNCH17127484677378,2026-05-19,44888,1
PAY-69514,INV-17678,OMC-001,TotalEnergies Kenya,GB06DMIO52553419283276,2025-10-26,94452,2
PAY-85873,INV-91491,OMC-012,Galana Energies,GB89GWUW86379402654235,2026-05-15,20226,1
PAY-10221,INV-78937,OMC-019,Tanzania Petroleum,GB59MHYN05766270289517,2025-06-22,145048,1
PAY-54366,INV-42769,OMC-008,National Oil,GB08NAFX56342160733754,2026-01-31,151827,1
PAY-99562,INV-75106,OMC-013,Lake Oil,GB88TEHE71937452991241,2025-03-19,192487,1
PAY-48807,INV-49995,OMC-004,Gulf Energy,GB89GWUW86379402654235,2026-05-10,81018,2
PAY-28030,INV-20299,OMC-008,National Oil,GB08NAFX56342160733754,2025-09-29,182150,1
PAY-40440,INV-99422,OMC-004,Gulf Energy,GB89GWUW86379402654235,2026-03-23,8476,2
PAY-75012,INV-19763,OMC-009,Dalbit Petroleum,GB53VXXX35615951484656,2025-12-05,18395,2
PAY-76956,INV-31381,OMC-001,TotalEnergies Kenya,GB06DMIO52553419283276,2026-04-10,82995,2
PAY-75343,INV-24394,OMC-020,Ethiopian Oil,GB14NSVZ22219693792374,2025-09-02,168680,1
PAY-32791,INV-42534,OMC-014,Texol Energies,GB06ONXS45314737996507,2026-07-06,44479,1
PAY-63647,INV-14827,OMC-008,National Oil,GB08NAFX56342160733754,,26632,1
PAY-95938,INV-59682,OMC-020,Ethiopian Oil,GB14NSVZ22219693792374,2026-06-09,171858,1
PAY-39159,INV-70044,OMC-017,KAA Aviation,GB54HVSS04902787429671,2025-09-19,55039,1
PAY-86116,INV-69707,OMC-004,Gulf Energy,GB89GWUW86379402654235,2026-05-03,129575,1
PAY-16399,INV-13727,OMC-008,National Oil,GB08NAFX56342160733754,2026-02-27,208675,1
PAY-75085,INV-71432,OMC-009,Dalbit Petroleum,GB53VXXX35615951484656,2025-10-01,240448,1
PAY-20677,INV-17896,OMC-017,KAA Aviation,GB54HVSS04902787429671,,117036,1
PAY-95676,INV-90626,OMC-001,TotalEnergies Kenya,GB06DMIO52553419283276,2025-10-05,100822,1
PAY-18616,INV-35683,OMC-009,Dalbit Petroleum,GB53VXXX35615951484656,2026-07-16,108726,1
PAY-65884,INV-83358,OMC-015,Mombasa Petroleum,GB80WOIJ43135182337498,2025-09-08,236336,1
PAY-41169,INV-47872,OMC-005,PetroOil Kenya,GB89GWUW86379402654235,2026-04-10,86805,1
PAY-96078,INV-75189,OMC-015,Mombasa Petroleum,GB80WOIJ43135182337498,2026-02-13,61168,1
PAY-36881,INV-81144,OMC-008,National Oil,GB08NAFX56342160733754,2026-06-17,283445,1
PAY-22099,INV-51130,OMC-014,Texol Energies,GB06ONXS45314737996507,2025-06-06,155200,1
PAY-59123,INV-77289,OMC-012,Galana Energies,GB89GWUW86379402654235,2026-05-08,25607,2
PAY-37825,INV-57119,OMC-008,National Oil,GB08NAFX56342160733754,2026-08-14,39308,1
PAY-70354,INV-92785,OMC-016,KPA Marine,GB31MOOJ96499091334123,2025-04-15,13924,2
PAY-45935,INV-22131,OMC-015,Mombasa Petroleum,GB80WOIJ43135182337498,2026-05-17,255919,1
PAY-84679,INV-54547,OMC-008,National Oil,GB08NAFX56342160733754,15/01/2026,109422,1
PAY-91278,INV-80046,OMC-016,KPA Marine,GB31MOOJ96499091334123,2026-01-03,37801,2
PAY-74854,INV-54909,OMC-014,Texol Energies,GB06ONXS45314737996507,26/04/2026,73297,1
PAY-46103,INV-65533,OMC-010,Tamoil,GB34EABH79176936763201,2025-08-20,78527,1
PAY-37830,INV-29169,OMC-010,Tamoil,GB34EABH79176936763201,2025-10-04,112854,1
PAY-51437,INV-25205,OMC-006,Hashi Energy,GB05QCFC91361939909169,2025-06-04,104257,2
PAY-62432,INV-29861,OMC-014,Texol Energies,GB06ONXS45314737996507,2025-12-15,93472,1
PAY-78935,INV-87006,OMC-007,Kobil,GB37IDDX82449353487401,2026-03-16,45032,1
PAY-68812,INV-57744,OMC-010,Tamoil,GB34EABH79176936763201,2026-05-06,62168,1
PAY-68718,INV-69747,OMC-003,Rubis Energy,GB04LOQO13315098393010,2026-04-14,152690,1
PAY-67518,INV-64427,OMC-009,Dalbit Petroleum,GB53VXXX35615951484656,2025-06-12,114729,1
PAY-76720,INV-59929,OMC-019,Tanzania Petroleum,GB59MHYN05766270289517,2025-09-26,40637,1
PAY-51731,INV-82671,OMC-019,Tanzania Petroleum,GB59MHYN05766270289517,2025-01-20,119302,1
PAY-62500,INV-73867,OMC-011,Hass Petroleum,GB56WGCN65876036690967,2026-06-01,79261,1
PAY-66746,INV-32506,OMC-014,Texol Energies,GB06ONXS45314737996507,2026-07-17,138862,1
PAY-64871,INV-68917,OMC-016,KPA Marine,GB31MOOJ96499091334123,2026-02-12,22448,2
PAY-50688,INV-59694,OMC-010,Tamoil,GB34EABH79176936763201,2025-07-01,55244,1
PAY-42180,INV-74661,OMC-011,Hass Petroleum,GB56WGCN65876036690967,2026-01-19,44001,1
PAY-95913,INV-17825,OMC-013,Lake Oil,GB88TEHE71937452991241,2025-03-30,25183,1
PAY-70566,INV-99876,OMC-019,Tanzania Petroleum,GB59MHYN05766270289517,2026-03-28,184648,1
PAY-91269,INV-35600,OMC-003,Rubis Energy,GB04LOQO13315098393010,2025-08-03," KES 162,244 ",1
PAY-56719,INV-43819,OMC-007,Kobil,GB37IDDX82449353487401,2026-06-19,101715,1
PAY-34706,INV-27451,OMC-020,Ethiopian Oil,GB14NSVZ22219693792374,2025-04-01,47156,1
PAY-22002,INV-56922,OMC-014,Texol Energies,GB06ONXS45314737996507,24/02/2026,169297,1
PAY-76073,INV-82753,OMC-008,National Oil,GB08NAFX56342160733754,2025-11-04,280397,1
PAY-13680,INV-30484,OMC-017,KAA Aviation,GB54HVSS04902787429671,2026-02-17,240331,1
PAY-51724,INV-34531,OMC-019,Tanzania Petroleum,GB59MHYN05766270289517,2025-03-23,23879,1
PAY-85115,INV-31320,OMC-001,TotalEnergies Kenya,GB06DMIO52553419283276,2025-04-21,103667,1
PAY-55191,INV-68832,OMC-002,Vivo Energy,GB45OQIR01845146270482,2025-04-19,267585,1
PAY-66023,INV-77178,OMC-010,Tamoil,GB34EABH79176936763201,2026-08-16,48820,1
PAY-54096,INV-41752,OMC-020,Ethiopian Oil,GB14NSVZ22219693792374,2025-11-22,238812,1
PAY-21014,INV-38986,OMC-015,Mombasa Petroleum,GB80WOIJ43135182337498,,27758,1
PAY-20461,INV-50983,OMC-004,Gulf Energy,GB89GWUW86379402654235,2026-04-12,158846,1
PAY-66988,INV-55430,OMC-001,TotalEnergies Kenya,GB06DMIO52553419283276,2025-09-22,257790,1
PAY-69216,INV-31783,OMC-007,Kobil,GB37IDDX82449353487401,2025-04-01,43483,1
PAY-30752,INV-76398,OMC-003,Rubis Energy,GB04LOQO13315098393010,2025-07-16,264931,1
PAY-99983,INV-49318,OMC-018,Uganda National Oil,GB36RNCH17127484677378,2025-09-13,166852,1
PAY-90117,INV-19146,OMC-011,Hass Petroleum,GB56WGCN65876036690967,2025-06-19," KES 111,017 ",1
PAY-31772,INV-50611,OMC-008,National Oil,GB08NAFX56342160733754,2026-02-09,50537,1
PAY-53985,INV-67136,OMC-012,Galana Energies,GB89GWUW86379402654235,2026-04-05,15019,1
PAY-69219,INV-59322,OMC-004,Gulf Energy,GB89GWUW86379402654235,2026-04-01,105118,1
PAY-73983,INV-94474,OMC-011,Hass Petroleum,GB56WGCN65876036690967,2025-06-29,13208,2
PAY-83135,INV-27883,OMC-017,KAA Aviation,GB54HVSS04902787429671,2025-05-14,165298,1
PAY-66089,INV-37019,OMC-011,Hass Petroleum,GB56WGCN65876036690967,2026-01-06,241409,1
PAY-34596,INV-98490,OMC-010,Tamoil,GB34EABH79176936763201,2025-05-27,54478,1
PAY-20803,INV-88273,OMC-003,Rubis Energy,GB04LOQO13315098393010,2026-04-23,168150,1
PAY-31503,INV-69939,OMC-010,Tamoil,GB34EABH79176936763201,2026-04-10,103029,1
PAY-90531,INV-39921,OMC-001,TotalEnergies Kenya,GB06DMIO52553419283276,2025-10-05,135872,1
PAY-19682,INV-97222,OMC-008,National Oil,GB08NAFX56342160733754,2025-03-13,199122,1
PAY-45621,INV-97945,OMC-005,PetroOil Kenya,GB89GWUW86379402654235,2026-05-30,51592,1
PAY-90679,INV-62414,OMC-004,Gulf Energy,GB89GWUW86379402654235,2026-05-14,149037,1
PAY-54034,INV-40902,OMC-005,PetroOil Kenya,GB89GWUW86379402654235,2026-03-30,52643,1
PAY-29204,INV-33069,OMC-007,Kobil,GB37IDDX82449353487401,2025-02-27,91623,1
PAY-23407,INV-75242,OMC-011,Hass Petroleum,GB56WGCN65876036690967,2025-03-31,158436,1
PAY-40335,INV-91024,OMC-008,National Oil,GB08NAFX56342160733754,2025-04-26,46357,1
PAY-65403,INV-41649,OMC-010,Tamoil,GB34EABH79176936763201,2026-04-15,31154,1
PAY-72669,INV-92882,OMC-009,Dalbit Petroleum,GB53VXXX35615951484656,2025-07-07,169444,1
PAY-33152,INV-52042,OMC-015,Mombasa Petroleum,GB80WOIJ43135182337498,,179451,1
PAY-40951,INV-19770,OMC-001,TotalEnergies Kenya,GB06DMIO52553419283276,2025-11-25,87317,1
PAY-31788,INV-74812,OMC-007,Kobil,GB37IDDX82449353487401,2026-01-24," KES 124,178 ",1
PAY-38550,INV-13489,OMC-016,KPA Marine,GB31MOOJ96499091334123,2025-10-24,203494,1
PAY-10636,INV-20871,OMC-013,Lake Oil,GB88TEHE71937452991241,2025-05-27,30696,1
PAY-27371,INV-25179,OMC-004,Gulf Energy,GB89GWUW86379402654235,2026-05-15,21322,1
PAY-72343,INV-46989,OMC-011,Hass Petroleum,GB56WGCN65876036690967,22/12/2025,48427,1
PAY-40894,INV-48361,OMC-005,PetroOil Kenya,GB89GWUW86379402654235,2026-04-20,92479,1
PAY-76751,INV-53436,OMC-019,Tanzania Petroleum,GB59MHYN05766270289517,2026-01-29,108325,1
PAY-68682,INV-71879,OMC-016,KPA Marine,GB31MOOJ96499091334123,2025-11-21,290651,1
PAY-49782,INV-43443,OMC-005,PetroOil Kenya,GB89GWUW86379402654235,2026-04-30,265215,1
PAY-86279,INV-19892,OMC-010,Tamoil,GB34EABH79176936763201,2025-06-18,270936,1
PAY-10284,INV-47187,OMC-001,TotalEnergies Kenya,GB06DMIO52553419283276,2025-04-06,157511,1
PAY-85736,INV-42016,OMC-002,Vivo Energy,GB45OQIR01845146270482,2026-05-09,106236,1
PAY-47116,INV-31048,OMC-002,Vivo Energy,GB45OQIR01845146270482,2025-03-25,21030,1
PAY-70629,INV-86438,OMC-016,KPA Marine,GB31MOOJ96499091334123,2025-11-14,29619,1
PAY-32870,INV-78973,OMC-011,Hass Petroleum,GB56WGCN65876036690967,2026-04-28,220205,1
PAY-15569,INV-73622,OMC-014,Texol Energies,GB06ONXS45314737996507,2025-02-24,21280,1
PAY-93414,INV-13786,OMC-017,KAA Aviation,GB54HVSS04902787429671,2026-06-06,221617,1
PAY-26847,INV-61311,OMC-003,Rubis Energy,GB04LOQO13315098393010,2026-07-12,208936,1
PAY-81769,INV-29028,OMC-009,Dalbit Petroleum,GB53VXXX35615951484656,2025-07-10,166504,1
PAY-68400,INV-64500,OMC-018,Uganda National Oil,GB36RNCH17127484677378,2026-02-25,53177,1
PAY-40490,INV-96109,OMC-003,Rubis Energy,GB04LOQO13315098393010,2026-06-23,170548,1
PAY-27801,INV-33079,OMC-007,Kobil,GB37IDDX82449353487401,2025-11-22,108251,1
PAY-17231,INV-29895,OMC-011,Hass Petroleum,GB56WGCN65876036690967,2025-10-20,56077,1
PAY-17180,INV-76647,OMC-001,TotalEnergies Kenya,GB06DMIO52553419283276,2025-11-02,6312,2
PAY-90541,INV-98541,OMC-005,PetroOil Kenya,GB89GWUW86379402654235,2026-06-15," KES 15,943 ",2
PAY-16795,INV-61524,OMC-017,KAA Aviation,GB54HVSS04902787429671,2026-02-18,233921,1
PAY-60768,INV-84072,OMC-014,Texol Energies,GB06ONXS45314737996507,2025-10-07,32925,1
PAY-72021,INV-11926,OMC-017,KAA Aviation,GB54HVSS04902787429671,2025-11-30," KES 54,007 ",1
PAY-60161,INV-74529,OMC-004,Gulf Energy,GB89GWUW86379402654235,2026-05-04,118801,1
PAY-15408,INV-64070,OMC-011,Hass Petroleum,GB56WGCN65876036690967,2026-06-20,97641,1
PAY-24365,INV-67254,OMC-012,Galana Energies,GB89GWUW86379402654235,2026-06-10,64219,2
PAY-72437,INV-40669,OMC-007,Kobil,GB37IDDX82449353487401,2026-02-19," KES 114,287 ",1
PAY-73746,INV-20247,OMC-019,Tanzania Petroleum,GB59MHYN05766270289517,2025-11-18,204522,1
PAY-70956,INV-33710,OMC-008,National Oil,GB08NAFX56342160733754,2025-03-06,198484,1
PAY-85610,INV-44779,OMC-010,Tamoil,GB34EABH79176936763201,2026-02-10,29313,1
PAY-67695,INV-16303,OMC-005,PetroOil Kenya,GB89GWUW86379402654235,2026-06-19,154820,1
PAY-90042,INV-36126,OMC-011,Hass Petroleum,GB56WGCN65876036690967,2025-04-17,218360,1
PAY-98037,INV-55411,OMC-015,Mombasa Petroleum,GB80WOIJ43135182337498,,139704,1
PAY-79587,INV-41146,OMC-005,PetroOil Kenya,GB89GWUW86379402654235,2026-03-24,26227,1
PAY-95261,INV-75369,OMC-009,Dalbit Petroleum,GB53VXXX35615951484656,2026-06-25,43213,1
PAY-95827,INV-24527,OMC-011,Hass Petroleum,GB56WGCN65876036690967,2026-06-27,32654,1
PAY-78661,INV-76306,OMC-012,Galana Energies,GB89GWUW86379402654235,2026-05-01,185961,1
PAY-82240,INV-34271,OMC-011,Hass Petroleum,GB56WGCN65876036690967,2025-08-12,50272,1
PAY-27878,INV-62289,OMC-019,Tanzania Petroleum,GB59MHYN05766270289517,2025-06-23,57420,1
PAY-15910,INV-43759,OMC-014,Texol Energies,GB06ONXS45314737996507,2025-04-14,143766,1
PAY-33696,INV-67640,OMC-011,Hass Petroleum,GB56WGCN65876036690967,2025-02-03,196402,1
PAY-15019,INV-86548,OMC-004,Gulf Energy,GB89GWUW86379402654235,08/05/2026,121489,1
PAY-27164,INV-79186,OMC-005,PetroOil Kenya,GB89GWUW86379402654235,2026-06-22,78063,1
PAY-81611,INV-97763,OMC-013,Lake Oil,GB88TEHE71937452991241,2026-01-25,89880,1
PAY-69540,INV-31259,OMC-016,KPA Marine,GB31MOOJ96499091334123,2025-05-29,108480,1
PAY-54858,INV-72404,OMC-016,KPA Marine,GB31MOOJ96499091334123,2026-07-25,277897,1
PAY-73926,INV-24568,OMC-001,TotalEnergies Kenya,GB06DMIO52553419283276,2026-02-13,59312,1
PAY-83122,INV-80423,OMC-008,National Oil,GB08NAFX56342160733754,2026-07-16,184402,1
PAY-28736,INV-23077,OMC-013,Lake Oil,GB88TEHE71937452991241,2025-06-03,129196,1
PAY-96182,INV-19608,OMC-002,Vivo Energy,GB45OQIR01845146270482,2025-11-08,111015,1
PAY-52753,INV-67987,OMC-004,Gulf Energy,GB89GWUW86379402654235,,20713,2
PAY-25303,INV-47880,OMC-003,Rubis Energy,GB04LOQO13315098393010,2026-03-25,75893,2
PAY-95268,INV-59145,OMC-019,Tanzania Petroleum,GB59MHYN05766270289517,2026-04-04,33266,1
PAY-32569,INV-85453,OMC-008,National Oil,GB08NAFX56342160733754,2026-02-13,279177,1
PAY-46599,INV-20675,OMC-017,KAA Aviation,GB54HVSS04902787429671,2026-02-08,35783,1
PAY-64506,INV-28064,OMC-001,TotalEnergies Kenya,GB06DMIO52553419283276,2026-07-12,187365,1
PAY-89118,INV-90048,OMC-004,Gulf Energy,GB89GWUW86379402654235,2026-05-10,118841,1
PAY-67682,INV-67554,OMC-012,Galana Energies,GB89GWUW86379402654235,2026-04-17,48949,1
PAY-99059,INV-94366,OMC-015,Mombasa Petroleum,GB80WOIJ43135182337498,13/12/2025,114146,1
PAY-99881,INV-86741,OMC-007,Kobil,GB37IDDX82449353487401,2026-05-29,46726,1
PAY-42016,INV-20282,OMC-014,Texol Energies,GB06ONXS45314737996507,2025-11-05,25759,1
PAY-52760,INV-49413,OMC-017,KAA Aviation,GB54HVSS04902787429671,2025-09-29,176340,1
PAY-49650,INV-55688,OMC-003,Rubis Energy,GB04LOQO13315098393010,2026-08-22,193641,1
PAY-48232,INV-42391,OMC-014,Texol Energies,GB06ONXS45314737996507,2025-11-22,157755,1
PAY-60628,INV-18633,OMC-015,Mombasa Petroleum,GB80WOIJ43135182337498,2026-02-23,206268,1
PAY-68248,INV-43759,OMC-014,Texol Energies,GB06ONXS45314737996507,2025-05-03,97693,2
PAY-81298,INV-77733,OMC-003,Rubis Energy,GB04LOQO13315098393010,2025-05-09,61648,1
PAY-43213,INV-58187,OMC-010,Tamoil,GB34EABH79176936763201,2026-04-26,245575,1
PAY-68217,INV-10904,OMC-010,Tamoil,GB34EABH79176936763201,2025-09-11," KES 33,701 ",1
PAY-80945,INV-15377,OMC-015,Mombasa Petroleum,GB80WOIJ43135182337498,2025-07-05,41991,1
PAY-17491,INV-17853,OMC-001,TotalEnergies Kenya,GB06DMIO52553419283276,2026-03-13,25475,1
PAY-56136,INV-14902,OMC-009,Dalbit Petroleum,GB53VXXX35615951484656,2025-03-17,151512,1
PAY-64306,INV-91998,OMC-007,Kobil,GB37IDDX82449353487401,2025-09-11,186675,1
PAY-76058,INV-30543,OMC-011,Hass Petroleum,GB56WGCN65876036690967,2025-12-20,124574,1
PAY-74989,INV-72090,OMC-005,PetroOil Kenya,GB89GWUW86379402654235,2026-03-18,274235,1
PAY-63900,INV-54704,OMC-016,KPA Marine,GB31MOOJ96499091334123,2025-06-27," KES 45,865 ",2
PAY-89809,INV-79249,OMC-013,Lake Oil,GB88TEHE71937452991241,2026-01-08,99659,1
PAY-28459,INV-33227,OMC-019,Tanzania Petroleum,GB59MHYN05766270289517,2025-09-01,203578,1
PAY-87102,INV-23266,OMC-016,KPA Marine,GB31MOOJ96499091334123,2025-03-04,97266,1
PAY-80138,INV-82920,OMC-018,Uganda National Oil,GB36RNCH17127484677378,2025-10-14,100323,2
PAY-65830,INV-38024,OMC-009,Dalbit Petroleum,GB53VXXX35615951484656,2025-11-26,152784,1
PAY-61938,INV-22703,OMC-020,Ethiopian Oil,GB14NSVZ22219693792374,2026-07-24,23082,1
PAY-28774,INV-93299,OMC-019,Tanzania Petroleum,GB59MHYN05766270289517,2025-07-14,23960,1
PAY-49046,INV-23210,OMC-005,PetroOil Kenya,GB89GWUW86379402654235,2026-06-05,108975,1
PAY-25849,INV-43072,OMC-018,Uganda National Oil,GB36RNCH17127484677378,2025-05-05,224933,1
PAY-60849,INV-84583,OMC-016,KPA Marine,GB31MOOJ96499091334123,2025-07-21,69094,2
PAY-20424,INV-81390,OMC-011,Hass Petroleum,GB56WGCN65876036690967,2026-04-09,83865,2
PAY-62624,INV-23327,OMC-011,Hass Petroleum,GB56WGCN65876036690967,23/07/2026,86934,1
PAY-10462,INV-44575,OMC-013,Lake Oil,GB88TEHE71937452991241,2025-08-05,134468,1
PAY-98959,INV-47746,OMC-016,KPA Marine,GB31MOOJ96499091334123,2026-04-25,15881,1
PAY-89057,INV-77289,OMC-012,Galana Energies,GB89GWUW86379402654235,2026-04-22,27986,1
PAY-87489,INV-11695,OMC-013,Lake Oil,GB88TEHE71937452991241,2025-11-09,213216,1
PAY-63510,INV-15038,OMC-005,PetroOil Kenya,GB89GWUW86379402654235,2026-05-14,110725,2
PAY-89614,INV-89435,OMC-013,Lake Oil,GB88TEHE71937452991241,2026-05-20,57810,1
PAY-91305,INV-14732,OMC-009,Dalbit Petroleum,GB53VXXX35615951484656,2025-11-28,285091,1
PAY-56553,INV-69434,OMC-009,Dalbit Petroleum,GB53VXXX35615951484656,2026-07-26,253641,1
PAY-98865,INV-32299,OMC-020,Ethiopian Oil,GB14NSVZ22219693792374,,34666,1
PAY-26233,INV-66762,OMC-019,Tanzania Petroleum,GB59MHYN05766270289517,2025-12-08,184781,1
PAY-18946,INV-21645,OMC-017,KAA Aviation,GB54HVSS04902787429671,2025-06-12,197762,1
PAY-64919,INV-29426,OMC-002,Vivo Energy,GB45OQIR01845146270482,2026-02-01," KES 166,391 ",1
PAY-82455,INV-11363,OMC-014,Texol Energies,GB06ONXS45314737996507,2025-06-18,26359,1
PAY-22760,INV-14166,OMC-012,Galana Energies,GB89GWUW86379402654235,07/06/2026,39186,1
PAY-86716,INV-16904,OMC-001,TotalEnergies Kenya,GB06DMIO52553419283276,2025-06-28,104931,1
PAY-95444,INV-92868,OMC-007,Kobil,GB37IDDX82449353487401,2026-04-29,22856,2
PAY-50043,INV-25222,OMC-017,KAA Aviation,GB54HVSS04902787429671,2025-10-03,155255,1
PAY-58383,INV-36594,OMC-005,PetroOil Kenya,GB89GWUW86379402654235,15/03/2026,45846,1
PAY-17188,INV-65135,OMC-019,Tanzania Petroleum,GB59MHYN05766270289517,2025-03-30,166063,1
PAY-93200,INV-79556,OMC-004,Gulf Energy,GB89GWUW86379402654235,2026-05-19,168417,1
PAY-48292,INV-76900,OMC-001,TotalEnergies Kenya,GB06DMIO52553419283276,2025-11-05,50451,1
PAY-45309,INV-35158,OMC-018,Uganda National Oil,GB36RNCH17127484677378,2026-02-17," KES 19,575 ",1
PAY-24332,INV-75594,OMC-003,Rubis Energy,GB04LOQO13315098393010,2026-07-31,189709,1
PAY-41836,INV-88245,OMC-012,Galana Energies,GB89GWUW86379402654235,,55236,1
PAY-76136,INV-53963,OMC-014,Texol Energies,GB06ONXS45314737996507,2025-07-26,34257,2
PAY-35732,INV-40819,OMC-019,Tanzania Petroleum,GB59MHYN05766270289517,2026-07-02,32830,1
PAY-12470,INV-83624,OMC-009,Dalbit Petroleum,GB53VXXX35615951484656,2026-02-23," KES 266,435 ",1
PAY-78327,INV-97644,OMC-008,National Oil,GB08NAFX56342160733754,2025-10-25,165717,1
PAY-25927,INV-38077,OMC-016,KPA Marine,GB31MOOJ96499091334123,2025-08-01,111970,1
PAY-38595,INV-31721,OMC-001,TotalEnergies Kenya,GB06DMIO52553419283276,2026-04-06,199163,1
PAY-43777,INV-17593,OMC-020,Ethiopian Oil,GB14NSVZ22219693792374,2026-06-27,35951,1
PAY-75740,INV-84583,OMC-016,KPA Marine,GB31MOOJ96499091334123,2025-07-02,74674,1
PAY-52681,INV-77370,OMC-004,Gulf Energy,GB89GWUW86379402654235,2026-03-25,141067,2
PAY-40486,INV-75969,OMC-008,National Oil,GB08NAFX56342160733754,2026-04-27,51887,1
PAY-96020,INV-46988,OMC-008,National Oil,GB08NAFX56342160733754,2026-01-27," KES 35,739 ",1
PAY-98975,INV-27493,OMC-012,Galana Energies,GB89GWUW86379402654235,2026-05-17,63003,2
PAY-24544,INV-45706,OMC-002,Vivo Energy,GB45OQIR01845146270482,2025-02-26,196518,1
PAY-18702,INV-50444,OMC-003,Rubis Energy,GB04LOQO13315098393010,2025-12-13,46627,1
PAY-57420,INV-75660,OMC-016,KPA Marine,GB31MOOJ96499091334123,2025-12-28,53020,1
PAY-90653,INV-66314,OMC-006,Hashi Energy,GB05QCFC91361939909169,2026-05-09,51829,1
PAY-87987,INV-95795,OMC-010,Tamoil,GB34EABH79176936763201,2026-03-12,269796,1
PAY-49529,INV-38108,OMC-019,Tanzania Petroleum,GB59MHYN05766270289517,2025-07-08,248251,1
PAY-70507,INV-45724,OMC-015,Mombasa Petroleum,GB80WOIJ43135182337498,2026-04-20,239547,1
PAY-95089,INV-18418,OMC-020,Ethiopian Oil,GB14NSVZ22219693792374,2026-05-15,92162,1
PAY-37388,INV-59622,OMC-014,Texol Energies,GB06ONXS45314737996507,2025-12-13,221076,1
PAY-31819,INV-67542,OMC-004,Gulf Energy,GB89GWUW86379402654235,2026-05-23,100219,2
PAY-35721,INV-53018,OMC-018,Uganda National Oil,GB36RNCH17127484677378,2026-05-21,48109,2
PAY-43305,INV-50341,OMC-004,Gulf Energy,GB89GWUW86379402654235,2026-03-29,52537,2
PAY-53658,INV-16182,OMC-020,Ethiopian Oil,GB14NSVZ22219693792374,2025-06-27,22419,1
PAY-64389,INV-50198,OMC-015,Mombasa Petroleum,GB80WOIJ43135182337498,26/07/2026,182318,1
PAY-64969,INV-76354,OMC-017,KAA Aviation,GB54HVSS04902787429671,2026-07-16,122760,1
PAY-58560,INV-64150,OMC-014,Texol Energies,GB06ONXS45314737996507,2026-01-10,28351,2
PAY-58622,INV-43931,OMC-016,KPA Marine,GB31MOOJ96499091334123,2026-07-23,67590,2
PAY-36753,INV-90732,OMC-011,Hass Petroleum,GB56WGCN65876036690967,2025-04-28,257178,1
PAY-37716,INV-95527,OMC-008,National Oil,GB08NAFX56342160733754,2025-09-11,187090,1
PAY-92625,INV-96336,OMC-019,Tanzania Petroleum,GB59MHYN05766270289517,2026-01-27,66616,2
PAY-16298,INV-62973,OMC-012,Galana Energies,GB89GWUW86379402654235,2026-06-30,27733,2
PAY-76262,INV-70327,OMC-013,Lake Oil,GB88TEHE71937452991241,2026-01-05,50444,1
PAY-69022,INV-18465,OMC-019,Tanzania Petroleum,GB59MHYN05766270289517,2025-02-27,54553,1
PAY-72693,INV-32480,OMC-009,Dalbit Petroleum,GB53VXXX35615951484656,2025-05-27,87291,1
PAY-68715,INV-45405,OMC-018,Uganda National Oil,GB36RNCH17127484677378,2025-11-27,40425,1
PAY-39696,INV-99384,OMC-005,PetroOil Kenya,GB89GWUW86379402654235,2026-03-18,207887,1
PAY-98748,INV-73463,OMC-011,Hass Petroleum,GB56WGCN65876036690967,2025-12-03,254304,1
PAY-60535,INV-79790,OMC-001,TotalEnergies Kenya,GB06DMIO52553419283276,2025-10-13,127729,1
PAY-66878,INV-16283,OMC-018,Uganda National Oil,GB36RNCH17127484677378,2025-06-10,25189,1
PAY-82043,INV-13730,OMC-001,TotalEnergies Kenya,GB06DMIO52553419283276,,16994,1
PAY-78162,INV-25707,OMC-009,Dalbit Petroleum,GB53VXXX35615951484656,2026-02-23,178823,1
PAY-94918,INV-90271,OMC-006,Hashi Energy,GB05QCFC91361939909169,2026-05-28,165572,1
PAY-42969,INV-35031,OMC-009,Dalbit Petroleum,GB53VXXX35615951484656,2025-03-24,22509,1
PAY-75827,INV-74131,OMC-018,Uganda National Oil,GB36RNCH17127484677378,2025-07-21,147084,1
PAY-62668,INV-57454,OMC-012,Galana Energies,GB89GWUW86379402654235,26/05/2026,145506,1
PAY-42974,INV-80483,OMC-013,Lake Oil,GB88TEHE71937452991241,2025-02-02,29368,1
PAY-56515,INV-20708,OMC-017,KAA Aviation,GB54HVSS04902787429671,2025-06-07,134923,1
PAY-28070,INV-92693,OMC-013,Lake Oil,GB88TEHE71937452991241,2026-04-02,39883,1
PAY-63259,INV-66231,OMC-010,Tamoil,GB34EABH79176936763201,2025-04-03,269048,1
PAY-92822,INV-98190,OMC-012,Galana Energies,GB89GWUW86379402654235,2026-07-02,7888,2
PAY-85220,INV-53435,OMC-003,Rubis Energy,GB04LOQO13315098393010,2025-11-24,22651,2
PAY-80667,INV-46872,OMC-001,TotalEnergies Kenya,GB06DMIO52553419283276,2025-02-22,129629,1
PAY-37503,INV-94141,OMC-016,KPA Marine,GB31MOOJ96499091334123,2025-05-13,61995,1
PAY-47795,INV-51063,OMC-010,Tamoil,GB34EABH79176936763201,2025-04-08,260514,1
PAY-92139,INV-36168,OMC-016,KPA Marine,GB31MOOJ96499091334123,2025-09-29," KES 18,853 ",2
PAY-85153,INV-34650,OMC-016,KPA Marine,GB31MOOJ96499091334123,2025-05-26,4789,2
PAY-13061,INV-54556,OMC-004,Gulf Energy,GB89GWUW86379402654235,2026-03-31," KES 27,230 ",2
PAY-91657,INV-37230,OMC-018,Uganda National Oil,GB36RNCH17127484677378,,219495,1
PAY-89369,INV-94017,OMC-014,Texol Energies,GB06ONXS45314737996507,2025-05-21,158190,1
PAY-81884,INV-75460,OMC-005,PetroOil Kenya,GB89GWUW86379402654235,2026-05-20,100160,2
PAY-44477,INV-17853,OMC-001,TotalEnergies Kenya,GB06DMIO52553419283276,2026-04-02,15357,2
PAY-97045,INV-64704,OMC-008,National Oil,GB08NAFX56342160733754,2026-05-22,179392,1
PAY-74318,INV-70656,OMC-007,Kobil,GB37IDDX82449353487401,2025-09-26,199762,1
PAY-49332,INV-23240,OMC-017,KAA Aviation,GB54HVSS04902787429671,2026-06-30,200223,1
PAY-55507,INV-58748,OMC-003,Rubis Energy,GB04LOQO13315098393010,2025-11-16,33850,1
PAY-34449,INV-53466,OMC-014,Texol Energies,GB06ONXS45314737996507,2026-04-08,150417,1
PAY-23340,INV-18338,OMC-020,Ethiopian Oil,GB14NSVZ22219693792374,2025-03-26,174869,1
PAY-33650,INV-50314,OMC-010,Tamoil,GB34EABH79176936763201,2025-09-15,25227,1
PAY-64701,INV-20150,OMC-020,Ethiopian Oil,GB14NSVZ22219693792374,2025-08-23,59090,1
PAY-21825,INV-66215,OMC-002,Vivo Energy,GB45OQIR01845146270482,2026-04-09,99162,1
PAY-74990,INV-62199,OMC-007,Kobil,GB37IDDX82449353487401,2025-03-09,101719,1
PAY-56144,INV-37390,OMC-010,Tamoil,GB34EABH79176936763201,2026-01-04,148201,1
PAY-95624,INV-38063,OMC-001,TotalEnergies Kenya,GB06DMIO52553419283276,2026-08-02,147843,1
PAY-36714,INV-67007,OMC-010,Tamoil,GB34EABH79176936763201,2026-02-15,225994,1
PAY-80781,INV-72751,OMC-005,PetroOil Kenya,GB89GWUW86379402654235,2026-04-24,89464,2
PAY-14324,INV-74617,OMC-003,Rubis Energy,GB04LOQO13315098393010,2026-02-19,65261,2
PAY-77048,INV-29967,OMC-008,National Oil,GB08NAFX56342160733754,2025-10-29,227182,1
PAY-18171,INV-78092,OMC-013,Lake Oil,GB88TEHE71937452991241,2026-05-21,275417,1
PAY-49762,INV-55045,OMC-012,Galana Energies,GB89GWUW86379402654235,2026-06-23,8468,2
PAY-42017,INV-16897,OMC-017,KAA Aviation,GB54HVSS04902787429671,2026-01-03,36451,1
PAY-23421,INV-57792,OMC-010,Tamoil,GB34EABH79176936763201,2025-11-22,271313,1
PAY-60545,INV-93147,OMC-008,National Oil,GB08NAFX56342160733754,2025-07-02,183198,1
PAY-41172,INV-59712,OMC-001,TotalEnergies Kenya,GB06DMIO52553419283276,2026-03-20,35968,1
PAY-99723,INV-41186,OMC-019,Tanzania Petroleum,GB59MHYN05766270289517,2026-06-10,90254,1
PAY-16200,INV-87094,OMC-004,Gulf Energy,GB89GWUW86379402654235,2026-04-01,36217,1
PAY-63694,INV-92681,OMC-003,Rubis Energy,GB04LOQO13315098393010,2025-09-17,143311,1
PAY-67069,INV-93301,OMC-003,Rubis Energy,GB04LOQO13315098393010,2026-07-19,212030,1
PAY-82653,INV-74343,OMC-009,Dalbit Petroleum,GB53VXXX35615951484656,19/12/2025,91735,1
PAY-18047,INV-37008,OMC-004,Gulf Energy,GB89GWUW86379402654235,2026-05-03,16813,2
PAY-38027,INV-88231,OMC-020,Ethiopian Oil,GB14NSVZ22219693792374,2025-04-01,26636,1
PAY-33922,INV-20146,OMC-017,KAA Aviation,GB54HVSS04902787429671,2026-02-03,251795,1
PAY-48721,INV-72456,OMC-013,Lake Oil,GB88TEHE71937452991241,2026-01-10," KES 34,161 ",1
PAY-59881,INV-28241,OMC-020,Ethiopian Oil,GB14NSVZ22219693792374,2025-03-06,47260,1
PAY-46822,INV-84832,OMC-008,National Oil,GB08NAFX56342160733754,2026-04-02,21603,1
PAY-45779,INV-57098,OMC-018,Uganda National Oil,GB36RNCH17127484677378,2025-08-21,26804,1
PAY-53990,INV-91987,OMC-008,National Oil,GB08NAFX56342160733754,2026-08-08,142397,1
PAY-13035,INV-50353,OMC-004,Gulf Energy,GB89GWUW86379402654235,2026-06-01,55640,2
PAY-62419,INV-91656,OMC-012,Galana Energies,GB89GWUW86379402654235,2026-05-28,63208,1
PAY-22194,INV-30570,OMC-010,Tamoil,GB34EABH79176936763201,2025-06-24,93069,1
PAY-11220,INV-75114,OMC-014,Texol Energies,GB06ONXS45314737996507,2025-05-17," KES 41,241 ",1
PAY-43088,INV-77936,OMC-007,Kobil,GB37IDDX82449353487401,2025-12-15,41694,1
PAY-71729,INV-16654,OMC-016,KPA Marine,GB31MOOJ96499091334123,2025-04-05,28375,1
PAY-69717,INV-57279,OMC-008,National Oil,GB08NAFX56342160733754,2025-04-02,54925,1
PAY-75411,INV-63910,OMC-010,Tamoil,GB34EABH79176936763201,2026-01-29,47245,1
PAY-48389,INV-67698,OMC-006,Hashi Energy,GB05QCFC91361939909169,2025-06-06,23505,1
PAY-60743,INV-63753,OMC-019,Tanzania Petroleum,GB59MHYN05766270289517,2025-11-06,18758,1
PAY-71756,INV-57097,OMC-004,Gulf Energy,GB89GWUW86379402654235,2026-04-04,20712,2
PAY-78308,INV-50481,OMC-012,Galana Energies,GB89GWUW86379402654235,01/04/2026,18300,1
PAY-18382,INV-20150,OMC-020,Ethiopian Oil,GB14NSVZ22219693792374,2025-09-19,54195,2
PAY-63718,INV-44321,OMC-014,Texol Energies,GB06ONXS45314737996507,2025-08-17,168752,1
PAY-19330,INV-78232,OMC-017,KAA Aviation,GB54HVSS04902787429671,,130879,1
PAY-64358,INV-49465,OMC-018,Uganda National Oil,GB36RNCH17127484677378,2026-06-07,194881,1
PAY-42390,INV-76827,OMC-017,KAA Aviation,GB54HVSS04902787429671,03/10/2025,182793,1
PAY-24754,INV-45782,OMC-014,Texol Energies,GB06ONXS45314737996507,2026-07-26,48390,1
PAY-45470,INV-61973,OMC-009,Dalbit Petroleum,GB53VXXX35615951484656,2026-01-09,198531,1
PAY-85428,INV-47047,OMC-012,Galana Energies,GB89GWUW86379402654235,2026-03-21,116805,1
PAY-62302,INV-85131,OMC-006,Hashi Energy,GB05QCFC91361939909169,2025-11-17,210655,1
PAY-91823,INV-18802,OMC-006,Hashi Energy,GB05QCFC91361939909169,,43885,1
PAY-58499,INV-33216,OMC-015,Mombasa Petroleum,GB80WOIJ43135182337498,2025-05-16,44669,1
PAY-67141,INV-71250,OMC-015,Mombasa Petroleum,GB80WOIJ43135182337498,2025-09-16,117361,1
PAY-42494,INV-32166,OMC-011,Hass Petroleum,GB56WGCN65876036690967,2025-10-29,73340,2
PAY-83112,INV-43508,OMC-020,Ethiopian Oil,GB14NSVZ22219693792374,,117391,1
PAY-13373,INV-13836,OMC-001,TotalEnergies Kenya,GB06DMIO52553419283276,2026-07-29,102015,1
PAY-74217,INV-18090,OMC-004,Gulf Energy,GB89GWUW86379402654235,2026-03-25,79389,1
PAY-70867,INV-31462,OMC-014,Texol Energies,GB06ONXS45314737996507,2026-06-05,106710,1
PAY-32347,INV-13715,OMC-001,TotalEnergies Kenya,GB06DMIO52553419283276,2026-06-02,206491,1
PAY-97248,INV-94991,OMC-008,National Oil,GB08NAFX56342160733754,2025-02-25,26733,1
PAY-80784,INV-23364,OMC-001,TotalEnergies Kenya,GB06DMIO52553419283276,2025-07-30,239220,1
PAY-93285,INV-65033,OMC-019,Tanzania Petroleum,GB59MHYN05766270289517,2026-02-04,53987,1
PAY-67225,INV-71379,OMC-011,Hass Petroleum,GB56WGCN65876036690967,2026-05-24,43776,1
PAY-64995,INV-23814,OMC-010,Tamoil,GB34EABH79176936763201,2025-05-02,250343,1
PAY-97064,INV-77171,OMC-019,Tanzania Petroleum,GB59MHYN05766270289517,2025-04-06,48430,1
PAY-90874,INV-55603,OMC-005,PetroOil Kenya,GB89GWUW86379402654235,2026-04-16,156447,1
PAY-83859,INV-33849,OMC-012,Galana Energies,GB89GWUW86379402654235,2026-05-24,14488,2
PAY-96685,INV-91643,OMC-006,Hashi Energy,GB05QCFC91361939909169,2025-10-17,55940,1
PAY-19077,INV-93395,OMC-015,Mombasa Petroleum,GB80WOIJ43135182337498,2025-10-25,185045,1
PAY-31505,INV-70460,OMC-016,KPA Marine,GB31MOOJ96499091334123,2025-08-10,193025,1
PAY-65857,INV-33063,OMC-008,National Oil,GB08NAFX56342160733754,2026-02-12,266042,1
PAY-18921,INV-65727,OMC-011,Hass Petroleum,GB56WGCN65876036690967,2025-10-20,42055,1
PAY-47429,INV-68519,OMC-004,Gulf Energy,GB89GWUW86379402654235,2026-04-24,65269,2
PAY-34688,INV-63631,OMC-001,TotalEnergies Kenya,GB06DMIO52553419283276,2026-01-03,59192,1
PAY-70330,INV-41693,OMC-009,Dalbit Petroleum,GB53VXXX35615951484656,2025-11-18,25976,1
PAY-71920,INV-72381,OMC-017,KAA Aviation,GB54HVSS04902787429671,2025-08-27,20688,1
PAY-75306,INV-20795,OMC-004,Gulf Energy,GB89GWUW86379402654235,2026-06-20,13979,2
PAY-52570,INV-20077,OMC-012,Galana Energies,GB89GWUW86379402654235,2026-07-06,74119,2
PAY-89174,INV-98224,OMC-009,Dalbit Petroleum,GB53VXXX35615951484656,2025-03-16,181923,1
PAY-87943,INV-48311,OMC-005,PetroOil Kenya,GB89GWUW86379402654235,2026-02-23,115169,1
PAY-57091,INV-20727,OMC-004,Gulf Energy,GB89GWUW86379402654235,2026-03-22,21639,2
PAY-71985,INV-57648,OMC-018,Uganda National Oil,GB36RNCH17127484677378,2026-07-26,107789,1
PAY-79768,INV-85868,OMC-005,PetroOil Kenya,GB89GWUW86379402654235,2026-04-29,50072,2
PAY-16792,INV-82678,OMC-012,Galana Energies,GB89GWUW86379402654235,2026-04-24,85767,2
PAY-39363,INV-47331,OMC-002,Vivo Energy,GB45OQIR01845146270482,04/08/2025,22480,1
PAY-98354,INV-68465,OMC-020,Ethiopian Oil,GB14NSVZ22219693792374,2025-07-01,26024,1
PAY-42236,INV-45432,OMC-019,Tanzania Petroleum,GB59MHYN05766270289517,2026-06-01,122883,1
PAY-76271,INV-94914,OMC-005,PetroOil Kenya,GB89GWUW86379402654235,2026-04-24,270535,1
PAY-96333,INV-63500,OMC-005,PetroOil Kenya,GB89GWUW86379402654235,2026-05-28,109589,2
PAY-12568,INV-64890,OMC-010,Tamoil,GB34EABH79176936763201,2026-06-28," KES 160,932 ",1
PAY-96044,INV-28053,OMC-014,Texol Energies,GB06ONXS45314737996507,2025-04-19,7963,2
PAY-55079,INV-97705,OMC-001,TotalEnergies Kenya,GB06DMIO52553419283276,2025-08-21,17346,1
PAY-92279,INV-80144,OMC-006,Hashi Energy,GB05QCFC91361939909169,2025-07-19,57505,1
PAY-44777,INV-16943,OMC-015,Mombasa Petroleum,GB80WOIJ43135182337498,2026-03-09,117536,1
PAY-91249,INV-11159,OMC-007,Kobil,GB37IDDX82449353487401,2025-08-19,112643,1
PAY-70566,INV-41669,OMC-005,PetroOil Kenya,GB89GWUW86379402654235,2026-05-06,295477,1
PAY-72855,INV-75785,OMC-005,PetroOil Kenya,GB89GWUW86379402654235,2026-06-09,187969,1
PAY-79431,INV-56619,OMC-004,Gulf Energy,GB89GWUW86379402654235,2026-05-31,27814,1
PAY-89468,INV-90004,OMC-014,Texol Energies,GB06ONXS45314737996507,2025-07-25," KES 126,860 ",1
PAY-26022,INV-98764,OMC-013,Lake Oil,GB88TEHE71937452991241,2025-09-14,197408,1
PAY-51850,INV-67616,OMC-013,Lake Oil,GB88TEHE71937452991241,2025-07-10,234202,1
PAY-82693,INV-98430,OMC-008,National Oil,GB08NAFX56342160733754,2025-11-09,66781,2
PAY-99751,INV-97705,OMC-004,Gulf Energy,GB89GWUW86379402654235,2026-03-07,109645,1
PAY-47859,INV-31230,OMC-009,Dalbit Petroleum,GB53VXXX35615951484656,2025-03-07,190801,1
PAY-37376,INV-14586,OMC-017,KAA Aviation,GB54HVSS04902787429671,2026-05-25,33132,1
PAY-68414,INV-57056,OMC-020,Ethiopian Oil,GB14NSVZ22219693792374,2026-01-10,109354,1
PAY-83678,INV-90708,OMC-019,Tanzania Petroleum,GB59MHYN05766270289517,2025-04-04,131906,1
PAY-48464,INV-55437,OMC-003,Rubis Energy,GB04LOQO13315098393010,2025-10-13,54899,1
PAY-63231,INV-49128,OMC-014,Texol Energies,GB06ONXS45314737996507,2025-06-16,208035,1
PAY-35996,INV-60091,OMC-002,Vivo Energy,GB45OQIR01845146270482,2026-02-11,65217,1
PAY-34546,INV-63240,OMC-014,Texol Energies,GB06ONXS45314737996507,2026-05-02,12292,1
PAY-77492,INV-80607,OMC-017,KAA Aviation,GB54HVSS04902787429671,2025-04-26,58421,1
PAY-44072,INV-34602,OMC-007,Kobil,GB37IDDX82449353487401,2025-11-12,123169,1
PAY-64866,INV-93157,OMC-001,TotalEnergies Kenya,GB06DMIO52553419283276,2025-12-11,28967,2
PAY-48902,INV-67195,OMC-020,Ethiopian Oil,GB14NSVZ22219693792374,2025-12-11,104217,1
PAY-50561,INV-48091,OMC-010,Tamoil,GB34EABH79176936763201,2026-06-28,156977,1
PAY-89680,INV-96314,OMC-004,Gulf Energy,GB89GWUW86379402654235,2026-04-24,188379,1
PAY-66553,INV-20185,OMC-010,Tamoil,GB34EABH79176936763201,2026-08-11,58342,1
PAY-74452,INV-50379,OMC-020,Ethiopian Oil,GB14NSVZ22219693792374,2025-09-02,197831,1
PAY-23854,INV-54140,OMC-002,Vivo Energy,GB45OQIR01845146270482,2025-03-26,155199,1
PAY-63052,INV-57754,OMC-010,Tamoil,GB34EABH79176936763201,2025-05-23,22356,1
PAY-58326,INV-53571,OMC-006,Hashi Energy,GB05QCFC91361939909169,2026-02-16,47060,1
PAY-59912,INV-75984,OMC-015,Mombasa Petroleum,GB80WOIJ43135182337498,2025-01-27,204557,1
PAY-26867,INV-23254,OMC-013,Lake Oil,GB88TEHE71937452991241,2025-09-19,178519,1
PAY-66052,INV-43105,OMC-007,Kobil,GB37IDDX82449353487401,2026-06-18,105510,1
PAY-17270,INV-81085,OMC-007,Kobil,GB37IDDX82449353487401,2025-06-12," KES 190,038 ",1
PAY-87525,INV-77305,OMC-011,Hass Petroleum,GB56WGCN65876036690967,2025-03-04,178067,1
PAY-30385,INV-46779,OMC-014,Texol Energies,GB06ONXS45314737996507,2025-10-30,291176,1
PAY-11551,INV-53121,OMC-006,Hashi Energy,GB05QCFC91361939909169,2026-08-09,15963,2
PAY-35408,INV-19088,OMC-006,Hashi Energy,GB05QCFC91361939909169,2025-06-28,19773,2
PAY-31863,INV-33409,OMC-015,Mombasa Petroleum,GB80WOIJ43135182337498,2025-07-20,193780,1
PAY-37316,INV-11896,OMC-017,KAA Aviation,GB54HVSS04902787429671,13/12/2025,52620,1
PAY-78622,INV-36149,OMC-008,National Oil,GB08NAFX56342160733754,2025-06-18,51977,1
PAY-39441,INV-90732,OMC-007,Kobil,GB37IDDX82449353487401,2025-08-04,230904,1
PAY-81326,INV-15774,OMC-017,KAA Aviation,GB54HVSS04902787429671,2025-08-29,123250,1
PAY-98446,INV-55406,OMC-005,PetroOil Kenya,GB89GWUW86379402654235,2026-03-09,30921,1
PAY-88300,INV-59470,OMC-018,Uganda National Oil,GB36RNCH17127484677378,2025-06-25,38954,1
PAY-99149,INV-79065,OMC-009,Dalbit Petroleum,GB53VXXX35615951484656,2026-07-20,148255,2
PAY-96092,INV-52726,OMC-016,KPA Marine,GB31MOOJ96499091334123,2025-06-14,10071,2
PAY-96865,INV-64101,OMC-012,Galana Energies,GB89GWUW86379402654235,2026-05-15,196034,1
PAY-48651,INV-94317,OMC-012,Galana Energies,GB89GWUW86379402654235,2026-05-05,38318,1
PAY-69755,INV-97835,OMC-016,KPA Marine,GB31MOOJ96499091334123,2025-07-03,53913,1
PAY-12854,INV-45275,OMC-003,Rubis Energy,GB04LOQO13315098393010,2026-04-25,114975,1
PAY-71463,INV-22974,OMC-006,Hashi Energy,GB05QCFC91361939909169,2025-02-23,218480,1
PAY-16921,INV-34248,OMC-016,KPA Marine,GB31MOOJ96499091334123,2025-06-22,181097,1
PAY-74399,INV-78237,OMC-009,Dalbit Petroleum,GB53VXXX35615951484656,2025-12-23,30146,2
PAY-32778,INV-76797,OMC-017,KAA Aviation,GB54HVSS04902787429671,2025-09-15,219344,1
PAY-96315,INV-83653,OMC-008,National Oil,GB08NAFX56342160733754,2026-01-25,21464,2
PAY-26020,INV-60252,OMC-007,Kobil,GB37IDDX82449353487401,24/03/2026,42980,1
PAY-45877,INV-32046,OMC-013,Lake Oil,GB88TEHE71937452991241,2025-02-25,129571,1
PAY-62749,INV-12144,OMC-008,National Oil,GB08NAFX56342160733754,07/09/2025,186547,1
PAY-43239,INV-43142,OMC-001,TotalEnergies Kenya,GB06DMIO52553419283276,2026-03-05,53986,1
PAY-96621,INV-29882,OMC-004,Gulf Energy,GB89GWUW86379402654235,2026-05-03,35494,1
PAY-17926,INV-13926,OMC-013,Lake Oil,GB88TEHE71937452991241,2025-04-13,184149,1
PAY-62266,INV-37671,OMC-006,Hashi Energy,GB05QCFC91361939909169,2025-09-24,190305,1
PAY-26343,INV-48190,OMC-006,Hashi Energy,GB05QCFC91361939909169,2025-09-16,33484,2
PAY-72933,INV-34544,OMC-019,Tanzania Petroleum,GB59MHYN05766270289517,2025-08-02,21117,1
PAY-14486,INV-77176,OMC-008,National Oil,GB08NAFX56342160733754,2026-08-03,199635,1
PAY-35620,INV-93254,OMC-010,Tamoil,GB34EABH79176936763201,2025-11-16,36543,1
PAY-80641,INV-97537,OMC-014,Texol Energies,GB06ONXS45314737996507,2025-05-17,22464,1
PAY-49202,INV-24821,OMC-017,KAA Aviation,GB54HVSS04902787429671,30/10/2025,21522,1
PAY-58711,INV-32206,OMC-008,National Oil,GB08NAFX56342160733754,2025-11-11,261471,1
PAY-93165,INV-99410,OMC-011,Hass Petroleum,GB56WGCN65876036690967,2026-08-22,192546,1
PAY-43072,INV-57646,OMC-013,Lake Oil,GB88TEHE71937452991241,2025-10-09," KES 215,608 ",1
PAY-81996,INV-13938,OMC-001,TotalEnergies Kenya,GB06DMIO52553419283276,2026-08-07,135705,1
PAY-37333,INV-52969,OMC-006,Hashi Energy,GB05QCFC91361939909169,01/07/2025,33582,1
PAY-42605,INV-84817,OMC-017,KAA Aviation,GB54HVSS04902787429671,2025-06-27,34884,1
PAY-17272,INV-44531,OMC-011,Hass Petroleum,GB56WGCN65876036690967,2025-07-22,71058,1
PAY-65614,INV-54383,OMC-008,National Oil,GB08NAFX56342160733754,2025-03-24,161600,1
PAY-65898,INV-41488,OMC-005,PetroOil Kenya,GB89GWUW86379402654235,2026-04-30,131128,1
PAY-40580,INV-35343,OMC-008,National Oil,GB08NAFX56342160733754,2026-05-16," KES 58,987 ",1
PAY-17207,INV-64941,OMC-015,Mombasa Petroleum,GB80WOIJ43135182337498,2025-09-12,208127,1
PAY-25217,INV-67130,OMC-016,KPA Marine,GB31MOOJ96499091334123,01/11/2025,45926,2
PAY-41962,INV-87550,OMC-012,Galana Energies,GB89GWUW86379402654235,2026-06-19,25788,2
PAY-18192,INV-51465,OMC-008,National Oil,GB08NAFX56342160733754,2025-12-10,121248,1
PAY-16216,INV-45798,OMC-018,Uganda National Oil,GB36RNCH17127484677378,2025-09-17,55360,1
PAY-11115,INV-54267,OMC-004,Gulf Energy,GB89GWUW86379402654235,2026-05-25,104570,1
PAY-99546,INV-40181,OMC-020,Ethiopian Oil,GB14NSVZ22219693792374,2025-10-02,24238,1
PAY-22105,INV-29689,OMC-014,Texol Energies,GB06ONXS45314737996507,2026-06-12,255613,1
PAY-79439,INV-15661,OMC-019,Tanzania Petroleum,GB59MHYN05766270289517,2026-07-16,123595,1
PAY-92756,INV-56464,OMC-017,KAA Aviation,GB54HVSS04902787429671,2026-01-24,165786,1
PAY-77014,INV-69261,OMC-001,TotalEnergies Kenya,GB06DMIO52553419283276,2026-03-10,30380,1
PAY-22655,INV-91656,OMC-012,Galana Energies,GB89GWUW86379402654235,2026-06-12,18455,2
PAY-33994,INV-80679,OMC-003,Rubis Energy,GB04LOQO13315098393010,2026-02-09,31379,1
PAY-48931,INV-89988,OMC-017,KAA Aviation,GB54HVSS04902787429671,2025-12-21,236599,1
PAY-84554,INV-91322,OMC-015,Mombasa Petroleum,GB80WOIJ43135182337498,2026-05-31,239626,1
PAY-37236,INV-77636,OMC-004,Gulf Energy,GB89GWUW86379402654235,2026-04-27,10152,2
PAY-91414,INV-29781,OMC-017,KAA Aviation,GB54HVSS04902787429671,2025-11-08,29387,1
PAY-41019,INV-18814,OMC-019,Tanzania Petroleum,GB59MHYN05766270289517,2026-06-02,250103,1
PAY-30629,INV-78226,OMC-014,Texol Energies,GB06ONXS45314737996507,2025-06-25,29931,1
PAY-82047,INV-94660,OMC-010,Tamoil,GB34EABH79176936763201,2026-06-14,38975,1
PAY-75989,INV-66612,OMC-003,Rubis Energy,GB04LOQO13315098393010,2026-06-01,25153,1
PAY-91092,INV-65448,OMC-011,Hass Petroleum,GB56WGCN65876036690967,,172323,1
PAY-35359,INV-86096,OMC-017,KAA Aviation,GB54HVSS04902787429671,2025-08-07,27391,1
PAY-28171,INV-15721,OMC-002,Vivo Energy,GB45OQIR01845146270482,2026-05-11,106256,1
PAY-41935,INV-61045,OMC-002,Vivo Energy,GB45OQIR01845146270482,2025-11-13,165743,1
PAY-74244,INV-36420,OMC-004,Gulf Energy,GB89GWUW86379402654235,2026-06-13," KES 145,313 ",1
PAY-46607,INV-29556,OMC-014,Texol Energies,GB06ONXS45314737996507,2026-06-18,195455,1
PAY-25362,INV-97653,OMC-015,Mombasa Petroleum,GB80WOIJ43135182337498,2025-12-26,235047,1
PAY-30955,INV-75940,OMC-004,Gulf Energy,GB89GWUW86379402654235,2026-04-01,192006,1
PAY-33531,INV-55295,OMC-012,Galana Energies,GB89GWUW86379402654235,2026-04-03,10729,2
PAY-20244,INV-60179,OMC-018,Uganda National Oil,GB36RNCH17127484677378,2026-03-29,232756,1
PAY-57166,INV-36838,OMC-016,KPA Marine,GB31MOOJ96499091334123,2025-07-18,38065,1
PAY-60123,INV-49475,OMC-018,Uganda National Oil,GB36RNCH17127484677378,2026-04-30,58817,1
PAY-50351,INV-79218,OMC-002,Vivo Energy,GB45OQIR01845146270482,2026-06-07,60975,1
PAY-27946,INV-87987,OMC-005,PetroOil Kenya,GB89GWUW86379402654235,2026-04-27,19116,1
PAY-38584,INV-96616,OMC-008,National Oil,GB08NAFX56342160733754,2025-03-15,192204,1
PAY-94767,INV-25385,OMC-020,Ethiopian Oil,GB14NSVZ22219693792374,10/04/2025,51833,1
PAY-82789,INV-55048,OMC-003,Rubis Energy,GB04LOQO13315098393010,2026-05-03,78553,2
PAY-86047,INV-34434,OMC-019,Tanzania Petroleum,GB59MHYN05766270289517,2025-07-03,48566,1
PAY-29602,INV-77189,OMC-020,Ethiopian Oil,GB14NSVZ22219693792374,30/03/2025," KES 147,795 ",1
PAY-10031,INV-39428,OMC-017,KAA Aviation,GB54HVSS04902787429671,2025-11-28,41950,1
PAY-45609,INV-16970,OMC-003,Rubis Energy,GB04LOQO13315098393010,2026-01-10,42886,1
PAY-15559,INV-10772,OMC-003,Rubis Energy,GB04LOQO13315098393010,2026-06-18,56911,1
PAY-63610,INV-85925,OMC-010,Tamoil,GB34EABH79176936763201,2025-12-11,57539,1
PAY-86250,INV-71478,OMC-009,Dalbit Petroleum,GB53VXXX35615951484656,2026-05-01,100584,2
PAY-47059,INV-10594,OMC-002,Vivo Energy,GB45OQIR01845146270482,2026-02-08,207872,1
PAY-18786,INV-52893,OMC-001,TotalEnergies Kenya,GB06DMIO52553419283276,2025-04-10,56193,2
PAY-22328,INV-67670,OMC-001,TotalEnergies Kenya,GB06DMIO52553419283276,2025-09-03,37369,1
PAY-86981,INV-64685,OMC-005,PetroOil Kenya,GB89GWUW86379402654235,2026-04-01,26634,2
PAY-33770,INV-32440,OMC-013,Lake Oil,GB88TEHE71937452991241,2025-02-23,239452,1
PAY-32705,INV-82044,OMC-015,Mombasa Petroleum,GB80WOIJ43135182337498,2025-04-02,21822,1
PAY-79713,INV-12878,OMC-003,Rubis Energy,GB04LOQO13315098393010,2026-02-08,48326,1
PAY-19294,INV-72298,OMC-006,Hashi Energy,GB05QCFC91361939909169,2025-08-29,49019,2
PAY-73628,INV-44493,OMC-015,Mombasa Petroleum,GB80WOIJ43135182337498,,178996,1
PAY-92375,INV-82557,OMC-002,Vivo Energy,GB45OQIR01845146270482,2025-12-11,86642,1
PAY-12787,INV-74726,OMC-002,Vivo Energy,GB45OQIR01845146270482,2026-01-16,263830,1
PAY-29303,INV-35119,OMC-006,Hashi Energy,GB05QCFC91361939909169,2025-05-06,25487,1
PAY-83600,INV-74976,OMC-009,Dalbit Petroleum,GB53VXXX35615951484656,2026-08-03,112017,1
PAY-13840,INV-27493,OMC-012,Galana Energies,GB89GWUW86379402654235,2026-04-21,125940,1
PAY-88526,INV-69343,OMC-007,Kobil,GB37IDDX82449353487401,2026-04-02,25527,1
PAY-26722,INV-35270,OMC-004,Gulf Energy,GB89GWUW86379402654235,,17704,1
PAY-19656,INV-34597,OMC-016,KPA Marine,GB31MOOJ96499091334123,2025-04-02,39822,1
PAY-25243,INV-23388,OMC-008,National Oil,GB08NAFX56342160733754,2025-11-08,21416,1
PAY-13915,INV-87404,OMC-009,Dalbit Petroleum,GB53VXXX35615951484656,2025-10-13,28734,1
PAY-12181,INV-53836,OMC-007,Kobil,GB37IDDX82449353487401,," KES 268,952 ",1
PAY-91750,INV-67920,OMC-018,Uganda National Oil,GB36RNCH17127484677378,2026-05-27,32514,1
PAY-89857,INV-71048,OMC-019,Tanzania Petroleum,GB59MHYN05766270289517,2025-10-09,45447,1
PAY-44044,INV-22405,OMC-013,Lake Oil,GB88TEHE71937452991241,2026-03-12,52889,1
PAY-75795,INV-37308,OMC-015,Mombasa Petroleum,GB80WOIJ43135182337498,2025-04-30,199193,1
PAY-47223,INV-78874,OMC-003,Rubis Energy,GB04LOQO13315098393010,2026-01-08,60135,1
PAY-46386,INV-99100,OMC-017,KAA Aviation,GB54HVSS04902787429671,2025-04-18,148247,1
PAY-95646,INV-78470,OMC-017,KAA Aviation,GB54HVSS04902787429671,2026-06-04,54581,1
PAY-75339,INV-95338,OMC-001,TotalEnergies Kenya,GB06DMIO52553419283276,,73031,2
PAY-25570,INV-36529,OMC-001,TotalEnergies Kenya,GB06DMIO52553419283276,2025-12-04,47735,2
PAY-31687,INV-34631,OMC-012,Galana Energies,GB89GWUW86379402654235,2026-03-28,93129,1
PAY-82331,INV-57647,OMC-017,KAA Aviation,GB54HVSS04902787429671,2025-10-24,28585,1
PAY-50271,INV-17925,OMC-006,Hashi Energy,GB05QCFC91361939909169,2026-03-13,108322,1
PAY-43465,INV-89796,OMC-004,Gulf Energy,GB89GWUW86379402654235,2026-04-11,96828,1
PAY-25567,INV-88127,OMC-010,Tamoil,GB34EABH79176936763201,2025-10-06,50056,1
PAY-67553,INV-98583,OMC-020,Ethiopian Oil,GB14NSVZ22219693792374,2026-04-26,44017,1
PAY-43556,INV-98020,OMC-004,Gulf Energy,GB89GWUW86379402654235,2026-05-09,67585,2
PAY-10557,INV-98919,OMC-008,National Oil,GB08NAFX56342160733754,2026-03-17,28352,1
PAY-86190,INV-18090,OMC-004,Gulf Energy,GB89GWUW86379402654235,2026-04-16,27591,2
PAY-28576,INV-48561,OMC-014,Texol Energies,GB06ONXS45314737996507,12/07/2025,106027,2
PAY-10737,INV-64526,OMC-010,Tamoil,GB34EABH79176936763201,2025-08-30,79313,1
PAY-77550,INV-46326,OMC-016,KPA Marine,GB31MOOJ96499091334123,2026-07-26,80561,2
PAY-92067,INV-90065,OMC-014,Texol Energies,GB06ONXS45314737996507,2025-06-15,72068,2
PAY-75542,INV-40388,OMC-012,Galana Energies,GB89GWUW86379402654235,2026-06-11,37671,1
PAY-96586,INV-82016,OMC-012,Galana Energies,GB89GWUW86379402654235,08/06/2026,14998,2
PAY-59212,INV-10858,OMC-012,Galana Energies,GB89GWUW86379402654235,2026-05-16,17177,1
PAY-52869,INV-84968,OMC-013,Lake Oil,GB88TEHE71937452991241,2026-06-08,257853,1
PAY-90992,INV-49795,OMC-016,KPA Marine,GB31MOOJ96499091334123,2025-10-04,97708,1
PAY-90742,INV-77636,OMC-004,Gulf Energy,GB89GWUW86379402654235,2026-04-06,14553,1
PAY-97535,INV-47132,OMC-005,PetroOil Kenya,GB89GWUW86379402654235,2026-05-12,110522,1
PAY-79647,INV-91151,OMC-019,Tanzania Petroleum,GB59MHYN05766270289517,2026-03-20,23073,1
PAY-58361,INV-11319,OMC-018,Uganda National Oil,GB36RNCH17127484677378,2025-09-10,187395,1
PAY-61693,INV-60229,OMC-012,Galana Energies,GB89GWUW86379402654235,2026-04-06,65999,1
PAY-37097,INV-18340,OMC-010,Tamoil,GB34EABH79176936763201,2026-03-08,120886,1
PAY-89625,INV-44289,OMC-008,National Oil,GB08NAFX56342160733754,2026-03-09,56997,1
PAY-56752,INV-12105,OMC-013,Lake Oil,GB88TEHE71937452991241,2025-11-16,101146,1
PAY-32404,INV-28652,OMC-010,Tamoil,GB34EABH79176936763201,2026-03-18,119639,1
PAY-71607,INV-59634,OMC-007,Kobil,GB37IDDX82449353487401,2025-03-13,17946,1
PAY-49137,INV-39012,OMC-007,Kobil,GB37IDDX82449353487401,2025-08-24,38211,1
PAY-96967,INV-58119,OMC-003,Rubis Energy,GB04LOQO13315098393010,2025-08-28,156605,1
PAY-77954,INV-51703,OMC-001,TotalEnergies Kenya,GB06DMIO52553419283276,2026-07-25,15102,2
PAY-32948,INV-14433,OMC-012,Galana Energies,GB89GWUW86379402654235,2026-05-29,75429,2
PAY-90156,INV-82091,OMC-012,Galana Energies,GB89GWUW86379402654235,2026-04-24,186978,1
PAY-17075,INV-64082,OMC-012,Galana Energies,GB89GWUW86379402654235,2026-04-06,185411,1
PAY-20142,INV-82575,OMC-016,KPA Marine,GB31MOOJ96499091334123,2025-03-13,30640,1
PAY-22916,INV-34105,OMC-009,Dalbit Petroleum,GB53VXXX35615951484656,2025-08-22,17165,1
PAY-48981,INV-91962,OMC-017,KAA Aviation,GB54HVSS04902787429671,28/09/2025,203386,1
PAY-23497,INV-44744,OMC-003,Rubis Energy,GB04LOQO13315098393010,2025-12-28,109285,1
PAY-91249,INV-50456,OMC-001,TotalEnergies Kenya,GB06DMIO52553419283276,2025-11-05,204644,1
PAY-32110,INV-48561,OMC-014,Texol Energies,GB06ONXS45314737996507,2025-06-14,180308,1
PAY-30585,INV-81578,OMC-001,TotalEnergies Kenya,GB06DMIO52553419283276,2025-04-25," KES 20,383 ",1
PAY-10228,INV-22877,OMC-015,Mombasa Petroleum,GB80WOIJ43135182337498,2026-07-28,170423,1
PAY-98140,INV-26439,OMC-002,Vivo Energy,GB45OQIR01845146270482,2026-08-12,121038,1
PAY-36706,INV-94137,OMC-001,TotalEnergies Kenya,GB06DMIO52553419283276,06/06/2026,100764,1
PAY-96050,INV-93364,OMC-018,Uganda National Oil,GB36RNCH17127484677378,2026-01-03,290575,1
PAY-27262,INV-85751,OMC-007,Kobil,GB37IDDX82449353487401,2025-12-10,20207,1
PAY-54952,INV-88889,OMC-017,KAA Aviation,GB54HVSS04902787429671,2025-07-23,44014,1
PAY-99107,INV-31481,OMC-011,Hass Petroleum,GB56WGCN65876036690967,2025-09-05,271709,1
PAY-74148,INV-44297,OMC-015,Mombasa Petroleum,GB80WOIJ43135182337498,2025-12-04,109630,1
PAY-33510,INV-29047,OMC-019,Tanzania Petroleum,GB59MHYN05766270289517,2025-09-18,162899,1
PAY-93681,INV-59180,OMC-013,Lake Oil,GB88TEHE71937452991241,2025-12-29,218460,1
PAY-56452,INV-79855,OMC-014,Texol Energies,GB06ONXS45314737996507,2025-08-12,171456,1
PAY-43921,INV-60503,OMC-001,TotalEnergies Kenya,GB06DMIO52553419283276,2026-04-01,56864,1
PAY-88808,INV-17371,OMC-011,Hass Petroleum,GB56WGCN65876036690967,2025-05-17,26143,1
PAY-31942,INV-59972,OMC-019,Tanzania Petroleum,GB59MHYN05766270289517,19/07/2026," KES 230,399 ",1
PAY-25135,INV-59667,OMC-010,Tamoil,GB34EABH79176936763201,2026-06-20,277710,1
PAY-70364,INV-19473,OMC-006,Hashi Energy,GB05QCFC91361939909169,2025-05-31,22945,1
PAY-62444,INV-50421,OMC-002,Vivo Energy,GB45OQIR01845146270482,2025-04-02,46809,1
PAY-65227,INV-91738,OMC-015,Mombasa Petroleum,GB80WOIJ43135182337498,2025-04-08,51562,1
PAY-12366,INV-66596,OMC-016,KPA Marine,GB31MOOJ96499091334123,2026-05-05,21635,2
PAY-93698,INV-27038,OMC-009,Dalbit Petroleum,GB53VXXX35615951484656,2026-02-07,167723,1
PAY-30892,INV-93585,OMC-013,Lake Oil,GB88TEHE71937452991241,2026-04-22,161453,1
PAY-12235,INV-38973,OMC-009,Dalbit Petroleum,GB53VXXX35615951484656,2025-11-21,49563,1
PAY-27632,INV-37814,OMC-019,Tanzania Petroleum,GB59MHYN05766270289517,2025-09-08,184659,1
PAY-30519,INV-33713,OMC-006,Hashi Energy,GB05QCFC91361939909169,2025-09-05,210905,1
PAY-75105,INV-96307,OMC-006,Hashi Energy,GB05QCFC91361939909169,2026-01-20,119684,1
PAY-34751,INV-87645,OMC-005,PetroOil Kenya,GB89GWUW86379402654235,17/06/2026,13813,2
PAY-93468,INV-68602,OMC-011,Hass Petroleum,GB56WGCN65876036690967,21/10/2025,242626,1
PAY-23682,INV-97779,OMC-015,Mombasa Petroleum,GB80WOIJ43135182337498,2025-11-06,118271,1
PAY-41835,INV-35920,OMC-019,Tanzania Petroleum,GB59MHYN05766270289517,2026-04-26,141643,1
PAY-54685,INV-83514,OMC-016,KPA Marine,GB31MOOJ96499091334123,2026-06-24,148602,1
PAY-86696,INV-43078,OMC-004,Gulf Energy,GB89GWUW86379402654235,2026-05-23,18071,2
PAY-30119,INV-58931,OMC-013,Lake Oil,GB88TEHE71937452991241,2026-06-15,114995,1
PAY-85405,INV-24435,OMC-002,Vivo Energy,GB45OQIR01845146270482,2026-03-06,269176,1
PAY-92705,INV-88093,OMC-006,Hashi Energy,GB05QCFC91361939909169,2026-02-23,232001,1
PAY-55645,INV-84806,OMC-005,PetroOil Kenya,GB89GWUW86379402654235,2026-04-24,121327,1
PAY-93144,INV-66713,OMC-011,Hass Petroleum,GB56WGCN65876036690967,2026-01-10,142602,1
PAY-34919,INV-53555,OMC-011,Hass Petroleum,GB56WGCN65876036690967,2025-06-14,232235,1
PAY-23526,INV-38741,OMC-013,Lake Oil,GB88TEHE71937452991241,2025-09-19,41389,1
PAY-62194,INV-14248,OMC-004,Gulf Energy,GB89GWUW86379402654235,2026-04-12,83765,1
PAY-36423,INV-98919,OMC-008,National Oil,GB08NAFX56342160733754,2026-04-01,24260,2
PAY-35855,INV-80767,OMC-011,Hass Petroleum,GB56WGCN65876036690967,2026-03-15,204911,1
PAY-77042,INV-74036,OMC-017,KAA Aviation,GB54HVSS04902787429671,,216661,1
PAY-66293,INV-93185,OMC-014,Texol Energies,GB06ONXS45314737996507,2026-05-06,15066,2
PAY-72014,INV-50224,OMC-013,Lake Oil,GB88TEHE71937452991241,2025-02-22,52893,1
PAY-44958,INV-83365,OMC-011,Hass Petroleum,GB56WGCN65876036690967,2025-10-26," KES 207,387 ",1
PAY-25645,INV-40028,OMC-005,PetroOil Kenya,GB89GWUW86379402654235,2026-04-04,24789,1
PAY-46235,INV-82177,OMC-015,Mombasa Petroleum,GB80WOIJ43135182337498,2025-09-29,153548,1
PAY-72472,INV-89870,OMC-017,KAA Aviation,GB54HVSS04902787429671,2026-01-15,286409,1
PAY-46640,INV-91790,OMC-002,Vivo Energy,GB45OQIR01845146270482,2026-06-28,64617,1
PAY-10299,INV-98356,OMC-008,National Oil,GB08NAFX56342160733754,2025-08-14,165908,1
PAY-97096,INV-59339,OMC-005,PetroOil Kenya,GB89GWUW86379402654235,2026-04-28,15205,2
PAY-39338,INV-98141,OMC-009,Dalbit Petroleum,GB53VXXX35615951484656,2025-04-09,48487,1
PAY-26321,INV-30685,OMC-007,Kobil,GB37IDDX82449353487401,2025-06-12,105375,1
PAY-83590,INV-40085,OMC-013,Lake Oil,GB88TEHE71937452991241,2026-05-27," KES 152,351 ",1
PAY-24375,INV-17772,OMC-017,KAA Aviation,GB54HVSS04902787429671,2025-10-17,203205,1
PAY-35080,INV-85723,OMC-004,Gulf Energy,GB89GWUW86379402654235,2026-05-14,124424,1
PAY-65974,INV-73679,OMC-010,Tamoil,GB34EABH79176936763201,2025-06-27,25659,1
PAY-12793,INV-39759,OMC-018,Uganda National Oil,GB36RNCH17127484677378,2025-11-13,137946,1
PAY-66690,INV-57715,OMC-002,Vivo Energy,GB45OQIR01845146270482,2026-05-10,32484,1
PAY-87517,INV-57525,OMC-019,Tanzania Petroleum,GB59MHYN05766270289517,2025-07-05,263423,1
PAY-66404,INV-58148,OMC-010,Tamoil,GB34EABH79176936763201,2026-03-31,138307,1
PAY-85588,INV-60595,OMC-008,National Oil,GB08NAFX56342160733754,2026-01-11," KES 53,135 ",1
PAY-58939,INV-15473,OMC-013,Lake Oil,GB88TEHE71937452991241,2025-08-13,268818,1
PAY-33347,INV-56482,OMC-003,Rubis Energy,GB04LOQO13315098393010,2026-02-22,183984,1
PAY-51623,INV-23244,OMC-020,Ethiopian Oil,GB14NSVZ22219693792374,2026-03-30,162234,1
PAY-49121,INV-51618,OMC-019,Tanzania Petroleum,GB59MHYN05766270289517,2026-07-05,48160,1
PAY-72107,INV-84007,OMC-019,Tanzania Petroleum,GB59MHYN05766270289517,2025-10-18,37878,1
PAY-23685,INV-17718,OMC-017,KAA Aviation,GB54HVSS04902787429671,2025-03-20,29727,1
PAY-62573,INV-59149,OMC-011,Hass Petroleum,GB56WGCN65876036690967,2025-09-06,175807,1
PAY-49558,INV-69135,OMC-008,National Oil,GB08NAFX56342160733754,2026-07-16,57740,1
PAY-76742,INV-36543,OMC-019,Tanzania Petroleum,GB59MHYN05766270289517,2025-06-25,21245,2
PAY-79035,INV-45182,OMC-001,TotalEnergies Kenya,GB06DMIO52553419283276,2026-06-04,234752,1
PAY-55257,INV-18701,OMC-010,Tamoil,GB34EABH79176936763201,2026-02-06,117683,1
PAY-88785,INV-95510,OMC-017,KAA Aviation,GB54HVSS04902787429671,2025-04-04,266929,1
PAY-34618,INV-40626,OMC-004,Gulf Energy,GB89GWUW86379402654235,2026-05-18,35140,1
PAY-91721,INV-21078,OMC-009,Dalbit Petroleum,GB53VXXX35615951484656,2025-09-08,7074,2
PAY-62706,INV-62775,OMC-004,Gulf Energy,GB89GWUW86379402654235,2026-04-18,40442,1
PAY-11132,INV-53537,OMC-017,KAA Aviation,GB54HVSS04902787429671,2026-01-11,186850,1
PAY-46189,INV-19902,OMC-006,Hashi Energy,GB05QCFC91361939909169,2025-08-15,13061,2
PAY-30025,INV-51689,OMC-002,Vivo Energy,GB45OQIR01845146270482,2025-04-23,179611,1
PAY-11077,INV-65293,OMC-016,KPA Marine,GB31MOOJ96499091334123,2025-11-11,31193,2
PAY-41109,INV-13290,OMC-014,Texol Energies,GB06ONXS45314737996507,2025-05-26,9475,2
PAY-90581,INV-84478,OMC-006,Hashi Energy,GB05QCFC91361939909169,2026-03-17,42747,1
PAY-69685,INV-27022,OMC-008,National Oil,GB08NAFX56342160733754,2025-04-24,182917,1
PAY-90202,INV-12800,OMC-020,Ethiopian Oil,GB14NSVZ22219693792374,2025-05-25,188695,1
PAY-83092,INV-24072,OMC-019,Tanzania Petroleum,GB59MHYN05766270289517,2025-04-20,249444,1
PAY-21224,INV-22052,OMC-019,Tanzania Petroleum,GB59MHYN05766270289517,08/09/2025,34738,1
PAY-56971,INV-27848,OMC-014,Texol Energies,GB06ONXS45314737996507,2026-05-11,23432,2
PAY-48200,INV-80116,OMC-003,Rubis Energy,GB04LOQO13315098393010,2025-09-05,270970,1
PAY-79952,INV-52581,OMC-016,KPA Marine,GB31MOOJ96499091334123,2025-05-29,53857,1
PAY-34666,INV-47539,OMC-017,KAA Aviation,GB54HVSS04902787429671,2026-01-08,31365,1
PAY-47543,INV-71570,OMC-003,Rubis Energy,GB04LOQO13315098393010,2025-07-17,8377,2
PAY-25598,INV-14070,OMC-002,Vivo Energy,GB45OQIR01845146270482,2025-04-12,37326,1
PAY-87162,INV-74067,OMC-010,Tamoil,GB34EABH79176936763201,24/04/2026,158435,1
PAY-99769,INV-79824,OMC-002,Vivo Energy,GB45OQIR01845146270482,2026-04-15,34185,1
PAY-80139,INV-29913,OMC-012,Galana Energies,GB89GWUW86379402654235,2026-04-28,17672,2
PAY-53812,INV-28322,OMC-007,Kobil,GB37IDDX82449353487401,2025-08-17,271198,1
PAY-10304,INV-98237,OMC-018,Uganda National Oil,GB36RNCH17127484677378,2025-07-21,165774,1
PAY-19627,INV-54658,OMC-018,Uganda National Oil,GB36RNCH17127484677378,2026-07-07,144981,1
PAY-47827,INV-87390,OMC-014,Texol Energies,GB06ONXS45314737996507,2025-12-24,22629,1
PAY-57763,INV-22122,OMC-006,Hashi Energy,GB05QCFC91361939909169,2025-03-23,43960,1
PAY-95344,INV-23483,OMC-012,Galana Energies,GB89GWUW86379402654235,2026-06-10,39332,1
PAY-85269,INV-31504,OMC-007,Kobil,GB37IDDX82449353487401,2025-07-11,94304,1
PAY-49886,INV-63483,OMC-001,TotalEnergies Kenya,GB06DMIO52553419283276,26/01/2026,58119,1
PAY-91641,INV-24443,OMC-006,Hashi Energy,GB05QCFC91361939909169,2026-03-09,100828,2
PAY-78830,INV-68756,OMC-006,Hashi Energy,GB05QCFC91361939909169,2026-06-18,212851,1
PAY-27357,INV-92844,OMC-011,Hass Petroleum,GB56WGCN65876036690967,2025-09-27,125786,1
PAY-49988,INV-71184,OMC-014,Texol Energies,GB06ONXS45314737996507,2026-06-26,28054,1
PAY-31641,INV-26921,OMC-017,KAA Aviation,GB54HVSS04902787429671,2025-03-23,89792,1
PAY-45984,INV-52996,OMC-020,Ethiopian Oil,GB14NSVZ22219693792374,2025-05-28,12653,2
PAY-49006,INV-88059,OMC-007,Kobil,GB37IDDX82449353487401,2026-02-24,102837,1
PAY-22016,INV-90775,OMC-016,KPA Marine,GB31MOOJ96499091334123,2026-06-30,251966,1
PAY-51488,INV-75577,OMC-010,Tamoil,GB34EABH79176936763201,2025-09-22,74871,1
PAY-87389,INV-69091,OMC-007,Kobil,GB37IDDX82449353487401,2026-08-08,188980,1
PAY-11937,INV-57805,OMC-002,Vivo Energy,GB45OQIR01845146270482,2025-12-24," KES 130,616 ",1
PAY-29577,INV-97988,OMC-006,Hashi Energy,GB05QCFC91361939909169,2025-03-16,135510,1
PAY-57434,INV-71120,OMC-019,Tanzania Petroleum,GB59MHYN05766270289517,2025-04-11,82817,1
PAY-92419,INV-49857,OMC-006,Hashi Energy,GB05QCFC91361939909169,2025-05-03,138559,1
PAY-92135,INV-43647,OMC-020,Ethiopian Oil,GB14NSVZ22219693792374,2025-05-03,170173,1
PAY-68724,INV-41960,OMC-019,Tanzania Petroleum,GB59MHYN05766270289517,2026-04-12,271066,1
PAY-54039,INV-52748,OMC-010,Tamoil,GB34EABH79176936763201,2025-10-03,52985,1
PAY-98589,INV-27045,OMC-018,Uganda National Oil,GB36RNCH17127484677378,2025-08-30,41844,1
PAY-69503,INV-27623,OMC-007,Kobil,GB37IDDX82449353487401,2025-07-18,160624,1
PAY-67802,INV-61347,OMC-001,TotalEnergies Kenya,GB06DMIO52553419283276,2026-05-20,49339,1
PAY-32040,INV-50068,OMC-016,KPA Marine,GB31MOOJ96499091334123,2026-02-12,151028,1
PAY-14944,INV-11867,OMC-002,Vivo Energy,GB45OQIR01845146270482,2025-11-14,93470,1
PAY-77006,INV-71641,OMC-009,Dalbit Petroleum,GB53VXXX35615951484656,2025-11-24,46513,1
PAY-35160,INV-69734,OMC-014,Texol Energies,GB06ONXS45314737996507,2026-07-28,59251,1
PAY-34718,INV-40372,OMC-009,Dalbit Petroleum,GB53VXXX35615951484656,2026-04-20,162069,1
PAY-87382,INV-93828,OMC-003,Rubis Energy,GB04LOQO13315098393010,2026-07-20,43111,1
PAY-81777,INV-53526,OMC-018,Uganda National Oil,GB36RNCH17127484677378,2026-04-28,136104,1
PAY-17743,INV-38753,OMC-012,Galana Energies,GB89GWUW86379402654235,29/03/2026,143652,1
PAY-23235,INV-29905,OMC-003,Rubis Energy,GB04LOQO13315098393010,2025-04-27," KES 183,562 ",1
PAY-80999,INV-29899,OMC-010,Tamoil,GB34EABH79176936763201,2025-06-25,28452,1
PAY-50137,INV-40572,OMC-005,PetroOil Kenya,GB89GWUW86379402654235,2026-03-25,271691,1
PAY-82601,INV-11959,OMC-006,Hashi Energy,GB05QCFC91361939909169,2026-02-03,178262,1
PAY-20528,INV-80839,OMC-019,Tanzania Petroleum,GB59MHYN05766270289517,03/04/2026,62798,1
PAY-71160,INV-14725,OMC-008,National Oil,GB08NAFX56342160733754,2025-08-12,250916,1
PAY-63280,INV-83622,OMC-001,TotalEnergies Kenya,GB06DMIO52553419283276,2025-11-23,15368,2
PAY-96571,INV-75568,OMC-001,TotalEnergies Kenya,GB06DMIO52553419283276,2026-04-08,26475,1
PAY-53515,INV-92162,OMC-019,Tanzania Petroleum,GB59MHYN05766270289517,2026-03-20,154296,1
PAY-50043,INV-42908,OMC-006,Hashi Energy,GB05QCFC91361939909169,2026-01-28,48250,2
PAY-89591,INV-82428,OMC-018,Uganda National Oil,GB36RNCH17127484677378,2026-06-08,135606,1
PAY-86539,INV-96368,OMC-009,Dalbit Petroleum,GB53VXXX35615951484656,2025-02-20,97580,1
PAY-94611,INV-42908,OMC-006,Hashi Energy,GB05QCFC91361939909169,2026-01-07,55767,1
PAY-59207,INV-66849,OMC-003,Rubis Energy,GB04LOQO13315098393010,02/07/2026,26988,1
PAY-67980,INV-42277,OMC-001,TotalEnergies Kenya,GB06DMIO52553419283276,2025-07-27,28141,2
PAY-73334,INV-39282,OMC-001,TotalEnergies Kenya,GB06DMIO52553419283276,2025-06-21,86194,2
PAY-45201,INV-17383,OMC-016,KPA Marine,GB31MOOJ96499091334123,2026-02-09,36883,2
PAY-10926,INV-61188,OMC-002,Vivo Energy,GB45OQIR01845146270482,2025-11-23,59718,1
PAY-10140,INV-97337,OMC-002,Vivo Energy,GB45OQIR01845146270482,2026-05-27,161876,1
PAY-19369,INV-41239,OMC-013,Lake Oil,GB88TEHE71937452991241,2025-11-12,158072,1
PAY-48092,INV-20600,OMC-001,TotalEnergies Kenya,GB06DMIO52553419283276,2026-04-03,20241,1
PAY-23838,INV-33299,OMC-007,Kobil,GB37IDDX82449353487401,12/01/2026,180969,1
PAY-98796,INV-97830,OMC-001,TotalEnergies Kenya,GB06DMIO52553419283276,2026-07-07,264895,1
PAY-17536,INV-86940,OMC-002,Vivo Energy,GB45OQIR01845146270482,2026-01-12,52085,2
PAY-43528,INV-10882,OMC-019,Tanzania Petroleum,GB59MHYN05766270289517,2026-03-04,37400,2
PAY-26489,INV-13910,OMC-003,Rubis Energy,GB04LOQO13315098393010,2025-11-18,16213,2
PAY-15158,INV-50045,OMC-017,KAA Aviation,GB54HVSS04902787429671,2025-02-27,89461,1
PAY-17411,INV-36187,OMC-006,Hashi Energy,GB05QCFC91361939909169,2026-05-14,143202,1
PAY-70683,INV-21886,OMC-019,Tanzania Petroleum,GB59MHYN05766270289517,01/10/2025," KES 173,060 ",1
PAY-76687,INV-54991,OMC-013,Lake Oil,GB88TEHE71937452991241,2026-02-21,25111,1
PAY-12576,INV-19171,OMC-002,Vivo Energy,GB45OQIR01845146270482,2026-02-12,210668,1
PAY-69099,INV-48885,OMC-012,Galana Energies,GB89GWUW86379402654235,2026-05-24,29136,2
PAY-31774,INV-65777,OMC-008,National Oil,GB08NAFX56342160733754,2026-02-21,35368,1
PAY-56215,INV-28977,OMC-015,Mombasa Petroleum,GB80WOIJ43135182337498,2026-03-24,61673,1
PAY-27287,INV-67982,OMC-008,National Oil,GB08NAFX56342160733754,2026-07-17,154814,1
PAY-77923,INV-49418,OMC-011,Hass Petroleum,GB56WGCN65876036690967,2026-04-18,58537,1
PAY-17188,INV-17633,OMC-007,Kobil,GB37IDDX82449353487401,2026-04-29," KES 99,799 ",1
PAY-92445,INV-76104,OMC-013,Lake Oil,GB88TEHE71937452991241,2026-04-12,107296,1
PAY-31134,INV-20452,OMC-006,Hashi Energy,GB05QCFC91361939909169,2026-06-06,214276,1
PAY-20198,INV-87034,OMC-015,Mombasa Petroleum,GB80WOIJ43135182337498,2026-08-18,153756,1
PAY-28469,INV-41972,OMC-007,Kobil,GB37IDDX82449353487401,2025-06-02,31326,1
PAY-58860,INV-89268,OMC-013,Lake Oil,GB88TEHE71937452991241,2025-02-11,234616,1
PAY-57935,INV-17472,OMC-012,Galana Energies,GB89GWUW86379402654235,2026-05-25,131162,1
PAY-85294,INV-40096,OMC-017,KAA Aviation,GB54HVSS04902787429671,2025-05-15,46073,1
PAY-89134,INV-38834,OMC-009,Dalbit Petroleum,GB53VXXX35615951484656,2026-04-06,158493,1
PAY-69501,INV-38068,OMC-010,Tamoil,GB34EABH79176936763201,2026-07-03," KES 37,352 ",1
PAY-39117,INV-73725,OMC-015,Mombasa Petroleum,GB80WOIJ43135182337498,2025-05-27,208483,1
PAY-94587,INV-85763,OMC-004,Gulf Energy,GB89GWUW86379402654235,2026-06-08,250227,1
PAY-16383,INV-33660,OMC-017,KAA Aviation,GB54HVSS04902787429671,31/05/2025," KES 148,168 ",1
PAY-26923,INV-96049,OMC-003,Rubis Energy,GB04LOQO13315098393010,2025-12-30,150051,1
PAY-85882,INV-88141,OMC-003,Rubis Energy,GB04LOQO13315098393010,06/01/2026,77727,1
PAY-24882,INV-73903,OMC-001,TotalEnergies Kenya,GB06DMIO52553419283276,2026-05-04,55536,1
PAY-27857,INV-57326,OMC-011,Hass Petroleum,GB56WGCN65876036690967,2025-04-01,84551,1
PAY-87652,INV-64296,OMC-019,Tanzania Petroleum,GB59MHYN05766270289517,2026-01-06,146692,1
PAY-21842,INV-56619,OMC-017,KAA Aviation,GB54HVSS04902787429671,2026-02-09,40978,1
PAY-68545,INV-46844,OMC-008,National Oil,GB08NAFX56342160733754,2025-05-18,194901,1
PAY-74439,INV-68108,OMC-009,Dalbit Petroleum,GB53VXXX35615951484656,2026-05-24,20420,1
PAY-67865,INV-53291,OMC-009,Dalbit Petroleum,GB53VXXX35615951484656,2025-07-14,107996,2
PAY-81836,INV-70574,OMC-013,Lake Oil,GB88TEHE71937452991241,2026-04-15,265168,1
PAY-27075,INV-18237,OMC-009,Dalbit Petroleum,GB53VXXX35615951484656,2026-06-11,47762,2
PAY-59837,INV-12054,OMC-007,Kobil,GB37IDDX82449353487401,2025-06-12,187318,1
PAY-20016,INV-98124,OMC-005,PetroOil Kenya,GB89GWUW86379402654235,2026-04-25,158666,1
PAY-98663,INV-51234,OMC-019,Tanzania Petroleum,GB59MHYN05766270289517,2026-04-17,32515,1
PAY-73611,INV-22510,OMC-016,KPA Marine,GB31MOOJ96499091334123,2026-08-08,83172,2
PAY-51010,INV-13521,OMC-012,Galana Energies,GB89GWUW86379402654235,2026-03-21,224136,1
PAY-58089,INV-97258,OMC-012,Galana Energies,GB89GWUW86379402654235,2026-05-09,133513,1
PAY-63151,INV-28314,OMC-006,Hashi Energy,GB05QCFC91361939909169,2025-06-16,121743,1
PAY-38377,INV-85971,OMC-017,KAA Aviation,GB54HVSS04902787429671,2026-08-05,23981,1
PAY-14671,INV-35067,OMC-003,Rubis Energy,GB04LOQO13315098393010,2026-05-29,98714,1
PAY-80287,INV-56629,OMC-016,KPA Marine,GB31MOOJ96499091334123,2026-05-22,228589,1
PAY-88268,INV-48259,OMC-018,Uganda National Oil,GB36RNCH17127484677378,2026-03-28," KES 40,800 ",1
PAY-49364,INV-63283,OMC-015,Mombasa Petroleum,GB80WOIJ43135182337498,2025-11-12,165807,1
PAY-31175,INV-16251,OMC-002,Vivo Energy,GB45OQIR01845146270482,2025-04-26,166341,1
PAY-30410,INV-71061,OMC-014,Texol Energies,GB06ONXS45314737996507,2026-04-27,214966,1
PAY-97929,INV-59729,OMC-016,KPA Marine,GB31MOOJ96499091334123,2026-03-19,40199,1
PAY-55265,INV-48065,OMC-013,Lake Oil,GB88TEHE71937452991241,2026-05-24,111298,1
PAY-48188,INV-70486,OMC-005,PetroOil Kenya,GB89GWUW86379402654235,2026-04-22,33435,1
PAY-91110,INV-39732,OMC-012,Galana Energies,GB89GWUW86379402654235,2026-04-16,73139,2
PAY-96265,INV-87886,OMC-010,Tamoil,GB34EABH79176936763201,2026-06-12,31466,1
PAY-89021,INV-22209,OMC-008,National Oil,GB08NAFX56342160733754,2025-02-20,97759,1
PAY-92436,INV-47327,OMC-014,Texol Energies,GB06ONXS45314737996507,2025-07-20,160366,1
PAY-10363,INV-74225,OMC-004,Gulf Energy,GB89GWUW86379402654235,2026-06-06,172117,1
PAY-21850,INV-97894,OMC-015,Mombasa Petroleum,GB80WOIJ43135182337498,10/05/2026,64639,1
PAY-17484,INV-79084,OMC-019,Tanzania Petroleum,GB59MHYN05766270289517,2026-05-23,49013,1
PAY-83373,INV-37043,OMC-003,Rubis Energy,GB04LOQO13315098393010,30/03/2026,157867,1
PAY-25079,INV-57448,OMC-002,Vivo Energy,GB45OQIR01845146270482,2025-10-24,293319,1
PAY-65969,INV-87752,OMC-019,Tanzania Petroleum,GB59MHYN05766270289517,2026-02-09,143196,1
PAY-62325,INV-82920,OMC-018,Uganda National Oil,GB36RNCH17127484677378,2025-09-23,100553,1
PAY-93625,INV-99551,OMC-005,PetroOil Kenya,GB89GWUW86379402654235,2026-05-10,26849,1
PAY-45121,INV-59601,OMC-015,Mombasa Petroleum,GB80WOIJ43135182337498,2025-09-05,24862,1
PAY-75757,INV-75818,OMC-011,Hass Petroleum,GB56WGCN65876036690967,2026-07-13,32628,1
PAY-48994,INV-27255,OMC-003,Rubis Energy,GB04LOQO13315098393010,2025-04-14,98949,1
PAY-62676,INV-31277,OMC-007,Kobil,GB37IDDX82449353487401,2026-05-31,172342,1
PAY-13548,INV-45861,OMC-014,Texol Energies,GB06ONXS45314737996507,2025-05-03,24199,2
PAY-74901,INV-92122,OMC-007,Kobil,GB37IDDX82449353487401,31/05/2025,33177,1
PAY-39097,INV-21560,OMC-014,Texol Energies,GB06ONXS45314737996507,2026-04-18,33094,1
PAY-96228,INV-38115,OMC-013,Lake Oil,GB88TEHE71937452991241,2025-05-20,228100,1
PAY-24180,INV-50946,OMC-007,Kobil,GB37IDDX82449353487401,2026-01-27," KES 38,457 ",2
PAY-77474,INV-86570,OMC-020,Ethiopian Oil,GB14NSVZ22219693792374,2025-12-08,210334,1
PAY-28046,INV-16464,OMC-006,Hashi Energy,GB05QCFC91361939909169,2026-07-08,60075,1
PAY-37856,INV-92320,OMC-016,KPA Marine,GB31MOOJ96499091334123,2026-05-08,84921,2
PAY-50633,INV-69425,OMC-018,Uganda National Oil,GB36RNCH17127484677378,2026-06-20,69238,2
PAY-75568,INV-28662,OMC-015,Mombasa Petroleum,GB80WOIJ43135182337498,2026-03-17,202940,1
PAY-16279,INV-25924,OMC-001,TotalEnergies Kenya,GB06DMIO52553419283276,2026-05-21,36347,1
PAY-91568,INV-23873,OMC-003,Rubis Energy,GB04LOQO13315098393010,2026-05-06,159074,1
PAY-34861,INV-63561,OMC-012,Galana Energies,GB89GWUW86379402654235,2026-06-12,92090,2
PAY-83400,INV-56969,OMC-009,Dalbit Petroleum,GB53VXXX35615951484656,2025-11-11,50721,2
PAY-32494,INV-32989,OMC-017,KAA Aviation,GB54HVSS04902787429671,2025-09-20,37960,1
PAY-23791,INV-81321,OMC-008,National Oil,GB08NAFX56342160733754,2025-12-06,34859,1
PAY-45960,INV-80714,OMC-015,Mombasa Petroleum,GB80WOIJ43135182337498,2026-05-28,81169,1
PAY-62168,INV-10654,OMC-020,Ethiopian Oil,GB14NSVZ22219693792374,2025-02-28,121126,1
PAY-60730,INV-92451,OMC-011,Hass Petroleum,GB56WGCN65876036690967,2025-07-20,23510,1
PAY-45453,INV-60412,OMC-004,Gulf Energy,GB89GWUW86379402654235,2026-05-01," KES 28,708 ",1
PAY-55094,INV-46879,OMC-015,Mombasa Petroleum,GB80WOIJ43135182337498,25/10/2025,189827,1
PAY-38885,INV-76666,OMC-013,Lake Oil,GB88TEHE71937452991241,2026-01-21,197364,1
PAY-87081,INV-42552,OMC-017,KAA Aviation,GB54HVSS04902787429671,2025-04-13,193863,1
PAY-55993,INV-98531,OMC-002,Vivo Energy,GB45OQIR01845146270482,2025-09-12,48158,1
PAY-28684,INV-33981,OMC-017,KAA Aviation,GB54HVSS04902787429671,2025-06-01,50727,1
PAY-32724,INV-58652,OMC-018,Uganda National Oil,GB36RNCH17127484677378,2026-03-10,307380,1
PAY-20194,INV-46018,OMC-005,PetroOil Kenya,GB89GWUW86379402654235,2026-06-06," KES 10,442 ",2
PAY-24050,INV-58795,OMC-006,Hashi Energy,GB05QCFC91361939909169,2025-03-11,56769,1
PAY-45404,INV-53106,OMC-009,Dalbit Petroleum,GB53VXXX35615951484656,2026-07-10,17728,1
PAY-89328,INV-91849,OMC-020,Ethiopian Oil,GB14NSVZ22219693792374,2026-08-10,24986,1
PAY-28116,INV-55603,OMC-005,PetroOil Kenya,GB89GWUW86379402654235,2026-05-11,39962,2
PAY-86123,INV-21432,OMC-020,Ethiopian Oil,GB14NSVZ22219693792374,2025-04-10,119995,1
PAY-56704,INV-81300,OMC-004,Gulf Energy,GB89GWUW86379402654235,22/06/2026,32240,2
PAY-97835,INV-23126,OMC-015,Mombasa Petroleum,GB80WOIJ43135182337498,2025-05-24,29120,1
PAY-99064,INV-44089,OMC-009,Dalbit Petroleum,GB53VXXX35615951484656,06/07/2026,54324,1
PAY-38100,INV-88061,OMC-016,KPA Marine,GB31MOOJ96499091334123,2025-03-03,161223,1
PAY-71639,INV-50769,OMC-011,Hass Petroleum,GB56WGCN65876036690967,2025-10-16,153327,1
PAY-50439,INV-29579,OMC-011,Hass Petroleum,GB56WGCN65876036690967,2026-08-16,33061,2
PAY-50469,INV-57468,OMC-011,Hass Petroleum,GB56WGCN65876036690967,2026-06-26,27537,1
PAY-28070,INV-92693,OMC-013,Lake Oil,GB88TEHE71937452991241,2026-04-02,39883,1
PAY-95712,INV-34358,OMC-018,Uganda National Oil,GB36RNCH17127484677378,2025-12-27,28227,1
PAY-57830,INV-28357,OMC-006,Hashi Energy,GB05QCFC91361939909169,2025-04-27,37281,1
PAY-21994,INV-68588,OMC-006,Hashi Energy,GB05QCFC91361939909169,2026-07-14,92364,2
PAY-86469,INV-82622,OMC-009,Dalbit Petroleum,GB53VXXX35615951484656,2025-08-10,20934,1
PAY-18938,INV-88337,OMC-002,Vivo Energy,GB45OQIR01845146270482,2025-03-09,193569,1
PAY-43606,INV-35760,OMC-012,Galana Energies,GB89GWUW86379402654235,2026-04-20,23128,1
PAY-20757,INV-50639,OMC-004,Gulf Energy,GB89GWUW86379402654235,2026-03-18,34682,1
PAY-64048,INV-13226,OMC-010,Tamoil,GB34EABH79176936763201,2025-07-27,25937,1
PAY-38974,INV-28475,OMC-014,Texol Energies,GB06ONXS45314737996507,2026-08-08,206290,1
PAY-38999,INV-24391,OMC-019,Tanzania Petroleum,GB59MHYN05766270289517,2025-11-19,217446,1
PAY-63591,INV-87289,OMC-014,Texol Energies,GB06ONXS45314737996507,2025-08-06,39176,1
PAY-74971,INV-59715,OMC-011,Hass Petroleum,GB56WGCN65876036690967,2026-02-25,75161,1
PAY-94739,INV-94106,OMC-013,Lake Oil,GB88TEHE71937452991241,2026-05-23,179804,1
PAY-57377,INV-22649,OMC-012,Galana Energies,GB89GWUW86379402654235,2026-04-01,44264,1
PAY-77431,INV-35943,OMC-017,KAA Aviation,GB54HVSS04902787429671,2026-05-29,254230,1
PAY-35065,INV-19848,OMC-003,Rubis Energy,GB04LOQO13315098393010,16/01/2026,35965,1
PAY-79100,INV-75194,OMC-009,Dalbit Petroleum,GB53VXXX35615951484656,2026-02-26,23913,2
PAY-44330,INV-74028,OMC-012,Galana Energies,GB89GWUW86379402654235,2026-05-28,118253,1
PAY-16439,INV-85843,OMC-007,Kobil,GB37IDDX82449353487401,2026-01-27,43363,1
PAY-91478,INV-45512,OMC-010,Tamoil,GB34EABH79176936763201,2026-07-10,148960,1
PAY-95672,INV-55391,OMC-015,Mombasa Petroleum,GB80WOIJ43135182337498,10/07/2025,248571,1
PAY-14826,INV-90510,OMC-001,TotalEnergies Kenya,GB06DMIO52553419283276,2025-09-23,64922,2
PAY-82278,INV-57276,OMC-002,Vivo Energy,GB45OQIR01845146270482,2025-10-14,196395,1
PAY-41082,INV-12015,OMC-007,Kobil,GB37IDDX82449353487401,2026-03-19,48347,1
PAY-41320,INV-41491,OMC-020,Ethiopian Oil,GB14NSVZ22219693792374,2026-06-15,57460,1
PAY-10474,INV-93960,OMC-002,Vivo Energy,GB45OQIR01845146270482,16/10/2025,30751,1
PAY-78407,INV-49909,OMC-006,Hashi Energy,GB05QCFC91361939909169,2026-01-31,41909,1
PAY-95871,INV-19905,OMC-001,TotalEnergies Kenya,GB06DMIO52553419283276,2025-06-20,66381,1
PAY-55529,INV-36344,OMC-005,PetroOil Kenya,GB89GWUW86379402654235,2026-03-23,256943,1
PAY-34833,INV-43819,OMC-007,Kobil,GB37IDDX82449353487401,2026-07-14,99561,2
PAY-68250,INV-84034,OMC-005,PetroOil Kenya,GB89GWUW86379402654235,2026-07-03,24203,2
PAY-77830,INV-77323,OMC-004,Gulf Energy,GB89GWUW86379402654235,2026-05-03,35921,1
PAY-20652,INV-14605,OMC-006,Hashi Energy,GB05QCFC91361939909169,2026-01-23,85597,1
PAY-99134,INV-90900,OMC-012,Galana Energies,GB89GWUW86379402654235,2026-06-28,45645,1
PAY-56554,INV-76890,OMC-019,Tanzania Petroleum,GB59MHYN05766270289517,2025-11-05,37830,1
PAY-60386,INV-54051,OMC-010,Tamoil,GB34EABH79176936763201,2025-07-27,122853,1
PAY-49423,INV-38087,OMC-020,Ethiopian Oil,GB14NSVZ22219693792374,2026-07-01,80596,1
PAY-20509,INV-59495,OMC-018,Uganda National Oil,GB36RNCH17127484677378,2025-04-13,116940,1
PAY-43968,INV-30529,OMC-018,Uganda National Oil,GB36RNCH17127484677378,2025-11-26,204828,1
PAY-17183,INV-53393,OMC-009,Dalbit Petroleum,GB53VXXX35615951484656,2025-12-03,33536,1
PAY-14989,INV-20408,OMC-010,Tamoil,GB34EABH79176936763201,2026-03-28,105299,1
PAY-76323,INV-75422,OMC-006,Hashi Energy,GB05QCFC91361939909169,2026-04-12,183934,1
PAY-84007,INV-77278,OMC-001,TotalEnergies Kenya,GB06DMIO52553419283276,2026-04-18,197167,1
PAY-59070,INV-95812,OMC-019,Tanzania Petroleum,GB59MHYN05766270289517,2025-05-25,200964,1
PAY-12113,INV-10344,OMC-013,Lake Oil,GB88TEHE71937452991241,2025-12-29,36155,1
PAY-64276,INV-29504,OMC-007,Kobil,GB37IDDX82449353487401,2025-07-09,210158,1
PAY-21812,INV-22543,OMC-007,Kobil,GB37IDDX82449353487401,2026-06-11,41381,1
PAY-92660,INV-62624,OMC-015,Mombasa Petroleum,GB80WOIJ43135182337498,2026-07-11,205620,1
PAY-47675,INV-98496,OMC-010,Tamoil,GB34EABH79176936763201,2025-09-28,61476,1
PAY-27645,INV-41323,OMC-002,Vivo Energy,GB45OQIR01845146270482,2025-09-29,51810,1
PAY-14338,INV-82542,OMC-020,Ethiopian Oil,GB14NSVZ22219693792374,2026-06-03,6707,2
PAY-18914,INV-81993,OMC-015,Mombasa Petroleum,GB80WOIJ43135182337498,2025-04-13,196160,1
PAY-88462,INV-66561,OMC-002,Vivo Energy,GB45OQIR01845146270482,2025-05-04,261410,1
PAY-52811,INV-47796,OMC-002,Vivo Energy,GB45OQIR01845146270482,2025-06-12,71367,1
PAY-99436,INV-88490,OMC-007,Kobil,GB37IDDX82449353487401,2025-11-28,218680,1
PAY-50622,INV-14218,OMC-010,Tamoil,GB34EABH79176936763201,2026-04-04,134498,1
PAY-57855,INV-54301,OMC-019,Tanzania Petroleum,GB59MHYN05766270289517,2025-11-12," KES 50,040 ",1
PAY-16263,INV-44802,OMC-017,KAA Aviation,GB54HVSS04902787429671,2026-02-16,29964,1
PAY-92627,INV-35950,OMC-019,Tanzania Petroleum,GB59MHYN05766270289517,2026-03-30,178915,1
PAY-68499,INV-74887,OMC-014,Texol Energies,GB06ONXS45314737996507,2026-06-18,262613,1
PAY-34250,INV-12488,OMC-019,Tanzania Petroleum,GB59MHYN05766270289517,2025-04-17,57980,1
PAY-67565,INV-48070,OMC-008,National Oil,GB08NAFX56342160733754,2025-05-29,54261,1
PAY-57825,INV-20064,OMC-003,Rubis Energy,GB04LOQO13315098393010,2025-09-24,183997,1
PAY-30393,INV-89171,OMC-009,Dalbit Petroleum,GB53VXXX35615951484656,2025-04-17,121587,1
PAY-29128,INV-39940,OMC-018,Uganda National Oil,GB36RNCH17127484677378,2025-10-04,182357,1
PAY-57123,INV-31096,OMC-009,Dalbit Petroleum,GB53VXXX35615951484656,2026-03-21,223893,1
PAY-71620,INV-10841,OMC-010,Tamoil,GB34EABH79176936763201,2025-10-29,78177,1
PAY-90131,INV-72597,OMC-001,TotalEnergies Kenya,GB06DMIO52553419283276,2026-06-09,19965,2
PAY-48956,INV-85736,OMC-016,KPA Marine,GB31MOOJ96499091334123,2025-09-04,202772,1
PAY-78685,INV-95935,OMC-016,KPA Marine,GB31MOOJ96499091334123,2025-11-10,117210,1
PAY-63319,INV-11646,OMC-009,Dalbit Petroleum,GB53VXXX35615951484656,2026-03-12,23345,1
PAY-79639,INV-75919,OMC-016,KPA Marine,GB31MOOJ96499091334123,2026-08-23,20397,1
PAY-52063,INV-90003,OMC-005,PetroOil Kenya,GB89GWUW86379402654235,2026-06-29,35741,1
PAY-57800,INV-15790,OMC-016,KPA Marine,GB31MOOJ96499091334123,2025-05-03,64661,1
PAY-15387,INV-14911,OMC-005,PetroOil Kenya,GB89GWUW86379402654235,2026-06-27,104890,2
PAY-31248,INV-62749,OMC-007,Kobil,GB37IDDX82449353487401,2025-11-08,211713,1
PAY-36770,INV-12635,OMC-013,Lake Oil,GB88TEHE71937452991241,2025-04-16,23678,1
PAY-99356,INV-47054,OMC-010,Tamoil,GB34EABH79176936763201,2026-04-18,210117,1
PAY-11717,INV-74548,OMC-006,Hashi Energy,GB05QCFC91361939909169,2026-06-24,41827,1
PAY-71946,INV-86688,OMC-003,Rubis Energy,GB04LOQO13315098393010,2026-01-11,59523,1
PAY-71294,INV-54498,OMC-005,PetroOil Kenya,GB89GWUW86379402654235,2026-03-10,38892,1
PAY-36262,INV-20444,OMC-016,KPA Marine,GB31MOOJ96499091334123,2025-05-01,206958,1
PAY-16297,INV-43301,OMC-003,Rubis Energy,GB04LOQO13315098393010,04/05/2025,94375,1
PAY-86775,INV-63957,OMC-011,Hass Petroleum,GB56WGCN65876036690967,2025-03-23,141692,1
PAY-92581,INV-84427,OMC-002,Vivo Energy,GB45OQIR01845146270482,2025-07-25,189009,1
PAY-12860,INV-59199,OMC-018,Uganda National Oil,GB36RNCH17127484677378,2025-09-11,132796,1
PAY-80637,INV-78981,OMC-001,TotalEnergies Kenya,GB06DMIO52553419283276,2026-02-07,136002,1
PAY-20034,INV-84877,OMC-017,KAA Aviation,GB54HVSS04902787429671,2025-09-23,54073,1
PAY-96991,INV-60043,OMC-007,Kobil,GB37IDDX82449353487401,18/05/2026,20161,2
PAY-77998,INV-91328,OMC-019,Tanzania Petroleum,GB59MHYN05766270289517,16/11/2025,23718,1
PAY-59977,INV-25323,OMC-004,Gulf Energy,GB89GWUW86379402654235,2026-03-25,20267,2
PAY-27299,INV-37454,OMC-005,PetroOil Kenya,GB89GWUW86379402654235,2026-05-04,33509,1
PAY-55625,INV-43257,OMC-017,KAA Aviation,GB54HVSS04902787429671,,56909,1
PAY-19216,INV-47621,OMC-001,TotalEnergies Kenya,GB06DMIO52553419283276,2025-08-15,22213,2
PAY-43004,INV-86743,OMC-013,Lake Oil,GB88TEHE71937452991241,2026-03-31,53837,1
PAY-57378,INV-34396,OMC-017,KAA Aviation,GB54HVSS04902787429671,2026-06-04,201443,1
PAY-49625,INV-57764,OMC-014,Texol Energies,GB06ONXS45314737996507,2025-03-04,41117,1
PAY-94032,INV-31159,OMC-018,Uganda National Oil,GB36RNCH17127484677378,2025-03-16,57081,1
PAY-20094,INV-68343,OMC-001,TotalEnergies Kenya,GB06DMIO52553419283276,2025-05-01," KES 217,035 ",1
PAY-63125,INV-29006,OMC-009,Dalbit Petroleum,GB53VXXX35615951484656,2025-05-01,103286,1
PAY-55119,INV-85021,OMC-012,Galana Energies,GB89GWUW86379402654235,2026-04-03," KES 65,242 ",1
PAY-77129,INV-63399,OMC-012,Galana Energies,GB89GWUW86379402654235,2026-05-01,155816,1
PAY-91213,INV-16423,OMC-009,Dalbit Petroleum,GB53VXXX35615951484656,2025-04-07,113732,1
PAY-37555,INV-46313,OMC-011,Hass Petroleum,GB56WGCN65876036690967,2025-07-01,232960,1
PAY-13648,INV-81645,OMC-008,National Oil,GB08NAFX56342160733754,2025-10-13,279326,1
PAY-53872,INV-73222,OMC-005,PetroOil Kenya,GB89GWUW86379402654235,2026-05-07,89313,1
PAY-70061,INV-10310,OMC-010,Tamoil,GB34EABH79176936763201,,27281,1
PAY-62102,INV-42085,OMC-013,Lake Oil,GB88TEHE71937452991241,2025-03-28,30510,1
PAY-89080,INV-87686,OMC-015,Mombasa Petroleum,GB80WOIJ43135182337498,2025-05-23,112955,1
PAY-50265,INV-26433,OMC-017,KAA Aviation,GB54HVSS04902787429671,2026-08-14,31017,1
PAY-91174,INV-60879,OMC-012,Galana Energies,GB89GWUW86379402654235,2026-05-15,205984,1
PAY-28551,INV-87514,OMC-013,Lake Oil,GB88TEHE71937452991241,2026-01-30,174807,1
PAY-36601,INV-80120,OMC-005,PetroOil Kenya,GB89GWUW86379402654235,2026-06-10,35745,1
PAY-89915,INV-62548,OMC-017,KAA Aviation,GB54HVSS04902787429671,2025-10-22,142405,1
PAY-10546,INV-41273,OMC-008,National Oil,GB08NAFX56342160733754,2025-05-05,268809,1
PAY-85388,INV-89144,OMC-017,KAA Aviation,GB54HVSS04902787429671,2026-08-31,54156,1
PAY-35678,INV-29368,OMC-020,Ethiopian Oil,GB14NSVZ22219693792374,2026-08-04,199056,1
PAY-43112,INV-37627,OMC-009,Dalbit Petroleum,GB53VXXX35615951484656,,33135,1
PAY-61018,INV-62602,OMC-004,Gulf Energy,GB89GWUW86379402654235,2026-04-13,145867,1
PAY-66696,INV-49758,OMC-011,Hass Petroleum,GB56WGCN65876036690967,2025-10-28,7980,2
PAY-13935,INV-94334,OMC-001,TotalEnergies Kenya,GB06DMIO52553419283276,09/10/2025,15565,2
PAY-49149,INV-23578,OMC-003,Rubis Energy,GB04LOQO13315098393010,2025-03-12,46100,1
PAY-38877,INV-23240,OMC-010,Tamoil,GB34EABH79176936763201,2025-06-12,156173,1
PAY-63885,INV-89048,OMC-011,Hass Petroleum,GB56WGCN65876036690967,2026-06-21,51092,1
PAY-47353,INV-66840,OMC-008,National Oil,GB08NAFX56342160733754,2025-07-19,46825,1
PAY-30648,INV-39985,OMC-007,Kobil,GB37IDDX82449353487401,2025-10-24,133318,1
PAY-20074,INV-49245,OMC-014,Texol Energies,GB06ONXS45314737996507,2025-10-13,27237,2
PAY-86562,INV-30682,OMC-006,Hashi Energy,GB05QCFC91361939909169,2025-12-22,206834,1
PAY-37168,INV-19575,OMC-011,Hass Petroleum,GB56WGCN65876036690967,2026-06-20,44113,1
PAY-41405,INV-55867,OMC-013,Lake Oil,GB88TEHE71937452991241,2025-12-21,53006,1
PAY-20148,INV-97641,OMC-009,Dalbit Petroleum,GB53VXXX35615951484656,2026-08-07,24431,1
PAY-60473,INV-85734,OMC-003,Rubis Energy,GB04LOQO13315098393010,2026-04-13,12606,2
PAY-34599,INV-33968,OMC-006,Hashi Energy,GB05QCFC91361939909169,2025-07-21,233740,1
PAY-71356,INV-13983,OMC-009,Dalbit Petroleum,GB53VXXX35615951484656,2025-02-06,196630,1
PAY-73914,INV-54234,OMC-015,Mombasa Petroleum,GB80WOIJ43135182337498,2025-07-29,28064,1
PAY-69263,INV-16181,OMC-001,TotalEnergies Kenya,GB06DMIO52553419283276,2026-05-21,106513,1
PAY-95391,INV-17959,OMC-015,Mombasa Petroleum,GB80WOIJ43135182337498,2026-01-12,165016,1
PAY-93979,INV-25583,OMC-017,KAA Aviation,GB54HVSS04902787429671,2025-07-28,154038,1
PAY-66808,INV-46471,OMC-020,Ethiopian Oil,GB14NSVZ22219693792374,2025-10-12," KES 179,381 ",1
PAY-30607,INV-61290,OMC-020,Ethiopian Oil,GB14NSVZ22219693792374,2026-07-02,250120,1
PAY-83779,INV-95782,OMC-012,Galana Energies,GB89GWUW86379402654235,2026-04-05,205608,1
PAY-91620,INV-89832,OMC-015,Mombasa Petroleum,GB80WOIJ43135182337498,21/09/2025,110159,1
PAY-93883,INV-98404,OMC-004,Gulf Energy,GB89GWUW86379402654235,29/04/2026,23489,2
PAY-64465,INV-13910,OMC-003,Rubis Energy,GB04LOQO13315098393010,2025-11-04,28029,1
PAY-55325,INV-39284,OMC-013,Lake Oil,GB88TEHE71937452991241,2025-09-05,87681,1
PAY-45346,INV-98269,OMC-014,Texol Energies,GB06ONXS45314737996507,2026-02-07,39347,1
PAY-44024,INV-14774,OMC-006,Hashi Energy,GB05QCFC91361939909169,2026-04-16,77417,1
PAY-68673,INV-40647,OMC-009,Dalbit Petroleum,GB53VXXX35615951484656,2026-03-10,102087,1
PAY-68525,INV-60315,OMC-015,Mombasa Petroleum,GB80WOIJ43135182337498,2026-07-15,162808,1
PAY-52252,INV-49915,OMC-006,Hashi Energy,GB05QCFC91361939909169,,59888,1
PAY-61334,INV-40638,OMC-012,Galana Energies,GB89GWUW86379402654235,2026-04-25,45504,1
PAY-24267,INV-75590,OMC-014,Texol Energies,GB06ONXS45314737996507,2025-08-09,21705,1
PAY-72413,INV-85970,OMC-007,Kobil,GB37IDDX82449353487401,2026-05-03,31088,1
PAY-59340,INV-17997,OMC-015,Mombasa Petroleum,GB80WOIJ43135182337498,2026-01-27,238503,1
PAY-78689,INV-94569,OMC-018,Uganda National Oil,GB36RNCH17127484677378,2025-04-11,255305,1
PAY-92488,INV-51435,OMC-012,Galana Energies,GB89GWUW86379402654235,2026-05-30,48972,1
PAY-18055,INV-98171,OMC-008,National Oil,GB08NAFX56342160733754,2026-06-05,123829,1
PAY-69564,INV-22502,OMC-014,Texol Energies,GB06ONXS45314737996507,2025-09-12,244591,1
PAY-93344,INV-53025,OMC-020,Ethiopian Oil,GB14NSVZ22219693792374,2025-03-17,146401,1
PAY-78460,INV-17501,OMC-012,Galana Energies,GB89GWUW86379402654235,2026-04-11,183839,1
PAY-11625,INV-45397,OMC-015,Mombasa Petroleum,GB80WOIJ43135182337498,2026-04-09,23094,1
PAY-15753,INV-42401,OMC-001,TotalEnergies Kenya,GB06DMIO52553419283276,2026-01-01,8418,2
PAY-12933,INV-70550,OMC-019,Tanzania Petroleum,GB59MHYN05766270289517,2025-02-24,127732,1
PAY-47160,INV-68823,OMC-020,Ethiopian Oil,GB14NSVZ22219693792374,26/04/2026,126864,1
PAY-97889,INV-36017,OMC-017,KAA Aviation,GB54HVSS04902787429671,2025-07-17,93744,1
PAY-23196,INV-39914,OMC-001,TotalEnergies Kenya,GB06DMIO52553419283276,2025-06-02,14484,2
PAY-38371,INV-13641,OMC-011,Hass Petroleum,GB56WGCN65876036690967,,180750,1
PAY-35967,INV-24115,OMC-019,Tanzania Petroleum,GB59MHYN05766270289517,2025-11-21,169046,1
PAY-90415,INV-89222,OMC-019,Tanzania Petroleum,GB59MHYN05766270289517,,30765,1
PAY-41340,INV-44850,OMC-007,Kobil,GB37IDDX82449353487401,2026-01-20,121871,1
PAY-12293,INV-94981,OMC-016,KPA Marine,GB31MOOJ96499091334123,2025-05-08,177077,1
PAY-14525,INV-83421,OMC-001,TotalEnergies Kenya,GB06DMIO52553419283276,2026-01-15,106937,1
PAY-94366,INV-71849,OMC-013,Lake Oil,GB88TEHE71937452991241,2026-07-01,24522,1
PAY-82102,INV-45139,OMC-008,National Oil,GB08NAFX56342160733754,,170856,1
PAY-46702,INV-34966,OMC-009,Dalbit Petroleum,GB53VXXX35615951484656,2026-04-09,18598,2
PAY-76441,INV-85611,OMC-003,Rubis Energy,GB04LOQO13315098393010,17/03/2026,38354,1
PAY-20233,INV-97691,OMC-011,Hass Petroleum,GB56WGCN65876036690967,2026-05-19,189213,1
PAY-54138,INV-42952,OMC-015,Mombasa Petroleum,GB80WOIJ43135182337498,2025-08-22,60700,1
PAY-81372,INV-13668,OMC-005,PetroOil Kenya,GB89GWUW86379402654235,2026-03-31,31285,1
PAY-70011,INV-42193,OMC-013,Lake Oil,GB88TEHE71937452991241,2025-05-22,264112,1
PAY-19008,INV-87004,OMC-002,Vivo Energy,GB45OQIR01845146270482,2025-06-22,26042,1
PAY-59203,INV-26003,OMC-020,Ethiopian Oil,GB14NSVZ22219693792374,2026-02-14,103667,1
PAY-52271,INV-11213,OMC-008,National Oil,GB08NAFX56342160733754,2025-09-27,262804,1
PAY-24686,INV-47678,OMC-003,Rubis Energy,GB04LOQO13315098393010,2026-06-12,35295,1
PAY-16463,INV-50946,OMC-016,KPA Marine,GB31MOOJ96499091334123,2026-07-22,43786,1
PAY-62467,INV-49245,OMC-014,Texol Energies,GB06ONXS45314737996507,2025-09-21,61175,1
PAY-48644,INV-29873,OMC-017,KAA Aviation,GB54HVSS04902787429671,2025-05-12," KES 211,249 ",1
PAY-12433,INV-85345,OMC-015,Mombasa Petroleum,GB80WOIJ43135182337498,2026-04-24," KES 289,383 ",1
PAY-90548,INV-89324,OMC-006,Hashi Energy,GB05QCFC91361939909169,2026-07-16,65460,2
PAY-33074,INV-79344,OMC-001,TotalEnergies Kenya,GB06DMIO52553419283276,2025-06-19,152775,1
PAY-27221,INV-92348,OMC-010,Tamoil,GB34EABH79176936763201,2026-07-05,139317,1
PAY-99868,INV-41265,OMC-005,PetroOil Kenya,GB89GWUW86379402654235,2026-03-04,115701,1
PAY-49793,INV-94728,OMC-003,Rubis Energy,GB04LOQO13315098393010,2025-03-03,32719,1
PAY-52673,INV-11443,OMC-001,TotalEnergies Kenya,GB06DMIO52553419283276,2025-08-04,10783,2
PAY-12902,INV-20948,OMC-004,Gulf Energy,GB89GWUW86379402654235,2026-04-26,14513,2
PAY-89117,INV-37264,OMC-004,Gulf Energy,GB89GWUW86379402654235,2026-04-16,141213,2
PAY-35997,INV-45042,OMC-003,Rubis Energy,GB04LOQO13315098393010,2026-06-07,79862,1
PAY-20217,INV-81433,OMC-020,Ethiopian Oil,GB14NSVZ22219693792374,2025-09-19," KES 65,638 ",1
PAY-14434,INV-51605,OMC-010,Tamoil,GB34EABH79176936763201,2025-11-22,119503,1
PAY-87874,INV-86739,OMC-010,Tamoil,GB34EABH79176936763201,2025-04-22,66718,1
PAY-77552,INV-67997,OMC-003,Rubis Energy,GB04LOQO13315098393010,2025-02-10,20442,1
PAY-47117,INV-93697,OMC-015,Mombasa Petroleum,GB80WOIJ43135182337498,2026-06-30,228298,1
PAY-91666,INV-85898,OMC-007,Kobil,GB37IDDX82449353487401,20/03/2025,169619,1
PAY-97153,INV-65445,OMC-001,TotalEnergies Kenya,GB06DMIO52553419283276,23/03/2025,294198,1
PAY-29541,INV-79462,OMC-001,TotalEnergies Kenya,GB06DMIO52553419283276,2025-10-18,39207,1
PAY-67966,INV-93166,OMC-008,National Oil,GB08NAFX56342160733754,2026-07-16,82965,1
PAY-23462,INV-28871,OMC-001,TotalEnergies Kenya,GB06DMIO52553419283276,2025-06-02,12454,2
PAY-51015,INV-59272,OMC-010,Tamoil,GB34EABH79176936763201,2026-02-14,127166,1
PAY-52657,INV-22771,OMC-019,Tanzania Petroleum,GB59MHYN05766270289517,2026-06-13,59814,1
PAY-93476,INV-60765,OMC-015,Mombasa Petroleum,GB80WOIJ43135182337498,31/08/2025," KES 205,249 ",1
PAY-14820,INV-10659,OMC-008,National Oil,GB08NAFX56342160733754,2025-10-03,179352,1
PAY-35903,INV-52751,OMC-014,Texol Energies,GB06ONXS45314737996507,2026-03-02,33014,1
PAY-99455,INV-30140,OMC-012,Galana Energies,GB89GWUW86379402654235,2026-04-24,69480,2
PAY-61915,INV-92754,OMC-002,Vivo Energy,GB45OQIR01845146270482,2025-08-31,186490,1
PAY-18250,INV-12389,OMC-012,Galana Energies,GB89GWUW86379402654235,2026-06-04,42935,1
PAY-25877,INV-86617,OMC-005,PetroOil Kenya,GB89GWUW86379402654235,2026-03-12,64003,1
PAY-58453,INV-23160,OMC-003,Rubis Energy,GB04LOQO13315098393010,2026-06-03,208855,1
PAY-89302,INV-34064,OMC-006,Hashi Energy,GB05QCFC91361939909169,18/02/2025,37500,1
PAY-28911,INV-25323,OMC-004,Gulf Energy,GB89GWUW86379402654235,11/03/2026,33469,1
PAY-15072,INV-86193,OMC-011,Hass Petroleum,GB56WGCN65876036690967,2025-11-07,25661,1
PAY-42586,INV-54118,OMC-003,Rubis Energy,GB04LOQO13315098393010,2025-02-07,25509,1
PAY-99423,INV-76689,OMC-011,Hass Petroleum,GB56WGCN65876036690967,2026-05-13,294714,1
PAY-28353,INV-87768,OMC-010,Tamoil,GB34EABH79176936763201,2026-06-10,287861,1
PAY-86332,INV-14637,OMC-015,Mombasa Petroleum,GB80WOIJ43135182337498,2025-09-01,51393,1
PAY-16731,INV-83786,OMC-016,KPA Marine,GB31MOOJ96499091334123,2026-01-18,120899,1
PAY-68117,INV-74707,OMC-003,Rubis Energy,GB04LOQO13315098393010,2026-06-30,174607,1
PAY-28790,INV-86386,OMC-017,KAA Aviation,GB54HVSS04902787429671,2025-02-10," KES 57,929 ",1
PAY-86163,INV-59452,OMC-013,Lake Oil,GB88TEHE71937452991241,2025-09-12,32919,1
PAY-56922,INV-29373,OMC-018,Uganda National Oil,GB36RNCH17127484677378,2025-03-22,35728,1
PAY-89890,INV-32787,OMC-016,KPA Marine,GB31MOOJ96499091334123,2025-04-27,196713,1
PAY-67061,INV-49088,OMC-004,Gulf Energy,GB89GWUW86379402654235,2026-02-28,59148,1
PAY-51228,INV-31659,OMC-019,Tanzania Petroleum,GB59MHYN05766270289517,2026-04-25,39480,2
PAY-58829,INV-58490,OMC-008,National Oil,GB08NAFX56342160733754,2026-03-29,125841,1
PAY-90938,INV-67978,OMC-018,Uganda National Oil,GB36RNCH17127484677378,2026-02-16,151006,1
PAY-52845,INV-47426,OMC-020,Ethiopian Oil,GB14NSVZ22219693792374,2026-07-01,127541,1
PAY-21885,INV-29461,OMC-004,Gulf Energy,GB89GWUW86379402654235,,172430,1
PAY-62431,INV-93208,OMC-005,PetroOil Kenya,GB89GWUW86379402654235,2026-06-02,12696,2
PAY-12299,INV-37457,OMC-001,TotalEnergies Kenya,GB06DMIO52553419283276,2025-08-02,56790,1
PAY-70653,INV-38021,OMC-005,PetroOil Kenya,GB89GWUW86379402654235,2026-05-21,28172,2
PAY-36943,INV-69954,OMC-019,Tanzania Petroleum,GB59MHYN05766270289517,2025-04-15,55645,1
PAY-64753,INV-79709,OMC-015,Mombasa Petroleum,GB80WOIJ43135182337498,2026-03-24,229046,1
PAY-20180,INV-11440,OMC-001,TotalEnergies Kenya,GB06DMIO52553419283276,2025-11-11,63180,1
PAY-67888,INV-27746,OMC-001,TotalEnergies Kenya,GB06DMIO52553419283276,2026-04-22,90090,1
PAY-99456,INV-74870,OMC-011,Hass Petroleum,GB56WGCN65876036690967,2025-04-18,115175,1
PAY-99978,INV-58432,OMC-001,TotalEnergies Kenya,GB06DMIO52553419283276,2025-09-06,12111,2
PAY-31533,INV-20795,OMC-004,Gulf Energy,GB89GWUW86379402654235,2026-05-24,19434,1
PAY-85895,INV-21632,OMC-015,Mombasa Petroleum,GB80WOIJ43135182337498,2025-10-14,81320,1
PAY-99065,INV-35856,OMC-009,Dalbit Petroleum,GB53VXXX35615951484656,2026-04-03,173780,1
PAY-91818,INV-71741,OMC-012,Galana Energies,GB89GWUW86379402654235,2026-06-03," KES 27,899 ",2
PAY-42677,INV-60277,OMC-007,Kobil,GB37IDDX82449353487401,2025-04-07,111214,1
PAY-43558,INV-32721,OMC-018,Uganda National Oil,GB36RNCH17127484677378,2025-06-07,101196,1
PAY-90607,INV-51104,OMC-004,Gulf Energy,GB89GWUW86379402654235,2026-05-30,27387,1
PAY-67427,INV-41606,OMC-009,Dalbit Petroleum,GB53VXXX35615951484656,2025-12-26,77768,2
PAY-59603,INV-57080,OMC-013,Lake Oil,GB88TEHE71937452991241,2025-02-13,22255,1
PAY-39158,INV-51769,OMC-018,Uganda National Oil,GB36RNCH17127484677378,2025-07-21,46252,1
PAY-88605,INV-92976,OMC-018,Uganda National Oil,GB36RNCH17127484677378,2026-06-09,60150,1
PAY-79025,INV-52957,OMC-020,Ethiopian Oil,GB14NSVZ22219693792374,2026-05-29,43732,1
PAY-12703,INV-13668,OMC-004,Gulf Energy,GB89GWUW86379402654235,2026-02-28,27849,1
PAY-63677,INV-54132,OMC-003,Rubis Energy,GB04LOQO13315098393010,2026-04-28,69067,2
PAY-75883,INV-80266,OMC-003,Rubis Energy,GB04LOQO13315098393010,2025-06-11,42121,1
PAY-40137,INV-94722,OMC-012,Galana Energies,GB89GWUW86379402654235,2026-06-05,47743,1
PAY-42225,INV-99349,OMC-017,KAA Aviation,GB54HVSS04902787429671,2026-01-19,252894,1
PAY-68511,INV-26590,OMC-015,Mombasa Petroleum,GB80WOIJ43135182337498,2026-02-23,47956,1
PAY-52438,INV-20867,OMC-016,KPA Marine,GB31MOOJ96499091334123,18/07/2026,152460,1
PAY-86377,INV-14588,OMC-002,Vivo Energy,GB45OQIR01845146270482,2025-02-06," KES 157,857 ",1
PAY-33811,INV-43508,OMC-019,Tanzania Petroleum,GB59MHYN05766270289517,2025-09-26,48353,1
PAY-74083,INV-46807,OMC-008,National Oil,GB08NAFX56342160733754,2025-10-09,264895,1
PAY-14157,INV-68633,OMC-013,Lake Oil,GB88TEHE71937452991241,2026-05-03,55884,1
PAY-95100,INV-86063,OMC-004,Gulf Energy,GB89GWUW86379402654235,2026-05-19,68187,2
PAY-46725,INV-82531,OMC-005,PetroOil Kenya,GB89GWUW86379402654235,2026-03-05,102312,1
PAY-34860,INV-18978,OMC-004,Gulf Energy,GB89GWUW86379402654235,2026-06-06,61909,2
PAY-43413,INV-59471,OMC-006,Hashi Energy,GB05QCFC91361939909169,2026-04-26,122401,1
PAY-35781,INV-88117,OMC-001,TotalEnergies Kenya,GB06DMIO52553419283276,2025-10-30,30992,1
PAY-88552,INV-85936,OMC-012,Galana Energies,GB89GWUW86379402654235,2026-04-04,231194,1
PAY-86452,INV-51283,OMC-011,Hass Petroleum,GB56WGCN65876036690967,2025-07-09,27254,1
PAY-71356,INV-46319,OMC-016,KPA Marine,GB31MOOJ96499091334123,2026-08-24,110083,1
PAY-80017,INV-71125,OMC-008,National Oil,GB08NAFX56342160733754,2026-07-24,226190,1
PAY-99084,INV-13438,OMC-020,Ethiopian Oil,GB14NSVZ22219693792374,2026-06-08,32589,1
PAY-74159,INV-83944,OMC-014,Texol Energies,GB06ONXS45314737996507,2025-05-29,174757,1
PAY-95879,INV-48086,OMC-018,Uganda National Oil,GB36RNCH17127484677378,2026-04-18,159439,1
PAY-55491,INV-52343,OMC-011,Hass Petroleum,GB56WGCN65876036690967,2026-07-24,28800,1
PAY-17348,INV-83769,OMC-001,TotalEnergies Kenya,GB06DMIO52553419283276,2026-02-13,32822,2
PAY-97247,INV-59601,OMC-007,Kobil,GB37IDDX82449353487401,07/06/2026,217010,1
PAY-46273,INV-23282,OMC-001,TotalEnergies Kenya,GB06DMIO52553419283276,2026-08-13,88227,1
PAY-76490,INV-83057,OMC-015,Mombasa Petroleum,GB80WOIJ43135182337498,2025-09-30,98608,1
PAY-16687,INV-90287,OMC-011,Hass Petroleum,GB56WGCN65876036690967,2025-03-29,195117,1
PAY-88013,INV-27998,OMC-010,Tamoil,GB34EABH79176936763201,2026-04-18,156167,1
PAY-17728,INV-25928,OMC-004,Gulf Energy,GB89GWUW86379402654235,2026-06-19,25047,2
PAY-30502,INV-42626,OMC-002,Vivo Energy,GB45OQIR01845146270482,2026-05-14,61890,1
PAY-88510,INV-70284,OMC-010,Tamoil,GB34EABH79176936763201,2025-07-16,82830,1
PAY-91643,INV-65823,OMC-014,Texol Energies,GB06ONXS45314737996507,2025-12-10,24486,1
PAY-94294,INV-19591,OMC-020,Ethiopian Oil,GB14NSVZ22219693792374,2025-07-02,124998,1
PAY-11639,INV-95510,OMC-015,Mombasa Petroleum,GB80WOIJ43135182337498,2025-05-31,292970,1
PAY-89130,INV-84446,OMC-018,Uganda National Oil,GB36RNCH17127484677378,2026-04-18,52177,1
PAY-37662,INV-85238,OMC-004,Gulf Energy,GB89GWUW86379402654235,2026-05-18,23899,2
PAY-71459,INV-63984,OMC-004,Gulf Energy,GB89GWUW86379402654235,2026-03-24,255685,1
PAY-78165,INV-77316,OMC-015,Mombasa Petroleum,GB80WOIJ43135182337498,2025-08-28,55328,1
PAY-83019,INV-21474,OMC-016,KPA Marine,GB31MOOJ96499091334123,2026-05-10,26753,1
PAY-30259,INV-30951,OMC-018,Uganda National Oil,GB36RNCH17127484677378,2025-09-03,26900,1
PAY-56126,INV-40304,OMC-019,Tanzania Petroleum,GB59MHYN05766270289517,2026-03-25,275328,1
PAY-61238,INV-12372,OMC-011,Hass Petroleum,GB56WGCN65876036690967,2026-07-04,181974,1
PAY-61011,INV-97913,OMC-015,Mombasa Petroleum,GB80WOIJ43135182337498,2025-09-11,22565,1
PAY-91568,INV-71167,OMC-013,Lake Oil,GB88TEHE71937452991241,2026-07-13,245740,1
PAY-84505,INV-50815,OMC-010,Tamoil,GB34EABH79176936763201,2025-04-01,195043,1
PAY-65693,INV-33776,OMC-020,Ethiopian Oil,GB14NSVZ22219693792374,2026-04-08,182824,1
PAY-21479,INV-78237,OMC-009,Dalbit Petroleum,GB53VXXX35615951484656,2025-11-23,79044,1
PAY-18060,INV-92820,OMC-008,National Oil,GB08NAFX56342160733754,,205327,1
PAY-36458,INV-24751,OMC-018,Uganda National Oil,GB36RNCH17127484677378,2025-11-24,149537,1
PAY-17350,INV-48057,OMC-008,National Oil,GB08NAFX56342160733754,2025-09-26,144173,1
PAY-71235,INV-34206,OMC-014,Texol Energies,GB06ONXS45314737996507,2025-12-08,37901,1
PAY-97377,INV-45366,OMC-002,Vivo Energy,GB45OQIR01845146270482,2026-07-28,126207,1
PAY-45102,INV-85537,OMC-003,Rubis Energy,GB04LOQO13315098393010,2025-08-04,47009,1
PAY-31738,INV-90894,OMC-001,TotalEnergies Kenya,GB06DMIO52553419283276,2025-09-14,30568,1
PAY-56874,INV-91771,OMC-015,Mombasa Petroleum,GB80WOIJ43135182337498,2025-12-15,128875,1
PAY-14352,INV-20587,OMC-012,Galana Energies,GB89GWUW86379402654235,2026-05-24,89172,1
PAY-41399,INV-29474,OMC-001,TotalEnergies Kenya,GB06DMIO52553419283276,2025-04-15,36376,1
PAY-77339,INV-93328,OMC-008,National Oil,GB08NAFX56342160733754,2026-01-10,68043,1
PAY-66594,INV-87667,OMC-013,Lake Oil,GB88TEHE71937452991241,2026-06-10,191845,1
PAY-88616,INV-88329,OMC-001,TotalEnergies Kenya,GB06DMIO52553419283276,2025-05-05,164714,1
PAY-17437,INV-56955,OMC-012,Galana Energies,GB89GWUW86379402654235,2026-03-17,108260,1
PAY-87036,INV-91232,OMC-019,Tanzania Petroleum,GB59MHYN05766270289517,2025-04-14,210612,1
PAY-75903,INV-55537,OMC-014,Texol Energies,GB06ONXS45314737996507,2025-10-31,263001,1
PAY-59407,INV-45001,OMC-019,Tanzania Petroleum,GB59MHYN05766270289517,2026-03-16,110894,1
PAY-98426,INV-17920,OMC-018,Uganda National Oil,GB36RNCH17127484677378,2025-10-20,59119,1
PAY-84367,INV-68081,OMC-017,KAA Aviation,GB54HVSS04902787429671,2026-03-26,64889,1
PAY-29008,INV-49717,OMC-007,Kobil,GB37IDDX82449353487401,2026-05-26,206265,1
PAY-78373,INV-51096,OMC-018,Uganda National Oil,GB36RNCH17127484677378,2025-12-09,49671,2
PAY-39873,INV-33064,OMC-008,National Oil,GB08NAFX56342160733754,2025-08-07,124171,1
PAY-66815,INV-12435,OMC-011,Hass Petroleum,GB56WGCN65876036690967,2025-11-22,29888,1
PAY-97512,INV-56165,OMC-002,Vivo Energy,GB45OQIR01845146270482,2026-02-06,256426,1
PAY-28955,INV-74346,OMC-001,TotalEnergies Kenya,GB06DMIO52553419283276,2026-06-19,107572,1
PAY-94549,INV-45013,OMC-014,Texol Energies,GB06ONXS45314737996507,2025-06-04,17771,1
PAY-26081,INV-82223,OMC-016,KPA Marine,GB31MOOJ96499091334123,2026-03-29," KES 37,119 ",1
PAY-58359,INV-94284,OMC-012,Galana Energies,GB89GWUW86379402654235,2026-04-22,19765,2
PAY-74328,INV-71623,OMC-006,Hashi Energy,GB05QCFC91361939909169,2025-07-25,278476,1
PAY-22463,INV-71374,OMC-014,Texol Energies,GB06ONXS45314737996507,2026-01-14,152860,1
PAY-17372,INV-48332,OMC-008,National Oil,GB08NAFX56342160733754,2025-08-31," KES 44,325 ",1
PAY-90241,INV-57091,OMC-012,Galana Energies,GB89GWUW86379402654235,2026-04-19,22498,1
PAY-28470,INV-44988,OMC-018,Uganda National Oil,GB36RNCH17127484677378,2025-08-26,28860,1
PAY-45591,INV-54966,OMC-018,Uganda National Oil,GB36RNCH17127484677378,2025-02-13,37346,1
PAY-96135,INV-80950,OMC-003,Rubis Energy,GB04LOQO13315098393010,2025-08-03,125934,1
PAY-49769,INV-26498,OMC-016,KPA Marine,GB31MOOJ96499091334123,2025-11-12,120821,1
PAY-99568,INV-73868,OMC-019,Tanzania Petroleum,GB59MHYN05766270289517,2025-09-13,249658,1
PAY-90809,INV-89152,OMC-017,KAA Aviation,GB54HVSS04902787429671,2026-04-25,214408,1
PAY-46219,INV-85194,OMC-005,PetroOil Kenya,GB89GWUW86379402654235,2026-04-29,12343,2
PAY-84771,INV-10948,OMC-017,KAA Aviation,GB54HVSS04902787429671,2026-01-11,192199,1
PAY-34248,INV-34487,OMC-001,TotalEnergies Kenya,GB06DMIO52553419283276,2025-08-23,60423,2
PAY-20501,INV-24606,OMC-015,Mombasa Petroleum,GB80WOIJ43135182337498,2025-11-04,35893,1
PAY-83319,INV-77149,OMC-016,KPA Marine,GB31MOOJ96499091334123,2026-03-19,115660,1
PAY-55694,INV-21602,OMC-017,KAA Aviation,GB54HVSS04902787429671,2026-04-06,51406,1
PAY-43033,INV-67789,OMC-020,Ethiopian Oil,GB14NSVZ22219693792374,2026-06-27,71382,1
PAY-57523,INV-12146,OMC-012,Galana Energies,GB89GWUW86379402654235,2026-03-28,88533,1
PAY-55497,INV-60562,OMC-010,Tamoil,GB34EABH79176936763201,2025-09-26,44388,1
PAY-24196,INV-23353,OMC-020,Ethiopian Oil,GB14NSVZ22219693792374,2026-02-25,43963,2
PAY-18610,INV-39750,OMC-010,Tamoil,GB34EABH79176936763201,2025-08-11,54895,1
PAY-94444,INV-18777,OMC-013,Lake Oil,GB88TEHE71937452991241,,31451,1
PAY-17353,INV-61053,OMC-016,KPA Marine,GB31MOOJ96499091334123,2026-01-08,199714,1
PAY-80256,INV-33365,OMC-014,Texol Energies,GB06ONXS45314737996507,2025-02-28,164595,1
PAY-92949,INV-19295,OMC-018,Uganda National Oil,GB36RNCH17127484677378,2025-10-21,246378,1
PAY-53091,INV-74391,OMC-003,Rubis Energy,GB04LOQO13315098393010,2026-06-18,28237,1
PAY-36040,INV-31819,OMC-006,Hashi Energy,GB05QCFC91361939909169,2025-10-30,142865,1
PAY-30890,INV-96307,OMC-005,PetroOil Kenya,GB89GWUW86379402654235,2026-05-14,73010,1
PAY-36490,INV-67151,OMC-002,Vivo Energy,GB45OQIR01845146270482,2026-05-12,177417,1
PAY-94563,INV-56236,OMC-014,Texol Energies,GB06ONXS45314737996507,2025-04-25,117739,2
PAY-16480,INV-14825,OMC-007,Kobil,GB37IDDX82449353487401,2025-12-07,148938,1
PAY-18529,INV-89263,OMC-020,Ethiopian Oil,GB14NSVZ22219693792374,2026-03-31,198968,1
PAY-88677,INV-26996,OMC-007,Kobil,GB37IDDX82449353487401,2025-04-17,102678,1
PAY-22355,INV-92072,OMC-007,Kobil,GB37IDDX82449353487401,2025-10-26,106010,1
PAY-59519,INV-50595,OMC-009,Dalbit Petroleum,GB53VXXX35615951484656,2025-09-27,40918,1
PAY-50162,INV-79664,OMC-008,National Oil,GB08NAFX56342160733754,2025-02-21," KES 55,654 ",1
PAY-92695,INV-62084,OMC-014,Texol Energies,GB06ONXS45314737996507,2026-02-20,77571,1
PAY-65791,INV-88567,OMC-015,Mombasa Petroleum,GB80WOIJ43135182337498,2026-02-01,127659,1
PAY-24771,INV-33706,OMC-020,Ethiopian Oil,GB14NSVZ22219693792374,2025-11-13," KES 197,920 ",1
PAY-12079,INV-11509,OMC-004,Gulf Energy,GB89GWUW86379402654235,2026-06-12,40777,2
PAY-90531,INV-39921,OMC-001,TotalEnergies Kenya,GB06DMIO52553419283276,05/10/2025,135872,1
PAY-17102,INV-64270,OMC-007,Kobil,GB37IDDX82449353487401,2026-06-29,277492,1
PAY-70780,INV-10831,OMC-004,Gulf Energy,GB89GWUW86379402654235,2026-05-19,188177,1
PAY-48250,INV-28314,OMC-006,Hashi Energy,GB05QCFC91361939909169,2025-07-15,41517,2
PAY-15728,INV-48861,OMC-011,Hass Petroleum,GB56WGCN65876036690967,2025-09-08,44545,1
PAY-92592,INV-61154,OMC-020,Ethiopian Oil,GB14NSVZ22219693792374,2025-12-07,128430,1
PAY-54063,INV-40408,OMC-015,Mombasa Petroleum,GB80WOIJ43135182337498,2026-03-10,34470,1
PAY-66574,INV-53650,OMC-018,Uganda National Oil,GB36RNCH17127484677378,2025-03-27,132092,1
PAY-99466,INV-57948,OMC-015,Mombasa Petroleum,GB80WOIJ43135182337498,2025-12-30,58793,1
PAY-24326,INV-77323,OMC-014,Texol Energies,GB06ONXS45314737996507,22/01/2026,104453,1
PAY-94821,INV-28302,OMC-006,Hashi Energy,GB05QCFC91361939909169,2026-05-20,24475,1
PAY-12289,INV-18225,OMC-002,Vivo Energy,GB45OQIR01845146270482,2025-04-24,27119,1
PAY-96520,INV-12048,OMC-007,Kobil,GB37IDDX82449353487401,2026-02-23,43531,1
PAY-69663,INV-54959,OMC-003,Rubis Energy,GB04LOQO13315098393010,2025-05-19,115613,1
PAY-22847,INV-16512,OMC-016,KPA Marine,GB31MOOJ96499091334123,17/04/2026,20147,1
PAY-65691,INV-14219,OMC-009,Dalbit Petroleum,GB53VXXX35615951484656,2025-10-23,64522,2
PAY-70897,INV-68922,OMC-016,KPA Marine,GB31MOOJ96499091334123,2025-04-23,8239,2
PAY-49516,INV-10061,OMC-008,National Oil,GB08NAFX56342160733754,2025-10-28,52927,1
PAY-29187,INV-94060,OMC-012,Galana Energies,GB89GWUW86379402654235,2026-05-01,44186,1
PAY-13097,INV-83690,OMC-005,PetroOil Kenya,GB89GWUW86379402654235,2026-05-27,169981,1
PAY-49748,INV-38705,OMC-016,KPA Marine,GB31MOOJ96499091334123,2026-05-26,65010,2
PAY-90319,INV-25079,OMC-002,Vivo Energy,GB45OQIR01845146270482,2025-07-30,106461,2
PAY-72547,INV-89821,OMC-011,Hass Petroleum,GB56WGCN65876036690967,2025-06-23,185787,1
PAY-25056,INV-54556,OMC-004,Gulf Energy,GB89GWUW86379402654235,2026-03-05,32544,1
PAY-79084,INV-30457,OMC-018,Uganda National Oil,GB36RNCH17127484677378,2025-07-23,182738,1
PAY-46935,INV-90855,OMC-001,TotalEnergies Kenya,GB06DMIO52553419283276,2025-08-02,42624,2
PAY-74336,INV-52285,OMC-005,PetroOil Kenya,GB89GWUW86379402654235,2026-04-24,172446,1
PAY-64751,INV-26964,OMC-018,Uganda National Oil,GB36RNCH17127484677378,2025-09-29,29408,1
PAY-19211,INV-10389,OMC-011,Hass Petroleum,GB56WGCN65876036690967,2025-03-17,134039,1
PAY-48909,INV-91230,OMC-018,Uganda National Oil,GB36RNCH17127484677378,2026-01-15,112379,1
PAY-40204,INV-56677,OMC-003,Rubis Energy,GB04LOQO13315098393010,2025-10-05," KES 267,106 ",1
PAY-44336,INV-31554,OMC-013,Lake Oil,GB88TEHE71937452991241,2026-05-21,33026,1
PAY-79554,INV-80278,OMC-006,Hashi Energy,GB05QCFC91361939909169,2026-03-10,259249,1
PAY-28150,INV-59256,OMC-018,Uganda National Oil,GB36RNCH17127484677378,2025-04-19,58878,1
PAY-83036,INV-39608,OMC-014,Texol Energies,GB06ONXS45314737996507,2025-12-01,91242,1
PAY-50336,INV-86124,OMC-001,TotalEnergies Kenya,GB06DMIO52553419283276,2026-04-12,187562,1
PAY-68266,INV-63241,OMC-020,Ethiopian Oil,GB14NSVZ22219693792374,2026-02-19,37974,1
PAY-64950,INV-94096,OMC-015,Mombasa Petroleum,GB80WOIJ43135182337498,2025-11-03," KES 176,773 ",1
PAY-58577,INV-26347,OMC-001,TotalEnergies Kenya,GB06DMIO52553419283276,2025-07-27,26589,2
PAY-37427,INV-82829,OMC-005,PetroOil Kenya,GB89GWUW86379402654235,2026-03-28,176998,1
PAY-76685,INV-54961,OMC-019,Tanzania Petroleum,GB59MHYN05766270289517,2026-01-07,51904,1
PAY-85257,INV-85925,OMC-014,Texol Energies,GB06ONXS45314737996507,2025-05-27,166098,1
PAY-61918,INV-22188,OMC-012,Galana Energies,GB89GWUW86379402654235,2026-03-17,168801,1
PAY-46848,INV-15516,OMC-009,Dalbit Petroleum,GB53VXXX35615951484656,2026-02-11,74665,2
PAY-17853,INV-86739,OMC-006,Hashi Energy,GB05QCFC91361939909169,2025-10-01,223276,1
PAY-72322,INV-42281,OMC-009,Dalbit Petroleum,GB53VXXX35615951484656,2026-03-12,25072,2
PAY-27193,INV-77281,OMC-017,KAA Aviation,GB54HVSS04902787429671,09/06/2026,43737,1
PAY-41735,INV-36196,OMC-001,TotalEnergies Kenya,GB06DMIO52553419283276,2026-03-22,103771,1
PAY-27077,INV-61167,OMC-020,Ethiopian Oil,GB14NSVZ22219693792374,2026-03-13,115854,1
PAY-42052,INV-19380,OMC-019,Tanzania Petroleum,GB59MHYN05766270289517,2026-06-05,192022,1
PAY-41720,INV-26679,OMC-005,PetroOil Kenya,GB89GWUW86379402654235,2026-06-15,212800,1
PAY-65042,INV-17281,OMC-010,Tamoil,GB34EABH79176936763201,2025-12-22,115497,1
PAY-49400,INV-28515,OMC-010,Tamoil,GB34EABH79176936763201,,184578,1
PAY-19303,INV-29191,OMC-005,PetroOil Kenya,GB89GWUW86379402654235,07/05/2026,29927,2
PAY-32791,INV-28456,OMC-001,TotalEnergies Kenya,GB06DMIO52553419283276,2026-04-30,161023,1
PAY-48444,INV-12305,OMC-004,Gulf Energy,GB89GWUW86379402654235,,56616,1
PAY-52379,INV-46364,OMC-015,Mombasa Petroleum,GB80WOIJ43135182337498,2026-07-12,82412,1
PAY-22243,INV-58634,OMC-001,TotalEnergies Kenya,GB06DMIO52553419283276,2026-07-03,238545,1
PAY-74585,INV-84044,OMC-020,Ethiopian Oil,GB14NSVZ22219693792374,2026-04-02,110323,1
PAY-93549,INV-52884,OMC-019,Tanzania Petroleum,GB59MHYN05766270289517,2025-02-05," KES 152,086 ",1
PAY-16786,INV-24568,OMC-001,TotalEnergies Kenya,GB06DMIO52553419283276,2026-03-06,50532,2
PAY-11155,INV-49169,OMC-012,Galana Energies,GB89GWUW86379402654235,2026-03-05,117382,1
PAY-44722,INV-57773,OMC-014,Texol Energies,GB06ONXS45314737996507,2025-07-02,29662,1
PAY-95766,INV-79135,OMC-014,Texol Energies,GB06ONXS45314737996507,2025-05-19,44427,1
PAY-76091,INV-75528,OMC-018,Uganda National Oil,GB36RNCH17127484677378,28/04/2025,62500,1
PAY-55400,INV-67987,OMC-004,Gulf Energy,GB89GWUW86379402654235,2026-05-20,34610,1
PAY-56730,INV-38164,OMC-003,Rubis Energy,GB04LOQO13315098393010,2025-05-30,87909,1
PAY-85189,INV-56142,OMC-010,Tamoil,GB34EABH79176936763201,2026-03-21,23246,1
PAY-66910,INV-61663,OMC-016,KPA Marine,GB31MOOJ96499091334123,2026-03-12,16808,1
PAY-77964,INV-64873,OMC-019,Tanzania Petroleum,GB59MHYN05766270289517,2026-03-03,188723,1
PAY-74621,INV-54134,OMC-019,Tanzania Petroleum,GB59MHYN05766270289517,04/01/2026,31699,1
PAY-31439,INV-53564,OMC-016,KPA Marine,GB31MOOJ96499091334123,2025-11-29,44188,2
PAY-83860,INV-42934,OMC-009,Dalbit Petroleum,GB53VXXX35615951484656,2026-06-15,115149,1
PAY-51619,INV-94843,OMC-018,Uganda National Oil,GB36RNCH17127484677378,2025-03-07,46601,1
PAY-54821,INV-54776,OMC-013,Lake Oil,GB88TEHE71937452991241,2026-06-30,114934,1
PAY-17111,INV-75389,OMC-004,Gulf Energy,GB89GWUW86379402654235,2026-03-25,122837,1
PAY-46865,INV-86856,OMC-015,Mombasa Petroleum,GB80WOIJ43135182337498,2025-09-06,127904,1
PAY-99878,INV-24788,OMC-012,Galana Energies,GB89GWUW86379402654235,2026-04-06,26989,2
PAY-23944,INV-77231,OMC-013,Lake Oil,GB88TEHE71937452991241,2026-06-09,128925,1
PAY-92615,INV-16285,OMC-003,Rubis Energy,GB04LOQO13315098393010,2025-02-22,39136,1
PAY-86767,INV-54008,OMC-005,PetroOil Kenya,GB89GWUW86379402654235,2026-06-02,68343,2
PAY-96376,INV-13352,OMC-008,National Oil,GB08NAFX56342160733754,2025-07-31,44962,1
PAY-95336,INV-40356,OMC-004,Gulf Energy,GB89GWUW86379402654235,2026-04-30,188579,1
PAY-58122,INV-99910,OMC-020,Ethiopian Oil,GB14NSVZ22219693792374,2025-12-23,218774,1
PAY-53578,INV-19798,OMC-015,Mombasa Petroleum,GB80WOIJ43135182337498,2026-06-06,40473,1
PAY-64384,INV-48416,OMC-015,Mombasa Petroleum,GB80WOIJ43135182337498,2025-07-29,47460,1
PAY-68074,INV-71932,OMC-010,Tamoil,GB34EABH79176936763201,2025-10-25,86619,1
PAY-38742,INV-27907,OMC-020,Ethiopian Oil,GB14NSVZ22219693792374,2025-12-01,81476,1
PAY-71222,INV-78181,OMC-002,Vivo Energy,GB45OQIR01845146270482,2026-05-30,277227,1
PAY-27601,INV-86968,OMC-011,Hass Petroleum,GB56WGCN65876036690967,2026-01-15,24785,2
PAY-28988,INV-41019,OMC-013,Lake Oil,GB88TEHE71937452991241,2025-09-04,154860,1
PAY-54493,INV-49154,OMC-006,Hashi Energy,GB05QCFC91361939909169,2026-03-25,145419,1
PAY-23652,INV-15819,OMC-020,Ethiopian Oil,GB14NSVZ22219693792374,2025-10-31,36168,1
PAY-27298,INV-13620,OMC-020,Ethiopian Oil,GB14NSVZ22219693792374,25/05/2026,195185,1
PAY-69149,INV-64251,OMC-007,Kobil,GB37IDDX82449353487401,2026-08-08,20372,1
PAY-58335,INV-89093,OMC-007,Kobil,GB37IDDX82449353487401,2025-08-03,207434,1
PAY-53584,INV-57868,OMC-006,Hashi Energy,GB05QCFC91361939909169,2025-07-02,41076,2
PAY-82133,INV-41579,OMC-010,Tamoil,GB34EABH79176936763201,2026-06-25,28886,1
PAY-85157,INV-56132,OMC-003,Rubis Energy,GB04LOQO13315098393010,2025-03-24,47204,1
PAY-71106,INV-52891,OMC-002,Vivo Energy,GB45OQIR01845146270482,2026-06-22," KES 54,956 ",1
PAY-60989,INV-34256,OMC-005,PetroOil Kenya,GB89GWUW86379402654235,2026-06-02,93827,2
PAY-69078,INV-41947,OMC-019,Tanzania Petroleum,GB59MHYN05766270289517,2026-08-23,45745,1
PAY-35964,INV-32960,OMC-008,National Oil,GB08NAFX56342160733754,2025-08-27,51733,1
PAY-59362,INV-86409,OMC-010,Tamoil,GB34EABH79176936763201,2025-10-18,54409,1
PAY-46907,INV-68461,OMC-005,PetroOil Kenya,GB89GWUW86379402654235,2026-04-09,10882,2
PAY-69045,INV-94566,OMC-002,Vivo Energy,GB45OQIR01845146270482,2026-05-21,211722,1
PAY-69182,INV-96667,OMC-009,Dalbit Petroleum,GB53VXXX35615951484656,2025-07-26,18137,2
PAY-40271,INV-94110,OMC-001,TotalEnergies Kenya,GB06DMIO52553419283276,2026-02-18,65862,2
PAY-34521,INV-59401,OMC-004,Gulf Energy,GB89GWUW86379402654235,2026-03-05,52001,1
PAY-50630,INV-40892,OMC-009,Dalbit Petroleum,GB53VXXX35615951484656,28/07/2025,153938,1
PAY-64281,INV-75929,OMC-017,KAA Aviation,GB54HVSS04902787429671,2025-06-27,46923,1
PAY-56970,INV-62209,OMC-004,Gulf Energy,GB89GWUW86379402654235,2026-03-26,36545,1
PAY-76333,INV-88556,OMC-019,Tanzania Petroleum,GB59MHYN05766270289517,2026-04-28,192128,1
PAY-82843,INV-88755,OMC-019,Tanzania Petroleum,GB59MHYN05766270289517,2025-05-26,265792,1
PAY-11674,INV-94616,OMC-010,Tamoil,GB34EABH79176936763201,2025-03-06,265594,1
PAY-21418,INV-33060,OMC-004,Gulf Energy,GB89GWUW86379402654235,2026-05-17,149947,1
PAY-42492,INV-63576,OMC-014,Texol Energies,GB06ONXS45314737996507,2025-06-04,26096,2
PAY-10517,INV-46975,OMC-018,Uganda National Oil,GB36RNCH17127484677378,2025-10-23,35779,1
PAY-85362,INV-84374,OMC-009,Dalbit Petroleum,GB53VXXX35615951484656,2026-01-05,25911,1
PAY-53424,INV-80489,OMC-006,Hashi Energy,GB05QCFC91361939909169,2025-09-23,187969,1
PAY-66118,INV-12565,OMC-008,National Oil,GB08NAFX56342160733754,2025-10-29," KES 22,793 ",1
PAY-10796,INV-86651,OMC-012,Galana Energies,GB89GWUW86379402654235,11/03/2026,182746,1
PAY-74956,INV-79889,OMC-003,Rubis Energy,GB04LOQO13315098393010,2026-03-30,100982,1
PAY-18434,INV-86580,OMC-016,KPA Marine,GB31MOOJ96499091334123,2025-12-04,34653,1
PAY-83508,INV-27673,OMC-020,Ethiopian Oil,GB14NSVZ22219693792374,2025-06-17,136338,1
PAY-81369,INV-57645,OMC-007,Kobil,GB37IDDX82449353487401,2026-05-09,130881,1
PAY-11761,INV-36281,OMC-002,Vivo Energy,GB45OQIR01845146270482,2026-06-21,47402,1
PAY-59345,INV-54395,OMC-016,KPA Marine,GB31MOOJ96499091334123,2025-05-26,80985,1
PAY-81895,INV-57430,OMC-019,Tanzania Petroleum,GB59MHYN05766270289517,2025-02-17,254291,1
PAY-48486,INV-11937,OMC-017,KAA Aviation,GB54HVSS04902787429671,2025-05-29,198607,1
PAY-98471,INV-64553,OMC-017,KAA Aviation,GB54HVSS04902787429671,2025-08-01,126356,1
PAY-89946,INV-67289,OMC-008,National Oil,GB08NAFX56342160733754,2026-06-02,112014,1
PAY-85054,INV-47722,OMC-004,Gulf Energy,GB89GWUW86379402654235,2026-06-02,77821,2
PAY-84997,INV-90720,OMC-019,Tanzania Petroleum,GB59MHYN05766270289517,2025-07-07,43372,1
PAY-67147,INV-35365,OMC-010,Tamoil,GB34EABH79176936763201,2025-08-24,33761,1
PAY-77197,INV-88165,OMC-012,Galana Energies,GB89GWUW86379402654235,2026-06-11,20047,2
PAY-20757,INV-50639,OMC-004,Gulf Energy,GB89GWUW86379402654235,2026-03-18,34682,1
PAY-90667,INV-65888,OMC-013,Lake Oil,GB88TEHE71937452991241,2026-06-27,214516,1
PAY-53176,INV-64665,OMC-020,Ethiopian Oil,GB14NSVZ22219693792374,2025-09-13,174875,1
PAY-58949,INV-65021,OMC-014,Texol Energies,GB06ONXS45314737996507,2025-03-09,25585,1
PAY-89260,INV-23869,OMC-019,Tanzania Petroleum,GB59MHYN05766270289517,,33358,1
PAY-14429,INV-60252,OMC-018,Uganda National Oil,GB36RNCH17127484677378,,235664,1
PAY-45872,INV-66356,OMC-017,KAA Aviation,GB54HVSS04902787429671,2026-08-23,63332,1
PAY-59338,INV-48187,OMC-012,Galana Energies,GB89GWUW86379402654235,2026-05-09,14554,2
PAY-46729,INV-31167,OMC-002,Vivo Energy,GB45OQIR01845146270482,2025-06-21,23566,1
PAY-53984,INV-16248,OMC-005,PetroOil Kenya,GB89GWUW86379402654235,2026-03-29,126666,1
PAY-87993,INV-30211,OMC-006,Hashi Energy,GB05QCFC91361939909169,2025-09-29,158795,1
PAY-85543,INV-13420,OMC-001,TotalEnergies Kenya,GB06DMIO52553419283276,2025-11-08,13524,2
PAY-72222,INV-95480,OMC-009,Dalbit Petroleum,GB53VXXX35615951484656,2026-02-19,74372,1
PAY-60692,INV-11524,OMC-016,KPA Marine,GB31MOOJ96499091334123,2025-08-23,48129,1
PAY-34257,INV-54466,OMC-009,Dalbit Petroleum,GB53VXXX35615951484656,2025-12-10,102994,1
PAY-22900,INV-59361,OMC-006,Hashi Energy,GB05QCFC91361939909169,2026-01-08,23106,1
PAY-24527,INV-10442,OMC-013,Lake Oil,GB88TEHE71937452991241,2025-01-29,113605,1
PAY-14701,INV-35973,OMC-016,KPA Marine,GB31MOOJ96499091334123,2025-10-16,211911,1
PAY-17067,INV-12442,OMC-012,Galana Energies,GB89GWUW86379402654235,2026-07-10,26133,2
PAY-42820,INV-90126,OMC-001,TotalEnergies Kenya,GB06DMIO52553419283276,2026-03-22,144147,1
PAY-67754,INV-52693,OMC-005,PetroOil Kenya,GB89GWUW86379402654235,2026-05-02,126780,1
PAY-37969,INV-47323,OMC-013,Lake Oil,GB88TEHE71937452991241,2025-05-11,103444,1
PAY-58475,INV-25024,OMC-020,Ethiopian Oil,GB14NSVZ22219693792374,2025-05-07,152094,1
PAY-46137,INV-29358,OMC-018,Uganda National Oil,GB36RNCH17127484677378,2025-09-22,17153,1
PAY-61436,INV-56622,OMC-019,Tanzania Petroleum,GB59MHYN05766270289517,2025-07-16,230242,1
PAY-20558,INV-46651,OMC-001,TotalEnergies Kenya,GB06DMIO52553419283276,2025-08-30,51724,1
PAY-78269,INV-57454,OMC-012,Galana Energies,GB89GWUW86379402654235,2026-06-10,139948,2
PAY-44205,INV-55484,OMC-017,KAA Aviation,GB54HVSS04902787429671,2026-04-15,50976,1
PAY-65372,INV-82305,OMC-015,Mombasa Petroleum,GB80WOIJ43135182337498,2025-04-22," KES 128,896 ",1
PAY-75372,INV-20558,OMC-012,Galana Energies,GB89GWUW86379402654235,2026-03-31,37241,2
PAY-75917,INV-80385,OMC-008,National Oil,GB08NAFX56342160733754,2025-02-16,102943,1
PAY-12536,INV-49856,OMC-007,Kobil,GB37IDDX82449353487401,2026-05-22,48239,1
PAY-93760,INV-92782,OMC-008,National Oil,GB08NAFX56342160733754,2025-09-27,223738,1
PAY-82655,INV-51144,OMC-014,Texol Energies,GB06ONXS45314737996507,2026-01-03,42472,1
PAY-70281,INV-43730,OMC-014,Texol Energies,GB06ONXS45314737996507,2025-05-15,121753,1
PAY-82505,INV-77254,OMC-008,National Oil,GB08NAFX56342160733754,2026-05-09,112433,1
PAY-28502,INV-47700,OMC-020,Ethiopian Oil,GB14NSVZ22219693792374,,34196,1
PAY-96655,INV-50580,OMC-011,Hass Petroleum,GB56WGCN65876036690967,2025-10-17,154534,1
PAY-64102,INV-16966,OMC-007,Kobil,GB37IDDX82449353487401,2026-02-07,131051,1
PAY-30702,INV-36539,OMC-008,National Oil,GB08NAFX56342160733754,2025-05-19,20694,1
PAY-55013,INV-69219,OMC-013,Lake Oil,GB88TEHE71937452991241,,186229,1
PAY-39863,INV-61520,OMC-018,Uganda National Oil,GB36RNCH17127484677378,2026-04-17,194499,1
PAY-45491,INV-62080,OMC-003,Rubis Energy,GB04LOQO13315098393010,2026-06-12,142179,1
PAY-28013,INV-87544,OMC-001,TotalEnergies Kenya,GB06DMIO52553419283276,2026-06-06,48445,1
PAY-27751,INV-53362,OMC-020,Ethiopian Oil,GB14NSVZ22219693792374,2025-09-23,142314,1
PAY-76195,INV-29261,OMC-007,Kobil,GB37IDDX82449353487401,2025-11-25,29276,1
PAY-78792,INV-11790,OMC-011,Hass Petroleum,GB56WGCN65876036690967,2025-06-14,128720,1
PAY-10906,INV-91877,OMC-015,Mombasa Petroleum,GB80WOIJ43135182337498,2026-05-16,238023,1
PAY-15183,INV-93753,OMC-016,KPA Marine,GB31MOOJ96499091334123,2025-02-04,44778,1
PAY-99815,INV-21312,OMC-017,KAA Aviation,GB54HVSS04902787429671,2026-04-07,207034,1
PAY-91680,INV-94784,OMC-005,PetroOil Kenya,GB89GWUW86379402654235,2026-05-11,80165,2
PAY-97058,INV-84541,OMC-010,Tamoil,GB34EABH79176936763201,16/04/2025,148521,1
PAY-31040,INV-47616,OMC-001,TotalEnergies Kenya,GB06DMIO52553419283276,2025-02-22,32630,1
PAY-16466,INV-57016,OMC-017,KAA Aviation,GB54HVSS04902787429671,2025-05-06,111513,1
PAY-70746,INV-34625,OMC-019,Tanzania Petroleum,GB59MHYN05766270289517,2026-04-08,27849,1
PAY-18016,INV-74302,OMC-008,National Oil,GB08NAFX56342160733754,2026-06-14,25709,1
PAY-52522,INV-13730,OMC-001,TotalEnergies Kenya,GB06DMIO52553419283276,10/03/2026,16641,2
PAY-11042,INV-78857,OMC-011,Hass Petroleum,GB56WGCN65876036690967,,268625,1
PAY-31155,INV-68447,OMC-011,Hass Petroleum,GB56WGCN65876036690967,2026-05-20,262006,1
PAY-54730,INV-40558,OMC-005,PetroOil Kenya,GB89GWUW86379402654235,2026-03-23,6549,2
PAY-33530,INV-79556,OMC-004,Gulf Energy,GB89GWUW86379402654235,2026-06-12,42199,2
PAY-58361,INV-50082,OMC-017,KAA Aviation,GB54HVSS04902787429671,2025-08-22,41894,1
PAY-21741,INV-94991,OMC-008,National Oil,GB08NAFX56342160733754,2025-03-13,16110,2
PAY-73387,INV-36361,OMC-012,Galana Energies,GB89GWUW86379402654235,2026-04-12,69253,2
PAY-61472,INV-47551,OMC-015,Mombasa Petroleum,GB80WOIJ43135182337498,2026-01-23,58294,1
PAY-37711,INV-67141,OMC-012,Galana Energies,GB89GWUW86379402654235,2026-05-16,57747,1
PAY-31296,INV-29191,OMC-005,PetroOil Kenya,GB89GWUW86379402654235,2026-04-17,78519,1
PAY-99502,INV-17353,OMC-016,KPA Marine,GB31MOOJ96499091334123,2025-07-14,196120,1
PAY-61040,INV-41577,OMC-012,Galana Energies,GB89GWUW86379402654235,2026-04-08,151853,1
PAY-71762,INV-45994,OMC-009,Dalbit Petroleum,GB53VXXX35615951484656,2025-11-30,105906,1
PAY-28533,INV-29894,OMC-019,Tanzania Petroleum,GB59MHYN05766270289517,2026-02-16,53990,1
PAY-48807,INV-49995,OMC-004,Gulf Energy,GB89GWUW86379402654235,2026-05-10,81018,2
PAY-91219,INV-16294,OMC-010,Tamoil,GB34EABH79176936763201,2025-01-31,186858,1
PAY-64730,INV-17258,OMC-001,TotalEnergies Kenya,GB06DMIO52553419283276,2025-09-06,211813,1
PAY-83447,INV-98397,OMC-001,TotalEnergies Kenya,GB06DMIO52553419283276,2026-05-25,48174,1
PAY-40499,INV-99633,OMC-020,Ethiopian Oil,GB14NSVZ22219693792374,11/04/2025,61421,2
PAY-91722,INV-88821,OMC-013,Lake Oil,GB88TEHE71937452991241,2025-12-31,257899,1
PAY-28858,INV-42340,OMC-002,Vivo Energy,GB45OQIR01845146270482,2026-08-08,8446,2
PAY-40554,INV-19403,OMC-017,KAA Aviation,GB54HVSS04902787429671,2026-07-25,165317,1
PAY-35070,INV-61840,OMC-019,Tanzania Petroleum,GB59MHYN05766270289517,,30446,1
PAY-44516,INV-57433,OMC-013,Lake Oil,GB88TEHE71937452991241,2025-10-14,175213,1
PAY-84443,INV-83253,OMC-005,PetroOil Kenya,GB89GWUW86379402654235,2026-06-01," KES 166,389 ",1
PAY-15895,INV-71184,OMC-014,Texol Energies,GB06ONXS45314737996507,2026-07-26,15277,2
PAY-95803,INV-43537,OMC-018,Uganda National Oil,GB36RNCH17127484677378,2025-06-24,155346,1
PAY-85548,INV-48431,OMC-013,Lake Oil,GB88TEHE71937452991241,2025-06-11,49230,1
PAY-40913,INV-81973,OMC-001,TotalEnergies Kenya,GB06DMIO52553419283276,2026-04-03,35884,1
PAY-85297,INV-96532,OMC-009,Dalbit Petroleum,GB53VXXX35615951484656,2025-04-13," KES 173,189 ",1
PAY-31967,INV-95054,OMC-018,Uganda National Oil,GB36RNCH17127484677378,2025-12-28,23587,1
PAY-18521,INV-52092,OMC-009,Dalbit Petroleum,GB53VXXX35615951484656,2026-05-11,39883,1
PAY-36410,INV-23230,OMC-012,Galana Energies,GB89GWUW86379402654235,2026-06-05,226174,1
PAY-76721,INV-56808,OMC-020,Ethiopian Oil,GB14NSVZ22219693792374,2026-03-14,125769,1
PAY-10653,INV-23248,OMC-016,KPA Marine,GB31MOOJ96499091334123,2026-03-05,31708,1
PAY-50791,INV-14114,OMC-007,Kobil,GB37IDDX82449353487401,2026-01-30,146253,1
PAY-67258,INV-91094,OMC-017,KAA Aviation,GB54HVSS04902787429671,2026-03-30,34060,1
PAY-62458,INV-57352,OMC-004,Gulf Energy,GB89GWUW86379402654235,2026-04-16,162657,1
PAY-67430,INV-93620,OMC-019,Tanzania Petroleum,GB59MHYN05766270289517,2025-05-16,32434,1
PAY-29561,INV-29051,OMC-004,Gulf Energy,GB89GWUW86379402654235,2026-03-18,144757,1
PAY-84953,INV-12168,OMC-008,National Oil,GB08NAFX56342160733754,28/04/2026,53580,1
PAY-81658,INV-75896,OMC-002,Vivo Energy,GB45OQIR01845146270482,2025-05-04,60877,1
PAY-82180,INV-65844,OMC-010,Tamoil,GB34EABH79176936763201,2026-08-15,131434,2
PAY-20202,INV-79391,OMC-004,Gulf Energy,GB89GWUW86379402654235,2026-05-29,46916,1
PAY-57839,INV-26832,OMC-008,National Oil,GB08NAFX56342160733754,2025-05-11,210724,1
PAY-41422,INV-67611,OMC-012,Galana Energies,GB89GWUW86379402654235,2026-04-24,14486,1
PAY-22947,INV-65387,OMC-009,Dalbit Petroleum,GB53VXXX35615951484656,2026-08-04,89044,2
PAY-38407,INV-23223,OMC-013,Lake Oil,GB88TEHE71937452991241,2025-02-01,231918,1
PAY-54642,INV-10097,OMC-016,KPA Marine,GB31MOOJ96499091334123,2026-07-17,42248,2
PAY-43045,INV-95669,OMC-016,KPA Marine,GB31MOOJ96499091334123,2025-03-27,108203,1
PAY-24935,INV-94213,OMC-007,Kobil,GB37IDDX82449353487401,2025-09-19,152786,1
PAY-89033,INV-73454,OMC-001,TotalEnergies Kenya,GB06DMIO52553419283276,2025-04-05,234310,1
PAY-74807,INV-91299,OMC-004,Gulf Energy,GB89GWUW86379402654235,2026-05-20,240990,1
PAY-24819,INV-37696,OMC-015,Mombasa Petroleum,GB80WOIJ43135182337498,2025-12-15,238009,1
PAY-22639,INV-98070,OMC-017,KAA Aviation,GB54HVSS04902787429671,30/01/2025,35206,1
PAY-64416,INV-53900,OMC-012,Galana Energies,GB89GWUW86379402654235,2026-04-05,139550,1
PAY-97606,INV-57363,OMC-016,KPA Marine,GB31MOOJ96499091334123,2026-09-17,20929,2
PAY-96039,INV-12442,OMC-012,Galana Energies,GB89GWUW86379402654235,2026-06-17,29817,1
PAY-70761,INV-81450,OMC-018,Uganda National Oil,GB36RNCH17127484677378,06/10/2025,164845,1
PAY-47731,INV-21179,OMC-020,Ethiopian Oil,GB14NSVZ22219693792374,2025-07-19,240357,1
PAY-43743,INV-23296,OMC-016,KPA Marine,GB31MOOJ96499091334123,2026-07-20,136681,1
PAY-13915,INV-76139,OMC-015,Mombasa Petroleum,GB80WOIJ43135182337498,2025-11-29,35159,1
PAY-84448,INV-58266,OMC-008,National Oil,GB08NAFX56342160733754,2025-07-28,181847,1
PAY-50081,INV-95543,OMC-013,Lake Oil,GB88TEHE71937452991241,2025-07-18,25586,1
PAY-37536,INV-94091,OMC-020,Ethiopian Oil,GB14NSVZ22219693792374,2025-06-10,26621,1
PAY-18897,INV-18588,OMC-001,TotalEnergies Kenya,GB06DMIO52553419283276,2026-05-04,23429,1
PAY-50409,INV-86622,OMC-009,Dalbit Petroleum,GB53VXXX35615951484656,2025-09-13,115555,1
PAY-42897,INV-14823,OMC-001,TotalEnergies Kenya,GB06DMIO52553419283276,2026-07-17,35752,1
PAY-48537,INV-50815,OMC-002,Vivo Energy,GB45OQIR01845146270482,2025-04-02,47817,1
PAY-25218,INV-58011,OMC-017,KAA Aviation,GB54HVSS04902787429671,2025-11-15,145934,1
PAY-89672,INV-51828,OMC-009,Dalbit Petroleum,GB53VXXX35615951484656,2026-04-05,23787,1
PAY-66070,INV-96691,OMC-001,TotalEnergies Kenya,GB06DMIO52553419283276,2025-08-27,210353,1
PAY-78618,INV-34037,OMC-019,Tanzania Petroleum,GB59MHYN05766270289517,2025-03-14,229696,1
PAY-11971,INV-62995,OMC-006,Hashi Energy,GB05QCFC91361939909169,2025-04-16,32653,1
PAY-59250,INV-22359,OMC-017,KAA Aviation,GB54HVSS04902787429671,2025-05-15,279622,1
PAY-34035,INV-98992,OMC-014,Texol Energies,GB06ONXS45314737996507,2025-11-26,94910,1
PAY-70216,INV-75784,OMC-007,Kobil,GB37IDDX82449353487401,2025-12-19,75331,1
PAY-66271,INV-84398,OMC-009,Dalbit Petroleum,GB53VXXX35615951484656,2025-08-03,205816,1
PAY-79880,INV-99084,OMC-004,Gulf Energy,GB89GWUW86379402654235,2026-05-15," KES 281,790 ",1
PAY-70623,INV-78756,OMC-015,Mombasa Petroleum,GB80WOIJ43135182337498,2025-11-18,42582,1
PAY-12527,INV-61955,OMC-018,Uganda National Oil,GB36RNCH17127484677378,2026-01-15,37632,1
PAY-48064,INV-84021,OMC-015,Mombasa Petroleum,GB80WOIJ43135182337498,2026-02-22,49308,1
PAY-12178,INV-91732,OMC-003,Rubis Energy,GB04LOQO13315098393010,2025-04-27,65779,1
PAY-51441,INV-19078,OMC-010,Tamoil,GB34EABH79176936763201,2025-12-18,29506,1
PAY-63767,INV-75056,OMC-002,Vivo Energy,GB45OQIR01845146270482,2026-04-07,248191,1
PAY-61039,INV-88607,OMC-007,Kobil,GB37IDDX82449353487401,2025-03-06,96251,1
PAY-36987,INV-12796,OMC-008,National Oil,GB08NAFX56342160733754,2025-07-13,56358,1
PAY-29754,INV-60214,OMC-014,Texol Energies,GB06ONXS45314737996507,2026-03-06," KES 132,921 ",1
PAY-36129,INV-36274,OMC-010,Tamoil,GB34EABH79176936763201,2025-09-21,49627,1
PAY-18820,INV-83356,OMC-020,Ethiopian Oil,GB14NSVZ22219693792374,2025-12-11,36831,1
PAY-88845,INV-19637,OMC-016,KPA Marine,GB31MOOJ96499091334123,2025-04-23,33417,1
PAY-32100,INV-91165,OMC-009,Dalbit Petroleum,GB53VXXX35615951484656,2026-07-25,123082,1
PAY-21295,INV-80190,OMC-008,National Oil,GB08NAFX56342160733754,2025-09-29,191763,1
PAY-33264,INV-18570,OMC-007,Kobil,GB37IDDX82449353487401,2025-10-20,45370,1
PAY-85294,INV-40096,OMC-017,KAA Aviation,GB54HVSS04902787429671,2025-05-15,46073,1
PAY-53488,INV-50750,OMC-003,Rubis Energy,GB04LOQO13315098393010,2025-07-22,58461,1
PAY-47832,INV-63832,OMC-019,Tanzania Petroleum,GB59MHYN05766270289517,31/12/2025," KES 33,407 ",1
PAY-17419,INV-48105,OMC-005,PetroOil Kenya,GB89GWUW86379402654235,2026-03-22,190317,1
PAY-43504,INV-62626,OMC-011,Hass Petroleum,GB56WGCN65876036690967,2026-03-04,148869,1
PAY-55482,INV-52398,OMC-012,Galana Energies,GB89GWUW86379402654235,2026-04-03,132684,2
PAY-69883,INV-24325,OMC-005,PetroOil Kenya,GB89GWUW86379402654235,2026-04-03,63077,1
PAY-73609,INV-89367,OMC-016,KPA Marine,GB31MOOJ96499091334123,2025-11-06,7120,2
PAY-50321,INV-77523,OMC-004,Gulf Energy,GB89GWUW86379402654235,2026-05-15,98593,1
PAY-38580,INV-91661,OMC-011,Hass Petroleum,GB56WGCN65876036690967,,15209,1
PAY-79164,INV-77156,OMC-018,Uganda National Oil,GB36RNCH17127484677378,2025-04-16,205628,1
PAY-35292,INV-71196,OMC-002,Vivo Energy,GB45OQIR01845146270482,2025-11-20,29961,1
PAY-96968,INV-34426,OMC-005,PetroOil Kenya,GB89GWUW86379402654235,2026-06-09,73846,1
PAY-16786,INV-24568,OMC-001,TotalEnergies Kenya,GB06DMIO52553419283276,2026-03-06,50532,2
PAY-44594,INV-64558,OMC-001,TotalEnergies Kenya,GB06DMIO52553419283276,01/12/2025,22698,1
PAY-30905,INV-87740,OMC-011,Hass Petroleum,GB56WGCN65876036690967,2026-03-22,258259,1
PAY-74480,INV-26065,OMC-014,Texol Energies,GB06ONXS45314737996507,2025-11-26,55476,2
PAY-32011,INV-73264,OMC-007,Kobil,GB37IDDX82449353487401,2025-07-11,52670,1
PAY-81366,INV-22779,OMC-013,Lake Oil,GB88TEHE71937452991241,2026-03-03,64028,1
PAY-90700,INV-17167,OMC-017,KAA Aviation,GB54HVSS04902787429671,2026-06-24,49647,1
PAY-70903,INV-46954,OMC-015,Mombasa Petroleum,GB80WOIJ43135182337498,2026-04-25,255180,1
PAY-94707,INV-44862,OMC-011,Hass Petroleum,GB56WGCN65876036690967,2025-11-05,187913,1
PAY-71420,INV-53246,OMC-018,Uganda National Oil,GB36RNCH17127484677378,2025-05-16,59300,1
PAY-62988,INV-46625,OMC-012,Galana Energies,GB89GWUW86379402654235,2026-05-02,143244,1
PAY-90954,INV-65439,OMC-012,Galana Energies,GB89GWUW86379402654235,,46803,2
PAY-53720,INV-17281,OMC-010,Tamoil,GB34EABH79176936763201,07/01/2026,85691,2
PAY-73516,INV-92579,OMC-020,Ethiopian Oil,GB14NSVZ22219693792374,13/07/2025,60335,1
PAY-60787,INV-50872,OMC-020,Ethiopian Oil,GB14NSVZ22219693792374,08/07/2025," KES 32,101 ",2
PAY-19659,INV-40881,OMC-010,Tamoil,GB34EABH79176936763201,2026-03-30,10610,2
PAY-78717,INV-84603,OMC-003,Rubis Energy,GB04LOQO13315098393010,2025-04-23,70772,2
PAY-93214,INV-20878,OMC-012,Galana Energies,GB89GWUW86379402654235,2026-04-03,91864,1
PAY-60343,INV-13114,OMC-016,KPA Marine,GB31MOOJ96499091334123,2025-03-26,262095,1
PAY-73750,INV-85008,OMC-010,Tamoil,GB34EABH79176936763201,2025-09-19,61551,2
PAY-64207,INV-24928,OMC-001,TotalEnergies Kenya,GB06DMIO52553419283276,03/05/2026,65222,1
PAY-18241,INV-79488,OMC-018,Uganda National Oil,GB36RNCH17127484677378,2025-05-19,34343,1
PAY-70246,INV-16747,OMC-006,Hashi Energy,GB05QCFC91361939909169,,173221,1
PAY-46360,INV-14434,OMC-007,Kobil,GB37IDDX82449353487401,2025-09-11,55740,1
PAY-16307,INV-53571,OMC-012,Galana Energies,GB89GWUW86379402654235,2026-04-08,8518,2
PAY-93041,INV-57764,OMC-014,Texol Energies,GB06ONXS45314737996507,2025-03-31,34502,2
PAY-86936,INV-56431,OMC-007,Kobil,GB37IDDX82449353487401,2026-06-29,250221,1
PAY-28926,INV-80995,OMC-018,Uganda National Oil,GB36RNCH17127484677378,2025-01-27,59631,1
PAY-35083,INV-24749,OMC-009,Dalbit Petroleum,GB53VXXX35615951484656,2026-01-18,27818,1
PAY-44846,INV-43408,OMC-001,TotalEnergies Kenya,GB06DMIO52553419283276,25/10/2025,176118,1
PAY-38381,INV-64093,OMC-016,KPA Marine,GB31MOOJ96499091334123,2025-09-14,157110,1
PAY-29166,INV-69032,OMC-003,Rubis Energy,GB04LOQO13315098393010,2025-03-17,170624,1
PAY-10833,INV-63474,OMC-001,TotalEnergies Kenya,GB06DMIO52553419283276,2026-02-04,64089,2
PAY-39449,INV-10114,OMC-002,Vivo Energy,GB45OQIR01845146270482,2026-08-06,188865,1
PAY-88272,INV-26969,OMC-016,KPA Marine,GB31MOOJ96499091334123,2026-01-25,9723,2
PAY-69595,INV-10998,OMC-019,Tanzania Petroleum,GB59MHYN05766270289517,13/07/2026,139907,1
PAY-26610,INV-62833,OMC-019,Tanzania Petroleum,GB59MHYN05766270289517,2025-09-06,121538,1
PAY-62668,INV-74323,OMC-016,KPA Marine,GB31MOOJ96499091334123,2025-03-09,12355,2
PAY-18370,INV-56671,OMC-004,Gulf Energy,GB89GWUW86379402654235,2026-06-05,224053,1
PAY-59647,INV-26998,OMC-002,Vivo Energy,GB45OQIR01845146270482,2025-09-17,52411,2
PAY-56730,INV-82714,OMC-015,Mombasa Petroleum,GB80WOIJ43135182337498,2026-01-18,60424,1
PAY-42681,INV-43464,OMC-003,Rubis Energy,GB04LOQO13315098393010,19/09/2025,17435,1
PAY-94414,INV-31764,OMC-003,Rubis Energy,GB04LOQO13315098393010,2026-04-11,10536,2
PAY-59426,INV-88045,OMC-019,Tanzania Petroleum,GB59MHYN05766270289517,2025-11-20,174414,1
PAY-84099,INV-28789,OMC-018,Uganda National Oil,GB36RNCH17127484677378,2026-04-10,85093,1
PAY-69782,INV-17227,OMC-015,Mombasa Petroleum,GB80WOIJ43135182337498,2026-06-22,27829,1
PAY-47328,INV-94638,OMC-009,Dalbit Petroleum,GB53VXXX35615951484656,2025-06-05,145015,1
PAY-52636,INV-99086,OMC-003,Rubis Energy,GB04LOQO13315098393010,2025-02-24,50231,1
PAY-33729,INV-33630,OMC-016,KPA Marine,GB31MOOJ96499091334123,2025-12-11,97966,1
PAY-70993,INV-20750,OMC-010,Tamoil,GB34EABH79176936763201,2026-02-11,272897,1
PAY-22658,INV-13146,OMC-010,Tamoil,GB34EABH79176936763201,23/06/2026,93967,1
PAY-71043,INV-14425,OMC-016,KPA Marine,GB31MOOJ96499091334123,2025-06-24,27517,1
PAY-93262,INV-99081,OMC-004,Gulf Energy,GB89GWUW86379402654235,2026-04-02,74899,1
PAY-53772,INV-17534,OMC-008,National Oil,GB08NAFX56342160733754,2025-09-15,54583,1
PAY-63262,INV-58665,OMC-016,KPA Marine,GB31MOOJ96499091334123,2025-05-09,201139,1
PAY-85876,INV-13907,OMC-013,Lake Oil,GB88TEHE71937452991241,2025-07-04,177866,1
PAY-44734,INV-36779,OMC-010,Tamoil,GB34EABH79176936763201,2025-09-25,279853,1
PAY-64793,INV-96696,OMC-001,TotalEnergies Kenya,GB06DMIO52553419283276,2025-10-28,89323,1
PAY-24599,INV-36760,OMC-014,Texol Energies,GB06ONXS45314737996507,2026-01-26,214711,1
PAY-18317,INV-34008,OMC-012,Galana Energies,GB89GWUW86379402654235,2026-04-12," KES 80,262 ",1
PAY-98067,INV-70351,OMC-018,Uganda National Oil,GB36RNCH17127484677378,2026-05-24,32110,1
PAY-42829,INV-49154,OMC-006,Hashi Energy,GB05QCFC91361939909169,2026-04-10,65351,2
PAY-24991,INV-46941,OMC-010,Tamoil,GB34EABH79176936763201,2026-04-02,59360,1
PAY-27753,INV-71443,OMC-019,Tanzania Petroleum,GB59MHYN05766270289517,2026-02-04,135679,1
PAY-68040,INV-63422,OMC-009,Dalbit Petroleum,GB53VXXX35615951484656,2026-01-19,155821,1
PAY-73708,INV-65584,OMC-018,Uganda National Oil,GB36RNCH17127484677378,2025-03-05,254409,1
PAY-34201,INV-51190,OMC-001,TotalEnergies Kenya,GB06DMIO52553419283276,2025-04-22,83996,2
PAY-45357,INV-33553,OMC-013,Lake Oil,GB88TEHE71937452991241,2025-03-24,195735,1
PAY-43578,INV-54961,OMC-001,TotalEnergies Kenya,GB06DMIO52553419283276,2026-02-03,25815,1
PAY-78622,INV-37392,OMC-014,Texol Energies,GB06ONXS45314737996507,2026-03-06,20632,1
PAY-70615,INV-69507,OMC-019,Tanzania Petroleum,GB59MHYN05766270289517,2025-02-23,164104,1
PAY-95492,INV-79446,OMC-011,Hass Petroleum,GB56WGCN65876036690967,2025-11-17,34339,1
PAY-55629,INV-21683,OMC-013,Lake Oil,GB88TEHE71937452991241,2025-04-12,230762,1
PAY-97416,INV-12617,OMC-018,Uganda National Oil,GB36RNCH17127484677378,2026-06-28,88494,1
PAY-82633,INV-50707,OMC-008,National Oil,GB08NAFX56342160733754,2026-07-12,30008,1
PAY-15334,INV-81048,OMC-007,Kobil,GB37IDDX82449353487401,2025-03-11,52863,1
PAY-22766,INV-14635,OMC-010,Tamoil,GB34EABH79176936763201,2025-07-18,159368,1
PAY-89116,INV-59142,OMC-009,Dalbit Petroleum,GB53VXXX35615951484656,2025-02-22,29246,1
PAY-27821,INV-80312,OMC-010,Tamoil,GB34EABH79176936763201,2025-08-31,50405,2
PAY-87468,INV-69846,OMC-017,KAA Aviation,GB54HVSS04902787429671,2025-12-23,152148,1
PAY-60015,INV-87750,OMC-002,Vivo Energy,GB45OQIR01845146270482,2025-07-16,46766,1
PAY-24795,INV-87407,OMC-008,National Oil,GB08NAFX56342160733754,2026-04-12,18654,2
PAY-79790,INV-12238,OMC-010,Tamoil,GB34EABH79176936763201,2025-05-13,131565,1
PAY-19710,INV-76208,OMC-018,Uganda National Oil,GB36RNCH17127484677378,2026-05-17,60936,2
PAY-10141,INV-67231,OMC-018,Uganda National Oil,GB36RNCH17127484677378,2026-02-28,41046,1
PAY-89841,INV-61106,OMC-002,Vivo Energy,GB45OQIR01845146270482,2026-07-05,44345,1
PAY-48626,INV-24328,OMC-012,Galana Energies,GB89GWUW86379402654235,2026-07-05,157003,2
PAY-93209,INV-35067,OMC-003,Rubis Energy,GB04LOQO13315098393010,2026-06-25,67323,2
PAY-82533,INV-66975,OMC-009,Dalbit Petroleum,GB53VXXX35615951484656,2026-03-20,22816,2
PAY-76134,INV-42115,OMC-017,KAA Aviation,GB54HVSS04902787429671,2026-07-12,26807,1
PAY-65320,INV-97692,OMC-004,Gulf Energy,GB89GWUW86379402654235,2026-04-23,21220,2
PAY-39570,INV-41774,OMC-016,KPA Marine,GB31MOOJ96499091334123,2025-10-16,75818,2
PAY-64670,INV-86758,OMC-009,Dalbit Petroleum,GB53VXXX35615951484656,2026-02-07,38080,1
PAY-94201,INV-81245,OMC-019,Tanzania Petroleum,GB59MHYN05766270289517,2025-08-21,230159,1
PAY-52502,INV-44357,OMC-001,TotalEnergies Kenya,GB06DMIO52553419283276,2026-04-28,49418,1
PAY-15698,INV-22299,OMC-014,Texol Energies,GB06ONXS45314737996507,2026-08-01,18931,1
PAY-41199,INV-58874,OMC-012,Galana Energies,GB89GWUW86379402654235,2026-04-12,28530,1
PAY-25071,INV-21603,OMC-009,Dalbit Petroleum,GB53VXXX35615951484656,11/04/2025," KES 187,915 ",1
PAY-31821,INV-33552,OMC-001,TotalEnergies Kenya,GB06DMIO52553419283276,2025-06-02,78691,1
PAY-79245,INV-67882,OMC-002,Vivo Energy,GB45OQIR01845146270482,2026-04-14,55268,1
PAY-76323,INV-87125,OMC-009,Dalbit Petroleum,GB53VXXX35615951484656,2026-03-20,32953,2
PAY-63381,INV-47482,OMC-019,Tanzania Petroleum,GB59MHYN05766270289517,2025-03-18,162246,1
PAY-41728,INV-30637,OMC-014,Texol Energies,GB06ONXS45314737996507,2025-04-22,234457,1
PAY-72736,INV-33249,OMC-016,KPA Marine,GB31MOOJ96499091334123,2025-03-11,39155,1
PAY-62056,INV-79321,OMC-016,KPA Marine,GB31MOOJ96499091334123,2026-06-10,87410,2
PAY-14075,INV-28297,OMC-009,Dalbit Petroleum,GB53VXXX35615951484656,2025-04-06,7852,2
PAY-63161,INV-13361,OMC-007,Kobil,GB37IDDX82449353487401,2026-04-20,35914,1
PAY-15433,INV-91842,OMC-009,Dalbit Petroleum,GB53VXXX35615951484656,2026-04-18,145693,1
PAY-59284,INV-68037,OMC-007,Kobil,GB37IDDX82449353487401,2026-06-15,151196,1
PAY-23810,INV-67123,OMC-018,Uganda National Oil,GB36RNCH17127484677378,2026-04-16,24057,1
PAY-91902,INV-24347,OMC-001,TotalEnergies Kenya,GB06DMIO52553419283276,2025-06-16,93609,1
PAY-42416,INV-15313,OMC-015,Mombasa Petroleum,GB80WOIJ43135182337498,2026-04-23," KES 172,841 ",1
PAY-90654,INV-76439,OMC-010,Tamoil,GB34EABH79176936763201,2025-08-01,47203,1
PAY-71933,INV-56596,OMC-017,KAA Aviation,GB54HVSS04902787429671,2026-04-29,207318,1
PAY-12461,INV-62525,OMC-020,Ethiopian Oil,GB14NSVZ22219693792374,2026-05-29," KES 82,045 ",2
PAY-82895,INV-90398,OMC-017,KAA Aviation,GB54HVSS04902787429671,2025-08-18,60775,1
PAY-80833,INV-53532,OMC-014,Texol Energies,GB06ONXS45314737996507,2025-02-25,53811,1
PAY-93061,INV-46835,OMC-015,Mombasa Petroleum,GB80WOIJ43135182337498,2026-04-09,160582,1
PAY-45390,INV-83700,OMC-006,Hashi Energy,GB05QCFC91361939909169,2025-05-23,12337,2
PAY-23070,INV-57874,OMC-003,Rubis Energy,GB04LOQO13315098393010,2025-07-24,21452,1
PAY-35886,INV-29313,OMC-008,National Oil,GB08NAFX56342160733754,2026-01-09,218253,1
PAY-73894,INV-71486,OMC-002,Vivo Energy,GB45OQIR01845146270482,2025-05-28,100541,1
PAY-88342,INV-94954,OMC-017,KAA Aviation,GB54HVSS04902787429671,2026-01-27,118145,1
PAY-96982,INV-97346,OMC-001,TotalEnergies Kenya,GB06DMIO52553419283276,2025-01-27,47607,1
PAY-48003,INV-34179,OMC-001,TotalEnergies Kenya,GB06DMIO52553419283276,11/01/2026,227415,1
PAY-59560,INV-21653,OMC-004,Gulf Energy,GB89GWUW86379402654235,2026-05-02,57676,2
PAY-31223,INV-96918,OMC-011,Hass Petroleum,GB56WGCN65876036690967,2025-12-03,47363,1
PAY-56412,INV-45250,OMC-007,Kobil,GB37IDDX82449353487401,2025-06-03,77049,1
PAY-74267,INV-76915,OMC-009,Dalbit Petroleum,GB53VXXX35615951484656,2025-03-05,87445,2
PAY-46962,INV-15291,OMC-011,Hass Petroleum,GB56WGCN65876036690967,2025-09-29,52725,1
PAY-11971,INV-62995,OMC-006,Hashi Energy,GB05QCFC91361939909169,2025-04-16," KES 32,653 ",1
PAY-18831,INV-53745,OMC-020,Ethiopian Oil,GB14NSVZ22219693792374,2026-05-02,32333,1
PAY-55795,INV-11788,OMC-019,Tanzania Petroleum,GB59MHYN05766270289517,2026-01-26,46204,2
PAY-99855,INV-80175,OMC-008,National Oil,GB08NAFX56342160733754,2026-03-18,109628,1
PAY-13681,INV-91305,OMC-010,Tamoil,GB34EABH79176936763201,2026-06-11,38326,1
PAY-91119,INV-82254,OMC-011,Hass Petroleum,GB56WGCN65876036690967,2025-06-06,13071,2
PAY-44402,INV-55091,OMC-020,Ethiopian Oil,GB14NSVZ22219693792374,2025-10-15,144626,1
PAY-86294,INV-63172,OMC-005,PetroOil Kenya,GB89GWUW86379402654235,2026-04-26,46636,1
PAY-43931,INV-18142,OMC-020,Ethiopian Oil,GB14NSVZ22219693792374,2025-12-13,41626,1
PAY-85216,INV-27587,OMC-008,National Oil,GB08NAFX56342160733754,2025-03-05,68053,1
PAY-11750,INV-75733,OMC-005,PetroOil Kenya,GB89GWUW86379402654235,2026-05-08,28362,2
PAY-57196,INV-62973,OMC-012,Galana Energies,GB89GWUW86379402654235,2026-06-16,75413,1
PAY-80632,INV-14608,OMC-019,Tanzania Petroleum,GB59MHYN05766270289517,2026-05-27,219840,1
PAY-69126,INV-67144,OMC-001,TotalEnergies Kenya,GB06DMIO52553419283276,2026-08-02," KES 244,064 ",1
PAY-52277,INV-12608,OMC-003,Rubis Energy,GB04LOQO13315098393010,2025-12-24,14238,2
PAY-16864,INV-19693,OMC-016,KPA Marine,GB31MOOJ96499091334123,2025-09-02,117367,1
PAY-76993,INV-84787,OMC-005,PetroOil Kenya,GB89GWUW86379402654235,2026-03-12,204916,1
PAY-25467,INV-43316,OMC-017,KAA Aviation,GB54HVSS04902787429671,2025-07-27,195971,1
PAY-15053,INV-85114,OMC-004,Gulf Energy,GB89GWUW86379402654235,2026-05-20,49278,1
PAY-30396,INV-34426,OMC-005,PetroOil Kenya,GB89GWUW86379402654235,2026-06-30,37923,2
PAY-43814,INV-73252,OMC-005,PetroOil Kenya,GB89GWUW86379402654235,2026-06-07,143325,1
PAY-68205,INV-35536,OMC-001,TotalEnergies Kenya,GB06DMIO52553419283276,2025-10-19,53742,1
PAY-55333,INV-95019,OMC-013,Lake Oil,GB88TEHE71937452991241,2026-05-24,57244,1
PAY-36622,INV-64328,OMC-003,Rubis Energy,GB04LOQO13315098393010,2025-09-16,49240,1
PAY-35923,INV-16076,OMC-014,Texol Energies,GB06ONXS45314737996507,2025-04-19,9907,2
PAY-76088,INV-41199,OMC-018,Uganda National Oil,GB36RNCH17127484677378,2026-01-12,129324,1
PAY-19920,INV-82287,OMC-002,Vivo Energy,GB45OQIR01845146270482,2025-06-20,32610,1
PAY-29461,INV-20426,OMC-013,Lake Oil,GB88TEHE71937452991241,2025-06-06,34096,1
PAY-63749,INV-97654,OMC-001,TotalEnergies Kenya,GB06DMIO52553419283276,2025-12-11,34869,1
PAY-79102,INV-51501,OMC-014,Texol Energies,GB06ONXS45314737996507,2025-03-01,185097,1
PAY-54144,INV-65439,OMC-012,Galana Energies,GB89GWUW86379402654235,2026-03-12,171856,1
PAY-41149,INV-82837,OMC-013,Lake Oil,GB88TEHE71937452991241,2025-07-24,163291,1
PAY-86674,INV-69965,OMC-001,TotalEnergies Kenya,GB06DMIO52553419283276,2026-03-03,9685,2
PAY-36930,INV-47889,OMC-011,Hass Petroleum,GB56WGCN65876036690967,2025-08-10,25465,1
PAY-27007,INV-81109,OMC-010,Tamoil,GB34EABH79176936763201,2026-05-30,86352,1
PAY-96041,INV-73192,OMC-010,Tamoil,GB34EABH79176936763201,2025-06-21,58430,1
PAY-29213,INV-49616,OMC-015,Mombasa Petroleum,GB80WOIJ43135182337498,2025-04-03,272850,1
PAY-54682,INV-89097,OMC-001,TotalEnergies Kenya,GB06DMIO52553419283276,2025-08-07,53372,1
PAY-82833,INV-57855,OMC-012,Galana Energies,GB89GWUW86379402654235,2026-04-17,157314,1
PAY-54691,INV-61761,OMC-008,National Oil,GB08NAFX56342160733754,,37145,1
PAY-44352,INV-59875,OMC-017,KAA Aviation,GB54HVSS04902787429671,2025-12-12,202763,1
PAY-96849,INV-77442,OMC-019,Tanzania Petroleum,GB59MHYN05766270289517,2025-08-06,255602,1
PAY-27924,INV-67312,OMC-002,Vivo Energy,GB45OQIR01845146270482,2025-12-10,106964,1
PAY-53467,INV-40014,OMC-002,Vivo Energy,GB45OQIR01845146270482,2025-07-07,7860,2
PAY-60398,INV-40912,OMC-009,Dalbit Petroleum,GB53VXXX35615951484656,2025-06-08,67754,2
PAY-16234,INV-38832,OMC-015,Mombasa Petroleum,GB80WOIJ43135182337498,2026-07-11,300666,1
PAY-84173,INV-40987,OMC-018,Uganda National Oil,GB36RNCH17127484677378,2026-02-26,41131,2
PAY-27949,INV-72029,OMC-019,Tanzania Petroleum,GB59MHYN05766270289517,,11225,2
PAY-20903,INV-95245,OMC-009,Dalbit Petroleum,GB53VXXX35615951484656,2025-02-11,97349,1
PAY-25397,INV-96025,OMC-009,Dalbit Petroleum,GB53VXXX35615951484656,2026-08-01,13148,2
PAY-57474,INV-99091,OMC-012,Galana Energies,GB89GWUW86379402654235,,64875,1
PAY-40955,INV-22400,OMC-006,Hashi Energy,GB05QCFC91361939909169,2025-09-24,223581,1
PAY-62459,INV-34515,OMC-003,Rubis Energy,GB04LOQO13315098393010,25/07/2025,256634,1
PAY-93535,INV-46981,OMC-007,Kobil,GB37IDDX82449353487401,15/03/2026,52003,1
PAY-56875,INV-65653,OMC-011,Hass Petroleum,GB56WGCN65876036690967,,88801,1
PAY-20788,INV-34337,OMC-020,Ethiopian Oil,GB14NSVZ22219693792374,2025-12-25,99038,1
PAY-60791,INV-35323,OMC-004,Gulf Energy,GB89GWUW86379402654235,2026-07-07,45903,2
PAY-57101,INV-22610,OMC-011,Hass Petroleum,GB56WGCN65876036690967,2026-05-02," KES 37,270 ",2
PAY-44914,INV-39555,OMC-010,Tamoil,GB34EABH79176936763201,2025-06-15,152539,1
PAY-26829,INV-14923,OMC-014,Texol Energies,GB06ONXS45314737996507,2026-07-04,135568,1
PAY-21980,INV-89103,OMC-003,Rubis Energy,GB04LOQO13315098393010,2026-06-22,214576,1
PAY-97880,INV-27848,OMC-014,Texol Energies,GB06ONXS45314737996507,2026-04-26,74073,1
PAY-66758,INV-76663,OMC-004,Gulf Energy,GB89GWUW86379402654235,2026-04-23,300629,1
PAY-64358,INV-49465,OMC-018,Uganda National Oil,GB36RNCH17127484677378,2026-06-07,194881,1
PAY-99786,INV-32276,OMC-006,Hashi Energy,GB05QCFC91361939909169,2026-04-07,223053,1
PAY-87909,INV-68823,OMC-001,TotalEnergies Kenya,GB06DMIO52553419283276,2025-11-13,244160,1
PAY-53945,INV-78211,OMC-002,Vivo Energy,GB45OQIR01845146270482,2026-07-05,177031,1
PAY-73545,INV-46830,OMC-015,Mombasa Petroleum,GB80WOIJ43135182337498,2025-09-06,233371,1
PAY-67032,INV-39376,OMC-006,Hashi Energy,GB05QCFC91361939909169,2025-09-22,45056,1
PAY-72087,INV-64782,OMC-007,Kobil,GB37IDDX82449353487401,2025-12-13,112963,1
PAY-64609,INV-89814,OMC-008,National Oil,GB08NAFX56342160733754,2025-07-15,192268,1
PAY-58630,INV-38733,OMC-013,Lake Oil,GB88TEHE71937452991241,2025-10-03,209683,1
PAY-55321,INV-93648,OMC-007,Kobil,GB37IDDX82449353487401,2025-05-17,14166,1
PAY-44015,INV-40842,OMC-018,Uganda National Oil,GB36RNCH17127484677378,2026-06-05,58782,1
PAY-19107,INV-27857,OMC-016,KPA Marine,GB31MOOJ96499091334123,2026-05-06,16768,2
PAY-31108,INV-86480,OMC-001,TotalEnergies Kenya,GB06DMIO52553419283276,2026-07-19,41155,2
PAY-82718,INV-40999,OMC-007,Kobil,GB37IDDX82449353487401,2026-03-21,196839,1
PAY-30291,INV-49124,OMC-014,Texol Energies,GB06ONXS45314737996507,2025-07-19,22559,1
PAY-95439,INV-75528,OMC-010,Tamoil,GB34EABH79176936763201,2026-03-05,25183,1
PAY-38394,INV-84521,OMC-017,KAA Aviation,GB54HVSS04902787429671,2026-02-13,94251,1
PAY-15301,INV-82533,OMC-003,Rubis Energy,GB04LOQO13315098393010,2026-05-19,55636,1
PAY-34391,INV-93036,OMC-012,Galana Energies,GB89GWUW86379402654235,2026-04-02,22393,2
PAY-61454,INV-57575,OMC-006,Hashi Energy,GB05QCFC91361939909169,2025-05-29,34688,1
PAY-66850,INV-46291,OMC-011,Hass Petroleum,GB56WGCN65876036690967,2025-03-24,206156,1
PAY-65802,INV-86296,OMC-010,Tamoil,GB34EABH79176936763201,2026-03-05,23638,1
PAY-76181,INV-98950,OMC-003,Rubis Energy,GB04LOQO13315098393010,2025-11-25,16381,1
PAY-57799,INV-63497,OMC-006,Hashi Energy,GB05QCFC91361939909169,2026-07-26,298312,1
PAY-40287,INV-97527,OMC-003,Rubis Energy,GB04LOQO13315098393010,2025-12-08,275743,1
PAY-16632,INV-40356,OMC-004,Gulf Energy,GB89GWUW86379402654235,2026-05-25,176914,2
PAY-60405,INV-40196,OMC-019,Tanzania Petroleum,GB59MHYN05766270289517,2025-07-05," KES 151,916 ",1
PAY-40012,INV-50066,OMC-014,Texol Energies,GB06ONXS45314737996507,2025-08-30,26202,2
PAY-42702,INV-10661,OMC-016,KPA Marine,GB31MOOJ96499091334123,2025-11-24,125209,1
PAY-43246,INV-70596,OMC-005,PetroOil Kenya,GB89GWUW86379402654235,2026-05-02,78535,2
