invoice_id,dispatch_id,omc_id,customer_name,product,date,value_kes
INV-88230,DISP-07147,OMC-015,Mombasa Petroleum,LUB,2025-05-04,201254
INV-11801,DISP-08895,OMC-013,Lake Oil,PMS,2026-01-19," KES 62,528 "
INV-98255,DISP-06921,OMC-018,Uganda National Oil,AGO,2025-10-21,153164
INV-53031,DISP-09897,OMC-002,Vivo Energy,LPG,2025-12-11,213785
INV-28323,DISP-00976,OMC-016,KPA Marine,JETA1,11/03/2025,22925
INV-70291,DISP-05172,OMC-003,Rubis Energy,DPK,2025-05-01,42822
INV-55470,DISP-02837,OMC-009,Dalbit Petroleum,DPK,2025-07-15,37379
INV-49080,DISP-09048,OMC-019,Tanzania Petroleum,LUB,2025-07-08,204263
INV-60404,DISP-02771,OMC-004,Gulf Energy,LPG,2026-04-02," KES 165,670 "
INV-60386,DISP-07332,OMC-015,Mombasa Petroleum,LPG,2025-06-06,61305
INV-51609,DISP-01965,OMC-019,Tanzania Petroleum,HFO,2025-05-20," KES 129,436 "
INV-54271,DISP-04251,OMC-002,Vivo Energy,LUB,2025-05-11,25671
INV-72636,DISP-00141,OMC-018,Uganda National Oil,DPK,2026-03-18,33142
INV-11788,DISP-02482,OMC-012,Galana Energies,DPK,2026-04-25,153301
INV-66980,DISP-01056,OMC-016,KPA Marine,DPK,2025-12-17,253625
INV-63685,DISP-04893,OMC-008,National Oil,HFO,2026-02-15," KES 117,452 "
INV-73578,DISP-00296,OMC-010,Tamoil,JETA1,2025-12-20,24391
INV-50104,DISP-05019,OMC-019,Tanzania Petroleum,JETA1,2026-03-03,205209
INV-76552,DISP-03462,OMC-016,KPA Marine,LUB,2026-05-16,28895
INV-10308,DISP-01348,OMC-015,Mombasa Petroleum,AGO,2025-06-10,152880
INV-20273,DISP-08692,OMC-004,Gulf Energy,LPG,2026-02-16,121508
INV-13904,DISP-01067,OMC-016,KPA Marine,JETA1,2025-10-11,23520
INV-85711,DISP-08852,OMC-018,Uganda National Oil,AGO,2026-04-20,212652
INV-79460,DISP-00265,OMC-018,Uganda National Oil,JETA1,2026-02-06,285622
INV-57925,DISP-00190,OMC-003,Rubis Energy,LUB,2026-06-27,187285
INV-99694,DISP-01936,OMC-009,Dalbit Petroleum,PMS,2026-06-22,20621
INV-28942,DISP-09425,OMC-012,Galana Energies,JETA1,2026-04-13,24390
INV-42079,DISP-02882,OMC-002,Vivo Energy,AGO,2026-05-09,195888
INV-93036,DISP-03263,OMC-006,Hashi Energy,DPK,24/04/2026,189007
INV-12331,DISP-04829,OMC-020,Ethiopian Oil,LUB,2025-03-08,117825
INV-97914,DISP-08071,OMC-001,TotalEnergies Kenya,LPG,2026-04-22,54895
INV-34256,DISP-06903,OMC-007,Kobil,AGO,2025-04-22,81284
INV-52637,DISP-01641,OMC-011,Hass Petroleum,JETA1,2026-04-03,221573
INV-41135,DISP-04016,OMC-003,Rubis Energy,HFO,2026-06-25,201779
INV-86884,DISP-05575,OMC-001,TotalEnergies Kenya,LUB,2026-01-21,201666
INV-43993,DISP-09432,OMC-019,Tanzania Petroleum,JETA1,2025-08-27,101473
INV-78960,DISP-06681,OMC-002,Vivo Energy,HFO,2026-03-07,150747
INV-31878,DISP-04444,OMC-011,Hass Petroleum,AGO,17/12/2025,55693
INV-50230,DISP-02627,OMC-010,Tamoil,LPG,2026-03-09," KES 243,011 "
INV-10748,DISP-06570,OMC-006,Hashi Energy,JETA1,2026-01-09,36250
INV-46163,DISP-06278,OMC-001,TotalEnergies Kenya,PMS,,86200
INV-91349,DISP-04041,OMC-001,TotalEnergies Kenya,LUB,2025-12-30,207601
INV-16845,DISP-02115,OMC-001,TotalEnergies Kenya,DPK,2026-03-30,63464
INV-87440,DISP-09478,OMC-015,Mombasa Petroleum,JETA1,2025-08-25,128202
INV-76715,DISP-00449,OMC-012,Galana Energies,PMS,2026-02-28,259355
INV-33986,DISP-08827,OMC-008,National Oil,LUB,2025-05-09,244580
INV-18943,DISP-05050,OMC-015,Mombasa Petroleum,DPK,2025-06-06,32978
INV-53488,DISP-01847,OMC-007,Kobil,HFO,2025-10-10,216952
INV-71561,DISP-04877,OMC-005,PetroOil Kenya,LPG,2026-03-06,184317
INV-30403,DISP-00969,OMC-018,Uganda National Oil,JETA1,2025-01-13,53939
INV-67935,DISP-09549,OMC-015,Mombasa Petroleum,JETA1,2025-07-12,133155
INV-46650,DISP-03090,OMC-012,Galana Energies,HFO,2026-03-24,35484
INV-88556,DISP-02312,OMC-001,TotalEnergies Kenya,LPG,2025-06-25,37205
INV-93930,DISP-04309,OMC-017,KAA Aviation,DPK,15/06/2026,128465
INV-61485,DISP-04183,OMC-014,Texol Energies,AGO,2025-01-19,100387
INV-41495,DISP-06786,OMC-004,Gulf Energy,DPK,2026-04-16,185876
INV-12144,DISP-06082,OMC-014,Texol Energies,AGO,2025-07-15,23000
INV-99225,DISP-05807,OMC-001,TotalEnergies Kenya,JETA1,2025-07-27,50360
INV-65199,DISP-00882,OMC-018,Uganda National Oil,AGO,2026-03-29,121835
INV-32335,DISP-01062,OMC-008,National Oil,HFO,28/02/2026,24056
INV-57453,DISP-09535,OMC-016,KPA Marine,JETA1,,117507
INV-79164,DISP-01054,OMC-019,Tanzania Petroleum,DPK,2025-03-17,96700
INV-90166,DISP-07901,OMC-002,Vivo Energy,AGO,2025-06-13,206868
INV-25094,DISP-02995,OMC-007,Kobil,LUB,2026-02-02,130159
INV-59064,DISP-09723,OMC-001,TotalEnergies Kenya,HFO,2026-07-04,120011
INV-23397,DISP-05245,OMC-017,KAA Aviation,AGO,,154665
INV-48595,DISP-07724,OMC-008,National Oil,HFO,2025-06-29,176082
INV-65833,DISP-03386,OMC-019,Tanzania Petroleum,DPK,2026-05-09," KES 138,135 "
INV-72168,DISP-02113,OMC-001,TotalEnergies Kenya,DPK,2026-07-02,233075
INV-99412,DISP-04003,OMC-009,Dalbit Petroleum,PMS,,283824
INV-36217,DISP-05833,OMC-012,Galana Energies,LPG,2026-02-23,28084
INV-42776,DISP-01317,OMC-019,Tanzania Petroleum,LPG,2026-05-01," KES 186,901 "
INV-40558,DISP-05746,OMC-018,Uganda National Oil,PMS,2025-10-19,145565
INV-82248,DISP-01083,OMC-010,Tamoil,PMS,2026-01-24,54302
INV-61995,DISP-00651,OMC-018,Uganda National Oil,PMS,2025-11-01,38175
INV-23606,DISP-03022,OMC-001,TotalEnergies Kenya,PMS,2026-06-12,116384
INV-65642,DISP-09167,OMC-012,Galana Energies,PMS,2026-05-02,51853
INV-18993,DISP-05786,OMC-018,Uganda National Oil,HFO,2026-04-22,23766
INV-73749,DISP-04391,OMC-014,Texol Energies,LUB,2026-05-06,213206
INV-14222,DISP-04509,OMC-008,National Oil,PMS,2025-10-15,190513
INV-98215,DISP-08155,OMC-012,Galana Energies,LUB,,148590
INV-64089,DISP-08186,OMC-015,Mombasa Petroleum,LUB,2025-07-12,31428
INV-58825,DISP-01380,OMC-008,National Oil,HFO,2025-10-28,119861
INV-35951,DISP-04024,OMC-007,Kobil,JETA1,2025-09-28,215112
INV-86567,DISP-02454,OMC-015,Mombasa Petroleum,DPK,2026-03-13,115470
INV-76237,DISP-09934,OMC-019,Tanzania Petroleum,DPK,2025-02-13,27471
INV-40378,DISP-06443,OMC-006,Hashi Energy,LPG,2025-04-16,186119
INV-60603,DISP-00974,OMC-002,Vivo Energy,DPK,2026-01-18,227010
INV-15017,DISP-02744,OMC-010,Tamoil,LUB,2026-02-04,180814
INV-45316,DISP-02878,OMC-006,Hashi Energy,LUB,2026-03-15,213718
INV-82441,DISP-09308,OMC-001,TotalEnergies Kenya,LPG,2025-08-01,222913
INV-99579,DISP-06190,OMC-019,Tanzania Petroleum,DPK,2026-04-10,31629
INV-77200,DISP-06810,OMC-001,TotalEnergies Kenya,LUB,2025-08-18,157828
INV-34622,DISP-07359,OMC-015,Mombasa Petroleum,AGO,2026-05-04,33001
INV-91639,DISP-04422,OMC-014,Texol Energies,PMS,2026-06-01,33679
INV-36505,DISP-06818,OMC-004,Gulf Energy,PMS,2026-03-16,210008
INV-99836,DISP-00433,OMC-005,PetroOil Kenya,PMS,2026-03-24,39450
INV-95395,DISP-08067,OMC-012,Galana Energies,PMS,2026-04-15,210493
INV-84918,DISP-01201,OMC-014,Texol Energies,LPG,2026-06-08,34319
INV-48794,DISP-00640,OMC-009,Dalbit Petroleum,PMS,2025-12-26,167127
INV-17765,DISP-04247,OMC-019,Tanzania Petroleum,PMS,2025-03-19,39872
INV-21139,DISP-07516,OMC-016,KPA Marine,HFO,2025-04-10," KES 168,697 "
INV-83792,DISP-09182,OMC-010,Tamoil,PMS,2025-04-30,212034
INV-25126,DISP-05181,OMC-001,TotalEnergies Kenya,PMS,2026-02-11,143816
INV-60250,DISP-09411,OMC-008,National Oil,HFO,2025-01-11,117679
INV-84394,DISP-00613,OMC-013,Lake Oil,LPG,,28893
INV-87067,DISP-03942,OMC-009,Dalbit Petroleum,DPK,2025-03-10,161676
INV-57808,DISP-07752,OMC-003,Rubis Energy,JETA1,2025-12-13,47616
INV-54650,DISP-08375,OMC-015,Mombasa Petroleum,AGO,2025-02-12,210653
INV-43957,DISP-08938,OMC-009,Dalbit Petroleum,DPK,2025-08-10," KES 252,684 "
INV-48096,DISP-08438,OMC-006,Hashi Energy,LPG,2025-04-19,60908
INV-97815,DISP-01197,OMC-003,Rubis Energy,JETA1,2025-09-05,51008
INV-41330,DISP-02988,OMC-013,Lake Oil,AGO,2025-12-16,93546
INV-68117,DISP-08118,OMC-008,National Oil,PMS,2025-09-23," KES 77,156 "
INV-15843,DISP-03694,OMC-004,Gulf Energy,AGO,2026-04-30,39818
INV-27605,DISP-00602,OMC-014,Texol Energies,PMS,2025-08-28,35899
INV-50965,DISP-04119,OMC-004,Gulf Energy,HFO,2026-03-28,209244
INV-16272,DISP-00842,OMC-002,Vivo Energy,AGO,2026-01-10,184658
INV-37881,DISP-01698,OMC-011,Hass Petroleum,DPK,2026-03-22,187625
INV-15378,DISP-02258,OMC-020,Ethiopian Oil,PMS,2026-05-31,212240
INV-80561,DISP-05037,OMC-001,TotalEnergies Kenya,LPG,2025-03-09,157408
INV-50470,DISP-02579,OMC-010,Tamoil,PMS,2026-03-24,33196
INV-41453,DISP-05627,OMC-010,Tamoil,LUB,2026-05-31,162030
INV-65152,DISP-02633,OMC-006,Hashi Energy,LUB,02/03/2026,134857
INV-90092,DISP-01992,OMC-001,TotalEnergies Kenya,LUB,2026-05-16,108976
INV-61049,DISP-07662,OMC-020,Ethiopian Oil,LPG,2025-08-01,240846
INV-24279,DISP-08029,OMC-007,Kobil,LPG,2025-04-08,183530
INV-60260,DISP-04850,OMC-006,Hashi Energy,HFO,2025-11-25,32194
INV-26967,DISP-06018,OMC-005,PetroOil Kenya,PMS,2026-03-05,155470
INV-31810,DISP-09979,OMC-006,Hashi Energy,JETA1,2025-04-05,43498
INV-62540,DISP-07541,OMC-015,Mombasa Petroleum,DPK,2026-03-07,61444
INV-87093,DISP-05817,OMC-011,Hass Petroleum,DPK,2026-06-21,94846
INV-15619,DISP-05360,OMC-008,National Oil,JETA1,2025-12-21,56758
INV-58066,DISP-06067,OMC-012,Galana Energies,LUB,2026-04-07,40358
INV-98587,DISP-09794,OMC-013,Lake Oil,JETA1,2025-05-22,39911
INV-32150,DISP-06421,OMC-013,Lake Oil,JETA1,2026-04-27,246019
INV-26519,DISP-04404,OMC-005,PetroOil Kenya,JETA1,2026-03-30,96475
INV-44912,DISP-07358,OMC-004,Gulf Energy,JETA1,2026-02-04,37523
INV-74607,DISP-02203,OMC-012,Galana Energies,DPK,2026-03-17,226393
INV-52858,DISP-02600,OMC-002,Vivo Energy,AGO,2026-04-16,199123
INV-48065,DISP-06605,OMC-007,Kobil,HFO,2025-04-17,38599
INV-38090,DISP-00918,OMC-007,Kobil,HFO,2025-12-28,41440
INV-70126,DISP-08908,OMC-014,Texol Energies,AGO,2026-04-08,167574
INV-73027,DISP-01358,OMC-005,PetroOil Kenya,DPK,2026-04-18,131183
INV-48719,DISP-07942,OMC-009,Dalbit Petroleum,DPK,2026-05-01,243405
INV-27416,DISP-06825,OMC-006,Hashi Energy,LPG,,34842
INV-51521,DISP-04897,OMC-006,Hashi Energy,DPK,2026-02-02,31296
INV-71619,DISP-09293,OMC-005,PetroOil Kenya,PMS,2026-03-25,196442
INV-33281,DISP-04274,OMC-008,National Oil,HFO,2026-07-02,26572
INV-17920,DISP-05174,OMC-004,Gulf Energy,LPG,2026-03-09,237582
INV-56240,DISP-00144,OMC-006,Hashi Energy,LPG,2026-03-19,223578
INV-25248,DISP-03064,OMC-011,Hass Petroleum,LPG,2025-07-02,21923
INV-43177,DISP-02781,OMC-019,Tanzania Petroleum,LPG,2026-06-03,25673
INV-23427,DISP-01409,OMC-019,Tanzania Petroleum,DPK,2025-06-25,43206
INV-18975,DISP-09400,OMC-011,Hass Petroleum,HFO,2026-05-05,89200
INV-64389,DISP-06436,OMC-004,Gulf Energy,PMS,2026-05-01,70052
INV-13864,DISP-07830,OMC-007,Kobil,AGO,2026-07-03,64293
INV-60944,DISP-06321,OMC-020,Ethiopian Oil,LPG,2026-01-09,117123
INV-75700,DISP-07697,OMC-008,National Oil,PMS,2025-10-10,179868
INV-35505,DISP-04191,OMC-012,Galana Energies,LUB,2026-02-27,166688
INV-64492,DISP-01002,OMC-009,Dalbit Petroleum,HFO,2025-10-30,35169
INV-53117,DISP-09120,OMC-003,Rubis Energy,DPK,2025-06-28,46772
INV-94478,DISP-06338,OMC-004,Gulf Energy,LPG,2026-04-06,42342
INV-78602,DISP-08241,OMC-005,PetroOil Kenya,JETA1,2026-02-22,65634
INV-42291,DISP-08555,OMC-012,Galana Energies,JETA1,2026-04-18,139118
INV-83769,DISP-09165,OMC-015,Mombasa Petroleum,LUB,2026-03-22,262417
INV-68741,DISP-09004,OMC-012,Galana Energies,AGO,2026-02-17,95390
INV-29913,DISP-05034,OMC-004,Gulf Energy,JETA1,,40535
INV-38901,DISP-01832,OMC-006,Hashi Energy,AGO,2026-01-07,176569
INV-95664,DISP-03030,OMC-003,Rubis Energy,LPG,2025-08-23,24181
INV-30002,DISP-06069,OMC-010,Tamoil,LUB,2025-06-23,230941
INV-18477,DISP-05729,OMC-013,Lake Oil,LUB,2026-06-02," KES 276,110 "
INV-50890,DISP-01522,OMC-003,Rubis Energy,AGO,2025-08-19,189013
INV-95819,DISP-09845,OMC-005,PetroOil Kenya,DPK,2026-03-21,182023
INV-76618,DISP-07910,OMC-017,KAA Aviation,LPG,2026-05-28,211551
INV-45271,DISP-05319,OMC-006,Hashi Energy,DPK,2026-02-19,63698
INV-19382,DISP-09645,OMC-013,Lake Oil,HFO,2025-04-18,47945
INV-34796,DISP-07099,OMC-009,Dalbit Petroleum,JETA1,2025-09-09,39441
INV-21072,DISP-01338,OMC-006,Hashi Energy,DPK,2025-10-03,47038
INV-69208,DISP-09986,OMC-011,Hass Petroleum,DPK,2025-09-17,29913
INV-88152,DISP-06909,OMC-004,Gulf Energy,LPG,2026-04-16,26656
INV-39781,DISP-09569,OMC-003,Rubis Energy,JETA1,2025-02-05,78789
INV-48596,DISP-04419,OMC-002,Vivo Energy,HFO,2026-06-06,31085
INV-18189,DISP-07680,OMC-005,PetroOil Kenya,JETA1,2026-02-17,229534
INV-53434,DISP-05576,OMC-003,Rubis Energy,DPK,2026-07-04," KES 149,348 "
INV-23172,DISP-07355,OMC-011,Hass Petroleum,HFO,2026-06-17,169769
INV-29556,DISP-08794,OMC-017,KAA Aviation,JETA1,2025-02-03,49060
INV-23664,DISP-07219,OMC-007,Kobil,HFO,,33550
INV-19040,DISP-05640,OMC-010,Tamoil,JETA1,2026-06-16,104316
INV-56437,DISP-04819,OMC-008,National Oil,JETA1,2025-07-11,249668
INV-98975,DISP-07862,OMC-013,Lake Oil,DPK,2026-03-21,58810
INV-25954,DISP-00798,OMC-001,TotalEnergies Kenya,LPG,2025-12-04," KES 136,918 "
INV-82303,DISP-09408,OMC-003,Rubis Energy,PMS,2026-05-02,244789
INV-55694,DISP-01895,OMC-007,Kobil,LUB,2026-02-01,269481
INV-23233,DISP-09604,OMC-001,TotalEnergies Kenya,AGO,2025-09-15," KES 33,169 "
INV-78633,DISP-00812,OMC-011,Hass Petroleum,JETA1,,116336
INV-34631,DISP-06569,OMC-008,National Oil,JETA1,2025-03-23,113492
INV-18457,DISP-02688,OMC-019,Tanzania Petroleum,AGO,2026-03-27,142914
INV-40114,DISP-01416,OMC-008,National Oil,HFO,2026-05-05,186427
INV-14180,DISP-08795,OMC-013,Lake Oil,DPK,2025-05-30,144820
INV-29674,DISP-03958,OMC-006,Hashi Energy,AGO,2025-10-04,168147
INV-40681,DISP-03659,OMC-002,Vivo Energy,JETA1,2025-07-30,43988
INV-37111,DISP-02191,OMC-016,KPA Marine,PMS,24/06/2026,255985
INV-91349,DISP-04041,OMC-001,TotalEnergies Kenya,LUB,2025-12-30,207601
INV-44256,DISP-09256,OMC-007,Kobil,DPK,2026-04-07,124975
INV-72418,DISP-05366,OMC-016,KPA Marine,DPK,2025-10-02,220240
INV-94548,DISP-00013,OMC-019,Tanzania Petroleum,DPK,2026-06-26,122573
INV-66719,DISP-01320,OMC-004,Gulf Energy,PMS,2026-02-21,33363
INV-37517,DISP-01789,OMC-007,Kobil,JETA1,2025-10-17,58932
INV-32533,DISP-07291,OMC-013,Lake Oil,JETA1,2026-01-31,209209
INV-31380,DISP-09433,OMC-003,Rubis Energy,AGO,2025-01-10,192519
INV-43188,DISP-05225,OMC-008,National Oil,JETA1,2026-05-29,86822
INV-14911,DISP-08969,OMC-003,Rubis Energy,DPK,2026-05-28,124171
INV-38164,DISP-04535,OMC-019,Tanzania Petroleum,AGO,2025-05-15,54442
INV-91397,DISP-07764,OMC-018,Uganda National Oil,LUB,2025-05-03,118160
INV-93502,DISP-04208,OMC-020,Ethiopian Oil,JETA1,28/09/2025,52797
INV-51114,DISP-00720,OMC-003,Rubis Energy,LUB,2025-11-01,120452
INV-49097,DISP-00673,OMC-004,Gulf Energy,LUB,2026-03-11,35557
INV-55584,DISP-03978,OMC-003,Rubis Energy,LUB,2025-09-29,143906
INV-43871,DISP-00131,OMC-006,Hashi Energy,LPG,2026-03-11,194694
INV-68995,DISP-01341,OMC-009,Dalbit Petroleum,LPG,2026-03-14,29628
INV-81456,DISP-05198,OMC-011,Hass Petroleum,LUB,2026-03-02,21253
INV-10440,DISP-09765,OMC-015,Mombasa Petroleum,AGO,2026-03-09,128830
INV-49856,DISP-07582,OMC-007,Kobil,DPK,2026-03-03,152246
INV-36689,DISP-08003,OMC-020,Ethiopian Oil,JETA1,2026-02-18,173271
INV-64343,DISP-04883,OMC-003,Rubis Energy,DPK,2025-02-11,230607
INV-57375,DISP-01214,OMC-008,National Oil,PMS,2026-02-02,230265
INV-40600,DISP-01846,OMC-018,Uganda National Oil,AGO,2025-07-23,161491
INV-65365,DISP-00476,OMC-016,KPA Marine,LPG,2026-05-02,148717
INV-48915,DISP-01123,OMC-002,Vivo Energy,AGO,03/05/2025,160626
INV-71623,DISP-03562,OMC-016,KPA Marine,LPG,2026-06-16,215070
INV-58379,DISP-06907,OMC-018,Uganda National Oil,HFO,2025-08-14,28421
INV-51009,DISP-06180,OMC-018,Uganda National Oil,HFO,2026-06-20,27614
INV-31874,DISP-00041,OMC-008,National Oil,AGO,07/05/2025,142540
INV-90139,DISP-00122,OMC-011,Hass Petroleum,HFO,2026-05-05,98978
INV-87988,DISP-04986,OMC-007,Kobil,LUB,2025-01-15,183391
INV-31313,DISP-06700,OMC-017,KAA Aviation,LUB,2026-02-07,218142
INV-83030,DISP-00996,OMC-009,Dalbit Petroleum,LUB,2026-06-29,248605
INV-85845,DISP-07458,OMC-013,Lake Oil,DPK,2026-03-10,148741
INV-16269,DISP-04996,OMC-015,Mombasa Petroleum,HFO,2026-02-12,48185
INV-29751,DISP-07330,OMC-018,Uganda National Oil,DPK,2026-03-09,48770
INV-47512,DISP-02226,OMC-007,Kobil,PMS,2026-02-20,123288
INV-34915,DISP-08829,OMC-006,Hashi Energy,DPK,2025-04-21,104198
INV-38962,DISP-04263,OMC-001,TotalEnergies Kenya,LPG,2026-06-15,62349
INV-67591,DISP-08468,OMC-015,Mombasa Petroleum,LUB,2026-01-08,154248
INV-64111,DISP-03049,OMC-020,Ethiopian Oil,JETA1,2026-02-21," KES 138,872 "
INV-51403,DISP-05009,OMC-001,TotalEnergies Kenya,LPG,2025-02-25,45000
INV-55388,DISP-08080,OMC-009,Dalbit Petroleum,AGO,2026-01-26,44200
INV-19440,DISP-05890,OMC-001,TotalEnergies Kenya,JETA1,2025-12-15,103474
INV-81356,DISP-07612,OMC-015,Mombasa Petroleum,JETA1,2025-04-09,143715
INV-13535,DISP-07098,OMC-004,Gulf Energy,HFO,2026-02-13,172209
INV-55432,DISP-02818,OMC-001,TotalEnergies Kenya,PMS,2026-02-26,172108
INV-70955,DISP-07868,OMC-005,PetroOil Kenya,HFO,2026-04-26,141650
INV-87034,DISP-08282,OMC-016,KPA Marine,PMS,2025-01-22,114233
INV-99526,DISP-01436,OMC-005,PetroOil Kenya,LPG,2026-03-01,101176
INV-52420,DISP-02486,OMC-017,KAA Aviation,DPK,2025-03-03,34312
INV-11840,DISP-08672,OMC-001,TotalEnergies Kenya,PMS,2025-09-01,33000
INV-81009,DISP-00178,OMC-007,Kobil,LUB,2025-12-27,53783
INV-10488,DISP-01540,OMC-017,KAA Aviation,DPK,2026-06-05,59734
INV-45317,DISP-07312,OMC-014,Texol Energies,HFO,2025-10-26,179015
INV-90626,DISP-07644,OMC-017,KAA Aviation,LPG,2026-06-28,166016
INV-48705,DISP-07842,OMC-015,Mombasa Petroleum,DPK,2025-12-07,122856
INV-89438,DISP-06084,OMC-018,Uganda National Oil,DPK,2025-04-19,168330
INV-52037,DISP-08403,OMC-018,Uganda National Oil,DPK,2026-04-18,94521
INV-74665,DISP-05398,OMC-006,Hashi Energy,LUB,2025-12-01,61502
INV-76573,DISP-03015,OMC-015,Mombasa Petroleum,HFO,2026-05-02,45660
INV-87006,DISP-04583,OMC-014,Texol Energies,DPK,2025-01-04,79428
INV-13524,DISP-08682,OMC-001,TotalEnergies Kenya,AGO,2025-11-23,33495
INV-56316,DISP-08041,OMC-003,Rubis Energy,HFO,2026-02-07,261153
INV-65526,DISP-08319,OMC-014,Texol Energies,LUB,2026-07-03,158171
INV-95628,DISP-02640,OMC-001,TotalEnergies Kenya,LUB,06/09/2025,190434
INV-62995,DISP-05938,OMC-008,National Oil,AGO,11/08/2025,125929
INV-77389,DISP-07562,OMC-014,Texol Energies,LUB,2026-04-16,46717
INV-80945,DISP-01431,OMC-006,Hashi Energy,JETA1,,223629
INV-11724,DISP-08058,OMC-005,PetroOil Kenya,AGO,2026-02-22,214656
INV-86005,DISP-03868,OMC-018,Uganda National Oil,DPK,2026-04-18,299263
INV-58013,DISP-05796,OMC-003,Rubis Energy,DPK,09/03/2026,47032
INV-81590,DISP-08684,OMC-018,Uganda National Oil,PMS,2025-12-07,264132
INV-19774,DISP-00412,OMC-015,Mombasa Petroleum,HFO,2025-09-13,231655
INV-86399,DISP-09889,OMC-003,Rubis Energy,LPG,05/05/2026,51733
INV-33063,DISP-05218,OMC-019,Tanzania Petroleum,LUB,2025-07-07,37363
INV-15640,DISP-03301,OMC-014,Texol Energies,DPK,2026-05-30,205105
INV-43436,DISP-06974,OMC-009,Dalbit Petroleum,AGO,2025-09-24,264999
INV-89593,DISP-04704,OMC-015,Mombasa Petroleum,LUB,2025-08-31,43660
INV-23436,DISP-00466,OMC-017,KAA Aviation,JETA1,2026-04-12,49764
INV-83261,DISP-02952,OMC-010,Tamoil,DPK,2026-02-08,264083
INV-56578,DISP-00187,OMC-005,PetroOil Kenya,JETA1,2026-02-14,179294
INV-17123,DISP-04258,OMC-010,Tamoil,JETA1,2025-01-27,44293
INV-99067,DISP-03461,OMC-016,KPA Marine,LUB,2025-10-30,219453
INV-40221,DISP-04285,OMC-016,KPA Marine,DPK,2025-04-29,230748
INV-24984,DISP-08037,OMC-003,Rubis Energy,LUB,2025-06-13,60879
INV-56132,DISP-03036,OMC-013,Lake Oil,AGO,2025-08-26,117961
INV-33230,DISP-00207,OMC-019,Tanzania Petroleum,JETA1,2026-03-22,36901
INV-78148,DISP-09390,OMC-006,Hashi Energy,JETA1,2026-01-14,189510
INV-64617,DISP-01902,OMC-011,Hass Petroleum,PMS,2025-06-17,50423
INV-48259,DISP-02293,OMC-013,Lake Oil,JETA1,2026-01-12,65712
INV-35211,DISP-06861,OMC-009,Dalbit Petroleum,JETA1,2025-04-03,127672
INV-16081,DISP-04430,OMC-012,Galana Energies,HFO,2026-02-25,114726
INV-11528,DISP-01692,OMC-006,Hashi Energy,AGO,2026-06-21,193820
INV-46102,DISP-02649,OMC-003,Rubis Energy,PMS,2025-06-29,51909
INV-12587,DISP-00793,OMC-019,Tanzania Petroleum,LPG,2025-06-23,141958
INV-56778,DISP-07633,OMC-004,Gulf Energy,AGO,2026-04-01,127669
INV-43982,DISP-07153,OMC-011,Hass Petroleum,HFO,2026-02-12,135408
INV-94113,DISP-03867,OMC-010,Tamoil,AGO,2025-01-24,52726
INV-48718,DISP-06099,OMC-003,Rubis Energy,PMS,2025-08-06,277194
INV-36972,DISP-08371,OMC-003,Rubis Energy,DPK,2026-03-05,242312
INV-92941,DISP-05267,OMC-015,Mombasa Petroleum,DPK,2025-01-28,236203
INV-87006,DISP-00377,OMC-001,TotalEnergies Kenya,DPK,2026-06-17,92572
INV-10015,DISP-01476,OMC-010,Tamoil,LUB,2025-07-23,37138
INV-18974,DISP-04580,OMC-011,Hass Petroleum,JETA1,2026-06-09,114095
INV-25001,DISP-04237,OMC-012,Galana Energies,PMS,2026-02-17," KES 239,850 "
INV-36385,DISP-04228,OMC-019,Tanzania Petroleum,DPK,2026-01-04,79404
INV-59549,DISP-04111,OMC-011,Hass Petroleum,LPG,2026-02-05,120062
INV-44153,DISP-00002,OMC-005,PetroOil Kenya,JETA1,2026-04-25,214560
INV-45202,DISP-02163,OMC-008,National Oil,PMS,2025-05-26,113458
INV-48796,DISP-07031,OMC-004,Gulf Energy,LPG,2026-05-06,68854
INV-12193,DISP-05440,OMC-004,Gulf Energy,PMS,2026-02-06,50588
INV-92660,DISP-08823,OMC-003,Rubis Energy,LUB,2025-05-12,200180
INV-34366,DISP-07762,OMC-010,Tamoil,JETA1,2026-07-01,167159
INV-56927,DISP-07616,OMC-017,KAA Aviation,DPK,2025-08-17,179790
INV-18639,DISP-02728,OMC-005,PetroOil Kenya,LPG,2026-03-19,59968
INV-95579,DISP-06782,OMC-005,PetroOil Kenya,JETA1,2026-04-15,247379
INV-71997,DISP-06426,OMC-017,KAA Aviation,JETA1,2026-02-17,185248
INV-52734,DISP-00137,OMC-005,PetroOil Kenya,LPG,2026-03-01,51902
INV-11283,DISP-01935,OMC-019,Tanzania Petroleum,HFO,2025-08-14,187435
INV-55687,DISP-09190,OMC-012,Galana Energies,DPK,2026-04-09,232105
INV-23852,DISP-06558,OMC-012,Galana Energies,HFO,2026-03-30,248431
INV-56435,DISP-07641,OMC-005,PetroOil Kenya,AGO,2026-03-13,269614
INV-74790,DISP-03165,OMC-006,Hashi Energy,HFO,2026-06-10,52395
INV-57173,DISP-08291,OMC-014,Texol Energies,LPG,2026-03-30,63410
INV-63539,DISP-05733,OMC-017,KAA Aviation,HFO,2025-07-19,141819
INV-11947,DISP-02514,OMC-007,Kobil,LUB,2026-05-28,28021
INV-91696,DISP-04110,OMC-009,Dalbit Petroleum,HFO,2025-01-06,143725
INV-23134,DISP-06405,OMC-018,Uganda National Oil,DPK,2026-04-29,162936
INV-65787,DISP-04822,OMC-010,Tamoil,PMS,2025-03-14,56021
INV-46756,DISP-08259,OMC-012,Galana Energies,PMS,2026-02-20,206006
INV-45712,DISP-00019,OMC-006,Hashi Energy,LUB,2026-02-28,33386
INV-13375,DISP-04849,OMC-016,KPA Marine,PMS,,44232
INV-47642,DISP-07601,OMC-007,Kobil,AGO,,154582
INV-34463,DISP-05558,OMC-012,Galana Energies,JETA1,2026-04-28,135076
INV-68600,DISP-09785,OMC-014,Texol Energies,HFO,2025-06-23,85842
INV-56995,DISP-05070,OMC-003,Rubis Energy,PMS,2026-05-29,168055
INV-26439,DISP-05607,OMC-019,Tanzania Petroleum,LPG,2026-05-15,219387
INV-93880,DISP-04515,OMC-009,Dalbit Petroleum,LPG,2025-08-28,98173
INV-61955,DISP-09441,OMC-010,Tamoil,DPK,2026-05-24,61593
INV-71711,DISP-00083,OMC-001,TotalEnergies Kenya,LPG,2026-05-30,42324
INV-27665,DISP-04193,OMC-015,Mombasa Petroleum,HFO,2025-07-23,291948
INV-33627,DISP-08314,OMC-009,Dalbit Petroleum,AGO,2025-08-10,26540
INV-52883,DISP-04528,OMC-016,KPA Marine,AGO,2025-04-24,30244
INV-94342,DISP-05604,OMC-005,PetroOil Kenya,LUB,2026-03-23,23156
INV-90064,DISP-04498,OMC-004,Gulf Energy,DPK,2026-03-02,144584
INV-85341,DISP-08729,OMC-002,Vivo Energy,LPG,2025-02-21,54816
INV-50307,DISP-04331,OMC-005,PetroOil Kenya,PMS,2026-04-29,154989
INV-77083,DISP-06235,OMC-003,Rubis Energy,JETA1,2026-01-27,149174
INV-52848,DISP-07801,OMC-003,Rubis Energy,PMS,2026-01-25,21767
INV-81861,DISP-09757,OMC-019,Tanzania Petroleum,AGO,2025-10-08,53840
INV-32437,DISP-08916,OMC-016,KPA Marine,JETA1,2026-04-02,178167
INV-73340,DISP-08369,OMC-007,Kobil,HFO,2025-06-20,204320
INV-43106,DISP-07969,OMC-010,Tamoil,PMS,2026-01-03,199640
INV-50866,DISP-05406,OMC-009,Dalbit Petroleum,JETA1,2025-12-04,241853
INV-18488,DISP-04660,OMC-006,Hashi Energy,JETA1,2025-02-17,142843
INV-43633,DISP-03106,OMC-007,Kobil,LUB,2025-06-29,237807
INV-79457,DISP-04418,OMC-002,Vivo Energy,AGO,2026-06-11,24713
INV-35938,DISP-01666,OMC-008,National Oil,JETA1,2025-03-20," KES 23,031 "
INV-49850,DISP-04632,OMC-007,Kobil,AGO,2025-03-24,137949
INV-63193,DISP-02183,OMC-008,National Oil,AGO,2025-11-23,121857
INV-30453,DISP-02947,OMC-011,Hass Petroleum,LUB,2026-03-21,96901
INV-10404,DISP-07757,OMC-009,Dalbit Petroleum,PMS,2025-06-07,52797
INV-74727,DISP-00786,OMC-014,Texol Energies,PMS,2026-06-13,213274
INV-64944,DISP-09822,OMC-003,Rubis Energy,LPG,2025-09-17,117626
INV-34235,DISP-07714,OMC-004,Gulf Energy,DPK,2026-03-02,44075
INV-21875,DISP-07913,OMC-011,Hass Petroleum,AGO,2026-05-10,30719
INV-84475,DISP-07406,OMC-016,KPA Marine,LPG,2025-07-20,35569
INV-90328,DISP-00777,OMC-013,Lake Oil,LUB,03/09/2025,56001
INV-46255,DISP-00577,OMC-009,Dalbit Petroleum,LUB,2026-01-19,204390
INV-80406,DISP-02512,OMC-020,Ethiopian Oil,LUB,2026-01-06,31933
INV-41884,DISP-03592,OMC-017,KAA Aviation,LPG,2026-01-02,129614
INV-83763,DISP-03344,OMC-008,National Oil,PMS,2026-04-02,116652
INV-14415,DISP-06012,OMC-004,Gulf Energy,JETA1,2026-03-07,116777
INV-53623,DISP-02602,OMC-014,Texol Energies,AGO,2026-01-02,48568
INV-40634,DISP-05583,OMC-005,PetroOil Kenya,HFO,2026-03-23,267089
INV-85141,DISP-00845,OMC-006,Hashi Energy,LPG,2025-11-16,26567
INV-18803,DISP-07884,OMC-016,KPA Marine,JETA1,2025-03-23,150763
INV-42875,DISP-07609,OMC-009,Dalbit Petroleum,PMS,2025-03-11,97975
INV-55204,DISP-04747,OMC-008,National Oil,JETA1,2025-11-29,45430
INV-48449,DISP-04132,OMC-013,Lake Oil,PMS,2025-12-11,235496
INV-15885,DISP-07409,OMC-018,Uganda National Oil,PMS,2026-03-07,120814
INV-84425,DISP-06984,OMC-002,Vivo Energy,AGO,2025-01-11,188625
INV-99745,DISP-09538,OMC-016,KPA Marine,LPG,2025-11-20,117851
INV-92388,DISP-02619,OMC-007,Kobil,DPK,2026-04-28,22087
INV-51981,DISP-09527,OMC-019,Tanzania Petroleum,PMS,2025-07-20,33554
INV-79922,DISP-04113,OMC-015,Mombasa Petroleum,JETA1,2025-12-31,230760
INV-17033,DISP-02377,OMC-011,Hass Petroleum,JETA1,2025-10-10,163024
INV-60501,DISP-04415,OMC-011,Hass Petroleum,LUB,2026-01-11,247479
INV-36244,DISP-06581,OMC-018,Uganda National Oil,LUB,2025-07-23,192982
INV-81697,DISP-03059,OMC-004,Gulf Energy,AGO,2026-03-09,62404
INV-27262,DISP-00603,OMC-011,Hass Petroleum,HFO,2026-02-01," KES 57,368 "
INV-90801,DISP-01339,OMC-018,Uganda National Oil,LUB,2025-02-03,280481
INV-58993,DISP-05748,OMC-016,KPA Marine,PMS,2026-05-22,119272
INV-48549,DISP-03191,OMC-020,Ethiopian Oil,JETA1,16/12/2025,29214
INV-52705,DISP-03149,OMC-019,Tanzania Petroleum,AGO,2026-01-21,63048
INV-74854,DISP-05610,OMC-020,Ethiopian Oil,AGO,2026-01-28,25459
INV-11941,DISP-02547,OMC-019,Tanzania Petroleum,AGO,2025-07-05,114801
INV-94070,DISP-00233,OMC-008,National Oil,PMS,2025-08-01,261907
INV-81682,DISP-09806,OMC-013,Lake Oil,PMS,2025-11-06,41739
INV-69751,DISP-01737,OMC-016,KPA Marine,PMS,2026-04-23,99905
INV-91974,DISP-03511,OMC-004,Gulf Energy,DPK,2026-03-12,164773
INV-33960,DISP-08860,OMC-011,Hass Petroleum,LUB,2025-01-22,74312
INV-12474,DISP-04026,OMC-008,National Oil,LPG,2026-05-06,95455
INV-44953,DISP-08992,OMC-018,Uganda National Oil,HFO,2025-09-24,280196
INV-93195,DISP-07055,OMC-019,Tanzania Petroleum,LPG,2025-07-18,90012
INV-28515,DISP-02410,OMC-010,Tamoil,HFO,2025-02-12," KES 157,074 "
INV-87337,DISP-01489,OMC-007,Kobil,DPK,2025-12-18,122014
INV-34020,DISP-05542,OMC-008,National Oil,PMS,2025-01-28,54542
INV-28160,DISP-07336,OMC-015,Mombasa Petroleum,HFO,2026-03-07,47625
INV-23310,DISP-01773,OMC-017,KAA Aviation,PMS,2025-08-13,249483
INV-38339,DISP-02355,OMC-014,Texol Energies,AGO,2026-02-17,215512
INV-84540,DISP-07861,OMC-008,National Oil,PMS,2025-06-24," KES 282,337 "
INV-41399,DISP-08620,OMC-007,Kobil,LUB,2025-06-12,140921
INV-83598,DISP-06093,OMC-013,Lake Oil,LUB,2025-09-11,92532
INV-95330,DISP-04896,OMC-018,Uganda National Oil,AGO,2025-01-18,43037
INV-54105,DISP-01596,OMC-003,Rubis Energy,HFO,2026-06-24,40873
INV-52577,DISP-08656,OMC-020,Ethiopian Oil,HFO,2026-02-06,138678
INV-70583,DISP-08005,OMC-010,Tamoil,DPK,2026-06-28,127994
INV-49401,DISP-08327,OMC-008,National Oil,HFO,2025-06-28,22357
INV-14573,DISP-07120,OMC-007,Kobil,LPG,2026-05-12,113811
INV-94152,DISP-01063,OMC-013,Lake Oil,LUB,2026-03-04,53437
INV-62248,DISP-02467,OMC-017,KAA Aviation,JETA1,2025-06-17,29804
INV-36866,DISP-06853,OMC-015,Mombasa Petroleum,HFO,2025-09-24,168513
INV-43232,DISP-05002,OMC-002,Vivo Energy,JETA1,2025-04-07,290698
INV-10552,DISP-05692,OMC-018,Uganda National Oil,AGO,2025-11-07,53420
INV-59968,DISP-01837,OMC-019,Tanzania Petroleum,JETA1,2026-04-28,217923
INV-80699,DISP-02750,OMC-020,Ethiopian Oil,DPK,2026-02-08,143403
INV-32914,DISP-00556,OMC-019,Tanzania Petroleum,JETA1,2026-02-22,35381
INV-41009,DISP-03183,OMC-016,KPA Marine,LPG,2025-02-10,38007
INV-80519,DISP-06676,OMC-018,Uganda National Oil,LUB,2025-03-16,21822
INV-93624,DISP-09999,OMC-016,KPA Marine,LPG,2025-05-09,72682
INV-52068,DISP-07044,OMC-006,Hashi Energy,DPK,2026-03-31,45597
INV-25646,DISP-01044,OMC-011,Hass Petroleum,AGO,2025-01-05,164907
INV-74581,DISP-08433,OMC-020,Ethiopian Oil,JETA1,2025-08-18,184935
INV-95385,DISP-05571,OMC-019,Tanzania Petroleum,LPG,2025-02-21,123964
INV-79299,DISP-04462,OMC-018,Uganda National Oil,PMS,2025-04-04,261230
INV-25954,DISP-08194,OMC-014,Texol Energies,DPK,2026-05-14,298906
INV-26744,DISP-08275,OMC-008,National Oil,PMS,2026-02-08,159557
INV-45056,DISP-05870,OMC-017,KAA Aviation,LPG,2025-02-21,191223
INV-91542,DISP-02350,OMC-010,Tamoil,JETA1,2026-01-06,37566
INV-16904,DISP-04013,OMC-015,Mombasa Petroleum,AGO,2025-04-03,41045
INV-21606,DISP-09635,OMC-002,Vivo Energy,JETA1,28/05/2026,44159
INV-43087,DISP-01648,OMC-009,Dalbit Petroleum,AGO,2025-09-17,110631
INV-80039,DISP-03409,OMC-006,Hashi Energy,DPK,2026-01-02,121919
INV-94612,DISP-02129,OMC-020,Ethiopian Oil,JETA1,2026-06-11,178294
INV-90951,DISP-02409,OMC-011,Hass Petroleum,DPK,2026-06-05,45316
INV-42103,DISP-09541,OMC-015,Mombasa Petroleum,JETA1,2025-06-30,23165
INV-74183,DISP-08092,OMC-001,TotalEnergies Kenya,PMS,2026-02-27,287026
INV-48575,DISP-04365,OMC-007,Kobil,LUB,2025-02-28,208187
INV-96002,DISP-08533,OMC-020,Ethiopian Oil,PMS,2025-03-09,138368
INV-89061,DISP-03787,OMC-013,Lake Oil,JETA1,2026-03-25,171633
INV-87143,DISP-01506,OMC-011,Hass Petroleum,HFO,2025-02-06,52312
INV-53857,DISP-01525,OMC-005,PetroOil Kenya,LUB,2026-03-08,118582
INV-35244,DISP-06512,OMC-008,National Oil,JETA1,2025-03-21,23902
INV-59402,DISP-05898,OMC-019,Tanzania Petroleum,AGO,2025-10-12,132912
INV-14569,DISP-08833,OMC-020,Ethiopian Oil,AGO,2025-02-18,59510
INV-83406,DISP-05691,OMC-010,Tamoil,HFO,2025-10-09," KES 31,609 "
INV-12089,DISP-07420,OMC-019,Tanzania Petroleum,HFO,2025-05-31,28231
INV-28946,DISP-06200,OMC-007,Kobil,DPK,2025-08-12,119492
INV-95084,DISP-01089,OMC-005,PetroOil Kenya,JETA1,21/04/2026,271111
INV-62103,DISP-03396,OMC-005,PetroOil Kenya,PMS,2026-04-29,279917
INV-12799,DISP-06145,OMC-014,Texol Energies,JETA1,2025-01-12,53555
INV-49328,DISP-05683,OMC-004,Gulf Energy,DPK,2026-02-17,202122
INV-17711,DISP-05956,OMC-010,Tamoil,JETA1,2025-10-03,42574
INV-24965,DISP-02430,OMC-013,Lake Oil,DPK,03/10/2025,23603
INV-33354,DISP-05244,OMC-016,KPA Marine,LPG,,95193
INV-27977,DISP-09839,OMC-020,Ethiopian Oil,LUB,2025-11-08,209787
INV-46008,DISP-05589,OMC-012,Galana Energies,LUB,2026-03-10,26555
INV-85292,DISP-05665,OMC-017,KAA Aviation,LUB,2026-02-22,205698
INV-51430,DISP-08652,OMC-017,KAA Aviation,DPK,2025-05-03,245018
INV-17848,DISP-01555,OMC-020,Ethiopian Oil,AGO,2026-01-27,160515
INV-17010,DISP-05699,OMC-006,Hashi Energy,HFO,2026-04-19,43636
INV-20823,DISP-00387,OMC-019,Tanzania Petroleum,JETA1,2026-02-15,145784
INV-16095,DISP-09634,OMC-012,Galana Energies,AGO,2026-02-08,329198
INV-36022,DISP-09804,OMC-014,Texol Energies,LUB,2026-01-06,263558
INV-15456,DISP-01682,OMC-015,Mombasa Petroleum,LPG,,300875
INV-54701,DISP-00028,OMC-017,KAA Aviation,DPK,2026-03-19,58584
INV-82179,DISP-05908,OMC-004,Gulf Energy,PMS,2026-03-02,139250
INV-72611,DISP-00935,OMC-019,Tanzania Petroleum,LUB,2025-07-29,51460
INV-91529,DISP-04646,OMC-019,Tanzania Petroleum,HFO,2026-05-13,222737
INV-27442,DISP-04604,OMC-014,Texol Energies,LPG,2025-04-04,98693
INV-48673,DISP-06413,OMC-011,Hass Petroleum,PMS,2025-01-13,36468
INV-79006,DISP-04312,OMC-018,Uganda National Oil,AGO,2026-04-01,176473
INV-66590,DISP-01371,OMC-018,Uganda National Oil,JETA1,2026-02-18,162764
INV-71212,DISP-02767,OMC-012,Galana Energies,LPG,2026-04-21,117890
INV-16614,DISP-01707,OMC-010,Tamoil,HFO,2025-05-17,278700
INV-84724,DISP-09146,OMC-008,National Oil,LUB,2025-11-27,205841
INV-76839,DISP-06693,OMC-002,Vivo Energy,DPK,2025-11-08,30230
INV-20749,DISP-07501,OMC-014,Texol Energies,LPG,2025-01-31,194034
INV-98481,DISP-00543,OMC-003,Rubis Energy,PMS,2025-03-09,103501
INV-85762,DISP-04326,OMC-010,Tamoil,LPG,2026-05-21,127611
INV-80655,DISP-04848,OMC-008,National Oil,AGO,2026-06-11,30859
INV-86326,DISP-01859,OMC-014,Texol Energies,PMS,2025-02-26,21254
INV-99624,DISP-08159,OMC-018,Uganda National Oil,JETA1,2026-03-22,89231
INV-47128,DISP-03638,OMC-003,Rubis Energy,PMS,2025-09-25,46171
INV-94503,DISP-09825,OMC-003,Rubis Energy,DPK,2025-08-28,92292
INV-84712,DISP-03052,OMC-004,Gulf Energy,LPG,2026-03-09,93769
INV-20090,DISP-03720,OMC-004,Gulf Energy,HFO,2026-04-14,136423
INV-28245,DISP-01817,OMC-005,PetroOil Kenya,PMS,2026-04-03,54052
INV-78678,DISP-07339,OMC-008,National Oil,DPK,2026-03-25,42472
INV-24243,DISP-01761,OMC-002,Vivo Energy,DPK,2025-05-21,254133
INV-34129,DISP-04338,OMC-009,Dalbit Petroleum,PMS,2025-05-10,189352
INV-26537,DISP-08885,OMC-014,Texol Energies,JETA1,2025-11-13,312984
INV-42809,DISP-05187,OMC-010,Tamoil,PMS,2025-03-16,51987
INV-32074,DISP-02425,OMC-010,Tamoil,LUB,2025-10-01,43937
INV-12811,DISP-03685,OMC-001,TotalEnergies Kenya,LPG,2025-05-24,45182
INV-73459,DISP-08463,OMC-010,Tamoil,LUB,2026-06-22,31217
INV-45679,DISP-08508,OMC-007,Kobil,PMS,2025-04-12,202253
INV-66384,DISP-08521,OMC-011,Hass Petroleum,DPK,2026-02-16,58390
INV-87987,DISP-08228,OMC-006,Hashi Energy,PMS,2025-04-16,195829
INV-91475,DISP-09330,OMC-006,Hashi Energy,JETA1,2025-05-29,193747
INV-90190,DISP-09296,OMC-002,Vivo Energy,AGO,2026-05-24,169293
INV-76702,DISP-02498,OMC-009,Dalbit Petroleum,LUB,2026-03-10,161718
INV-74859,DISP-00986,OMC-020,Ethiopian Oil,PMS,2025-02-14,166219
INV-81412,DISP-01570,OMC-006,Hashi Energy,AGO,2025-02-22,190165
INV-41204,DISP-01353,OMC-010,Tamoil,LPG,2025-06-08,167507
INV-43739,DISP-03660,OMC-007,Kobil,AGO,2025-12-08,31602
INV-27537,DISP-09179,OMC-016,KPA Marine,AGO,2025-10-17,24414
INV-87170,DISP-02642,OMC-005,PetroOil Kenya,DPK,2026-04-14,33166
INV-37904,DISP-00400,OMC-008,National Oil,PMS,2025-10-23,59785
INV-66311,DISP-01068,OMC-010,Tamoil,JETA1,2025-05-28,109053
INV-96184,DISP-04751,OMC-002,Vivo Energy,DPK,2025-11-22,188396
INV-34305,DISP-02004,OMC-018,Uganda National Oil,JETA1,2025-07-31,148335
INV-85780,DISP-05013,OMC-018,Uganda National Oil,HFO,2025-01-17,118601
INV-71144,DISP-02712,OMC-012,Galana Energies,PMS,2026-04-05,211789
INV-76354,DISP-07119,OMC-007,Kobil,JETA1,2025-08-23,54416
INV-66929,DISP-00897,OMC-018,Uganda National Oil,DPK,2025-12-02,154304
INV-36765,DISP-00124,OMC-019,Tanzania Petroleum,LUB,2025-08-29,22161
INV-50809,DISP-02218,OMC-020,Ethiopian Oil,PMS,2026-02-18,127932
INV-47416,DISP-01069,OMC-016,KPA Marine,AGO,2026-02-06,57288
INV-74032,DISP-08311,OMC-005,PetroOil Kenya,DPK,2026-03-29,250878
INV-74759,DISP-09084,OMC-004,Gulf Energy,PMS,2026-03-23,86216
INV-34440,DISP-09083,OMC-006,Hashi Energy,HFO,2026-03-18,134922
INV-56696,DISP-05191,OMC-017,KAA Aviation,DPK,2025-08-01,29609
INV-75672,DISP-06169,OMC-004,Gulf Energy,HFO,13/04/2026,61726
INV-51918,DISP-08428,OMC-002,Vivo Energy,DPK,2025-06-24,33711
INV-66688,DISP-05140,OMC-001,TotalEnergies Kenya,DPK,2025-10-30,158128
INV-10510,DISP-05968,OMC-018,Uganda National Oil,PMS,04/02/2025,144194
INV-38038,DISP-00250,OMC-002,Vivo Energy,HFO,2025-01-17,189104
INV-15038,DISP-06778,OMC-015,Mombasa Petroleum,HFO,2026-03-25,279700
INV-47325,DISP-06633,OMC-013,Lake Oil,LPG,2025-02-10,164156
INV-41758,DISP-07558,OMC-012,Galana Energies,JETA1,2026-02-26,264969
INV-22986,DISP-07310,OMC-020,Ethiopian Oil,HFO,2025-07-24,221614
INV-35285,DISP-09864,OMC-014,Texol Energies,PMS,26/12/2025,59077
INV-23163,DISP-06331,OMC-008,National Oil,LPG,2025-08-08,22151
INV-91950,DISP-05944,OMC-003,Rubis Energy,AGO,2026-05-15,284937
INV-58146,DISP-02114,OMC-009,Dalbit Petroleum,LUB,2025-10-09,140304
INV-59108,DISP-06656,OMC-010,Tamoil,LPG,2025-08-27,48063
INV-87741,DISP-00780,OMC-014,Texol Energies,DPK,2026-02-06,239766
INV-98584,DISP-06517,OMC-004,Gulf Energy,HFO,15/04/2026,299275
INV-26979,DISP-07479,OMC-007,Kobil,HFO,2025-02-04,130481
INV-42482,DISP-07947,OMC-001,TotalEnergies Kenya,JETA1,2026-02-24,278134
INV-58996,DISP-09306,OMC-014,Texol Energies,LPG,2026-04-19,54979
INV-73161,DISP-09886,OMC-007,Kobil,AGO,2025-10-11,56610
INV-63899,DISP-05345,OMC-008,National Oil,LPG,2025-04-08,225298
INV-10988,DISP-08140,OMC-010,Tamoil,PMS,2026-02-17,37026
INV-37696,DISP-07607,OMC-003,Rubis Energy,LPG,2025-07-28," KES 109,320 "
INV-72514,DISP-07774,OMC-018,Uganda National Oil,DPK,2025-06-12,45743
INV-57617,DISP-05508,OMC-008,National Oil,AGO,2025-01-24,36280
INV-21816,DISP-02980,OMC-007,Kobil,HFO,2026-05-26,53141
INV-35957,DISP-06417,OMC-007,Kobil,LUB,2025-05-30,188912
INV-19914,DISP-05585,OMC-004,Gulf Energy,LPG,2026-04-30,143342
INV-45507,DISP-09409,OMC-006,Hashi Energy,LPG,2025-09-04,48843
INV-64873,DISP-07742,OMC-017,KAA Aviation,DPK,2026-01-10," KES 247,843 "
INV-66061,DISP-04188,OMC-013,Lake Oil,HFO,2026-03-26,62051
INV-90118,DISP-02872,OMC-001,TotalEnergies Kenya,PMS,2026-07-03,50792
INV-71901,DISP-09796,OMC-014,Texol Energies,LPG,2025-05-14,31828
INV-57665,DISP-02169,OMC-009,Dalbit Petroleum,PMS,2025-04-12,132352
INV-19685,DISP-06949,OMC-014,Texol Energies,LPG,2025-08-26,22917
INV-69446,DISP-05690,OMC-006,Hashi Energy,PMS,2026-05-13,25525
INV-37491,DISP-06781,OMC-004,Gulf Energy,AGO,07/03/2026,65194
INV-95718,DISP-04852,OMC-003,Rubis Energy,LPG,2026-02-27,53624
INV-41622,DISP-04176,OMC-017,KAA Aviation,LPG,2025-03-24,119813
INV-72667,DISP-03159,OMC-015,Mombasa Petroleum,LUB,2026-03-19,181057
INV-39192,DISP-00040,OMC-008,National Oil,HFO,2026-02-23,173566
INV-76103,DISP-06353,OMC-015,Mombasa Petroleum,JETA1,2025-10-29,177394
INV-68139,DISP-04205,OMC-018,Uganda National Oil,JETA1,2025-05-05,112649
INV-67682,DISP-09008,OMC-011,Hass Petroleum,LUB,2025-06-20,194177
INV-74391,DISP-07180,OMC-003,Rubis Energy,HFO,2026-02-10,190251
INV-69337,DISP-01426,OMC-003,Rubis Energy,PMS,2025-02-06,174315
INV-38591,DISP-07007,OMC-003,Rubis Energy,HFO,2025-11-24,45775
INV-12817,DISP-06711,OMC-016,KPA Marine,DPK,2025-09-27,85057
INV-45112,DISP-07135,OMC-008,National Oil,PMS,2026-03-24,54766
INV-54654,DISP-07603,OMC-011,Hass Petroleum,HFO,2026-05-28,192000
INV-21576,DISP-00076,OMC-014,Texol Energies,JETA1,2025-12-17,161737
INV-90039,DISP-06380,OMC-018,Uganda National Oil,DPK,2025-07-16,51631
INV-92981,DISP-03618,OMC-013,Lake Oil,HFO,2025-08-18," KES 265,908 "
INV-55028,DISP-08570,OMC-016,KPA Marine,HFO,2025-09-10,189209
INV-68113,DISP-04594,OMC-017,KAA Aviation,PMS,2025-06-04,50869
INV-80312,DISP-05769,OMC-013,Lake Oil,HFO,2025-01-08,204510
INV-98755,DISP-05967,OMC-017,KAA Aviation,DPK,2025-02-14,116316
INV-74776,DISP-09918,OMC-003,Rubis Energy,LPG,2025-11-25,48662
INV-70990,DISP-02700,OMC-020,Ethiopian Oil,LPG,23/12/2025,37776
INV-54367,DISP-05339,OMC-008,National Oil,DPK,2025-10-31,55891
INV-79831,DISP-09581,OMC-009,Dalbit Petroleum,AGO,2025-11-10,41439
INV-27261,DISP-02549,OMC-019,Tanzania Petroleum,LPG,2026-02-06,273891
INV-54931,DISP-02244,OMC-011,Hass Petroleum,JETA1,2026-06-26,25827
INV-43607,DISP-01900,OMC-014,Texol Energies,LUB,2026-06-09,190452
INV-47738,DISP-03993,OMC-011,Hass Petroleum,HFO,27/03/2026,64086
INV-75538,DISP-07485,OMC-015,Mombasa Petroleum,LPG,2026-02-12,181008
INV-12376,DISP-02611,OMC-011,Hass Petroleum,HFO,2025-10-11,181397
INV-37003,DISP-00831,OMC-018,Uganda National Oil,DPK,2026-02-07,125956
INV-54911,DISP-03817,OMC-006,Hashi Energy,LPG,2026-03-21,51454
INV-24358,DISP-08244,OMC-007,Kobil,PMS,2025-02-19,45859
INV-66177,DISP-08420,OMC-009,Dalbit Petroleum,JETA1,2025-03-14,110531
INV-91795,DISP-03990,OMC-011,Hass Petroleum,DPK,2025-10-29,52900
INV-78232,DISP-07776,OMC-016,KPA Marine,AGO,2026-06-17,173167
INV-32591,DISP-06225,OMC-012,Galana Energies,PMS,2026-04-04,164405
INV-87899,DISP-03745,OMC-003,Rubis Energy,LPG,2025-05-18,169984
INV-95057,DISP-00851,OMC-005,PetroOil Kenya,AGO,2026-04-12,59338
INV-11381,DISP-09302,OMC-006,Hashi Energy,PMS,2025-05-13,57622
INV-59207,DISP-01274,OMC-012,Galana Energies,JETA1,2026-03-11,91964
INV-85961,DISP-08220,OMC-002,Vivo Energy,DPK,2025-12-16," KES 112,826 "
INV-78703,DISP-07418,OMC-001,TotalEnergies Kenya,HFO,2025-05-28,46077
INV-80229,DISP-00503,OMC-016,KPA Marine,PMS,,196340
INV-94521,DISP-05985,OMC-009,Dalbit Petroleum,JETA1,2026-01-15,54595
INV-59648,DISP-07593,OMC-001,TotalEnergies Kenya,JETA1,2025-12-18,25014
INV-55876,DISP-02464,OMC-017,KAA Aviation,LPG,2026-04-20,250959
INV-17429,DISP-01276,OMC-002,Vivo Energy,LPG,2025-08-29,38705
INV-59982,DISP-04709,OMC-010,Tamoil,LUB,2025-06-28,55481
INV-56553,DISP-06524,OMC-020,Ethiopian Oil,PMS,2025-04-29,25049
INV-24629,DISP-07645,OMC-019,Tanzania Petroleum,HFO,2025-03-04,91715
INV-23956,DISP-08287,OMC-010,Tamoil,DPK,2025-10-29,56685
INV-53264,DISP-00428,OMC-020,Ethiopian Oil,JETA1,,33631
INV-29710,DISP-04762,OMC-018,Uganda National Oil,HFO,2026-04-04,65060
INV-67022,DISP-03383,OMC-012,Galana Energies,LUB,2026-03-20,212986
INV-86329,DISP-07437,OMC-013,Lake Oil,AGO,2025-09-28,46779
INV-56548,DISP-04122,OMC-001,TotalEnergies Kenya,HFO,2026-05-01,254548
INV-55722,DISP-00401,OMC-020,Ethiopian Oil,DPK,15/05/2025,213695
INV-42136,DISP-03448,OMC-007,Kobil,LPG,2025-04-13,94072
INV-24021,DISP-04038,OMC-016,KPA Marine,AGO,2025-08-09,53391
INV-38186,DISP-04167,OMC-014,Texol Energies,LUB,2026-03-26,139093
INV-89316,DISP-00757,OMC-015,Mombasa Petroleum,PMS,2025-11-28,144555
INV-87903,DISP-00148,OMC-018,Uganda National Oil,DPK,2025-11-28,142739
INV-65965,DISP-00982,OMC-019,Tanzania Petroleum,PMS,2025-01-06,172813
INV-69288,DISP-06021,OMC-009,Dalbit Petroleum,DPK,2025-08-22,32560
INV-96085,DISP-02587,OMC-005,PetroOil Kenya,DPK,2026-03-10,209871
INV-95283,DISP-06470,OMC-006,Hashi Energy,LUB,2025-10-23,49253
INV-20698,DISP-00568,OMC-019,Tanzania Petroleum,DPK,2026-05-24,161369
INV-95657,DISP-02229,OMC-012,Galana Energies,PMS,2026-02-26,63979
INV-98460,DISP-00095,OMC-010,Tamoil,DPK,2026-04-10,297991
INV-97066,DISP-07251,OMC-013,Lake Oil,AGO,2026-03-09,110286
INV-41282,DISP-05011,OMC-003,Rubis Energy,HFO,2025-06-30,28866
INV-97221,DISP-00062,OMC-016,KPA Marine,DPK,2025-04-22,72631
INV-52057,DISP-03681,OMC-020,Ethiopian Oil,DPK,2025-04-10,264569
INV-94261,DISP-03418,OMC-001,TotalEnergies Kenya,JETA1,2025-07-22,146601
INV-31247,DISP-02540,OMC-008,National Oil,LUB,19/11/2025,38780
INV-46735,DISP-02082,OMC-013,Lake Oil,LPG,2025-04-12,42445
INV-97319,DISP-07789,OMC-017,KAA Aviation,HFO,2025-03-29,40653
INV-82328,DISP-08858,OMC-008,National Oil,LPG,2025-04-23,143724
INV-65286,DISP-01611,OMC-018,Uganda National Oil,DPK,2025-03-19,28514
INV-11250,DISP-00338,OMC-019,Tanzania Petroleum,AGO,2025-06-13,120549
INV-39693,DISP-01521,OMC-011,Hass Petroleum,PMS,2025-02-26," KES 249,812 "
INV-10174,DISP-02382,OMC-018,Uganda National Oil,LPG,2025-06-06,177021
INV-41748,DISP-09904,OMC-004,Gulf Energy,AGO,,154544
INV-59398,DISP-00270,OMC-020,Ethiopian Oil,DPK,2025-09-14,239048
INV-24853,DISP-03271,OMC-001,TotalEnergies Kenya,JETA1,2025-09-01,187377
INV-37710,DISP-05882,OMC-011,Hass Petroleum,HFO,2025-11-28,195547
INV-26736,DISP-07696,OMC-007,Kobil,HFO,2026-06-12,226014
INV-23290,DISP-05978,OMC-018,Uganda National Oil,LUB,2025-08-09,54343
INV-65530,DISP-00060,OMC-006,Hashi Energy,LPG,2025-06-28,41686
INV-47889,DISP-05015,OMC-007,Kobil,PMS,2026-02-11,81291
INV-54753,DISP-04250,OMC-008,National Oil,JETA1,2025-08-20,37682
INV-79217,DISP-02503,OMC-020,Ethiopian Oil,AGO,2026-05-06,220190
INV-84660,DISP-02266,OMC-010,Tamoil,PMS,2026-03-22,60872
INV-63302,DISP-08446,OMC-006,Hashi Energy,PMS,2025-10-16,54547
INV-73866,DISP-02273,OMC-001,TotalEnergies Kenya,LUB,2025-04-01,215661
INV-56148,DISP-01284,OMC-005,PetroOil Kenya,LUB,2026-02-24,55037
INV-92388,DISP-02297,OMC-019,Tanzania Petroleum,LPG,2025-08-15,128569
INV-57108,DISP-04774,OMC-003,Rubis Energy,DPK,2025-11-09,79102
INV-11295,DISP-08789,OMC-003,Rubis Energy,DPK,2025-07-07,217349
INV-48363,DISP-03490,OMC-015,Mombasa Petroleum,PMS,2025-12-15,50214
INV-43887,DISP-03748,OMC-020,Ethiopian Oil,LUB,2025-03-18,36933
INV-12914,DISP-09199,OMC-001,TotalEnergies Kenya,PMS,2025-06-05," KES 34,687 "
INV-90854,DISP-07638,OMC-009,Dalbit Petroleum,LPG,2025-09-22,150414
INV-66803,DISP-07184,OMC-001,TotalEnergies Kenya,LPG,2025-03-19,46381
INV-36230,DISP-04708,OMC-020,Ethiopian Oil,PMS,2026-05-28,52547
INV-45529,DISP-08442,OMC-010,Tamoil,AGO,2025-03-10,116576
INV-38993,DISP-03136,OMC-005,PetroOil Kenya,LUB,2026-03-07,219127
INV-41932,DISP-02644,OMC-002,Vivo Energy,PMS,2025-07-12,39745
INV-37053,DISP-05732,OMC-006,Hashi Energy,HFO,07/05/2026,248638
INV-12815,DISP-08662,OMC-007,Kobil,LUB,2026-05-01,135558
INV-10161,DISP-06343,OMC-007,Kobil,DPK,2026-01-14,142263
INV-23162,DISP-09228,OMC-012,Galana Energies,DPK,2026-04-07,192113
INV-35877,DISP-07814,OMC-020,Ethiopian Oil,LUB,2025-04-07,162001
INV-84209,DISP-05085,OMC-008,National Oil,LUB,2025-07-31,193675
INV-32675,DISP-07934,OMC-016,KPA Marine,AGO,2026-05-26,114185
INV-48652,DISP-09098,OMC-006,Hashi Energy,LUB,2026-02-25,145028
INV-27298,DISP-04933,OMC-011,Hass Petroleum,PMS,2025-04-23,254651
INV-10997,DISP-08640,OMC-002,Vivo Energy,DPK,2026-01-12,64948
INV-94262,DISP-09740,OMC-008,National Oil,LPG,,23320
INV-42885,DISP-09775,OMC-001,TotalEnergies Kenya,AGO,2026-01-23,49135
INV-32805,DISP-07665,OMC-007,Kobil,DPK,2025-06-03,166505
INV-47369,DISP-03551,OMC-011,Hass Petroleum,LPG,2026-04-05,149304
INV-71220,DISP-06735,OMC-015,Mombasa Petroleum,HFO,2025-11-20,43893
INV-30852,DISP-02592,OMC-006,Hashi Energy,JETA1,2025-07-20,47792
INV-76345,DISP-05354,OMC-012,Galana Energies,JETA1,2026-02-19,178294
INV-63821,DISP-00748,OMC-018,Uganda National Oil,LPG,2025-10-28,198544
INV-45340,DISP-00371,OMC-011,Hass Petroleum,LPG,2026-04-23,148332
INV-77699,DISP-04454,OMC-015,Mombasa Petroleum,HFO,2025-01-25,145285
INV-79661,DISP-09786,OMC-002,Vivo Energy,LUB,2025-06-30,39860
INV-46533,DISP-01193,OMC-013,Lake Oil,JETA1,2026-06-29,193820
INV-23137,DISP-00448,OMC-003,Rubis Energy,AGO,2025-11-06,48597
INV-24691,DISP-08503,OMC-014,Texol Energies,PMS,2025-07-10,121778
INV-37221,DISP-00277,OMC-005,PetroOil Kenya,AGO,2026-02-26,29850
INV-10157,DISP-03733,OMC-001,TotalEnergies Kenya,LPG,2025-11-27,220691
INV-61462,DISP-03806,OMC-013,Lake Oil,HFO,2026-05-16,235836
INV-37983,DISP-09111,OMC-016,KPA Marine,PMS,2026-05-02,181631
INV-11323,DISP-06049,OMC-016,KPA Marine,DPK,2026-04-17,182189
INV-13925,DISP-08070,OMC-001,TotalEnergies Kenya,HFO,2025-11-25,52826
INV-24723,DISP-01634,OMC-018,Uganda National Oil,HFO,2025-02-15,35066
INV-15524,DISP-02765,OMC-010,Tamoil,PMS,2025-03-31,217705
INV-51045,DISP-06308,OMC-010,Tamoil,HFO,2025-08-24,49742
INV-16846,DISP-05697,OMC-011,Hass Petroleum,DPK,2025-02-13,34045
INV-10483,DISP-00959,OMC-009,Dalbit Petroleum,DPK,2025-03-17,41333
INV-94543,DISP-00101,OMC-017,KAA Aviation,LPG,2026-06-11," KES 284,715 "
INV-49449,DISP-04662,OMC-011,Hass Petroleum,HFO,2026-05-07,59064
INV-36427,DISP-01225,OMC-006,Hashi Energy,LPG,2026-01-17,240932
INV-29154,DISP-08240,OMC-018,Uganda National Oil,DPK,2025-06-04,171338
INV-22408,DISP-01136,OMC-018,Uganda National Oil,HFO,2026-04-11,24549
INV-28973,DISP-05789,OMC-014,Texol Energies,JETA1,2025-04-11,189724
INV-89845,DISP-01273,OMC-019,Tanzania Petroleum,PMS,2025-06-09,51761
INV-50532,DISP-05350,OMC-006,Hashi Energy,JETA1,2026-05-09,189410
INV-89735,DISP-02663,OMC-006,Hashi Energy,DPK,2026-05-01,262859
INV-10411,DISP-07168,OMC-014,Texol Energies,HFO,2025-09-19,132265
INV-38122,DISP-01055,OMC-012,Galana Energies,DPK,2026-04-30,113079
INV-78374,DISP-05333,OMC-007,Kobil,JETA1,2025-01-08,201969
INV-34399,DISP-00825,OMC-015,Mombasa Petroleum,LPG,2025-12-03,42934
INV-79581,DISP-05520,OMC-020,Ethiopian Oil,AGO,2025-05-08,36961
INV-23363,DISP-09472,OMC-019,Tanzania Petroleum,HFO,,78141
INV-87177,DISP-09715,OMC-003,Rubis Energy,JETA1,28/08/2025,172396
INV-21073,DISP-03378,OMC-005,PetroOil Kenya,AGO,2026-02-18,76754
INV-36348,DISP-05310,OMC-007,Kobil,LPG,2025-11-03,42194
INV-93035,DISP-05059,OMC-018,Uganda National Oil,DPK,2026-06-06,216571
INV-98773,DISP-05266,OMC-020,Ethiopian Oil,LUB,2025-01-21,50703
INV-83582,DISP-09371,OMC-015,Mombasa Petroleum,LPG,2025-10-25,234784
INV-12799,DISP-06145,OMC-014,Texol Energies,JETA1,2025-01-12,53555
INV-85276,DISP-00525,OMC-004,Gulf Energy,HFO,2026-04-30,208143
INV-72008,DISP-05694,OMC-010,Tamoil,AGO,2025-10-21,120779
INV-68004,DISP-06947,OMC-008,National Oil,DPK,2025-12-30," KES 93,151 "
INV-81764,DISP-09011,OMC-012,Galana Energies,HFO,2026-02-18,54298
INV-76306,DISP-07372,OMC-017,KAA Aviation,HFO,2026-04-19,293898
INV-71403,DISP-06796,OMC-013,Lake Oil,LUB,2025-05-02,39375
INV-67614,DISP-09395,OMC-018,Uganda National Oil,PMS,2025-05-17,74905
INV-23780,DISP-09387,OMC-015,Mombasa Petroleum,LPG,2025-12-04,45851
INV-23932,DISP-06452,OMC-013,Lake Oil,DPK,2026-03-27,43307
INV-96689,DISP-09207,OMC-020,Ethiopian Oil,LUB,2026-03-17,103551
INV-54000,DISP-03704,OMC-019,Tanzania Petroleum,HFO,,140849
INV-80726,DISP-00097,OMC-017,KAA Aviation,PMS,2025-06-06,100288
INV-88888,DISP-06821,OMC-002,Vivo Energy,LPG,2025-12-22,226678
INV-40495,DISP-04213,OMC-009,Dalbit Petroleum,PMS,2025-05-19,90863
INV-15469,DISP-04357,OMC-017,KAA Aviation,JETA1,2025-05-18,48444
INV-97319,DISP-07789,OMC-017,KAA Aviation,HFO,2025-03-29,40653
INV-94475,DISP-06620,OMC-011,Hass Petroleum,DPK,2026-05-04,209906
INV-59941,DISP-01959,OMC-008,National Oil,DPK,,94526
INV-85980,DISP-09705,OMC-002,Vivo Energy,JETA1,2026-01-02," KES 187,133 "
INV-78574,DISP-04904,OMC-006,Hashi Energy,DPK,2026-01-16,209977
INV-61107,DISP-07127,OMC-004,Gulf Energy,DPK,2026-02-26,144878
INV-86622,DISP-07209,OMC-013,Lake Oil,HFO,2025-08-22,31843
INV-27888,DISP-03550,OMC-007,Kobil,AGO,2025-10-23,127281
INV-83794,DISP-09559,OMC-008,National Oil,LPG,2025-08-04,41214
INV-23678,DISP-01928,OMC-007,Kobil,DPK,2025-08-27,22219
INV-11086,DISP-09981,OMC-017,KAA Aviation,DPK,2025-04-27,38607
INV-30844,DISP-03652,OMC-018,Uganda National Oil,JETA1,17/04/2025,243210
INV-51469,DISP-00288,OMC-004,Gulf Energy,HFO,2026-04-10,44620
INV-31449,DISP-08516,OMC-001,TotalEnergies Kenya,AGO,2026-03-21,27706
INV-82618,DISP-07364,OMC-010,Tamoil,PMS,2025-12-10,200675
INV-86029,DISP-09103,OMC-005,PetroOil Kenya,AGO,2026-02-16,95817
INV-95206,DISP-06266,OMC-001,TotalEnergies Kenya,JETA1,2025-08-08,115895
INV-10736,DISP-08430,OMC-006,Hashi Energy,AGO,2026-02-02,150494
INV-18825,DISP-02746,OMC-011,Hass Petroleum,DPK,2025-02-26,31862
INV-44323,DISP-01494,OMC-004,Gulf Energy,LPG,2026-02-17,171919
INV-33203,DISP-07470,OMC-013,Lake Oil,AGO,2025-11-09,135163
INV-34502,DISP-08927,OMC-001,TotalEnergies Kenya,PMS,2026-01-15,140060
INV-34193,DISP-04835,OMC-006,Hashi Energy,DPK,2025-02-27,264388
INV-42175,DISP-03718,OMC-019,Tanzania Petroleum,DPK,2025-01-23,27590
INV-40274,DISP-05449,OMC-010,Tamoil,JETA1,2026-06-03,118793
INV-78955,DISP-02696,OMC-002,Vivo Energy,LPG,2025-07-15,192663
INV-48610,DISP-01794,OMC-012,Galana Energies,DPK,2026-03-19,284451
INV-37748,DISP-08666,OMC-007,Kobil,AGO,2025-03-20,70675
INV-85917,DISP-02926,OMC-001,TotalEnergies Kenya,DPK,2026-05-27," KES 207,571 "
INV-54840,DISP-01187,OMC-002,Vivo Energy,LUB,2025-10-27,124612
INV-77358,DISP-07658,OMC-008,National Oil,LPG,2025-12-20,37495
INV-23479,DISP-06500,OMC-016,KPA Marine,PMS,2026-02-04,177434
INV-72037,DISP-00993,OMC-014,Texol Energies,PMS,2026-05-08,33168
INV-49696,DISP-09426,OMC-020,Ethiopian Oil,AGO,2026-01-05,33231
INV-83421,DISP-05352,OMC-006,Hashi Energy,DPK,2026-06-22,118236
INV-88316,DISP-08062,OMC-013,Lake Oil,PMS,2025-04-19,28423
INV-78472,DISP-01818,OMC-012,Galana Energies,AGO,2026-04-12,275120
INV-30054,DISP-01251,OMC-001,TotalEnergies Kenya,LPG,2025-03-07," KES 166,761 "
INV-25033,DISP-08593,OMC-010,Tamoil,JETA1,2026-04-07,159025
INV-25709,DISP-06414,OMC-009,Dalbit Petroleum,LUB,2025-03-24,197403
INV-88794,DISP-07188,OMC-008,National Oil,AGO,2026-03-28,62005
INV-56797,DISP-09210,OMC-003,Rubis Energy,JETA1,2026-05-19,182765
INV-55224,DISP-04682,OMC-001,TotalEnergies Kenya,LUB,2025-07-02,281694
INV-46358,DISP-03759,OMC-005,PetroOil Kenya,AGO,2026-02-21,28827
INV-16919,DISP-00286,OMC-013,Lake Oil,AGO,2026-01-13,183470
INV-84006,DISP-06415,OMC-014,Texol Energies,DPK,2026-01-04,41800
INV-32481,DISP-05282,OMC-001,TotalEnergies Kenya,AGO,2026-02-13,292709
INV-28706,DISP-04238,OMC-008,National Oil,HFO,2025-12-27,48273
INV-68297,DISP-01283,OMC-003,Rubis Energy,AGO,2026-03-12,28273
INV-40821,DISP-08102,OMC-006,Hashi Energy,AGO,2025-02-18,60280
INV-31564,DISP-05803,OMC-014,Texol Energies,LUB,2025-04-04,208918
INV-73711,DISP-02223,OMC-002,Vivo Energy,AGO,2025-11-09," KES 89,316 "
INV-38106,DISP-08646,OMC-004,Gulf Energy,JETA1,2026-03-24,62002
INV-84556,DISP-02494,OMC-006,Hashi Energy,LPG,2026-03-10,50431
INV-55886,DISP-04836,OMC-015,Mombasa Petroleum,AGO,2025-03-13,212946
INV-30145,DISP-05515,OMC-002,Vivo Energy,HFO,2025-01-07,47290
INV-27962,DISP-04383,OMC-010,Tamoil,JETA1,2026-02-05,59165
INV-87538,DISP-05907,OMC-020,Ethiopian Oil,HFO,2025-03-29,252446
INV-28193,DISP-05559,OMC-006,Hashi Energy,AGO,2025-07-18,128863
INV-39642,DISP-04706,OMC-012,Galana Energies,PMS,2026-04-01,54669
INV-96622,DISP-04943,OMC-017,KAA Aviation,JETA1,2025-10-27,240144
INV-72704,DISP-05834,OMC-017,KAA Aviation,LPG,2025-08-02,237153
INV-54845,DISP-06100,OMC-008,National Oil,DPK,2025-06-06,24177
INV-41885,DISP-03701,OMC-015,Mombasa Petroleum,AGO,2025-04-06," KES 137,823 "
INV-63032,DISP-08125,OMC-019,Tanzania Petroleum,LUB,2025-03-02,174787
INV-37362,DISP-06339,OMC-018,Uganda National Oil,HFO,2025-11-01,45208
INV-41203,DISP-04806,OMC-017,KAA Aviation,LPG,2026-06-11,41897
INV-98101,DISP-08372,OMC-013,Lake Oil,HFO,2025-07-29,44721
INV-23634,DISP-08233,OMC-015,Mombasa Petroleum,LPG,2025-11-02,28796
INV-76882,DISP-09284,OMC-006,Hashi Energy,JETA1,2025-11-25,126850
INV-85250,DISP-06139,OMC-007,Kobil,HFO,2025-03-26,214746
INV-35856,DISP-04553,OMC-020,Ethiopian Oil,HFO,2025-02-13,32206
INV-92559,DISP-02982,OMC-009,Dalbit Petroleum,PMS,2025-01-13,133768
INV-77193,DISP-07528,OMC-015,Mombasa Petroleum,AGO,2025-08-06,59784
INV-97209,DISP-01879,OMC-020,Ethiopian Oil,HFO,2025-03-08,150495
INV-44861,DISP-05842,OMC-008,National Oil,JETA1,,113755
INV-57868,DISP-04641,OMC-009,Dalbit Petroleum,HFO,2026-03-04,203651
INV-77100,DISP-00735,OMC-004,Gulf Energy,LUB,2026-04-06,26646
INV-61436,DISP-01488,OMC-006,Hashi Energy,DPK,2026-06-20,22243
INV-34238,DISP-03951,OMC-016,KPA Marine,DPK,2025-06-15,242451
INV-59834,DISP-01679,OMC-018,Uganda National Oil,HFO,2025-03-27,25511
INV-29069,DISP-04925,OMC-010,Tamoil,DPK,2026-02-12,31484
INV-88784,DISP-08675,OMC-020,Ethiopian Oil,LPG,2026-03-06,190641
INV-77613,DISP-00307,OMC-006,Hashi Energy,LPG,2026-04-20,37323
INV-36216,DISP-06352,OMC-016,KPA Marine,AGO,2025-02-22,58650
INV-67285,DISP-08334,OMC-017,KAA Aviation,PMS,2025-01-16,198225
INV-92072,DISP-04885,OMC-005,PetroOil Kenya,JETA1,2026-03-02," KES 61,823 "
INV-99820,DISP-06203,OMC-005,PetroOil Kenya,HFO,2026-03-17,145552
INV-17728,DISP-01321,OMC-013,Lake Oil,JETA1,2025-02-11,257608
INV-97770,DISP-07408,OMC-014,Texol Energies,PMS,2025-05-14,94951
INV-60585,DISP-07898,OMC-017,KAA Aviation,LUB,2025-08-12,205665
INV-44044,DISP-00348,OMC-003,Rubis Energy,LUB,2026-02-06," KES 140,819 "
INV-19353,DISP-09579,OMC-011,Hass Petroleum,HFO,06/04/2026,280041
INV-29125,DISP-09313,OMC-009,Dalbit Petroleum,DPK,2025-05-18,129214
INV-79293,DISP-05435,OMC-013,Lake Oil,AGO,2025-09-24,61472
INV-99614,DISP-02471,OMC-005,PetroOil Kenya,DPK,2026-04-22,24822
INV-69987,DISP-04317,OMC-006,Hashi Energy,PMS,,128662
INV-71318,DISP-08253,OMC-010,Tamoil,LUB,2025-03-07,147848
INV-12786,DISP-07648,OMC-004,Gulf Energy,LPG,2026-03-03,153110
INV-23656,DISP-03740,OMC-006,Hashi Energy,HFO,2026-05-30,269048
INV-61717,DISP-02857,OMC-009,Dalbit Petroleum,DPK,2025-03-03,177748
INV-58022,DISP-07938,OMC-009,Dalbit Petroleum,PMS,2026-02-17,191153
INV-40628,DISP-06480,OMC-019,Tanzania Petroleum,PMS,2025-12-20,178254
INV-65907,DISP-02641,OMC-008,National Oil,PMS,2025-09-23,51940
INV-57950,DISP-03270,OMC-012,Galana Energies,HFO,2026-04-01,109003
INV-11369,DISP-03595,OMC-003,Rubis Energy,JETA1,2025-12-05,26727
INV-41424,DISP-02501,OMC-011,Hass Petroleum,AGO,2025-06-09," KES 21,473 "
INV-52721,DISP-02199,OMC-008,National Oil,DPK,2026-04-29,146913
INV-23790,DISP-02779,OMC-002,Vivo Energy,JETA1,2025-04-17,35833
INV-12716,DISP-00046,OMC-003,Rubis Energy,PMS,2025-06-16,32261
INV-87706,DISP-07463,OMC-019,Tanzania Petroleum,LPG,2025-09-12,75386
INV-15714,DISP-00035,OMC-020,Ethiopian Oil,HFO,2025-05-01,163707
INV-96930,DISP-02788,OMC-016,KPA Marine,DPK,2025-12-18,248990
INV-24067,DISP-06733,OMC-013,Lake Oil,HFO,2026-02-22,297546
INV-99820,DISP-01544,OMC-018,Uganda National Oil,HFO,2025-08-31,25746
INV-59822,DISP-00236,OMC-010,Tamoil,DPK,2025-07-14,49590
INV-30190,DISP-06408,OMC-008,National Oil,PMS,2025-09-09,58131
INV-80593,DISP-09254,OMC-017,KAA Aviation,LUB,2026-03-16,44120
INV-96650,DISP-09626,OMC-019,Tanzania Petroleum,HFO,2025-04-01,177317
INV-95035,DISP-09638,OMC-002,Vivo Energy,LUB,2026-05-22,141753
INV-62455,DISP-07495,OMC-001,TotalEnergies Kenya,DPK,2025-04-29,31128
INV-86070,DISP-06416,OMC-002,Vivo Energy,DPK,2025-11-15,36082
INV-16107,DISP-09690,OMC-011,Hass Petroleum,PMS,2025-05-18,28046
INV-61479,DISP-07156,OMC-009,Dalbit Petroleum,DPK,2025-11-04,216780
INV-17341,DISP-05962,OMC-019,Tanzania Petroleum,AGO,2026-05-31," KES 122,172 "
INV-33211,DISP-05914,OMC-007,Kobil,HFO,2026-06-13,45180
INV-37361,DISP-07845,OMC-001,TotalEnergies Kenya,DPK,2026-04-03,139330
INV-84188,DISP-05550,OMC-011,Hass Petroleum,AGO,2025-01-09,199189
INV-24789,DISP-02455,OMC-005,PetroOil Kenya,HFO,2026-03-31,50605
INV-60293,DISP-01971,OMC-018,Uganda National Oil,JETA1,13/01/2025,128686
INV-39481,DISP-05214,OMC-003,Rubis Energy,DPK,2025-06-03,47533
INV-72763,DISP-01673,OMC-008,National Oil,DPK,2025-10-18,244532
INV-17134,DISP-01792,OMC-008,National Oil,PMS,2025-08-20,30570
INV-18216,DISP-03920,OMC-013,Lake Oil,LPG,2025-01-23,125322
INV-27366,DISP-09466,OMC-014,Texol Energies,AGO,2025-09-05,148901
INV-26355,DISP-08878,OMC-010,Tamoil,PMS,2025-01-23," KES 78,310 "
INV-99474,DISP-01022,OMC-010,Tamoil,DPK,2025-05-03,34625
INV-88165,DISP-08024,OMC-007,Kobil,LUB,2025-01-28,224699
INV-80057,DISP-08432,OMC-004,Gulf Energy,LUB,2026-03-18,66050
INV-49046,DISP-03961,OMC-019,Tanzania Petroleum,DPK,2025-08-15,42859
INV-97149,DISP-01589,OMC-016,KPA Marine,DPK,2025-11-06,173542
INV-44470,DISP-01150,OMC-006,Hashi Energy,PMS,2026-01-13,56113
INV-89263,DISP-06394,OMC-005,PetroOil Kenya,AGO,2026-03-02,197716
INV-90739,DISP-08495,OMC-018,Uganda National Oil,LPG,2025-07-01,243197
INV-35963,DISP-04394,OMC-016,KPA Marine,AGO,2025-05-16,37729
INV-92640,DISP-04679,OMC-009,Dalbit Petroleum,JETA1,2026-03-31,160990
INV-57838,DISP-04010,OMC-017,KAA Aviation,HFO,2025-01-31,261376
INV-22401,DISP-02805,OMC-019,Tanzania Petroleum,HFO,2025-07-02,142667
INV-56029,DISP-07994,OMC-015,Mombasa Petroleum,DPK,2026-07-08,60669
INV-67013,DISP-02929,OMC-003,Rubis Energy,AGO,2025-05-25,160562
INV-31717,DISP-08361,OMC-008,National Oil,LPG,2025-07-24,37358
INV-60532,DISP-06998,OMC-017,KAA Aviation,HFO,,21978
INV-46955,DISP-09544,OMC-008,National Oil,HFO,2026-03-23,263935
INV-53826,DISP-07512,OMC-017,KAA Aviation,JETA1,2025-10-18,69373
INV-83001,DISP-04265,OMC-014,Texol Energies,DPK,01/08/2025,71228
INV-20606,DISP-02477,OMC-003,Rubis Energy,LPG,2026-04-12,35366
INV-69377,DISP-07822,OMC-007,Kobil,JETA1,2025-08-17,136372
INV-29357,DISP-07145,OMC-015,Mombasa Petroleum,AGO,,124689
INV-21362,DISP-07926,OMC-011,Hass Petroleum,LPG,2025-11-06,53851
INV-90652,DISP-09276,OMC-002,Vivo Energy,HFO,20/04/2026,158746
INV-63463,DISP-04295,OMC-002,Vivo Energy,AGO,2025-05-03,46192
INV-31683,DISP-08204,OMC-010,Tamoil,PMS,2025-02-12," KES 192,766 "
INV-41827,DISP-03870,OMC-018,Uganda National Oil,AGO,2026-06-14,59079
INV-62667,DISP-09850,OMC-013,Lake Oil,HFO,2026-07-02,149061
INV-56791,DISP-03792,OMC-003,Rubis Energy,JETA1,2026-05-31,117776
INV-64559,DISP-01639,OMC-014,Texol Energies,PMS,2025-11-10,155606
INV-47222,DISP-03678,OMC-013,Lake Oil,JETA1,2025-10-02,226586
INV-14463,DISP-03726,OMC-003,Rubis Energy,JETA1,2025-11-18,179070
INV-60835,DISP-00924,OMC-002,Vivo Energy,LUB,2026-05-03,131573
INV-51530,DISP-06952,OMC-018,Uganda National Oil,JETA1,2026-06-06,191323
INV-97000,DISP-00290,OMC-010,Tamoil,AGO,2025-04-05,54443
INV-81557,DISP-06325,OMC-011,Hass Petroleum,LUB,2025-02-17,55722
INV-12952,DISP-08060,OMC-006,Hashi Energy,PMS,2026-05-14,64343
INV-88473,DISP-04873,OMC-017,KAA Aviation,PMS,2025-08-30,53415
INV-38178,DISP-00947,OMC-010,Tamoil,AGO,2025-03-09,31574
INV-95049,DISP-03155,OMC-008,National Oil,LPG,2025-10-23,178208
INV-32958,DISP-06883,OMC-008,National Oil,HFO,2026-02-16,45634
INV-86580,DISP-05906,OMC-002,Vivo Energy,LUB,2026-02-11,66854
INV-72859,DISP-05565,OMC-009,Dalbit Petroleum,LPG,2026-02-02,133380
INV-40585,DISP-01687,OMC-009,Dalbit Petroleum,AGO,2025-04-08,24644
INV-58759,DISP-09563,OMC-010,Tamoil,LPG,2025-02-01,46709
INV-89435,DISP-08501,OMC-001,TotalEnergies Kenya,LPG,2025-04-02,22517
INV-12207,DISP-05383,OMC-017,KAA Aviation,LUB,2026-06-30,37475
INV-67510,DISP-09596,OMC-009,Dalbit Petroleum,LUB,2025-03-04,120395
INV-92903,DISP-03491,OMC-018,Uganda National Oil,LUB,,23175
INV-65284,DISP-02001,OMC-020,Ethiopian Oil,JETA1,2025-02-19,201337
INV-67455,DISP-09676,OMC-013,Lake Oil,DPK,2026-01-04,73822
INV-32840,DISP-00106,OMC-010,Tamoil,JETA1,2025-11-17,51752
INV-59682,DISP-03723,OMC-018,Uganda National Oil,AGO,2026-05-06,114966
INV-82981,DISP-03887,OMC-007,Kobil,DPK,2025-09-23,43757
INV-39900,DISP-03075,OMC-017,KAA Aviation,LPG,2025-06-09,179755
INV-87194,DISP-01049,OMC-007,Kobil,PMS,2025-01-16,26619
INV-72821,DISP-08466,OMC-004,Gulf Energy,LUB,2026-03-30,213230
INV-52704,DISP-09594,OMC-001,TotalEnergies Kenya,AGO,2026-02-12," KES 186,469 "
INV-88752,DISP-03130,OMC-019,Tanzania Petroleum,JETA1,,196854
INV-91215,DISP-08687,OMC-010,Tamoil,PMS,2026-02-22,38732
INV-80709,DISP-08281,OMC-019,Tanzania Petroleum,DPK,2025-05-01,105008
INV-64311,DISP-05336,OMC-005,PetroOil Kenya,JETA1,2026-02-17,41416
INV-40170,DISP-08755,OMC-006,Hashi Energy,AGO,2025-01-03,85004
INV-51096,DISP-00493,OMC-016,KPA Marine,HFO,2026-03-23,43189
INV-43608,DISP-08920,OMC-004,Gulf Energy,HFO,2026-02-19,187896
INV-79390,DISP-06520,OMC-010,Tamoil,LUB,06/02/2025,25145
INV-47411,DISP-07435,OMC-014,Texol Energies,JETA1,2025-05-12,95729
INV-12049,DISP-07657,OMC-018,Uganda National Oil,DPK,2026-01-24,183042
INV-54550,DISP-09061,OMC-018,Uganda National Oil,PMS,2025-09-26,128694
INV-26439,DISP-07725,OMC-017,KAA Aviation,AGO,2025-12-20," KES 29,879 "
INV-62309,DISP-03525,OMC-015,Mombasa Petroleum,AGO,2026-01-26,173761
INV-76146,DISP-01454,OMC-008,National Oil,AGO,2025-12-24,114812
INV-97272,DISP-08626,OMC-017,KAA Aviation,AGO,2026-05-28," KES 56,945 "
INV-67039,DISP-06487,OMC-020,Ethiopian Oil,HFO,2025-01-27,25800
INV-55030,DISP-03536,OMC-018,Uganda National Oil,LUB,2025-12-01,127896
INV-40629,DISP-08283,OMC-019,Tanzania Petroleum,LUB,2025-08-22,167858
INV-81886,DISP-09455,OMC-006,Hashi Energy,LUB,2025-12-18,24059
INV-45233,DISP-06397,OMC-011,Hass Petroleum,LUB,2025-09-28,128570
INV-80147,DISP-03625,OMC-017,KAA Aviation,PMS,2025-09-10,103270
INV-95862,DISP-06530,OMC-010,Tamoil,JETA1,2025-05-28,174468
INV-54383,DISP-09774,OMC-007,Kobil,HFO,2025-10-02," KES 151,581 "
INV-91972,DISP-08205,OMC-006,Hashi Energy,DPK,2025-04-10,79579
INV-60550,DISP-03613,OMC-007,Kobil,JETA1,,126144
INV-85380,DISP-08783,OMC-012,Galana Energies,DPK,2026-03-02,170789
INV-52324,DISP-01420,OMC-001,TotalEnergies Kenya,DPK,2026-02-28,226208
INV-38729,DISP-04622,OMC-005,PetroOil Kenya,HFO,,62948
INV-56123,DISP-01218,OMC-011,Hass Petroleum,AGO,2025-02-01,251834
INV-35702,DISP-01108,OMC-017,KAA Aviation,AGO,2026-02-27,276681
INV-26220,DISP-07599,OMC-010,Tamoil,DPK,2026-03-07,272071
INV-95837,DISP-06624,OMC-020,Ethiopian Oil,AGO,2025-01-12,119983
INV-18666,DISP-03776,OMC-016,KPA Marine,PMS,2026-05-28,49825
INV-34491,DISP-05643,OMC-011,Hass Petroleum,DPK,2025-06-27,284570
INV-67551,DISP-08330,OMC-008,National Oil,LPG,2025-10-16,23211
INV-43949,DISP-05027,OMC-020,Ethiopian Oil,HFO,2026-01-16,207350
INV-23088,DISP-07221,OMC-001,TotalEnergies Kenya,LPG,2025-06-25,266532
INV-14539,DISP-04650,OMC-014,Texol Energies,JETA1,2025-01-17,126597
INV-13669,DISP-09836,OMC-004,Gulf Energy,LPG,2026-04-06,211357
INV-47086,DISP-06699,OMC-016,KPA Marine,AGO,2026-02-07,52368
INV-72991,DISP-06034,OMC-019,Tanzania Petroleum,LUB,2025-01-16,41380
INV-55046,DISP-00501,OMC-014,Texol Energies,JETA1,2025-01-26,57472
INV-28599,DISP-05212,OMC-016,KPA Marine,JETA1,2026-03-06,254390
INV-46996,DISP-06950,OMC-006,Hashi Energy,JETA1,09/08/2025,42361
INV-42251,DISP-08239,OMC-013,Lake Oil,LUB,2025-10-03,90867
INV-58717,DISP-00917,OMC-010,Tamoil,HFO,2025-03-03,199741
INV-18764,DISP-08100,OMC-020,Ethiopian Oil,LPG,2025-03-22,113044
INV-98474,DISP-03714,OMC-014,Texol Energies,JETA1,2025-07-09,35994
INV-36344,DISP-01631,OMC-010,Tamoil,HFO,2025-06-03,214326
INV-95466,DISP-00390,OMC-008,National Oil,PMS,2026-06-01,205013
INV-79654,DISP-08332,OMC-019,Tanzania Petroleum,HFO,2025-05-09,39133
INV-58588,DISP-04857,OMC-017,KAA Aviation,PMS,2026-03-15,53827
INV-65135,DISP-07749,OMC-005,PetroOil Kenya,PMS,2026-04-06,202878
INV-35781,DISP-09762,OMC-004,Gulf Energy,LPG,2026-03-13,62943
INV-76842,DISP-03163,OMC-018,Uganda National Oil,LUB,2025-05-04,33820
INV-57411,DISP-02405,OMC-001,TotalEnergies Kenya,DPK,2025-11-01,207091
INV-94451,DISP-08619,OMC-020,Ethiopian Oil,AGO,2025-12-22,44930
INV-97361,DISP-06238,OMC-014,Texol Energies,AGO,2026-04-02,63003
INV-19753,DISP-07902,OMC-005,PetroOil Kenya,LUB,2026-03-08,190773
INV-66205,DISP-01561,OMC-011,Hass Petroleum,AGO,2026-05-06,206724
INV-18032,DISP-01364,OMC-013,Lake Oil,JETA1,2026-02-22,30756
INV-41497,DISP-08337,OMC-007,Kobil,AGO,2025-10-14,38012
INV-51266,DISP-08199,OMC-017,KAA Aviation,HFO,2025-05-30," KES 33,488 "
INV-89818,DISP-01848,OMC-017,KAA Aviation,LUB,2026-01-27,100895
INV-10124,DISP-06116,OMC-003,Rubis Energy,LUB,24/11/2025,186621
INV-90710,DISP-05125,OMC-006,Hashi Energy,PMS,2025-02-26,27107
INV-38971,DISP-01375,OMC-019,Tanzania Petroleum,LPG,11/03/2026,130225
INV-57717,DISP-03818,OMC-020,Ethiopian Oil,AGO,13/04/2025,116546
INV-85167,DISP-00336,OMC-014,Texol Energies,LUB,2026-03-22,295608
INV-56118,DISP-03109,OMC-013,Lake Oil,PMS,2025-11-06,25020
INV-10677,DISP-09209,OMC-006,Hashi Energy,AGO,2026-05-04,44939
INV-99645,DISP-01858,OMC-018,Uganda National Oil,HFO,2025-12-01,46813
INV-86617,DISP-02112,OMC-008,National Oil,LPG,2026-04-19,262029
INV-21042,DISP-07285,OMC-017,KAA Aviation,AGO,23/06/2026," KES 252,692 "
INV-93190,DISP-00126,OMC-011,Hass Petroleum,AGO,2025-12-31,147595
INV-40536,DISP-03393,OMC-016,KPA Marine,LPG,2025-09-03,137597
INV-65382,DISP-09225,OMC-018,Uganda National Oil,PMS,2026-02-05,186144
INV-79463,DISP-02585,OMC-015,Mombasa Petroleum,LUB,2025-04-29,167786
INV-96863,DISP-07484,OMC-017,KAA Aviation,DPK,2025-12-01,189118
INV-46194,DISP-04472,OMC-013,Lake Oil,DPK,2026-06-15,29314
INV-74508,DISP-01414,OMC-020,Ethiopian Oil,PMS,2025-03-06,160552
INV-40980,DISP-08105,OMC-014,Texol Energies,LPG,2025-09-14,60087
INV-84573,DISP-02485,OMC-002,Vivo Energy,JETA1,2025-05-29,119737
INV-53875,DISP-03851,OMC-013,Lake Oil,PMS,2026-05-03,51429
INV-66956,DISP-09260,OMC-010,Tamoil,LUB,2026-01-26,185389
INV-64380,DISP-06694,OMC-002,Vivo Energy,AGO,2026-01-04,40387
INV-71409,DISP-07785,OMC-009,Dalbit Petroleum,PMS,2025-08-19," KES 216,485 "
INV-60740,DISP-02954,OMC-010,Tamoil,LPG,2025-06-13,210389
INV-65619,DISP-06270,OMC-003,Rubis Energy,AGO,2025-09-30,33780
INV-86409,DISP-03964,OMC-015,Mombasa Petroleum,AGO,09/06/2025," KES 98,220 "
INV-75349,DISP-05614,OMC-011,Hass Petroleum,JETA1,2025-07-27," KES 164,592 "
INV-11866,DISP-05714,OMC-015,Mombasa Petroleum,AGO,2025-06-07,23775
INV-39124,DISP-06008,OMC-004,Gulf Energy,HFO,2026-05-03,251989
INV-73041,DISP-09677,OMC-008,National Oil,LPG,2026-03-07,278010
INV-67191,DISP-09079,OMC-020,Ethiopian Oil,JETA1,2025-10-02,33685
INV-38656,DISP-06596,OMC-020,Ethiopian Oil,AGO,2026-01-23,203966
INV-59311,DISP-06442,OMC-005,PetroOil Kenya,LUB,2026-04-20,133366
INV-94237,DISP-04756,OMC-011,Hass Petroleum,LUB,2026-03-24,22324
INV-25358,DISP-02161,OMC-016,KPA Marine,LUB,2026-06-06,284222
INV-52007,DISP-02984,OMC-019,Tanzania Petroleum,PMS,2025-04-25,180391
INV-19327,DISP-04423,OMC-017,KAA Aviation,LUB,2026-01-27,101466
INV-90588,DISP-06698,OMC-019,Tanzania Petroleum,JETA1,2026-03-03,39861
INV-10033,DISP-09546,OMC-018,Uganda National Oil,LPG,2026-03-13,151240
INV-40152,DISP-05201,OMC-005,PetroOil Kenya,LUB,2026-03-23,24969
INV-46966,DISP-08250,OMC-001,TotalEnergies Kenya,LPG,2025-03-14,242125
INV-28708,DISP-03895,OMC-010,Tamoil,AGO,2025-03-10,163275
INV-61868,DISP-08267,OMC-001,TotalEnergies Kenya,HFO,2026-01-28,37665
INV-62379,DISP-01091,OMC-009,Dalbit Petroleum,JETA1,04/07/2026,55558
INV-78832,DISP-06383,OMC-020,Ethiopian Oil,AGO,2025-01-17,285366
INV-29959,DISP-07786,OMC-020,Ethiopian Oil,LPG,2025-04-13," KES 153,969 "
INV-71223,DISP-09452,OMC-002,Vivo Energy,DPK,2026-01-29,129910
INV-82302,DISP-00708,OMC-013,Lake Oil,DPK,2025-07-16,221463
INV-27868,DISP-09124,OMC-002,Vivo Energy,AGO,2025-02-23,36292
INV-23965,DISP-02066,OMC-018,Uganda National Oil,DPK,2025-02-22,34531
INV-46741,DISP-09389,OMC-011,Hass Petroleum,LPG,2026-04-03,222416
INV-96380,DISP-07903,OMC-010,Tamoil,PMS,2025-10-17,183748
INV-92527,DISP-04982,OMC-019,Tanzania Petroleum,JETA1,2026-01-12,28155
INV-97614,DISP-03732,OMC-015,Mombasa Petroleum,PMS,2025-06-14,25144
INV-41082,DISP-01893,OMC-013,Lake Oil,LPG,2025-09-30,128829
INV-35401,DISP-05590,OMC-008,National Oil,DPK,2026-06-21,111393
INV-37427,DISP-04711,OMC-005,PetroOil Kenya,DPK,2026-05-02,50292
INV-67357,DISP-04240,OMC-020,Ethiopian Oil,JETA1,2025-06-18,267303
INV-63562,DISP-03343,OMC-003,Rubis Energy,PMS,2026-05-31,28815
INV-33861,DISP-01948,OMC-010,Tamoil,DPK,2025-03-22,62276
INV-98764,DISP-05857,OMC-013,Lake Oil,DPK,,273513
INV-89769,DISP-05030,OMC-015,Mombasa Petroleum,LUB,2025-01-23,47581
INV-15817,DISP-03139,OMC-012,Galana Energies,LUB,2026-04-01,38163
INV-44515,DISP-03112,OMC-010,Tamoil,HFO,2025-01-20,166636
INV-63139,DISP-04817,OMC-003,Rubis Energy,AGO,2025-02-22,22268
INV-93164,DISP-05237,OMC-015,Mombasa Petroleum,JETA1,2025-11-17,72779
INV-78306,DISP-05388,OMC-010,Tamoil,JETA1,2025-08-06,199380
INV-63999,DISP-02552,OMC-008,National Oil,DPK,2025-05-20,206529
INV-81094,DISP-03440,OMC-017,KAA Aviation,DPK,2025-10-31,103234
INV-82937,DISP-04304,OMC-013,Lake Oil,PMS,2025-12-24,25505
INV-31629,DISP-07635,OMC-017,KAA Aviation,DPK,27/09/2025,110875
INV-73414,DISP-06790,OMC-010,Tamoil,PMS,2026-05-16,43712
INV-77230,DISP-02446,OMC-006,Hashi Energy,HFO,2026-04-15,22172
INV-85581,DISP-05087,OMC-009,Dalbit Petroleum,LUB,19/04/2025,245176
INV-64521,DISP-09088,OMC-015,Mombasa Petroleum,PMS,2025-04-23,161722
INV-47991,DISP-06080,OMC-015,Mombasa Petroleum,HFO,10/05/2025,23635
INV-66178,DISP-07669,OMC-019,Tanzania Petroleum,DPK,2026-01-05,192981
INV-16665,DISP-04882,OMC-014,Texol Energies,JETA1,2025-09-29,38693
INV-88276,DISP-02029,OMC-008,National Oil,LUB,2026-05-15,42662
INV-22128,DISP-03065,OMC-010,Tamoil,PMS,2026-01-15,214791
INV-88851,DISP-00713,OMC-010,Tamoil,AGO,2025-09-03,191669
INV-94604,DISP-06726,OMC-004,Gulf Energy,HFO,18/04/2026,98346
INV-98025,DISP-05478,OMC-015,Mombasa Petroleum,LUB,2025-06-09,29370
INV-62289,DISP-05730,OMC-015,Mombasa Petroleum,JETA1,2026-02-15,177191
INV-14249,DISP-07611,OMC-018,Uganda National Oil,JETA1,2025-09-17,25219
INV-93075,DISP-07360,OMC-008,National Oil,DPK,2025-09-02,35993
INV-15035,DISP-08994,OMC-019,Tanzania Petroleum,PMS,2025-07-15,98849
INV-67832,DISP-01658,OMC-019,Tanzania Petroleum,LUB,2025-06-14,183461
INV-35621,DISP-00110,OMC-005,PetroOil Kenya,PMS,2026-02-13,172372
INV-60494,DISP-04162,OMC-014,Texol Energies,DPK,2025-08-03,113053
INV-49467,DISP-07447,OMC-017,KAA Aviation,PMS,2025-07-12,37641
INV-32115,DISP-02543,OMC-003,Rubis Energy,HFO,2025-04-22,136164
INV-81923,DISP-09186,OMC-013,Lake Oil,JETA1,2026-05-06,32424
INV-99712,DISP-01512,OMC-006,Hashi Energy,DPK,2025-04-24,34936
INV-26592,DISP-07899,OMC-008,National Oil,PMS,2026-06-16,29107
INV-23266,DISP-00382,OMC-013,Lake Oil,JETA1,,37342
INV-34532,DISP-08514,OMC-002,Vivo Energy,DPK,2025-03-12,23922
INV-66060,DISP-09231,OMC-015,Mombasa Petroleum,AGO,2026-03-01,165942
INV-27404,DISP-01233,OMC-019,Tanzania Petroleum,DPK,2026-03-14,211270
INV-99809,DISP-08762,OMC-004,Gulf Energy,JETA1,2026-03-31,23746
INV-54746,DISP-09959,OMC-010,Tamoil,DPK,2025-02-17,31916
INV-54379,DISP-00574,OMC-002,Vivo Energy,PMS,2026-06-21,104762
INV-44225,DISP-05595,OMC-001,TotalEnergies Kenya,JETA1,2025-09-15,28273
INV-56981,DISP-07711,OMC-006,Hashi Energy,LUB,2025-03-22,179121
INV-62930,DISP-00340,OMC-011,Hass Petroleum,LUB,30/12/2025," KES 283,112 "
INV-19231,DISP-08658,OMC-016,KPA Marine,LPG,2025-06-11,32468
INV-66377,DISP-04629,OMC-016,KPA Marine,AGO,02/10/2025,171849
INV-92243,DISP-09203,OMC-012,Galana Energies,DPK,2026-04-18,207750
INV-76335,DISP-09642,OMC-016,KPA Marine,PMS,2025-02-13,194794
INV-26996,DISP-05369,OMC-009,Dalbit Petroleum,DPK,2025-06-27,196425
INV-37924,DISP-09316,OMC-015,Mombasa Petroleum,LUB,2025-04-06,23224
INV-65332,DISP-01592,OMC-014,Texol Energies,AGO,2025-02-07,262439
INV-13448,DISP-00397,OMC-013,Lake Oil,DPK,2026-05-03,167441
INV-56573,DISP-08547,OMC-018,Uganda National Oil,PMS,2026-03-31,273368
INV-50809,DISP-07160,OMC-001,TotalEnergies Kenya,HFO,2025-12-21,239188
INV-41005,DISP-07197,OMC-016,KPA Marine,LPG,18/12/2025,161949
INV-29040,DISP-09532,OMC-019,Tanzania Petroleum,LPG,2025-03-29,191283
INV-76700,DISP-04539,OMC-014,Texol Energies,DPK,2025-06-10,120343
INV-44245,DISP-06271,OMC-002,Vivo Energy,JETA1,2025-11-23,33524
INV-89500,DISP-09580,OMC-014,Texol Energies,DPK,2026-04-27,133672
INV-10421,DISP-05093,OMC-010,Tamoil,LPG,2026-05-04," KES 58,706 "
INV-82093,DISP-08386,OMC-015,Mombasa Petroleum,LPG,2025-02-23,23941
INV-48166,DISP-03614,OMC-011,Hass Petroleum,HFO,2025-02-15,34420
INV-52384,DISP-04185,OMC-006,Hashi Energy,JETA1,2026-06-29,236217
INV-55037,DISP-03293,OMC-016,KPA Marine,PMS,22/02/2026,260914
INV-93726,DISP-05072,OMC-003,Rubis Energy,LUB,2025-10-14,166153
INV-64324,DISP-02313,OMC-013,Lake Oil,LPG,2026-01-12,33376
INV-25740,DISP-01718,OMC-015,Mombasa Petroleum,AGO,2025-07-08,161307
INV-10149,DISP-03770,OMC-002,Vivo Energy,AGO,2026-02-19,275608
INV-92836,DISP-04923,OMC-012,Galana Energies,LUB,2026-02-15,254977
INV-69385,DISP-09750,OMC-001,TotalEnergies Kenya,AGO,2025-01-16,29377
INV-74257,DISP-06677,OMC-003,Rubis Energy,JETA1,2025-03-11,59855
INV-10159,DISP-02556,OMC-007,Kobil,LPG,2026-02-09,23739
INV-53943,DISP-05871,OMC-008,National Oil,LUB,2026-07-02,184189
INV-60403,DISP-04758,OMC-012,Galana Energies,LPG,2026-03-22,46989
INV-28009,DISP-06869,OMC-019,Tanzania Petroleum,DPK,,135253
INV-40184,DISP-00413,OMC-019,Tanzania Petroleum,AGO,2025-10-21,145216
INV-76327,DISP-03992,OMC-002,Vivo Energy,AGO,2025-10-28,22384
INV-30201,DISP-01381,OMC-020,Ethiopian Oil,PMS,2025-06-26,28406
INV-72679,DISP-03095,OMC-006,Hashi Energy,HFO,2025-03-29,212904
INV-13101,DISP-09859,OMC-010,Tamoil,PMS,2025-06-13,113412
INV-49353,DISP-03578,OMC-007,Kobil,DPK,2026-05-03,230592
INV-49707,DISP-01799,OMC-002,Vivo Energy,AGO,2025-12-09,60093
INV-18449,DISP-08636,OMC-019,Tanzania Petroleum,LPG,2025-07-28,149442
INV-43663,DISP-01580,OMC-010,Tamoil,JETA1,2025-08-23,24972
INV-70744,DISP-00797,OMC-013,Lake Oil,AGO,2025-12-11,54017
INV-76139,DISP-08180,OMC-004,Gulf Energy,PMS,2026-03-17,50255
INV-70947,DISP-05033,OMC-005,PetroOil Kenya,HFO,2026-04-04,41589
INV-65328,DISP-07676,OMC-020,Ethiopian Oil,PMS,2025-12-12,50297
INV-91166,DISP-03665,OMC-008,National Oil,LUB,2026-02-21,190481
INV-69651,DISP-03629,OMC-003,Rubis Energy,PMS,2026-05-25,175944
INV-41264,DISP-01009,OMC-007,Kobil,PMS,2025-01-24,31310
INV-60170,DISP-04786,OMC-004,Gulf Energy,LPG,2026-02-24,121832
INV-75014,DISP-06368,OMC-019,Tanzania Petroleum,HFO,2025-08-18,84386
INV-32552,DISP-03046,OMC-002,Vivo Energy,PMS,2025-06-05,104681
INV-37893,DISP-07775,OMC-001,TotalEnergies Kenya,HFO,,114822
INV-89841,DISP-08712,OMC-008,National Oil,JETA1,2025-12-31,36130
INV-39790,DISP-07895,OMC-014,Texol Energies,LUB,2025-10-23,63491
INV-90532,DISP-00202,OMC-011,Hass Petroleum,PMS,2026-02-12,27745
INV-90700,DISP-06358,OMC-018,Uganda National Oil,DPK,2025-03-28,29632
INV-92945,DISP-01176,OMC-010,Tamoil,PMS,2026-06-24,77536
INV-23448,DISP-09376,OMC-001,TotalEnergies Kenya,LPG,2025-03-10,30534
INV-84093,DISP-07881,OMC-005,PetroOil Kenya,DPK,2026-03-02,153107
INV-20648,DISP-05843,OMC-020,Ethiopian Oil,HFO,2026-05-29,200761
INV-21357,DISP-02690,OMC-015,Mombasa Petroleum,PMS,2025-07-29,292092
INV-36096,DISP-05909,OMC-015,Mombasa Petroleum,LPG,2025-09-03,37599
INV-28539,DISP-04750,OMC-003,Rubis Energy,DPK,2026-01-05,182218
INV-71709,DISP-08343,OMC-003,Rubis Energy,DPK,2026-01-25,63161
INV-81757,DISP-09074,OMC-008,National Oil,LPG,,31255
INV-50820,DISP-09099,OMC-006,Hashi Energy,HFO,2026-01-01,100963
INV-30484,DISP-03133,OMC-009,Dalbit Petroleum,AGO,2026-05-17,163424
INV-96245,DISP-00612,OMC-009,Dalbit Petroleum,LPG,2025-04-14,144278
INV-64324,DISP-00403,OMC-020,Ethiopian Oil,LUB,2026-02-08,141136
INV-65126,DISP-03812,OMC-007,Kobil,JETA1,2025-01-27,143415
INV-22227,DISP-01810,OMC-002,Vivo Energy,PMS,2025-03-20,82730
INV-58069,DISP-08985,OMC-012,Galana Energies,PMS,2026-03-20,160688
INV-52643,DISP-03337,OMC-016,KPA Marine,PMS,2025-11-21,23889
INV-30584,DISP-02761,OMC-006,Hashi Energy,LUB,2025-10-16,188430
INV-27728,DISP-02164,OMC-003,Rubis Energy,AGO,2025-10-10,29651
INV-19975,DISP-05527,OMC-006,Hashi Energy,AGO,2025-09-15,25750
INV-54549,DISP-09279,OMC-007,Kobil,PMS,2025-07-07,58270
INV-73767,DISP-06719,OMC-017,KAA Aviation,LPG,2025-03-13,98385
INV-16740,DISP-03486,OMC-008,National Oil,LUB,2026-03-15,195502
INV-80825,DISP-08758,OMC-018,Uganda National Oil,JETA1,2025-05-20,112312
INV-10692,DISP-03170,OMC-017,KAA Aviation,PMS,2026-06-11,207910
INV-49557,DISP-08749,OMC-013,Lake Oil,DPK,2025-06-01,32399
INV-70196,DISP-02638,OMC-002,Vivo Energy,AGO,2026-06-22,152488
INV-23337,DISP-05990,OMC-016,KPA Marine,JETA1,2026-01-25," KES 150,080 "
INV-50433,DISP-00173,OMC-010,Tamoil,PMS,2025-04-02,35248
INV-76682,DISP-02917,OMC-020,Ethiopian Oil,LUB,2025-06-02,290119
INV-88868,DISP-00520,OMC-015,Mombasa Petroleum,JETA1,2025-05-15,52228
INV-20931,DISP-05219,OMC-020,Ethiopian Oil,HFO,2026-06-08,36942
INV-32182,DISP-07054,OMC-020,Ethiopian Oil,DPK,2026-02-08,124180
INV-65015,DISP-06508,OMC-013,Lake Oil,PMS,2025-10-01,39949
INV-61922,DISP-06076,OMC-020,Ethiopian Oil,LUB,2025-07-15,112028
INV-86889,DISP-06291,OMC-018,Uganda National Oil,PMS,2025-05-18,166883
INV-20514,DISP-00255,OMC-019,Tanzania Petroleum,JETA1,2026-04-07,26785
INV-22275,DISP-09547,OMC-011,Hass Petroleum,PMS,2025-07-03,228790
INV-80477,DISP-05056,OMC-017,KAA Aviation,LPG,2025-08-01," KES 21,969 "
INV-48961,DISP-06178,OMC-008,National Oil,LUB,2025-03-22,25620
INV-21391,DISP-08279,OMC-015,Mombasa Petroleum,LPG,2025-03-18,113497
INV-30424,DISP-00212,OMC-016,KPA Marine,AGO,2025-11-20,141114
INV-54581,DISP-08038,OMC-017,KAA Aviation,LPG,2025-08-11,25448
INV-72002,DISP-00964,OMC-020,Ethiopian Oil,PMS,2025-02-07,41671
INV-51835,DISP-06110,OMC-006,Hashi Energy,LUB,2026-04-04,60072
INV-27272,DISP-08237,OMC-018,Uganda National Oil,DPK,2026-03-10,64261
INV-19595,DISP-09463,OMC-018,Uganda National Oil,DPK,2026-01-18,114014
INV-24680,DISP-06219,OMC-006,Hashi Energy,AGO,2026-04-09," KES 49,476 "
INV-95737,DISP-04755,OMC-010,Tamoil,PMS,2025-10-22,39427
INV-74900,DISP-08510,OMC-001,TotalEnergies Kenya,AGO,2025-08-23,181543
INV-21846,DISP-09977,OMC-009,Dalbit Petroleum,PMS,2025-02-06,116193
INV-48767,DISP-05408,OMC-002,Vivo Energy,HFO,2026-01-03," KES 208,274 "
INV-40121,DISP-09443,OMC-014,Texol Energies,LPG,2025-04-19,161328
INV-69712,DISP-09621,OMC-004,Gulf Energy,LPG,2026-02-09,217052
INV-96116,DISP-01695,OMC-008,National Oil,HFO,2025-03-29,264714
INV-87289,DISP-09502,OMC-018,Uganda National Oil,HFO,2025-11-24,22391
INV-22073,DISP-01418,OMC-011,Hass Petroleum,PMS,2025-11-07,47490
INV-35683,DISP-08012,OMC-011,Hass Petroleum,PMS,2026-03-04,39115
INV-81515,DISP-06033,OMC-008,National Oil,AGO,2026-06-25,166198
INV-61654,DISP-09211,OMC-017,KAA Aviation,HFO,2025-02-21,292192
INV-77049,DISP-07129,OMC-007,Kobil,JETA1,2025-07-27,74755
INV-88826,DISP-04416,OMC-003,Rubis Energy,HFO,2025-08-30,252228
INV-53555,DISP-05492,OMC-018,Uganda National Oil,HFO,2026-01-05,27838
INV-69032,DISP-04184,OMC-008,National Oil,PMS,2025-06-23,38362
INV-72667,DISP-09342,OMC-010,Tamoil,AGO,2025-01-20,196523
INV-85823,DISP-06335,OMC-020,Ethiopian Oil,HFO,2025-04-16,35669
INV-13457,DISP-02908,OMC-015,Mombasa Petroleum,DPK,2026-02-11,60489
INV-18612,DISP-08297,OMC-012,Galana Energies,PMS,2026-02-16,34954
INV-32786,DISP-06048,OMC-006,Hashi Energy,LUB,2025-06-13,273073
INV-44393,DISP-04097,OMC-019,Tanzania Petroleum,JETA1,2025-12-04,33821
INV-66954,DISP-07150,OMC-018,Uganda National Oil,LUB,2025-10-09," KES 36,262 "
INV-66643,DISP-00887,OMC-015,Mombasa Petroleum,LPG,2025-11-29,229983
INV-31828,DISP-02078,OMC-009,Dalbit Petroleum,HFO,2025-11-18,51513
INV-14007,DISP-03708,OMC-015,Mombasa Petroleum,LPG,2025-06-28,121505
INV-42436,DISP-02092,OMC-019,Tanzania Petroleum,JETA1,2025-01-19,204615
INV-19412,DISP-01597,OMC-016,KPA Marine,LPG,2025-10-02,101199
INV-63670,DISP-04600,OMC-019,Tanzania Petroleum,AGO,2025-07-27,141621
INV-82904,DISP-03125,OMC-016,KPA Marine,HFO,2026-01-20,47604
INV-98257,DISP-08178,OMC-020,Ethiopian Oil,DPK,2025-01-08,106549
INV-58756,DISP-00171,OMC-001,TotalEnergies Kenya,AGO,2025-07-29,172455
INV-36345,DISP-07825,OMC-006,Hashi Energy,LPG,2026-01-02,31107
INV-74724,DISP-08759,OMC-011,Hass Petroleum,PMS,2025-04-04,34541
INV-52611,DISP-07039,OMC-020,Ethiopian Oil,JETA1,2025-01-25,126932
INV-38882,DISP-04927,OMC-002,Vivo Energy,HFO,2025-09-16,48332
INV-21211,DISP-08733,OMC-008,National Oil,LPG,2026-04-12,219555
INV-74924,DISP-06563,OMC-017,KAA Aviation,JETA1,2025-09-06,24518
INV-36547,DISP-06079,OMC-005,PetroOil Kenya,AGO,20/02/2026,146437
INV-29497,DISP-05971,OMC-005,PetroOil Kenya,LPG,2026-03-26,53836
INV-25877,DISP-08026,OMC-013,Lake Oil,AGO,2025-04-03,203003
INV-80436,DISP-08116,OMC-009,Dalbit Petroleum,JETA1,2025-05-23," KES 24,285 "
INV-12284,DISP-06989,OMC-006,Hashi Energy,PMS,2025-04-22,27253
INV-54562,DISP-01458,OMC-011,Hass Petroleum,LPG,2025-08-23,56424
INV-71050,DISP-07766,OMC-018,Uganda National Oil,AGO,2025-12-08,203578
INV-92981,DISP-03618,OMC-013,Lake Oil,HFO,18/08/2025,265908
INV-95647,DISP-04107,OMC-007,Kobil,DPK,2026-01-19,144570
INV-25099,DISP-02967,OMC-014,Texol Energies,LPG,17/08/2025,103089
INV-37815,DISP-07968,OMC-017,KAA Aviation,AGO,2026-06-13,65240
INV-59007,DISP-09125,OMC-003,Rubis Energy,JETA1,2026-02-16,117833
INV-56240,DISP-00144,OMC-006,Hashi Energy,LPG,2026-03-19,223578
INV-83666,DISP-00003,OMC-018,Uganda National Oil,AGO,05/10/2025,94274
INV-24173,DISP-06489,OMC-005,PetroOil Kenya,PMS,2026-04-13,113208
INV-66964,DISP-09818,OMC-006,Hashi Energy,JETA1,2026-07-01,22424
INV-36682,DISP-08713,OMC-018,Uganda National Oil,AGO,2025-08-19,243409
INV-76734,DISP-07654,OMC-013,Lake Oil,JETA1,17/07/2025,213296
INV-84623,DISP-08340,OMC-017,KAA Aviation,AGO,2025-09-03,37923
INV-91709,DISP-02026,OMC-013,Lake Oil,HFO,2025-09-10,213448
INV-19706,DISP-03124,OMC-006,Hashi Energy,DPK,2025-06-13,171651
INV-88599,DISP-07494,OMC-013,Lake Oil,DPK,2025-07-21,146650
INV-49066,DISP-09691,OMC-019,Tanzania Petroleum,LPG,2025-07-20,235083
INV-24227,DISP-01676,OMC-011,Hass Petroleum,AGO,07/08/2025,99166
INV-87648,DISP-03680,OMC-005,PetroOil Kenya,LPG,2026-02-14,225167
INV-60716,DISP-06820,OMC-013,Lake Oil,AGO,2025-05-10,93387
INV-64537,DISP-06233,OMC-013,Lake Oil,AGO,02/02/2025,171766
INV-14010,DISP-03181,OMC-011,Hass Petroleum,DPK,2026-04-05,199135
INV-54513,DISP-07893,OMC-016,KPA Marine,LPG,2026-03-26,268725
INV-27842,DISP-09183,OMC-017,KAA Aviation,LUB,2026-04-26,147551
INV-60390,DISP-06444,OMC-018,Uganda National Oil,LUB,2026-02-25," KES 28,669 "
INV-21617,DISP-03871,OMC-003,Rubis Energy,HFO,2025-05-25,60484
INV-23273,DISP-07019,OMC-020,Ethiopian Oil,HFO,2026-04-04,55800
INV-84938,DISP-08949,OMC-001,TotalEnergies Kenya,DPK,2025-06-11,98331
INV-94549,DISP-01553,OMC-017,KAA Aviation,LUB,2026-05-19,33932
INV-34519,DISP-06194,OMC-012,Galana Energies,JETA1,2026-05-06,227142
INV-74328,DISP-04108,OMC-001,TotalEnergies Kenya,PMS,2025-09-25,28075
INV-68157,DISP-01736,OMC-014,Texol Energies,JETA1,2026-01-19,205236
INV-21040,DISP-07474,OMC-008,National Oil,PMS,2025-05-06,149144
INV-13393,DISP-01620,OMC-010,Tamoil,JETA1,2025-01-13,42144
INV-72485,DISP-01212,OMC-013,Lake Oil,JETA1,2026-01-22,210748
INV-75131,DISP-08870,OMC-013,Lake Oil,LPG,2026-01-12,42607
INV-77924,DISP-01887,OMC-005,PetroOil Kenya,LUB,2026-02-22,266045
INV-59543,DISP-08589,OMC-011,Hass Petroleum,LPG,2025-03-03,168298
INV-12556,DISP-08368,OMC-013,Lake Oil,AGO,2026-05-03,218757
INV-59242,DISP-04944,OMC-003,Rubis Energy,LPG,2025-03-28,163094
INV-46530,DISP-07508,OMC-008,National Oil,DPK,2025-08-15,76890
INV-92596,DISP-08648,OMC-017,KAA Aviation,LUB,03/12/2025,264443
INV-86049,DISP-00705,OMC-014,Texol Energies,JETA1,2026-04-06,118866
INV-98636,DISP-09905,OMC-014,Texol Energies,HFO,2025-11-11,141938
INV-82105,DISP-06282,OMC-014,Texol Energies,LPG,2026-01-05,22609
INV-63506,DISP-09801,OMC-006,Hashi Energy,LUB,2026-05-30,203713
INV-54382,DISP-01113,OMC-001,TotalEnergies Kenya,DPK,2025-02-25,131155
INV-70260,DISP-01745,OMC-007,Kobil,DPK,2025-12-07,153218
INV-79218,DISP-05669,OMC-002,Vivo Energy,AGO,2026-04-25,29657
INV-28875,DISP-06942,OMC-002,Vivo Energy,LPG,2025-04-18,141557
INV-82743,DISP-06650,OMC-005,PetroOil Kenya,JETA1,2026-05-04,175386
INV-31626,DISP-04255,OMC-005,PetroOil Kenya,HFO,2026-03-24,38899
INV-51349,DISP-02535,OMC-007,Kobil,HFO,2025-01-06,38226
INV-42438,DISP-02869,OMC-016,KPA Marine,PMS,2026-03-07,109592
INV-73234,DISP-08032,OMC-009,Dalbit Petroleum,LUB,2026-02-04,39935
INV-24403,DISP-02836,OMC-016,KPA Marine,LPG,2025-07-18,249022
INV-88398,DISP-06966,OMC-012,Galana Energies,JETA1,2026-02-14," KES 132,668 "
INV-85211,DISP-09356,OMC-020,Ethiopian Oil,PMS,2025-05-27,183062
INV-63014,DISP-07772,OMC-004,Gulf Energy,PMS,2026-04-26,167719
INV-58431,DISP-00801,OMC-007,Kobil,DPK,2026-01-30,140496
INV-75899,DISP-05007,OMC-015,Mombasa Petroleum,PMS,2025-06-24,273364
INV-52086,DISP-08335,OMC-008,National Oil,DPK,2025-07-31,146125
INV-55065,DISP-03265,OMC-019,Tanzania Petroleum,HFO,2025-08-13,44212
INV-64914,DISP-03468,OMC-009,Dalbit Petroleum,AGO,2025-07-16,31852
INV-68950,DISP-09147,OMC-005,PetroOil Kenya,PMS,2026-04-11,78668
INV-80134,DISP-04735,OMC-012,Galana Energies,JETA1,2026-03-26,347781
INV-27491,DISP-05925,OMC-011,Hass Petroleum,HFO,2026-04-24,116052
INV-69802,DISP-00276,OMC-018,Uganda National Oil,HFO,2025-05-29,33803
INV-15355,DISP-08871,OMC-005,PetroOil Kenya,AGO,2026-03-02,261226
INV-17176,DISP-03591,OMC-015,Mombasa Petroleum,LPG,2026-02-20,166088
INV-16025,DISP-09013,OMC-008,National Oil,LPG,2025-11-08,32288
INV-54564,DISP-04610,OMC-003,Rubis Energy,JETA1,2025-08-11,187512
INV-70073,DISP-04355,OMC-020,Ethiopian Oil,LUB,2025-03-26,37484
INV-95115,DISP-01813,OMC-013,Lake Oil,JETA1,2025-01-20,22411
INV-57227,DISP-05286,OMC-017,KAA Aviation,PMS,2025-06-08,23032
INV-93589,DISP-01406,OMC-007,Kobil,HFO,2026-04-10,204051
INV-58789,DISP-06102,OMC-002,Vivo Energy,HFO,2025-04-13,119787
INV-52745,DISP-07532,OMC-009,Dalbit Petroleum,AGO,2025-07-12," KES 147,746 "
INV-40496,DISP-03546,OMC-014,Texol Energies,HFO,2025-05-18,143378
INV-87056,DISP-06510,OMC-020,Ethiopian Oil,JETA1,2025-05-06,56255
INV-98374,DISP-09876,OMC-005,PetroOil Kenya,PMS,2026-04-16,22929
INV-69017,DISP-01345,OMC-005,PetroOil Kenya,PMS,2026-02-12,266586
INV-10791,DISP-02259,OMC-005,PetroOil Kenya,HFO,2026-02-17,104959
INV-37824,DISP-07896,OMC-009,Dalbit Petroleum,AGO,2025-12-12,23782
INV-83334,DISP-07164,OMC-005,PetroOil Kenya,JETA1,2026-03-04,43924
INV-20494,DISP-00284,OMC-005,PetroOil Kenya,LUB,2026-04-06,143379
INV-36664,DISP-04460,OMC-003,Rubis Energy,PMS,02/03/2025,156505
INV-77763,DISP-05813,OMC-007,Kobil,JETA1,2025-06-16,189106
INV-54709,DISP-01663,OMC-012,Galana Energies,LPG,2026-04-13,151256
INV-39818,DISP-09678,OMC-011,Hass Petroleum,LPG,2026-03-15,134651
INV-91395,DISP-01287,OMC-013,Lake Oil,AGO,2025-02-12,256026
INV-20384,DISP-08613,OMC-012,Galana Energies,DPK,2026-03-04,40266
INV-91777,DISP-06386,OMC-017,KAA Aviation,HFO,2025-08-15,114663
INV-70486,DISP-01838,OMC-017,KAA Aviation,JETA1,2025-03-09,95868
INV-64533,DISP-01082,OMC-015,Mombasa Petroleum,HFO,,145546
INV-23030,DISP-08364,OMC-009,Dalbit Petroleum,LPG,2025-11-20,126354
INV-38336,DISP-08793,OMC-003,Rubis Energy,AGO,2025-11-12,292257
INV-59806,DISP-07045,OMC-007,Kobil,JETA1,2025-12-17,257602
INV-29194,DISP-09406,OMC-002,Vivo Energy,LUB,2025-10-11,25298
INV-43331,DISP-07683,OMC-012,Galana Energies,PMS,2026-03-05,259332
INV-70809,DISP-08348,OMC-017,KAA Aviation,LPG,2025-07-03,39373
INV-81869,DISP-09215,OMC-011,Hass Petroleum,LPG,09/04/2026,50201
INV-30057,DISP-06918,OMC-016,KPA Marine,PMS,2026-04-07,236631
INV-45017,DISP-08902,OMC-006,Hashi Energy,LPG,2025-10-18,113219
INV-30821,DISP-06606,OMC-006,Hashi Energy,PMS,2025-03-18,267044
INV-37227,DISP-05447,OMC-008,National Oil,DPK,2025-05-19,67325
INV-40650,DISP-04133,OMC-011,Hass Petroleum,HFO,2025-02-01,146726
INV-83723,DISP-03417,OMC-001,TotalEnergies Kenya,AGO,2025-06-16,41033
INV-46284,DISP-03876,OMC-001,TotalEnergies Kenya,DPK,2025-08-10,22658
INV-21584,DISP-01072,OMC-001,TotalEnergies Kenya,JETA1,2025-12-06,28545
INV-54069,DISP-05767,OMC-016,KPA Marine,HFO,2025-11-19,52766
INV-36611,DISP-02923,OMC-001,TotalEnergies Kenya,JETA1,2026-01-29,35874
INV-36478,DISP-04954,OMC-011,Hass Petroleum,AGO,2025-03-13,37491
INV-95601,DISP-01080,OMC-014,Texol Energies,AGO,,73919
INV-11648,DISP-02783,OMC-017,KAA Aviation,DPK,2025-06-01,48430
INV-27082,DISP-07396,OMC-016,KPA Marine,LUB,2025-06-16,50476
INV-70184,DISP-02009,OMC-010,Tamoil,LUB,2025-02-09,167614
INV-78339,DISP-05043,OMC-020,Ethiopian Oil,AGO,23/08/2025,51219
INV-87987,DISP-03500,OMC-003,Rubis Energy,DPK,2025-03-28,45475
INV-67229,DISP-00949,OMC-009,Dalbit Petroleum,DPK,2025-10-22," KES 47,361 "
INV-72731,DISP-06342,OMC-007,Kobil,LUB,2025-10-18,25859
INV-11874,DISP-07689,OMC-020,Ethiopian Oil,LUB,2025-07-15,113139
INV-53910,DISP-07707,OMC-016,KPA Marine,JETA1,2025-03-27,54410
INV-86455,DISP-01708,OMC-001,TotalEnergies Kenya,AGO,2025-08-24,234319
INV-62665,DISP-05705,OMC-010,Tamoil,LUB,2025-06-20," KES 34,253 "
INV-53892,DISP-09590,OMC-007,Kobil,LUB,2025-02-02,26563
INV-20249,DISP-00090,OMC-015,Mombasa Petroleum,JETA1,2026-03-28,250552
INV-98373,DISP-04946,OMC-004,Gulf Energy,JETA1,2026-02-05,49394
INV-70650,DISP-02768,OMC-005,PetroOil Kenya,AGO,2026-03-20,175935
INV-35411,DISP-05178,OMC-008,National Oil,JETA1,2025-06-15,172039
INV-25417,DISP-09239,OMC-017,KAA Aviation,PMS,28/07/2025,84499
INV-84684,DISP-08874,OMC-003,Rubis Energy,LUB,2025-02-22,97655
INV-63094,DISP-08300,OMC-005,PetroOil Kenya,LUB,2026-02-06,86907
INV-67817,DISP-09129,OMC-013,Lake Oil,LPG,01/02/2026,113865
INV-30864,DISP-06690,OMC-016,KPA Marine,DPK,2025-01-05,25747
INV-25868,DISP-01408,OMC-003,Rubis Energy,DPK,2025-09-14,99976
INV-67748,DISP-08779,OMC-003,Rubis Energy,AGO,2025-04-03,207135
INV-48225,DISP-04059,OMC-007,Kobil,LPG,2026-04-06,51571
INV-77104,DISP-00302,OMC-008,National Oil,PMS,2025-12-19," KES 79,680 "
INV-98674,DISP-03882,OMC-015,Mombasa Petroleum,LPG,2025-05-07,165838
INV-59701,DISP-09069,OMC-009,Dalbit Petroleum,HFO,2026-04-13,86581
INV-20831,DISP-01796,OMC-008,National Oil,LPG,,193411
INV-16458,DISP-06748,OMC-002,Vivo Energy,PMS,2025-10-05,55242
INV-33065,DISP-00352,OMC-018,Uganda National Oil,LUB,01/08/2025,46633
INV-94797,DISP-09320,OMC-001,TotalEnergies Kenya,JETA1,2025-03-14,200902
INV-29600,DISP-03916,OMC-020,Ethiopian Oil,JETA1,2025-05-18,25804
INV-28362,DISP-09970,OMC-017,KAA Aviation,AGO,2026-02-23,108655
INV-47661,DISP-05707,OMC-017,KAA Aviation,JETA1,2025-06-18,211409
INV-34803,DISP-01142,OMC-013,Lake Oil,PMS,,178508
INV-84835,DISP-07564,OMC-015,Mombasa Petroleum,DPK,2025-12-29,227756
INV-44531,DISP-08855,OMC-020,Ethiopian Oil,JETA1,2025-02-04,57892
INV-73951,DISP-08968,OMC-014,Texol Energies,HFO,2025-08-14,163151
INV-81216,DISP-04860,OMC-011,Hass Petroleum,PMS,28/06/2025,150779
INV-37912,DISP-01987,OMC-002,Vivo Energy,JETA1,2025-10-23,123899
INV-77611,DISP-05964,OMC-002,Vivo Energy,HFO,2026-05-14,155224
INV-11585,DISP-09674,OMC-011,Hass Petroleum,HFO,2026-04-03,27055
INV-92657,DISP-01983,OMC-011,Hass Petroleum,DPK,2026-03-15,61734
INV-89719,DISP-08529,OMC-015,Mombasa Petroleum,AGO,2025-02-17,37229
INV-97918,DISP-09253,OMC-012,Galana Energies,LPG,2026-04-01,46256
INV-14338,DISP-00121,OMC-020,Ethiopian Oil,HFO,2025-05-05,174825
INV-69431,DISP-03115,OMC-003,Rubis Energy,JETA1,2025-11-12,184934
INV-49121,DISP-07798,OMC-005,PetroOil Kenya,PMS,2026-02-07,181423
INV-85532,DISP-05534,OMC-003,Rubis Energy,DPK,2026-03-19,31673
INV-18427,DISP-03381,OMC-010,Tamoil,AGO,2026-05-13,42031
INV-22725,DISP-08751,OMC-001,TotalEnergies Kenya,AGO,,78138
INV-18970,DISP-08557,OMC-001,TotalEnergies Kenya,AGO,2025-07-31,118872
INV-59090,DISP-09429,OMC-015,Mombasa Petroleum,PMS,2026-04-08,61488
INV-22433,DISP-00764,OMC-005,PetroOil Kenya,DPK,2026-04-25,25701
INV-26442,DISP-03523,OMC-006,Hashi Energy,LUB,2025-11-16,117688
INV-94223,DISP-08310,OMC-015,Mombasa Petroleum,LUB,2026-02-10,42120
INV-53113,DISP-07951,OMC-016,KPA Marine,JETA1,2025-09-30,24062
INV-58765,DISP-04724,OMC-014,Texol Energies,PMS,01/07/2025,132963
INV-94549,DISP-01553,OMC-017,KAA Aviation,LUB,2026-05-19,33932
INV-76300,DISP-07605,OMC-014,Texol Energies,JETA1,2026-04-12,44071
INV-62546,DISP-04979,OMC-011,Hass Petroleum,AGO,2025-09-28,39465
INV-60147,DISP-08085,OMC-003,Rubis Energy,JETA1,2026-03-25,189437
INV-44390,DISP-01754,OMC-008,National Oil,PMS,2025-06-23,154697
INV-36844,DISP-02698,OMC-020,Ethiopian Oil,PMS,2026-06-09,38932
INV-27902,DISP-08087,OMC-002,Vivo Energy,DPK,2026-06-27," KES 211,376 "
INV-37858,DISP-00084,OMC-015,Mombasa Petroleum,JETA1,2025-03-22,86728
INV-28053,DISP-09367,OMC-020,Ethiopian Oil,DPK,2025-02-27,207388
INV-29438,DISP-01828,OMC-008,National Oil,JETA1,,187705
INV-19774,DISP-03719,OMC-002,Vivo Energy,HFO,2025-12-01,32280
INV-27084,DISP-06065,OMC-015,Mombasa Petroleum,DPK,2025-08-31," KES 152,549 "
INV-51286,DISP-01583,OMC-015,Mombasa Petroleum,HFO,2025-03-10,130878
INV-62309,DISP-03525,OMC-015,Mombasa Petroleum,AGO,2026-01-26,173761
INV-32253,DISP-09044,OMC-017,KAA Aviation,LUB,2025-06-14,169019
INV-23032,DISP-01915,OMC-013,Lake Oil,DPK,2025-11-27,167639
INV-59976,DISP-09909,OMC-013,Lake Oil,AGO,2026-05-13,33458
INV-75222,DISP-05046,OMC-004,Gulf Energy,JETA1,2026-03-09,100575
INV-50116,DISP-01124,OMC-009,Dalbit Petroleum,JETA1,2025-03-27,56503
INV-46668,DISP-05100,OMC-009,Dalbit Petroleum,DPK,2025-06-10,156699
INV-28645,DISP-02105,OMC-020,Ethiopian Oil,LPG,2025-09-30,41088
INV-35130,DISP-09843,OMC-011,Hass Petroleum,JETA1,2025-01-07,62133
INV-36922,DISP-04605,OMC-012,Galana Energies,LUB,2026-03-04,117903
INV-12231,DISP-08554,OMC-002,Vivo Energy,LUB,2025-10-14,193662
INV-71231,DISP-08605,OMC-010,Tamoil,LUB,2025-04-13,56468
INV-50599,DISP-06604,OMC-007,Kobil,LUB,2025-12-26,110606
INV-93473,DISP-03413,OMC-007,Kobil,PMS,2025-08-01,238145
INV-86970,DISP-03205,OMC-016,KPA Marine,LUB,2025-06-09,22760
INV-83170,DISP-08518,OMC-013,Lake Oil,LPG,2026-05-14,157302
INV-90871,DISP-03436,OMC-011,Hass Petroleum,DPK,2026-06-01,246442
INV-25181,DISP-00256,OMC-020,Ethiopian Oil,DPK,2025-11-10,54604
INV-92360,DISP-08439,OMC-012,Galana Energies,HFO,2026-02-28,224328
INV-77306,DISP-07433,OMC-007,Kobil,LUB,2025-12-14,35365
INV-17411,DISP-01919,OMC-015,Mombasa Petroleum,DPK,2026-06-04,166092
INV-61347,DISP-05127,OMC-016,KPA Marine,JETA1,2025-03-04,44502
INV-50518,DISP-01864,OMC-002,Vivo Energy,LUB,2026-06-12,164688
INV-58533,DISP-04640,OMC-020,Ethiopian Oil,LUB,2025-03-18,62307
INV-14974,DISP-09064,OMC-002,Vivo Energy,LUB,2025-01-19,257152
INV-76604,DISP-00554,OMC-020,Ethiopian Oil,PMS,2025-07-15,190676
INV-78860,DISP-02041,OMC-008,National Oil,LUB,2025-01-03,164303
INV-94211,DISP-00566,OMC-006,Hashi Energy,HFO,05/12/2025,176393
INV-87801,DISP-09975,OMC-006,Hashi Energy,LUB,2026-03-31,40594
INV-51539,DISP-06010,OMC-018,Uganda National Oil,JETA1,2025-03-20,59781
INV-80795,DISP-02274,OMC-016,KPA Marine,HFO,2025-08-24,177944
INV-33363,DISP-03797,OMC-001,TotalEnergies Kenya,DPK,2026-06-10,117487
INV-91300,DISP-07630,OMC-016,KPA Marine,LUB,2026-05-03,247684
INV-19226,DISP-03889,OMC-013,Lake Oil,JETA1,2026-06-08,41837
INV-97494,DISP-01802,OMC-004,Gulf Energy,LPG,2026-03-19,98120
INV-14549,DISP-07077,OMC-006,Hashi Energy,PMS,2025-12-29,113099
INV-68469,DISP-06892,OMC-008,National Oil,LUB,2025-10-19,250339
INV-19650,DISP-03199,OMC-011,Hass Petroleum,DPK,2025-06-27,115968
INV-30474,DISP-01765,OMC-002,Vivo Energy,HFO,31/03/2025,45270
INV-48049,DISP-02722,OMC-006,Hashi Energy,DPK,2025-07-02,46341
INV-63563,DISP-09300,OMC-016,KPA Marine,HFO,2025-12-19,251159
INV-54964,DISP-05910,OMC-014,Texol Energies,HFO,2025-04-22,255507
INV-71339,DISP-04412,OMC-007,Kobil,AGO,2025-01-25,213786
INV-62544,DISP-05307,OMC-013,Lake Oil,DPK,2026-05-02,48728
INV-46292,DISP-01661,OMC-003,Rubis Energy,DPK,2026-01-20,27612
INV-34000,DISP-09471,OMC-008,National Oil,PMS,2026-02-02,57495
INV-39274,DISP-08950,OMC-011,Hass Petroleum,DPK,2026-04-02,116922
INV-84188,DISP-04061,OMC-008,National Oil,AGO,2025-04-03,44130
INV-75258,DISP-05399,OMC-019,Tanzania Petroleum,LPG,2025-05-28,264943
INV-98069,DISP-09045,OMC-019,Tanzania Petroleum,JETA1,2026-02-09,26837
INV-34752,DISP-08192,OMC-006,Hashi Energy,AGO,2025-03-26," KES 126,018 "
INV-52873,DISP-02899,OMC-011,Hass Petroleum,HFO,2025-02-26,154196
INV-72073,DISP-01005,OMC-009,Dalbit Petroleum,LUB,2025-05-13,199993
INV-26547,DISP-09325,OMC-017,KAA Aviation,AGO,,224208
INV-36258,DISP-04363,OMC-012,Galana Energies,JETA1,2026-04-14,76338
INV-48479,DISP-01183,OMC-003,Rubis Energy,LUB,2026-01-18,62230
INV-75389,DISP-08266,OMC-014,Texol Energies,LPG,2026-06-30,56647
INV-31805,DISP-00782,OMC-018,Uganda National Oil,HFO,2025-03-07,60056
INV-37910,DISP-01330,OMC-010,Tamoil,HFO,2025-09-23,215161
INV-53913,DISP-07137,OMC-018,Uganda National Oil,LUB,2025-01-21,25871
INV-20483,DISP-09315,OMC-004,Gulf Energy,PMS,2026-04-28,166459
INV-82263,DISP-02360,OMC-020,Ethiopian Oil,HFO,2025-07-26,27189
INV-52725,DISP-00249,OMC-009,Dalbit Petroleum,PMS,,57181
INV-36001,DISP-04141,OMC-010,Tamoil,LUB,2026-04-01,140176
INV-39255,DISP-00892,OMC-016,KPA Marine,LUB,2026-03-26,201816
INV-37552,DISP-00927,OMC-010,Tamoil,PMS,2025-06-15,180639
INV-35054,DISP-07590,OMC-007,Kobil,JETA1,2025-09-27,130742
INV-84243,DISP-02148,OMC-002,Vivo Energy,DPK,2026-04-13," KES 61,277 "
INV-35048,DISP-06260,OMC-010,Tamoil,LUB,2025-03-14,63551
INV-33629,DISP-08328,OMC-010,Tamoil,AGO,2025-08-08,219011
INV-24256,DISP-03042,OMC-001,TotalEnergies Kenya,PMS,2025-05-28,36458
INV-84901,DISP-00022,OMC-013,Lake Oil,LUB,2025-07-19,227824
INV-57908,DISP-07767,OMC-007,Kobil,AGO,2025-07-08,31786
INV-27422,DISP-04373,OMC-004,Gulf Energy,JETA1,2026-03-05,100499
INV-89740,DISP-05371,OMC-005,PetroOil Kenya,JETA1,2026-04-18,59563
INV-12234,DISP-02335,OMC-017,KAA Aviation,LPG,2025-07-21,86811
INV-21438,DISP-07284,OMC-007,Kobil,LPG,2025-02-20,40609
INV-56727,DISP-04597,OMC-007,Kobil,LPG,2025-05-05,110972
INV-11837,DISP-06027,OMC-008,National Oil,LPG,2026-03-20," KES 37,045 "
INV-25534,DISP-07809,OMC-010,Tamoil,DPK,2025-12-21,57230
INV-49862,DISP-07073,OMC-005,PetroOil Kenya,LPG,2026-03-09,34334
INV-99418,DISP-05131,OMC-004,Gulf Energy,LUB,2026-03-19,86593
INV-97934,DISP-04568,OMC-017,KAA Aviation,JETA1,2025-07-04,174261
INV-39588,DISP-01060,OMC-004,Gulf Energy,PMS,2026-04-22,255326
INV-76171,DISP-06318,OMC-010,Tamoil,HFO,2026-06-17,172572
INV-29229,DISP-02894,OMC-010,Tamoil,JETA1,2026-01-18,52893
INV-47342,DISP-02668,OMC-002,Vivo Energy,PMS,2025-10-03,36293
INV-88988,DISP-07227,OMC-005,PetroOil Kenya,HFO,2026-02-20,46294
INV-64112,DISP-07028,OMC-003,Rubis Energy,LUB,2026-03-02,245588
INV-12985,DISP-06377,OMC-009,Dalbit Petroleum,PMS,2026-03-22,53469
INV-48892,DISP-06992,OMC-004,Gulf Energy,PMS,2026-05-05,228946
INV-55966,DISP-09955,OMC-017,KAA Aviation,PMS,2026-02-12," KES 125,401 "
INV-73699,DISP-02220,OMC-012,Galana Energies,PMS,2026-03-28,43195
INV-36468,DISP-01017,OMC-006,Hashi Energy,PMS,2025-10-26,44775
INV-45682,DISP-07476,OMC-004,Gulf Energy,LPG,2026-05-07,33339
INV-23898,DISP-03038,OMC-001,TotalEnergies Kenya,HFO,2025-08-25,122387
INV-68220,DISP-04566,OMC-004,Gulf Energy,JETA1,2026-03-23,64021
INV-42193,DISP-08002,OMC-007,Kobil,PMS,2025-11-19,91957
INV-17153,DISP-00511,OMC-008,National Oil,JETA1,2025-06-06,255165
INV-63481,DISP-09326,OMC-001,TotalEnergies Kenya,JETA1,2025-09-10,67395
INV-68245,DISP-07987,OMC-019,Tanzania Petroleum,LUB,2025-05-23,52036
INV-71643,DISP-04267,OMC-011,Hass Petroleum,DPK,2025-02-27,28463
INV-58697,DISP-03375,OMC-019,Tanzania Petroleum,JETA1,2026-06-12,55352
INV-12346,DISP-04606,OMC-001,TotalEnergies Kenya,DPK,2026-02-18,164778
INV-22387,DISP-08061,OMC-012,Galana Energies,LUB,2026-04-06,66156
INV-20066,DISP-03498,OMC-004,Gulf Energy,DPK,2026-02-23,57334
INV-13342,DISP-02227,OMC-003,Rubis Energy,HFO,,50683
INV-46311,DISP-07649,OMC-016,KPA Marine,LUB,2025-08-29,23859
INV-50401,DISP-06645,OMC-016,KPA Marine,JETA1,2025-02-12,166477
INV-81048,DISP-06930,OMC-005,PetroOil Kenya,JETA1,2026-03-19,61015
INV-45180,DISP-05659,OMC-003,Rubis Energy,HFO,27/05/2026,27467
INV-55292,DISP-04076,OMC-018,Uganda National Oil,LPG,,95278
INV-27152,DISP-07272,OMC-001,TotalEnergies Kenya,DPK,2026-01-22,37790
INV-79825,DISP-06995,OMC-006,Hashi Energy,LPG,2025-06-14,33463
INV-47794,DISP-09540,OMC-019,Tanzania Petroleum,HFO,2025-05-22,152337
INV-53138,DISP-07560,OMC-020,Ethiopian Oil,DPK,30/06/2025,28692
INV-64378,DISP-06751,OMC-015,Mombasa Petroleum,PMS,26/02/2025,272531
INV-18094,DISP-09755,OMC-010,Tamoil,LPG,2025-11-03,74119
INV-97987,DISP-09420,OMC-017,KAA Aviation,LPG,2025-10-24,44303
INV-25534,DISP-07809,OMC-010,Tamoil,DPK,21/12/2025,57230
INV-42052,DISP-09144,OMC-003,Rubis Energy,DPK,2025-06-22,114872
INV-91216,DISP-08010,OMC-019,Tanzania Petroleum,PMS,2026-02-24,31792
INV-85092,DISP-02608,OMC-003,Rubis Energy,AGO,2025-06-17,117615
INV-21492,DISP-04663,OMC-007,Kobil,LPG,2025-07-26,26712
INV-72244,DISP-07262,OMC-003,Rubis Energy,JETA1,2026-05-30,43947
INV-63753,DISP-07613,OMC-015,Mombasa Petroleum,LPG,2025-09-04,42287
INV-22564,DISP-04364,OMC-019,Tanzania Petroleum,LPG,2025-04-28," KES 167,206 "
INV-34254,DISP-00617,OMC-020,Ethiopian Oil,AGO,2026-03-12,183895
INV-25523,DISP-06009,OMC-005,PetroOil Kenya,PMS,2026-03-16,77202
INV-12804,DISP-04306,OMC-013,Lake Oil,DPK,2025-07-14,246794
INV-40189,DISP-02840,OMC-003,Rubis Energy,PMS,2025-05-16,48378
INV-75620,DISP-06545,OMC-008,National Oil,AGO,2026-03-30,65427
INV-17095,DISP-05223,OMC-006,Hashi Energy,LUB,2026-05-05,154732
INV-77062,DISP-00264,OMC-006,Hashi Energy,LUB,2025-10-24,129226
INV-95582,DISP-05292,OMC-003,Rubis Energy,AGO,2026-02-23,73707
INV-41515,DISP-06376,OMC-003,Rubis Energy,LPG,2026-03-08,52204
INV-17034,DISP-05351,OMC-012,Galana Energies,JETA1,26/02/2026,25689
INV-50640,DISP-02330,OMC-006,Hashi Energy,HFO,2025-02-17,176537
INV-22094,DISP-04087,OMC-007,Kobil,LUB,16/04/2025,60151
INV-24168,DISP-01873,OMC-003,Rubis Energy,LPG,2025-10-16,44045
INV-93983,DISP-09281,OMC-004,Gulf Energy,AGO,2026-02-08,280330
INV-62028,DISP-02445,OMC-020,Ethiopian Oil,AGO,2025-08-05,190991
INV-41277,DISP-07059,OMC-019,Tanzania Petroleum,LUB,2026-07-05,133236
INV-39406,DISP-03433,OMC-006,Hashi Energy,PMS,2025-01-31,53051
INV-21773,DISP-06422,OMC-006,Hashi Energy,DPK,2025-12-24,37640
INV-82119,DISP-07306,OMC-016,KPA Marine,LPG,2025-11-16,36855
INV-96559,DISP-05001,OMC-015,Mombasa Petroleum,LUB,2025-05-21,53608
INV-49107,DISP-06954,OMC-017,KAA Aviation,DPK,," KES 158,683 "
INV-70505,DISP-01355,OMC-015,Mombasa Petroleum,LPG,2025-01-27,79238
INV-43262,DISP-07201,OMC-007,Kobil,AGO,2025-03-12,139370
INV-36096,DISP-01026,OMC-017,KAA Aviation,DPK,2025-08-18,187975
INV-86259,DISP-07731,OMC-011,Hass Petroleum,PMS,2026-04-17,42709
INV-63105,DISP-01391,OMC-001,TotalEnergies Kenya,AGO,2026-05-23,29237
INV-73276,DISP-02384,OMC-013,Lake Oil,DPK,2026-07-03,55361
INV-12674,DISP-02152,OMC-016,KPA Marine,HFO,2025-11-25,83095
INV-68098,DISP-09029,OMC-005,PetroOil Kenya,HFO,2026-03-28," KES 244,802 "
INV-57395,DISP-01250,OMC-014,Texol Energies,DPK,2025-10-16,269375
INV-78867,DISP-03918,OMC-007,Kobil,HFO,2026-06-14,113852
INV-40140,DISP-06304,OMC-002,Vivo Energy,PMS,2025-06-11,241871
INV-76044,DISP-08558,OMC-003,Rubis Energy,LUB,2026-03-21,31968
INV-74992,DISP-04136,OMC-014,Texol Energies,DPK,18/09/2025,283187
INV-13978,DISP-09033,OMC-010,Tamoil,LUB,2026-03-21,31563
INV-54282,DISP-00544,OMC-013,Lake Oil,JETA1,2026-02-17,248768
INV-53631,DISP-00056,OMC-008,National Oil,LPG,2026-01-30,171953
INV-15930,DISP-06916,OMC-016,KPA Marine,LUB,2026-02-26,110697
INV-44720,DISP-02125,OMC-012,Galana Energies,LPG,2026-04-01,51405
INV-66766,DISP-03963,OMC-006,Hashi Energy,LPG,2026-01-19," KES 31,028 "
INV-90873,DISP-00389,OMC-014,Texol Energies,HFO,2026-04-16,204281
INV-10071,DISP-09522,OMC-018,Uganda National Oil,HFO,2026-06-14,285782
INV-33264,DISP-04652,OMC-004,Gulf Energy,HFO,2026-02-07,115746
INV-29855,DISP-02972,OMC-008,National Oil,LPG,2026-03-29,48329
INV-82032,DISP-05458,OMC-009,Dalbit Petroleum,AGO,2026-02-03,116544
INV-63767,DISP-08249,OMC-013,Lake Oil,JETA1,2025-04-16,54205
INV-89479,DISP-09181,OMC-003,Rubis Energy,JETA1,2025-06-10,43923
INV-79665,DISP-01289,OMC-002,Vivo Energy,HFO,2026-02-01,164060
INV-71443,DISP-03846,OMC-008,National Oil,PMS,2026-02-09,105375
INV-40385,DISP-05947,OMC-013,Lake Oil,AGO,2026-04-11,167028
INV-63051,DISP-07699,OMC-015,Mombasa Petroleum,DPK,2025-04-01,150336
INV-29612,DISP-01670,OMC-009,Dalbit Petroleum,AGO,2025-11-15,35271
INV-31764,DISP-08586,OMC-001,TotalEnergies Kenya,LPG,2025-02-17,85935
INV-61694,DISP-00184,OMC-009,Dalbit Petroleum,LPG,2025-04-11,22460
INV-35882,DISP-01608,OMC-013,Lake Oil,JETA1,2025-07-21,33671
INV-97229,DISP-04048,OMC-005,PetroOil Kenya,DPK,2026-03-07,290452
INV-69855,DISP-09711,OMC-007,Kobil,LPG,2026-05-26,279870
INV-17805,DISP-09138,OMC-020,Ethiopian Oil,HFO,2025-11-23,204968
INV-39189,DISP-00669,OMC-020,Ethiopian Oil,LUB,2025-03-24,146172
INV-28187,DISP-06791,OMC-001,TotalEnergies Kenya,JETA1,2026-03-08,134727
INV-98532,DISP-09244,OMC-011,Hass Petroleum,PMS,2026-03-05,45560
INV-81216,DISP-06088,OMC-015,Mombasa Petroleum,LUB,2026-03-06,60791
INV-82509,DISP-04322,OMC-019,Tanzania Petroleum,LUB,2026-02-13,56242
INV-59936,DISP-08867,OMC-014,Texol Energies,DPK,2025-08-13,38757
INV-75681,DISP-05816,OMC-017,KAA Aviation,LPG,2026-05-12,230438
INV-18882,DISP-02636,OMC-010,Tamoil,JETA1,2025-01-11,39813
INV-11498,DISP-04825,OMC-014,Texol Energies,AGO,2025-11-02,180962
INV-45134,DISP-07067,OMC-007,Kobil,HFO,2026-03-27,24654
INV-79310,DISP-00235,OMC-012,Galana Energies,LPG,2026-04-18,43701
INV-62972,DISP-03506,OMC-020,Ethiopian Oil,JETA1,2026-03-23,239577
INV-27349,DISP-09639,OMC-006,Hashi Energy,LPG,2025-01-05,42355
INV-32712,DISP-06534,OMC-015,Mombasa Petroleum,HFO,2025-05-03,156958
INV-81496,DISP-07604,OMC-011,Hass Petroleum,DPK,2025-02-17,209698
INV-48938,DISP-07158,OMC-017,KAA Aviation,LUB,2025-03-27,282732
INV-26404,DISP-06039,OMC-017,KAA Aviation,AGO,2025-11-01,46297
INV-65995,DISP-00479,OMC-013,Lake Oil,LPG,2026-01-27,229061
INV-68421,DISP-06696,OMC-014,Texol Energies,DPK,2025-05-14,161563
INV-15242,DISP-06224,OMC-018,Uganda National Oil,HFO,,97560
INV-97522,DISP-01803,OMC-008,National Oil,PMS,2025-04-02,34980
INV-22802,DISP-01107,OMC-006,Hashi Energy,DPK,2025-08-12,117099
INV-90409,DISP-02719,OMC-012,Galana Energies,HFO,2026-03-16,67209
INV-36933,DISP-04749,OMC-011,Hass Petroleum,HFO,2026-02-12,167184
INV-54631,DISP-01967,OMC-011,Hass Petroleum,DPK,29/03/2025,27533
INV-90461,DISP-05462,OMC-003,Rubis Energy,PMS,2025-09-15,150467
INV-72982,DISP-09032,OMC-018,Uganda National Oil,LUB,2025-04-10,184915
INV-68404,DISP-07944,OMC-002,Vivo Energy,LPG,2025-01-31,228728
INV-85835,DISP-03290,OMC-016,KPA Marine,PMS,02/04/2025,130862
INV-63173,DISP-08962,OMC-006,Hashi Energy,LUB,2026-04-03,39017
INV-51359,DISP-09060,OMC-013,Lake Oil,DPK,2025-06-10," KES 23,423 "
INV-16303,DISP-04920,OMC-014,Texol Energies,LPG,,179551
INV-47171,DISP-07102,OMC-009,Dalbit Petroleum,LUB,2025-02-04,33059
INV-79869,DISP-05108,OMC-020,Ethiopian Oil,PMS,2025-02-02,29582
INV-46495,DISP-05889,OMC-002,Vivo Energy,LPG,2025-08-08,169363
INV-84193,DISP-04550,OMC-010,Tamoil,HFO,2026-04-07,49154
INV-96464,DISP-06763,OMC-020,Ethiopian Oil,DPK,2025-10-19,45688
INV-88854,DISP-07855,OMC-015,Mombasa Petroleum,HFO,2025-07-09,182475
INV-99952,DISP-05142,OMC-015,Mombasa Petroleum,JETA1,2025-06-08,33345
INV-82128,DISP-01776,OMC-020,Ethiopian Oil,DPK,2026-05-30,108999
INV-69232,DISP-09720,OMC-010,Tamoil,AGO,2026-06-04,223207
INV-48956,DISP-06064,OMC-004,Gulf Energy,HFO,2026-03-04,209920
INV-89117,DISP-02841,OMC-007,Kobil,DPK,2026-01-22,272857
INV-25809,DISP-00376,OMC-017,KAA Aviation,AGO,2025-11-21,32430
INV-40012,DISP-09735,OMC-020,Ethiopian Oil,AGO,2025-07-03,22484
INV-49537,DISP-06144,OMC-005,PetroOil Kenya,AGO,2026-04-11,40643
INV-28405,DISP-08940,OMC-007,Kobil,LPG,2025-02-25,108556
INV-67584,DISP-03439,OMC-002,Vivo Energy,LPG,2025-01-30,121789
INV-51115,DISP-07867,OMC-004,Gulf Energy,HFO,2026-02-06,44254
INV-39855,DISP-00331,OMC-004,Gulf Energy,LUB,2026-02-16,27040
INV-84239,DISP-00442,OMC-009,Dalbit Petroleum,AGO,2026-05-04,114750
INV-53768,DISP-09437,OMC-007,Kobil,DPK,2026-04-11,131440
INV-94867,DISP-09872,OMC-014,Texol Energies,LPG,2026-02-08,56798
INV-35320,DISP-04204,OMC-007,Kobil,PMS,2025-10-24," KES 98,104 "
INV-88610,DISP-09264,OMC-020,Ethiopian Oil,PMS,2025-10-06,37521
INV-55439,DISP-00585,OMC-013,Lake Oil,LPG,2026-03-17,32538
INV-78199,DISP-02550,OMC-020,Ethiopian Oil,LUB,2025-02-12,132169
INV-41419,DISP-06228,OMC-006,Hashi Energy,DPK,2025-11-20,49749
INV-97768,DISP-03585,OMC-020,Ethiopian Oil,PMS,2025-09-02,217052
INV-97776,DISP-04478,OMC-020,Ethiopian Oil,DPK,2026-03-02,46901
INV-12863,DISP-02422,OMC-002,Vivo Energy,AGO,2025-01-29,35573
INV-53617,DISP-05469,OMC-005,PetroOil Kenya,JETA1,2026-05-02,220995
INV-31820,DISP-02177,OMC-001,TotalEnergies Kenya,LUB,2025-09-09,235793
INV-25223,DISP-05681,OMC-004,Gulf Energy,DPK,2026-02-11,43513
INV-96885,DISP-00465,OMC-019,Tanzania Petroleum,LPG,2026-06-30,145907
INV-44068,DISP-06292,OMC-010,Tamoil,JETA1,2025-07-30,261018
INV-25371,DISP-03554,OMC-008,National Oil,LUB,2025-11-16,257312
INV-29997,DISP-03264,OMC-017,KAA Aviation,LPG,2025-11-11,208437
INV-46591,DISP-06117,OMC-020,Ethiopian Oil,DPK,2025-08-07,266597
INV-76805,DISP-04170,OMC-019,Tanzania Petroleum,LUB,2025-04-12,148181
INV-58881,DISP-02755,OMC-012,Galana Energies,LUB,2026-02-27,230174
INV-86327,DISP-05332,OMC-010,Tamoil,JETA1,2025-11-20,61282
INV-15010,DISP-04039,OMC-009,Dalbit Petroleum,AGO,2026-04-07,41908
INV-80477,DISP-05056,OMC-017,KAA Aviation,LPG,2025-08-01,21969
INV-12886,DISP-00650,OMC-007,Kobil,JETA1,2025-05-28,30347
INV-18800,DISP-08781,OMC-020,Ethiopian Oil,JETA1,2025-04-28,117690
INV-31742,DISP-04043,OMC-006,Hashi Energy,HFO,2026-06-22,24528
INV-57345,DISP-03911,OMC-007,Kobil,PMS,2025-06-28,46839
INV-18425,DISP-09430,OMC-009,Dalbit Petroleum,LUB,2026-03-31,32382
INV-90749,DISP-00440,OMC-002,Vivo Energy,PMS,2025-11-12,27696
INV-70243,DISP-02187,OMC-017,KAA Aviation,HFO,2025-12-15,172635
INV-55332,DISP-00245,OMC-018,Uganda National Oil,LUB,2025-02-22,22793
INV-85319,DISP-09438,OMC-019,Tanzania Petroleum,AGO,2026-04-24,162123
INV-18137,DISP-04244,OMC-014,Texol Energies,PMS,2025-10-06,166327
INV-82776,DISP-08256,OMC-015,Mombasa Petroleum,PMS,03/11/2025,74455
INV-61212,DISP-00754,OMC-019,Tanzania Petroleum,DPK,2026-02-16,104828
INV-53754,DISP-01715,OMC-019,Tanzania Petroleum,AGO,02/02/2025,92115
INV-81513,DISP-08122,OMC-007,Kobil,LUB,27/01/2026,190246
INV-89211,DISP-04985,OMC-011,Hass Petroleum,LUB,2025-02-27,37804
INV-95009,DISP-03178,OMC-004,Gulf Energy,LUB,2026-03-13,47774
INV-60476,DISP-02969,OMC-017,KAA Aviation,HFO,2025-03-27,140351
INV-68250,DISP-02174,OMC-001,TotalEnergies Kenya,JETA1,2025-01-14,25552
INV-97551,DISP-03750,OMC-004,Gulf Energy,LPG,2026-04-27,32530
INV-47633,DISP-05260,OMC-017,KAA Aviation,HFO,2025-03-05,274275
INV-91217,DISP-08006,OMC-001,TotalEnergies Kenya,HFO,2025-07-23,56838
INV-40593,DISP-04236,OMC-019,Tanzania Petroleum,HFO,2025-02-02,205224
INV-85618,DISP-06316,OMC-002,Vivo Energy,LPG,2025-03-02,31166
INV-30366,DISP-08491,OMC-014,Texol Energies,HFO,2026-03-03,300107
INV-51232,DISP-01782,OMC-005,PetroOil Kenya,AGO,2026-03-09,176552
INV-95698,DISP-09585,OMC-018,Uganda National Oil,LPG,2026-03-13,221640
INV-46162,DISP-09089,OMC-018,Uganda National Oil,JETA1,2025-02-15,254443
INV-22084,DISP-09721,OMC-003,Rubis Energy,DPK,2025-10-28,104882
INV-95112,DISP-08966,OMC-016,KPA Marine,AGO,2025-04-12,184838
INV-56774,DISP-02122,OMC-016,KPA Marine,LUB,2025-12-08,203170
INV-22788,DISP-04872,OMC-004,Gulf Energy,AGO,2026-03-18,55351
INV-61408,DISP-03779,OMC-007,Kobil,JETA1,2025-04-30,48486
INV-88127,DISP-06195,OMC-020,Ethiopian Oil,PMS,2025-01-15,165334
INV-44472,DISP-06511,OMC-005,PetroOil Kenya,LPG,2026-02-11," KES 188,875 "
INV-44587,DISP-01787,OMC-020,Ethiopian Oil,HFO,2025-10-30," KES 46,762 "
INV-52744,DISP-08168,OMC-003,Rubis Energy,HFO,2026-05-27,125684
INV-90081,DISP-00952,OMC-013,Lake Oil,AGO,2026-03-07,169902
INV-84404,DISP-08398,OMC-019,Tanzania Petroleum,LUB,2025-10-06,105200
INV-24473,DISP-00920,OMC-011,Hass Petroleum,AGO,2025-07-07,44593
INV-74701,DISP-04166,OMC-008,National Oil,LUB,2025-04-06,42768
INV-15784,DISP-04402,OMC-020,Ethiopian Oil,DPK,2026-03-11,244925
INV-53511,DISP-02960,OMC-006,Hashi Energy,PMS,2025-08-23,46501
INV-87549,DISP-01356,OMC-006,Hashi Energy,AGO,12/02/2026,100315
INV-35332,DISP-06738,OMC-016,KPA Marine,JETA1,2025-04-22,203957
INV-73937,DISP-05294,OMC-019,Tanzania Petroleum,JETA1,2025-07-19,204249
INV-79286,DISP-02553,OMC-020,Ethiopian Oil,LPG,2026-04-16,34245
INV-27610,DISP-02386,OMC-015,Mombasa Petroleum,LPG,,50104
INV-54985,DISP-02672,OMC-010,Tamoil,DPK,04/01/2025,100421
INV-49739,DISP-00693,OMC-006,Hashi Energy,PMS,2026-06-26,211172
INV-85150,DISP-05484,OMC-019,Tanzania Petroleum,JETA1,2026-06-18," KES 128,103 "
INV-47085,DISP-03226,OMC-010,Tamoil,LPG,2026-02-14,120618
INV-68418,DISP-04752,OMC-011,Hass Petroleum,DPK,2025-06-16,169782
INV-82533,DISP-00971,OMC-010,Tamoil,LPG,2025-08-14,43572
INV-74661,DISP-08598,OMC-016,KPA Marine,PMS,2025-12-21,279190
INV-21757,DISP-05111,OMC-007,Kobil,LPG,2026-06-27,75889
INV-88358,DISP-08238,OMC-014,Texol Energies,HFO,2026-04-03,30698
INV-37279,DISP-04668,OMC-002,Vivo Energy,AGO,2026-02-23,43121
INV-15403,DISP-04506,OMC-016,KPA Marine,HFO,2025-11-18,92990
INV-69366,DISP-06871,OMC-008,National Oil,DPK,2025-04-06,109507
INV-79982,DISP-03991,OMC-016,KPA Marine,JETA1,2025-01-08,56175
INV-41851,DISP-08139,OMC-020,Ethiopian Oil,HFO,2026-04-06,33652
INV-48508,DISP-09778,OMC-014,Texol Energies,AGO,2026-04-30,26819
INV-56834,DISP-03477,OMC-006,Hashi Energy,JETA1,2025-04-24,62125
INV-42613,DISP-07366,OMC-019,Tanzania Petroleum,PMS,2025-11-30,45521
INV-19707,DISP-09578,OMC-017,KAA Aviation,AGO,2025-08-28,25727
INV-35288,DISP-01866,OMC-018,Uganda National Oil,LUB,2026-05-07,179953
INV-68893,DISP-06207,OMC-013,Lake Oil,DPK,2025-05-28,258875
INV-42468,DISP-00601,OMC-016,KPA Marine,DPK,2025-04-07,262816
INV-21055,DISP-02030,OMC-002,Vivo Energy,DPK,2025-02-13,81896
INV-65387,DISP-07224,OMC-018,Uganda National Oil,JETA1,2025-06-16," KES 23,813 "
INV-39483,DISP-08136,OMC-019,Tanzania Petroleum,DPK,2025-03-14,34344
INV-86014,DISP-08865,OMC-020,Ethiopian Oil,HFO,2025-06-07,106054
INV-17253,DISP-04456,OMC-019,Tanzania Petroleum,PMS,2025-05-08,170868
INV-51167,DISP-06150,OMC-002,Vivo Energy,JETA1,2026-04-27,35227
INV-60566,DISP-09373,OMC-011,Hass Petroleum,JETA1,2025-05-17,55519
INV-60811,DISP-02623,OMC-001,TotalEnergies Kenya,HFO,2025-08-05,111340
INV-50940,DISP-05171,OMC-013,Lake Oil,HFO,2025-05-15,32136
INV-24449,DISP-05512,OMC-002,Vivo Energy,PMS,2025-08-24,183755
INV-26471,DISP-09198,OMC-020,Ethiopian Oil,LUB,2025-09-20,88957
INV-13020,DISP-04993,OMC-016,KPA Marine,AGO,2025-11-08,279990
INV-42910,DISP-00326,OMC-001,TotalEnergies Kenya,PMS,2025-06-24,252395
INV-33420,DISP-04439,OMC-014,Texol Energies,AGO,2025-08-15,129827
INV-66257,DISP-07143,OMC-007,Kobil,LPG,2026-07-02,40312
INV-34138,DISP-08235,OMC-008,National Oil,PMS,2025-01-20,288054
INV-83771,DISP-04323,OMC-002,Vivo Energy,JETA1,2025-11-19,198451
INV-79023,DISP-08679,OMC-012,Galana Energies,DPK,2026-04-03,52683
INV-91849,DISP-04479,OMC-003,Rubis Energy,LPG,2026-03-23,179623
INV-78297,DISP-02348,OMC-004,Gulf Energy,LUB,2026-04-06,64836
INV-11281,DISP-03816,OMC-007,Kobil,PMS,2025-06-11,26525
INV-36484,DISP-08408,OMC-016,KPA Marine,JETA1,2026-05-31,24671
INV-97222,DISP-07693,OMC-015,Mombasa Petroleum,PMS,2026-04-30,159004
INV-30247,DISP-00015,OMC-017,KAA Aviation,DPK,2025-01-12,59478
INV-80240,DISP-04425,OMC-004,Gulf Energy,LUB,,179996
INV-26626,DISP-09830,OMC-005,PetroOil Kenya,LPG,2026-04-18,48738
INV-99993,DISP-03764,OMC-007,Kobil,LPG,2025-07-17,46583
INV-76335,DISP-00864,OMC-009,Dalbit Petroleum,JETA1,2025-01-29,238006
INV-39027,DISP-06566,OMC-016,KPA Marine,HFO,2025-04-15,29727
INV-73661,DISP-02754,OMC-010,Tamoil,HFO,2026-02-25,32206
INV-16231,DISP-08553,OMC-003,Rubis Energy,PMS,2025-10-12,45877
INV-76121,DISP-09722,OMC-020,Ethiopian Oil,AGO,2025-11-25,34091
INV-75162,DISP-00572,OMC-016,KPA Marine,AGO,2026-04-21,255519
INV-39599,DISP-09419,OMC-019,Tanzania Petroleum,DPK,2025-05-02,115953
INV-10607,DISP-04868,OMC-001,TotalEnergies Kenya,JETA1,2025-08-11,49783
INV-34187,DISP-02808,OMC-012,Galana Energies,PMS,2026-05-01,24686
INV-93842,DISP-00457,OMC-015,Mombasa Petroleum,DPK,2025-08-02,204773
INV-49472,DISP-02020,OMC-003,Rubis Energy,AGO,2025-02-17,42987
INV-41041,DISP-03974,OMC-007,Kobil,AGO,2025-11-23,220546
INV-36187,DISP-07687,OMC-010,Tamoil,AGO,2025-11-07,48495
INV-92390,DISP-01460,OMC-012,Galana Energies,JETA1,2026-04-16," KES 138,781 "
INV-48387,DISP-03499,OMC-013,Lake Oil,JETA1,23/07/2025," KES 201,125 "
INV-63448,DISP-09226,OMC-015,Mombasa Petroleum,DPK,02/09/2025,40377
INV-10753,DISP-08544,OMC-010,Tamoil,PMS,2026-04-09,135033
INV-75577,DISP-00581,OMC-002,Vivo Energy,DPK,2026-06-22,30458
INV-81391,DISP-09772,OMC-001,TotalEnergies Kenya,HFO,2026-01-07,264503
INV-91082,DISP-05586,OMC-015,Mombasa Petroleum,LUB,2025-06-14,37837
INV-28596,DISP-01195,OMC-017,KAA Aviation,PMS,2025-10-31,94076
INV-78447,DISP-03357,OMC-006,Hashi Energy,PMS,2025-07-10,60023
INV-72406,DISP-06933,OMC-010,Tamoil,LPG,2026-02-03,142084
INV-71994,DISP-08152,OMC-009,Dalbit Petroleum,HFO,2025-08-10,262929
INV-16328,DISP-02362,OMC-017,KAA Aviation,AGO,2026-05-05,233347
INV-35985,DISP-06672,OMC-006,Hashi Energy,LPG,2025-04-09,62837
INV-26406,DISP-00328,OMC-015,Mombasa Petroleum,PMS,2025-07-24,219443
INV-79459,DISP-02221,OMC-010,Tamoil,DPK,2025-03-09,171722
INV-95410,DISP-06274,OMC-004,Gulf Energy,PMS,2026-03-23,243950
INV-67583,DISP-07634,OMC-019,Tanzania Petroleum,JETA1,2025-12-18,31590
INV-12047,DISP-02648,OMC-015,Mombasa Petroleum,AGO,2025-04-10,41761
INV-92074,DISP-04417,OMC-004,Gulf Energy,PMS,2026-04-24,42386
INV-13374,DISP-09369,OMC-013,Lake Oil,LUB,2025-09-05,257177
INV-77723,DISP-06430,OMC-004,Gulf Energy,LUB,2026-03-30,128476
INV-19010,DISP-09176,OMC-009,Dalbit Petroleum,AGO,2025-01-20,59437
INV-34261,DISP-03805,OMC-003,Rubis Energy,PMS,2025-12-24,254362
INV-85008,DISP-02927,OMC-020,Ethiopian Oil,JETA1,2025-06-02," KES 134,601 "
INV-12913,DISP-01882,OMC-019,Tanzania Petroleum,JETA1,2025-04-17,32547
INV-85177,DISP-06063,OMC-012,Galana Energies,AGO,2026-03-05,255195
INV-96172,DISP-06785,OMC-005,PetroOil Kenya,DPK,2026-02-25,30253
INV-72569,DISP-06296,OMC-010,Tamoil,DPK,2025-01-11,119949
INV-66384,DISP-08560,OMC-020,Ethiopian Oil,PMS,2026-01-14,52587
INV-71585,DISP-06412,OMC-001,TotalEnergies Kenya,LUB,2025-06-03,101693
INV-48456,DISP-05497,OMC-014,Texol Energies,LUB,,52397
INV-48615,DISP-00772,OMC-007,Kobil,HFO,2025-01-10,224804
INV-31614,DISP-05391,OMC-008,National Oil,DPK,2025-05-20,253363
INV-64617,DISP-01902,OMC-011,Hass Petroleum,PMS,2025-06-17,50423
INV-11203,DISP-07005,OMC-019,Tanzania Petroleum,AGO,2026-02-16," KES 29,049 "
INV-41782,DISP-09445,OMC-011,Hass Petroleum,LPG,2026-06-12," KES 43,084 "
INV-85199,DISP-00733,OMC-003,Rubis Energy,LPG,2025-07-02,32029
INV-37308,DISP-09667,OMC-020,Ethiopian Oil,AGO,2025-02-28,53080
INV-73869,DISP-07013,OMC-011,Hass Petroleum,HFO,2025-09-19,111434
INV-84313,DISP-01933,OMC-011,Hass Petroleum,AGO,2026-04-11,174187
INV-37230,DISP-04474,OMC-009,Dalbit Petroleum,PMS,18/12/2025,147091
INV-82542,DISP-05375,OMC-019,Tanzania Petroleum,LPG,2026-05-17,251115
INV-22977,DISP-05494,OMC-011,Hass Petroleum,PMS,,201252
INV-52744,DISP-04342,OMC-013,Lake Oil,PMS,2025-01-05,170721
INV-95020,DISP-05376,OMC-008,National Oil,LUB,2025-01-21,57547
INV-85930,DISP-04369,OMC-016,KPA Marine,JETA1,08/02/2026,22238
INV-98394,DISP-00498,OMC-015,Mombasa Petroleum,LPG,,145502
INV-32723,DISP-09131,OMC-002,Vivo Energy,HFO,2026-04-21,21578
INV-75440,DISP-00225,OMC-006,Hashi Energy,LPG,2025-08-12,131415
INV-99481,DISP-03232,OMC-001,TotalEnergies Kenya,AGO,2026-01-15,152284
INV-77860,DISP-02302,OMC-012,Galana Energies,AGO,2026-03-15,176879
INV-60132,DISP-04508,OMC-002,Vivo Energy,HFO,2026-05-09,194796
INV-21447,DISP-00398,OMC-012,Galana Energies,JETA1,2026-04-03,305680
INV-37125,DISP-00664,OMC-001,TotalEnergies Kenya,AGO,10/09/2025,98020
INV-90262,DISP-09973,OMC-018,Uganda National Oil,AGO,2025-05-03,117433
INV-88302,DISP-03434,OMC-009,Dalbit Petroleum,LPG,2026-01-28,61681
INV-15905,DISP-02937,OMC-013,Lake Oil,PMS,2026-06-04,176747
INV-31414,DISP-07015,OMC-002,Vivo Energy,DPK,24/04/2026,56981
INV-63634,DISP-00900,OMC-020,Ethiopian Oil,AGO,2026-02-20,116793
INV-83817,DISP-09523,OMC-018,Uganda National Oil,PMS,2025-08-29,182092
INV-36147,DISP-02279,OMC-014,Texol Energies,AGO,2025-10-09,40414
INV-68812,DISP-09348,OMC-003,Rubis Energy,PMS,2025-08-09,70729
INV-77024,DISP-05410,OMC-014,Texol Energies,JETA1,2026-01-10,54760
INV-82154,DISP-09525,OMC-017,KAA Aviation,DPK,2025-03-28,106958
INV-12222,DISP-00883,OMC-017,KAA Aviation,AGO,2025-09-29,31038
INV-15429,DISP-07820,OMC-013,Lake Oil,DPK,2025-04-21,131218
INV-62437,DISP-09507,OMC-006,Hashi Energy,LUB,2026-06-03," KES 43,471 "
INV-63118,DISP-07981,OMC-017,KAA Aviation,AGO,2026-07-08,42717
INV-60222,DISP-05202,OMC-006,Hashi Energy,LUB,2025-06-24,98855
INV-42709,DISP-02738,OMC-012,Galana Energies,AGO,2026-03-22,120172
INV-32712,DISP-06534,OMC-015,Mombasa Petroleum,HFO,2025-05-03,156958
INV-66909,DISP-02447,OMC-006,Hashi Energy,HFO,2025-05-12,148295
INV-42806,DISP-07525,OMC-016,KPA Marine,PMS,2025-03-27,36856
INV-37221,DISP-06597,OMC-002,Vivo Energy,AGO,2025-10-18,142703
INV-96510,DISP-02718,OMC-011,Hass Petroleum,JETA1,2025-02-27,180328
INV-66136,DISP-01235,OMC-008,National Oil,JETA1,2025-04-21,58438
INV-94170,DISP-00497,OMC-004,Gulf Energy,LUB,2026-04-29,106193
INV-58697,DISP-03988,OMC-014,Texol Energies,AGO,2025-08-16,48318
INV-74586,DISP-03390,OMC-013,Lake Oil,HFO,2025-05-23,117187
INV-71210,DISP-03242,OMC-010,Tamoil,LPG,,182902
INV-49115,DISP-06961,OMC-010,Tamoil,AGO,2025-06-29,60347
INV-60015,DISP-02846,OMC-004,Gulf Energy,LPG,03/03/2026,156479
INV-24093,DISP-05959,OMC-010,Tamoil,HFO,2025-12-27,151483
INV-29146,DISP-04895,OMC-020,Ethiopian Oil,DPK,2025-05-15,46321
INV-31821,DISP-09709,OMC-009,Dalbit Petroleum,DPK,2026-05-08,175217
INV-52297,DISP-07292,OMC-010,Tamoil,DPK,2025-05-31,25440
INV-86513,DISP-03157,OMC-011,Hass Petroleum,DPK,2025-04-20,105288
INV-21376,DISP-03328,OMC-017,KAA Aviation,LUB,2026-05-24,156388
INV-63747,DISP-03927,OMC-020,Ethiopian Oil,DPK,2026-05-22,243933
INV-33716,DISP-01157,OMC-010,Tamoil,JETA1,2025-10-21,37617
INV-79538,DISP-03762,OMC-017,KAA Aviation,DPK,2026-05-18,38310
INV-14121,DISP-08221,OMC-012,Galana Energies,LUB,,49973
INV-12954,DISP-04276,OMC-011,Hass Petroleum,LUB,29/08/2025,22476
INV-98047,DISP-05939,OMC-011,Hass Petroleum,LUB,2025-09-08,181457
INV-53630,DISP-03959,OMC-004,Gulf Energy,HFO,2026-04-20,177824
INV-62577,DISP-03204,OMC-017,KAA Aviation,DPK,2026-01-17,38477
INV-71951,DISP-00598,OMC-020,Ethiopian Oil,DPK,2025-03-28,132961
INV-94708,DISP-07216,OMC-010,Tamoil,HFO,2025-12-29,23390
INV-99321,DISP-03304,OMC-006,Hashi Energy,LUB,2025-03-04,25172
INV-88116,DISP-03590,OMC-017,KAA Aviation,PMS,2025-10-13,26083
INV-34966,DISP-01958,OMC-008,National Oil,AGO,2026-01-04," KES 39,421 "
INV-54002,DISP-05146,OMC-014,Texol Energies,HFO,2025-02-22,50717
INV-25237,DISP-04781,OMC-016,KPA Marine,JETA1,2026-05-05,110238
INV-38804,DISP-00351,OMC-013,Lake Oil,AGO,2026-06-19,280015
INV-45621,DISP-08174,OMC-005,PetroOil Kenya,PMS,,33565
INV-13343,DISP-03473,OMC-019,Tanzania Petroleum,PMS,2025-03-23,187348
INV-47609,DISP-07175,OMC-002,Vivo Energy,PMS,2026-01-01,46284
INV-45513,DISP-07204,OMC-001,TotalEnergies Kenya,PMS,2025-04-17,61406
INV-62505,DISP-08863,OMC-010,Tamoil,HFO,2025-01-14,275785
INV-12459,DISP-06252,OMC-009,Dalbit Petroleum,PMS,2025-03-20,62416
INV-33779,DISP-05338,OMC-006,Hashi Energy,HFO,2026-04-16,57394
INV-39699,DISP-07455,OMC-001,TotalEnergies Kenya,DPK,2025-11-23,178992
INV-43010,DISP-08904,OMC-001,TotalEnergies Kenya,DPK,2025-10-08," KES 36,419 "
INV-78544,DISP-08004,OMC-003,Rubis Energy,HFO,2025-08-31,84470
INV-98818,DISP-03744,OMC-012,Galana Energies,PMS,2026-04-19,65329
INV-23968,DISP-07037,OMC-012,Galana Energies,PMS,2026-04-23,111537
INV-82590,DISP-06652,OMC-018,Uganda National Oil,LPG,2026-03-25,108317
INV-49805,DISP-03739,OMC-010,Tamoil,LUB,,47070
INV-83351,DISP-00381,OMC-016,KPA Marine,PMS,2026-04-22,258294
INV-10308,DISP-01348,OMC-015,Mombasa Petroleum,AGO,10/06/2025,152880
INV-39311,DISP-09163,OMC-004,Gulf Energy,PMS,2026-03-22,54909
INV-10261,DISP-05397,OMC-017,KAA Aviation,LUB,2026-06-16,36860
INV-11538,DISP-03121,OMC-019,Tanzania Petroleum,LUB,2026-04-17,32762
INV-27152,DISP-07272,OMC-001,TotalEnergies Kenya,DPK,2026-01-22,37790
INV-98799,DISP-06603,OMC-018,Uganda National Oil,HFO,2026-06-01,173424
INV-19513,DISP-00682,OMC-011,Hass Petroleum,HFO,2025-05-04,131038
INV-37637,DISP-00654,OMC-016,KPA Marine,AGO,2026-01-15,93139
INV-78599,DISP-01333,OMC-002,Vivo Energy,DPK,2026-05-12,168185
INV-49124,DISP-03560,OMC-020,Ethiopian Oil,LUB,2026-01-02,114959
INV-69893,DISP-06453,OMC-001,TotalEnergies Kenya,JETA1,2025-12-02,35708
INV-15379,DISP-06662,OMC-001,TotalEnergies Kenya,LUB,2026-01-21," KES 118,595 "
INV-14269,DISP-05623,OMC-015,Mombasa Petroleum,LUB,2026-04-25," KES 208,339 "
INV-20257,DISP-03367,OMC-016,KPA Marine,LPG,2026-06-06,51472
INV-11305,DISP-09846,OMC-003,Rubis Energy,DPK,2026-02-13,58395
INV-48872,DISP-01899,OMC-013,Lake Oil,HFO,2025-06-07,49848
INV-35144,DISP-08582,OMC-005,PetroOil Kenya,LUB,2026-02-09,28175
INV-14978,DISP-02391,OMC-015,Mombasa Petroleum,AGO,2026-03-19,37377
INV-95240,DISP-02444,OMC-016,KPA Marine,HFO,2025-09-14,191948
INV-25707,DISP-00562,OMC-007,Kobil,PMS,2026-03-17,95141
INV-61881,DISP-01918,OMC-009,Dalbit Petroleum,LPG,2026-04-23,58701
INV-43505,DISP-07002,OMC-019,Tanzania Petroleum,LUB,2026-01-10,51408
INV-93395,DISP-09090,OMC-002,Vivo Energy,JETA1,2025-01-10,266484
INV-42390,DISP-05231,OMC-014,Texol Energies,LUB,2025-05-09,167146
INV-94538,DISP-09366,OMC-013,Lake Oil,JETA1,2025-05-09,39631
INV-77999,DISP-01725,OMC-016,KPA Marine,PMS,2026-03-10,101211
INV-77603,DISP-03928,OMC-002,Vivo Energy,LPG,2026-06-24,42250
INV-31991,DISP-02653,OMC-007,Kobil,AGO,2025-10-05,42335
INV-82223,DISP-02207,OMC-002,Vivo Energy,JETA1,2026-02-23,114471
INV-72689,DISP-03675,OMC-001,TotalEnergies Kenya,AGO,2026-02-03,61900
INV-85101,DISP-06155,OMC-016,KPA Marine,PMS,01/04/2026,219594
INV-85519,DISP-02085,OMC-002,Vivo Energy,JETA1,2025-07-18,33545
INV-26518,DISP-00734,OMC-016,KPA Marine,HFO,2025-07-07,150328
INV-63245,DISP-05412,OMC-006,Hashi Energy,PMS,2025-04-30,84580
INV-54785,DISP-00444,OMC-010,Tamoil,PMS,2025-10-11,41751
INV-59226,DISP-04540,OMC-015,Mombasa Petroleum,DPK,,136831
INV-58356,DISP-05856,OMC-009,Dalbit Petroleum,AGO,2025-02-22,49215
INV-31532,DISP-08487,OMC-011,Hass Petroleum,DPK,2025-03-25,289150
INV-83941,DISP-06837,OMC-006,Hashi Energy,PMS,2026-04-21,194602
INV-53646,DISP-01247,OMC-009,Dalbit Petroleum,AGO,2025-04-12,26608
INV-22087,DISP-08590,OMC-017,KAA Aviation,AGO,2025-08-10,34617
INV-69710,DISP-01398,OMC-018,Uganda National Oil,HFO,2025-07-04,128369
INV-54069,DISP-03761,OMC-016,KPA Marine,DPK,2025-07-11,263383
INV-27146,DISP-01491,OMC-020,Ethiopian Oil,DPK,2025-06-03," KES 267,761 "
INV-72667,DISP-00991,OMC-006,Hashi Energy,LUB,2026-01-23,280540
INV-70288,DISP-00609,OMC-005,PetroOil Kenya,PMS,2026-03-22,197975
INV-62785,DISP-00870,OMC-007,Kobil,PMS,2026-01-03,255290
INV-48623,DISP-04475,OMC-016,KPA Marine,LUB,2025-09-22,190469
INV-75802,DISP-08146,OMC-018,Uganda National Oil,JETA1,2026-06-27,41068
INV-58326,DISP-06131,OMC-009,Dalbit Petroleum,PMS,2026-04-01,42265
INV-85763,DISP-01636,OMC-019,Tanzania Petroleum,LUB,2026-02-20,180564
INV-72885,DISP-02536,OMC-012,Galana Energies,HFO,2026-04-29,208404
INV-89569,DISP-08730,OMC-019,Tanzania Petroleum,LPG,2025-07-14,209145
INV-16788,DISP-01797,OMC-014,Texol Energies,DPK,2025-09-25,118975
INV-21174,DISP-05483,OMC-011,Hass Petroleum,DPK,2026-03-12," KES 104,032 "
INV-56187,DISP-06066,OMC-009,Dalbit Petroleum,LPG,2025-05-13,50741
INV-37004,DISP-09386,OMC-002,Vivo Energy,DPK,2025-11-30,189631
INV-13778,DISP-04298,OMC-019,Tanzania Petroleum,LUB,2025-03-24,183326
INV-24764,DISP-01534,OMC-018,Uganda National Oil,LUB,2026-04-14,123940
INV-80936,DISP-07678,OMC-010,Tamoil,LUB,2025-10-25,107381
INV-40008,DISP-04294,OMC-017,KAA Aviation,DPK,2025-04-06,54237
INV-42684,DISP-06755,OMC-015,Mombasa Petroleum,DPK,2025-07-20,27154
INV-63810,DISP-01122,OMC-017,KAA Aviation,LUB,2025-10-10,20181
INV-64416,DISP-09169,OMC-016,KPA Marine,DPK,2025-02-10,190980
INV-47943,DISP-01564,OMC-016,KPA Marine,HFO,2025-12-03," KES 181,339 "
INV-87736,DISP-00446,OMC-015,Mombasa Petroleum,AGO,2026-06-26,59057
INV-94143,DISP-04744,OMC-013,Lake Oil,HFO,2026-01-10,50045
INV-33357,DISP-05334,OMC-018,Uganda National Oil,PMS,,48310
INV-71290,DISP-02069,OMC-017,KAA Aviation,LUB,2025-01-15,184336
INV-84091,DISP-01435,OMC-003,Rubis Energy,JETA1,2026-05-05,65640
INV-67133,DISP-06176,OMC-016,KPA Marine,DPK,2026-02-01,293314
INV-86007,DISP-07424,OMC-010,Tamoil,DPK,2025-12-15,227906
INV-34335,DISP-07318,OMC-006,Hashi Energy,PMS,2025-11-04," KES 249,954 "
INV-71240,DISP-07773,OMC-011,Hass Petroleum,LUB,2025-03-30,139206
INV-85093,DISP-02145,OMC-016,KPA Marine,DPK,2025-06-24,178646
INV-24282,DISP-05735,OMC-004,Gulf Energy,AGO,12/02/2026,26737
INV-20185,DISP-03703,OMC-003,Rubis Energy,JETA1,2025-11-11,184350
INV-45300,DISP-04386,OMC-003,Rubis Energy,DPK,2025-01-13,223632
INV-31330,DISP-05851,OMC-003,Rubis Energy,AGO,2025-08-18,48367
INV-15302,DISP-00251,OMC-013,Lake Oil,LUB,2026-05-07,25908
INV-45571,DISP-00181,OMC-012,Galana Energies,LUB,2026-04-02,55571
INV-78369,DISP-02178,OMC-019,Tanzania Petroleum,DPK,2025-12-12,238591
INV-89344,DISP-06929,OMC-003,Rubis Energy,LUB,2025-10-07,112529
INV-71242,DISP-00243,OMC-003,Rubis Energy,LPG,2025-02-22,34407
INV-78781,DISP-09967,OMC-013,Lake Oil,PMS,2025-06-15,32153
INV-55664,DISP-08017,OMC-012,Galana Energies,JETA1,2026-04-26,50539
INV-66899,DISP-02132,OMC-018,Uganda National Oil,AGO,2026-04-20,284020
INV-24016,DISP-07883,OMC-017,KAA Aviation,LUB,2025-10-23,146890
INV-54975,DISP-07999,OMC-018,Uganda National Oil,LUB,2025-12-02," KES 58,892 "
INV-90593,DISP-09152,OMC-016,KPA Marine,AGO,2025-10-08,25914
INV-91444,DISP-08872,OMC-007,Kobil,HFO,2025-10-28,20760
INV-19774,DISP-00412,OMC-015,Mombasa Petroleum,HFO,,231655
INV-96449,DISP-02809,OMC-007,Kobil,LUB,2025-12-05,102862
INV-53875,DISP-03851,OMC-013,Lake Oil,PMS,2026-05-03,51429
INV-69537,DISP-06160,OMC-018,Uganda National Oil,LUB,2026-02-20,59235
INV-39725,DISP-00962,OMC-015,Mombasa Petroleum,PMS,2026-01-29,138817
INV-68642,DISP-07735,OMC-010,Tamoil,LUB,2026-01-29,34699
INV-21337,DISP-02250,OMC-015,Mombasa Petroleum,HFO,2025-10-23,279027
INV-92226,DISP-08397,OMC-018,Uganda National Oil,PMS,2025-03-30,114039
INV-28384,DISP-05314,OMC-018,Uganda National Oil,AGO,2026-05-13,27809
INV-65439,DISP-00663,OMC-016,KPA Marine,LUB,2025-11-21," KES 161,114 "
INV-60746,DISP-05150,OMC-014,Texol Energies,LPG,2026-06-19,34806
INV-52339,DISP-01059,OMC-010,Tamoil,JETA1,2025-03-26,34040
INV-95755,DISP-06568,OMC-020,Ethiopian Oil,JETA1,08/04/2025,171636
INV-32194,DISP-06573,OMC-010,Tamoil,AGO,2025-06-16,119376
INV-15436,DISP-07695,OMC-013,Lake Oil,DPK,2025-07-22,121761
INV-37579,DISP-07536,OMC-012,Galana Energies,PMS,2026-04-09,125883
INV-67663,DISP-07655,OMC-013,Lake Oil,JETA1,2025-05-26,172357
INV-65472,DISP-03154,OMC-009,Dalbit Petroleum,JETA1,2025-07-30,108434
INV-46945,DISP-05632,OMC-002,Vivo Energy,DPK,2025-04-17,80503
INV-93278,DISP-01638,OMC-002,Vivo Energy,HFO,2026-04-16,130614
INV-32883,DISP-07584,OMC-017,KAA Aviation,LPG,2025-10-29,237100
INV-28374,DISP-09001,OMC-019,Tanzania Petroleum,DPK,2025-11-30,32707
INV-89481,DISP-08478,OMC-003,Rubis Energy,LUB,2025-07-28,30915
INV-98016,DISP-09697,OMC-019,Tanzania Petroleum,PMS,,124783
INV-73807,DISP-03865,OMC-014,Texol Energies,LUB,2025-04-15,265033
INV-29207,DISP-06275,OMC-003,Rubis Energy,JETA1,2025-10-29,258601
INV-40992,DISP-08897,OMC-006,Hashi Energy,AGO,2025-10-03,226100
INV-80435,DISP-03804,OMC-007,Kobil,HFO,28/02/2025,239941
INV-64432,DISP-05685,OMC-014,Texol Energies,AGO,2025-12-04," KES 125,673 "
INV-92074,DISP-01119,OMC-004,Gulf Energy,PMS,2026-02-23,267835
INV-63977,DISP-09962,OMC-017,KAA Aviation,JETA1,2026-01-24,35011
INV-96634,DISP-00051,OMC-015,Mombasa Petroleum,LUB,05/04/2025,253156
INV-77506,DISP-07274,OMC-018,Uganda National Oil,LPG,2026-05-14,236880
INV-84829,DISP-09364,OMC-017,KAA Aviation,LUB,2026-03-01,54103
INV-27536,DISP-00518,OMC-012,Galana Energies,LUB,2026-04-07,107867
INV-43141,DISP-07375,OMC-011,Hass Petroleum,AGO,2025-12-20,138659
INV-23801,DISP-05091,OMC-018,Uganda National Oil,HFO,2025-09-16,26167
INV-80209,DISP-01655,OMC-014,Texol Energies,HFO,2026-05-16,35999
INV-18003,DISP-09439,OMC-020,Ethiopian Oil,AGO,2025-04-11,234980
INV-30406,DISP-07413,OMC-016,KPA Marine,AGO,2025-11-17,136794
INV-17159,DISP-00204,OMC-011,Hass Petroleum,PMS,2025-06-04,106028
INV-58799,DISP-08127,OMC-002,Vivo Energy,JETA1,2025-12-28,142289
INV-17248,DISP-02241,OMC-020,Ethiopian Oil,AGO,2026-04-04,173689
INV-15231,DISP-08086,OMC-020,Ethiopian Oil,LUB,2026-06-24,133960
INV-88226,DISP-01590,OMC-004,Gulf Energy,DPK,2026-04-17,153121
INV-25675,DISP-06133,OMC-004,Gulf Energy,HFO,2026-03-06,132805
INV-41190,DISP-05126,OMC-016,KPA Marine,AGO,2026-04-27,53337
INV-13923,DISP-02946,OMC-017,KAA Aviation,JETA1,2025-10-10,146886
INV-81094,DISP-05768,OMC-016,KPA Marine,AGO,2026-04-16,168063
INV-89434,DISP-04598,OMC-020,Ethiopian Oil,LPG,2025-03-04,41683
INV-83653,DISP-06112,OMC-016,KPA Marine,AGO,2026-07-06,161891
INV-97321,DISP-07070,OMC-002,Vivo Energy,AGO,2026-05-02,37288
INV-54424,DISP-00636,OMC-002,Vivo Energy,DPK,2026-06-13,212897
INV-91996,DISP-00509,OMC-018,Uganda National Oil,DPK,2025-02-19,49927
INV-23870,DISP-01469,OMC-017,KAA Aviation,LPG,2026-02-02,26620
INV-67710,DISP-01064,OMC-009,Dalbit Petroleum,AGO,2025-05-14,50215
INV-31982,DISP-05485,OMC-016,KPA Marine,JETA1,2025-11-12,253672
INV-14280,DISP-05090,OMC-001,TotalEnergies Kenya,LPG,2025-11-18,36243
INV-53817,DISP-04658,OMC-019,Tanzania Petroleum,AGO,2026-04-18,167181
INV-78965,DISP-01295,OMC-012,Galana Energies,PMS,2026-04-30,216325
INV-60082,DISP-06868,OMC-004,Gulf Energy,AGO,2026-04-14,61165
INV-26406,DISP-06244,OMC-005,PetroOil Kenya,LUB,2026-04-24,143040
INV-16889,DISP-01114,OMC-019,Tanzania Petroleum,LPG,2026-03-13,259370
INV-93785,DISP-05404,OMC-003,Rubis Energy,DPK,2025-07-13,146154
INV-94956,DISP-04593,OMC-016,KPA Marine,LUB,2025-05-06,111513
INV-32888,DISP-08440,OMC-015,Mombasa Petroleum,HFO,2025-08-01,27756
INV-61778,DISP-00539,OMC-018,Uganda National Oil,LPG,2025-09-19,56853
INV-89935,DISP-03198,OMC-016,KPA Marine,LPG,2026-06-17,37346
INV-16020,DISP-07444,OMC-007,Kobil,JETA1,2026-05-29,29935
INV-44814,DISP-05273,OMC-005,PetroOil Kenya,PMS,2026-02-14,181253
INV-98236,DISP-07980,OMC-017,KAA Aviation,HFO,07/05/2025,40351
INV-60169,DISP-09606,OMC-018,Uganda National Oil,LUB,2025-12-14,245803
INV-29457,DISP-07869,OMC-009,Dalbit Petroleum,LPG,2026-03-05,109983
INV-21809,DISP-08245,OMC-014,Texol Energies,LPG,2026-04-06,89391
INV-99391,DISP-02983,OMC-002,Vivo Energy,PMS,2025-12-02,59526
INV-23968,DISP-07037,OMC-012,Galana Energies,PMS,2026-04-23,111537
INV-47746,DISP-07907,OMC-013,Lake Oil,JETA1,2025-02-03,29904
INV-63163,DISP-01938,OMC-020,Ethiopian Oil,LPG,2026-01-20,130418
INV-50409,DISP-07966,OMC-013,Lake Oil,JETA1,2026-06-01,50566
INV-45401,DISP-03203,OMC-005,PetroOil Kenya,LPG,2026-02-20,74415
INV-49977,DISP-00865,OMC-017,KAA Aviation,PMS,08/12/2025,44727
INV-12232,DISP-00648,OMC-003,Rubis Energy,LPG,2026-03-19,128869
INV-64093,DISP-00177,OMC-015,Mombasa Petroleum,LUB,2025-08-19,40281
INV-27229,DISP-03222,OMC-017,KAA Aviation,DPK,2025-08-21,257801
INV-66440,DISP-08597,OMC-019,Tanzania Petroleum,PMS,2026-02-21,207512
INV-61432,DISP-03055,OMC-003,Rubis Energy,HFO,2025-05-10,99740
INV-55464,DISP-05522,OMC-011,Hass Petroleum,LPG,2026-03-09,36048
INV-79320,DISP-01340,OMC-010,Tamoil,AGO,2025-03-09," KES 76,639 "
INV-65567,DISP-09753,OMC-014,Texol Energies,DPK,2025-06-09,157420
INV-55285,DISP-09259,OMC-014,Texol Energies,DPK,2025-07-04,249441
INV-52004,DISP-06424,OMC-009,Dalbit Petroleum,JETA1,2025-06-25,183453
INV-45193,DISP-00856,OMC-017,KAA Aviation,AGO,2025-11-16,230744
INV-89708,DISP-04446,OMC-007,Kobil,JETA1,07/02/2026,298882
INV-68896,DISP-00425,OMC-018,Uganda National Oil,PMS,2025-08-07,158869
INV-98439,DISP-09632,OMC-002,Vivo Energy,PMS,2025-08-13,259532
INV-87149,DISP-02616,OMC-018,Uganda National Oil,PMS,2025-09-18,228991
INV-58094,DISP-01604,OMC-006,Hashi Energy,JETA1,2026-03-23,136881
INV-77988,DISP-01061,OMC-008,National Oil,LUB,2025-04-01,41052
INV-79304,DISP-06734,OMC-004,Gulf Energy,HFO,10/02/2026,126366
INV-12049,DISP-01875,OMC-008,National Oil,DPK,2025-08-13,30858
INV-22253,DISP-02532,OMC-003,Rubis Energy,LPG,2025-06-23,142642
INV-95019,DISP-09128,OMC-004,Gulf Energy,AGO,2026-02-08,65675
INV-41045,DISP-09831,OMC-014,Texol Energies,HFO,2025-01-20,56767
INV-33737,DISP-00258,OMC-006,Hashi Energy,AGO,2026-05-23,26578
INV-93018,DISP-07101,OMC-010,Tamoil,HFO,2026-03-06,34087
INV-60492,DISP-08507,OMC-009,Dalbit Petroleum,PMS,2026-04-08,141378
INV-96641,DISP-00163,OMC-011,Hass Petroleum,DPK,2026-04-02,290974
INV-58523,DISP-06792,OMC-009,Dalbit Petroleum,PMS,2025-02-25,81286
INV-75248,DISP-05006,OMC-014,Texol Energies,JETA1,2025-09-14,229892
INV-52169,DISP-03589,OMC-014,Texol Energies,LPG,2025-06-15,30470
INV-46545,DISP-08124,OMC-016,KPA Marine,JETA1,2025-04-13,54593
INV-26264,DISP-02828,OMC-009,Dalbit Petroleum,DPK,2025-10-23,36219
INV-14050,DISP-08991,OMC-020,Ethiopian Oil,LUB,2026-01-22,53752
INV-88297,DISP-04994,OMC-007,Kobil,LUB,2025-08-10,257929
INV-35512,DISP-08819,OMC-020,Ethiopian Oil,JETA1,2025-05-19,137095
INV-34196,DISP-06409,OMC-007,Kobil,LUB,2025-12-28,199381
INV-11234,DISP-03128,OMC-001,TotalEnergies Kenya,DPK,2026-04-13,203044
INV-42821,DISP-05963,OMC-009,Dalbit Petroleum,LPG,2025-06-08,213755
INV-14224,DISP-06123,OMC-006,Hashi Energy,HFO,2026-03-18,44074
INV-64607,DISP-01937,OMC-016,KPA Marine,PMS,2026-02-12,222126
INV-11331,DISP-09081,OMC-016,KPA Marine,PMS,2025-09-12,196360
INV-90594,DISP-04025,OMC-011,Hass Petroleum,JETA1,2025-08-21,157897
INV-49863,DISP-03254,OMC-002,Vivo Energy,HFO,,246565
INV-11993,DISP-00130,OMC-016,KPA Marine,LPG,2026-05-08,63080
INV-24768,DISP-04367,OMC-016,KPA Marine,AGO,2025-02-25,178049
INV-50209,DISP-02680,OMC-015,Mombasa Petroleum,JETA1,2025-02-11,43809
INV-56721,DISP-01709,OMC-011,Hass Petroleum,HFO,08/12/2025,157305
INV-13943,DISP-02311,OMC-004,Gulf Energy,LPG,2026-04-03,141890
INV-85737,DISP-06613,OMC-011,Hass Petroleum,DPK,2025-06-20,107743
INV-11950,DISP-06651,OMC-014,Texol Energies,DPK,2025-09-21,25396
INV-64081,DISP-00300,OMC-003,Rubis Energy,LUB,2025-04-08,101601
INV-91058,DISP-06549,OMC-008,National Oil,LUB,16/04/2025,229622
INV-49449,DISP-04662,OMC-011,Hass Petroleum,HFO,2026-05-07,59064
INV-63220,DISP-00729,OMC-013,Lake Oil,LUB,2025-03-03," KES 56,183 "
INV-63533,DISP-00840,OMC-008,National Oil,AGO,2025-07-07,220757
INV-60951,DISP-09023,OMC-020,Ethiopian Oil,HFO,2025-12-17,141208
INV-90940,DISP-06531,OMC-012,Galana Energies,DPK,2026-04-23,243319
INV-79032,DISP-07575,OMC-010,Tamoil,LPG,2025-02-02,35284
INV-10212,DISP-08576,OMC-013,Lake Oil,AGO,2025-08-28,170706
INV-12151,DISP-03788,OMC-019,Tanzania Petroleum,PMS,2025-06-13,54118
INV-10506,DISP-07543,OMC-011,Hass Petroleum,LUB,2026-03-19,194969
INV-33682,DISP-06204,OMC-016,KPA Marine,PMS,2026-03-06,41805
INV-60863,DISP-02081,OMC-017,KAA Aviation,LUB,2025-11-14,22597
INV-41820,DISP-01878,OMC-014,Texol Energies,HFO,2025-11-28,169358
INV-55032,DISP-07018,OMC-018,Uganda National Oil,LUB,2025-12-02,21843
INV-24607,DISP-09418,OMC-008,National Oil,JETA1,2025-06-03,31963
INV-19226,DISP-00607,OMC-013,Lake Oil,JETA1,2025-03-22,26173
INV-49726,DISP-07438,OMC-014,Texol Energies,AGO,2025-11-01,44254
INV-16053,DISP-04102,OMC-003,Rubis Energy,PMS,2025-07-28,201761
INV-20424,DISP-01662,OMC-007,Kobil,DPK,2025-03-10,101987
INV-86739,DISP-09925,OMC-002,Vivo Energy,DPK,2025-09-24,181205
INV-53073,DISP-06257,OMC-015,Mombasa Petroleum,DPK,2026-06-19,41848
INV-32619,DISP-07032,OMC-018,Uganda National Oil,JETA1,2025-09-24,35429
INV-72632,DISP-02876,OMC-013,Lake Oil,PMS,2026-02-27,76742
INV-26516,DISP-08257,OMC-010,Tamoil,AGO,2025-06-21,30214
INV-83146,DISP-02314,OMC-011,Hass Petroleum,JETA1,2025-09-10,60683
INV-91777,DISP-06386,OMC-017,KAA Aviation,HFO,2025-08-15,114663
INV-82044,DISP-05896,OMC-014,Texol Energies,JETA1,2025-12-20,222729
INV-51663,DISP-06586,OMC-007,Kobil,LPG,2025-03-16," KES 57,546 "
INV-27189,DISP-05075,OMC-003,Rubis Energy,LUB,2026-06-11,146528
INV-86480,DISP-02949,OMC-008,National Oil,LUB,2026-02-26,242746
INV-65895,DISP-05941,OMC-018,Uganda National Oil,JETA1,11/02/2025,156749
INV-70307,DISP-08828,OMC-020,Ethiopian Oil,AGO,2025-03-26,92221
INV-63702,DISP-09862,OMC-009,Dalbit Petroleum,AGO,,57526
INV-48249,DISP-00174,OMC-016,KPA Marine,AGO,2025-06-29,186195
INV-71933,DISP-06527,OMC-010,Tamoil,JETA1,2025-11-13,217795
INV-74641,DISP-02103,OMC-017,KAA Aviation,DPK,2025-01-16,270691
INV-57751,DISP-07802,OMC-019,Tanzania Petroleum,HFO,2025-06-09,136541
INV-29256,DISP-00555,OMC-020,Ethiopian Oil,HFO,2025-03-14,126266
INV-47527,DISP-06249,OMC-010,Tamoil,LPG,2025-09-05,60594
INV-66108,DISP-04971,OMC-019,Tanzania Petroleum,HFO,2026-05-06,215606
INV-61974,DISP-03940,OMC-002,Vivo Energy,HFO,2026-03-07,274197
INV-28115,DISP-09091,OMC-012,Galana Energies,AGO,2026-03-25,43991
INV-49063,DISP-07990,OMC-008,National Oil,DPK,2025-06-22,129906
INV-35635,DISP-03162,OMC-006,Hashi Energy,DPK,2026-04-20,157918
INV-50819,DISP-05468,OMC-018,Uganda National Oil,JETA1,2025-03-26,109675
INV-77204,DISP-08320,OMC-017,KAA Aviation,JETA1,2025-08-02,136504
INV-71649,DISP-05791,OMC-019,Tanzania Petroleum,LUB,2026-03-18,79279
INV-98458,DISP-01961,OMC-017,KAA Aviation,LUB,2025-12-20,104307
INV-28072,DISP-06186,OMC-007,Kobil,HFO,2025-09-28,33054
INV-33626,DISP-07053,OMC-008,National Oil,PMS,2025-08-01,121861
INV-59275,DISP-08115,OMC-015,Mombasa Petroleum,DPK,2026-06-23,199286
INV-33153,DISP-02900,OMC-020,Ethiopian Oil,PMS,2025-07-17,104839
INV-40717,DISP-05057,OMC-003,Rubis Energy,JETA1,2026-06-15,57779
INV-12013,DISP-06115,OMC-019,Tanzania Petroleum,AGO,2025-09-17,36112
INV-36820,DISP-07682,OMC-003,Rubis Energy,HFO,2025-10-19,46030
INV-82909,DISP-09189,OMC-002,Vivo Energy,DPK,2025-11-10,253427
INV-69149,DISP-08776,OMC-019,Tanzania Petroleum,JETA1,2025-02-22,91431
INV-94914,DISP-05760,OMC-018,Uganda National Oil,HFO,2025-05-28,130263
INV-74427,DISP-04405,OMC-016,KPA Marine,LPG,2025-05-31,200410
INV-91850,DISP-00441,OMC-010,Tamoil,PMS,2026-03-08,143755
INV-37740,DISP-08184,OMC-020,Ethiopian Oil,LPG,2025-11-23,110066
INV-34747,DISP-02730,OMC-003,Rubis Energy,JETA1,2025-07-14,24869
INV-93521,DISP-05496,OMC-013,Lake Oil,DPK,2025-10-22,272904
INV-63551,DISP-01450,OMC-001,TotalEnergies Kenya,JETA1,2025-03-18,97307
INV-74031,DISP-01952,OMC-004,Gulf Energy,PMS,2026-04-14,185146
INV-69541,DISP-02732,OMC-013,Lake Oil,DPK,2025-06-04,39845
INV-62291,DISP-08387,OMC-006,Hashi Energy,LPG,2026-04-27,254830
INV-50768,DISP-05951,OMC-016,KPA Marine,HFO,2025-09-11,204875
INV-23564,DISP-09798,OMC-005,PetroOil Kenya,LPG,2026-03-01,248142
INV-27206,DISP-05601,OMC-006,Hashi Energy,LPG,2025-08-05,122711
INV-47643,DISP-01781,OMC-006,Hashi Energy,LPG,2025-08-25,101244
INV-70327,DISP-09548,OMC-004,Gulf Energy,LPG,2026-02-24,36838
INV-97355,DISP-01518,OMC-011,Hass Petroleum,AGO,2026-01-23,73778
INV-93068,DISP-09518,OMC-007,Kobil,DPK,2025-08-18,21425
INV-88951,DISP-07043,OMC-008,National Oil,HFO,2025-11-09,188953
INV-88513,DISP-06813,OMC-006,Hashi Energy,LPG,2026-04-10,195632
INV-84866,DISP-07794,OMC-007,Kobil,LUB,2026-01-05,50522
INV-20533,DISP-03145,OMC-015,Mombasa Petroleum,PMS,2026-05-15,197613
INV-92580,DISP-07289,OMC-001,TotalEnergies Kenya,HFO,2026-05-29,52350
INV-13186,DISP-02531,OMC-016,KPA Marine,HFO,2025-03-23,198892
INV-18423,DISP-09384,OMC-005,PetroOil Kenya,AGO,2026-03-11,44142
INV-98628,DISP-05989,OMC-010,Tamoil,HFO,2026-01-10,191007
INV-99983,DISP-01683,OMC-007,Kobil,AGO,2025-04-24,241671
INV-98294,DISP-05326,OMC-020,Ethiopian Oil,HFO,2026-03-07,220235
INV-98316,DISP-07769,OMC-002,Vivo Energy,JETA1,2025-05-15,39886
INV-66360,DISP-08339,OMC-018,Uganda National Oil,JETA1,2026-02-18,156857
INV-70319,DISP-03860,OMC-019,Tanzania Petroleum,LUB,2025-01-26,183022
INV-22014,DISP-01144,OMC-020,Ethiopian Oil,HFO,2025-10-31,258799
INV-24656,DISP-01211,OMC-001,TotalEnergies Kenya,JETA1,2026-02-19,135024
INV-54840,DISP-01187,OMC-002,Vivo Energy,LUB,2025-10-27,124612
INV-88817,DISP-07759,OMC-016,KPA Marine,LUB,2026-07-05,211660
INV-16331,DISP-08374,OMC-007,Kobil,LPG,,32844
INV-86588,DISP-07445,OMC-020,Ethiopian Oil,JETA1,2025-08-06,73963
INV-68432,DISP-07586,OMC-010,Tamoil,JETA1,2026-06-26,144557
INV-84938,DISP-08949,OMC-001,TotalEnergies Kenya,DPK,2025-06-11,98331
INV-52086,DISP-00228,OMC-013,Lake Oil,LPG,2025-02-14,257710
INV-73867,DISP-09583,OMC-003,Rubis Energy,DPK,2025-01-07,253447
INV-39759,DISP-04499,OMC-010,Tamoil,LUB,2026-06-18,206394
INV-48018,DISP-06665,OMC-008,National Oil,HFO,2026-03-04,127866
INV-97560,DISP-08595,OMC-003,Rubis Energy,DPK,2025-01-28,106244
INV-58469,DISP-00610,OMC-013,Lake Oil,DPK,2025-09-09," KES 280,163 "
INV-50223,DISP-03738,OMC-005,PetroOil Kenya,DPK,2026-03-01,25919
INV-16781,DISP-02179,OMC-016,KPA Marine,HFO,2026-01-02," KES 60,929 "
INV-39182,DISP-02490,OMC-009,Dalbit Petroleum,AGO,2025-08-20,205598
INV-79127,DISP-00549,OMC-019,Tanzania Petroleum,PMS,2025-12-13,255761
INV-45571,DISP-09618,OMC-001,TotalEnergies Kenya,LUB,2025-07-22,103392
INV-45418,DISP-07401,OMC-003,Rubis Energy,HFO,2026-02-25,146114
INV-15956,DISP-03690,OMC-002,Vivo Energy,LUB,2025-06-29,43075
INV-99204,DISP-09489,OMC-006,Hashi Energy,HFO,2025-01-25,60976
INV-50358,DISP-00933,OMC-014,Texol Energies,JETA1,2026-01-22,47128
INV-79074,DISP-01268,OMC-018,Uganda National Oil,HFO,2025-11-05,61127
INV-81304,DISP-02365,OMC-015,Mombasa Petroleum,LPG,2026-01-25,234404
INV-40434,DISP-03527,OMC-007,Kobil,HFO,2025-04-26,244448
INV-94152,DISP-03874,OMC-011,Hass Petroleum,AGO,2026-01-31,33992
INV-79929,DISP-06255,OMC-019,Tanzania Petroleum,HFO,2025-07-14,33901
INV-59609,DISP-02646,OMC-003,Rubis Energy,AGO,2026-03-22,221793
INV-25924,DISP-02891,OMC-006,Hashi Energy,PMS,2026-01-23,142667
INV-64631,DISP-01300,OMC-009,Dalbit Petroleum,LUB,2025-07-26," KES 195,121 "
INV-70940,DISP-04428,OMC-010,Tamoil,PMS,2026-03-14,247025
INV-40592,DISP-07925,OMC-003,Rubis Energy,JETA1,2025-06-22,180534
INV-66888,DISP-02310,OMC-016,KPA Marine,DPK,2025-02-11,294236
INV-77813,DISP-01966,OMC-014,Texol Energies,DPK,2025-07-02,44244
INV-70237,DISP-03244,OMC-020,Ethiopian Oil,LUB,2026-06-06,131157
INV-22656,DISP-08425,OMC-008,National Oil,LPG,15/02/2026,36667
INV-31480,DISP-04311,OMC-002,Vivo Energy,HFO,2025-10-05,239873
INV-22144,DISP-08352,OMC-017,KAA Aviation,AGO,2025-09-30," KES 122,408 "
INV-83907,DISP-03003,OMC-010,Tamoil,DPK,2025-01-13,53236
INV-51283,DISP-08059,OMC-011,Hass Petroleum,LPG,2025-11-20,52909
INV-56912,DISP-02275,OMC-002,Vivo Energy,AGO,2025-07-07,22487
INV-37087,DISP-02930,OMC-007,Kobil,JETA1,2025-03-31,246400
INV-27515,DISP-06769,OMC-003,Rubis Energy,DPK,2025-11-03,125064
INV-49993,DISP-08089,OMC-016,KPA Marine,LPG,2025-12-29,232448
INV-85080,DISP-02776,OMC-002,Vivo Energy,LPG,2025-09-27,265254
INV-19461,DISP-00369,OMC-007,Kobil,LUB,2025-01-18,33489
INV-96982,DISP-09900,OMC-002,Vivo Energy,LUB,2025-01-31,264913
INV-28713,DISP-04532,OMC-009,Dalbit Petroleum,HFO,05/10/2025,33927
INV-14835,DISP-02307,OMC-014,Texol Energies,LUB,2025-10-29,198460
INV-74452,DISP-02345,OMC-012,Galana Energies,PMS,2026-03-16," KES 274,134 "
INV-72882,DISP-01890,OMC-016,KPA Marine,AGO,2025-05-14,163583
INV-41182,DISP-02458,OMC-019,Tanzania Petroleum,AGO,2025-05-30,181167
INV-82408,DISP-06932,OMC-018,Uganda National Oil,PMS,2026-03-11,56395
INV-65636,DISP-06752,OMC-019,Tanzania Petroleum,AGO,2026-05-06,28588
INV-65705,DISP-03955,OMC-004,Gulf Energy,JETA1,2026-04-24,55110
INV-31408,DISP-00637,OMC-011,Hass Petroleum,AGO,2025-08-13,198743
INV-37711,DISP-06360,OMC-014,Texol Energies,AGO,2026-06-14,217112
INV-25896,DISP-01497,OMC-015,Mombasa Petroleum,LUB,2025-01-23,57712
INV-11437,DISP-08083,OMC-010,Tamoil,JETA1,2026-04-06,264549
INV-85679,DISP-02107,OMC-015,Mombasa Petroleum,PMS,2025-06-11,209538
INV-52693,DISP-05721,OMC-005,PetroOil Kenya,LUB,2026-02-10,129033
INV-64553,DISP-04058,OMC-019,Tanzania Petroleum,AGO,17/08/2025,121324
INV-50235,DISP-08522,OMC-004,Gulf Energy,PMS,2026-05-02,30502
INV-84075,DISP-03211,OMC-006,Hashi Energy,AGO,2025-02-17,45835
INV-24648,DISP-00818,OMC-014,Texol Energies,LPG,2026-02-15,100451
INV-22084,DISP-09721,OMC-003,Rubis Energy,DPK,2025-10-28,104882
INV-81722,DISP-06187,OMC-011,Hass Petroleum,AGO,2025-06-04,181071
INV-58041,DISP-03158,OMC-006,Hashi Energy,JETA1,2025-12-16,32055
INV-95933,DISP-04008,OMC-010,Tamoil,PMS,2025-05-13,101221
INV-66015,DISP-00984,OMC-010,Tamoil,PMS,2025-09-07,22509
INV-75176,DISP-08856,OMC-006,Hashi Energy,DPK,2025-03-24,130717
INV-89511,DISP-06373,OMC-012,Galana Energies,AGO,2026-04-01,281632
INV-54364,DISP-05930,OMC-003,Rubis Energy,JETA1,2026-02-22,160454
INV-93384,DISP-02296,OMC-009,Dalbit Petroleum,HFO,2025-09-12," KES 201,826 "
INV-69301,DISP-00304,OMC-007,Kobil,LPG,2025-10-07,56020
INV-19879,DISP-02054,OMC-012,Galana Energies,PMS,2026-03-28,29838
INV-21720,DISP-01509,OMC-006,Hashi Energy,DPK,2025-10-07,293764
INV-18053,DISP-01449,OMC-011,Hass Petroleum,HFO,2025-04-07,51858
INV-90843,DISP-03320,OMC-009,Dalbit Petroleum,LPG,2026-06-19,51268
INV-75156,DISP-08147,OMC-020,Ethiopian Oil,HFO,2026-02-26,263887
INV-65955,DISP-06029,OMC-003,Rubis Energy,AGO,2026-02-22,80374
INV-96285,DISP-07006,OMC-020,Ethiopian Oil,DPK,2025-01-29,251479
INV-29062,DISP-00768,OMC-005,PetroOil Kenya,JETA1,05/02/2026,139859
INV-18289,DISP-04077,OMC-001,TotalEnergies Kenya,JETA1,2026-03-31,61902
INV-20516,DISP-00439,OMC-019,Tanzania Petroleum,AGO,2026-01-25,193181
INV-18028,DISP-05197,OMC-010,Tamoil,DPK,15/01/2025,35349
INV-93833,DISP-05518,OMC-003,Rubis Energy,PMS,2025-08-04,112064
INV-16116,DISP-07392,OMC-005,PetroOil Kenya,PMS,2026-03-24,287255
INV-55688,DISP-04252,OMC-018,Uganda National Oil,DPK,2026-05-29," KES 260,295 "
INV-31966,DISP-09564,OMC-003,Rubis Energy,JETA1,2025-01-20,57728
INV-26543,DISP-09620,OMC-019,Tanzania Petroleum,DPK,2025-07-15,27736
INV-15502,DISP-02018,OMC-019,Tanzania Petroleum,HFO,2025-05-07,92610
INV-60739,DISP-09914,OMC-002,Vivo Energy,HFO,2026-04-08,96384
INV-54537,DISP-00156,OMC-011,Hass Petroleum,AGO,2025-01-24,143986
INV-79916,DISP-00552,OMC-001,TotalEnergies Kenya,LPG,2025-07-07,34893
INV-10743,DISP-05389,OMC-007,Kobil,LUB,2025-09-06," KES 49,776 "
INV-28662,DISP-04531,OMC-017,KAA Aviation,LUB,2025-02-22,254554
INV-68941,DISP-04130,OMC-008,National Oil,AGO,2026-03-23,120906
INV-14376,DISP-05279,OMC-018,Uganda National Oil,JETA1,2025-04-01,146695
INV-28064,DISP-07087,OMC-011,Hass Petroleum,DPK,2025-08-11,147936
INV-37817,DISP-01228,OMC-006,Hashi Energy,AGO,18/05/2026,60841
INV-68060,DISP-06740,OMC-011,Hass Petroleum,LUB,2025-11-03,97338
INV-73120,DISP-04730,OMC-009,Dalbit Petroleum,LPG,,101135
INV-84377,DISP-06708,OMC-002,Vivo Energy,DPK,2025-02-06,203512
INV-81538,DISP-00684,OMC-010,Tamoil,AGO,2026-03-12,274500
INV-76154,DISP-04360,OMC-017,KAA Aviation,HFO,2025-07-12,54072
INV-54304,DISP-07642,OMC-001,TotalEnergies Kenya,DPK,2025-01-15,116657
INV-16366,DISP-01152,OMC-020,Ethiopian Oil,AGO,2025-05-22,200489
INV-42416,DISP-02315,OMC-016,KPA Marine,DPK,2026-03-03,119049
INV-97622,DISP-03752,OMC-017,KAA Aviation,LUB,2026-07-05,132719
INV-66765,DISP-04316,OMC-020,Ethiopian Oil,JETA1,2026-02-15,146969
INV-14994,DISP-06454,OMC-011,Hass Petroleum,LPG,2026-01-14,56136
INV-59412,DISP-00557,OMC-003,Rubis Energy,HFO,2025-05-25,40665
INV-59885,DISP-02123,OMC-019,Tanzania Petroleum,JETA1,2025-08-11,48573
INV-21156,DISP-03126,OMC-018,Uganda National Oil,AGO,2026-06-04," KES 291,328 "
INV-55123,DISP-09982,OMC-019,Tanzania Petroleum,LUB,2025-01-06,244634
INV-65054,DISP-01656,OMC-006,Hashi Energy,LUB,2025-08-12,254342
INV-94472,DISP-08170,OMC-014,Texol Energies,HFO,2025-12-05,53921
INV-31344,DISP-09490,OMC-010,Tamoil,AGO,2025-02-05,97865
INV-28591,DISP-04447,OMC-008,National Oil,JETA1,2025-09-13,32665
INV-76693,DISP-07123,OMC-003,Rubis Energy,AGO,2025-07-09,90920
INV-57749,DISP-01164,OMC-014,Texol Energies,HFO,2025-12-04,125727
INV-18606,DISP-07009,OMC-006,Hashi Energy,LUB,2025-12-21,248776
INV-85515,DISP-05430,OMC-018,Uganda National Oil,PMS,,24107
INV-74215,DISP-06210,OMC-017,KAA Aviation,HFO,2026-01-12,203483
INV-88507,DISP-02548,OMC-010,Tamoil,LPG,2025-09-04,63684
INV-66961,DISP-01496,OMC-006,Hashi Energy,DPK,2025-07-17,47536
INV-49002,DISP-03051,OMC-010,Tamoil,HFO,2025-09-18,272893
INV-44717,DISP-07631,OMC-007,Kobil,LUB,2026-04-23,147180
INV-54223,DISP-08805,OMC-007,Kobil,LUB,03/04/2026,58234
INV-27339,DISP-06826,OMC-005,PetroOil Kenya,JETA1,2026-03-14,261582
INV-87951,DISP-02344,OMC-011,Hass Petroleum,LUB,2025-04-15," KES 169,597 "
INV-11082,DISP-08252,OMC-011,Hass Petroleum,HFO,2025-07-02,293014
INV-29993,DISP-05827,OMC-007,Kobil,LUB,2026-03-19,227308
INV-31395,DISP-07012,OMC-007,Kobil,JETA1,2026-04-02,52226
INV-46531,DISP-09464,OMC-014,Texol Energies,LUB,2025-02-22,27136
INV-23966,DISP-04969,OMC-018,Uganda National Oil,LPG,2026-03-03,59416
INV-78451,DISP-07265,OMC-006,Hashi Energy,DPK,2026-01-28,256700
INV-32052,DISP-09567,OMC-002,Vivo Energy,JETA1,2025-08-05,161106
INV-65896,DISP-05597,OMC-011,Hass Petroleum,DPK,2025-08-13,41728
INV-14721,DISP-01453,OMC-012,Galana Energies,JETA1,2026-04-08,351235
INV-33184,DISP-07844,OMC-009,Dalbit Petroleum,AGO,2026-04-11,208886
INV-98934,DISP-08574,OMC-003,Rubis Energy,JETA1,2025-05-22,203401
INV-67985,DISP-02774,OMC-008,National Oil,AGO,2026-02-13,35174
INV-76397,DISP-00026,OMC-015,Mombasa Petroleum,JETA1,2026-03-06,27850
INV-33820,DISP-03168,OMC-020,Ethiopian Oil,AGO,2026-02-04,179648
INV-65447,DISP-02703,OMC-019,Tanzania Petroleum,DPK,2025-09-14,190611
INV-77163,DISP-02621,OMC-008,National Oil,DPK,2025-04-21,247096
INV-95812,DISP-06087,OMC-017,KAA Aviation,PMS,2025-07-08,170807
INV-38868,DISP-05119,OMC-008,National Oil,DPK,2025-07-21,23616
INV-40204,DISP-07640,OMC-011,Hass Petroleum,PMS,2025-02-14,162777
INV-84920,DISP-04898,OMC-003,Rubis Energy,JETA1,2025-07-01,136714
INV-30599,DISP-08028,OMC-009,Dalbit Petroleum,PMS,2025-03-01,119809
INV-27146,DISP-01204,OMC-008,National Oil,HFO,2025-10-04,92149
INV-31556,DISP-00303,OMC-012,Galana Energies,AGO,2026-04-15,86235
INV-18934,DISP-04613,OMC-016,KPA Marine,LPG,,131749
INV-34943,DISP-00220,OMC-018,Uganda National Oil,JETA1,2025-10-04,201285
INV-18153,DISP-01019,OMC-013,Lake Oil,AGO,2025-05-24,258623
INV-87985,DISP-01764,OMC-013,Lake Oil,PMS,14/12/2025,55029
INV-17913,DISP-02165,OMC-016,KPA Marine,JETA1,2025-10-29,149261
INV-37670,DISP-09741,OMC-006,Hashi Energy,JETA1,2026-02-23,80424
INV-27045,DISP-07650,OMC-004,Gulf Energy,DPK,2026-04-22,270251
INV-26176,DISP-05475,OMC-005,PetroOil Kenya,PMS,09/02/2026,125642
INV-80228,DISP-08727,OMC-016,KPA Marine,DPK,2025-06-27,122520
INV-32872,DISP-07004,OMC-018,Uganda National Oil,AGO,2025-03-23,250434
INV-27109,DISP-08566,OMC-006,Hashi Energy,AGO,2025-06-13,32262
INV-58337,DISP-04343,OMC-020,Ethiopian Oil,HFO,2025-07-28,59008
INV-76134,DISP-06379,OMC-007,Kobil,LPG,2025-08-21,142124
INV-17026,DISP-05159,OMC-019,Tanzania Petroleum,PMS,2026-03-11,27230
INV-95286,DISP-02959,OMC-016,KPA Marine,DPK,2025-12-20," KES 49,630 "
INV-99356,DISP-00120,OMC-009,Dalbit Petroleum,HFO,2026-01-17,141365
INV-15052,DISP-03385,OMC-007,Kobil,AGO,2025-05-09," KES 26,407 "
INV-34817,DISP-06750,OMC-014,Texol Energies,HFO,2025-09-29,172436
INV-82081,DISP-07361,OMC-008,National Oil,HFO,2026-05-16,39437
INV-71812,DISP-03998,OMC-001,TotalEnergies Kenya,DPK,2025-03-17,30362
INV-19226,DISP-00607,OMC-013,Lake Oil,JETA1,2025-03-22,26173
INV-20988,DISP-03234,OMC-003,Rubis Energy,LUB,2025-02-13,37466
INV-62507,DISP-06450,OMC-019,Tanzania Petroleum,LUB,2025-05-23,217503
INV-70270,DISP-01653,OMC-004,Gulf Energy,JETA1,2026-04-22,22189
INV-52694,DISP-07198,OMC-013,Lake Oil,DPK,2026-02-02,42840
INV-41621,DISP-09375,OMC-001,TotalEnergies Kenya,AGO,21/01/2025,70484
INV-85312,DISP-05663,OMC-005,PetroOil Kenya,HFO,2026-04-16,215915
INV-17172,DISP-05756,OMC-007,Kobil,JETA1,2025-12-16,241372
INV-14501,DISP-02504,OMC-007,Kobil,LPG,2025-06-12,149346
INV-64980,DISP-09108,OMC-002,Vivo Energy,JETA1,2025-09-24,249246
INV-84197,DISP-09945,OMC-007,Kobil,HFO,2026-05-10," KES 50,435 "
INV-75737,DISP-01703,OMC-019,Tanzania Petroleum,LPG,2025-11-07,147667
INV-52873,DISP-02899,OMC-011,Hass Petroleum,HFO,2025-02-26,154196
INV-72647,DISP-06135,OMC-003,Rubis Energy,JETA1,2025-04-02,96057
INV-13617,DISP-04797,OMC-018,Uganda National Oil,HFO,2026-05-04,159161
INV-81888,DISP-00116,OMC-008,National Oil,JETA1,2026-02-23,191416
INV-94806,DISP-07183,OMC-019,Tanzania Petroleum,JETA1,2025-08-02,85650
INV-42992,DISP-06722,OMC-006,Hashi Energy,HFO,2026-06-30,101152
INV-37434,DISP-01600,OMC-015,Mombasa Petroleum,JETA1,,47480
INV-87248,DISP-04313,OMC-019,Tanzania Petroleum,JETA1,2025-08-13,186092
INV-38857,DISP-04484,OMC-015,Mombasa Petroleum,JETA1,2026-02-20,121553
INV-25491,DISP-09358,OMC-008,National Oil,LPG,2026-02-15,34701
INV-32139,DISP-04722,OMC-013,Lake Oil,HFO,2025-06-30,54033
INV-39992,DISP-02157,OMC-011,Hass Petroleum,AGO,2026-02-07,270169
INV-31885,DISP-01750,OMC-008,National Oil,JETA1,2025-09-16,24204
INV-54025,DISP-06425,OMC-004,Gulf Energy,LUB,2026-02-17,121134
INV-26267,DISP-05216,OMC-017,KAA Aviation,HFO,2025-11-03,42257
INV-52073,DISP-04915,OMC-012,Galana Energies,LPG,2026-02-04,136116
INV-82952,DISP-00895,OMC-002,Vivo Energy,LUB,2025-12-28,213974
INV-18966,DISP-02000,OMC-013,Lake Oil,HFO,2025-05-04,219033
INV-69853,DISP-02507,OMC-019,Tanzania Petroleum,LPG,2025-11-18,185613
INV-61135,DISP-08271,OMC-013,Lake Oil,HFO,2025-04-01,132145
INV-34933,DISP-07770,OMC-005,PetroOil Kenya,HFO,2026-03-24,106368
INV-10305,DISP-05005,OMC-016,KPA Marine,JETA1,2026-05-09,23941
INV-32335,DISP-01062,OMC-008,National Oil,HFO,2026-02-28,24056
INV-36936,DISP-00571,OMC-015,Mombasa Petroleum,LUB,2025-02-03,37377
INV-21704,DISP-05693,OMC-017,KAA Aviation,AGO,29/01/2025,143919
INV-40196,DISP-01978,OMC-015,Mombasa Petroleum,JETA1,2026-06-18,36627
INV-42682,DISP-07916,OMC-017,KAA Aviation,JETA1,2025-09-19,36266
INV-71453,DISP-04854,OMC-003,Rubis Energy,DPK,2025-02-22,58535
INV-96422,DISP-06170,OMC-016,KPA Marine,LPG,2025-05-01,24936
INV-73937,DISP-05294,OMC-019,Tanzania Petroleum,JETA1,2025-07-19,204249
INV-49700,DISP-00781,OMC-018,Uganda National Oil,HFO,2025-08-01,99874
INV-50748,DISP-04458,OMC-012,Galana Energies,AGO,2026-02-15,29649
INV-49067,DISP-06615,OMC-004,Gulf Energy,LUB,2026-02-03,27368
INV-63603,DISP-03239,OMC-005,PetroOil Kenya,PMS,2026-04-02,183857
INV-75969,DISP-02731,OMC-010,Tamoil,LPG,2025-09-26,255391
INV-65585,DISP-06019,OMC-014,Texol Energies,PMS,25/05/2026,206419
INV-31155,DISP-06311,OMC-019,Tanzania Petroleum,LPG,2026-03-29," KES 37,921 "
INV-12825,DISP-07190,OMC-001,TotalEnergies Kenya,LUB,2025-04-28,139056
INV-30949,DISP-00837,OMC-013,Lake Oil,AGO,2026-03-07,48310
INV-92883,DISP-05695,OMC-012,Galana Energies,HFO,2026-03-16,29558
INV-37008,DISP-03611,OMC-006,Hashi Energy,PMS,,108976
INV-60739,DISP-09914,OMC-002,Vivo Energy,HFO,08/04/2026,96384
INV-76569,DISP-06937,OMC-008,National Oil,JETA1,2026-01-07,192560
INV-16826,DISP-07780,OMC-007,Kobil,JETA1,2025-08-02,276760
INV-31860,DISP-01877,OMC-016,KPA Marine,DPK,2026-05-11,45163
INV-15687,DISP-03031,OMC-003,Rubis Energy,JETA1,2025-11-22,57452
INV-97671,DISP-08900,OMC-010,Tamoil,JETA1,2025-03-07,30481
INV-57529,DISP-06223,OMC-018,Uganda National Oil,LPG,2025-06-06,138956
INV-27319,DISP-00524,OMC-013,Lake Oil,LPG,2025-12-19,57038
INV-68075,DISP-07552,OMC-017,KAA Aviation,AGO,2025-06-03,199617
INV-96506,DISP-05602,OMC-018,Uganda National Oil,LUB,2026-03-19,61210
INV-94374,DISP-01087,OMC-002,Vivo Energy,AGO,2025-01-16," KES 112,251 "
INV-81191,DISP-05136,OMC-010,Tamoil,JETA1,2026-05-01,137933
INV-63970,DISP-04581,OMC-014,Texol Energies,PMS,2025-05-16,93843
INV-94999,DISP-07080,OMC-004,Gulf Energy,AGO,18/03/2026,92102
INV-18126,DISP-06481,OMC-018,Uganda National Oil,JETA1,07/04/2026,258502
INV-52674,DISP-02953,OMC-019,Tanzania Petroleum,PMS,2025-12-02,41418
INV-79057,DISP-06119,OMC-018,Uganda National Oil,AGO,2025-01-05,61560
INV-91470,DISP-00879,OMC-020,Ethiopian Oil,DPK,2025-04-20,167767
INV-54378,DISP-06938,OMC-016,KPA Marine,LUB,2025-07-15,187660
INV-50480,DISP-02197,OMC-005,PetroOil Kenya,LUB,2026-03-20,219802
INV-11877,DISP-02372,OMC-014,Texol Energies,DPK,2025-10-23,130281
INV-98279,DISP-09491,OMC-008,National Oil,LPG,2025-05-05," KES 266,959 "
INV-91896,DISP-08625,OMC-004,Gulf Energy,DPK,2026-03-23,25730
INV-19814,DISP-03194,OMC-009,Dalbit Petroleum,AGO,2025-08-22,177052
INV-22272,DISP-05065,OMC-020,Ethiopian Oil,HFO,2025-01-14,97456
INV-85436,DISP-04908,OMC-020,Ethiopian Oil,AGO,2025-02-06,52875
INV-63588,DISP-08610,OMC-007,Kobil,PMS,2025-10-24,131960
INV-32126,DISP-06846,OMC-014,Texol Energies,DPK,2026-04-09," KES 34,356 "
INV-49111,DISP-09882,OMC-001,TotalEnergies Kenya,DPK,2025-03-20," KES 30,516 "
INV-13468,DISP-09837,OMC-019,Tanzania Petroleum,LPG,2026-04-18,36726
INV-74067,DISP-09808,OMC-009,Dalbit Petroleum,LUB,2025-05-15,182000
INV-15770,DISP-08215,OMC-010,Tamoil,HFO,2025-05-30,249286
INV-57575,DISP-05878,OMC-008,National Oil,LPG,2025-08-11,182784
INV-86019,DISP-01415,OMC-013,Lake Oil,DPK,2025-09-06,24898
INV-44034,DISP-02881,OMC-001,TotalEnergies Kenya,PMS,2026-05-04,37074
INV-15664,DISP-03186,OMC-003,Rubis Energy,AGO,2026-06-05,30110
INV-36240,DISP-09861,OMC-009,Dalbit Petroleum,LPG,2026-07-02,257141
INV-15806,DISP-02975,OMC-016,KPA Marine,PMS,2025-04-15," KES 198,916 "
INV-22349,DISP-04803,OMC-002,Vivo Energy,LPG,2025-11-02,211649
INV-47681,DISP-07716,OMC-007,Kobil,HFO,2025-07-03,21745
INV-18492,DISP-02670,OMC-004,Gulf Energy,AGO,2026-03-20,230451
INV-21778,DISP-01112,OMC-011,Hass Petroleum,PMS,2025-11-06," KES 30,401 "
INV-87969,DISP-03534,OMC-003,Rubis Energy,PMS,2026-03-09,127574
INV-79403,DISP-05606,OMC-006,Hashi Energy,LPG,2025-06-10,60718
INV-41070,DISP-01740,OMC-002,Vivo Energy,LUB,2026-06-21,141701
INV-65139,DISP-04117,OMC-019,Tanzania Petroleum,PMS,2026-06-29,37859
INV-21560,DISP-05975,OMC-010,Tamoil,AGO,2026-02-25,62165
INV-37168,DISP-03539,OMC-008,National Oil,LPG,2025-09-09,133388
INV-21668,DISP-08109,OMC-009,Dalbit Petroleum,AGO,2025-10-26,260640
INV-74521,DISP-06692,OMC-018,Uganda National Oil,LPG,2025-08-13,263222
INV-66922,DISP-00075,OMC-020,Ethiopian Oil,LUB,2025-12-04,57780
INV-93725,DISP-00052,OMC-016,KPA Marine,JETA1,2026-04-05,121736
INV-34443,DISP-06978,OMC-016,KPA Marine,DPK,2026-03-15,63548
INV-93431,DISP-07321,OMC-010,Tamoil,PMS,2025-07-23,174996
INV-68827,DISP-04778,OMC-005,PetroOil Kenya,LPG,2026-02-16,330147
INV-54704,DISP-07950,OMC-017,KAA Aviation,JETA1,2025-12-01,172841
INV-51479,DISP-05367,OMC-007,Kobil,LUB,2025-05-12,41404
INV-51918,DISP-08428,OMC-002,Vivo Energy,DPK,2025-06-24,33711
INV-97482,DISP-04794,OMC-013,Lake Oil,LPG,2026-03-28,40849
INV-28159,DISP-02456,OMC-006,Hashi Energy,DPK,2025-10-20,200997
INV-27652,DISP-06860,OMC-006,Hashi Energy,DPK,2025-03-28,57489
INV-27528,DISP-00966,OMC-003,Rubis Energy,AGO,2025-08-04," KES 48,657 "
INV-15475,DISP-01047,OMC-017,KAA Aviation,PMS,2025-08-28,99096
INV-52547,DISP-07277,OMC-009,Dalbit Petroleum,HFO,17/03/2026,33333
INV-82564,DISP-01593,OMC-012,Galana Energies,LPG,2026-02-07,25380
INV-65578,DISP-04719,OMC-015,Mombasa Petroleum,LUB,2025-11-05,53392
INV-89379,DISP-08601,OMC-002,Vivo Energy,LUB,2025-08-09," KES 21,240 "
INV-27514,DISP-04149,OMC-012,Galana Energies,JETA1,2026-03-27,273977
INV-55730,DISP-01660,OMC-013,Lake Oil,PMS,2026-05-09,140870
INV-34941,DISP-05014,OMC-015,Mombasa Petroleum,LPG,16/06/2026,45491
INV-38550,DISP-01374,OMC-004,Gulf Energy,HFO,2026-04-28,41629
INV-47054,DISP-02517,OMC-020,Ethiopian Oil,LPG,2025-01-22,127913
INV-23782,DISP-03979,OMC-001,TotalEnergies Kenya,JETA1,2026-02-09,195369
INV-31934,DISP-07140,OMC-019,Tanzania Petroleum,LUB,2025-08-21,127950
INV-46335,DISP-05276,OMC-006,Hashi Energy,HFO,2025-04-08,45284
INV-81360,DISP-00021,OMC-018,Uganda National Oil,DPK,2025-12-07,25797
INV-11613,DISP-07405,OMC-018,Uganda National Oil,JETA1,2025-07-28,104717
INV-93381,DISP-04741,OMC-006,Hashi Energy,AGO,2025-04-11,169049
INV-33115,DISP-09059,OMC-015,Mombasa Petroleum,AGO,11/12/2025,184527
INV-24879,DISP-07062,OMC-006,Hashi Energy,PMS,2026-04-22,269044
INV-76835,DISP-06256,OMC-020,Ethiopian Oil,JETA1,2025-04-08,26526
INV-68884,DISP-09379,OMC-019,Tanzania Petroleum,AGO,2025-08-28,242213
INV-79942,DISP-01105,OMC-014,Texol Energies,LUB,2025-01-05,84239
INV-42547,DISP-06571,OMC-020,Ethiopian Oil,AGO,2026-04-15,40424
INV-37716,DISP-05727,OMC-014,Texol Energies,DPK,2025-11-23,41862
INV-49900,DISP-02094,OMC-006,Hashi Energy,AGO,2025-05-05," KES 44,246 "
INV-47418,DISP-02332,OMC-009,Dalbit Petroleum,JETA1,2025-07-14," KES 27,785 "
INV-33910,DISP-08745,OMC-012,Galana Energies,LUB,2026-04-03,135038
INV-55624,DISP-01985,OMC-020,Ethiopian Oil,JETA1,2025-01-25,36010
INV-65358,DISP-00272,OMC-004,Gulf Energy,LPG,2026-03-02,22983
INV-62549,DISP-06556,OMC-002,Vivo Energy,AGO,2025-02-06,156072
INV-62548,DISP-04088,OMC-007,Kobil,PMS,2026-05-26,29771
INV-47610,DISP-05039,OMC-011,Hass Petroleum,LUB,2025-06-03,29107
INV-18234,DISP-02295,OMC-020,Ethiopian Oil,PMS,2025-05-15,24924
INV-42850,DISP-02992,OMC-005,PetroOil Kenya,HFO,2026-04-23,202474
INV-90457,DISP-04731,OMC-013,Lake Oil,LPG,2025-12-30,132880
INV-94989,DISP-01427,OMC-009,Dalbit Petroleum,LUB,2025-04-17,55945
INV-37674,DISP-02576,OMC-014,Texol Energies,PMS,04/12/2025,29954
INV-78726,DISP-08457,OMC-016,KPA Marine,PMS,2025-01-10,30415
INV-78513,DISP-02606,OMC-004,Gulf Energy,LPG,2026-04-20,102061
INV-21135,DISP-01088,OMC-012,Galana Energies,DPK,2026-02-09,124849
INV-81538,DISP-00684,OMC-010,Tamoil,AGO,2026-03-12,274500
INV-59989,DISP-06074,OMC-015,Mombasa Petroleum,LPG,2025-01-15,130640
INV-40277,DISP-08419,OMC-002,Vivo Energy,AGO,2025-09-20,170932
INV-67328,DISP-05291,OMC-014,Texol Energies,DPK,03/04/2026,129473
INV-73225,DISP-05839,OMC-016,KPA Marine,HFO,2025-08-13,33221
INV-55765,DISP-00806,OMC-003,Rubis Energy,JETA1,2025-06-27,46911
INV-36452,DISP-07705,OMC-009,Dalbit Petroleum,HFO,2025-12-04,45474
INV-71055,DISP-07622,OMC-016,KPA Marine,HFO,2026-06-24,128804
INV-57980,DISP-01628,OMC-005,PetroOil Kenya,PMS,2026-04-20,188240
INV-37294,DISP-08502,OMC-010,Tamoil,DPK,2026-04-15,31726
INV-10623,DISP-09561,OMC-008,National Oil,LPG,2025-09-12,58686
INV-61254,DISP-07068,OMC-019,Tanzania Petroleum,LPG,2025-06-14,124253
INV-94080,DISP-09095,OMC-003,Rubis Energy,JETA1,2025-02-01,45201
INV-10421,DISP-05093,OMC-010,Tamoil,LPG,2026-05-04,58706
INV-51679,DISP-05630,OMC-006,Hashi Energy,JETA1,2025-06-07,193444
INV-91067,DISP-09227,OMC-020,Ethiopian Oil,JETA1,2025-06-30,136229
INV-80900,DISP-01677,OMC-016,KPA Marine,LPG,2025-03-31,275062
INV-10781,DISP-04805,OMC-013,Lake Oil,JETA1,,250921
INV-83547,DISP-09582,OMC-008,National Oil,HFO,2026-05-22,55024
INV-50801,DISP-06940,OMC-006,Hashi Energy,AGO,2025-06-18,55287
INV-11127,DISP-06241,OMC-003,Rubis Energy,LUB,2025-04-14,45451
INV-52374,DISP-09884,OMC-005,PetroOil Kenya,HFO,2026-04-20,185036
INV-74938,DISP-02238,OMC-008,National Oil,HFO,2025-12-28,80348
INV-31250,DISP-03247,OMC-005,PetroOil Kenya,JETA1,2026-03-12,189130
INV-16103,DISP-08696,OMC-011,Hass Petroleum,HFO,2026-01-18,58083
INV-49104,DISP-00873,OMC-010,Tamoil,LPG,2025-08-26,77101
INV-56857,DISP-02208,OMC-019,Tanzania Petroleum,DPK,2026-01-03,35453
INV-84855,DISP-00071,OMC-005,PetroOil Kenya,HFO,2026-04-19,56493
INV-68605,DISP-04375,OMC-007,Kobil,LUB,22/05/2026,285147
INV-56006,DISP-03117,OMC-020,Ethiopian Oil,AGO,2025-06-30,194816
INV-27494,DISP-06152,OMC-011,Hass Petroleum,PMS,2026-02-25,50701
INV-55391,DISP-04324,OMC-016,KPA Marine,AGO,2025-07-26," KES 26,076 "
INV-25513,DISP-06623,OMC-009,Dalbit Petroleum,JETA1,2026-05-20,81764
INV-15406,DISP-04259,OMC-006,Hashi Energy,AGO,2025-02-16,43274
INV-58679,DISP-09653,OMC-002,Vivo Energy,JETA1,2025-05-09,136296
INV-11767,DISP-07758,OMC-012,Galana Energies,JETA1,06/02/2026,180903
INV-33370,DISP-02047,OMC-020,Ethiopian Oil,JETA1,2025-11-29,107542
INV-32830,DISP-00176,OMC-018,Uganda National Oil,HFO,27/10/2025,46080
INV-74500,DISP-00014,OMC-020,Ethiopian Oil,DPK,2025-04-18,58955
INV-67869,DISP-07954,OMC-016,KPA Marine,LUB,2026-05-11,51619
INV-64400,DISP-09350,OMC-001,TotalEnergies Kenya,HFO,2025-09-01,20737
INV-32258,DISP-00847,OMC-017,KAA Aviation,JETA1,2026-01-26,42643
INV-72052,DISP-00426,OMC-007,Kobil,JETA1,2025-05-24,267596
INV-16408,DISP-08064,OMC-004,Gulf Energy,HFO,2026-04-06,34196
INV-92511,DISP-03666,OMC-010,Tamoil,PMS,,245917
INV-74122,DISP-05441,OMC-011,Hass Petroleum,PMS,2026-03-09,115149
INV-20482,DISP-03201,OMC-002,Vivo Energy,LUB,14/05/2025,162968
INV-92748,DISP-08465,OMC-010,Tamoil,HFO,2026-02-23,53971
INV-23851,DISP-02574,OMC-013,Lake Oil,JETA1,2025-09-21,143427
INV-32172,DISP-03341,OMC-013,Lake Oil,JETA1,2025-01-14,50772
INV-97005,DISP-03505,OMC-015,Mombasa Petroleum,HFO,2026-03-18,202951
INV-84331,DISP-07243,OMC-010,Tamoil,DPK,2025-02-28,59551
INV-34779,DISP-08392,OMC-019,Tanzania Petroleum,LUB,2025-09-11,257400
INV-62349,DISP-01096,OMC-014,Texol Energies,DPK,2025-11-06,181084
INV-98947,DISP-00857,OMC-006,Hashi Energy,AGO,2025-12-04,137054
INV-10409,DISP-00409,OMC-018,Uganda National Oil,JETA1,2025-06-03,40369
INV-84043,DISP-06845,OMC-004,Gulf Energy,LPG,2026-03-13," KES 188,311 "
INV-82564,DISP-03229,OMC-019,Tanzania Petroleum,JETA1,2025-10-03,31554
INV-51689,DISP-02390,OMC-008,National Oil,AGO,2025-11-27,208834
INV-28530,DISP-05822,OMC-014,Texol Energies,LPG,2026-02-25,239493
INV-39026,DISP-09158,OMC-008,National Oil,LUB,2025-05-16,191312
INV-97438,DISP-00499,OMC-016,KPA Marine,LPG,2026-04-22,247399
INV-66441,DISP-08019,OMC-013,Lake Oil,LUB,2025-12-15,23836
INV-97268,DISP-07311,OMC-014,Texol Energies,JETA1,,142212
INV-74323,DISP-07385,OMC-004,Gulf Energy,AGO,2026-03-26,37201
INV-30947,DISP-08668,OMC-008,National Oil,LPG,2026-07-04,289830
INV-42005,DISP-07407,OMC-013,Lake Oil,PMS,2025-10-25,149929
INV-36278,DISP-05067,OMC-011,Hass Petroleum,PMS,2025-01-30,202060
INV-46504,DISP-07316,OMC-008,National Oil,LPG,2026-03-23,218321
INV-13539,DISP-00620,OMC-017,KAA Aviation,LUB,2025-11-14,145139
INV-62482,DISP-05270,OMC-006,Hashi Energy,LPG,2026-04-20,56891
INV-15154,DISP-07246,OMC-012,Galana Energies,JETA1,2026-02-24,88403
INV-55714,DISP-05148,OMC-011,Hass Petroleum,JETA1,2025-07-06,29023
INV-81299,DISP-03643,OMC-017,KAA Aviation,PMS,2026-05-27,116638
INV-32289,DISP-03956,OMC-006,Hashi Energy,LPG,,24340
INV-51190,DISP-09150,OMC-013,Lake Oil,AGO,2025-11-30,52753
INV-74419,DISP-02970,OMC-001,TotalEnergies Kenya,JETA1,2026-01-20,29991
INV-47283,DISP-03825,OMC-015,Mombasa Petroleum,DPK,2025-08-26,54877
INV-78522,DISP-03754,OMC-002,Vivo Energy,LPG,2025-07-08,168026
INV-70992,DISP-00253,OMC-017,KAA Aviation,DPK,2025-08-25,118626
INV-11371,DISP-03177,OMC-019,Tanzania Petroleum,HFO,2025-03-02,157092
INV-29010,DISP-06285,OMC-017,KAA Aviation,JETA1,2025-12-14,28523
INV-54055,DISP-03809,OMC-011,Hass Petroleum,AGO,2025-06-17,31147
INV-59452,DISP-06538,OMC-017,KAA Aviation,LUB,2025-08-05,148493
INV-70629,DISP-07660,OMC-018,Uganda National Oil,DPK,2026-01-13,45195
INV-41419,DISP-02816,OMC-013,Lake Oil,PMS,2025-09-16,31969
INV-85203,DISP-02417,OMC-016,KPA Marine,LUB,2025-03-08,62324
INV-84343,DISP-08826,OMC-017,KAA Aviation,LPG,2025-10-18,26113
INV-55037,DISP-00913,OMC-004,Gulf Energy,LPG,2026-03-17,51666
INV-41312,DISP-02412,OMC-017,KAA Aviation,LPG,2025-11-21," KES 266,789 "
INV-83648,DISP-01523,OMC-001,TotalEnergies Kenya,JETA1,2026-06-27,130169
INV-83172,DISP-05566,OMC-011,Hass Petroleum,LUB,2025-03-27,40240
INV-28951,DISP-00583,OMC-018,Uganda National Oil,AGO,2025-08-03,30355
INV-98140,DISP-02681,OMC-002,Vivo Energy,PMS,2025-10-24,37946
INV-43337,DISP-01984,OMC-010,Tamoil,JETA1,2025-06-22,260945
INV-99579,DISP-04780,OMC-002,Vivo Energy,LPG,2025-08-23,204749
INV-70715,DISP-07803,OMC-001,TotalEnergies Kenya,HFO,2025-08-21,257761
INV-63215,DISP-01706,OMC-010,Tamoil,LUB,09/12/2025,248073
INV-10560,DISP-09303,OMC-012,Galana Energies,LPG,27/03/2026,218529
INV-87947,DISP-02252,OMC-002,Vivo Energy,LPG,16/09/2025,134020
INV-57665,DISP-09071,OMC-012,Galana Energies,DPK,05/03/2026,31259
INV-15915,DISP-00280,OMC-014,Texol Energies,JETA1,2025-10-15,156558
INV-35902,DISP-00341,OMC-019,Tanzania Petroleum,LPG,2025-06-04,265405
INV-56612,DISP-05088,OMC-016,KPA Marine,LPG,2026-06-13,22691
INV-18674,DISP-04556,OMC-010,Tamoil,JETA1,2025-10-13,155656
INV-48919,DISP-05094,OMC-020,Ethiopian Oil,DPK,2025-04-30," KES 151,985 "
INV-57173,DISP-07778,OMC-016,KPA Marine,LPG,2025-11-13,127992
INV-65573,DISP-09292,OMC-002,Vivo Energy,PMS,2025-07-07,214682
INV-41365,DISP-03086,OMC-007,Kobil,AGO,2025-03-26,242514
INV-83457,DISP-05744,OMC-015,Mombasa Petroleum,JETA1,2026-05-08,29763
INV-30116,DISP-02059,OMC-017,KAA Aviation,AGO,2025-04-30,250386
INV-18955,DISP-02957,OMC-009,Dalbit Petroleum,AGO,14/09/2025,219404
INV-38273,DISP-01350,OMC-002,Vivo Energy,LPG,2025-05-04,206272
INV-40201,DISP-02563,OMC-006,Hashi Energy,LUB,2025-10-15,177260
INV-94760,DISP-01743,OMC-007,Kobil,DPK,2026-01-24,117778
INV-41720,DISP-06509,OMC-009,Dalbit Petroleum,JETA1,2025-03-09,32123
INV-38108,DISP-07555,OMC-017,KAA Aviation,AGO,2025-11-05,58164
INV-34597,DISP-06610,OMC-014,Texol Energies,DPK,2025-03-25,111512
INV-73903,DISP-08212,OMC-002,Vivo Energy,JETA1,2026-02-10,277699
INV-16858,DISP-08394,OMC-012,Galana Energies,PMS,2026-03-08,188934
INV-88578,DISP-00835,OMC-014,Texol Energies,LUB,2026-01-01,160329
INV-48423,DISP-04127,OMC-018,Uganda National Oil,JETA1,2025-10-02,22105
INV-56711,DISP-02999,OMC-018,Uganda National Oil,DPK,2025-03-14,40666
INV-56809,DISP-03716,OMC-009,Dalbit Petroleum,DPK,2025-08-03,25939
INV-19024,DISP-00034,OMC-001,TotalEnergies Kenya,AGO,2025-09-14,216993
INV-98965,DISP-02324,OMC-011,Hass Petroleum,DPK,2025-09-19,28328
INV-24351,DISP-04592,OMC-014,Texol Energies,PMS,2025-10-17,36953
INV-48050,DISP-02431,OMC-018,Uganda National Oil,JETA1,2026-03-24,213942
INV-98299,DISP-00388,OMC-014,Texol Energies,LPG,2025-06-11,27691
INV-75980,DISP-03973,OMC-011,Hass Petroleum,JETA1,2025-10-31,37493
INV-50703,DISP-00746,OMC-018,Uganda National Oil,AGO,2025-02-18,124248
INV-85863,DISP-03794,OMC-019,Tanzania Petroleum,AGO,2025-06-16,229985
INV-40597,DISP-00009,OMC-013,Lake Oil,JETA1,2025-12-17," KES 37,510 "
INV-19892,DISP-04075,OMC-017,KAA Aviation,AGO,2026-04-02,28765
INV-62017,DISP-07483,OMC-017,KAA Aviation,DPK,2025-04-22,22019
INV-39992,DISP-05979,OMC-003,Rubis Energy,HFO,2026-05-12," KES 50,716 "
INV-41579,DISP-08545,OMC-008,National Oil,LPG,2025-11-18,25148
INV-75497,DISP-02109,OMC-020,Ethiopian Oil,JETA1,2025-07-02,198315
INV-96380,DISP-03253,OMC-001,TotalEnergies Kenya,AGO,2025-02-14,39070
INV-48604,DISP-08831,OMC-013,Lake Oil,HFO,2025-02-12,194405
INV-93675,DISP-04435,OMC-013,Lake Oil,JETA1,2025-05-11,58332
INV-83863,DISP-01229,OMC-013,Lake Oil,JETA1,2025-09-11,289187
INV-19267,DISP-01800,OMC-018,Uganda National Oil,LPG,2026-07-03,158329
INV-11176,DISP-00107,OMC-003,Rubis Energy,LPG,2026-02-25,102459
INV-82496,DISP-05719,OMC-018,Uganda National Oil,PMS,2026-04-11,37783
INV-84656,DISP-04798,OMC-017,KAA Aviation,HFO,2026-06-25,149848
INV-87528,DISP-00570,OMC-018,Uganda National Oil,PMS,2025-10-31,81556
INV-66811,DISP-09051,OMC-008,National Oil,LUB,2025-01-06,55067
INV-82106,DISP-07841,OMC-007,Kobil,PMS,2025-08-08,39313
INV-62170,DISP-04329,OMC-009,Dalbit Petroleum,DPK,2026-04-25," KES 221,355 "
INV-78119,DISP-01304,OMC-015,Mombasa Petroleum,AGO,2026-04-13,42540
INV-42683,DISP-06301,OMC-014,Texol Energies,DPK,2025-07-05,58478
INV-64390,DISP-05638,OMC-015,Mombasa Petroleum,DPK,2025-01-17,216479
INV-50858,DISP-02796,OMC-008,National Oil,LPG,2025-09-30,224439
INV-96908,DISP-01401,OMC-013,Lake Oil,HFO,2025-03-13,210253
INV-16518,DISP-05888,OMC-006,Hashi Energy,DPK,2025-07-12,189488
INV-87041,DISP-09329,OMC-012,Galana Energies,PMS,2026-03-05,269347
INV-21243,DISP-00915,OMC-016,KPA Marine,HFO,2025-04-16,234127
INV-17300,DISP-03043,OMC-010,Tamoil,DPK,2025-05-29,23602
INV-12772,DISP-04165,OMC-002,Vivo Energy,LUB,2025-03-11,40455
INV-42468,DISP-08918,OMC-005,PetroOil Kenya,LPG,2026-02-26,222349
INV-24415,DISP-01587,OMC-012,Galana Energies,AGO,2026-02-20,54781
INV-79316,DISP-08359,OMC-003,Rubis Energy,DPK,2026-04-08,107380
INV-50338,DISP-01957,OMC-002,Vivo Energy,JETA1,2025-08-06,200882
INV-84474,DISP-01788,OMC-011,Hass Petroleum,DPK,2025-02-05,46482
INV-96886,DISP-08101,OMC-005,PetroOil Kenya,PMS,2026-04-05,34399
INV-34119,DISP-06085,OMC-007,Kobil,LPG,2026-03-13,37264
INV-25860,DISP-08842,OMC-013,Lake Oil,HFO,2025-03-16,52405
INV-86140,DISP-07553,OMC-001,TotalEnergies Kenya,DPK,2025-10-09,146427
INV-11656,DISP-05517,OMC-017,KAA Aviation,PMS,2025-04-24,97462
INV-17790,DISP-01146,OMC-019,Tanzania Petroleum,HFO,2025-06-27,251750
INV-53359,DISP-01654,OMC-002,Vivo Energy,HFO,2025-05-23,206194
INV-84707,DISP-00099,OMC-003,Rubis Energy,LUB,,102735
INV-76930,DISP-02234,OMC-020,Ethiopian Oil,LUB,2025-04-23,254746
INV-15203,DISP-00407,OMC-012,Galana Energies,AGO,2026-04-09,30953
INV-11566,DISP-01482,OMC-001,TotalEnergies Kenya,DPK,2025-12-03,41348
INV-72636,DISP-05948,OMC-016,KPA Marine,HFO,2026-04-13,216801
INV-44448,DISP-01332,OMC-007,Kobil,PMS,2026-07-01,66184
INV-40842,DISP-06935,OMC-017,KAA Aviation,HFO,2025-12-28,52353
INV-10961,DISP-01191,OMC-002,Vivo Energy,LUB,2025-01-24,109544
INV-62984,DISP-02922,OMC-002,Vivo Energy,DPK,2025-11-28,139159
INV-23309,DISP-07490,OMC-018,Uganda National Oil,LPG,2026-05-21,191319
INV-25390,DISP-04196,OMC-012,Galana Energies,PMS,,282727
INV-44566,DISP-06284,OMC-017,KAA Aviation,AGO,2026-06-29,24278
INV-40409,DISP-09738,OMC-010,Tamoil,LUB,2026-01-31,118959
INV-80625,DISP-03217,OMC-002,Vivo Energy,DPK,16/04/2026,45008
INV-70064,DISP-09251,OMC-017,KAA Aviation,JETA1,2025-12-10,222236
INV-10561,DISP-09630,OMC-002,Vivo Energy,AGO,2026-06-15,44675
INV-30827,DISP-03094,OMC-019,Tanzania Petroleum,LPG,2025-09-07,139271
INV-85453,DISP-07743,OMC-006,Hashi Energy,DPK,2025-09-30," KES 63,645 "
INV-73180,DISP-00194,OMC-001,TotalEnergies Kenya,DPK,2025-06-21,50817
INV-60636,DISP-07563,OMC-002,Vivo Energy,HFO,2025-08-15,83568
INV-23801,DISP-05091,OMC-018,Uganda National Oil,HFO,2025-09-16,26167
INV-73128,DISP-02551,OMC-007,Kobil,AGO,2025-03-31,123162
INV-77261,DISP-05840,OMC-004,Gulf Energy,HFO,2026-03-21,124352
INV-94624,DISP-02741,OMC-015,Mombasa Petroleum,HFO,2025-06-11,172936
INV-28769,DISP-06562,OMC-001,TotalEnergies Kenya,JETA1,2025-12-10,32868
INV-95363,DISP-04198,OMC-020,Ethiopian Oil,AGO,2026-03-12,38475
INV-96860,DISP-05935,OMC-004,Gulf Energy,HFO,2026-02-28,103944
INV-47197,DISP-08814,OMC-006,Hashi Energy,AGO,28/04/2025,25749
INV-76303,DISP-08744,OMC-011,Hass Petroleum,PMS,2026-04-25,265335
INV-13619,DISP-06844,OMC-019,Tanzania Petroleum,DPK,2025-03-25,58872
INV-94412,DISP-08485,OMC-010,Tamoil,PMS,2025-12-28,59942
INV-63374,DISP-01243,OMC-001,TotalEnergies Kenya,HFO,2026-06-28,223686
INV-63693,DISP-08499,OMC-018,Uganda National Oil,HFO,2025-11-23,41979
INV-85136,DISP-04980,OMC-006,Hashi Energy,DPK,,128827
INV-16699,DISP-05280,OMC-007,Kobil,LUB,2025-10-26,153581
INV-82217,DISP-07503,OMC-020,Ethiopian Oil,LPG,09/01/2025,121024
INV-30750,DISP-09809,OMC-015,Mombasa Petroleum,AGO,2026-05-12,24858
INV-58850,DISP-03594,OMC-020,Ethiopian Oil,HFO,2026-02-12,184621
INV-36243,DISP-05814,OMC-002,Vivo Energy,LPG,2026-04-26,204080
INV-56133,DISP-02685,OMC-017,KAA Aviation,AGO,2025-02-04,229858
INV-60665,DISP-00709,OMC-009,Dalbit Petroleum,HFO,2025-02-01,36318
INV-83038,DISP-03968,OMC-008,National Oil,HFO,08/01/2026,131330
INV-37877,DISP-07800,OMC-002,Vivo Energy,DPK,2026-06-30,220580
INV-84948,DISP-06565,OMC-018,Uganda National Oil,HFO,2025-06-27,196518
INV-83652,DISP-02735,OMC-006,Hashi Energy,AGO,,99965
INV-33300,DISP-09242,OMC-010,Tamoil,AGO,2026-06-12," KES 42,420 "
INV-94825,DISP-07745,OMC-007,Kobil,JETA1,2026-04-10,231776
INV-16091,DISP-05157,OMC-013,Lake Oil,PMS,2025-01-09,189636
INV-90120,DISP-07247,OMC-008,National Oil,DPK,15/05/2025,128076
INV-69402,DISP-01008,OMC-014,Texol Energies,DPK,2025-09-08,28296
INV-65621,DISP-02099,OMC-001,TotalEnergies Kenya,AGO,2026-03-18,140878
INV-28919,DISP-04816,OMC-009,Dalbit Petroleum,AGO,2025-05-08,33374
INV-31805,DISP-05530,OMC-010,Tamoil,LPG,2026-01-29,174316
INV-47617,DISP-06862,OMC-012,Galana Energies,JETA1,2026-04-27,67019
INV-84252,DISP-02239,OMC-015,Mombasa Petroleum,JETA1,2026-03-19,210836
INV-65692,DISP-06720,OMC-008,National Oil,PMS,2025-08-29,133368
INV-70598,DISP-03891,OMC-009,Dalbit Petroleum,DPK,2026-04-14,132111
INV-27353,DISP-04678,OMC-020,Ethiopian Oil,DPK,2025-02-02,248113
INV-35902,DISP-03957,OMC-004,Gulf Energy,LPG,2026-02-21,176881
INV-17993,DISP-04272,OMC-002,Vivo Energy,PMS,2025-08-14,62291
INV-36773,DISP-03142,OMC-020,Ethiopian Oil,AGO,2026-03-26,85157
INV-59028,DISP-08670,OMC-020,Ethiopian Oil,LUB,2025-01-06,25790
INV-65786,DISP-08354,OMC-019,Tanzania Petroleum,LUB,2025-07-02,51111
INV-20567,DISP-05749,OMC-013,Lake Oil,PMS,2026-05-10,124713
INV-14384,DISP-03101,OMC-013,Lake Oil,HFO,2025-01-15,61981
INV-90163,DISP-06220,OMC-019,Tanzania Petroleum,PMS,2025-01-31,282507
INV-18142,DISP-06885,OMC-013,Lake Oil,JETA1,2026-07-01,119753
INV-45209,DISP-06896,OMC-004,Gulf Energy,JETA1,2026-04-23,100211
INV-54972,DISP-06476,OMC-004,Gulf Energy,JETA1,08/04/2026,295128
INV-70312,DISP-05343,OMC-015,Mombasa Petroleum,AGO,2025-10-16,169747
INV-57671,DISP-04876,OMC-004,Gulf Energy,PMS,2026-02-11,230612
INV-55931,DISP-08806,OMC-004,Gulf Energy,JETA1,18/03/2026,333554
INV-26835,DISP-09842,OMC-017,KAA Aviation,JETA1,2026-02-06,94049
INV-45437,DISP-03903,OMC-012,Galana Energies,JETA1,14/02/2026,271386
INV-90502,DISP-00658,OMC-005,PetroOil Kenya,AGO,2026-03-16,52223
INV-42455,DISP-06242,OMC-013,Lake Oil,JETA1,2025-12-25,23344
INV-88204,DISP-01456,OMC-008,National Oil,PMS,02/03/2025,44019
INV-92346,DISP-05703,OMC-002,Vivo Energy,LUB,2025-10-13,24779
INV-68275,DISP-09531,OMC-013,Lake Oil,AGO,2025-02-05,232852
INV-24827,DISP-09545,OMC-009,Dalbit Petroleum,PMS,2025-01-20,32268
INV-35950,DISP-02770,OMC-004,Gulf Energy,PMS,2026-02-04,238680
INV-53091,DISP-09160,OMC-010,Tamoil,PMS,2026-03-22,29299
INV-51633,DISP-06924,OMC-005,PetroOil Kenya,JETA1,2026-02-25,77342
INV-55316,DISP-04866,OMC-009,Dalbit Petroleum,PMS,2025-05-26,41172
INV-53084,DISP-04675,OMC-007,Kobil,HFO,2025-09-17,33000
INV-12817,DISP-05253,OMC-020,Ethiopian Oil,LUB,2025-02-05,135189
INV-48250,DISP-02073,OMC-017,KAA Aviation,JETA1,2026-01-25,224664
INV-29322,DISP-05972,OMC-004,Gulf Energy,JETA1,2026-02-18,47098
INV-32279,DISP-08277,OMC-005,PetroOil Kenya,LPG,2026-03-11,47821
INV-98364,DISP-09599,OMC-015,Mombasa Petroleum,DPK,2025-06-23,34097
INV-43644,DISP-08048,OMC-020,Ethiopian Oil,HFO,2025-05-13,26145
INV-62385,DISP-04518,OMC-008,National Oil,LUB,2025-08-29,62010
INV-49918,DISP-00033,OMC-013,Lake Oil,LPG,2025-10-13,106750
INV-72036,DISP-03777,OMC-013,Lake Oil,AGO,2025-06-17,58768
INV-63253,DISP-00594,OMC-004,Gulf Energy,LPG,2026-02-05,248751
INV-94426,DISP-01246,OMC-016,KPA Marine,DPK,2026-04-16,215894
INV-24865,DISP-02675,OMC-015,Mombasa Petroleum,JETA1,2026-01-15,63190
INV-52711,DISP-09201,OMC-005,PetroOil Kenya,DPK,2026-03-21,191877
INV-68698,DISP-08049,OMC-003,Rubis Energy,PMS,2025-02-21,52274
INV-60573,DISP-03801,OMC-008,National Oil,LPG,2025-08-19,59439
INV-31898,DISP-04999,OMC-001,TotalEnergies Kenya,LUB,2026-04-19,43645
INV-67820,DISP-02895,OMC-007,Kobil,AGO,2025-04-09,28984
INV-49571,DISP-01591,OMC-006,Hashi Energy,DPK,2026-01-22,166672
INV-92181,DISP-01048,OMC-017,KAA Aviation,LPG,2025-11-11,154472
INV-10334,DISP-00760,OMC-017,KAA Aviation,LPG,2025-12-20,36594
INV-75823,DISP-06919,OMC-002,Vivo Energy,PMS,2025-12-20,20353
INV-65452,DISP-01346,OMC-005,PetroOil Kenya,JETA1,2026-03-12,275089
INV-74204,DISP-08740,OMC-018,Uganda National Oil,JETA1,2025-02-10,159471
INV-21720,DISP-09034,OMC-015,Mombasa Petroleum,DPK,2026-02-25,133293
INV-47639,DISP-03041,OMC-013,Lake Oil,JETA1,2025-06-20,265685
INV-97066,DISP-05224,OMC-017,KAA Aviation,JETA1,25/06/2025,52353
INV-53523,DISP-04227,OMC-020,Ethiopian Oil,PMS,2025-03-10,205321
INV-51247,DISP-04242,OMC-018,Uganda National Oil,HFO,2026-05-18,52908
INV-50549,DISP-01432,OMC-011,Hass Petroleum,JETA1,23/04/2026,27700
INV-63344,DISP-05858,OMC-015,Mombasa Petroleum,LPG,2025-06-22," KES 164,034 "
INV-82188,DISP-05025,OMC-011,Hass Petroleum,JETA1,2025-05-23,143766
INV-51378,DISP-09764,OMC-020,Ethiopian Oil,JETA1,2025-09-20,163471
INV-78329,DISP-05717,OMC-015,Mombasa Petroleum,LUB,08/05/2025,101117
INV-68586,DISP-09612,OMC-018,Uganda National Oil,DPK,2025-07-24,40275
INV-26681,DISP-02597,OMC-020,Ethiopian Oil,AGO,2025-11-09,37357
INV-25849,DISP-04807,OMC-012,Galana Energies,AGO,2026-03-27,270792
INV-77249,DISP-01880,OMC-018,Uganda National Oil,LPG,2025-07-31,51810
INV-24463,DISP-06466,OMC-015,Mombasa Petroleum,LUB,2026-05-18,157217
INV-52709,DISP-04080,OMC-001,TotalEnergies Kenya,PMS,2025-08-18,159753
INV-58351,DISP-05578,OMC-009,Dalbit Petroleum,LUB,2025-10-16,152820
INV-93388,DISP-03966,OMC-013,Lake Oil,LPG,2025-03-13,45387
INV-97068,DISP-05306,OMC-018,Uganda National Oil,DPK,2025-02-21,35703
INV-83649,DISP-04045,OMC-019,Tanzania Petroleum,DPK,,42782
INV-61077,DISP-06646,OMC-015,Mombasa Petroleum,HFO,2026-06-09,50175
INV-30572,DISP-07892,OMC-015,Mombasa Petroleum,LPG,2025-06-10,42334
INV-31085,DISP-02502,OMC-019,Tanzania Petroleum,JETA1,2026-01-17,176191
INV-66510,DISP-03727,OMC-006,Hashi Energy,DPK,2026-05-16," KES 186,057 "
INV-16013,DISP-07342,OMC-019,Tanzania Petroleum,DPK,2025-01-21,183853
INV-59682,DISP-03723,OMC-018,Uganda National Oil,AGO,2026-05-06,114966
INV-28901,DISP-01025,OMC-017,KAA Aviation,AGO,2026-05-06,208359
INV-73311,DISP-04804,OMC-009,Dalbit Petroleum,JETA1,2025-06-18,125485
INV-23873,DISP-02411,OMC-013,Lake Oil,AGO,2025-05-27,43787
INV-48179,DISP-04950,OMC-007,Kobil,HFO,2025-08-19,114015
INV-21645,DISP-08381,OMC-001,TotalEnergies Kenya,JETA1,2025-07-22,90780
INV-61528,DISP-00147,OMC-016,KPA Marine,LPG,06/08/2025,52484
INV-97327,DISP-06213,OMC-011,Hass Petroleum,JETA1,2025-05-24,194049
INV-31081,DISP-05177,OMC-010,Tamoil,JETA1,2025-01-11,156327
INV-93857,DISP-04443,OMC-003,Rubis Energy,DPK,2025-08-16,242058
INV-60676,DISP-04083,OMC-018,Uganda National Oil,LUB,2025-01-21,272295
INV-21147,DISP-02171,OMC-003,Rubis Energy,JETA1,2025-03-23,58299
INV-61189,DISP-03257,OMC-011,Hass Petroleum,DPK,2026-01-18,53511
INV-15288,DISP-08452,OMC-016,KPA Marine,JETA1,2025-08-17,26125
INV-87681,DISP-01103,OMC-013,Lake Oil,AGO,2025-04-12,53946
INV-90612,DISP-05139,OMC-017,KAA Aviation,AGO,2025-05-14,181677
INV-70044,DISP-07118,OMC-008,National Oil,LUB,2025-02-04,50277
INV-61816,DISP-02370,OMC-004,Gulf Energy,HFO,2026-02-07,232430
INV-58438,DISP-00142,OMC-001,TotalEnergies Kenya,HFO,2025-09-11,29885
INV-35279,DISP-00186,OMC-014,Texol Energies,LPG,2025-05-22,25303
INV-36372,DISP-05385,OMC-001,TotalEnergies Kenya,LUB,2025-02-01,159662
INV-60275,DISP-05165,OMC-016,KPA Marine,PMS,2025-11-16,162383
INV-74685,DISP-05876,OMC-008,National Oil,HFO,2026-01-22,151332
INV-11178,DISP-05785,OMC-006,Hashi Energy,AGO,2026-04-21," KES 75,183 "
INV-85617,DISP-04035,OMC-020,Ethiopian Oil,AGO,2025-12-05," KES 48,814 "
INV-31264,DISP-08351,OMC-016,KPA Marine,LPG,2025-10-01,157741
INV-85405,DISP-07257,OMC-019,Tanzania Petroleum,PMS,2026-02-14,230549
INV-85853,DISP-00523,OMC-013,Lake Oil,LPG,2026-05-07,124527
INV-29844,DISP-05426,OMC-004,Gulf Energy,PMS,2026-03-18,25067
INV-83253,DISP-09341,OMC-016,KPA Marine,HFO,2025-12-17," KES 39,491 "
INV-11666,DISP-04269,OMC-010,Tamoil,DPK,2026-06-18,61654
INV-49231,DISP-00495,OMC-017,KAA Aviation,LUB,2026-06-23,152484
INV-39693,DISP-08649,OMC-013,Lake Oil,LPG,2025-04-26,25421
INV-14832,DISP-05207,OMC-013,Lake Oil,LUB,2026-02-18,224390
INV-45305,DISP-04410,OMC-016,KPA Marine,JETA1,2026-01-14,27348
INV-46855,DISP-03452,OMC-004,Gulf Energy,LUB,2026-04-07,41072
INV-98213,DISP-04212,OMC-007,Kobil,HFO,2025-03-12,37675
INV-46621,DISP-08706,OMC-017,KAA Aviation,PMS,2026-06-24,49938
INV-42843,DISP-03100,OMC-017,KAA Aviation,AGO,2025-05-29,165913
INV-43888,DISP-04595,OMC-002,Vivo Energy,DPK,2026-05-15,116392
INV-40890,DISP-05672,OMC-010,Tamoil,LPG,2026-06-22,177474
INV-96904,DISP-03582,OMC-017,KAA Aviation,HFO,2026-03-16,48153
INV-52957,DISP-05232,OMC-010,Tamoil,PMS,2025-08-31,37606
INV-83574,DISP-03674,OMC-006,Hashi Energy,JETA1,2026-04-10,159007
INV-99710,DISP-06095,OMC-011,Hass Petroleum,LPG,2026-05-05,177870
INV-46128,DISP-07870,OMC-010,Tamoil,AGO,2025-02-11,135578
INV-49571,DISP-06289,OMC-012,Galana Energies,DPK,16/04/2026,28040
INV-23127,DISP-06714,OMC-010,Tamoil,AGO,2025-02-11,260994
INV-75201,DISP-00354,OMC-006,Hashi Energy,AGO,2025-01-28,49099
INV-73302,DISP-06994,OMC-010,Tamoil,HFO,13/07/2025,239744
INV-77197,DISP-01326,OMC-009,Dalbit Petroleum,DPK,2025-12-12,38070
INV-53056,DISP-05166,OMC-019,Tanzania Petroleum,JETA1,2026-04-15,228136
INV-76560,DISP-01226,OMC-009,Dalbit Petroleum,DPK,2025-02-23,163378
INV-49003,DISP-08484,OMC-020,Ethiopian Oil,PMS,2025-10-24,93950
INV-31577,DISP-05503,OMC-015,Mombasa Petroleum,LUB,2025-05-11,209698
INV-31390,DISP-04684,OMC-002,Vivo Energy,PMS,2025-02-15,112423
INV-46626,DISP-04808,OMC-015,Mombasa Petroleum,LPG,2025-05-28,289789
INV-65286,DISP-03321,OMC-006,Hashi Energy,DPK,2025-11-29,128395
INV-92023,DISP-03950,OMC-020,Ethiopian Oil,LPG,2025-07-29,188046
INV-25282,DISP-04693,OMC-019,Tanzania Petroleum,PMS,2026-04-26," KES 288,517 "
INV-83072,DISP-06457,OMC-010,Tamoil,JETA1,2026-05-15,145828
INV-54866,DISP-05720,OMC-010,Tamoil,PMS,2025-08-31,98950
INV-19092,DISP-00514,OMC-018,Uganda National Oil,PMS,2026-04-04," KES 170,746 "
INV-63857,DISP-08737,OMC-018,Uganda National Oil,JETA1,2025-02-13,210427
INV-54369,DISP-00876,OMC-016,KPA Marine,LPG,2025-02-11,129287
INV-36543,DISP-09519,OMC-003,Rubis Energy,LUB,2025-10-08,239098
INV-65969,DISP-01510,OMC-016,KPA Marine,JETA1,2026-01-18,97001
INV-94283,DISP-04801,OMC-017,KAA Aviation,LPG,09/08/2025,120145
INV-14765,DISP-06774,OMC-001,TotalEnergies Kenya,HFO,2025-03-11,194310
INV-10546,DISP-00231,OMC-002,Vivo Energy,DPK,2025-09-15,181924
INV-52025,DISP-07739,OMC-018,Uganda National Oil,AGO,2025-07-30,139166
INV-48925,DISP-07858,OMC-001,TotalEnergies Kenya,DPK,2026-06-15,35385
INV-46343,DISP-05160,OMC-011,Hass Petroleum,JETA1,2025-11-17,135399
INV-37596,DISP-05278,OMC-020,Ethiopian Oil,DPK,2025-07-11," KES 56,764 "
INV-43735,DISP-06799,OMC-006,Hashi Energy,HFO,2025-12-04,221045
INV-84688,DISP-00593,OMC-006,Hashi Energy,AGO,2025-07-22,33333
INV-20752,DISP-03913,OMC-016,KPA Marine,PMS,2026-03-24,45315
INV-40234,DISP-05718,OMC-005,PetroOil Kenya,DPK,2026-03-11,82411
INV-98855,DISP-04974,OMC-014,Texol Energies,LUB,2026-04-07,283254
INV-70478,DISP-00923,OMC-009,Dalbit Petroleum,LUB,2026-02-19,39110
INV-74812,DISP-07423,OMC-001,TotalEnergies Kenya,HFO,2025-09-16,241620
INV-12096,DISP-02932,OMC-007,Kobil,LUB,,33256
INV-48693,DISP-09382,OMC-011,Hass Petroleum,LPG,2025-03-26,33503
INV-33223,DISP-01174,OMC-020,Ethiopian Oil,AGO,2025-04-08," KES 22,162 "
INV-71302,DISP-00769,OMC-011,Hass Petroleum,DPK,2025-02-24,59432
INV-24720,DISP-05118,OMC-007,Kobil,HFO,2025-03-12,37680
INV-23761,DISP-07719,OMC-017,KAA Aviation,AGO,2025-07-01,39832
INV-68924,DISP-00108,OMC-005,PetroOil Kenya,JETA1,2026-05-05,48379
INV-89048,DISP-09592,OMC-015,Mombasa Petroleum,PMS,2025-03-10,266657
INV-75641,DISP-03460,OMC-010,Tamoil,JETA1,2025-11-27,190509
INV-98272,DISP-01651,OMC-002,Vivo Energy,DPK,2025-09-22,51652
INV-81624,DISP-01390,OMC-013,Lake Oil,HFO,2025-11-14,44744
INV-78503,DISP-03799,OMC-017,KAA Aviation,LPG,2026-03-16,170856
INV-29464,DISP-02154,OMC-006,Hashi Energy,AGO,2026-04-22,189871
INV-50975,DISP-01455,OMC-014,Texol Energies,HFO,2025-03-14,32903
INV-31544,DISP-06071,OMC-009,Dalbit Petroleum,PMS,," KES 41,176 "
INV-36457,DISP-07109,OMC-012,Galana Energies,LPG,2026-04-19,41531
INV-29234,DISP-04253,OMC-008,National Oil,AGO,2026-05-06,211731
INV-64712,DISP-01910,OMC-020,Ethiopian Oil,LPG,2025-06-11,54210
INV-90108,DISP-06559,OMC-014,Texol Energies,DPK,2025-09-05," KES 229,169 "
INV-81047,DISP-04521,OMC-010,Tamoil,HFO,2025-09-18," KES 59,203 "
INV-91491,DISP-04109,OMC-007,Kobil,PMS,2026-02-16,99014
INV-15793,DISP-09219,OMC-014,Texol Energies,HFO,2025-10-25," KES 247,396 "
INV-41280,DISP-03235,OMC-019,Tanzania Petroleum,LPG,2025-01-27,39497
INV-66793,DISP-02521,OMC-007,Kobil,PMS,2025-10-23,203617
INV-63206,DISP-05092,OMC-014,Texol Energies,JETA1,2025-06-10,281549
INV-94317,DISP-03541,OMC-014,Texol Energies,AGO,2026-06-16,242311
INV-11271,DISP-06212,OMC-019,Tanzania Petroleum,AGO,2025-12-19,43217
INV-64900,DISP-07624,OMC-017,KAA Aviation,LUB,08/07/2026,51456
INV-39704,DISP-02017,OMC-015,Mombasa Petroleum,AGO,2025-08-30,57347
INV-78908,DISP-05153,OMC-018,Uganda National Oil,AGO,2025-09-05,156155
INV-66568,DISP-08305,OMC-010,Tamoil,JETA1,2025-02-06,139283
INV-22797,DISP-00998,OMC-008,National Oil,LUB,2025-09-27,98821
INV-28055,DISP-09311,OMC-015,Mombasa Petroleum,LUB,2025-09-16,254358
INV-22155,DISP-05324,OMC-004,Gulf Energy,AGO,2026-04-30,44437
INV-97109,DISP-00506,OMC-020,Ethiopian Oil,AGO,2026-05-24,110222
INV-56351,DISP-07879,OMC-016,KPA Marine,LUB,2026-04-15," KES 77,490 "
INV-72901,DISP-03524,OMC-001,TotalEnergies Kenya,JETA1,2025-04-27,160833
INV-17501,DISP-04586,OMC-003,Rubis Energy,PMS,2025-07-16,30205
INV-62328,DISP-09046,OMC-015,Mombasa Petroleum,LUB,2025-04-13,213334
INV-62625,DISP-06891,OMC-016,KPA Marine,JETA1,18/08/2025,36792
INV-68634,DISP-04015,OMC-011,Hass Petroleum,LUB,2026-02-27,54064
INV-56351,DISP-04424,OMC-005,PetroOil Kenya,DPK,2026-04-26,171294
INV-43823,DISP-06329,OMC-017,KAA Aviation,HFO,2026-03-08,199429
INV-75707,DISP-06641,OMC-007,Kobil,AGO,2026-05-03,53586
INV-35353,DISP-02062,OMC-008,National Oil,JETA1,,70977
INV-98869,DISP-05275,OMC-016,KPA Marine,PMS,2025-07-15,176527
INV-99422,DISP-07646,OMC-005,PetroOil Kenya,HFO,03/05/2026,57530
INV-70886,DISP-03353,OMC-004,Gulf Energy,LUB,2026-04-20,23784
INV-73153,DISP-02821,OMC-011,Hass Petroleum,LUB,2025-10-31,56475
INV-26859,DISP-06899,OMC-006,Hashi Energy,DPK,2026-01-08,203327
INV-43973,DISP-06964,OMC-010,Tamoil,LUB,2025-12-01,128880
INV-52605,DISP-06341,OMC-015,Mombasa Petroleum,LUB,2025-03-10,151572
INV-11017,DISP-09960,OMC-015,Mombasa Petroleum,DPK,2025-01-15,27779
INV-51569,DISP-03813,OMC-011,Hass Petroleum,JETA1,2025-01-07,134031
INV-18225,DISP-03034,OMC-012,Galana Energies,AGO,2026-05-02,47611
INV-55090,DISP-05996,OMC-009,Dalbit Petroleum,LPG,2025-03-01,59716
INV-41845,DISP-08476,OMC-005,PetroOil Kenya,AGO,2026-04-12,73450
INV-91883,DISP-02043,OMC-008,National Oil,AGO,05/03/2026,65466
INV-83149,DISP-05702,OMC-003,Rubis Energy,LPG,2025-05-18,265920
INV-93469,DISP-03088,OMC-016,KPA Marine,JETA1,2025-01-07,41338
INV-31870,DISP-05620,OMC-005,PetroOil Kenya,AGO,2026-03-12,149625
INV-66458,DISP-00275,OMC-018,Uganda National Oil,AGO,2025-08-20,166472
INV-16729,DISP-01549,OMC-018,Uganda National Oil,AGO,2025-02-09,131190
INV-73699,DISP-05547,OMC-018,Uganda National Oil,HFO,2025-12-26,146241
INV-30515,DISP-07181,OMC-020,Ethiopian Oil,PMS,15/06/2026,62393
INV-21683,DISP-03447,OMC-016,KPA Marine,LUB,2026-06-27,27657
INV-64499,DISP-06268,OMC-006,Hashi Energy,PMS,2025-12-16,33486
INV-80662,DISP-05296,OMC-010,Tamoil,LPG,2025-02-08,22771
INV-22494,DISP-03303,OMC-020,Ethiopian Oil,JETA1,2025-05-27,202469
INV-86123,DISP-05546,OMC-005,PetroOil Kenya,HFO,2026-02-06,115233
INV-89736,DISP-02126,OMC-009,Dalbit Petroleum,PMS,2026-06-17,51499
INV-63545,DISP-04377,OMC-015,Mombasa Petroleum,AGO,2025-01-28,39520
INV-63117,DISP-00096,OMC-007,Kobil,HFO,,51427
INV-26076,DISP-05304,OMC-017,KAA Aviation,HFO,24/08/2025,101861
INV-79932,DISP-05642,OMC-019,Tanzania Petroleum,PMS,2026-05-26,115933
INV-19673,DISP-03368,OMC-005,PetroOil Kenya,AGO,2026-02-20,153669
INV-64876,DISP-00512,OMC-001,TotalEnergies Kenya,LUB,2026-06-17,40024
INV-30275,DISP-05236,OMC-014,Texol Energies,JETA1,2025-11-09,173416
INV-63625,DISP-06232,OMC-002,Vivo Energy,AGO,2025-12-27,29462
INV-56863,DISP-09234,OMC-016,KPA Marine,DPK,2025-05-14,95783
INV-18729,DISP-08217,OMC-018,Uganda National Oil,PMS,2025-03-16,276327
INV-49623,DISP-01602,OMC-007,Kobil,PMS,2025-11-02," KES 153,424 "
INV-26372,DISP-02626,OMC-014,Texol Energies,DPK,2025-02-22,178507
INV-96245,DISP-03907,OMC-010,Tamoil,LPG,2026-05-07,164835
INV-14347,DISP-06753,OMC-015,Mombasa Petroleum,AGO,2025-03-02,31122
INV-84656,DISP-08624,OMC-008,National Oil,LPG,2025-10-04,103762
INV-51884,DISP-00464,OMC-018,Uganda National Oil,JETA1,2025-08-14,46796
INV-44926,DISP-00364,OMC-011,Hass Petroleum,LPG,2025-04-07,157680
INV-46791,DISP-08255,OMC-010,Tamoil,HFO,2025-12-17,271306
INV-12951,DISP-05393,OMC-013,Lake Oil,PMS,04/05/2025,184825
INV-73449,DISP-03647,OMC-001,TotalEnergies Kenya,DPK,2025-06-19,83340
INV-30179,DISP-08809,OMC-014,Texol Energies,PMS,2026-03-22,110566
INV-77431,DISP-04564,OMC-019,Tanzania Petroleum,PMS,2026-07-02,196229
INV-93070,DISP-09744,OMC-006,Hashi Energy,HFO,2026-06-23," KES 23,939 "
INV-33240,DISP-01393,OMC-011,Hass Petroleum,LPG,2025-11-27,94063
INV-36942,DISP-06986,OMC-001,TotalEnergies Kenya,PMS,2025-09-02,196513
INV-43089,DISP-04112,OMC-014,Texol Energies,HFO,2026-05-10,41025
INV-71772,DISP-04260,OMC-017,KAA Aviation,AGO,2026-05-09,23171
INV-92815,DISP-02520,OMC-005,PetroOil Kenya,PMS,2026-04-14,43354
INV-80721,DISP-00869,OMC-005,PetroOil Kenya,LUB,2026-04-16,210745
INV-76276,DISP-05349,OMC-012,Galana Energies,DPK,2026-03-05,64781
INV-32505,DISP-09396,OMC-016,KPA Marine,PMS,,49588
INV-68844,DISP-06165,OMC-012,Galana Energies,HFO,2026-03-06,138602
INV-78696,DISP-06458,OMC-018,Uganda National Oil,DPK,2026-02-25,262824
INV-32284,DISP-05170,OMC-018,Uganda National Oil,JETA1,2025-12-08,184080
INV-42081,DISP-06870,OMC-008,National Oil,AGO,2025-10-18,108025
INV-83513,DISP-05809,OMC-011,Hass Petroleum,LUB,2025-01-09,173450
INV-15594,DISP-03897,OMC-013,Lake Oil,JETA1,2026-03-23,205933
INV-13767,DISP-06532,OMC-009,Dalbit Petroleum,JETA1,2025-07-15,44403
INV-60301,DISP-06805,OMC-006,Hashi Energy,AGO,2026-03-13,53521
INV-25865,DISP-07670,OMC-018,Uganda National Oil,DPK,2025-05-09,173987
INV-30081,DISP-03291,OMC-010,Tamoil,JETA1,2025-01-22,252451
INV-88810,DISP-08848,OMC-017,KAA Aviation,PMS,2026-05-19,24605
INV-65280,DISP-04695,OMC-011,Hass Petroleum,PMS,2025-09-02,109740
INV-50213,DISP-07523,OMC-014,Texol Energies,JETA1,2025-12-12,82103
INV-11580,DISP-00943,OMC-011,Hass Petroleum,DPK,12/01/2026,154693
INV-47720,DISP-05382,OMC-005,PetroOil Kenya,LPG,2026-05-06,22977
INV-41040,DISP-00715,OMC-008,National Oil,DPK,2026-06-26,137874
INV-65896,DISP-04319,OMC-004,Gulf Energy,LUB,2026-02-24,125794
INV-82840,DISP-01322,OMC-001,TotalEnergies Kenya,AGO,2026-04-24,60971
INV-77554,DISP-06401,OMC-015,Mombasa Petroleum,DPK,2025-10-02,104599
INV-17134,DISP-01792,OMC-008,National Oil,PMS,2025-08-20,30570
INV-91952,DISP-04284,OMC-006,Hashi Energy,LPG,2026-05-15,217139
INV-32865,DISP-06988,OMC-010,Tamoil,AGO,2025-11-14,200126
INV-87623,DISP-07983,OMC-017,KAA Aviation,LUB,2026-02-16," KES 59,734 "
INV-77564,DISP-09684,OMC-007,Kobil,PMS,09/06/2025,151711
INV-92751,DISP-08077,OMC-016,KPA Marine,JETA1,2026-02-02,127573
INV-81357,DISP-07086,OMC-019,Tanzania Petroleum,AGO,2025-08-10,239437
INV-50560,DISP-03398,OMC-003,Rubis Energy,DPK,2025-09-29,127635
INV-18886,DISP-01842,OMC-017,KAA Aviation,PMS,2026-03-16,261673
INV-23310,DISP-09104,OMC-013,Lake Oil,LPG,2025-06-04,47579
INV-34301,DISP-01215,OMC-014,Texol Energies,HFO,2025-11-21,150128
INV-17260,DISP-01779,OMC-017,KAA Aviation,LPG,2026-04-05,50084
INV-18420,DISP-07240,OMC-007,Kobil,HFO,2025-06-08,102435
INV-80451,DISP-04834,OMC-009,Dalbit Petroleum,PMS,2025-09-17,119778
INV-66604,DISP-05901,OMC-019,Tanzania Petroleum,LPG,2025-11-29,288008
INV-58986,DISP-01547,OMC-008,National Oil,LUB,2025-05-01,191115
INV-68045,DISP-08948,OMC-009,Dalbit Petroleum,AGO,2026-03-17,239145
INV-82579,DISP-01647,OMC-003,Rubis Energy,AGO,2025-12-10,29888
INV-62164,DISP-05190,OMC-008,National Oil,JETA1,2025-06-17," KES 24,668 "
INV-99383,DISP-04736,OMC-012,Galana Energies,LUB,2026-05-04,47510
INV-34966,DISP-05442,OMC-011,Hass Petroleum,AGO,2025-12-08,219238
INV-45225,DISP-02823,OMC-014,Texol Energies,DPK,2025-10-30,101592
INV-61306,DISP-06591,OMC-005,PetroOil Kenya,LPG,2026-04-20,79549
INV-48120,DISP-00424,OMC-006,Hashi Energy,PMS,2026-01-22,236131
INV-13721,DISP-09270,OMC-015,Mombasa Petroleum,PMS,2026-01-09," KES 165,282 "
INV-57420,DISP-05754,OMC-009,Dalbit Petroleum,HFO,2025-08-24,230751
INV-50146,DISP-02140,OMC-014,Texol Energies,LUB,2026-06-01,65812
INV-34994,DISP-02050,OMC-002,Vivo Energy,LPG,2025-06-30,202174
INV-90898,DISP-06904,OMC-006,Hashi Energy,LUB,2026-01-19,29921
INV-22288,DISP-00778,OMC-010,Tamoil,DPK,2025-04-16,47376
INV-54755,DISP-03538,OMC-015,Mombasa Petroleum,LUB,2026-05-18,199621
INV-95851,DISP-03224,OMC-020,Ethiopian Oil,HFO,2025-01-24,156446
INV-33617,DISP-05570,OMC-010,Tamoil,JETA1,2025-03-12,145901
INV-76607,DISP-08358,OMC-003,Rubis Energy,DPK,2026-05-16,54956
INV-56611,DISP-09424,OMC-020,Ethiopian Oil,JETA1,2026-06-07,213563
INV-19572,DISP-00885,OMC-020,Ethiopian Oil,AGO,2025-06-08,132246
INV-12010,DISP-01924,OMC-010,Tamoil,AGO,2026-01-21,275948
INV-83015,DISP-08400,OMC-007,Kobil,JETA1,2025-12-14,171579
INV-46761,DISP-06801,OMC-011,Hass Petroleum,HFO,2025-07-29,196569
INV-19523,DISP-07380,OMC-018,Uganda National Oil,JETA1,2025-05-22,212596
INV-50570,DISP-05325,OMC-004,Gulf Energy,HFO,2026-04-16,174267
INV-51496,DISP-06800,OMC-017,KAA Aviation,AGO,2025-02-11,249007
INV-29835,DISP-09574,OMC-012,Galana Energies,JETA1,2026-03-12,64618
INV-38319,DISP-02860,OMC-012,Galana Energies,HFO,2026-03-10,34460
INV-53939,DISP-09627,OMC-003,Rubis Energy,AGO,2025-05-05,88036
INV-74077,DISP-01830,OMC-006,Hashi Energy,PMS,2025-02-24,279171
INV-35368,DISP-03073,OMC-019,Tanzania Petroleum,HFO,2025-04-04,230258
INV-72062,DISP-05044,OMC-016,KPA Marine,LPG,2025-11-14,81516
INV-87870,DISP-04527,OMC-003,Rubis Energy,LPG,2026-03-01,273549
INV-87744,DISP-09127,OMC-002,Vivo Energy,JETA1,2025-02-07,126864
INV-37017,DISP-05577,OMC-018,Uganda National Oil,JETA1,21/07/2025,245640
INV-75015,DISP-08243,OMC-002,Vivo Energy,HFO,2026-03-12,52767
INV-73200,DISP-03286,OMC-001,TotalEnergies Kenya,PMS,2025-03-12,189886
INV-20867,DISP-04206,OMC-013,Lake Oil,LPG,2026-01-15,163869
INV-56770,DISP-01720,OMC-019,Tanzania Petroleum,DPK,2025-02-20,143825
INV-50289,DISP-02008,OMC-018,Uganda National Oil,LPG,2026-05-10,28305
INV-11561,DISP-02963,OMC-019,Tanzania Petroleum,PMS,2025-01-14,206729
INV-68023,DISP-04538,OMC-019,Tanzania Petroleum,AGO,,47232
INV-43565,DISP-00269,OMC-007,Kobil,HFO,2025-12-07,276403
INV-33720,DISP-06404,OMC-018,Uganda National Oil,PMS,2025-03-31,226110
INV-50318,DISP-02890,OMC-015,Mombasa Petroleum,LUB,2025-06-22," KES 170,550 "
INV-94248,DISP-00975,OMC-007,Kobil,PMS,2025-05-10,51939
INV-18917,DISP-08608,OMC-003,Rubis Energy,LPG,2025-09-03,102278
INV-22193,DISP-01081,OMC-014,Texol Energies,LPG,2025-04-26,234222
INV-85131,DISP-09462,OMC-015,Mombasa Petroleum,PMS,2026-03-22,249217
INV-57831,DISP-03219,OMC-020,Ethiopian Oil,AGO,2026-04-30,132424
INV-57051,DISP-03658,OMC-003,Rubis Energy,JETA1,2025-11-16,167837
INV-13879,DISP-07264,OMC-010,Tamoil,HFO,19/04/2026,65260
INV-32858,DISP-06488,OMC-008,National Oil,PMS,2025-02-09," KES 55,734 "
INV-71609,DISP-08435,OMC-018,Uganda National Oil,LPG,2025-12-22,198212
INV-31432,DISP-00803,OMC-015,Mombasa Petroleum,DPK,2026-05-20,50166
INV-88738,DISP-01065,OMC-007,Kobil,LUB,2025-10-17,38950
INV-80625,DISP-09731,OMC-014,Texol Energies,DPK,2026-05-11,37678
INV-70426,DISP-03195,OMC-013,Lake Oil,LPG,2025-04-04,143456
INV-20503,DISP-08769,OMC-012,Galana Energies,LPG,2026-04-01,54088
INV-43040,DISP-01894,OMC-013,Lake Oil,LPG,2025-12-23,38681
INV-87672,DISP-04243,OMC-011,Hass Petroleum,PMS,2026-04-05,242489
INV-45723,DISP-00762,OMC-012,Galana Energies,LPG,2026-03-06,41200
INV-85656,DISP-04718,OMC-013,Lake Oil,AGO,2025-03-23,45671
INV-74931,DISP-03819,OMC-004,Gulf Energy,HFO,2026-02-18,28825
INV-69226,DISP-00816,OMC-010,Tamoil,PMS,2025-11-15,26922
INV-11614,DISP-08008,OMC-010,Tamoil,PMS,,27492
INV-30761,DISP-03773,OMC-004,Gulf Energy,PMS,2026-03-11,62869
INV-66343,DISP-02942,OMC-017,KAA Aviation,HFO,2026-05-28," KES 62,127 "
INV-40778,DISP-02650,OMC-019,Tanzania Petroleum,PMS,2026-01-02,63069
INV-30262,DISP-07152,OMC-012,Galana Energies,LUB,2026-04-02,179480
INV-43421,DISP-07733,OMC-008,National Oil,LPG,2025-09-02,114947
INV-82608,DISP-01923,OMC-015,Mombasa Petroleum,DPK,2025-04-12,45264
INV-15277,DISP-05596,OMC-015,Mombasa Petroleum,JETA1,2026-06-17,223833
INV-44056,DISP-03711,OMC-010,Tamoil,LUB,2026-05-12,57094
INV-23234,DISP-07506,OMC-016,KPA Marine,HFO,2025-04-24,46436
INV-80212,DISP-01956,OMC-006,Hashi Energy,LUB,2026-02-24,197699
INV-51539,DISP-06010,OMC-018,Uganda National Oil,JETA1,2025-03-20,59781
INV-59509,DISP-03608,OMC-013,Lake Oil,DPK,2026-01-26,105350
INV-29643,DISP-01256,OMC-004,Gulf Energy,AGO,2026-03-30,185596
INV-84859,DISP-09728,OMC-006,Hashi Energy,PMS,2025-02-15,278625
INV-49569,DISP-07248,OMC-010,Tamoil,AGO,2025-09-25,81669
INV-93369,DISP-07320,OMC-003,Rubis Energy,DPK,2025-07-06,57112
INV-69172,DISP-06982,OMC-016,KPA Marine,DPK,2025-06-28,153103
INV-74196,DISP-00327,OMC-003,Rubis Energy,AGO,2025-12-18,251838
INV-70378,DISP-08203,OMC-017,KAA Aviation,DPK,2025-02-16,30372
INV-42409,DISP-09814,OMC-002,Vivo Energy,JETA1,2025-11-19,146777
INV-29122,DISP-05525,OMC-008,National Oil,HFO,2026-05-27,103686
INV-13247,DISP-02726,OMC-006,Hashi Energy,LUB,2026-06-09,218752
INV-90709,DISP-06745,OMC-018,Uganda National Oil,AGO,13/06/2025,191422
INV-14031,DISP-01637,OMC-017,KAA Aviation,LPG,2026-02-07,99610
INV-93952,DISP-06299,OMC-001,TotalEnergies Kenya,LPG,2025-06-01,150489
INV-52272,DISP-04098,OMC-014,Texol Energies,LUB,2025-08-11,28687
INV-20203,DISP-08549,OMC-004,Gulf Energy,HFO,2026-04-10,146465
INV-48954,DISP-08913,OMC-012,Galana Energies,PMS,2026-03-21,129264
INV-69348,DISP-01101,OMC-004,Gulf Energy,LPG,16/02/2026,46283
INV-38199,DISP-09517,OMC-002,Vivo Energy,JETA1,2025-05-11,138799
INV-76741,DISP-05330,OMC-007,Kobil,LUB,2025-10-03,48102
INV-73523,DISP-03904,OMC-009,Dalbit Petroleum,LUB,2026-06-09,78824
INV-98073,DISP-02429,OMC-015,Mombasa Petroleum,AGO,2025-08-10,167979
INV-11123,DISP-07299,OMC-018,Uganda National Oil,DPK,2025-12-24,34813
INV-77611,DISP-05964,OMC-002,Vivo Energy,HFO,2026-05-14,155224
INV-40281,DISP-00016,OMC-009,Dalbit Petroleum,JETA1,2026-06-03,80047
INV-90732,DISP-07187,OMC-003,Rubis Energy,AGO,2026-06-13,162839
INV-22171,DISP-05782,OMC-019,Tanzania Petroleum,AGO,2025-10-27,57159
INV-98578,DISP-08565,OMC-004,Gulf Energy,DPK,2026-04-30,29483
INV-79694,DISP-02366,OMC-010,Tamoil,HFO,12/08/2025,24258
INV-89516,DISP-08691,OMC-004,Gulf Energy,PMS,2026-03-14,151831
INV-97586,DISP-04878,OMC-016,KPA Marine,HFO,2025-06-17,41643
INV-80621,DISP-02013,OMC-012,Galana Energies,AGO,2026-03-24,85322
INV-57326,DISP-06628,OMC-011,Hass Petroleum,JETA1,28/11/2025,238441
INV-86975,DISP-07016,OMC-013,Lake Oil,AGO,2025-05-16,193504
INV-90586,DISP-03382,OMC-013,Lake Oil,HFO,2025-12-06,166171
INV-45916,DISP-02896,OMC-020,Ethiopian Oil,LPG,2026-05-10,157177
INV-98803,DISP-04256,OMC-002,Vivo Energy,HFO,2025-03-04,121654
INV-75542,DISP-04886,OMC-020,Ethiopian Oil,LPG,2025-09-07," KES 61,157 "
INV-74136,DISP-03746,OMC-013,Lake Oil,LPG,2025-09-03,24796
INV-90906,DISP-04502,OMC-012,Galana Energies,DPK,2026-05-02,179236
INV-27202,DISP-01477,OMC-015,Mombasa Petroleum,LPG,2025-09-29,80027
INV-87554,DISP-05004,OMC-008,National Oil,LPG,2025-12-05,49656
INV-75793,DISP-06537,OMC-017,KAA Aviation,AGO,2026-02-16,288547
INV-92930,DISP-04533,OMC-007,Kobil,DPK,25/01/2026,58144
INV-57973,DISP-04398,OMC-001,TotalEnergies Kenya,PMS,2025-11-18,221887
INV-79535,DISP-08986,OMC-007,Kobil,AGO,,218129
INV-78013,DISP-01171,OMC-006,Hashi Energy,HFO,2025-08-08,51859
INV-25569,DISP-07885,OMC-005,PetroOil Kenya,AGO,2026-03-13," KES 58,599 "
INV-69390,DISP-00474,OMC-008,National Oil,PMS,2025-09-19,262352
INV-28411,DISP-02748,OMC-019,Tanzania Petroleum,LPG,2025-05-03,36603
INV-86688,DISP-07275,OMC-017,KAA Aviation,HFO,2025-03-10," KES 61,779 "
INV-23195,DISP-04824,OMC-007,Kobil,DPK,2025-11-09,104380
INV-71698,DISP-01347,OMC-016,KPA Marine,LUB,2026-05-27,288788
INV-79467,DISP-05936,OMC-009,Dalbit Petroleum,AGO,2026-06-22,39312
INV-18586,DISP-02342,OMC-011,Hass Petroleum,AGO,2026-05-04,52667
INV-87925,DISP-07777,OMC-016,KPA Marine,LPG,2026-01-20,54268
INV-47527,DISP-06249,OMC-010,Tamoil,LPG,05/09/2025,60594
INV-52713,DISP-07897,OMC-020,Ethiopian Oil,JETA1,2025-08-18,293551
INV-69176,DISP-07379,OMC-019,Tanzania Petroleum,JETA1,2026-01-14,155860
INV-27395,DISP-00926,OMC-013,Lake Oil,AGO,,36086
INV-12315,DISP-05402,OMC-006,Hashi Energy,DPK,2025-01-20,49524
INV-35913,DISP-09625,OMC-005,PetroOil Kenya,LPG,2026-04-03,48747
INV-11085,DISP-03861,OMC-020,Ethiopian Oil,LPG,2026-04-15,148625
INV-14525,DISP-01778,OMC-015,Mombasa Petroleum,PMS,2025-03-27,175634
INV-13454,DISP-09233,OMC-007,Kobil,DPK,2025-09-03,165084
INV-96288,DISP-06435,OMC-009,Dalbit Petroleum,DPK,2026-06-27,255450
INV-89513,DISP-09516,OMC-013,Lake Oil,AGO,2025-11-13,201043
INV-38059,DISP-02806,OMC-011,Hass Petroleum,LUB,2025-09-08,226215
INV-14356,DISP-06502,OMC-014,Texol Energies,AGO,2025-09-24,125796
INV-63862,DISP-02677,OMC-006,Hashi Energy,AGO,2025-12-30," KES 38,505 "
INV-32143,DISP-03192,OMC-006,Hashi Energy,PMS,2026-06-27,238619
INV-54577,DISP-02416,OMC-001,TotalEnergies Kenya,HFO,2025-11-20,136694
INV-63468,DISP-05728,OMC-013,Lake Oil,LUB,2025-02-27,57206
INV-16998,DISP-06058,OMC-002,Vivo Energy,PMS,2026-06-25,103145
INV-16194,DISP-05473,OMC-014,Texol Energies,LUB,2025-05-14," KES 157,805 "
INV-56878,DISP-01805,OMC-016,KPA Marine,HFO,2025-08-29,36202
INV-68832,DISP-07400,OMC-013,Lake Oil,PMS,2025-06-13,30835
INV-12255,DISP-03069,OMC-010,Tamoil,AGO,2026-05-18,244376
INV-73531,DISP-09686,OMC-011,Hass Petroleum,AGO,2025-06-23,182883
INV-50841,DISP-03765,OMC-015,Mombasa Petroleum,JETA1,2025-06-17,149824
INV-42644,DISP-01922,OMC-009,Dalbit Petroleum,LPG,2025-05-05,130464
INV-92541,DISP-07972,OMC-012,Galana Energies,JETA1,2026-03-15,53284
INV-86030,DISP-09370,OMC-003,Rubis Energy,DPK,2025-12-30," KES 37,448 "
INV-41797,DISP-06911,OMC-005,PetroOil Kenya,JETA1,2026-02-15,153531
INV-28328,DISP-05608,OMC-002,Vivo Energy,LPG,2025-02-18,26148
INV-67935,DISP-07029,OMC-012,Galana Energies,LUB,,80725
INV-73990,DISP-05568,OMC-012,Galana Energies,DPK,2026-03-08,183233
INV-54296,DISP-02044,OMC-003,Rubis Energy,PMS,2026-06-25,57585
INV-57119,DISP-02255,OMC-003,Rubis Energy,LUB,2025-09-24,104810
INV-73243,DISP-02333,OMC-007,Kobil,PMS,2025-04-16,37045
INV-64831,DISP-07213,OMC-004,Gulf Energy,LPG,2026-04-13,61936
INV-75939,DISP-09699,OMC-001,TotalEnergies Kenya,LPG,2025-11-17,104670
INV-62649,DISP-04066,OMC-010,Tamoil,LUB,2025-10-08,105309
INV-81563,DISP-09623,OMC-008,National Oil,PMS,2025-05-24," KES 47,200 "
INV-94054,DISP-09593,OMC-014,Texol Energies,LUB,2026-02-22,229013
INV-15898,DISP-03153,OMC-001,TotalEnergies Kenya,PMS,2026-03-25,22368
INV-88479,DISP-03508,OMC-011,Hass Petroleum,JETA1,2026-06-06,32767
INV-60534,DISP-01798,OMC-002,Vivo Energy,PMS,2026-03-15,61553
INV-57173,DISP-09355,OMC-016,KPA Marine,JETA1,2025-12-05,153466
INV-60991,DISP-00742,OMC-011,Hass Petroleum,PMS,2025-03-05,41623
INV-62846,DISP-03623,OMC-011,Hass Petroleum,LPG,2026-06-27,175085
INV-20698,DISP-00568,OMC-019,Tanzania Petroleum,DPK,2026-05-24,161369
INV-58254,DISP-04575,OMC-006,Hashi Energy,JETA1,2026-06-02,31174
INV-80517,DISP-01622,OMC-020,Ethiopian Oil,LPG,2025-08-20,101066
INV-86594,DISP-04887,OMC-009,Dalbit Petroleum,LPG,2026-05-23,156847
INV-88832,DISP-05592,OMC-008,National Oil,LPG,2026-01-29,178060
INV-37359,DISP-01285,OMC-014,Texol Energies,PMS,2025-12-11,34988
INV-83990,DISP-01816,OMC-013,Lake Oil,PMS,2025-04-30,38251
INV-27327,DISP-04395,OMC-006,Hashi Energy,LUB,2026-05-12,96561
INV-55416,DISP-07186,OMC-007,Kobil,JETA1,2025-10-14,49951
INV-44299,DISP-03377,OMC-009,Dalbit Petroleum,HFO,2025-11-11,87195
INV-85977,DISP-04374,OMC-005,PetroOil Kenya,LUB,2026-02-21,64283
INV-69472,DISP-08224,OMC-015,Mombasa Petroleum,LPG,2025-06-22," KES 252,972 "
INV-78715,DISP-06970,OMC-017,KAA Aviation,LUB,2025-04-15,254975
INV-41868,DISP-01669,OMC-019,Tanzania Petroleum,AGO,2025-05-18,25612
INV-18311,DISP-06191,OMC-013,Lake Oil,LPG,2026-04-25,116027
INV-16516,DISP-05916,OMC-019,Tanzania Petroleum,LPG,2025-03-22,129831
INV-91860,DISP-04486,OMC-011,Hass Petroleum,HFO,2025-04-01,129328
INV-43934,DISP-05461,OMC-019,Tanzania Petroleum,LUB,2025-02-27,165290
INV-42044,DISP-05689,OMC-006,Hashi Energy,AGO,2026-05-11,213669
INV-88585,DISP-01941,OMC-019,Tanzania Petroleum,DPK,2025-02-04,34066
INV-71525,DISP-03060,OMC-015,Mombasa Petroleum,DPK,2026-02-05,48318
INV-60496,DISP-00687,OMC-019,Tanzania Petroleum,HFO,2026-03-22,40736
INV-55746,DISP-07395,OMC-012,Galana Energies,LUB,,40561
INV-16740,DISP-04875,OMC-008,National Oil,LPG,2025-06-15,61213
INV-21856,DISP-06162,OMC-017,KAA Aviation,PMS,2026-05-09,160401
INV-48981,DISP-09119,OMC-004,Gulf Energy,PMS,2026-04-27,163573
INV-32256,DISP-00551,OMC-015,Mombasa Petroleum,AGO,2025-07-20,93413
INV-68573,DISP-04254,OMC-018,Uganda National Oil,HFO,2025-11-06,150205
INV-56269,DISP-04452,OMC-015,Mombasa Petroleum,AGO,2025-11-24,56998
INV-33969,DISP-03260,OMC-018,Uganda National Oil,PMS,2025-02-22,32195
INV-26559,DISP-02031,OMC-008,National Oil,DPK,2025-09-02,30458
INV-36873,DISP-00597,OMC-016,KPA Marine,LPG,2026-06-14,239568
INV-96725,DISP-08473,OMC-013,Lake Oil,HFO,2026-06-03,30049
INV-22486,DISP-01053,OMC-018,Uganda National Oil,LUB,25/07/2025,109145
INV-19139,DISP-01630,OMC-001,TotalEnergies Kenya,LPG,2026-02-03,39141
INV-32011,DISP-04689,OMC-008,National Oil,LUB,26/06/2025,228994
INV-41226,DISP-05926,OMC-007,Kobil,PMS,2025-06-28,255137
INV-35368,DISP-03073,OMC-019,Tanzania Petroleum,HFO,2025-04-04,230258
INV-97757,DISP-05846,OMC-007,Kobil,JETA1,2025-02-22,36521
INV-33841,DISP-00741,OMC-020,Ethiopian Oil,LPG,2026-06-01,47742
INV-78543,DISP-09467,OMC-015,Mombasa Petroleum,PMS,2025-04-02,166827
INV-72468,DISP-07097,OMC-007,Kobil,LUB,2025-11-05,43971
INV-74050,DISP-05861,OMC-006,Hashi Energy,AGO,2025-04-20,60339
INV-90812,DISP-07587,OMC-009,Dalbit Petroleum,JETA1,2025-08-21,40861
INV-78189,DISP-08418,OMC-006,Hashi Energy,HFO,2025-05-30," KES 283,136 "
INV-61041,DISP-00379,OMC-015,Mombasa Petroleum,HFO,2026-01-03,24323
INV-57163,DISP-08978,OMC-014,Texol Energies,LPG,2025-05-03,35244
INV-80254,DISP-08196,OMC-012,Galana Energies,HFO,2026-03-21,234049
INV-44484,DISP-01298,OMC-020,Ethiopian Oil,HFO,2025-11-13,33493
INV-61462,DISP-02817,OMC-012,Galana Energies,PMS,2026-03-15,52924
INV-65987,DISP-08702,OMC-012,Galana Energies,AGO,2026-04-17,223777
INV-88934,DISP-01115,OMC-017,KAA Aviation,HFO,,26097
INV-16612,DISP-00828,OMC-014,Texol Energies,DPK,2025-05-06,191435
INV-98854,DISP-04879,OMC-018,Uganda National Oil,PMS,2026-03-25,287141
INV-23376,DISP-01203,OMC-004,Gulf Energy,DPK,2026-04-01,60493
INV-31500,DISP-09178,OMC-020,Ethiopian Oil,PMS,2025-03-13,29817
INV-83067,DISP-02138,OMC-019,Tanzania Petroleum,JETA1,2026-04-09,289652
INV-41572,DISP-02615,OMC-009,Dalbit Petroleum,JETA1,2025-04-23,103729
INV-69931,DISP-08862,OMC-019,Tanzania Petroleum,DPK,2025-09-02,136794
INV-19926,DISP-09768,OMC-007,Kobil,PMS,2025-09-05,27789
INV-97958,DISP-09122,OMC-015,Mombasa Petroleum,JETA1,2026-05-14,283528
INV-30689,DISP-08524,OMC-014,Texol Energies,LPG,2025-06-29,48685
INV-49992,DISP-01006,OMC-009,Dalbit Petroleum,JETA1,2025-02-27,150285
INV-97082,DISP-06141,OMC-014,Texol Energies,AGO,2025-12-19," KES 115,226 "
INV-95839,DISP-08114,OMC-005,PetroOil Kenya,AGO,2026-03-25,201128
INV-58364,DISP-03238,OMC-012,Galana Energies,DPK,2026-04-30,125573
INV-97162,DISP-01202,OMC-019,Tanzania Petroleum,HFO,2026-03-16,28820
INV-87808,DISP-01993,OMC-010,Tamoil,HFO,2025-12-21,36022
INV-25654,DISP-02192,OMC-009,Dalbit Petroleum,LPG,2026-06-06,152757
INV-71663,DISP-02473,OMC-006,Hashi Energy,PMS,2026-04-28,249776
INV-60617,DISP-04742,OMC-003,Rubis Energy,AGO,2025-03-22,216640
INV-92004,DISP-01199,OMC-015,Mombasa Petroleum,LUB,2026-06-05,33261
INV-87258,DISP-00268,OMC-010,Tamoil,AGO,2026-05-24,44322
INV-73351,DISP-07510,OMC-017,KAA Aviation,AGO,2025-07-31,54078
INV-20281,DISP-01605,OMC-013,Lake Oil,HFO,2025-11-05,76645
INV-15395,DISP-08042,OMC-020,Ethiopian Oil,JETA1,2025-08-04,31128
INV-93621,DISP-06743,OMC-002,Vivo Energy,HFO,2025-06-13,24278
INV-32423,DISP-02652,OMC-016,KPA Marine,AGO,2025-09-20,280675
INV-16220,DISP-03187,OMC-014,Texol Energies,DPK,2025-07-16,119202
INV-21005,DISP-00266,OMC-015,Mombasa Petroleum,DPK,2025-08-20,123202
INV-47670,DISP-00027,OMC-017,KAA Aviation,LUB,2026-04-27,225066
INV-89329,DISP-02003,OMC-001,TotalEnergies Kenya,LUB,2026-07-08,220324
INV-21081,DISP-00061,OMC-015,Mombasa Petroleum,HFO,2025-10-25," KES 158,856 "
INV-92284,DISP-03513,OMC-014,Texol Energies,PMS,2026-01-13,48202
INV-88843,DISP-04152,OMC-013,Lake Oil,DPK,2025-11-26,107831
INV-10767,DISP-00149,OMC-007,Kobil,PMS,2026-01-17,156312
INV-80703,DISP-09067,OMC-018,Uganda National Oil,PMS,2025-08-14,285918
INV-60373,DISP-09180,OMC-013,Lake Oil,AGO,2025-01-18,179982
INV-44589,DISP-06022,OMC-014,Texol Energies,JETA1,2026-03-24,129366
INV-30633,DISP-01133,OMC-008,National Oil,PMS,2025-09-08,101670
INV-76785,DISP-08564,OMC-017,KAA Aviation,HFO,2026-05-04,53621
INV-56415,DISP-04202,OMC-007,Kobil,LPG,2025-02-22,271163
INV-35510,DISP-05812,OMC-005,PetroOil Kenya,HFO,2026-03-13,63134
INV-65516,DISP-06730,OMC-005,PetroOil Kenya,DPK,2026-03-15,40058
INV-34075,DISP-06198,OMC-014,Texol Energies,PMS,2025-08-12," KES 26,903 "
INV-96626,DISP-01423,OMC-007,Kobil,HFO,2026-06-06,185391
INV-70133,DISP-00004,OMC-004,Gulf Energy,DPK,2026-04-27,44086
INV-71494,DISP-07874,OMC-002,Vivo Energy,DPK,2026-01-26,210403
INV-17981,DISP-08716,OMC-014,Texol Energies,DPK,2026-06-13,131812
INV-23244,DISP-03292,OMC-018,Uganda National Oil,LPG,2026-06-26,44499
INV-75291,DISP-06780,OMC-006,Hashi Energy,AGO,2026-01-02,56772
INV-30403,DISP-00969,OMC-018,Uganda National Oil,JETA1,2025-01-13,53939
INV-18628,DISP-06864,OMC-015,Mombasa Petroleum,DPK,2026-02-07,46506
INV-93805,DISP-03114,OMC-011,Hass Petroleum,AGO,2026-04-11,277643
INV-52505,DISP-01230,OMC-008,National Oil,LPG,2025-12-09,42424
INV-87329,DISP-09116,OMC-015,Mombasa Petroleum,LUB,2025-01-03,170079
INV-75660,DISP-03688,OMC-018,Uganda National Oil,DPK,02/11/2025,33545
INV-50397,DISP-00584,OMC-009,Dalbit Petroleum,JETA1,2026-05-09,180059
INV-98596,DISP-03113,OMC-006,Hashi Energy,LUB,10/05/2026,138928
INV-96770,DISP-04231,OMC-008,National Oil,AGO,2026-06-10,100084
INV-67341,DISP-09453,OMC-004,Gulf Energy,JETA1,2026-03-26,258009
INV-94616,DISP-02349,OMC-020,Ethiopian Oil,DPK,2025-07-16,95690
INV-17797,DISP-01716,OMC-011,Hass Petroleum,LPG,2025-10-29,282372
INV-82102,DISP-08175,OMC-005,PetroOil Kenya,JETA1,,173879
INV-24595,DISP-01921,OMC-012,Galana Energies,DPK,2026-04-06,124632
INV-10552,DISP-04099,OMC-008,National Oil,DPK,2025-05-27,144300
INV-12530,DISP-01294,OMC-012,Galana Energies,AGO,2026-04-30,32469
INV-34970,DISP-06922,OMC-017,KAA Aviation,DPK,2025-05-31,259850
INV-73431,DISP-01131,OMC-013,Lake Oil,LPG,2026-05-01,136806
INV-88029,DISP-06886,OMC-018,Uganda National Oil,JETA1,2025-11-04,42345
INV-73530,DISP-09530,OMC-004,Gulf Energy,PMS,2026-03-19,116935
INV-54702,DISP-07430,OMC-019,Tanzania Petroleum,HFO,2026-01-24," KES 25,195 "
INV-20327,DISP-08290,OMC-012,Galana Energies,DPK,2026-04-19,238730
INV-78418,DISP-03298,OMC-012,Galana Energies,PMS,2026-03-07,28803
INV-46995,DISP-09664,OMC-003,Rubis Energy,DPK,2025-03-28,28160
INV-47565,DISP-03446,OMC-018,Uganda National Oil,DPK,,270643
INV-12989,DISP-07163,OMC-015,Mombasa Petroleum,DPK,2025-10-22," KES 21,988 "
INV-89424,DISP-00628,OMC-020,Ethiopian Oil,DPK,2026-05-21,89627
INV-14209,DISP-00595,OMC-016,KPA Marine,DPK,02/05/2026,191994
INV-41099,DISP-05097,OMC-009,Dalbit Petroleum,LUB,2026-04-26,27745
INV-36255,DISP-04563,OMC-016,KPA Marine,LPG,2026-04-01,119980
INV-65874,DISP-02168,OMC-008,National Oil,DPK,2026-07-01,169012
INV-35988,DISP-02379,OMC-019,Tanzania Petroleum,HFO,2025-05-03,276840
INV-37430,DISP-08143,OMC-020,Ethiopian Oil,PMS,2025-04-28,40936
INV-95623,DISP-08577,OMC-004,Gulf Energy,JETA1,2026-03-06,43876
INV-73538,DISP-02070,OMC-010,Tamoil,HFO,2026-01-13,179511
INV-18026,DISP-06199,OMC-006,Hashi Energy,LUB,2026-04-30,52483
INV-46027,DISP-00404,OMC-009,Dalbit Petroleum,LPG,2026-04-05,148092
INV-67560,DISP-03741,OMC-001,TotalEnergies Kenya,AGO,2025-12-08,54500
INV-12416,DISP-05621,OMC-017,KAA Aviation,JETA1,2025-10-31,89376
INV-65710,DISP-03547,OMC-016,KPA Marine,HFO,2025-07-27,25093
INV-75000,DISP-02378,OMC-011,Hass Petroleum,HFO,2025-05-07,43960
INV-33736,DISP-04467,OMC-001,TotalEnergies Kenya,AGO,2025-12-28,33316
INV-16441,DISP-07502,OMC-003,Rubis Energy,DPK,2026-02-04,55163
INV-65369,DISP-04909,OMC-007,Kobil,AGO,2026-06-27,88163
INV-24843,DISP-02863,OMC-010,Tamoil,LUB,2025-09-10,141250
INV-76402,DISP-03609,OMC-018,Uganda National Oil,DPK,2025-08-10," KES 139,909 "
INV-50264,DISP-05998,OMC-008,National Oil,DPK,2025-05-28,49364
INV-43341,DISP-02691,OMC-013,Lake Oil,LUB,2025-10-15,103824
INV-43442,DISP-05268,OMC-015,Mombasa Petroleum,LPG,2026-03-24,53671
INV-86738,DISP-09327,OMC-009,Dalbit Petroleum,LUB,2025-08-19,76754
INV-28300,DISP-07357,OMC-011,Hass Petroleum,AGO,2025-03-14,136992
INV-86853,DISP-06873,OMC-007,Kobil,LUB,2025-12-21,181367
INV-79304,DISP-07904,OMC-001,TotalEnergies Kenya,DPK,2026-01-18,155599
INV-38278,DISP-07166,OMC-004,Gulf Energy,AGO,2026-02-27,296678
INV-38300,DISP-00478,OMC-005,PetroOil Kenya,JETA1,2026-04-24,32738
INV-24146,DISP-09851,OMC-001,TotalEnergies Kenya,LUB,2025-05-03,132325
INV-78040,DISP-01149,OMC-011,Hass Petroleum,JETA1,2025-09-05,81494
INV-75976,DISP-02593,OMC-020,Ethiopian Oil,LUB,2026-06-21,31420
INV-60668,DISP-09994,OMC-002,Vivo Energy,JETA1,2025-09-27,49676
INV-26791,DISP-03096,OMC-018,Uganda National Oil,AGO,2026-05-19,164336
INV-41207,DISP-07537,OMC-006,Hashi Energy,LPG,2025-09-10,24085
INV-21513,DISP-00605,OMC-002,Vivo Energy,LUB,2025-11-29,40443
INV-38550,DISP-09511,OMC-020,Ethiopian Oil,AGO,2025-08-14,169406
INV-84025,DISP-08681,OMC-001,TotalEnergies Kenya,LUB,2025-05-27,247381
INV-72690,DISP-00752,OMC-011,Hass Petroleum,JETA1,2025-10-01,234916
INV-14782,DISP-07136,OMC-015,Mombasa Petroleum,JETA1,2026-01-29,53321
INV-46631,DISP-00626,OMC-012,Galana Energies,AGO,2026-02-12,215219
INV-19721,DISP-00633,OMC-020,Ethiopian Oil,PMS,2025-01-15,134962
INV-14688,DISP-02875,OMC-011,Hass Petroleum,DPK,2025-05-20,196080
INV-99551,DISP-09817,OMC-017,KAA Aviation,HFO,,237205
INV-74821,DISP-00546,OMC-020,Ethiopian Oil,AGO,2026-04-02,159638
INV-22421,DISP-01646,OMC-016,KPA Marine,JETA1,2026-01-17,26493
INV-28465,DISP-07857,OMC-003,Rubis Energy,AGO,2026-01-18,51616
INV-40820,DISP-00312,OMC-020,Ethiopian Oil,LPG,2025-07-24,188838
INV-35109,DISP-05083,OMC-019,Tanzania Petroleum,PMS,,55976
INV-11591,DISP-00039,OMC-009,Dalbit Petroleum,JETA1,2025-01-12,249986
INV-82081,DISP-05624,OMC-013,Lake Oil,JETA1,2025-09-17,263953
INV-59157,DISP-08987,OMC-007,Kobil,DPK,2025-04-09,164285
INV-66740,DISP-00815,OMC-019,Tanzania Petroleum,LUB,2025-05-30,52479
INV-83415,DISP-03949,OMC-006,Hashi Energy,HFO,2026-02-24,197923
INV-10316,DISP-02338,OMC-012,Galana Energies,LUB,2026-03-20,32855
INV-71535,DISP-05495,OMC-019,Tanzania Petroleum,PMS,2026-06-03,42270
INV-30591,DISP-02119,OMC-016,KPA Marine,LPG,2025-04-16,152456
INV-67402,DISP-07464,OMC-018,Uganda National Oil,LUB,2026-04-02,288087
INV-89901,DISP-01286,OMC-019,Tanzania Petroleum,PMS,2025-04-13,61358
INV-57840,DISP-08208,OMC-006,Hashi Energy,DPK,2026-01-22,62913
INV-53153,DISP-06653,OMC-008,National Oil,HFO,2025-12-09,148729
INV-20874,DISP-03281,OMC-011,Hass Petroleum,LUB,2026-03-16,199183
INV-12823,DISP-02880,OMC-015,Mombasa Petroleum,JETA1,2026-06-24,154998
INV-68571,DISP-06333,OMC-010,Tamoil,DPK,2025-08-10,35399
INV-14267,DISP-08480,OMC-012,Galana Energies,HFO,2026-03-24,237132
INV-82534,DISP-01354,OMC-001,TotalEnergies Kenya,LUB,22/07/2025,34397
INV-11693,DISP-09739,OMC-007,Kobil,JETA1,2026-01-16,136392
INV-43807,DISP-02561,OMC-015,Mombasa Petroleum,LUB,2026-03-10," KES 155,199 "
INV-30887,DISP-07416,OMC-003,Rubis Energy,JETA1,2026-04-22,25750
INV-93087,DISP-05254,OMC-003,Rubis Energy,AGO,2026-07-05," KES 118,237 "
INV-51840,DISP-00219,OMC-003,Rubis Energy,AGO,2025-12-17,271430
INV-25967,DISP-02772,OMC-012,Galana Energies,DPK,2026-02-12,164773
INV-30104,DISP-04542,OMC-013,Lake Oil,HFO,2025-04-22," KES 235,916 "
INV-20281,DISP-01605,OMC-013,Lake Oil,HFO,2025-11-05,76645
INV-89289,DISP-00370,OMC-019,Tanzania Petroleum,JETA1,2025-02-02,239948
INV-79118,DISP-06209,OMC-020,Ethiopian Oil,LPG,2025-09-25,132791
INV-31458,DISP-08513,OMC-008,National Oil,LUB,2025-08-16,53986
INV-73753,DISP-03877,OMC-008,National Oil,LPG,2025-03-20,123345
INV-20176,DISP-08680,OMC-017,KAA Aviation,AGO,2026-03-04,55988
INV-21924,DISP-03118,OMC-018,Uganda National Oil,LUB,2026-03-15,157991
INV-91039,DISP-07157,OMC-004,Gulf Energy,LPG,2026-02-07,56086
INV-86172,DISP-09410,OMC-014,Texol Energies,DPK,2025-06-30,161899
INV-28929,DISP-01945,OMC-014,Texol Energies,DPK,2026-01-09,207892
INV-38436,DISP-09868,OMC-016,KPA Marine,HFO,2025-01-26,188517
INV-28405,DISP-09459,OMC-008,National Oil,DPK,16/06/2025,208831
INV-40655,DISP-07706,OMC-007,Kobil,LUB,04/04/2026,155103
INV-57907,DISP-07763,OMC-004,Gulf Energy,JETA1,2026-03-17,296923
INV-24435,DISP-07685,OMC-008,National Oil,HFO,2025-05-31,236069
INV-26047,DISP-04643,OMC-015,Mombasa Petroleum,HFO,13/09/2025,221734
INV-61158,DISP-00125,OMC-007,Kobil,AGO,2026-02-27,172060
INV-82240,DISP-01780,OMC-011,Hass Petroleum,DPK,2025-01-21,44763
INV-61723,DISP-04558,OMC-019,Tanzania Petroleum,DPK,2026-01-05,24650
INV-37306,DISP-08748,OMC-013,Lake Oil,HFO,2026-06-23,156458
INV-47416,DISP-01069,OMC-016,KPA Marine,AGO,2026-02-06," KES 57,288 "
INV-82796,DISP-06727,OMC-001,TotalEnergies Kenya,LPG,2025-12-24,137030
INV-31804,DISP-07828,OMC-013,Lake Oil,AGO,2025-04-07,250882
INV-84687,DISP-04457,OMC-001,TotalEnergies Kenya,HFO,2026-01-31,33266
INV-13734,DISP-00948,OMC-006,Hashi Energy,JETA1,,225032
INV-65635,DISP-04356,OMC-010,Tamoil,HFO,2025-11-21,61221
INV-38250,DISP-00217,OMC-001,TotalEnergies Kenya,JETA1,2025-02-25," KES 157,708 "
INV-19794,DISP-01188,OMC-017,KAA Aviation,PMS,2025-12-31,25008
INV-97755,DISP-00283,OMC-003,Rubis Energy,LPG,2026-02-15,54407
INV-32258,DISP-00847,OMC-017,KAA Aviation,JETA1,2026-01-26,42643
INV-78572,DISP-02095,OMC-020,Ethiopian Oil,JETA1,2025-06-03,28373
INV-80318,DISP-09942,OMC-016,KPA Marine,HFO,2025-06-26,158038
INV-55235,DISP-05616,OMC-011,Hass Petroleum,HFO,2026-07-04,149659
INV-89219,DISP-03823,OMC-009,Dalbit Petroleum,LPG,2025-02-04,109255
INV-79390,DISP-05793,OMC-001,TotalEnergies Kenya,LPG,2025-05-24,30858
INV-33531,DISP-06866,OMC-002,Vivo Energy,LPG,2025-01-31,207524
INV-97830,DISP-06418,OMC-009,Dalbit Petroleum,HFO,2026-05-16,127539
INV-76740,DISP-06625,OMC-001,TotalEnergies Kenya,HFO,2026-07-03,147836
INV-55992,DISP-00222,OMC-009,Dalbit Petroleum,DPK,06/04/2025,39105
INV-23328,DISP-04853,OMC-007,Kobil,LUB,2025-11-14,148165
INV-55903,DISP-07426,OMC-001,TotalEnergies Kenya,DPK,2026-06-06,51717
INV-87708,DISP-06175,OMC-017,KAA Aviation,PMS,2026-02-11,259275
INV-57443,DISP-02021,OMC-003,Rubis Energy,LUB,2025-08-30,226638
INV-89244,DISP-05763,OMC-017,KAA Aviation,LUB,2026-06-09,54639
INV-51354,DISP-07232,OMC-001,TotalEnergies Kenya,JETA1,2025-10-01,134730
INV-79743,DISP-02820,OMC-003,Rubis Energy,AGO,2026-06-23,143520
INV-66840,DISP-07491,OMC-014,Texol Energies,HFO,2026-02-26,37006
INV-22403,DISP-01095,OMC-013,Lake Oil,LPG,2025-10-05,207833
INV-36264,DISP-03596,OMC-020,Ethiopian Oil,PMS,2026-04-28,124549
INV-96107,DISP-00508,OMC-005,PetroOil Kenya,JETA1,2026-05-02,279994
INV-58135,DISP-06608,OMC-004,Gulf Energy,DPK,20/04/2026,182119
INV-89963,DISP-01324,OMC-013,Lake Oil,LPG,2025-10-09,21306
INV-66566,DISP-03053,OMC-019,Tanzania Petroleum,AGO,2025-05-05,261380
INV-14351,DISP-00100,OMC-016,KPA Marine,PMS,2025-01-21,163694
INV-10280,DISP-07871,OMC-012,Galana Energies,LPG,2026-04-02," KES 134,060 "
INV-10087,DISP-09132,OMC-020,Ethiopian Oil,LPG,2025-10-16,27880
INV-64283,DISP-06015,OMC-010,Tamoil,JETA1,2025-04-05,101791
INV-81523,DISP-05486,OMC-005,PetroOil Kenya,JETA1,2026-04-14,228865
INV-82678,DISP-02291,OMC-003,Rubis Energy,LUB,07/05/2025,43303
INV-38724,DISP-06410,OMC-018,Uganda National Oil,AGO,2025-11-08,187809
INV-50657,DISP-04056,OMC-007,Kobil,LUB,08/02/2026,59085
INV-22729,DISP-07362,OMC-012,Galana Energies,PMS,2026-04-30,127020
INV-59297,DISP-05775,OMC-011,Hass Petroleum,AGO,2026-02-27,300876
INV-54379,DISP-00574,OMC-002,Vivo Energy,PMS,2026-06-21,104762
INV-67279,DISP-04089,OMC-012,Galana Energies,AGO,2026-04-25,84857
INV-72237,DISP-07900,OMC-016,KPA Marine,HFO,2026-01-19," KES 108,608 "
INV-88396,DISP-02935,OMC-002,Vivo Energy,JETA1,2026-04-23,107838
INV-29038,DISP-05445,OMC-010,Tamoil,LPG,,46138
INV-29914,DISP-02716,OMC-016,KPA Marine,LPG,2025-10-29,43149
INV-89734,DISP-02277,OMC-020,Ethiopian Oil,PMS,2025-04-13,178470
INV-92533,DISP-02395,OMC-006,Hashi Energy,LUB,2026-01-18,52005
INV-82274,DISP-05639,OMC-009,Dalbit Petroleum,PMS,2025-02-03,184631
INV-36141,DISP-04339,OMC-014,Texol Energies,AGO,2026-05-28," KES 98,866 "
INV-77650,DISP-04200,OMC-019,Tanzania Petroleum,AGO,2025-04-01,258659
INV-65498,DISP-04052,OMC-015,Mombasa Petroleum,HFO,2026-06-30," KES 249,303 "
INV-95187,DISP-05531,OMC-018,Uganda National Oil,PMS,2025-08-19,188730
INV-90351,DISP-03063,OMC-008,National Oil,LUB,2025-12-25,250278
INV-22872,DISP-01042,OMC-013,Lake Oil,DPK,2025-12-04,263723
INV-35666,DISP-06340,OMC-007,Kobil,PMS,2025-10-15,38798
INV-63075,DISP-00098,OMC-004,Gulf Energy,PMS,,210792
INV-19683,DISP-07081,OMC-006,Hashi Energy,JETA1,2026-06-08,29651
INV-19911,DISP-06564,OMC-013,Lake Oil,JETA1,2025-01-08,134226
INV-84388,DISP-06828,OMC-012,Galana Energies,LPG,2026-04-07," KES 59,690 "
INV-46679,DISP-04591,OMC-019,Tanzania Petroleum,AGO,2026-04-03,54134
INV-95677,DISP-09291,OMC-001,TotalEnergies Kenya,PMS,2026-01-03,58636
INV-86434,DISP-02392,OMC-008,National Oil,PMS,2025-03-15,33260
INV-60553,DISP-08984,OMC-015,Mombasa Petroleum,LUB,2025-12-31,24682
INV-57381,DISP-07806,OMC-003,Rubis Energy,DPK,2026-02-05,105669
INV-95608,DISP-01827,OMC-004,Gulf Energy,JETA1,2026-04-16,30833
INV-30096,DISP-01397,OMC-007,Kobil,LPG,2025-05-14,30409
INV-15747,DISP-02071,OMC-015,Mombasa Petroleum,AGO,2025-08-22,250765
INV-71734,DISP-02948,OMC-002,Vivo Energy,DPK,2026-04-23,41179
INV-30138,DISP-02739,OMC-007,Kobil,AGO,2025-01-13,35841
INV-98253,DISP-03026,OMC-003,Rubis Energy,PMS,2026-06-30," KES 26,044 "
INV-60698,DISP-02705,OMC-015,Mombasa Petroleum,AGO,2026-03-28,56819
INV-22991,DISP-09641,OMC-010,Tamoil,HFO,2026-07-01,89634
INV-35871,DISP-01645,OMC-008,National Oil,AGO,2026-03-12,47531
INV-12665,DISP-04171,OMC-016,KPA Marine,AGO,2026-03-24,89517
INV-90638,DISP-00863,OMC-005,PetroOil Kenya,LPG,2026-02-12,29685
INV-16245,DISP-03405,OMC-005,PetroOil Kenya,PMS,2026-04-17,75399
INV-75787,DISP-04408,OMC-009,Dalbit Petroleum,JETA1,2026-03-19,47246
INV-14925,DISP-05400,OMC-008,National Oil,LPG,2025-02-24,90865
INV-32906,DISP-07531,OMC-011,Hass Petroleum,PMS,2025-12-02,230187
INV-41107,DISP-09018,OMC-010,Tamoil,LPG,2025-11-06,141743
INV-37983,DISP-09111,OMC-016,KPA Marine,PMS,2026-05-02," KES 181,631 "
INV-30168,DISP-03684,OMC-002,Vivo Energy,DPK,2026-03-15,242753
INV-33035,DISP-01756,OMC-002,Vivo Energy,PMS,2025-12-29,264777
INV-50039,DISP-09761,OMC-007,Kobil,DPK,2026-06-15,189428
INV-16714,DISP-04910,OMC-019,Tanzania Petroleum,HFO,2025-07-07,224974
INV-73614,DISP-05723,OMC-009,Dalbit Petroleum,LPG,2025-07-27,53734
INV-94939,DISP-03605,OMC-018,Uganda National Oil,LUB,2025-10-13,155436
INV-32288,DISP-03279,OMC-010,Tamoil,LPG,2025-12-24,173947
INV-70475,DISP-07732,OMC-019,Tanzania Petroleum,JETA1,2025-03-18,146778
INV-81387,DISP-03172,OMC-019,Tanzania Petroleum,DPK,2026-04-30,37144
INV-99786,DISP-07040,OMC-002,Vivo Energy,LUB,2026-02-12,135861
INV-60075,DISP-03724,OMC-018,Uganda National Oil,PMS,2026-07-07,59574
INV-39175,DISP-05247,OMC-012,Galana Energies,JETA1,2026-02-18,38126
INV-53764,DISP-02578,OMC-020,Ethiopian Oil,HFO,05/01/2026,55315
INV-61903,DISP-05993,OMC-013,Lake Oil,JETA1,2026-04-28,217061
INV-18612,DISP-08297,OMC-012,Galana Energies,PMS,16/02/2026,34954
INV-36095,DISP-08318,OMC-007,Kobil,LPG,06/01/2026,209298
INV-81227,DISP-09237,OMC-015,Mombasa Petroleum,AGO,2026-02-10,67318
INV-36838,DISP-08272,OMC-011,Hass Petroleum,LPG,2025-02-06,96871
INV-79275,DISP-07507,OMC-006,Hashi Energy,DPK,2025-05-10,285441
INV-76288,DISP-03300,OMC-003,Rubis Energy,LUB,2025-10-01,53608
INV-93444,DISP-05226,OMC-018,Uganda National Oil,DPK,2026-03-11,31544
INV-94517,DISP-09835,OMC-004,Gulf Energy,PMS,2026-04-27,254849
INV-67869,DISP-07954,OMC-016,KPA Marine,LUB,2026-05-11,51619
INV-56361,DISP-09696,OMC-013,Lake Oil,HFO,2025-05-25,37042
INV-83870,DISP-02186,OMC-009,Dalbit Petroleum,LUB,2026-01-28,194552
INV-26050,DISP-02583,OMC-019,Tanzania Petroleum,DPK,2025-05-18,40195
INV-62267,DISP-01625,OMC-018,Uganda National Oil,DPK,2025-02-22,89158
INV-46590,DISP-02524,OMC-015,Mombasa Petroleum,DPK,2026-02-28,43259
INV-38965,DISP-06078,OMC-013,Lake Oil,JETA1,2025-10-04,80739
INV-93596,DISP-02321,OMC-001,TotalEnergies Kenya,LPG,2025-08-30,172428
INV-61471,DISP-00309,OMC-019,Tanzania Petroleum,AGO,2025-08-25,53937
INV-24125,DISP-09145,OMC-019,Tanzania Petroleum,LUB,2025-07-21,148594
INV-41135,DISP-02714,OMC-001,TotalEnergies Kenya,LPG,2025-10-27,247691
INV-69017,DISP-05673,OMC-014,Texol Energies,PMS,2025-08-15,281870
INV-20323,DISP-06854,OMC-018,Uganda National Oil,PMS,2025-03-13,50391
INV-23915,DISP-09470,OMC-016,KPA Marine,LUB,2026-02-16,174068
INV-32911,DISP-05712,OMC-016,KPA Marine,AGO,2026-01-04,88364
INV-77022,DISP-08612,OMC-012,Galana Energies,JETA1,2026-04-23,132914
INV-71929,DISP-08747,OMC-008,National Oil,AGO,2025-01-22,202621
INV-95596,DISP-06920,OMC-008,National Oil,JETA1,2026-05-22,52003
INV-16916,DISP-07720,OMC-015,Mombasa Petroleum,AGO,2025-09-08,33573
INV-35210,DISP-01155,OMC-011,Hass Petroleum,LUB,,123880
INV-86303,DISP-05787,OMC-014,Texol Energies,JETA1,2026-05-13,292785
INV-90170,DISP-08531,OMC-018,Uganda National Oil,JETA1,2025-10-12,92371
INV-57114,DISP-04492,OMC-012,Galana Energies,DPK,2026-05-03,56880
INV-78597,DISP-03872,OMC-003,Rubis Energy,JETA1,10/11/2025,259333
INV-50419,DISP-06114,OMC-004,Gulf Energy,LPG,2026-03-26," KES 86,679 "
INV-53750,DISP-06031,OMC-006,Hashi Energy,DPK,2025-11-02,35229
INV-14473,DISP-09416,OMC-016,KPA Marine,JETA1,2025-04-20,101588
INV-98591,DISP-00138,OMC-015,Mombasa Petroleum,JETA1,2025-03-08,187001
INV-86940,DISP-04114,OMC-013,Lake Oil,JETA1,2026-04-20,126117
INV-24865,DISP-02675,OMC-015,Mombasa Petroleum,JETA1,2026-01-15,63190
INV-52875,DISP-08448,OMC-007,Kobil,PMS,2025-08-31,89719
INV-49305,DISP-02065,OMC-001,TotalEnergies Kenya,DPK,2026-03-01," KES 53,083 "
INV-71440,DISP-07228,OMC-010,Tamoil,HFO,2025-11-14,30388
INV-28469,DISP-05061,OMC-019,Tanzania Petroleum,PMS,2025-02-20," KES 130,452 "
INV-16953,DISP-02734,OMC-006,Hashi Energy,LPG,2025-11-27,35766
INV-71696,DISP-07253,OMC-017,KAA Aviation,DPK,2025-08-12,249006
INV-23279,DISP-06091,OMC-005,PetroOil Kenya,LUB,2026-04-14,43002
INV-45343,DISP-06193,OMC-017,KAA Aviation,HFO,2025-12-18," KES 208,351 "
INV-25328,DISP-07014,OMC-018,Uganda National Oil,LUB,2026-06-18,34889
INV-86968,DISP-04800,OMC-015,Mombasa Petroleum,HFO,2025-07-26,101873
INV-16298,DISP-04577,OMC-016,KPA Marine,AGO,2025-11-27," KES 144,849 "
INV-99866,DISP-01227,OMC-007,Kobil,HFO,2025-06-12,39647
INV-78230,DISP-04161,OMC-006,Hashi Energy,LUB,2025-03-05,71373
INV-74888,DISP-08206,OMC-006,Hashi Energy,AGO,2026-02-27," KES 77,578 "
INV-81018,DISP-00599,OMC-005,PetroOil Kenya,AGO,2026-04-08,285499
INV-39667,DISP-06737,OMC-019,Tanzania Petroleum,LUB,2026-06-04,30411
INV-62290,DISP-08260,OMC-010,Tamoil,LUB,2025-01-14,50165
INV-78434,DISP-07329,OMC-002,Vivo Energy,PMS,2025-12-15,33882
INV-91723,DISP-00241,OMC-006,Hashi Energy,JETA1,2026-05-19,181042
INV-39691,DISP-03427,OMC-013,Lake Oil,LPG,2025-12-30,189401
INV-14691,DISP-08543,OMC-014,Texol Energies,JETA1,2026-02-12,50545
INV-58775,DISP-06483,OMC-011,Hass Petroleum,LPG,2025-09-09,143124
INV-62407,DISP-06607,OMC-016,KPA Marine,DPK,26/09/2025,264885
INV-47465,DISP-03535,OMC-005,PetroOil Kenya,LPG,,54087
INV-24560,DISP-00385,OMC-018,Uganda National Oil,DPK,2025-10-28,148626
INV-55511,DISP-03912,OMC-003,Rubis Energy,PMS,2025-10-06,47749
INV-65413,DISP-02701,OMC-011,Hass Petroleum,AGO,2025-07-17,191643
INV-26710,DISP-06122,OMC-002,Vivo Energy,AGO,2025-08-24,24520
INV-11740,DISP-02075,OMC-015,Mombasa Petroleum,LUB,2025-04-23,29315
INV-23805,DISP-07033,OMC-020,Ethiopian Oil,LUB,2025-03-11,160352
INV-30576,DISP-04611,OMC-007,Kobil,AGO,2026-03-15,62590
INV-97959,DISP-04516,OMC-008,National Oil,PMS,2026-01-14,47112
INV-15143,DISP-02034,OMC-007,Kobil,AGO,2025-12-26,212795
INV-21490,DISP-06501,OMC-014,Texol Energies,JETA1,2026-05-10,32754
INV-42755,DISP-03914,OMC-016,KPA Marine,AGO,2025-01-10,185725
INV-93147,DISP-06356,OMC-007,Kobil,JETA1,2025-03-06,196243
INV-98029,DISP-09980,OMC-006,Hashi Energy,LPG,2026-01-20,256785
INV-92546,DISP-01768,OMC-011,Hass Petroleum,LPG,2025-10-14,47653
INV-44945,DISP-08797,OMC-002,Vivo Energy,JETA1,2025-04-19,192538
INV-88602,DISP-00094,OMC-005,PetroOil Kenya,AGO,2026-04-20,249933
INV-49816,DISP-04146,OMC-009,Dalbit Petroleum,JETA1,2025-12-03,46465
INV-31891,DISP-08738,OMC-015,Mombasa Petroleum,JETA1,2026-05-22,218230
INV-38398,DISP-07000,OMC-014,Texol Energies,DPK,2025-10-07,253107
INV-77230,DISP-03236,OMC-006,Hashi Energy,PMS,2025-02-08,82376
INV-27778,DISP-07278,OMC-003,Rubis Energy,PMS,2025-08-17,27889
INV-90380,DISP-07488,OMC-019,Tanzania Petroleum,DPK,17/04/2025,22076
INV-29540,DISP-00238,OMC-009,Dalbit Petroleum,LPG,2025-07-12,129534
INV-97518,DISP-00700,OMC-009,Dalbit Petroleum,DPK,2026-03-12,179466
INV-59454,DISP-03465,OMC-015,Mombasa Petroleum,HFO,2025-08-06,197597
INV-11264,DISP-05018,OMC-020,Ethiopian Oil,PMS,07/11/2025,21275
INV-70422,DISP-06824,OMC-012,Galana Energies,PMS,2026-04-26,123568
INV-28728,DISP-05364,OMC-002,Vivo Energy,JETA1,05/01/2026,120526
INV-14061,DISP-06302,OMC-007,Kobil,LPG,2025-06-05,24478
INV-59966,DISP-04779,OMC-003,Rubis Energy,AGO,2025-06-18,26822
INV-96655,DISP-04608,OMC-018,Uganda National Oil,JETA1,2026-04-09,27263
INV-70063,DISP-08197,OMC-004,Gulf Energy,PMS,2026-02-22,202768
INV-26335,DISP-02544,OMC-010,Tamoil,HFO,2026-01-24,28095
INV-31069,DISP-04579,OMC-019,Tanzania Petroleum,LPG,2025-03-20," KES 264,013 "
INV-83740,DISP-09142,OMC-019,Tanzania Petroleum,HFO,2026-06-17,279275
INV-80244,DISP-03672,OMC-010,Tamoil,DPK,2025-05-08,55726
INV-31789,DISP-00105,OMC-006,Hashi Energy,LPG,2026-05-25,111061
INV-38165,DISP-06124,OMC-015,Mombasa Petroleum,AGO,2025-12-15,108916
INV-56048,DISP-04905,OMC-015,Mombasa Petroleum,JETA1,2025-02-20,29613
INV-39681,DISP-09915,OMC-015,Mombasa Petroleum,PMS,2025-10-08," KES 90,491 "
INV-12754,DISP-06689,OMC-012,Galana Energies,DPK,2026-03-09,52699
INV-96587,DISP-00516,OMC-012,Galana Energies,PMS,2026-03-07,41537
INV-59209,DISP-03131,OMC-009,Dalbit Petroleum,JETA1,2025-10-10,58374
INV-52996,DISP-01954,OMC-012,Galana Energies,HFO,2026-03-27,298628
INV-19563,DISP-08273,OMC-008,National Oil,JETA1,2025-04-08,58845
INV-91991,DISP-01696,OMC-011,Hass Petroleum,AGO,2025-07-02,108861
INV-12114,DISP-01825,OMC-019,Tanzania Petroleum,JETA1,2026-02-19,226716
INV-28092,DISP-02398,OMC-002,Vivo Energy,HFO,2025-07-24,40394
INV-36958,DISP-02928,OMC-013,Lake Oil,JETA1,2025-03-01,26908
INV-94129,DISP-00160,OMC-015,Mombasa Petroleum,HFO,2026-06-13,49421
INV-55405,DISP-07477,OMC-009,Dalbit Petroleum,PMS,2025-01-27,33230
INV-10489,DISP-09587,OMC-020,Ethiopian Oil,DPK,2025-10-29,47169
INV-70962,DISP-02058,OMC-014,Texol Energies,HFO,2025-08-06,120215
INV-92823,DISP-03561,OMC-002,Vivo Energy,PMS,2026-01-25,281436
INV-83882,DISP-07946,OMC-018,Uganda National Oil,LPG,2026-02-14,125903
INV-58364,DISP-04378,OMC-005,PetroOil Kenya,AGO,2026-03-15,83773
INV-96552,DISP-07481,OMC-019,Tanzania Petroleum,PMS,2025-05-25,181551
INV-46761,DISP-00931,OMC-018,Uganda National Oil,JETA1,2025-08-25,252786
INV-42602,DISP-05777,OMC-007,Kobil,HFO,2025-05-31,158791
INV-90984,DISP-08929,OMC-016,KPA Marine,LPG,2025-12-13,170216
INV-54105,DISP-00201,OMC-014,Texol Energies,AGO,2026-01-23,111173
INV-84190,DISP-08099,OMC-016,KPA Marine,HFO,2025-03-11,24400
INV-75830,DISP-04840,OMC-016,KPA Marine,PMS,2025-03-10,44513
INV-59375,DISP-04407,OMC-013,Lake Oil,DPK,2025-05-04,252593
INV-65487,DISP-03401,OMC-011,Hass Petroleum,JETA1,2025-10-07,122702
INV-84901,DISP-00022,OMC-013,Lake Oil,LUB,2025-07-19,227824
INV-50123,DISP-05982,OMC-014,Texol Energies,DPK,2025-04-23,31095
INV-97808,DISP-07887,OMC-017,KAA Aviation,PMS,2025-10-06,45802
INV-77506,DISP-01767,OMC-002,Vivo Energy,PMS,2025-02-25,55283
INV-46644,DISP-00102,OMC-004,Gulf Energy,DPK,2026-04-20,174333
INV-10891,DISP-01927,OMC-007,Kobil,HFO,2026-03-16,106370
INV-88173,DISP-05318,OMC-017,KAA Aviation,LPG,2025-11-12,229740
INV-76702,DISP-08107,OMC-004,Gulf Energy,HFO,2026-02-04,22613
INV-39558,DISP-08546,OMC-012,Galana Energies,PMS,2026-04-25,27729
INV-65259,DISP-09110,OMC-006,Hashi Energy,HFO,2026-06-07,37299
INV-23484,DISP-04771,OMC-019,Tanzania Petroleum,PMS,2026-05-29,26117
INV-25296,DISP-05799,OMC-016,KPA Marine,AGO,,160062
INV-33062,DISP-02394,OMC-014,Texol Energies,HFO,2025-05-11,78871
INV-73661,DISP-07511,OMC-007,Kobil,AGO,2026-05-30,110492
INV-37288,DISP-02212,OMC-007,Kobil,PMS,2025-10-23,194668
INV-76622,DISP-03673,OMC-007,Kobil,HFO,2025-12-05,28822
INV-59640,DISP-09283,OMC-018,Uganda National Oil,LUB,2025-08-28,119723
INV-97301,DISP-07049,OMC-018,Uganda National Oil,HFO,2026-02-23,224336
INV-37049,DISP-05932,OMC-003,Rubis Energy,PMS,2025-12-30," KES 281,203 "
INV-63334,DISP-02874,OMC-012,Galana Energies,DPK,2026-02-10,157281
INV-52861,DISP-06499,OMC-013,Lake Oil,LUB,2026-01-25,161398
INV-54249,DISP-07281,OMC-010,Tamoil,AGO,2026-04-26,269604
INV-60478,DISP-02388,OMC-008,National Oil,LUB,2025-08-18,235453
INV-19573,DISP-04346,OMC-020,Ethiopian Oil,LPG,2025-03-11,156339
INV-35761,DISP-07875,OMC-020,Ethiopian Oil,LUB,2025-01-03,34056
INV-31799,DISP-00529,OMC-004,Gulf Energy,JETA1,2026-02-09,255545
INV-60831,DISP-02141,OMC-015,Mombasa Petroleum,HFO,2025-02-06,197674
INV-42725,DISP-04379,OMC-013,Lake Oil,AGO,20/01/2026,143606
INV-46400,DISP-03937,OMC-007,Kobil,LUB,2025-07-19,107066
INV-19250,DISP-00200,OMC-013,Lake Oil,JETA1,12/11/2025,62383
INV-66657,DISP-05853,OMC-014,Texol Energies,PMS,2026-02-15,254546
INV-23357,DISP-04503,OMC-007,Kobil,AGO,2026-04-01,53527
INV-68381,DISP-03425,OMC-016,KPA Marine,AGO,2026-03-16,88728
INV-75737,DISP-01703,OMC-019,Tanzania Petroleum,LPG,2025-11-07,147667
INV-36071,DISP-06857,OMC-012,Galana Energies,LPG,2026-03-12,48694
INV-53282,DISP-09670,OMC-001,TotalEnergies Kenya,LUB,2025-07-04,100639
INV-79806,DISP-07090,OMC-003,Rubis Energy,AGO,2025-01-07,160610
INV-25707,DISP-00562,OMC-007,Kobil,PMS,2026-03-17,95141
INV-98805,DISP-06073,OMC-016,KPA Marine,LPG,2026-01-29,210595
INV-80799,DISP-05287,OMC-013,Lake Oil,LPG,2026-02-27,203889
INV-65024,DISP-02979,OMC-016,KPA Marine,LPG,2025-10-25,189539
INV-45599,DISP-01422,OMC-015,Mombasa Petroleum,HFO,2025-10-04,54348
INV-50603,DISP-03231,OMC-007,Kobil,LUB,2026-05-11,24352
INV-41222,DISP-04239,OMC-019,Tanzania Petroleum,LPG,30/05/2026,240696
INV-63449,DISP-08044,OMC-014,Texol Energies,AGO,2025-06-10,179107
INV-19138,DISP-04332,OMC-011,Hass Petroleum,LUB,2026-06-06,130488
INV-82907,DISP-05248,OMC-010,Tamoil,PMS,2025-11-15,29680
INV-51126,DISP-05726,OMC-011,Hass Petroleum,AGO,12/09/2025,174228
INV-20539,DISP-04197,OMC-014,Texol Energies,AGO,2025-08-14,22395
INV-31196,DISP-03869,OMC-019,Tanzania Petroleum,JETA1,2026-03-06,132898
INV-39311,DISP-07817,OMC-014,Texol Energies,JETA1,2025-11-01,112542
INV-71767,DISP-04760,OMC-020,Ethiopian Oil,JETA1,2025-03-10,234779
INV-16060,DISP-03970,OMC-002,Vivo Energy,JETA1,2025-09-28,291727
INV-49850,DISP-00153,OMC-006,Hashi Energy,HFO,2025-04-22,180309
INV-29746,DISP-01224,OMC-006,Hashi Energy,AGO,2025-02-26,157431
INV-50111,DISP-02508,OMC-016,KPA Marine,LUB,2025-07-12,34573
INV-85416,DISP-08580,OMC-001,TotalEnergies Kenya,LPG,2025-03-18," KES 145,859 "
INV-16622,DISP-08232,OMC-008,National Oil,HFO,2025-04-08,294641
INV-29565,DISP-01741,OMC-017,KAA Aviation,JETA1,2025-06-26,56219
INV-21178,DISP-00596,OMC-011,Hass Petroleum,PMS,2025-04-14,122729
INV-91419,DISP-07367,OMC-002,Vivo Energy,JETA1,2025-12-19,45662
INV-43130,DISP-03852,OMC-014,Texol Energies,PMS,2025-10-19,46184
INV-45985,DISP-06635,OMC-014,Texol Energies,AGO,2026-01-08,212386
INV-90978,DISP-05138,OMC-017,KAA Aviation,LPG,2025-09-20,155300
INV-82552,DISP-05413,OMC-002,Vivo Energy,DPK,2025-03-29,120021
INV-41134,DISP-09767,OMC-005,PetroOil Kenya,LUB,2026-04-06,244405
INV-37246,DISP-01279,OMC-007,Kobil,LPG,2026-01-18,230364
INV-51349,DISP-02535,OMC-007,Kobil,HFO,2025-01-06,38226
INV-29898,DISP-01575,OMC-016,KPA Marine,LPG,2025-01-08,113685
INV-19995,DISP-03319,OMC-004,Gulf Energy,LPG,2026-03-10,47311
INV-18544,DISP-05845,OMC-015,Mombasa Petroleum,LPG,2025-07-21,42707
INV-52576,DISP-04522,OMC-006,Hashi Energy,HFO,2025-04-12,164479
INV-67040,DISP-04899,OMC-010,Tamoil,HFO,2026-04-26,160896
INV-19973,DISP-06281,OMC-007,Kobil,JETA1,2025-08-09,185844
INV-79057,DISP-09827,OMC-008,National Oil,HFO,2025-01-05,50149
INV-99114,DISP-06006,OMC-016,KPA Marine,AGO,09/08/2025,176357
INV-79344,DISP-02084,OMC-003,Rubis Energy,AGO,2025-05-29,167696
INV-38853,DISP-06045,OMC-002,Vivo Energy,HFO,2026-02-23,39479
INV-10733,DISP-07535,OMC-017,KAA Aviation,DPK,2026-05-04,226372
INV-72340,DISP-02659,OMC-005,PetroOil Kenya,DPK,2026-04-11,47505
INV-39406,DISP-03433,OMC-006,Hashi Energy,PMS,2025-01-31,53051
INV-84070,DISP-04955,OMC-003,Rubis Energy,LPG,2025-11-19,212379
INV-98933,DISP-08390,OMC-015,Mombasa Petroleum,PMS,2025-08-16,268578
INV-77237,DISP-09732,OMC-011,Hass Petroleum,LUB,2025-10-15,60628
INV-45933,DISP-07929,OMC-012,Galana Energies,PMS,2026-04-28,213025
INV-68931,DISP-00938,OMC-018,Uganda National Oil,PMS,2026-03-01,61972
INV-47529,DISP-07337,OMC-007,Kobil,AGO,2025-11-06,45030
INV-65336,DISP-07082,OMC-017,KAA Aviation,LPG,2026-06-20,138176
INV-45374,DISP-05436,OMC-002,Vivo Energy,JETA1,2026-06-25,214127
INV-87887,DISP-04121,OMC-009,Dalbit Petroleum,AGO,2025-01-17,208836
INV-32681,DISP-01783,OMC-001,TotalEnergies Kenya,JETA1,2025-12-02,171576
INV-47258,DISP-08876,OMC-008,National Oil,LUB,2026-06-03,136500
INV-91461,DISP-00438,OMC-014,Texol Energies,LUB,2026-04-01,222884
INV-66698,DISP-00189,OMC-010,Tamoil,DPK,2025-02-04,55145
INV-60455,DISP-08665,OMC-007,Kobil,HFO,2026-06-17," KES 64,057 "
INV-86721,DISP-02116,OMC-017,KAA Aviation,HFO,2026-01-23,240331
INV-37864,DISP-04958,OMC-015,Mombasa Petroleum,AGO,2025-07-08,47060
INV-29730,DISP-03756,OMC-006,Hashi Energy,LUB,2025-06-16,181935
INV-79144,DISP-01182,OMC-010,Tamoil,DPK,2025-02-04,267459
INV-42440,DISP-08138,OMC-013,Lake Oil,LUB,16/11/2025,276531
INV-93845,DISP-01665,OMC-017,KAA Aviation,LUB,,37773
INV-21427,DISP-08971,OMC-002,Vivo Energy,LPG,2025-09-03,26209
INV-25703,DISP-07218,OMC-002,Vivo Energy,AGO,2025-09-03,197774
INV-74407,DISP-00758,OMC-003,Rubis Energy,JETA1,2025-09-01,47339
INV-50743,DISP-00020,OMC-015,Mombasa Petroleum,AGO,2025-12-30,153375
INV-93939,DISP-09275,OMC-020,Ethiopian Oil,PMS,2025-04-05,233822
INV-47325,DISP-06633,OMC-013,Lake Oil,LPG,,164156
INV-23578,DISP-08921,OMC-006,Hashi Energy,PMS,2025-07-12,34217
INV-59116,DISP-01306,OMC-006,Hashi Energy,LPG,2025-05-16,25845
INV-59074,DISP-09704,OMC-018,Uganda National Oil,PMS,2025-07-05," KES 81,650 "
INV-13996,DISP-03715,OMC-017,KAA Aviation,HFO,2025-09-26,218860
INV-63274,DISP-04156,OMC-008,National Oil,DPK,2025-08-03,42953
INV-96801,DISP-00322,OMC-001,TotalEnergies Kenya,DPK,2025-06-11,49477
INV-67801,DISP-05047,OMC-002,Vivo Energy,DPK,2025-12-27,153718
INV-14716,DISP-08486,OMC-017,KAA Aviation,JETA1,2026-02-13,126249
INV-51602,DISP-07533,OMC-012,Galana Energies,AGO,2026-02-18,74361
INV-60121,DISP-04992,OMC-014,Texol Energies,AGO,2026-02-05,249411
INV-61248,DISP-02014,OMC-006,Hashi Energy,JETA1,2026-06-10,53218
INV-30393,DISP-01417,OMC-017,KAA Aviation,JETA1,2025-03-31,22670
INV-19358,DISP-06882,OMC-017,KAA Aviation,HFO,2026-05-13,165093
INV-64864,DISP-06460,OMC-015,Mombasa Petroleum,DPK,2025-04-18," KES 28,174 "
INV-92579,DISP-02525,OMC-002,Vivo Energy,LPG,2025-11-04,33083
INV-13612,DISP-01572,OMC-003,Rubis Energy,PMS,13/01/2025,210303
INV-74795,DISP-07748,OMC-015,Mombasa Petroleum,HFO,2025-10-01,247917
INV-19734,DISP-07222,OMC-015,Mombasa Petroleum,DPK,14/02/2026,113173
INV-85454,DISP-02702,OMC-004,Gulf Energy,JETA1,2026-03-06,121804
INV-16916,DISP-05541,OMC-009,Dalbit Petroleum,AGO,2025-07-03,193368
INV-80883,DISP-05000,OMC-005,PetroOil Kenya,DPK,2026-04-14,51660
INV-38954,DISP-00017,OMC-014,Texol Energies,PMS,,152117
INV-41050,DISP-03725,OMC-003,Rubis Energy,LUB,2025-11-09,254272
INV-39813,DISP-00736,OMC-020,Ethiopian Oil,HFO,2025-09-15,59421
INV-96470,DISP-09769,OMC-011,Hass Petroleum,DPK,2025-06-09,217735
INV-76638,DISP-08188,OMC-004,Gulf Energy,HFO,2026-02-09,22815
INV-25522,DISP-02924,OMC-011,Hass Petroleum,DPK,2026-01-19,112333
INV-12142,DISP-01513,OMC-008,National Oil,AGO,2025-02-22,133655
INV-51016,DISP-00139,OMC-002,Vivo Energy,LUB,2025-03-13,51836
INV-35493,DISP-07807,OMC-006,Hashi Energy,HFO,2026-04-25,118315
INV-17020,DISP-08309,OMC-011,Hass Petroleum,JETA1,2025-02-28,233271
INV-56803,DISP-00775,OMC-017,KAA Aviation,AGO,2025-11-26,172712
INV-72040,DISP-07202,OMC-008,National Oil,HFO,2025-05-08,202936
INV-72505,DISP-09431,OMC-020,Ethiopian Oil,DPK,2025-01-17,47058
INV-97136,DISP-05724,OMC-003,Rubis Energy,HFO,27/12/2025,162957
INV-12393,DISP-05381,OMC-010,Tamoil,JETA1,2025-03-16," KES 163,003 "
INV-89850,DISP-04104,OMC-015,Mombasa Petroleum,AGO,2025-04-26,50740
INV-46424,DISP-07556,OMC-001,TotalEnergies Kenya,PMS,2025-07-25,74820
INV-10658,DISP-08683,OMC-011,Hass Petroleum,HFO,08/12/2025,32830
INV-88743,DISP-05185,OMC-004,Gulf Energy,LPG,2026-03-28,193246
INV-22919,DISP-05258,OMC-004,Gulf Energy,AGO,2026-03-12,193503
INV-77432,DISP-07710,OMC-005,PetroOil Kenya,PMS,2026-04-09,61529
INV-48876,DISP-01145,OMC-019,Tanzania Petroleum,LPG,2025-04-21,95542
INV-81808,DISP-00024,OMC-006,Hashi Energy,JETA1,2025-11-10,213685
INV-47941,DISP-03326,OMC-010,Tamoil,DPK,2026-02-08,237086
INV-55636,DISP-01819,OMC-007,Kobil,JETA1,2025-10-28," KES 41,455 "
INV-79828,DISP-03379,OMC-015,Mombasa Petroleum,LUB,2025-09-22,38373
INV-30270,DISP-00854,OMC-010,Tamoil,HFO,2025-09-29,154904
INV-51184,DISP-06432,OMC-009,Dalbit Petroleum,LUB,2025-11-11,23203
INV-51617,DISP-06046,OMC-017,KAA Aviation,LUB,2025-01-15,276451
INV-29941,DISP-04299,OMC-004,Gulf Energy,DPK,2026-04-03,190483
INV-76327,DISP-03992,OMC-002,Vivo Energy,AGO,2025-10-28,22384
INV-13143,DISP-08213,OMC-018,Uganda National Oil,PMS,2025-03-25,174851
INV-83267,DISP-00452,OMC-020,Ethiopian Oil,LUB,2025-11-21,124309
INV-92699,DISP-00263,OMC-012,Galana Energies,LUB,2026-04-18,249399
INV-51510,DISP-00761,OMC-019,Tanzania Petroleum,JETA1,2026-03-09,206367
INV-10894,DISP-07496,OMC-010,Tamoil,LUB,2026-03-09," KES 200,759 "
INV-92377,DISP-04968,OMC-019,Tanzania Petroleum,JETA1,2026-05-13,247558
INV-72731,DISP-09417,OMC-013,Lake Oil,LUB,2025-06-15,45731
INV-60503,DISP-06915,OMC-019,Tanzania Petroleum,LUB,,147794
INV-53916,DISP-06953,OMC-013,Lake Oil,LUB,21/02/2026,117651
INV-93805,DISP-04792,OMC-002,Vivo Energy,HFO,2025-01-16," KES 127,102 "
INV-75531,DISP-06914,OMC-020,Ethiopian Oil,HFO,2025-11-22," KES 115,532 "
INV-64644,DISP-08471,OMC-007,Kobil,AGO,2026-03-22,176472
INV-74035,DISP-04142,OMC-003,Rubis Energy,AGO,2026-04-17,55442
INV-68416,DISP-04100,OMC-008,National Oil,DPK,2025-05-07,235935
INV-89093,DISP-09249,OMC-009,Dalbit Petroleum,DPK,2026-05-01,230141
INV-56003,DISP-04287,OMC-002,Vivo Energy,LUB,2026-06-24,60331
INV-37445,DISP-00925,OMC-015,Mombasa Petroleum,HFO,2025-02-19,60675
INV-63455,DISP-00001,OMC-005,PetroOil Kenya,HFO,2026-03-10,169501
INV-83591,DISP-00484,OMC-012,Galana Energies,DPK,2026-04-24,233535
INV-47777,DISP-01640,OMC-007,Kobil,AGO,2025-12-15,54059
INV-81601,DISP-09966,OMC-005,PetroOil Kenya,JETA1,2026-04-13,331677
INV-41885,DISP-03701,OMC-015,Mombasa Petroleum,AGO,2025-04-06,137823
INV-80425,DISP-00123,OMC-018,Uganda National Oil,DPK,2026-05-23,65739
INV-61359,DISP-06336,OMC-001,TotalEnergies Kenya,AGO,2026-06-27,30624
INV-67271,DISP-08786,OMC-017,KAA Aviation,HFO,2025-02-01,45171
INV-50079,DISP-00912,OMC-005,PetroOil Kenya,LPG,,43041
INV-73151,DISP-06595,OMC-013,Lake Oil,LUB,2025-09-20,62718
INV-46638,DISP-03428,OMC-016,KPA Marine,LUB,2026-01-11,283415
INV-47222,DISP-03678,OMC-013,Lake Oil,JETA1,2025-10-02,226586
INV-86740,DISP-00166,OMC-016,KPA Marine,LPG,2026-02-16,222259
INV-17491,DISP-00324,OMC-013,Lake Oil,LPG,2025-01-20,29876
INV-89845,DISP-05058,OMC-016,KPA Marine,HFO,2026-03-28,36225
INV-51195,DISP-01474,OMC-020,Ethiopian Oil,JETA1,2026-04-28,248054
INV-55088,DISP-09853,OMC-014,Texol Energies,JETA1,2025-03-05,120604
INV-84859,DISP-09633,OMC-005,PetroOil Kenya,PMS,2026-03-18,24113
INV-58333,DISP-03569,OMC-008,National Oil,LUB,2026-05-21,34800
INV-74662,DISP-00770,OMC-020,Ethiopian Oil,DPK,2025-11-25,138727
INV-97925,DISP-00871,OMC-013,Lake Oil,LUB,,25836
INV-77943,DISP-03336,OMC-010,Tamoil,AGO,2026-01-27,46398
INV-16942,DISP-07094,OMC-014,Texol Energies,JETA1,2025-02-05,74736
INV-11935,DISP-09404,OMC-011,Hass Petroleum,HFO,2025-02-10,59528
INV-78483,DISP-00133,OMC-007,Kobil,JETA1,2025-06-30,29006
INV-32061,DISP-04874,OMC-019,Tanzania Petroleum,LUB,2026-05-13," KES 62,562 "
INV-83538,DISP-01556,OMC-014,Texol Energies,LUB,2025-09-21,167797
INV-79186,DISP-09807,OMC-011,Hass Petroleum,DPK,2025-08-20,53530
INV-22354,DISP-01516,OMC-015,Mombasa Petroleum,HFO,2025-10-29,174369
INV-14059,DISP-06575,OMC-001,TotalEnergies Kenya,PMS,2025-07-17," KES 191,180 "
INV-80635,DISP-08183,OMC-007,Kobil,LPG,,29954
INV-57068,DISP-04494,OMC-003,Rubis Energy,LUB,2025-01-29,61225
INV-72685,DISP-06902,OMC-010,Tamoil,LPG,2025-09-08,32610
INV-83346,DISP-00048,OMC-010,Tamoil,DPK,2026-03-30,214049
INV-40132,DISP-02956,OMC-004,Gulf Energy,PMS,2026-04-06,37317
INV-63246,DISP-02468,OMC-009,Dalbit Petroleum,LUB,2025-12-29,83214
INV-55284,DISP-04163,OMC-014,Texol Energies,DPK,2026-03-19,269866
INV-23481,DISP-09289,OMC-006,Hashi Energy,AGO,2026-02-23,39085
INV-78784,DISP-07667,OMC-011,Hass Petroleum,AGO,02/05/2026,98886
INV-53819,DISP-04949,OMC-017,KAA Aviation,DPK,2025-09-11,167747
INV-84467,DISP-08761,OMC-010,Tamoil,LUB,2025-10-09,116935
INV-85794,DISP-03598,OMC-012,Galana Energies,LUB,2026-04-18,112242
INV-62241,DISP-09799,OMC-001,TotalEnergies Kenya,PMS,2026-01-17,295652
INV-34222,DISP-04172,OMC-013,Lake Oil,LPG,2025-03-01,39615
INV-20173,DISP-05205,OMC-020,Ethiopian Oil,DPK,2025-07-01,48212
INV-76047,DISP-02965,OMC-006,Hashi Energy,DPK,2025-10-21,197742
INV-63977,DISP-09962,OMC-017,KAA Aviation,JETA1,2026-01-24,35011
INV-92294,DISP-04764,OMC-015,Mombasa Petroleum,LPG,2025-03-26,35531
INV-61290,DISP-01704,OMC-008,National Oil,AGO,2025-12-28,52745
INV-68808,DISP-02824,OMC-005,PetroOil Kenya,DPK,2026-03-06,24570
INV-95237,DISP-06851,OMC-019,Tanzania Petroleum,LUB,2025-10-22,236538
INV-93301,DISP-03856,OMC-014,Texol Energies,HFO,2025-05-17,24890
INV-34047,DISP-08889,OMC-005,PetroOil Kenya,PMS,2026-02-20,185480
INV-95833,DISP-03627,OMC-013,Lake Oil,AGO,2025-09-22,40787
INV-46988,DISP-08725,OMC-002,Vivo Energy,AGO,2026-05-17,40983
INV-75926,DISP-00006,OMC-018,Uganda National Oil,JETA1,2025-06-20,129291
INV-30821,DISP-06670,OMC-014,Texol Energies,JETA1,2025-01-12,31173
INV-17731,DISP-09072,OMC-012,Galana Energies,HFO,2026-02-15,258492
INV-45361,DISP-05700,OMC-020,Ethiopian Oil,DPK,2026-07-02,261148
INV-91078,DISP-03169,OMC-001,TotalEnergies Kenya,JETA1,2025-06-26,75543
INV-10816,DISP-06832,OMC-014,Texol Energies,JETA1,2025-01-09,98732
INV-40975,DISP-01110,OMC-007,Kobil,PMS,2025-04-18,185158
INV-79740,DISP-07108,OMC-019,Tanzania Petroleum,LPG,,24614
INV-24526,DISP-09177,OMC-002,Vivo Energy,LUB,2026-05-19,202947
INV-73353,DISP-02792,OMC-013,Lake Oil,AGO,26/02/2026,217820
INV-50845,DISP-03749,OMC-001,TotalEnergies Kenya,AGO,2026-06-23,307743
INV-58431,DISP-00801,OMC-007,Kobil,DPK,2026-01-30,140496
INV-27665,DISP-04032,OMC-004,Gulf Energy,HFO,2026-03-24,181353
INV-68917,DISP-04071,OMC-014,Texol Energies,LUB,,207375
INV-53966,DISP-07526,OMC-011,Hass Petroleum,DPK,2026-02-21,222509
INV-23411,DISP-02595,OMC-005,PetroOil Kenya,LUB,2026-02-08,168269
INV-90379,DISP-04843,OMC-005,PetroOil Kenya,HFO,2026-03-04,80146
INV-66962,DISP-09754,OMC-013,Lake Oil,LPG,2025-03-31,41833
INV-33868,DISP-09446,OMC-008,National Oil,DPK,2026-07-03,32008
INV-58392,DISP-04009,OMC-012,Galana Energies,DPK,22/03/2026,220777
INV-61065,DISP-09512,OMC-002,Vivo Energy,LPG,2025-10-28,145907
INV-98582,DISP-02217,OMC-003,Rubis Energy,HFO,2025-07-22,280685
INV-22318,DISP-06493,OMC-010,Tamoil,HFO,2026-02-23,157504
INV-75761,DISP-04914,OMC-018,Uganda National Oil,AGO,,133654
INV-29843,DISP-08346,OMC-015,Mombasa Petroleum,JETA1,2025-03-06,118629
INV-42198,DISP-01508,OMC-011,Hass Petroleum,JETA1,2025-05-24,23413
INV-98400,DISP-05780,OMC-020,Ethiopian Oil,LPG,2025-01-13,192414
INV-22954,DISP-09185,OMC-008,National Oil,AGO,2025-10-21,125224
INV-42032,DISP-07110,OMC-005,PetroOil Kenya,JETA1,2026-03-05,202084
INV-85637,DISP-04826,OMC-018,Uganda National Oil,AGO,08/03/2026," KES 102,706 "
INV-10440,DISP-02037,OMC-009,Dalbit Petroleum,PMS,2026-02-12,169215
INV-42006,DISP-06429,OMC-014,Texol Energies,JETA1,2026-05-15,62912
INV-11058,DISP-05409,OMC-016,KPA Marine,LUB,2026-01-31,52437
INV-93359,DISP-06473,OMC-003,Rubis Energy,HFO,2026-06-25,138052
INV-48373,DISP-04470,OMC-014,Texol Energies,PMS,2025-05-15,248997
INV-77412,DISP-03886,OMC-015,Mombasa Petroleum,LUB,30/06/2025,23489
INV-24168,DISP-01873,OMC-003,Rubis Energy,LPG,2025-10-16,44045
INV-54447,DISP-09714,OMC-012,Galana Energies,LPG,2026-03-10,254692
INV-34683,DISP-05641,OMC-016,KPA Marine,LUB,2025-12-20,154563
INV-95377,DISP-09515,OMC-001,TotalEnergies Kenya,LPG,2025-11-17," KES 31,826 "
INV-82589,DISP-06910,OMC-017,KAA Aviation,AGO,2026-02-10,42243
INV-92766,DISP-01667,OMC-011,Hass Petroleum,PMS,2025-01-25,179873
INV-47927,DISP-01872,OMC-015,Mombasa Petroleum,PMS,2026-03-04,179324
INV-68893,DISP-04012,OMC-014,Texol Energies,LUB,2025-01-14,253155
INV-27836,DISP-02651,OMC-002,Vivo Energy,HFO,2026-05-07,108592
INV-25439,DISP-04962,OMC-014,Texol Energies,JETA1,2025-09-13,36222
INV-64395,DISP-02994,OMC-017,KAA Aviation,DPK,2025-07-13,138297
INV-66635,DISP-05374,OMC-004,Gulf Energy,PMS,2026-04-07,22930
INV-98748,DISP-06895,OMC-005,PetroOil Kenya,LUB,2026-03-03,31310
INV-87525,DISP-07703,OMC-004,Gulf Energy,JETA1,2026-03-21,176348
INV-21699,DISP-03862,OMC-004,Gulf Energy,JETA1,2026-03-20,184087
INV-89324,DISP-01576,OMC-018,Uganda National Oil,AGO,09/06/2025,174768
INV-87794,DISP-05710,OMC-010,Tamoil,AGO,2026-02-02,195295
INV-84169,DISP-03013,OMC-005,PetroOil Kenya,DPK,2026-02-27,25197
INV-61073,DISP-04963,OMC-017,KAA Aviation,AGO,2025-03-18,116100
INV-36709,DISP-03091,OMC-011,Hass Petroleum,JETA1,2026-04-16,140314
INV-78092,DISP-01208,OMC-014,Texol Energies,DPK,2025-04-27,42164
INV-58026,DISP-00710,OMC-012,Galana Energies,AGO,2026-02-14,67444
INV-45492,DISP-05169,OMC-010,Tamoil,HFO,2025-05-23,40761
INV-71486,DISP-08812,OMC-003,Rubis Energy,LPG,2025-07-24,209826
INV-25412,DISP-04936,OMC-011,Hass Petroleum,HFO,,133664
INV-89107,DISP-09879,OMC-013,Lake Oil,LPG,2026-01-23,35997
INV-15378,DISP-06419,OMC-007,Kobil,LPG,2025-01-12,118538
INV-36671,DISP-06843,OMC-017,KAA Aviation,LPG,2025-08-01,125977
INV-52477,DISP-02709,OMC-014,Texol Energies,LPG,2026-05-16,25279
INV-16989,DISP-00830,OMC-004,Gulf Energy,AGO,2026-03-03,49825
INV-81198,DISP-02854,OMC-011,Hass Petroleum,LPG,2025-03-10,36372
INV-78642,DISP-05152,OMC-016,KPA Marine,LPG,2026-01-19," KES 144,968 "
INV-93205,DISP-07691,OMC-002,Vivo Energy,HFO,2026-01-31,201428
INV-99988,DISP-01238,OMC-008,National Oil,HFO,2025-10-29,54953
INV-64361,DISP-01755,OMC-001,TotalEnergies Kenya,PMS,2025-03-07,49948
INV-60081,DISP-05574,OMC-016,KPA Marine,HFO,2026-01-20,128370
INV-19930,DISP-07880,OMC-002,Vivo Energy,LPG,2025-08-26,58260
INV-76376,DISP-02974,OMC-020,Ethiopian Oil,HFO,2025-01-26,155956
INV-42782,DISP-09719,OMC-011,Hass Petroleum,HFO,2025-11-16,112561
INV-16603,DISP-05953,OMC-008,National Oil,PMS,2025-12-30,27458
INV-22631,DISP-00460,OMC-002,Vivo Energy,LUB,2025-01-31,102043
INV-73909,DISP-06345,OMC-012,Galana Energies,AGO,2026-03-10,243699
INV-77037,DISP-08130,OMC-020,Ethiopian Oil,AGO,2025-11-15,275185
INV-82579,DISP-01647,OMC-003,Rubis Energy,AGO,2025-12-10,29888
INV-38354,DISP-04187,OMC-010,Tamoil,AGO,2025-10-20,30762
INV-81026,DISP-03989,OMC-019,Tanzania Petroleum,DPK,2025-12-25,59435
INV-70861,DISP-07089,OMC-011,Hass Petroleum,DPK,2026-06-27,138909
INV-90003,DISP-04214,OMC-014,Texol Energies,HFO,2026-05-20,276216
INV-56254,DISP-09485,OMC-017,KAA Aviation,PMS,2025-04-29," KES 142,262 "
INV-73042,DISP-00534,OMC-009,Dalbit Petroleum,DPK,2025-09-10,58995
INV-77233,DISP-05867,OMC-015,Mombasa Petroleum,JETA1,2026-03-07,188999
INV-40622,DISP-01403,OMC-020,Ethiopian Oil,DPK,2026-02-25,147250
INV-56766,DISP-02375,OMC-012,Galana Energies,AGO,19/02/2026,33691
INV-29195,DISP-04396,OMC-013,Lake Oil,PMS,2026-06-04,119364
INV-51107,DISP-01979,OMC-002,Vivo Energy,LPG,2025-06-13,48467
INV-93911,DISP-08167,OMC-005,PetroOil Kenya,JETA1,2026-04-25,199295
INV-86396,DISP-01642,OMC-010,Tamoil,PMS,2026-01-17,205855
INV-91933,DISP-08821,OMC-011,Hass Petroleum,PMS,2026-04-27,249130
INV-43775,DISP-08341,OMC-001,TotalEnergies Kenya,LUB,2026-05-03,34494
INV-74493,DISP-02361,OMC-007,Kobil,LPG,2025-08-10,31273
INV-38597,DISP-08301,OMC-011,Hass Petroleum,DPK,13/03/2025,126628
INV-50102,DISP-00185,OMC-004,Gulf Energy,AGO,2026-02-07,150579
INV-78990,DISP-06395,OMC-002,Vivo Energy,LPG,2025-10-31,128559
INV-11819,DISP-06148,OMC-011,Hass Petroleum,LPG,2026-01-04,27651
INV-95618,DISP-05920,OMC-002,Vivo Energy,DPK,2026-01-09," KES 213,820 "
INV-84080,DISP-08391,OMC-017,KAA Aviation,DPK,,267020
INV-55556,DISP-05180,OMC-009,Dalbit Petroleum,HFO,2025-11-08,37318
INV-94644,DISP-05261,OMC-007,Kobil,JETA1,2026-01-20,119414
INV-91442,DISP-03295,OMC-015,Mombasa Petroleum,JETA1,2025-09-09,60664
INV-78350,DISP-00950,OMC-003,Rubis Energy,DPK,2025-11-30,132109
INV-21791,DISP-02033,OMC-020,Ethiopian Oil,AGO,2026-05-10,278208
INV-48705,DISP-07842,OMC-015,Mombasa Petroleum,DPK,2025-12-07,122856
INV-41953,DISP-03338,OMC-005,PetroOil Kenya,LPG,2026-03-23,31161
INV-80791,DISP-07629,OMC-002,Vivo Energy,JETA1,2025-10-25,54973
INV-96301,DISP-08882,OMC-018,Uganda National Oil,DPK,2025-05-19,42255
INV-88508,DISP-05750,OMC-019,Tanzania Petroleum,AGO,2026-01-15,44859
INV-84636,DISP-03359,OMC-017,KAA Aviation,LUB,2026-04-11,22895
INV-57948,DISP-08530,OMC-002,Vivo Energy,PMS,2025-01-06,43667
INV-18509,DISP-07602,OMC-010,Tamoil,LUB,2026-01-31,121568
INV-51063,DISP-09175,OMC-014,Texol Energies,DPK,2025-11-22,164144
INV-64308,DISP-05341,OMC-006,Hashi Energy,LUB,2026-03-17,85273
INV-64074,DISP-09964,OMC-003,Rubis Energy,LPG,2026-02-10,208259
INV-85226,DISP-08664,OMC-005,PetroOil Kenya,HFO,2026-02-27,206303
INV-67312,DISP-08356,OMC-009,Dalbit Petroleum,HFO,2025-05-27,25865
INV-10111,DISP-07565,OMC-008,National Oil,AGO,2026-04-06,214754
INV-69812,DISP-06695,OMC-013,Lake Oil,PMS,2026-01-31,63533
INV-25896,DISP-01497,OMC-015,Mombasa Petroleum,LUB,2025-01-23,57712
INV-85879,DISP-01749,OMC-018,Uganda National Oil,HFO,2025-08-06,45131
INV-54050,DISP-05757,OMC-015,Mombasa Petroleum,PMS,2026-02-02,29314
INV-43790,DISP-03786,OMC-013,Lake Oil,LPG,2025-07-26," KES 179,322 "
INV-82132,DISP-09307,OMC-007,Kobil,LUB,2025-01-11,23916
INV-44661,DISP-00953,OMC-001,TotalEnergies Kenya,PMS,2026-02-09,171167
INV-93469,DISP-03088,OMC-016,KPA Marine,JETA1,2025-01-07,41338
INV-69766,DISP-00408,OMC-010,Tamoil,PMS,2026-06-02,186857
INV-29842,DISP-04930,OMC-010,Tamoil,JETA1,2025-05-13,198079
INV-51082,DISP-06433,OMC-008,National Oil,PMS,2026-03-08,73857
INV-73153,DISP-02821,OMC-011,Hass Petroleum,LUB,31/10/2025,56475
INV-68638,DISP-01365,OMC-006,Hashi Energy,PMS,2025-03-25,93657
INV-28741,DISP-09800,OMC-020,Ethiopian Oil,DPK,2025-07-30,265946
INV-40408,DISP-09436,OMC-002,Vivo Energy,DPK,2026-03-14,241475
INV-53888,DISP-02289,OMC-003,Rubis Energy,DPK,2025-10-02,168299
INV-75604,DISP-09476,OMC-013,Lake Oil,LUB,2026-04-16,103719
INV-75131,DISP-05499,OMC-012,Galana Energies,JETA1,2026-04-30,71090
INV-43484,DISP-03576,OMC-016,KPA Marine,DPK,2026-05-31,163311
INV-80822,DISP-00273,OMC-003,Rubis Energy,JETA1,2025-08-27,151120
INV-19836,DISP-03150,OMC-001,TotalEnergies Kenya,LUB,2026-01-04,35740
INV-44936,DISP-08225,OMC-019,Tanzania Petroleum,DPK,2025-10-30,243580
INV-44884,DISP-00325,OMC-010,Tamoil,JETA1,2025-11-28,98713
INV-65888,DISP-01839,OMC-006,Hashi Energy,PMS,14/11/2025,197347
INV-54187,DISP-00368,OMC-010,Tamoil,LUB,2025-07-20,53061
INV-53914,DISP-02565,OMC-011,Hass Petroleum,LPG,2026-04-29,50993
INV-71478,DISP-04500,OMC-002,Vivo Energy,LUB,2025-06-29,42442
INV-83830,DISP-09480,OMC-006,Hashi Energy,PMS,,35350
INV-69352,DISP-03324,OMC-014,Texol Energies,PMS,2025-11-08,28501
INV-54582,DISP-02889,OMC-015,Mombasa Petroleum,LPG,2025-05-31,205612
INV-40440,DISP-04814,OMC-016,KPA Marine,DPK,2025-04-15,105204
INV-82362,DISP-05844,OMC-007,Kobil,LUB,2026-03-27,141232
INV-34097,DISP-01366,OMC-017,KAA Aviation,LUB,2025-05-01,199740
INV-83760,DISP-03358,OMC-020,Ethiopian Oil,AGO,2025-12-12,240460
INV-99889,DISP-06279,OMC-009,Dalbit Petroleum,LUB,2025-01-15,250888
INV-68026,DISP-07889,OMC-002,Vivo Energy,JETA1,2025-10-19," KES 44,221 "
INV-91607,DISP-03312,OMC-007,Kobil,LUB,2025-12-14,205862
INV-40037,DISP-06546,OMC-005,PetroOil Kenya,LPG,2026-03-27,134002
INV-18455,DISP-01282,OMC-008,National Oil,DPK,2025-05-23,276955
INV-19910,DISP-00158,OMC-009,Dalbit Petroleum,AGO,2026-04-10,240561
INV-99037,DISP-08907,OMC-003,Rubis Energy,AGO,2026-02-24,27522
INV-28231,DISP-07179,OMC-016,KPA Marine,PMS,2025-12-19,185231
INV-45197,DISP-07268,OMC-008,National Oil,JETA1,2025-09-13,126306
INV-76324,DISP-01244,OMC-015,Mombasa Petroleum,AGO,2026-01-27,262032
INV-97020,DISP-05593,OMC-017,KAA Aviation,AGO,2025-01-10,50681
INV-16829,DISP-07182,OMC-006,Hashi Energy,PMS,2026-03-08,311636
INV-98759,DISP-01738,OMC-005,PetroOil Kenya,LPG,2026-03-11,62848
INV-29781,DISP-08621,OMC-002,Vivo Energy,HFO,2026-02-04,118544
INV-13507,DISP-03570,OMC-013,Lake Oil,LPG,2025-06-17,131333
INV-68794,DISP-00604,OMC-017,KAA Aviation,AGO,2025-08-23," KES 188,660 "
INV-95902,DISP-02831,OMC-019,Tanzania Petroleum,HFO,2025-01-29,41459
INV-63545,DISP-03391,OMC-019,Tanzania Petroleum,HFO,2026-06-15,142436
INV-19620,DISP-02492,OMC-020,Ethiopian Oil,PMS,2025-09-08,179386
INV-63984,DISP-03909,OMC-015,Mombasa Petroleum,JETA1,2025-12-21,102459
INV-57047,DISP-09913,OMC-015,Mombasa Petroleum,JETA1,2025-08-03,177831
INV-83786,DISP-05163,OMC-006,Hashi Energy,JETA1,2025-08-25,44877
INV-99048,DISP-00579,OMC-001,TotalEnergies Kenya,PMS,2026-04-07,258138
INV-13142,DISP-09277,OMC-009,Dalbit Petroleum,LPG,2025-12-17,29785
INV-46693,DISP-04793,OMC-003,Rubis Energy,LUB,2026-05-23,137757
INV-36887,DISP-05599,OMC-003,Rubis Energy,HFO,2025-07-15,212617
INV-41218,DISP-02873,OMC-014,Texol Energies,JETA1,18/05/2026," KES 34,130 "
INV-91165,DISP-02847,OMC-016,KPA Marine,LPG,2025-01-17,195580
INV-79627,DISP-04006,OMC-015,Mombasa Petroleum,DPK,2026-03-26,134099
INV-10679,DISP-04281,OMC-008,National Oil,AGO,2026-04-02," KES 43,197 "
INV-74039,DISP-02933,OMC-010,Tamoil,DPK,2025-09-16,98276
INV-95317,DISP-08615,OMC-016,KPA Marine,LPG,," KES 230,511 "
INV-75772,DISP-01198,OMC-003,Rubis Energy,LUB,2026-02-17,42281
INV-57376,DISP-02865,OMC-014,Texol Energies,JETA1,2026-06-13,127104
INV-73830,DISP-01290,OMC-002,Vivo Energy,LUB,2026-03-29,51918
INV-61487,DISP-07449,OMC-007,Kobil,LUB,2025-01-21,161635
INV-99136,DISP-01757,OMC-013,Lake Oil,LUB,2026-01-10,175500
INV-76287,DISP-02196,OMC-002,Vivo Energy,PMS,2026-04-20,197309
INV-56578,DISP-00187,OMC-005,PetroOil Kenya,JETA1,,179294
INV-95796,DISP-00776,OMC-016,KPA Marine,LUB,2025-10-21,19822
INV-61178,DISP-06965,OMC-011,Hass Petroleum,DPK,2025-08-24,74677
INV-59595,DISP-03850,OMC-003,Rubis Energy,HFO,2025-02-09,115035
INV-70293,DISP-03037,OMC-004,Gulf Energy,DPK,2026-03-25,25897
INV-11533,DISP-04433,OMC-009,Dalbit Petroleum,DPK,2025-08-13,110392
INV-39938,DISP-08844,OMC-010,Tamoil,HFO,2026-01-16,47501
INV-75804,DISP-07909,OMC-007,Kobil,PMS,2025-07-17,28814
INV-92328,DISP-05831,OMC-007,Kobil,AGO,2025-02-07,259676
INV-27244,DISP-04086,OMC-008,National Oil,AGO,2025-04-25,36088
INV-23093,DISP-04639,OMC-013,Lake Oil,LPG,2025-07-17,57595
INV-80295,DISP-06991,OMC-012,Galana Energies,LUB,2026-02-09,50964
INV-86986,DISP-03758,OMC-014,Texol Energies,AGO,2026-05-10,48967
INV-23314,DISP-05892,OMC-007,Kobil,PMS,2025-12-26,45828
INV-42534,DISP-04101,OMC-017,KAA Aviation,PMS,2025-07-06,205051
INV-37134,DISP-08447,OMC-009,Dalbit Petroleum,JETA1,2025-12-24," KES 21,915 "
INV-87876,DISP-04941,OMC-011,Hass Petroleum,PMS,2025-02-14,59127
INV-94012,DISP-09537,OMC-011,Hass Petroleum,PMS,2025-10-07,174593
INV-97109,DISP-00127,OMC-011,Hass Petroleum,LPG,2026-05-13,182610
INV-29502,DISP-00417,OMC-001,TotalEnergies Kenya,HFO,2026-05-14,168735
INV-78181,DISP-06773,OMC-015,Mombasa Petroleum,DPK,2025-03-22,59736
INV-95134,DISP-07540,OMC-017,KAA Aviation,LPG,2025-01-26,174694
INV-15468,DISP-03077,OMC-001,TotalEnergies Kenya,HFO,2025-09-21,50857
INV-65640,DISP-07499,OMC-003,Rubis Energy,AGO,2026-02-18,190646
INV-26929,DISP-07567,OMC-007,Kobil,AGO,2026-04-02,46610
INV-68883,DISP-07661,OMC-001,TotalEnergies Kenya,HFO,2026-02-11,193862
INV-79076,DISP-05650,OMC-010,Tamoil,HFO,2025-02-14,99113
INV-25952,DISP-01994,OMC-016,KPA Marine,DPK,2026-06-21,52654
INV-50664,DISP-06850,OMC-014,Texol Energies,PMS,2026-05-13,36470
INV-64126,DISP-03620,OMC-013,Lake Oil,AGO,2025-04-15,142696
INV-61787,DISP-00504,OMC-014,Texol Energies,JETA1,2025-01-25,41309
INV-38753,DISP-09261,OMC-016,KPA Marine,DPK,2026-01-18,98639
INV-66930,DISP-05913,OMC-018,Uganda National Oil,DPK,2025-01-18,269791
INV-15091,DISP-08401,OMC-012,Galana Energies,HFO,2026-04-24,226618
INV-27022,DISP-04666,OMC-011,Hass Petroleum,DPK,2025-03-11,199903
INV-49410,DISP-05864,OMC-004,Gulf Energy,JETA1,2026-04-29,97983
INV-54065,DISP-06485,OMC-009,Dalbit Petroleum,PMS,2025-03-09,21542
INV-65657,DISP-02098,OMC-018,Uganda National Oil,HFO,2025-02-26,163305
INV-11090,DISP-09647,OMC-010,Tamoil,JETA1,2026-02-11,37278
INV-78946,DISP-01840,OMC-008,National Oil,PMS,2025-07-13,116058
INV-71149,DISP-02097,OMC-006,Hashi Energy,LPG,2025-05-30,262107
INV-32029,DISP-01633,OMC-015,Mombasa Petroleum,DPK,05/03/2025,80100
INV-58508,DISP-04225,OMC-015,Mombasa Petroleum,LUB,2026-04-20,42704
INV-32411,DISP-00774,OMC-003,Rubis Energy,LPG,2025-12-02,229089
INV-59363,DISP-02594,OMC-017,KAA Aviation,LPG,2025-07-01,87226
INV-71294,DISP-01569,OMC-004,Gulf Energy,JETA1,2026-02-06,47974
INV-87766,DISP-07261,OMC-017,KAA Aviation,PMS,2025-11-23,46470
INV-74665,DISP-08057,OMC-015,Mombasa Petroleum,LPG,2025-02-24,202554
INV-56462,DISP-05653,OMC-014,Texol Energies,AGO,2025-01-16,227257
INV-68404,DISP-05561,OMC-005,PetroOil Kenya,AGO,2026-04-10,128735
INV-41133,DISP-06975,OMC-004,Gulf Energy,JETA1,2026-02-15,247556
INV-25300,DISP-02868,OMC-013,Lake Oil,LPG,2025-09-01,197375
INV-67772,DISP-00358,OMC-002,Vivo Energy,JETA1,2025-07-21,38637
INV-44537,DISP-08505,OMC-005,PetroOil Kenya,AGO,2026-02-03,56650
INV-89024,DISP-06293,OMC-016,KPA Marine,LUB,2025-10-02,246081
INV-77709,DISP-00393,OMC-016,KPA Marine,PMS,2025-06-25,138402
INV-81678,DISP-09727,OMC-015,Mombasa Petroleum,DPK,2026-06-02,56674
INV-26551,DISP-04507,OMC-017,KAA Aviation,DPK,2026-04-09,198800
INV-63349,DISP-05942,OMC-018,Uganda National Oil,LPG,2025-03-06,44876
INV-53151,DISP-06859,OMC-007,Kobil,PMS,2025-02-23,129025
INV-52671,DISP-02436,OMC-009,Dalbit Petroleum,DPK,2026-03-02,238153
INV-12710,DISP-04489,OMC-017,KAA Aviation,AGO,2026-01-22,261856
INV-10034,DISP-03636,OMC-007,Kobil,LUB,2025-03-01,189634
INV-44468,DISP-02527,OMC-016,KPA Marine,LPG,2026-06-08,47394
INV-67837,DISP-01291,OMC-007,Kobil,PMS,2025-05-20,202949
INV-25023,DISP-05513,OMC-013,Lake Oil,PMS,2025-08-26,169361
INV-57384,DISP-06779,OMC-006,Hashi Energy,PMS,2025-06-19,202579
INV-78696,DISP-08490,OMC-012,Galana Energies,DPK,2026-02-14,257810
INV-53985,DISP-00858,OMC-011,Hass Petroleum,PMS,2026-04-13,106925
INV-44628,DISP-05903,OMC-007,Kobil,JETA1,2025-05-10,43705
INV-17172,DISP-02131,OMC-010,Tamoil,PMS,,89512
INV-18147,DISP-02068,OMC-018,Uganda National Oil,DPK,2025-07-08,208671
INV-96671,DISP-08223,OMC-020,Ethiopian Oil,HFO,2026-04-08,197229
INV-86901,DISP-06054,OMC-019,Tanzania Petroleum,HFO,2026-02-07,39808
INV-43715,DISP-07606,OMC-014,Texol Energies,DPK,2025-02-06,102268
INV-55492,DISP-09126,OMC-020,Ethiopian Oil,PMS,2026-01-23,283344
INV-22829,DISP-00203,OMC-004,Gulf Energy,DPK,2026-04-14,134688
INV-64195,DISP-09680,OMC-013,Lake Oil,LPG,2026-05-07,48551
INV-65631,DISP-06709,OMC-003,Rubis Energy,LPG,2025-05-07,26412
INV-42605,DISP-00590,OMC-013,Lake Oil,AGO,2026-02-13,147627
INV-32666,DISP-05048,OMC-019,Tanzania Petroleum,PMS,2025-10-19,92591
INV-44190,DISP-00318,OMC-012,Galana Energies,JETA1,2026-04-04,125466
INV-79004,DISP-09428,OMC-015,Mombasa Petroleum,DPK,2026-03-29,25736
INV-75222,DISP-05046,OMC-004,Gulf Energy,JETA1,2026-03-09,100575
INV-19324,DISP-04543,OMC-017,KAA Aviation,HFO,2026-03-18,82539
INV-69100,DISP-03110,OMC-006,Hashi Energy,PMS,2026-06-30,57088
INV-86822,DISP-02130,OMC-006,Hashi Energy,HFO,2025-12-18,59267
INV-95775,DISP-01867,OMC-011,Hass Petroleum,LPG,2026-05-05,47315
INV-95137,DISP-01024,OMC-005,PetroOil Kenya,LPG,2026-03-27,33509
INV-92314,DISP-07554,OMC-020,Ethiopian Oil,LPG,2025-06-27," KES 54,219 "
INV-96625,DISP-00211,OMC-013,Lake Oil,HFO,2026-01-05,50888
INV-64573,DISP-08040,OMC-002,Vivo Energy,AGO,,62008
INV-89832,DISP-04068,OMC-003,Rubis Energy,JETA1,2025-04-13,234220
INV-89244,DISP-05271,OMC-003,Rubis Energy,HFO,2025-05-23,280613
INV-10817,DISP-02586,OMC-013,Lake Oil,PMS,2025-09-17,112978
INV-19148,DISP-07795,OMC-005,PetroOil Kenya,HFO,2026-04-14,50034
INV-70472,DISP-00972,OMC-006,Hashi Energy,JETA1,15/12/2025,244840
INV-25882,DISP-08148,OMC-001,TotalEnergies Kenya,PMS,2025-12-24,149876
INV-34520,DISP-03416,OMC-014,Texol Energies,DPK,2025-11-20,170259
INV-78092,DISP-03275,OMC-012,Galana Energies,HFO,2026-02-10,21778
INV-74694,DISP-06507,OMC-002,Vivo Energy,DPK,2026-04-24,219213
INV-74358,DISP-07144,OMC-008,National Oil,AGO,2025-09-12,194653
INV-78828,DISP-02686,OMC-012,Galana Energies,PMS,2026-03-20,68918
INV-76293,DISP-04703,OMC-010,Tamoil,PMS,2025-12-03,177613
INV-24589,DISP-07529,OMC-001,TotalEnergies Kenya,JETA1,2025-01-25,105029
INV-86862,DISP-07315,OMC-018,Uganda National Oil,LPG,2025-05-02,199742
INV-55054,DISP-09118,OMC-018,Uganda National Oil,DPK,2025-03-27,220824
INV-58835,DISP-05337,OMC-016,KPA Marine,AGO,2025-10-26,18810
INV-55802,DISP-04401,OMC-017,KAA Aviation,PMS,2026-06-04,158098
INV-94234,DISP-08924,OMC-014,Texol Energies,AGO,2026-03-15,26845
INV-15084,DISP-09230,OMC-003,Rubis Energy,DPK,2025-02-18,163295
INV-89623,DISP-07912,OMC-012,Galana Energies,LPG,2026-03-09,179812
INV-13524,DISP-08682,OMC-001,TotalEnergies Kenya,AGO,2025-11-23,33495
INV-26493,DISP-08832,OMC-017,KAA Aviation,AGO,2025-08-01,263774
INV-66767,DISP-00029,OMC-010,Tamoil,AGO,2025-09-05,37012
INV-12219,DISP-04569,OMC-003,Rubis Energy,LPG,2025-12-22,112828
INV-28632,DISP-07279,OMC-009,Dalbit Petroleum,DPK,2025-04-30,42929
INV-67464,DISP-02497,OMC-014,Texol Energies,HFO,2026-05-08,119546
INV-98224,DISP-02067,OMC-006,Hashi Energy,PMS,2025-12-18,177535
INV-75933,DISP-05438,OMC-002,Vivo Energy,HFO,2026-02-01,164441
INV-87007,DISP-01514,OMC-003,Rubis Energy,LUB,2026-06-04,48802
INV-82333,DISP-01316,OMC-010,Tamoil,PMS,2025-05-06,51738
INV-97514,DISP-04661,OMC-005,PetroOil Kenya,DPK,2026-05-02,244233
INV-44551,DISP-09911,OMC-012,Galana Energies,LPG,2026-02-11,30489
INV-27326,DISP-04177,OMC-002,Vivo Energy,JETA1,2026-03-13,341084
INV-69822,DISP-09572,OMC-013,Lake Oil,JETA1,2025-10-15,24211
INV-71879,DISP-06154,OMC-003,Rubis Energy,LPG,2026-03-22,23881
INV-47639,DISP-03041,OMC-013,Lake Oil,JETA1,2025-06-20,265685
INV-63731,DISP-08074,OMC-001,TotalEnergies Kenya,JETA1,2026-06-11,191948
INV-72529,DISP-08095,OMC-010,Tamoil,DPK,2025-09-17,250419
INV-56986,DISP-04960,OMC-002,Vivo Energy,AGO,2026-03-08,191318
INV-76773,DISP-08881,OMC-015,Mombasa Petroleum,LPG,2026-03-26,263563
INV-97655,DISP-05836,OMC-015,Mombasa Petroleum,PMS,2026-06-12,24467
INV-35708,DISP-04221,OMC-009,Dalbit Petroleum,PMS,2026-03-22,42811
INV-74071,DISP-04681,OMC-003,Rubis Energy,JETA1,30/05/2025,165349
INV-54617,DISP-00833,OMC-001,TotalEnergies Kenya,JETA1,2025-06-16," KES 266,011 "
INV-87219,DISP-01045,OMC-019,Tanzania Petroleum,LUB,2025-07-26,101724
INV-38003,DISP-08299,OMC-004,Gulf Energy,DPK,2026-03-20,232322
INV-83190,DISP-03760,OMC-006,Hashi Energy,PMS,2025-08-03,59588
INV-55109,DISP-05829,OMC-016,KPA Marine,LUB,2026-04-26,254222
INV-19634,DISP-02049,OMC-016,KPA Marine,LPG,2025-03-31,53149
INV-98131,DISP-07133,OMC-012,Galana Energies,AGO,2026-04-25,101709
INV-49294,DISP-07017,OMC-001,TotalEnergies Kenya,DPK,2026-06-25,57497
INV-41685,DISP-08857,OMC-013,Lake Oil,AGO,2025-09-01,243554
INV-67384,DISP-09957,OMC-020,Ethiopian Oil,AGO,2026-04-30,258662
INV-16842,DISP-01980,OMC-002,Vivo Energy,AGO,2025-10-22,166138
INV-41256,DISP-05828,OMC-012,Galana Energies,JETA1,2026-02-08,37708
INV-66190,DISP-04729,OMC-012,Galana Energies,LPG,2026-04-25,296693
INV-63970,DISP-04581,OMC-014,Texol Energies,PMS,2025-05-16,93843
INV-75089,DISP-06592,OMC-006,Hashi Energy,HFO,,283795
INV-56933,DISP-04862,OMC-001,TotalEnergies Kenya,PMS,2025-09-28,37535
INV-52732,DISP-06643,OMC-009,Dalbit Petroleum,HFO,2026-03-08,167802
INV-99174,DISP-07338,OMC-020,Ethiopian Oil,JETA1,2026-02-26,27025
INV-49827,DISP-04683,OMC-004,Gulf Energy,LUB,2026-03-04,86909
INV-37970,DISP-05300,OMC-020,Ethiopian Oil,JETA1,2026-06-26,143742
INV-99074,DISP-04327,OMC-010,Tamoil,DPK,2025-02-22,32718
INV-72970,DISP-07378,OMC-003,Rubis Energy,AGO,2025-01-11,258745
INV-63261,DISP-04296,OMC-013,Lake Oil,HFO,2025-11-27,55119
INV-62088,DISP-02300,OMC-015,Mombasa Petroleum,HFO,03/08/2025,98570
INV-41013,DISP-01098,OMC-001,TotalEnergies Kenya,LUB,2025-04-04,142848
INV-34303,DISP-09990,OMC-019,Tanzania Petroleum,JETA1,2025-07-22,52680
INV-46603,DISP-07443,OMC-005,PetroOil Kenya,LPG,2026-03-16,194679
INV-51091,DISP-05934,OMC-011,Hass Petroleum,LPG,2025-06-09,220764
INV-58686,DISP-09309,OMC-008,National Oil,DPK,2025-07-31," KES 112,850 "
INV-37978,DISP-02991,OMC-007,Kobil,HFO,2025-04-19,170109
INV-88770,DISP-04042,OMC-004,Gulf Energy,JETA1,2026-04-09,348224
INV-64637,DISP-06346,OMC-003,Rubis Energy,PMS,2026-05-04,26026
INV-66132,DISP-09338,OMC-006,Hashi Energy,AGO,2025-06-27,131279
INV-41610,DISP-05704,OMC-002,Vivo Energy,HFO,2026-05-07,50070
INV-62805,DISP-09388,OMC-012,Galana Energies,LPG,2026-02-18,147229
INV-75940,DISP-01833,OMC-004,Gulf Energy,HFO,2026-02-23,27932
INV-81220,DISP-01769,OMC-008,National Oil,LUB,2026-03-05,28831
INV-31497,DISP-09333,OMC-001,TotalEnergies Kenya,DPK,2025-11-18,53332
INV-27060,DISP-07489,OMC-002,Vivo Energy,HFO,04/03/2025,74908
INV-14086,DISP-04504,OMC-019,Tanzania Petroleum,DPK,2025-12-09,56031
INV-87913,DISP-02373,OMC-013,Lake Oil,JETA1,2025-06-29,52923
INV-91370,DISP-05529,OMC-015,Mombasa Petroleum,LPG,2025-03-19,205161
INV-11374,DISP-09734,OMC-017,KAA Aviation,JETA1,2025-03-13,248480
INV-91627,DISP-04884,OMC-016,KPA Marine,PMS,2025-04-15,206780
INV-72052,DISP-09917,OMC-016,KPA Marine,JETA1,2025-04-25,245900
INV-79130,DISP-04330,OMC-008,National Oil,AGO,2025-11-12,33349
INV-31013,DISP-04655,OMC-012,Galana Energies,DPK,2026-02-21,21687
INV-20994,DISP-07260,OMC-009,Dalbit Petroleum,LUB,2025-03-28,244453
INV-61456,DISP-08791,OMC-006,Hashi Energy,HFO,2025-08-07,122340
INV-71331,DISP-02662,OMC-008,National Oil,HFO,2025-08-15,89186
INV-23372,DISP-06893,OMC-008,National Oil,JETA1,2025-05-11,36184
INV-67759,DISP-09637,OMC-018,Uganda National Oil,AGO,2026-04-13,46546
INV-96085,DISP-02587,OMC-005,PetroOil Kenya,DPK,2026-03-10,209871
INV-27974,DISP-06468,OMC-001,TotalEnergies Kenya,PMS,2025-06-18,51626
INV-60891,DISP-04519,OMC-020,Ethiopian Oil,AGO,2026-02-28,56098
INV-96060,DISP-00505,OMC-015,Mombasa Petroleum,LUB,2025-05-17,46660
INV-59276,DISP-07412,OMC-017,KAA Aviation,LPG,2025-05-05,286727
INV-27851,DISP-04321,OMC-002,Vivo Energy,DPK,2025-05-21,71107
INV-85667,DISP-08073,OMC-014,Texol Energies,PMS,2025-06-15,26180
INV-28436,DISP-07527,OMC-008,National Oil,PMS,2025-12-29,203444
INV-53677,DISP-01007,OMC-003,Rubis Energy,AGO,2025-10-17,58991
INV-75135,DISP-04022,OMC-019,Tanzania Petroleum,AGO,2025-02-10,49243
INV-73479,DISP-09155,OMC-016,KPA Marine,LUB,2025-12-21," KES 58,386 "
INV-66763,DISP-08219,OMC-020,Ethiopian Oil,LPG,2026-03-26," KES 33,522 "
INV-53111,DISP-05301,OMC-017,KAA Aviation,LPG,2025-07-03,185083
INV-73620,DISP-07091,OMC-003,Rubis Energy,PMS,2026-06-26,55358
INV-21917,DISP-04694,OMC-011,Hass Petroleum,PMS,2026-03-15,40842
INV-35088,DISP-06723,OMC-018,Uganda National Oil,JETA1,2025-10-09,108797
INV-14633,DISP-06206,OMC-015,Mombasa Petroleum,PMS,2025-08-13,30960
INV-23932,DISP-06452,OMC-013,Lake Oil,DPK,2026-03-27,43307
INV-75582,DISP-09698,OMC-008,National Oil,JETA1,2025-01-23,61905
INV-59808,DISP-08126,OMC-006,Hashi Energy,PMS,2025-08-19,109378
INV-97536,DISP-00367,OMC-010,Tamoil,HFO,2026-03-15,207847
INV-79396,DISP-06822,OMC-019,Tanzania Petroleum,LUB,2025-01-09,151426
INV-96582,DISP-03255,OMC-001,TotalEnergies Kenya,HFO,2025-07-05,53916
INV-83253,DISP-04406,OMC-019,Tanzania Petroleum,PMS,2026-02-25,36226
INV-35185,DISP-01943,OMC-003,Rubis Energy,JETA1,2025-09-18,26911
INV-11811,DISP-02305,OMC-011,Hass Petroleum,PMS,2025-12-16," KES 176,543 "
INV-48040,DISP-04918,OMC-016,KPA Marine,HFO,2025-11-03,47344
INV-48492,DISP-04865,OMC-016,KPA Marine,HFO,2026-06-20,199914
INV-20746,DISP-02288,OMC-020,Ethiopian Oil,JETA1,2025-12-07,195919
INV-66209,DISP-05722,OMC-015,Mombasa Petroleum,LUB,2025-05-16,291460
INV-65310,DISP-04354,OMC-010,Tamoil,DPK,2026-06-15,152343
INV-87932,DISP-02656,OMC-019,Tanzania Petroleum,LUB,2025-04-22,22381
INV-55875,DISP-07057,OMC-007,Kobil,PMS,2025-10-15,227094
INV-17774,DISP-09378,OMC-006,Hashi Energy,LPG,2025-08-27,161133
INV-56796,DISP-01468,OMC-006,Hashi Energy,HFO,12/09/2025,182349
INV-45082,DISP-01361,OMC-006,Hashi Energy,LUB,2025-03-13,52718
INV-27517,DISP-05955,OMC-013,Lake Oil,LUB,2026-02-12,59734
INV-45494,DISP-09597,OMC-011,Hass Petroleum,JETA1,2025-12-11,264518
INV-11439,DISP-08363,OMC-005,PetroOil Kenya,DPK,2026-04-06,64464
INV-94533,DISP-03559,OMC-004,Gulf Energy,LPG,2026-04-10,196073
INV-68934,DISP-02270,OMC-007,Kobil,DPK,2025-11-16,53024
INV-14539,DISP-09168,OMC-016,KPA Marine,LUB,2026-01-11,246392
INV-35475,DISP-05617,OMC-006,Hashi Energy,JETA1,2026-01-26,40773
INV-11840,DISP-05036,OMC-003,Rubis Energy,LUB,2025-04-24,26720
INV-18652,DISP-06979,OMC-002,Vivo Energy,LPG,2025-08-04,195866
INV-63439,DISP-07239,OMC-010,Tamoil,JETA1,2025-03-16,52312
INV-76447,DISP-04911,OMC-020,Ethiopian Oil,LPG,2026-01-14,183018
INV-99493,DISP-05103,OMC-002,Vivo Energy,JETA1,2025-07-19,96078
INV-27613,DISP-08470,OMC-010,Tamoil,HFO,2026-02-21,78253
INV-98040,DISP-02888,OMC-002,Vivo Energy,HFO,2025-12-10,123856
INV-99030,DISP-02290,OMC-012,Galana Energies,PMS,2026-04-29,49115
INV-62006,DISP-01795,OMC-010,Tamoil,LPG,2025-12-26,60465
INV-61165,DISP-07060,OMC-012,Galana Energies,JETA1,2026-03-05,166051
INV-47865,DISP-02522,OMC-018,Uganda National Oil,AGO,2025-08-31,89319
INV-80616,DISP-04827,OMC-001,TotalEnergies Kenya,HFO,2025-05-01,23390
INV-24863,DISP-05523,OMC-003,Rubis Energy,DPK,2025-04-05,51984
INV-93169,DISP-07492,OMC-004,Gulf Energy,AGO,2026-03-31,144839
INV-73312,DISP-07411,OMC-004,Gulf Energy,JETA1,2026-03-15,247312
INV-51675,DISP-07668,OMC-012,Galana Energies,LPG,2026-02-19," KES 24,759 "
INV-47802,DISP-02251,OMC-010,Tamoil,DPK,2025-11-03,24205
INV-99915,DISP-03588,OMC-020,Ethiopian Oil,LUB,2025-02-18," KES 273,453 "
INV-95424,DISP-06108,OMC-019,Tanzania Petroleum,DPK,2025-09-28,21215
INV-97710,DISP-02102,OMC-013,Lake Oil,AGO,2025-09-24,106174
INV-24163,DISP-04828,OMC-010,Tamoil,HFO,2026-05-10,225255
INV-56459,DISP-08923,OMC-019,Tanzania Petroleum,PMS,2025-07-22,39373
INV-92028,DISP-00491,OMC-011,Hass Petroleum,LUB,2025-02-21,55646
INV-89606,DISP-04554,OMC-017,KAA Aviation,PMS,14/03/2026,197413
INV-25024,DISP-03634,OMC-005,PetroOil Kenya,LUB,2026-04-07,141096
INV-34885,DISP-06758,OMC-012,Galana Energies,PMS,25/03/2026,286927
INV-58998,DISP-01746,OMC-017,KAA Aviation,LUB,2025-11-24,195089
INV-91867,DISP-08227,OMC-016,KPA Marine,DPK,2025-08-21,48111
INV-97385,DISP-00329,OMC-011,Hass Petroleum,DPK,," KES 153,327 "
INV-34271,DISP-04631,OMC-009,Dalbit Petroleum,LPG,2026-07-07,223769
INV-95131,DISP-06231,OMC-010,Tamoil,PMS,2025-11-06,59072
INV-13230,DISP-08198,OMC-018,Uganda National Oil,LUB,2026-01-30,154269
INV-11554,DISP-02040,OMC-014,Texol Energies,HFO,2025-03-23,181044
INV-43291,DISP-01909,OMC-016,KPA Marine,LPG,2025-10-03,172347
INV-44850,DISP-03200,OMC-009,Dalbit Petroleum,LUB,2025-08-04,131394
INV-86843,DISP-01944,OMC-015,Mombasa Petroleum,LUB,2026-01-17,151632
INV-14008,DISP-02011,OMC-001,TotalEnergies Kenya,DPK,2026-05-26,241768
INV-84518,DISP-04587,OMC-018,Uganda National Oil,LUB,2026-05-02,24149
INV-43102,DISP-05175,OMC-016,KPA Marine,HFO,2025-06-27," KES 43,211 "
INV-27807,DISP-08990,OMC-013,Lake Oil,DPK,2025-02-14,22929
INV-50809,DISP-07534,OMC-005,PetroOil Kenya,AGO,2026-04-07,153195
INV-68389,DISP-06201,OMC-004,Gulf Energy,HFO,2026-04-09,36931
INV-97319,DISP-06957,OMC-017,KAA Aviation,DPK,2026-01-04,189584
INV-64358,DISP-00224,OMC-008,National Oil,HFO,2026-05-04,261616
INV-75572,DISP-08731,OMC-008,National Oil,LUB,2026-04-21,188726
INV-56787,DISP-06184,OMC-009,Dalbit Petroleum,AGO,2025-10-04," KES 35,266 "
INV-10159,DISP-02556,OMC-007,Kobil,LPG,2026-02-09,23739
INV-27392,DISP-05771,OMC-018,Uganda National Oil,LUB,2026-04-05,280454
INV-43730,DISP-03709,OMC-019,Tanzania Petroleum,PMS,2025-11-01,103277
INV-12933,DISP-02118,OMC-014,Texol Energies,AGO,2025-09-30," KES 35,594 "
INV-70731,DISP-01126,OMC-013,Lake Oil,LUB,2026-03-05,54577
INV-67165,DISP-01609,OMC-007,Kobil,HFO,2026-05-18,188718
INV-95164,DISP-09123,OMC-007,Kobil,JETA1,25/04/2025,231227
INV-64998,DISP-06330,OMC-020,Ethiopian Oil,HFO,2025-08-08,23266
INV-22553,DISP-07704,OMC-002,Vivo Energy,DPK,2025-03-17,219655
INV-84832,DISP-06400,OMC-011,Hass Petroleum,PMS,29/05/2025,255324
INV-73640,DISP-06807,OMC-016,KPA Marine,PMS,2026-03-19,36344
INV-37722,DISP-01267,OMC-001,TotalEnergies Kenya,AGO,2025-08-01,57788
INV-13437,DISP-02462,OMC-015,Mombasa Petroleum,PMS,2026-04-03,146628
INV-30188,DISP-01744,OMC-002,Vivo Energy,PMS,2025-08-14,32471
INV-19168,DISP-07918,OMC-020,Ethiopian Oil,JETA1,2026-01-24,52671
INV-52967,DISP-04320,OMC-013,Lake Oil,DPK,2025-06-17,127462
INV-22909,DISP-01955,OMC-001,TotalEnergies Kenya,JETA1,2025-07-29,261061
INV-85220,DISP-00391,OMC-017,KAA Aviation,JETA1,2025-10-21,48996
INV-23922,DISP-04468,OMC-018,Uganda National Oil,HFO,2026-03-14,62012
INV-63467,DISP-04387,OMC-001,TotalEnergies Kenya,LPG,2025-01-08,34201
INV-36328,DISP-01614,OMC-002,Vivo Energy,LPG,2026-01-30,132839
INV-99600,DISP-07072,OMC-014,Texol Energies,LPG,2026-03-15,104478
INV-19176,DISP-02620,OMC-007,Kobil,HFO,10/04/2026,58793
INV-50849,DISP-02799,OMC-001,TotalEnergies Kenya,DPK,2026-02-12,59264
INV-93133,DISP-08329,OMC-001,TotalEnergies Kenya,AGO,2026-06-22,55518
INV-97428,DISP-00230,OMC-017,KAA Aviation,JETA1,2026-01-19,55372
INV-46078,DISP-06020,OMC-005,PetroOil Kenya,HFO,2026-04-15,38818
INV-46127,DISP-03803,OMC-017,KAA Aviation,LPG,2026-03-31,47851
INV-43963,DISP-06682,OMC-018,Uganda National Oil,PMS,2025-11-11,176107
INV-29425,DISP-08602,OMC-001,TotalEnergies Kenya,JETA1,2025-02-10,271392
INV-16168,DISP-05439,OMC-007,Kobil,DPK,2025-01-26,161032
INV-95259,DISP-01573,OMC-008,National Oil,JETA1,2025-06-26,60287
INV-92206,DISP-03830,OMC-014,Texol Energies,AGO,2025-07-03,33153
INV-21220,DISP-00747,OMC-020,Ethiopian Oil,DPK,2026-02-15,146353
INV-41692,DISP-04235,OMC-006,Hashi Energy,HFO,2025-11-27,22889
INV-97323,DISP-06475,OMC-014,Texol Energies,PMS,2025-07-30,47266
INV-44788,DISP-06945,OMC-009,Dalbit Petroleum,PMS,2026-02-07,181759
INV-91860,DISP-08377,OMC-018,Uganda National Oil,JETA1,2026-03-10,22191
INV-45692,DISP-02402,OMC-005,PetroOil Kenya,PMS,2026-02-13,69732
INV-13425,DISP-05363,OMC-010,Tamoil,AGO,2025-05-12,252794
INV-51896,DISP-03273,OMC-016,KPA Marine,HFO,2026-06-19," KES 61,859 "
INV-72099,DISP-00104,OMC-009,Dalbit Petroleum,LUB,2025-02-12,108875
INV-62469,DISP-07363,OMC-009,Dalbit Petroleum,HFO,2025-02-05,143316
INV-24266,DISP-03040,OMC-016,KPA Marine,AGO,2025-12-26,238435
INV-87648,DISP-03827,OMC-003,Rubis Energy,PMS,2026-04-03,36857
INV-31742,DISP-02951,OMC-003,Rubis Energy,AGO,2025-11-11,71250
INV-98517,DISP-02687,OMC-006,Hashi Energy,DPK,2026-01-19,28092
INV-66722,DISP-01254,OMC-015,Mombasa Petroleum,JETA1,2025-03-15,193547
INV-31299,DISP-05368,OMC-013,Lake Oil,AGO,26/11/2025,218980
INV-31915,DISP-08454,OMC-019,Tanzania Petroleum,AGO,02/07/2025,56989
INV-34113,DISP-06666,OMC-005,PetroOil Kenya,LPG,2026-02-20," KES 26,043 "
INV-83395,DISP-00010,OMC-018,Uganda National Oil,JETA1,2025-04-14,178764
INV-10389,DISP-06744,OMC-017,KAA Aviation,LPG,2025-01-23,260420
INV-87187,DISP-09274,OMC-005,PetroOil Kenya,JETA1,2026-03-17,135898
INV-68382,DISP-02146,OMC-016,KPA Marine,PMS,2025-12-16,114390
INV-69618,DISP-02635,OMC-018,Uganda National Oil,PMS,2025-06-22,34427
INV-10407,DISP-02941,OMC-007,Kobil,DPK,2025-03-14,35058
INV-97332,DISP-00809,OMC-009,Dalbit Petroleum,PMS,2025-07-26,154949
INV-55282,DISP-04820,OMC-012,Galana Energies,PMS,2026-05-02,56631
INV-69825,DISP-00521,OMC-019,Tanzania Petroleum,DPK,2025-10-26,112061
INV-53816,DISP-01421,OMC-009,Dalbit Petroleum,LUB,2026-06-08,58273
INV-82370,DISP-05155,OMC-020,Ethiopian Oil,LUB,2026-05-31,35744
INV-57935,DISP-01713,OMC-010,Tamoil,DPK,2026-04-20,32009
INV-64579,DISP-02182,OMC-011,Hass Petroleum,LUB,2026-04-06,163791
INV-26250,DISP-02622,OMC-018,Uganda National Oil,JETA1,2025-05-20,183333
INV-98312,DISP-01808,OMC-020,Ethiopian Oil,AGO,08/02/2025,158220
INV-79458,DISP-00066,OMC-018,Uganda National Oil,PMS,2026-01-14,164558
INV-66660,DISP-07402,OMC-005,PetroOil Kenya,HFO,2026-04-07,209883
INV-28322,DISP-02347,OMC-008,National Oil,LUB,2025-08-09," KES 168,711 "
INV-58718,DISP-04891,OMC-006,Hashi Energy,PMS,2026-03-19,202280
INV-91299,DISP-04517,OMC-019,Tanzania Petroleum,LUB,2025-10-04,246029
INV-46695,DISP-07741,OMC-011,Hass Petroleum,LUB,2026-02-11,107429
INV-40885,DISP-00558,OMC-011,Hass Petroleum,DPK,2025-10-08,35802
INV-42782,DISP-02798,OMC-014,Texol Energies,PMS,2025-04-13,40459
INV-91197,DISP-06936,OMC-008,National Oil,DPK,2026-06-27,99043
INV-20408,DISP-04029,OMC-007,Kobil,PMS,2026-02-22,222302
INV-30063,DISP-00334,OMC-008,National Oil,LPG,2026-07-04,45695
INV-61323,DISP-01876,OMC-010,Tamoil,AGO,2025-04-20,210502
INV-40135,DISP-04138,OMC-019,Tanzania Petroleum,AGO,2026-04-13,58259
INV-71669,DISP-06303,OMC-013,Lake Oil,DPK,2025-02-11," KES 218,620 "
INV-23771,DISP-03616,OMC-017,KAA Aviation,DPK,2026-06-19,172551
INV-26519,DISP-07784,OMC-012,Galana Energies,JETA1,2026-04-20,218245
INV-17570,DISP-03700,OMC-013,Lake Oil,PMS,2026-05-29,205517
INV-23576,DISP-00999,OMC-005,PetroOil Kenya,AGO,2026-04-04,212981
INV-20982,DISP-01610,OMC-007,Kobil,AGO,2025-05-28," KES 59,578 "
INV-33067,DISP-09435,OMC-010,Tamoil,JETA1,2025-06-25,26120
INV-37936,DISP-09797,OMC-011,Hass Petroleum,AGO,2026-04-24,115213
INV-34248,DISP-05421,OMC-006,Hashi Energy,AGO,2026-02-07,167806
INV-69168,DISP-08407,OMC-007,Kobil,LUB,2025-03-11,31456
INV-83848,DISP-09557,OMC-008,National Oil,JETA1,2025-09-25,55784
INV-38674,DISP-06747,OMC-019,Tanzania Petroleum,DPK,2026-04-09,53328
INV-43378,DISP-01337,OMC-018,Uganda National Oil,LUB,22/01/2026,126627
INV-13819,DISP-07095,OMC-011,Hass Petroleum,JETA1,2025-05-10,230847
INV-84562,DISP-03960,OMC-012,Galana Energies,HFO,2026-03-07,80580
INV-33815,DISP-05957,OMC-004,Gulf Energy,AGO,,209667
INV-12246,DISP-02678,OMC-015,Mombasa Petroleum,JETA1,2025-04-29,129132
INV-41012,DISP-08917,OMC-010,Tamoil,LPG,2026-05-24,99194
INV-53155,DISP-05738,OMC-005,PetroOil Kenya,LPG,2026-03-10,28660
INV-31085,DISP-02286,OMC-013,Lake Oil,LPG,2026-04-30,32631
INV-44531,DISP-08388,OMC-008,National Oil,LPG,2025-05-13,43703
INV-84872,DISP-05773,OMC-002,Vivo Energy,AGO,2025-08-09,21252
INV-81423,DISP-08947,OMC-019,Tanzania Petroleum,AGO,2026-01-14,48329
INV-47413,DISP-09613,OMC-007,Kobil,PMS,2025-06-17,36444
INV-20707,DISP-02022,OMC-009,Dalbit Petroleum,LUB,23/02/2025,185250
INV-64417,DISP-01404,OMC-020,Ethiopian Oil,DPK,2026-04-17,162953
INV-64072,DISP-03863,OMC-008,National Oil,PMS,2026-03-28," KES 46,642 "
INV-54508,DISP-05832,OMC-015,Mombasa Petroleum,PMS,2025-04-11,228308
INV-70555,DISP-03791,OMC-003,Rubis Energy,PMS,2026-02-06,22075
INV-82618,DISP-03408,OMC-004,Gulf Energy,HFO,2026-02-13,27302
INV-68972,DISP-06849,OMC-009,Dalbit Petroleum,LUB,2025-11-20,56478
INV-46093,DISP-06349,OMC-008,National Oil,HFO,2026-05-09,113481
INV-87429,DISP-01897,OMC-019,Tanzania Petroleum,HFO,2025-02-20,45216
INV-38124,DISP-06081,OMC-009,Dalbit Petroleum,HFO,2025-03-20,182280
INV-44570,DISP-01240,OMC-003,Rubis Energy,JETA1,11/12/2025,142654
INV-80861,DISP-00944,OMC-011,Hass Petroleum,PMS,2026-06-09,37286
INV-95153,DISP-09304,OMC-002,Vivo Energy,HFO,23/05/2026,43822
INV-77267,DISP-06322,OMC-009,Dalbit Petroleum,DPK,07/01/2025,28712
INV-38782,DISP-01376,OMC-013,Lake Oil,LUB,2026-07-05,28278
INV-49380,DISP-06390,OMC-017,KAA Aviation,DPK,2025-07-29," KES 36,684 "
INV-83933,DISP-00666,OMC-012,Galana Energies,LPG,2026-02-20,124790
INV-51470,DISP-06276,OMC-003,Rubis Energy,DPK,2025-09-01,170077
INV-79023,DISP-03029,OMC-013,Lake Oil,PMS,2025-04-06,22284
INV-77677,DISP-01312,OMC-018,Uganda National Oil,HFO,2025-07-13," KES 178,293 "
INV-12941,DISP-05028,OMC-017,KAA Aviation,LPG,2026-01-15,260719
INV-22482,DISP-05113,OMC-016,KPA Marine,LUB,2025-01-31,40660
INV-35960,DISP-03116,OMC-014,Texol Energies,JETA1,2025-03-13,38883
INV-53847,DISP-01612,OMC-006,Hashi Energy,LUB,2025-05-23,34690
INV-18900,DISP-00723,OMC-019,Tanzania Petroleum,AGO,2025-05-28,110438
INV-77534,DISP-04842,OMC-012,Galana Energies,DPK,2026-04-16,250822
INV-88404,DISP-01594,OMC-011,Hass Petroleum,PMS,2026-03-16," KES 90,351 "
INV-82980,DISP-03395,OMC-003,Rubis Energy,LPG,2025-04-25,170109
INV-14543,DISP-01934,OMC-018,Uganda National Oil,HFO,2025-12-24,49367
INV-26110,DISP-05849,OMC-002,Vivo Energy,PMS,2025-08-21,28012
INV-23790,DISP-02779,OMC-002,Vivo Energy,JETA1,2025-04-17,35833
INV-96721,DISP-08972,OMC-003,Rubis Energy,AGO,2026-06-29,188854
INV-47127,DISP-01624,OMC-007,Kobil,DPK,2026-01-04,206228
INV-72673,DISP-01710,OMC-014,Texol Energies,AGO,2026-03-22,229805
INV-61422,DISP-04150,OMC-020,Ethiopian Oil,JETA1,2025-12-10,180793
INV-72584,DISP-00058,OMC-013,Lake Oil,PMS,2025-03-31,110618
INV-50441,DISP-03577,OMC-010,Tamoil,PMS,2026-06-10,53507
INV-60068,DISP-04445,OMC-011,Hass Petroleum,LPG,2026-04-20,229851
INV-67510,DISP-06567,OMC-002,Vivo Energy,AGO,2026-02-22,141238
INV-30192,DISP-07071,OMC-016,KPA Marine,AGO,2026-02-20,49659
INV-41659,DISP-06655,OMC-016,KPA Marine,AGO,2025-09-27,101029
INV-49480,DISP-06833,OMC-016,KPA Marine,AGO,2025-03-13,163170
INV-94166,DISP-08517,OMC-015,Mombasa Petroleum,HFO,2026-02-03,64104
INV-42216,DISP-01551,OMC-014,Texol Energies,AGO,2025-01-10,164604
INV-46191,DISP-00239,OMC-002,Vivo Energy,JETA1,2025-03-17,156448
INV-22661,DISP-00730,OMC-005,PetroOil Kenya,LUB,2026-04-27,29430
INV-88590,DISP-05761,OMC-013,Lake Oil,HFO,,61463
INV-29418,DISP-06355,OMC-002,Vivo Energy,HFO,2025-06-18,37815
INV-75812,DISP-03641,OMC-009,Dalbit Petroleum,PMS,2026-04-08,44318
INV-67179,DISP-09650,OMC-014,Texol Energies,HFO,2025-06-06,237245
INV-66065,DISP-03208,OMC-015,Mombasa Petroleum,LUB,2025-11-07,166843
INV-95435,DISP-05143,OMC-016,KPA Marine,HFO,2025-04-19,135061
INV-18444,DISP-06874,OMC-001,TotalEnergies Kenya,DPK,2025-10-26,107401
INV-15589,DISP-02961,OMC-010,Tamoil,LPG,2025-08-27,185129
INV-42020,DISP-05711,OMC-003,Rubis Energy,LPG,2025-06-28,23677
INV-85730,DISP-03084,OMC-001,TotalEnergies Kenya,DPK,2025-08-24,46640
INV-11040,DISP-02584,OMC-005,PetroOil Kenya,PMS,2026-04-19,173026
INV-40304,DISP-09816,OMC-011,Hass Petroleum,HFO,2025-11-24,36938
INV-34102,DISP-09724,OMC-008,National Oil,AGO,2026-05-09,47901
INV-25955,DISP-05966,OMC-008,National Oil,PMS,2026-06-08,55313
INV-56646,DISP-06403,OMC-004,Gulf Energy,HFO,2026-04-11,35279
INV-78753,DISP-00244,OMC-013,Lake Oil,HFO,2025-01-26,129850
INV-27891,DISP-08294,OMC-019,Tanzania Petroleum,LPG,2025-07-14,174795
INV-69284,DISP-06880,OMC-005,PetroOil Kenya,HFO,2026-04-17,51922
INV-58066,DISP-06067,OMC-012,Galana Energies,LUB,2026-04-07,40358
INV-84318,DISP-01854,OMC-015,Mombasa Petroleum,JETA1,2025-04-20,69927
INV-65054,DISP-01656,OMC-006,Hashi Energy,LUB,2025-08-12,254342
INV-71418,DISP-05411,OMC-006,Hashi Energy,HFO,2025-03-08," KES 55,698 "
INV-61017,DISP-02216,OMC-009,Dalbit Petroleum,PMS,2026-05-26,93961
INV-78516,DISP-02666,OMC-002,Vivo Energy,JETA1,2026-06-22,229038
INV-36946,DISP-07319,OMC-012,Galana Energies,LPG,2026-03-06,152511
INV-34495,DISP-07173,OMC-007,Kobil,LPG,2025-05-05,44348
INV-77930,DISP-07915,OMC-020,Ethiopian Oil,PMS,2025-09-12,36193
INV-82623,DISP-03512,OMC-005,PetroOil Kenya,AGO,2026-03-05,129195
INV-90851,DISP-00987,OMC-020,Ethiopian Oil,LUB,2025-12-28,41847
INV-10395,DISP-08355,OMC-002,Vivo Energy,HFO,2025-10-18,160524
INV-16527,DISP-04572,OMC-006,Hashi Energy,LUB,,157941
INV-98062,DISP-02304,OMC-014,Texol Energies,LUB,2025-10-14,121640
INV-44384,DISP-07085,OMC-019,Tanzania Petroleum,PMS,2025-08-25,159543
INV-15131,DISP-00813,OMC-001,TotalEnergies Kenya,JETA1,2026-03-31,32255
INV-31803,DISP-01671,OMC-011,Hass Petroleum,AGO,2026-02-28,182321
INV-26347,DISP-03522,OMC-002,Vivo Energy,AGO,2026-01-05,256204
INV-91682,DISP-00704,OMC-010,Tamoil,LPG,2025-03-19,57884
INV-54789,DISP-05340,OMC-010,Tamoil,PMS,2025-12-29,134767
INV-80469,DISP-06107,OMC-009,Dalbit Petroleum,LUB,2026-06-30,283665
INV-92614,DISP-05950,OMC-005,PetroOil Kenya,JETA1,2026-03-25,63023
INV-86292,DISP-02697,OMC-014,Texol Energies,LPG,2026-04-08,154769
INV-43825,DISP-07737,OMC-018,Uganda National Oil,LUB,2025-02-03,106655
INV-50576,DISP-08820,OMC-014,Texol Energies,DPK,2025-10-20,40734
INV-46022,DISP-06777,OMC-005,PetroOil Kenya,DPK,2026-03-14,135144
INV-86781,DISP-06729,OMC-016,KPA Marine,HFO,2026-04-18,99933
INV-35985,DISP-06931,OMC-010,Tamoil,LPG,2025-03-31,155950
INV-52715,DISP-00785,OMC-003,Rubis Energy,HFO,2025-03-22,24624
INV-37838,DISP-03227,OMC-018,Uganda National Oil,LUB,2026-02-02,55478
INV-63269,DISP-03076,OMC-006,Hashi Energy,LPG,2025-09-01,149700
INV-42868,DISP-00366,OMC-011,Hass Petroleum,PMS,2026-07-01,48104
INV-68907,DISP-00502,OMC-001,TotalEnergies Kenya,HFO,2025-04-20,275065
INV-20589,DISP-08888,OMC-010,Tamoil,LPG,2026-04-07,153048
INV-57809,DISP-02598,OMC-016,KPA Marine,DPK,2025-02-27,44933
INV-93631,DISP-00399,OMC-019,Tanzania Petroleum,HFO,2025-07-21,49655
INV-15112,DISP-09093,OMC-003,Rubis Energy,HFO,11/11/2025,28160
INV-93774,DISP-06787,OMC-009,Dalbit Petroleum,JETA1,2025-05-01,41199
INV-96465,DISP-07545,OMC-010,Tamoil,JETA1,2025-09-27," KES 33,992 "
INV-65721,DISP-04547,OMC-005,PetroOil Kenya,LPG,2026-03-29,61894
INV-31548,DISP-08627,OMC-003,Rubis Energy,LUB,2025-10-16,37362
INV-59373,DISP-07023,OMC-003,Rubis Energy,HFO,2026-01-10,248250
INV-63118,DISP-07805,OMC-019,Tanzania Petroleum,DPK,2026-06-21,34353
INV-53116,DISP-07566,OMC-002,Vivo Energy,LUB,2026-03-12,171478
INV-34832,DISP-04700,OMC-013,Lake Oil,LPG,2025-07-20,79614
INV-98006,DISP-02791,OMC-015,Mombasa Petroleum,HFO,2025-11-04,135947
INV-18944,DISP-01860,OMC-020,Ethiopian Oil,LUB,2025-08-06,173684
INV-32591,DISP-06225,OMC-012,Galana Energies,PMS,2026-04-04,164405
INV-20305,DISP-06025,OMC-017,KAA Aviation,DPK,2026-02-28,33991
INV-76955,DISP-08164,OMC-019,Tanzania Petroleum,DPK,2025-07-03,30877
INV-28121,DISP-01428,OMC-005,PetroOil Kenya,HFO,2026-02-20,195937
INV-36885,DISP-00242,OMC-011,Hass Petroleum,LPG,2026-07-01,31487
INV-52277,DISP-08285,OMC-007,Kobil,LPG,2026-04-06,101137
INV-26424,DISP-01325,OMC-014,Texol Energies,JETA1,2026-05-31,201454
INV-28722,DISP-09908,OMC-009,Dalbit Petroleum,LPG,2025-12-16,32259
INV-56133,DISP-02685,OMC-017,KAA Aviation,AGO,2025-02-04,229858
INV-40130,DISP-06588,OMC-001,TotalEnergies Kenya,HFO,2025-07-28,31657
INV-21687,DISP-05764,OMC-004,Gulf Energy,JETA1,2026-04-27,210819
INV-11866,DISP-00958,OMC-016,KPA Marine,LUB,2026-05-03,47803
INV-62056,DISP-09068,OMC-018,Uganda National Oil,JETA1,2025-07-24," KES 212,432 "
INV-32368,DISP-08667,OMC-019,Tanzania Petroleum,HFO,2025-12-25,60673
INV-79998,DISP-06679,OMC-001,TotalEnergies Kenya,AGO,2026-02-24,29276
INV-54504,DISP-04727,OMC-004,Gulf Energy,AGO,2026-02-23,198033
INV-32573,DISP-00081,OMC-002,Vivo Energy,JETA1,2025-06-13,177626
INV-68934,DISP-02270,OMC-007,Kobil,DPK,2025-11-16,53024
INV-51025,DISP-01236,OMC-018,Uganda National Oil,PMS,2025-08-11,30029
INV-92440,DISP-06622,OMC-008,National Oil,JETA1,2025-03-06,61093
INV-78943,DISP-01305,OMC-012,Galana Energies,DPK,2026-02-21,165121
INV-37420,DISP-06600,OMC-001,TotalEnergies Kenya,JETA1,2025-08-11,27480
INV-66923,DISP-08312,OMC-011,Hass Petroleum,PMS,2025-11-03,149420
INV-94414,DISP-08342,OMC-003,Rubis Energy,HFO,2025-10-04,235312
INV-82061,DISP-06327,OMC-003,Rubis Energy,LPG,2025-03-20,181510
INV-20963,DISP-03179,OMC-017,KAA Aviation,LUB,2025-11-12,45845
INV-96336,DISP-01262,OMC-004,Gulf Energy,HFO,2026-04-07,28602
INV-33710,DISP-04178,OMC-013,Lake Oil,PMS,2025-12-25,21346
INV-25759,DISP-03171,OMC-006,Hashi Energy,PMS,2025-06-10,109048
INV-79641,DISP-08739,OMC-005,PetroOil Kenya,JETA1,2026-02-05,301885
INV-20814,DISP-01835,OMC-002,Vivo Energy,DPK,2025-05-07,55817
INV-68934,DISP-00396,OMC-012,Galana Energies,PMS,2026-02-13,41515
INV-35539,DISP-03289,OMC-020,Ethiopian Oil,LPG,2025-02-22,40335
INV-89364,DISP-03802,OMC-002,Vivo Energy,LPG,2026-04-10,96019
INV-35023,DISP-06685,OMC-016,KPA Marine,LPG,2026-03-20,208563
INV-35293,DISP-06037,OMC-010,Tamoil,PMS,2026-01-31," KES 234,029 "
INV-53725,DISP-04027,OMC-002,Vivo Energy,LPG,2025-02-11,87246
INV-49382,DISP-08269,OMC-017,KAA Aviation,HFO,2026-05-05,50347
INV-16064,DISP-09907,OMC-009,Dalbit Petroleum,DPK,2026-04-30,293123
INV-71300,DISP-05879,OMC-013,Lake Oil,LUB,2026-01-29,218257
INV-81819,DISP-02478,OMC-007,Kobil,JETA1,2026-01-05,278776
INV-98444,DISP-00794,OMC-005,PetroOil Kenya,DPK,2026-02-24,132793
INV-56674,DISP-09003,OMC-010,Tamoil,LUB,2025-02-08,253495
INV-24593,DISP-01986,OMC-002,Vivo Energy,DPK,2026-03-21,95757
INV-70601,DISP-07686,OMC-020,Ethiopian Oil,JETA1,2025-05-22,30068
INV-15035,DISP-08994,OMC-019,Tanzania Petroleum,PMS,15/07/2025,98849
INV-21932,DISP-08925,OMC-013,Lake Oil,LPG,2025-06-05,61661
INV-38006,DISP-01277,OMC-020,Ethiopian Oil,LUB,2025-05-14,30181
INV-69955,DISP-03515,OMC-013,Lake Oil,DPK,2025-06-08,42943
INV-75325,DISP-01190,OMC-009,Dalbit Petroleum,LPG,2026-02-18,100598
INV-92864,DISP-08592,OMC-018,Uganda National Oil,JETA1,2025-06-04,134983
INV-38141,DISP-05193,OMC-010,Tamoil,JETA1,2025-11-01,29211
INV-28838,DISP-05380,OMC-014,Texol Energies,HFO,2026-06-29,257459
INV-98483,DISP-07088,OMC-004,Gulf Energy,LUB,2026-04-24,240384
INV-87301,DISP-01973,OMC-005,PetroOil Kenya,PMS,2026-03-20,133489
INV-82251,DISP-09457,OMC-002,Vivo Energy,LPG,2026-02-18,53641
INV-16700,DISP-05740,OMC-002,Vivo Energy,PMS,2026-02-28,128469
INV-88608,DISP-00074,OMC-010,Tamoil,JETA1,2026-04-16,43689
INV-98278,DISP-00143,OMC-010,Tamoil,DPK,2025-09-01,61119
INV-79199,DISP-09880,OMC-017,KAA Aviation,LUB,2025-02-04,154852
INV-22480,DISP-00526,OMC-018,Uganda National Oil,JETA1,2025-07-07,54887
INV-91349,DISP-06913,OMC-007,Kobil,JETA1,2025-05-23,42409
INV-84150,DISP-09484,OMC-018,Uganda National Oil,AGO,2025-10-21,41076
INV-33026,DISP-06237,OMC-008,National Oil,AGO,2026-02-23,132919
INV-65609,DISP-07294,OMC-011,Hass Petroleum,LUB,2025-12-31,203070
INV-82349,DISP-09737,OMC-002,Vivo Energy,LUB,11/06/2026,243174
INV-12884,DISP-00843,OMC-008,National Oil,LPG,2026-05-12,41691
INV-35457,DISP-09250,OMC-013,Lake Oil,HFO,2026-02-18,28759
INV-49662,DISP-06809,OMC-014,Texol Energies,AGO,2025-09-08,136803
INV-43728,DISP-04626,OMC-007,Kobil,JETA1,2025-07-09,42116
INV-67540,DISP-03325,OMC-011,Hass Petroleum,AGO,2026-01-20,44516
INV-76039,DISP-07341,OMC-010,Tamoil,LUB,2026-03-25,26247
INV-13974,DISP-07368,OMC-007,Kobil,DPK,2026-06-28,257806
INV-47813,DISP-07949,OMC-005,PetroOil Kenya,PMS,2026-04-13,271105
INV-28897,DISP-02977,OMC-020,Ethiopian Oil,PMS,2026-01-05,62902
INV-37736,DISP-09736,OMC-015,Mombasa Petroleum,PMS,2025-09-26,25418
INV-90554,DISP-08149,OMC-003,Rubis Energy,AGO,2025-10-08,36890
INV-27130,DISP-02822,OMC-010,Tamoil,LPG,2025-03-14,265803
INV-93025,DISP-02704,OMC-004,Gulf Energy,HFO,2026-04-18,170450
INV-89912,DISP-08020,OMC-012,Galana Energies,DPK,2026-02-27,211946
INV-12466,DISP-06710,OMC-017,KAA Aviation,LPG,25/09/2025,257896
INV-21179,DISP-00162,OMC-003,Rubis Energy,HFO,2026-01-07,41034
INV-45386,DISP-08166,OMC-018,Uganda National Oil,LPG,2026-02-16,168190
INV-55547,DISP-02158,OMC-003,Rubis Energy,HFO,2026-05-14,48928
INV-43165,DISP-08750,OMC-001,TotalEnergies Kenya,AGO,2026-06-26,122553
INV-15179,DISP-01904,OMC-014,Texol Energies,LPG,2025-11-18,59273
INV-29207,DISP-06275,OMC-003,Rubis Energy,JETA1,2025-10-29,258601
INV-87540,DISP-02958,OMC-016,KPA Marine,HFO,2025-10-01,166547
INV-84347,DISP-00800,OMC-009,Dalbit Petroleum,PMS,2025-05-06,185947
INV-61161,DISP-03563,OMC-011,Hass Petroleum,DPK,2025-03-06,25107
INV-86723,DISP-09520,OMC-008,National Oil,LUB,2026-04-18,25443
INV-48035,DISP-02664,OMC-007,Kobil,JETA1,2026-04-09,196135
INV-94141,DISP-05897,OMC-011,Hass Petroleum,LPG,2025-10-17,60321
INV-97755,DISP-08879,OMC-017,KAA Aviation,JETA1,2025-05-23,130155
INV-14984,DISP-01232,OMC-015,Mombasa Petroleum,HFO,2025-04-25,266483
INV-60937,DISP-05945,OMC-001,TotalEnergies Kenya,JETA1,2025-04-20,96601
INV-11172,DISP-07834,OMC-005,PetroOil Kenya,HFO,2026-03-19,136335
INV-86619,DISP-06462,OMC-015,Mombasa Petroleum,PMS,,56557
INV-70437,DISP-06153,OMC-002,Vivo Energy,HFO,2025-01-15,143904
INV-37974,DISP-03403,OMC-020,Ethiopian Oil,HFO,2025-10-03,219421
INV-13081,DISP-02513,OMC-008,National Oil,JETA1,2025-04-20,244923
INV-70731,DISP-02441,OMC-014,Texol Energies,AGO,2026-05-24,174146
INV-69575,DISP-03347,OMC-012,Galana Energies,LPG,2026-03-17,216117
INV-88370,DISP-06366,OMC-020,Ethiopian Oil,JETA1,2025-11-09,78814
INV-34130,DISP-00195,OMC-009,Dalbit Petroleum,JETA1,,175855
INV-26438,DISP-01668,OMC-019,Tanzania Petroleum,AGO,2025-05-28,123781
INV-62330,DISP-05528,OMC-019,Tanzania Petroleum,DPK,2025-09-18,107090
INV-49318,DISP-09365,OMC-006,Hashi Energy,PMS,13/10/2025,42287
INV-21883,DISP-04648,OMC-011,Hass Petroleum,LUB,2025-09-06,46325
INV-46947,DISP-03646,OMC-018,Uganda National Oil,LUB,2025-06-07,130029
INV-13658,DISP-02570,OMC-018,Uganda National Oil,JETA1,2025-02-23,186629
INV-99278,DISP-08338,OMC-020,Ethiopian Oil,JETA1,2025-02-05,146797
INV-26953,DISP-00254,OMC-016,KPA Marine,DPK,2026-05-25,81303
INV-76929,DISP-05020,OMC-007,Kobil,DPK,2025-02-09,95770
INV-83839,DISP-05965,OMC-013,Lake Oil,DPK,28/05/2025,95816
INV-99615,DISP-08231,OMC-020,Ethiopian Oil,JETA1,2025-11-22,25251
INV-54275,DISP-04179,OMC-014,Texol Energies,HFO,2025-11-08,278473
INV-72400,DISP-01302,OMC-018,Uganda National Oil,DPK,2025-10-21,37612
INV-53258,DISP-01280,OMC-002,Vivo Energy,HFO,2025-12-21,200583
INV-62979,DISP-08768,OMC-003,Rubis Energy,LUB,2025-01-13,36477
INV-77733,DISP-05532,OMC-019,Tanzania Petroleum,AGO,2026-04-29," KES 25,555 "
INV-81969,DISP-04823,OMC-019,Tanzania Petroleum,HFO,2026-02-07,30160
INV-42136,DISP-03448,OMC-007,Kobil,LPG,2025-04-13,94072
INV-16906,DISP-08185,OMC-004,Gulf Energy,PMS,2026-04-03,147317
INV-19714,DISP-04334,OMC-019,Tanzania Petroleum,PMS,2025-12-11,56933
INV-68075,DISP-07552,OMC-017,KAA Aviation,AGO,2025-06-03,199617
INV-68045,DISP-08659,OMC-007,Kobil,HFO,2025-10-05,99337
INV-90581,DISP-02260,OMC-002,Vivo Energy,AGO,,162355
INV-50216,DISP-07344,OMC-002,Vivo Energy,JETA1,2026-06-07,37639
INV-10652,DISP-02665,OMC-016,KPA Marine,AGO,2026-04-09,76463
INV-54991,DISP-06448,OMC-008,National Oil,PMS,2025-04-26,200543
INV-96239,DISP-06852,OMC-008,National Oil,JETA1,2026-06-04,146024
INV-38665,DISP-06598,OMC-020,Ethiopian Oil,LPG,,145247
INV-49189,DISP-02262,OMC-012,Galana Energies,JETA1,2026-03-28,28528
INV-27145,DISP-03241,OMC-016,KPA Marine,JETA1,2025-07-17,38586
INV-89289,DISP-05422,OMC-019,Tanzania Petroleum,DPK,2025-08-24," KES 108,481 "
INV-43018,DISP-01043,OMC-005,PetroOil Kenya,DPK,2026-02-09,53275
INV-41067,DISP-03259,OMC-016,KPA Marine,DPK,2026-01-14,149507
INV-98369,DISP-03995,OMC-005,PetroOil Kenya,PMS,2026-03-08,266435
INV-72171,DISP-08367,OMC-006,Hashi Energy,LUB,,223090
INV-62050,DISP-01442,OMC-019,Tanzania Petroleum,LUB,2026-07-02,219883
INV-89149,DISP-09524,OMC-020,Ethiopian Oil,DPK,2026-02-23,152592
INV-80986,DISP-09570,OMC-016,KPA Marine,AGO,,111724
INV-68331,DISP-08689,OMC-014,Texol Energies,LPG,2025-03-10,157000
INV-53479,DISP-01719,OMC-002,Vivo Energy,PMS,2025-08-15,141253
INV-54976,DISP-01117,OMC-001,TotalEnergies Kenya,LUB,2026-05-06,266822
INV-62428,DISP-06626,OMC-012,Galana Energies,PMS,2026-03-02,48014
INV-33989,DISP-05859,OMC-010,Tamoil,AGO,2025-01-12,100712
INV-63381,DISP-05981,OMC-009,Dalbit Petroleum,JETA1,2026-01-18,37573
INV-22194,DISP-07391,OMC-015,Mombasa Petroleum,JETA1,2025-06-28,290425
INV-40093,DISP-06055,OMC-006,Hashi Energy,DPK,2025-06-12,22770
INV-96650,DISP-04382,OMC-015,Mombasa Petroleum,HFO,2025-11-19,51704
INV-56992,DISP-08389,OMC-008,National Oil,PMS,2026-06-04,143630
INV-14031,DISP-01637,OMC-017,KAA Aviation,LPG,2026-02-07,99610
INV-33284,DISP-00960,OMC-009,Dalbit Petroleum,AGO,2025-11-30,211519
INV-46789,DISP-04900,OMC-017,KAA Aviation,AGO,2025-05-01,71434
INV-52607,DISP-08715,OMC-012,Galana Energies,JETA1,2026-03-21,56270
INV-27131,DISP-05658,OMC-001,TotalEnergies Kenya,JETA1,2025-06-14,50646
INV-91343,DISP-03028,OMC-011,Hass Petroleum,LUB,2026-06-26,22177
INV-74745,DISP-00808,OMC-015,Mombasa Petroleum,DPK,2025-04-01,37255
INV-84599,DISP-00208,OMC-020,Ethiopian Oil,JETA1,2025-09-13,25025
INV-35853,DISP-02921,OMC-018,Uganda National Oil,JETA1,2025-09-08,205703
INV-29689,DISP-09458,OMC-020,Ethiopian Oil,LUB,2026-05-23,41442
INV-11280,DISP-00406,OMC-003,Rubis Energy,LPG,2026-01-11,28768
INV-20012,DISP-02590,OMC-014,Texol Energies,JETA1,2025-09-17,127277
INV-87372,DISP-09777,OMC-010,Tamoil,HFO,2025-02-01,98746
INV-28160,DISP-05134,OMC-020,Ethiopian Oil,AGO,2025-07-10,80371
INV-12402,DISP-01141,OMC-020,Ethiopian Oil,HFO,2026-03-28,144949
INV-82119,DISP-06044,OMC-002,Vivo Energy,JETA1,2026-04-16,61818
INV-31460,DISP-08176,OMC-007,Kobil,HFO,2025-09-02,105705
INV-86258,DISP-03938,OMC-019,Tanzania Petroleum,HFO,2026-01-19,234074
INV-46627,DISP-07403,OMC-007,Kobil,LPG,2025-04-19,157578
INV-34047,DISP-06367,OMC-011,Hass Petroleum,LPG,2026-04-12,267355
INV-57775,DISP-00727,OMC-019,Tanzania Petroleum,LPG,2026-06-15,121951
INV-33306,DISP-09615,OMC-013,Lake Oil,LUB,2026-02-02,132071
INV-40484,DISP-03355,OMC-002,Vivo Energy,DPK,2025-06-28,59893
INV-24085,DISP-04965,OMC-013,Lake Oil,LPG,2025-12-06," KES 99,198 "
INV-11278,DISP-00192,OMC-018,Uganda National Oil,AGO,2025-06-10,42902
INV-26727,DISP-09943,OMC-008,National Oil,PMS,2025-03-05,113293
INV-10341,DISP-03557,OMC-009,Dalbit Petroleum,AGO,2025-07-28,59462
INV-56967,DISP-00756,OMC-009,Dalbit Petroleum,AGO,2025-10-17,57135
INV-29312,DISP-09514,OMC-015,Mombasa Petroleum,DPK,2025-12-05,20405
INV-25963,DISP-02015,OMC-009,Dalbit Petroleum,JETA1,2026-05-16,37236
INV-23838,DISP-08875,OMC-012,Galana Energies,JETA1,2026-03-27,171846
INV-45142,DISP-06351,OMC-010,Tamoil,LPG,2026-04-22,65740
INV-37953,DISP-00932,OMC-013,Lake Oil,HFO,2025-05-22,58355
INV-87465,DISP-00535,OMC-014,Texol Energies,PMS,2026-05-19,230373
INV-65546,DISP-08179,OMC-003,Rubis Energy,DPK,2026-04-15,118847
INV-39966,DISP-01093,OMC-020,Ethiopian Oil,LUB,2026-06-28,63672
INV-56496,DISP-06525,OMC-019,Tanzania Petroleum,AGO,2025-12-05," KES 51,032 "
INV-34095,DISP-06713,OMC-003,Rubis Energy,AGO,2026-06-12,125771
INV-25543,DISP-02155,OMC-007,Kobil,HFO,2026-06-04,157206
INV-97716,DISP-03604,OMC-005,PetroOil Kenya,LPG,,175859
INV-57224,DISP-06632,OMC-007,Kobil,AGO,2026-06-18,159449
INV-16549,DISP-06654,OMC-001,TotalEnergies Kenya,LUB,2025-12-03,122220
INV-16065,DISP-00405,OMC-016,KPA Marine,JETA1,2026-03-25,122274
INV-24347,DISP-08202,OMC-008,National Oil,AGO,2025-05-11,54307
INV-24869,DISP-00114,OMC-003,Rubis Energy,HFO,2025-09-15,42104
INV-80024,DISP-06526,OMC-004,Gulf Energy,LUB,2026-04-18,174208
INV-42258,DISP-07139,OMC-013,Lake Oil,PMS,2025-12-07,33662
INV-34396,DISP-04073,OMC-005,PetroOil Kenya,DPK,2026-04-09,283555
INV-80414,DISP-01222,OMC-013,Lake Oil,HFO,2025-03-06,182105
INV-82665,DISP-04571,OMC-003,Rubis Energy,JETA1,2025-04-03,41554
INV-45797,DISP-06472,OMC-009,Dalbit Petroleum,PMS,2026-01-15,149890
INV-16526,DISP-01963,OMC-010,Tamoil,LUB,,195040
INV-33587,DISP-03314,OMC-010,Tamoil,PMS,2025-02-06,136004
INV-34867,DISP-05806,OMC-011,Hass Petroleum,LPG,2026-03-11,112868
INV-21662,DISP-01219,OMC-013,Lake Oil,PMS,2025-05-21,37421
INV-46912,DISP-05256,OMC-017,KAA Aviation,DPK,2025-08-20,96907
INV-32473,DISP-03664,OMC-019,Tanzania Petroleum,LUB,2025-07-06,88070
INV-23277,DISP-06391,OMC-010,Tamoil,HFO,2025-04-14,167172
INV-55783,DISP-06856,OMC-014,Texol Energies,JETA1,2025-05-19,38186
INV-78252,DISP-07234,OMC-017,KAA Aviation,LUB,2025-11-22,48829
INV-14023,DISP-01538,OMC-013,Lake Oil,JETA1,2026-05-02,268298
INV-30837,DISP-00804,OMC-004,Gulf Energy,PMS,15/02/2026,156867
INV-10679,DISP-08481,OMC-006,Hashi Energy,DPK,2025-05-31,99372
INV-50930,DISP-04739,OMC-002,Vivo Energy,JETA1,2025-12-04,83702
INV-23283,DISP-05192,OMC-003,Rubis Energy,JETA1,2026-06-20,175912
INV-27797,DISP-00653,OMC-020,Ethiopian Oil,AGO,2025-06-07,120973
INV-74070,DISP-08506,OMC-015,Mombasa Petroleum,AGO,2025-03-05,197348
INV-94442,DISP-03315,OMC-003,Rubis Energy,LUB,17/02/2026,94736
INV-81366,DISP-01090,OMC-002,Vivo Energy,PMS,,51028
INV-10722,DISP-06757,OMC-012,Galana Energies,LUB,2026-04-03,241566
INV-10192,DISP-08133,OMC-013,Lake Oil,JETA1,2025-10-05,243291
INV-55295,DISP-07514,OMC-002,Vivo Energy,AGO,2026-04-22,41575
INV-47604,DISP-04740,OMC-018,Uganda National Oil,JETA1,2026-05-24,144687
INV-79023,DISP-01334,OMC-002,Vivo Energy,AGO,2025-11-09,140594
INV-14238,DISP-09151,OMC-009,Dalbit Petroleum,LPG,2026-04-03,57169
INV-69182,DISP-02986,OMC-013,Lake Oil,DPK,2026-01-13,55046
INV-30451,DISP-08515,OMC-001,TotalEnergies Kenya,AGO,2026-03-26,225621
INV-67866,DISP-02287,OMC-009,Dalbit Petroleum,PMS,2025-04-27,22288
INV-58150,DISP-05511,OMC-009,Dalbit Petroleum,PMS,2025-09-23,21819
INV-11836,DISP-00429,OMC-007,Kobil,HFO,2026-06-24,41220
INV-88155,DISP-02439,OMC-012,Galana Energies,AGO,2026-02-14,110563
INV-43313,DISP-08066,OMC-016,KPA Marine,LPG,2025-09-23,49863
INV-68972,DISP-06849,OMC-009,Dalbit Petroleum,LUB,2025-11-20,56478
INV-89263,DISP-06394,OMC-005,PetroOil Kenya,AGO,2026-03-02,197716
INV-88370,DISP-06366,OMC-020,Ethiopian Oil,JETA1,2025-11-09," KES 78,814 "
INV-54287,DISP-05356,OMC-003,Rubis Energy,JETA1,2025-02-02,226647
INV-11667,DISP-00467,OMC-014,Texol Energies,AGO,2025-03-09,50288
INV-40368,DISP-06134,OMC-019,Tanzania Petroleum,PMS,2026-01-14,46724
INV-48753,DISP-09482,OMC-003,Rubis Energy,AGO,11/09/2025,118723
INV-15324,DISP-00832,OMC-013,Lake Oil,DPK,2025-02-05,29549
INV-53804,DISP-04305,OMC-002,Vivo Energy,AGO,2025-06-29,117991
INV-44487,DISP-08295,OMC-001,TotalEnergies Kenya,LUB,2025-01-27,286152
INV-12429,DISP-01070,OMC-005,PetroOil Kenya,LPG,2026-02-21,34071
INV-87274,DISP-05373,OMC-008,National Oil,AGO,2026-02-09,56105
INV-86418,DISP-09130,OMC-010,Tamoil,AGO,2025-08-26,161831
INV-14402,DISP-06328,OMC-005,PetroOil Kenya,DPK,2026-04-27," KES 49,835 "
INV-25446,DISP-06765,OMC-012,Galana Energies,LUB,2026-03-15,194236
INV-24093,DISP-07326,OMC-001,TotalEnergies Kenya,PMS,2025-09-19,256882
INV-15614,DISP-02006,OMC-003,Rubis Energy,LPG,2026-06-03,27827
INV-47815,DISP-07388,OMC-018,Uganda National Oil,PMS,2025-10-09,141923
INV-28907,DISP-08800,OMC-020,Ethiopian Oil,PMS,2025-06-18,139576
INV-76201,DISP-00343,OMC-016,KPA Marine,HFO,2025-07-28,139650
INV-18764,DISP-08100,OMC-020,Ethiopian Oil,LPG,,113044
INV-87673,DISP-06035,OMC-007,Kobil,HFO,2026-05-05,39284
INV-37936,DISP-09797,OMC-011,Hass Petroleum,AGO,2026-04-24,115213
INV-30426,DISP-06166,OMC-013,Lake Oil,DPK,2026-04-12," KES 217,725 "
INV-57990,DISP-01307,OMC-007,Kobil,AGO,2026-02-18,30975
INV-43969,DISP-09718,OMC-019,Tanzania Petroleum,AGO,2026-01-25,282279
INV-72864,DISP-01310,OMC-003,Rubis Energy,PMS,2026-06-11,306097
INV-34655,DISP-01318,OMC-003,Rubis Energy,HFO,2026-01-17,119618
INV-69234,DISP-05830,OMC-018,Uganda National Oil,HFO,2025-07-26,257094
INV-35792,DISP-02581,OMC-010,Tamoil,JETA1,2026-01-26,53347
INV-25012,DISP-01721,OMC-019,Tanzania Petroleum,LUB,2025-12-23," KES 122,388 "
INV-51195,DISP-09096,OMC-014,Texol Energies,JETA1,2025-07-01,186551
INV-55787,DISP-07694,OMC-016,KPA Marine,AGO,2025-04-22,51778
INV-11350,DISP-05736,OMC-006,Hashi Energy,AGO,2025-02-08,43410
INV-52791,DISP-02374,OMC-020,Ethiopian Oil,PMS,2025-12-19,101287
INV-69313,DISP-06384,OMC-016,KPA Marine,PMS,,155030
INV-80637,DISP-04400,OMC-013,Lake Oil,HFO,2025-01-23,52241
INV-12536,DISP-01606,OMC-010,Tamoil,JETA1,2025-05-20,174575
INV-10966,DISP-07722,OMC-019,Tanzania Petroleum,LPG,2025-04-24,59999
INV-45672,DISP-08767,OMC-003,Rubis Energy,LUB,2025-12-27,269394
INV-43137,DISP-02380,OMC-017,KAA Aviation,LUB,2026-01-13,38798
INV-56132,DISP-07245,OMC-014,Texol Energies,AGO,2026-02-09,187876
INV-83584,DISP-00553,OMC-017,KAA Aviation,AGO,2026-03-27,178268
INV-21618,DISP-00293,OMC-017,KAA Aviation,LUB,2026-03-23,122965
INV-16906,DISP-08583,OMC-010,Tamoil,LUB,2025-06-07,135237
INV-99638,DISP-07829,OMC-003,Rubis Energy,LUB,2025-03-27,43707
INV-14210,DISP-01259,OMC-009,Dalbit Petroleum,DPK,2025-11-09,36057
INV-95368,DISP-05130,OMC-017,KAA Aviation,JETA1,2026-03-12,198976
INV-50948,DISP-01490,OMC-001,TotalEnergies Kenya,PMS,2025-10-02,179922
INV-16992,DISP-02493,OMC-002,Vivo Energy,PMS,2026-02-11,192784
INV-48289,DISP-01735,OMC-016,KPA Marine,JETA1,2025-07-04,251805
INV-74740,DISP-08106,OMC-020,Ethiopian Oil,PMS,2025-12-09,93410
INV-70331,DISP-01130,OMC-006,Hashi Energy,PMS,2025-12-03,38554
INV-54424,DISP-09792,OMC-008,National Oil,AGO,2025-03-15,74921
INV-65567,DISP-09753,OMC-014,Texol Energies,DPK,2025-06-09,157420
INV-65112,DISP-08538,OMC-005,PetroOil Kenya,PMS,2026-03-11,80356
INV-52810,DISP-07233,OMC-006,Hashi Energy,DPK,2025-01-22,125333
INV-42776,DISP-01530,OMC-019,Tanzania Petroleum,LUB,2025-09-26,166126
INV-87445,DISP-04096,OMC-012,Galana Energies,HFO,2026-02-09,44245
INV-18067,DISP-08841,OMC-006,Hashi Energy,HFO,2026-05-05,131443
INV-82087,DISP-02637,OMC-012,Galana Energies,LUB,2026-02-13,185677
INV-54465,DISP-07930,OMC-019,Tanzania Petroleum,PMS,2025-04-05,39107
INV-15081,DISP-06197,OMC-016,KPA Marine,LPG,2025-11-07,39221
INV-87280,DISP-02053,OMC-005,PetroOil Kenya,PMS,2026-03-08,42234
INV-62049,DISP-04732,OMC-014,Texol Energies,DPK,2026-03-07,56291
INV-81714,DISP-09077,OMC-018,Uganda National Oil,JETA1,2025-07-08,20992
INV-52287,DISP-03977,OMC-013,Lake Oil,DPK,2025-11-14,169760
INV-90666,DISP-09803,OMC-002,Vivo Energy,LPG,,25566
INV-76062,DISP-07700,OMC-019,Tanzania Petroleum,LUB,2025-10-23,50569
INV-26517,DISP-00054,OMC-008,National Oil,HFO,,58753
INV-11634,DISP-05045,OMC-005,PetroOil Kenya,DPK,2026-03-07,25296
INV-72406,DISP-00395,OMC-017,KAA Aviation,LUB,2025-02-04,230433
INV-84567,DISP-09652,OMC-019,Tanzania Petroleum,HFO,2026-01-31,250194
INV-50486,DISP-02088,OMC-001,TotalEnergies Kenya,AGO,2026-03-09,58578
INV-12911,DISP-09336,OMC-006,Hashi Energy,HFO,2025-09-07,106136
INV-62609,DISP-03528,OMC-016,KPA Marine,AGO,2025-09-08,183583
INV-13057,DISP-07578,OMC-013,Lake Oil,PMS,2025-07-11,138625
INV-44059,DISP-07475,OMC-006,Hashi Energy,DPK,2025-02-24,107567
INV-16102,DISP-03061,OMC-008,National Oil,PMS,2026-04-02,32053
INV-91776,DISP-04529,OMC-016,KPA Marine,HFO,12/07/2025,25860
INV-46625,DISP-08461,OMC-006,Hashi Energy,AGO,2026-02-23,66304
INV-82931,DISP-04973,OMC-012,Galana Energies,PMS,2026-03-16,179896
INV-14557,DISP-06746,OMC-004,Gulf Energy,HFO,2026-03-12,162966
INV-84998,DISP-04961,OMC-009,Dalbit Petroleum,LUB,2025-02-20,39055
INV-25208,DISP-02491,OMC-015,Mombasa Petroleum,HFO,2026-05-04,277840
INV-88331,DISP-05032,OMC-014,Texol Energies,JETA1,2025-12-13,115026
INV-74992,DISP-04136,OMC-014,Texol Energies,DPK,2025-09-18,283187
INV-22281,DISP-05797,OMC-007,Kobil,DPK,2026-01-21,268327
INV-11852,DISP-00057,OMC-019,Tanzania Petroleum,LPG,2025-12-07,38093
INV-54429,DISP-08321,OMC-017,KAA Aviation,DPK,2025-03-21,160836
INV-23870,DISP-00150,OMC-019,Tanzania Petroleum,LPG,2025-09-11,179701
INV-21310,DISP-06574,OMC-015,Mombasa Petroleum,DPK,2026-04-07,31849
INV-67788,DISP-00538,OMC-006,Hashi Energy,AGO,2025-07-21,199241
INV-59420,DISP-00834,OMC-005,PetroOil Kenya,JETA1,2026-03-22,28695
INV-35646,DISP-05328,OMC-010,Tamoil,AGO,2025-08-10,127595
INV-81162,DISP-03545,OMC-017,KAA Aviation,PMS,2025-03-20,105373
INV-31288,DISP-01342,OMC-011,Hass Petroleum,AGO,2026-02-17,32279
INV-91352,DISP-08395,OMC-020,Ethiopian Oil,AGO,2025-12-31,240019
INV-97655,DISP-09828,OMC-011,Hass Petroleum,LUB,19/05/2026,271002
INV-49175,DISP-08699,OMC-007,Kobil,PMS,2026-04-14,50529
INV-56597,DISP-05778,OMC-017,KAA Aviation,JETA1,2025-10-10,150776
INV-31915,DISP-08454,OMC-019,Tanzania Petroleum,AGO,2025-07-02,56989
INV-78937,DISP-07134,OMC-013,Lake Oil,AGO,2025-07-07," KES 104,760 "
INV-36650,DISP-02051,OMC-013,Lake Oil,HFO,2026-02-13,83677
INV-67230,DISP-00411,OMC-013,Lake Oil,HFO,2025-12-04,34638
INV-26292,DISP-04207,OMC-006,Hashi Energy,PMS,12/06/2025,55013
INV-95794,DISP-04674,OMC-001,TotalEnergies Kenya,LPG,2025-09-02,59247
INV-22971,DISP-09671,OMC-013,Lake Oil,PMS,2026-05-26,48181
INV-29746,DISP-01224,OMC-006,Hashi Energy,AGO,2025-02-26,157431
INV-29756,DISP-08500,OMC-010,Tamoil,LUB,2025-04-07,169530
INV-68417,DISP-07614,OMC-010,Tamoil,AGO,2026-04-08,228769
INV-19523,DISP-01539,OMC-017,KAA Aviation,HFO,2026-03-24,38914
INV-28467,DISP-08050,OMC-019,Tanzania Petroleum,LPG,2026-04-24,63168
INV-83982,DISP-09456,OMC-014,Texol Energies,HFO,2025-05-14,160615
INV-13728,DISP-01129,OMC-017,KAA Aviation,PMS,2025-11-24,30027
INV-31200,DISP-05841,OMC-001,TotalEnergies Kenya,LUB,2026-06-02,160315
INV-71136,DISP-09434,OMC-013,Lake Oil,JETA1,2025-12-03,190589
INV-85898,DISP-03489,OMC-020,Ethiopian Oil,LUB,2025-09-26," KES 53,404 "
INV-19718,DISP-03414,OMC-001,TotalEnergies Kenya,JETA1,2026-03-27,283014
INV-81914,DISP-09878,OMC-008,National Oil,JETA1,2025-05-31,51905
INV-96463,DISP-04307,OMC-019,Tanzania Petroleum,LUB,2026-01-11,55409
INV-70902,DISP-01481,OMC-003,Rubis Energy,JETA1,2026-01-27,31414
INV-79669,DISP-04438,OMC-003,Rubis Energy,LUB,2026-06-01,54762
INV-17848,DISP-00337,OMC-010,Tamoil,AGO,2025-01-19,55683
INV-19583,DISP-04513,OMC-010,Tamoil,JETA1,2025-09-16,28693
INV-82134,DISP-09058,OMC-002,Vivo Energy,PMS,2026-02-25,176039
INV-13142,DISP-09497,OMC-015,Mombasa Petroleum,AGO,2026-07-02,27178
INV-23224,DISP-03017,OMC-005,PetroOil Kenya,LUB,2026-02-25,236001
INV-21851,DISP-08639,OMC-007,Kobil,JETA1,2025-12-26," KES 38,844 "
INV-57051,DISP-06806,OMC-013,Lake Oil,AGO,2025-06-20,236687
INV-70105,DISP-01836,OMC-002,Vivo Energy,LPG,2025-09-07,177451
INV-70790,DISP-02281,OMC-008,National Oil,AGO,2025-10-12,74248
INV-33630,DISP-06775,OMC-004,Gulf Energy,LUB,2026-04-06,88285
INV-40304,DISP-03197,OMC-018,Uganda National Oil,HFO,2025-11-12,122255
INV-33960,DISP-00456,OMC-002,Vivo Energy,LPG,2025-03-14," KES 91,879 "
INV-90885,DISP-06431,OMC-010,Tamoil,DPK,2025-11-01,106803
INV-65821,DISP-01917,OMC-002,Vivo Energy,AGO,2026-05-16,162127
INV-85576,DISP-07324,OMC-010,Tamoil,PMS,2025-06-17,132168
INV-21174,DISP-05483,OMC-011,Hass Petroleum,DPK,2026-03-12,104032
INV-52828,DISP-03250,OMC-019,Tanzania Petroleum,LPG,2025-12-07,277700
INV-83275,DISP-04282,OMC-002,Vivo Energy,PMS,2025-01-31,55150
INV-17094,DISP-04785,OMC-015,Mombasa Petroleum,LUB,2026-03-11,51397
INV-32666,DISP-05048,OMC-019,Tanzania Petroleum,PMS,19/10/2025,92591
INV-84661,DISP-08415,OMC-019,Tanzania Petroleum,PMS,2026-03-21," KES 31,734 "
INV-17902,DISP-07530,OMC-006,Hashi Energy,PMS,28/02/2025,181651
INV-80437,DISP-01751,OMC-018,Uganda National Oil,LUB,2025-10-04,20873
INV-32737,DISP-07715,OMC-011,Hass Petroleum,JETA1,2025-03-07," KES 76,196 "
INV-20682,DISP-03922,OMC-005,PetroOil Kenya,HFO,,31053
INV-10899,DISP-08685,OMC-018,Uganda National Oil,LPG,20/05/2025,49141
INV-95325,DISP-08025,OMC-014,Texol Energies,LUB,2025-02-20,132034
INV-33633,DISP-05823,OMC-003,Rubis Energy,JETA1,2026-06-02,35738
INV-61967,DISP-08055,OMC-011,Hass Petroleum,JETA1,2025-08-05,46186
INV-54658,DISP-02856,OMC-014,Texol Energies,LPG,2025-10-04,253546
INV-19756,DISP-06505,OMC-010,Tamoil,LPG,2026-06-16,53567
INV-12909,DISP-08104,OMC-010,Tamoil,LUB,2025-03-25,54436
INV-24256,DISP-03042,OMC-001,TotalEnergies Kenya,PMS,2025-05-28,36458
INV-91828,DISP-06561,OMC-011,Hass Petroleum,LUB,2025-03-19,59794
INV-15364,DISP-02973,OMC-012,Galana Energies,HFO,2026-03-14,142140
INV-34232,DISP-05109,OMC-012,Galana Energies,AGO,2026-04-07,25679
INV-13858,DISP-03766,OMC-001,TotalEnergies Kenya,LPG,2025-05-04,35112
INV-48925,DISP-02400,OMC-007,Kobil,PMS,2025-03-20,62590
INV-23682,DISP-06876,OMC-019,Tanzania Petroleum,HFO,2025-11-22,104376
INV-91000,DISP-01028,OMC-007,Kobil,PMS,2025-04-12,33445
INV-94515,DISP-07171,OMC-006,Hashi Energy,PMS,2025-08-12,274730
INV-68847,DISP-04493,OMC-019,Tanzania Petroleum,HFO,2025-09-20,39796
INV-59361,DISP-06999,OMC-005,PetroOil Kenya,PMS,2026-02-17," KES 43,108 "
INV-65400,DISP-07267,OMC-014,Texol Energies,PMS,2025-04-08,38417
INV-51823,DISP-03584,OMC-004,Gulf Energy,JETA1,2026-04-05,109812
INV-21454,DISP-07384,OMC-003,Rubis Energy,LUB,,148044
INV-48938,DISP-05881,OMC-012,Galana Energies,JETA1,2026-04-11,106040
INV-90050,DISP-04512,OMC-001,TotalEnergies Kenya,LPG,2025-10-15,48727
INV-24860,DISP-08030,OMC-001,TotalEnergies Kenya,JETA1,,80328
INV-49443,DISP-02413,OMC-012,Galana Energies,LUB,2026-03-20,49692
INV-82066,DISP-05986,OMC-017,KAA Aviation,AGO,2025-10-08,102515
INV-87175,DISP-08345,OMC-014,Texol Energies,AGO,2025-11-14,225616
INV-56052,DISP-00157,OMC-005,PetroOil Kenya,PMS,2026-05-03,135015
INV-12428,DISP-09931,OMC-006,Hashi Energy,HFO,2026-02-12,288264
INV-35815,DISP-04455,OMC-012,Galana Energies,LUB,12/02/2026,23267
INV-93509,DISP-09094,OMC-003,Rubis Energy,DPK,2025-06-25,47796
INV-40922,DISP-09997,OMC-007,Kobil,LUB,2026-05-23,56214
INV-67133,DISP-06176,OMC-016,KPA Marine,DPK,2026-02-01,293314
INV-87160,DISP-01845,OMC-008,National Oil,AGO,2026-05-12,45710
INV-10034,DISP-06375,OMC-014,Texol Energies,HFO,2026-01-01,120017
INV-39960,DISP-09895,OMC-012,Galana Energies,LPG,2026-02-12,58906
INV-10365,DISP-02692,OMC-015,Mombasa Petroleum,HFO,2025-02-12,27724
INV-55964,DISP-05370,OMC-013,Lake Oil,AGO,2025-05-16,47051
INV-35119,DISP-04510,OMC-003,Rubis Energy,PMS,2025-01-24,28659
INV-53412,DISP-08614,OMC-003,Rubis Energy,JETA1,2025-03-03," KES 124,307 "
INV-45366,DISP-02027,OMC-010,Tamoil,JETA1,2025-01-25,203190
INV-18689,DISP-07977,OMC-003,Rubis Energy,DPK,2025-10-28,92739
INV-63977,DISP-02838,OMC-011,Hass Petroleum,DPK,2025-05-25,166746
INV-21284,DISP-09017,OMC-006,Hashi Energy,HFO,2025-06-12,123548
INV-67909,DISP-07414,OMC-001,TotalEnergies Kenya,LUB,2025-08-02,42108
INV-93103,DISP-09339,OMC-013,Lake Oil,LUB,2026-04-22,209626
INV-33192,DISP-08112,OMC-009,Dalbit Petroleum,JETA1,2026-06-20,254420
INV-31219,DISP-06541,OMC-011,Hass Petroleum,DPK,2025-02-11,58218
INV-14781,DISP-02231,OMC-014,Texol Energies,LUB,2025-05-16,200905
INV-18302,DISP-05686,OMC-009,Dalbit Petroleum,PMS,10/03/2025,176514
INV-47869,DISP-09571,OMC-001,TotalEnergies Kenya,DPK,2026-04-10,44374
INV-12910,DISP-04549,OMC-007,Kobil,DPK,2025-05-04,109716
INV-83393,DISP-00614,OMC-005,PetroOil Kenya,HFO,2026-04-16,197248
INV-49525,DISP-09468,OMC-015,Mombasa Petroleum,HFO,2026-02-27,149676
INV-91697,DISP-03556,OMC-002,Vivo Energy,LUB,2025-09-04,177356
INV-44686,DISP-01466,OMC-014,Texol Energies,LUB,2025-08-30,251302
INV-79242,DISP-04067,OMC-016,KPA Marine,AGO,2026-06-05,47121
INV-86160,DISP-08353,OMC-009,Dalbit Petroleum,LUB,2025-05-29,37795
INV-33410,DISP-07308,OMC-016,KPA Marine,LUB,2025-02-01,125415
INV-41778,DISP-02733,OMC-017,KAA Aviation,LUB,2025-04-26,226946
INV-81511,DISP-07988,OMC-004,Gulf Energy,JETA1,2026-03-05,470366
INV-80012,DISP-06113,OMC-015,Mombasa Petroleum,AGO,2026-03-27,62639
INV-48549,DISP-06357,OMC-013,Lake Oil,LUB,2025-02-19,28431
INV-67731,DISP-07441,OMC-004,Gulf Energy,PMS,2026-04-03,262811
INV-26436,DISP-00437,OMC-002,Vivo Energy,DPK,2026-01-06,34572
INV-92871,DISP-04049,OMC-011,Hass Petroleum,PMS,27/05/2025,55476
INV-94549,DISP-08226,OMC-003,Rubis Energy,JETA1,2025-08-06,138604
INV-28729,DISP-07955,OMC-008,National Oil,JETA1,2025-10-10,221951
INV-60911,DISP-07335,OMC-012,Galana Energies,LPG,2026-03-15,209269
INV-53803,DISP-02483,OMC-013,Lake Oil,AGO,2025-12-13,75021
INV-63909,DISP-03836,OMC-006,Hashi Energy,LPG,2025-11-04,21933
INV-67010,DISP-01400,OMC-019,Tanzania Petroleum,DPK,2025-04-25,188124
INV-89838,DISP-03832,OMC-011,Hass Petroleum,AGO,2026-03-14,55320
INV-71091,DISP-01253,OMC-006,Hashi Energy,PMS,24/04/2026,54266
INV-46814,DISP-06611,OMC-011,Hass Petroleum,AGO,2025-05-15,29710
INV-10085,DISP-01396,OMC-015,Mombasa Petroleum,DPK,2025-05-04,187683
INV-64755,DISP-03839,OMC-004,Gulf Energy,HFO,2026-02-17,32714
INV-37264,DISP-07276,OMC-016,KPA Marine,LUB,2026-05-25,221558
INV-43134,DISP-05230,OMC-002,Vivo Energy,PMS,2026-01-16,67206
INV-21739,DISP-08459,OMC-007,Kobil,HFO,2026-03-13,40069
INV-33376,DISP-00289,OMC-017,KAA Aviation,AGO,2025-02-17,287081
INV-95681,DISP-01463,OMC-014,Texol Energies,AGO,2025-04-29,29631
INV-30201,DISP-07428,OMC-019,Tanzania Petroleum,DPK,2025-10-28,26895
INV-46876,DISP-02723,OMC-004,Gulf Energy,PMS,2026-04-24,49821
INV-70397,DISP-08919,OMC-003,Rubis Energy,PMS,2025-09-20,85371
INV-54543,DISP-07350,OMC-009,Dalbit Petroleum,JETA1,2026-05-13,195213
INV-87265,DISP-00299,OMC-008,National Oil,PMS,2025-06-26," KES 179,676 "
INV-63506,DISP-02803,OMC-018,Uganda National Oil,AGO,2025-05-07,185078
INV-76955,DISP-08164,OMC-019,Tanzania Petroleum,DPK,2025-07-03,30877
INV-56496,DISP-09776,OMC-010,Tamoil,LUB,2025-10-16,121642
INV-65486,DISP-01308,OMC-001,TotalEnergies Kenya,LPG,2025-07-13,202660
INV-76706,DISP-00829,OMC-002,Vivo Energy,AGO,,57109
INV-36514,DISP-03104,OMC-020,Ethiopian Oil,HFO,2025-05-09,59981
INV-38028,DISP-01013,OMC-008,National Oil,LPG,2026-01-27,42312
INV-90384,DISP-05619,OMC-004,Gulf Energy,LUB,2026-03-13," KES 321,654 "
INV-17200,DISP-02120,OMC-015,Mombasa Petroleum,PMS,2025-04-23,129809
INV-53051,DISP-00229,OMC-016,KPA Marine,DPK,12/04/2025,199076
INV-78304,DISP-03152,OMC-012,Galana Energies,LUB,2026-05-03,261229
INV-95613,DISP-08165,OMC-019,Tanzania Petroleum,JETA1,2026-03-23,153601
INV-35355,DISP-02341,OMC-007,Kobil,PMS,2025-07-11,106603
INV-96559,DISP-04686,OMC-003,Rubis Energy,HFO,2025-08-16,51650
INV-22230,DISP-04621,OMC-004,Gulf Energy,JETA1,2026-03-11," KES 25,359 "
INV-40561,DISP-08960,OMC-012,Galana Energies,PMS,2026-03-01,261341
INV-64676,DISP-09656,OMC-011,Hass Petroleum,DPK,2026-06-22,138486
INV-14019,DISP-03622,OMC-007,Kobil,LUB,2026-04-04,109316
INV-61871,DISP-04308,OMC-001,TotalEnergies Kenya,JETA1,2026-01-13,171808
INV-10087,DISP-09132,OMC-020,Ethiopian Oil,LPG,2025-10-16,27880
INV-32003,DISP-06173,OMC-020,Ethiopian Oil,LPG,2025-04-21," KES 23,717 "
INV-21666,DISP-06855,OMC-006,Hashi Energy,HFO,2025-08-11,40704
INV-18028,DISP-05197,OMC-010,Tamoil,DPK,2025-01-15,35349
INV-98020,DISP-05584,OMC-007,Kobil,LUB,2025-01-16,91483
INV-71725,DISP-07333,OMC-017,KAA Aviation,HFO,2026-02-05,26616
INV-39569,DISP-01205,OMC-012,Galana Energies,HFO,2026-04-22,144733
INV-76098,DISP-08774,OMC-010,Tamoil,AGO,2025-10-12,178751
INV-72393,DISP-08930,OMC-002,Vivo Energy,AGO,2025-12-28,49515
INV-33688,DISP-08333,OMC-008,National Oil,PMS,2025-03-07,194486
INV-59121,DISP-03262,OMC-013,Lake Oil,AGO,2025-10-01,154929
INV-49908,DISP-04548,OMC-008,National Oil,AGO,2025-10-30,27702
INV-62749,DISP-06273,OMC-015,Mombasa Petroleum,AGO,2025-09-11,154048
INV-49977,DISP-00865,OMC-017,KAA Aviation,PMS,08/12/2025,44727
INV-75262,DISP-02810,OMC-008,National Oil,HFO,2025-09-01,26701
INV-79204,DISP-04280,OMC-017,KAA Aviation,JETA1,2026-01-05,183038
INV-72406,DISP-00395,OMC-017,KAA Aviation,LUB,2025-02-04,230433
INV-33374,DISP-03127,OMC-020,Ethiopian Oil,HFO,2026-04-04,190563
INV-17315,DISP-04359,OMC-017,KAA Aviation,LPG,2025-08-16,28529
INV-96569,DISP-09055,OMC-013,Lake Oil,AGO,2025-09-30,112026
INV-45039,DISP-09192,OMC-005,PetroOil Kenya,JETA1,2026-04-15,87277
INV-66729,DISP-04384,OMC-002,Vivo Energy,HFO,2026-06-12,26687
INV-68725,DISP-02720,OMC-018,Uganda National Oil,HFO,2025-05-12,211336
INV-71550,DISP-06848,OMC-014,Texol Energies,AGO,2026-05-09,89468
INV-57193,DISP-01785,OMC-014,Texol Energies,AGO,2026-01-01,148249
INV-42961,DISP-09171,OMC-013,Lake Oil,LUB,2025-10-14,182685
INV-65694,DISP-02505,OMC-019,Tanzania Petroleum,AGO,2025-12-09,171969
INV-50797,DISP-04278,OMC-018,Uganda National Oil,JETA1,2025-04-09,118241
INV-71818,DISP-08268,OMC-013,Lake Oil,PMS,2026-03-20,43136
INV-97802,DISP-09812,OMC-005,PetroOil Kenya,HFO,2026-03-25,135005
INV-41888,DISP-04005,OMC-017,KAA Aviation,JETA1,2026-02-03,169678
INV-47683,DISP-08710,OMC-010,Tamoil,DPK,10/12/2025,98714
INV-39175,DISP-08905,OMC-010,Tamoil,DPK,2026-02-05,34801
INV-74233,DISP-02625,OMC-008,National Oil,LUB,2026-04-13,172142
INV-78322,DISP-00282,OMC-007,Kobil,LUB,2025-02-08,35921
INV-58044,DISP-00197,OMC-014,Texol Energies,LUB,2025-08-21,45156
INV-14017,DISP-07919,OMC-012,Galana Energies,DPK,2026-02-24,204316
INV-85934,DISP-09414,OMC-013,Lake Oil,DPK,2026-05-19," KES 54,615 "
INV-91078,DISP-01831,OMC-007,Kobil,LUB,2026-03-10,170029
INV-47281,DISP-07454,OMC-015,Mombasa Petroleum,LPG,2025-12-19,39359
INV-22791,DISP-01524,OMC-005,PetroOil Kenya,PMS,2026-03-30,47155
INV-12060,DISP-00836,OMC-013,Lake Oil,AGO,2025-08-22,36466
INV-50654,DISP-02010,OMC-007,Kobil,PMS,2025-01-15,22102
INV-40038,DISP-02752,OMC-012,Galana Energies,LPG,2026-04-10,55398
INV-21771,DISP-05346,OMC-004,Gulf Energy,DPK,01/05/2026,147439
INV-66986,DISP-00565,OMC-018,Uganda National Oil,PMS,2025-07-03,141292
INV-30002,DISP-01543,OMC-007,Kobil,JETA1,2025-09-01,153432
INV-45044,DISP-05931,OMC-008,National Oil,LUB,2025-07-15,204459
INV-79763,DISP-00025,OMC-006,Hashi Energy,DPK,29/03/2025,54677
INV-80782,DISP-00711,OMC-008,National Oil,DPK,2025-04-29,23358
INV-92218,DISP-05213,OMC-005,PetroOil Kenya,LPG,2026-02-10,146085
INV-95103,DISP-01809,OMC-020,Ethiopian Oil,DPK,2025-07-31,156364
INV-76190,DISP-00252,OMC-012,Galana Energies,JETA1,2026-04-27,60490
INV-62510,DISP-02206,OMC-017,KAA Aviation,LPG,2026-01-22,27564
INV-67179,DISP-09650,OMC-014,Texol Energies,HFO,2025-06-06,237245
INV-84792,DISP-05983,OMC-013,Lake Oil,AGO,2026-07-06,27962
INV-63210,DISP-06956,OMC-011,Hass Petroleum,JETA1,2026-01-07,264947
INV-61246,DISP-02048,OMC-014,Texol Energies,LUB,2026-03-29,30942
INV-90624,DISP-09558,OMC-002,Vivo Energy,JETA1,2025-04-20,92730
INV-61502,DISP-01143,OMC-004,Gulf Energy,LUB,2026-02-27,106273
INV-20587,DISP-03962,OMC-011,Hass Petroleum,DPK,2026-05-05,151698
INV-49758,DISP-03898,OMC-004,Gulf Energy,LUB,11/02/2026,133897
INV-18651,DISP-09758,OMC-003,Rubis Energy,HFO,2026-03-16,251339
INV-92897,DISP-02604,OMC-014,Texol Energies,LPG,2026-02-13,76143
INV-61759,DISP-09346,OMC-020,Ethiopian Oil,HFO,2025-08-17,24438
INV-16261,DISP-09054,OMC-002,Vivo Energy,JETA1,2025-06-29,21433
INV-79559,DISP-02488,OMC-015,Mombasa Petroleum,DPK,2025-05-18,145962
INV-50596,DISP-01439,OMC-005,PetroOil Kenya,HFO,2026-02-17,281429
INV-69885,DISP-07290,OMC-016,KPA Marine,LPG,2025-07-07," KES 43,634 "
INV-85378,DISP-01220,OMC-014,Texol Energies,AGO,2025-06-15,169661
INV-40181,DISP-05096,OMC-001,TotalEnergies Kenya,PMS,2025-06-07,100551
INV-64483,DISP-06590,OMC-007,Kobil,AGO,2025-08-28,42642
INV-49409,DISP-00977,OMC-003,Rubis Energy,LPG,2025-10-20,207620
INV-25868,DISP-07365,OMC-013,Lake Oil,LPG,2025-08-07,37056
INV-11648,DISP-02783,OMC-017,KAA Aviation,DPK,2025-06-01,48430
INV-97322,DISP-04211,OMC-017,KAA Aviation,JETA1,2025-01-06,56888
INV-26949,DISP-03706,OMC-013,Lake Oil,PMS,2025-10-09,197289
INV-71413,DISP-04526,OMC-006,Hashi Energy,JETA1,2025-10-15,207993
INV-31432,DISP-00803,OMC-015,Mombasa Petroleum,DPK,2026-05-20,50166
INV-65503,DISP-02142,OMC-002,Vivo Energy,PMS,2026-05-16," KES 27,930 "
INV-76964,DISP-00059,OMC-004,Gulf Energy,PMS,2026-03-30,186773
INV-79460,DISP-00265,OMC-018,Uganda National Oil,JETA1,2026-02-06,285622
INV-64419,DISP-08129,OMC-017,KAA Aviation,LPG,2025-06-04,53531
INV-44290,DISP-01010,OMC-009,Dalbit Petroleum,HFO,2025-04-25,262815
INV-22684,DISP-04812,OMC-007,Kobil,LPG,2025-05-07,217577
INV-36508,DISP-03097,OMC-002,Vivo Energy,JETA1,2025-10-26,278996
INV-41600,DISP-09322,OMC-003,Rubis Energy,DPK,08/06/2025,232201
INV-75153,DISP-00691,OMC-003,Rubis Energy,LUB,2026-05-26,41281
INV-55584,DISP-03207,OMC-008,National Oil,HFO,2025-08-18,154352
INV-60608,DISP-08284,OMC-010,Tamoil,JETA1,2025-02-06,27418
INV-26493,DISP-03566,OMC-015,Mombasa Petroleum,LUB,2026-02-27,35794
INV-62794,DISP-02721,OMC-011,Hass Petroleum,PMS,2025-04-22,46773
INV-58465,DISP-05277,OMC-010,Tamoil,HFO,2025-09-14,160377
INV-15483,DISP-03948,OMC-008,National Oil,PMS,2025-01-10,246088
INV-44035,DISP-07195,OMC-007,Kobil,JETA1,2025-08-10,154089
INV-93778,DISP-00267,OMC-009,Dalbit Petroleum,DPK,2025-10-05,225800
INV-30968,DISP-09657,OMC-010,Tamoil,AGO,2025-05-10,218122
INV-34299,DISP-00788,OMC-008,National Oil,DPK,2026-04-10,94719
INV-98114,DISP-07008,OMC-015,Mombasa Petroleum,JETA1,2025-07-23,22879
INV-37823,DISP-09271,OMC-014,Texol Energies,DPK,2025-02-20,135059
INV-56853,DISP-01758,OMC-010,Tamoil,AGO,2025-10-06,202160
INV-47014,DISP-03245,OMC-003,Rubis Energy,DPK,2025-12-13,32501
INV-30181,DISP-06313,OMC-007,Kobil,LPG,2025-04-22,243705
INV-60429,DISP-09133,OMC-017,KAA Aviation,LPG,2026-03-21,150161
INV-77530,DISP-00346,OMC-004,Gulf Energy,DPK,2026-03-13,53538
INV-35635,DISP-03162,OMC-006,Hashi Energy,DPK,,157918
INV-13160,DISP-08676,OMC-019,Tanzania Petroleum,HFO,2025-08-19,42673
INV-23972,DISP-09398,OMC-012,Galana Energies,HFO,2026-02-25,28343
INV-24845,DISP-08451,OMC-012,Galana Energies,LPG,2026-02-05,61488
INV-56497,DISP-06661,OMC-011,Hass Petroleum,HFO,2026-03-21,259761
INV-55603,DISP-03237,OMC-003,Rubis Energy,DPK,2025-02-02,195749
INV-61056,DISP-02708,OMC-008,National Oil,LUB,2025-03-22,183245
INV-12388,DISP-04635,OMC-008,National Oil,PMS,2026-04-02,64592
INV-67305,DISP-04616,OMC-019,Tanzania Petroleum,HFO,2025-04-19,35986
INV-96794,DISP-05482,OMC-016,KPA Marine,PMS,2025-04-15,35365
INV-56302,DISP-05429,OMC-019,Tanzania Petroleum,HFO,2025-10-03,55562
INV-72343,DISP-08488,OMC-009,Dalbit Petroleum,HFO,24/06/2025,118357
INV-69727,DISP-04144,OMC-016,KPA Marine,DPK,2025-08-09,30432
INV-73309,DISP-07753,OMC-005,PetroOil Kenya,JETA1,2026-02-26,109377
INV-31713,DISP-09134,OMC-003,Rubis Energy,LUB,2025-04-25,141179
INV-61907,DISP-08015,OMC-015,Mombasa Petroleum,LUB,2026-03-24,37589
INV-77097,DISP-04476,OMC-001,TotalEnergies Kenya,PMS,,54739
INV-48550,DISP-01475,OMC-018,Uganda National Oil,LPG,2025-04-24,170870
INV-86835,DISP-06056,OMC-020,Ethiopian Oil,PMS,2025-09-30,205483
INV-87777,DISP-02713,OMC-002,Vivo Energy,LUB,2025-08-25,223031
INV-21872,DISP-00677,OMC-009,Dalbit Petroleum,AGO,2025-07-09,35376
INV-79038,DISP-04482,OMC-011,Hass Petroleum,LPG,2026-02-23,292140
INV-54694,DISP-01349,OMC-010,Tamoil,LPG,2025-09-24,38750
INV-88596,DISP-07679,OMC-016,KPA Marine,PMS,2025-11-25," KES 147,778 "
INV-66875,DISP-03814,OMC-016,KPA Marine,DPK,2026-05-15,95201
INV-78721,DISP-05502,OMC-004,Gulf Energy,LUB,2026-04-26,188697
INV-57213,DISP-05149,OMC-017,KAA Aviation,JETA1,2025-09-16,21813
INV-92996,DISP-07730,OMC-002,Vivo Energy,LPG,2025-03-03," KES 39,339 "
INV-13051,DISP-03334,OMC-001,TotalEnergies Kenya,PMS,2026-01-22,39450
INV-16042,DISP-04952,OMC-003,Rubis Energy,LPG,2025-11-29,270977
INV-62097,DISP-03430,OMC-018,Uganda National Oil,LPG,2026-02-28,184498
INV-97441,DISP-06396,OMC-015,Mombasa Petroleum,LPG,2026-03-31,62692
INV-54055,DISP-07172,OMC-004,Gulf Energy,LPG,2026-04-14,164519
INV-71834,DISP-02757,OMC-014,Texol Energies,LPG,2025-09-18,242586
INV-38312,DISP-05470,OMC-002,Vivo Energy,LUB,2025-05-11,140539
INV-21259,DISP-01759,OMC-007,Kobil,AGO,2025-07-09,234577
INV-22779,DISP-09782,OMC-017,KAA Aviation,LPG,2026-05-29,263331
INV-28363,DISP-03663,OMC-009,Dalbit Petroleum,PMS,2025-06-18,27633
INV-36893,DISP-00297,OMC-006,Hashi Energy,HFO,2026-02-05,112453
INV-57507,DISP-03471,OMC-017,KAA Aviation,PMS,2025-09-03,35834
INV-10844,DISP-00517,OMC-019,Tanzania Petroleum,LPG,2026-07-07,240453
INV-15295,DISP-00888,OMC-005,PetroOil Kenya,JETA1,22/02/2026," KES 48,259 "
INV-82411,DISP-08979,OMC-012,Galana Energies,LUB,,150835
INV-50747,DISP-00903,OMC-013,Lake Oil,AGO,2025-09-30,147943
INV-60528,DISP-02038,OMC-008,National Oil,JETA1,2025-09-17,268631
INV-71009,DISP-01693,OMC-020,Ethiopian Oil,JETA1,2025-08-14,193588
INV-41965,DISP-04614,OMC-019,Tanzania Petroleum,PMS,2026-01-19,41516
INV-37236,DISP-07979,OMC-002,Vivo Energy,AGO,2025-01-24,27710
INV-75496,DISP-08551,OMC-003,Rubis Energy,LUB,2026-01-20,54039
INV-46153,DISP-02634,OMC-008,National Oil,AGO,2025-05-30," KES 145,649 "
INV-40736,DISP-02080,OMC-019,Tanzania Petroleum,HFO,2025-03-02,59024
INV-72678,DISP-03593,OMC-011,Hass Petroleum,DPK,2025-03-11,165006
INV-16172,DISP-06875,OMC-003,Rubis Energy,LUB,2025-04-02,191451
INV-76925,DISP-07872,OMC-014,Texol Energies,PMS,2025-07-09,87955
INV-29308,DISP-07376,OMC-014,Texol Energies,LUB,2026-04-12,164283
INV-90635,DISP-07549,OMC-002,Vivo Energy,JETA1,2026-02-11,199066
INV-70723,DISP-07751,OMC-020,Ethiopian Oil,LPG,2025-04-21,52444
INV-22727,DISP-01255,OMC-011,Hass Petroleum,HFO,31/10/2025,211464
INV-55663,DISP-01931,OMC-016,KPA Marine,HFO,2025-10-05,24875
INV-75120,DISP-00436,OMC-017,KAA Aviation,LUB,2025-08-21,218660
INV-85136,DISP-04980,OMC-006,Hashi Energy,DPK,2025-08-22,128827
INV-14492,DISP-03639,OMC-006,Hashi Energy,JETA1,11/01/2026,44706
INV-22413,DISP-06001,OMC-013,Lake Oil,LPG,2026-03-07,225749
INV-47921,DISP-02457,OMC-015,Mombasa Petroleum,DPK,2025-01-06,55500
INV-75137,DISP-02707,OMC-010,Tamoil,JETA1,2026-01-11,55945
INV-69005,DISP-08599,OMC-006,Hashi Energy,AGO,2025-09-25,121983
INV-98337,DISP-01344,OMC-012,Galana Energies,AGO,2026-03-03,213784
INV-13545,DISP-08892,OMC-004,Gulf Energy,DPK,2026-03-14,113343
INV-39378,DISP-03356,OMC-015,Mombasa Petroleum,JETA1,2025-11-23,35768
INV-92820,DISP-02005,OMC-018,Uganda National Oil,DPK,2025-12-18,102078
INV-61828,DISP-00759,OMC-014,Texol Energies,DPK,2026-01-20,35164
INV-60557,DISP-01632,OMC-016,KPA Marine,JETA1,2025-05-04,110613
INV-72232,DISP-00392,OMC-001,TotalEnergies Kenya,DPK,2026-04-27,111020
INV-81144,DISP-02111,OMC-006,Hashi Energy,DPK,2025-03-05,38990
INV-53906,DISP-00301,OMC-004,Gulf Energy,PMS,2026-04-14,292433
INV-19210,DISP-01579,OMC-002,Vivo Energy,HFO,2026-03-21,23517
INV-98278,DISP-00143,OMC-010,Tamoil,DPK,,61119
INV-55030,DISP-03536,OMC-018,Uganda National Oil,LUB,2025-12-01,127896
INV-61729,DISP-04129,OMC-004,Gulf Energy,HFO,2026-02-09,188625
INV-60317,DISP-04301,OMC-011,Hass Petroleum,LUB,2025-10-29,208505
INV-85070,DISP-02016,OMC-010,Tamoil,LUB,2025-11-14,167165
INV-38724,DISP-06410,OMC-018,Uganda National Oil,AGO,2025-11-08,187809
INV-97508,DISP-09791,OMC-010,Tamoil,PMS,2025-06-22,25859
INV-73495,DISP-09790,OMC-011,Hass Petroleum,DPK,2025-04-19,47757
INV-96276,DISP-06092,OMC-011,Hass Petroleum,AGO,2026-06-15,142119
INV-74730,DISP-05431,OMC-004,Gulf Energy,PMS,2026-03-19,138837
INV-26011,DISP-09112,OMC-019,Tanzania Petroleum,AGO,11/08/2025,214834
INV-63201,DISP-08604,OMC-011,Hass Petroleum,LUB,2025-10-08,52363
INV-87137,DISP-01532,OMC-006,Hashi Energy,HFO,2025-04-05,56161
INV-27948,DISP-02572,OMC-007,Kobil,HFO,2026-01-03,45477
INV-40679,DISP-00852,OMC-003,Rubis Energy,AGO,2025-07-24,43869
INV-19226,DISP-03889,OMC-013,Lake Oil,JETA1,2026-06-08,41837
INV-78311,DISP-04491,OMC-013,Lake Oil,LUB,2025-02-19,37050
INV-53357,DISP-02173,OMC-008,National Oil,DPK,2026-06-03,168091
INV-60254,DISP-06181,OMC-013,Lake Oil,HFO,2025-06-27,270222
INV-13304,DISP-05242,OMC-015,Mombasa Petroleum,AGO,2026-03-23,23952
INV-71711,DISP-06958,OMC-006,Hashi Energy,LUB,2025-07-24,27171
INV-78843,DISP-05743,OMC-014,Texol Energies,AGO,2025-10-29,250429
INV-74115,DISP-09156,OMC-013,Lake Oil,JETA1,2026-06-25,119358
INV-18695,DISP-00528,OMC-010,Tamoil,PMS,2026-02-23,34934
INV-52157,DISP-09352,OMC-020,Ethiopian Oil,AGO,2026-03-25,160876
INV-85977,DISP-04374,OMC-005,PetroOil Kenya,LUB,2026-02-21,64283
INV-50786,DISP-02610,OMC-007,Kobil,JETA1,2026-02-24,134590
INV-70188,DISP-01550,OMC-017,KAA Aviation,HFO,2025-12-02,283278
INV-89669,DISP-06106,OMC-012,Galana Energies,JETA1,04/04/2026,234282
INV-66337,DISP-09188,OMC-013,Lake Oil,JETA1,2025-04-06,32880
INV-10572,DISP-08717,OMC-006,Hashi Energy,LPG,2025-02-19,192500
INV-54407,DISP-01313,OMC-007,Kobil,PMS,2025-06-13,153346
INV-69787,DISP-07205,OMC-020,Ethiopian Oil,DPK,2025-09-14,59259
INV-84145,DISP-02794,OMC-011,Hass Petroleum,DPK,2025-04-10,258711
INV-82931,DISP-09614,OMC-002,Vivo Energy,PMS,06/02/2025,191379
INV-97738,DISP-09314,OMC-004,Gulf Energy,LUB,2026-03-19,217386
INV-60664,DISP-07353,OMC-012,Galana Energies,HFO,2026-04-24,40658
INV-75146,DISP-05961,OMC-002,Vivo Energy,JETA1,2026-02-02,197860
INV-19201,DISP-06265,OMC-002,Vivo Energy,DPK,2025-05-03,78717
INV-88291,DISP-09087,OMC-002,Vivo Energy,HFO,2025-10-04," KES 49,118 "
INV-69734,DISP-08023,OMC-012,Galana Energies,DPK,2026-04-21,33429
INV-20710,DISP-00214,OMC-010,Tamoil,DPK,2025-11-30,48876
INV-89044,DISP-04094,OMC-001,TotalEnergies Kenya,HFO,2025-02-23,23803
INV-61290,DISP-02224,OMC-017,KAA Aviation,DPK,2025-11-25,125055
INV-58439,DISP-08760,OMC-010,Tamoil,LPG,2025-02-09,30073
INV-73909,DISP-06345,OMC-012,Galana Energies,AGO,2026-03-10,243699
INV-80493,DISP-01874,OMC-008,National Oil,DPK,2026-03-10,30521
INV-50866,DISP-05406,OMC-009,Dalbit Petroleum,JETA1,2025-12-04,241853
INV-40670,DISP-06324,OMC-018,Uganda National Oil,LUB,2026-04-08,39764
INV-97925,DISP-04431,OMC-013,Lake Oil,JETA1,2025-03-10," KES 133,110 "
INV-60825,DISP-02632,OMC-019,Tanzania Petroleum,LPG,2026-04-21,101993
INV-97586,DISP-09184,OMC-015,Mombasa Petroleum,AGO,2026-03-08,168611
INV-70975,DISP-04907,OMC-002,Vivo Energy,HFO,2026-06-09,121220
INV-85455,DISP-05647,OMC-009,Dalbit Petroleum,HFO,2026-05-28,177619
INV-83259,DISP-06050,OMC-017,KAA Aviation,DPK,2026-03-22,45923
INV-67836,DISP-01372,OMC-007,Kobil,AGO,2025-08-22,227619
INV-70946,DISP-06741,OMC-018,Uganda National Oil,AGO,2026-06-16,104167
INV-69747,DISP-07551,OMC-002,Vivo Energy,PMS,2026-02-24," KES 58,456 "
INV-60492,DISP-08507,OMC-009,Dalbit Petroleum,PMS,2026-04-08,141378
INV-84214,DISP-06802,OMC-014,Texol Energies,AGO,,22281
INV-93254,DISP-08585,OMC-009,Dalbit Petroleum,LUB,2026-06-24,58250
INV-86414,DISP-06718,OMC-003,Rubis Energy,LPG,2025-01-08,35946
INV-70197,DISP-02339,OMC-008,National Oil,LPG,2026-02-20,89271
INV-80396,DISP-04584,OMC-019,Tanzania Petroleum,JETA1,,38301
INV-43699,DISP-08177,OMC-011,Hass Petroleum,LPG,2025-08-16,53481
INV-53318,DISP-08718,OMC-011,Hass Petroleum,HFO,2026-04-09,210196
INV-73726,DISP-09863,OMC-010,Tamoil,PMS,2025-09-16,27821
INV-99263,DISP-09498,OMC-015,Mombasa Petroleum,PMS,2025-10-31,198432
INV-57084,DISP-02461,OMC-009,Dalbit Petroleum,HFO,2025-03-18,163554
INV-36640,DISP-09984,OMC-019,Tanzania Petroleum,DPK,," KES 101,952 "
INV-77512,DISP-03558,OMC-017,KAA Aviation,LUB,2025-07-11,29925
INV-63716,DISP-06814,OMC-010,Tamoil,LPG,2025-02-10,209439
INV-45496,DISP-08698,OMC-002,Vivo Energy,LUB,2025-04-03,143195
INV-68087,DISP-04705,OMC-015,Mombasa Petroleum,AGO,2026-05-29,106809
INV-31518,DISP-05471,OMC-012,Galana Energies,LUB,2026-03-26,47166
INV-92484,DISP-09844,OMC-012,Galana Energies,LUB,,32234
INV-54206,DISP-08493,OMC-008,National Oil,HFO,2025-01-06,33343
INV-92007,DISP-07572,OMC-017,KAA Aviation,LUB,2026-05-02," KES 136,324 "
INV-76086,DISP-04007,OMC-020,Ethiopian Oil,AGO,2025-03-14,234717
INV-34091,DISP-09860,OMC-004,Gulf Energy,AGO,2026-04-29,277472
INV-78214,DISP-01446,OMC-019,Tanzania Petroleum,JETA1,2025-04-08," KES 58,581 "
INV-80281,DISP-04570,OMC-015,Mombasa Petroleum,PMS,2026-06-29,31280
INV-98855,DISP-01443,OMC-017,KAA Aviation,DPK,2025-06-18," KES 128,508 "
INV-60433,DISP-02077,OMC-019,Tanzania Petroleum,HFO,,155419
INV-76113,DISP-07505,OMC-009,Dalbit Petroleum,JETA1,,29617
INV-82653,DISP-00172,OMC-011,Hass Petroleum,LPG,2025-07-26,151032
INV-73626,DISP-05077,OMC-018,Uganda National Oil,PMS,,53606
INV-13779,DISP-05288,OMC-018,Uganda National Oil,JETA1,2026-02-08,111899
INV-42492,DISP-03946,OMC-007,Kobil,LUB,2025-11-09,47644
INV-75410,DISP-07241,OMC-020,Ethiopian Oil,LPG,2025-06-18,45203
INV-54183,DISP-07713,OMC-008,National Oil,JETA1,2025-08-16,23094
INV-25236,DISP-05587,OMC-014,Texol Energies,LUB,2025-08-19,159012
INV-14750,DISP-08880,OMC-006,Hashi Energy,JETA1,2025-09-02,160540
INV-77340,DISP-06251,OMC-018,Uganda National Oil,DPK,2025-02-16,30628
INV-34852,DISP-06068,OMC-009,Dalbit Petroleum,LPG,2025-07-26,43569
INV-95853,DISP-06221,OMC-018,Uganda National Oil,PMS,2025-08-03,173621
INV-10223,DISP-06188,OMC-005,PetroOil Kenya,LPG,2026-02-09,168271
INV-95029,DISP-05073,OMC-019,Tanzania Petroleum,LUB,2026-06-15,49203
INV-93660,DISP-00092,OMC-003,Rubis Energy,LPG,2025-11-20,114642
INV-58335,DISP-08265,OMC-009,Dalbit Petroleum,HFO,2026-01-27,90174
INV-77573,DISP-08784,OMC-020,Ethiopian Oil,PMS,2025-10-07,189512
INV-75064,DISP-04501,OMC-009,Dalbit Petroleum,LPG,2025-10-08,62385
INV-34852,DISP-06068,OMC-009,Dalbit Petroleum,LPG,2025-07-26,43569
INV-86665,DISP-08222,OMC-015,Mombasa Petroleum,LPG,2026-06-25,169275
INV-41479,DISP-08207,OMC-014,Texol Energies,LPG,2026-05-23,29501
INV-25945,DISP-07653,OMC-017,KAA Aviation,DPK,18/05/2026,238734
INV-78954,DISP-08965,OMC-005,PetroOil Kenya,LPG,2026-04-11,212154
INV-76453,DISP-05068,OMC-015,Mombasa Petroleum,LPG,2026-06-05,195078
INV-11513,DISP-03893,OMC-012,Galana Energies,PMS,2026-04-20,188792
INV-93525,DISP-04436,OMC-011,Hass Petroleum,DPK,2026-05-01,93678
INV-29585,DISP-05783,OMC-019,Tanzania Petroleum,PMS,2025-01-19,156360
INV-41178,DISP-02046,OMC-008,National Oil,LUB,2025-07-09,235341
INV-93067,DISP-06951,OMC-002,Vivo Energy,HFO,2025-03-02,30589
INV-14950,DISP-00246,OMC-007,Kobil,HFO,,158452
INV-49053,DISP-08379,OMC-013,Lake Oil,AGO,2025-02-26,173531
INV-68922,DISP-08953,OMC-017,KAA Aviation,LUB,2025-11-27,43635
INV-91603,DISP-06539,OMC-010,Tamoil,LPG,2025-02-04,130492
INV-59228,DISP-09926,OMC-002,Vivo Energy,AGO,2025-02-24,31954
INV-18640,DISP-04574,OMC-004,Gulf Energy,LPG,2026-02-18,90310
INV-94489,DISP-03404,OMC-020,Ethiopian Oil,AGO,2025-11-10,36116
INV-39992,DISP-05353,OMC-020,Ethiopian Oil,HFO,2025-04-27,195144
INV-30457,DISP-02673,OMC-015,Mombasa Petroleum,LPG,15/05/2026,208227
INV-45908,DISP-08807,OMC-011,Hass Petroleum,HFO,2025-10-31,164503
INV-95601,DISP-09153,OMC-017,KAA Aviation,PMS,2026-01-26,48455
INV-34768,DISP-06917,OMC-017,KAA Aviation,PMS,2025-07-12,191522
INV-16365,DISP-03735,OMC-013,Lake Oil,PMS,2026-02-07,149880
INV-31826,DISP-04552,OMC-002,Vivo Energy,LPG,2026-01-18," KES 142,383 "
INV-27990,DISP-01953,OMC-019,Tanzania Petroleum,PMS,2025-11-08,271982
INV-91328,DISP-03481,OMC-009,Dalbit Petroleum,JETA1,,169504
INV-55746,DISP-07941,OMC-013,Lake Oil,DPK,2025-11-04,190462
INV-86261,DISP-02605,OMC-020,Ethiopian Oil,AGO,2025-12-28,232407
INV-81392,DISP-07610,OMC-013,Lake Oil,LPG,2025-03-27,177806
INV-10442,DISP-08079,OMC-007,Kobil,HFO,2025-07-25,53539
INV-62314,DISP-04091,OMC-019,Tanzania Petroleum,LPG,,20879
INV-78341,DISP-05883,OMC-015,Mombasa Petroleum,JETA1,2025-11-19,199264
INV-46018,DISP-08084,OMC-013,Lake Oil,DPK,14/03/2026,220611
INV-74272,DISP-02086,OMC-012,Galana Energies,PMS,2026-05-03,40909
INV-56387,DISP-04371,OMC-001,TotalEnergies Kenya,LUB,2026-05-11,208591
INV-78997,DISP-06867,OMC-002,Vivo Energy,LUB,2026-04-25,64176
INV-53553,DISP-02903,OMC-018,Uganda National Oil,JETA1,2025-01-28,43836
INV-39680,DISP-07991,OMC-009,Dalbit Petroleum,PMS,2025-02-15,57394
INV-14263,DISP-01382,OMC-002,Vivo Energy,HFO,2025-01-20,51754
INV-21914,DISP-06770,OMC-019,Tanzania Petroleum,AGO,2025-09-11,178040
INV-99238,DISP-07615,OMC-010,Tamoil,LPG,2025-01-06," KES 231,178 "
INV-87332,DISP-06553,OMC-002,Vivo Energy,JETA1,2025-07-26,52722
INV-36303,DISP-05741,OMC-020,Ethiopian Oil,LUB,2025-11-14,46932
INV-27734,DISP-04634,OMC-006,Hashi Energy,LUB,2026-01-17,164159
INV-21175,DISP-09218,OMC-020,Ethiopian Oil,HFO,2026-02-17,190604
INV-69170,DISP-00979,OMC-018,Uganda National Oil,JETA1,2025-05-31,134351
INV-12229,DISP-06518,OMC-009,Dalbit Petroleum,DPK,2025-04-10,109135
INV-24015,DISP-00386,OMC-019,Tanzania Petroleum,DPK,,273684
INV-43882,DISP-09710,OMC-003,Rubis Energy,JETA1,2026-06-02,65572
INV-68554,DISP-07854,OMC-017,KAA Aviation,HFO,2025-04-08,145985
INV-64928,DISP-00567,OMC-016,KPA Marine,LPG,2025-06-16," KES 130,498 "
INV-77994,DISP-05837,OMC-010,Tamoil,HFO,2026-04-12,44900
INV-37033,DISP-08785,OMC-011,Hass Petroleum,PMS,2026-05-21,27893
INV-20670,DISP-02925,OMC-001,TotalEnergies Kenya,LPG,2026-01-08,82654
INV-33519,DISP-04264,OMC-019,Tanzania Petroleum,LPG,2026-01-29,211104
INV-17057,DISP-01856,OMC-009,Dalbit Petroleum,LUB,2025-11-29,40296
INV-81788,DISP-02242,OMC-018,Uganda National Oil,JETA1,2026-03-05,57856
INV-15337,DISP-00608,OMC-015,Mombasa Petroleum,AGO,2025-06-21,29555
INV-14828,DISP-01137,OMC-002,Vivo Energy,LUB,,62069
INV-58076,DISP-01598,OMC-003,Rubis Energy,AGO,2025-10-02,21224
INV-44673,DISP-04011,OMC-012,Galana Energies,PMS,2026-03-28,104441
INV-15942,DISP-00383,OMC-018,Uganda National Oil,HFO,2025-09-01,188805
INV-28116,DISP-07860,OMC-015,Mombasa Petroleum,LPG,,24280
INV-97360,DISP-04368,OMC-015,Mombasa Petroleum,LUB,2025-12-11,44087
INV-82103,DISP-04291,OMC-009,Dalbit Petroleum,JETA1,23/10/2025,195010
INV-83062,DISP-00766,OMC-006,Hashi Energy,JETA1,2025-03-17,142504
INV-34157,DISP-01883,OMC-012,Galana Energies,DPK,2026-03-22,19953
INV-70923,DISP-05249,OMC-010,Tamoil,LPG,2026-04-23,259358
INV-17366,DISP-07225,OMC-004,Gulf Energy,PMS,2026-04-25,187496
INV-25104,DISP-02236,OMC-014,Texol Energies,DPK,2025-02-14,55043
INV-83902,DISP-03394,OMC-017,KAA Aviation,HFO,07/11/2025,174375
INV-65329,DISP-05862,OMC-018,Uganda National Oil,LPG,2025-09-16,195763
INV-40028,DISP-03098,OMC-005,PetroOil Kenya,AGO,2026-03-14,110510
INV-87455,DISP-04318,OMC-010,Tamoil,JETA1,2025-05-27,239268
INV-74470,DISP-04935,OMC-016,KPA Marine,LUB,2025-06-17,273398
INV-45712,DISP-02645,OMC-013,Lake Oil,JETA1,2025-05-23,191848
INV-91969,DISP-02834,OMC-005,PetroOil Kenya,AGO,2026-04-19,30115
INV-75654,DISP-03223,OMC-004,Gulf Energy,AGO,2026-03-23,193274
INV-14829,DISP-02055,OMC-001,TotalEnergies Kenya,LPG,2025-02-15,44019
INV-24687,DISP-03482,OMC-011,Hass Petroleum,HFO,2025-06-23,105676
INV-50581,DISP-04725,OMC-005,PetroOil Kenya,LPG,2026-02-12,48550
INV-37777,DISP-00179,OMC-010,Tamoil,LUB,2025-10-31,259068
INV-53768,DISP-02679,OMC-015,Mombasa Petroleum,HFO,2025-06-14,215805
INV-28738,DISP-09297,OMC-018,Uganda National Oil,HFO,,22591
INV-24800,DISP-01388,OMC-018,Uganda National Oil,AGO,2026-02-17,26838
INV-91801,DISP-08069,OMC-009,Dalbit Petroleum,PMS,2026-04-16,119410
INV-77638,DISP-04350,OMC-009,Dalbit Petroleum,AGO,25/03/2025,302508
INV-59634,DISP-03010,OMC-016,KPA Marine,AGO,2026-03-25,36116
INV-25055,DISP-07439,OMC-007,Kobil,PMS,2025-04-01,42533
INV-90484,DISP-02976,OMC-011,Hass Petroleum,DPK,2026-02-03,28310
INV-12200,DISP-07096,OMC-019,Tanzania Petroleum,HFO,2025-06-03,244076
INV-30254,DISP-05168,OMC-010,Tamoil,HFO,2025-04-16,238478
INV-53312,DISP-07839,OMC-005,PetroOil Kenya,LUB,2026-04-28,35865
INV-42061,DISP-05792,OMC-011,Hass Petroleum,HFO,2025-06-28,239172
INV-94471,DISP-05893,OMC-005,PetroOil Kenya,LPG,2026-04-21,137392
INV-71697,DISP-04485,OMC-015,Mombasa Petroleum,HFO,2026-02-05,281131
INV-43423,DISP-06680,OMC-004,Gulf Energy,LUB,2026-04-25,35873
INV-39353,DISP-01448,OMC-002,Vivo Energy,JETA1,2025-01-29,57522
INV-99410,DISP-01116,OMC-007,Kobil,LUB,2025-07-02,53209
INV-42867,DISP-08575,OMC-002,Vivo Energy,LPG,09/03/2025,163262
INV-76872,DISP-01270,OMC-015,Mombasa Petroleum,HFO,2026-05-07,178343
INV-15625,DISP-04837,OMC-015,Mombasa Petroleum,PMS,2026-02-28,135556
INV-56071,DISP-02639,OMC-007,Kobil,PMS,2026-02-13,163892
INV-31179,DISP-00675,OMC-015,Mombasa Petroleum,AGO,2025-02-10,149754
INV-86570,DISP-06440,OMC-003,Rubis Energy,LUB,2026-02-24,179317
INV-47325,DISP-01747,OMC-004,Gulf Energy,LPG,2026-03-27,39470
INV-31435,DISP-09695,OMC-001,TotalEnergies Kenya,LUB,2025-02-12,137314
INV-61674,DISP-04537,OMC-016,KPA Marine,JETA1,2026-06-06,55940
INV-26600,DISP-03644,OMC-015,Mombasa Petroleum,AGO,2025-10-24,232076
INV-57043,DISP-04981,OMC-013,Lake Oil,PMS,2026-02-05,245105
INV-67837,DISP-01291,OMC-007,Kobil,PMS,2025-05-20,202949
INV-48625,DISP-00510,OMC-011,Hass Petroleum,AGO,2025-05-26,157448
INV-27167,DISP-03815,OMC-011,Hass Petroleum,DPK,,59700
INV-34094,DISP-01617,OMC-011,Hass Petroleum,LPG,2026-04-12,291025
INV-42578,DISP-09703,OMC-013,Lake Oil,LPG,2025-04-15,127825
INV-24394,DISP-02127,OMC-006,Hashi Energy,DPK,2026-05-24,267943
INV-98940,DISP-04649,OMC-015,Mombasa Petroleum,AGO,2026-01-22,44085
INV-58974,DISP-03230,OMC-007,Kobil,AGO,2025-06-14,210899
INV-96470,DISP-05329,OMC-018,Uganda National Oil,DPK,2025-03-15," KES 196,835 "
INV-23955,DISP-04092,OMC-001,TotalEnergies Kenya,AGO,2025-09-16,155593
INV-80259,DISP-03478,OMC-017,KAA Aviation,AGO,2025-02-07,38080
INV-13289,DISP-07215,OMC-007,Kobil,AGO,2025-11-28,176946
INV-96085,DISP-03050,OMC-014,Texol Energies,AGO,2026-05-12,208903
INV-56270,DISP-05994,OMC-016,KPA Marine,DPK,2025-07-22,244856
INV-31037,DISP-03820,OMC-018,Uganda National Oil,DPK,2025-05-03,37842
INV-60751,DISP-02194,OMC-019,Tanzania Petroleum,LUB,2025-10-08,29311
INV-31588,DISP-07768,OMC-009,Dalbit Petroleum,JETA1,2025-10-06,175131
INV-81608,DISP-03628,OMC-009,Dalbit Petroleum,DPK,2026-03-29,140604
INV-23524,DISP-00279,OMC-007,Kobil,AGO,2025-11-24,207266
INV-96301,DISP-08882,OMC-018,Uganda National Oil,DPK,2025-05-19,42255
INV-90239,DISP-06183,OMC-019,Tanzania Petroleum,HFO,2026-06-07,159158
INV-82139,DISP-03421,OMC-012,Galana Energies,HFO,2026-04-30,136791
INV-48080,DISP-00234,OMC-010,Tamoil,AGO,2025-10-16,146740
INV-50599,DISP-00737,OMC-007,Kobil,AGO,2025-07-25,38519
INV-12314,DISP-06636,OMC-017,KAA Aviation,LPG,2025-01-13,207508
INV-89185,DISP-07415,OMC-014,Texol Energies,PMS,2025-08-16,157875
INV-38043,DISP-00394,OMC-009,Dalbit Petroleum,LPG,2025-09-28,47775
INV-91417,DISP-02319,OMC-014,Texol Energies,LPG,2025-09-08,43609
INV-14891,DISP-07672,OMC-013,Lake Oil,LUB,22/02/2025,27350
INV-69222,DISP-06906,OMC-006,Hashi Energy,AGO,2025-04-25,79039
INV-87348,DISP-08782,OMC-016,KPA Marine,HFO,14/01/2025,29925
INV-46037,DISP-04813,OMC-003,Rubis Energy,PMS,2025-10-29,250180
INV-46978,DISP-01680,OMC-001,TotalEnergies Kenya,JETA1,2026-05-30,54380
INV-41293,DISP-01724,OMC-012,Galana Energies,LPG,2026-02-28,280912
INV-63061,DISP-03775,OMC-018,Uganda National Oil,LPG,2025-08-20,57348
INV-36597,DISP-02149,OMC-010,Tamoil,LUB,2025-11-04,40441
INV-85092,DISP-02201,OMC-017,KAA Aviation,LUB,2025-08-11," KES 26,317 "
INV-57525,DISP-06038,OMC-019,Tanzania Petroleum,AGO,2025-11-01,47456
INV-29040,DISP-05141,OMC-003,Rubis Energy,HFO,2026-04-09,77113
INV-86687,DISP-00955,OMC-007,Kobil,LPG,2026-03-05,176665
INV-21357,DISP-02272,OMC-011,Hass Petroleum,LPG,2025-11-18,38141
INV-21654,DISP-07878,OMC-011,Hass Petroleum,DPK,2025-06-13,104304
INV-49371,DISP-09263,OMC-008,National Oil,DPK,2026-06-04,49796
INV-93133,DISP-08329,OMC-001,TotalEnergies Kenya,AGO,2026-06-22,55518
INV-50872,DISP-08644,OMC-005,PetroOil Kenya,HFO,2026-04-03," KES 42,659 "
INV-64265,DISP-05405,OMC-008,National Oil,AGO,2025-05-08,202153
INV-81542,DISP-03006,OMC-002,Vivo Energy,HFO,2026-07-03,31495
INV-48624,DISP-04328,OMC-013,Lake Oil,AGO,2025-08-15," KES 37,051 "
INV-42885,DISP-09775,OMC-001,TotalEnergies Kenya,AGO,2026-01-23,49135
INV-57594,DISP-08836,OMC-018,Uganda National Oil,PMS,2025-11-02,264126
INV-44089,DISP-04847,OMC-017,KAA Aviation,DPK,2025-02-20,132445
INV-14675,DISP-06382,OMC-012,Galana Energies,JETA1,2026-03-20,78043
INV-79476,DISP-09849,OMC-017,KAA Aviation,LUB,2025-06-09,116415
INV-69897,DISP-03615,OMC-011,Hass Petroleum,JETA1,2026-04-17,299404
INV-43653,DISP-08998,OMC-011,Hass Petroleum,HFO,2025-08-18,161971
INV-35165,DISP-08382,OMC-014,Texol Energies,HFO,2025-02-22,148356
INV-14240,DISP-04782,OMC-010,Tamoil,AGO,2026-02-21,292382
INV-84684,DISP-08874,OMC-003,Rubis Energy,LUB,2025-02-22,97655
INV-18524,DISP-08982,OMC-004,Gulf Energy,LUB,2026-03-22,25727
INV-20848,DISP-05049,OMC-010,Tamoil,LUB,2025-05-29,31436
INV-75989,DISP-04832,OMC-020,Ethiopian Oil,LUB,2026-01-19,55024
INV-70644,DISP-07933,OMC-001,TotalEnergies Kenya,JETA1,2025-12-14,257742
INV-64873,DISP-07742,OMC-017,KAA Aviation,DPK,2026-01-10,247843
INV-56714,DISP-04055,OMC-018,Uganda National Oil,PMS,2025-01-25,189885
INV-60503,DISP-06915,OMC-019,Tanzania Petroleum,LUB,2025-12-05,147794
INV-36230,DISP-07348,OMC-006,Hashi Energy,JETA1,29/03/2025,137024
INV-81288,DISP-06051,OMC-016,KPA Marine,LUB,,65023
INV-10378,DISP-06277,OMC-018,Uganda National Oil,HFO,2026-06-12,140645
INV-95741,DISP-06047,OMC-016,KPA Marine,LPG,,49271
INV-37057,DISP-01170,OMC-013,Lake Oil,AGO,2025-03-06,209864
INV-12421,DISP-00706,OMC-018,Uganda National Oil,JETA1,2025-09-12,21528
INV-98313,DISP-08429,OMC-010,Tamoil,LPG,2026-03-20,271843
INV-40297,DISP-01857,OMC-018,Uganda National Oil,LUB,2026-03-23,119105
INV-19005,DISP-07269,OMC-006,Hashi Energy,AGO,2026-02-27," KES 151,965 "
INV-96686,DISP-07996,OMC-014,Texol Energies,JETA1,2026-03-14,183588
INV-87268,DISP-07965,OMC-015,Mombasa Petroleum,PMS,2025-10-11,52852
INV-28838,DISP-06580,OMC-006,Hashi Energy,PMS,2026-01-24,125383
INV-17118,DISP-05184,OMC-011,Hass Petroleum,LPG,2026-03-24,258865
INV-75405,DISP-00739,OMC-016,KPA Marine,JETA1,2026-05-30,213457
INV-95286,DISP-02959,OMC-016,KPA Marine,DPK,20/12/2025,49630
INV-67463,DISP-09854,OMC-015,Mombasa Petroleum,JETA1,06/04/2026,65751
INV-57568,DISP-06674,OMC-016,KPA Marine,AGO,2025-07-24,57657
INV-93553,DISP-00796,OMC-014,Texol Energies,HFO,2025-11-15,24978
INV-40931,DISP-04279,OMC-003,Rubis Energy,LUB,2025-04-03,258627
INV-28103,DISP-07995,OMC-020,Ethiopian Oil,LUB,2026-06-19,28758
INV-53115,DISP-07956,OMC-007,Kobil,LPG,2025-05-10,48270
INV-37977,DISP-01728,OMC-005,PetroOil Kenya,PMS,21/04/2026,62611
INV-53393,DISP-02853,OMC-016,KPA Marine,LPG,2025-05-29,87291
INV-56329,DISP-03189,OMC-012,Galana Energies,LUB,2026-03-07,31522
INV-49805,DISP-03739,OMC-010,Tamoil,LUB,2026-05-12,47070
INV-13559,DISP-09240,OMC-019,Tanzania Petroleum,HFO,2026-05-18,232183
INV-69855,DISP-09711,OMC-007,Kobil,LPG,2026-05-26,279870
INV-98029,DISP-06898,OMC-020,Ethiopian Oil,AGO,2025-04-19,26454
INV-38291,DISP-03288,OMC-010,Tamoil,LUB,2025-10-10,185645
INV-57855,DISP-02919,OMC-010,Tamoil,JETA1,2025-09-07,30129
INV-80621,DISP-09368,OMC-016,KPA Marine,PMS,2026-01-25,228155
INV-55990,DISP-01459,OMC-001,TotalEnergies Kenya,DPK,2025-04-25,221705
INV-36854,DISP-08915,OMC-010,Tamoil,HFO,2026-02-09,34200
INV-44541,DISP-03679,OMC-006,Hashi Energy,LPG,2026-02-05,30689
INV-76380,DISP-00694,OMC-003,Rubis Energy,DPK,2025-05-13,224059
INV-61983,DISP-05923,OMC-008,National Oil,LPG,2025-11-28,110949
INV-83851,DISP-08406,OMC-020,Ethiopian Oil,JETA1,2025-10-11," KES 146,697 "
INV-87057,DISP-00899,OMC-006,Hashi Energy,LPG,2025-12-02,157018
INV-73991,DISP-07106,OMC-003,Rubis Energy,PMS,2026-04-04,227036
INV-74921,DISP-01336,OMC-001,TotalEnergies Kenya,HFO,2026-03-22,100722
INV-68045,DISP-08659,OMC-007,Kobil,HFO,2025-10-05,99337
INV-38867,DISP-03600,OMC-011,Hass Petroleum,DPK,2025-02-19,21956
INV-60737,DISP-07864,OMC-007,Kobil,LUB,2026-06-28,144927
INV-10069,DISP-03553,OMC-013,Lake Oil,HFO,2026-01-19,228230
INV-56093,DISP-07111,OMC-017,KAA Aviation,PMS,2026-05-14,38860
INV-24232,DISP-01430,OMC-018,Uganda National Oil,JETA1,2025-02-25,50062
INV-73841,DISP-02934,OMC-017,KAA Aviation,AGO,2026-03-09,131336
INV-73758,DISP-03540,OMC-011,Hass Petroleum,JETA1,2025-01-26,217929
INV-95547,DISP-03729,OMC-001,TotalEnergies Kenya,PMS,2025-03-20,94373
INV-69311,DISP-09005,OMC-003,Rubis Energy,LUB,2025-07-15,50984
INV-43795,DISP-04765,OMC-019,Tanzania Petroleum,PMS,2025-10-18,130499
INV-45954,DISP-03148,OMC-015,Mombasa Petroleum,JETA1,31/10/2025,189234
INV-80660,DISP-07692,OMC-007,Kobil,PMS,2026-01-06,59874
INV-98824,DISP-00560,OMC-020,Ethiopian Oil,LUB,2025-05-25,178923
INV-54395,DISP-07165,OMC-002,Vivo Energy,PMS,2026-03-30,54194
INV-33738,DISP-02695,OMC-004,Gulf Energy,LPG,2026-05-06,35877
INV-43774,DISP-04151,OMC-004,Gulf Energy,PMS,2026-02-24,78376
INV-67515,DISP-06023,OMC-001,TotalEnergies Kenya,DPK,2025-01-08,235669
INV-97789,DISP-05877,OMC-019,Tanzania Petroleum,AGO,2026-02-27,43175
INV-84789,DISP-00319,OMC-012,Galana Energies,LUB,2026-03-15,154859
INV-51569,DISP-08847,OMC-001,TotalEnergies Kenya,PMS,2025-02-27,145013
INV-42258,DISP-05086,OMC-008,National Oil,HFO,2025-07-27,81128
INV-77972,DISP-09349,OMC-001,TotalEnergies Kenya,JETA1,2026-02-17,251728
INV-27573,DISP-06504,OMC-016,KPA Marine,LPG,2025-08-04,179589
INV-66570,DISP-03407,OMC-001,TotalEnergies Kenya,JETA1,2025-02-01,55373
INV-10360,DISP-02762,OMC-011,Hass Petroleum,DPK,2025-08-01,218151
INV-89742,DISP-04271,OMC-007,Kobil,LPG,2026-03-04,24435
INV-53554,DISP-07771,OMC-005,PetroOil Kenya,LPG,2026-02-08,168387
INV-45424,DISP-08383,OMC-007,Kobil,DPK,2025-12-30,33902
INV-53627,DISP-02106,OMC-006,Hashi Energy,JETA1,2025-02-13,77366
INV-47664,DISP-09319,OMC-020,Ethiopian Oil,PMS,2025-05-14,208567
INV-32533,DISP-07291,OMC-013,Lake Oil,JETA1,2026-01-31,209209
INV-85467,DISP-00221,OMC-020,Ethiopian Oil,LPG,2026-05-09,215404
INV-33906,DISP-02811,OMC-015,Mombasa Petroleum,HFO,2025-09-17,46486
INV-41008,DISP-06477,OMC-004,Gulf Energy,LPG,2026-04-20,118049
INV-95772,DISP-02706,OMC-012,Galana Energies,AGO,2026-03-17,60929
INV-82817,DISP-01036,OMC-002,Vivo Energy,HFO,2025-05-21,23068
INV-57398,DISP-05954,OMC-018,Uganda National Oil,LPG,2025-03-18,185475
INV-44627,DISP-06013,OMC-016,KPA Marine,DPK,2025-11-25,59074
INV-22269,DISP-00744,OMC-008,National Oil,LPG,,43938
INV-85412,DISP-07863,OMC-009,Dalbit Petroleum,LUB,2026-01-08,167237
INV-81463,DISP-03463,OMC-017,KAA Aviation,AGO,2025-08-05,30468
INV-89664,DISP-07217,OMC-015,Mombasa Petroleum,PMS,16/01/2025,281967
INV-32777,DISP-09996,OMC-003,Rubis Energy,LUB,2025-02-26,56286
INV-79522,DISP-05611,OMC-017,KAA Aviation,JETA1,12/03/2025,275730
INV-61256,DISP-06584,OMC-009,Dalbit Petroleum,JETA1,2025-12-20,103315
INV-87975,DISP-01441,OMC-001,TotalEnergies Kenya,PMS,2026-06-11,111104
INV-56302,DISP-05911,OMC-020,Ethiopian Oil,PMS,,41050
INV-19735,DISP-05988,OMC-005,PetroOil Kenya,LUB,2026-04-29,53137
INV-58318,DISP-03736,OMC-016,KPA Marine,LUB,2026-04-04,153657
INV-58262,DISP-00295,OMC-014,Texol Energies,DPK,2025-09-18,233206
INV-75849,DISP-03033,OMC-007,Kobil,AGO,2026-01-14,214875
INV-17398,DISP-04947,OMC-002,Vivo Energy,LUB,2026-03-15," KES 232,908 "
INV-12809,DISP-09877,OMC-015,Mombasa Petroleum,PMS,2026-06-04,63577
INV-39512,DISP-07177,OMC-007,Kobil,DPK,2026-04-23,33548
INV-34655,DISP-01318,OMC-003,Rubis Energy,HFO,2026-01-17,119618
INV-78707,DISP-08021,OMC-013,Lake Oil,LPG,2026-02-10,21261
INV-78209,DISP-00696,OMC-004,Gulf Energy,HFO,2026-04-21,125949
INV-33584,DISP-05200,OMC-006,Hashi Energy,AGO,2025-08-08,226808
INV-39667,DISP-01424,OMC-016,KPA Marine,HFO,11/04/2026,49291
INV-79201,DISP-06554,OMC-008,National Oil,LPG,2025-11-24,233781
INV-84911,DISP-05560,OMC-001,TotalEnergies Kenya,JETA1,2025-10-10," KES 54,353 "
INV-66378,DISP-03785,OMC-019,Tanzania Petroleum,JETA1,2025-05-17,100245
INV-66503,DISP-08191,OMC-013,Lake Oil,HFO,2025-11-24,184433
INV-35365,DISP-09012,OMC-015,Mombasa Petroleum,LPG,12/06/2025,156390
INV-35735,DISP-04714,OMC-014,Texol Energies,HFO,2025-05-28,58611
INV-78011,DISP-05293,OMC-009,Dalbit Petroleum,LPG,2026-06-16,213839
INV-70694,DISP-01173,OMC-013,Lake Oil,AGO,2025-02-21,56905
INV-43350,DISP-02510,OMC-013,Lake Oil,LPG,2025-04-24,108084
INV-46037,DISP-00867,OMC-015,Mombasa Petroleum,HFO,2026-06-27,100597
INV-56352,DISP-05573,OMC-010,Tamoil,PMS,2025-08-29,99998
INV-48007,DISP-04802,OMC-013,Lake Oil,LPG,2025-01-25,232679
INV-53656,DISP-05387,OMC-006,Hashi Energy,DPK,2025-03-06,36046
INV-75731,DISP-09708,OMC-001,TotalEnergies Kenya,DPK,2026-02-18,104841
INV-40446,DISP-09357,OMC-017,KAA Aviation,PMS,2025-12-02,214587
INV-30191,DISP-04505,OMC-007,Kobil,LUB,2025-11-29,29822
INV-71641,DISP-02254,OMC-007,Kobil,DPK,2026-02-07,39446
INV-18143,DISP-01118,OMC-017,KAA Aviation,AGO,2025-08-17,247758
INV-61813,DISP-08899,OMC-019,Tanzania Petroleum,LUB,2025-10-21,34690
INV-86586,DISP-07020,OMC-002,Vivo Energy,JETA1,2025-10-01,44534
INV-20279,DISP-09157,OMC-008,National Oil,LPG,2025-03-10,91108
INV-80148,DISP-08556,OMC-008,National Oil,DPK,2025-05-19,160546
INV-67981,DISP-00862,OMC-014,Texol Energies,PMS,2025-06-12,139404
INV-85344,DISP-08674,OMC-002,Vivo Energy,JETA1,2026-01-11,29376
INV-37221,DISP-06597,OMC-002,Vivo Energy,AGO,18/10/2025,142703
INV-93210,DISP-04449,OMC-013,Lake Oil,HFO,2026-04-30,112787
INV-13051,DISP-03334,OMC-001,TotalEnergies Kenya,PMS,2026-01-22,39450
INV-39599,DISP-09419,OMC-019,Tanzania Petroleum,DPK,2025-05-02,115953
INV-38837,DISP-07674,OMC-014,Texol Energies,LPG,2025-04-19,194657
INV-87870,DISP-04527,OMC-003,Rubis Energy,LPG,2026-03-01,273549
INV-58891,DISP-06267,OMC-015,Mombasa Petroleum,PMS,2026-02-02,101689
INV-77572,DISP-07467,OMC-019,Tanzania Petroleum,HFO,2025-01-18,61482
INV-41849,DISP-07702,OMC-014,Texol Energies,JETA1,,248288
INV-76253,DISP-00415,OMC-008,National Oil,PMS,2026-04-27,50441
INV-19382,DISP-09645,OMC-013,Lake Oil,HFO,2025-04-18," KES 47,945 "
INV-14426,DISP-01075,OMC-018,Uganda National Oil,PMS,2026-03-30," KES 33,105 "
INV-30766,DISP-00642,OMC-013,Lake Oil,AGO,2026-02-18,146069
INV-81555,DISP-05984,OMC-016,KPA Marine,DPK,2026-05-10,34756
INV-63131,DISP-00091,OMC-018,Uganda National Oil,PMS,2026-02-05,241128
INV-61443,DISP-04434,OMC-010,Tamoil,HFO,23/08/2025,218249
INV-48198,DISP-03278,OMC-003,Rubis Energy,JETA1,2026-03-26,50392
INV-14556,DISP-08628,OMC-017,KAA Aviation,AGO,2026-03-29,212118
INV-36577,DISP-09675,OMC-002,Vivo Energy,JETA1,2026-06-24,34270
INV-45424,DISP-08383,OMC-007,Kobil,DPK,2025-12-30," KES 33,902 "
INV-52124,DISP-00868,OMC-011,Hass Petroleum,AGO,2026-07-01,54770
INV-23436,DISP-06640,OMC-008,National Oil,HFO,2026-06-06,266661
INV-31988,DISP-04841,OMC-011,Hass Petroleum,LPG,2025-10-01,27278
INV-33678,DISP-05582,OMC-004,Gulf Energy,AGO,2026-04-26,86744
INV-30764,DISP-05868,OMC-006,Hashi Energy,JETA1,2025-05-08,49426
INV-20289,DISP-05016,OMC-013,Lake Oil,AGO,2025-08-31,237038
INV-82123,DISP-02800,OMC-014,Texol Energies,JETA1,2025-04-10,39202
INV-73676,DISP-07625,OMC-014,Texol Energies,JETA1,2026-06-21,45399
INV-70090,DISP-09912,OMC-004,Gulf Energy,LUB,2026-03-28,47193
INV-61424,DISP-05459,OMC-016,KPA Marine,DPK,2025-09-02,46181
INV-40896,DISP-07628,OMC-005,PetroOil Kenya,JETA1,2026-04-16,62042
INV-28864,DISP-08190,OMC-001,TotalEnergies Kenya,PMS,2025-05-31,163080
INV-91710,DISP-02689,OMC-012,Galana Energies,PMS,2026-02-19,146047
INV-59947,DISP-07656,OMC-019,Tanzania Petroleum,HFO,2025-03-18,144032
INV-91443,DISP-08898,OMC-012,Galana Energies,JETA1,2026-02-18,280654
INV-78767,DISP-03831,OMC-018,Uganda National Oil,AGO,2026-05-09,119443
INV-71907,DISP-06130,OMC-020,Ethiopian Oil,AGO,2026-05-25,37161
INV-97935,DISP-03160,OMC-015,Mombasa Petroleum,HFO,2025-04-20,115751
INV-11204,DISP-04667,OMC-010,Tamoil,LUB,2025-05-04,193338
INV-65482,DISP-03855,OMC-018,Uganda National Oil,HFO,2026-01-23,104427
INV-13211,DISP-06143,OMC-009,Dalbit Petroleum,AGO,2025-12-31,51789
INV-80666,DISP-02256,OMC-010,Tamoil,PMS,2026-01-02,249592
INV-65421,DISP-09494,OMC-010,Tamoil,HFO,2025-07-01,42828
INV-27812,DISP-01296,OMC-009,Dalbit Petroleum,DPK,2026-05-29,36515
INV-17098,DISP-09707,OMC-017,KAA Aviation,HFO,2025-11-23,125663
INV-51978,DISP-00317,OMC-015,Mombasa Petroleum,HFO,2025-10-10,211367
INV-79355,DISP-07982,OMC-019,Tanzania Petroleum,LPG,2025-12-02,36009
INV-48276,DISP-06479,OMC-017,KAA Aviation,HFO,2025-07-08,56842
INV-81118,DISP-06455,OMC-003,Rubis Energy,LPG,2025-09-03,31563
INV-19110,DISP-04448,OMC-013,Lake Oil,JETA1,2025-09-30,50638
INV-69493,DISP-04381,OMC-019,Tanzania Petroleum,LPG,2026-03-19,197593
INV-97988,DISP-09481,OMC-001,TotalEnergies Kenya,LUB,2025-09-29,201856
INV-46366,DISP-09820,OMC-001,TotalEnergies Kenya,LPG,,203621
INV-95162,DISP-07399,OMC-019,Tanzania Petroleum,HFO,2025-06-15,155179
INV-41243,DISP-03969,OMC-002,Vivo Energy,LPG,2026-05-05,43221
INV-26488,DISP-04118,OMC-014,Texol Energies,HFO,2026-06-21," KES 142,859 "
INV-52236,DISP-01711,OMC-015,Mombasa Petroleum,PMS,2025-09-11,37370
INV-70943,DISP-03004,OMC-006,Hashi Energy,DPK,2025-06-06,47452
INV-64025,DISP-07908,OMC-019,Tanzania Petroleum,HFO,,25615
INV-14242,DISP-05612,OMC-006,Hashi Energy,LUB,2025-03-09,246817
INV-24793,DISP-04262,OMC-008,National Oil,PMS,2025-11-26,103119
INV-19714,DISP-01275,OMC-001,TotalEnergies Kenya,LUB,2025-10-18,270212
INV-81515,DISP-06033,OMC-008,National Oil,AGO,2026-06-25,166198
INV-92195,DISP-02328,OMC-013,Lake Oil,HFO,2025-12-01,193785
INV-82395,DISP-09716,OMC-017,KAA Aviation,HFO,2025-02-26,100172
INV-86254,DISP-01100,OMC-002,Vivo Energy,AGO,2025-10-28,149849
INV-13628,DISP-03442,OMC-013,Lake Oil,DPK,2025-02-02,29839
INV-14675,DISP-06382,OMC-012,Galana Energies,JETA1,2026-03-20,78043
INV-35867,DISP-00707,OMC-019,Tanzania Petroleum,AGO,2026-07-02,123659
INV-34772,DISP-00954,OMC-014,Texol Energies,PMS,2026-03-28,65571
INV-26261,DISP-02729,OMC-001,TotalEnergies Kenya,HFO,2026-05-04,50392
INV-43032,DISP-04795,OMC-015,Mombasa Petroleum,LUB,2025-05-11,24728
INV-64413,DISP-03853,OMC-020,Ethiopian Oil,DPK,2025-06-21,152411
INV-27155,DISP-01820,OMC-015,Mombasa Petroleum,AGO,2026-03-04,146152
INV-55284,DISP-04163,OMC-014,Texol Energies,DPK,2026-03-19,269866
INV-84374,DISP-02035,OMC-008,National Oil,JETA1,12/10/2025,266096
INV-87818,DISP-00298,OMC-013,Lake Oil,PMS,2026-06-20,59110
INV-14999,DISP-07116,OMC-014,Texol Energies,DPK,27/06/2026,274684
INV-29015,DISP-07383,OMC-007,Kobil,LUB,2025-12-24,235880
INV-77484,DISP-06042,OMC-006,Hashi Energy,JETA1,2025-11-26,143733
INV-30263,DISP-07811,OMC-001,TotalEnergies Kenya,HFO,26/11/2025,154997
INV-93848,DISP-06817,OMC-019,Tanzania Petroleum,PMS,2026-05-06,222639
INV-34783,DISP-04116,OMC-007,Kobil,PMS,2026-01-12,373371
INV-56366,DISP-04642,OMC-007,Kobil,HFO,2025-07-16,160169
INV-98173,DISP-06879,OMC-010,Tamoil,LUB,2025-10-21,106808
INV-52197,DISP-06101,OMC-013,Lake Oil,PMS,2026-01-02,164881
INV-93441,DISP-04164,OMC-005,PetroOil Kenya,JETA1,2026-02-09,267423
INV-54203,DISP-02905,OMC-012,Galana Energies,AGO,2026-02-12,224587
INV-16693,DISP-06239,OMC-018,Uganda National Oil,LUB,2025-07-23,43589
INV-71819,DISP-08081,OMC-001,TotalEnergies Kenya,DPK,2025-08-13,105641
INV-21434,DISP-04483,OMC-013,Lake Oil,LPG,2025-06-07,112320
INV-90252,DISP-07888,OMC-007,Kobil,JETA1,2025-09-11,239796
INV-75353,DISP-03537,OMC-017,KAA Aviation,DPK,2026-03-30,118965
INV-45652,DISP-01239,OMC-019,Tanzania Petroleum,JETA1,2025-11-21,251140
INV-19338,DISP-07943,OMC-016,KPA Marine,AGO,," KES 56,134 "
INV-16947,DISP-05759,OMC-010,Tamoil,PMS,2026-04-21,132732
INV-99277,DISP-06283,OMC-003,Rubis Energy,JETA1,2025-09-10,106436
INV-90339,DISP-06707,OMC-018,Uganda National Oil,JETA1,2025-12-31,54899
INV-82659,DISP-00941,OMC-012,Galana Energies,JETA1,2026-03-06,194719
INV-73282,DISP-09164,OMC-017,KAA Aviation,LUB,2026-01-16,214916
INV-60248,DISP-06378,OMC-011,Hass Petroleum,DPK,2025-08-13,173538
INV-69418,DISP-05240,OMC-015,Mombasa Petroleum,DPK,2025-09-20,141989
INV-24296,DISP-08995,OMC-008,National Oil,PMS,2026-06-10,48136
INV-81581,DISP-03894,OMC-010,Tamoil,LUB,2025-03-17,250111
INV-48675,DISP-06725,OMC-011,Hass Petroleum,LPG,2026-03-09,302916
INV-54667,DISP-00838,OMC-020,Ethiopian Oil,PMS,2025-09-16,274587
INV-85841,DISP-01627,OMC-014,Texol Energies,HFO,2026-04-20,236873
INV-66497,DISP-02554,OMC-016,KPA Marine,DPK,2025-06-26,41368
INV-65541,DISP-08703,OMC-002,Vivo Energy,LPG,2026-04-30,91220
INV-30375,DISP-06434,OMC-014,Texol Energies,HFO,2025-07-26,183724
INV-64433,DISP-01478,OMC-005,PetroOil Kenya,LUB,2026-02-13,269252
INV-44848,DISP-06609,OMC-019,Tanzania Petroleum,DPK,2025-02-23,204219
INV-71273,DISP-00314,OMC-012,Galana Energies,AGO,2026-04-20,55142
INV-12085,DISP-05210,OMC-015,Mombasa Petroleum,JETA1,2025-06-17,234681
INV-55934,DISP-09305,OMC-007,Kobil,AGO,2025-04-13,88470
INV-11695,DISP-08520,OMC-007,Kobil,LPG,2025-06-14,43922
INV-61756,DISP-02658,OMC-010,Tamoil,PMS,2026-04-29,103647
INV-96412,DISP-03516,OMC-019,Tanzania Petroleum,DPK,2025-03-14,37321
INV-43725,DISP-09815,OMC-018,Uganda National Oil,JETA1,2025-12-23,170122
INV-71034,DISP-05646,OMC-020,Ethiopian Oil,HFO,2026-06-08,147840
INV-52204,DISP-07493,OMC-015,Mombasa Petroleum,HFO,2025-10-12," KES 28,452 "
INV-98101,DISP-08372,OMC-013,Lake Oil,HFO,2025-07-29,44721
INV-28943,DISP-07594,OMC-016,KPA Marine,JETA1,2026-01-22,40577
INV-41009,DISP-03579,OMC-014,Texol Energies,AGO,2025-10-27,27542
INV-29982,DISP-01503,OMC-001,TotalEnergies Kenya,LUB,2025-06-27,45130
INV-31886,DISP-07432,OMC-009,Dalbit Petroleum,DPK,2026-05-12,186458
INV-40349,DISP-09295,OMC-020,Ethiopian Oil,JETA1,2025-01-03,258628
INV-18495,DISP-02801,OMC-007,Kobil,PMS,2025-01-25,184348
INV-43292,DISP-04698,OMC-016,KPA Marine,LPG,2025-08-27,254966
INV-61426,DISP-04390,OMC-011,Hass Petroleum,LPG,2025-08-14,160809
INV-42200,DISP-02654,OMC-019,Tanzania Petroleum,LUB,2025-02-19,203060
INV-91726,DISP-06804,OMC-013,Lake Oil,AGO,2025-07-10,108799
INV-85318,DISP-00672,OMC-011,Hass Petroleum,LPG,,49959
INV-42085,DISP-08937,OMC-006,Hashi Energy,JETA1,2025-11-10,122807
INV-98838,DISP-08423,OMC-017,KAA Aviation,DPK,2026-03-14,47937
INV-18835,DISP-09793,OMC-020,Ethiopian Oil,PMS,2025-05-23,89158
INV-69817,DISP-00983,OMC-012,Galana Energies,AGO,2026-03-26," KES 53,211 "
INV-47686,DISP-00821,OMC-001,TotalEnergies Kenya,JETA1,2025-06-17,41068
INV-28642,DISP-07302,OMC-002,Vivo Energy,PMS,2025-10-02,249882
INV-52902,DISP-01908,OMC-013,Lake Oil,DPK,2026-02-15,269510
INV-71592,DISP-04726,OMC-009,Dalbit Petroleum,HFO,2025-06-09,228488
INV-20587,DISP-01568,OMC-010,Tamoil,PMS,2025-01-10,33068
INV-94409,DISP-09450,OMC-014,Texol Energies,PMS,2026-01-06,130952
INV-17631,DISP-06456,OMC-008,National Oil,DPK,2025-04-17,230613
INV-83704,DISP-06678,OMC-019,Tanzania Petroleum,LUB,2025-11-05,59051
INV-31025,DISP-02028,OMC-009,Dalbit Petroleum,AGO,2026-06-08,254741
INV-81863,DISP-09552,OMC-017,KAA Aviation,JETA1,05/06/2026,107678
INV-99799,DISP-03492,OMC-010,Tamoil,LPG,2026-02-27,271594
INV-98253,DISP-09748,OMC-007,Kobil,DPK,2025-07-11," KES 33,175 "
INV-77602,DISP-01185,OMC-009,Dalbit Petroleum,PMS,2025-04-09,114374
INV-78411,DISP-07576,OMC-020,Ethiopian Oil,LPG,2025-07-28,26666
INV-71164,DISP-04523,OMC-009,Dalbit Petroleum,PMS,2025-03-31,259595
INV-57352,DISP-06319,OMC-007,Kobil,JETA1,2026-02-15,25357
INV-63560,DISP-04442,OMC-006,Hashi Energy,LPG,2025-08-20,32217
INV-92730,DISP-09191,OMC-008,National Oil,AGO,2025-12-09,233505
INV-18754,DISP-07824,OMC-016,KPA Marine,DPK,2025-11-08,119724
INV-34326,DISP-07340,OMC-008,National Oil,HFO,2025-09-14,48626
INV-48874,DISP-04017,OMC-020,Ethiopian Oil,DPK,2025-07-18,189248
INV-45344,DISP-07627,OMC-005,PetroOil Kenya,DPK,2026-03-27,118899
INV-17737,DISP-05929,OMC-016,KPA Marine,AGO,2026-03-20,130632
INV-98462,DISP-02835,OMC-007,Kobil,LPG,2026-06-22,235060
INV-79240,DISP-03079,OMC-008,National Oil,DPK,2026-02-24,53017
INV-27563,DISP-05008,OMC-006,Hashi Energy,PMS,2025-04-22,46254
INV-33064,DISP-07750,OMC-002,Vivo Energy,DPK,2025-09-19,134102
INV-75658,DISP-05526,OMC-012,Galana Energies,PMS,2026-03-20,147620
INV-59873,DISP-07300,OMC-007,Kobil,DPK,2026-04-18,229950
INV-49821,DISP-04830,OMC-008,National Oil,HFO,2025-10-27,154666
INV-58598,DISP-00963,OMC-001,TotalEnergies Kenya,AGO,2025-05-08,189233
INV-62381,DISP-02643,OMC-006,Hashi Energy,DPK,2026-01-01,178902
INV-73778,DISP-04728,OMC-017,KAA Aviation,LPG,2026-04-18,250869
INV-45518,DISP-08609,OMC-003,Rubis Energy,PMS,2025-07-26,45391
INV-44321,DISP-07736,OMC-016,KPA Marine,PMS,2026-02-24,192130
INV-93680,DISP-01807,OMC-007,Kobil,LUB,2025-03-01,20968
INV-75214,DISP-01472,OMC-015,Mombasa Petroleum,AGO,2026-06-23,163553
INV-65275,DISP-07100,OMC-002,Vivo Energy,LUB,2025-07-27,140726
INV-67324,DISP-06118,OMC-002,Vivo Energy,LPG,2025-10-24,53464
INV-46369,DISP-02225,OMC-012,Galana Energies,HFO,2026-04-07,39707
INV-95630,DISP-05609,OMC-009,Dalbit Petroleum,AGO,2026-02-20,116263
INV-48616,DISP-02036,OMC-011,Hass Petroleum,AGO,2026-04-20,76953
INV-84739,DISP-09829,OMC-011,Hass Petroleum,AGO,2026-02-04,36113
INV-74589,DISP-02428,OMC-007,Kobil,PMS,2025-12-10,148080
INV-17173,DISP-02205,OMC-002,Vivo Energy,LPG,2025-08-22,265688
INV-65621,DISP-02912,OMC-009,Dalbit Petroleum,HFO,2025-02-28,250358
INV-34476,DISP-01763,OMC-014,Texol Energies,PMS,2026-02-04,232292
INV-66560,DISP-09856,OMC-008,National Oil,AGO,22/06/2026,23884
INV-50937,DISP-03572,OMC-009,Dalbit Petroleum,LPG,07/03/2025,81999
INV-35510,DISP-08134,OMC-018,Uganda National Oil,LPG,2025-11-24,88043
INV-28197,DISP-07325,OMC-003,Rubis Energy,PMS,2025-09-19,108324
INV-54646,DISP-02329,OMC-016,KPA Marine,JETA1,2026-03-18,27153
INV-67748,DISP-02358,OMC-004,Gulf Energy,LPG,2026-04-15,146961
INV-54649,DISP-05666,OMC-019,Tanzania Petroleum,LPG,2025-09-07,251672
INV-22954,DISP-09185,OMC-008,National Oil,AGO,2025-10-21,125224
INV-69955,DISP-05451,OMC-001,TotalEnergies Kenya,LUB,2025-07-26,44322
INV-63776,DISP-08323,OMC-018,Uganda National Oil,HFO,2025-03-11,114422
INV-58053,DISP-00513,OMC-017,KAA Aviation,DPK,2025-11-02,55454
INV-66639,DISP-01040,OMC-015,Mombasa Petroleum,HFO,2025-05-14,49998
INV-14813,DISP-00576,OMC-018,Uganda National Oil,DPK,2026-02-11,100101
INV-59113,DISP-05535,OMC-011,Hass Petroleum,DPK,2026-06-09,65165
INV-59097,DISP-03469,OMC-009,Dalbit Petroleum,DPK,2025-02-26,53856
INV-68616,DISP-05798,OMC-019,Tanzania Petroleum,AGO,2026-01-18,207102
INV-53742,DISP-00350,OMC-010,Tamoil,LUB,2025-09-01,60231
INV-23545,DISP-06771,OMC-020,Ethiopian Oil,PMS,2025-08-13,203414
INV-38816,DISP-00639,OMC-007,Kobil,LPG,2025-07-21,277926
INV-32298,DISP-05708,OMC-002,Vivo Energy,LPG,2026-06-17,23186
INV-38777,DISP-06261,OMC-005,PetroOil Kenya,JETA1,2026-03-05,43454
INV-78681,DISP-06858,OMC-008,National Oil,LPG,2025-02-14,181379
INV-11866,DISP-05714,OMC-015,Mombasa Petroleum,AGO,2025-06-07,23775
INV-72595,DISP-09006,OMC-013,Lake Oil,LUB,2025-01-21,45391
INV-28870,DISP-04021,OMC-014,Texol Energies,HFO,2026-03-26,54171
INV-87380,DISP-04175,OMC-005,PetroOil Kenya,AGO,2026-04-10,192587
INV-93753,DISP-08801,OMC-010,Tamoil,HFO,2026-02-02,49819
INV-65100,DISP-09858,OMC-005,PetroOil Kenya,AGO,2026-02-27," KES 199,854 "
INV-54346,DISP-09746,OMC-020,Ethiopian Oil,PMS,2025-12-24,148870
INV-24692,DISP-04072,OMC-005,PetroOil Kenya,PMS,2026-03-20,150997
INV-58092,DISP-00378,OMC-011,Hass Petroleum,PMS,2026-04-05,39865
INV-31480,DISP-04311,OMC-002,Vivo Energy,HFO,2025-10-05,239873
INV-52497,DISP-09759,OMC-011,Hass Petroleum,PMS,2025-08-17," KES 252,656 "
INV-12096,DISP-02932,OMC-007,Kobil,LUB,2025-09-05," KES 33,256 "
INV-57183,DISP-09392,OMC-011,Hass Petroleum,AGO,2026-04-28,23400
INV-25678,DISP-00995,OMC-006,Hashi Energy,DPK,2026-03-02,53904
INV-22595,DISP-02246,OMC-004,Gulf Energy,HFO,2026-02-04,205391
INV-31899,DISP-04275,OMC-013,Lake Oil,DPK,2026-06-20,47788
INV-46998,DISP-04618,OMC-004,Gulf Energy,JETA1,2026-04-01,42789
INV-27215,DISP-02715,OMC-008,National Oil,LPG,2025-07-08,27757
INV-66830,DISP-08732,OMC-017,KAA Aviation,AGO,2025-05-11,51293
INV-75186,DISP-08736,OMC-015,Mombasa Petroleum,PMS,2025-04-15,257920
INV-51200,DISP-08417,OMC-017,KAA Aviation,HFO,2025-02-16,27740
INV-40434,DISP-03527,OMC-007,Kobil,HFO,2025-04-26,244448
INV-27842,DISP-09183,OMC-017,KAA Aviation,LUB,26/04/2026,147551
INV-93757,DISP-03373,OMC-003,Rubis Energy,JETA1,2025-10-05,41557
INV-20263,DISP-05656,OMC-010,Tamoil,HFO,2025-01-09,104358
INV-23427,DISP-05303,OMC-019,Tanzania Petroleum,JETA1,2026-01-31,247678
INV-37268,DISP-07369,OMC-015,Mombasa Petroleum,PMS,2025-02-23," KES 103,388 "
INV-71664,DISP-03924,OMC-003,Rubis Energy,AGO,2025-09-21,48078
INV-49695,DISP-09117,OMC-017,KAA Aviation,AGO,2025-04-04,34074
INV-90218,DISP-02945,OMC-018,Uganda National Oil,LUB,2025-06-14," KES 188,862 "
INV-37737,DISP-05927,OMC-016,KPA Marine,DPK,2026-05-25,103058
INV-15614,DISP-02006,OMC-003,Rubis Energy,LPG,2026-06-03," KES 27,827 "
INV-76946,DISP-05696,OMC-019,Tanzania Petroleum,LPG,2025-05-10,44877
INV-72852,DISP-04788,OMC-011,Hass Petroleum,AGO,2026-06-20,126086
INV-48282,DISP-06728,OMC-011,Hass Petroleum,AGO,2025-01-22,31325
INV-18516,DISP-09015,OMC-006,Hashi Energy,DPK,2025-03-02,41417
INV-30486,DISP-01527,OMC-012,Galana Energies,LUB,2026-04-10,56789
INV-56516,DISP-05795,OMC-010,Tamoil,PMS,2026-02-10,162819
INV-21531,DISP-02387,OMC-014,Texol Energies,LUB,2026-02-12,25059
INV-43565,DISP-00269,OMC-007,Kobil,HFO,2025-12-07,276403
INV-68616,DISP-05798,OMC-019,Tanzania Petroleum,AGO,2026-01-18,207102
INV-30265,DISP-00199,OMC-019,Tanzania Petroleum,PMS,2026-05-28,44992
INV-42165,DISP-05698,OMC-016,KPA Marine,LPG,2025-02-15,46069
INV-46391,DISP-08357,OMC-017,KAA Aviation,LPG,2026-02-18,129356
INV-20646,DISP-02147,OMC-015,Mombasa Petroleum,AGO,29/04/2025,164690
INV-23226,DISP-00545,OMC-015,Mombasa Petroleum,HFO,2026-06-21,49045
INV-21689,DISP-08816,OMC-014,Texol Energies,AGO,2025-03-23,32405
INV-45061,DISP-06548,OMC-016,KPA Marine,LPG,,30996
INV-18436,DISP-06980,OMC-020,Ethiopian Oil,PMS,2026-03-05,174231
INV-65832,DISP-00591,OMC-003,Rubis Energy,LPG,2025-04-26,207562
INV-86604,DISP-01784,OMC-007,Kobil,DPK,2026-01-07,181781
INV-61862,DISP-07935,OMC-016,KPA Marine,PMS,2025-05-08,41096
INV-68551,DISP-04246,OMC-008,National Oil,AGO,2026-03-10,44727
INV-23075,DISP-05662,OMC-006,Hashi Energy,HFO,2025-07-11,205606
INV-13853,DISP-09065,OMC-017,KAA Aviation,AGO,2025-08-07,262071
INV-40099,DISP-06617,OMC-012,Galana Energies,LPG,2026-04-08,129047
INV-45932,DISP-04589,OMC-017,KAA Aviation,HFO,2025-02-02,184140
INV-17351,DISP-01257,OMC-012,Galana Energies,LPG,2026-04-16,24933
INV-52226,DISP-00310,OMC-017,KAA Aviation,LUB,2026-07-07,111363
INV-40883,DISP-00196,OMC-019,Tanzania Petroleum,PMS,06/05/2025,157275
INV-66560,DISP-05902,OMC-006,Hashi Energy,JETA1,20/02/2026,191294
INV-96779,DISP-09617,OMC-009,Dalbit Petroleum,PMS,2026-02-03,224499
INV-56935,DISP-03728,OMC-006,Hashi Energy,JETA1,2025-03-13,41643
INV-85597,DISP-02694,OMC-011,Hass Petroleum,PMS,2026-06-14,76851
INV-48575,DISP-02184,OMC-018,Uganda National Oil,JETA1,2025-05-14,159926
INV-14283,DISP-02661,OMC-017,KAA Aviation,HFO,2025-03-17,31181
INV-37274,DISP-01196,OMC-018,Uganda National Oil,LPG,2025-06-28,46969
INV-97659,DISP-03480,OMC-014,Texol Energies,JETA1,2025-04-12,100169
INV-12637,DISP-02261,OMC-010,Tamoil,JETA1,2026-06-27,238927
INV-12415,DISP-06816,OMC-009,Dalbit Petroleum,PMS,2026-04-22,217833
INV-72450,DISP-04855,OMC-010,Tamoil,DPK,2025-12-01,211194
INV-91670,DISP-00088,OMC-003,Rubis Energy,LUB,,81270
INV-81451,DISP-05477,OMC-017,KAA Aviation,AGO,2025-01-15,188730
INV-90239,DISP-07953,OMC-017,KAA Aviation,AGO,2026-06-19,146974
INV-41580,DISP-05115,OMC-016,KPA Marine,AGO,2025-12-11,247858
INV-91757,DISP-00278,OMC-018,Uganda National Oil,LPG,2025-03-19,193912
INV-70997,DISP-06439,OMC-007,Kobil,HFO,2026-04-19,195762
INV-44976,DISP-06214,OMC-008,National Oil,LUB,2025-05-08,171986
INV-90672,DISP-07948,OMC-012,Galana Energies,LPG,2026-04-30,23937
INV-94072,DISP-01946,OMC-006,Hashi Energy,AGO,2025-03-28,24106
INV-44898,DISP-07754,OMC-012,Galana Energies,LUB,2026-02-22,60386
INV-98542,DISP-07500,OMC-013,Lake Oil,JETA1,2026-03-07," KES 90,116 "
INV-87350,DISP-06963,OMC-001,TotalEnergies Kenya,LUB,2026-01-26,210951
INV-63439,DISP-06839,OMC-002,Vivo Energy,PMS,2026-06-01,34803
INV-73021,DISP-02913,OMC-018,Uganda National Oil,LUB,2025-02-03," KES 242,527 "
INV-52073,DISP-04915,OMC-012,Galana Energies,LPG,2026-02-04,136116
INV-56757,DISP-03352,OMC-002,Vivo Energy,JETA1,2025-04-23,262935
INV-41876,DISP-06671,OMC-006,Hashi Energy,JETA1,05/04/2025,47854
INV-34515,DISP-02998,OMC-003,Rubis Energy,HFO,2025-09-09,33951
INV-71646,DISP-09743,OMC-005,PetroOil Kenya,LPG,2026-03-24,275370
INV-94965,DISP-08409,OMC-014,Texol Energies,PMS,2025-04-21,37782
INV-36344,DISP-08686,OMC-006,Hashi Energy,DPK,2025-10-22," KES 21,961 "
INV-97162,DISP-01202,OMC-019,Tanzania Petroleum,HFO,2026-03-16,28820
INV-19898,DISP-01394,OMC-017,KAA Aviation,PMS,2025-12-09,34639
INV-74763,DISP-03781,OMC-008,National Oil,PMS,2025-06-20,250726
INV-23658,DISP-09857,OMC-018,Uganda National Oil,DPK,2026-03-27,59383
INV-23219,DISP-00037,OMC-015,Mombasa Petroleum,LUB,2025-06-13,244404
INV-45966,DISP-09493,OMC-016,KPA Marine,LPG,2025-07-08,134549
INV-91319,DISP-01504,OMC-008,National Oil,AGO,2025-02-09,58531
INV-20279,DISP-09157,OMC-008,National Oil,LPG,2025-03-10,91108
INV-43748,DISP-07765,OMC-004,Gulf Energy,AGO,2026-04-18,245539
INV-84940,DISP-00191,OMC-019,Tanzania Petroleum,LUB,2025-03-17,187526
INV-17907,DISP-08877,OMC-011,Hass Petroleum,AGO,2026-02-05,28108
INV-88489,DISP-03000,OMC-006,Hashi Energy,PMS,2026-03-26,260347
INV-34123,DISP-00588,OMC-012,Galana Energies,LPG,2026-04-08,277818
INV-37665,DISP-05386,OMC-018,Uganda National Oil,LPG,2026-03-07,223696
INV-27524,DISP-04085,OMC-015,Mombasa Petroleum,LUB,2026-06-06,245639
INV-30408,DISP-09217,OMC-019,Tanzania Petroleum,LPG,2025-02-01,47095
INV-75767,DISP-05544,OMC-016,KPA Marine,JETA1,2025-06-05,46514
INV-97901,DISP-05591,OMC-005,PetroOil Kenya,LPG,2026-02-08,202043
INV-16182,DISP-06712,OMC-010,Tamoil,LPG,2025-03-19,191252
INV-28841,DISP-05684,OMC-008,National Oil,JETA1,2025-10-14,42035
INV-47343,DISP-00291,OMC-006,Hashi Energy,AGO,2025-12-22,22177
INV-93756,DISP-06126,OMC-002,Vivo Energy,JETA1,2026-01-15,154304
INV-28334,DISP-07322,OMC-012,Galana Energies,HFO,2026-02-13,191384
INV-70075,DISP-03621,OMC-007,Kobil,JETA1,2025-03-22,28266
INV-75615,DISP-02802,OMC-006,Hashi Energy,JETA1,2025-10-21,198124
INV-59389,DISP-06716,OMC-005,PetroOil Kenya,PMS,2026-04-14,182282
INV-96472,DISP-03001,OMC-013,Lake Oil,DPK,2025-04-13,60596
INV-62356,DISP-07374,OMC-003,Rubis Energy,AGO,2025-07-17,205955
INV-34437,DISP-02516,OMC-001,TotalEnergies Kenya,AGO,2025-07-07,43738
INV-20938,DISP-00722,OMC-012,Galana Energies,JETA1,2026-03-09,62474
INV-29850,DISP-05562,OMC-016,KPA Marine,HFO,2026-01-29,187513
INV-50828,DISP-08396,OMC-020,Ethiopian Oil,DPK,2025-09-11,136087
INV-50079,DISP-07498,OMC-009,Dalbit Petroleum,JETA1,2025-03-06,201038
INV-88633,DISP-05770,OMC-009,Dalbit Petroleum,LPG,2025-05-14,47110
INV-55711,DISP-09082,OMC-007,Kobil,LUB,2025-12-30,26683
INV-56226,DISP-06348,OMC-002,Vivo Energy,AGO,2025-10-07,162775
INV-20901,DISP-05054,OMC-016,KPA Marine,JETA1,2025-11-20," KES 53,745 "
INV-49389,DISP-07107,OMC-010,Tamoil,LUB,2025-12-21,58455
INV-83422,DISP-09078,OMC-008,National Oil,DPK,2026-06-07," KES 224,249 "
INV-72401,DISP-07425,OMC-010,Tamoil,JETA1,2025-09-22,40167
INV-64998,DISP-09681,OMC-006,Hashi Energy,AGO,2025-03-16,58479
INV-91842,DISP-02546,OMC-019,Tanzania Petroleum,DPK,2025-05-05," KES 31,925 "
INV-90928,DISP-07823,OMC-012,Galana Energies,HFO,2026-03-30," KES 97,208 "
INV-31744,DISP-05227,OMC-002,Vivo Energy,PMS,2025-04-02,75731
INV-56371,DISP-05498,OMC-015,Mombasa Petroleum,JETA1,2025-11-17,271789
INV-78158,DISP-00320,OMC-014,Texol Energies,AGO,2026-03-25,83860
INV-95032,DISP-07273,OMC-004,Gulf Energy,LPG,2026-04-08,29470
INV-20688,DISP-08777,OMC-003,Rubis Energy,PMS,2026-05-14,52999
INV-40120,DISP-09019,OMC-013,Lake Oil,LUB,2025-08-21," KES 183,657 "
INV-79406,DISP-00631,OMC-014,Texol Energies,LPG,2025-12-08,86725
INV-89566,DISP-02316,OMC-011,Hass Petroleum,LPG,2026-04-29,194742
INV-33673,DISP-07970,OMC-003,Rubis Energy,HFO,2025-01-15,31284
INV-94151,DISP-01582,OMC-001,TotalEnergies Kenya,JETA1,2026-05-05,70126
INV-96412,DISP-04135,OMC-019,Tanzania Petroleum,LUB,2025-01-26,103966
INV-50384,DISP-06536,OMC-003,Rubis Energy,HFO,2026-02-16,240606
INV-44718,DISP-07905,OMC-017,KAA Aviation,AGO,2026-03-01,290547
INV-45740,DISP-04759,OMC-003,Rubis Energy,LUB,2025-10-22,45688
INV-97101,DISP-09162,OMC-008,National Oil,DPK,2026-03-22,121547
INV-77282,DISP-03054,OMC-016,KPA Marine,HFO,2025-08-15,71417
INV-43491,DISP-02529,OMC-005,PetroOil Kenya,LUB,2026-04-14,298263
INV-27033,DISP-07046,OMC-007,Kobil,PMS,2025-06-16,102038
INV-26334,DISP-08539,OMC-001,TotalEnergies Kenya,HFO,2025-04-05,26186
INV-42724,DISP-08746,OMC-009,Dalbit Petroleum,HFO,2026-02-09,165041
INV-40663,DISP-05302,OMC-011,Hass Petroleum,PMS,2026-06-24,178299
INV-94072,DISP-01946,OMC-006,Hashi Energy,AGO,2025-03-28,24106
INV-68476,DISP-05241,OMC-014,Texol Energies,DPK,2025-01-22,142674
INV-19001,DISP-06032,OMC-012,Galana Energies,PMS,2026-04-26,306339
INV-77908,DISP-00787,OMC-009,Dalbit Petroleum,LPG,2026-05-12,277581
INV-24108,DISP-09047,OMC-002,Vivo Energy,JETA1,,194442
INV-43279,DISP-09301,OMC-014,Texol Energies,PMS,2026-03-21,99696
INV-73413,DISP-05463,OMC-016,KPA Marine,HFO,2026-04-20,148365
INV-88909,DISP-09268,OMC-003,Rubis Energy,PMS,2026-05-07,183593
INV-48027,DISP-04557,OMC-002,Vivo Energy,DPK,2025-03-07,56311
INV-88059,DISP-09265,OMC-010,Tamoil,HFO,2025-04-10,170864
INV-57134,DISP-09236,OMC-010,Tamoil,LUB,2025-03-19,36291
INV-71019,DISP-01558,OMC-014,Texol Energies,HFO,2025-02-12,26753
INV-45778,DISP-05751,OMC-014,Texol Energies,PMS,22/02/2026,188481
INV-52714,DISP-03454,OMC-003,Rubis Energy,DPK,2025-12-11,112628
INV-38814,DISP-09102,OMC-014,Texol Energies,DPK,2025-03-23,54794
INV-41692,DISP-00183,OMC-004,Gulf Energy,LUB,2026-04-23,40477
INV-70986,DISP-07728,OMC-020,Ethiopian Oil,LPG,2026-01-17,288952
INV-65924,DISP-08039,OMC-016,KPA Marine,LUB,06/06/2026,106529
INV-47622,DISP-04734,OMC-009,Dalbit Petroleum,JETA1,2025-05-02," KES 51,619 "
INV-41231,DISP-02931,OMC-008,National Oil,LUB,2025-04-25,30924
INV-59747,DISP-01138,OMC-008,National Oil,AGO,2026-03-27,200457
INV-39812,DISP-00146,OMC-015,Mombasa Petroleum,LPG,2026-01-18,226878
INV-98547,DISP-07431,OMC-020,Ethiopian Oil,LPG,2025-09-06," KES 271,846 "
INV-98280,DISP-08150,OMC-013,Lake Oil,AGO,2025-09-09,187128
INV-42278,DISP-02283,OMC-016,KPA Marine,LPG,2026-06-28,180443
INV-70021,DISP-08347,OMC-010,Tamoil,HFO,2025-04-03," KES 106,840 "
INV-11389,DISP-06578,OMC-007,Kobil,JETA1,2025-01-17,173402
INV-14981,DISP-04268,OMC-006,Hashi Energy,HFO,2025-12-16,36457
INV-41199,DISP-09036,OMC-010,Tamoil,AGO,2025-01-15,39505
INV-43754,DISP-09539,OMC-007,Kobil,JETA1,2025-07-01,96331
INV-39498,DISP-06540,OMC-016,KPA Marine,JETA1,2025-01-23,158160
INV-35460,DISP-01501,OMC-019,Tanzania Petroleum,JETA1,2026-03-20,195224
INV-54629,DISP-03624,OMC-015,Mombasa Petroleum,LPG,2025-07-23,153581
INV-98104,DISP-02371,OMC-015,Mombasa Petroleum,PMS,2025-11-28,171584
INV-20931,DISP-00745,OMC-004,Gulf Energy,AGO,2026-04-04," KES 126,366 "
INV-19169,DISP-07480,OMC-017,KAA Aviation,AGO,2025-09-05,50013
INV-53884,DISP-02785,OMC-010,Tamoil,LPG,2025-06-30,33950
INV-73193,DISP-09600,OMC-020,Ethiopian Oil,AGO,2026-03-30,215733
INV-84402,DISP-08000,OMC-015,Mombasa Petroleum,LUB,2025-02-11,161243
INV-97925,DISP-09929,OMC-017,KAA Aviation,DPK,2025-01-24,219437
INV-41910,DISP-00536,OMC-001,TotalEnergies Kenya,AGO,,53986
INV-33360,DISP-08384,OMC-011,Hass Petroleum,JETA1,2025-01-15,98004
INV-12146,DISP-04665,OMC-018,Uganda National Oil,LPG,,118161
INV-81186,DISP-00432,OMC-006,Hashi Energy,HFO,2025-06-11,39136
INV-10465,DISP-01886,OMC-020,Ethiopian Oil,JETA1,2025-04-17,115241
INV-90318,DISP-05677,OMC-005,PetroOil Kenya,HFO,2026-02-19,79885
INV-67865,DISP-04159,OMC-009,Dalbit Petroleum,DPK,2025-11-15,209078
INV-74938,DISP-04677,OMC-020,Ethiopian Oil,LUB,2025-04-23,48117
INV-41363,DISP-07792,OMC-013,Lake Oil,HFO,2025-09-15,161126
INV-99547,DISP-01160,OMC-007,Kobil,JETA1,2026-04-27,246035
INV-46614,DISP-03074,OMC-019,Tanzania Petroleum,HFO,2025-08-20,32622
INV-88942,DISP-00462,OMC-011,Hass Petroleum,PMS,2025-02-09,197775
INV-60617,DISP-07486,OMC-003,Rubis Energy,PMS,04/02/2026," KES 219,538 "
INV-88398,DISP-04441,OMC-020,Ethiopian Oil,AGO,2025-07-27,37323
INV-63959,DISP-08090,OMC-009,Dalbit Petroleum,LPG,2025-03-12,221768
INV-72185,DISP-07236,OMC-005,PetroOil Kenya,HFO,2026-04-04,24322
INV-49114,DISP-06579,OMC-006,Hashi Energy,AGO,2025-04-20,21536
INV-26481,DISP-05151,OMC-019,Tanzania Petroleum,AGO,2025-11-30,59974
INV-30853,DISP-09795,OMC-019,Tanzania Petroleum,LPG,2026-05-04,57450
INV-94119,DISP-01156,OMC-004,Gulf Energy,PMS,2026-03-19,115467
INV-68735,DISP-07079,OMC-011,Hass Petroleum,LPG,2025-08-27,22012
INV-10041,DISP-09609,OMC-006,Hashi Energy,PMS,2025-06-08,200813
INV-53025,DISP-07141,OMC-020,Ethiopian Oil,DPK,2026-01-28,61262
INV-58691,DISP-08512,OMC-018,Uganda National Oil,AGO,2026-01-20,45286
INV-26544,DISP-03215,OMC-005,PetroOil Kenya,DPK,2026-04-01,35975
INV-15205,DISP-00872,OMC-003,Rubis Energy,PMS,2026-06-06,38292
INV-71313,DISP-08229,OMC-019,Tanzania Petroleum,LPG,,241615
INV-37857,DISP-01057,OMC-009,Dalbit Petroleum,HFO,2026-01-27,71034
INV-83057,DISP-08156,OMC-006,Hashi Energy,HFO,2025-02-08,26386
INV-67461,DISP-02301,OMC-018,Uganda National Oil,DPK,2025-05-25,270565
INV-63472,DISP-07542,OMC-001,TotalEnergies Kenya,AGO,2025-05-29,239895
INV-73985,DISP-03342,OMC-019,Tanzania Petroleum,HFO,2025-08-01,154040
INV-13003,DISP-00064,OMC-002,Vivo Energy,PMS,2025-11-15," KES 114,060 "
INV-30431,DISP-03182,OMC-001,TotalEnergies Kenya,LUB,2025-01-06,36166
INV-59046,DISP-07465,OMC-001,TotalEnergies Kenya,HFO,2026-03-07,46425
INV-49154,DISP-07130,OMC-018,Uganda National Oil,PMS,2025-02-13,184423
INV-35257,DISP-02884,OMC-010,Tamoil,HFO,2026-03-09,46309
INV-61053,DISP-01907,OMC-002,Vivo Energy,PMS,2025-10-12,56096
INV-97537,DISP-06572,OMC-017,KAA Aviation,LUB,2025-12-01,193727
INV-29973,DISP-01623,OMC-019,Tanzania Petroleum,DPK,2026-05-20,31104
INV-50768,DISP-06968,OMC-017,KAA Aviation,PMS,2025-10-18,46824
INV-29480,DISP-09751,OMC-018,Uganda National Oil,LPG,2026-03-14,151927
INV-83226,DISP-01546,OMC-009,Dalbit Petroleum,LPG,13/09/2025,118498
INV-65208,DISP-08572,OMC-013,Lake Oil,AGO,2025-05-13,128389
INV-44908,DISP-07011,OMC-016,KPA Marine,JETA1,2025-11-06,39261
INV-33552,DISP-03147,OMC-013,Lake Oil,PMS,2026-07-07,141860
INV-10610,DISP-02793,OMC-013,Lake Oil,PMS,2025-05-11,104018
INV-72446,DISP-01234,OMC-013,Lake Oil,AGO,2025-08-28,88719
INV-47835,DISP-08594,OMC-016,KPA Marine,DPK,08/01/2025,247596
INV-24973,DISP-08218,OMC-008,National Oil,JETA1,2025-08-07,25383
INV-14103,DISP-04562,OMC-004,Gulf Energy,JETA1,2026-04-22,43819
INV-44836,DISP-04838,OMC-001,TotalEnergies Kenya,JETA1,2026-05-12,58731
INV-90350,DISP-05162,OMC-008,National Oil,PMS,04/10/2025,131828
INV-24183,DISP-05026,OMC-016,KPA Marine,PMS,2026-01-09,77653
INV-76855,DISP-09841,OMC-002,Vivo Energy,JETA1,2026-05-20,142453
INV-49290,DISP-00065,OMC-017,KAA Aviation,LUB,,40184
INV-86535,DISP-01674,OMC-011,Hass Petroleum,LUB,2025-03-12,55750
INV-15514,DISP-06323,OMC-008,National Oil,PMS,2025-02-28,56665
INV-33679,DISP-02337,OMC-005,PetroOil Kenya,AGO,2026-04-03,175824
INV-39131,DISP-06900,OMC-014,Texol Energies,DPK,2026-06-05,213249
INV-47261,DISP-00690,OMC-002,Vivo Energy,HFO,2025-10-16,26250
INV-63333,DISP-09789,OMC-019,Tanzania Petroleum,PMS,2026-02-27,173584
INV-56427,DISP-00689,OMC-013,Lake Oil,AGO,2025-01-27,32451
INV-65876,DISP-00814,OMC-008,National Oil,JETA1,2026-06-08,109708
INV-89444,DISP-05259,OMC-018,Uganda National Oil,HFO,2025-09-27,133880
INV-96513,DISP-07917,OMC-003,Rubis Energy,JETA1,2025-04-27,212536
INV-11739,DISP-00205,OMC-004,Gulf Energy,PMS,2026-04-05,59151
INV-72899,DISP-05312,OMC-003,Rubis Energy,JETA1,2026-05-07,102361
INV-15408,DISP-07804,OMC-003,Rubis Energy,AGO,2025-10-11,31852
INV-66342,DISP-04956,OMC-011,Hass Petroleum,HFO,2026-01-11,184752
INV-94341,DISP-06089,OMC-020,Ethiopian Oil,DPK,2026-05-25," KES 217,775 "
INV-72966,DISP-07962,OMC-009,Dalbit Petroleum,AGO,2025-08-11," KES 184,298 "
INV-95830,DISP-00945,OMC-011,Hass Petroleum,PMS,2025-03-19,119650
INV-30570,DISP-05042,OMC-018,Uganda National Oil,LPG,2026-04-14,28543
INV-49285,DISP-09257,OMC-004,Gulf Energy,LUB,2026-04-18,232839
INV-63822,DISP-01991,OMC-019,Tanzania Petroleum,AGO,2026-01-21,79529
INV-39843,DISP-05766,OMC-006,Hashi Energy,LUB,20/07/2025,191074
INV-75644,DISP-04845,OMC-011,Hass Petroleum,HFO,2025-06-18,98404
INV-72336,DISP-09449,OMC-014,Texol Energies,LUB,2026-01-11,29483
INV-82350,DISP-02567,OMC-003,Rubis Energy,JETA1,2026-06-28,44816
INV-99997,DISP-02682,OMC-006,Hashi Energy,LUB,2026-02-11,139740
INV-29968,DISP-08210,OMC-016,KPA Marine,DPK,2026-03-08," KES 51,600 "
INV-20285,DISP-05742,OMC-004,Gulf Energy,AGO,2026-04-15,207859
INV-20510,DISP-05826,OMC-005,PetroOil Kenya,LPG,2026-03-21,25952
INV-34378,DISP-02603,OMC-019,Tanzania Petroleum,LUB,2025-01-30,97463
INV-46276,DISP-04288,OMC-008,National Oil,DPK,2025-10-15,137741
INV-65826,DISP-08778,OMC-018,Uganda National Oil,JETA1,2025-05-07,181768
INV-32424,DISP-02308,OMC-011,Hass Petroleum,AGO,," KES 180,784 "
INV-35755,DISP-07688,OMC-015,Mombasa Petroleum,LUB,2025-10-09," KES 197,928 "
INV-35110,DISP-00237,OMC-019,Tanzania Petroleum,DPK,2025-07-16,154125
INV-77709,DISP-03677,OMC-009,Dalbit Petroleum,LPG,2025-04-18,130235
INV-31231,DISP-07677,OMC-019,Tanzania Petroleum,DPK,2025-03-13,183333
INV-22781,DISP-03800,OMC-016,KPA Marine,JETA1,27/03/2026,79590
INV-25457,DISP-06161,OMC-019,Tanzania Petroleum,DPK,2026-07-02,52719
INV-15230,DISP-03354,OMC-004,Gulf Energy,LPG,2026-05-01,90464
INV-74559,DISP-04234,OMC-019,Tanzania Petroleum,LUB,2025-07-08,98298
INV-68063,DISP-04766,OMC-006,Hashi Energy,LPG,2026-06-08,65849
INV-94571,DISP-05076,OMC-003,Rubis Energy,HFO,2025-06-18,55390
INV-79272,DISP-07924,OMC-008,National Oil,JETA1,2025-08-26,120624
INV-86373,DISP-02901,OMC-009,Dalbit Petroleum,JETA1,2025-06-25,262888
INV-22960,DISP-04717,OMC-020,Ethiopian Oil,JETA1,2025-07-06," KES 115,069 "
INV-82921,DISP-04942,OMC-003,Rubis Energy,HFO,2026-03-26,199098
INV-60947,DISP-04934,OMC-004,Gulf Energy,LUB,2026-03-27,37883
INV-85843,DISP-01172,OMC-016,KPA Marine,HFO,2025-10-12,272458
INV-81986,DISP-08967,OMC-017,KAA Aviation,DPK,2025-09-04,95248
INV-40159,DISP-03996,OMC-007,Kobil,AGO,2025-01-15,119325
INV-29882,DISP-08617,OMC-008,National Oil,DPK,2025-01-28," KES 22,109 "
INV-25371,DISP-03837,OMC-013,Lake Oil,HFO,2025-12-09,248442
INV-62562,DISP-04712,OMC-016,KPA Marine,AGO,2025-09-28,32172
INV-53774,DISP-05444,OMC-015,Mombasa Petroleum,AGO,2026-02-04,29871
INV-11788,DISP-02482,OMC-012,Galana Energies,DPK,2026-04-25,153301
INV-17169,DISP-01018,OMC-015,Mombasa Petroleum,LUB,19/01/2026,37064
INV-85775,DISP-04984,OMC-010,Tamoil,LPG,2025-09-06,135375
INV-58393,DISP-05188,OMC-008,National Oil,AGO,2026-05-05,57823
INV-84193,DISP-08559,OMC-006,Hashi Energy,DPK,2025-04-15,241674
INV-82018,DISP-09193,OMC-006,Hashi Energy,JETA1,2025-04-03,32561
INV-33299,DISP-02940,OMC-018,Uganda National Oil,LUB,2025-02-16,146620
INV-62537,DISP-05810,OMC-020,Ethiopian Oil,LUB,2026-06-02,149727
INV-35702,DISP-01108,OMC-017,KAA Aviation,AGO,2026-02-27,276681
INV-39155,DISP-00259,OMC-014,Texol Energies,HFO,2025-02-24,124786
INV-60294,DISP-08645,OMC-016,KPA Marine,LPG,2025-11-25,57849
INV-92620,DISP-03857,OMC-004,Gulf Energy,HFO,2026-03-23,116949
INV-81379,DISP-07509,OMC-020,Ethiopian Oil,AGO,2026-05-07,219706
INV-82136,DISP-08854,OMC-006,Hashi Energy,LUB,2026-04-27,52430
INV-20234,DISP-05322,OMC-019,Tanzania Petroleum,LUB,2025-11-03,56195
INV-27189,DISP-08981,OMC-014,Texol Energies,JETA1,,197159
INV-91682,DISP-09499,OMC-011,Hass Petroleum,PMS,2025-06-20,51489
INV-49176,DISP-08274,OMC-001,TotalEnergies Kenya,AGO,2025-11-12,152253
INV-77492,DISP-01035,OMC-003,Rubis Energy,JETA1,2025-04-15,259260
INV-89206,DISP-07457,OMC-005,PetroOil Kenya,PMS,2026-02-11,204057
INV-12427,DISP-00151,OMC-018,Uganda National Oil,JETA1,2025-03-04,54596
INV-40687,DISP-05634,OMC-014,Texol Energies,HFO,25/08/2025,150395
INV-52633,DISP-05246,OMC-005,PetroOil Kenya,LUB,2026-03-19,90333
INV-21802,DISP-00193,OMC-014,Texol Energies,JETA1,2025-09-05,215120
INV-45508,DISP-00621,OMC-018,Uganda National Oil,LPG,2026-02-20," KES 48,978 "
INV-68407,DISP-06171,OMC-004,Gulf Energy,LPG,2026-04-15,38328
INV-16243,DISP-08677,OMC-003,Rubis Energy,PMS,2025-02-21,41891
INV-54318,DISP-08811,OMC-004,Gulf Energy,PMS,2026-04-03,238200
INV-95498,DISP-05035,OMC-016,KPA Marine,PMS,2025-11-15,47590
INV-63746,DISP-02367,OMC-006,Hashi Energy,JETA1,2025-02-27,233213
INV-68894,DISP-08790,OMC-003,Rubis Energy,LUB,23/05/2026,157872
INV-67312,DISP-03944,OMC-006,Hashi Energy,JETA1,,31461
INV-33973,DISP-02479,OMC-019,Tanzania Petroleum,DPK,2025-04-30,168441
INV-11024,DISP-09113,OMC-015,Mombasa Petroleum,AGO,2025-09-04,120652
INV-96162,DISP-02877,OMC-016,KPA Marine,DPK,2025-05-21,196606
INV-30893,DISP-08822,OMC-013,Lake Oil,LUB,2026-05-22,48176
INV-63301,DISP-02151,OMC-006,Hashi Energy,DPK,2025-07-26," KES 28,565 "
INV-54839,DISP-03929,OMC-008,National Oil,LPG,2025-01-06,179813
INV-97861,DISP-01644,OMC-015,Mombasa Petroleum,DPK,2026-04-08,127237
INV-42305,DISP-01560,OMC-019,Tanzania Petroleum,HFO,2026-02-24,237700
INV-98375,DISP-06808,OMC-016,KPA Marine,JETA1,2026-05-05,166759
INV-67010,DISP-05453,OMC-018,Uganda National Oil,DPK,2025-07-10,232387
INV-51824,DISP-03140,OMC-016,KPA Marine,LPG,2025-04-01,152622
INV-47123,DISP-08550,OMC-008,National Oil,LUB,2025-07-08,166165
INV-71239,DISP-02676,OMC-019,Tanzania Petroleum,DPK,2025-03-04,48641
INV-96363,DISP-00247,OMC-010,Tamoil,LUB,2025-05-03,281692
INV-75933,DISP-09991,OMC-008,National Oil,LUB,2026-05-18,34058
INV-57053,DISP-04137,OMC-020,Ethiopian Oil,PMS,2025-02-15,235339
INV-56404,DISP-04427,OMC-012,Galana Energies,PMS,2026-05-04,167008
INV-66695,DISP-05894,OMC-007,Kobil,AGO,2025-09-24,44131
INV-78662,DISP-04266,OMC-012,Galana Energies,JETA1,2026-03-04,236853
INV-38336,DISP-00855,OMC-016,KPA Marine,LUB,2025-06-20,153205
INV-58436,DISP-03277,OMC-013,Lake Oil,AGO,,105152
INV-56764,DISP-08412,OMC-009,Dalbit Petroleum,AGO,,102178
INV-99360,DISP-02096,OMC-017,KAA Aviation,JETA1,2025-08-31,33795
INV-48415,DISP-01147,OMC-013,Lake Oil,DPK,,278217
INV-69466,DISP-06259,OMC-013,Lake Oil,LUB,2026-03-13,152011
INV-47454,DISP-01027,OMC-015,Mombasa Petroleum,LUB,2026-05-16,159649
INV-94724,DISP-07122,OMC-018,Uganda National Oil,PMS,2025-03-18,201329
INV-32369,DISP-07659,OMC-006,Hashi Energy,AGO,2025-09-25,45338
INV-38986,DISP-07167,OMC-012,Galana Energies,HFO,2026-04-13,54070
INV-51546,DISP-09852,OMC-013,Lake Oil,LUB,2025-01-15,29091
INV-78184,DISP-05779,OMC-004,Gulf Energy,LUB,2026-02-11,144503
INV-77445,DISP-04081,OMC-005,PetroOil Kenya,HFO,2026-03-21,64464
INV-94159,DISP-07952,OMC-018,Uganda National Oil,PMS,2025-05-31,86993
INV-59474,DISP-03021,OMC-014,Texol Energies,DPK,2025-07-06,26665
INV-30135,DISP-05012,OMC-019,Tanzania Petroleum,JETA1,2025-01-21,20850
INV-24595,DISP-01921,OMC-012,Galana Energies,DPK,2026-04-06,124632
INV-70160,DISP-02418,OMC-002,Vivo Energy,AGO,2025-10-26," KES 185,099 "
INV-15355,DISP-09066,OMC-019,Tanzania Petroleum,PMS,2026-05-26,26788
INV-22491,DISP-07598,OMC-009,Dalbit Petroleum,HFO,2025-07-02,178406
INV-56939,DISP-05122,OMC-001,TotalEnergies Kenya,AGO,2026-04-06,122156
INV-21854,DISP-08421,OMC-005,PetroOil Kenya,LUB,2026-02-12,103596
INV-29064,DISP-05112,OMC-013,Lake Oil,PMS,2026-06-18,42742
INV-42232,DISP-07048,OMC-001,TotalEnergies Kenya,AGO,2026-04-11,23913
INV-22920,DISP-02139,OMC-010,Tamoil,JETA1,2026-02-18,102659
INV-25409,DISP-07865,OMC-011,Hass Petroleum,DPK,2026-05-06,109995
INV-29149,DISP-09208,OMC-011,Hass Petroleum,LUB,2025-04-12,170851
INV-37603,DISP-02657,OMC-017,KAA Aviation,LUB,2026-02-16,163287
INV-90006,DISP-00115,OMC-011,Hass Petroleum,AGO,2025-02-19,179329
INV-97144,DISP-03369,OMC-016,KPA Marine,DPK,2026-02-25,198890
INV-81715,DISP-07356,OMC-019,Tanzania Petroleum,HFO,23/05/2026,229494
INV-48880,DISP-08552,OMC-019,Tanzania Petroleum,DPK,2026-01-30,163656
INV-58674,DISP-07114,OMC-005,PetroOil Kenya,DPK,2026-03-24,252916
INV-34864,DISP-07787,OMC-009,Dalbit Petroleum,DPK,2025-10-08,75667
INV-72016,DISP-03737,OMC-019,Tanzania Petroleum,JETA1,2025-07-06,228408
INV-56194,DISP-07250,OMC-017,KAA Aviation,AGO,22/03/2026,157386
INV-94957,DISP-07022,OMC-007,Kobil,AGO,2025-06-15,60394
INV-32645,DISP-05488,OMC-015,Mombasa Petroleum,LUB,2025-03-27,60657
INV-26636,DISP-00753,OMC-010,Tamoil,LPG,2026-04-27,26436
INV-21374,DISP-04051,OMC-019,Tanzania Petroleum,LPG,2025-10-20,26618
INV-34292,DISP-05189,OMC-017,KAA Aviation,LPG,2026-02-01,37909
INV-52539,DISP-04226,OMC-016,KPA Marine,JETA1,,47069
INV-90349,DISP-08654,OMC-018,Uganda National Oil,HFO,2025-07-28,24637
INV-47384,DISP-07712,OMC-008,National Oil,AGO,2025-10-05,52998
INV-93492,DISP-08483,OMC-016,KPA Marine,DPK,2026-04-16,131771
INV-66371,DISP-08370,OMC-003,Rubis Energy,JETA1,2025-03-14,40361
INV-48696,DISP-05342,OMC-015,Mombasa Petroleum,LUB,2025-02-03,29658
INV-89896,DISP-08016,OMC-001,TotalEnergies Kenya,DPK,2025-03-23,62600
INV-28344,DISP-07162,OMC-005,PetroOil Kenya,DPK,2026-03-04," KES 143,091 "
INV-55702,DISP-08701,OMC-018,Uganda National Oil,DPK,29/01/2025,38996
INV-97091,DISP-09397,OMC-015,Mombasa Petroleum,PMS,2025-10-12,153665
INV-61885,DISP-09121,OMC-014,Texol Energies,DPK,2025-01-16,122460
INV-90919,DISP-06240,OMC-005,PetroOil Kenya,HFO,2026-04-16,64192
INV-52884,DISP-09479,OMC-014,Texol Energies,HFO,2026-04-24,108285
INV-15428,DISP-08450,OMC-006,Hashi Energy,AGO,2026-05-02,192495
INV-81672,DISP-07521,OMC-013,Lake Oil,PMS,2025-04-01,25519
INV-12143,DISP-04763,OMC-014,Texol Energies,PMS,2026-05-30,193614
INV-75135,DISP-08817,OMC-008,National Oil,HFO,2025-09-15,157310
INV-50650,DISP-09056,OMC-010,Tamoil,PMS,2025-09-09,206406
INV-39819,DISP-06222,OMC-004,Gulf Energy,HFO,2026-03-20,159388
INV-94402,DISP-04687,OMC-011,Hass Petroleum,PMS,24/06/2025,202124
INV-46898,DISP-08082,OMC-003,Rubis Energy,LUB,2025-11-24,34919
INV-12724,DISP-01407,OMC-014,Texol Energies,AGO,2026-05-28,49798
INV-73741,DISP-09771,OMC-002,Vivo Energy,HFO,2026-02-19,30199
INV-23701,DISP-08280,OMC-010,Tamoil,HFO,2026-03-03,193646
INV-83342,DISP-06971,OMC-007,Kobil,JETA1,2025-06-11," KES 111,303 "
INV-58416,DISP-01389,OMC-014,Texol Energies,AGO,2025-07-06,59739
INV-70746,DISP-04775,OMC-005,PetroOil Kenya,JETA1,2026-03-25,59409
INV-59885,DISP-04069,OMC-005,PetroOil Kenya,DPK,2026-03-17,245805
INV-12353,DISP-02175,OMC-005,PetroOil Kenya,JETA1,2026-05-05,148125
INV-44080,DISP-08721,OMC-005,PetroOil Kenya,HFO,2026-03-08,59039
INV-56596,DISP-09543,OMC-018,Uganda National Oil,PMS,2026-05-21,198983
INV-27260,DISP-09898,OMC-018,Uganda National Oil,DPK,2025-01-26,59487
INV-13521,DISP-06639,OMC-006,Hashi Energy,LUB,2025-12-05,27347
INV-30219,DISP-08251,OMC-002,Vivo Energy,JETA1,2025-07-14,168538
INV-18084,DISP-02629,OMC-012,Galana Energies,LUB,2026-03-22,224450
INV-68804,DISP-05390,OMC-002,Vivo Energy,LPG,2026-02-13,175048
INV-91161,DISP-07557,OMC-015,Mombasa Petroleum,JETA1,2025-09-14,38584
INV-83293,DISP-07808,OMC-002,Vivo Energy,LPG,2025-08-21,154296
INV-95812,DISP-06087,OMC-017,KAA Aviation,PMS,2025-07-08,170807
INV-16949,DISP-01360,OMC-018,Uganda National Oil,LPG,2025-12-16,244699
INV-33894,DISP-09730,OMC-005,PetroOil Kenya,LUB,2026-02-25,31874
INV-36408,DISP-05023,OMC-020,Ethiopian Oil,AGO,2025-08-09,31747
INV-60579,DISP-04991,OMC-020,Ethiopian Oil,JETA1,2026-04-10,54590
INV-34450,DISP-01916,OMC-014,Texol Energies,LUB,2026-04-29,137927
INV-40612,DISP-07058,OMC-009,Dalbit Petroleum,AGO,2026-03-20,263234
INV-76833,DISP-01303,OMC-016,KPA Marine,LUB,2025-02-22,50715
INV-15513,DISP-07690,OMC-002,Vivo Energy,JETA1,2025-10-04," KES 157,253 "
INV-77970,DISP-08579,OMC-019,Tanzania Petroleum,HFO,2025-01-07,270837
INV-79831,DISP-04871,OMC-004,Gulf Energy,AGO,2026-03-25,286302
INV-65951,DISP-08264,OMC-003,Rubis Energy,DPK,2025-06-30,195889
INV-16710,DISP-01607,OMC-012,Galana Energies,JETA1,2026-04-11,37635
INV-88189,DISP-08772,OMC-003,Rubis Energy,DPK,2026-03-27,42427
INV-86843,DISP-02408,OMC-007,Kobil,LPG,,21931
INV-98378,DISP-03931,OMC-019,Tanzania Petroleum,LUB,2025-11-01,159264
INV-71988,DISP-08603,OMC-010,Tamoil,HFO,2026-05-19,55770
INV-72996,DISP-00047,OMC-019,Tanzania Petroleum,AGO,2025-07-23,186706
INV-90308,DISP-04938,OMC-005,PetroOil Kenya,LPG,2026-04-15," KES 133,813 "
INV-96903,DISP-04609,OMC-013,Lake Oil,JETA1,2026-06-28,186774
INV-50942,DISP-00784,OMC-010,Tamoil,DPK,2025-11-07,56200
INV-49770,DISP-01732,OMC-006,Hashi Energy,LUB,2025-10-19,166197
INV-29811,DISP-05196,OMC-011,Hass Petroleum,JETA1,28/05/2025,234099
INV-45498,DISP-06612,OMC-016,KPA Marine,HFO,2026-03-11,46257
INV-98299,DISP-00427,OMC-014,Texol Energies,JETA1,2025-10-17,197727
INV-21349,DISP-04388,OMC-014,Texol Energies,DPK,2025-07-16,202880
INV-18518,DISP-01939,OMC-018,Uganda National Oil,AGO,2025-02-23,30785
INV-29729,DISP-02285,OMC-006,Hashi Energy,JETA1,,142878
INV-59854,DISP-03475,OMC-008,National Oil,PMS,2025-04-12,60108
INV-15954,DISP-02955,OMC-007,Kobil,HFO,2025-06-16,23473
INV-53281,DISP-01166,OMC-019,Tanzania Petroleum,LPG,2025-12-10,29132
INV-26047,DISP-03932,OMC-005,PetroOil Kenya,AGO,2026-05-04,154139
INV-97994,DISP-00618,OMC-009,Dalbit Petroleum,LUB,2025-07-23,159838
INV-17862,DISP-05625,OMC-013,Lake Oil,DPK,2025-10-16,50985
INV-44201,DISP-01331,OMC-015,Mombasa Petroleum,HFO,2025-10-25,128254
INV-85661,DISP-04125,OMC-016,KPA Marine,LUB,2025-02-28,132473
INV-83775,DISP-00316,OMC-013,Lake Oil,AGO,2025-11-17,42959
INV-26237,DISP-06577,OMC-009,Dalbit Petroleum,HFO,2026-02-04,50943
INV-67398,DISP-09213,OMC-003,Rubis Energy,PMS,2025-09-26," KES 55,687 "
INV-19212,DISP-01615,OMC-001,TotalEnergies Kenya,DPK,2025-12-06,249283
INV-48928,DISP-09504,OMC-008,National Oil,HFO,10/10/2025,33925
INV-93999,DISP-04863,OMC-001,TotalEnergies Kenya,HFO,2026-07-02,28373
INV-74007,DISP-07343,OMC-007,Kobil,DPK,2026-01-04,40878
INV-51245,DISP-05089,OMC-015,Mombasa Petroleum,LPG,2026-05-27,108921
INV-90004,DISP-08001,OMC-004,Gulf Energy,LPG,2026-03-17,229393
INV-78584,DISP-04637,OMC-008,National Oil,AGO,2026-06-13,215025
INV-79406,DISP-02090,OMC-014,Texol Energies,JETA1,2025-08-07,217503
INV-84943,DISP-08144,OMC-002,Vivo Energy,PMS,2025-01-03,60972
INV-84551,DISP-08047,OMC-002,Vivo Energy,AGO,2025-07-14,248656
INV-20444,DISP-03504,OMC-016,KPA Marine,JETA1,,50030
INV-46804,DISP-04977,OMC-020,Ethiopian Oil,DPK,02/05/2026,122481
INV-56885,DISP-08496,OMC-005,PetroOil Kenya,DPK,2026-04-25,183153
INV-21499,DISP-03202,OMC-013,Lake Oil,LPG,2025-08-08,205981
INV-79043,DISP-08711,OMC-004,Gulf Energy,LPG,2026-02-16,120566
INV-29668,DISP-01148,OMC-009,Dalbit Petroleum,HFO,24/08/2025," KES 114,148 "
INV-32814,DISP-05657,OMC-011,Hass Petroleum,AGO,2025-11-21,39983
INV-22597,DISP-07263,OMC-012,Galana Energies,HFO,2026-02-10,182134
INV-46934,DISP-04541,OMC-011,Hass Petroleum,PMS,2026-04-13,43178
INV-33067,DISP-09435,OMC-010,Tamoil,JETA1,25/06/2025,26120
INV-10215,DISP-09318,OMC-016,KPA Marine,HFO,2025-06-22,140213
INV-64103,DISP-02176,OMC-019,Tanzania Petroleum,LPG,2025-07-24,75587
INV-39893,DISP-07788,OMC-016,KPA Marine,AGO,2025-12-16,40705
INV-88718,DISP-01052,OMC-012,Galana Energies,LPG,2026-03-01,62314
INV-54407,DISP-06736,OMC-017,KAA Aviation,HFO,2026-05-26,52998
INV-21158,DISP-00481,OMC-004,Gulf Energy,DPK,2026-03-02,171416
INV-30180,DISP-04074,OMC-017,KAA Aviation,LPG,2025-11-07,60430
INV-50710,DISP-09412,OMC-011,Hass Petroleum,DPK,2025-06-29,137783
INV-68761,DISP-03631,OMC-013,Lake Oil,HFO,2026-03-15,288075
INV-94252,DISP-09354,OMC-020,Ethiopian Oil,DPK,2026-06-03,134949
INV-70899,DISP-01616,OMC-015,Mombasa Petroleum,PMS,2025-06-10,266572
INV-29993,DISP-05827,OMC-007,Kobil,LUB,2026-03-19,227308
INV-14059,DISP-07922,OMC-020,Ethiopian Oil,DPK,2025-06-28,52070
INV-21119,DISP-05818,OMC-014,Texol Energies,PMS,2026-04-08,48907
INV-10876,DISP-03485,OMC-015,Mombasa Petroleum,LUB,2025-03-08,145082
INV-71492,DISP-07961,OMC-009,Dalbit Petroleum,AGO,2025-02-16,27234
INV-97352,DISP-02939,OMC-007,Kobil,HFO,2025-05-12,46847
INV-90548,DISP-02449,OMC-014,Texol Energies,PMS,2025-01-10,59880
INV-41548,DISP-00839,OMC-012,Galana Energies,DPK,2026-03-06,34038
INV-86389,DISP-09149,OMC-003,Rubis Energy,DPK,2025-03-13,183919
INV-78304,DISP-08172,OMC-004,Gulf Energy,LPG,2026-03-22,57713
INV-99330,DISP-07866,OMC-003,Rubis Energy,DPK,2026-02-27,46064
INV-95265,DISP-04345,OMC-008,National Oil,LPG,2026-06-06,185599
INV-49817,DISP-09335,OMC-017,KAA Aviation,LUB,2025-01-08,36294
INV-35971,DISP-08912,OMC-013,Lake Oil,HFO,2025-05-29,261700
INV-56447,DISP-03980,OMC-003,Rubis Energy,JETA1,2025-01-03,249162
INV-77202,DISP-07723,OMC-020,Ethiopian Oil,LUB,2025-11-27,30408
INV-67999,DISP-09890,OMC-007,Kobil,LUB,2025-08-03,37236
INV-98919,DISP-05079,OMC-011,Hass Petroleum,HFO,2025-12-02,45679
INV-44529,DISP-06441,OMC-017,KAA Aviation,AGO,2025-08-25,139907
INV-80989,DISP-07836,OMC-011,Hass Petroleum,AGO,2025-12-19," KES 138,733 "
INV-56633,DISP-03294,OMC-011,Hass Petroleum,DPK,2026-04-18," KES 48,117 "
INV-53689,DISP-09415,OMC-019,Tanzania Petroleum,JETA1,,43589
INV-66311,DISP-04466,OMC-014,Texol Energies,AGO,2026-04-25,257408
INV-89225,DISP-04636,OMC-002,Vivo Energy,AGO,2026-02-13,53028
INV-41517,DISP-02631,OMC-005,PetroOil Kenya,LPG,2026-04-06,257463
INV-39788,DISP-09206,OMC-018,Uganda National Oil,DPK,2026-04-19,241268
INV-40328,DISP-04451,OMC-006,Hashi Energy,LUB,2025-10-09,179275
INV-70320,DISP-00468,OMC-007,Kobil,LPG,2026-03-01,149179
INV-80561,DISP-02327,OMC-002,Vivo Energy,DPK,2026-02-06,298567
INV-87340,DISP-03885,OMC-010,Tamoil,DPK,2026-02-13,179723
INV-96060,DISP-00505,OMC-015,Mombasa Petroleum,LUB,2025-05-17,46660
INV-50187,DISP-00606,OMC-007,Kobil,LUB,2025-08-25,60609
INV-49544,DISP-00488,OMC-015,Mombasa Petroleum,LUB,2026-01-06,27053
INV-45533,DISP-01292,OMC-018,Uganda National Oil,LPG,2025-11-28,264390
INV-23075,DISP-09659,OMC-005,PetroOil Kenya,DPK,2026-03-21,217944
INV-31710,DISP-05899,OMC-019,Tanzania Petroleum,JETA1,2025-06-08," KES 163,182 "
INV-98618,DISP-01241,OMC-003,Rubis Energy,JETA1,,260512
INV-36255,DISP-04563,OMC-016,KPA Marine,LPG,2026-04-01,119980
INV-64166,DISP-08584,OMC-005,PetroOil Kenya,LUB,,34288
INV-45697,DISP-03910,OMC-019,Tanzania Petroleum,JETA1,2026-01-18,206211
INV-74712,DISP-02325,OMC-018,Uganda National Oil,LUB,2026-01-27,113616
INV-24163,DISP-04828,OMC-010,Tamoil,HFO,2026-05-10,225255
INV-35350,DISP-05098,OMC-006,Hashi Energy,LUB,2025-01-13,80124
INV-95895,DISP-02232,OMC-002,Vivo Energy,LPG,2025-03-08,55933
INV-28501,DISP-04988,OMC-016,KPA Marine,LUB,2025-05-03,142616
INV-17122,DISP-03880,OMC-014,Texol Energies,DPK,2026-03-25,46474
INV-44757,DISP-01223,OMC-012,Galana Energies,AGO,2026-03-31,252214
INV-42909,DISP-09070,OMC-006,Hashi Energy,PMS,2026-07-01,64841
INV-20146,DISP-06658,OMC-012,Galana Energies,PMS,,156413
INV-68161,DISP-01207,OMC-003,Rubis Energy,LUB,2025-04-06,35502
INV-24776,DISP-04696,OMC-006,Hashi Energy,AGO,2025-05-03," KES 60,011 "
INV-93273,DISP-05506,OMC-005,PetroOil Kenya,HFO,11/03/2026,226108
INV-90792,DISP-03822,OMC-007,Kobil,LPG,,260825
INV-25882,DISP-08148,OMC-001,TotalEnergies Kenya,PMS,2025-12-24,149876
INV-75582,DISP-09007,OMC-016,KPA Marine,AGO,2026-03-23," KES 60,784 "
INV-46333,DISP-04293,OMC-012,Galana Energies,LUB,2026-04-27,18789
INV-42237,DISP-08399,OMC-009,Dalbit Petroleum,JETA1,2025-03-13,46956
INV-19147,DISP-09924,OMC-020,Ethiopian Oil,JETA1,2025-06-24,175199
INV-93392,DISP-05919,OMC-008,National Oil,PMS,24/05/2025,60136
INV-72466,DISP-07146,OMC-006,Hashi Energy,DPK,2026-06-04,138052
INV-98966,DISP-06272,OMC-011,Hass Petroleum,HFO,2025-06-02,200089
INV-23322,DISP-09016,OMC-018,Uganda National Oil,HFO,2026-04-11,88173
INV-68409,DISP-06370,OMC-001,TotalEnergies Kenya,JETA1,2026-02-10,34880
INV-31805,DISP-07194,OMC-020,Ethiopian Oil,JETA1,2026-02-07,128545
INV-53897,DISP-07021,OMC-020,Ethiopian Oil,DPK,2026-05-25,29877
INV-51646,DISP-02573,OMC-007,Kobil,LPG,2025-09-19,34614
INV-71236,DISP-03360,OMC-006,Hashi Energy,DPK,2025-06-06,181586
INV-25397,DISP-06196,OMC-002,Vivo Energy,PMS,2025-06-12,283068
INV-47357,DISP-00507,OMC-002,Vivo Energy,HFO,2025-03-09,40864
INV-13951,DISP-09196,OMC-019,Tanzania Petroleum,DPK,2025-09-11," KES 50,710 "
INV-99030,DISP-01571,OMC-010,Tamoil,JETA1,2025-10-10,94752
INV-49475,DISP-06217,OMC-013,Lake Oil,LUB,2026-01-18,43233
INV-79133,DISP-06788,OMC-005,PetroOil Kenya,PMS,2026-03-30,184937
INV-12769,DISP-06003,OMC-015,Mombasa Petroleum,LPG,2025-08-15,121164
INV-44673,DISP-04011,OMC-012,Galana Energies,PMS,2026-03-28,104441
INV-42078,DISP-07149,OMC-006,Hashi Energy,JETA1,2025-05-14,165486
INV-24245,DISP-04031,OMC-003,Rubis Energy,JETA1,2026-06-01,31811
INV-96595,DISP-00937,OMC-003,Rubis Energy,DPK,2026-01-14,34101
INV-34201,DISP-05507,OMC-017,KAA Aviation,AGO,2025-12-03,45025
INV-19724,DISP-02309,OMC-009,Dalbit Petroleum,AGO,2026-01-18,31224
INV-78961,DISP-08458,OMC-003,Rubis Energy,DPK,2026-03-05,55778
INV-15898,DISP-03153,OMC-001,TotalEnergies Kenya,PMS,2026-03-25,22368
INV-65901,DISP-08578,OMC-007,Kobil,LPG,2026-02-10,211047
INV-25077,DISP-01964,OMC-019,Tanzania Petroleum,PMS,2025-05-18," KES 46,665 "
INV-73919,DISP-03884,OMC-020,Ethiopian Oil,PMS,2025-04-07,28782
INV-46944,DISP-06229,OMC-018,Uganda National Oil,DPK,07/01/2026,165225
INV-84855,DISP-08449,OMC-018,Uganda National Oil,AGO,2025-03-17,104033
INV-77873,DISP-02334,OMC-010,Tamoil,PMS,2026-02-28,36611
INV-79715,DISP-07976,OMC-004,Gulf Energy,PMS,2026-04-05,280150
INV-13792,DISP-03984,OMC-004,Gulf Energy,JETA1,2026-04-05,46839
INV-27475,DISP-03212,OMC-008,National Oil,LUB,2026-01-27,59450
INV-73221,DISP-09952,OMC-019,Tanzania Petroleum,AGO,2025-09-19,108337
INV-30667,DISP-00751,OMC-013,Lake Oil,AGO,2026-01-30,196402
INV-36031,DISP-01031,OMC-019,Tanzania Petroleum,JETA1,,121815
INV-12371,DISP-02470,OMC-013,Lake Oil,JETA1,2026-01-21,105483
INV-64005,DISP-06060,OMC-010,Tamoil,PMS,2026-06-09,137343
INV-58748,DISP-05987,OMC-007,Kobil,PMS,17/02/2026,37451
INV-11151,DISP-01437,OMC-001,TotalEnergies Kenya,HFO,2025-10-13,29391
INV-90224,DISP-09422,OMC-005,PetroOil Kenya,PMS,27/03/2026,112550
INV-62426,DISP-02577,OMC-006,Hashi Energy,LUB,2026-01-24,225666
INV-44155,DISP-08365,OMC-014,Texol Energies,LPG,2025-09-21,227582
INV-50255,DISP-09550,OMC-010,Tamoil,DPK,2025-05-05,237238
INV-48377,DISP-09598,OMC-001,TotalEnergies Kenya,AGO,2026-01-16,166419
INV-44901,DISP-09810,OMC-002,Vivo Energy,PMS,2025-01-07,50077
INV-89543,DISP-07436,OMC-006,Hashi Energy,PMS,2025-06-02,49024
INV-28224,DISP-07663,OMC-014,Texol Energies,JETA1,2025-06-20,105321
INV-89239,DISP-00702,OMC-003,Rubis Energy,JETA1,2025-11-22,55565
INV-60476,DISP-02969,OMC-017,KAA Aviation,HFO,2025-03-27,140351
INV-42732,DISP-03261,OMC-013,Lake Oil,JETA1,2025-01-12,199198
INV-97388,DISP-01245,OMC-006,Hashi Energy,DPK,2026-01-29,61637
INV-56269,DISP-02971,OMC-005,PetroOil Kenya,PMS,,201859
INV-18449,DISP-08636,OMC-019,Tanzania Petroleum,LPG,2025-07-28,149442
INV-10970,DISP-06516,OMC-002,Vivo Energy,LPG,2025-03-29,113008
INV-93952,DISP-06299,OMC-001,TotalEnergies Kenya,LPG,2025-06-01,150489
INV-22789,DISP-02558,OMC-001,TotalEnergies Kenya,PMS,2026-03-09,158727
INV-73473,DISP-00043,OMC-019,Tanzania Petroleum,PMS,2025-10-22,199142
INV-39211,DISP-03502,OMC-006,Hashi Energy,LUB,2025-10-12,157902
INV-89185,DISP-07415,OMC-014,Texol Energies,PMS,2025-08-16,157875
INV-45451,DISP-01791,OMC-001,TotalEnergies Kenya,PMS,2025-11-06,98487
INV-13856,DISP-01492,OMC-011,Hass Petroleum,LPG,2026-03-04,122066
INV-78971,DISP-00956,OMC-005,PetroOil Kenya,PMS,2026-03-23,168945
INV-10395,DISP-08355,OMC-002,Vivo Energy,HFO,2025-10-18,160524
INV-12511,DISP-01309,OMC-015,Mombasa Petroleum,DPK,2025-08-24,189292
INV-32400,DISP-04590,OMC-004,Gulf Energy,LUB,2026-04-17,40448
INV-59871,DISP-05167,OMC-008,National Oil,HFO,2025-08-16,182709
INV-20308,DISP-04617,OMC-006,Hashi Energy,LUB,2025-10-15,196933
INV-69192,DISP-08678,OMC-018,Uganda National Oil,HFO,2025-05-22,244605
INV-43087,DISP-03926,OMC-011,Hass Petroleum,DPK,2025-07-09,116563
INV-61206,DISP-03435,OMC-004,Gulf Energy,DPK,2026-02-21,221423
INV-62734,DISP-06469,OMC-008,National Oil,LUB,2026-01-23,44723
INV-97082,DISP-01554,OMC-005,PetroOil Kenya,PMS,2026-03-05,42285
INV-60359,DISP-09848,OMC-004,Gulf Energy,LUB,2026-03-27,27315
INV-81399,DISP-04688,OMC-019,Tanzania Petroleum,LUB,2026-04-11,22435
INV-98950,DISP-02725,OMC-016,KPA Marine,DPK,2025-12-02,181815
INV-98462,DISP-08849,OMC-010,Tamoil,LPG,2026-02-13,101856
INV-17263,DISP-00586,OMC-005,PetroOil Kenya,PMS,2026-04-03,60873
INV-55860,DISP-08735,OMC-007,Kobil,PMS,2026-03-17,229093
INV-39550,DISP-03221,OMC-010,Tamoil,DPK,,195595
INV-31587,DISP-08289,OMC-009,Dalbit Petroleum,LUB,2025-09-05,238738
INV-82616,DISP-06041,OMC-017,KAA Aviation,LUB,2025-02-15,245015
INV-68450,DISP-06683,OMC-013,Lake Oil,LUB,2025-11-04,157421
INV-81552,DISP-02124,OMC-017,KAA Aviation,JETA1,2025-01-30,143044
INV-32221,DISP-04733,OMC-002,Vivo Energy,JETA1,2026-04-21,145153
INV-63379,DISP-02134,OMC-016,KPA Marine,LPG,2026-04-06,39762
INV-27261,DISP-02549,OMC-019,Tanzania Petroleum,LPG,2026-02-06,273891
INV-11449,DISP-07515,OMC-008,National Oil,AGO,2025-01-28,125531
INV-75488,DISP-01871,OMC-009,Dalbit Petroleum,JETA1,2026-02-17," KES 271,683 "
INV-27673,DISP-05678,OMC-018,Uganda National Oil,JETA1,2025-08-12,47839
INV-46449,DISP-00718,OMC-017,KAA Aviation,JETA1,05/07/2025,112471
INV-14160,DISP-02110,OMC-011,Hass Petroleum,DPK,2025-08-30,34837
INV-74401,DISP-04937,OMC-007,Kobil,LUB,2025-07-11,158288
INV-40518,DISP-00783,OMC-012,Galana Energies,PMS,2026-03-19,58867
INV-81478,DISP-08045,OMC-020,Ethiopian Oil,JETA1,2026-06-15," KES 44,354 "
INV-74947,DISP-09784,OMC-007,Kobil,AGO,2025-08-04,187519
INV-89383,DISP-01066,OMC-012,Galana Energies,JETA1,2026-03-21,56012
INV-88757,DISP-05379,OMC-002,Vivo Energy,JETA1,2025-04-21,92361
INV-80830,DISP-03717,OMC-019,Tanzania Petroleum,AGO,2025-08-14,267181
INV-93445,DISP-04257,OMC-019,Tanzania Petroleum,AGO,26/04/2026,33921
INV-59216,DISP-05533,OMC-002,Vivo Energy,AGO,2025-12-18,160768
INV-46139,DISP-09534,OMC-010,Tamoil,DPK,2025-06-19,126515
INV-33466,DISP-05725,OMC-013,Lake Oil,JETA1,2025-01-29,26777
INV-32274,DISP-06649,OMC-001,TotalEnergies Kenya,DPK,2025-09-09,47608
INV-70109,DISP-01140,OMC-006,Hashi Energy,HFO,2025-01-28,51716
INV-38890,DISP-08669,OMC-006,Hashi Energy,PMS,2026-01-21,25815
INV-26883,DISP-06393,OMC-017,KAA Aviation,HFO,2025-08-13,110793
INV-87545,DISP-05257,OMC-003,Rubis Energy,JETA1,2025-08-16,273300
INV-83102,DISP-01467,OMC-013,Lake Oil,PMS,2026-02-25,25759
INV-81126,DISP-02839,OMC-008,National Oil,HFO,2026-02-10,140881
INV-46366,DISP-09820,OMC-001,TotalEnergies Kenya,LPG,2025-09-18,203621
INV-36538,DISP-05943,OMC-004,Gulf Energy,LUB,2026-03-21,132616
INV-94558,DISP-04851,OMC-020,Ethiopian Oil,PMS,2025-03-14,255805
INV-87966,DISP-06619,OMC-017,KAA Aviation,AGO,2025-11-02,42195
INV-39627,DISP-03568,OMC-002,Vivo Energy,PMS,2025-02-08,57898
INV-83136,DISP-00629,OMC-007,Kobil,PMS,2025-04-03,51543
INV-47101,DISP-07939,OMC-003,Rubis Energy,PMS,2026-05-19,130738
INV-52689,DISP-06761,OMC-013,Lake Oil,JETA1,2025-05-13,127753
INV-79802,DISP-01359,OMC-005,PetroOil Kenya,LPG,2026-04-25,30032
INV-24173,DISP-06489,OMC-005,PetroOil Kenya,PMS,2026-04-13,113208
INV-22607,DISP-08787,OMC-012,Galana Energies,LPG,2026-03-26,165464
INV-25450,DISP-04864,OMC-019,Tanzania Petroleum,LPG,2025-05-06,198366
INV-92550,DISP-00458,OMC-013,Lake Oil,LPG,2026-03-31,200618
INV-18751,DISP-06863,OMC-013,Lake Oil,LUB,2025-09-23,22930
INV-42904,DISP-01073,OMC-007,Kobil,HFO,2026-02-22,59590
INV-46439,DISP-07840,OMC-016,KPA Marine,AGO,2025-09-06,42414
INV-30858,DISP-08588,OMC-011,Hass Petroleum,PMS,2026-05-15,156335
INV-68878,DISP-04488,OMC-004,Gulf Energy,LPG,2026-03-29,117262
INV-21474,DISP-03282,OMC-016,KPA Marine,DPK,2025-05-11,53373
INV-90642,DISP-01014,OMC-015,Mombasa Petroleum,DPK,,209058
INV-56677,DISP-09282,OMC-010,Tamoil,LUB,2025-01-10,194920
INV-46037,DISP-07010,OMC-019,Tanzania Petroleum,AGO,2026-06-07,208134
INV-99761,DISP-07309,OMC-014,Texol Energies,LUB,2025-03-13,190371
INV-52296,DISP-00262,OMC-018,Uganda National Oil,DPK,2025-08-16," KES 60,477 "
INV-35568,DISP-01050,OMC-014,Texol Energies,HFO,04/08/2025,202610
INV-98555,DISP-07671,OMC-011,Hass Petroleum,LUB,2025-10-02,57474
INV-86467,DISP-02845,OMC-003,Rubis Energy,PMS,11/04/2026," KES 40,297 "
INV-57522,DISP-07815,OMC-019,Tanzania Petroleum,AGO,2025-11-14,216157
INV-23567,DISP-05255,OMC-002,Vivo Energy,LUB,2025-06-26,45251
INV-57967,DISP-03879,OMC-017,KAA Aviation,DPK,2025-08-27,27612
INV-45426,DISP-02426,OMC-011,Hass Petroleum,DPK,2025-11-20,112338
INV-18262,DISP-07843,OMC-002,Vivo Energy,DPK,2026-01-04,27104
INV-64297,DISP-01127,OMC-006,Hashi Energy,AGO,2025-03-14,28316
INV-24706,DISP-09573,OMC-007,Kobil,LUB,2026-05-27,232196
INV-51661,DISP-06287,OMC-012,Galana Energies,DPK,2026-03-28,139694
INV-39428,DISP-03549,OMC-011,Hass Petroleum,AGO,2025-04-28,108608
INV-27739,DISP-00363,OMC-003,Rubis Energy,AGO,2025-01-08,22978
INV-93808,DISP-01559,OMC-006,Hashi Energy,AGO,2025-05-24,193754
INV-33969,DISP-05850,OMC-016,KPA Marine,DPK,2026-03-16,43922
INV-75487,DISP-08302,OMC-017,KAA Aviation,AGO,2025-09-09,120543
INV-86592,DISP-04249,OMC-011,Hass Petroleum,DPK,2025-10-05,125978
INV-47579,DISP-08660,OMC-017,KAA Aviation,DPK,2025-06-01,174333
INV-70506,DISP-02389,OMC-009,Dalbit Petroleum,LPG,2025-07-09,208741
INV-43096,DISP-07323,OMC-012,Galana Energies,AGO,2026-03-25,108924
INV-25241,DISP-06894,OMC-006,Hashi Energy,DPK,2025-08-06,45674
INV-71835,DISP-09992,OMC-003,Rubis Energy,AGO,2025-09-23,54189
INV-27378,DISP-01574,OMC-018,Uganda National Oil,LPG,2025-03-29,171405
INV-49323,DISP-02885,OMC-003,Rubis Energy,HFO,2025-06-03,272593
INV-24426,DISP-07112,OMC-015,Mombasa Petroleum,PMS,2026-02-11,25869
INV-47980,DISP-04701,OMC-019,Tanzania Petroleum,AGO,2026-07-01,25998
INV-25988,DISP-08988,OMC-007,Kobil,DPK,2026-02-25,192943
INV-30286,DISP-04060,OMC-003,Rubis Energy,LUB,2025-03-31,202004
INV-28045,DISP-05556,OMC-020,Ethiopian Oil,DPK,23/05/2026,243448
INV-57435,DISP-02368,OMC-007,Kobil,PMS,2025-07-30,204292
INV-49503,DISP-08189,OMC-014,Texol Energies,LPG,2026-01-01,46487
INV-28515,DISP-02410,OMC-010,Tamoil,HFO,2025-02-12,157074
INV-84474,DISP-08230,OMC-019,Tanzania Petroleum,LPG,2026-05-05,45786
INV-62303,DISP-06704,OMC-007,Kobil,AGO,2025-01-12,147273
INV-85572,DISP-06077,OMC-018,Uganda National Oil,AGO,2026-06-25,186488
INV-41352,DISP-02448,OMC-020,Ethiopian Oil,JETA1,2026-06-20,108495
INV-27916,DISP-02172,OMC-001,TotalEnergies Kenya,DPK,08/12/2025,94985
INV-48347,DISP-07906,OMC-020,Ethiopian Oil,HFO,2025-05-02,167832
INV-14042,DISP-05594,OMC-011,Hass Petroleum,LUB,2025-06-14,21770
INV-31785,DISP-00489,OMC-019,Tanzania Petroleum,PMS,,51361
INV-35327,DISP-00445,OMC-005,PetroOil Kenya,JETA1,07/04/2026," KES 251,994 "
INV-35615,DISP-00846,OMC-010,Tamoil,LPG,,176081
INV-81890,DISP-03900,OMC-006,Hashi Energy,AGO,2025-06-09,217869
INV-65798,DISP-00323,OMC-010,Tamoil,PMS,2026-05-27,24417
INV-37568,DISP-09000,OMC-003,Rubis Energy,LUB,2025-06-20,78575
INV-18803,DISP-02247,OMC-003,Rubis Energy,LPG,2025-10-17,48262
INV-72755,DISP-01041,OMC-010,Tamoil,AGO,2025-08-08,79262
INV-54150,DISP-08861,OMC-014,Texol Energies,AGO,2025-01-17,118438
INV-41169,DISP-07876,OMC-002,Vivo Energy,AGO,2026-01-05,164655
INV-41608,DISP-01020,OMC-008,National Oil,PMS,2025-06-16,132947
INV-38168,DISP-06838,OMC-004,Gulf Energy,JETA1,2026-05-05,147396
INV-67979,DISP-03089,OMC-014,Texol Energies,DPK,2026-01-31,63690
INV-49568,DISP-01037,OMC-020,Ethiopian Oil,DPK,2025-01-05,157112
INV-33247,DISP-02093,OMC-015,Mombasa Petroleum,PMS,2025-01-31,29870
INV-78477,DISP-05921,OMC-017,KAA Aviation,LUB,2025-12-24,31213
INV-31833,DISP-01690,OMC-011,Hass Petroleum,LPG,2025-07-27,41514
INV-35989,DISP-04201,OMC-010,Tamoil,LPG,2025-03-25,34006
INV-89249,DISP-00573,OMC-018,Uganda National Oil,DPK,2026-02-10," KES 40,998 "
INV-45571,DISP-09109,OMC-017,KAA Aviation,PMS,2026-02-06,144360
INV-77941,DISP-01000,OMC-005,PetroOil Kenya,JETA1,2026-04-27,139509
INV-14839,DISP-00547,OMC-005,PetroOil Kenya,DPK,2026-02-21,215099
INV-18917,DISP-08608,OMC-003,Rubis Energy,LPG,2025-09-03,102278
INV-38116,DISP-01178,OMC-003,Rubis Energy,LUB,2025-01-05,30716
INV-27366,DISP-06503,OMC-014,Texol Energies,LPG,2025-07-14,185692
INV-95657,DISP-03747,OMC-017,KAA Aviation,DPK,2025-02-26,214801
INV-54804,DISP-06398,OMC-018,Uganda National Oil,AGO,2026-04-26,113184
INV-88878,DISP-02215,OMC-012,Galana Energies,DPK,2026-04-25,179956
INV-90058,DISP-00082,OMC-010,Tamoil,HFO,2026-05-19,22731
INV-97078,DISP-00848,OMC-009,Dalbit Petroleum,HFO,2025-05-05,56070
INV-89603,DISP-02397,OMC-011,Hass Petroleum,AGO,2025-02-08,30074
INV-27295,DISP-07932,OMC-015,Mombasa Petroleum,JETA1,2026-05-30,161548
INV-92430,DISP-06350,OMC-010,Tamoil,DPK,2025-10-07,41301
INV-89018,DISP-00970,OMC-010,Tamoil,AGO,2026-04-09,24368
INV-44448,DISP-08825,OMC-008,National Oil,HFO,2026-02-20,160018
INV-29532,DISP-05099,OMC-020,Ethiopian Oil,PMS,2025-11-04,97091
INV-48953,DISP-05538,OMC-014,Texol Energies,AGO,2025-04-24,151710
INV-71276,DISP-08891,OMC-019,Tanzania Petroleum,LUB,2025-08-01,38885
INV-48582,DISP-05745,OMC-006,Hashi Energy,PMS,2025-03-09,228143
INV-83098,DISP-08151,OMC-008,National Oil,PMS,2025-11-10,79067
INV-90295,DISP-08864,OMC-015,Mombasa Petroleum,HFO,2025-12-27,175472
INV-32240,DISP-07998,OMC-016,KPA Marine,DPK,2026-03-05,52101
INV-57855,DISP-01445,OMC-015,Mombasa Petroleum,HFO,2025-09-08,205527
INV-62674,DISP-08093,OMC-014,Texol Energies,DPK,2025-03-21,286253
INV-38167,DISP-00455,OMC-013,Lake Oil,LUB,2026-01-02,112944
INV-99052,DISP-06007,OMC-009,Dalbit Petroleum,HFO,2025-08-23,44371
INV-76210,DISP-00732,OMC-002,Vivo Energy,DPK,2026-04-08,66414
INV-17924,DISP-00805,OMC-011,Hass Petroleum,JETA1,2025-06-27,241484
INV-66193,DISP-00165,OMC-007,Kobil,LPG,2026-03-26,110196
INV-58350,DISP-06132,OMC-001,TotalEnergies Kenya,HFO,2025-06-01,160870
INV-77739,DISP-06630,OMC-003,Rubis Energy,PMS,2025-09-14,45887
INV-85644,DISP-00630,OMC-018,Uganda National Oil,AGO,2025-10-09,166713
INV-33535,DISP-01972,OMC-004,Gulf Energy,PMS,28/04/2026,62234
INV-81949,DISP-00893,OMC-001,TotalEnergies Kenya,HFO,2025-04-21,216301
INV-55324,DISP-03466,OMC-006,Hashi Energy,PMS,2026-03-08,46835
INV-86689,DISP-01672,OMC-019,Tanzania Petroleum,LPG,2026-06-12,54661
INV-68596,DISP-00461,OMC-012,Galana Energies,LPG,2026-02-10,163009
INV-84639,DISP-00624,OMC-018,Uganda National Oil,JETA1,2026-05-26,243345
INV-68815,DISP-08638,OMC-017,KAA Aviation,LUB,2025-08-13,33249
INV-75992,DISP-06486,OMC-003,Rubis Energy,PMS,2025-12-01,103901
INV-86646,DISP-02711,OMC-005,PetroOil Kenya,HFO,22/02/2026,26339
INV-24346,DISP-06697,OMC-013,Lake Oil,LPG,2025-05-07,33663
INV-41855,DISP-06555,OMC-017,KAA Aviation,DPK,2026-02-28,39844
INV-42577,DISP-08581,OMC-020,Ethiopian Oil,HFO,2026-04-15,256597
INV-37212,DISP-01996,OMC-009,Dalbit Petroleum,AGO,28/02/2026," KES 51,107 "
INV-78952,DISP-01815,OMC-001,TotalEnergies Kenya,DPK,2026-07-03,125028
INV-36959,DISP-01161,OMC-009,Dalbit Petroleum,AGO,2026-01-10,290457
INV-71781,DISP-09262,OMC-007,Kobil,LPG,2025-09-19,148383
INV-93195,DISP-04881,OMC-003,Rubis Energy,PMS,2026-02-09,62444
INV-73227,DISP-02320,OMC-018,Uganda National Oil,PMS,2025-08-08,237022
INV-90649,DISP-05674,OMC-016,KPA Marine,LUB,2026-07-05,181611
INV-38445,DISP-03450,OMC-002,Vivo Energy,PMS,2025-11-13,189829
INV-29438,DISP-01828,OMC-008,National Oil,JETA1,2025-04-10,187705
INV-86900,DISP-00112,OMC-003,Rubis Energy,LUB,14/03/2025,110130
INV-10487,DISP-09949,OMC-017,KAA Aviation,LUB,2025-06-07,127615
INV-26879,DISP-07069,OMC-010,Tamoil,HFO,2026-01-22,161653
INV-45565,DISP-00632,OMC-013,Lake Oil,AGO,2026-06-01,36506
INV-12385,DISP-04079,OMC-005,PetroOil Kenya,LPG,2026-03-19,203337
INV-47105,DISP-00375,OMC-017,KAA Aviation,PMS,2025-05-19,33683
INV-38406,DISP-08611,OMC-019,Tanzania Petroleum,DPK,2026-02-09,37768
INV-86238,DISP-02777,OMC-010,Tamoil,HFO,2025-01-13,195539
INV-78829,DISP-07242,OMC-013,Lake Oil,AGO,2026-05-29,171421
INV-61557,DISP-01892,OMC-016,KPA Marine,LPG,03/10/2025,102329
INV-53098,DISP-04894,OMC-016,KPA Marine,DPK,2026-03-02,40163
INV-26389,DISP-03453,OMC-002,Vivo Energy,AGO,2025-12-20,30945
INV-55479,DISP-09985,OMC-001,TotalEnergies Kenya,LUB,2026-03-03,87688
INV-77701,DISP-01545,OMC-020,Ethiopian Oil,PMS,2025-07-10,107249
INV-95003,DISP-03220,OMC-017,KAA Aviation,LPG,22/08/2025,29891
INV-19976,DISP-05855,OMC-011,Hass Petroleum,AGO,2025-06-02,78395
INV-95595,DISP-08843,OMC-007,Kobil,AGO,2025-12-06,95194
INV-62140,DISP-09317,OMC-002,Vivo Energy,LUB,2025-03-05,28089
INV-89851,DISP-03048,OMC-002,Vivo Energy,LUB,11/04/2025,152196
INV-76354,DISP-06691,OMC-013,Lake Oil,HFO,2025-03-30,25330
INV-83744,DISP-08959,OMC-012,Galana Energies,JETA1,2026-02-04,125360
INV-28056,DISP-06703,OMC-007,Kobil,DPK,23/10/2025,86119
INV-19703,DISP-02914,OMC-002,Vivo Energy,LUB,2025-06-03,251617
INV-11707,DISP-05145,OMC-005,PetroOil Kenya,AGO,2026-02-20,30946
INV-26679,DISP-08906,OMC-003,Rubis Energy,LUB,2026-06-03,261163
INV-17897,DISP-09469,OMC-003,Rubis Energy,AGO,2025-12-19,52696
INV-67144,DISP-05297,OMC-018,Uganda National Oil,HFO,2025-06-16,154806
INV-10479,DISP-06888,OMC-010,Tamoil,AGO,2025-08-17,40464
INV-41232,DISP-03807,OMC-002,Vivo Energy,AGO,17/09/2025,71145
INV-78329,DISP-00077,OMC-003,Rubis Energy,HFO,2026-03-26,167583
INV-32387,DISP-04315,OMC-004,Gulf Energy,DPK,2026-03-18,122694
INV-97920,DISP-06298,OMC-017,KAA Aviation,PMS,2025-04-24,50710
INV-82910,DISP-01412,OMC-018,Uganda National Oil,PMS,2025-04-20,32773
INV-22176,DISP-06925,OMC-002,Vivo Energy,HFO,2026-05-06,29187
INV-41740,DISP-08182,OMC-020,Ethiopian Oil,HFO,2025-04-13,84528
INV-46723,DISP-02966,OMC-009,Dalbit Petroleum,DPK,2025-12-27,59164
INV-30138,DISP-02739,OMC-007,Kobil,AGO,2025-01-13,35841
INV-91974,DISP-07639,OMC-008,National Oil,PMS,2025-11-09,30629
INV-46273,DISP-09451,OMC-002,Vivo Energy,PMS,2025-10-09,28039
INV-95267,DISP-04520,OMC-009,Dalbit Petroleum,HFO,2026-04-01,34177
INV-95755,DISP-06568,OMC-020,Ethiopian Oil,JETA1,2025-04-08,171636
INV-76157,DISP-02560,OMC-020,Ethiopian Oil,AGO,2025-08-31,157927
INV-78376,DISP-05105,OMC-008,National Oil,AGO,2026-04-26,211051
INV-48423,DISP-09423,OMC-016,KPA Marine,PMS,2026-05-22,36853
INV-83973,DISP-00374,OMC-007,Kobil,DPK,2025-04-06,227657
INV-30464,DISP-08958,OMC-010,Tamoil,PMS,2026-02-26,139348
INV-63629,DISP-04902,OMC-010,Tamoil,JETA1,2026-03-31,182263
INV-54099,DISP-01465,OMC-013,Lake Oil,LPG,2025-10-13,197279
INV-28343,DISP-07231,OMC-018,Uganda National Oil,DPK,2026-02-16,217843
INV-63032,DISP-08125,OMC-019,Tanzania Petroleum,LUB,2025-03-02,174787
INV-50750,DISP-04685,OMC-012,Galana Energies,HFO,2026-04-10,61890
INV-74455,DISP-07513,OMC-020,Ethiopian Oil,LUB,2025-07-18,57940
INV-42094,DISP-00881,OMC-002,Vivo Energy,JETA1,2025-09-03,245018
INV-41761,DISP-01701,OMC-014,Texol Energies,JETA1,2026-03-01,42649
INV-32311,DISP-05164,OMC-010,Tamoil,DPK,2025-04-13,47003
INV-13995,DISP-05234,OMC-015,Mombasa Petroleum,LUB,21/05/2025,140746
INV-99927,DISP-07643,OMC-020,Ethiopian Oil,AGO,2025-06-07,55250
INV-10574,DISP-04303,OMC-013,Lake Oil,LUB,2025-11-27,52722
INV-35343,DISP-04495,OMC-008,National Oil,DPK,01/05/2025,55259
INV-85586,DISP-06648,OMC-006,Hashi Energy,HFO,2025-04-23,103363
INV-90893,DISP-06402,OMC-002,Vivo Energy,AGO,2025-06-18,263383
INV-75164,DISP-03455,OMC-017,KAA Aviation,LUB,2025-05-28,168733
INV-67677,DISP-03691,OMC-019,Tanzania Petroleum,AGO,2025-04-30," KES 48,055 "
INV-99851,DISP-01970,OMC-013,Lake Oil,PMS,2025-03-04,290865
INV-45597,DISP-00763,OMC-012,Galana Energies,LUB,2026-04-30,139259
INV-87362,DISP-04770,OMC-016,KPA Marine,PMS,2025-10-27,273989
INV-10172,DISP-06686,OMC-012,Galana Energies,PMS,2026-04-27,274384
INV-82826,DISP-04496,OMC-007,Kobil,DPK,2026-02-02,215724
INV-87040,DISP-05997,OMC-014,Texol Energies,LUB,01/04/2026,64153
INV-71535,DISP-09097,OMC-018,Uganda National Oil,PMS,2025-09-04,133687
INV-57441,DISP-04924,OMC-013,Lake Oil,LUB,,40315
INV-70338,DISP-03332,OMC-016,KPA Marine,LUB,2026-06-20,121900
INV-24863,DISP-03233,OMC-013,Lake Oil,LUB,2025-10-31," KES 21,655 "
INV-16510,DISP-09513,OMC-019,Tanzania Petroleum,DPK,2025-09-08,265945
INV-30241,DISP-01982,OMC-002,Vivo Energy,LPG,2025-04-19,53636
INV-30719,DISP-02459,OMC-005,PetroOil Kenya,JETA1,2026-03-07,283349
INV-66400,DISP-06830,OMC-013,Lake Oil,JETA1,2025-11-09,34579
INV-64785,DISP-02306,OMC-013,Lake Oil,LPG,2025-04-19,59047
INV-38852,DISP-07462,OMC-019,Tanzania Petroleum,HFO,2025-11-06,269393
INV-57074,DISP-06987,OMC-002,Vivo Energy,LPG,2025-02-07,172137
INV-68490,DISP-04143,OMC-004,Gulf Energy,DPK,08/04/2026,45944
INV-16832,DISP-07191,OMC-004,Gulf Energy,LUB,2026-02-26,261635
INV-21457,DISP-00647,OMC-006,Hashi Energy,LPG,2026-04-22,75860
INV-40874,DISP-03082,OMC-020,Ethiopian Oil,DPK,2026-01-27,30637
INV-31827,DISP-05456,OMC-002,Vivo Energy,PMS,2026-05-12,265686
INV-73862,DISP-00305,OMC-004,Gulf Energy,LUB,2026-02-18,294975
INV-52226,DISP-01542,OMC-001,TotalEnergies Kenya,HFO,2026-05-04,239871
INV-72395,DISP-04892,OMC-016,KPA Marine,DPK,2026-03-23,55028
INV-72989,DISP-05394,OMC-009,Dalbit Petroleum,LUB,2025-04-02,31775
INV-10770,DISP-06320,OMC-019,Tanzania Petroleum,HFO,2025-02-25,155411
INV-68504,DISP-07783,OMC-001,TotalEnergies Kenya,DPK,06/04/2026,57574
INV-76212,DISP-08568,OMC-010,Tamoil,PMS,2025-04-12,147633
INV-36870,DISP-07600,OMC-005,PetroOil Kenya,JETA1,2026-04-16,35123
INV-35645,DISP-02153,OMC-003,Rubis Energy,LUB,2025-04-04,234806
INV-56669,DISP-03032,OMC-006,Hashi Energy,HFO,2025-02-12,38857
INV-22989,DISP-07666,OMC-004,Gulf Energy,DPK,2026-04-23,85983
INV-74309,DISP-02962,OMC-010,Tamoil,HFO,2026-05-06,127709
INV-28053,DISP-03670,OMC-009,Dalbit Petroleum,PMS,2026-04-06,87240
INV-90139,DISP-00122,OMC-011,Hass Petroleum,HFO,2026-05-05,98978
INV-64716,DISP-04392,OMC-002,Vivo Energy,HFO,2026-03-31,283033
INV-88559,DISP-09402,OMC-002,Vivo Energy,DPK,2025-07-30,185861
INV-23170,DISP-06142,OMC-020,Ethiopian Oil,DPK,2025-02-08," KES 170,923 "
INV-25443,DISP-03023,OMC-014,Texol Energies,LUB,2026-06-11,103670
INV-15853,DISP-05804,OMC-004,Gulf Energy,DPK,2026-03-23,217654
INV-89337,DISP-07229,OMC-011,Hass Petroleum,JETA1,2026-04-22,181877
INV-94260,DISP-05031,OMC-018,Uganda National Oil,JETA1,2025-02-23,48440
INV-41134,DISP-09767,OMC-005,PetroOil Kenya,LUB,2026-04-06,244405
INV-19565,DISP-05706,OMC-014,Texol Energies,JETA1,2025-07-28,52950
INV-50409,DISP-07966,OMC-013,Lake Oil,JETA1,2026-06-01,50566
INV-94643,DISP-03166,OMC-004,Gulf Energy,LUB,2026-03-21,105298
INV-42494,DISP-00957,OMC-016,KPA Marine,AGO,2025-10-19,179237
INV-57457,DISP-09910,OMC-015,Mombasa Petroleum,JETA1,2025-04-18,31028
INV-73953,DISP-09496,OMC-003,Rubis Energy,PMS,2025-06-03,41751
INV-13722,DISP-03587,OMC-002,Vivo Energy,LUB,2026-04-09,277811
INV-51117,DISP-01258,OMC-008,National Oil,LUB,2025-12-19,208964
INV-16436,DISP-05415,OMC-020,Ethiopian Oil,JETA1,2026-02-25,107769
INV-15225,DISP-09506,OMC-003,Rubis Energy,LUB,2025-07-31,138300
INV-32143,DISP-03192,OMC-006,Hashi Energy,PMS,2026-06-27,238619
INV-55304,DISP-05074,OMC-014,Texol Energies,LPG,2025-02-26,23539
INV-31886,DISP-07432,OMC-009,Dalbit Petroleum,DPK,12/05/2026,186458
INV-69456,DISP-04023,OMC-007,Kobil,DPK,2026-05-24,266318
INV-10220,DISP-00450,OMC-001,TotalEnergies Kenya,LPG,2025-04-16,28465
INV-23355,DISP-04707,OMC-006,Hashi Energy,HFO,2026-05-05,30079
INV-13072,DISP-04310,OMC-019,Tanzania Petroleum,PMS,,258672
INV-50551,DISP-01213,OMC-011,Hass Petroleum,PMS,2025-12-22,125455
INV-25671,DISP-03519,OMC-013,Lake Oil,DPK,2026-04-03,25349
INV-14755,DISP-05949,OMC-004,Gulf Energy,AGO,2026-04-30,24324
INV-30459,DISP-09037,OMC-001,TotalEnergies Kenya,DPK,2025-10-10,220805
INV-18961,DISP-05510,OMC-003,Rubis Energy,DPK,2025-01-20,200790
INV-45153,DISP-06075,OMC-012,Galana Energies,HFO,2026-04-03,21304
INV-34692,DISP-08618,OMC-005,PetroOil Kenya,DPK,16/04/2026,182231
INV-77442,DISP-05626,OMC-017,KAA Aviation,LUB,2025-04-22,25617
INV-63073,DISP-01889,OMC-012,Galana Energies,PMS,2026-04-09,27260
INV-34591,DISP-04409,OMC-005,PetroOil Kenya,AGO,2026-04-21,288798
INV-83474,DISP-04690,OMC-003,Rubis Energy,HFO,2025-01-09,168625
INV-74135,DISP-05107,OMC-002,Vivo Energy,DPK,2025-10-02,40739
INV-54917,DISP-09139,OMC-016,KPA Marine,HFO,2025-10-06,215081
INV-61051,DISP-09834,OMC-005,PetroOil Kenya,AGO,2026-04-05,214557
INV-12994,DISP-04511,OMC-002,Vivo Energy,AGO,2025-04-03,203967
INV-64157,DISP-01221,OMC-020,Ethiopian Oil,DPK,2025-03-15,25082
INV-90065,DISP-08422,OMC-007,Kobil,AGO,2025-02-18,173418
INV-93440,DISP-00698,OMC-011,Hass Petroleum,AGO,2025-05-10,199586
INV-70606,DISP-09501,OMC-008,National Oil,JETA1,2025-10-19,105463
INV-68351,DISP-08596,OMC-018,Uganda National Oil,JETA1,2025-09-16,127718
INV-91996,DISP-05622,OMC-014,Texol Energies,PMS,2025-07-09,70270
INV-51371,DISP-05811,OMC-017,KAA Aviation,AGO,2026-01-30,164148
INV-79558,DISP-02150,OMC-018,Uganda National Oil,LUB,2025-05-27,27732
INV-16598,DISP-03790,OMC-006,Hashi Energy,PMS,2026-04-03,207258
INV-20444,DISP-03504,OMC-016,KPA Marine,JETA1,2025-05-15,50030
INV-56235,DISP-02331,OMC-019,Tanzania Petroleum,JETA1,2025-04-12,157121
INV-98967,DISP-02710,OMC-015,Mombasa Petroleum,LPG,2025-06-28,238720
INV-30098,DISP-01762,OMC-007,Kobil,DPK,2026-01-08,183124
INV-52840,DISP-08846,OMC-016,KPA Marine,HFO,2025-02-28,158082
INV-79553,DISP-08887,OMC-014,Texol Energies,HFO,2026-04-18,39829
INV-39798,DISP-06996,OMC-014,Texol Energies,AGO,2025-09-08,178058
INV-37454,DISP-06052,OMC-017,KAA Aviation,AGO,2025-08-15,269506
INV-18811,DISP-05158,OMC-013,Lake Oil,AGO,2025-04-14,40900
INV-66774,DISP-09605,OMC-020,Ethiopian Oil,HFO,2025-11-02,277198
INV-93692,DISP-09577,OMC-015,Mombasa Petroleum,JETA1,2025-10-06,25130
INV-30945,DISP-03119,OMC-002,Vivo Energy,DPK,2026-04-21,281148
INV-89606,DISP-04554,OMC-017,KAA Aviation,PMS,2026-03-14,197413
INV-42815,DISP-04573,OMC-011,Hass Petroleum,HFO,,24317
INV-63978,DISP-07298,OMC-007,Kobil,LPG,2025-07-30,134135
INV-94736,DISP-09933,OMC-012,Galana Energies,LUB,2026-04-04,181324
INV-79406,DISP-02090,OMC-014,Texol Energies,JETA1,2025-08-07,217503
INV-69819,DISP-01121,OMC-005,PetroOil Kenya,LUB,04/03/2026,31031
INV-20285,DISP-05742,OMC-004,Gulf Energy,AGO,2026-04-15,207859
INV-90943,DISP-03565,OMC-001,TotalEnergies Kenya,DPK,2025-10-07,80852
INV-65610,DISP-07873,OMC-016,KPA Marine,DPK,07/01/2026,37475
INV-23153,DISP-06890,OMC-004,Gulf Energy,PMS,2026-04-06,200111
INV-72438,DISP-09947,OMC-014,Texol Energies,JETA1,2025-09-25,45557
INV-38368,DISP-08068,OMC-015,Mombasa Petroleum,PMS,2025-08-22,123783
INV-29131,DISP-08591,OMC-015,Mombasa Petroleum,JETA1,2026-06-28,62906
INV-82352,DISP-06836,OMC-013,Lake Oil,JETA1,2025-09-10,55800
INV-43754,DISP-01566,OMC-020,Ethiopian Oil,HFO,2025-04-16,279013
INV-41960,DISP-04625,OMC-014,Texol Energies,AGO,2025-10-24,32823
INV-42847,DISP-08117,OMC-011,Hass Petroleum,HFO,2026-01-20,225411
INV-52751,DISP-08810,OMC-013,Lake Oil,DPK,2026-06-01,131973
INV-32047,DISP-05753,OMC-013,Lake Oil,AGO,2025-05-28,42045
INV-91882,DISP-00819,OMC-001,TotalEnergies Kenya,PMS,2026-02-15,34198
INV-45724,DISP-07259,OMC-004,Gulf Energy,AGO,2026-03-30,138962
INV-47884,DISP-09906,OMC-008,National Oil,JETA1,2026-06-17," KES 248,490 "
INV-89563,DISP-03798,OMC-005,PetroOil Kenya,JETA1,,276375
INV-88262,DISP-04174,OMC-006,Hashi Energy,DPK,2025-11-14," KES 29,008 "
INV-56847,DISP-08298,OMC-008,National Oil,HFO,2025-01-13,263873
INV-34248,DISP-04858,OMC-001,TotalEnergies Kenya,AGO,2026-01-05,140988
INV-56696,DISP-05191,OMC-017,KAA Aviation,DPK,01/08/2025,29609
INV-38983,DISP-02674,OMC-009,Dalbit Petroleum,PMS,2025-09-25,193401
INV-30750,DISP-09809,OMC-015,Mombasa Petroleum,AGO,2026-05-12,24858
INV-11373,DISP-05064,OMC-012,Galana Energies,HFO,2026-02-07,48875
INV-74227,DISP-01714,OMC-009,Dalbit Petroleum,DPK,2025-03-27,58736
INV-94311,DISP-04001,OMC-017,KAA Aviation,JETA1,2025-11-11," KES 189,770 "
INV-19415,DISP-09448,OMC-012,Galana Energies,HFO,2026-02-11,165991
INV-87017,DISP-05709,OMC-004,Gulf Energy,DPK,2026-02-21,39345
INV-57926,DISP-07782,OMC-019,Tanzania Petroleum,LUB,2025-05-21,44845
INV-84817,DISP-03617,OMC-001,TotalEnergies Kenya,JETA1,2026-02-23," KES 218,860 "
INV-17186,DISP-08262,OMC-003,Rubis Energy,JETA1,,219028
INV-61288,DISP-02918,OMC-015,Mombasa Petroleum,DPK,2025-07-30,52182
INV-98502,DISP-01034,OMC-010,Tamoil,JETA1,2025-09-05,31943
INV-44541,DISP-00018,OMC-002,Vivo Energy,LUB,2026-01-04,279139
INV-79302,DISP-06174,OMC-018,Uganda National Oil,DPK,2026-01-16,200494
INV-41473,DISP-09619,OMC-014,Texol Energies,DPK,2025-11-22,185334
INV-52829,DISP-00103,OMC-005,PetroOil Kenya,AGO,,57517
INV-25763,DISP-02871,OMC-020,Ethiopian Oil,DPK,2025-07-19,226564
INV-11851,DISP-06731,OMC-005,PetroOil Kenya,LPG,2026-02-19,172408
INV-72157,DISP-08296,OMC-014,Texol Energies,HFO,2026-01-06,200886
INV-71309,DISP-08720,OMC-001,TotalEnergies Kenya,JETA1,2026-01-02,125333
INV-56329,DISP-03189,OMC-012,Galana Energies,LUB,2026-03-07,31522
INV-28190,DISP-05401,OMC-016,KPA Marine,DPK,2025-11-08,233071
INV-19645,DISP-09487,OMC-008,National Oil,AGO,2025-08-14,153743
INV-56402,DISP-05053,OMC-013,Lake Oil,HFO,2025-12-18,93955
INV-55127,DISP-00616,OMC-017,KAA Aviation,AGO,2025-08-10,191413
INV-57356,DISP-03058,OMC-006,Hashi Energy,LUB,2025-10-04,111781
INV-57289,DISP-02763,OMC-015,Mombasa Petroleum,HFO,2025-01-29,176287
INV-70005,DISP-07038,OMC-004,Gulf Energy,DPK,2026-02-21,39750
INV-64392,DISP-04335,OMC-005,PetroOil Kenya,PMS,2026-05-07,63158
INV-67398,DISP-09935,OMC-007,Kobil,JETA1,2025-11-15," KES 60,631 "
INV-43486,DISP-09660,OMC-017,KAA Aviation,HFO,2025-03-26,260094
INV-92136,DISP-08724,OMC-008,National Oil,JETA1,2025-08-14,192747
INV-86889,DISP-06291,OMC-018,Uganda National Oil,PMS,18/05/2025,166883
INV-94650,DISP-08306,OMC-017,KAA Aviation,LPG,,46488
INV-14479,DISP-07207,OMC-014,Texol Energies,AGO,2025-04-11,24187
INV-83524,DISP-09323,OMC-012,Galana Energies,PMS,2026-03-21,24876
INV-99058,DISP-01949,OMC-008,National Oil,JETA1,2026-04-06," KES 267,629 "
INV-73608,DISP-08123,OMC-012,Galana Energies,LPG,2026-04-18,211496
INV-25707,DISP-04348,OMC-012,Galana Energies,AGO,2026-04-26,283905
INV-70226,DISP-00031,OMC-018,Uganda National Oil,PMS,2025-08-19,152833
INV-10368,DISP-06305,OMC-010,Tamoil,DPK,2025-04-09,183662
INV-22925,DISP-05071,OMC-012,Galana Energies,DPK,,34444
INV-32306,DISP-07850,OMC-019,Tanzania Petroleum,LUB,2025-06-11,137297
INV-13904,DISP-01067,OMC-016,KPA Marine,JETA1,2025-10-11,23520
INV-95736,DISP-00921,OMC-010,Tamoil,LUB,2025-07-31,167354
INV-91048,DISP-02778,OMC-004,Gulf Energy,PMS,2026-03-27,60946
INV-31924,DISP-09725,OMC-006,Hashi Energy,HFO,2025-08-19,149916
INV-25741,DISP-07352,OMC-006,Hashi Energy,HFO,2025-05-16,185333
INV-85879,DISP-02193,OMC-010,Tamoil,JETA1,2025-10-09,161915
INV-15074,DISP-05847,OMC-017,KAA Aviation,PMS,,36166
INV-86736,DISP-01016,OMC-010,Tamoil,DPK,2025-06-02,42697
INV-78069,DISP-02533,OMC-004,Gulf Energy,JETA1,2026-02-14,184173
INV-94873,DISP-04932,OMC-013,Lake Oil,PMS,2026-01-01,37352
INV-67063,DISP-04147,OMC-004,Gulf Energy,HFO,2026-02-20,229518
INV-34355,DISP-05403,OMC-014,Texol Energies,LUB,2025-05-18,98010
INV-21096,DISP-04737,OMC-010,Tamoil,JETA1,2025-08-07,148095
INV-31589,DISP-06125,OMC-002,Vivo Energy,PMS,26/11/2025,242929
INV-39818,DISP-03843,OMC-002,Vivo Energy,DPK,2025-08-28,125668
INV-81868,DISP-02443,OMC-015,Mombasa Petroleum,JETA1,2025-06-22,229824
INV-59288,DISP-04815,OMC-016,KPA Marine,AGO,2026-06-16,177835
INV-10186,DISP-01731,OMC-001,TotalEnergies Kenya,DPK,2026-02-07,39708
INV-91969,DISP-02749,OMC-010,Tamoil,PMS,2026-06-08,26228
INV-11051,DISP-08866,OMC-010,Tamoil,DPK,2025-07-10,138735
INV-48759,DISP-01471,OMC-002,Vivo Energy,LPG,2025-04-24,282741
INV-22875,DISP-08033,OMC-011,Hass Petroleum,JETA1,2026-02-19,288035
INV-51661,DISP-06287,OMC-012,Galana Energies,DPK,2026-03-28,139694
INV-46311,DISP-07649,OMC-016,KPA Marine,LUB,2025-08-29,23859
INV-71219,DISP-01760,OMC-004,Gulf Energy,DPK,2026-03-16,50390
INV-85387,DISP-06985,OMC-015,Mombasa Petroleum,LPG,2025-07-17,227133
INV-55422,DISP-02601,OMC-020,Ethiopian Oil,PMS,2026-06-04,159137
INV-61306,DISP-06591,OMC-005,PetroOil Kenya,LPG,2026-04-20,79549
INV-43949,DISP-03361,OMC-020,Ethiopian Oil,LUB,2026-02-19,61989
INV-40201,DISP-09855,OMC-010,Tamoil,PMS,2026-03-15,249142
INV-22799,DISP-03437,OMC-001,TotalEnergies Kenya,JETA1,2025-02-19,51377
INV-45128,DISP-02189,OMC-001,TotalEnergies Kenya,AGO,2025-06-02,219468
INV-48777,DISP-06387,OMC-017,KAA Aviation,LPG,2025-06-28,203188
INV-94844,DISP-00473,OMC-014,Texol Energies,LPG,2026-05-05,191232
INV-15895,DISP-08410,OMC-018,Uganda National Oil,PMS,2025-11-08,35236
INV-19397,DISP-06997,OMC-003,Rubis Energy,LUB,2025-08-14,239388
INV-57127,DISP-03772,OMC-014,Texol Energies,HFO,2025-09-25,163820
INV-73110,DISP-06437,OMC-007,Kobil,LUB,2025-08-30,133670
INV-27208,DISP-03129,OMC-015,Mombasa Petroleum,HFO,2026-01-07," KES 52,096 "
INV-71379,DISP-06028,OMC-005,PetroOil Kenya,PMS,2026-03-20,175458
INV-83001,DISP-07255,OMC-010,Tamoil,AGO,2025-09-07,59483
INV-53836,DISP-01685,OMC-013,Lake Oil,JETA1,2025-04-25,43013
INV-65588,DISP-03306,OMC-013,Lake Oil,PMS,2026-06-12,172114
INV-96794,DISP-05251,OMC-009,Dalbit Petroleum,AGO,2025-08-01,35043
INV-69344,DISP-03555,OMC-012,Galana Energies,LUB,2026-04-04,169580
INV-27417,DISP-08936,OMC-008,National Oil,DPK,2025-08-24,272107
INV-51618,DISP-08153,OMC-006,Hashi Energy,JETA1,2025-01-27,45865
INV-44410,DISP-07327,OMC-001,TotalEnergies Kenya,AGO,2026-05-06,36557
INV-55457,DISP-06739,OMC-011,Hass Petroleum,JETA1,2025-07-14,33334
INV-62947,DISP-00030,OMC-002,Vivo Energy,JETA1,2025-08-05,92117
INV-57003,DISP-02278,OMC-014,Texol Energies,DPK,2025-03-13,172821
INV-21008,DISP-09022,OMC-001,TotalEnergies Kenya,PMS,2026-05-15,63838
INV-23484,DISP-04771,OMC-019,Tanzania Petroleum,PMS,2026-05-29,26117
INV-59514,DISP-06576,OMC-013,Lake Oil,JETA1,2026-02-21,132055
INV-64871,DISP-00767,OMC-002,Vivo Energy,DPK,2025-03-18,220929
INV-16741,DISP-08999,OMC-017,KAA Aviation,DPK,2025-07-09,101738
INV-54105,DISP-00201,OMC-014,Texol Energies,AGO,2026-01-23,111173
INV-38154,DISP-06498,OMC-018,Uganda National Oil,DPK,2025-03-02,133839
INV-90914,DISP-04772,OMC-014,Texol Energies,PMS,2025-07-25,252878
INV-48677,DISP-05661,OMC-020,Ethiopian Oil,JETA1,2026-01-03,35963
INV-79563,DISP-03645,OMC-011,Hass Petroleum,JETA1,2025-09-15,49301
INV-32193,DISP-03479,OMC-006,Hashi Energy,DPK,2025-12-27,156090
INV-14325,DISP-03607,OMC-010,Tamoil,LUB,2025-10-09,26879
INV-72171,DISP-08367,OMC-006,Hashi Energy,LUB,30/12/2025,223090
INV-79687,DISP-01077,OMC-006,Hashi Energy,PMS,2025-01-13,213545
INV-60879,DISP-03521,OMC-004,Gulf Energy,JETA1,2026-03-16,157477
INV-33694,DISP-08562,OMC-002,Vivo Energy,LUB,2026-03-23,183149
INV-79572,DISP-07621,OMC-011,Hass Petroleum,LUB,2026-05-23,224900
INV-94036,DISP-00951,OMC-007,Kobil,JETA1,2025-08-23,150558
INV-24426,DISP-06072,OMC-003,Rubis Energy,HFO,2025-05-19,50350
INV-50124,DISP-01158,OMC-001,TotalEnergies Kenya,PMS,2025-05-17," KES 139,052 "
INV-66840,DISP-06226,OMC-010,Tamoil,LPG,2025-10-09,63401
INV-63882,DISP-06177,OMC-016,KPA Marine,LUB,2025-10-18,218591
INV-90291,DISP-09063,OMC-001,TotalEnergies Kenya,LUB,2026-01-29,178745
INV-48166,DISP-03614,OMC-011,Hass Petroleum,HFO,2025-02-15,34420
INV-55616,DISP-09974,OMC-018,Uganda National Oil,HFO,2026-01-20," KES 36,054 "
INV-79653,DISP-09566,OMC-001,TotalEnergies Kenya,LPG,2026-06-21,55524
INV-61839,DISP-06369,OMC-008,National Oil,AGO,2025-12-30,37646
INV-47259,DISP-03757,OMC-014,Texol Energies,AGO,2025-10-13,61480
INV-95064,DISP-06269,OMC-014,Texol Energies,LPG,2026-01-19,50458
INV-63959,DISP-05215,OMC-012,Galana Energies,PMS,07/02/2026,260828
INV-19862,DISP-07064,OMC-017,KAA Aviation,LUB,2026-03-29,159815
INV-35361,DISP-01664,OMC-009,Dalbit Petroleum,LPG,2025-08-24,58058
INV-96073,DISP-08951,OMC-007,Kobil,LUB,2025-03-04,35440
INV-70831,DISP-07104,OMC-002,Vivo Energy,LUB,2025-01-16,44223
INV-48612,DISP-06446,OMC-016,KPA Marine,DPK,2026-02-17,40660
INV-26057,DISP-00012,OMC-017,KAA Aviation,PMS,2025-06-12,37871
INV-33928,DISP-01265,OMC-019,Tanzania Petroleum,PMS,2025-09-26,111910
INV-95677,DISP-03488,OMC-015,Mombasa Petroleum,AGO,2026-06-26," KES 54,884 "
INV-88046,DISP-06136,OMC-017,KAA Aviation,LUB,2026-05-11,32627
INV-75623,DISP-04783,OMC-017,KAA Aviation,DPK,2025-03-11,176587
INV-67975,DISP-00701,OMC-015,Mombasa Petroleum,LPG,2025-10-23,23999
INV-18327,DISP-03476,OMC-019,Tanzania Petroleum,LPG,2026-05-05,55159
INV-66482,DISP-07174,OMC-004,Gulf Energy,HFO,2026-04-08,301032
INV-45300,DISP-04386,OMC-003,Rubis Energy,DPK,2025-01-13,223632
INV-99760,DISP-07252,OMC-014,Texol Energies,DPK,2026-01-13,33070
INV-92182,DISP-06766,OMC-002,Vivo Energy,LPG,2026-01-26," KES 164,579 "
INV-89518,DISP-00357,OMC-020,Ethiopian Oil,JETA1,2026-06-28,60923
INV-64354,DISP-06542,OMC-020,Ethiopian Oil,DPK,2025-04-19," KES 163,833 "
INV-47768,DISP-04789,OMC-009,Dalbit Petroleum,DPK,2026-03-22,285836
INV-93864,DISP-09654,OMC-010,Tamoil,JETA1,2025-04-18,27814
INV-59464,DISP-03351,OMC-010,Tamoil,AGO,2025-06-14,30999
INV-18880,DISP-01500,OMC-008,National Oil,LUB,2025-05-18,27823
INV-68828,DISP-00109,OMC-006,Hashi Energy,LUB,2026-05-28,174645
INV-61947,DISP-00045,OMC-015,Mombasa Petroleum,LPG,2025-11-04,60959
INV-43020,DISP-01601,OMC-005,PetroOil Kenya,DPK,2026-03-06,24916
INV-81280,DISP-09780,OMC-008,National Oil,LPG,2025-10-25,159881
INV-20392,DISP-09682,OMC-019,Tanzania Petroleum,LUB,23/05/2026,259785
INV-71184,DISP-09742,OMC-019,Tanzania Petroleum,DPK,2025-05-05,235751
INV-33475,DISP-03146,OMC-014,Texol Energies,AGO,2026-03-23,187440
INV-16278,DISP-09202,OMC-019,Tanzania Petroleum,PMS,2025-01-29,233780
INV-92800,DISP-09221,OMC-011,Hass Petroleum,AGO,2026-06-20,43426
INV-88560,DISP-01033,OMC-008,National Oil,PMS,2025-06-22,164425
INV-19369,DISP-03419,OMC-013,Lake Oil,JETA1,2026-05-11,190902
INV-84745,DISP-05315,OMC-010,Tamoil,LPG,2025-12-20,182314
INV-70460,DISP-03180,OMC-018,Uganda National Oil,LPG,2025-01-26,36685
INV-12410,DISP-02432,OMC-013,Lake Oil,LUB,2025-01-23,74329
INV-82344,DISP-00929,OMC-016,KPA Marine,JETA1,2026-02-05,154408
INV-15294,DISP-09998,OMC-007,Kobil,LPG,2026-01-06,140297
INV-22657,DISP-05263,OMC-018,Uganda National Oil,HFO,2025-02-20,153154
INV-63268,DISP-03789,OMC-013,Lake Oil,HFO,2025-09-13,165326
INV-76770,DISP-07718,OMC-011,Hass Petroleum,PMS,2025-05-22,115663
INV-79218,DISP-05669,OMC-002,Vivo Energy,AGO,2026-04-25,29657
INV-38071,DISP-02424,OMC-001,TotalEnergies Kenya,AGO,2025-05-24,211880
INV-71202,DISP-01535,OMC-003,Rubis Energy,DPK,2026-01-13," KES 289,677 "
INV-30383,DISP-08154,OMC-007,Kobil,AGO,2026-03-30,252610
INV-56224,DISP-09685,OMC-016,KPA Marine,DPK,2025-05-27,278147
INV-65306,DISP-07487,OMC-005,PetroOil Kenya,AGO,2026-02-05,242527
INV-27497,DISP-01483,OMC-008,National Oil,JETA1,2025-12-18,180423
INV-64834,DISP-09896,OMC-001,TotalEnergies Kenya,PMS,2025-02-02,264215
INV-94976,DISP-03599,OMC-018,Uganda National Oil,PMS,2025-11-14," KES 162,591 "
INV-15881,DISP-02795,OMC-008,National Oil,DPK,2026-06-04," KES 189,451 "
INV-99857,DISP-01753,OMC-010,Tamoil,PMS,2026-03-14,292671
INV-15377,DISP-09405,OMC-003,Rubis Energy,JETA1,2025-01-27,128108
INV-95937,DISP-07429,OMC-006,Hashi Energy,HFO,2026-04-24,144817
INV-23869,DISP-06449,OMC-001,TotalEnergies Kenya,LUB,13/01/2026,64683
INV-45498,DISP-06612,OMC-016,KPA Marine,HFO,2026-03-11,46257
INV-87468,DISP-05265,OMC-014,Texol Energies,PMS,2025-06-06,150615
INV-43663,DISP-01580,OMC-010,Tamoil,JETA1,2025-08-23,24972
INV-25993,DISP-00540,OMC-017,KAA Aviation,JETA1,2025-02-19,70490
INV-97654,DISP-04777,OMC-014,Texol Energies,LPG,2026-03-25,217775
INV-36272,DISP-06973,OMC-009,Dalbit Petroleum,HFO,2025-10-21,189779
INV-89472,DISP-09608,OMC-003,Rubis Energy,DPK,2025-03-04,48959
INV-15225,DISP-09506,OMC-003,Rubis Energy,LUB,2025-07-31,138300
INV-48614,DISP-08242,OMC-005,PetroOil Kenya,LUB,2026-03-05,25162
INV-54807,DISP-02790,OMC-014,Texol Energies,LUB,2026-04-01,275609
INV-94445,DISP-09702,OMC-009,Dalbit Petroleum,LUB,2025-05-18,97027
INV-94969,DISP-03487,OMC-006,Hashi Energy,DPK,2025-03-02,183556
INV-49080,DISP-02897,OMC-006,Hashi Energy,HFO,2025-09-29,155665
INV-33664,DISP-09655,OMC-018,Uganda National Oil,HFO,2025-08-27,183428
INV-28225,DISP-01269,OMC-013,Lake Oil,HFO,2025-03-17,47539
INV-45350,DISP-06797,OMC-001,TotalEnergies Kenya,LPG,2025-06-16,142859
INV-59905,DISP-03564,OMC-008,National Oil,DPK,16/08/2025,171676
INV-62012,DISP-03651,OMC-009,Dalbit Petroleum,LUB,2026-03-08,172499
INV-36406,DISP-07851,OMC-019,Tanzania Petroleum,PMS,2025-11-20," KES 240,384 "
INV-18233,DISP-07084,OMC-017,KAA Aviation,HFO,30/03/2025,152481
INV-75912,DISP-01652,OMC-008,National Oil,HFO,2025-07-30,169849
INV-65435,DISP-02353,OMC-019,Tanzania Petroleum,PMS,2025-01-06,61537
INV-10693,DISP-02188,OMC-006,Hashi Energy,AGO,2025-12-16,36697
INV-56054,DISP-07193,OMC-016,KPA Marine,PMS,2026-03-13,183548
INV-86940,DISP-03662,OMC-020,Ethiopian Oil,PMS,2025-05-03,181630
INV-81919,DISP-06216,OMC-007,Kobil,HFO,2026-01-23,180284
INV-13398,DISP-06109,OMC-005,PetroOil Kenya,PMS,2026-04-23,208390
INV-14143,DISP-06634,OMC-003,Rubis Energy,AGO,2025-07-15,286589
INV-12338,DISP-00841,OMC-016,KPA Marine,LPG,2026-02-01,252329
INV-13133,DISP-03066,OMC-020,Ethiopian Oil,HFO,2025-02-13,249869
INV-20982,DISP-03783,OMC-002,Vivo Energy,DPK,2026-07-03,262389
INV-46184,DISP-04070,OMC-010,Tamoil,HFO,2025-03-15,179259
INV-63302,DISP-08446,OMC-006,Hashi Energy,PMS,2025-10-16,54547
INV-72316,DISP-08427,OMC-016,KPA Marine,PMS,2026-06-03,286878
INV-78697,DISP-09508,OMC-013,Lake Oil,LPG,2025-08-11,165169
INV-60918,DISP-01705,OMC-012,Galana Energies,HFO,2026-04-09,22787
INV-63894,DISP-02562,OMC-006,Hashi Energy,LUB,2025-07-01,24867
INV-16541,DISP-09027,OMC-019,Tanzania Petroleum,DPK,2025-03-24,60159
INV-54810,DISP-03923,OMC-005,PetroOil Kenya,AGO,2026-03-09,112293
INV-24476,DISP-00731,OMC-019,Tanzania Petroleum,JETA1,2026-05-22,249256
INV-25441,DISP-08657,OMC-010,Tamoil,LUB,2026-06-28,167528
INV-89547,DISP-06326,OMC-009,Dalbit Petroleum,JETA1,2025-12-13,110310
INV-86619,DISP-01281,OMC-010,Tamoil,LPG,2025-03-02,121549
INV-40085,DISP-02545,OMC-013,Lake Oil,LPG,2025-10-24,33371
INV-32958,DISP-06883,OMC-008,National Oil,HFO,2026-02-16," KES 45,634 "
INV-67684,DISP-03544,OMC-016,KPA Marine,LUB,," KES 60,579 "
INV-80933,DISP-03045,OMC-007,Kobil,HFO,2026-02-28,33368
INV-93961,DISP-04223,OMC-006,Hashi Energy,PMS,2025-01-22,146201
INV-79879,DISP-00206,OMC-003,Rubis Energy,JETA1,2025-09-25,24529
INV-42547,DISP-00765,OMC-006,Hashi Energy,LUB,2026-04-12,243220
INV-26240,DISP-09030,OMC-014,Texol Energies,HFO,2026-03-31,188637
INV-83723,DISP-03417,OMC-001,TotalEnergies Kenya,AGO,2025-06-16,41033
INV-17140,DISP-08587,OMC-015,Mombasa Petroleum,LUB,2025-10-11,268945
INV-23680,DISP-08934,OMC-014,Texol Energies,JETA1,17/06/2025,188762
INV-13478,DISP-01621,OMC-001,TotalEnergies Kenya,AGO,2025-09-11,42257
INV-26109,DISP-00420,OMC-010,Tamoil,JETA1,2025-06-14,192037
INV-44802,DISP-08933,OMC-019,Tanzania Petroleum,JETA1,2026-05-05,48637
INV-16882,DISP-00287,OMC-005,PetroOil Kenya,HFO,2026-04-02,89630
INV-48017,DISP-08818,OMC-001,TotalEnergies Kenya,AGO,2025-05-09," KES 32,170 "
INV-31479,DISP-01111,OMC-018,Uganda National Oil,LPG,2025-06-02,26226
INV-22702,DISP-05194,OMC-002,Vivo Energy,PMS,2025-05-03,59675
INV-97832,DISP-09701,OMC-011,Hass Petroleum,HFO,2026-02-28,161425
INV-41880,DISP-06783,OMC-006,Hashi Energy,LPG,2025-09-09,23700
INV-81382,DISP-04644,OMC-009,Dalbit Petroleum,JETA1,2025-06-21,51776
INV-34900,DISP-03533,OMC-012,Galana Energies,LPG,2026-02-12,64764
INV-54359,DISP-01288,OMC-007,Kobil,JETA1,2025-05-08,274463
INV-54528,DISP-07882,OMC-008,National Oil,PMS,26/08/2025,235021
INV-56596,DISP-05549,OMC-013,Lake Oil,HFO,2025-11-14,219982
INV-13471,DISP-05069,OMC-014,Texol Energies,JETA1,2025-08-11," KES 138,241 "
INV-97156,DISP-01826,OMC-010,Tamoil,PMS,2026-04-11,122103
INV-52839,DISP-03362,OMC-010,Tamoil,AGO,2025-05-14,57557
INV-68684,DISP-08479,OMC-012,Galana Energies,LPG,2026-05-06,77061
INV-35178,DISP-02843,OMC-019,Tanzania Petroleum,HFO,2025-11-09,145469
INV-48573,DISP-02393,OMC-001,TotalEnergies Kenya,DPK,2026-05-27,224831
INV-25864,DISP-09235,OMC-014,Texol Energies,LPG,2025-07-25,94860
INV-53443,DISP-09687,OMC-019,Tanzania Petroleum,DPK,2025-04-23,99623
INV-71760,DISP-09783,OMC-010,Tamoil,JETA1,,233154
INV-43765,DISP-05128,OMC-013,Lake Oil,JETA1,2026-05-27,290937
INV-76456,DISP-00719,OMC-015,Mombasa Petroleum,AGO,,214383
INV-96127,DISP-02450,OMC-018,Uganda National Oil,DPK,2026-03-16,168243
INV-60093,DISP-08766,OMC-004,Gulf Energy,DPK,2026-04-27,57010
INV-74982,DISP-05802,OMC-006,Hashi Energy,HFO,2026-05-26,132680
INV-52512,DISP-08694,OMC-013,Lake Oil,DPK,28/03/2025,190700
INV-41369,DISP-03330,OMC-005,PetroOil Kenya,LUB,2026-04-15,197164
INV-79446,DISP-06939,OMC-004,Gulf Energy,AGO,22/04/2026,48257
INV-29992,DISP-01410,OMC-011,Hass Petroleum,DPK,2026-06-08,26955
INV-46554,DISP-00901,OMC-015,Mombasa Petroleum,JETA1,2025-02-12,54332
INV-31179,DISP-00675,OMC-015,Mombasa Petroleum,AGO,2025-02-10," KES 149,754 "
INV-51444,DISP-03671,OMC-010,Tamoil,PMS,2025-06-17,111429
INV-13828,DISP-05784,OMC-011,Hass Petroleum,LUB,2025-04-21,30124
INV-72401,DISP-00213,OMC-006,Hashi Energy,LUB,2025-12-04,267886
INV-71781,DISP-09262,OMC-007,Kobil,LPG,2025-09-19,148383
INV-30054,DISP-01200,OMC-007,Kobil,LUB,2026-01-29,64629
INV-76223,DISP-08288,OMC-017,KAA Aviation,LUB,2026-02-07,108657
INV-42821,DISP-05239,OMC-017,KAA Aviation,AGO,2026-01-05,276187
INV-65508,DISP-00435,OMC-005,PetroOil Kenya,PMS,2026-04-29,216295
INV-13859,DISP-07244,OMC-013,Lake Oil,JETA1,2025-07-24,54857
INV-35894,DISP-08534,OMC-009,Dalbit Petroleum,DPK,2025-04-06,92864
INV-55522,DISP-09972,OMC-005,PetroOil Kenya,PMS,2026-02-19,165452
INV-75752,DISP-06227,OMC-017,KAA Aviation,AGO,2025-06-14,119182
INV-50905,DISP-07620,OMC-014,Texol Energies,LUB,2026-01-10,228858
INV-99390,DISP-08162,OMC-017,KAA Aviation,HFO,2025-12-17,27283
INV-52637,DISP-01641,OMC-011,Hass Petroleum,JETA1,2026-04-03,221573
INV-81608,DISP-03380,OMC-004,Gulf Energy,LUB,2026-03-04,65347
INV-72222,DISP-09873,OMC-011,Hass Petroleum,LUB,2025-11-27,169884
INV-93651,DISP-00807,OMC-019,Tanzania Petroleum,AGO,2025-04-05,29131
INV-53266,DISP-07835,OMC-001,TotalEnergies Kenya,DPK,2025-03-18,116374
INV-27049,DISP-09932,OMC-012,Galana Energies,HFO,2026-03-14,178648
INV-27346,DISP-02137,OMC-015,Mombasa Petroleum,DPK,2025-01-26,116913
INV-77176,DISP-05432,OMC-003,Rubis Energy,PMS,2025-11-17,29161
INV-74654,DISP-02717,OMC-003,Rubis Energy,DPK,2025-08-26,121570
INV-94844,DISP-05539,OMC-004,Gulf Energy,AGO,04/03/2026,140993
INV-50104,DISP-01901,OMC-018,Uganda National Oil,JETA1,2025-08-14,91160
INV-19171,DISP-04002,OMC-005,PetroOil Kenya,DPK,2026-04-20,26147
INV-33623,DISP-06547,OMC-017,KAA Aviation,LUB,2026-04-07," KES 228,667 "
INV-35869,DISP-07790,OMC-011,Hass Petroleum,AGO,2025-04-18,142328
INV-72344,DISP-09229,OMC-016,KPA Marine,LUB,2026-02-23,49073
INV-18475,DISP-09154,OMC-017,KAA Aviation,LUB,2026-03-01,117932
INV-93088,DISP-03305,OMC-019,Tanzania Petroleum,DPK,2025-02-15,140691
INV-97573,DISP-05221,OMC-012,Galana Energies,LPG,2026-04-19,63626
INV-19799,DISP-00152,OMC-020,Ethiopian Oil,PMS,2026-05-17,253138
INV-60822,DISP-08161,OMC-013,Lake Oil,AGO,2025-04-02,263139
INV-98438,DISP-03429,OMC-012,Galana Energies,JETA1,2026-04-17,212320
INV-63271,DISP-02160,OMC-002,Vivo Energy,JETA1,2026-05-24,31776
INV-36080,DISP-08541,OMC-005,PetroOil Kenya,DPK,2026-02-20,53800
INV-13168,DISP-04757,OMC-005,PetroOil Kenya,HFO,2026-02-19,247841
INV-28678,DISP-02609,OMC-013,Lake Oil,PMS,2026-01-11,233590
INV-57041,DISP-04995,OMC-006,Hashi Energy,LPG,2026-05-22,228212
INV-22358,DISP-04761,OMC-008,National Oil,PMS,2025-01-27,31727
INV-21860,DISP-02526,OMC-003,Rubis Energy,PMS,2025-03-07,150468
INV-49418,DISP-06934,OMC-017,KAA Aviation,AGO,2026-03-19,233986
INV-32447,DISP-06496,OMC-003,Rubis Energy,PMS,2025-01-22,164834
INV-13709,DISP-05671,OMC-017,KAA Aviation,JETA1,2026-01-04,131705
INV-41325,DISP-06371,OMC-015,Mombasa Petroleum,LPG,2025-12-07,104244
INV-30534,DISP-05355,OMC-016,KPA Marine,PMS,2025-05-15,25162
INV-83075,DISP-04093,OMC-013,Lake Oil,LPG,2026-06-16,268235
INV-56393,DISP-04699,OMC-008,National Oil,LPG,2026-03-09,50446
INV-66580,DISP-00827,OMC-004,Gulf Energy,LPG,2026-03-27,131750
INV-38065,DISP-02057,OMC-001,TotalEnergies Kenya,HFO,2026-05-06,94406
INV-61314,DISP-03828,OMC-012,Galana Energies,DPK,2026-03-03,193652
INV-13231,DISP-02740,OMC-007,Kobil,JETA1,2025-12-29,225418
INV-49832,DISP-03981,OMC-010,Tamoil,DPK,2025-03-20,26914
INV-51347,DISP-05580,OMC-010,Tamoil,JETA1,2025-01-29,21564
INV-66032,DISP-08200,OMC-014,Texol Energies,HFO,2025-08-31,34566
INV-32938,DISP-09267,OMC-015,Mombasa Petroleum,AGO,2025-12-15,57903
INV-85543,DISP-09288,OMC-019,Tanzania Petroleum,HFO,2025-06-14,49772
INV-41185,DISP-06129,OMC-010,Tamoil,HFO,2025-04-19,187095
INV-31306,DISP-05474,OMC-010,Tamoil,HFO,2026-03-18,26036
INV-40804,DISP-03987,OMC-019,Tanzania Petroleum,AGO,2025-07-16,186875
INV-78599,DISP-01333,OMC-002,Vivo Energy,DPK,2026-05-12,168185
INV-95032,DISP-07273,OMC-004,Gulf Energy,LPG,2026-04-08,29470
INV-32641,DISP-07132,OMC-019,Tanzania Petroleum,PMS,2026-06-29,119541
INV-64046,DISP-00688,OMC-009,Dalbit Petroleum,JETA1,,47958
INV-41534,DISP-05063,OMC-008,National Oil,PMS,2025-06-03,119090
INV-30508,DISP-06105,OMC-015,Mombasa Petroleum,PMS,2026-06-12,83164
INV-80523,DISP-04477,OMC-019,Tanzania Petroleum,HFO,2025-10-30,165784
INV-48367,DISP-01085,OMC-018,Uganda National Oil,PMS,2025-04-10,185266
INV-83604,DISP-06923,OMC-008,National Oil,JETA1,,199855
INV-41939,DISP-03697,OMC-007,Kobil,LUB,2025-06-27,225285
INV-80329,DISP-01315,OMC-016,KPA Marine,JETA1,2025-09-10,141650
INV-75670,DISP-08018,OMC-019,Tanzania Petroleum,LPG,2025-11-12,123425
INV-83340,DISP-08773,OMC-012,Galana Energies,JETA1,2026-03-10,171366
INV-92588,DISP-02156,OMC-003,Rubis Energy,PMS,2026-01-26,126772
INV-25189,DISP-06138,OMC-020,Ethiopian Oil,LPG,2026-06-25,23287
INV-35287,DISP-05289,OMC-010,Tamoil,PMS,2025-09-30,97469
INV-38782,DISP-01376,OMC-013,Lake Oil,LUB,2026-07-05,28278
INV-54869,DISP-08673,OMC-011,Hass Petroleum,AGO,,278218
INV-42599,DISP-08525,OMC-004,Gulf Energy,DPK,2026-05-05,23111
INV-95457,DISP-07434,OMC-017,KAA Aviation,AGO,2025-04-10,257453
INV-66766,DISP-03963,OMC-006,Hashi Energy,LPG,2026-01-19,31028
INV-15514,DISP-06323,OMC-008,National Oil,PMS,,56665
INV-46315,DISP-03366,OMC-003,Rubis Energy,LPG,2025-03-31,28234
INV-66606,DISP-03493,OMC-001,TotalEnergies Kenya,PMS,2026-02-06,42282
INV-73083,DISP-09624,OMC-009,Dalbit Petroleum,HFO,2025-03-14,82286
INV-40765,DISP-04224,OMC-003,Rubis Energy,LUB,," KES 23,860 "
INV-66568,DISP-06306,OMC-006,Hashi Energy,JETA1,27/11/2025,33433
INV-12005,DISP-07781,OMC-008,National Oil,DPK,2025-01-06,112119
INV-40301,DISP-08056,OMC-012,Galana Energies,DPK,2026-02-06,111073
INV-60009,DISP-06179,OMC-005,PetroOil Kenya,AGO,2026-04-08,179451
INV-37798,DISP-09921,OMC-001,TotalEnergies Kenya,JETA1,2026-01-01,210932
INV-39977,DISP-03686,OMC-008,National Oil,HFO,2026-01-21,240134
INV-82118,DISP-05701,OMC-004,Gulf Energy,LPG,2026-04-03,31037
INV-90435,DISP-08046,OMC-005,PetroOil Kenya,JETA1,2026-03-22,267311
INV-14845,DISP-02599,OMC-011,Hass Petroleum,HFO,2025-05-14,75977
INV-83686,DISP-07577,OMC-015,Mombasa Petroleum,JETA1,2025-03-07,102491
INV-59063,DISP-05040,OMC-012,Galana Energies,JETA1,2026-04-23,199708
INV-55421,DISP-07664,OMC-015,Mombasa Petroleum,HFO,2025-05-20,122848
INV-88626,DISP-06705,OMC-007,Kobil,AGO,2026-03-29,104607
INV-90810,DISP-09874,OMC-013,Lake Oil,JETA1,2026-05-29,160237
INV-17468,DISP-04799,OMC-005,PetroOil Kenya,LUB,2026-03-16,118931
INV-77443,DISP-08837,OMC-018,Uganda National Oil,HFO,2025-03-31,21975
INV-85797,DISP-03532,OMC-010,Tamoil,AGO,10/06/2025,213238
INV-35597,DISP-07637,OMC-001,TotalEnergies Kenya,AGO,2025-08-19,195609
INV-49762,DISP-00850,OMC-009,Dalbit Petroleum,PMS,2025-07-10,149626
INV-57460,DISP-03692,OMC-010,Tamoil,AGO,2025-10-20,203207
INV-79750,DISP-08173,OMC-016,KPA Marine,AGO,2025-05-24," KES 108,005 "
INV-54084,DISP-08094,OMC-010,Tamoil,HFO,2026-02-03,130374
INV-19326,DISP-08851,OMC-014,Texol Energies,JETA1,2025-06-25,204510
INV-60057,DISP-00795,OMC-015,Mombasa Petroleum,AGO,2025-12-07,35190
INV-44531,DISP-04970,OMC-009,Dalbit Petroleum,JETA1,2026-04-11,44466
INV-12556,DISP-01913,OMC-019,Tanzania Petroleum,DPK,2025-04-17,27244
INV-75296,DISP-07826,OMC-002,Vivo Energy,JETA1,2025-08-28,146587
INV-37240,DISP-00036,OMC-010,Tamoil,DPK,2025-05-06,43052
INV-87332,DISP-05765,OMC-018,Uganda National Oil,JETA1,2025-12-17,155936
INV-15721,DISP-02451,OMC-010,Tamoil,DPK,2026-04-01,118913
INV-87869,DISP-03267,OMC-020,Ethiopian Oil,LPG,2025-11-17,46921
INV-59401,DISP-00373,OMC-011,Hass Petroleum,DPK,2025-02-06,248412
INV-24281,DISP-05603,OMC-005,PetroOil Kenya,PMS,2026-04-08,224976
INV-71253,DISP-04702,OMC-002,Vivo Energy,LUB,2025-04-12,141867
INV-80175,DISP-08775,OMC-015,Mombasa Petroleum,PMS,2026-06-03,45237
INV-89411,DISP-06515,OMC-017,KAA Aviation,PMS,2026-02-06,30762
INV-45793,DISP-04420,OMC-014,Texol Energies,HFO,2025-01-27,212230
INV-10184,DISP-04603,OMC-010,Tamoil,JETA1,2025-08-31,210932
INV-81138,DISP-03967,OMC-017,KAA Aviation,AGO,2025-10-17,42388
INV-16052,DISP-02222,OMC-006,Hashi Energy,DPK,2025-05-05,249066
INV-57021,DISP-04134,OMC-004,Gulf Energy,PMS,2026-03-10,102819
INV-25987,DISP-05361,OMC-006,Hashi Energy,DPK,2025-11-28,201990
INV-59714,DISP-07921,OMC-009,Dalbit Petroleum,HFO,2025-11-23,42352
INV-44360,DISP-02440,OMC-020,Ethiopian Oil,LPG,2025-06-22,154041
INV-92334,DISP-07301,OMC-009,Dalbit Petroleum,JETA1,,61248
INV-81772,DISP-08922,OMC-015,Mombasa Petroleum,LUB,2025-05-29," KES 157,739 "
INV-11211,DISP-02506,OMC-005,PetroOil Kenya,JETA1,2026-03-14,212376
INV-21512,DISP-06309,OMC-001,TotalEnergies Kenya,LUB,,162032
INV-26457,DISP-04062,OMC-013,Lake Oil,JETA1,2025-03-14," KES 45,750 "
INV-77125,DISP-03196,OMC-006,Hashi Energy,AGO,2025-03-14,26689
INV-80932,DISP-08527,OMC-003,Rubis Energy,PMS,2025-11-14,171333
INV-62987,DISP-01135,OMC-018,Uganda National Oil,DPK,2025-06-03,162345
INV-73839,DISP-07346,OMC-003,Rubis Energy,PMS,2026-01-24,262236
INV-85950,DISP-08145,OMC-007,Kobil,AGO,2026-06-29,117303
INV-84703,DISP-08131,OMC-010,Tamoil,HFO,2025-11-24,45794
INV-18383,DISP-01702,OMC-006,Hashi Energy,AGO,2025-05-31,118506
INV-98655,DISP-08157,OMC-009,Dalbit Petroleum,HFO,2025-10-14," KES 140,784 "
INV-63208,DISP-02660,OMC-011,Hass Petroleum,HFO,2026-05-15,210659
INV-78426,DISP-03370,OMC-019,Tanzania Petroleum,JETA1,2025-08-11,139785
INV-30916,DISP-07816,OMC-017,KAA Aviation,LUB,2025-02-08,155274
INV-53668,DISP-07288,OMC-011,Hass Petroleum,PMS,2025-06-17,198806
INV-57180,DISP-05980,OMC-001,TotalEnergies Kenya,DPK,2025-07-05,251703
INV-75798,DISP-06262,OMC-008,National Oil,JETA1,2026-02-06,23176
INV-72400,DISP-08977,OMC-008,National Oil,DPK,2026-06-08,33155
INV-56719,DISP-07466,OMC-014,Texol Energies,LPG,2025-11-17,26647
INV-13772,DISP-00659,OMC-014,Texol Energies,LUB,2026-01-22,260157
INV-45483,DISP-02832,OMC-007,Kobil,HFO,2025-06-27," KES 190,179 "
INV-53943,DISP-05871,OMC-008,National Oil,LUB,2026-07-02,184189
INV-59256,DISP-08349,OMC-019,Tanzania Petroleum,PMS,2025-01-23,31032
INV-85166,DISP-00686,OMC-001,TotalEnergies Kenya,AGO,2025-01-31,291588
INV-79936,DISP-02427,OMC-020,Ethiopian Oil,AGO,2026-01-19,27210
INV-11528,DISP-01692,OMC-006,Hashi Energy,AGO,2026-06-21,193820
INV-64163,DISP-02784,OMC-002,Vivo Energy,HFO,19/09/2025,54026
INV-80652,DISP-03919,OMC-013,Lake Oil,HFO,2025-10-11,31649
INV-13726,DISP-02089,OMC-013,Lake Oil,LPG,05/11/2025,60351
INV-97396,DISP-00724,OMC-014,Texol Energies,LPG,2025-04-13,136069
INV-77454,DISP-05104,OMC-009,Dalbit Petroleum,DPK,2025-10-16,132135
INV-76066,DISP-05135,OMC-013,Lake Oil,DPK,2025-05-07,50888
INV-93499,DISP-05060,OMC-008,National Oil,AGO,2026-01-02,42139
INV-81369,DISP-06977,OMC-014,Texol Energies,DPK,2025-11-25,167131
INV-22249,DISP-08642,OMC-017,KAA Aviation,PMS,,174320
INV-23777,DISP-04903,OMC-010,Tamoil,HFO,2025-04-07,98170
INV-53659,DISP-07442,OMC-019,Tanzania Petroleum,LPG,,28784
INV-75346,DISP-02753,OMC-004,Gulf Energy,HFO,2026-04-02,81850
INV-29790,DISP-09042,OMC-008,National Oil,JETA1,2025-10-21,252402
INV-13454,DISP-01370,OMC-008,National Oil,LUB,2025-08-22,29197
INV-75003,DISP-01975,OMC-007,Kobil,LUB,2026-04-06,158008
INV-89928,DISP-00771,OMC-004,Gulf Energy,AGO,2026-03-09,278917
INV-53302,DISP-06218,OMC-016,KPA Marine,JETA1,10/03/2026,166663
INV-67363,DISP-09770,OMC-014,Texol Energies,AGO,2025-04-05," KES 117,308 "
INV-84344,DISP-00878,OMC-004,Gulf Energy,JETA1,2026-04-07,432305
INV-65625,DISP-05021,OMC-008,National Oil,LPG,2025-08-29,46102
INV-61649,DISP-00527,OMC-014,Texol Energies,DPK,2025-07-11," KES 25,710 "
INV-27660,DISP-01084,OMC-005,PetroOil Kenya,LUB,2026-02-12,30827
INV-85019,DISP-04471,OMC-015,Mombasa Petroleum,LPG,,147356
INV-71123,DISP-03464,OMC-016,KPA Marine,AGO,22/12/2025,30538
INV-96392,DISP-07997,OMC-006,Hashi Energy,PMS,2026-03-23,154216
INV-64310,DISP-03027,OMC-007,Kobil,JETA1,2025-03-02,119688
INV-78719,DISP-07328,OMC-011,Hass Petroleum,LPG,2025-01-06,122838
INV-71245,DISP-05309,OMC-007,Kobil,LUB,2025-01-16,141273
INV-97456,DISP-00896,OMC-014,Texol Energies,AGO,2025-01-31,125967
INV-95581,DISP-03602,OMC-017,KAA Aviation,JETA1,2025-06-04,212332
INV-72261,DISP-09643,OMC-014,Texol Energies,HFO,2026-02-02,182478
INV-75778,DISP-06445,OMC-019,Tanzania Petroleum,HFO,2025-11-15,229388
INV-82313,DISP-08788,OMC-017,KAA Aviation,DPK,2026-04-27,57158
INV-78203,DISP-01180,OMC-012,Galana Energies,HFO,2026-04-23,146257
INV-75036,DISP-07849,OMC-018,Uganda National Oil,HFO,17/08/2025,48301
INV-88205,DISP-04047,OMC-019,Tanzania Petroleum,LPG,2026-06-01," KES 150,540 "
INV-11256,DISP-01841,OMC-009,Dalbit Petroleum,LUB,2025-06-12," KES 72,155 "
INV-53210,DISP-08043,OMC-005,PetroOil Kenya,LUB,2026-03-03,203136
INV-31621,DISP-09847,OMC-007,Kobil,JETA1,2026-03-21,285102
INV-30788,DISP-00973,OMC-008,National Oil,PMS,2025-03-23,61535
INV-56513,DISP-00645,OMC-011,Hass Petroleum,AGO,2025-03-03,203868
INV-66661,DISP-04654,OMC-009,Dalbit Petroleum,LUB,2025-05-29,177359
INV-20669,DISP-03795,OMC-010,Tamoil,HFO,2025-12-03,268351
INV-57040,DISP-05716,OMC-020,Ethiopian Oil,AGO,2026-06-25,91416
INV-15585,DISP-06560,OMC-005,PetroOil Kenya,JETA1,2026-05-01,123998
INV-47162,DISP-05003,OMC-018,Uganda National Oil,PMS,2026-03-04,40034
INV-36008,DISP-09773,OMC-001,TotalEnergies Kenya,LPG,2026-01-26,171345
INV-43863,DISP-09536,OMC-004,Gulf Energy,LUB,2026-03-19,232002
INV-64283,DISP-06015,OMC-010,Tamoil,JETA1,2025-04-05,101791
INV-13884,DISP-03771,OMC-010,Tamoil,LUB,2025-12-17,61182
INV-15912,DISP-00119,OMC-015,Mombasa Petroleum,JETA1,2025-09-06,266560
INV-10912,DISP-03753,OMC-005,PetroOil Kenya,DPK,2026-05-05,150281
INV-30027,DISP-06760,OMC-006,Hashi Energy,PMS,2025-06-13,265888
INV-92088,DISP-07838,OMC-003,Rubis Energy,AGO,,57995
INV-56086,DISP-08209,OMC-010,Tamoil,AGO,2025-10-09," KES 156,538 "
INV-83794,DISP-07334,OMC-013,Lake Oil,LPG,2025-08-07,229209
INV-26194,DISP-01231,OMC-014,Texol Energies,DPK,2025-12-21,103025
INV-27909,DISP-08928,OMC-007,Kobil,JETA1,2025-06-15,214137
INV-40294,DISP-09760,OMC-016,KPA Marine,HFO,2026-02-15,286404
INV-79455,DISP-00997,OMC-018,Uganda National Oil,JETA1,2025-03-18,290894
INV-22059,DISP-01498,OMC-015,Mombasa Petroleum,LUB,2025-07-10,118950
INV-31889,DISP-09946,OMC-011,Hass Petroleum,PMS,2025-12-04,193243
INV-72404,DISP-07708,OMC-012,Galana Energies,DPK,,155219
INV-39452,DISP-09340,OMC-007,Kobil,HFO,2025-01-27,38832
INV-54656,DISP-01433,OMC-003,Rubis Energy,PMS,2025-07-15,42023
INV-33933,DISP-05313,OMC-002,Vivo Energy,LPG,2026-07-06,37691
INV-77832,DISP-00360,OMC-011,Hass Petroleum,DPK,2025-06-18,42494
INV-39065,DISP-06014,OMC-019,Tanzania Petroleum,LUB,2026-03-24,100412
INV-56394,DISP-02364,OMC-005,PetroOil Kenya,LPG,,193983
INV-63916,DISP-08322,OMC-002,Vivo Energy,LUB,2026-01-15,27266
INV-15125,DISP-07238,OMC-012,Galana Energies,JETA1,2026-02-19," KES 242,507 "
INV-40041,DISP-08535,OMC-007,Kobil,DPK,2026-04-11,216579
INV-35054,DISP-08890,OMC-013,Lake Oil,HFO,05/02/2025,26325
INV-70911,DISP-08236,OMC-006,Hashi Energy,LPG,2025-10-19,172130
INV-86617,DISP-02866,OMC-003,Rubis Energy,LPG,2025-08-25,32360
INV-25268,DISP-07813,OMC-001,TotalEnergies Kenya,JETA1,20/04/2025,49489
INV-97596,DISP-09802,OMC-012,Galana Energies,LUB,2026-03-01,22047
INV-44262,DISP-06492,OMC-005,PetroOil Kenya,LPG,2026-02-19,63451
INV-85468,DISP-04450,OMC-008,National Oil,LUB,2025-11-14,97492
INV-62481,DISP-09595,OMC-017,KAA Aviation,AGO,2026-04-23,77497
INV-88186,DISP-06627,OMC-010,Tamoil,PMS,2025-01-06,240446
INV-84307,DISP-07886,OMC-016,KPA Marine,JETA1,2026-04-11,266750
INV-60495,DISP-05490,OMC-001,TotalEnergies Kenya,PMS,2025-03-27,73884
INV-48053,DISP-01399,OMC-004,Gulf Energy,LUB,2026-04-01," KES 60,860 "
INV-40639,DISP-05788,OMC-002,Vivo Energy,DPK,2025-03-31,21441
INV-41736,DISP-09421,OMC-012,Galana Energies,JETA1,2026-04-19,65912
INV-73447,DISP-07698,OMC-018,Uganda National Oil,PMS,2026-03-26,254327
INV-66841,DISP-08932,OMC-010,Tamoil,LUB,2025-01-21,22879
INV-51347,DISP-05580,OMC-010,Tamoil,JETA1,2025-01-29,21564
INV-76469,DISP-05554,OMC-015,Mombasa Petroleum,LPG,2025-07-01,156383
INV-25000,DISP-04050,OMC-014,Texol Energies,HFO,2025-06-21,267637
INV-20801,DISP-08053,OMC-011,Hass Petroleum,JETA1,2025-08-30,190762
INV-49156,DISP-08464,OMC-016,KPA Marine,PMS,2025-12-11,122629
INV-62674,DISP-05420,OMC-019,Tanzania Petroleum,LPG,2025-04-23,161075
INV-93657,DISP-03345,OMC-003,Rubis Energy,LUB,2026-06-27,188807
INV-82838,DISP-09689,OMC-004,Gulf Energy,PMS,2026-04-22,155610
INV-31832,DISP-08945,OMC-014,Texol Energies,AGO,2025-04-13,43601
INV-95891,DISP-03778,OMC-013,Lake Oil,DPK,2025-08-20,106396
INV-79041,DISP-06312,OMC-014,Texol Energies,AGO,2026-04-15,219908
INV-39397,DISP-08307,OMC-003,Rubis Energy,DPK,2026-06-26,84056
INV-10114,DISP-00210,OMC-009,Dalbit Petroleum,PMS,2025-03-08,47667
INV-58116,DISP-05536,OMC-015,Mombasa Petroleum,JETA1,2025-03-22,152350
INV-32888,DISP-08440,OMC-015,Mombasa Petroleum,HFO,2025-08-01,27756
INV-90491,DISP-01299,OMC-008,National Oil,LUB,2025-01-15,292725
INV-43009,DISP-01011,OMC-005,PetroOil Kenya,HFO,2026-03-29,103411
INV-26037,DISP-01990,OMC-008,National Oil,AGO,2025-10-17,37773
INV-34936,DISP-00421,OMC-008,National Oil,AGO,2025-09-16,275014
INV-77014,DISP-08014,OMC-011,Hass Petroleum,LPG,2025-06-02,202102
INV-76862,DISP-09938,OMC-008,National Oil,LPG,2025-06-17,162454
INV-23546,DISP-05129,OMC-017,KAA Aviation,DPK,2025-10-28,59173
INV-18543,DISP-09665,OMC-009,Dalbit Petroleum,LUB,2025-10-08,130350
INV-43299,DISP-03444,OMC-020,Ethiopian Oil,PMS,2025-04-26,253537
INV-16823,DISP-00402,OMC-011,Hass Petroleum,JETA1,2025-09-24,208039
INV-20711,DISP-03144,OMC-009,Dalbit Petroleum,AGO,2025-01-15,138440
INV-52625,DISP-08135,OMC-008,National Oil,JETA1,2025-10-17,107327
INV-26069,DISP-04720,OMC-016,KPA Marine,LPG,2025-01-24,39930
INV-13229,DISP-04645,OMC-007,Kobil,PMS,2026-07-03,170844
INV-43488,DISP-02326,OMC-005,PetroOil Kenya,JETA1,2026-03-11,188416
INV-64748,DISP-00877,OMC-016,KPA Marine,JETA1,2026-04-25,273757
INV-79904,DISP-07460,OMC-013,Lake Oil,PMS,2025-07-18,135489
INV-48298,DISP-03318,OMC-014,Texol Energies,DPK,2025-11-12,184690
INV-47927,DISP-00055,OMC-010,Tamoil,JETA1,2025-11-07,115589
INV-69967,DISP-04273,OMC-013,Lake Oil,LPG,2026-04-15,163256
INV-43754,DISP-09539,OMC-007,Kobil,JETA1,2025-07-01,96331
INV-47922,DISP-06482,OMC-020,Ethiopian Oil,HFO,2026-06-05,182803
INV-95196,DISP-04103,OMC-016,KPA Marine,AGO,2025-03-03,154719
INV-69414,DISP-09106,OMC-003,Rubis Energy,PMS,2025-02-09,192098
INV-37509,DISP-08475,OMC-020,Ethiopian Oil,AGO,2025-04-21,35181
INV-54631,DISP-01967,OMC-011,Hass Petroleum,DPK,2025-03-29,27533
INV-26923,DISP-09444,OMC-015,Mombasa Petroleum,AGO,2025-02-05,176636
INV-80105,DISP-04638,OMC-010,Tamoil,AGO,2025-08-05,58575
INV-43804,DISP-04831,OMC-017,KAA Aviation,PMS,2026-03-26,177499
INV-79322,DISP-03845,OMC-004,Gulf Energy,HFO,21/02/2026,50206
INV-59601,DISP-05102,OMC-003,Rubis Energy,DPK,22/04/2025," KES 243,652 "
INV-58669,DISP-06842,OMC-007,Kobil,HFO,2026-05-09,216039
INV-96484,DISP-03921,OMC-001,TotalEnergies Kenya,DPK,2026-03-09,154798
INV-50581,DISP-04725,OMC-005,PetroOil Kenya,LPG,2026-02-12,48550
INV-87319,DISP-04928,OMC-001,TotalEnergies Kenya,LPG,2026-02-03,263278
INV-18813,DISP-04376,OMC-014,Texol Energies,AGO,2025-10-29,43102
INV-80394,DISP-05179,OMC-012,Galana Energies,DPK,2026-04-27,33288
INV-52688,DISP-01863,OMC-008,National Oil,JETA1,2025-05-10,122657
INV-50792,DISP-01911,OMC-011,Hass Petroleum,DPK,2025-08-12,147272
INV-47493,DISP-01906,OMC-010,Tamoil,LPG,2025-06-25,251269
INV-28160,DISP-07336,OMC-015,Mombasa Petroleum,HFO,2026-03-07,47625
INV-29996,DISP-07681,OMC-001,TotalEnergies Kenya,PMS,2025-01-22,30970
INV-71375,DISP-09787,OMC-006,Hashi Energy,DPK,2025-10-05,228873
INV-97844,DISP-04286,OMC-008,National Oil,DPK,2026-07-03,170367
INV-97884,DISP-02101,OMC-020,Ethiopian Oil,PMS,2026-04-11,129749
INV-54989,DISP-02987,OMC-005,PetroOil Kenya,LUB,2026-03-09," KES 231,505 "
INV-64880,DISP-02886,OMC-010,Tamoil,LPG,2025-07-17,193368
INV-67709,DISP-08195,OMC-015,Mombasa Petroleum,LUB,2026-04-01,203448
INV-58480,DISP-08771,OMC-001,TotalEnergies Kenya,DPK,2026-04-08,296004
INV-36547,DISP-06079,OMC-005,PetroOil Kenya,AGO,2026-02-20,146437
INV-82488,DISP-06364,OMC-010,Tamoil,AGO,2025-01-06,173244
INV-26824,DISP-08839,OMC-001,TotalEnergies Kenya,LPG,2025-04-12,100944
INV-12879,DISP-08373,OMC-001,TotalEnergies Kenya,JETA1,2026-01-09,30783
INV-97717,DISP-00353,OMC-006,Hashi Energy,DPK,2025-11-26,229398
INV-79186,DISP-02569,OMC-010,Tamoil,LUB,2025-10-20,102595
INV-38343,DISP-02499,OMC-003,Rubis Energy,JETA1,2025-12-15,137519
INV-56507,DISP-03835,OMC-012,Galana Energies,LUB,2026-04-08,247513
INV-22108,DISP-06602,OMC-011,Hass Petroleum,HFO,2025-08-05,227563
INV-78448,DISP-09351,OMC-019,Tanzania Petroleum,DPK,2025-09-12,38543
INV-30613,DISP-08119,OMC-007,Kobil,DPK,2026-07-08,93353
INV-75395,DISP-02879,OMC-018,Uganda National Oil,PMS,2025-07-01,202661
INV-89878,DISP-04975,OMC-004,Gulf Energy,LUB,2026-02-19,21714
INV-93617,DISP-04680,OMC-006,Hashi Energy,DPK,2025-04-28,94770
INV-59361,DISP-08943,OMC-019,Tanzania Petroleum,LPG,2026-02-04,308912
INV-62793,DISP-06599,OMC-003,Rubis Energy,AGO,2025-09-07,49183
INV-66315,DISP-03412,OMC-002,Vivo Energy,DPK,2026-02-25,149936
INV-56354,DISP-03683,OMC-013,Lake Oil,AGO,2026-01-30,52396
INV-70670,DISP-04036,OMC-011,Hass Petroleum,AGO,,153506
INV-48573,DISP-04030,OMC-010,Tamoil,JETA1,2025-11-04,184789
INV-23175,DISP-01520,OMC-009,Dalbit Petroleum,HFO,2025-04-05,162877
INV-66038,DISP-00810,OMC-002,Vivo Energy,LPG,2026-01-31,102449
INV-87807,DISP-02476,OMC-005,PetroOil Kenya,PMS,2026-04-20,102802
INV-30443,DISP-08939,OMC-005,PetroOil Kenya,LPG,2026-03-29,34894
INV-53497,DISP-05414,OMC-010,Tamoil,LPG,2025-06-18,143145
INV-22315,DISP-04651,OMC-012,Galana Energies,AGO,2026-04-14,127638
INV-48572,DISP-05682,OMC-019,Tanzania Petroleum,AGO,2026-01-18,121789
INV-70030,DISP-05747,OMC-016,KPA Marine,LPG,2025-04-26,136872
INV-20997,DISP-06361,OMC-008,National Oil,HFO,2025-08-03,27512
INV-92027,DISP-03309,OMC-013,Lake Oil,LPG,2025-11-02,124692
INV-35087,DISP-04672,OMC-020,Ethiopian Oil,PMS,2025-03-14,52628
INV-62596,DISP-08509,OMC-002,Vivo Energy,LPG,2025-06-14,57285
INV-89330,DISP-05203,OMC-002,Vivo Energy,DPK,2026-04-16," KES 37,416 "
INV-70923,DISP-05249,OMC-010,Tamoil,LPG,2026-04-23,259358
INV-29611,DISP-02083,OMC-017,KAA Aviation,HFO,2025-12-02,214165
INV-63793,DISP-09923,OMC-011,Hass Petroleum,JETA1,2025-11-12,168994
INV-54949,DISP-07422,OMC-013,Lake Oil,JETA1,2025-11-08,96907
INV-38751,DISP-00643,OMC-008,National Oil,HFO,2025-11-05,32559
INV-80451,DISP-07283,OMC-001,TotalEnergies Kenya,JETA1,2025-05-25,52263
INV-73033,DISP-09838,OMC-010,Tamoil,HFO,2025-12-25,96195
INV-18993,DISP-02200,OMC-002,Vivo Energy,PMS,2025-01-15,46882
INV-93956,DISP-03024,OMC-016,KPA Marine,LPG,2026-05-24,119455
INV-97575,DISP-02294,OMC-017,KAA Aviation,AGO,2025-07-24,260272
INV-19441,DISP-07148,OMC-013,Lake Oil,HFO,2025-06-03,58987
INV-87004,DISP-03655,OMC-015,Mombasa Petroleum,PMS,2025-10-09,235737
INV-57903,DISP-05123,OMC-015,Mombasa Petroleum,HFO,21/07/2025,168394
INV-37048,DISP-06587,OMC-008,National Oil,HFO,29/07/2025,104422
INV-45716,DISP-09510,OMC-017,KAA Aviation,HFO,2026-06-18,142385
INV-81762,DISP-02213,OMC-013,Lake Oil,DPK,2025-01-25,236225
INV-11149,DISP-01168,OMC-008,National Oil,LUB,2025-05-19,124548
INV-45596,DISP-08723,OMC-013,Lake Oil,LPG,2025-06-11,141778
INV-55194,DISP-00703,OMC-011,Hass Petroleum,LUB,2026-03-24,308688
INV-63993,DISP-01154,OMC-009,Dalbit Petroleum,DPK,2025-12-15,41600
INV-63849,DISP-04929,OMC-014,Texol Energies,AGO,2026-04-03,189005
INV-46582,DISP-08824,OMC-007,Kobil,DPK,2026-05-08,163419
INV-46100,DISP-03810,OMC-010,Tamoil,PMS,2026-02-03,266515
INV-40417,DISP-00140,OMC-013,Lake Oil,AGO,2026-01-25,179984
INV-96095,DISP-09875,OMC-001,TotalEnergies Kenya,HFO,2026-06-26,47098
INV-42724,DISP-08746,OMC-009,Dalbit Petroleum,HFO,2026-02-09,165041
INV-89519,DISP-02981,OMC-004,Gulf Energy,DPK,,295483
INV-21507,DISP-02414,OMC-014,Texol Energies,LUB,2026-04-18,55638
INV-41774,DISP-03834,OMC-002,Vivo Energy,DPK,2025-06-13,21668
INV-28696,DISP-01373,OMC-001,TotalEnergies Kenya,PMS,2026-02-23,245730
INV-91734,DISP-07914,OMC-015,Mombasa Petroleum,JETA1,2025-06-29,35214
INV-19839,DISP-02351,OMC-001,TotalEnergies Kenya,LPG,2026-04-29,41069
INV-41743,DISP-01384,OMC-001,TotalEnergies Kenya,LUB,2025-02-21,111619
INV-44976,DISP-06214,OMC-008,National Oil,LUB,2025-05-08,171986
INV-27878,DISP-01960,OMC-009,Dalbit Petroleum,AGO,2025-08-25,34542
INV-46842,DISP-08796,OMC-006,Hashi Energy,AGO,2026-05-16,300174
INV-38965,DISP-06078,OMC-013,Lake Oil,JETA1,2025-10-04,80739
INV-89675,DISP-02346,OMC-015,Mombasa Petroleum,LUB,07/02/2025,130448
INV-63126,DISP-05854,OMC-020,Ethiopian Oil,DPK,2025-05-15,118242
INV-56323,DISP-03431,OMC-020,Ethiopian Oil,DPK,2025-05-22,37873
INV-84102,DISP-08728,OMC-004,Gulf Energy,LPG,2026-03-26,283580
INV-68903,DISP-04421,OMC-011,Hass Petroleum,HFO,2026-06-20,105780
INV-78409,DISP-06374,OMC-019,Tanzania Petroleum,LUB,2025-08-08,94410
INV-68343,DISP-03755,OMC-013,Lake Oil,LUB,2025-12-08,263910
INV-48807,DISP-01699,OMC-015,Mombasa Petroleum,DPK,2025-06-15,32086
INV-38947,DISP-05491,OMC-015,Mombasa Petroleum,LPG,2025-07-03," KES 176,638 "
INV-46625,DISP-08380,OMC-012,Galana Energies,PMS,2026-02-24,295416
INV-88627,DISP-01533,OMC-010,Tamoil,JETA1,2026-05-17,292275
INV-68118,DISP-09958,OMC-016,KPA Marine,AGO,2025-05-30,99282
INV-74362,DISP-02614,OMC-009,Dalbit Petroleum,DPK,2026-02-11,57751
INV-42676,DISP-01128,OMC-013,Lake Oil,LUB,2025-04-29,48059
INV-32280,DISP-06427,OMC-013,Lake Oil,AGO,2025-03-25,225820
INV-14152,DISP-01434,OMC-016,KPA Marine,LUB,2025-05-27,176284
INV-41453,DISP-01577,OMC-018,Uganda National Oil,HFO,2026-02-18,28469
INV-45845,DISP-01413,OMC-017,KAA Aviation,PMS,2026-05-28,50880
INV-50039,DISP-09761,OMC-007,Kobil,DPK,2026-06-15,189428
INV-16658,DISP-07791,OMC-015,Mombasa Petroleum,LPG,2025-03-23,57054
INV-61709,DISP-01689,OMC-003,Rubis Energy,DPK,,275142
INV-62211,DISP-09343,OMC-017,KAA Aviation,LUB,2025-08-26,192197
INV-13062,DISP-07256,OMC-012,Galana Energies,HFO,2026-02-25,135584
INV-78421,DISP-05970,OMC-005,PetroOil Kenya,LUB,2026-04-27," KES 147,947 "
INV-57268,DISP-04818,OMC-013,Lake Oil,LUB,2025-04-17,93524
INV-48448,DISP-09442,OMC-001,TotalEnergies Kenya,HFO,2025-11-29,50656
INV-66305,DISP-04336,OMC-019,Tanzania Petroleum,LPG,2026-01-17,118116
INV-74770,DISP-00344,OMC-014,Texol Energies,LPG,2026-01-15,55236
INV-51380,DISP-09115,OMC-020,Ethiopian Oil,DPK,2025-05-31,54479
INV-48146,DISP-05082,OMC-006,Hashi Energy,LUB,2026-05-02,27392
INV-19424,DISP-04939,OMC-005,PetroOil Kenya,LPG,2026-03-20,56060
INV-38377,DISP-05029,OMC-013,Lake Oil,HFO,05/10/2025,141258
INV-47364,DISP-04790,OMC-007,Kobil,AGO,2025-06-07,234051
INV-32162,DISP-09584,OMC-005,PetroOil Kenya,LUB,2026-02-17,207448
INV-68885,DISP-01109,OMC-014,Texol Energies,JETA1,2025-01-26,258093
INV-70018,DISP-07286,OMC-014,Texol Energies,JETA1,2025-11-01,145134
INV-73590,DISP-09616,OMC-015,Mombasa Petroleum,JETA1,2025-08-07,115410
INV-21663,DISP-08910,OMC-019,Tanzania Petroleum,PMS,2026-04-14,37610
INV-33790,DISP-03422,OMC-015,Mombasa Petroleum,JETA1,2025-01-20,152772
INV-48129,DISP-06423,OMC-001,TotalEnergies Kenya,PMS,2025-05-03,21746
INV-25828,DISP-03423,OMC-017,KAA Aviation,PMS,2025-09-09,84935
INV-30577,DISP-00032,OMC-020,Ethiopian Oil,LPG,2026-07-04,121924
INV-70523,DISP-06717,OMC-015,Mombasa Petroleum,LPG,2025-02-18,50143
INV-72381,DISP-06887,OMC-012,Galana Energies,JETA1,11/04/2026,49894
INV-13884,DISP-09334,OMC-012,Galana Energies,LUB,2026-02-22,56519
INV-43855,DISP-09321,OMC-014,Texol Energies,JETA1,2025-04-29,61871
INV-75305,DISP-05557,OMC-005,PetroOil Kenya,JETA1,2026-03-18,268234
INV-42740,DISP-00942,OMC-015,Mombasa Petroleum,PMS,2025-03-28,122967
INV-93623,DISP-01529,OMC-018,Uganda National Oil,LUB,2025-08-15,121838
INV-35071,DISP-05320,OMC-004,Gulf Energy,DPK,2026-04-09,272650
INV-74126,DISP-09575,OMC-006,Hashi Energy,AGO,2025-05-10,42527
INV-74056,DISP-08181,OMC-005,PetroOil Kenya,PMS,2026-05-03,109219
INV-13660,DISP-08830,OMC-015,Mombasa Petroleum,AGO,14/05/2026,62818
INV-96231,DISP-00699,OMC-007,Kobil,LPG,2025-04-20,214434
INV-81465,DISP-08141,OMC-002,Vivo Energy,JETA1,2026-04-14,159814
INV-90732,DISP-07187,OMC-003,Rubis Energy,AGO,2026-06-13,162839
INV-24909,DISP-01829,OMC-010,Tamoil,HFO,2026-03-03,43754
INV-99837,DISP-04459,OMC-005,PetroOil Kenya,AGO,2026-04-17,136490
INV-30238,DISP-05977,OMC-013,Lake Oil,HFO,2026-05-06,35307
INV-99511,DISP-03649,OMC-011,Hass Petroleum,DPK,2025-08-02,56433
INV-95320,DISP-09212,OMC-006,Hashi Energy,PMS,2025-10-31,144404
INV-81872,DISP-06684,OMC-007,Kobil,LPG,2025-12-12," KES 95,465 "
INV-72576,DISP-08734,OMC-002,Vivo Energy,AGO,2025-05-20,119485
INV-78808,DISP-06286,OMC-005,PetroOil Kenya,JETA1,2026-02-23,80913
INV-85514,DISP-05895,OMC-009,Dalbit Petroleum,JETA1,31/01/2026,32146
INV-96725,DISP-08473,OMC-013,Lake Oil,HFO,2026-06-03,30049
INV-66141,DISP-09026,OMC-014,Texol Energies,JETA1,2025-12-18,179107
INV-71242,DISP-07159,OMC-013,Lake Oil,AGO,2026-01-24,175131
INV-79458,DISP-04630,OMC-020,Ethiopian Oil,LPG,2025-11-22,257559
INV-96913,DISP-04659,OMC-015,Mombasa Petroleum,LPG,2025-11-08," KES 180,008 "
INV-58495,DISP-01495,OMC-018,Uganda National Oil,HFO,2026-01-23,22684
INV-35795,DISP-06841,OMC-003,Rubis Energy,LPG,2025-09-29,145721
INV-12182,DISP-09683,OMC-007,Kobil,HFO,2025-02-09,26296
INV-90687,DISP-09200,OMC-016,KPA Marine,LUB,2025-11-14,24494
INV-67052,DISP-03151,OMC-008,National Oil,JETA1,2025-05-26,34557
INV-99031,DISP-04124,OMC-010,Tamoil,PMS,2026-02-07,226866
INV-11421,DISP-05848,OMC-020,Ethiopian Oil,LUB,27/06/2025,59840
INV-48909,DISP-06359,OMC-006,Hashi Energy,DPK,2025-05-09,235176
INV-91867,DISP-08227,OMC-016,KPA Marine,DPK,2025-08-21,48111
INV-93852,DISP-00072,OMC-005,PetroOil Kenya,PMS,2026-02-22,28068
INV-35879,DISP-00423,OMC-008,National Oil,LPG,2025-04-06,247213
INV-85444,DISP-04656,OMC-007,Kobil,JETA1,2025-01-30,262616
INV-35618,DISP-08643,OMC-002,Vivo Energy,HFO,2026-01-27,59468
INV-52688,DISP-00615,OMC-001,TotalEnergies Kenya,HFO,2025-09-16,116234
INV-19727,DISP-07524,OMC-011,Hass Petroleum,LPG,2025-10-30,49867
INV-27787,DISP-02669,OMC-019,Tanzania Petroleum,AGO,2025-05-05,151002
INV-27974,DISP-01515,OMC-016,KPA Marine,HFO,2026-02-03,299158
INV-12890,DISP-06389,OMC-011,Hass Petroleum,DPK,,27419
INV-32293,DISP-09661,OMC-005,PetroOil Kenya,LUB,2026-05-02," KES 344,459 "
INV-99598,DISP-00548,OMC-018,Uganda National Oil,AGO,2025-02-26," KES 35,324 "
INV-62107,DISP-06594,OMC-011,Hass Petroleum,HFO,2025-06-19,23883
INV-83252,DISP-03953,OMC-018,Uganda National Oil,LUB,,193861
INV-61089,DISP-06960,OMC-012,Galana Energies,HFO,28/03/2026,105962
INV-47779,DISP-03083,OMC-017,KAA Aviation,LUB,2025-07-02,50730
INV-12222,DISP-00883,OMC-017,KAA Aviation,AGO,2025-09-29,31038
INV-56037,DISP-02833,OMC-013,Lake Oil,HFO,2025-07-07,24683
INV-34531,DISP-05362,OMC-007,Kobil,PMS,,233763
INV-82848,DISP-01314,OMC-006,Hashi Energy,LUB,2025-07-06,289804
INV-64466,DISP-01162,OMC-015,Mombasa Petroleum,HFO,2026-02-03,52973
INV-74311,DISP-09893,OMC-010,Tamoil,DPK,2026-03-27,22706
INV-81234,DISP-00515,OMC-017,KAA Aviation,PMS,2025-11-19,211968
INV-86896,DISP-02555,OMC-011,Hass Petroleum,AGO,2026-05-03,37176
INV-35020,DISP-09813,OMC-015,Mombasa Petroleum,HFO,2026-03-18,47899
INV-99947,DISP-03676,OMC-009,Dalbit Petroleum,PMS,2026-04-20,39605
INV-20956,DISP-04199,OMC-010,Tamoil,JETA1,2025-07-25,191225
INV-85881,DISP-04020,OMC-018,Uganda National Oil,AGO,2025-09-15,26798
INV-42616,DISP-04261,OMC-003,Rubis Energy,LUB,2026-06-04,179479
INV-25563,DISP-06167,OMC-012,Galana Energies,LUB,2026-04-23,213213
INV-24354,DISP-02819,OMC-003,Rubis Energy,PMS,2026-05-22,48678
INV-93210,DISP-04449,OMC-013,Lake Oil,HFO,2026-04-30,112787
INV-44403,DISP-03014,OMC-007,Kobil,LUB,2025-11-09,244532
INV-92228,DISP-02343,OMC-017,KAA Aviation,LPG,2025-12-10,34577
INV-45774,DISP-02025,OMC-010,Tamoil,JETA1,2025-03-20,158101
INV-25475,DISP-02902,OMC-016,KPA Marine,LUB,2025-12-18,113578
INV-40699,DISP-06647,OMC-014,Texol Energies,LPG,2026-04-13,58635
INV-73699,DISP-02220,OMC-012,Galana Energies,PMS,2026-03-28,43195
INV-91523,DISP-01730,OMC-016,KPA Marine,JETA1,2025-09-29,153618
INV-75815,DISP-03935,OMC-020,Ethiopian Oil,JETA1,09/06/2026,195529
INV-44641,DISP-05579,OMC-018,Uganda National Oil,PMS,2025-11-17,58457
INV-58103,DISP-05038,OMC-006,Hashi Energy,PMS,2025-05-30,53791
INV-82776,DISP-08256,OMC-015,Mombasa Petroleum,PMS,2025-11-03,74455
INV-50353,DISP-04767,OMC-012,Galana Energies,LPG,2026-02-12,53403
INV-46648,DISP-05713,OMC-015,Mombasa Petroleum,LUB,2026-01-05," KES 29,344 "
INV-31546,DISP-02892,OMC-001,TotalEnergies Kenya,LUB,2026-04-21,41797
INV-30563,DISP-06823,OMC-015,Mombasa Petroleum,HFO,2026-04-15,202854
INV-52658,DISP-00118,OMC-020,Ethiopian Oil,LUB,2026-03-12,43674
INV-62449,DISP-00859,OMC-007,Kobil,JETA1,2025-08-04," KES 151,983 "
INV-87967,DISP-08926,OMC-010,Tamoil,JETA1,2026-06-14,41191
INV-71695,DISP-05873,OMC-020,Ethiopian Oil,LUB,2025-09-23,47904
INV-98723,DISP-07131,OMC-001,TotalEnergies Kenya,AGO,,52295
INV-32939,DISP-02775,OMC-008,National Oil,DPK,2025-12-26,216430
INV-25429,DISP-05679,OMC-020,Ethiopian Oil,DPK,03/06/2025,63186
INV-90836,DISP-07410,OMC-010,Tamoil,LPG,2025-10-12,109750
INV-13138,DISP-05572,OMC-005,PetroOil Kenya,JETA1,2026-04-06,96977
INV-33912,DISP-00345,OMC-015,Mombasa Petroleum,LUB,2025-02-16,25587
INV-62349,DISP-01096,OMC-014,Texol Energies,DPK,2025-11-06,181084
INV-49790,DISP-06663,OMC-005,PetroOil Kenya,LPG,2026-03-16,250670
INV-23910,DISP-02117,OMC-019,Tanzania Petroleum,LPG,2026-03-05,172887
INV-24579,DISP-00911,OMC-001,TotalEnergies Kenya,AGO,2025-12-03,46406
INV-15734,DISP-01517,OMC-016,KPA Marine,JETA1,20/05/2025,47113
INV-86829,DISP-02407,OMC-018,Uganda National Oil,LPG,2026-05-31,269020
INV-30880,DISP-05384,OMC-019,Tanzania Petroleum,LPG,2025-01-20,39273
INV-37194,DISP-05206,OMC-018,Uganda National Oil,LPG,2025-01-22,134675
INV-53989,DISP-01266,OMC-012,Galana Energies,LPG,2026-04-21,24127
INV-29261,DISP-09174,OMC-001,TotalEnergies Kenya,AGO,2026-05-06,211881
INV-64520,DISP-01852,OMC-007,Kobil,JETA1,2025-10-12,171857
INV-46175,DISP-05233,OMC-018,Uganda National Oil,HFO,2026-02-18,60403
INV-87582,DISP-07451,OMC-011,Hass Petroleum,AGO,2026-06-08,264448
INV-42146,DISP-06687,OMC-003,Rubis Energy,DPK,2025-11-01,170135
INV-64157,DISP-03268,OMC-016,KPA Marine,PMS,2025-12-21,80749
INV-41139,DISP-07078,OMC-013,Lake Oil,PMS,2026-02-02,215665
INV-55347,DISP-04440,OMC-011,Hass Petroleum,JETA1,2025-10-19,33875
INV-10775,DISP-07937,OMC-005,PetroOil Kenya,LUB,2026-02-07,209301
INV-21681,DISP-05464,OMC-009,Dalbit Petroleum,AGO,2025-03-05,33971
INV-39869,DISP-09993,OMC-019,Tanzania Petroleum,DPK,," KES 166,127 "
INV-91151,DISP-09391,OMC-011,Hass Petroleum,HFO,2025-02-11,150258
INV-49226,DISP-05668,OMC-004,Gulf Energy,DPK,2026-04-30,291448
INV-95381,DISP-06819,OMC-010,Tamoil,LUB,2026-02-12,141259
INV-20958,DISP-08366,OMC-013,Lake Oil,JETA1,2025-02-28,198825
INV-15464,DISP-05835,OMC-001,TotalEnergies Kenya,DPK,2026-06-10,221171
INV-59335,DISP-09039,OMC-001,TotalEnergies Kenya,JETA1,2025-05-10,269127
INV-65036,DISP-00170,OMC-006,Hashi Energy,HFO,2025-09-09,269418
INV-53566,DISP-00890,OMC-020,Ethiopian Oil,LPG,2026-04-29,199030
INV-73793,DISP-03348,OMC-012,Galana Energies,PMS,,132497
INV-86406,DISP-03782,OMC-003,Rubis Energy,DPK,2025-02-23,179487
INV-59600,DISP-02264,OMC-007,Kobil,AGO,2025-07-25,58319
INV-26622,DISP-02760,OMC-020,Ethiopian Oil,PMS,2025-11-14,172756
INV-10272,DISP-03530,OMC-003,Rubis Energy,JETA1,2025-03-04,49627
INV-61823,DISP-03972,OMC-002,Vivo Energy,LPG,2026-02-24,173986
INV-16411,DISP-03847,OMC-003,Rubis Energy,HFO,08/03/2025,28281
INV-97167,DISP-08808,OMC-013,Lake Oil,LPG,2025-03-14,124117
INV-38063,DISP-08752,OMC-002,Vivo Energy,DPK,2025-12-31,123522
INV-63109,DISP-09565,OMC-012,Galana Energies,LUB,2026-04-15,285291
INV-38034,DISP-03018,OMC-013,Lake Oil,LPG,2025-05-08,99823
INV-96391,DISP-00430,OMC-008,National Oil,LPG,2026-06-24,142978
INV-73019,DISP-08072,OMC-019,Tanzania Petroleum,PMS,2025-11-19,152416
INV-78992,DISP-01493,OMC-017,KAA Aviation,LPG,2025-09-28,38644
INV-28553,DISP-08456,OMC-008,National Oil,JETA1,04/05/2026,77306
INV-15974,DISP-01812,OMC-013,Lake Oil,AGO,2026-06-27,220547
INV-38620,DISP-08211,OMC-006,Hashi Energy,PMS,22/07/2025,106206
INV-70555,DISP-09161,OMC-019,Tanzania Petroleum,PMS,2026-05-18,150654
INV-18621,DISP-02773,OMC-019,Tanzania Petroleum,AGO,2025-02-11,130600
INV-24675,DISP-05555,OMC-007,Kobil,LUB,2026-03-29,185551
INV-30621,DISP-04063,OMC-017,KAA Aviation,HFO,2025-04-25,162679
INV-55671,DISP-07178,OMC-016,KPA Marine,LPG,2026-06-08,201102
INV-27975,DISP-04217,OMC-018,Uganda National Oil,AGO,2025-06-27,52660
INV-15355,DISP-08871,OMC-005,PetroOil Kenya,AGO,2026-03-02,261226
INV-65629,DISP-04565,OMC-016,KPA Marine,LPG,2026-01-04,22752
INV-47910,DISP-04710,OMC-005,PetroOil Kenya,AGO,2026-02-27,159601
INV-90880,DISP-05222,OMC-007,Kobil,AGO,2025-12-06,50987
INV-29461,DISP-08956,OMC-020,Ethiopian Oil,HFO,2025-10-02,172638
INV-34627,DISP-07975,OMC-008,National Oil,LUB,2025-04-15,34890
INV-65274,DISP-07404,OMC-011,Hass Petroleum,DPK,2025-09-20,93662
INV-83602,DISP-07746,OMC-017,KAA Aviation,AGO,2025-09-25,25800
INV-11713,DISP-03693,OMC-009,Dalbit Petroleum,AGO,2025-04-29,241963
INV-79063,DISP-08051,OMC-019,Tanzania Petroleum,HFO,2026-03-17,156944
INV-37814,DISP-09010,OMC-011,Hass Petroleum,JETA1,2025-07-02,40859
INV-17583,DISP-00175,OMC-018,Uganda National Oil,LPG,2026-06-06,191284
INV-27572,DISP-08764,OMC-014,Texol Energies,LUB,2025-11-08,123989
INV-24648,DISP-03067,OMC-018,Uganda National Oil,HFO,2026-04-20,51397
INV-26979,DISP-07479,OMC-007,Kobil,HFO,2025-02-04,130481
INV-23262,DISP-02920,OMC-016,KPA Marine,DPK,2025-02-12,255379
INV-13628,DISP-09166,OMC-004,Gulf Energy,JETA1,2026-03-29,17352
INV-69064,DISP-07397,OMC-018,Uganda National Oil,DPK,2025-03-29,26539
INV-13772,DISP-02463,OMC-002,Vivo Energy,DPK,19/10/2025,37173
INV-71866,DISP-09407,OMC-017,KAA Aviation,JETA1,2026-06-28,63430
INV-18340,DISP-01823,OMC-006,Hashi Energy,PMS,2025-06-05,150252
INV-46652,DISP-05120,OMC-006,Hashi Energy,HFO,2025-06-02,177412
INV-42302,DISP-06399,OMC-012,Galana Energies,LPG,2026-03-17,23831
INV-27941,DISP-09640,OMC-015,Mombasa Petroleum,JETA1,2026-02-24,234680
INV-67823,DISP-01405,OMC-019,Tanzania Petroleum,JETA1,2025-02-24,217937
INV-38805,DISP-08931,OMC-009,Dalbit Petroleum,JETA1,25/03/2025,209463
INV-91396,DISP-06798,OMC-011,Hass Petroleum,LPG,2026-04-01,267946
INV-42086,DISP-01626,OMC-020,Ethiopian Oil,AGO,2025-05-28,92799
INV-18596,DISP-06463,OMC-002,Vivo Energy,JETA1,2026-02-21,31090
INV-78749,DISP-05084,OMC-007,Kobil,AGO,2025-04-27,229071
INV-93855,DISP-03517,OMC-012,Galana Energies,PMS,2026-02-12,280666
INV-91703,DISP-04809,OMC-020,Ethiopian Oil,LUB,2025-02-06,46985
INV-41502,DISP-03372,OMC-012,Galana Energies,LPG,2026-02-09,34402
INV-54054,DISP-04607,OMC-002,Vivo Energy,JETA1,14/08/2025,120721
INV-22299,DISP-04216,OMC-014,Texol Energies,PMS,,195570
INV-97973,DISP-08671,OMC-011,Hass Petroleum,HFO,2026-01-18,287735
INV-14247,DISP-08316,OMC-009,Dalbit Petroleum,LPG,2025-09-02,161539
INV-14273,DISP-04203,OMC-002,Vivo Energy,JETA1,2025-01-24,159068
INV-64173,DISP-04155,OMC-019,Tanzania Petroleum,JETA1,2026-06-26,131592
INV-47127,DISP-05675,OMC-014,Texol Energies,LPG,21/06/2026,280924
INV-25634,DISP-04189,OMC-016,KPA Marine,AGO,2026-03-21,181408
INV-52614,DISP-01925,OMC-002,Vivo Energy,LUB,2025-04-23,152672
INV-70751,DISP-03335,OMC-019,Tanzania Petroleum,HFO,2026-06-19,218433
INV-63081,DISP-07092,OMC-002,Vivo Energy,AGO,2025-09-21,55224
INV-92919,DISP-09204,OMC-007,Kobil,LUB,2026-06-24,52962
INV-39494,DISP-09666,OMC-011,Hass Petroleum,PMS,2025-06-21,210204
INV-38000,DISP-04044,OMC-004,Gulf Energy,DPK,2026-02-11,105079
INV-53866,DISP-07848,OMC-011,Hass Petroleum,LUB,,88208
INV-11076,DISP-06491,OMC-012,Galana Energies,LPG,2026-03-04,168044
INV-26856,DISP-06057,OMC-004,Gulf Energy,PMS,2026-04-27,112346
INV-37663,DISP-04385,OMC-009,Dalbit Petroleum,JETA1,2025-09-20,118255
INV-36308,DISP-03954,OMC-006,Hashi Energy,JETA1,2026-02-25,108830
INV-58448,DISP-08317,OMC-016,KPA Marine,HFO,2025-02-27,235749
INV-34597,DISP-08996,OMC-010,Tamoil,JETA1,2025-05-13,53583
INV-62421,DISP-06053,OMC-015,Mombasa Petroleum,PMS,2026-04-03,135589
INV-36401,DISP-09187,OMC-017,KAA Aviation,HFO,2025-03-20,51036
INV-71491,DISP-00011,OMC-015,Mombasa Petroleum,AGO,2025-10-25,46113
INV-90708,DISP-04514,OMC-014,Texol Energies,PMS,,135712
INV-51770,DISP-07729,OMC-009,Dalbit Petroleum,HFO,2026-02-25," KES 194,744 "
INV-34453,DISP-08504,OMC-017,KAA Aviation,LPG,2025-11-21," KES 52,962 "
INV-84413,DISP-08022,OMC-013,Lake Oil,LUB,2026-05-23,103583
INV-88048,DISP-05173,OMC-003,Rubis Energy,HFO,2025-12-16,23784
INV-65559,DISP-00823,OMC-003,Rubis Energy,HFO,06/06/2025,239971
INV-15221,DISP-05504,OMC-010,Tamoil,JETA1,2025-01-17,121012
INV-23715,DISP-04229,OMC-003,Rubis Energy,PMS,2025-01-12,59449
INV-38135,DISP-04123,OMC-003,Rubis Energy,LPG,2026-03-08,28230
INV-77024,DISP-05410,OMC-014,Texol Energies,JETA1,2026-01-10,54760
INV-16324,DISP-07001,OMC-002,Vivo Energy,LPG,2026-02-11,256596
INV-17209,DISP-04990,OMC-009,Dalbit Petroleum,HFO,,40885
INV-75478,DISP-07831,OMC-004,Gulf Energy,PMS,2026-02-10,58512
INV-91677,DISP-02815,OMC-020,Ethiopian Oil,HFO,2026-05-28,279073
INV-26006,DISP-03859,OMC-012,Galana Energies,DPK,2026-02-17,279362
INV-40601,DISP-01311,OMC-017,KAA Aviation,JETA1,2025-06-17,27320
INV-50339,DISP-02214,OMC-020,Ethiopian Oil,LUB,2026-01-08,57210
INV-27502,DISP-04461,OMC-018,Uganda National Oil,LPG,2025-04-04,221525
INV-99999,DISP-04561,OMC-014,Texol Energies,PMS,2025-03-09,105216
INV-92446,DISP-06829,OMC-002,Vivo Energy,JETA1,2026-02-26,170184
INV-11064,DISP-01511,OMC-001,TotalEnergies Kenya,HFO,2026-03-18,137012
INV-97916,DISP-02989,OMC-005,PetroOil Kenya,PMS,2026-04-23,202423
INV-58176,DISP-09693,OMC-006,Hashi Energy,LPG,2025-09-01,165127
INV-55496,DISP-01734,OMC-014,Texol Energies,DPK,2025-05-19,27128
INV-42328,DISP-06451,OMC-011,Hass Petroleum,JETA1,2026-06-30,55385
INV-84565,DISP-05323,OMC-012,Galana Energies,DPK,2026-04-25,44090
INV-24200,DISP-09987,OMC-009,Dalbit Petroleum,LUB,2025-05-01,69878
INV-53805,DISP-00475,OMC-009,Dalbit Petroleum,JETA1,2025-11-12,189613
INV-49424,DISP-07113,OMC-013,Lake Oil,HFO,2025-01-19,72331
INV-20623,DISP-03190,OMC-017,KAA Aviation,LPG,2025-10-23,122137
INV-25156,DISP-03710,OMC-013,Lake Oil,HFO,2025-09-09,54089
INV-47005,DISP-04300,OMC-011,Hass Petroleum,LUB,2025-05-07," KES 88,749 "
INV-58453,DISP-09024,OMC-013,Lake Oil,PMS,2025-02-27,55934
INV-54478,DISP-08763,OMC-017,KAA Aviation,HFO,2026-03-19,97021
INV-73451,DISP-08411,OMC-005,PetroOil Kenya,JETA1,2026-03-31,387464
INV-21591,DISP-00542,OMC-008,National Oil,HFO,26/04/2025,59944
INV-68406,DISP-02541,OMC-003,Rubis Energy,LUB,2026-01-20," KES 140,124 "
INV-81830,DISP-03078,OMC-015,Mombasa Petroleum,JETA1,2026-03-15,100029
INV-47273,DISP-04057,OMC-016,KPA Marine,LPG,2025-07-15,39160
INV-19066,DISP-03656,OMC-011,Hass Petroleum,AGO,2026-06-19,28681
INV-99905,DISP-02323,OMC-015,Mombasa Petroleum,JETA1,10/11/2025,34126
INV-29917,DISP-09628,OMC-010,Tamoil,LPG,2026-01-23,40046
INV-15687,DISP-04721,OMC-001,TotalEnergies Kenya,AGO,2026-04-23,35534
INV-86516,DISP-03689,OMC-013,Lake Oil,LPG,2025-06-14,223456
INV-53071,DISP-00180,OMC-011,Hass Petroleum,JETA1,2025-09-12,176916
INV-40647,DISP-07390,OMC-001,TotalEnergies Kenya,JETA1,2026-01-03,174632
INV-15315,DISP-02121,OMC-005,PetroOil Kenya,LUB,2026-04-24,181313
INV-43589,DISP-04964,OMC-006,Hashi Energy,LPG,2026-05-11,200565
INV-24278,DISP-01804,OMC-005,PetroOil Kenya,AGO,2026-03-24,38603
INV-82265,DISP-07632,OMC-009,Dalbit Petroleum,AGO,2025-01-21,35674
INV-92350,DISP-07456,OMC-004,Gulf Energy,LPG,2026-03-10,260493
INV-76208,DISP-02074,OMC-008,National Oil,LPG,2025-01-13,50389
INV-57394,DISP-04546,OMC-010,Tamoil,LPG,2025-06-28,119346
INV-59398,DISP-01175,OMC-017,KAA Aviation,DPK,2026-03-29,141653
INV-41517,DISP-08714,OMC-011,Hass Petroleum,HFO,2025-05-11,33949
INV-46603,DISP-07443,OMC-005,PetroOil Kenya,LPG,2026-03-16,194679
INV-50308,DISP-03209,OMC-015,Mombasa Petroleum,DPK,2025-05-10,131073
INV-85002,DISP-09310,OMC-011,Hass Petroleum,JETA1,2025-11-20,284700
INV-42476,DISP-08076,OMC-009,Dalbit Petroleum,JETA1,2025-04-14,47652
INV-35860,DISP-03297,OMC-020,Ethiopian Oil,DPK,2025-07-26,43094
INV-53477,DISP-04890,OMC-018,Uganda National Oil,LUB,27/01/2025,22461
INV-71441,DISP-00049,OMC-001,TotalEnergies Kenya,PMS,2025-04-06,39762
INV-95944,DISP-01865,OMC-005,PetroOil Kenya,LPG,2026-04-19,249921
INV-89348,DISP-02530,OMC-014,Texol Energies,PMS,2025-07-24,40682
INV-37426,DISP-01914,OMC-011,Hass Petroleum,LUB,,41168
INV-98630,DISP-08163,OMC-010,Tamoil,AGO,2025-11-14,139224
INV-65472,DISP-03154,OMC-009,Dalbit Petroleum,JETA1,2025-07-30,108434
INV-43098,DISP-01329,OMC-019,Tanzania Petroleum,LPG,2025-12-12,134811
INV-26557,DISP-01502,OMC-016,KPA Marine,HFO,2025-09-30,182090
INV-19203,DISP-03952,OMC-013,Lake Oil,LUB,2026-02-07,117446
INV-62253,DISP-02052,OMC-016,KPA Marine,LUB,2026-04-29,213930
INV-59191,DISP-06944,OMC-006,Hashi Energy,PMS,2026-04-09,183611
INV-67251,DISP-07936,OMC-009,Dalbit Petroleum,DPK,2026-01-13,248760
INV-66717,DISP-05250,OMC-014,Texol Energies,AGO,2025-08-30,96665
INV-27883,DISP-08780,OMC-014,Texol Energies,LUB,2025-01-24,146586
INV-11526,DISP-00008,OMC-019,Tanzania Petroleum,PMS,2026-05-05,164315
INV-54613,DISP-08246,OMC-016,KPA Marine,LUB,2025-01-28,115707
INV-31945,DISP-05819,OMC-020,Ethiopian Oil,LUB,2025-07-12,288543
INV-50825,DISP-06280,OMC-019,Tanzania Petroleum,PMS,2026-01-30,31118
INV-22183,DISP-07852,OMC-009,Dalbit Petroleum,AGO,2025-10-25,96161
INV-83558,DISP-00078,OMC-002,Vivo Energy,HFO,2025-10-23,27071
INV-22221,DISP-06024,OMC-008,National Oil,DPK,2025-04-24,89782
INV-88037,DISP-01106,OMC-010,Tamoil,HFO,2025-04-26,152707
INV-45868,DISP-08304,OMC-014,Texol Energies,HFO,2026-01-17,243963
INV-67225,DISP-09148,OMC-018,Uganda National Oil,JETA1,2026-06-05,263283
INV-65048,DISP-05884,OMC-009,Dalbit Petroleum,JETA1,2025-09-29,141908
INV-97981,DISP-01058,OMC-003,Rubis Energy,DPK,2025-05-27,116386
INV-42725,DISP-04379,OMC-013,Lake Oil,AGO,2026-01-20," KES 143,606 "
INV-67906,DISP-06317,OMC-007,Kobil,HFO,2025-02-03,256929
INV-34157,DISP-01883,OMC-012,Galana Energies,DPK,,19953
INV-94484,DISP-03567,OMC-004,Gulf Energy,HFO,2026-03-19,275138
INV-17387,DISP-08567,OMC-014,Texol Energies,PMS,2025-03-04,99030
INV-16275,DISP-06420,OMC-012,Galana Energies,DPK,2026-04-11,201710
INV-84924,DISP-01260,OMC-011,Hass Petroleum,JETA1,2025-12-15,131201
INV-51619,DISP-04796,OMC-020,Ethiopian Oil,PMS,2025-10-10,121597
INV-84212,DISP-08964,OMC-008,National Oil,PMS,2025-04-03,234736
INV-24435,DISP-05676,OMC-009,Dalbit Petroleum,LPG,2026-01-06,222503
INV-64690,DISP-05454,OMC-010,Tamoil,JETA1,2026-05-08,251903
INV-84110,DISP-02474,OMC-006,Hashi Energy,HFO,2025-04-06,62479
INV-14893,DISP-00889,OMC-009,Dalbit Petroleum,JETA1,2025-05-26,48614
INV-83110,DISP-08607,OMC-002,Vivo Energy,HFO,2025-10-31,59848
INV-27622,DISP-09930,OMC-015,Mombasa Petroleum,JETA1,2025-01-09,43403
INV-66032,DISP-01444,OMC-016,KPA Marine,LUB,2025-06-03,19527
INV-36029,DISP-05752,OMC-011,Hass Petroleum,LPG,2025-11-27,128661
INV-84528,DISP-06908,OMC-001,TotalEnergies Kenya,LPG,2025-07-17,34103
INV-92184,DISP-01392,OMC-006,Hashi Energy,JETA1,2025-04-08,122763
INV-28313,DISP-00661,OMC-002,Vivo Energy,LPG,2025-06-29,191541
INV-47738,DISP-00904,OMC-018,Uganda National Oil,LUB,2025-05-19,140027
INV-13230,DISP-08065,OMC-013,Lake Oil,AGO,2026-01-10,63280
INV-80487,DISP-05524,OMC-014,Texol Energies,JETA1,2026-04-06,139453
INV-95859,DISP-03185,OMC-005,PetroOil Kenya,LUB,2026-04-29,23671
INV-59533,DISP-05860,OMC-014,Texol Energies,PMS,08/09/2025,82449
INV-39746,DISP-04997,OMC-006,Hashi Energy,HFO,2026-05-23,58646
INV-45145,DISP-07651,OMC-007,Kobil,JETA1,2025-07-10,22802
INV-65104,DISP-01649,OMC-019,Tanzania Petroleum,JETA1,2026-01-02,182025
INV-67573,DISP-04344,OMC-014,Texol Energies,PMS,10/10/2025,40578
INV-20454,DISP-03975,OMC-015,Mombasa Petroleum,JETA1,2025-02-26,203573
INV-18285,DISP-07027,OMC-008,National Oil,PMS,2025-07-28,123641
INV-99718,DISP-03896,OMC-019,Tanzania Petroleum,DPK,25/01/2025,23103
INV-72276,DISP-01565,OMC-005,PetroOil Kenya,PMS,2026-03-16,136984
INV-44910,DISP-00215,OMC-013,Lake Oil,JETA1,2025-11-14," KES 102,851 "
INV-51261,DISP-08385,OMC-005,PetroOil Kenya,AGO,2026-05-02,158951
INV-71539,DISP-05348,OMC-018,Uganda National Oil,DPK,2026-01-12,229576
INV-83631,DISP-05392,OMC-003,Rubis Energy,PMS,2025-07-02," KES 140,034 "
INV-31957,DISP-05762,OMC-003,Rubis Energy,LPG,2025-01-12,151262
INV-18264,DISP-04054,OMC-005,PetroOil Kenya,LPG,2026-03-03,89494
INV-51463,DISP-06673,OMC-016,KPA Marine,JETA1,2025-05-28,44855
INV-64994,DISP-04839,OMC-008,National Oil,HFO,2026-01-02,106379
INV-16314,DISP-07303,OMC-004,Gulf Energy,LUB,2026-03-16,46477
INV-15641,DISP-00218,OMC-006,Hashi Energy,DPK,2026-04-14,25398
INV-43916,DISP-05551,OMC-007,Kobil,LPG,2025-04-08,92589
INV-80593,DISP-00569,OMC-008,National Oil,AGO,2025-07-04,116421
INV-33271,DISP-00779,OMC-005,PetroOil Kenya,PMS,2026-04-09,111512
INV-72297,DISP-00469,OMC-016,KPA Marine,AGO,2026-03-27,34180
INV-87321,DISP-04833,OMC-002,Vivo Energy,AGO,2026-03-24,26407
INV-24256,DISP-02042,OMC-018,Uganda National Oil,PMS,2026-02-20,167418
INV-76753,DISP-07154,OMC-017,KAA Aviation,JETA1,2025-07-29,147087
INV-28874,DISP-04912,OMC-010,Tamoil,PMS,2026-06-30,205338
INV-82245,DISP-02591,OMC-020,Ethiopian Oil,LPG,2025-04-09,56782
INV-68827,DISP-04414,OMC-009,Dalbit Petroleum,DPK,2025-01-12,31541
INV-85292,DISP-05665,OMC-017,KAA Aviation,LUB,2026-02-22,205698
INV-74531,DISP-01700,OMC-009,Dalbit Petroleum,DPK,2025-04-26,55282
INV-28339,DISP-05825,OMC-006,Hashi Energy,LUB,2026-04-08,242987
INV-64648,DISP-06614,OMC-011,Hass Petroleum,JETA1,2025-04-19,105272
INV-92562,DISP-04411,OMC-017,KAA Aviation,PMS,2025-03-25,23720
INV-71285,DISP-01378,OMC-016,KPA Marine,LUB,2025-05-29,195471
INV-15777,DISP-03102,OMC-020,Ethiopian Oil,DPK,2025-10-21," KES 144,672 "
INV-48558,DISP-09602,OMC-008,National Oil,DPK,08/11/2025,19686
INV-28659,DISP-02404,OMC-010,Tamoil,AGO,2026-05-26,23765
INV-20789,DISP-07313,OMC-011,Hass Petroleum,JETA1,2026-05-24," KES 168,583 "
INV-50108,DISP-03848,OMC-019,Tanzania Petroleum,LPG,2025-11-20,187525
INV-71491,DISP-00011,OMC-015,Mombasa Petroleum,AGO,2025-10-25,46113
INV-94397,DISP-04480,OMC-017,KAA Aviation,JETA1,2025-10-24,159893
INV-29191,DISP-04337,OMC-003,Rubis Energy,HFO,2025-04-27,49626
INV-27551,DISP-08078,OMC-017,KAA Aviation,JETA1,2026-01-31,125024
INV-58840,DISP-01752,OMC-015,Mombasa Petroleum,DPK,2025-07-06,48178
INV-72823,DISP-03080,OMC-008,National Oil,DPK,2025-09-17,102345
INV-60852,DISP-00533,OMC-010,Tamoil,AGO,2025-04-09,191910
INV-85344,DISP-05290,OMC-015,Mombasa Petroleum,LUB,2025-02-02,138044
INV-30060,DISP-05917,OMC-001,TotalEnergies Kenya,LPG,2025-04-11,109422
INV-46771,DISP-02210,OMC-010,Tamoil,PMS,2026-03-08,106670
INV-49871,DISP-01343,OMC-014,Texol Energies,LUB,2026-04-17,211568
INV-14633,DISP-01772,OMC-014,Texol Energies,JETA1,2025-08-29,169286
INV-16804,DISP-05800,OMC-011,Hass Petroleum,AGO,2026-06-01,161532
INV-53302,DISP-00589,OMC-001,TotalEnergies Kenya,AGO,2025-06-05,210411
INV-43759,DISP-06202,OMC-007,Kobil,LPG,,106721
INV-32140,DISP-02759,OMC-020,Ethiopian Oil,LPG,2025-01-29,37271
INV-56422,DISP-03873,OMC-004,Gulf Energy,AGO,2026-04-10,212062
INV-94102,DISP-06926,OMC-019,Tanzania Petroleum,PMS,2025-02-16,61481
INV-21217,DISP-03438,OMC-019,Tanzania Petroleum,LPG,2025-04-11,152567
INV-80562,DISP-08834,OMC-015,Mombasa Petroleum,AGO,2025-11-08,33211
INV-93430,DISP-00738,OMC-007,Kobil,HFO,2025-02-09,36058
INV-90000,DISP-06675,OMC-006,Hashi Energy,PMS,,295265
INV-26536,DISP-06621,OMC-011,Hass Petroleum,JETA1,2025-11-15," KES 192,532 "
INV-95480,DISP-08035,OMC-006,Hashi Energy,JETA1,2026-04-08,186097
INV-17611,DISP-00989,OMC-019,Tanzania Petroleum,DPK,2025-02-02,176048
INV-17311,DISP-00910,OMC-003,Rubis Energy,HFO,2025-12-21,61617
INV-11008,DISP-00315,OMC-004,Gulf Energy,PMS,2026-02-18,190072
INV-90158,DISP-07911,OMC-006,Hashi Energy,LPG,2025-07-31,190887
INV-16181,DISP-06104,OMC-020,Ethiopian Oil,HFO,2026-05-27,87611
INV-23992,DISP-09881,OMC-017,KAA Aviation,LUB,2026-03-05,304760
INV-87219,DISP-04362,OMC-020,Ethiopian Oil,HFO,2025-03-09,45537
INV-79085,DISP-02228,OMC-018,Uganda National Oil,JETA1,2026-01-15,28775
INV-16555,DISP-05417,OMC-009,Dalbit Petroleum,AGO,2025-09-09,75368
INV-20028,DISP-06000,OMC-019,Tanzania Petroleum,HFO,2025-10-11,185635
INV-70026,DISP-04967,OMC-005,PetroOil Kenya,PMS,2026-02-19,45167
INV-27511,DISP-04673,OMC-011,Hass Petroleum,DPK,2025-12-12,208391
INV-88352,DISP-02269,OMC-013,Lake Oil,JETA1,2025-12-14,184931
INV-18773,DISP-05052,OMC-020,Ethiopian Oil,DPK,2026-05-18,232411
INV-92404,DISP-02209,OMC-013,Lake Oil,HFO,2025-09-12,144724
INV-91129,DISP-08700,OMC-009,Dalbit Petroleum,LUB,2025-07-05,228003
INV-68669,DISP-08492,OMC-014,Texol Energies,AGO,2025-10-19,118527
INV-66533,DISP-01264,OMC-019,Tanzania Petroleum,PMS,06/01/2026," KES 88,613 "
INV-72191,DISP-09483,OMC-015,Mombasa Petroleum,AGO,2025-09-19,36586
INV-20750,DISP-05863,OMC-008,National Oil,PMS,2025-12-30,32838
INV-55205,DISP-04612,OMC-019,Tanzania Petroleum,LPG,2026-03-29,106452
INV-82593,DISP-07559,OMC-019,Tanzania Petroleum,JETA1,2025-05-30,33480
INV-75410,DISP-07241,OMC-020,Ethiopian Oil,LPG,2025-06-18,45203
INV-54301,DISP-05433,OMC-016,KPA Marine,DPK,2026-06-24," KES 279,920 "
INV-84130,DISP-07623,OMC-017,KAA Aviation,HFO,2026-03-20,227833
INV-85766,DISP-04987,OMC-008,National Oil,DPK,2025-08-08,191352
INV-56969,DISP-08803,OMC-014,Texol Energies,HFO,2025-12-30,37559
INV-47094,DISP-07387,OMC-007,Kobil,LUB,2025-04-29,27638
INV-14772,DISP-09454,OMC-005,PetroOil Kenya,JETA1,2026-03-25,26882
INV-65592,DISP-07546,OMC-014,Texol Energies,AGO,2025-01-08,40719
INV-60725,DISP-00313,OMC-006,Hashi Energy,DPK,,33737
INV-87429,DISP-09285,OMC-003,Rubis Energy,JETA1,2025-07-24,77914
INV-62602,DISP-03586,OMC-007,Kobil,HFO,2025-08-06,175715
INV-58058,DISP-07568,OMC-014,Texol Energies,HFO,2025-12-28,49672
INV-40813,DISP-08445,OMC-009,Dalbit Petroleum,HFO,2026-03-04,50384
INV-66547,DISP-03945,OMC-008,National Oil,JETA1,2025-06-14,40264
INV-61922,DISP-00198,OMC-013,Lake Oil,HFO,2025-03-18,93139
INV-18383,DISP-01702,OMC-006,Hashi Energy,AGO,2025-05-31,118506
INV-80214,DISP-06474,OMC-019,Tanzania Petroleum,LPG,,207579
INV-76198,DISP-02564,OMC-017,KAA Aviation,HFO,2025-12-19,175366
INV-76576,DISP-09353,OMC-018,Uganda National Oil,LPG,2026-01-01,213731
INV-95484,DISP-03878,OMC-013,Lake Oil,AGO,2026-03-10," KES 274,391 "
INV-66783,DISP-03299,OMC-010,Tamoil,PMS,05/01/2026,95648
INV-10634,DISP-02007,OMC-016,KPA Marine,JETA1,2026-05-09,230219
INV-97977,DISP-07176,OMC-005,PetroOil Kenya,LPG,2026-04-04,54626
INV-16299,DISP-00592,OMC-014,Texol Energies,LPG,2025-10-25,28737
INV-60169,DISP-09606,OMC-018,Uganda National Oil,LUB,2025-12-14,245803
INV-33849,DISP-09649,OMC-009,Dalbit Petroleum,LPG,2025-05-20,188334
INV-21760,DISP-03392,OMC-017,KAA Aviation,LUB,2026-03-28,110663
INV-62951,DISP-05918,OMC-011,Hass Petroleum,AGO,2025-12-19,247851
INV-50751,DISP-08983,OMC-012,Galana Energies,AGO,2026-04-29,252885
INV-47667,DISP-01824,OMC-005,PetroOil Kenya,AGO,2026-04-21,44535
INV-53476,DISP-04745,OMC-013,Lake Oil,AGO,2026-04-25,196738
INV-35183,DISP-02855,OMC-006,Hashi Energy,DPK,2025-02-09," KES 69,942 "
INV-84119,DISP-04399,OMC-002,Vivo Energy,LUB,2025-03-08,138061
INV-42476,DISP-08076,OMC-009,Dalbit Petroleum,JETA1,14/04/2025,47652
INV-53076,DISP-09100,OMC-010,Tamoil,HFO,2025-08-15,191641
INV-56906,DISP-05101,OMC-009,Dalbit Petroleum,LPG,2025-02-23,44744
INV-71867,DISP-09427,OMC-018,Uganda National Oil,DPK,2025-06-05,58569
INV-84632,DISP-01733,OMC-017,KAA Aviation,LUB,2025-10-31,155115
INV-80413,DISP-03256,OMC-017,KAA Aviation,JETA1,2025-09-30,141759
INV-85957,DISP-08798,OMC-008,National Oil,LUB,2025-12-11,149766
INV-67845,DISP-09826,OMC-007,Kobil,HFO,2026-06-11,141627
INV-76572,DISP-03997,OMC-013,Lake Oil,DPK,2025-06-16,139570
INV-59539,DISP-03397,OMC-008,National Oil,LUB,2025-10-08,182918
INV-36831,DISP-09871,OMC-011,Hass Petroleum,HFO,2025-10-07," KES 38,504 "
INV-23237,DISP-03501,OMC-014,Texol Energies,LUB,2026-04-09,57017
INV-50545,DISP-08378,OMC-008,National Oil,PMS,2025-09-22,59748
INV-79538,DISP-03762,OMC-017,KAA Aviation,DPK,2026-05-18,38310
INV-46159,DISP-01586,OMC-003,Rubis Energy,LUB,2026-03-17,46423
INV-26219,DISP-02369,OMC-009,Dalbit Petroleum,AGO,2025-10-06,233690
INV-26128,DISP-03388,OMC-007,Kobil,HFO,2025-11-05,58075
INV-33106,DISP-00500,OMC-007,Kobil,AGO,2025-02-01,241769
INV-23804,DISP-08160,OMC-019,Tanzania Petroleum,PMS,2025-08-16,152928
INV-81655,DISP-02789,OMC-010,Tamoil,AGO,2025-02-09,177071
INV-74111,DISP-07538,OMC-001,TotalEnergies Kenya,HFO,2026-06-07,51982
INV-24726,DISP-08980,OMC-005,PetroOil Kenya,DPK,2026-04-20,209745
INV-33779,DISP-01834,OMC-006,Hashi Energy,LUB,2025-12-02,259799
INV-28040,DISP-03156,OMC-010,Tamoil,JETA1,2026-06-01,151300
INV-72704,DISP-05834,OMC-017,KAA Aviation,LPG,2025-08-02,237153
INV-88513,DISP-06813,OMC-006,Hashi Energy,LPG,2026-04-10,195632
INV-44313,DISP-01681,OMC-018,Uganda National Oil,AGO,2025-01-21,27137
INV-40538,DISP-00169,OMC-015,Mombasa Petroleum,JETA1,2025-08-05,148925
INV-72912,DISP-08526,OMC-017,KAA Aviation,DPK,2026-04-13,275941
INV-23558,DISP-07747,OMC-013,Lake Oil,LUB,09/10/2025,238817
INV-50953,DISP-06514,OMC-018,Uganda National Oil,HFO,2026-01-27,175220
INV-35907,DISP-07126,OMC-005,PetroOil Kenya,LPG,2026-03-05,39753
INV-62074,DISP-09272,OMC-015,Mombasa Petroleum,PMS,2025-09-29,214414
INV-27855,DISP-06976,OMC-013,Lake Oil,DPK,2026-03-24,185524
INV-52466,DISP-05976,OMC-015,Mombasa Petroleum,DPK,2025-02-10,23733
INV-48880,DISP-01821,OMC-009,Dalbit Petroleum,HFO,2026-05-08,180043
INV-72323,DISP-07923,OMC-006,Hashi Energy,AGO,2026-06-27,23359
INV-66356,DISP-02495,OMC-017,KAA Aviation,HFO,2025-09-03,266430
INV-86096,DISP-08436,OMC-001,TotalEnergies Kenya,HFO,2025-11-16,39733
INV-61520,DISP-09380,OMC-005,PetroOil Kenya,PMS,2026-03-22,176142
INV-20821,DISP-00117,OMC-012,Galana Energies,DPK,2026-03-30,42536
INV-76450,DISP-07636,OMC-019,Tanzania Petroleum,PMS,2025-01-14,198074
INV-76127,DISP-09170,OMC-018,Uganda National Oil,DPK,2025-09-05,143879
INV-13795,DISP-08528,OMC-019,Tanzania Petroleum,JETA1,2026-03-13,25465
INV-17370,DISP-06385,OMC-020,Ethiopian Oil,JETA1,2026-02-01,92079
INV-36080,DISP-08541,OMC-005,PetroOil Kenya,DPK,2026-02-20,53800
INV-23419,DISP-04358,OMC-006,Hashi Energy,LUB,23/01/2026," KES 190,605 "
INV-36574,DISP-04784,OMC-004,Gulf Energy,LUB,2026-02-21,266878
INV-82520,DISP-02769,OMC-018,Uganda National Oil,JETA1,2025-11-25,151337
INV-73926,DISP-01849,OMC-011,Hass Petroleum,LUB,2025-12-24,45653
INV-66199,DISP-04545,OMC-019,Tanzania Petroleum,JETA1,2025-02-12,59778
INV-78490,DISP-01278,OMC-020,Ethiopian Oil,HFO,2025-06-30,226502
INV-45417,DISP-08426,OMC-005,PetroOil Kenya,LUB,2026-04-11,39950
INV-56694,DISP-06168,OMC-011,Hass Petroleum,LUB,2026-06-22," KES 53,136 "
INV-53432,DISP-08635,OMC-002,Vivo Energy,LPG,2026-05-13,287307
INV-75128,DISP-07583,OMC-018,Uganda National Oil,LUB,2026-05-25,45169
INV-49274,DISP-02489,OMC-011,Hass Petroleum,DPK,2025-09-16,40010
INV-47996,DISP-02852,OMC-001,TotalEnergies Kenya,LUB,2025-08-13," KES 206,387 "
INV-56416,DISP-04748,OMC-011,Hass Petroleum,PMS,2025-12-13,55216
INV-49777,DISP-08957,OMC-013,Lake Oil,PMS,2025-01-09,262940
INV-15003,DISP-03376,OMC-014,Texol Energies,HFO,2025-03-23,237009
INV-53989,DISP-04154,OMC-010,Tamoil,HFO,2025-10-17,45103
INV-77609,DISP-00419,OMC-007,Kobil,LPG,2026-01-04,115862
INV-72972,DISP-09658,OMC-015,Mombasa Petroleum,LPG,2026-03-13,256285
INV-84020,DISP-00657,OMC-003,Rubis Energy,HFO,2025-09-02,262985
INV-72472,DISP-08600,OMC-004,Gulf Energy,LPG,2026-04-15,28471
INV-99263,DISP-03875,OMC-007,Kobil,LPG,2025-07-20,59368
INV-78773,DISP-07971,OMC-014,Texol Energies,LPG,2025-08-19,122671
INV-54640,DISP-06172,OMC-004,Gulf Energy,AGO,2026-04-26," KES 34,896 "
INV-80116,DISP-06528,OMC-013,Lake Oil,HFO,2026-03-13,112812
INV-37637,DISP-00654,OMC-016,KPA Marine,AGO,2026-01-15," KES 93,139 "
INV-29427,DISP-03881,OMC-003,Rubis Energy,JETA1,2025-06-24,148887
INV-95444,DISP-02263,OMC-018,Uganda National Oil,AGO,2025-05-18,190628
INV-15516,DISP-04181,OMC-008,National Oil,DPK,2026-01-12,262053
INV-44836,DISP-04838,OMC-001,TotalEnergies Kenya,JETA1,2026-05-12,58731
INV-84140,DISP-02352,OMC-013,Lake Oil,PMS,2025-03-14,272300
INV-71971,DISP-04106,OMC-009,Dalbit Petroleum,PMS,2026-01-19,177215
INV-95706,DISP-08903,OMC-005,PetroOil Kenya,PMS,2026-02-07,48489
INV-49482,DISP-01853,OMC-001,TotalEnergies Kenya,JETA1,2026-03-21,25478
INV-66164,DISP-09713,OMC-019,Tanzania Petroleum,JETA1,2026-03-12,66703
INV-90759,DISP-03296,OMC-018,Uganda National Oil,LUB,2025-04-30,290308
INV-80471,DISP-07574,OMC-018,Uganda National Oil,PMS,,260052
INV-80555,DISP-02195,OMC-013,Lake Oil,DPK,2025-08-27,92875
INV-39678,DISP-06140,OMC-014,Texol Energies,PMS,2025-12-11," KES 43,714 "
INV-17533,DISP-09361,OMC-012,Galana Energies,HFO,2026-04-02,105403
INV-31641,DISP-04028,OMC-007,Kobil,AGO,2025-11-09,33967
INV-72760,DISP-07041,OMC-002,Vivo Energy,PMS,2025-06-23,147662
INV-80743,DISP-08901,OMC-010,Tamoil,DPK,2025-12-13,131603
INV-91625,DISP-06236,OMC-020,Ethiopian Oil,LPG,2025-04-29,208778
INV-52310,DISP-07421,OMC-018,Uganda National Oil,DPK,2025-07-28,42615
INV-10979,DISP-09916,OMC-001,TotalEnergies Kenya,JETA1,2026-02-13,69275
INV-24944,DISP-05758,OMC-003,Rubis Energy,DPK,2025-10-14,189014
INV-30463,DISP-06629,OMC-019,Tanzania Petroleum,PMS,2025-12-09,99105
INV-69526,DISP-05476,OMC-003,Rubis Energy,LPG,2025-05-29,45214
INV-86411,DISP-02851,OMC-019,Tanzania Petroleum,AGO,08/12/2025,56475
INV-79240,DISP-03079,OMC-008,National Oil,DPK,2026-02-24,53017
INV-93230,DISP-08498,OMC-004,Gulf Energy,DPK,2026-03-01,201534
INV-17838,DISP-09788,OMC-018,Uganda National Oil,LUB,2025-09-11,274600
INV-40861,DISP-02442,OMC-005,PetroOil Kenya,LUB,2026-04-03,141151
INV-70411,DISP-03346,OMC-008,National Oil,JETA1,2025-09-07,152588
INV-38376,DISP-05564,OMC-015,Mombasa Petroleum,LUB,2025-04-08,219593
INV-80216,DISP-06638,OMC-008,National Oil,LPG,2025-11-25,24651
INV-82752,DISP-01486,OMC-012,Galana Energies,JETA1,2026-03-23,32147
INV-57695,DISP-06026,OMC-011,Hass Petroleum,LUB,2026-01-08,183840
INV-36565,DISP-06827,OMC-010,Tamoil,LUB,2025-05-02,38684
INV-21838,DISP-03630,OMC-004,Gulf Energy,HFO,2026-03-10,44512
INV-11612,DISP-08027,OMC-007,Kobil,AGO,2025-08-15,98015
INV-29693,DISP-05912,OMC-016,KPA Marine,JETA1,2025-07-10,33920
INV-43423,DISP-06680,OMC-004,Gulf Energy,LUB,2026-04-25,35873
INV-58055,DISP-05886,OMC-002,Vivo Energy,DPK,2026-03-13,75474
INV-30470,DISP-04669,OMC-007,Kobil,AGO,2025-08-10,272646
INV-25435,DISP-08693,OMC-012,Galana Energies,PMS,2026-04-12,162216
INV-90063,DISP-00168,OMC-013,Lake Oil,PMS,2026-04-27,133446
INV-72021,DISP-09892,OMC-003,Rubis Energy,LUB,2025-02-12,32484
INV-70925,DISP-01074,OMC-008,National Oil,HFO,2026-03-25,32117
INV-27735,DISP-03135,OMC-010,Tamoil,PMS,2025-03-17,169874
INV-29371,DISP-06381,OMC-012,Galana Energies,JETA1,2026-03-17,60977
INV-96367,DISP-01870,OMC-019,Tanzania Petroleum,PMS,2026-01-11,46069
INV-21771,DISP-03193,OMC-013,Lake Oil,LUB,2026-04-01,153999
INV-31488,DISP-05637,OMC-010,Tamoil,PMS,2026-05-19,149580
INV-76647,DISP-02267,OMC-010,Tamoil,LPG,2025-08-24,227004
INV-32505,DISP-00934,OMC-006,Hashi Energy,LPG,2026-02-05,37672
INV-42140,DISP-00550,OMC-015,Mombasa Petroleum,JETA1,2025-08-12,54537
INV-32628,DISP-00894,OMC-017,KAA Aviation,PMS,2026-01-28,64292
INV-81523,DISP-05486,OMC-005,PetroOil Kenya,JETA1,2026-04-14,228865
INV-98482,DISP-07370,OMC-003,Rubis Energy,PMS,2026-04-06,149451
INV-89701,DISP-00053,OMC-018,Uganda National Oil,LPG,2026-02-28,43054
INV-47524,DISP-07211,OMC-007,Kobil,DPK,2025-01-02,123177
INV-98658,DISP-01618,OMC-016,KPA Marine,HFO,2026-03-22,163920
INV-39636,DISP-01643,OMC-011,Hass Petroleum,DPK,2025-02-24,238844
INV-59127,DISP-01094,OMC-001,TotalEnergies Kenya,JETA1,2025-09-27,255126
INV-66830,DISP-08732,OMC-017,KAA Aviation,AGO,2025-05-11,51293
INV-27145,DISP-03241,OMC-016,KPA Marine,JETA1,2025-07-17,38586
INV-48711,DISP-01352,OMC-004,Gulf Energy,AGO,,274969
INV-52924,DISP-07056,OMC-003,Rubis Energy,HFO,2026-06-18,42576
INV-97705,DISP-05450,OMC-003,Rubis Energy,HFO,2025-07-07,57527
INV-26607,DISP-06121,OMC-005,PetroOil Kenya,DPK,2026-04-12,110895
INV-22332,DISP-09062,OMC-011,Hass Petroleum,LUB,2026-02-25,47165
INV-23151,DISP-06264,OMC-013,Lake Oil,HFO,2025-09-26,29879
INV-77212,DISP-01999,OMC-010,Tamoil,LUB,2026-03-05,212073
INV-47294,DISP-00905,OMC-009,Dalbit Petroleum,AGO,2025-03-03,45071
INV-37590,DISP-04691,OMC-004,Gulf Energy,LUB,2026-04-13,222685
INV-53018,DISP-09937,OMC-018,Uganda National Oil,DPK,2025-10-21,173052
INV-20941,DISP-05378,OMC-004,Gulf Energy,AGO,2026-03-31,300622
INV-12518,DISP-07050,OMC-011,Hass Petroleum,DPK,01/04/2026,59343
INV-62349,DISP-02383,OMC-019,Tanzania Petroleum,LPG,2025-05-08,58308
INV-77234,DISP-06905,OMC-007,Kobil,JETA1,2026-02-07,23259
INV-80514,DISP-01217,OMC-020,Ethiopian Oil,LUB,29/03/2026,143429
INV-89244,DISP-05763,OMC-017,KAA Aviation,LUB,2026-06-09,54639
INV-37845,DISP-06248,OMC-008,National Oil,AGO,2025-09-15,97919
INV-53586,DISP-00333,OMC-002,Vivo Energy,DPK,2026-01-06,110379
INV-58160,DISP-00136,OMC-018,Uganda National Oil,LPG,2025-08-18,81351
INV-22130,DISP-05651,OMC-007,Kobil,HFO,2025-01-24,198246
INV-17917,DISP-03214,OMC-011,Hass Petroleum,DPK,2025-11-06,21297
INV-56920,DISP-06812,OMC-016,KPA Marine,JETA1,2025-06-29,28314
INV-72881,DISP-08482,OMC-001,TotalEnergies Kenya,DPK,2025-06-30,74622
INV-51570,DISP-00431,OMC-010,Tamoil,LUB,2025-06-26,27054
INV-90457,DISP-07984,OMC-018,Uganda National Oil,JETA1,,185118
INV-83138,DISP-06484,OMC-013,Lake Oil,HFO,2025-05-25,34313
INV-48709,DISP-04018,OMC-001,TotalEnergies Kenya,LUB,2025-12-22," KES 111,976 "
INV-27347,DISP-07675,OMC-007,Kobil,LUB,2025-01-29,54541
INV-87700,DISP-03246,OMC-008,National Oil,PMS,2026-07-07,24193
INV-51287,DISP-03606,OMC-002,Vivo Energy,DPK,2026-01-21,171662
INV-18975,DISP-09726,OMC-007,Kobil,LUB,2026-06-30,81330
INV-35129,DISP-03854,OMC-014,Texol Energies,JETA1,2026-01-31," KES 126,055 "
INV-24426,DISP-00434,OMC-018,Uganda National Oil,LPG,2026-06-06,56485
INV-77206,DISP-05904,OMC-004,Gulf Energy,HFO,2026-04-16,113083
INV-69551,DISP-00980,OMC-018,Uganda National Oil,DPK,2026-02-28,170232
INV-12449,DISP-01881,OMC-005,PetroOil Kenya,PMS,2026-04-21,285461
INV-68208,DISP-04525,OMC-011,Hass Petroleum,JETA1,2025-09-02,257474
INV-95602,DISP-05808,OMC-012,Galana Energies,LUB,2026-03-28,114431
INV-33351,DISP-09009,OMC-011,Hass Petroleum,HFO,2025-03-22,48907
INV-93952,DISP-00240,OMC-015,Mombasa Petroleum,LPG,2025-05-28,33837
INV-96967,DISP-04469,OMC-018,Uganda National Oil,JETA1,2025-12-23,38617
INV-80868,DISP-05635,OMC-016,KPA Marine,DPK,2025-06-06,141662
INV-55450,DISP-02862,OMC-003,Rubis Energy,DPK,2026-06-06,50189
INV-17414,DISP-09733,OMC-013,Lake Oil,AGO,,64896
INV-37326,DISP-08726,OMC-005,PetroOil Kenya,AGO,2026-04-03,119985
INV-71832,DISP-00005,OMC-012,Galana Energies,HFO,2026-03-16,19418
INV-62384,DISP-06948,OMC-019,Tanzania Petroleum,PMS,2025-01-26,58527
INV-40281,DISP-03047,OMC-007,Kobil,AGO,2025-03-25,43318
INV-41356,DISP-08270,OMC-010,Tamoil,LUB,2025-03-29,268304
INV-96954,DISP-04951,OMC-014,Texol Energies,HFO,2025-05-26,41820
INV-10510,DISP-04861,OMC-001,TotalEnergies Kenya,AGO,2025-01-29,33823
INV-35067,DISP-05457,OMC-019,Tanzania Petroleum,HFO,2025-01-10,221546
INV-95895,DISP-02023,OMC-013,Lake Oil,DPK,2025-10-12,201715
INV-89467,DISP-05952,OMC-009,Dalbit Petroleum,HFO,2025-12-13,241793
INV-58236,DISP-03141,OMC-009,Dalbit Petroleum,LUB,2025-08-08,230243
INV-92901,DISP-09936,OMC-015,Mombasa Petroleum,HFO,2026-05-16,223421
INV-55690,DISP-03025,OMC-008,National Oil,LUB,2025-02-18,186903
INV-80705,DISP-03176,OMC-004,Gulf Energy,DPK,2026-04-02,150534
INV-67526,DISP-09344,OMC-019,Tanzania Petroleum,LUB,2026-01-03,114504
INV-13016,DISP-03316,OMC-002,Vivo Energy,LUB,,225615
INV-54940,DISP-09555,OMC-018,Uganda National Oil,LUB,2026-03-28,79546
INV-73248,DISP-09474,OMC-004,Gulf Energy,HFO,2026-02-08,98678
INV-60929,DISP-07755,OMC-006,Hashi Energy,LUB,2025-03-28,37481
INV-65033,DISP-08462,OMC-004,Gulf Energy,HFO,2026-04-27,230173
INV-16000,DISP-02684,OMC-014,Texol Energies,LPG,2025-10-18,260046
INV-47101,DISP-07939,OMC-003,Rubis Energy,PMS,2026-05-19,130738
INV-38258,DISP-00627,OMC-010,Tamoil,LPG,2025-11-07,176467
INV-61384,DISP-09611,OMC-006,Hashi Energy,JETA1,2025-03-18," KES 274,840 "
INV-49840,DISP-07093,OMC-012,Galana Energies,JETA1,2026-03-07,151020
INV-14586,DISP-06230,OMC-002,Vivo Energy,AGO,2025-04-25,176995
INV-23403,DISP-07025,OMC-011,Hass Petroleum,DPK,2025-07-07,119013
INV-69026,DISP-03826,OMC-011,Hass Petroleum,LUB,2025-09-16,261258
INV-18301,DISP-06098,OMC-006,Hashi Energy,LPG,2025-03-31,168804
INV-21490,DISP-06501,OMC-014,Texol Energies,JETA1,2026-05-10,32754
INV-49810,DISP-05274,OMC-015,Mombasa Petroleum,AGO,2026-06-26,114910
INV-18547,DISP-03514,OMC-013,Lake Oil,PMS,2025-03-19,59684
INV-62251,DISP-06062,OMC-013,Lake Oil,HFO,2025-08-26,133104
INV-64226,DISP-04351,OMC-011,Hass Petroleum,LUB,2025-02-21,47787
INV-18454,DISP-03542,OMC-009,Dalbit Petroleum,DPK,2025-01-20,266880
INV-45242,DISP-04033,OMC-009,Dalbit Petroleum,JETA1,04/02/2025,84513
INV-70281,DISP-05114,OMC-013,Lake Oil,LPG,2026-03-25," KES 219,324 "
INV-16237,DISP-01766,OMC-007,Kobil,LUB,2025-03-02,36355
INV-68160,DISP-07522,OMC-011,Hass Petroleum,AGO,2025-12-25,53625
INV-15288,DISP-04931,OMC-012,Galana Energies,DPK,2026-03-07,168977
INV-63764,DISP-03682,OMC-011,Hass Petroleum,HFO,2025-06-07,198122
INV-89624,DISP-00634,OMC-008,National Oil,LUB,2026-03-22,233168
INV-78849,DISP-03637,OMC-005,PetroOil Kenya,LPG,2026-03-27,49961
INV-59157,DISP-08987,OMC-007,Kobil,DPK,2025-04-09,164285
INV-94233,DISP-02804,OMC-008,National Oil,PMS,2025-11-03,199227
INV-53769,DISP-08091,OMC-011,Hass Petroleum,AGO,2025-06-17,44848
INV-93665,DISP-00380,OMC-015,Mombasa Petroleum,JETA1,2026-04-30,51645
INV-50444,DISP-09588,OMC-008,National Oil,LUB,2025-11-09,249157
INV-84211,DISP-01930,OMC-001,TotalEnergies Kenya,HFO,,34194
INV-35180,DISP-01595,OMC-009,Dalbit Petroleum,LPG,2025-03-05,163897
INV-22171,DISP-03695,OMC-008,National Oil,HFO,2026-05-09,90044
INV-61622,DISP-08121,OMC-016,KPA Marine,JETA1,2025-12-02,152759
INV-51463,DISP-08753,OMC-004,Gulf Energy,LPG,2026-02-08,29069
INV-15553,DISP-02515,OMC-001,TotalEnergies Kenya,AGO,2025-01-11,23192
INV-70405,DISP-01363,OMC-010,Tamoil,HFO,22/05/2025,176023
INV-82455,DISP-04131,OMC-013,Lake Oil,DPK,2025-07-15,211798
INV-67714,DISP-05866,OMC-004,Gulf Energy,PMS,2026-03-24,50944
INV-29949,DISP-01997,OMC-005,PetroOil Kenya,PMS,2026-02-05,58656
INV-55008,DISP-06877,OMC-015,Mombasa Petroleum,LPG,2025-05-11,49940
INV-76156,DISP-07185,OMC-001,TotalEnergies Kenya,HFO,2025-10-24," KES 37,436 "
INV-73472,DISP-08883,OMC-016,KPA Marine,PMS,2025-09-22,162607
INV-13735,DISP-00070,OMC-012,Galana Energies,PMS,2026-02-09,113695
INV-29331,DISP-06901,OMC-020,Ethiopian Oil,LPG,2025-09-20,59351
INV-56007,DISP-07074,OMC-018,Uganda National Oil,AGO,15/04/2025,291387
INV-56353,DISP-02079,OMC-015,Mombasa Petroleum,LUB,2026-01-04,102651
INV-97936,DISP-08688,OMC-006,Hashi Energy,AGO,2026-05-22,123620
INV-17840,DISP-03696,OMC-014,Texol Energies,JETA1,03/09/2025,177605
INV-45080,DISP-03092,OMC-018,Uganda National Oil,JETA1,2025-06-15,227677
INV-67311,DISP-08187,OMC-009,Dalbit Petroleum,LPG,2025-09-06,144618
INV-83356,DISP-04536,OMC-010,Tamoil,DPK,2025-11-17,53199
INV-75437,DISP-04292,OMC-002,Vivo Energy,PMS,2026-05-14,100458
INV-54375,DISP-00679,OMC-011,Hass Petroleum,PMS,2025-01-20,140061
INV-24426,DISP-04218,OMC-012,Galana Energies,HFO,2026-02-17,40242
INV-65843,DISP-00755,OMC-001,TotalEnergies Kenya,LPG,2026-03-29,140833
INV-76180,DISP-08569,OMC-003,Rubis Energy,AGO,2026-04-15,157446
INV-80050,DISP-01097,OMC-013,Lake Oil,JETA1,2025-06-13,51126
INV-82236,DISP-00490,OMC-012,Galana Energies,PMS,2026-04-23,42145
INV-20050,DISP-00356,OMC-007,Kobil,LUB,2025-08-01,255018
INV-24187,DISP-06941,OMC-004,Gulf Energy,DPK,2026-04-19,185694
INV-86684,DISP-05540,OMC-005,PetroOil Kenya,LUB,2026-04-14,194965
INV-76826,DISP-07978,OMC-010,Tamoil,JETA1,2025-06-04,106115
INV-86501,DISP-05228,OMC-011,Hass Petroleum,DPK,2026-06-03,87442
INV-98946,DISP-03415,OMC-002,Vivo Energy,LUB,2025-06-11,53341
INV-31844,DISP-09294,OMC-008,National Oil,HFO,2025-05-28,35590
INV-78433,DISP-08622,OMC-008,National Oil,AGO,2025-10-22,138273
INV-46342,DISP-05010,OMC-006,Hashi Energy,LPG,2025-10-03,190873
INV-11108,DISP-03597,OMC-017,KAA Aviation,PMS,2025-03-18," KES 38,403 "
INV-90952,DISP-08313,OMC-015,Mombasa Petroleum,DPK,2025-03-16,21177
INV-30134,DISP-00965,OMC-003,Rubis Energy,LUB,11/01/2026,44030
INV-16880,DISP-03730,OMC-013,Lake Oil,PMS,2025-06-18,63555
INV-19774,DISP-08606,OMC-010,Tamoil,DPK,2025-05-01,281396
INV-38257,DISP-06315,OMC-009,Dalbit Petroleum,LPG,2025-02-10,42765
INV-55187,DISP-06764,OMC-014,Texol Energies,LUB,2025-09-07,43108
INV-14658,DISP-00274,OMC-019,Tanzania Petroleum,LUB,2025-02-21,157134
INV-21284,DISP-07963,OMC-016,KPA Marine,LPG,2025-09-29,25621
INV-73454,DISP-06096,OMC-020,Ethiopian Oil,LPG,2025-03-14,40200
INV-68538,DISP-05615,OMC-018,Uganda National Oil,PMS,2025-07-10,175827
INV-67495,DISP-07382,OMC-015,Mombasa Petroleum,DPK,2025-06-28,150655
INV-74802,DISP-08441,OMC-005,PetroOil Kenya,HFO,2026-02-22,114212
INV-25200,DISP-02580,OMC-017,KAA Aviation,PMS,2026-01-21,45076
INV-32775,DISP-05664,OMC-007,Kobil,LPG,2025-03-16,21694
INV-10248,DISP-00492,OMC-013,Lake Oil,LUB,2025-09-21,27057
INV-91882,DISP-03266,OMC-010,Tamoil,JETA1,2025-11-14," KES 46,486 "
INV-40601,DISP-09020,OMC-002,Vivo Energy,PMS,2025-10-24,194579
INV-42408,DISP-00073,OMC-014,Texol Energies,HFO,2026-06-30,120271
INV-84143,DISP-07793,OMC-003,Rubis Energy,LUB,2025-11-20,110652
INV-29426,DISP-06459,OMC-005,PetroOil Kenya,DPK,2026-03-06,46188
INV-80953,DISP-01499,OMC-008,National Oil,DPK,2025-02-08," KES 240,308 "
INV-88718,DISP-02742,OMC-010,Tamoil,PMS,2025-12-28,143539
INV-27891,DISP-01748,OMC-003,Rubis Energy,AGO,2026-05-04," KES 39,297 "
INV-74031,DISP-01952,OMC-004,Gulf Energy,PMS,2026-04-14,185146
INV-70274,DISP-02985,OMC-011,Hass Petroleum,PMS,,36418
INV-55314,DISP-07266,OMC-004,Gulf Energy,PMS,2026-04-01,297181
INV-69885,DISP-06111,OMC-006,Hashi Energy,AGO,2025-03-11,250901
INV-33915,DISP-05553,OMC-006,Hashi Energy,HFO,2025-04-05,55139
INV-81924,DISP-00485,OMC-019,Tanzania Petroleum,JETA1,2025-07-04,24419
INV-56724,DISP-07307,OMC-017,KAA Aviation,LPG,,23239
INV-72015,DISP-08573,OMC-018,Uganda National Oil,AGO,2025-04-22,217157
INV-40182,DISP-03520,OMC-016,KPA Marine,LPG,27/03/2025,87911
INV-44228,DISP-07581,OMC-002,Vivo Energy,HFO,2025-04-18,194819
INV-36816,DISP-08941,OMC-008,National Oil,PMS,2025-12-07,232084
INV-59812,DISP-08989,OMC-019,Tanzania Petroleum,AGO,2026-03-10,33701
INV-23748,DISP-04627,OMC-003,Rubis Energy,LUB,2026-04-18,53238
INV-97399,DISP-02724,OMC-014,Texol Energies,JETA1,2026-04-21,32241
INV-35764,DISP-04393,OMC-019,Tanzania Petroleum,HFO,,167781
INV-38924,DISP-02850,OMC-014,Texol Energies,LUB,2026-03-07,25095
INV-25560,DISP-00791,OMC-018,Uganda National Oil,AGO,2025-03-31,28045
INV-66661,DISP-05434,OMC-019,Tanzania Petroleum,LPG,2025-04-26,161804
INV-19789,DISP-09819,OMC-020,Ethiopian Oil,AGO,2026-03-05,127723
INV-49920,DISP-02996,OMC-006,Hashi Energy,AGO,2025-11-01,105965
INV-61451,DISP-00454,OMC-007,Kobil,LPG,2025-12-20,152520
INV-15050,DISP-05132,OMC-018,Uganda National Oil,LUB,2025-04-24,131472
INV-79088,DISP-02624,OMC-013,Lake Oil,DPK,2025-11-30,266330
INV-55659,DISP-07155,OMC-009,Dalbit Petroleum,HFO,2025-10-28,106142
INV-75664,DISP-05648,OMC-014,Texol Energies,LUB,2025-02-04,191936
INV-61176,DISP-09885,OMC-010,Tamoil,DPK,2025-08-22,204774
INV-77652,DISP-01884,OMC-002,Vivo Energy,JETA1,2026-03-01,243244
INV-36182,DISP-09631,OMC-012,Galana Energies,LPG,2026-02-21,52133
INV-83289,DISP-07026,OMC-011,Hass Petroleum,HFO,2025-10-28,133034
INV-31448,DISP-00884,OMC-010,Tamoil,LUB,2026-04-12,144700
INV-67016,DISP-08247,OMC-007,Kobil,HFO,2025-02-22,53105
INV-74763,DISP-03781,OMC-008,National Oil,PMS,2025-06-20,250726
INV-62016,DISP-01301,OMC-008,National Oil,HFO,21/04/2025,201046
INV-99943,DISP-09509,OMC-020,Ethiopian Oil,JETA1,2026-04-30,179943
INV-83782,DISP-00087,OMC-016,KPA Marine,DPK,2026-04-25,40128
INV-78881,DISP-00519,OMC-019,Tanzania Petroleum,JETA1,2026-06-21,225141
INV-59601,DISP-04880,OMC-011,Hass Petroleum,PMS,2025-07-24,49745
INV-89520,DISP-09258,OMC-003,Rubis Energy,PMS,2025-12-21,62786
INV-48622,DISP-04230,OMC-020,Ethiopian Oil,LPG,2026-03-23,229641
INV-43823,DISP-06329,OMC-017,KAA Aviation,HFO,2026-03-08,199429
INV-10963,DISP-00271,OMC-016,KPA Marine,AGO,2025-02-18,204253
INV-77125,DISP-06742,OMC-006,Hashi Energy,PMS,2025-08-20,43913
INV-35760,DISP-09920,OMC-006,Hashi Energy,LPG,2025-07-26,195364
INV-88202,DISP-08690,OMC-014,Texol Energies,JETA1,2025-07-15,174474
INV-10766,DISP-03917,OMC-001,TotalEnergies Kenya,DPK,2026-06-10,47319
INV-61793,DISP-04746,OMC-018,Uganda National Oil,HFO,2026-02-06,33897
INV-79646,DISP-08292,OMC-013,Lake Oil,JETA1,2026-02-01,144199
INV-69526,DISP-06543,OMC-003,Rubis Energy,AGO,2025-05-13,208557
INV-89127,DISP-05311,OMC-007,Kobil,AGO,2025-02-27,204909
INV-18463,DISP-05467,OMC-004,Gulf Energy,LPG,2026-03-19,26435
INV-75642,DISP-06192,OMC-006,Hashi Energy,LPG,2026-05-31,177449
INV-15121,DISP-01775,OMC-020,Ethiopian Oil,HFO,2025-01-08,116300
INV-28936,DISP-09331,OMC-019,Tanzania Petroleum,LUB,2026-03-31,110238
INV-71419,DISP-07960,OMC-020,Ethiopian Oil,AGO,2026-05-29,180006
INV-52477,DISP-02968,OMC-020,Ethiopian Oil,HFO,2025-01-24,23478
INV-16493,DISP-03632,OMC-007,Kobil,LPG,2025-01-26,141326
INV-60993,DISP-08009,OMC-019,Tanzania Petroleum,LPG,2025-08-03,152772
INV-19138,DISP-09833,OMC-011,Hass Petroleum,LPG,2025-11-22,127299
INV-54008,DISP-03971,OMC-020,Ethiopian Oil,JETA1,2026-05-16,222569
INV-66425,DISP-06756,OMC-013,Lake Oil,JETA1,2025-12-15,29261
INV-61595,DISP-00332,OMC-016,KPA Marine,HFO,,23030
INV-86355,DISP-03713,OMC-004,Gulf Energy,LPG,2026-04-14,239633
INV-55903,DISP-07426,OMC-001,TotalEnergies Kenya,DPK,2026-06-06,51717
INV-50775,DISP-01351,OMC-003,Rubis Energy,AGO,2026-04-17,134099
INV-39754,DISP-00619,OMC-014,Texol Energies,AGO,2025-03-13,32217
INV-58943,DISP-06831,OMC-019,Tanzania Petroleum,JETA1,2025-04-03,61707
INV-36599,DISP-04053,OMC-020,Ethiopian Oil,LPG,2025-08-05,270376
INV-72926,DISP-01076,OMC-007,Kobil,LUB,2025-04-07,176661
INV-50117,DISP-00961,OMC-008,National Oil,AGO,2026-01-27,76462
INV-85008,DISP-02927,OMC-020,Ethiopian Oil,JETA1,2025-06-02,134601
INV-55042,DISP-08630,OMC-016,KPA Marine,DPK,2026-04-24,262144
INV-87436,DISP-02271,OMC-016,KPA Marine,LUB,2025-05-20,243801
INV-60085,DISP-08893,OMC-004,Gulf Energy,AGO,2026-02-25,47404
INV-34332,DISP-05377,OMC-006,Hashi Energy,AGO,28/05/2025,61560
INV-85436,DISP-04578,OMC-014,Texol Energies,AGO,2025-07-10,49244
INV-54267,DISP-02511,OMC-013,Lake Oil,DPK,2026-06-23,280394
INV-82103,DISP-04291,OMC-009,Dalbit Petroleum,JETA1,2025-10-23,195010
INV-66230,DISP-00113,OMC-018,Uganda National Oil,HFO,2025-07-13,33317
INV-77855,DISP-07967,OMC-001,TotalEnergies Kenya,AGO,2026-02-08,133536
INV-20942,DISP-02630,OMC-011,Hass Petroleum,AGO,2025-03-24,201066
INV-62149,DISP-00182,OMC-007,Kobil,DPK,2026-03-19,222160
INV-98778,DISP-07520,OMC-016,KPA Marine,DPK,2025-08-21,37990
INV-45611,DISP-06392,OMC-012,Galana Energies,LUB,," KES 60,736 "
INV-28234,DISP-07945,OMC-002,Vivo Energy,LPG,2026-01-22,23605
INV-48321,DISP-03371,OMC-014,Texol Energies,PMS,2026-06-21,209644
INV-41600,DISP-09322,OMC-003,Rubis Energy,DPK,2025-06-08,232201
INV-18322,DISP-07192,OMC-007,Kobil,PMS,2026-05-14,63926
INV-91793,DISP-08961,OMC-017,KAA Aviation,PMS,2026-04-24,184572
INV-55088,DISP-09853,OMC-014,Texol Energies,JETA1,2025-03-05," KES 120,604 "
INV-85285,DISP-07734,OMC-014,Texol Energies,LPG,2025-06-21,57143
INV-96579,DISP-01684,OMC-013,Lake Oil,LPG,2025-10-30,39190
INV-31327,DISP-00820,OMC-016,KPA Marine,LPG,2025-02-10,257590
INV-40572,DISP-03982,OMC-005,PetroOil Kenya,DPK,2026-04-19,41903
INV-43105,DISP-02747,OMC-014,Texol Energies,JETA1,2025-06-19,135963
INV-82520,DISP-02769,OMC-018,Uganda National Oil,JETA1,2025-11-25,151337
INV-76982,DISP-09324,OMC-014,Texol Energies,PMS,2025-05-16,118865
INV-29142,DISP-01771,OMC-008,National Oil,JETA1,2025-01-15,194870
INV-74008,DISP-08031,OMC-010,Tamoil,LUB,2025-06-11,268566
INV-44350,DISP-04989,OMC-016,KPA Marine,JETA1,2025-03-08,220470
INV-64547,DISP-03443,OMC-007,Kobil,AGO,2026-01-26,184999
INV-38429,DISP-04341,OMC-013,Lake Oil,LPG,2026-01-27,288333
INV-11588,DISP-03712,OMC-014,Texol Energies,DPK,2025-11-27,236190
INV-33617,DISP-05121,OMC-010,Tamoil,AGO,2025-07-06,62072
INV-64332,DISP-04524,OMC-014,Texol Energies,AGO,2025-07-20,29176
INV-26439,DISP-07725,OMC-017,KAA Aviation,AGO,2025-12-20,29879
INV-19804,DISP-04426,OMC-018,Uganda National Oil,JETA1,,261017
INV-13689,DISP-09899,OMC-017,KAA Aviation,PMS,2026-02-17," KES 26,469 "
INV-32202,DISP-03389,OMC-012,Galana Energies,DPK,2026-03-12,90679
INV-20770,DISP-09247,OMC-019,Tanzania Petroleum,DPK,2025-04-09,25326
INV-55642,DISP-00167,OMC-020,Ethiopian Oil,PMS,2025-02-19,31481
INV-76350,DISP-02280,OMC-013,Lake Oil,HFO,2025-09-29,184704
INV-36795,DISP-07589,OMC-003,Rubis Energy,HFO,2025-08-24,206140
INV-96268,DISP-04366,OMC-004,Gulf Energy,DPK,,217168
INV-48387,DISP-07351,OMC-020,Ethiopian Oil,PMS,2026-02-09,254820
INV-25928,DISP-06465,OMC-011,Hass Petroleum,HFO,2025-10-11,126093
INV-96267,DISP-03821,OMC-001,TotalEnergies Kenya,HFO,2026-05-21,31338
INV-65567,DISP-04738,OMC-017,KAA Aviation,HFO,2025-07-31,248239
INV-54020,DISP-05460,OMC-003,Rubis Energy,JETA1,2026-04-15,213384
INV-80487,DISP-00939,OMC-001,TotalEnergies Kenya,LPG,2026-01-09,174477
INV-48948,DISP-06344,OMC-001,TotalEnergies Kenya,HFO,2025-05-02,24180
INV-62167,DISP-02480,OMC-010,Tamoil,JETA1,2025-05-23," KES 38,280 "
INV-31027,DISP-01998,OMC-014,Texol Energies,AGO,2026-04-08,99235
INV-83985,DISP-06702,OMC-002,Vivo Energy,LUB,2026-02-14,141258
INV-64494,DISP-01261,OMC-001,TotalEnergies Kenya,JETA1,2025-02-08," KES 174,844 "
INV-17437,DISP-06667,OMC-009,Dalbit Petroleum,HFO,2026-05-15,34379
INV-95262,DISP-06253,OMC-010,Tamoil,LUB,2025-10-07,219873
INV-72275,DISP-01387,OMC-004,Gulf Energy,DPK,2026-02-08,90854
INV-90873,DISP-00389,OMC-014,Texol Energies,HFO,2026-04-16,204281
INV-12535,DISP-09954,OMC-007,Kobil,LPG,2025-08-02,200757
INV-51947,DISP-02135,OMC-012,Galana Energies,AGO,2026-04-10,61551
INV-63274,DISP-00164,OMC-016,KPA Marine,PMS,2025-09-10,136954
INV-29839,DISP-02683,OMC-014,Texol Energies,LPG,2026-02-03,36628
INV-58505,DISP-02618,OMC-015,Mombasa Petroleum,LUB,2026-02-06,221595
INV-40446,DISP-09357,OMC-017,KAA Aviation,PMS,2025-12-02,214587
INV-54854,DISP-04157,OMC-015,Mombasa Petroleum,AGO,2025-04-18,143159
INV-64609,DISP-08651,OMC-016,KPA Marine,PMS,2025-04-22,251610
INV-84827,DISP-01723,OMC-015,Mombasa Petroleum,DPK,2026-04-24,237520
INV-87222,DISP-07974,OMC-008,National Oil,DPK,2026-06-20,238895
INV-77448,DISP-04004,OMC-015,Mombasa Petroleum,DPK,2025-03-22,249567
INV-27986,DISP-04844,OMC-012,Galana Energies,AGO,2026-04-20,40547
INV-13626,DISP-03734,OMC-005,PetroOil Kenya,AGO,2026-03-09,270890
INV-84922,DISP-06659,OMC-008,National Oil,JETA1,2025-08-02,143931
INV-77398,DISP-09553,OMC-003,Rubis Energy,JETA1,2025-05-25,54784
INV-72000,DISP-06030,OMC-011,Hass Petroleum,AGO,2026-06-03,170190
INV-98596,DISP-04090,OMC-006,Hashi Energy,LPG,2025-04-27,156509
INV-89963,DISP-01324,OMC-013,Lake Oil,LPG,2025-10-09,21306
INV-94491,DISP-03249,OMC-019,Tanzania Petroleum,JETA1,2025-07-07,57121
INV-90949,DISP-00451,OMC-011,Hass Petroleum,LUB,2025-05-08,165191
INV-59889,DISP-09521,OMC-002,Vivo Energy,PMS,," KES 40,778 "
INV-71819,DISP-01425,OMC-001,TotalEnergies Kenya,DPK,2025-07-11,60330
INV-27075,DISP-02566,OMC-014,Texol Energies,DPK,2025-03-20,41971
INV-40703,DISP-04314,OMC-005,PetroOil Kenya,LPG,2026-04-11,343011
INV-22322,DISP-01386,OMC-019,Tanzania Petroleum,JETA1,2025-03-01,37134
INV-25080,DISP-03915,OMC-011,Hass Petroleum,AGO,2025-10-15,207425
INV-31995,DISP-02385,OMC-013,Lake Oil,DPK,2026-05-06,61668
INV-91692,DISP-04105,OMC-012,Galana Energies,HFO,2026-02-16,44684
INV-59549,DISP-04111,OMC-011,Hass Petroleum,LPG,2026-02-05,120062
INV-55289,DISP-07066,OMC-006,Hashi Energy,LUB,2025-10-03,48744
INV-34176,DISP-04657,OMC-018,Uganda National Oil,LPG,2025-12-27,113004
INV-25705,DISP-08869,OMC-001,TotalEnergies Kenya,JETA1,2025-06-24,22361
INV-89478,DISP-07373,OMC-003,Rubis Energy,LPG,2025-02-23,178988
INV-20485,DISP-09140,OMC-009,Dalbit Petroleum,AGO,2025-06-03,119156
INV-74790,DISP-03165,OMC-006,Hashi Energy,HFO,2026-06-10,52395
INV-24394,DISP-02127,OMC-006,Hashi Energy,DPK,2026-05-24,267943
INV-44835,DISP-09290,OMC-013,Lake Oil,DPK,2026-05-02,101143
INV-92267,DISP-09688,OMC-012,Galana Energies,HFO,2026-02-13,238264
INV-64681,DISP-02813,OMC-001,TotalEnergies Kenya,JETA1,2025-06-05,153510
INV-40166,DISP-06701,OMC-016,KPA Marine,LUB,2026-04-12,57529
INV-40624,DISP-03653,OMC-011,Hass Petroleum,HFO,2026-03-22,261526
INV-93590,DISP-02829,OMC-016,KPA Marine,LUB,2025-02-06,183229
INV-98170,DISP-00559,OMC-008,National Oil,AGO,2025-04-16,95693
INV-69032,DISP-04184,OMC-008,National Oil,PMS,2025-06-23,38362
INV-52743,DISP-03698,OMC-004,Gulf Energy,PMS,2026-02-15,26097
INV-39609,DISP-01947,OMC-008,National Oil,PMS,2025-12-18,217128
INV-95793,DISP-00129,OMC-002,Vivo Energy,DPK,2026-07-04,116385
INV-63144,DISP-01134,OMC-014,Texol Energies,LUB,2026-02-20,140751
INV-57870,DISP-07214,OMC-008,National Oil,LPG,2025-03-16,57240
INV-15089,DISP-02233,OMC-017,KAA Aviation,AGO,2026-05-25,56151
INV-28302,DISP-06962,OMC-001,TotalEnergies Kenya,JETA1,17/09/2025,208559
INV-90787,DISP-04615,OMC-018,Uganda National Oil,JETA1,2025-07-11,222629
INV-75125,DISP-05220,OMC-010,Tamoil,AGO,2026-01-22,47248
INV-44275,DISP-03374,OMC-017,KAA Aviation,LUB,2025-10-16,226117
INV-23168,DISP-07595,OMC-014,Texol Energies,DPK,2025-04-27,147366
INV-39836,DISP-04195,OMC-019,Tanzania Petroleum,HFO,,153546
INV-81924,DISP-00485,OMC-019,Tanzania Petroleum,JETA1,2025-07-04,24419
INV-42030,DISP-00067,OMC-008,National Oil,PMS,2026-05-02,267088
INV-19333,DISP-03888,OMC-018,Uganda National Oil,PMS,2025-06-13,137821
INV-47438,DISP-06002,OMC-006,Hashi Energy,LPG,2025-03-31,170223
INV-39005,DISP-02133,OMC-018,Uganda National Oil,JETA1,2026-02-09,44400
INV-95660,DISP-09749,OMC-016,KPA Marine,JETA1,2026-03-06,75794
INV-83239,DISP-07812,OMC-008,National Oil,PMS,2026-06-23,189337
INV-70056,DISP-03722,OMC-018,Uganda National Oil,LPG,23/04/2026,32453
INV-35528,DISP-06644,OMC-008,National Oil,JETA1,2026-05-15," KES 130,442 "
INV-73956,DISP-03841,OMC-015,Mombasa Petroleum,LPG,2026-03-15,55678
INV-46584,DISP-04585,OMC-008,National Oil,DPK,2025-08-29,192480
INV-44330,DISP-09500,OMC-013,Lake Oil,AGO,2026-03-02,61066
INV-77149,DISP-02978,OMC-020,Ethiopian Oil,AGO,2025-01-08,50103
INV-57075,DISP-06245,OMC-002,Vivo Energy,LPG,2026-05-31,44977
INV-17501,DISP-04586,OMC-003,Rubis Energy,PMS,2025-07-16,30205
INV-91930,DISP-07196,OMC-019,Tanzania Petroleum,LPG,2025-11-16," KES 122,338 "
INV-95829,DISP-08276,OMC-020,Ethiopian Oil,LUB,2025-10-17,22031
INV-88934,DISP-01115,OMC-017,KAA Aviation,HFO,2025-10-31,26097
INV-74411,DISP-05455,OMC-008,National Oil,HFO,2025-02-22,147813
INV-31764,DISP-05500,OMC-020,Ethiopian Oil,LUB,2026-01-21,36806
INV-76208,DISP-05872,OMC-001,TotalEnergies Kenya,LUB,2025-06-13,30077
INV-44899,DISP-06550,OMC-014,Texol Energies,DPK,11/04/2026,254655
INV-53082,DISP-05874,OMC-019,Tanzania Petroleum,AGO,23/01/2025,259975
INV-71763,DISP-04919,OMC-008,National Oil,LUB,2025-11-26,36439
INV-43142,DISP-01367,OMC-017,KAA Aviation,JETA1,2025-07-28,97186
INV-65954,DISP-07721,OMC-005,PetroOil Kenya,HFO,2026-04-15,178058
INV-93223,DISP-05176,OMC-007,Kobil,DPK,2025-01-09,30507
INV-34173,DISP-03668,OMC-008,National Oil,DPK,2026-06-01,40953
INV-19799,DISP-00152,OMC-020,Ethiopian Oil,PMS,2026-05-17,253138
INV-45301,DISP-02671,OMC-012,Galana Energies,JETA1,2026-04-16,41662
INV-34031,DISP-03331,OMC-005,PetroOil Kenya,JETA1,2026-04-23,185007
INV-22232,DISP-06981,OMC-004,Gulf Energy,DPK,2026-04-30,90946
INV-75265,DISP-09951,OMC-016,KPA Marine,JETA1,2025-09-23,224270
INV-19070,DISP-01327,OMC-003,Rubis Energy,DPK,2025-04-28,22870
INV-99615,DISP-09823,OMC-015,Mombasa Petroleum,LPG,2025-07-30,277703
INV-48372,DISP-08344,OMC-006,Hashi Energy,AGO,2025-01-30,76017
INV-18814,DISP-07837,OMC-016,KPA Marine,LUB,2026-05-10,51412
INV-66125,DISP-06601,OMC-006,Hashi Energy,PMS,2026-01-27,103257
INV-92991,DISP-04945,OMC-018,Uganda National Oil,HFO,2025-08-13,50987
INV-62103,DISP-00063,OMC-002,Vivo Energy,LPG,2026-05-30,48248
INV-73371,DISP-07571,OMC-017,KAA Aviation,PMS,2025-06-24,155174
INV-49054,DISP-00940,OMC-013,Lake Oil,LPG,2025-06-07,35818
INV-27047,DISP-05211,OMC-003,Rubis Energy,LUB,2026-02-26,35372
INV-89107,DISP-09879,OMC-013,Lake Oil,LPG,2026-01-23,35997
INV-37555,DISP-01526,OMC-005,PetroOil Kenya,DPK,2026-02-28,98726
INV-63274,DISP-05519,OMC-011,Hass Petroleum,PMS,2025-08-07,275287
INV-67311,DISP-02534,OMC-001,TotalEnergies Kenya,JETA1,2025-04-10,125982
INV-67677,DISP-04453,OMC-001,TotalEnergies Kenya,PMS,2025-07-08,27853
INV-49783,DISP-01419,OMC-014,Texol Energies,LPG,2025-08-08,165429
INV-66248,DISP-09440,OMC-016,KPA Marine,HFO,2025-07-10,187448
INV-23716,DISP-05344,OMC-001,TotalEnergies Kenya,JETA1,2026-04-10,43253
INV-73242,DISP-01021,OMC-017,KAA Aviation,HFO,2026-04-26,129826
INV-74513,DISP-00482,OMC-007,Kobil,DPK,2026-03-08,48777
INV-68973,DISP-03580,OMC-010,Tamoil,DPK,05/09/2025,135850
INV-57104,DISP-03763,OMC-009,Dalbit Petroleum,LUB,2026-03-18,55421
INV-21798,DISP-02465,OMC-014,Texol Energies,PMS,12/05/2025,94072
INV-62027,DISP-07042,OMC-010,Tamoil,PMS,2025-07-29,119707
INV-14629,DISP-03743,OMC-020,Ethiopian Oil,LUB,2025-02-24,59728
INV-76264,DISP-09135,OMC-016,KPA Marine,AGO,2025-12-08,174580
INV-87082,DISP-09002,OMC-015,Mombasa Petroleum,PMS,2026-01-16,27120
INV-58265,DISP-01177,OMC-019,Tanzania Petroleum,AGO,2025-12-07,56721
INV-57818,DISP-09988,OMC-014,Texol Energies,DPK,,197746
INV-65042,DISP-01988,OMC-009,Dalbit Petroleum,HFO,2025-08-23,198059
INV-91609,DISP-01932,OMC-006,Hashi Energy,JETA1,2025-12-02,204443
INV-80404,DISP-01046,OMC-014,Texol Energies,DPK,2026-04-21,205771
INV-47981,DISP-01599,OMC-020,Ethiopian Oil,DPK,2026-05-12,30883
INV-25488,DISP-01487,OMC-010,Tamoil,PMS,2025-03-22,43867
INV-90450,DISP-09811,OMC-013,Lake Oil,PMS,2026-01-08,178069
INV-35251,DISP-06407,OMC-016,KPA Marine,PMS,2026-06-26,114982
INV-23284,DISP-07818,OMC-004,Gulf Energy,LPG,2026-02-26,172242
INV-36578,DISP-01962,OMC-008,National Oil,DPK,2025-04-27,193815
INV-19402,DISP-03509,OMC-017,KAA Aviation,AGO,2025-08-10,53246
INV-17245,DISP-04811,OMC-009,Dalbit Petroleum,LPG,2025-06-08,158928
INV-68473,DISP-07569,OMC-017,KAA Aviation,AGO,2025-08-14,111063
INV-61813,DISP-01739,OMC-015,Mombasa Petroleum,AGO,2025-01-19,182668
INV-86123,DISP-03994,OMC-013,Lake Oil,JETA1,2026-05-29," KES 270,385 "
INV-90616,DISP-04065,OMC-001,TotalEnergies Kenya,LUB,2026-05-15,155631
INV-46205,DISP-05264,OMC-005,PetroOil Kenya,LUB,2026-02-17,55599
INV-48749,DISP-04349,OMC-004,Gulf Energy,PMS,2026-03-18,71558
INV-46898,DISP-00928,OMC-008,National Oil,LUB,2025-01-10,121355
INV-66365,DISP-02861,OMC-018,Uganda National Oil,JETA1,2025-06-02,102072
INV-21261,DISP-03640,OMC-015,Mombasa Petroleum,HFO,2025-07-18,132093
INV-28552,DISP-09214,OMC-014,Texol Energies,HFO,2026-03-25,40250
INV-92783,DISP-07833,OMC-004,Gulf Energy,LPG,2026-04-09," KES 122,474 "
INV-70737,DISP-06205,OMC-019,Tanzania Petroleum,JETA1,2026-03-28,137094
INV-71218,DISP-01981,OMC-005,PetroOil Kenya,PMS,2026-02-23,42756
INV-43035,DISP-03044,OMC-002,Vivo Energy,JETA1,2025-06-01,59674
INV-77200,DISP-06810,OMC-001,TotalEnergies Kenya,LUB,2025-08-18,157828
INV-56904,DISP-01003,OMC-007,Kobil,HFO,2025-05-30,98770
INV-75411,DISP-06972,OMC-003,Rubis Energy,HFO,2025-03-05,249781
INV-12695,DISP-07297,OMC-008,National Oil,LPG,2025-07-23,168077
INV-72380,DISP-05372,OMC-016,KPA Marine,JETA1,2025-03-23,101583
INV-95471,DISP-00670,OMC-006,Hashi Energy,AGO,2025-03-12,141136
INV-25217,DISP-00372,OMC-005,PetroOil Kenya,LPG,2026-03-12,271009
INV-81645,DISP-08405,OMC-004,Gulf Energy,JETA1,2026-03-08,38689
INV-69945,DISP-09503,OMC-014,Texol Energies,LUB,25/02/2026,184449
INV-45652,DISP-01239,OMC-019,Tanzania Petroleum,JETA1,2025-11-21,251140
INV-30132,DISP-01368,OMC-006,Hashi Energy,DPK,2025-12-13,35092
INV-56488,DISP-01323,OMC-013,Lake Oil,AGO,2025-12-07,27588
INV-88447,DISP-07287,OMC-003,Rubis Energy,LUB,2025-11-07,151078
INV-53538,DISP-08629,OMC-016,KPA Marine,PMS,2025-09-17,78097
INV-59699,DISP-05217,OMC-011,Hass Petroleum,AGO,2025-05-23,120376
INV-23955,DISP-04092,OMC-001,TotalEnergies Kenya,AGO,2025-09-16,155593
INV-13521,DISP-05548,OMC-017,KAA Aviation,DPK,27/03/2026,50508
INV-53156,DISP-06388,OMC-010,Tamoil,HFO,2025-11-25,142792
INV-83790,DISP-07853,OMC-006,Hashi Energy,LPG,2025-01-25,40632
INV-40133,DISP-03936,OMC-010,Tamoil,DPK,2025-05-26,58270
INV-77299,DISP-09080,OMC-014,Texol Energies,HFO,2025-02-10,188765
INV-42249,DISP-08474,OMC-013,Lake Oil,LUB,2025-05-17,174920
INV-99956,DISP-06928,OMC-009,Dalbit Petroleum,AGO,2026-01-30,196313
INV-35576,DISP-04473,OMC-017,KAA Aviation,LPG,2026-06-10,61437
INV-78591,DISP-06865,OMC-017,KAA Aviation,LPG,2025-07-17,61630
INV-64293,DISP-09903,OMC-020,Ethiopian Oil,AGO,2025-03-16,209341
INV-91439,DISP-08976,OMC-012,Galana Energies,PMS,2026-04-05,51279
INV-48164,DISP-08293,OMC-015,Mombasa Petroleum,JETA1,2026-05-01,144192
INV-39981,DISP-05062,OMC-013,Lake Oil,JETA1,2025-05-12,190440
INV-32898,DISP-01167,OMC-006,Hashi Energy,JETA1,2025-02-28,30476
INV-53318,DISP-06043,OMC-018,Uganda National Oil,DPK,08/05/2026,156084
INV-25014,DISP-07440,OMC-015,Mombasa Petroleum,AGO,2025-12-04,33445
INV-23714,DISP-03583,OMC-008,National Oil,HFO,2025-07-30,139158
INV-75134,DISP-00216,OMC-011,Hass Petroleum,PMS,2025-03-27,129518
INV-54303,DISP-00683,OMC-020,Ethiopian Oil,JETA1,2025-04-13,42362
INV-39859,DISP-09646,OMC-014,Texol Energies,PMS,,51108
INV-95653,DISP-06642,OMC-002,Vivo Energy,LUB,2025-01-21,54317
INV-59115,DISP-06103,OMC-013,Lake Oil,HFO,2025-02-14,196055
INV-10427,DISP-09922,OMC-003,Rubis Energy,DPK,2025-01-27,35235
INV-34558,DISP-06461,OMC-001,TotalEnergies Kenya,AGO,15/11/2025,50683
INV-21783,DISP-01169,OMC-018,Uganda National Oil,LPG,2026-05-23,51754
INV-53963,DISP-03138,OMC-018,Uganda National Oil,LUB,2025-02-23,143876
INV-52007,DISP-03322,OMC-019,Tanzania Petroleum,AGO,2026-04-09,37144
INV-55218,DISP-07744,OMC-002,Vivo Energy,JETA1,2025-12-20,46594
INV-53640,DISP-09035,OMC-017,KAA Aviation,JETA1,2026-06-05,32029
INV-37114,DISP-03925,OMC-013,Lake Oil,LPG,2025-05-07,52709
INV-58203,DISP-00680,OMC-019,Tanzania Petroleum,LUB,17/04/2025," KES 44,488 "
INV-22808,DISP-04713,OMC-015,Mombasa Petroleum,LUB,2025-02-03,195092
INV-85177,DISP-06063,OMC-012,Galana Energies,AGO,05/03/2026,255195
INV-85867,DISP-03459,OMC-008,National Oil,PMS,2025-09-26,110434
INV-79114,DISP-06544,OMC-008,National Oil,JETA1,27/02/2025,61778
INV-19294,DISP-06365,OMC-013,Lake Oil,HFO,2025-10-09,42724
INV-13996,DISP-03715,OMC-017,KAA Aviation,HFO,2025-09-26,218860
INV-50638,DISP-08997,OMC-003,Rubis Energy,PMS,2025-09-12,142132
INV-99024,DISP-05365,OMC-004,Gulf Energy,JETA1,2026-03-18,150431
INV-80235,DISP-06533,OMC-017,KAA Aviation,DPK,2026-05-24,53083
INV-74848,DISP-07846,OMC-009,Dalbit Petroleum,LPG,2025-07-07,108712
INV-33426,DISP-05900,OMC-013,Lake Oil,PMS,2026-01-16,250838
INV-35105,DISP-00530,OMC-016,KPA Marine,HFO,2025-02-04,31392
INV-72336,DISP-07377,OMC-016,KPA Marine,AGO,2025-06-27,60591
INV-76890,DISP-07208,OMC-002,Vivo Energy,HFO,2025-06-05,155468
INV-14042,DISP-04190,OMC-018,Uganda National Oil,JETA1,2025-02-01,20895
INV-41989,DISP-09648,OMC-019,Tanzania Petroleum,DPK,2026-04-11,129837
INV-71499,DISP-08052,OMC-001,TotalEnergies Kenya,LUB,2026-04-22,49643
INV-22073,DISP-08497,OMC-017,KAA Aviation,LUB,2026-06-01,40766
INV-96004,DISP-09393,OMC-002,Vivo Energy,HFO,2025-11-13,53442
INV-71124,DISP-09978,OMC-002,Vivo Energy,DPK,2025-11-13,25403
INV-71507,DISP-04889,OMC-020,Ethiopian Oil,JETA1,2026-02-06,248549
INV-13605,DISP-00678,OMC-012,Galana Energies,HFO,2026-05-01,183644
INV-45205,DISP-09505,OMC-018,Uganda National Oil,LPG,2025-11-11,32551
INV-49795,DISP-03111,OMC-012,Galana Energies,HFO,2026-03-26,22037
INV-20602,DISP-06300,OMC-017,KAA Aviation,HFO,2025-03-14,131453
INV-99548,DISP-02403,OMC-016,KPA Marine,HFO,2026-07-01,218937
INV-50593,DISP-09901,OMC-006,Hashi Energy,JETA1,2026-06-22,178041
INV-53914,DISP-02565,OMC-011,Hass Petroleum,LPG,2026-04-29,50993
INV-89536,DISP-03456,OMC-019,Tanzania Petroleum,LUB,2025-05-13,25184
INV-52222,DISP-05734,OMC-010,Tamoil,AGO,2025-11-19,178075
INV-50926,DISP-02421,OMC-005,PetroOil Kenya,LPG,2026-03-10,241528
INV-98528,DISP-07296,OMC-011,Hass Petroleum,PMS,2025-02-11,22168
INV-88794,DISP-02782,OMC-013,Lake Oil,DPK,2025-03-30,57616
INV-77834,DISP-03474,OMC-004,Gulf Energy,DPK,2026-04-17,212622
INV-75421,DISP-00361,OMC-006,Hashi Energy,LUB,2025-12-11,39408
INV-90280,DISP-03902,OMC-014,Texol Energies,JETA1,2025-04-19,39801
INV-81799,DISP-08494,OMC-016,KPA Marine,HFO,2025-07-10,231541
INV-38873,DISP-02128,OMC-003,Rubis Energy,JETA1,2025-08-09,246354
INV-15982,DISP-00410,OMC-002,Vivo Energy,PMS,2025-11-12,26430
INV-38356,DISP-01272,OMC-001,TotalEnergies Kenya,AGO,," KES 126,932 "
INV-48777,DISP-09971,OMC-009,Dalbit Petroleum,LPG,2025-08-28,33128
INV-10719,DISP-07036,OMC-017,KAA Aviation,AGO,,40331
INV-27669,DISP-08350,OMC-003,Rubis Energy,DPK,2025-01-26,23919
INV-59941,DISP-00349,OMC-003,Rubis Energy,AGO,2025-07-14,155806
INV-62806,DISP-05186,OMC-011,Hass Petroleum,LUB,2026-03-23,52193
INV-28856,DISP-01686,OMC-009,Dalbit Petroleum,LPG,,58983
INV-70583,DISP-08005,OMC-010,Tamoil,DPK,2026-06-28,127994
INV-53460,DISP-05183,OMC-010,Tamoil,LPG,2025-07-01,273636
INV-70508,DISP-09887,OMC-008,National Oil,JETA1,2025-08-03,44568
INV-41141,DISP-07856,OMC-009,Dalbit Petroleum,LUB,2025-11-26,212420
INV-11913,DISP-09533,OMC-011,Hass Petroleum,PMS,2025-09-04,113966
INV-14051,DISP-05946,OMC-014,Texol Energies,AGO,2026-04-28,61067
INV-60525,DISP-09752,OMC-007,Kobil,PMS,2026-04-17,42990
INV-30477,DISP-08886,OMC-013,Lake Oil,PMS,2025-04-10,38219
INV-69897,DISP-03615,OMC-011,Hass Petroleum,JETA1,2026-04-17,299404
INV-12775,DISP-00483,OMC-005,PetroOil Kenya,LPG,2026-03-17,234167
INV-69206,DISP-02786,OMC-012,Galana Energies,DPK,2026-03-03,131963
INV-39258,DISP-07459,OMC-016,KPA Marine,LUB,2025-08-22,151742
INV-35539,DISP-04940,OMC-014,Texol Energies,AGO,2025-02-18,121473
INV-38061,DISP-00988,OMC-015,Mombasa Petroleum,DPK,2026-01-25,155802
INV-31519,DISP-03543,OMC-005,PetroOil Kenya,JETA1,2026-02-07," KES 44,103 "
INV-21354,DISP-08563,OMC-005,PetroOil Kenya,LPG,2026-05-02,34737
INV-62168,DISP-06967,OMC-003,Rubis Energy,JETA1,2026-02-23,181025
INV-69716,DISP-08792,OMC-009,Dalbit Petroleum,AGO,2026-06-12,259210
INV-36170,DISP-06583,OMC-018,Uganda National Oil,JETA1,2025-08-06,42199
INV-43603,DISP-02181,OMC-009,Dalbit Petroleum,PMS,2026-06-17,97068
INV-14725,DISP-05243,OMC-009,Dalbit Petroleum,AGO,2025-06-10,46648
INV-70873,DISP-06794,OMC-010,Tamoil,LUB,2026-06-02,228240
INV-65914,DISP-07354,OMC-015,Mombasa Petroleum,AGO,2025-02-12,136767
INV-25927,DISP-00908,OMC-006,Hashi Energy,JETA1,2025-07-21,35556
INV-85971,DISP-05395,OMC-017,KAA Aviation,PMS,2025-11-01,38015
INV-50170,DISP-01790,OMC-012,Galana Energies,JETA1,2026-05-02,97261
INV-23411,DISP-02595,OMC-005,PetroOil Kenya,LUB,2026-02-08,168269
INV-25132,DISP-05452,OMC-018,Uganda National Oil,LUB,2025-01-25,157512
INV-59004,DISP-02950,OMC-017,KAA Aviation,AGO,2026-03-11,131978
INV-88743,DISP-09298,OMC-007,Kobil,LUB,2026-05-05,204177
INV-75522,DISP-07985,OMC-016,KPA Marine,HFO,2025-06-19,126885
INV-96964,DISP-07570,OMC-009,Dalbit Petroleum,LPG,2025-11-29,178972
INV-38532,DISP-03365,OMC-006,Hashi Energy,DPK,2025-09-08,202886
INV-79803,DISP-03774,OMC-007,Kobil,LUB,2026-04-10,145196
INV-85161,DISP-01216,OMC-019,Tanzania Petroleum,PMS,2025-11-11," KES 197,884 "
INV-39019,DISP-09224,OMC-009,Dalbit Petroleum,JETA1,2026-02-06,24565
INV-52839,DISP-03362,OMC-010,Tamoil,AGO,2025-05-14,57557
INV-52124,DISP-03161,OMC-012,Galana Energies,JETA1,2026-04-01,174901
INV-69812,DISP-06695,OMC-013,Lake Oil,PMS,2026-01-31,63533
INV-59857,DISP-00023,OMC-011,Hass Petroleum,JETA1,2025-11-20,126058
INV-45444,DISP-08756,OMC-015,Mombasa Petroleum,HFO,2025-05-17,193660
INV-10321,DISP-09528,OMC-011,Hass Petroleum,PMS,2025-10-14,29989
INV-45936,DISP-02787,OMC-007,Kobil,PMS,2026-07-04,48522
INV-29707,DISP-09902,OMC-006,Hashi Energy,DPK,2025-01-30,38581
INV-74798,DISP-02867,OMC-006,Hashi Energy,HFO,2026-04-16,74152
INV-94469,DISP-05472,OMC-012,Galana Energies,JETA1,2026-03-21,109810
INV-65555,DISP-06721,OMC-018,Uganda National Oil,DPK,2026-02-16,153649
INV-61124,DISP-06040,OMC-007,Kobil,DPK,2025-10-09,34814
INV-26883,DISP-02727,OMC-016,KPA Marine,LUB,2025-06-12,35338
INV-70087,DISP-02997,OMC-007,Kobil,HFO,2025-04-22,54961
INV-82691,DISP-07345,OMC-012,Galana Energies,HFO,2026-04-02," KES 304,219 "
INV-10246,DISP-01891,OMC-001,TotalEnergies Kenya,DPK,2025-06-01,102760
INV-17036,DISP-00685,OMC-013,Lake Oil,LPG,2025-01-09,111242
INV-40081,DISP-01379,OMC-016,KPA Marine,DPK,2025-09-21,61784
INV-62583,DISP-05437,OMC-010,Tamoil,DPK,2026-02-27,111767
INV-57100,DISP-09636,OMC-017,KAA Aviation,AGO,2025-11-27,42042
INV-52911,DISP-03687,OMC-019,Tanzania Petroleum,AGO,2026-06-01,201651
INV-69039,DISP-07254,OMC-003,Rubis Energy,LPG,2025-08-17,124242
INV-49400,DISP-09745,OMC-017,KAA Aviation,LUB,2025-03-14,199232
INV-78077,DISP-00281,OMC-005,PetroOil Kenya,LPG,2026-04-13,60511
INV-59871,DISP-01120,OMC-009,Dalbit Petroleum,JETA1,2025-04-08,59070
INV-63399,DISP-05731,OMC-013,Lake Oil,PMS,2025-03-19," KES 53,889 "
INV-39343,DISP-08088,OMC-017,KAA Aviation,DPK,2025-08-21,27742
INV-16989,DISP-01411,OMC-003,Rubis Energy,AGO,,120116
INV-59120,DISP-02276,OMC-012,Galana Energies,DPK,2026-04-28,205757
INV-14969,DISP-06657,OMC-017,KAA Aviation,DPK,2026-03-15,35318
INV-70157,DISP-01777,OMC-004,Gulf Energy,HFO,2026-03-24,63610
INV-87554,DISP-05004,OMC-008,National Oil,LPG,2025-12-05,49656
INV-86596,DISP-06754,OMC-005,PetroOil Kenya,PMS,2026-02-21,37136
INV-77733,DISP-05532,OMC-019,Tanzania Petroleum,AGO,29/04/2026,25555
INV-54843,DISP-02743,OMC-020,Ethiopian Oil,HFO,26/05/2026,41507
INV-18178,DISP-06254,OMC-010,Tamoil,DPK,2025-06-20,42785
INV-71900,DISP-03494,OMC-015,Mombasa Petroleum,PMS,2025-04-18,186308
INV-57168,DISP-01186,OMC-004,Gulf Energy,AGO,2026-03-19,109231
INV-31682,DISP-01974,OMC-015,Mombasa Petroleum,AGO,2025-01-09,278879
INV-78114,DISP-04209,OMC-015,Mombasa Petroleum,LPG,2025-11-08,239655
INV-83098,DISP-03218,OMC-002,Vivo Energy,JETA1,14/05/2025,37397
INV-82775,DISP-08469,OMC-016,KPA Marine,LUB,2026-05-27,211406
INV-54128,DISP-07993,OMC-013,Lake Oil,LUB,2026-02-26,254548
INV-15113,DISP-01165,OMC-018,Uganda National Oil,JETA1,2025-07-30,230776
INV-21492,DISP-03742,OMC-011,Hass Petroleum,DPK,2025-05-02,48878
INV-72290,DISP-08103,OMC-019,Tanzania Petroleum,LUB,27/06/2025,44311
INV-79849,DISP-10000,OMC-010,Tamoil,PMS,2026-02-22," KES 184,614 "
INV-91307,DISP-02249,OMC-002,Vivo Energy,JETA1,2026-01-30,257664
INV-66865,DISP-09961,OMC-020,Ethiopian Oil,AGO,2026-05-11,131780
INV-79114,DISP-03496,OMC-016,KPA Marine,PMS,,139537
INV-51654,DISP-03939,OMC-005,PetroOil Kenya,HFO,2026-04-10,58890
INV-19168,DISP-07918,OMC-020,Ethiopian Oil,JETA1,2026-01-24,52671
INV-37937,DISP-09554,OMC-013,Lake Oil,LPG,2026-05-17,44225
INV-78836,DISP-02518,OMC-019,Tanzania Petroleum,DPK,2025-03-26,144465
INV-50524,DISP-04034,OMC-020,Ethiopian Oil,AGO,2025-01-24,145620
INV-67881,DISP-08695,OMC-007,Kobil,DPK,2025-05-02,23542
INV-36862,DISP-03123,OMC-002,Vivo Energy,LPG,2026-05-05,46582
INV-83414,DISP-00811,OMC-007,Kobil,HFO,2025-09-26,39505
INV-27807,DISP-08990,OMC-013,Lake Oil,DPK,2025-02-14,22929
INV-38230,DISP-09526,OMC-014,Texol Energies,JETA1,2025-08-21,135407
INV-25449,DISP-09989,OMC-008,National Oil,AGO,2026-05-30,254975
INV-25606,DISP-04723,OMC-020,Ethiopian Oil,JETA1,2026-02-25," KES 192,437 "
INV-35930,DISP-02376,OMC-004,Gulf Energy,JETA1,11/04/2026," KES 140,262 "
INV-61474,DISP-08650,OMC-011,Hass Petroleum,AGO,2025-12-11,154076
INV-98695,DISP-08765,OMC-002,Vivo Energy,JETA1,2025-10-04,193184
INV-10751,DISP-02204,OMC-011,Hass Petroleum,HFO,2025-08-04,157866
INV-60056,DISP-06732,OMC-003,Rubis Energy,DPK,2026-04-04,53029
INV-28565,DISP-08757,OMC-019,Tanzania Petroleum,LPG,2025-09-14,50167
INV-48021,DISP-06551,OMC-017,KAA Aviation,DPK,2025-12-10,183700
INV-85562,DISP-06593,OMC-004,Gulf Energy,LUB,05/03/2026,37943
INV-92764,DISP-03458,OMC-020,Ethiopian Oil,LPG,2026-03-28,35094
INV-26011,DISP-07161,OMC-002,Vivo Energy,PMS,2026-06-13,112570
INV-70577,DISP-09995,OMC-007,Kobil,HFO,2025-08-19,21080
INV-16187,DISP-05915,OMC-015,Mombasa Petroleum,JETA1,02/05/2025,58816
INV-25521,DISP-01903,OMC-015,Mombasa Petroleum,DPK,2025-11-30,102511
INV-91971,DISP-06946,OMC-017,KAA Aviation,DPK,2025-08-24,56036
INV-75782,DISP-09867,OMC-018,Uganda National Oil,LUB,2025-05-12,28749
INV-29510,DISP-09141,OMC-018,Uganda National Oil,LPG,2025-09-12,251442
INV-54816,DISP-04983,OMC-005,PetroOil Kenya,AGO,2026-02-08,169481
INV-39593,DISP-01528,OMC-003,Rubis Energy,PMS,2026-05-02,218219
INV-11357,DISP-01179,OMC-018,Uganda National Oil,DPK,2026-01-17,61937
INV-43381,DISP-06969,OMC-013,Lake Oil,LPG,2025-03-16,162301
INV-57430,DISP-08477,OMC-004,Gulf Energy,HFO,2026-04-29,185976
INV-57604,DISP-04361,OMC-011,Hass Petroleum,DPK,2025-03-29,30946
INV-86266,DISP-01770,OMC-019,Tanzania Petroleum,LPG,2025-11-12,23808
INV-88341,DISP-08360,OMC-007,Kobil,JETA1,2025-06-30,157567
INV-11515,DISP-07756,OMC-007,Kobil,LUB,2025-07-25,62958
INV-39507,DISP-00726,OMC-015,Mombasa Petroleum,LUB,2026-06-21,36882
INV-68714,DISP-04245,OMC-002,Vivo Energy,PMS,03/09/2025,130467
INV-12457,DISP-02528,OMC-002,Vivo Energy,PMS,2025-12-18," KES 254,753 "
INV-46422,DISP-05124,OMC-004,Gulf Energy,JETA1,2026-04-21,172444
INV-78875,DISP-05794,OMC-019,Tanzania Petroleum,DPK,2025-04-12,191776
INV-28459,DISP-02766,OMC-017,KAA Aviation,AGO,2025-08-01," KES 175,340 "
INV-38715,DISP-03635,OMC-013,Lake Oil,DPK,2025-02-18," KES 33,334 "
INV-18648,DISP-04297,OMC-001,TotalEnergies Kenya,LPG,2025-10-13,209990
INV-38832,DISP-06017,OMC-016,KPA Marine,LUB,2026-05-17,183990
INV-17227,DISP-09374,OMC-016,KPA Marine,AGO,2025-02-12,268112
INV-71915,DISP-09692,OMC-001,TotalEnergies Kenya,PMS,2026-02-14,77075
INV-42843,DISP-03100,OMC-017,KAA Aviation,AGO,29/05/2025,165913
INV-26480,DISP-02284,OMC-013,Lake Oil,JETA1,2025-11-11,39986
INV-26714,DISP-02253,OMC-013,Lake Oil,DPK,2026-01-30,191366
INV-63298,DISP-04158,OMC-003,Rubis Energy,PMS,2026-03-13,49629
INV-83061,DISP-08853,OMC-008,National Oil,AGO,2026-06-22,40847
INV-78129,DISP-08110,OMC-007,Kobil,LUB,2026-06-20,167814
INV-76405,DISP-05891,OMC-009,Dalbit Petroleum,JETA1,2025-12-16,117869
INV-41044,DISP-02944,OMC-010,Tamoil,AGO,2025-06-27,137173
INV-93566,DISP-01163,OMC-015,Mombasa Petroleum,AGO,2025-08-15,44148
INV-83886,DISP-04976,OMC-018,Uganda National Oil,HFO,2025-01-20,23365
INV-42003,DISP-09747,OMC-004,Gulf Energy,DPK,2026-04-16,141866
INV-86296,DISP-03269,OMC-001,TotalEnergies Kenya,JETA1,2026-06-25,261531
INV-28540,DISP-09944,OMC-018,Uganda National Oil,JETA1,2026-03-12,111446
INV-80846,DISP-04588,OMC-002,Vivo Energy,HFO,2025-01-07,124537
INV-31331,DISP-03068,OMC-007,Kobil,AGO,2026-06-21,56786
INV-18969,DISP-09781,OMC-015,Mombasa Petroleum,LUB,2025-04-11,48693
INV-51091,DISP-05934,OMC-011,Hass Petroleum,LPG,2025-06-09,220764
INV-67663,DISP-07727,OMC-019,Tanzania Petroleum,LUB,2026-04-25,208849
INV-39801,DISP-03188,OMC-001,TotalEnergies Kenya,AGO,2026-03-19,158341
INV-18601,DISP-05481,OMC-020,Ethiopian Oil,HFO,2025-04-10," KES 283,123 "
INV-86481,DISP-01650,OMC-006,Hashi Energy,LUB,,197131
INV-39003,DISP-01905,OMC-013,Lake Oil,LPG,2025-07-18,28104
INV-21268,DISP-02647,OMC-003,Rubis Energy,AGO,2025-01-21,48365
INV-98777,DISP-05295,OMC-017,KAA Aviation,LUB,2026-04-06,122807
INV-65655,DISP-06314,OMC-016,KPA Marine,PMS,,63362
INV-67266,DISP-03137,OMC-008,National Oil,HFO,2026-05-21,23863
INV-84385,DISP-01657,OMC-018,Uganda National Oil,PMS,2026-02-03,220037
INV-65884,DISP-02655,OMC-004,Gulf Energy,JETA1,2026-04-15," KES 25,841 "
INV-44467,DISP-04921,OMC-001,TotalEnergies Kenya,LPG,2025-01-17,94290
INV-87504,DISP-00916,OMC-007,Kobil,PMS,2025-10-29,71493
INV-36396,DISP-08303,OMC-013,Lake Oil,LUB,2025-11-06,239010
INV-26304,DISP-08413,OMC-004,Gulf Energy,PMS,2026-03-23,37072
INV-74762,DISP-00716,OMC-012,Galana Energies,DPK,2026-03-18," KES 247,189 "
INV-12768,DISP-07035,OMC-004,Gulf Energy,DPK,2026-04-03,106614
INV-35259,DISP-00422,OMC-014,Texol Energies,JETA1,2026-06-30,25359
INV-13456,DISP-03808,OMC-008,National Oil,PMS,2025-05-30,49636
INV-28625,DISP-09891,OMC-012,Galana Energies,AGO,2026-03-27,109601
INV-49718,DISP-02571,OMC-015,Mombasa Petroleum,HFO,2026-01-24,31673
INV-38751,DISP-06294,OMC-018,Uganda National Oil,DPK,2025-10-12,41599
INV-87486,DISP-00564,OMC-020,Ethiopian Oil,JETA1,2026-02-12,42468
INV-30592,DISP-08840,OMC-018,Uganda National Oil,HFO,2026-05-01,190067
INV-42598,DISP-03941,OMC-019,Tanzania Petroleum,LPG,2025-09-23,216570
INV-21909,DISP-06585,OMC-001,TotalEnergies Kenya,PMS,2025-06-11,74849
INV-50524,DISP-09075,OMC-009,Dalbit Petroleum,AGO,2025-08-11,28662
INV-65121,DISP-06993,OMC-001,TotalEnergies Kenya,DPK,2025-01-21,129290
INV-11421,DISP-05848,OMC-020,Ethiopian Oil,LUB,2025-06-27,59840
INV-70510,DISP-08835,OMC-018,Uganda National Oil,PMS,2026-03-25,154791
INV-61825,DISP-05644,OMC-009,Dalbit Petroleum,PMS,27/02/2025,23991
INV-43334,DISP-09403,OMC-020,Ethiopian Oil,HFO,2025-08-06,142947
INV-36427,DISP-01225,OMC-006,Hashi Energy,LPG,2026-01-17,240932
INV-47342,DISP-06521,OMC-014,Texol Energies,DPK,2025-09-10,30345
INV-93582,DISP-05776,OMC-009,Dalbit Petroleum,LPG,2026-03-12,205988
INV-15749,DISP-03248,OMC-001,TotalEnergies Kenya,DPK,2026-06-10,53798
INV-75165,DISP-03072,OMC-013,Lake Oil,AGO,2025-01-16,261124
INV-58651,DISP-05479,OMC-001,TotalEnergies Kenya,AGO,,29464
INV-55138,DISP-07591,OMC-004,Gulf Energy,JETA1,,128421
INV-21657,DISP-08362,OMC-006,Hashi Energy,DPK,2026-02-12,49241
INV-40478,DISP-05928,OMC-020,Ethiopian Oil,LUB,2025-06-24,151368
INV-18241,DISP-09969,OMC-009,Dalbit Petroleum,AGO,2026-01-27," KES 29,002 "
INV-16159,DISP-00880,OMC-005,PetroOil Kenya,HFO,2026-03-20,54788
INV-58621,DISP-08402,OMC-001,TotalEnergies Kenya,AGO,2025-01-07,149583
INV-54857,DISP-03426,OMC-006,Hashi Energy,AGO,22/05/2026,126899
INV-68883,DISP-02167,OMC-010,Tamoil,HFO,2026-06-18,45868
INV-76383,DISP-00093,OMC-011,Hass Petroleum,DPK,2026-05-17,44859
INV-21761,DISP-09883,OMC-010,Tamoil,PMS,2025-10-21,31505
INV-21590,DISP-01470,OMC-009,Dalbit Petroleum,AGO,2025-02-05,51923
INV-56123,DISP-09266,OMC-015,Mombasa Petroleum,LUB,2025-09-26," KES 42,035 "
INV-28086,DISP-00721,OMC-005,PetroOil Kenya,LPG,2026-03-19,92986
INV-35024,DISP-06163,OMC-004,Gulf Energy,JETA1,2026-04-29,86530
INV-89430,DISP-04241,OMC-014,Texol Energies,AGO,2026-02-14,175376
INV-75488,DISP-01871,OMC-009,Dalbit Petroleum,JETA1,2026-02-17,271683
INV-64493,DISP-03184,OMC-012,Galana Energies,HFO,2026-04-05,193465
INV-36278,DISP-04787,OMC-018,Uganda National Oil,DPK,2026-05-11,33816
INV-83440,DISP-00750,OMC-004,Gulf Energy,DPK,2026-02-07,164455
INV-32763,DISP-01531,OMC-006,Hashi Energy,PMS,2025-07-27,46955
INV-26300,DISP-06211,OMC-010,Tamoil,JETA1,2025-03-06,37831
INV-83469,DISP-07761,OMC-011,Hass Petroleum,PMS,2025-10-23,39516
INV-37569,DISP-08489,OMC-007,Kobil,LPG,2025-02-07,51111
INV-97579,DISP-09668,OMC-015,Mombasa Petroleum,JETA1,2025-08-16,184306
INV-68324,DISP-04302,OMC-016,KPA Marine,LUB,2026-05-20,108587
INV-59216,DISP-02061,OMC-009,Dalbit Petroleum,LUB,2025-07-29,126138
INV-13472,DISP-01940,OMC-009,Dalbit Petroleum,PMS,2026-03-17,175875
INV-83475,DISP-01717,OMC-020,Ethiopian Oil,AGO,2026-03-24,43531
INV-72028,DISP-05974,OMC-016,KPA Marine,PMS,2025-08-27,116999
INV-99945,DISP-05869,OMC-008,National Oil,LUB,2026-02-02,30803
INV-24222,DISP-00985,OMC-004,Gulf Energy,LPG,2026-03-28,165075
INV-50136,DISP-03284,OMC-010,Tamoil,HFO,2026-06-08,121309
INV-20111,DISP-05424,OMC-016,KPA Marine,JETA1,24/05/2026,274500
INV-14403,DISP-05443,OMC-001,TotalEnergies Kenya,LPG,2026-02-10,54383
INV-84427,DISP-03721,OMC-016,KPA Marine,JETA1,2025-03-15,234160
INV-10646,DISP-08216,OMC-015,Mombasa Petroleum,PMS,2025-03-28,222171
INV-75528,DISP-03323,OMC-010,Tamoil,JETA1,2026-06-15,209547
INV-39487,DISP-01464,OMC-013,Lake Oil,JETA1,,156875
INV-28527,DISP-05636,OMC-015,Mombasa Petroleum,PMS,2025-01-06,165046
INV-33516,DISP-07579,OMC-007,Kobil,HFO,2025-11-01,244467
INV-45732,DISP-02460,OMC-011,Hass Petroleum,JETA1,2026-02-09,143768
INV-72108,DISP-02667,OMC-017,KAA Aviation,HFO,2026-06-05," KES 38,909 "
INV-24067,DISP-06878,OMC-006,Hashi Energy,LUB,2026-02-18,32481
INV-24821,DISP-02964,OMC-003,Rubis Energy,HFO,2026-01-25,40568
INV-87355,DISP-00667,OMC-002,Vivo Energy,LPG,2025-10-30,62317
INV-78727,DISP-02469,OMC-018,Uganda National Oil,LUB,,122616
INV-65432,DISP-04380,OMC-001,TotalEnergies Kenya,LPG,2026-02-28,136946
INV-41524,DISP-02248,OMC-002,Vivo Energy,PMS,2025-06-04,41035
INV-79453,DISP-00537,OMC-008,National Oil,LPG,2025-09-04,136365
INV-93087,DISP-05254,OMC-003,Rubis Energy,AGO,2026-07-05,118237
INV-79611,DISP-04481,OMC-001,TotalEnergies Kenya,LUB,2025-02-26,24442
INV-37822,DISP-05790,OMC-017,KAA Aviation,JETA1,2025-06-23,56838
INV-55934,DISP-09305,OMC-007,Kobil,AGO,2025-04-13,88470
INV-66614,DISP-07235,OMC-012,Galana Energies,LPG,2026-04-25,56406
INV-71176,DISP-03333,OMC-008,National Oil,DPK,2025-01-21,149981
INV-21199,DISP-06589,OMC-004,Gulf Energy,JETA1,2026-04-30,129047
INV-37357,DISP-04692,OMC-009,Dalbit Petroleum,PMS,2025-03-04," KES 53,403 "
INV-38536,DISP-04115,OMC-008,National Oil,LPG,2025-02-10,45933
INV-15245,DISP-07573,OMC-019,Tanzania Petroleum,LUB,2025-10-01,33466
INV-88919,DISP-01843,OMC-003,Rubis Energy,AGO,2025-07-22," KES 189,717 "
INV-78965,DISP-04544,OMC-006,Hashi Energy,LPG,2025-04-25,54858
INV-25180,DISP-05645,OMC-019,Tanzania Petroleum,JETA1,2025-01-19,45711
INV-31138,DISP-06215,OMC-002,Vivo Energy,LUB,2026-02-17,30266
INV-23039,DISP-02381,OMC-010,Tamoil,JETA1,2025-02-15,286124
INV-20090,DISP-08324,OMC-008,National Oil,AGO,2025-11-12,169366
INV-52384,DISP-00674,OMC-015,Mombasa Petroleum,AGO,2025-04-25,150241
INV-64342,DISP-02758,OMC-016,KPA Marine,LPG,2026-06-07,115305
INV-13164,DISP-07347,OMC-009,Dalbit Petroleum,LUB,2026-04-06,122371
INV-79091,DISP-09028,OMC-020,Ethiopian Oil,JETA1,2026-02-11,39275
INV-91001,DISP-07124,OMC-014,Texol Energies,DPK,2025-04-15,203433
INV-72344,DISP-03999,OMC-006,Hashi Energy,LPG,2025-03-10,32262
INV-34227,DISP-05588,OMC-011,Hass Petroleum,DPK,2025-04-02,238009
INV-36967,DISP-04169,OMC-013,Lake Oil,LPG,10/06/2025,203199
INV-44357,DISP-07927,OMC-018,Uganda National Oil,AGO,2025-01-22,267075
INV-58026,DISP-02537,OMC-006,Hashi Energy,LPG,2025-07-16,27541
INV-37420,DISP-06600,OMC-001,TotalEnergies Kenya,JETA1,2025-08-11," KES 27,480 "
INV-56608,DISP-00496,OMC-002,Vivo Energy,PMS,2025-03-26,215801
INV-71604,DISP-07989,OMC-011,Hass Petroleum,LPG,2026-05-29,240622
INV-34493,DISP-08120,OMC-011,Hass Petroleum,DPK,2026-02-07,51935
INV-40242,DISP-09529,OMC-011,Hass Petroleum,JETA1,2026-05-23,22313
INV-87805,DISP-00294,OMC-018,Uganda National Oil,HFO,2026-02-28,44856
INV-72336,DISP-03633,OMC-012,Galana Energies,LUB,2026-02-17,160654
INV-91616,DISP-03432,OMC-002,Vivo Energy,HFO,2025-11-09,41749
INV-49936,DISP-07105,OMC-019,Tanzania Petroleum,AGO,2026-03-11," KES 49,376 "
INV-53122,DISP-04248,OMC-019,Tanzania Petroleum,AGO,2026-03-07,48064
INV-20689,DISP-05865,OMC-004,Gulf Energy,PMS,2026-04-19,131061
INV-81509,DISP-05284,OMC-015,Mombasa Petroleum,AGO,2025-02-01,51618
INV-16875,DISP-08537,OMC-010,Tamoil,AGO,2025-09-08,214019
INV-12913,DISP-09475,OMC-012,Galana Energies,LPG,2026-02-23,180812
INV-96024,DISP-06616,OMC-008,National Oil,LUB,2026-04-08,112691
INV-32642,DISP-02356,OMC-006,Hashi Energy,JETA1,2025-06-08,55571
INV-65580,DISP-07061,OMC-010,Tamoil,PMS,2025-03-16,201142
INV-62714,DISP-09025,OMC-014,Texol Energies,AGO,2025-01-09,237154
INV-26799,DISP-03864,OMC-020,Ethiopian Oil,JETA1,2025-08-30,121501
INV-82940,DISP-05537,OMC-017,KAA Aviation,PMS,2026-07-04,267782
INV-66340,DISP-07047,OMC-009,Dalbit Petroleum,JETA1,2025-10-31,153602
INV-25239,DISP-05147,OMC-008,National Oil,LPG,,38847
INV-98389,DISP-03470,OMC-015,Mombasa Petroleum,DPK,2025-08-25,20376
INV-32046,DISP-07827,OMC-010,Tamoil,AGO,2026-06-07,213579
INV-23647,DISP-06185,OMC-020,Ethiopian Oil,HFO,2026-05-24,267742
INV-31276,DISP-08616,OMC-010,Tamoil,LPG,2025-05-26,55348
INV-80831,DISP-07220,OMC-001,TotalEnergies Kenya,JETA1,2026-02-01,36999
INV-74632,DISP-05299,OMC-017,KAA Aviation,HFO,2026-01-22,182900
INV-33223,DISP-01174,OMC-020,Ethiopian Oil,AGO,2025-04-08,22162
INV-99079,DISP-03976,OMC-005,PetroOil Kenya,JETA1,2026-02-06,56683
INV-84478,DISP-02401,OMC-019,Tanzania Petroleum,LUB,2025-09-28,30950
INV-60374,DISP-02780,OMC-013,Lake Oil,DPK,2026-06-02,245779
INV-81981,DISP-06234,OMC-006,Hashi Energy,LUB,2026-03-19,219163
INV-30449,DISP-02915,OMC-008,National Oil,PMS,2026-01-19,181025
INV-87580,DISP-05051,OMC-004,Gulf Energy,PMS,10/04/2026,39983
INV-39782,DISP-00712,OMC-008,National Oil,LPG,2025-10-08,169016
INV-85515,DISP-05430,OMC-018,Uganda National Oil,PMS,2026-02-22,24107
INV-49605,DISP-04953,OMC-019,Tanzania Petroleum,AGO,2025-10-17,118637
INV-94764,DISP-00817,OMC-013,Lake Oil,JETA1,2025-08-07,33514
INV-41050,DISP-02481,OMC-016,KPA Marine,LUB,2025-03-23,54187
INV-75782,DISP-09867,OMC-018,Uganda National Oil,LUB,2025-05-12,28749
INV-87265,DISP-03899,OMC-018,Uganda National Oil,LUB,2025-12-06,154921
INV-71020,DISP-07419,OMC-013,Lake Oil,LUB,2025-01-10,23587
INV-16285,DISP-05466,OMC-014,Texol Energies,AGO,2026-06-09,23147
INV-25701,DISP-07596,OMC-015,Mombasa Petroleum,DPK,2025-08-30,254933
INV-94770,DISP-09092,OMC-018,Uganda National Oil,LPG,2025-07-30,64348
INV-98392,DISP-07258,OMC-011,Hass Petroleum,LUB,2025-03-31,40608
INV-22743,DISP-06768,OMC-009,Dalbit Petroleum,JETA1,2026-05-22,132975
INV-27691,DISP-04220,OMC-012,Galana Energies,PMS,2026-04-22,238862
INV-47491,DISP-05229,OMC-014,Texol Energies,HFO,2026-01-20,51985
INV-97020,DISP-05593,OMC-017,KAA Aviation,AGO,10/01/2025,50681
INV-41938,DISP-05480,OMC-017,KAA Aviation,DPK,2025-09-10,152967
INV-51926,DISP-06411,OMC-020,Ethiopian Oil,AGO,2026-01-01,159250
INV-73308,DISP-05824,OMC-019,Tanzania Petroleum,LPG,2025-05-29,163905
INV-42977,DISP-09551,OMC-002,Vivo Energy,LPG,2025-07-19,23040
INV-76408,DISP-08704,OMC-010,Tamoil,LUB,2025-08-27,178078
INV-74166,DISP-00898,OMC-013,Lake Oil,AGO,2025-11-18,192134
INV-61650,DISP-06552,OMC-006,Hashi Energy,HFO,2025-09-09,42047
INV-32314,DISP-02437,OMC-010,Tamoil,LUB,2025-06-04,58813
INV-66892,DISP-07597,OMC-020,Ethiopian Oil,HFO,2025-01-29,113438
INV-96352,DISP-08414,OMC-002,Vivo Energy,LUB,2025-12-02,185803
INV-53700,DISP-02607,OMC-017,KAA Aviation,LPG,2026-05-27,22651
INV-21208,DISP-00486,OMC-016,KPA Marine,LUB,2025-10-17,143511
INV-60936,DISP-09568,OMC-013,Lake Oil,JETA1,2026-01-15,52315
INV-66822,DISP-07799,OMC-015,Mombasa Petroleum,LUB,2026-01-25,38272
INV-48525,DISP-06815,OMC-012,Galana Energies,LUB,,60565
INV-24959,DISP-01862,OMC-008,National Oil,AGO,2025-04-24,133483
INV-18764,DISP-02542,OMC-015,Mombasa Petroleum,LUB,2025-02-03,52424
INV-44973,DISP-07386,OMC-002,Vivo Energy,LPG,2025-08-21,46683
INV-62016,DISP-02898,OMC-011,Hass Petroleum,LUB,2025-04-04,108811
INV-55288,DISP-01001,OMC-016,KPA Marine,DPK,2026-06-13," KES 53,772 "
INV-74906,DISP-05493,OMC-006,Hashi Energy,LPG,2025-08-11,53148
INV-86021,DISP-04922,OMC-008,National Oil,HFO,2026-02-08,46235
INV-11634,DISP-05045,OMC-005,PetroOil Kenya,DPK,2026-03-07,25296
INV-96999,DISP-00638,OMC-005,PetroOil Kenya,AGO,2026-03-16,103084
INV-63307,DISP-00155,OMC-011,Hass Petroleum,JETA1,2025-04-09,77620
INV-56094,DISP-01362,OMC-018,Uganda National Oil,DPK,,25199
INV-77201,DISP-00226,OMC-003,Rubis Energy,HFO,01/04/2025,248000
INV-83493,DISP-07170,OMC-002,Vivo Energy,HFO,2026-06-07,54637
INV-33373,DISP-01603,OMC-013,Lake Oil,HFO,2025-03-06,25997
INV-58074,DISP-08911,OMC-006,Hashi Energy,JETA1,2025-03-16,139223
INV-29924,DISP-01507,OMC-014,Texol Energies,AGO,2025-05-20,171645
INV-31749,DISP-01051,OMC-009,Dalbit Petroleum,LUB,2025-07-08,188997
INV-58553,DISP-03784,OMC-001,TotalEnergies Kenya,HFO,2025-11-05,121168
INV-54903,DISP-04325,OMC-010,Tamoil,HFO,2025-05-20," KES 55,282 "
INV-47238,DISP-03796,OMC-013,Lake Oil,LPG,2025-12-05,119750
INV-28211,DISP-03657,OMC-014,Texol Energies,PMS,2026-06-05,39475
INV-82522,DISP-01012,OMC-017,KAA Aviation,HFO,2026-02-06,126996
INV-38533,DISP-02435,OMC-019,Tanzania Petroleum,HFO,2025-11-08,165330
INV-68383,DISP-09050,OMC-018,Uganda National Oil,LPG,2026-03-11,148312
INV-76578,DISP-00644,OMC-008,National Oil,HFO,2025-08-08,114633
INV-41946,DISP-04846,OMC-010,Tamoil,JETA1,2025-05-22,36446
INV-16966,DISP-06715,OMC-018,Uganda National Oil,DPK,2025-12-24,23188
INV-15186,DISP-03484,OMC-011,Hass Petroleum,LUB,2025-09-03,106788
INV-59146,DISP-06471,OMC-014,Texol Energies,AGO,16/04/2026,22756
INV-40063,DISP-09461,OMC-006,Hashi Energy,JETA1,2026-06-26,192242
INV-23783,DISP-08054,OMC-016,KPA Marine,LPG,2025-10-03,253438
INV-73110,DISP-06437,OMC-007,Kobil,LUB,,133670
INV-50179,DISP-03905,OMC-004,Gulf Energy,PMS,2026-03-14,276419
INV-92449,DISP-07461,OMC-003,Rubis Energy,DPK,2026-05-03,135875
INV-86591,DISP-06243,OMC-001,TotalEnergies Kenya,LPG,2026-04-11,22323
INV-21492,DISP-09766,OMC-014,Texol Energies,LUB,2025-09-29,46494
INV-94673,DISP-05652,OMC-020,Ethiopian Oil,LUB,2025-10-04,150832
INV-20174,DISP-09576,OMC-015,Mombasa Petroleum,PMS,2026-05-16,160362
INV-57483,DISP-08376,OMC-003,Rubis Energy,PMS,2025-11-23," KES 174,409 "
INV-92813,DISP-02559,OMC-006,Hashi Energy,HFO,2025-05-24,57919
INV-69309,DISP-07585,OMC-019,Tanzania Petroleum,DPK,28/06/2026,190882
INV-50815,DISP-05238,OMC-009,Dalbit Petroleum,AGO,2026-05-09,230083
INV-32629,DISP-00611,OMC-015,Mombasa Petroleum,PMS,2026-01-30,27031
INV-35689,DISP-03005,OMC-003,Rubis Energy,AGO,2025-02-14,199897
INV-86879,DISP-09824,OMC-019,Tanzania Petroleum,LUB,2025-12-24,128538
INV-13361,DISP-03174,OMC-013,Lake Oil,DPK,2025-07-31,151686
INV-16499,DISP-08631,OMC-013,Lake Oil,LUB,2025-11-15,211873
INV-11614,DISP-00563,OMC-011,Hass Petroleum,DPK,2025-08-21,154086
INV-98425,DISP-03933,OMC-015,Mombasa Petroleum,AGO,2025-12-06,24703
INV-66107,DISP-05852,OMC-018,Uganda National Oil,DPK,,128612
INV-10161,DISP-06343,OMC-007,Kobil,DPK,2026-01-14,142263
INV-96625,DISP-00211,OMC-013,Lake Oil,HFO,2026-01-05,50888
INV-50569,DISP-03612,OMC-018,Uganda National Oil,DPK,2025-04-24,207661
INV-10863,DISP-04270,OMC-007,Kobil,DPK,2025-11-21,138524
INV-35546,DISP-07125,OMC-014,Texol Energies,DPK,2026-04-29," KES 84,712 "
INV-86921,DISP-06086,OMC-016,KPA Marine,JETA1,2026-06-16,80064
INV-44070,DISP-06310,OMC-009,Dalbit Petroleum,LPG,2025-05-24,43995
INV-97385,DISP-07083,OMC-020,Ethiopian Oil,HFO,2026-03-02,255958
INV-75472,DISP-08523,OMC-002,Vivo Energy,LPG,2026-05-01,58706
INV-71269,DISP-09622,OMC-016,KPA Marine,AGO,2025-06-13,94386
INV-86847,DISP-03548,OMC-006,Hashi Energy,DPK,2025-12-26,24549
INV-60935,DISP-09560,OMC-014,Texol Energies,PMS,2025-11-03,141281
INV-22699,DISP-02938,OMC-001,TotalEnergies Kenya,AGO,2026-03-10,48660
INV-68447,DISP-03062,OMC-016,KPA Marine,PMS,2025-05-09,135086
INV-85803,DISP-09495,OMC-012,Galana Energies,HFO,2026-04-21,284152
INV-36597,DISP-02149,OMC-010,Tamoil,LUB,2025-11-04,40441
INV-21199,DISP-06589,OMC-004,Gulf Energy,JETA1,2026-04-30,129047
INV-56570,DISP-08722,OMC-018,Uganda National Oil,LUB,,165612
INV-62323,DISP-00799,OMC-016,KPA Marine,LUB,31/12/2025,60107
INV-36793,DISP-09447,OMC-014,Texol Energies,DPK,2026-06-13,33118
INV-60717,DISP-06495,OMC-017,KAA Aviation,JETA1,2026-03-15,30053
INV-46981,DISP-07726,OMC-014,Texol Energies,LUB,2026-04-03,32529
INV-18463,DISP-04913,OMC-013,Lake Oil,DPK,2025-11-14,143527
INV-91886,DISP-02002,OMC-016,KPA Marine,AGO,2025-06-12,39962
INV-21423,DISP-06793,OMC-011,Hass Petroleum,HFO,30/05/2025,141550
INV-53998,DISP-05252,OMC-018,Uganda National Oil,PMS,06/07/2025,28340
INV-14981,DISP-03363,OMC-002,Vivo Energy,HFO,2025-11-17,210188
INV-11570,DISP-01039,OMC-010,Tamoil,AGO,2026-02-21,127520
INV-39968,DISP-07482,OMC-001,TotalEnergies Kenya,DPK,2025-09-27,34246
INV-32576,DISP-07051,OMC-011,Hass Petroleum,LUB,2025-07-07,256848
INV-13491,DISP-01844,OMC-013,Lake Oil,JETA1,2025-03-23,155818
INV-50461,DISP-01395,OMC-015,Mombasa Petroleum,AGO,2025-11-18,178689
INV-27708,DISP-06494,OMC-012,Galana Energies,HFO,2026-02-08,193174
INV-68505,DISP-07740,OMC-002,Vivo Energy,LUB,2025-07-26,74570
INV-19404,DISP-00248,OMC-016,KPA Marine,LUB,2025-12-09,226305
INV-85114,DISP-04232,OMC-004,Gulf Energy,DPK,2026-03-28,122859
INV-83351,DISP-00381,OMC-016,KPA Marine,PMS,2026-04-22,258294
INV-40776,DISP-05331,OMC-019,Tanzania Petroleum,HFO,2025-03-24,132592
INV-32779,DISP-02814,OMC-015,Mombasa Petroleum,PMS,2026-03-28,143882
INV-52695,DISP-02751,OMC-017,KAA Aviation,LUB,2025-10-09,55206
INV-81428,DISP-01912,OMC-012,Galana Energies,LPG,2026-03-28,97853
INV-49250,DISP-01742,OMC-020,Ethiopian Oil,LPG,2025-05-21,25742
INV-32853,DISP-02693,OMC-018,Uganda National Oil,JETA1,2025-09-22,119740
INV-79797,DISP-03445,OMC-008,National Oil,HFO,2026-01-02,197856
INV-78628,DISP-01697,OMC-009,Dalbit Petroleum,DPK,2026-06-23,216008
INV-84018,DISP-07797,OMC-016,KPA Marine,HFO,2025-02-18,37921
INV-48819,DISP-08955,OMC-017,KAA Aviation,LPG,2026-01-24,114874
INV-36779,DISP-02582,OMC-010,Tamoil,DPK,2025-03-24,98602
INV-32911,DISP-03364,OMC-009,Dalbit Petroleum,LPG,2025-07-29,173223
INV-65582,DISP-09779,OMC-001,TotalEnergies Kenya,JETA1,2025-08-20,196445
INV-60230,DISP-07151,OMC-009,Dalbit Petroleum,DPK,2025-03-31,161663
INV-47571,DISP-05161,OMC-004,Gulf Energy,HFO,2026-03-11,233850
INV-34900,DISP-07389,OMC-017,KAA Aviation,AGO,2026-02-26,235531
INV-69109,DISP-00844,OMC-015,Mombasa Petroleum,AGO,2025-09-28,156093
INV-14511,DISP-05204,OMC-003,Rubis Energy,LPG,2026-02-28,178624
INV-30503,DISP-09940,OMC-005,PetroOil Kenya,DPK,2026-02-06,33929
INV-65787,DISP-04822,OMC-010,Tamoil,PMS,2025-03-14,56021
INV-56414,DISP-00665,OMC-003,Rubis Energy,PMS,2025-02-17,69909
INV-65252,DISP-04064,OMC-016,KPA Marine,LPG,2026-06-03,23621
INV-98371,DISP-03811,OMC-011,Hass Petroleum,HFO,2025-03-31,38309
INV-38704,DISP-07810,OMC-020,Ethiopian Oil,LUB,2026-05-16,205309
INV-19697,DISP-07478,OMC-016,KPA Marine,LPG,2026-03-05,231831
INV-17501,DISP-01451,OMC-009,Dalbit Petroleum,PMS,2026-02-22,128577
INV-50534,DISP-04168,OMC-006,Hashi Energy,DPK,2025-06-21,59143
INV-12372,DISP-06522,OMC-009,Dalbit Petroleum,LPG,2026-05-30,79872
INV-56323,DISP-03431,OMC-020,Ethiopian Oil,DPK,2025-05-22,37873
INV-75652,DISP-01078,OMC-015,Mombasa Petroleum,DPK,2025-06-21,28153
INV-50242,DISP-07592,OMC-016,KPA Marine,LPG,2025-12-31,48518
INV-50972,DISP-04219,OMC-008,National Oil,AGO,2026-06-17,61543
INV-69802,DISP-02906,OMC-015,Mombasa Petroleum,LPG,2025-02-18,223993
INV-56782,DISP-02842,OMC-005,PetroOil Kenya,HFO,2026-03-01,246976
INV-60755,DISP-07076,OMC-009,Dalbit Petroleum,LUB,04/07/2025,153051
INV-40669,DISP-03009,OMC-008,National Oil,LPG,2025-05-05,26871
INV-28075,DISP-08453,OMC-002,Vivo Energy,AGO,2026-06-16,131246
INV-88127,DISP-06195,OMC-020,Ethiopian Oil,PMS,2025-01-15,165334
INV-84590,DISP-03731,OMC-019,Tanzania Petroleum,DPK,2025-12-19,78480
INV-75644,DISP-02399,OMC-012,Galana Energies,LUB,2026-03-18,24324
INV-36862,DISP-03529,OMC-008,National Oil,AGO,2026-05-27,212859
INV-92646,DISP-02240,OMC-010,Tamoil,LPG,2026-05-24," KES 270,879 "
INV-71649,DISP-05791,OMC-019,Tanzania Petroleum,LUB,2026-03-18,79279
INV-61709,DISP-08443,OMC-009,Dalbit Petroleum,LPG,2025-07-31,81026
INV-14332,DISP-03173,OMC-005,PetroOil Kenya,LUB,2026-04-04,50639
INV-47283,DISP-03825,OMC-015,Mombasa Petroleum,DPK,2025-08-26,54877
INV-78798,DISP-03667,OMC-012,Galana Energies,JETA1,2026-02-19,166881
INV-99666,DISP-08254,OMC-019,Tanzania Petroleum,JETA1,2026-04-10,240828
INV-19260,DISP-02198,OMC-014,Texol Energies,AGO,2025-08-07,89238
INV-47086,DISP-08838,OMC-016,KPA Marine,PMS,2025-01-03,226202
INV-23491,DISP-02032,OMC-012,Galana Energies,HFO,,225144
INV-64146,DISP-03020,OMC-006,Hashi Energy,LUB,2026-05-13,32513
INV-73532,DISP-08868,OMC-009,Dalbit Petroleum,DPK,2025-10-02,254752
INV-83631,DISP-05392,OMC-003,Rubis Energy,PMS,2025-07-02,140034
INV-42945,DISP-06749,OMC-019,Tanzania Petroleum,HFO,2026-06-19,137263
INV-72274,DISP-05117,OMC-019,Tanzania Petroleum,LPG,2025-04-02,91253
INV-92411,DISP-05552,OMC-006,Hashi Energy,LPG,2025-02-19," KES 185,925 "
INV-32953,DISP-01584,OMC-019,Tanzania Petroleum,LPG,2026-01-25,109581
INV-69854,DISP-05905,OMC-009,Dalbit Petroleum,JETA1,2026-02-19,33469
INV-94950,DISP-03661,OMC-018,Uganda National Oil,HFO,,46234
INV-37928,DISP-01479,OMC-012,Galana Energies,DPK,2026-02-08,51592
INV-19096,DISP-01237,OMC-004,Gulf Energy,PMS,2026-02-07,45973
INV-70688,DISP-03769,OMC-003,Rubis Energy,HFO,2025-10-25,234042
INV-47453,DISP-00874,OMC-016,KPA Marine,HFO,2025-02-15,245674
INV-23271,DISP-08169,OMC-002,Vivo Energy,LUB,2025-11-05,240841
INV-98325,DISP-08098,OMC-003,Rubis Energy,LPG,," KES 28,830 "
INV-41976,DISP-06637,OMC-015,Mombasa Petroleum,PMS,2026-02-02,162209
INV-38986,DISP-01099,OMC-004,Gulf Energy,DPK,2026-03-21,42104
INV-57476,DISP-03768,OMC-019,Tanzania Petroleum,HFO,2025-09-01,101819
INV-73839,DISP-07346,OMC-003,Rubis Energy,PMS,2026-01-24,262236
INV-44289,DISP-05156,OMC-007,Kobil,JETA1,2025-07-08,45178
INV-41773,DISP-02235,OMC-002,Vivo Energy,LUB,2025-08-12,175903
INV-84395,DISP-06467,OMC-009,Dalbit Petroleum,LUB,2026-02-23,49441
INV-66719,DISP-05298,OMC-006,Hashi Energy,LUB,2026-01-01,271119
INV-40336,DISP-01581,OMC-008,National Oil,DPK,2025-07-17,240136
INV-43379,DISP-07468,OMC-008,National Oil,LPG,2025-09-30,22165
INV-35107,DISP-05133,OMC-016,KPA Marine,LUB,2025-03-08,135800
INV-87698,DISP-05154,OMC-020,Ethiopian Oil,HFO,2025-03-14,143054
INV-98243,DISP-06159,OMC-015,Mombasa Petroleum,AGO,2025-11-14,160850
INV-56441,DISP-03890,OMC-013,Lake Oil,LUB,2025-06-21,61179
INV-70741,DISP-01189,OMC-006,Hashi Energy,PMS,2026-03-28,162003
INV-40902,DISP-09223,OMC-009,Dalbit Petroleum,DPK,2025-11-12,25248
INV-69676,DISP-07928,OMC-018,Uganda National Oil,JETA1,2025-06-16,40570
INV-47372,DISP-06137,OMC-005,PetroOil Kenya,LUB,2026-04-12,33258
INV-31991,DISP-02185,OMC-003,Rubis Energy,LPG,2026-06-26,43164
INV-10298,DISP-00909,OMC-013,Lake Oil,DPK,2026-05-05,52180
INV-39204,DISP-02063,OMC-001,TotalEnergies Kenya,JETA1,08/02/2026,23144
INV-66709,DISP-09345,OMC-019,Tanzania Petroleum,LUB,2026-05-05,157577
INV-80481,DISP-00946,OMC-003,Rubis Energy,JETA1,2025-01-08,159668
INV-14006,DISP-04139,OMC-014,Texol Energies,LUB,2025-11-17,59503
INV-14278,DISP-03400,OMC-012,Galana Energies,LUB,2026-04-24,175521
INV-45814,DISP-00472,OMC-014,Texol Energies,JETA1,2025-08-13,136886
INV-24146,DISP-03164,OMC-004,Gulf Energy,LPG,,35559
INV-24940,DISP-08647,OMC-018,Uganda National Oil,AGO,2025-12-21,286855
INV-61640,DISP-00580,OMC-005,PetroOil Kenya,AGO,2026-03-25,134985
INV-34910,DISP-09669,OMC-018,Uganda National Oil,JETA1,2025-07-22,50274
INV-58327,DISP-08315,OMC-007,Kobil,LUB,2026-02-21,174128
INV-60098,DISP-02024,OMC-015,Mombasa Petroleum,HFO,2025-10-06,50733
INV-12829,DISP-05649,OMC-004,Gulf Energy,PMS,2026-03-02,130292
INV-78678,DISP-07339,OMC-008,National Oil,DPK,2026-03-25,42472
INV-52025,DISP-04037,OMC-013,Lake Oil,HFO,2026-05-15,37063
INV-75214,DISP-01472,OMC-015,Mombasa Petroleum,AGO,2026-06-23,163553
INV-56062,DISP-07381,OMC-006,Hashi Energy,PMS,2025-05-09,221382
INV-92131,DISP-09869,OMC-009,Dalbit Petroleum,DPK,2025-06-23,61124
INV-24937,DISP-01557,OMC-018,Uganda National Oil,AGO,2025-06-01,169075
INV-99346,DISP-07859,OMC-005,PetroOil Kenya,LPG,2026-02-07,215723
INV-91640,DISP-07992,OMC-020,Ethiopian Oil,LUB,2025-07-01," KES 162,021 "
INV-29019,DISP-06120,OMC-010,Tamoil,HFO,,134023
INV-24274,DISP-09477,OMC-019,Tanzania Petroleum,JETA1,2025-05-19,140246
INV-17597,DISP-05308,OMC-019,Tanzania Petroleum,PMS,2025-08-25,110984
INV-97596,DISP-09802,OMC-012,Galana Energies,LUB,2026-03-01,22047
INV-36721,DISP-04000,OMC-019,Tanzania Petroleum,PMS,2025-09-09,274829
INV-56998,DISP-06158,OMC-008,National Oil,AGO,2025-07-11,103565
INV-99122,DISP-00531,OMC-017,KAA Aviation,HFO,2025-07-31,268862
INV-29837,DISP-08113,OMC-010,Tamoil,LPG,2025-03-14,198463
INV-23857,DISP-03108,OMC-014,Texol Energies,DPK,2025-05-16,164116
INV-59076,DISP-00416,OMC-012,Galana Energies,DPK,2026-03-10,269088
INV-60956,DISP-04998,OMC-015,Mombasa Petroleum,AGO,2026-01-01,111903
INV-69592,DISP-00128,OMC-003,Rubis Energy,LUB,2025-12-27,152291
INV-75337,DISP-03842,OMC-020,Ethiopian Oil,LPG,2025-12-03,99495
INV-40647,DISP-04530,OMC-015,Mombasa Petroleum,LPG,14/03/2025,173691
INV-21053,DISP-04966,OMC-018,Uganda National Oil,JETA1,2026-04-27,28982
INV-34002,DISP-03930,OMC-003,Rubis Energy,AGO,2025-11-25,136452
INV-86158,DISP-07446,OMC-002,Vivo Energy,AGO,2025-01-16,206318
INV-97988,DISP-00990,OMC-016,KPA Marine,HFO,2025-07-04,131827
INV-35781,DISP-03276,OMC-014,Texol Energies,LUB,2026-04-07," KES 100,537 "
INV-81281,DISP-09243,OMC-007,Kobil,DPK,2026-01-08,179023
INV-56516,DISP-06146,OMC-019,Tanzania Petroleum,HFO,2026-01-21,192943
INV-67331,DISP-03327,OMC-001,TotalEnergies Kenya,HFO,2025-12-24," KES 40,135 "
INV-76581,DISP-03457,OMC-019,Tanzania Petroleum,DPK,,281600
INV-85115,DISP-02864,OMC-013,Lake Oil,LPG,2025-07-20,25586
INV-45531,DISP-00089,OMC-002,Vivo Energy,AGO,2026-04-11,41484
INV-69926,DISP-01429,OMC-012,Galana Energies,AGO,2026-02-13,76668
INV-64688,DISP-05815,OMC-002,Vivo Energy,LUB,2025-11-08,151319
INV-72993,DISP-08424,OMC-015,Mombasa Petroleum,LUB,2025-09-16,275241
INV-57137,DISP-08741,OMC-003,Rubis Energy,AGO,2026-04-07,280671
INV-93426,DISP-02144,OMC-018,Uganda National Oil,AGO,2025-03-20,142096
INV-45845,DISP-01413,OMC-017,KAA Aviation,PMS,2026-05-28,50880
INV-63478,DISP-01822,OMC-008,National Oil,LPG,2025-01-05,277555
INV-98407,DISP-01861,OMC-002,Vivo Energy,DPK,2025-07-19,47324
INV-10768,DISP-03410,OMC-017,KAA Aviation,JETA1,2025-07-18,111411
INV-73773,DISP-05922,OMC-019,Tanzania Petroleum,LPG,2026-05-05,40354
INV-41510,DISP-05316,OMC-020,Ethiopian Oil,LPG,2025-12-06,34531
INV-41989,DISP-09648,OMC-019,Tanzania Petroleum,DPK,2026-04-11,129837
INV-26035,DISP-02202,OMC-004,Gulf Energy,JETA1,2026-04-18,209004
INV-49158,DISP-07738,OMC-009,Dalbit Petroleum,LPG,2025-11-08,192228
INV-59956,DISP-05628,OMC-011,Hass Petroleum,DPK,2026-01-26,38285
INV-80039,DISP-03409,OMC-006,Hashi Energy,DPK,2026-01-02," KES 121,919 "
INV-14687,DISP-09663,OMC-009,Dalbit Petroleum,AGO,2025-08-12,41428
INV-28835,DISP-01023,OMC-019,Tanzania Petroleum,PMS,2025-05-30,57072
INV-66403,DISP-07819,OMC-019,Tanzania Petroleum,JETA1,2026-04-16,266466
INV-93292,DISP-09460,OMC-014,Texol Energies,HFO,2025-12-26,113106
INV-60256,DISP-02883,OMC-014,Texol Energies,LPG,2025-07-05,215260
INV-79504,DISP-00919,OMC-011,Hass Petroleum,JETA1,2025-03-23,57569
INV-46572,DISP-09919,OMC-020,Ethiopian Oil,DPK,2026-06-15," KES 28,449 "
INV-38105,DISP-07550,OMC-006,Hashi Energy,JETA1,2025-07-16,159529
INV-96484,DISP-03921,OMC-001,TotalEnergies Kenya,DPK,2026-03-09,154798
INV-45751,DISP-05357,OMC-017,KAA Aviation,JETA1,21/04/2025,161830
INV-58076,DISP-03329,OMC-003,Rubis Energy,DPK,2026-01-24," KES 96,705 "
INV-91093,DISP-06246,OMC-016,KPA Marine,PMS,2025-01-19,110908
INV-79002,DISP-09401,OMC-005,PetroOil Kenya,AGO,2026-02-25,29029
INV-64377,DISP-07223,OMC-005,PetroOil Kenya,DPK,2026-04-12,44933
INV-41083,DISP-01951,OMC-016,KPA Marine,DPK,2025-10-04,263744
INV-49888,DISP-08075,OMC-007,Kobil,JETA1,2025-09-23,135690
INV-92585,DISP-06005,OMC-012,Galana Energies,DPK,2026-03-31,179674
INV-72156,DISP-03167,OMC-009,Dalbit Petroleum,LUB,2025-01-20,212767
INV-39010,DISP-09956,OMC-011,Hass Petroleum,AGO,2025-09-15,266739
INV-67231,DISP-04095,OMC-014,Texol Energies,DPK,2025-06-23,95693
INV-97567,DISP-04173,OMC-007,Kobil,DPK,2025-03-19,159906
INV-95994,DISP-04664,OMC-019,Tanzania Petroleum,JETA1,2025-12-19,45045
INV-64975,DISP-04534,OMC-013,Lake Oil,LUB,2026-04-29,183502
INV-24004,DISP-08511,OMC-012,Galana Energies,LUB,2026-03-08,143572
INV-81360,DISP-05419,OMC-018,Uganda National Oil,LPG,2026-06-14,46565
INV-84120,DISP-03642,OMC-007,Kobil,LUB,2025-07-15,103827
INV-99072,DISP-00968,OMC-002,Vivo Energy,JETA1,2025-07-30,35327
INV-81535,DISP-00285,OMC-013,Lake Oil,LPG,2026-05-01,228709
INV-24040,DISP-03965,OMC-013,Lake Oil,AGO,2026-05-15,234482
INV-97937,DISP-02911,OMC-009,Dalbit Petroleum,JETA1,2025-08-04,51072
INV-15643,DISP-00292,OMC-016,KPA Marine,AGO,2025-02-13,200132
INV-19392,DISP-09644,OMC-019,Tanzania Petroleum,JETA1,2025-05-13,266351
INV-29479,DISP-00728,OMC-001,TotalEnergies Kenya,AGO,2026-05-18,277512
INV-44608,DISP-03019,OMC-011,Hass Petroleum,LPG,2025-03-20,46396
INV-63286,DISP-03240,OMC-014,Texol Energies,HFO,2025-07-05,36204
INV-87981,DISP-05022,OMC-019,Tanzania Petroleum,AGO,2025-12-16,54667
INV-33953,DISP-05633,OMC-017,KAA Aviation,LPG,2025-10-02,117169
INV-63837,DISP-07547,OMC-001,TotalEnergies Kenya,LPG,2026-04-29,24945
INV-21936,DISP-08623,OMC-012,Galana Energies,LPG,2026-05-03,31675
INV-45634,DISP-05272,OMC-007,Kobil,AGO,2025-11-06,157417
INV-13881,DISP-05781,OMC-011,Hass Petroleum,AGO,2026-03-02,198221
INV-37619,DISP-08532,OMC-008,National Oil,LUB,2026-05-19,33573
INV-71040,DISP-07317,OMC-002,Vivo Energy,HFO,2025-12-08,195387
INV-28809,DISP-01015,OMC-017,KAA Aviation,PMS,,23921
INV-87347,DISP-07472,OMC-006,Hashi Energy,JETA1,2026-04-04,130678
INV-42717,DISP-09255,OMC-010,Tamoil,DPK,2025-02-07,105432
INV-20381,DISP-02453,OMC-013,Lake Oil,DPK,2025-10-01,38449
INV-44196,DISP-04776,OMC-017,KAA Aviation,LPG,2026-01-31," KES 282,174 "
INV-40091,DISP-06070,OMC-015,Mombasa Petroleum,PMS,2025-05-13,170556
INV-12988,DISP-01473,OMC-017,KAA Aviation,HFO,2026-04-03,53538
INV-37864,DISP-05144,OMC-006,Hashi Energy,AGO,2025-02-11,163674
INV-83330,DISP-02797,OMC-002,Vivo Energy,HFO,2025-05-31,124147
INV-83942,DISP-09556,OMC-006,Hashi Energy,HFO,2026-06-06,113129
INV-21752,DISP-01086,OMC-005,PetroOil Kenya,LPG,,119664
INV-16498,DISP-01929,OMC-014,Texol Energies,LUB,2026-02-24,65339
INV-61734,DISP-02434,OMC-004,Gulf Energy,LPG,2026-04-08,247394
INV-44428,DISP-08393,OMC-016,KPA Marine,LUB,2025-06-11,271496
INV-51572,DISP-02143,OMC-004,Gulf Energy,LUB,2026-03-10," KES 126,448 "
INV-28461,DISP-03985,OMC-001,TotalEnergies Kenya,AGO,2026-04-13,60740
INV-90508,DISP-00994,OMC-005,PetroOil Kenya,HFO,2026-02-21,50000
INV-68969,DISP-09136,OMC-019,Tanzania Petroleum,LUB,2026-03-29,179011
INV-21061,DISP-00641,OMC-005,PetroOil Kenya,LPG,2026-03-13," KES 192,966 "
INV-64476,DISP-00311,OMC-004,Gulf Energy,DPK,2026-04-06,218178
INV-38635,DISP-03274,OMC-020,Ethiopian Oil,LUB,2025-09-18,193670
INV-81427,DISP-05875,OMC-002,Vivo Energy,AGO,2025-03-26,52358
INV-45272,DISP-02612,OMC-006,Hashi Energy,LUB,2026-03-10,290764
INV-37245,DISP-02628,OMC-007,Kobil,LPG,2025-03-16,28776
INV-35185,DISP-01694,OMC-016,KPA Marine,LUB,2025-11-06,293580
INV-50819,DISP-07398,OMC-011,Hass Petroleum,LPG,2025-08-03,43913
INV-96095,DISP-09875,OMC-001,TotalEnergies Kenya,HFO,2026-06-26,47098
INV-44778,DISP-06059,OMC-008,National Oil,LUB,2025-03-13,25831
INV-69025,DISP-03134,OMC-007,Kobil,LPG,2025-01-15,139162
INV-79407,DISP-04040,OMC-018,Uganda National Oil,LPG,2025-06-03,217938
INV-93596,DISP-02321,OMC-001,TotalEnergies Kenya,LPG,2025-08-30,172428
INV-64794,DISP-01563,OMC-015,Mombasa Petroleum,LUB,2026-02-16,183613
INV-32069,DISP-02909,OMC-015,Mombasa Petroleum,HFO,2025-12-27,94412
INV-33221,DISP-03057,OMC-012,Galana Energies,HFO,2026-03-27,243928
INV-98292,DISP-07684,OMC-002,Vivo Energy,LUB,2026-04-16,50599
INV-90484,DISP-06955,OMC-011,Hass Petroleum,DPK,05/08/2025," KES 163,374 "
INV-70455,DISP-06004,OMC-015,Mombasa Petroleum,JETA1,2026-05-14,243216
INV-44112,DISP-06334,OMC-010,Tamoil,DPK,2025-10-03,40633
INV-54629,DISP-08896,OMC-006,Hashi Energy,DPK,2025-07-29,24489
INV-36490,DISP-00906,OMC-012,Galana Energies,LPG,2026-02-13,199403
INV-29745,DISP-02487,OMC-018,Uganda National Oil,LUB,2025-07-04,182577
INV-82654,DISP-03483,OMC-008,National Oil,LUB,2026-05-16,232114
INV-91224,DISP-02423,OMC-011,Hass Petroleum,LPG,2025-08-06,29135
INV-22808,DISP-08437,OMC-015,Mombasa Petroleum,LPG,2025-08-03,209565
INV-92124,DISP-01976,OMC-006,Hashi Energy,JETA1,2025-11-06,34730
INV-66513,DISP-00079,OMC-019,Tanzania Petroleum,AGO,2025-08-25," KES 166,142 "
INV-16668,DISP-00635,OMC-005,PetroOil Kenya,LUB,03/04/2026,39304
INV-18164,DISP-00822,OMC-004,Gulf Energy,LPG,2026-04-23,195348
INV-68651,DISP-04671,OMC-013,Lake Oil,LUB,2026-03-19,54113
INV-45122,DISP-03008,OMC-004,Gulf Energy,LUB,2026-03-04,27831
INV-42924,DISP-04859,OMC-007,Kobil,DPK,2025-12-14,23233
INV-21851,DISP-08639,OMC-007,Kobil,JETA1,,38844
INV-83490,DISP-04277,OMC-005,PetroOil Kenya,LUB,2026-03-23,44607
INV-76607,DISP-08358,OMC-003,Rubis Energy,DPK,2026-05-16,54956
INV-65853,DISP-02162,OMC-007,Kobil,DPK,2025-03-06,217848
INV-61500,DISP-05080,OMC-013,Lake Oil,AGO,2025-06-13,258108
INV-79895,DISP-00902,OMC-001,TotalEnergies Kenya,JETA1,2025-11-04,205980
INV-55698,DISP-06128,OMC-006,Hashi Energy,HFO,30/05/2026,46355
INV-51328,DISP-01248,OMC-009,Dalbit Petroleum,DPK,2026-01-13,143105
INV-27992,DISP-01457,OMC-006,Hashi Energy,AGO,2025-07-28,49143
INV-71931,DISP-09894,OMC-014,Texol Energies,LPG,2025-04-10,154071
INV-81241,DISP-01691,OMC-011,Hass Petroleum,AGO,2026-05-12,47386
INV-93136,DISP-08637,OMC-017,KAA Aviation,AGO,2025-04-13,59757
INV-69742,DISP-05110,OMC-008,National Oil,AGO,2026-06-04,60078
INV-59720,DISP-08007,OMC-005,PetroOil Kenya,JETA1,2026-04-28,243270
INV-67728,DISP-09241,OMC-013,Lake Oil,DPK,2025-08-19,22901
INV-67951,DISP-02807,OMC-005,PetroOil Kenya,LUB,15/02/2026,220879
INV-31403,DISP-08336,OMC-013,Lake Oil,DPK,2026-01-01,164254
INV-49335,DISP-03575,OMC-019,Tanzania Petroleum,JETA1,2026-03-16,308290
INV-47125,DISP-09273,OMC-007,Kobil,LUB,2025-05-04,124166
INV-79659,DISP-02245,OMC-008,National Oil,DPK,2025-12-08,192810
INV-60171,DISP-04370,OMC-018,Uganda National Oil,PMS,2025-07-01,107076
INV-14283,DISP-02661,OMC-017,KAA Aviation,HFO,2025-03-17,31181
INV-10355,DISP-08519,OMC-018,Uganda National Oil,LUB,2025-01-23,61083
INV-70293,DISP-03037,OMC-004,Gulf Energy,DPK,2026-03-25,25897
INV-65935,DISP-01192,OMC-011,Hass Petroleum,HFO,2025-09-17,196892
INV-12332,DISP-09194,OMC-007,Kobil,PMS,2025-08-18,156442
INV-34516,DISP-00622,OMC-012,Galana Energies,AGO,2026-03-10,290923
INV-86439,DISP-07617,OMC-004,Gulf Energy,PMS,2026-03-16,173858
INV-34127,DISP-07497,OMC-018,Uganda National Oil,DPK,,257492
INV-76832,DISP-08754,OMC-020,Ethiopian Oil,LPG,2026-01-28,117181
INV-78699,DISP-09694,OMC-015,Mombasa Petroleum,LPG,,22996
INV-46525,DISP-08813,OMC-020,Ethiopian Oil,DPK,2025-12-22,200353
INV-41151,DISP-08634,OMC-008,National Oil,DPK,2025-11-06,136389
INV-76481,DISP-02019,OMC-019,Tanzania Petroleum,LPG,2025-05-12,124032
INV-75574,DISP-02539,OMC-012,Galana Energies,LPG,2026-02-22,172291
INV-73730,DISP-09363,OMC-011,Hass Petroleum,HFO,2025-10-12,221224
INV-66190,DISP-04046,OMC-019,Tanzania Petroleum,LPG,2026-01-06,59507
INV-66484,DISP-01659,OMC-018,Uganda National Oil,LPG,2025-12-04,55226
INV-86051,DISP-07973,OMC-006,Hashi Energy,LUB,2025-08-29," KES 195,623 "
INV-65525,DISP-07626,OMC-010,Tamoil,JETA1,2026-06-19,87878
INV-93943,DISP-05605,OMC-006,Hashi Energy,AGO,2025-11-26,51935
INV-69328,DISP-03650,OMC-003,Rubis Energy,AGO,2025-05-13,190926
INV-17534,DISP-08743,OMC-003,Rubis Energy,LPG,2025-06-28,113860
INV-79123,DISP-03983,OMC-013,Lake Oil,LUB,2025-05-07,29542
INV-74335,DISP-05569,OMC-020,Ethiopian Oil,HFO,08/12/2025,24503
INV-30945,DISP-05937,OMC-001,TotalEnergies Kenya,DPK,2025-01-15,136409
INV-75799,DISP-09053,OMC-007,Kobil,DPK,2026-01-18,207605
INV-22929,DISP-05516,OMC-010,Tamoil,LPG,2026-06-05,60073
INV-55540,DISP-03654,OMC-016,KPA Marine,HFO,2026-03-30,65568
INV-61324,DISP-09101,OMC-016,KPA Marine,HFO,2025-03-20,122678
INV-87499,DISP-07189,OMC-017,KAA Aviation,AGO,2026-06-02,28619
INV-90971,DISP-08914,OMC-002,Vivo Energy,JETA1,2026-07-03,105812
INV-72090,DISP-00355,OMC-012,Galana Energies,AGO,2026-02-28,28421
INV-24256,DISP-02042,OMC-018,Uganda National Oil,PMS,2026-02-20,167418
INV-85549,DISP-05195,OMC-009,Dalbit Petroleum,JETA1,2025-03-31,209487
INV-77427,DISP-00232,OMC-015,Mombasa Petroleum,LPG,2025-07-02," KES 33,221 "
INV-90832,DISP-09976,OMC-017,KAA Aviation,DPK,2025-11-05,274849
INV-86190,DISP-00080,OMC-013,Lake Oil,JETA1,2025-03-20,154336
INV-68530,DISP-05801,OMC-015,Mombasa Petroleum,HFO,2025-04-06,124925
INV-21541,DISP-06506,OMC-009,Dalbit Petroleum,DPK,2026-02-22,36839
INV-34312,DISP-03387,OMC-008,National Oil,PMS,2025-12-02,34166
INV-49878,DISP-06959,OMC-018,Uganda National Oil,HFO,2026-02-13,53453
INV-35179,DISP-01562,OMC-009,Dalbit Petroleum,PMS,2025-09-12,62145
INV-30409,DISP-02830,OMC-001,TotalEnergies Kenya,DPK,2025-08-12,177068
INV-53972,DISP-09312,OMC-005,PetroOil Kenya,PMS,2026-03-01,199705
INV-40557,DISP-09542,OMC-019,Tanzania Petroleum,AGO,2025-03-07,197883
INV-83204,DISP-05600,OMC-015,Mombasa Petroleum,AGO,2025-03-08,86479
INV-99760,DISP-09607,OMC-011,Hass Petroleum,JETA1,2026-02-20,32038
INV-21063,DISP-00227,OMC-019,Tanzania Petroleum,DPK,2025-04-19,208198
INV-90669,DISP-03216,OMC-006,Hashi Energy,AGO,2025-11-28,153797
INV-89244,DISP-05271,OMC-003,Rubis Energy,HFO,23/05/2025,280613
INV-59145,DISP-07471,OMC-008,National Oil,AGO,2025-04-06,116589
INV-27090,DISP-07469,OMC-006,Hashi Energy,LPG,2025-08-07,201551
INV-94034,DISP-07138,OMC-010,Tamoil,DPK,2025-05-16,171546
INV-46198,DISP-01613,OMC-017,KAA Aviation,LPG,2026-06-26,238881
INV-47706,DISP-02990,OMC-014,Texol Energies,PMS,2026-04-23,42307
INV-97043,DISP-06189,OMC-015,Mombasa Petroleum,PMS,2025-04-18,55040
INV-33829,DISP-00111,OMC-006,Hashi Energy,AGO,2026-01-13,102575
INV-98954,DISP-01210,OMC-019,Tanzania Petroleum,LUB,2026-03-05,128538
INV-26584,DISP-08308,OMC-017,KAA Aviation,LUB,2026-02-18,33764
INV-84745,DISP-00453,OMC-004,Gulf Energy,AGO,2026-03-30,176096
INV-49592,DISP-02893,OMC-020,Ethiopian Oil,HFO,2026-02-11,37222
INV-55347,DISP-04670,OMC-016,KPA Marine,PMS,2025-09-06,245076
INV-67954,DISP-01440,OMC-018,Uganda National Oil,LPG,2026-03-04,121487
INV-42571,DISP-06363,OMC-013,Lake Oil,DPK,2025-09-11,41149
INV-17771,DISP-03574,OMC-006,Hashi Energy,JETA1,2025-03-14,93410
INV-87059,DISP-05055,OMC-004,Gulf Energy,LPG,2026-03-07,51754
INV-12890,DISP-06706,OMC-003,Rubis Energy,HFO,2025-08-26,51217
INV-91752,DISP-02045,OMC-008,National Oil,LUB,2026-03-16,168366
INV-32289,DISP-02282,OMC-009,Dalbit Petroleum,HFO,2026-06-28,114965
INV-21298,DISP-03056,OMC-009,Dalbit Petroleum,JETA1,2025-01-30,180131
INV-92263,DISP-02907,OMC-018,Uganda National Oil,PMS,2025-03-25,100994
INV-24354,DISP-02819,OMC-003,Rubis Energy,PMS,2026-05-22,48678
INV-38424,DISP-03340,OMC-004,Gulf Energy,AGO,2026-02-17,47146
INV-58927,DISP-01383,OMC-016,KPA Marine,LUB,2025-11-11,45285
INV-31320,DISP-02764,OMC-015,Mombasa Petroleum,JETA1,2025-02-01,265673
INV-79769,DISP-00365,OMC-019,Tanzania Petroleum,JETA1,2026-01-06,54714
INV-28474,DISP-00532,OMC-006,Hashi Energy,JETA1,2025-01-03,187288
INV-36040,DISP-06428,OMC-012,Galana Energies,LPG,2026-03-24,194593
INV-87435,DISP-07539,OMC-017,KAA Aviation,DPK,2025-03-14,125689
INV-25521,DISP-01903,OMC-015,Mombasa Petroleum,DPK,2025-11-30,102511
INV-85261,DISP-07030,OMC-006,Hashi Energy,HFO,2025-07-19," KES 58,322 "
INV-68250,DISP-02174,OMC-001,TotalEnergies Kenya,JETA1,2025-01-14,25552
INV-57237,DISP-01855,OMC-013,Lake Oil,DPK,2026-05-26,63374
INV-33710,DISP-09197,OMC-020,Ethiopian Oil,JETA1,2025-09-18,149739
INV-28856,DISP-01686,OMC-009,Dalbit Petroleum,LPG,2025-10-07,58983
INV-10381,DISP-08248,OMC-014,Texol Energies,LPG,2026-02-02,144209
INV-67145,DISP-04773,OMC-002,Vivo Energy,AGO,2026-02-15,265628
INV-95696,DISP-04599,OMC-008,National Oil,LPG,2026-04-25,110050
INV-39819,DISP-09252,OMC-019,Tanzania Petroleum,HFO,2026-01-13,156929
INV-83310,DISP-07717,OMC-011,Hass Petroleum,JETA1,2026-04-17,206811
INV-41355,DISP-08128,OMC-019,Tanzania Petroleum,PMS,2025-12-10,110324
INV-72720,DISP-09672,OMC-018,Uganda National Oil,LUB,2025-08-10,38801
INV-38591,DISP-07007,OMC-003,Rubis Energy,HFO,2025-11-24,45775
INV-94366,DISP-03467,OMC-003,Rubis Energy,HFO,2026-07-01," KES 44,413 "
INV-42545,DISP-07452,OMC-007,Kobil,LUB,08/04/2025,57444
INV-50323,DISP-00792,OMC-014,Texol Energies,PMS,2026-05-26,90229
INV-15280,DISP-06784,OMC-008,National Oil,DPK,2025-10-16,288351
INV-85474,DISP-06147,OMC-016,KPA Marine,HFO,2026-06-28,274854
INV-49596,DISP-02190,OMC-005,PetroOil Kenya,LPG,2026-02-20,99771
INV-85945,DISP-08132,OMC-009,Dalbit Petroleum,JETA1,2025-11-09,121180
INV-66633,DISP-01447,OMC-020,Ethiopian Oil,HFO,2025-02-17,61228
INV-55717,DISP-03844,OMC-003,Rubis Energy,LPG,2026-01-24,167994
INV-15621,DISP-06795,OMC-015,Mombasa Petroleum,DPK,2026-03-27,65571
INV-52401,DISP-01926,OMC-004,Gulf Energy,HFO,2026-03-25,49367
INV-21821,DISP-04916,OMC-002,Vivo Energy,AGO,2025-12-04,50786
INV-16807,DISP-09865,OMC-005,PetroOil Kenya,LUB,2026-04-16,172325
INV-81372,DISP-09473,OMC-011,Hass Petroleum,LUB,2026-03-29,133962
INV-56998,DISP-02433,OMC-014,Texol Energies,LUB,2025-02-16,136516
INV-79703,DISP-09673,OMC-001,TotalEnergies Kenya,DPK,06/07/2026,27135
INV-45365,DISP-00330,OMC-012,Galana Energies,LPG,2026-04-26,232978
INV-45390,DISP-00339,OMC-007,Kobil,LUB,2025-03-26,46149
INV-73552,DISP-07121,OMC-008,National Oil,PMS,2025-04-24,39998
INV-43316,DISP-07832,OMC-015,Mombasa Petroleum,PMS,2026-03-27,44166
INV-12218,DISP-00656,OMC-008,National Oil,HFO,2026-02-04,38581
INV-32880,DISP-01712,OMC-010,Tamoil,DPK,2025-03-02,39846
INV-15140,DISP-05613,OMC-009,Dalbit Petroleum,JETA1,2025-08-19,98783
INV-57753,DISP-01462,OMC-020,Ethiopian Oil,DPK,2026-03-31,185373
INV-56094,DISP-01362,OMC-018,Uganda National Oil,DPK,2025-06-09,25199
INV-20824,DISP-06036,OMC-009,Dalbit Petroleum,AGO,2025-04-16,32360
INV-52577,DISP-08656,OMC-020,Ethiopian Oil,HFO,2026-02-06,138678
INV-51056,DISP-05078,OMC-012,Galana Energies,LUB,2026-04-08,42416
INV-52946,DISP-09679,OMC-020,Ethiopian Oil,PMS,2025-08-26,37646
INV-72274,DISP-05117,OMC-019,Tanzania Petroleum,LPG,2025-04-02,91253
INV-53898,DISP-01977,OMC-016,KPA Marine,LUB,2026-04-13,118884
INV-68520,DISP-08108,OMC-013,Lake Oil,AGO,2025-05-20,173035
INV-87881,DISP-06943,OMC-002,Vivo Energy,LPG,2025-01-12,43766
INV-33060,DISP-05209,OMC-006,Hashi Energy,PMS,2025-04-07,35345
INV-91726,DISP-08974,OMC-015,Mombasa Petroleum,PMS,2026-02-26,49453
INV-40541,DISP-09021,OMC-005,PetroOil Kenya,PMS,2026-03-26,165675
INV-64433,DISP-01478,OMC-005,PetroOil Kenya,LUB,2026-02-13,269252
INV-35971,DISP-04596,OMC-001,TotalEnergies Kenya,LUB,2026-03-28,148331
INV-89093,DISP-09249,OMC-009,Dalbit Petroleum,DPK,2026-05-01,230141
INV-89483,DISP-03892,OMC-003,Rubis Energy,LPG,2025-05-15,220890
INV-70757,DISP-00447,OMC-004,Gulf Energy,PMS,,25956
INV-45059,DISP-08952,OMC-011,Hass Petroleum,DPK,2025-10-12,24849
INV-20309,DISP-05041,OMC-003,Rubis Energy,LPG,2026-06-24,285551
INV-48986,DISP-05416,OMC-020,Ethiopian Oil,PMS,2025-01-31,39134
INV-99600,DISP-01071,OMC-004,Gulf Energy,LUB,2026-03-05,322669
INV-72691,DISP-06897,OMC-008,National Oil,PMS,2026-06-25,87822
INV-49032,DISP-09246,OMC-010,Tamoil,HFO,2025-08-10,56549
INV-15641,DISP-00218,OMC-006,Hashi Energy,DPK,2026-04-14,25398
INV-54239,DISP-02299,OMC-008,National Oil,PMS,2026-01-04,215861
INV-22495,DISP-06927,OMC-007,Kobil,DPK,2025-10-17,28987
INV-75483,DISP-01159,OMC-003,Rubis Energy,DPK,2025-05-11,117434
INV-41438,DISP-07647,OMC-018,Uganda National Oil,LUB,2025-06-23,229418
INV-94917,DISP-01888,OMC-013,Lake Oil,DPK,2026-01-31,210202
INV-54951,DISP-09172,OMC-019,Tanzania Petroleum,AGO,2026-04-13,52981
INV-69134,DISP-03406,OMC-001,TotalEnergies Kenya,LUB,2025-07-28,22779
INV-89841,DISP-09465,OMC-003,Rubis Energy,LPG,2025-02-26,42943
INV-24175,DISP-06835,OMC-019,Tanzania Petroleum,LPG,2025-08-09,184692
INV-53932,DISP-09337,OMC-016,KPA Marine,JETA1,2025-06-30,181019
INV-27072,DISP-08261,OMC-001,TotalEnergies Kenya,DPK,2025-04-13,123761
INV-23698,DISP-05501,OMC-010,Tamoil,LUB,2026-05-20,95369
INV-27757,DISP-07548,OMC-018,Uganda National Oil,HFO,2025-01-25,130077
INV-68184,DISP-06097,OMC-001,TotalEnergies Kenya,LUB,2025-09-20,48320
INV-58069,DISP-08985,OMC-012,Galana Energies,PMS,2026-03-20,160688
INV-77135,DISP-01578,OMC-014,Texol Energies,AGO,2025-08-07,61037
INV-35879,DISP-00423,OMC-008,National Oil,LPG,2025-04-06,247213
INV-33810,DISP-04743,OMC-013,Lake Oil,LUB,2025-05-19,289254
INV-24415,DISP-01587,OMC-012,Galana Energies,AGO,2026-02-20,54781
INV-61330,DISP-00418,OMC-008,National Oil,HFO,02/03/2026,105605
INV-12054,DISP-09383,OMC-009,Dalbit Petroleum,LUB,2026-04-20,163198
INV-88357,DISP-09049,OMC-001,TotalEnergies Kenya,DPK,2026-03-10,188529
INV-79011,DISP-09840,OMC-020,Ethiopian Oil,LPG,2026-01-03,44454
INV-47818,DISP-04413,OMC-015,Mombasa Petroleum,HFO,18/01/2026,277910
INV-32898,DISP-05321,OMC-017,KAA Aviation,PMS,2026-06-15,100306
INV-71324,DISP-06582,OMC-020,Ethiopian Oil,PMS,2025-09-06,191415
INV-89363,DISP-06983,OMC-016,KPA Marine,AGO,2026-07-01,65006
INV-90727,DISP-04957,OMC-009,Dalbit Petroleum,AGO,2025-02-06,26028
INV-94206,DISP-05106,OMC-007,Kobil,DPK,2026-04-30,98963
INV-30007,DISP-02136,OMC-011,Hass Petroleum,PMS,2025-08-13,52481
INV-88193,DISP-07282,OMC-009,Dalbit Petroleum,DPK,2026-02-20,42886
INV-41390,DISP-07518,OMC-015,Mombasa Petroleum,PMS,25/02/2025," KES 179,003 "
INV-56334,DISP-08278,OMC-018,Uganda National Oil,JETA1,2026-06-08,46477
INV-26379,DISP-01206,OMC-017,KAA Aviation,JETA1,2025-08-26,118699
INV-37724,DISP-03308,OMC-020,Ethiopian Oil,LPG,2025-05-15,46881
INV-48056,DISP-05774,OMC-010,Tamoil,PMS,2025-07-23,148449
INV-73830,DISP-01290,OMC-002,Vivo Energy,LUB,2026-03-29,51918
INV-45059,DISP-08952,OMC-011,Hass Petroleum,DPK,2025-10-12,24849
INV-67032,DISP-09220,OMC-010,Tamoil,LUB,2026-03-23,50256
INV-15742,DISP-01942,OMC-018,Uganda National Oil,AGO,,172583
INV-64373,DISP-09717,OMC-007,Kobil,LUB,2026-06-28,145772
INV-16671,DISP-04153,OMC-002,Vivo Energy,LUB,2026-02-02,203369
INV-21808,DISP-04352,OMC-007,Kobil,DPK,2025-06-08,261886
INV-78522,DISP-03518,OMC-001,TotalEnergies Kenya,JETA1,2026-01-25,215147
INV-75464,DISP-00154,OMC-008,National Oil,JETA1,2025-11-06,188267
INV-72344,DISP-05969,OMC-009,Dalbit Petroleum,AGO,2025-09-14,141517
INV-19086,DISP-05487,OMC-002,Vivo Energy,PMS,2025-01-29,53525
INV-75896,DISP-07588,OMC-004,Gulf Energy,AGO,,227536
INV-23488,DISP-02466,OMC-017,KAA Aviation,LPG,2026-06-02,135534
INV-44297,DISP-03906,OMC-003,Rubis Energy,AGO,2025-12-05,205585
INV-54095,DISP-02056,OMC-006,Hashi Energy,AGO,2025-04-30,134698
INV-38114,DISP-08705,OMC-018,Uganda National Oil,LPG,2025-05-14,104318
INV-73579,DISP-03285,OMC-019,Tanzania Petroleum,JETA1,2025-10-01,156568
INV-80007,DISP-05428,OMC-008,National Oil,LPG,2025-04-25,112448
INV-22649,DISP-04128,OMC-005,PetroOil Kenya,JETA1,2026-04-20,45090
INV-43139,DISP-04186,OMC-012,Galana Energies,LUB,2026-03-12,50378
INV-47573,DISP-06307,OMC-017,KAA Aviation,PMS,2026-04-19,104008
INV-86788,DISP-00826,OMC-016,KPA Marine,HFO,2026-03-22,104520
INV-73152,DISP-02230,OMC-012,Galana Energies,AGO,2026-04-14,136956
INV-76012,DISP-08709,OMC-018,Uganda National Oil,AGO,2025-10-24,42522
INV-94590,DISP-09173,OMC-008,National Oil,DPK,2025-02-23,48530
INV-36290,DISP-03087,OMC-012,Galana Energies,JETA1,2026-04-01,150813
INV-79040,DISP-00308,OMC-009,Dalbit Petroleum,JETA1,2026-05-01,40274
INV-91204,DISP-03313,OMC-018,Uganda National Oil,DPK,2025-01-22,264580
INV-75298,DISP-01541,OMC-009,Dalbit Petroleum,JETA1,2026-03-13,137860
INV-81377,DISP-05425,OMC-020,Ethiopian Oil,HFO,2026-06-23,233406
INV-74501,DISP-02943,OMC-014,Texol Energies,DPK,2026-06-26,147235
INV-72722,DISP-07052,OMC-019,Tanzania Petroleum,PMS,2026-06-19,33427
INV-84491,DISP-05335,OMC-017,KAA Aviation,LUB,2025-03-20,54036
INV-14366,DISP-05567,OMC-010,Tamoil,JETA1,2025-11-04,165968
INV-12197,DISP-00522,OMC-010,Tamoil,HFO,2025-10-25,79220
INV-68500,DISP-08536,OMC-005,PetroOil Kenya,HFO,2026-04-14,24514
INV-89309,DISP-06668,OMC-019,Tanzania Petroleum,HFO,2026-05-15,56986
INV-66311,DISP-04466,OMC-014,Texol Energies,AGO,2026-04-25,257408
INV-65465,DISP-00789,OMC-019,Tanzania Petroleum,LPG,2025-09-18,243425
INV-53526,DISP-05317,OMC-007,Kobil,DPK,2026-05-04,84810
INV-95933,DISP-02322,OMC-009,Dalbit Petroleum,HFO,2026-04-24,176551
INV-25588,DISP-04347,OMC-007,Kobil,HFO,2026-02-21,162009
INV-41153,DISP-05509,OMC-014,Texol Energies,LPG,2026-03-10,127268
INV-66313,DISP-02737,OMC-003,Rubis Energy,LPG,2025-05-24,78464
INV-63739,DISP-00717,OMC-019,Tanzania Petroleum,LPG,2026-03-20,65315
INV-25109,DISP-08708,OMC-008,National Oil,DPK,2026-05-04,137733
INV-86608,DISP-03251,OMC-001,TotalEnergies Kenya,AGO,2025-10-08,165823
INV-80495,DISP-00470,OMC-016,KPA Marine,JETA1,2025-01-25,160658
INV-68684,DISP-08479,OMC-012,Galana Energies,LPG,2026-05-06,77061
INV-19099,DISP-04437,OMC-016,KPA Marine,LUB,2025-06-23,205717
INV-94157,DISP-05269,OMC-015,Mombasa Petroleum,JETA1,2025-03-09,85429
INV-12234,DISP-02335,OMC-017,KAA Aviation,LPG,2025-07-21,86811
INV-49401,DISP-08327,OMC-008,National Oil,HFO,2025-06-28,22357
INV-39736,DISP-00875,OMC-006,Hashi Energy,DPK,2026-01-16,220930
INV-92329,DISP-08455,OMC-005,PetroOil Kenya,DPK,2026-02-27,215687
INV-67027,DISP-03441,OMC-004,Gulf Energy,JETA1,2026-03-17,248659
INV-43907,DISP-07200,OMC-005,PetroOil Kenya,AGO,2026-03-30,248518
INV-63742,DISP-01194,OMC-013,Lake Oil,JETA1,2025-04-13,195415
INV-76534,DISP-09832,OMC-016,KPA Marine,DPK,2026-03-01,60871
INV-15822,DISP-06557,OMC-008,National Oil,AGO,2026-06-24,303556
INV-70104,DISP-03626,OMC-010,Tamoil,DPK,2025-04-21,147434
INV-45115,DISP-09057,OMC-002,Vivo Energy,PMS,2025-12-06,23410
INV-66762,DISP-03132,OMC-007,Kobil,HFO,2026-02-13,212406
INV-43589,DISP-04964,OMC-006,Hashi Energy,LPG,2026-05-11,200565
INV-24538,DISP-00471,OMC-017,KAA Aviation,HFO,2025-05-10,54379
INV-34774,DISP-08097,OMC-017,KAA Aviation,JETA1,2026-05-09,196196
INV-16071,DISP-00582,OMC-013,Lake Oil,LUB,2026-06-20,110467
INV-46201,DISP-02859,OMC-001,TotalEnergies Kenya,HFO,2025-03-20,64316
INV-46322,DISP-04619,OMC-003,Rubis Energy,JETA1,2026-01-19,35356
INV-55759,DISP-03603,OMC-001,TotalEnergies Kenya,PMS,2025-07-16,167106
INV-24129,DISP-05631,OMC-019,Tanzania Petroleum,DPK,2026-02-07,181492
INV-73943,DISP-04290,OMC-018,Uganda National Oil,AGO,2026-06-26,61819
INV-75678,DISP-01153,OMC-014,Texol Energies,HFO,2026-03-08,150653
INV-64223,DISP-00578,OMC-009,Dalbit Petroleum,LUB,2025-04-14,34381
INV-55405,DISP-09269,OMC-013,Lake Oil,JETA1,2026-03-19,27769
INV-49554,DISP-00359,OMC-015,Mombasa Petroleum,JETA1,2025-04-06,130582
INV-12490,DISP-02298,OMC-012,Galana Energies,HFO,2026-02-22,233988
INV-10653,DISP-03849,OMC-019,Tanzania Petroleum,LPG,2025-02-13,145621
INV-62693,DISP-09052,OMC-005,PetroOil Kenya,HFO,2026-02-17,155988
INV-65511,DISP-01950,OMC-019,Tanzania Petroleum,PMS,2026-04-18,31078
INV-83574,DISP-03674,OMC-006,Hashi Energy,JETA1,2026-04-10," KES 159,007 "
INV-76732,DISP-00487,OMC-018,Uganda National Oil,AGO,2026-04-01,42623
INV-66732,DISP-02568,OMC-017,KAA Aviation,PMS,2025-02-19,100918
INV-74135,DISP-05107,OMC-002,Vivo Energy,DPK,2025-10-02," KES 40,739 "
INV-99638,DISP-00042,OMC-008,National Oil,PMS,06/01/2026,47615
INV-32990,DISP-07349,OMC-004,Gulf Energy,HFO,2026-02-26,214356
INV-34297,DISP-01552,OMC-004,Gulf Energy,AGO,2026-04-04,86439
INV-89087,DISP-09085,OMC-002,Vivo Energy,AGO,2025-04-14,28214
INV-51569,DISP-03813,OMC-011,Hass Petroleum,JETA1,2025-01-07,134031
INV-61804,DISP-00668,OMC-017,KAA Aviation,DPK,2026-06-15,165193
INV-19142,DISP-08158,OMC-005,PetroOil Kenya,JETA1,2026-03-08,141149
INV-81566,DISP-06157,OMC-010,Tamoil,AGO,2025-09-04,31006
INV-64862,DISP-05545,OMC-016,KPA Marine,DPK,2025-07-29,204327
INV-87805,DISP-09965,OMC-015,Mombasa Petroleum,LPG,31/03/2026,39909
INV-97171,DISP-03011,OMC-010,Tamoil,HFO,2026-06-20,43160
INV-38897,DISP-03272,OMC-020,Ethiopian Oil,DPK,,22064
INV-62166,DISP-03751,OMC-001,TotalEnergies Kenya,HFO,2025-03-08,59855
INV-94292,DISP-06767,OMC-020,Ethiopian Oil,LUB,,283478
INV-45892,DISP-04810,OMC-019,Tanzania Petroleum,AGO,2025-05-21,42201
INV-55930,DISP-06660,OMC-006,Hashi Energy,DPK,09/09/2025,187661
INV-20643,DISP-00936,OMC-004,Gulf Energy,LUB,2026-02-16,36253
INV-25949,DISP-01132,OMC-019,Tanzania Petroleum,HFO,2025-07-11,165773
INV-65372,DISP-03833,OMC-002,Vivo Energy,LPG,2025-05-17,151409
INV-28284,DISP-06519,OMC-018,Uganda National Oil,LUB,2025-03-24,188112
INV-89333,DISP-02211,OMC-005,PetroOil Kenya,AGO,2026-04-03,36263
INV-41965,DISP-07544,OMC-017,KAA Aviation,DPK,2025-04-01,152597
INV-39152,DISP-09927,OMC-006,Hashi Energy,DPK,2025-04-16,295986
INV-90373,DISP-00007,OMC-008,National Oil,PMS,2025-08-19," KES 56,691 "
INV-63208,DISP-08542,OMC-014,Texol Energies,AGO,2026-05-09,59147
INV-70197,DISP-04888,OMC-006,Hashi Energy,AGO,2026-03-01," KES 33,401 "
INV-23256,DISP-06669,OMC-020,Ethiopian Oil,DPK,2025-09-16,50144
INV-69061,DISP-00922,OMC-013,Lake Oil,LPG,,26060
INV-94957,DISP-07022,OMC-007,Kobil,AGO,2025-06-15,60394
INV-42551,DISP-07270,OMC-018,Uganda National Oil,LUB,2025-10-06,34736
INV-61532,DISP-04160,OMC-008,National Oil,LPG,2026-05-12,209789
INV-32838,DISP-05024,OMC-008,National Oil,AGO,2025-12-30," KES 22,175 "
INV-48471,DISP-04233,OMC-012,Galana Energies,HFO,2026-05-03,49482
INV-78159,DISP-01385,OMC-012,Galana Energies,LUB,2026-03-27,139964
INV-73464,DISP-01548,OMC-011,Hass Petroleum,PMS,2025-01-06,290115
INV-73697,DISP-03016,OMC-008,National Oil,LUB,2026-02-09,245974
INV-34738,DISP-09486,OMC-013,Lake Oil,DPK,2025-01-24,120687
INV-25504,DISP-07230,OMC-009,Dalbit Petroleum,DPK,2026-02-05,20725
INV-92130,DISP-00600,OMC-003,Rubis Energy,LUB,2025-04-21,100999
INV-76035,DISP-03883,OMC-018,Uganda National Oil,LUB,2025-11-11,113882
INV-76865,DISP-02219,OMC-013,Lake Oil,LUB,2025-10-22,35321
INV-10067,DISP-02523,OMC-012,Galana Energies,JETA1,13/03/2026,217445
INV-99687,DISP-09928,OMC-008,National Oil,PMS,2025-05-26,49646
INV-67817,DISP-09129,OMC-013,Lake Oil,LPG,2026-02-01,113865
INV-26561,DISP-03420,OMC-019,Tanzania Petroleum,DPK,2026-02-09,183491
INV-74045,DISP-04222,OMC-016,KPA Marine,PMS,2025-07-08,53611
INV-27159,DISP-00697,OMC-019,Tanzania Petroleum,AGO,,134156
INV-89954,DISP-09601,OMC-009,Dalbit Petroleum,PMS,2025-06-12,128544
INV-12257,DISP-06523,OMC-005,PetroOil Kenya,LUB,2026-03-19,153043
INV-39620,DISP-01814,OMC-016,KPA Marine,HFO,2025-01-17,182883
INV-68761,DISP-05821,OMC-009,Dalbit Petroleum,LPG,2025-10-28,199657
INV-40922,DISP-09997,OMC-007,Kobil,LUB,2026-05-23,56214
INV-87739,DISP-02072,OMC-012,Galana Energies,LUB,2026-04-11,61992
INV-53923,DISP-02180,OMC-009,Dalbit Petroleum,AGO,2025-11-17,33805
INV-46425,DISP-07024,OMC-019,Tanzania Petroleum,PMS,2025-07-29,183746
INV-38552,DISP-07450,OMC-001,TotalEnergies Kenya,HFO,2025-09-25,98567
INV-23899,DISP-09941,OMC-002,Vivo Energy,LUB,2026-04-07,31835
INV-14178,DISP-03411,OMC-008,National Oil,LPG,2025-11-13,146656
INV-68549,DISP-03012,OMC-015,Mombasa Petroleum,JETA1,2025-01-31,36156
INV-97385,DISP-00655,OMC-009,Dalbit Petroleum,DPK,2025-06-02,138818
INV-53215,DISP-01319,OMC-007,Kobil,JETA1,2025-12-01,50899
INV-50470,DISP-02579,OMC-010,Tamoil,PMS,2026-03-24,33196
INV-98171,DISP-05427,OMC-011,Hass Petroleum,LUB,2025-03-23,58910
INV-80457,DISP-01688,OMC-019,Tanzania Petroleum,AGO,02/04/2025," KES 205,751 "
INV-56836,DISP-09278,OMC-008,National Oil,JETA1,2026-06-20,28906
INV-31288,DISP-06772,OMC-013,Lake Oil,JETA1,16/06/2025,105265
INV-93371,DISP-00362,OMC-007,Kobil,LUB,2025-01-09,183099
INV-25891,DISP-01480,OMC-010,Tamoil,PMS,2026-06-03,210984
INV-62727,DISP-08416,OMC-012,Galana Energies,JETA1,2026-03-27," KES 414,795 "
INV-54543,DISP-09360,OMC-019,Tanzania Petroleum,AGO,2025-08-08,137853
INV-96307,DISP-08561,OMC-018,Uganda National Oil,LPG,2026-02-04,24102
INV-24585,DISP-09377,OMC-006,Hashi Energy,JETA1,2025-04-13,162183
INV-76186,DISP-02756,OMC-001,TotalEnergies Kenya,JETA1,,231007
INV-17667,DISP-09286,OMC-006,Hashi Energy,AGO,2025-03-12,47074
INV-24607,DISP-06535,OMC-011,Hass Petroleum,JETA1,2025-11-04,115504
INV-45033,DISP-07065,OMC-017,KAA Aviation,LPG,2025-03-17,23738
INV-87353,DISP-02354,OMC-017,KAA Aviation,DPK,2026-04-25,196510
INV-99088,DISP-03210,OMC-013,Lake Oil,HFO,2025-12-27,246608
INV-45596,DISP-08723,OMC-013,Lake Oil,LPG,11/06/2025,141778
INV-88686,DISP-04633,OMC-015,Mombasa Petroleum,DPK,2025-02-09,223775
INV-62390,DISP-01102,OMC-007,Kobil,LUB,2025-05-20," KES 51,408 "
INV-41706,DISP-08331,OMC-001,TotalEnergies Kenya,LPG,2025-04-21,45744
INV-88396,DISP-02910,OMC-016,KPA Marine,LPG,2026-05-15,48283
INV-30585,DISP-04926,OMC-014,Texol Energies,PMS,2026-01-12,166601
INV-44698,DISP-08935,OMC-017,KAA Aviation,LPG,2025-03-04,49704
INV-77399,DISP-00714,OMC-009,Dalbit Petroleum,HFO,22/03/2025,41922
INV-52804,DISP-04140,OMC-013,Lake Oil,DPK,2026-01-10," KES 202,924 "
INV-69923,DISP-01793,OMC-015,Mombasa Petroleum,LUB,2025-09-29,86253
INV-38388,DISP-08472,OMC-009,Dalbit Petroleum,JETA1,12/11/2025,129795
INV-69985,DISP-08325,OMC-018,Uganda National Oil,PMS,2026-05-30,146759
INV-86682,DISP-00321,OMC-009,Dalbit Petroleum,AGO,2025-10-26,32269
INV-33257,DISP-04120,OMC-014,Texol Energies,AGO,2026-05-24,93068
INV-28405,DISP-01271,OMC-012,Galana Energies,JETA1,2026-03-05,170303
INV-62351,DISP-07701,OMC-004,Gulf Energy,LPG,2026-05-04,274736
INV-11323,DISP-02012,OMC-013,Lake Oil,LPG,,100425
INV-57876,DISP-09866,OMC-006,Hashi Energy,AGO,2026-03-07,97825
INV-81435,DISP-05680,OMC-010,Tamoil,JETA1,2026-01-17,222433
INV-12637,DISP-00561,OMC-017,KAA Aviation,AGO,2025-06-04,207965
INV-44477,DISP-04972,OMC-005,PetroOil Kenya,LPG,2026-03-01,200992
INV-55048,DISP-09413,OMC-019,Tanzania Petroleum,PMS,2025-03-22,212004
INV-54684,DISP-09399,OMC-002,Vivo Energy,JETA1,2026-04-15,78288
INV-25706,DISP-00692,OMC-015,Mombasa Petroleum,HFO,2025-06-17,259417
INV-82778,DISP-03093,OMC-017,KAA Aviation,JETA1,2025-02-11,59000
INV-11420,DISP-00649,OMC-001,TotalEnergies Kenya,LPG,17/02/2025," KES 101,493 "
INV-13023,DISP-00743,OMC-003,Rubis Energy,DPK,2026-03-08," KES 27,192 "
INV-44385,DISP-03349,OMC-006,Hashi Energy,JETA1,2025-04-26,30734
INV-29936,DISP-00335,OMC-014,Texol Energies,DPK,2025-04-19,42338
INV-76405,DISP-05891,OMC-009,Dalbit Petroleum,JETA1,2025-12-16,117869
INV-52576,DISP-04522,OMC-006,Hashi Energy,HFO,2025-04-12,164479
INV-19144,DISP-09137,OMC-006,Hashi Energy,DPK,01/08/2025,134293
INV-54967,DISP-01635,OMC-013,Lake Oil,HFO,2025-06-22,167514
INV-39826,DISP-09041,OMC-019,Tanzania Petroleum,HFO,2025-06-16,162342
INV-81965,DISP-03824,OMC-018,Uganda National Oil,JETA1,2025-05-14,35704
INV-74478,DISP-00652,OMC-004,Gulf Energy,PMS,2026-04-09,127702
INV-96618,DISP-04194,OMC-001,TotalEnergies Kenya,AGO,2025-05-12,268006
INV-56208,DISP-08770,OMC-004,Gulf Energy,PMS,2026-03-23,271844
INV-99774,DISP-03866,OMC-007,Kobil,AGO,2025-07-29,186991
INV-34710,DISP-05992,OMC-006,Hashi Energy,LPG,2025-01-20,245390
INV-85851,DISP-09968,OMC-011,Hass Petroleum,JETA1,2025-09-14,205491
INV-13019,DISP-03399,OMC-017,KAA Aviation,HFO,2025-07-12,184384
INV-80043,DISP-09492,OMC-010,Tamoil,AGO,2026-03-19,159463
INV-49856,DISP-04210,OMC-008,National Oil,PMS,2025-06-30,188175
INV-67450,DISP-00725,OMC-014,Texol Energies,HFO,2025-04-07,277429
INV-70997,DISP-07847,OMC-017,KAA Aviation,DPK,2025-02-14," KES 143,306 "
INV-99952,DISP-00050,OMC-003,Rubis Energy,PMS,,36123
INV-64771,DISP-02613,OMC-010,Tamoil,PMS,2026-02-01,25443
INV-84245,DISP-09629,OMC-002,Vivo Energy,HFO,18/08/2025,141949
INV-88719,DISP-07142,OMC-015,Mombasa Petroleum,LUB,2026-06-25,136281
INV-91543,DISP-03339,OMC-003,Rubis Energy,HFO,24/03/2026,102722
INV-98037,DISP-09394,OMC-008,National Oil,LPG,12/09/2025,43741
INV-14317,DISP-01263,OMC-006,Hashi Energy,LPG,2025-01-27,50505
INV-63351,DISP-01452,OMC-003,Rubis Energy,JETA1,2026-06-09,285418
INV-63716,DISP-05514,OMC-011,Hass Petroleum,DPK,2026-05-26,32194
INV-84557,DISP-05581,OMC-009,Dalbit Petroleum,DPK,2025-04-02,217409
INV-62418,DISP-01293,OMC-008,National Oil,HFO,2025-11-18,182934
INV-43480,DISP-03311,OMC-010,Tamoil,DPK,2025-08-11,194312
INV-92012,DISP-00261,OMC-009,Dalbit Petroleum,JETA1,2026-02-18,244528
INV-10419,DISP-00695,OMC-006,Hashi Energy,LUB,2025-07-25,60106
INV-55871,DISP-07199,OMC-008,National Oil,DPK,2025-06-02,189435
INV-13899,DISP-01328,OMC-017,KAA Aviation,DPK,2025-06-17,62248
INV-57268,DISP-08942,OMC-005,PetroOil Kenya,PMS,2026-03-02," KES 258,569 "
INV-87925,DISP-02060,OMC-005,PetroOil Kenya,LPG,2026-03-05,150118
INV-39985,DISP-07580,OMC-011,Hass Petroleum,LUB,2026-01-19,46363
INV-81170,DISP-05654,OMC-019,Tanzania Petroleum,PMS,,213536
INV-48373,DISP-04470,OMC-014,Texol Energies,PMS,2025-05-15,248997
INV-48230,DISP-02827,OMC-016,KPA Marine,PMS,2026-03-22,262372
INV-93525,DISP-04436,OMC-011,Hass Petroleum,DPK,2026-05-01,93678
INV-60455,DISP-02588,OMC-010,Tamoil,JETA1,2026-02-04,252027
INV-80952,DISP-03258,OMC-006,Hashi Energy,AGO,2025-12-01,107014
INV-45981,DISP-05137,OMC-020,Ethiopian Oil,LUB,2025-08-21,98966
INV-38731,DISP-04148,OMC-008,National Oil,HFO,2025-05-05,128262
INV-22114,DISP-07619,OMC-005,PetroOil Kenya,LUB,2026-02-26,138200
INV-88597,DISP-03085,OMC-004,Gulf Energy,HFO,2026-02-06,197638
INV-22770,DISP-05973,OMC-013,Lake Oil,JETA1,2025-05-04,58035
INV-52782,DISP-02887,OMC-018,Uganda National Oil,JETA1,2025-11-30,48175
INV-94590,DISP-08096,OMC-003,Rubis Energy,LUB,2025-11-22," KES 187,012 "
INV-47466,DISP-07210,OMC-013,Lake Oil,AGO,2025-02-28,37524
INV-19673,DISP-08661,OMC-011,Hass Petroleum,HFO,2025-08-22,128219
INV-84883,DISP-00209,OMC-018,Uganda National Oil,HFO,2025-01-27,158994
INV-35268,DISP-02336,OMC-005,PetroOil Kenya,DPK,2026-02-15,55764
INV-52624,DISP-04959,OMC-019,Tanzania Petroleum,JETA1,2025-08-20,256077
INV-65407,DISP-03619,OMC-005,PetroOil Kenya,AGO,2026-03-04,38676
INV-24500,DISP-09143,OMC-005,PetroOil Kenya,AGO,2026-02-16,172064
INV-75988,DISP-03449,OMC-008,National Oil,LPG,2025-09-14,29536
INV-40001,DISP-08263,OMC-012,Galana Energies,HFO,2026-03-07,53472
INV-11189,DISP-06447,OMC-016,KPA Marine,PMS,2025-02-07,233843
INV-22188,DISP-02039,OMC-002,Vivo Energy,PMS,2025-12-09,53234
INV-15322,DISP-08894,OMC-005,PetroOil Kenya,LPG,2026-02-27,60196
INV-45182,DISP-03986,OMC-016,KPA Marine,DPK,2025-10-27,33581
INV-37904,DISP-00400,OMC-008,National Oil,PMS,2025-10-23,59785
INV-36831,DISP-00967,OMC-008,National Oil,JETA1,2025-09-03,95284
INV-65018,DISP-07448,OMC-019,Tanzania Petroleum,PMS,2025-09-13,123288
INV-94731,DISP-02257,OMC-008,National Oil,JETA1,2025-10-13,25486
INV-61320,DISP-03099,OMC-005,PetroOil Kenya,DPK,2026-02-05,62537
INV-76722,DISP-03007,OMC-018,Uganda National Oil,PMS,2025-07-13,157437
INV-40897,DISP-09591,OMC-004,Gulf Energy,DPK,2026-03-12,60663
INV-29194,DISP-02812,OMC-015,Mombasa Petroleum,DPK,2025-09-03,170737
INV-14977,DISP-09287,OMC-005,PetroOil Kenya,LPG,11/03/2026,171951
INV-46459,DISP-06354,OMC-010,Tamoil,LPG,2026-01-22,33947
INV-61929,DISP-06618,OMC-005,PetroOil Kenya,DPK,2026-04-11,58106
INV-63202,DISP-08946,OMC-001,TotalEnergies Kenya,JETA1,07/09/2025,245860
INV-54519,DISP-01898,OMC-011,Hass Petroleum,DPK,2025-08-20,244308
INV-54637,DISP-00914,OMC-015,Mombasa Petroleum,AGO,2026-02-06,95642
INV-76984,DISP-03573,OMC-014,Texol Energies,LUB,2025-11-26,39420
INV-44326,DISP-09963,OMC-015,Mombasa Petroleum,HFO,2025-10-16,181326
INV-85656,DISP-04718,OMC-013,Lake Oil,AGO,2025-03-23,45671
INV-53648,DISP-00480,OMC-020,Ethiopian Oil,AGO,2026-03-20,126865
INV-62065,DISP-09043,OMC-009,Dalbit Petroleum,LUB,2025-07-19,182744
INV-15815,DISP-07427,OMC-012,Galana Energies,LUB,2026-04-20,23375
INV-89454,DISP-09014,OMC-018,Uganda National Oil,JETA1,2025-07-15,207706
INV-72446,DISP-09299,OMC-014,Texol Energies,DPK,2025-09-22,103434
INV-61603,DISP-03934,OMC-011,Hass Petroleum,AGO,2025-12-11,84498
INV-20601,DISP-02472,OMC-019,Tanzania Petroleum,LPG,2026-06-01,86650
INV-19141,DISP-03310,OMC-001,TotalEnergies Kenya,LUB,2025-02-04,35343
INV-69377,DISP-00477,OMC-001,TotalEnergies Kenya,AGO,28/02/2025,38720
INV-62157,DISP-07673,OMC-015,Mombasa Petroleum,LUB,2025-12-26,96642
