payment_id,invoice_id,omc_id,customer_name,remitting_bank_account,date,value_kes,installment_no
PAY-72417,INV-11840,OMC-003,Rubis Energy,GB04LOQO13315098393010,12/06/2025,26720,1
PAY-84355,INV-69787,OMC-020,Ethiopian Oil,GB08IVAZ74821759464743,2025-11-05,59259,1
PAY-90423,INV-89316,OMC-015,Mombasa Petroleum,GB80WOIJ43135182337498,2025-12-17,144555,1
PAY-25269,INV-34900,OMC-017,KAA Aviation,GB54HVSS04902787429671,2026-03-28," KES 235,531 ",1
PAY-98593,INV-61189,OMC-011,Hass Petroleum,GB56WGCN65876036690967,2026-03-29,19260,2
PAY-90640,INV-53393,OMC-016,KPA Marine,GB31MOOJ96499091334123,2025-06-14,87291,1
PAY-91322,INV-31408,OMC-011,Hass Petroleum,GB56WGCN65876036690967,2025-09-05,198743,1
PAY-35080,INV-74501,OMC-014,Texol Energies,GB06ONXS45314737996507,2026-07-18,106948,1
PAY-65636,INV-34187,OMC-012,Galana Energies,GB89GWUW86379402654235,2026-06-07,18249,1
PAY-76499,INV-77062,OMC-006,Hashi Energy,GB05QCFC91361939909169,2025-12-17,129226,1
PAY-16427,INV-13521,OMC-017,KAA Aviation,GB54HVSS04902787429671,2026-05-12,50508,1
PAY-11478,INV-14332,OMC-005,PetroOil Kenya,GB89GWUW86379402654235,2026-06-27,12145,2
PAY-81326,INV-12393,OMC-010,Tamoil,GB34EABH79176936763201,2025-05-12,163003,1
PAY-97623,INV-62385,OMC-008,National Oil,GB08NAFX56342160733754,23/09/2025,36204,1
PAY-48258,INV-73530,OMC-004,Gulf Energy,GB89GWUW86379402654235,2026-04-16,74904,1
PAY-43920,INV-81808,OMC-006,Hashi Energy,GB05QCFC91361939909169,2026-01-18,43600,2
PAY-40412,INV-84661,OMC-019,Tanzania Petroleum,GB64OAXE62174596158657,27/04/2026,31734,1
PAY-25093,INV-29751,OMC-018,Uganda National Oil,GB73JRAR61317127484677,27/04/2026," KES 48,770 ",1
PAY-73783,INV-76702,OMC-009,Dalbit Petroleum,GB53VXXX35615951484656,2026-03-23,94954,1
PAY-23003,INV-91224,OMC-011,Hass Petroleum,GB56WGCN65876036690967,2025-09-11,29135,1
PAY-32299,INV-36029,OMC-011,Hass Petroleum,GB56WGCN65876036690967,2026-01-18,63724,2
PAY-21868,INV-57224,OMC-007,Kobil,GB37IDDX82449353487401,25/07/2026,159449,1
PAY-12564,INV-78129,OMC-007,Kobil,GB37IDDX82449353487401,2026-07-12,167814,1
PAY-41635,INV-19804,OMC-018,Uganda National Oil,GB73JRAR61317127484677,2025-11-14,219120,1
PAY-79245,INV-94644,OMC-007,Kobil,GB37IDDX82449353487401,2026-02-12,119414,1
PAY-75049,INV-61816,OMC-004,Gulf Energy,GB89GWUW86379402654235,2026-04-09,93155,2
PAY-74198,INV-85618,OMC-002,Vivo Energy,GB45OQIR01845146270482,2025-04-26,8488,2
PAY-35424,INV-40408,OMC-002,Vivo Energy,GB45OQIR01845146270482,2026-04-04,241475,1
PAY-70684,INV-75823,OMC-002,Vivo Energy,GB45OQIR01845146270482,2026-02-09,15617,1
PAY-98729,INV-11421,OMC-020,Ethiopian Oil,GB08IVAZ74821759464743,2025-08-05,59840,1
PAY-65590,INV-87435,OMC-017,KAA Aviation,GB54HVSS04902787429671,2025-05-01,125689,1
PAY-43004,INV-81478,OMC-020,Ethiopian Oil,GB08IVAZ74821759464743,2026-07-16,44354,1
PAY-82177,INV-70555,OMC-003,Rubis Energy,GB04LOQO13315098393010,2026-02-22,15616,1
PAY-65653,INV-37125,OMC-001,TotalEnergies Kenya,GB06DMIO52553419283276,2025-11-03,32376,2
PAY-34185,INV-36401,OMC-017,KAA Aviation,GB54HVSS04902787429671,2025-05-01,51036,1
PAY-33060,INV-94724,OMC-018,Uganda National Oil,GB73JRAR61317127484677,2025-04-21," KES 125,996 ",1
PAY-72374,INV-18463,OMC-004,Gulf Energy,GB89GWUW86379402654235,2026-04-19,20031,1
PAY-85048,INV-20567,OMC-013,Lake Oil,GB88TEHE71937452991241,2026-05-26,124713,1
PAY-89913,INV-21662,OMC-013,Lake Oil,GB88TEHE71937452991241,2025-06-25,37421,1
PAY-14684,INV-50419,OMC-004,Gulf Energy,GB89GWUW86379402654235,21/05/2026,25370,2
PAY-12993,INV-54694,OMC-010,Tamoil,GB34EABH79176936763201,2025-10-24,38750,1
PAY-84557,INV-21798,OMC-014,Texol Energies,GB06ONXS45314737996507,2025-08-02," KES 27,842 ",2
PAY-65123,INV-97981,OMC-003,Rubis Energy,GB04LOQO13315098393010,2025-06-18,116386,1
PAY-73305,INV-11866,OMC-016,KPA Marine,GB31MOOJ96499091334123,2026-06-10,47803,1
PAY-88002,INV-31564,OMC-014,Texol Energies,GB06ONXS45314737996507,2025-05-28,100635,2
PAY-31590,INV-62674,OMC-014,Texol Energies,GB06ONXS45314737996507,2025-06-05,74085,2
PAY-55497,INV-38965,OMC-013,Lake Oil,GB88TEHE71937452991241,2025-11-12,80739,1
PAY-74773,INV-15242,OMC-018,Uganda National Oil,GB73JRAR61317127484677,2026-01-20,97560,1
PAY-65662,INV-41312,OMC-017,KAA Aviation,GB54HVSS04902787429671,2025-12-19,266789,1
PAY-51488,INV-44056,OMC-010,Tamoil,GB34EABH79176936763201,2026-06-03," KES 57,094 ",1
PAY-62949,INV-89289,OMC-019,Tanzania Petroleum,GB64OAXE62174596158657,2025-10-17,33730,2
PAY-66160,INV-13899,OMC-017,KAA Aviation,GB54HVSS04902787429671,2025-08-11,62248,1
PAY-90416,INV-43486,OMC-017,KAA Aviation,GB54HVSS04902787429671,11/04/2025,260094,1
PAY-10224,INV-37937,OMC-013,Lake Oil,GB88TEHE71937452991241,15/06/2026,44225,1
PAY-51174,INV-95618,OMC-002,Vivo Energy,GB45OQIR01845146270482,2026-03-09,213820,1
PAY-24862,INV-24723,OMC-018,Uganda National Oil,GB73JRAR61317127484677,2025-03-30,35066,1
PAY-60479,INV-90003,OMC-014,Texol Energies,GB06ONXS45314737996507,2026-06-16,276216,1
PAY-30249,INV-85167,OMC-014,Texol Energies,GB06ONXS45314737996507,2026-04-02,295608,1
PAY-77526,INV-50872,OMC-005,PetroOil Kenya,GB89GWUW86379402654235,2026-05-09,13310,2
PAY-87396,INV-37114,OMC-013,Lake Oil,GB88TEHE71937452991241,2025-06-26," KES 52,709 ",1
PAY-69595,INV-66923,OMC-011,Hass Petroleum,GB56WGCN65876036690967,2025-12-21,149420,1
PAY-31936,INV-61885,OMC-014,Texol Energies,GB06ONXS45314737996507,2025-03-08,38282,2
PAY-71861,INV-56414,OMC-003,Rubis Energy,GB04LOQO13315098393010,2025-03-08,69909,1
PAY-52016,INV-38429,OMC-013,Lake Oil,GB88TEHE71937452991241,2026-03-04,288333,1
PAY-63182,INV-47706,OMC-014,Texol Energies,GB06ONXS45314737996507,2026-05-15,47523,1
PAY-94173,INV-98029,OMC-006,Hashi Energy,GB05QCFC91361939909169,2026-02-23,256785,1
PAY-87440,INV-87969,OMC-003,Rubis Energy,GB04LOQO13315098393010,2026-04-17,127574,1
PAY-35887,INV-72275,OMC-004,Gulf Energy,GB89GWUW86379402654235,2026-04-05,90854,1
PAY-21081,INV-40204,OMC-011,Hass Petroleum,GB56WGCN65876036690967,2025-04-14,162777,1
PAY-13304,INV-45017,OMC-006,Hashi Energy,GB05QCFC91361939909169,2025-10-30,113219,1
PAY-14326,INV-59968,OMC-019,Tanzania Petroleum,GB64OAXE62174596158657,2026-05-16,217923,1
PAY-32557,INV-44757,OMC-012,Galana Energies,GB89GWUW86379402654235,2026-05-22,104587,2
PAY-23739,INV-62507,OMC-019,Tanzania Petroleum,GB64OAXE62174596158657,2025-06-22,176087,1
PAY-84204,INV-22144,OMC-017,KAA Aviation,GB54HVSS04902787429671,2025-10-20,122408,1
PAY-20749,INV-84540,OMC-008,National Oil,GB08NAFX56342160733754,2025-08-16,282337,1
PAY-72566,INV-89348,OMC-014,Texol Energies,GB06ONXS45314737996507,2025-09-18,18557,2
PAY-19354,INV-23783,OMC-016,KPA Marine,GB31MOOJ96499091334123,2025-11-28,171626,1
PAY-92816,INV-16261,OMC-002,Vivo Energy,GB45OQIR01845146270482,2025-07-16,21433,1
PAY-87334,INV-82411,OMC-012,Galana Energies,GB89GWUW86379402654235,2026-05-02,117490,1
PAY-18477,INV-26047,OMC-005,PetroOil Kenya,GB89GWUW86379402654235,2026-07-21,40380,2
PAY-30532,INV-14569,OMC-020,Ethiopian Oil,GB08IVAZ74821759464743,2025-03-30,37731,1
PAY-88372,INV-86292,OMC-014,Texol Energies,GB06ONXS45314737996507,2026-05-01,142646,1
PAY-15387,INV-20901,OMC-016,KPA Marine,GB31MOOJ96499091334123,2025-12-26,29527,1
PAY-10410,INV-16060,OMC-002,Vivo Energy,GB45OQIR01845146270482,2025-11-04,291727,1
PAY-88879,INV-81511,OMC-004,Gulf Energy,GB89GWUW86379402654235,2026-03-29,320069,1
PAY-73877,INV-48050,OMC-018,Uganda National Oil,GB73JRAR61317127484677,2026-04-24,154499,1
PAY-38724,INV-54649,OMC-019,Tanzania Petroleum,GB64OAXE62174596158657,2025-10-17,251672,1
PAY-88430,INV-65387,OMC-018,Uganda National Oil,GB73JRAR61317127484677,2025-08-14,23813,1
PAY-29547,INV-77602,OMC-009,Dalbit Petroleum,GB53VXXX35615951484656,2025-06-08,29022,2
PAY-33873,INV-15714,OMC-020,Ethiopian Oil,GB08IVAZ74821759464743,2025-06-26,163707,1
PAY-49925,INV-32279,OMC-005,PetroOil Kenya,GB89GWUW86379402654235,2026-04-17,47821,1
PAY-87907,INV-61017,OMC-009,Dalbit Petroleum,GB53VXXX35615951484656,2026-07-21,23413,2
PAY-28046,INV-32193,OMC-006,Hashi Energy,GB05QCFC91361939909169,2026-01-26,110704,1
PAY-99961,INV-24232,OMC-018,Uganda National Oil,GB73JRAR61317127484677,,50062,1
PAY-14664,INV-88602,OMC-005,PetroOil Kenya,GB89GWUW86379402654235,2026-06-06,180275,1
PAY-99780,INV-42578,OMC-013,Lake Oil,GB88TEHE71937452991241,2025-05-10,127825,1
PAY-51846,INV-69734,OMC-012,Galana Energies,GB89GWUW86379402654235,2026-05-01," KES 22,680 ",1
PAY-38021,INV-93553,OMC-014,Texol Energies,GB06ONXS45314737996507,2026-01-07,24978,1
PAY-93140,INV-78946,OMC-008,National Oil,GB08NAFX56342160733754,2025-08-06,116058,1
PAY-51501,INV-25488,OMC-010,Tamoil,GB34EABH79176936763201,2025-04-05,43867,1
PAY-85912,INV-68060,OMC-011,Hass Petroleum,GB56WGCN65876036690967,2025-11-20,97338,1
PAY-16470,INV-14059,OMC-001,TotalEnergies Kenya,GB06DMIO52553419283276,2025-09-06,191180,1
PAY-47688,INV-76785,OMC-017,KAA Aviation,GB54HVSS04902787429671,2026-07-02,53621,1
PAY-89633,INV-21220,OMC-020,Ethiopian Oil,GB08IVAZ74821759464743,03/04/2026,146353,1
PAY-85107,INV-80782,OMC-008,National Oil,GB08NAFX56342160733754,2025-05-23,23358,1
PAY-11674,INV-99067,OMC-016,KPA Marine,GB31MOOJ96499091334123,2025-11-15,219453,1
PAY-41705,INV-40980,OMC-014,Texol Energies,GB06ONXS45314737996507,2025-10-26,15043,2
PAY-57981,INV-92646,OMC-010,Tamoil,GB34EABH79176936763201,2026-06-11," KES 270,879 ",1
PAY-96582,INV-39818,OMC-011,Hass Petroleum,GB56WGCN65876036690967,,134651,1
PAY-26658,INV-50104,OMC-019,Tanzania Petroleum,GB64OAXE62174596158657,2026-05-11,77885,2
PAY-68868,INV-30852,OMC-006,Hashi Energy,GB05QCFC91361939909169,2025-08-01,47792,1
PAY-44555,INV-63977,OMC-011,Hass Petroleum,GB56WGCN65876036690967,2025-07-06,166746,1
PAY-37183,INV-21560,OMC-010,Tamoil,GB34EABH79176936763201,2026-04-07,62165,1
PAY-58807,INV-49371,OMC-008,National Oil,GB08NAFX56342160733754,2026-07-28,49796,1
PAY-15404,INV-98764,OMC-013,Lake Oil,GB88TEHE71937452991241,2025-10-29,273513,1
PAY-76904,INV-83704,OMC-019,Tanzania Petroleum,GB64OAXE62174596158657,2025-12-19,59051,1
PAY-22545,INV-35119,OMC-003,Rubis Energy,GB04LOQO13315098393010,2025-03-25,28659,1
PAY-80764,INV-92620,OMC-004,Gulf Energy,GB89GWUW86379402654235,2026-04-28,116949,1
PAY-67940,INV-53497,OMC-010,Tamoil,GB34EABH79176936763201,2025-08-06,143145,1
PAY-49516,INV-65400,OMC-014,Texol Energies,GB06ONXS45314737996507,2025-05-23,29443,1
PAY-58702,INV-54069,OMC-016,KPA Marine,GB31MOOJ96499091334123,2025-09-19,80789,2
PAY-11427,INV-82654,OMC-008,National Oil,GB08NAFX56342160733754,2026-06-14,232114,1
PAY-30647,INV-49571,OMC-012,Galana Energies,GB89GWUW86379402654235,2026-05-07,15284,1
PAY-56792,INV-65592,OMC-014,Texol Energies,GB06ONXS45314737996507,2025-01-26,40719,1
PAY-91215,INV-87465,OMC-014,Texol Energies,GB06ONXS45314737996507,2026-07-18," KES 230,373 ",1
PAY-30871,INV-25569,OMC-005,PetroOil Kenya,GB89GWUW86379402654235,2026-05-25,18213,2
PAY-56465,INV-41989,OMC-019,Tanzania Petroleum,GB64OAXE62174596158657,2026-06-08,129837,1
PAY-63231,INV-33299,OMC-018,Uganda National Oil,GB73JRAR61317127484677,2025-04-06,146620,1
PAY-13328,INV-18674,OMC-010,Tamoil,GB34EABH79176936763201,,95131,1
PAY-30598,INV-57375,OMC-008,National Oil,GB08NAFX56342160733754,2026-02-22,230265,1
PAY-67884,INV-59474,OMC-014,Texol Energies,GB06ONXS45314737996507,2025-09-17,7048,2
PAY-33166,INV-25409,OMC-011,Hass Petroleum,GB56WGCN65876036690967,2026-05-26,109995,1
PAY-28483,INV-33710,OMC-020,Ethiopian Oil,GB08IVAZ74821759464743,2025-11-16,149739,1
PAY-12890,INV-83261,OMC-010,Tamoil,GB34EABH79176936763201,2026-04-03,264083,1
PAY-37361,INV-98040,OMC-002,Vivo Energy,GB45OQIR01845146270482,2025-12-26,123856,1
PAY-88170,INV-28565,OMC-019,Tanzania Petroleum,GB64OAXE62174596158657,2025-10-21,50167,1
PAY-38533,INV-51510,OMC-019,Tanzania Petroleum,GB64OAXE62174596158657,2026-03-25,146609,1
PAY-78989,INV-81830,OMC-015,Mombasa Petroleum,GB80WOIJ43135182337498,2026-05-12,100029,1
PAY-72287,INV-80795,OMC-016,KPA Marine,GB31MOOJ96499091334123,2025-10-14,100344,1
PAY-50186,INV-43863,OMC-004,Gulf Energy,GB89GWUW86379402654235,2026-04-10," KES 137,174 ",1
PAY-14119,INV-34396,OMC-005,PetroOil Kenya,GB89GWUW86379402654235,2026-05-13,119834,2
PAY-91596,INV-97808,OMC-017,KAA Aviation,GB54HVSS04902787429671,2025-11-23," KES 45,802 ",1
PAY-17738,INV-34516,OMC-012,Galana Energies,GB89GWUW86379402654235,2026-04-19,71798,2
PAY-93267,INV-55030,OMC-018,Uganda National Oil,GB73JRAR61317127484677,2025-12-18,146645,1
PAY-77010,INV-87468,OMC-014,Texol Energies,GB06ONXS45314737996507,2025-07-25,166781,1
PAY-79050,INV-62149,OMC-007,Kobil,GB37IDDX82449353487401,2026-04-23,222160,1
PAY-42560,INV-44537,OMC-005,PetroOil Kenya,GB89GWUW86379402654235,2026-03-19," KES 17,307 ",2
PAY-91474,INV-24579,OMC-001,TotalEnergies Kenya,GB06DMIO52553419283276,2026-01-14,46406,1
PAY-15253,INV-74662,OMC-020,Ethiopian Oil,GB08IVAZ74821759464743,2026-01-22,67306,2
PAY-69866,INV-44720,OMC-012,Galana Energies,GB89GWUW86379402654235,2026-05-07,45078,1
PAY-32677,INV-61314,OMC-012,Galana Energies,GB89GWUW86379402654235,2026-04-02,137103,1
PAY-82273,INV-12143,OMC-014,Texol Energies,GB06ONXS45314737996507,2026-07-28,193614,1
PAY-62221,INV-43313,OMC-016,KPA Marine,GB31MOOJ96499091334123,2025-11-15,49863,1
PAY-64844,INV-29427,OMC-003,Rubis Energy,GB04LOQO13315098393010,2025-07-06,148887,1
PAY-49398,INV-79942,OMC-014,Texol Energies,GB06ONXS45314737996507,2025-03-24,40850,2
PAY-95611,INV-40242,OMC-011,Hass Petroleum,GB56WGCN65876036690967,2026-07-19," KES 22,313 ",1
PAY-30698,INV-91828,OMC-011,Hass Petroleum,GB56WGCN65876036690967,2025-03-30,30276,1
PAY-66781,INV-13343,OMC-019,Tanzania Petroleum,GB64OAXE62174596158657,2025-05-12,119278,1
PAY-13948,INV-14781,OMC-014,Texol Energies,GB06ONXS45314737996507,2025-05-30,200905,1
PAY-13718,INV-51469,OMC-004,Gulf Energy,GB89GWUW86379402654235,2026-06-07,44620,1
PAY-46129,INV-35355,OMC-007,Kobil,GB37IDDX82449353487401,27/07/2025,106603,1
PAY-33143,INV-48492,OMC-016,KPA Marine,GB31MOOJ96499091334123,2026-07-03,102363,1
PAY-40387,INV-17260,OMC-017,KAA Aviation,GB54HVSS04902787429671,2026-05-01,50084,1
PAY-89344,INV-79458,OMC-018,Uganda National Oil,GB73JRAR61317127484677,2026-02-19,164558,1
PAY-17411,INV-11614,OMC-010,Tamoil,GB34EABH79176936763201,2025-05-12," KES 27,492 ",1
PAY-13169,INV-73153,OMC-011,Hass Petroleum,GB56WGCN65876036690967,2025-11-30,33319,1
PAY-65111,INV-81869,OMC-011,Hass Petroleum,GB56WGCN65876036690967,2026-05-13,50201,1
PAY-19693,INV-78322,OMC-007,Kobil,GB37IDDX82449353487401,2025-03-03,35921,1
PAY-62369,INV-70197,OMC-008,National Oil,GB08NAFX56342160733754,2026-03-03,52559,1
PAY-68558,INV-41932,OMC-002,Vivo Energy,GB45OQIR01845146270482,22/07/2025,39745,1
PAY-58936,INV-31081,OMC-010,Tamoil,GB34EABH79176936763201,2025-02-01,156327,1
PAY-16099,INV-12089,OMC-019,Tanzania Petroleum,GB64OAXE62174596158657,2025-07-25,27824,1
PAY-87693,INV-25099,OMC-014,Texol Energies,GB06ONXS45314737996507,2025-10-20,43303,2
PAY-69895,INV-58351,OMC-009,Dalbit Petroleum,GB53VXXX35615951484656,03/12/2025," KES 152,820 ",1
PAY-66620,INV-73479,OMC-016,KPA Marine,GB31MOOJ96499091334123,2026-02-26,23712,2
PAY-57241,INV-96239,OMC-008,National Oil,GB08NAFX56342160733754,2026-07-23,60010,2
PAY-67291,INV-28245,OMC-005,PetroOil Kenya,GB89GWUW86379402654235,2026-05-14,39118,1
PAY-65519,INV-68004,OMC-008,National Oil,GB08NAFX56342160733754,22/02/2026,93151,1
PAY-24686,INV-95196,OMC-016,KPA Marine,GB31MOOJ96499091334123,23/03/2025,154719,1
PAY-66151,INV-10157,OMC-001,TotalEnergies Kenya,GB06DMIO52553419283276,,220691,1
PAY-70944,INV-16598,OMC-006,Hashi Energy,GB05QCFC91361939909169,2026-04-30,139019,1
PAY-97074,INV-97323,OMC-014,Texol Energies,GB06ONXS45314737996507,2025-10-13,14046,2
PAY-52010,INV-72274,OMC-019,Tanzania Petroleum,GB64OAXE62174596158657,2025-05-05," KES 91,253 ",1
PAY-35026,INV-52374,OMC-005,PetroOil Kenya,GB89GWUW86379402654235,2026-06-04,65814,2
PAY-15294,INV-94844,OMC-014,Texol Energies,GB06ONXS45314737996507,2026-05-21,187927,1
PAY-96881,INV-81861,OMC-019,Tanzania Petroleum,GB64OAXE62174596158657,2025-10-24,53840,1
PAY-32215,INV-33738,OMC-004,Gulf Energy,GB89GWUW86379402654235,2026-06-25,8606,2
PAY-90953,INV-66360,OMC-018,Uganda National Oil,GB73JRAR61317127484677,2026-04-04,156857,1
PAY-23043,INV-32274,OMC-001,TotalEnergies Kenya,GB06DMIO52553419283276,2025-11-06,30008,1
PAY-16952,INV-35546,OMC-014,Texol Energies,GB06ONXS45314737996507,2026-05-31,84712,1
PAY-34455,INV-16181,OMC-020,Ethiopian Oil,GB08IVAZ74821759464743,2026-06-26,87611,1
PAY-12648,INV-94412,OMC-010,Tamoil,GB34EABH79176936763201,2026-01-12,59942,1
PAY-26007,INV-18751,OMC-013,Lake Oil,GB88TEHE71937452991241,2025-11-17,22930,1
PAY-29682,INV-46159,OMC-003,Rubis Energy,GB04LOQO13315098393010,2026-05-14,46423,1
PAY-92817,INV-94283,OMC-017,KAA Aviation,GB54HVSS04902787429671,2025-10-05,120145,1
PAY-31567,INV-16299,OMC-014,Texol Energies,GB06ONXS45314737996507,2025-11-29,22097,1
PAY-50784,INV-60082,OMC-004,Gulf Energy,GB89GWUW86379402654235,2026-05-22,24869,2
PAY-73453,INV-22494,OMC-020,Ethiopian Oil,GB08IVAZ74821759464743,,95170,2
PAY-47065,INV-34138,OMC-008,National Oil,GB08NAFX56342160733754,2025-02-10,164539,1
PAY-61454,INV-83982,OMC-014,Texol Energies,GB06ONXS45314737996507,2025-07-27,38273,2
PAY-69520,INV-53082,OMC-019,Tanzania Petroleum,GB64OAXE62174596158657,2025-02-26,259975,1
PAY-12335,INV-42961,OMC-013,Lake Oil,GB88TEHE71937452991241,2025-11-15," KES 182,685 ",1
PAY-39467,INV-65896,OMC-011,Hass Petroleum,GB56WGCN65876036690967,2025-09-15,41728,1
PAY-99209,INV-56052,OMC-005,PetroOil Kenya,GB89GWUW86379402654235,2026-05-22,89714,1
PAY-97539,INV-44323,OMC-004,Gulf Energy,GB89GWUW86379402654235,2026-03-23,135102,1
PAY-64370,INV-81496,OMC-011,Hass Petroleum,GB56WGCN65876036690967,15/03/2025,209698,1
PAY-34280,INV-52924,OMC-003,Rubis Energy,GB04LOQO13315098393010,2026-07-23,42576,1
PAY-12293,INV-95862,OMC-010,Tamoil,GB34EABH79176936763201,10/07/2025,174468,1
PAY-52420,INV-41264,OMC-007,Kobil,GB37IDDX82449353487401,2025-02-08,31310,1
PAY-81063,INV-26536,OMC-011,Hass Petroleum,GB56WGCN65876036690967,2025-12-12,192532,1
PAY-70196,INV-65655,OMC-016,KPA Marine,GB31MOOJ96499091334123,2025-04-05,63362,1
PAY-24054,INV-98062,OMC-014,Texol Energies,GB06ONXS45314737996507,2025-11-05,85758,1
PAY-49980,INV-31742,OMC-006,Hashi Energy,GB05QCFC91361939909169,2026-07-31,19796,1
PAY-48838,INV-60532,OMC-017,KAA Aviation,GB54HVSS04902787429671,2026-05-10,21978,1
PAY-91117,INV-78181,OMC-015,Mombasa Petroleum,GB80WOIJ43135182337498,01/05/2025,59736,1
PAY-27629,INV-86123,OMC-005,PetroOil Kenya,GB89GWUW86379402654235,2026-03-31,99146,1
PAY-53211,INV-95377,OMC-001,TotalEnergies Kenya,GB06DMIO52553419283276,2025-12-10,21999,1
PAY-23927,INV-67614,OMC-018,Uganda National Oil,GB73JRAR61317127484677,2025-06-19,74905,1
PAY-62553,INV-65100,OMC-005,PetroOil Kenya,GB89GWUW86379402654235,2026-05-14,57533,2
PAY-84274,INV-54667,OMC-020,Ethiopian Oil,GB08IVAZ74821759464743,2025-10-24,274587,1
PAY-84364,INV-59076,OMC-012,Galana Energies,GB89GWUW86379402654235,2026-04-14,89892,2
PAY-91512,INV-92550,OMC-013,Lake Oil,GB88TEHE71937452991241,2026-05-29,200618,1
PAY-33696,INV-48347,OMC-020,Ethiopian Oil,GB08IVAZ74821759464743,2025-05-12,167832,1
PAY-13386,INV-22171,OMC-019,Tanzania Petroleum,GB64OAXE62174596158657,2025-12-17,57159,1
PAY-92058,INV-72062,OMC-016,KPA Marine,GB31MOOJ96499091334123,2025-12-14,81516,1
PAY-92864,INV-71285,OMC-016,KPA Marine,GB31MOOJ96499091334123,2025-06-26,195471,1
PAY-75021,INV-67975,OMC-015,Mombasa Petroleum,GB80WOIJ43135182337498,2025-12-22,23999,1
PAY-20905,INV-41231,OMC-008,National Oil,GB08NAFX56342160733754,2025-05-16,22401,1
PAY-89078,INV-67510,OMC-002,Vivo Energy,GB45OQIR01845146270482,2026-04-04,141238,1
PAY-36964,INV-80625,OMC-002,Vivo Energy,GB45OQIR01845146270482,2026-06-24,15866,2
PAY-97162,INV-74135,OMC-002,Vivo Energy,GB45OQIR01845146270482,2025-12-17,17513,2
PAY-56749,INV-72989,OMC-009,Dalbit Petroleum,GB53VXXX35615951484656,14/05/2025,31775,1
PAY-79653,INV-89127,OMC-007,Kobil,GB37IDDX82449353487401,2025-04-24,204909,1
PAY-78943,INV-15378,OMC-007,Kobil,GB37IDDX82449353487401,08/02/2025,118538,1
PAY-85029,INV-81220,OMC-008,National Oil,GB08NAFX56342160733754,2026-04-25,28831,1
PAY-32577,INV-64146,OMC-006,Hashi Energy,GB05QCFC91361939909169,25/05/2026,28314,1
PAY-23310,INV-77930,OMC-020,Ethiopian Oil,GB08IVAZ74821759464743,2025-10-10,36193,1
PAY-48748,INV-82132,OMC-007,Kobil,GB37IDDX82449353487401,2025-01-23," KES 23,916 ",1
PAY-62131,INV-60852,OMC-010,Tamoil,GB34EABH79176936763201,01/05/2025,191910,1
PAY-39210,INV-29062,OMC-005,PetroOil Kenya,GB89GWUW86379402654235,2026-03-02,139859,1
PAY-14535,INV-86986,OMC-014,Texol Energies,GB06ONXS45314737996507,2026-06-06,48967,1
PAY-73914,INV-29914,OMC-016,KPA Marine,GB31MOOJ96499091334123,2025-12-02," KES 38,648 ",1
PAY-10546,INV-70925,OMC-008,National Oil,GB08NAFX56342160733754,2026-05-22,11318,2
PAY-41360,INV-30403,OMC-018,Uganda National Oil,GB73JRAR61317127484677,,53939,1
PAY-56424,INV-36831,OMC-008,National Oil,GB08NAFX56342160733754,2025-10-31,95284,1
PAY-66218,INV-66107,OMC-018,Uganda National Oil,GB73JRAR61317127484677,2025-08-28,128612,1
PAY-60329,INV-87981,OMC-019,Tanzania Petroleum,GB64OAXE62174596158657,2026-01-07,54667,1
PAY-15429,INV-46584,OMC-008,National Oil,GB08NAFX56342160733754,28/10/2025,192480,1
PAY-38392,INV-46530,OMC-008,National Oil,GB08NAFX56342160733754,2025-09-05,76890,1
PAY-14633,INV-20234,OMC-019,Tanzania Petroleum,GB64OAXE62174596158657,2025-12-14,56195,1
PAY-83329,INV-46652,OMC-006,Hashi Energy,GB05QCFC91361939909169,2025-06-20,177412,1
PAY-79622,INV-19139,OMC-001,TotalEnergies Kenya,GB06DMIO52553419283276,2026-02-26,32647,1
PAY-85897,INV-91215,OMC-010,Tamoil,GB34EABH79176936763201,2026-03-30,38732,1
PAY-20240,INV-69284,OMC-005,PetroOil Kenya,GB89GWUW86379402654235,2026-05-04,43433,1
PAY-27578,INV-88627,OMC-010,Tamoil,GB34EABH79176936763201,2026-07-15,292275,1
PAY-11757,INV-33153,OMC-020,Ethiopian Oil,GB08IVAZ74821759464743,2025-08-06,104839,1
PAY-53776,INV-52725,OMC-009,Dalbit Petroleum,GB53VXXX35615951484656,2025-11-08,12314,2
PAY-59760,INV-42547,OMC-006,Hashi Energy,GB05QCFC91361939909169,14/05/2026,243220,1
PAY-51498,INV-96267,OMC-001,TotalEnergies Kenya,GB06DMIO52553419283276,2026-06-21,32800,1
PAY-67109,INV-16493,OMC-007,Kobil,GB37IDDX82449353487401,2025-02-12,141326,1
PAY-67819,INV-87808,OMC-010,Tamoil,GB34EABH79176936763201,2026-01-10,36022,1
PAY-25929,INV-64533,OMC-015,Mombasa Petroleum,GB80WOIJ43135182337498,2025-07-21,145546,1
PAY-54023,INV-68894,OMC-003,Rubis Energy,GB04LOQO13315098393010,2026-07-12,157872,1
PAY-67618,INV-55990,OMC-001,TotalEnergies Kenya,GB06DMIO52553419283276,2025-05-26,76575,2
PAY-85509,INV-14539,OMC-014,Texol Energies,GB06ONXS45314737996507,2025-03-17,73046,1
PAY-94555,INV-26626,OMC-005,PetroOil Kenya,GB89GWUW86379402654235,2026-05-03,48738,1
PAY-89622,INV-40538,OMC-015,Mombasa Petroleum,GB80WOIJ43135182337498,2025-08-27,148925,1
PAY-97008,INV-96650,OMC-019,Tanzania Petroleum,GB64OAXE62174596158657,2025-05-26,177317,1
PAY-50590,INV-64343,OMC-003,Rubis Energy,GB04LOQO13315098393010,2025-03-09,230607,1
PAY-24122,INV-17172,OMC-007,Kobil,GB37IDDX82449353487401,2026-02-10,241372,1
PAY-22169,INV-61347,OMC-016,KPA Marine,GB31MOOJ96499091334123,2025-04-08,44502,1
PAY-92184,INV-94260,OMC-018,Uganda National Oil,GB73JRAR61317127484677,2025-04-14,33790,1
PAY-73117,INV-14950,OMC-007,Kobil,GB37IDDX82449353487401,2025-03-09,158452,1
PAY-58642,INV-16081,OMC-012,Galana Energies,GB89GWUW86379402654235,2026-03-12,58317,1
PAY-51000,INV-88909,OMC-003,Rubis Energy,GB04LOQO13315098393010,2026-06-04,183593,1
PAY-58475,INV-81216,OMC-015,Mombasa Petroleum,GB80WOIJ43135182337498,2026-04-02,60791,1
PAY-73431,INV-78633,OMC-011,Hass Petroleum,GB56WGCN65876036690967,2025-05-27,116336,1
PAY-27912,INV-67384,OMC-020,Ethiopian Oil,GB08IVAZ74821759464743,2026-06-12,258662,1
PAY-26821,INV-33067,OMC-010,Tamoil,GB34EABH79176936763201,2025-07-23,26120,1
PAY-13866,INV-87056,OMC-020,Ethiopian Oil,GB08IVAZ74821759464743,2025-06-23,56255,1
PAY-51782,INV-63977,OMC-017,KAA Aviation,GB54HVSS04902787429671,2026-02-04,35011,1
PAY-94070,INV-63455,OMC-005,PetroOil Kenya,GB89GWUW86379402654235,2026-04-29,159340,1
PAY-25598,INV-63014,OMC-004,Gulf Energy,GB89GWUW86379402654235,2026-05-15,97491,1
PAY-13520,INV-93301,OMC-014,Texol Energies,GB06ONXS45314737996507,2025-06-27,15231,1
PAY-95766,INV-16331,OMC-007,Kobil,GB37IDDX82449353487401,2025-04-07,32844,1
PAY-17451,INV-61947,OMC-015,Mombasa Petroleum,GB80WOIJ43135182337498,2025-12-18,60959,1
PAY-83361,INV-22781,OMC-016,KPA Marine,GB31MOOJ96499091334123,2026-05-07," KES 16,302 ",2
PAY-43780,INV-78662,OMC-012,Galana Energies,GB89GWUW86379402654235,2026-04-12,116997,2
PAY-18946,INV-64493,OMC-012,Galana Energies,GB89GWUW86379402654235,2026-05-17,80651,2
PAY-78968,INV-50751,OMC-012,Galana Energies,GB89GWUW86379402654235,2026-06-15,60525,2
PAY-50928,INV-96770,OMC-008,National Oil,GB08NAFX56342160733754,2026-07-18,34154,2
PAY-76761,INV-13858,OMC-001,TotalEnergies Kenya,GB06DMIO52553419283276,2025-07-10,7042,2
PAY-39648,INV-53111,OMC-017,KAA Aviation,GB54HVSS04902787429671,2025-08-24,185083,1
PAY-93744,INV-35902,OMC-019,Tanzania Petroleum,GB64OAXE62174596158657,2025-06-30,265405,1
PAY-57985,INV-65559,OMC-003,Rubis Energy,GB04LOQO13315098393010,2025-07-11,239971,1
PAY-25780,INV-15089,OMC-017,KAA Aviation,GB54HVSS04902787429671,,56151,1
PAY-97430,INV-99857,OMC-010,Tamoil,GB34EABH79176936763201,2026-04-02,292671,1
PAY-44711,INV-55285,OMC-014,Texol Energies,GB06ONXS45314737996507,2025-08-16,86408,2
PAY-63801,INV-91867,OMC-016,KPA Marine,GB31MOOJ96499091334123,10/09/2025,48111,1
PAY-45496,INV-36820,OMC-003,Rubis Energy,GB04LOQO13315098393010,2025-12-10,46030,1
PAY-59560,INV-55405,OMC-013,Lake Oil,GB88TEHE71937452991241,2026-05-14,27769,1
PAY-20870,INV-30599,OMC-009,Dalbit Petroleum,GB53VXXX35615951484656,2025-05-10,40925,2
PAY-40027,INV-54084,OMC-010,Tamoil,GB34EABH79176936763201,2026-03-14,130374,1
PAY-73301,INV-22387,OMC-012,Galana Energies,GB89GWUW86379402654235,2026-04-25,48428,1
PAY-80585,INV-39754,OMC-014,Texol Energies,GB06ONXS45314737996507,2025-04-28,7044,2
PAY-35371,INV-73431,OMC-013,Lake Oil,GB88TEHE71937452991241,2026-06-10,136806,1
PAY-52684,INV-81018,OMC-005,PetroOil Kenya,GB89GWUW86379402654235,2026-05-12,220461,1
PAY-37228,INV-12913,OMC-012,Galana Energies,GB89GWUW86379402654235,2026-04-01," KES 86,685 ",2
PAY-48680,INV-58881,OMC-012,Galana Energies,GB89GWUW86379402654235,2026-05-09,68255,2
PAY-35424,INV-40408,OMC-002,Vivo Energy,GB45OQIR01845146270482,2026-04-04,241475,1
PAY-62857,INV-21590,OMC-009,Dalbit Petroleum,GB53VXXX35615951484656,2025-03-25,51923,1
PAY-83319,INV-98674,OMC-015,Mombasa Petroleum,GB80WOIJ43135182337498,2025-06-28,165838,1
PAY-92622,INV-70746,OMC-005,PetroOil Kenya,GB89GWUW86379402654235,2026-05-04,59409,1
PAY-59814,INV-18492,OMC-004,Gulf Energy,GB89GWUW86379402654235,2026-04-04,131707,1
PAY-94047,INV-82217,OMC-020,Ethiopian Oil,GB08IVAZ74821759464743,2025-01-24,121024,1
PAY-56399,INV-28045,OMC-020,Ethiopian Oil,GB08IVAZ74821759464743,2026-06-04,176725,1
PAY-27383,INV-18993,OMC-002,Vivo Energy,GB45OQIR01845146270482,2025-02-11,49784,1
PAY-11420,INV-86688,OMC-017,KAA Aviation,GB54HVSS04902787429671,2025-05-08,61779,1
PAY-59114,INV-54301,OMC-016,KPA Marine,GB31MOOJ96499091334123,2026-08-12,123379,2
PAY-17641,INV-72244,OMC-003,Rubis Energy,GB04LOQO13315098393010,2026-06-11,43947,1
PAY-12533,INV-35179,OMC-009,Dalbit Petroleum,GB53VXXX35615951484656,2025-11-05,36102,1
PAY-18137,INV-98337,OMC-012,Galana Energies,GB89GWUW86379402654235,2026-04-21,213784,1
PAY-83942,INV-33211,OMC-007,Kobil,GB37IDDX82449353487401,2026-07-30,45180,1
PAY-97119,INV-26050,OMC-019,Tanzania Petroleum,GB64OAXE62174596158657,2025-06-26,9671,2
PAY-43390,INV-76210,OMC-002,Vivo Energy,GB45OQIR01845146270482,2026-05-26,35304,1
PAY-59304,INV-72864,OMC-003,Rubis Energy,GB04LOQO13315098393010,2026-07-03,306097,1
PAY-73823,INV-97925,OMC-017,KAA Aviation,GB54HVSS04902787429671,,219437,1
PAY-16447,INV-23290,OMC-018,Uganda National Oil,GB73JRAR61317127484677,2025-09-20,42685,1
PAY-95144,INV-92334,OMC-009,Dalbit Petroleum,GB53VXXX35615951484656,2025-10-13," KES 61,248 ",1
PAY-11877,INV-27891,OMC-019,Tanzania Petroleum,GB64OAXE62174596158657,2025-08-22,174795,1
PAY-93128,INV-83973,OMC-007,Kobil,GB37IDDX82449353487401,2025-04-22,227657,1
PAY-28470,INV-48448,OMC-001,TotalEnergies Kenya,GB06DMIO52553419283276,2025-12-12,50656,1
PAY-74375,INV-17366,OMC-004,Gulf Energy,GB89GWUW86379402654235,2026-05-18,145677,1
PAY-11248,INV-76618,OMC-017,KAA Aviation,GB54HVSS04902787429671,2026-06-12," KES 211,551 ",1
PAY-61438,INV-90710,OMC-006,Hashi Energy,GB05QCFC91361939909169,2025-04-07,27107,1
PAY-79474,INV-33115,OMC-015,Mombasa Petroleum,GB80WOIJ43135182337498,2025-12-27," KES 184,527 ",1
PAY-27249,INV-58825,OMC-008,National Oil,GB08NAFX56342160733754,2025-11-20,119861,1
PAY-35840,INV-84911,OMC-001,TotalEnergies Kenya,GB06DMIO52553419283276,2025-12-01,43150,1
PAY-15741,INV-38751,OMC-018,Uganda National Oil,GB73JRAR61317127484677,2025-10-31,41599,1
PAY-75074,INV-50650,OMC-010,Tamoil,GB34EABH79176936763201,2025-11-01,206406,1
PAY-78622,INV-85436,OMC-020,Ethiopian Oil,GB08IVAZ74821759464743,2025-03-12," KES 52,875 ",1
PAY-20751,INV-19397,OMC-003,Rubis Energy,GB04LOQO13315098393010,2025-09-22,239388,1
PAY-18004,INV-58674,OMC-005,PetroOil Kenya,GB89GWUW86379402654235,2026-04-23,252916,1
PAY-30043,INV-16555,OMC-009,Dalbit Petroleum,GB53VXXX35615951484656,2025-09-25,75368,1
PAY-48801,INV-85101,OMC-016,KPA Marine,GB31MOOJ96499091334123,2026-05-17,219594,1
PAY-41585,INV-21761,OMC-010,Tamoil,GB34EABH79176936763201,2025-11-16,31505,1
PAY-44003,INV-87006,OMC-001,TotalEnergies Kenya,GB06DMIO52553419283276,2026-08-14,90413,1
PAY-11585,INV-97789,OMC-019,Tanzania Petroleum,GB64OAXE62174596158657,2026-03-16,43175,1
PAY-88822,INV-57483,OMC-003,Rubis Energy,GB04LOQO13315098393010,2025-12-17,184193,1
PAY-37987,INV-45611,OMC-012,Galana Energies,GB89GWUW86379402654235,2026-06-11,60736,1
PAY-29264,INV-78584,OMC-008,National Oil,GB08NAFX56342160733754,2026-07-18,215025,1
PAY-78125,INV-21936,OMC-012,Galana Energies,GB89GWUW86379402654235,15/07/2026,6555,2
PAY-29646,INV-25024,OMC-005,PetroOil Kenya,GB89GWUW86379402654235,2026-06-16,38346,2
PAY-12575,INV-88578,OMC-014,Texol Energies,GB06ONXS45314737996507,2026-02-22,90176,1
PAY-78256,INV-58835,OMC-016,KPA Marine,GB31MOOJ96499091334123,2025-12-20,17316,1
PAY-91631,INV-38168,OMC-004,Gulf Energy,GB89GWUW86379402654235,2026-06-11,130587,1
PAY-62062,INV-73951,OMC-014,Texol Energies,GB06ONXS45314737996507,2025-09-19,84942,1
PAY-83680,INV-79344,OMC-003,Rubis Energy,GB04LOQO13315098393010,2025-06-24,167696,1
PAY-55561,INV-43334,OMC-020,Ethiopian Oil,GB08IVAZ74821759464743,2025-08-24,142947,1
PAY-19595,INV-45778,OMC-014,Texol Energies,GB06ONXS45314737996507,2026-03-29,188481,1
PAY-58725,INV-17366,OMC-004,Gulf Energy,GB89GWUW86379402654235,2026-06-13,41818,2
PAY-29265,INV-73699,OMC-012,Galana Energies,GB89GWUW86379402654235,2026-04-22,33049,1
PAY-99060,INV-92182,OMC-002,Vivo Energy,GB45OQIR01845146270482,2026-02-21,164579,1
PAY-61858,INV-42455,OMC-013,Lake Oil,GB88TEHE71937452991241,2026-01-31,23344,1
PAY-37308,INV-71763,OMC-008,National Oil,GB08NAFX56342160733754,2025-12-07,36439,1
PAY-64421,INV-12346,OMC-001,TotalEnergies Kenya,GB06DMIO52553419283276,2026-04-12,152859,1
PAY-55319,INV-60936,OMC-013,Lake Oil,GB88TEHE71937452991241,2026-03-03,52315,1
PAY-33374,INV-78159,OMC-012,Galana Energies,GB89GWUW86379402654235,2026-05-02,58418,2
PAY-63808,INV-22597,OMC-012,Galana Energies,GB89GWUW86379402654235,25/03/2026,60386,2
PAY-83724,INV-43855,OMC-014,Texol Energies,GB06ONXS45314737996507,2025-05-24,66459,1
PAY-86076,INV-52689,OMC-013,Lake Oil,GB88TEHE71937452991241,2025-06-09,127753,1
PAY-37876,INV-92027,OMC-013,Lake Oil,GB88TEHE71937452991241,,124692,1
PAY-72366,INV-85131,OMC-015,Mombasa Petroleum,GB80WOIJ43135182337498,2026-05-18," KES 249,217 ",1
PAY-80509,INV-58176,OMC-006,Hashi Energy,GB05QCFC91361939909169,2025-09-22,93207,1
PAY-13981,INV-73454,OMC-020,Ethiopian Oil,GB08IVAZ74821759464743,2025-05-01,24710,1
PAY-38805,INV-75437,OMC-002,Vivo Energy,GB45OQIR01845146270482,2026-07-10,100458,1
PAY-98794,INV-65135,OMC-005,PetroOil Kenya,GB89GWUW86379402654235,2026-05-08,134581,1
PAY-39457,INV-21354,OMC-005,PetroOil Kenya,GB89GWUW86379402654235,2026-05-23,19597,1
PAY-30361,INV-26551,OMC-017,KAA Aviation,GB54HVSS04902787429671,2026-05-11,198800,1
PAY-13079,INV-77100,OMC-004,Gulf Energy,GB89GWUW86379402654235,2026-06-17,12832,2
PAY-43088,INV-37033,OMC-011,Hass Petroleum,GB56WGCN65876036690967,2026-06-05,27893,1
PAY-46061,INV-25703,OMC-002,Vivo Energy,GB45OQIR01845146270482,2025-10-29,197774,1
PAY-92985,INV-40281,OMC-007,Kobil,GB37IDDX82449353487401,06/05/2025,43318,1
PAY-36333,INV-53318,OMC-011,Hass Petroleum,GB56WGCN65876036690967,2026-06-05,210196,1
PAY-90306,INV-75752,OMC-017,KAA Aviation,GB54HVSS04902787429671,2025-07-03,119182,1
PAY-63858,INV-45518,OMC-003,Rubis Energy,GB04LOQO13315098393010,2025-08-29,45391,1
PAY-74408,INV-16740,OMC-008,National Oil,GB08NAFX56342160733754,2026-05-26,76851,2
PAY-35226,INV-37569,OMC-007,Kobil,GB37IDDX82449353487401,2025-02-20,51111,1
PAY-98157,INV-31805,OMC-010,Tamoil,GB34EABH79176936763201,2026-03-06,174316,1
PAY-41545,INV-86373,OMC-009,Dalbit Petroleum,GB53VXXX35615951484656,2025-07-30,237700,1
PAY-66087,INV-94969,OMC-006,Hashi Energy,GB05QCFC91361939909169,2025-04-07,183556,1
PAY-36691,INV-99074,OMC-010,Tamoil,GB34EABH79176936763201,2025-03-14,32718,1
PAY-48932,INV-38398,OMC-014,Texol Energies,GB06ONXS45314737996507,2025-11-01,182626,1
PAY-67910,INV-46791,OMC-010,Tamoil,GB34EABH79176936763201,2026-01-29,271306,1
PAY-95943,INV-13020,OMC-016,KPA Marine,GB31MOOJ96499091334123,2025-12-03,279990,1
PAY-18779,INV-67013,OMC-003,Rubis Energy,GB04LOQO13315098393010,2025-07-10,99858,1
PAY-93084,INV-19706,OMC-006,Hashi Energy,GB05QCFC91361939909169,2025-08-03,181361,1
PAY-15621,INV-33841,OMC-020,Ethiopian Oil,GB08IVAZ74821759464743,2026-07-24,47742,1
PAY-32159,INV-75496,OMC-003,Rubis Energy,GB04LOQO13315098393010,2026-01-30,54039,1
PAY-96117,INV-96004,OMC-002,Vivo Energy,GB45OQIR01845146270482,2025-12-18,53442,1
PAY-74224,INV-28553,OMC-008,National Oil,GB08NAFX56342160733754,2026-06-09,77306,1
PAY-26835,INV-19260,OMC-014,Texol Energies,GB06ONXS45314737996507,2025-09-26,89238,1
PAY-40955,INV-39680,OMC-009,Dalbit Petroleum,GB53VXXX35615951484656,2025-02-25,57394,1
PAY-84994,INV-58686,OMC-008,National Oil,GB08NAFX56342160733754,2025-09-26,112850,1
PAY-72583,INV-45723,OMC-012,Galana Energies,GB89GWUW86379402654235,2026-04-14,30622,1
PAY-27925,INV-46625,OMC-012,Galana Energies,GB89GWUW86379402654235,2026-04-04,214263,1
PAY-17560,INV-83790,OMC-006,Hashi Energy,GB05QCFC91361939909169,2025-02-06,21043,1
PAY-74822,INV-66929,OMC-018,Uganda National Oil,GB73JRAR61317127484677,2025-12-30,154304,1
PAY-59770,INV-44531,OMC-009,Dalbit Petroleum,GB53VXXX35615951484656,2026-05-17,44466,1
PAY-19244,INV-32805,OMC-007,Kobil,GB37IDDX82449353487401,2025-07-27,122614,1
PAY-35743,INV-94166,OMC-015,Mombasa Petroleum,GB80WOIJ43135182337498,2026-02-18,64104,1
PAY-14675,INV-14152,OMC-016,KPA Marine,GB31MOOJ96499091334123,2025-07-16,134028,1
PAY-98660,INV-63261,OMC-013,Lake Oil,GB88TEHE71937452991241,2025-12-21,55119,1
PAY-91956,INV-37430,OMC-020,Ethiopian Oil,GB08IVAZ74821759464743,2025-06-24,40936,1
PAY-39355,INV-97958,OMC-015,Mombasa Petroleum,GB80WOIJ43135182337498,2026-06-01,283528,1
PAY-45819,INV-76604,OMC-020,Ethiopian Oil,GB08IVAZ74821759464743,2025-07-31,158693,1
PAY-45247,INV-28809,OMC-017,KAA Aviation,GB54HVSS04902787429671,2025-09-04,23921,1
PAY-35897,INV-67869,OMC-016,KPA Marine,GB31MOOJ96499091334123,2026-06-29,19071,2
PAY-98692,INV-98170,OMC-008,National Oil,GB08NAFX56342160733754,2025-06-06,95693,1
PAY-74149,INV-89963,OMC-013,Lake Oil,GB88TEHE71937452991241,2025-12-04,21306,1
PAY-67053,INV-73758,OMC-011,Hass Petroleum,GB56WGCN65876036690967,2025-02-23,217929,1
PAY-93357,INV-45390,OMC-007,Kobil,GB37IDDX82449353487401,2025-05-29,22085,2
PAY-46600,INV-97994,OMC-009,Dalbit Petroleum,GB53VXXX35615951484656,2025-08-31,159838,1
PAY-22419,INV-84632,OMC-017,KAA Aviation,GB54HVSS04902787429671,2025-12-13,155115,1
PAY-61860,INV-64716,OMC-002,Vivo Energy,GB45OQIR01845146270482,2026-04-27,283033,1
PAY-21313,INV-19563,OMC-008,National Oil,GB08NAFX56342160733754,2025-05-26,58845,1
PAY-76227,INV-13605,OMC-012,Galana Energies,GB89GWUW86379402654235,2026-05-18,183644,1
PAY-37278,INV-43754,OMC-007,Kobil,GB37IDDX82449353487401,2025-08-09,96331,1
PAY-85173,INV-42602,OMC-007,Kobil,GB37IDDX82449353487401,2025-07-21,158791,1
PAY-88474,INV-98020,OMC-007,Kobil,GB37IDDX82449353487401,2025-02-05," KES 91,483 ",1
PAY-65284,INV-10970,OMC-002,Vivo Energy,GB45OQIR01845146270482,2025-04-28,113008,1
PAY-65204,INV-80481,OMC-003,Rubis Energy,GB04LOQO13315098393010,2025-02-03,159668,1
PAY-77104,INV-47127,OMC-007,Kobil,GB37IDDX82449353487401,07/02/2026,210058,1
PAY-76784,INV-70886,OMC-004,Gulf Energy,GB89GWUW86379402654235,2026-06-10,14061,1
PAY-90019,INV-11281,OMC-007,Kobil,GB37IDDX82449353487401,2025-06-30,26525,1
PAY-82631,INV-23127,OMC-010,Tamoil,GB34EABH79176936763201,2025-03-20,143499,1
PAY-43634,INV-70902,OMC-003,Rubis Energy,GB04LOQO13315098393010,2026-03-11,31414,1
PAY-58379,INV-28323,OMC-016,KPA Marine,GB31MOOJ96499091334123,2025-04-20,22925,1
PAY-74446,INV-70455,OMC-015,Mombasa Petroleum,GB80WOIJ43135182337498,2026-07-06,243216,1
PAY-92422,INV-32052,OMC-002,Vivo Energy,GB45OQIR01845146270482,2025-09-02," KES 161,106 ",1
PAY-32413,INV-36933,OMC-011,Hass Petroleum,GB56WGCN65876036690967,2026-03-18,167184,1
PAY-73746,INV-67027,OMC-004,Gulf Energy,GB89GWUW86379402654235,2026-04-13,248659,1
PAY-63940,INV-19789,OMC-020,Ethiopian Oil,GB08IVAZ74821759464743,2026-04-28,127723,1
PAY-73955,INV-22727,OMC-011,Hass Petroleum,GB56WGCN65876036690967,2025-12-13,211464,1
PAY-12994,INV-49389,OMC-010,Tamoil,GB34EABH79176936763201,2026-01-04,58455,1
PAY-46451,INV-27563,OMC-006,Hashi Energy,GB05QCFC91361939909169,2025-06-23,14160,2
PAY-90519,INV-27962,OMC-010,Tamoil,GB34EABH79176936763201,2026-03-04,59165,1
PAY-91966,INV-53031,OMC-002,Vivo Energy,GB45OQIR01845146270482,2026-01-07,213785,1
PAY-71620,INV-75135,OMC-008,National Oil,GB08NAFX56342160733754,2025-09-30,157310,1
PAY-25826,INV-34173,OMC-008,National Oil,GB08NAFX56342160733754,2026-07-10,40953,1
PAY-94870,INV-69923,OMC-015,Mombasa Petroleum,GB80WOIJ43135182337498,2025-11-12,86253,1
PAY-27176,INV-92919,OMC-007,Kobil,GB37IDDX82449353487401,2026-08-13,52962,1
PAY-56481,INV-64332,OMC-014,Texol Energies,GB06ONXS45314737996507,2025-07-30,29176,1
PAY-61957,INV-27319,OMC-013,Lake Oil,GB88TEHE71937452991241,21/01/2026,57038,1
PAY-18033,INV-83941,OMC-006,Hashi Energy,GB05QCFC91361939909169,2026-05-01," KES 194,602 ",1
PAY-16767,INV-70226,OMC-018,Uganda National Oil,GB73JRAR61317127484677,2025-10-07,152833,1
PAY-93323,INV-21376,OMC-017,KAA Aviation,GB54HVSS04902787429671,2026-07-20,156388,1
PAY-88570,INV-61557,OMC-016,KPA Marine,GB31MOOJ96499091334123,2025-11-08,102329,1
PAY-90648,INV-67165,OMC-007,Kobil,GB37IDDX82449353487401,2026-07-13,188718,1
PAY-69332,INV-10360,OMC-011,Hass Petroleum,GB56WGCN65876036690967,2025-09-05,218151,1
PAY-23838,INV-49046,OMC-019,Tanzania Petroleum,GB64OAXE62174596158657,2025-09-26,33464,1
PAY-56749,INV-78971,OMC-005,PetroOil Kenya,GB89GWUW86379402654235,2026-04-23,125285,1
PAY-53472,INV-15355,OMC-019,Tanzania Petroleum,GB64OAXE62174596158657,2026-07-23,23845,1
PAY-68565,INV-17862,OMC-013,Lake Oil,GB88TEHE71937452991241,2025-11-06,50985,1
PAY-17173,INV-73626,OMC-018,Uganda National Oil,GB73JRAR61317127484677,2026-03-30,48621,1
PAY-26007,INV-43020,OMC-005,PetroOil Kenya,GB89GWUW86379402654235,2026-05-23,6557,2
PAY-71988,INV-84404,OMC-019,Tanzania Petroleum,GB64OAXE62174596158657,2025-11-02,44286,2
PAY-22940,INV-84703,OMC-010,Tamoil,GB34EABH79176936763201,2026-01-05,18106,2
PAY-65998,INV-69819,OMC-005,PetroOil Kenya,GB89GWUW86379402654235,2026-03-16,27397,1
PAY-71566,INV-12768,OMC-004,Gulf Energy,GB89GWUW86379402654235,2026-06-21,28887,2
PAY-28505,INV-58717,OMC-010,Tamoil,GB34EABH79176936763201,2025-03-27,199741,1
PAY-77484,INV-70962,OMC-014,Texol Energies,GB06ONXS45314737996507,2025-09-14,120215,1
PAY-77188,INV-45751,OMC-017,KAA Aviation,GB54HVSS04902787429671,2025-06-13,161830,1
PAY-38527,INV-72406,OMC-017,KAA Aviation,GB54HVSS04902787429671,2025-03-14,230433,1
PAY-73410,INV-25588,OMC-007,Kobil,GB37IDDX82449353487401,2026-03-04,162009,1
PAY-40316,INV-69987,OMC-006,Hashi Energy,GB05QCFC91361939909169,2025-07-31,128662,1
PAY-21349,INV-66961,OMC-006,Hashi Energy,GB05QCFC91361939909169,07/09/2025,23046,2
PAY-52284,INV-75248,OMC-014,Texol Energies,GB06ONXS45314737996507,2025-10-26,135705,1
PAY-97889,INV-63245,OMC-006,Hashi Energy,GB05QCFC91361939909169,2025-06-13,84580,1
PAY-57636,INV-24296,OMC-008,National Oil,GB08NAFX56342160733754,2026-07-31,48136,1
PAY-55401,INV-41453,OMC-010,Tamoil,GB34EABH79176936763201,2026-07-01,162030,1
PAY-74109,INV-39189,OMC-020,Ethiopian Oil,GB08IVAZ74821759464743,2025-05-01,146172,1
PAY-82864,INV-98215,OMC-012,Galana Energies,GB89GWUW86379402654235,24/06/2026,39419,2
PAY-30649,INV-25223,OMC-004,Gulf Energy,GB89GWUW86379402654235,2026-04-12,26829,1
PAY-78937,INV-65369,OMC-007,Kobil,GB37IDDX82449353487401,2026-08-20,88163,1
PAY-96972,INV-66892,OMC-020,Ethiopian Oil,GB08IVAZ74821759464743,2025-03-14,71927,1
PAY-65802,INV-34900,OMC-012,Galana Energies,GB89GWUW86379402654235,2026-04-10,51016,1
PAY-63408,INV-11656,OMC-017,KAA Aviation,GB54HVSS04902787429671,2025-06-10,97462,1
PAY-77685,INV-85453,OMC-006,Hashi Energy,GB05QCFC91361939909169,2025-10-18,63645,1
PAY-32205,INV-94616,OMC-020,Ethiopian Oil,GB08IVAZ74821759464743,27/08/2025,95690,1
PAY-78627,INV-93440,OMC-011,Hass Petroleum,GB56WGCN65876036690967,2025-06-09,156291,1
PAY-74893,INV-44757,OMC-012,Galana Energies,GB89GWUW86379402654235,2026-04-28,147626,1
PAY-51230,INV-27167,OMC-011,Hass Petroleum,GB56WGCN65876036690967,06/10/2025,59700,1
PAY-54781,INV-68969,OMC-019,Tanzania Petroleum,GB64OAXE62174596158657,2026-05-01,179011,1
PAY-26244,INV-80404,OMC-014,Texol Energies,GB06ONXS45314737996507,2026-06-03,205771,1
PAY-68379,INV-34453,OMC-017,KAA Aviation,GB54HVSS04902787429671,2025-12-24,52962,1
PAY-60487,INV-47493,OMC-010,Tamoil,GB34EABH79176936763201,2025-08-25,77634,2
PAY-75615,INV-25569,OMC-005,PetroOil Kenya,GB89GWUW86379402654235,2026-05-07,40385,1
PAY-79585,INV-18518,OMC-018,Uganda National Oil,GB73JRAR61317127484677,2025-03-23," KES 30,785 ",1
PAY-92587,INV-18900,OMC-019,Tanzania Petroleum,GB64OAXE62174596158657,2025-07-09,34829,2
PAY-59649,INV-52007,OMC-019,Tanzania Petroleum,GB64OAXE62174596158657,2026-04-24,37144,1
PAY-69918,INV-39003,OMC-013,Lake Oil,GB88TEHE71937452991241,2025-09-09,28104,1
PAY-91732,INV-90666,OMC-002,Vivo Energy,GB45OQIR01845146270482,2026-06-02,19879,1
PAY-72221,INV-89472,OMC-003,Rubis Energy,GB04LOQO13315098393010,2025-04-14,36625,1
PAY-85711,INV-59108,OMC-010,Tamoil,GB34EABH79176936763201,2025-10-14,53127,1
PAY-87566,INV-21261,OMC-015,Mombasa Petroleum,GB80WOIJ43135182337498,2025-08-15,132093,1
PAY-57005,INV-33815,OMC-004,Gulf Energy,GB89GWUW86379402654235,2026-02-26,167256,1
PAY-10658,INV-71832,OMC-012,Galana Energies,GB89GWUW86379402654235,2026-04-01,13543,1
PAY-77745,INV-80043,OMC-010,Tamoil,GB34EABH79176936763201,2026-05-07,159463,1
PAY-97487,INV-77197,OMC-009,Dalbit Petroleum,GB53VXXX35615951484656,05/01/2026,38070,1
PAY-83850,INV-60603,OMC-002,Vivo Energy,GB45OQIR01845146270482,2026-01-29," KES 227,010 ",1
PAY-37835,INV-37912,OMC-002,Vivo Energy,GB45OQIR01845146270482,2025-12-11,123899,1
PAY-20393,INV-70293,OMC-004,Gulf Energy,GB89GWUW86379402654235,2026-05-21,21987,1
PAY-28832,INV-71866,OMC-017,KAA Aviation,GB54HVSS04902787429671,2026-07-19,63430,1
PAY-71849,INV-66961,OMC-006,Hashi Energy,GB05QCFC91361939909169,10/08/2025,24489,1
PAY-51828,INV-86481,OMC-006,Hashi Energy,GB05QCFC91361939909169,2025-08-16,102089,1
PAY-58326,INV-92580,OMC-001,TotalEnergies Kenya,GB06DMIO52553419283276,2026-06-17,27254,1
PAY-27071,INV-39900,OMC-017,KAA Aviation,GB54HVSS04902787429671,2025-07-23,179755,1
PAY-81071,INV-11877,OMC-014,Texol Energies,GB06ONXS45314737996507,2025-12-09,29910,2
PAY-39618,INV-31827,OMC-002,Vivo Energy,GB45OQIR01845146270482,2026-05-24,265686,1
PAY-75731,INV-14006,OMC-014,Texol Energies,GB06ONXS45314737996507,2026-01-07,52219,1
PAY-97255,INV-87219,OMC-020,Ethiopian Oil,GB08IVAZ74821759464743,2025-05-03,45537,1
PAY-53535,INV-82952,OMC-002,Vivo Energy,GB45OQIR01845146270482,2026-01-28,213974,1
PAY-86012,INV-47643,OMC-006,Hashi Energy,GB05QCFC91361939909169,2025-10-19,96073,1
PAY-92321,INV-39759,OMC-010,Tamoil,GB34EABH79176936763201,2026-06-29,206394,1
PAY-76855,INV-82302,OMC-013,Lake Oil,GB88TEHE71937452991241,2025-08-08,221463,1
PAY-57677,INV-21492,OMC-014,Texol Energies,GB06ONXS45314737996507,2025-10-10,46494,1
PAY-17582,INV-56836,OMC-008,National Oil,GB08NAFX56342160733754,2026-07-17,28906,1
PAY-57877,INV-53630,OMC-004,Gulf Energy,GB89GWUW86379402654235,2026-07-07,56376,2
PAY-90536,INV-45508,OMC-018,Uganda National Oil,GB73JRAR61317127484677,2026-04-20,48978,1
PAY-68004,INV-67772,OMC-002,Vivo Energy,GB45OQIR01845146270482,2025-08-18,38637,1
PAY-60253,INV-20601,OMC-019,Tanzania Petroleum,GB64OAXE62174596158657,2026-06-27,86650,1
PAY-74338,INV-29790,OMC-008,National Oil,GB08NAFX56342160733754,2025-12-05,252402,1
PAY-34489,INV-33960,OMC-002,Vivo Energy,GB45OQIR01845146270482,2025-04-19,53731,1
PAY-70302,INV-69537,OMC-018,Uganda National Oil,GB73JRAR61317127484677,2026-03-06,59235,1
PAY-93140,INV-25296,OMC-016,KPA Marine,GB31MOOJ96499091334123,2025-02-25,109752,1
PAY-44102,INV-84639,OMC-018,Uganda National Oil,GB73JRAR61317127484677,2026-07-09,66147,2
PAY-68654,INV-12674,OMC-016,KPA Marine,GB31MOOJ96499091334123,2026-01-16,80474,1
PAY-71087,INV-92088,OMC-003,Rubis Energy,GB04LOQO13315098393010,2025-12-31,57995,1
PAY-62744,INV-73193,OMC-020,Ethiopian Oil,GB08IVAZ74821759464743,2026-04-12,215733,1
PAY-25503,INV-19975,OMC-006,Hashi Energy,GB05QCFC91361939909169,2025-11-07,25750,1
PAY-37089,INV-96172,OMC-005,PetroOil Kenya,GB89GWUW86379402654235,2026-04-17,23892,1
PAY-43276,INV-79299,OMC-018,Uganda National Oil,GB73JRAR61317127484677,2025-06-03,200369,1
PAY-33828,INV-64994,OMC-008,National Oil,GB08NAFX56342160733754,2026-02-19,106379,1
PAY-48344,INV-40221,OMC-016,KPA Marine,GB31MOOJ96499091334123,2025-06-01,58298,2
PAY-55249,INV-31299,OMC-013,Lake Oil,GB88TEHE71937452991241,2025-12-29,218980,1
PAY-82353,INV-90759,OMC-018,Uganda National Oil,GB73JRAR61317127484677,2025-05-22,290308,1
PAY-58901,INV-30457,OMC-015,Mombasa Petroleum,GB80WOIJ43135182337498,2026-07-01,208227,1
PAY-13972,INV-90508,OMC-005,PetroOil Kenya,GB89GWUW86379402654235,2026-04-21,34009,1
PAY-55676,INV-34443,OMC-016,KPA Marine,GB31MOOJ96499091334123,2026-04-25,63548,1
PAY-44002,INV-11017,OMC-015,Mombasa Petroleum,GB80WOIJ43135182337498,2025-02-16,27779,1
PAY-57078,INV-89434,OMC-020,Ethiopian Oil,GB08IVAZ74821759464743,2025-03-17,41683,1
PAY-27056,INV-26372,OMC-014,Texol Energies,GB06ONXS45314737996507,2025-04-05,178507,1
PAY-24474,INV-35689,OMC-003,Rubis Energy,GB04LOQO13315098393010,2025-03-07,199897,1
PAY-50725,INV-44385,OMC-006,Hashi Energy,GB05QCFC91361939909169,2025-06-06,30734,1
PAY-71910,INV-14675,OMC-012,Galana Energies,GB89GWUW86379402654235,2026-04-26," KES 27,278 ",2
PAY-79034,INV-88226,OMC-004,Gulf Energy,GB89GWUW86379402654235,,54737,2
PAY-50814,INV-17533,OMC-012,Galana Energies,GB89GWUW86379402654235,2026-05-13,37721,2
PAY-85340,INV-50532,OMC-006,Hashi Energy,GB05QCFC91361939909169,2026-06-01,189410,1
PAY-77630,INV-61729,OMC-004,Gulf Energy,GB89GWUW86379402654235,2026-03-06,121826,1
PAY-22778,INV-21042,OMC-017,KAA Aviation,GB54HVSS04902787429671,2026-07-15," KES 252,692 ",1
PAY-48830,INV-28659,OMC-010,Tamoil,GB34EABH79176936763201,2026-06-09,23765,1
PAY-67025,INV-99024,OMC-004,Gulf Energy,GB89GWUW86379402654235,2026-04-02,108922,1
PAY-57759,INV-30577,OMC-020,Ethiopian Oil,GB08IVAZ74821759464743,2026-08-09,121924,1
PAY-94616,INV-78628,OMC-009,Dalbit Petroleum,GB53VXXX35615951484656,2026-08-10,216008,1
PAY-52358,INV-61907,OMC-015,Mombasa Petroleum,GB80WOIJ43135182337498,2026-04-09,37589,1
PAY-76704,INV-92991,OMC-018,Uganda National Oil,GB73JRAR61317127484677,2025-08-25,50987,1
PAY-22439,INV-74921,OMC-001,TotalEnergies Kenya,GB06DMIO52553419283276,2026-05-02,100722,1
PAY-80121,INV-84043,OMC-004,Gulf Energy,GB89GWUW86379402654235,2026-05-21,52665,2
PAY-77703,INV-35902,OMC-004,Gulf Energy,GB89GWUW86379402654235,2026-03-12,193588,1
PAY-19372,INV-72316,OMC-016,KPA Marine,GB31MOOJ96499091334123,2026-07-18," KES 286,878 ",1
PAY-60449,INV-54704,OMC-017,KAA Aviation,GB54HVSS04902787429671,2026-01-24," KES 172,841 ",1
PAY-65948,INV-96449,OMC-007,Kobil,GB37IDDX82449353487401,,102862,1
PAY-21013,INV-51663,OMC-007,Kobil,GB37IDDX82449353487401,2025-04-20,57546,1
PAY-64071,INV-56447,OMC-003,Rubis Energy,GB04LOQO13315098393010,2025-02-08," KES 249,162 ",1
PAY-72803,INV-90749,OMC-002,Vivo Energy,GB45OQIR01845146270482,2026-01-11,27696,1
PAY-62414,INV-79932,OMC-019,Tanzania Petroleum,GB64OAXE62174596158657,2026-07-19,115933,1
PAY-68201,INV-48373,OMC-014,Texol Energies,GB06ONXS45314737996507,30/05/2025,180060,1
PAY-93218,INV-88743,OMC-007,Kobil,GB37IDDX82449353487401,2026-06-26,204177,1
PAY-45591,INV-33420,OMC-014,Texol Energies,GB06ONXS45314737996507,2025-09-21,99704,1
PAY-18222,INV-99511,OMC-011,Hass Petroleum,GB56WGCN65876036690967,2025-08-29,56433,1
PAY-55339,INV-47943,OMC-016,KPA Marine,GB31MOOJ96499091334123,10/01/2026,67230,2
PAY-26588,INV-64413,OMC-020,Ethiopian Oil,GB08IVAZ74821759464743,2025-08-28,62005,2
PAY-54288,INV-27948,OMC-007,Kobil,GB37IDDX82449353487401,2026-02-02,45477,1
PAY-42461,INV-97149,OMC-016,KPA Marine,GB31MOOJ96499091334123,2025-12-01,173542,1
PAY-26862,INV-91151,OMC-011,Hass Petroleum,GB56WGCN65876036690967,2025-02-28,150258,1
PAY-36776,INV-27353,OMC-020,Ethiopian Oil,GB08IVAZ74821759464743,2025-03-25,248113,1
PAY-23111,INV-21541,OMC-009,Dalbit Petroleum,GB53VXXX35615951484656,2026-05-02,10420,2
PAY-48226,INV-92404,OMC-013,Lake Oil,GB88TEHE71937452991241,2025-11-03,144724,1
PAY-42565,INV-34235,OMC-004,Gulf Energy,GB89GWUW86379402654235,2026-04-22,44075,1
PAY-52349,INV-14210,OMC-009,Dalbit Petroleum,GB53VXXX35615951484656,2025-11-25,36057,1
PAY-71396,INV-43603,OMC-009,Dalbit Petroleum,GB53VXXX35615951484656,2026-09-01,29520,2
PAY-28030,INV-20648,OMC-020,Ethiopian Oil,GB08IVAZ74821759464743,2026-07-03,200761,1
PAY-11934,INV-28901,OMC-017,KAA Aviation,GB54HVSS04902787429671,2026-06-28,208359,1
PAY-36647,INV-95718,OMC-003,Rubis Energy,GB04LOQO13315098393010,2026-04-27,53624,1
PAY-94922,INV-41099,OMC-009,Dalbit Petroleum,GB53VXXX35615951484656,2026-05-29,27745,1
PAY-94954,INV-87777,OMC-002,Vivo Energy,GB45OQIR01845146270482,16/09/2025,223031,1
PAY-83145,INV-91396,OMC-011,Hass Petroleum,GB56WGCN65876036690967,2026-04-18,190165,1
PAY-97728,INV-20698,OMC-019,Tanzania Petroleum,GB64OAXE62174596158657,2026-07-21,161369,1
PAY-67334,INV-21354,OMC-005,PetroOil Kenya,GB89GWUW86379402654235,2026-06-20,15139,2
PAY-24062,INV-84190,OMC-016,KPA Marine,GB31MOOJ96499091334123,2025-05-08,24400,1
PAY-81051,INV-25877,OMC-013,Lake Oil,GB88TEHE71937452991241,2025-04-23,203003,1
PAY-26249,INV-98777,OMC-017,KAA Aviation,GB54HVSS04902787429671,2026-05-17,122807,1
PAY-18424,INV-62806,OMC-011,Hass Petroleum,GB56WGCN65876036690967,2026-05-04,52193,1
PAY-21575,INV-10876,OMC-015,Mombasa Petroleum,GB80WOIJ43135182337498,2025-03-18,145082,1
PAY-53020,INV-93983,OMC-004,Gulf Energy,GB89GWUW86379402654235,2026-03-29,216645,1
PAY-45001,INV-26404,OMC-017,KAA Aviation,GB54HVSS04902787429671,2025-12-23,46297,1
PAY-14600,INV-37004,OMC-002,Vivo Energy,GB45OQIR01845146270482,2026-01-25,195872,1
PAY-46040,INV-85080,OMC-002,Vivo Energy,GB45OQIR01845146270482,2025-10-10,170540,1
PAY-16987,INV-45225,OMC-014,Texol Energies,GB06ONXS45314737996507,2025-12-07,101592,1
PAY-11134,INV-75772,OMC-003,Rubis Energy,GB04LOQO13315098393010,2026-03-01,42281,1
PAY-51502,INV-51618,OMC-006,Hashi Energy,GB05QCFC91361939909169,2025-02-24,28936,1
PAY-31557,INV-82653,OMC-011,Hass Petroleum,GB56WGCN65876036690967,2025-09-05,38796,2
PAY-23163,INV-47686,OMC-001,TotalEnergies Kenya,GB06DMIO52553419283276,2025-07-01,30841,1
PAY-38913,INV-73473,OMC-019,Tanzania Petroleum,GB64OAXE62174596158657,2025-11-10,199142,1
PAY-15244,INV-71034,OMC-020,Ethiopian Oil,GB08IVAZ74821759464743,2026-06-22,147840,1
PAY-82744,INV-94234,OMC-014,Texol Energies,GB06ONXS45314737996507,2026-05-20,8777,2
PAY-87118,INV-87004,OMC-015,Mombasa Petroleum,GB80WOIJ43135182337498,2025-10-27," KES 235,737 ",1
PAY-85269,INV-76469,OMC-015,Mombasa Petroleum,GB80WOIJ43135182337498,2025-08-03,156383,1
PAY-60949,INV-88757,OMC-002,Vivo Energy,GB45OQIR01845146270482,02/06/2025,92361,1
PAY-52092,INV-18773,OMC-020,Ethiopian Oil,GB08IVAZ74821759464743,2026-07-08,232411,1
PAY-31393,INV-13003,OMC-002,Vivo Energy,GB45OQIR01845146270482,2025-11-26,114060,1
PAY-15390,INV-99956,OMC-009,Dalbit Petroleum,GB53VXXX35615951484656,2026-02-21,131984,1
PAY-55778,INV-56352,OMC-010,Tamoil,GB34EABH79176936763201,2025-10-27,99998,1
PAY-16409,INV-27326,OMC-002,Vivo Energy,GB45OQIR01845146270482,2026-05-08,341084,1
PAY-85026,INV-48198,OMC-003,Rubis Energy,GB04LOQO13315098393010,2026-04-27,50392,1
PAY-54609,INV-55479,OMC-001,TotalEnergies Kenya,GB06DMIO52553419283276,2026-04-12,87688,1
PAY-59829,INV-97482,OMC-013,Lake Oil,GB88TEHE71937452991241,2026-05-10,40849,1
PAY-67687,INV-29745,OMC-018,Uganda National Oil,GB73JRAR61317127484677,2025-07-22,182577,1
PAY-75198,INV-41960,OMC-014,Texol Energies,GB06ONXS45314737996507,2025-11-07,16884,1
PAY-39326,INV-60676,OMC-018,Uganda National Oil,GB73JRAR61317127484677,2025-01-31,272295,1
PAY-20775,INV-94402,OMC-011,Hass Petroleum,GB56WGCN65876036690967,2025-09-07,79298,2
PAY-26816,INV-34157,OMC-012,Galana Energies,GB89GWUW86379402654235,2026-04-07,10381,1
PAY-56169,INV-96982,OMC-002,Vivo Energy,GB45OQIR01845146270482,2025-03-26,107578,2
PAY-49782,INV-40478,OMC-020,Ethiopian Oil,GB08IVAZ74821759464743,2025-07-08,151368,1
PAY-26374,INV-14586,OMC-002,Vivo Energy,GB45OQIR01845146270482,2025-06-18,176995,1
PAY-47605,INV-49002,OMC-010,Tamoil,GB34EABH79176936763201,2025-11-02,272893,1
PAY-96536,INV-40703,OMC-005,PetroOil Kenya,GB89GWUW86379402654235,2026-06-26,169754,2
PAY-34460,INV-66635,OMC-004,Gulf Energy,GB89GWUW86379402654235,2026-06-06,5602,2
PAY-57648,INV-70030,OMC-016,KPA Marine,GB31MOOJ96499091334123,2025-06-20,112688,1
PAY-96631,INV-16245,OMC-005,PetroOil Kenya,GB89GWUW86379402654235,2026-05-21,53771,1
PAY-54853,INV-94233,OMC-008,National Oil,GB08NAFX56342160733754,2025-11-13,199227,1
PAY-60383,INV-28708,OMC-010,Tamoil,GB34EABH79176936763201,2025-05-08,57149,2
PAY-43313,INV-78642,OMC-016,KPA Marine,GB31MOOJ96499091334123,2026-03-22,47474,2
PAY-75802,INV-40592,OMC-003,Rubis Energy,GB04LOQO13315098393010,2025-09-15,67150,2
PAY-82857,INV-48948,OMC-001,TotalEnergies Kenya,GB06DMIO52553419283276,2025-06-13,14673,1
PAY-62500,INV-60169,OMC-018,Uganda National Oil,GB73JRAR61317127484677,2025-12-30,160885,1
PAY-85185,INV-48065,OMC-007,Kobil,GB37IDDX82449353487401,2025-06-04,37012,1
PAY-43708,INV-33535,OMC-004,Gulf Energy,GB89GWUW86379402654235,2026-05-27,56920,1
PAY-17966,INV-45115,OMC-002,Vivo Energy,GB45OQIR01845146270482,2026-01-11,16584,1
PAY-99447,INV-36844,OMC-020,Ethiopian Oil,GB08IVAZ74821759464743,2026-06-20," KES 38,932 ",1
PAY-51723,INV-95833,OMC-013,Lake Oil,GB88TEHE71937452991241,2025-10-20,40787,1
PAY-11131,INV-23801,OMC-018,Uganda National Oil,GB73JRAR61317127484677,2025-10-02,15072,1
PAY-48236,INV-70644,OMC-001,TotalEnergies Kenya,GB06DMIO52553419283276,2026-01-22,74828,2
PAY-38730,INV-89569,OMC-019,Tanzania Petroleum,GB64OAXE62174596158657,05/09/2025,209145,1
PAY-25927,INV-46981,OMC-014,Texol Energies,GB06ONXS45314737996507,2026-06-01,20112,1
PAY-34906,INV-11278,OMC-018,Uganda National Oil,GB73JRAR61317127484677,2025-08-03,11834,2
PAY-75247,INV-34303,OMC-019,Tanzania Petroleum,GB64OAXE62174596158657,2025-09-06,52680,1
PAY-20317,INV-70670,OMC-011,Hass Petroleum,GB56WGCN65876036690967,2026-04-25," KES 153,506 ",1
PAY-95775,INV-57376,OMC-014,Texol Energies,GB06ONXS45314737996507,2026-07-13,57375,2
PAY-93878,INV-82778,OMC-017,KAA Aviation,GB54HVSS04902787429671,2025-04-05,59000,1
PAY-60445,INV-70237,OMC-020,Ethiopian Oil,GB08IVAZ74821759464743,2026-07-31,75450,1
PAY-10289,INV-58379,OMC-018,Uganda National Oil,GB73JRAR61317127484677,2025-09-25,28421,1
PAY-32053,INV-29502,OMC-001,TotalEnergies Kenya,GB06DMIO52553419283276,,168735,1
PAY-79721,INV-37590,OMC-004,Gulf Energy,GB89GWUW86379402654235,2026-06-04,116529,1
PAY-23621,INV-83598,OMC-013,Lake Oil,GB88TEHE71937452991241,2025-10-27,92532,1
PAY-93745,INV-88784,OMC-020,Ethiopian Oil,GB08IVAZ74821759464743,2026-03-22,190641,1
PAY-11985,INV-59905,OMC-008,National Oil,GB08NAFX56342160733754,2025-09-17,171676,1
PAY-69006,INV-41885,OMC-015,Mombasa Petroleum,GB80WOIJ43135182337498,2025-04-18,137823,1
PAY-44467,INV-39968,OMC-001,TotalEnergies Kenya,GB06DMIO52553419283276,2025-10-22," KES 34,246 ",1
PAY-10552,INV-79057,OMC-008,National Oil,GB08NAFX56342160733754,28/01/2025,50149,1
PAY-27014,INV-56764,OMC-009,Dalbit Petroleum,GB53VXXX35615951484656,2025-05-14,58641,1
PAY-70164,INV-52695,OMC-017,KAA Aviation,GB54HVSS04902787429671,2025-11-13,55206,1
PAY-30751,INV-28459,OMC-017,KAA Aviation,GB54HVSS04902787429671,2025-08-16,175340,1
PAY-46910,INV-68383,OMC-018,Uganda National Oil,GB73JRAR61317127484677,2026-05-03," KES 64,860 ",2
PAY-33075,INV-79929,OMC-019,Tanzania Petroleum,GB64OAXE62174596158657,2025-07-27,18005,1
PAY-64864,INV-29040,OMC-003,Rubis Energy,GB04LOQO13315098393010,2026-05-05,77113,1
PAY-27605,INV-25707,OMC-012,Galana Energies,GB89GWUW86379402654235,2026-05-09,245372,1
PAY-75726,INV-76276,OMC-012,Galana Energies,GB89GWUW86379402654235,2026-03-25,40842,1
PAY-45516,INV-16658,OMC-015,Mombasa Petroleum,GB80WOIJ43135182337498,,57054,1
PAY-71502,INV-35871,OMC-008,National Oil,GB08NAFX56342160733754,2026-04-06,47531,1
PAY-78772,INV-92533,OMC-006,Hashi Energy,GB05QCFC91361939909169,2026-03-19,52005,1
PAY-50815,INV-87194,OMC-007,Kobil,GB37IDDX82449353487401,2025-03-15,26619,1
PAY-98206,INV-58927,OMC-016,KPA Marine,GB31MOOJ96499091334123,2025-11-29,50539,1
PAY-90485,INV-50124,OMC-001,TotalEnergies Kenya,GB06DMIO52553419283276,2025-06-17,139052,1
PAY-99865,INV-44912,OMC-004,Gulf Energy,GB89GWUW86379402654235,2026-04-12,9316,2
PAY-71745,INV-76186,OMC-001,TotalEnergies Kenya,GB06DMIO52553419283276,2026-08-23,181032,1
PAY-99546,INV-33633,OMC-003,Rubis Energy,GB04LOQO13315098393010,2026-07-27,35738,1
PAY-33105,INV-10305,OMC-016,KPA Marine,GB31MOOJ96499091334123,2026-06-11,23941,1
PAY-21739,INV-61654,OMC-017,KAA Aviation,GB54HVSS04902787429671,20/03/2025,292192,1
PAY-12784,INV-92130,OMC-003,Rubis Energy,GB04LOQO13315098393010,2025-05-26,100999,1
PAY-87682,INV-83342,OMC-007,Kobil,GB37IDDX82449353487401,2025-06-21,69191,1
PAY-48984,INV-26967,OMC-005,PetroOil Kenya,GB89GWUW86379402654235,2026-04-04,113475,1
PAY-64285,INV-70943,OMC-006,Hashi Energy,GB05QCFC91361939909169,2025-08-01,47452,1
PAY-86182,INV-98444,OMC-005,PetroOil Kenya,GB89GWUW86379402654235,2026-03-27,96188,1
PAY-66148,INV-97776,OMC-020,Ethiopian Oil,GB08IVAZ74821759464743,2026-03-15,26027,1
PAY-48933,INV-39938,OMC-010,Tamoil,GB34EABH79176936763201,2026-02-08,47501,1
PAY-97355,INV-23678,OMC-007,Kobil,GB37IDDX82449353487401,2025-09-10,22219,1
PAY-40763,INV-42821,OMC-017,KAA Aviation,GB54HVSS04902787429671,2026-01-24,276187,1
PAY-35828,INV-50948,OMC-001,TotalEnergies Kenya,GB06DMIO52553419283276,2025-11-26,50167,2
PAY-63232,INV-80487,OMC-001,TotalEnergies Kenya,GB06DMIO52553419283276,2026-02-13,116519,1
PAY-64640,INV-77613,OMC-006,Hashi Energy,GB05QCFC91361939909169,2026-06-09,37323,1
PAY-93915,INV-10552,OMC-018,Uganda National Oil,GB73JRAR61317127484677,2026-01-03," KES 53,420 ",1
PAY-46904,INV-78965,OMC-006,Hashi Energy,GB05QCFC91361939909169,2025-06-09,54858,1
PAY-90083,INV-95259,OMC-008,National Oil,GB08NAFX56342160733754,2025-07-15,60287,1
PAY-69564,INV-66311,OMC-014,Texol Energies,GB06ONXS45314737996507,2026-07-11,106295,2
PAY-30911,INV-13230,OMC-013,Lake Oil,GB88TEHE71937452991241,2026-03-06,63280,1
PAY-23299,INV-92546,OMC-011,Hass Petroleum,GB56WGCN65876036690967,2025-12-01,47653,1
PAY-49203,INV-52310,OMC-018,Uganda National Oil,GB73JRAR61317127484677,2025-09-29,17036,2
PAY-87462,INV-92596,OMC-017,KAA Aviation,GB54HVSS04902787429671,2026-01-03,264443,1
PAY-17316,INV-61056,OMC-008,National Oil,GB08NAFX56342160733754,2025-04-20,183245,1
PAY-13086,INV-77389,OMC-014,Texol Energies,GB06ONXS45314737996507,2026-05-17," KES 22,137 ",2
PAY-50905,INV-95581,OMC-017,KAA Aviation,GB54HVSS04902787429671,2025-07-29,212332,1
PAY-94155,INV-56037,OMC-013,Lake Oil,GB88TEHE71937452991241,2025-07-21,24683,1
PAY-45774,INV-68383,OMC-018,Uganda National Oil,GB73JRAR61317127484677,2026-04-16,83451,1
PAY-16962,INV-71585,OMC-001,TotalEnergies Kenya,GB06DMIO52553419283276,2025-08-04,30356,2
PAY-26529,INV-94571,OMC-003,Rubis Energy,GB04LOQO13315098393010,2025-07-01,55390,1
PAY-15035,INV-55123,OMC-019,Tanzania Petroleum,GB64OAXE62174596158657,2025-02-24,58651,2
PAY-13197,INV-33475,OMC-014,Texol Energies,GB06ONXS45314737996507,2026-05-12,166500,1
PAY-50593,INV-54640,OMC-004,Gulf Energy,GB89GWUW86379402654235,2026-05-27,34896,1
PAY-87874,INV-48040,OMC-016,KPA Marine,GB31MOOJ96499091334123,2025-12-06,36135,1
PAY-56977,INV-44541,OMC-006,Hashi Energy,GB05QCFC91361939909169,2026-03-14,30689,1
PAY-85797,INV-88942,OMC-011,Hass Petroleum,GB56WGCN65876036690967,2025-03-07,197775,1
PAY-94941,INV-50801,OMC-006,Hashi Energy,GB05QCFC91361939909169,2025-08-11,55287,1
PAY-44561,INV-58146,OMC-009,Dalbit Petroleum,GB53VXXX35615951484656,2025-12-03,140304,1
PAY-46041,INV-88479,OMC-011,Hass Petroleum,GB56WGCN65876036690967,2026-07-23,32767,1
PAY-21224,INV-49544,OMC-015,Mombasa Petroleum,GB80WOIJ43135182337498,2026-02-25,27053,1
PAY-60839,INV-93103,OMC-013,Lake Oil,GB88TEHE71937452991241,2026-05-27,209626,1
PAY-25621,INV-17057,OMC-009,Dalbit Petroleum,GB53VXXX35615951484656,2026-02-01,19664,2
PAY-88918,INV-53963,OMC-018,Uganda National Oil,GB73JRAR61317127484677,2025-04-23,143876,1
PAY-80906,INV-75222,OMC-004,Gulf Energy,GB89GWUW86379402654235,2026-04-10,100575,1
PAY-49755,INV-97815,OMC-003,Rubis Energy,GB04LOQO13315098393010,2025-11-02,51008,1
PAY-95200,INV-78434,OMC-002,Vivo Energy,GB45OQIR01845146270482,2026-01-01,33882,1
PAY-42851,INV-97551,OMC-004,Gulf Energy,GB89GWUW86379402654235,2026-06-08,32530,1
PAY-12929,INV-30570,OMC-018,Uganda National Oil,GB73JRAR61317127484677,2026-05-09,28543,1
PAY-53597,INV-37881,OMC-011,Hass Petroleum,GB56WGCN65876036690967,2026-05-10,187625,1
PAY-73361,INV-62303,OMC-007,Kobil,GB37IDDX82449353487401,2025-01-24,147273,1
PAY-15845,INV-18322,OMC-007,Kobil,GB37IDDX82449353487401,20/06/2026,36832,1
PAY-98892,INV-71585,OMC-001,TotalEnergies Kenya,GB06DMIO52553419283276,2025-07-12,71336,1
PAY-52525,INV-46311,OMC-016,KPA Marine,GB31MOOJ96499091334123,2025-09-19,23859,1
PAY-95820,INV-87445,OMC-012,Galana Energies,GB89GWUW86379402654235,2026-03-30,44245,1
PAY-49217,INV-48573,OMC-001,TotalEnergies Kenya,GB06DMIO52553419283276,02/07/2026,135677,1
PAY-66578,INV-44953,OMC-018,Uganda National Oil,GB73JRAR61317127484677,2025-10-13,280196,1
PAY-35781,INV-54002,OMC-014,Texol Energies,GB06ONXS45314737996507,2025-04-06,50717,1
PAY-94563,INV-82618,OMC-004,Gulf Energy,GB89GWUW86379402654235,2026-04-25,11774,2
PAY-21081,INV-40204,OMC-011,Hass Petroleum,GB56WGCN65876036690967,2025-04-14,162777,1
PAY-97876,INV-59127,OMC-001,TotalEnergies Kenya,GB06DMIO52553419283276,2025-10-17,249982,1
PAY-85196,INV-30621,OMC-017,KAA Aviation,GB54HVSS04902787429671,2025-05-11,162679,1
PAY-42497,INV-65578,OMC-015,Mombasa Petroleum,GB80WOIJ43135182337498,2025-12-27,53392,1
PAY-35693,INV-12989,OMC-015,Mombasa Petroleum,GB80WOIJ43135182337498,2025-12-20,21988,1
PAY-51263,INV-87006,OMC-014,Texol Energies,GB06ONXS45314737996507,2025-03-15,23531,2
PAY-43420,INV-40081,OMC-016,KPA Marine,GB31MOOJ96499091334123,2025-11-17,31824,1
PAY-37787,INV-70809,OMC-017,KAA Aviation,GB54HVSS04902787429671,2025-07-20,39373,1
PAY-61824,INV-36689,OMC-020,Ethiopian Oil,GB08IVAZ74821759464743,27/03/2026,74517,2
PAY-72732,INV-28053,OMC-009,Dalbit Petroleum,GB53VXXX35615951484656,2026-05-23,87240,1
PAY-26413,INV-84918,OMC-014,Texol Energies,GB06ONXS45314737996507,2026-07-04,34319,1
PAY-29055,INV-26537,OMC-014,Texol Energies,GB06ONXS45314737996507,2025-12-21,312984,1
PAY-74266,INV-35210,OMC-011,Hass Petroleum,GB56WGCN65876036690967,2025-03-23,123880,1
PAY-62540,INV-91067,OMC-020,Ethiopian Oil,GB08IVAZ74821759464743,2025-07-31,144441,1
PAY-80304,INV-57948,OMC-002,Vivo Energy,GB45OQIR01845146270482,2025-02-27,43667,1
PAY-64894,INV-62356,OMC-003,Rubis Energy,GB04LOQO13315098393010,2025-08-07,205955,1
PAY-82505,INV-64547,OMC-007,Kobil,GB37IDDX82449353487401,2026-03-25," KES 184,999 ",1
PAY-59007,INV-12716,OMC-003,Rubis Energy,GB04LOQO13315098393010,2025-07-13,32261,1
PAY-47395,INV-50549,OMC-011,Hass Petroleum,GB56WGCN65876036690967,2026-06-11,27700,1
PAY-58192,INV-99321,OMC-006,Hashi Energy,GB05QCFC91361939909169,21/03/2025,25172,1
PAY-62644,INV-84252,OMC-015,Mombasa Petroleum,GB80WOIJ43135182337498,2026-04-17,210836,1
PAY-78346,INV-85957,OMC-008,National Oil,GB08NAFX56342160733754,2026-01-27,149766,1
PAY-63554,INV-74272,OMC-012,Galana Energies,GB89GWUW86379402654235,2026-06-14," KES 11,289 ",2
PAY-96299,INV-73676,OMC-014,Texol Energies,GB06ONXS45314737996507,2026-08-13,45399,1
PAY-18105,INV-24965,OMC-013,Lake Oil,GB88TEHE71937452991241,2025-11-02,23603,1
PAY-91048,INV-42468,OMC-005,PetroOil Kenya,GB89GWUW86379402654235,2026-04-17,222349,1
PAY-46603,INV-71491,OMC-015,Mombasa Petroleum,GB80WOIJ43135182337498,2025-12-05,46113,1
PAY-98313,INV-99088,OMC-013,Lake Oil,GB88TEHE71937452991241,2026-01-12,246608,1
PAY-21722,INV-42140,OMC-015,Mombasa Petroleum,GB80WOIJ43135182337498,2025-09-04,54537,1
PAY-99943,INV-99956,OMC-009,Dalbit Petroleum,GB53VXXX35615951484656,2026-03-19,64328,2
PAY-47674,INV-94950,OMC-018,Uganda National Oil,GB73JRAR61317127484677,2026-04-28,46234,1
PAY-56552,INV-59720,OMC-005,PetroOil Kenya,GB89GWUW86379402654235,2026-06-26,190774,1
PAY-27752,INV-43644,OMC-020,Ethiopian Oil,GB08IVAZ74821759464743,2025-05-27,19526,1
PAY-66885,INV-90873,OMC-014,Texol Energies,GB06ONXS45314737996507,2026-05-21," KES 154,625 ",1
PAY-78630,INV-97091,OMC-015,Mombasa Petroleum,GB80WOIJ43135182337498,2025-11-09," KES 153,665 ",1
PAY-54835,INV-52236,OMC-015,Mombasa Petroleum,GB80WOIJ43135182337498,2025-09-22,37370,1
PAY-88561,INV-87175,OMC-014,Texol Energies,GB06ONXS45314737996507,2026-02-09,111923,2
PAY-42420,INV-90118,OMC-001,TotalEnergies Kenya,GB06DMIO52553419283276,2026-08-24," KES 15,226 ",2
PAY-69806,INV-52744,OMC-003,Rubis Energy,GB04LOQO13315098393010,2026-08-03,46083,2
PAY-59022,INV-46333,OMC-012,Galana Energies,GB89GWUW86379402654235,2026-06-27,6787,2
PAY-58606,INV-35951,OMC-007,Kobil,GB37IDDX82449353487401,2025-11-21,215112,1
PAY-86143,INV-84590,OMC-019,Tanzania Petroleum,GB64OAXE62174596158657,2026-01-09,60505,1
PAY-46112,INV-75652,OMC-015,Mombasa Petroleum,GB80WOIJ43135182337498,2025-07-30,28153,1
PAY-83908,INV-74559,OMC-019,Tanzania Petroleum,GB64OAXE62174596158657,2025-07-29,98298,1
PAY-20350,INV-55871,OMC-008,National Oil,GB08NAFX56342160733754,2025-06-14,189435,1
PAY-49706,INV-62016,OMC-011,Hass Petroleum,GB56WGCN65876036690967,2025-05-16,121023,1
PAY-72404,INV-47571,OMC-004,Gulf Energy,GB89GWUW86379402654235,2026-04-22,208706,1
PAY-97882,INV-79763,OMC-006,Hashi Energy,GB05QCFC91361939909169,2025-05-15,61119,1
PAY-21799,INV-79611,OMC-001,TotalEnergies Kenya,GB06DMIO52553419283276,2025-03-23,16274,1
PAY-79253,INV-17414,OMC-013,Lake Oil,GB88TEHE71937452991241,2026-05-23,64896,1
PAY-86517,INV-14994,OMC-011,Hass Petroleum,GB56WGCN65876036690967,2026-02-13,56136,1
PAY-49500,INV-94152,OMC-013,Lake Oil,GB88TEHE71937452991241,2026-03-24,53437,1
PAY-95306,INV-41743,OMC-001,TotalEnergies Kenya,GB06DMIO52553419283276,2025-03-19,111619,1
PAY-40041,INV-82441,OMC-001,TotalEnergies Kenya,GB06DMIO52553419283276,2025-09-04,222913,1
PAY-30763,INV-76925,OMC-014,Texol Energies,GB06ONXS45314737996507,2025-08-19,87955,1
PAY-32752,INV-73276,OMC-013,Lake Oil,GB88TEHE71937452991241,2026-08-29,55361,1
PAY-75093,INV-21063,OMC-019,Tanzania Petroleum,GB64OAXE62174596158657,2025-05-24," KES 208,198 ",1
PAY-88796,INV-41185,OMC-010,Tamoil,GB34EABH79176936763201,2025-06-02,187095,1
PAY-10652,INV-60403,OMC-012,Galana Energies,GB89GWUW86379402654235,2026-05-20,29632,1
PAY-85925,INV-78189,OMC-006,Hashi Energy,GB05QCFC91361939909169,2025-07-24,283136,1
PAY-47454,INV-52713,OMC-020,Ethiopian Oil,GB08IVAZ74821759464743,2025-11-03," KES 80,179 ",2
PAY-19970,INV-23870,OMC-019,Tanzania Petroleum,GB64OAXE62174596158657,2025-10-07,179701,1
PAY-78793,INV-23915,OMC-016,KPA Marine,GB31MOOJ96499091334123,2026-04-13,174068,1
PAY-69205,INV-78159,OMC-012,Galana Energies,GB89GWUW86379402654235,2026-04-10,81545,1
PAY-99602,INV-48120,OMC-006,Hashi Energy,GB05QCFC91361939909169,2026-03-07,236131,1
PAY-77816,INV-14557,OMC-004,Gulf Energy,GB89GWUW86379402654235,2026-05-18,63688,2
PAY-16263,INV-93596,OMC-001,TotalEnergies Kenya,GB06DMIO52553419283276,2025-09-10,99138,1
PAY-54945,INV-98272,OMC-002,Vivo Energy,GB45OQIR01845146270482,2025-11-18,51652,1
PAY-33211,INV-40670,OMC-018,Uganda National Oil,GB73JRAR61317127484677,2026-04-28,20250,1
PAY-14070,INV-73730,OMC-011,Hass Petroleum,GB56WGCN65876036690967,2025-12-01,221224,1
PAY-78452,INV-22808,OMC-015,Mombasa Petroleum,GB80WOIJ43135182337498,2025-03-29,195092,1
PAY-15678,INV-72400,OMC-008,National Oil,GB08NAFX56342160733754,2026-07-12,33155,1
PAY-65416,INV-94957,OMC-007,Kobil,GB37IDDX82449353487401,2025-07-03,60394,1
PAY-38227,INV-49449,OMC-011,Hass Petroleum,GB56WGCN65876036690967,2026-06-08,59064,1
PAY-31450,INV-67279,OMC-012,Galana Energies,GB89GWUW86379402654235,2026-05-20,66821,1
PAY-22466,INV-42545,OMC-007,Kobil,GB37IDDX82449353487401,20/04/2025,57444,1
PAY-15843,INV-31085,OMC-013,Lake Oil,GB88TEHE71937452991241,2026-06-12,32631,1
PAY-45821,INV-47777,OMC-007,Kobil,GB37IDDX82449353487401,2026-01-19,36442,1
PAY-63955,INV-93726,OMC-003,Rubis Energy,GB04LOQO13315098393010,2025-11-28," KES 166,153 ",1
PAY-21812,INV-62330,OMC-019,Tanzania Petroleum,GB64OAXE62174596158657,2025-10-11,107090,1
PAY-80703,INV-83057,OMC-006,Hashi Energy,GB05QCFC91361939909169,2025-04-08,26386,1
PAY-16508,INV-24108,OMC-002,Vivo Energy,GB45OQIR01845146270482,2025-05-27,194442,1
PAY-14174,INV-80953,OMC-008,National Oil,GB08NAFX56342160733754,2025-03-26,240308,1
PAY-98952,INV-92883,OMC-012,Galana Energies,GB89GWUW86379402654235,2026-05-22,6940,2
PAY-59302,INV-75849,OMC-007,Kobil,GB37IDDX82449353487401,2026-03-02,214875,1
PAY-60136,INV-14143,OMC-003,Rubis Energy,GB04LOQO13315098393010,2025-08-25,286589,1
PAY-65387,INV-41256,OMC-012,Galana Energies,GB89GWUW86379402654235,2026-03-13,36521,1
PAY-97028,INV-67305,OMC-019,Tanzania Petroleum,GB64OAXE62174596158657,2025-05-07,35986,1
PAY-37009,INV-79522,OMC-017,KAA Aviation,GB54HVSS04902787429671,2025-04-21,275730,1
PAY-51408,INV-94414,OMC-003,Rubis Energy,GB04LOQO13315098393010,2025-11-09,235312,1
PAY-95759,INV-18880,OMC-008,National Oil,GB08NAFX56342160733754,2025-06-17,27823,1
PAY-35883,INV-78329,OMC-003,Rubis Energy,GB04LOQO13315098393010,2026-04-08,167583,1
PAY-17716,INV-63533,OMC-008,National Oil,GB08NAFX56342160733754,2025-08-30,220757,1
PAY-49720,INV-13133,OMC-020,Ethiopian Oil,GB08IVAZ74821759464743,2025-04-21,67603,2
PAY-46354,INV-32898,OMC-006,Hashi Energy,GB05QCFC91361939909169,2025-03-17,30476,1
PAY-57316,INV-46322,OMC-003,Rubis Energy,GB04LOQO13315098393010,2026-03-08,35356,1
PAY-68836,INV-91896,OMC-004,Gulf Energy,GB89GWUW86379402654235,2026-05-19,25730,1
PAY-42702,INV-71525,OMC-015,Mombasa Petroleum,GB80WOIJ43135182337498,2026-02-23,48318,1
PAY-25290,INV-39790,OMC-014,Texol Energies,GB06ONXS45314737996507,2025-12-29,19271,2
PAY-22411,INV-28284,OMC-018,Uganda National Oil,GB73JRAR61317127484677,2025-04-18,188112,1
PAY-90013,INV-24843,OMC-010,Tamoil,GB34EABH79176936763201,2025-10-20,63735,2
PAY-14515,INV-19250,OMC-013,Lake Oil,GB88TEHE71937452991241,2025-12-08,62383,1
PAY-92726,INV-14629,OMC-020,Ethiopian Oil,GB08IVAZ74821759464743,2025-04-03,28183,2
PAY-38205,INV-16102,OMC-008,National Oil,GB08NAFX56342160733754,2026-04-29," KES 32,053 ",1
PAY-81023,INV-27660,OMC-005,PetroOil Kenya,GB89GWUW86379402654235,2026-03-23,22413,1
PAY-97782,INV-52713,OMC-020,Ethiopian Oil,GB08IVAZ74821759464743,,213371,1
PAY-98772,INV-36484,OMC-016,KPA Marine,GB31MOOJ96499091334123,2026-07-06,12377,1
PAY-28490,INV-36230,OMC-020,Ethiopian Oil,GB08IVAZ74821759464743,2026-06-28,52547,1
PAY-65708,INV-69192,OMC-018,Uganda National Oil,GB73JRAR61317127484677,2025-06-05,244605,1
PAY-49948,INV-58053,OMC-017,KAA Aviation,GB54HVSS04902787429671,2025-12-05,55454,1
PAY-13954,INV-31810,OMC-006,Hashi Energy,GB05QCFC91361939909169,2025-04-29,41408,1
PAY-21312,INV-96510,OMC-011,Hass Petroleum,GB56WGCN65876036690967,2025-04-10,180328,1
PAY-94220,INV-10489,OMC-020,Ethiopian Oil,GB08IVAZ74821759464743,2025-12-09,47169,1
PAY-79880,INV-22318,OMC-010,Tamoil,GB34EABH79176936763201,2026-03-16,157504,1
PAY-97088,INV-65511,OMC-019,Tanzania Petroleum,GB64OAXE62174596158657,2026-05-24,31078,1
PAY-94028,INV-38729,OMC-005,PetroOil Kenya,GB89GWUW86379402654235,2026-05-15,49047,1
PAY-26903,INV-21860,OMC-003,Rubis Energy,GB04LOQO13315098393010,2025-03-19,150468,1
PAY-80536,INV-45374,OMC-002,Vivo Energy,GB45OQIR01845146270482,2026-07-08,214127,1
PAY-25519,INV-54359,OMC-007,Kobil,GB37IDDX82449353487401,2025-06-23,274463,1
PAY-78197,INV-60617,OMC-003,Rubis Energy,GB04LOQO13315098393010,2026-03-25,219538,1
PAY-64593,INV-44326,OMC-015,Mombasa Petroleum,GB80WOIJ43135182337498,2025-11-28,181326,1
PAY-28046,INV-10552,OMC-008,National Oil,GB08NAFX56342160733754,2025-07-17,144300,1
PAY-86563,INV-74470,OMC-016,KPA Marine,GB31MOOJ96499091334123,2025-08-13,110012,2
PAY-16774,INV-34378,OMC-019,Tanzania Petroleum,GB64OAXE62174596158657,2025-02-23,97463,1
PAY-69849,INV-93660,OMC-003,Rubis Energy,GB04LOQO13315098393010,2025-12-28,114642,1
PAY-95512,INV-23851,OMC-013,Lake Oil,GB88TEHE71937452991241,2025-10-09,143427,1
PAY-94032,INV-82593,OMC-019,Tanzania Petroleum,GB64OAXE62174596158657,2025-07-21,33480,1
PAY-52223,INV-69825,OMC-019,Tanzania Petroleum,GB64OAXE62174596158657,2025-11-14,112061,1
PAY-93056,INV-44468,OMC-016,KPA Marine,GB31MOOJ96499091334123,2026-07-02,47394,1
PAY-55595,INV-15469,OMC-017,KAA Aviation,GB54HVSS04902787429671,2025-07-11,48444,1
PAY-75509,INV-68551,OMC-008,National Oil,GB08NAFX56342160733754,2026-04-24,44727,1
PAY-52720,INV-92836,OMC-012,Galana Energies,GB89GWUW86379402654235,2026-04-13,254977,1
PAY-66361,INV-17737,OMC-016,KPA Marine,GB31MOOJ96499091334123,2026-04-01,68410,1
PAY-48301,INV-20012,OMC-014,Texol Energies,GB06ONXS45314737996507,2025-11-09,127277,1
PAY-31397,INV-28599,OMC-016,KPA Marine,GB31MOOJ96499091334123,2026-04-20,97918,2
PAY-18167,INV-63439,OMC-002,Vivo Energy,GB45OQIR01845146270482,2026-07-01,20527,1
PAY-87841,INV-31532,OMC-011,Hass Petroleum,GB56WGCN65876036690967,2025-04-15,153162,1
PAY-55534,INV-21457,OMC-006,Hashi Energy,GB05QCFC91361939909169,2026-06-01,75860,1
PAY-81148,INV-88988,OMC-005,PetroOil Kenya,GB89GWUW86379402654235,2026-03-30,46294,1
PAY-34208,INV-19620,OMC-020,Ethiopian Oil,GB08IVAZ74821759464743,2025-09-19,179386,1
PAY-32978,INV-57173,OMC-016,KPA Marine,GB31MOOJ96499091334123,2025-12-27,100701,1
PAY-91121,INV-91696,OMC-009,Dalbit Petroleum,GB53VXXX35615951484656,2025-02-07,143725,1
PAY-82816,INV-24256,OMC-001,TotalEnergies Kenya,GB06DMIO52553419283276,13/06/2025," KES 36,458 ",1
PAY-24676,INV-47996,OMC-001,TotalEnergies Kenya,GB06DMIO52553419283276,2025-10-15,98707,2
PAY-85651,INV-46761,OMC-018,Uganda National Oil,GB73JRAR61317127484677,2025-09-15,252786,1
PAY-50754,INV-68389,OMC-004,Gulf Energy,GB89GWUW86379402654235,2026-05-18,19629,1
PAY-77709,INV-78952,OMC-001,TotalEnergies Kenya,GB06DMIO52553419283276,2026-08-08,86556,1
PAY-62081,INV-62349,OMC-019,Tanzania Petroleum,GB64OAXE62174596158657,2025-06-28,58308,1
PAY-82995,INV-94543,OMC-017,KAA Aviation,GB54HVSS04902787429671,2026-07-05,284715,1
PAY-88222,INV-96024,OMC-008,National Oil,GB08NAFX56342160733754,2026-05-26,112691,1
PAY-47043,INV-61320,OMC-005,PetroOil Kenya,GB89GWUW86379402654235,2026-03-12,20728,2
PAY-23602,INV-41610,OMC-002,Vivo Energy,GB45OQIR01845146270482,2026-06-08,50070,1
PAY-21782,INV-45724,OMC-004,Gulf Energy,GB89GWUW86379402654235,2026-06-14,29518,2
PAY-69293,INV-71698,OMC-016,KPA Marine,GB31MOOJ96499091334123,2026-06-13,288788,1
PAY-15037,INV-54631,OMC-011,Hass Petroleum,GB56WGCN65876036690967,2025-05-02,27533,1
PAY-90616,INV-90461,OMC-003,Rubis Energy,GB04LOQO13315098393010,2025-11-08,135416,1
PAY-98399,INV-79998,OMC-001,TotalEnergies Kenya,GB06DMIO52553419283276,2026-03-29,21788,1
PAY-71754,INV-52946,OMC-020,Ethiopian Oil,GB08IVAZ74821759464743,2025-10-24,37646,1
PAY-76685,INV-30486,OMC-012,Galana Energies,GB89GWUW86379402654235,2026-05-21,15194,2
PAY-74545,INV-44717,OMC-007,Kobil,GB37IDDX82449353487401,2026-06-18,54382,2
PAY-12033,INV-86481,OMC-006,Hashi Energy,GB05QCFC91361939909169,2025-09-14,95041,2
PAY-34842,INV-20305,OMC-017,KAA Aviation,GB54HVSS04902787429671,2026-03-23,33991,1
PAY-13757,INV-48282,OMC-011,Hass Petroleum,GB56WGCN65876036690967,2025-03-12,18090,1
PAY-18077,INV-56459,OMC-019,Tanzania Petroleum,GB64OAXE62174596158657,2025-09-05,39373,1
PAY-94416,INV-22299,OMC-014,Texol Energies,GB06ONXS45314737996507,2025-05-27,195570,1
PAY-87686,INV-71643,OMC-011,Hass Petroleum,GB56WGCN65876036690967,2025-05-21,13039,2
PAY-33407,INV-66365,OMC-018,Uganda National Oil,GB73JRAR61317127484677,2025-06-30,102072,1
PAY-74630,INV-24243,OMC-002,Vivo Energy,GB45OQIR01845146270482,2025-07-08,254133,1
PAY-11648,INV-83475,OMC-020,Ethiopian Oil,GB08IVAZ74821759464743,2026-05-18,13030,2
PAY-53191,INV-93943,OMC-006,Hashi Energy,GB05QCFC91361939909169,2026-01-06," KES 51,935 ",1
PAY-17966,INV-49850,OMC-007,Kobil,GB37IDDX82449353487401,2025-04-09,137949,1
PAY-72427,INV-32777,OMC-003,Rubis Energy,GB04LOQO13315098393010,2025-04-07,42092,1
PAY-76727,INV-10488,OMC-017,KAA Aviation,GB54HVSS04902787429671,2026-07-27,59734,1
PAY-49305,INV-55687,OMC-012,Galana Energies,GB89GWUW86379402654235,2026-05-07,117903,1
PAY-92435,INV-14473,OMC-016,KPA Marine,GB31MOOJ96499091334123,2025-05-17,101588,1
PAY-85120,INV-86738,OMC-009,Dalbit Petroleum,GB53VXXX35615951484656,2025-09-08,58741,1
PAY-27114,INV-71623,OMC-016,KPA Marine,GB31MOOJ96499091334123,2026-09-09," KES 66,828 ",2
PAY-31984,INV-25055,OMC-007,Kobil,GB37IDDX82449353487401,2025-04-13,33559,1
PAY-78508,INV-42717,OMC-010,Tamoil,GB34EABH79176936763201,2025-03-17,115600,1
PAY-77508,INV-37858,OMC-015,Mombasa Petroleum,GB80WOIJ43135182337498,2025-04-11,86728,1
PAY-20667,INV-94806,OMC-019,Tanzania Petroleum,GB64OAXE62174596158657,2025-08-24,85650,1
PAY-25273,INV-24222,OMC-004,Gulf Energy,GB89GWUW86379402654235,2026-04-19,157088,1
PAY-80500,INV-23170,OMC-020,Ethiopian Oil,GB08IVAZ74821759464743,2025-03-11,170923,1
PAY-30331,INV-49121,OMC-005,PetroOil Kenya,GB89GWUW86379402654235,2026-04-08,181423,1
PAY-86978,INV-41008,OMC-004,Gulf Energy,GB89GWUW86379402654235,2026-07-07,52255,2
PAY-63675,INV-17765,OMC-019,Tanzania Petroleum,GB64OAXE62174596158657,2025-03-31,39872,1
PAY-98026,INV-24187,OMC-004,Gulf Energy,GB89GWUW86379402654235,2026-06-07,56977,2
PAY-68226,INV-79407,OMC-018,Uganda National Oil,GB73JRAR61317127484677,2025-07-22,217938,1
PAY-35224,INV-80451,OMC-001,TotalEnergies Kenya,GB06DMIO52553419283276,2025-06-05,59588,1
PAY-65897,INV-14750,OMC-006,Hashi Energy,GB05QCFC91361939909169,2025-10-29,160540,1
PAY-30262,INV-76964,OMC-004,Gulf Energy,GB89GWUW86379402654235,2026-05-04," KES 100,643 ",1
PAY-27864,INV-21179,OMC-003,Rubis Energy,GB04LOQO13315098393010,2026-02-23,41034,1
PAY-68528,INV-56809,OMC-009,Dalbit Petroleum,GB53VXXX35615951484656,2025-08-23,25939,1
PAY-13789,INV-42103,OMC-015,Mombasa Petroleum,GB80WOIJ43135182337498,2025-07-20,23165,1
PAY-62383,INV-98474,OMC-014,Texol Energies,GB06ONXS45314737996507,2025-08-29,23153,1
PAY-48026,INV-68794,OMC-017,KAA Aviation,GB54HVSS04902787429671,2025-09-12,188660,1
PAY-88567,INV-37552,OMC-010,Tamoil,GB34EABH79176936763201,2025-07-23,173262,1
PAY-54327,INV-76581,OMC-019,Tanzania Petroleum,GB64OAXE62174596158657,2026-01-14,281600,1
PAY-36499,INV-26439,OMC-017,KAA Aviation,GB54HVSS04902787429671,2026-01-16,29879,1
PAY-54648,INV-33221,OMC-012,Galana Energies,GB89GWUW86379402654235,2026-04-20,243928,1
PAY-84706,INV-84924,OMC-011,Hass Petroleum,GB56WGCN65876036690967,2026-02-22,51670,2
PAY-67528,INV-78867,OMC-007,Kobil,GB37IDDX82449353487401,2026-07-19,113852,1
PAY-27870,INV-93521,OMC-013,Lake Oil,GB88TEHE71937452991241,19/12/2025,272904,1
PAY-60133,INV-95681,OMC-014,Texol Energies,GB06ONXS45314737996507,2025-06-17,29631,1
PAY-60335,INV-54975,OMC-018,Uganda National Oil,GB73JRAR61317127484677,2026-01-01,58892,1
PAY-38477,INV-38837,OMC-014,Texol Energies,GB06ONXS45314737996507,2025-05-30,56086,2
PAY-72151,INV-20483,OMC-004,Gulf Energy,GB89GWUW86379402654235,2026-06-03," KES 71,785 ",2
PAY-34806,INV-78448,OMC-019,Tanzania Petroleum,GB64OAXE62174596158657,2025-09-29,38543,1
PAY-76874,INV-82940,OMC-017,KAA Aviation,GB54HVSS04902787429671,31/08/2026,267782,1
PAY-39555,INV-79118,OMC-020,Ethiopian Oil,GB08IVAZ74821759464743,2025-11-21,132791,1
PAY-84683,INV-76622,OMC-007,Kobil,GB37IDDX82449353487401,2026-01-29,28822,1
PAY-11274,INV-76335,OMC-009,Dalbit Petroleum,GB53VXXX35615951484656,2025-03-17,238006,1
PAY-63873,INV-88048,OMC-003,Rubis Energy,GB04LOQO13315098393010,2026-02-10,23784,1
PAY-81199,INV-40670,OMC-018,Uganda National Oil,GB73JRAR61317127484677,2026-05-13,19513,2
PAY-14114,INV-26220,OMC-010,Tamoil,GB34EABH79176936763201,2026-04-19,272071,1
PAY-73664,INV-31276,OMC-010,Tamoil,GB34EABH79176936763201,2025-06-30,55348,1
PAY-19501,INV-59028,OMC-020,Ethiopian Oil,GB08IVAZ74821759464743,2025-02-11,15808,1
PAY-58714,INV-96569,OMC-013,Lake Oil,GB88TEHE71937452991241,2025-10-21,112026,1
PAY-70354,INV-82909,OMC-002,Vivo Energy,GB45OQIR01845146270482,2025-11-24,253427,1
PAY-59334,INV-34301,OMC-014,Texol Energies,GB06ONXS45314737996507,2025-12-23,106930,1
PAY-43587,INV-32628,OMC-017,KAA Aviation,GB54HVSS04902787429671,2026-03-22,64292,1
PAY-98013,INV-40980,OMC-014,Texol Energies,GB06ONXS45314737996507,2025-10-07,45043,1
PAY-70982,INV-65382,OMC-018,Uganda National Oil,GB73JRAR61317127484677,2026-03-25," KES 186,144 ",1
PAY-44065,INV-17468,OMC-005,PetroOil Kenya,GB89GWUW86379402654235,2026-05-03,47070,2
PAY-39513,INV-55282,OMC-012,Galana Energies,GB89GWUW86379402654235,2026-05-28,32047,1
PAY-24465,INV-27536,OMC-012,Galana Energies,GB89GWUW86379402654235,2026-05-25,36123,2
PAY-55464,INV-13081,OMC-008,National Oil,GB08NAFX56342160733754,2025-05-27,244923,1
PAY-71990,INV-49400,OMC-017,KAA Aviation,GB54HVSS04902787429671,2025-04-12,199232,1
PAY-59118,INV-10572,OMC-006,Hashi Energy,GB05QCFC91361939909169,2025-04-13,52391,2
PAY-62725,INV-50308,OMC-015,Mombasa Petroleum,GB80WOIJ43135182337498,2025-06-18,131073,1
PAY-94755,INV-56995,OMC-003,Rubis Energy,GB04LOQO13315098393010,2026-07-25,168055,1
PAY-35741,INV-90588,OMC-019,Tanzania Petroleum,GB64OAXE62174596158657,2026-03-18,39861,1
PAY-57343,INV-27208,OMC-015,Mombasa Petroleum,GB80WOIJ43135182337498,2026-02-24,52096,1
PAY-68113,INV-37696,OMC-003,Rubis Energy,GB04LOQO13315098393010,2025-08-19,109320,1
PAY-24599,INV-68642,OMC-010,Tamoil,GB34EABH79176936763201,2026-03-27,34699,1
PAY-81967,INV-87258,OMC-010,Tamoil,GB34EABH79176936763201,2026-07-21,44322,1
PAY-48679,INV-96625,OMC-013,Lake Oil,GB88TEHE71937452991241,2026-02-11,50888,1
PAY-24444,INV-50640,OMC-006,Hashi Energy,GB05QCFC91361939909169,,125748,1
PAY-52005,INV-50255,OMC-010,Tamoil,GB34EABH79176936763201,2025-06-14,237238,1
PAY-48753,INV-33351,OMC-011,Hass Petroleum,GB56WGCN65876036690967,2025-05-03,48907,1
PAY-85297,INV-41938,OMC-017,KAA Aviation,GB54HVSS04902787429671,2025-09-26,152967,1
PAY-36265,INV-99526,OMC-005,PetroOil Kenya,GB89GWUW86379402654235,2026-04-11,101176,1
PAY-69691,INV-45916,OMC-020,Ethiopian Oil,GB08IVAZ74821759464743,2026-06-05,157177,1
PAY-97416,INV-19099,OMC-016,KPA Marine,GB31MOOJ96499091334123,2025-08-10,205717,1
PAY-53234,INV-43337,OMC-010,Tamoil,GB34EABH79176936763201,2025-07-19,260945,1
PAY-89944,INV-25217,OMC-005,PetroOil Kenya,GB89GWUW86379402654235,2026-04-09,271009,1
PAY-47086,INV-54378,OMC-016,KPA Marine,GB31MOOJ96499091334123,2025-07-29,114264,1
PAY-63556,INV-19353,OMC-011,Hass Petroleum,GB56WGCN65876036690967,2026-05-15,280041,1
PAY-38354,INV-67463,OMC-015,Mombasa Petroleum,GB80WOIJ43135182337498,2026-05-18,65751,1
PAY-90213,INV-86862,OMC-018,Uganda National Oil,GB73JRAR61317127484677,2025-06-05,199742,1
PAY-80260,INV-45496,OMC-002,Vivo Energy,GB45OQIR01845146270482,2025-05-14,69299,2
PAY-55212,INV-68404,OMC-002,Vivo Energy,GB45OQIR01845146270482,2025-03-15,228728,1
PAY-42156,INV-51618,OMC-006,Hashi Energy,GB05QCFC91361939909169,2025-03-13,16928,2
PAY-68733,INV-66484,OMC-018,Uganda National Oil,GB73JRAR61317127484677,2025-12-31,55226,1
PAY-25053,INV-65582,OMC-001,TotalEnergies Kenya,GB06DMIO52553419283276,2025-08-30,196445,1
PAY-32671,INV-60478,OMC-008,National Oil,GB08NAFX56342160733754,2025-09-07,235453,1
PAY-38038,INV-40274,OMC-010,Tamoil,GB34EABH79176936763201,2026-07-08,118793,1
PAY-74305,INV-56208,OMC-004,Gulf Energy,GB89GWUW86379402654235,2026-06-13,101186,2
PAY-28854,INV-89500,OMC-014,Texol Energies,GB06ONXS45314737996507,2026-05-07,75921,1
PAY-31685,INV-21936,OMC-012,Galana Energies,GB89GWUW86379402654235,2026-06-19,25119,1
PAY-28155,INV-23224,OMC-005,PetroOil Kenya,GB89GWUW86379402654235,2026-03-31,232520,1
PAY-90876,INV-88230,OMC-015,Mombasa Petroleum,GB80WOIJ43135182337498,2025-06-20,201254,1
PAY-50842,INV-91204,OMC-018,Uganda National Oil,GB73JRAR61317127484677,2025-02-23,264580,1
PAY-75369,INV-98933,OMC-015,Mombasa Petroleum,GB80WOIJ43135182337498,2025-10-07,268578,1
PAY-76685,INV-62714,OMC-014,Texol Energies,GB06ONXS45314737996507,2025-02-27,237154,1
PAY-83695,INV-31713,OMC-003,Rubis Energy,GB04LOQO13315098393010,2025-06-05,153060,1
PAY-10438,INV-98460,OMC-010,Tamoil,GB34EABH79176936763201,2026-05-03,297991,1
PAY-35011,INV-90984,OMC-016,KPA Marine,GB31MOOJ96499091334123,2026-01-17,67251,2
PAY-57928,INV-33284,OMC-009,Dalbit Petroleum,GB53VXXX35615951484656,2025-12-27,211519,1
PAY-55997,INV-61323,OMC-010,Tamoil,GB34EABH79176936763201,2025-05-11,210502,1
PAY-53201,INV-98392,OMC-011,Hass Petroleum,GB56WGCN65876036690967,2025-04-27,40608,1
PAY-11935,INV-94604,OMC-004,Gulf Energy,GB89GWUW86379402654235,2026-05-09," KES 98,346 ",1
PAY-71578,INV-22183,OMC-009,Dalbit Petroleum,GB53VXXX35615951484656,2026-01-04,26015,2
PAY-94987,INV-88331,OMC-014,Texol Energies,GB06ONXS45314737996507,2026-01-02,115026,1
PAY-20781,INV-28121,OMC-005,PetroOil Kenya,GB89GWUW86379402654235,2026-03-15,195937,1
PAY-77923,INV-69176,OMC-019,Tanzania Petroleum,GB64OAXE62174596158657,2026-02-21," KES 155,860 ",1
PAY-52673,INV-40650,OMC-011,Hass Petroleum,GB56WGCN65876036690967,2025-04-16," KES 60,019 ",2
PAY-21291,INV-49156,OMC-016,KPA Marine,GB31MOOJ96499091334123,2025-12-29,122629,1
PAY-25815,INV-40561,OMC-012,Galana Energies,GB89GWUW86379402654235,2026-04-02,106647,2
PAY-87616,INV-93254,OMC-009,Dalbit Petroleum,GB53VXXX35615951484656,2026-08-11,59378,1
PAY-56480,INV-25706,OMC-015,Mombasa Petroleum,GB80WOIJ43135182337498,2025-07-31,259417,1
PAY-63195,INV-79455,OMC-018,Uganda National Oil,GB73JRAR61317127484677,2025-04-06,210612,1
PAY-71946,INV-14042,OMC-018,Uganda National Oil,GB73JRAR61317127484677,2025-03-21,20895,1
PAY-73296,INV-72611,OMC-019,Tanzania Petroleum,GB64OAXE62174596158657,2025-08-27,51460,1
PAY-25416,INV-64644,OMC-007,Kobil,GB37IDDX82449353487401,2026-04-26,176472,1
PAY-75575,INV-68045,OMC-009,Dalbit Petroleum,GB53VXXX35615951484656,2026-04-27,69552,2
PAY-63958,INV-41548,OMC-012,Galana Energies,GB89GWUW86379402654235,2026-03-26,33638,1
PAY-60524,INV-13735,OMC-012,Galana Energies,GB89GWUW86379402654235,2026-04-23,42252,2
PAY-58497,INV-79476,OMC-017,KAA Aviation,GB54HVSS04902787429671,2025-07-01,116415,1
PAY-71463,INV-93657,OMC-003,Rubis Energy,GB04LOQO13315098393010,25/07/2026,188807,1
PAY-78069,INV-65969,OMC-016,KPA Marine,GB31MOOJ96499091334123,2026-03-21," KES 36,273 ",2
PAY-90123,INV-30486,OMC-012,Galana Energies,GB89GWUW86379402654235,2026-04-21,41594,1
PAY-62968,INV-23634,OMC-015,Mombasa Petroleum,GB80WOIJ43135182337498,2025-11-27,28796,1
PAY-95372,INV-68827,OMC-005,PetroOil Kenya,GB89GWUW86379402654235,2026-03-30,208824,1
PAY-61804,INV-79286,OMC-020,Ethiopian Oil,GB08IVAZ74821759464743,2026-06-09,34245,1
PAY-44930,INV-60403,OMC-012,Galana Energies,GB89GWUW86379402654235,2026-06-19,17356,2
PAY-66250,INV-68520,OMC-013,Lake Oil,GB88TEHE71937452991241,2025-06-30,173035,1
PAY-48403,INV-71646,OMC-005,PetroOil Kenya,GB89GWUW86379402654235,,144966,1
PAY-56752,INV-49410,OMC-004,Gulf Energy,GB89GWUW86379402654235,2026-06-28,73903,1
PAY-70696,INV-74770,OMC-014,Texol Energies,GB06ONXS45314737996507,2026-02-08," KES 55,236 ",1
PAY-58487,INV-94170,OMC-004,Gulf Energy,GB89GWUW86379402654235,2026-06-25,91600,1
PAY-96427,INV-91475,OMC-006,Hashi Energy,GB05QCFC91361939909169,2025-06-11,193747,1
PAY-40410,INV-21752,OMC-005,PetroOil Kenya,GB89GWUW86379402654235,2026-06-17,66771,1
PAY-93942,INV-24595,OMC-012,Galana Energies,GB89GWUW86379402654235,2026-05-16,95770,1
PAY-49210,INV-36080,OMC-005,PetroOil Kenya,GB89GWUW86379402654235,2026-04-23,26475,2
PAY-92862,INV-67229,OMC-009,Dalbit Petroleum,GB53VXXX35615951484656,2025-11-26,47361,1
PAY-28409,INV-99238,OMC-010,Tamoil,GB34EABH79176936763201,2025-02-13,231178,1
PAY-38742,INV-10766,OMC-001,TotalEnergies Kenya,GB06DMIO52553419283276,2026-07-26,47319,1
PAY-98186,INV-83851,OMC-020,Ethiopian Oil,GB08IVAZ74821759464743,2025-11-13,122075,1
PAY-39406,INV-35259,OMC-014,Texol Energies,GB06ONXS45314737996507,2026-07-12,19116,1
PAY-44870,INV-54069,OMC-016,KPA Marine,GB31MOOJ96499091334123,2025-09-05,182593,1
PAY-81753,INV-51521,OMC-006,Hashi Energy,GB05QCFC91361939909169,2026-03-15,31296,1
PAY-16508,INV-24108,OMC-002,Vivo Energy,GB45OQIR01845146270482,2025-05-27,194442,1
PAY-35101,INV-17838,OMC-018,Uganda National Oil,GB73JRAR61317127484677,23/09/2025,274600,1
PAY-41109,INV-94445,OMC-009,Dalbit Petroleum,GB53VXXX35615951484656,2025-07-06,33131,2
PAY-60210,INV-97209,OMC-020,Ethiopian Oil,GB08IVAZ74821759464743,2025-04-27,150495,1
PAY-12314,INV-73839,OMC-003,Rubis Energy,GB04LOQO13315098393010,2026-02-10,262236,1
PAY-47664,INV-82937,OMC-013,Lake Oil,GB88TEHE71937452991241,2026-02-05," KES 25,505 ",1
PAY-30756,INV-70319,OMC-019,Tanzania Petroleum,GB64OAXE62174596158657,2025-03-09,183022,1
PAY-82042,INV-65275,OMC-002,Vivo Energy,GB45OQIR01845146270482,2025-09-14,140726,1
PAY-95006,INV-73590,OMC-015,Mombasa Petroleum,GB80WOIJ43135182337498,2025-08-26,115410,1
PAY-19301,INV-26543,OMC-019,Tanzania Petroleum,GB64OAXE62174596158657,2025-08-03,27736,1
PAY-19381,INV-82608,OMC-015,Mombasa Petroleum,GB80WOIJ43135182337498,2025-05-14,45264,1
PAY-29097,INV-36862,OMC-008,National Oil,GB08NAFX56342160733754,2026-07-02,212859,1
PAY-63600,INV-53892,OMC-007,Kobil,GB37IDDX82449353487401,2025-02-15,26563,1
PAY-56371,INV-44201,OMC-015,Mombasa Petroleum,GB80WOIJ43135182337498,27/11/2025,128254,1
PAY-37315,INV-68324,OMC-016,KPA Marine,GB31MOOJ96499091334123,2026-06-12,108587,1
PAY-87712,INV-60171,OMC-018,Uganda National Oil,GB73JRAR61317127484677,2025-07-15,107076,1
PAY-83094,INV-94844,OMC-004,Gulf Energy,GB89GWUW86379402654235,2026-04-23,38405,2
PAY-75655,INV-43949,OMC-020,Ethiopian Oil,GB08IVAZ74821759464743,2026-02-22,207350,1
PAY-55888,INV-95891,OMC-013,Lake Oil,GB88TEHE71937452991241,2025-09-26," KES 106,396 ",1
PAY-50632,INV-42006,OMC-014,Texol Energies,GB06ONXS45314737996507,2026-06-14,35456,1
PAY-70747,INV-19110,OMC-013,Lake Oil,GB88TEHE71937452991241,2025-11-09,50638,1
PAY-66742,INV-87486,OMC-020,Ethiopian Oil,GB08IVAZ74821759464743,2026-02-23,42468,1
PAY-88351,INV-71240,OMC-011,Hass Petroleum,GB56WGCN65876036690967,2025-05-17,139206,1
PAY-23901,INV-11283,OMC-019,Tanzania Petroleum,GB64OAXE62174596158657,2025-09-14,187435,1
PAY-49795,INV-75940,OMC-004,Gulf Energy,GB89GWUW86379402654235,2026-03-15,27932,1
PAY-79886,INV-78696,OMC-018,Uganda National Oil,GB73JRAR61317127484677,2026-04-16,262824,1
PAY-17137,INV-79004,OMC-015,Mombasa Petroleum,GB80WOIJ43135182337498,2026-05-21,25736,1
PAY-51578,INV-73248,OMC-004,Gulf Energy,GB89GWUW86379402654235,2026-03-22,57069,1
PAY-67027,INV-47738,OMC-018,Uganda National Oil,GB73JRAR61317127484677,2025-06-15,140027,1
PAY-59684,INV-10419,OMC-006,Hashi Energy,GB05QCFC91361939909169,2025-09-16,60106,1
PAY-29263,INV-56302,OMC-020,Ethiopian Oil,GB08IVAZ74821759464743,2025-07-02," KES 41,050 ",1
PAY-10155,INV-30534,OMC-016,KPA Marine,GB31MOOJ96499091334123,02/06/2025,25162,1
PAY-21247,INV-63862,OMC-006,Hashi Energy,GB05QCFC91361939909169,2026-02-03,38505,1
PAY-95145,INV-82081,OMC-013,Lake Oil,GB88TEHE71937452991241,2025-10-23,263953,1
PAY-10458,INV-71819,OMC-001,TotalEnergies Kenya,GB06DMIO52553419283276,2025-08-08,47372,1
PAY-87776,INV-15614,OMC-003,Rubis Energy,GB04LOQO13315098393010,2026-07-16,27827,1
PAY-27657,INV-79127,OMC-019,Tanzania Petroleum,GB64OAXE62174596158657,2026-02-13,88232,2
PAY-78688,INV-71901,OMC-014,Texol Energies,GB06ONXS45314737996507,2025-05-25,19169,1
PAY-73487,INV-33281,OMC-008,National Oil,GB08NAFX56342160733754,2026-08-01,26572,1
PAY-57946,INV-38731,OMC-008,National Oil,GB08NAFX56342160733754,2025-07-03,87815,1
PAY-91146,INV-96650,OMC-015,Mombasa Petroleum,GB80WOIJ43135182337498,2025-12-23,51704,1
PAY-56288,INV-66643,OMC-015,Mombasa Petroleum,GB80WOIJ43135182337498,2026-01-01,229983,1
PAY-58055,INV-56323,OMC-020,Ethiopian Oil,GB08IVAZ74821759464743,2025-06-03,37873,1
PAY-27139,INV-44390,OMC-008,National Oil,GB08NAFX56342160733754,2025-08-12,154697,1
PAY-53431,INV-57460,OMC-010,Tamoil,GB34EABH79176936763201,2025-11-06,174914,1
PAY-14415,INV-93426,OMC-018,Uganda National Oil,GB73JRAR61317127484677,2025-04-13,142096,1
PAY-73163,INV-98946,OMC-002,Vivo Energy,GB45OQIR01845146270482,2025-07-05,53341,1
PAY-50595,INV-43699,OMC-011,Hass Petroleum,GB56WGCN65876036690967,23/09/2025,53481,1
PAY-87158,INV-95677,OMC-001,TotalEnergies Kenya,GB06DMIO52553419283276,30/01/2026,22712,2
PAY-72973,INV-16823,OMC-011,Hass Petroleum,GB56WGCN65876036690967,2025-10-22,165364,1
PAY-50964,INV-14832,OMC-013,Lake Oil,GB88TEHE71937452991241,25/03/2026,224390,1
PAY-50806,INV-68530,OMC-015,Mombasa Petroleum,GB80WOIJ43135182337498,2025-05-28,124925,1
PAY-32775,INV-75337,OMC-020,Ethiopian Oil,GB08IVAZ74821759464743,2026-01-30,19988,2
PAY-20458,INV-54562,OMC-011,Hass Petroleum,GB56WGCN65876036690967,2025-09-02,56424,1
PAY-50245,INV-88358,OMC-014,Texol Energies,GB06ONXS45314737996507,2026-04-25,30698,1
PAY-53433,INV-24403,OMC-016,KPA Marine,GB31MOOJ96499091334123,28/07/2025,249022,1
PAY-54641,INV-67311,OMC-009,Dalbit Petroleum,GB53VXXX35615951484656,2025-10-26,40988,2
PAY-17576,INV-95385,OMC-019,Tanzania Petroleum,GB64OAXE62174596158657,2025-03-03,123964,1
PAY-84591,INV-49424,OMC-013,Lake Oil,GB88TEHE71937452991241,2025-02-08,72331,1
PAY-56416,INV-47664,OMC-020,Ethiopian Oil,GB08IVAZ74821759464743,2025-06-07,208567,1
PAY-58300,INV-61408,OMC-007,Kobil,GB37IDDX82449353487401,2025-05-30,48486,1
PAY-17972,INV-99666,OMC-019,Tanzania Petroleum,GB64OAXE62174596158657,2026-06-04,240828,1
PAY-91750,INV-87340,OMC-010,Tamoil,GB34EABH79176936763201,2026-02-27,179723,1
PAY-47784,INV-23075,OMC-006,Hashi Energy,GB05QCFC91361939909169,2025-09-05,205606,1
PAY-43199,INV-63215,OMC-010,Tamoil,GB34EABH79176936763201,2026-02-06,248073,1
PAY-43394,INV-18651,OMC-003,Rubis Energy,GB04LOQO13315098393010,2026-04-07,251339,1
PAY-82100,INV-54395,OMC-002,Vivo Energy,GB45OQIR01845146270482,,54194,1
PAY-59958,INV-21541,OMC-009,Dalbit Petroleum,GB53VXXX35615951484656,12/04/2026,26418,1
PAY-75876,INV-51045,OMC-010,Tamoil,GB34EABH79176936763201,2025-09-25,49742,1
PAY-82700,INV-14249,OMC-018,Uganda National Oil,GB73JRAR61317127484677,2025-10-18,25219,1
PAY-64797,INV-41748,OMC-004,Gulf Energy,GB89GWUW86379402654235,,110174,1
PAY-61063,INV-59207,OMC-012,Galana Energies,GB89GWUW86379402654235,2026-05-28,45461,2
PAY-48753,INV-56920,OMC-016,KPA Marine,GB31MOOJ96499091334123,2025-08-14,7155,2
PAY-82413,INV-31500,OMC-020,Ethiopian Oil,GB08IVAZ74821759464743,2025-04-18,29817,1
PAY-63014,INV-79242,OMC-016,KPA Marine,GB31MOOJ96499091334123,2026-07-26,47121,1
PAY-14543,INV-36080,OMC-005,PetroOil Kenya,GB89GWUW86379402654235,2026-04-09,27324,1
PAY-37156,INV-21645,OMC-001,TotalEnergies Kenya,GB06DMIO52553419283276,2025-08-24,90780,1
PAY-77870,INV-88888,OMC-002,Vivo Energy,GB45OQIR01845146270482,2026-01-29,226678,1
PAY-44472,INV-61443,OMC-010,Tamoil,GB34EABH79176936763201,30/09/2025,218249,1
PAY-25808,INV-30135,OMC-019,Tanzania Petroleum,GB64OAXE62174596158657,2025-02-16,20850,1
PAY-14490,INV-54095,OMC-006,Hashi Energy,GB05QCFC91361939909169,2025-05-30," KES 134,698 ",1
PAY-80909,INV-56969,OMC-014,Texol Energies,GB06ONXS45314737996507,2026-01-29,37559,1
PAY-51762,INV-85763,OMC-019,Tanzania Petroleum,GB64OAXE62174596158657,2026-03-11,166267,1
PAY-24682,INV-65969,OMC-016,KPA Marine,GB31MOOJ96499091334123,2026-03-01,60727,1
PAY-33659,INV-66108,OMC-019,Tanzania Petroleum,GB64OAXE62174596158657,2026-05-22,215606,1
PAY-72080,INV-91048,OMC-004,Gulf Energy,GB89GWUW86379402654235,2026-04-21,60946,1
PAY-80256,INV-33915,OMC-006,Hashi Energy,GB05QCFC91361939909169,2025-05-09,55139,1
PAY-43866,INV-81515,OMC-008,National Oil,GB08NAFX56342160733754,2026-08-01,88113,1
PAY-74579,INV-97396,OMC-014,Texol Energies,GB06ONXS45314737996507,2025-06-06,64744,2
PAY-64281,INV-26607,OMC-005,PetroOil Kenya,GB89GWUW86379402654235,2026-05-24,105125,1
PAY-42506,INV-87623,OMC-017,KAA Aviation,GB54HVSS04902787429671,2026-04-07,59734,1
PAY-89714,INV-64223,OMC-009,Dalbit Petroleum,GB53VXXX35615951484656,2025-05-29,34381,1
PAY-69629,INV-62428,OMC-012,Galana Energies,GB89GWUW86379402654235,2026-04-25,15206,2
PAY-15131,INV-27346,OMC-015,Mombasa Petroleum,GB80WOIJ43135182337498,2025-03-03,116913,1
PAY-22536,INV-59747,OMC-008,National Oil,GB08NAFX56342160733754,2026-05-24,200457,1
PAY-35763,INV-13304,OMC-015,Mombasa Petroleum,GB80WOIJ43135182337498,2026-04-04,23952,1
PAY-77842,INV-44898,OMC-012,Galana Energies,GB89GWUW86379402654235,2026-04-09,28946,2
PAY-92604,INV-81819,OMC-007,Kobil,GB37IDDX82449353487401,2026-03-03,278776,1
PAY-76454,INV-87903,OMC-018,Uganda National Oil,GB73JRAR61317127484677,2026-01-10,142739,1
PAY-39193,INV-11614,OMC-011,Hass Petroleum,GB56WGCN65876036690967,2025-09-18,154086,1
PAY-87269,INV-26519,OMC-005,PetroOil Kenya,GB89GWUW86379402654235,2026-06-07,20054,2
PAY-61098,INV-47738,OMC-011,Hass Petroleum,GB56WGCN65876036690967,2026-05-10," KES 64,086 ",1
PAY-41569,INV-33820,OMC-020,Ethiopian Oil,GB08IVAZ74821759464743,2026-03-23,85467,2
PAY-87883,INV-83602,OMC-017,KAA Aviation,GB54HVSS04902787429671,2025-10-09,25800,1
PAY-45870,INV-69812,OMC-013,Lake Oil,GB88TEHE71937452991241,2026-03-24,63533,1
PAY-81627,INV-64537,OMC-013,Lake Oil,GB88TEHE71937452991241,2025-02-24,171766,1
PAY-26023,INV-46756,OMC-012,Galana Energies,GB89GWUW86379402654235,2026-04-10,49841,2
PAY-72616,INV-75737,OMC-019,Tanzania Petroleum,GB64OAXE62174596158657,,98906,1
PAY-44257,INV-28741,OMC-020,Ethiopian Oil,GB08IVAZ74821759464743,2025-09-20,265946,1
PAY-18973,INV-10652,OMC-016,KPA Marine,GB31MOOJ96499091334123,2026-05-15,76463,1
PAY-15979,INV-83524,OMC-012,Galana Energies,GB89GWUW86379402654235,2026-05-17,24876,1
PAY-43287,INV-13016,OMC-002,Vivo Energy,GB45OQIR01845146270482,2025-10-14,129174,1
PAY-87888,INV-74122,OMC-011,Hass Petroleum,GB56WGCN65876036690967,2026-05-08,115149,1
PAY-33365,INV-91165,OMC-016,KPA Marine,GB31MOOJ96499091334123,2025-02-11,195580,1
PAY-67582,INV-21512,OMC-001,TotalEnergies Kenya,GB06DMIO52553419283276,2026-07-23,162032,1
PAY-68229,INV-26824,OMC-001,TotalEnergies Kenya,GB06DMIO52553419283276,2025-05-29,100944,1
PAY-30126,INV-84556,OMC-006,Hashi Energy,GB05QCFC91361939909169,2026-05-03,19524,2
PAY-15854,INV-75912,OMC-008,National Oil,GB08NAFX56342160733754,,169849,1
PAY-87129,INV-53897,OMC-020,Ethiopian Oil,GB08IVAZ74821759464743,,29877,1
PAY-10097,INV-85930,OMC-016,KPA Marine,GB31MOOJ96499091334123,2026-02-26,22238,1
PAY-62311,INV-15154,OMC-012,Galana Energies,GB89GWUW86379402654235,2026-04-17,50940,1
PAY-98618,INV-40304,OMC-011,Hass Petroleum,GB56WGCN65876036690967,2026-01-06,36938,1
PAY-74854,INV-86513,OMC-011,Hass Petroleum,GB56WGCN65876036690967,2025-06-06,105288,1
PAY-69305,INV-21310,OMC-015,Mombasa Petroleum,GB80WOIJ43135182337498,2026-04-30,31849,1
PAY-17297,INV-57119,OMC-003,Rubis Energy,GB04LOQO13315098393010,2025-10-19,104810,1
PAY-70974,INV-67981,OMC-014,Texol Energies,GB06ONXS45314737996507,2025-07-31,139404,1
PAY-19586,INV-60455,OMC-010,Tamoil,GB34EABH79176936763201,2026-02-19,252027,1
PAY-45511,INV-39691,OMC-013,Lake Oil,GB88TEHE71937452991241,2026-01-28,189401,1
PAY-12542,INV-10733,OMC-017,KAA Aviation,GB54HVSS04902787429671,2026-05-18,226372,1
PAY-28209,INV-28405,OMC-008,National Oil,GB08NAFX56342160733754,2025-08-14,137764,1
PAY-19665,INV-34519,OMC-012,Galana Energies,GB89GWUW86379402654235,2026-06-30,227142,1
PAY-53018,INV-22171,OMC-008,National Oil,GB08NAFX56342160733754,2026-05-25,90044,1
PAY-61063,INV-69377,OMC-001,TotalEnergies Kenya,GB06DMIO52553419283276,2025-04-28,9189,2
PAY-36985,INV-79186,OMC-010,Tamoil,GB34EABH79176936763201,2025-11-29,34341,2
PAY-17575,INV-37710,OMC-011,Hass Petroleum,GB56WGCN65876036690967,2025-12-21," KES 195,547 ",1
PAY-17108,INV-83252,OMC-018,Uganda National Oil,GB73JRAR61317127484677,2025-07-04,120911,1
PAY-53805,INV-20941,OMC-004,Gulf Energy,GB89GWUW86379402654235,2026-05-03,300622,1
PAY-63816,INV-29426,OMC-005,PetroOil Kenya,GB89GWUW86379402654235,20/04/2026,34427,1
PAY-68569,INV-30484,OMC-009,Dalbit Petroleum,GB53VXXX35615951484656,2026-07-06,95440,1
PAY-97450,INV-90170,OMC-018,Uganda National Oil,GB73JRAR61317127484677,2025-12-11,92371,1
PAY-38339,INV-28973,OMC-014,Texol Energies,GB06ONXS45314737996507,2025-05-26,77333,2
PAY-71754,INV-52946,OMC-020,Ethiopian Oil,GB08IVAZ74821759464743,2025-10-24,37646,1
PAY-22947,INV-84130,OMC-017,KAA Aviation,GB54HVSS04902787429671,2026-04-15,227833,1
PAY-68628,INV-91703,OMC-020,Ethiopian Oil,GB08IVAZ74821759464743,2025-03-23," KES 46,985 ",1
PAY-46738,INV-86160,OMC-009,Dalbit Petroleum,GB53VXXX35615951484656,2025-08-15,18445,2
PAY-77006,INV-75582,OMC-008,National Oil,GB08NAFX56342160733754,2025-03-18,56965,1
PAY-52512,INV-39855,OMC-004,Gulf Energy,GB89GWUW86379402654235,2026-03-11,19320,1
PAY-12131,INV-25606,OMC-020,Ethiopian Oil,GB08IVAZ74821759464743,2026-03-28,192437,1
PAY-78613,INV-97925,OMC-013,Lake Oil,GB88TEHE71937452991241,2025-04-18,133110,1
PAY-69013,INV-91723,OMC-006,Hashi Energy,GB05QCFC91361939909169,15/07/2026,181042,1
PAY-12338,INV-94976,OMC-018,Uganda National Oil,GB73JRAR61317127484677,2025-12-12,162591,1
PAY-75731,INV-43379,OMC-008,National Oil,GB08NAFX56342160733754,2025-11-18,22165,1
PAY-77226,INV-57855,OMC-015,Mombasa Petroleum,GB80WOIJ43135182337498,2025-10-03,205527,1
PAY-75481,INV-54807,OMC-014,Texol Energies,GB06ONXS45314737996507,2026-05-09,110200,2
PAY-53359,INV-22315,OMC-012,Galana Energies,GB89GWUW86379402654235,2026-05-30,127638,1
PAY-71174,INV-52272,OMC-014,Texol Energies,GB06ONXS45314737996507,2025-10-06,7258,2
PAY-23998,INV-46525,OMC-020,Ethiopian Oil,GB08IVAZ74821759464743,2026-02-20,200353,1
PAY-59270,INV-19774,OMC-002,Vivo Energy,GB45OQIR01845146270482,2026-01-22,32280,1
PAY-54037,INV-77249,OMC-018,Uganda National Oil,GB73JRAR61317127484677,2025-09-27,51810,1
PAY-75031,INV-12429,OMC-005,PetroOil Kenya,GB89GWUW86379402654235,2026-03-27,8526,2
PAY-70684,INV-70955,OMC-005,PetroOil Kenya,GB89GWUW86379402654235,2026-05-30,52570,2
PAY-90635,INV-14007,OMC-015,Mombasa Petroleum,GB80WOIJ43135182337498,2025-07-27,121505,1
PAY-69648,INV-87766,OMC-017,KAA Aviation,GB54HVSS04902787429671,2025-12-12,46470,1
PAY-45109,INV-40518,OMC-012,Galana Energies,GB89GWUW86379402654235,2026-05-04,32447,1
PAY-29002,INV-59311,OMC-005,PetroOil Kenya,GB89GWUW86379402654235,2026-06-14,95318,1
PAY-18898,INV-12054,OMC-009,Dalbit Petroleum,GB53VXXX35615951484656,2026-07-04,57051,2
PAY-36804,INV-53939,OMC-003,Rubis Energy,GB04LOQO13315098393010,2025-06-17,88036,1
PAY-34718,INV-69493,OMC-019,Tanzania Petroleum,GB64OAXE62174596158657,2026-05-06,158031,1
PAY-68643,INV-12817,OMC-020,Ethiopian Oil,GB08IVAZ74821759464743,2025-03-02,39802,2
PAY-64576,INV-70044,OMC-008,National Oil,GB08NAFX56342160733754,29/03/2025,50277,1
PAY-66017,INV-23337,OMC-016,KPA Marine,GB31MOOJ96499091334123,2026-03-02,150080,1
PAY-49535,INV-44190,OMC-012,Galana Energies,GB89GWUW86379402654235,2026-06-13," KES 29,061 ",2
PAY-69393,INV-82103,OMC-009,Dalbit Petroleum,GB53VXXX35615951484656,2025-12-22,152814,1
PAY-28621,INV-66178,OMC-019,Tanzania Petroleum,GB64OAXE62174596158657,2026-03-01,192981,1
PAY-55494,INV-75615,OMC-006,Hashi Energy,GB05QCFC91361939909169,2025-12-08,62836,2
PAY-56316,INV-74763,OMC-008,National Oil,GB08NAFX56342160733754,2025-08-14,250726,1
PAY-26188,INV-77443,OMC-018,Uganda National Oil,GB73JRAR61317127484677,2025-05-21,21975,1
PAY-25056,INV-89225,OMC-002,Vivo Energy,GB45OQIR01845146270482,2026-03-26,53028,1
PAY-47583,INV-78773,OMC-014,Texol Energies,GB06ONXS45314737996507,2025-09-21,122671,1
PAY-87581,INV-60585,OMC-017,KAA Aviation,GB54HVSS04902787429671,2025-08-24,205665,1
PAY-88963,INV-36040,OMC-012,Galana Energies,GB89GWUW86379402654235,2026-04-07,194593,1
PAY-78477,INV-75577,OMC-002,Vivo Energy,GB45OQIR01845146270482,2026-08-19,30458,1
PAY-58541,INV-22221,OMC-008,National Oil,GB08NAFX56342160733754,2025-06-18,89782,1
PAY-57298,INV-55664,OMC-012,Galana Energies,GB89GWUW86379402654235,2026-07-10,25250,2
PAY-69507,INV-38533,OMC-019,Tanzania Petroleum,GB64OAXE62174596158657,2025-11-24,165330,1
PAY-67600,INV-21681,OMC-009,Dalbit Petroleum,GB53VXXX35615951484656,2025-05-04,14805,2
PAY-48100,INV-71609,OMC-018,Uganda National Oil,GB73JRAR61317127484677,2026-02-14,198212,1
PAY-44030,INV-80451,OMC-009,Dalbit Petroleum,GB53VXXX35615951484656,2025-10-02,95375,1
PAY-60742,INV-46625,OMC-012,Galana Energies,GB89GWUW86379402654235,2026-05-04,81152,2
PAY-83694,INV-65954,OMC-005,PetroOil Kenya,GB89GWUW86379402654235,2026-05-09,103986,1
PAY-85255,INV-63625,OMC-002,Vivo Energy,GB45OQIR01845146270482,2026-02-05,29462,1
PAY-43367,INV-71331,OMC-008,National Oil,GB08NAFX56342160733754,2025-10-06,89186,1
PAY-15490,INV-49250,OMC-020,Ethiopian Oil,GB08IVAZ74821759464743,2025-07-03,25742,1
PAY-82681,INV-92243,OMC-012,Galana Energies,GB89GWUW86379402654235,2026-06-12,44109,2
PAY-14055,INV-50809,OMC-020,Ethiopian Oil,GB08IVAZ74821759464743,2026-04-03,127932,1
PAY-95989,INV-39378,OMC-015,Mombasa Petroleum,GB80WOIJ43135182337498,2025-12-14,35768,1
PAY-17378,INV-74045,OMC-016,KPA Marine,GB31MOOJ96499091334123,2025-09-17,11171,2
PAY-17466,INV-36230,OMC-006,Hashi Energy,GB05QCFC91361939909169,2025-04-26,137024,1
PAY-42125,INV-42551,OMC-018,Uganda National Oil,GB73JRAR61317127484677,2025-10-21,38690,1
PAY-38009,INV-81762,OMC-013,Lake Oil,GB88TEHE71937452991241,2025-02-16,236225,1
PAY-49619,INV-49718,OMC-015,Mombasa Petroleum,GB80WOIJ43135182337498,2026-03-17,31673,1
PAY-70088,INV-33374,OMC-020,Ethiopian Oil,GB08IVAZ74821759464743,2026-05-13,119072,1
PAY-72676,INV-44718,OMC-017,KAA Aviation,GB54HVSS04902787429671,2026-03-18,290547,1
PAY-57078,INV-95677,OMC-001,TotalEnergies Kenya,GB06DMIO52553419283276,2026-01-15,35923,1
PAY-46606,INV-22059,OMC-015,Mombasa Petroleum,GB80WOIJ43135182337498,2025-08-30,118950,1
PAY-22811,INV-87673,OMC-007,Kobil,GB37IDDX82449353487401,2026-07-01," KES 45,020 ",1
PAY-65585,INV-74854,OMC-020,Ethiopian Oil,GB08IVAZ74821759464743,,25459,1
PAY-70410,INV-86160,OMC-009,Dalbit Petroleum,GB53VXXX35615951484656,2025-07-18,19349,1
PAY-92450,INV-78699,OMC-015,Mombasa Petroleum,GB80WOIJ43135182337498,2025-07-29,22996,1
PAY-29569,INV-90190,OMC-002,Vivo Energy,GB45OQIR01845146270482,2026-07-14,169293,1
PAY-79576,INV-67801,OMC-002,Vivo Energy,GB45OQIR01845146270482,2026-01-20,153718,1
PAY-78460,INV-28838,OMC-014,Texol Energies,GB06ONXS45314737996507,2026-08-27,257459,1
PAY-38089,INV-95839,OMC-005,PetroOil Kenya,GB89GWUW86379402654235,2026-05-05,80141,2
PAY-71131,INV-61995,OMC-018,Uganda National Oil,GB73JRAR61317127484677,2025-12-04,38175,1
PAY-50079,INV-38003,OMC-004,Gulf Energy,GB89GWUW86379402654235,2026-04-08,213922,1
PAY-87715,INV-56354,OMC-013,Lake Oil,GB88TEHE71937452991241,18/02/2026,52396,1
PAY-51515,INV-63545,OMC-019,Tanzania Petroleum,GB64OAXE62174596158657,2026-06-25,142436,1
PAY-47473,INV-75265,OMC-016,KPA Marine,GB31MOOJ96499091334123,2025-10-26,160589,1
PAY-31158,INV-36773,OMC-020,Ethiopian Oil,GB08IVAZ74821759464743,2026-04-25,85157,1
PAY-28781,INV-83982,OMC-014,Texol Energies,GB06ONXS45314737996507,2025-07-10,122341,1
PAY-94813,INV-89324,OMC-018,Uganda National Oil,GB73JRAR61317127484677,2025-07-01,174768,1
PAY-38808,INV-31891,OMC-015,Mombasa Petroleum,GB80WOIJ43135182337498,2026-06-14,218230,1
PAY-82986,INV-30764,OMC-006,Hashi Energy,GB05QCFC91361939909169,2025-06-29,49426,1
PAY-53931,INV-11051,OMC-010,Tamoil,GB34EABH79176936763201,2025-08-31,138735,1
PAY-85937,INV-76190,OMC-012,Galana Energies,GB89GWUW86379402654235,2026-05-28,31163,1
PAY-33303,INV-30821,OMC-006,Hashi Energy,GB05QCFC91361939909169,2025-04-23,70613,2
PAY-64227,INV-13828,OMC-011,Hass Petroleum,GB56WGCN65876036690967,2025-06-11,30124,1
PAY-10916,INV-61158,OMC-007,Kobil,GB37IDDX82449353487401,2026-04-04,172060,1
PAY-48874,INV-74900,OMC-001,TotalEnergies Kenya,GB06DMIO52553419283276,2025-10-25,77012,2
PAY-92984,INV-47927,OMC-010,Tamoil,GB34EABH79176936763201,2025-12-09,115589,1
PAY-55864,INV-91950,OMC-003,Rubis Energy,GB04LOQO13315098393010,2026-07-07,284937,1
PAY-97862,INV-65121,OMC-001,TotalEnergies Kenya,GB06DMIO52553419283276,2025-02-13,92686,1
PAY-96489,INV-84143,OMC-003,Rubis Energy,GB04LOQO13315098393010,2025-12-02,110652,1
PAY-15591,INV-23427,OMC-019,Tanzania Petroleum,GB64OAXE62174596158657,2025-07-31,43206,1
PAY-15728,INV-64834,OMC-001,TotalEnergies Kenya,GB06DMIO52553419283276,2025-03-27,185948,1
PAY-59832,INV-98695,OMC-002,Vivo Energy,GB45OQIR01845146270482,2025-10-17,193184,1
PAY-40658,INV-89516,OMC-004,Gulf Energy,GB89GWUW86379402654235,2026-05-05,151831,1
PAY-23076,INV-61436,OMC-006,Hashi Energy,GB05QCFC91361939909169,2026-08-17,22243,1
PAY-73103,INV-33790,OMC-015,Mombasa Petroleum,GB80WOIJ43135182337498,2025-02-13,152772,1
PAY-16972,INV-95112,OMC-016,KPA Marine,GB31MOOJ96499091334123,2025-05-17,56158,2
PAY-64345,INV-90491,OMC-008,National Oil,GB08NAFX56342160733754,2025-02-28,292725,1
PAY-27407,INV-31683,OMC-010,Tamoil,GB34EABH79176936763201,2025-04-05,172281,1
PAY-79455,INV-12988,OMC-017,KAA Aviation,GB54HVSS04902787429671,2026-05-14,53538,1
PAY-28123,INV-37221,OMC-005,PetroOil Kenya,GB89GWUW86379402654235,2026-05-18,11649,2
PAY-32192,INV-89878,OMC-004,Gulf Energy,GB89GWUW86379402654235,,11346,1
PAY-40422,INV-82904,OMC-016,KPA Marine,GB31MOOJ96499091334123,2026-02-01,29819,1
PAY-59028,INV-65935,OMC-011,Hass Petroleum,GB56WGCN65876036690967,2025-11-08,204903,1
PAY-97460,INV-70270,OMC-004,Gulf Energy,GB89GWUW86379402654235,2026-05-19,7539,2
PAY-71852,INV-65621,OMC-009,Dalbit Petroleum,GB53VXXX35615951484656,2025-04-01,250358,1
PAY-54871,INV-95049,OMC-008,National Oil,GB08NAFX56342160733754,2025-11-19,178208,1
PAY-70763,INV-90291,OMC-001,TotalEnergies Kenya,GB06DMIO52553419283276,2026-02-27," KES 175,018 ",1
PAY-17677,INV-71409,OMC-009,Dalbit Petroleum,GB53VXXX35615951484656,2025-09-17," KES 216,485 ",1
PAY-97100,INV-80487,OMC-014,Texol Energies,GB06ONXS45314737996507,2026-05-26,139453,1
PAY-78759,INV-61595,OMC-016,KPA Marine,GB31MOOJ96499091334123,2026-08-18,23030,1
PAY-73293,INV-18126,OMC-018,Uganda National Oil,GB73JRAR61317127484677,2026-05-12,258502,1
PAY-70855,INV-47259,OMC-014,Texol Energies,GB06ONXS45314737996507,2025-11-14,61480,1
PAY-11788,INV-76180,OMC-003,Rubis Energy,GB04LOQO13315098393010,2026-05-02,157446,1
PAY-84581,INV-62253,OMC-016,KPA Marine,GB31MOOJ96499091334123,2026-05-15,213930,1
PAY-24455,INV-44661,OMC-001,TotalEnergies Kenya,GB06DMIO52553419283276,2026-03-31,171167,1
PAY-37669,INV-56906,OMC-009,Dalbit Petroleum,GB53VXXX35615951484656,2025-05-13,16276,2
PAY-74998,INV-61290,OMC-017,KAA Aviation,GB54HVSS04902787429671,2026-01-03,125055,1
PAY-58685,INV-10442,OMC-007,Kobil,GB37IDDX82449353487401,2025-09-08,53539,1
PAY-15997,INV-15456,OMC-015,Mombasa Petroleum,GB80WOIJ43135182337498,2026-04-11,300875,1
PAY-61781,INV-69747,OMC-002,Vivo Energy,GB45OQIR01845146270482,2026-05-10,28534,2
PAY-75900,INV-98723,OMC-001,TotalEnergies Kenya,GB06DMIO52553419283276,,11120,2
PAY-77376,INV-48573,OMC-010,Tamoil,GB34EABH79176936763201,2025-12-20,152736,1
PAY-77323,INV-21135,OMC-012,Galana Energies,GB89GWUW86379402654235,2026-02-21,96318,1
PAY-79442,INV-89851,OMC-002,Vivo Energy,GB45OQIR01845146270482,2025-06-09,89402,1
PAY-91361,INV-93582,OMC-009,Dalbit Petroleum,GB53VXXX35615951484656,2026-04-25,205988,1
PAY-53005,INV-61051,OMC-005,PetroOil Kenya,GB89GWUW86379402654235,2026-05-16,77180,2
PAY-12211,INV-74848,OMC-009,Dalbit Petroleum,GB53VXXX35615951484656,2025-08-16,58720,1
PAY-85965,INV-46284,OMC-001,TotalEnergies Kenya,GB06DMIO52553419283276,2025-09-06,16626,1
PAY-28358,INV-36071,OMC-012,Galana Energies,GB89GWUW86379402654235,2026-04-25,15281,2
PAY-97947,INV-19382,OMC-013,Lake Oil,GB88TEHE71937452991241,2025-06-09,47945,1
PAY-10505,INV-32193,OMC-006,Hashi Energy,GB05QCFC91361939909169,2026-02-21,45385,2
PAY-67358,INV-60429,OMC-017,KAA Aviation,GB54HVSS04902787429671,2026-05-11,150161,1
PAY-51465,INV-39736,OMC-006,Hashi Energy,GB05QCFC91361939909169,2026-03-09,220930,1
PAY-99972,INV-75988,OMC-008,National Oil,GB08NAFX56342160733754,2025-10-18,29536,1
PAY-88275,INV-38108,OMC-017,KAA Aviation,GB54HVSS04902787429671,2025-12-31,58164,1
PAY-11391,INV-75812,OMC-009,Dalbit Petroleum,GB53VXXX35615951484656,2026-04-23,44318,1
PAY-29468,INV-33738,OMC-004,Gulf Energy,GB89GWUW86379402654235,2026-05-29,27270,1
PAY-40779,INV-38116,OMC-003,Rubis Energy,GB04LOQO13315098393010,2025-01-23,30716,1
PAY-66670,INV-32737,OMC-011,Hass Petroleum,GB56WGCN65876036690967,2025-04-06,76196,1
PAY-49432,INV-67714,OMC-004,Gulf Energy,GB89GWUW86379402654235,2026-06-05,11218,2
PAY-68600,INV-18327,OMC-019,Tanzania Petroleum,GB64OAXE62174596158657,2026-06-27,55159,1
PAY-12994,INV-19685,OMC-014,Texol Energies,GB06ONXS45314737996507,2025-10-25,22917,1
PAY-98504,INV-74391,OMC-003,Rubis Energy,GB04LOQO13315098393010,2026-03-19,81128,2
PAY-46254,INV-80986,OMC-016,KPA Marine,GB31MOOJ96499091334123,2026-04-30,29506,2
PAY-56933,INV-96770,OMC-008,National Oil,GB08NAFX56342160733754,2026-06-20,65929,1
PAY-22346,INV-63685,OMC-008,National Oil,GB08NAFX56342160733754,2026-04-11,117452,1
PAY-48542,INV-48623,OMC-016,KPA Marine,GB31MOOJ96499091334123,2025-10-30,190469,1
PAY-46202,INV-36096,OMC-017,KAA Aviation,GB54HVSS04902787429671,2025-08-31,187975,1
PAY-16577,INV-78544,OMC-003,Rubis Energy,GB04LOQO13315098393010,2025-10-11,84470,1
PAY-88575,INV-88202,OMC-014,Texol Energies,GB06ONXS45314737996507,,169592,1
PAY-38182,INV-75767,OMC-016,KPA Marine,GB31MOOJ96499091334123,2025-07-11,46514,1
PAY-96995,INV-12402,OMC-020,Ethiopian Oil,GB08IVAZ74821759464743,15/05/2026,31795,2
PAY-15285,INV-91860,OMC-018,Uganda National Oil,GB73JRAR61317127484677,2026-04-10,22191,1
PAY-36691,INV-99074,OMC-010,Tamoil,GB34EABH79176936763201,2025-03-14,32718,1
PAY-77219,INV-94426,OMC-016,KPA Marine,GB31MOOJ96499091334123,2026-04-26,215894,1
PAY-28468,INV-69456,OMC-007,Kobil,GB37IDDX82449353487401,2026-07-20,266318,1
PAY-80316,INV-49154,OMC-018,Uganda National Oil,GB73JRAR61317127484677,2025-02-24,184423,1
PAY-59007,INV-12716,OMC-003,Rubis Energy,GB04LOQO13315098393010,2025-07-13,32261,1
PAY-15953,INV-83239,OMC-008,National Oil,GB08NAFX56342160733754,2026-07-16,189337,1
PAY-70699,INV-38729,OMC-005,PetroOil Kenya,GB89GWUW86379402654235,2026-06-09,13900,2
PAY-66005,INV-14017,OMC-012,Galana Energies,GB89GWUW86379402654235,2026-04-14,180231,1
PAY-17171,INV-73495,OMC-011,Hass Petroleum,GB56WGCN65876036690967,2025-05-30,47757,1
PAY-12550,INV-97935,OMC-015,Mombasa Petroleum,GB80WOIJ43135182337498,2025-06-16,115751,1
PAY-85451,INV-83422,OMC-008,National Oil,GB08NAFX56342160733754,2026-06-29,224249,1
PAY-93602,INV-47980,OMC-019,Tanzania Petroleum,GB64OAXE62174596158657,2026-08-17," KES 17,197 ",1
PAY-15569,INV-16064,OMC-009,Dalbit Petroleum,GB53VXXX35615951484656,2026-06-17,149851,1
PAY-80820,INV-31833,OMC-011,Hass Petroleum,GB56WGCN65876036690967,2025-08-26,41514,1
PAY-45085,INV-90732,OMC-003,Rubis Energy,GB04LOQO13315098393010,2026-06-28,162839,1
PAY-70586,INV-65631,OMC-003,Rubis Energy,GB04LOQO13315098393010,2025-07-06,26412,1
PAY-80210,INV-42875,OMC-009,Dalbit Petroleum,GB53VXXX35615951484656,2025-05-03,97975,1
PAY-62739,INV-73479,OMC-016,KPA Marine,GB31MOOJ96499091334123,2026-02-01,34673,1
PAY-11155,INV-44487,OMC-001,TotalEnergies Kenya,GB06DMIO52553419283276,2025-02-22,286152,1
PAY-98528,INV-61206,OMC-004,Gulf Energy,GB89GWUW86379402654235,2026-03-09,112758,1
PAY-30888,INV-15475,OMC-017,KAA Aviation,GB54HVSS04902787429671,2025-10-02,99096,1
PAY-56266,INV-98016,OMC-019,Tanzania Petroleum,GB64OAXE62174596158657,2025-07-23,61149,2
PAY-26654,INV-16042,OMC-003,Rubis Energy,GB04LOQO13315098393010,2026-01-13,139662,1
PAY-99212,INV-49380,OMC-017,KAA Aviation,GB54HVSS04902787429671,2025-09-20," KES 36,684 ",1
PAY-19288,INV-45039,OMC-005,PetroOil Kenya,GB89GWUW86379402654235,2026-04-29,68495,1
PAY-58583,INV-79057,OMC-018,Uganda National Oil,GB73JRAR61317127484677,2025-02-13," KES 56,260 ",1
PAY-13335,INV-58669,OMC-007,Kobil,GB37IDDX82449353487401,2026-06-24,103238,2
PAY-66512,INV-92981,OMC-013,Lake Oil,GB88TEHE71937452991241,2025-08-28,265908,1
PAY-34007,INV-46644,OMC-004,Gulf Energy,GB89GWUW86379402654235,2026-05-29,133121,1
PAY-11509,INV-92820,OMC-018,Uganda National Oil,GB73JRAR61317127484677,2026-02-11,102078,1
PAY-70738,INV-47466,OMC-013,Lake Oil,GB88TEHE71937452991241,,37524,1
PAY-39692,INV-76560,OMC-009,Dalbit Petroleum,GB53VXXX35615951484656,2025-04-22,86894,1
PAY-98037,INV-69377,OMC-007,Kobil,GB37IDDX82449353487401,2025-09-14,136372,1
PAY-41878,INV-43715,OMC-014,Texol Energies,GB06ONXS45314737996507,2025-03-20,79366,1
PAY-39516,INV-65054,OMC-006,Hashi Energy,GB05QCFC91361939909169,2025-09-15,199567,1
PAY-54772,INV-45437,OMC-012,Galana Energies,GB89GWUW86379402654235,,196610,1
PAY-90827,INV-28092,OMC-002,Vivo Energy,GB45OQIR01845146270482,07/09/2025,31864,1
PAY-98423,INV-35130,OMC-011,Hass Petroleum,GB56WGCN65876036690967,2025-03-03,62133,1
PAY-79163,INV-85092,OMC-017,KAA Aviation,GB54HVSS04902787429671,2025-09-23,26317,1
PAY-80549,INV-16103,OMC-011,Hass Petroleum,GB56WGCN65876036690967,2026-01-29,43669,1
PAY-15820,INV-14772,OMC-005,PetroOil Kenya,GB89GWUW86379402654235,2026-05-10,20011,1
PAY-54449,INV-31799,OMC-004,Gulf Energy,GB89GWUW86379402654235,2026-03-21,255545,1
PAY-75770,INV-59474,OMC-014,Texol Energies,GB06ONXS45314737996507,2025-08-18,19616,1
PAY-88818,INV-74328,OMC-001,TotalEnergies Kenya,GB06DMIO52553419283276,2025-10-20," KES 27,240 ",1
PAY-48656,INV-65798,OMC-010,Tamoil,GB34EABH79176936763201,2026-06-19,24417,1
PAY-74299,INV-83253,OMC-016,KPA Marine,GB31MOOJ96499091334123,2026-02-03,39491,1
PAY-25175,INV-40681,OMC-002,Vivo Energy,GB45OQIR01845146270482,2025-08-12,43988,1
PAY-49275,INV-99943,OMC-020,Ethiopian Oil,GB08IVAZ74821759464743,,179943,1
PAY-97760,INV-56048,OMC-015,Mombasa Petroleum,GB80WOIJ43135182337498,2025-04-13,29613,1
PAY-84766,INV-39558,OMC-012,Galana Energies,GB89GWUW86379402654235,03/06/2026,27729,1
PAY-84989,INV-51947,OMC-012,Galana Energies,GB89GWUW86379402654235,2026-06-07,32411,1
PAY-24541,INV-44484,OMC-020,Ethiopian Oil,GB08IVAZ74821759464743,,24531,1
PAY-10150,INV-93492,OMC-016,KPA Marine,GB31MOOJ96499091334123,2026-05-08,131771,1
PAY-50857,INV-75799,OMC-007,Kobil,GB37IDDX82449353487401,2026-02-15,207605,1
PAY-66027,INV-76288,OMC-003,Rubis Energy,GB04LOQO13315098393010,2025-11-02,53608,1
PAY-39490,INV-98294,OMC-020,Ethiopian Oil,GB08IVAZ74821759464743,2026-03-28,220235,1
PAY-71290,INV-24500,OMC-005,PetroOil Kenya,GB89GWUW86379402654235,2026-03-27,108209,1
PAY-43241,INV-76715,OMC-012,Galana Energies,GB89GWUW86379402654235,2026-04-28,93118,2
PAY-99584,INV-27855,OMC-013,Lake Oil,GB88TEHE71937452991241,2026-05-17,185524,1
PAY-97515,INV-59549,OMC-011,Hass Petroleum,GB56WGCN65876036690967,2026-02-23,120062,1
PAY-46196,INV-75410,OMC-020,Ethiopian Oil,GB08IVAZ74821759464743,2025-07-21,45203,1
PAY-81148,INV-55992,OMC-009,Dalbit Petroleum,GB53VXXX35615951484656,2025-05-26,31962,1
PAY-70831,INV-99493,OMC-002,Vivo Energy,GB45OQIR01845146270482,2025-08-03,96078,1
PAY-93810,INV-46162,OMC-018,Uganda National Oil,GB73JRAR61317127484677,2025-04-18,95614,2
PAY-54018,INV-78602,OMC-005,PetroOil Kenya,GB89GWUW86379402654235,2026-03-07,52153,1
PAY-88758,INV-97494,OMC-004,Gulf Energy,GB89GWUW86379402654235,2026-05-10,98120,1
PAY-38147,INV-83794,OMC-013,Lake Oil,GB88TEHE71937452991241,2025-10-02,229209,1
PAY-44555,INV-43279,OMC-014,Texol Energies,GB06ONXS45314737996507,2026-05-12,20124,2
PAY-67875,INV-91161,OMC-015,Mombasa Petroleum,GB80WOIJ43135182337498,2025-11-12,38584,1
PAY-68501,INV-37049,OMC-003,Rubis Energy,GB04LOQO13315098393010,2026-02-21,281203,1
PAY-54831,INV-98855,OMC-014,Texol Energies,GB06ONXS45314737996507,2026-05-04,283254,1
PAY-15561,INV-29674,OMC-006,Hashi Energy,GB05QCFC91361939909169,26/10/2025,168147,1
PAY-70135,INV-41495,OMC-004,Gulf Energy,GB89GWUW86379402654235,2026-05-13," KES 131,616 ",1
PAY-23209,INV-57213,OMC-017,KAA Aviation,GB54HVSS04902787429671,2025-11-08,21813,1
PAY-14653,INV-78472,OMC-012,Galana Energies,GB89GWUW86379402654235,2026-05-10,182572,1
PAY-88247,INV-60879,OMC-004,Gulf Energy,GB89GWUW86379402654235,2026-05-18,42810,2
PAY-64059,INV-11064,OMC-001,TotalEnergies Kenya,GB06DMIO52553419283276,2026-04-06,137012,1
PAY-91673,INV-34102,OMC-008,National Oil,GB08NAFX56342160733754,2026-06-27,47901,1
PAY-28346,INV-36408,OMC-020,Ethiopian Oil,GB08IVAZ74821759464743,2025-09-22,31747,1
PAY-79714,INV-85177,OMC-012,Galana Energies,GB89GWUW86379402654235,2026-03-30,171150,1
PAY-51587,INV-12772,OMC-002,Vivo Energy,GB45OQIR01845146270482,2025-05-04,40455,1
PAY-92345,INV-77412,OMC-015,Mombasa Petroleum,GB80WOIJ43135182337498,2025-08-23,23489,1
PAY-40922,INV-79467,OMC-009,Dalbit Petroleum,GB53VXXX35615951484656,2026-07-27,30271,1
PAY-96421,INV-48604,OMC-013,Lake Oil,GB88TEHE71937452991241,2025-04-06,194405,1
PAY-59794,INV-11613,OMC-018,Uganda National Oil,GB73JRAR61317127484677,2025-09-06,104717,1
PAY-55778,INV-56352,OMC-010,Tamoil,GB34EABH79176936763201,2025-10-27,99998,1
PAY-90236,INV-63448,OMC-015,Mombasa Petroleum,GB80WOIJ43135182337498,2025-10-23,40377,1
PAY-82102,INV-28874,OMC-010,Tamoil,GB34EABH79176936763201,2026-08-13,205338,1
PAY-30637,INV-87951,OMC-011,Hass Petroleum,GB56WGCN65876036690967,2025-06-07,169597,1
PAY-86226,INV-41621,OMC-001,TotalEnergies Kenya,GB06DMIO52553419283276,2025-03-07,41336,1
PAY-14861,INV-25896,OMC-015,Mombasa Petroleum,GB80WOIJ43135182337498,2025-03-09,57712,1
PAY-76301,INV-27673,OMC-018,Uganda National Oil,GB73JRAR61317127484677,2025-09-22,47839,1
PAY-79340,INV-18811,OMC-013,Lake Oil,GB88TEHE71937452991241,19/05/2025," KES 40,900 ",1
PAY-24993,INV-67311,OMC-009,Dalbit Petroleum,GB53VXXX35615951484656,2025-09-27,103629,1
PAY-50931,INV-45056,OMC-017,KAA Aviation,GB54HVSS04902787429671,2025-04-13,191223,1
PAY-44731,INV-99422,OMC-005,PetroOil Kenya,GB89GWUW86379402654235,,12137,2
PAY-29630,INV-43491,OMC-005,PetroOil Kenya,GB89GWUW86379402654235,2026-05-15," KES 244,576 ",1
PAY-13311,INV-77022,OMC-012,Galana Energies,GB89GWUW86379402654235,2026-05-26,119065,1
PAY-84443,INV-86501,OMC-011,Hass Petroleum,GB56WGCN65876036690967,2026-07-09,87442,1
PAY-27695,INV-46603,OMC-005,PetroOil Kenya,GB89GWUW86379402654235,,194679,1
PAY-33347,INV-88127,OMC-020,Ethiopian Oil,GB08IVAZ74821759464743,05/03/2025,165334,1
PAY-29303,INV-41510,OMC-020,Ethiopian Oil,GB08IVAZ74821759464743,2025-12-16,22228,1
PAY-53001,INV-96964,OMC-009,Dalbit Petroleum,GB53VXXX35615951484656,2026-01-09,115424,1
PAY-57058,INV-36942,OMC-001,TotalEnergies Kenya,GB06DMIO52553419283276,2025-10-10,79451,2
PAY-19915,INV-99225,OMC-001,TotalEnergies Kenya,GB06DMIO52553419283276,05/09/2025,50360,1
PAY-41623,INV-44070,OMC-009,Dalbit Petroleum,GB53VXXX35615951484656,2025-07-22,43995,1
PAY-94435,INV-60433,OMC-019,Tanzania Petroleum,GB64OAXE62174596158657,2025-02-21,168942,1
PAY-91164,INV-76569,OMC-008,National Oil,GB08NAFX56342160733754,2026-01-29,192560,1
PAY-35455,INV-19910,OMC-009,Dalbit Petroleum,GB53VXXX35615951484656,2026-06-17,71557,2
PAY-53990,INV-75778,OMC-019,Tanzania Petroleum,GB64OAXE62174596158657,2025-12-31,147052,1
PAY-52249,INV-22495,OMC-007,Kobil,GB37IDDX82449353487401,2025-11-16,28987,1
PAY-91440,INV-48575,OMC-007,Kobil,GB37IDDX82449353487401,2025-03-29,208187,1
PAY-74691,INV-15203,OMC-012,Galana Energies,GB89GWUW86379402654235,2026-04-22,19036,1
PAY-62966,INV-49762,OMC-009,Dalbit Petroleum,GB53VXXX35615951484656,2025-08-09,149626,1
PAY-24023,INV-89735,OMC-006,Hashi Energy,GB05QCFC91361939909169,2026-05-13,262859,1
PAY-92293,INV-46037,OMC-019,Tanzania Petroleum,GB64OAXE62174596158657,2026-08-03," KES 208,134 ",1
PAY-69572,INV-60248,OMC-011,Hass Petroleum,GB56WGCN65876036690967,2025-09-07,173538,1
PAY-33165,INV-85380,OMC-012,Galana Energies,GB89GWUW86379402654235,2026-05-11,60586,2
PAY-55988,INV-68389,OMC-004,Gulf Energy,GB89GWUW86379402654235,2026-06-02,17301,2
PAY-78641,INV-96794,OMC-016,KPA Marine,GB31MOOJ96499091334123,2025-06-22,17602,2
PAY-79136,INV-96002,OMC-020,Ethiopian Oil,GB08IVAZ74821759464743,2025-04-08,138368,1
PAY-16281,INV-43137,OMC-017,KAA Aviation,GB54HVSS04902787429671,2026-03-01,38798,1
PAY-73882,INV-59454,OMC-015,Mombasa Petroleum,GB80WOIJ43135182337498,2025-10-03,197597,1
PAY-62193,INV-70312,OMC-015,Mombasa Petroleum,GB80WOIJ43135182337498,2025-12-09,169747,1
PAY-48830,INV-97301,OMC-018,Uganda National Oil,GB73JRAR61317127484677,2026-03-18,224336,1
PAY-49686,INV-42534,OMC-017,KAA Aviation,GB54HVSS04902787429671,2025-08-15,205051,1
PAY-84807,INV-96172,OMC-005,PetroOil Kenya,GB89GWUW86379402654235,2026-05-11,6360,2
PAY-88207,INV-70056,OMC-018,Uganda National Oil,GB73JRAR61317127484677,2026-06-17,32453,1
PAY-48555,INV-74665,OMC-015,Mombasa Petroleum,GB80WOIJ43135182337498,2025-03-27,202554,1
PAY-42124,INV-70946,OMC-018,Uganda National Oil,GB73JRAR61317127484677,2026-07-10,104167,1
PAY-47112,INV-65692,OMC-008,National Oil,GB08NAFX56342160733754,2025-10-17,133368,1
PAY-16246,INV-90928,OMC-012,Galana Energies,GB89GWUW86379402654235,2026-04-18,77068,1
PAY-51028,INV-61135,OMC-013,Lake Oil,GB88TEHE71937452991241,2025-05-10,132145,1
PAY-27547,INV-10722,OMC-012,Galana Energies,GB89GWUW86379402654235,2026-05-11,241566,1
PAY-27981,INV-67013,OMC-003,Rubis Energy,GB04LOQO13315098393010,2025-08-01,60703,2
PAY-26194,INV-28678,OMC-013,Lake Oil,GB88TEHE71937452991241,2026-03-05,233590,1
PAY-15220,INV-34627,OMC-008,National Oil,GB08NAFX56342160733754,2025-04-28,34890,1
PAY-97863,INV-98965,OMC-011,Hass Petroleum,GB56WGCN65876036690967,2025-10-11,28328,1
PAY-73915,INV-81412,OMC-006,Hashi Energy,GB05QCFC91361939909169,2025-04-21,190165,1
PAY-51165,INV-87057,OMC-006,Hashi Energy,GB05QCFC91361939909169,2025-12-12,95282,1
PAY-76977,INV-98919,OMC-011,Hass Petroleum,GB56WGCN65876036690967,2026-01-23,45679,1
PAY-31280,INV-39507,OMC-015,Mombasa Petroleum,GB80WOIJ43135182337498,2026-08-03,36882,1
PAY-71518,INV-54183,OMC-008,National Oil,GB08NAFX56342160733754,2025-09-12,23094,1
PAY-11434,INV-43907,OMC-005,PetroOil Kenya,GB89GWUW86379402654235,2026-05-26,177233,1
PAY-36520,INV-48050,OMC-018,Uganda National Oil,GB73JRAR61317127484677,2026-05-15,59442,2
PAY-99228,INV-40028,OMC-005,PetroOil Kenya,GB89GWUW86379402654235,2026-05-28,48763,2
PAY-95045,INV-75000,OMC-011,Hass Petroleum,GB56WGCN65876036690967,2025-06-20," KES 43,960 ",1
PAY-26702,INV-41218,OMC-014,Texol Energies,GB06ONXS45314737996507,09/06/2026,25690,1
PAY-47578,INV-51266,OMC-017,KAA Aviation,GB54HVSS04902787429671,2025-07-25,33488,1
PAY-86243,INV-45197,OMC-008,National Oil,GB08NAFX56342160733754,2025-10-18,126306,1
PAY-25588,INV-43888,OMC-002,Vivo Energy,GB45OQIR01845146270482,2026-07-03,116392,1
PAY-81101,INV-99866,OMC-007,Kobil,GB37IDDX82449353487401,2025-06-28,39647,1
PAY-23359,INV-80281,OMC-015,Mombasa Petroleum,GB80WOIJ43135182337498,2026-07-14,31280,1
PAY-89194,INV-54658,OMC-014,Texol Energies,GB06ONXS45314737996507,2025-11-12,132030,1
PAY-55280,INV-27902,OMC-002,Vivo Energy,GB45OQIR01845146270482,2026-08-13,211376,1
PAY-76900,INV-98582,OMC-003,Rubis Energy,GB04LOQO13315098393010,2025-08-06,280685,1
PAY-16399,INV-14061,OMC-007,Kobil,GB37IDDX82449353487401,2025-07-28,24478,1
PAY-52690,INV-56132,OMC-014,Texol Energies,GB06ONXS45314737996507,2026-03-18,187876,1
PAY-72035,INV-26835,OMC-017,KAA Aviation,GB54HVSS04902787429671,2026-03-05,94049,1
PAY-72892,INV-12200,OMC-019,Tanzania Petroleum,GB64OAXE62174596158657,2025-07-31,244076,1
PAY-47600,INV-86740,OMC-016,KPA Marine,GB31MOOJ96499091334123,2026-03-16,152399,1
PAY-93400,INV-21391,OMC-015,Mombasa Petroleum,GB80WOIJ43135182337498,2025-04-06,113497,1
PAY-94490,INV-52840,OMC-016,KPA Marine,GB31MOOJ96499091334123,2025-04-24,158082,1
PAY-81428,INV-47683,OMC-010,Tamoil,GB34EABH79176936763201,2025-12-22,98714,1
PAY-93237,INV-54658,OMC-014,Texol Energies,GB06ONXS45314737996507,2025-11-30,121515,2
PAY-51075,INV-66190,OMC-012,Galana Energies,GB89GWUW86379402654235,2026-06-18,91880,2
PAY-92605,INV-39966,OMC-020,Ethiopian Oil,GB08IVAZ74821759464743,2026-08-24,63672,1
PAY-17353,INV-88597,OMC-004,Gulf Energy,GB89GWUW86379402654235,2026-03-24,91715,2
PAY-99395,INV-10479,OMC-010,Tamoil,GB34EABH79176936763201,2025-09-24,40464,1
PAY-80896,INV-75641,OMC-010,Tamoil,GB34EABH79176936763201,2026-01-29,54713,2
PAY-11121,INV-79355,OMC-019,Tanzania Petroleum,GB64OAXE62174596158657,2026-01-19,31792,1
PAY-43980,INV-64293,OMC-020,Ethiopian Oil,GB08IVAZ74821759464743,2025-04-07,149301,1
PAY-28215,INV-37748,OMC-007,Kobil,GB37IDDX82449353487401,2025-05-17,17007,2
PAY-14775,INV-72704,OMC-017,KAA Aviation,GB54HVSS04902787429671,2025-08-22,237153,1
PAY-42681,INV-69817,OMC-012,Galana Energies,GB89GWUW86379402654235,2026-05-23,12170,2
PAY-96659,INV-76456,OMC-015,Mombasa Petroleum,GB80WOIJ43135182337498,2026-02-16,214383,1
PAY-99383,INV-58135,OMC-004,Gulf Energy,GB89GWUW86379402654235,2026-05-09,98417,1
PAY-89866,INV-97136,OMC-003,Rubis Energy,GB04LOQO13315098393010,2026-02-07,162957,1
PAY-91856,INV-87440,OMC-015,Mombasa Petroleum,GB80WOIJ43135182337498,2025-10-21,128202,1
PAY-80137,INV-50975,OMC-014,Texol Energies,GB06ONXS45314737996507,2025-04-24,32903,1
PAY-11068,INV-90050,OMC-001,TotalEnergies Kenya,GB06DMIO52553419283276,2025-11-14,48727,1
PAY-82318,INV-79458,OMC-020,Ethiopian Oil,GB08IVAZ74821759464743,2026-01-20,88598,2
PAY-25668,INV-85656,OMC-013,Lake Oil,GB88TEHE71937452991241,2025-05-09,45671,1
PAY-21361,INV-18900,OMC-019,Tanzania Petroleum,GB64OAXE62174596158657,2025-06-18," KES 75,608 ",1
PAY-47494,INV-36838,OMC-011,Hass Petroleum,GB56WGCN65876036690967,,96871,1
PAY-80437,INV-87034,OMC-016,KPA Marine,GB31MOOJ96499091334123,2025-02-27,36476,2
PAY-31120,INV-80396,OMC-019,Tanzania Petroleum,GB64OAXE62174596158657,2025-11-12,38301,1
PAY-70490,INV-16159,OMC-005,PetroOil Kenya,GB89GWUW86379402654235,2026-04-21,54788,1
PAY-67554,INV-38061,OMC-015,Mombasa Petroleum,GB80WOIJ43135182337498,2026-02-09,155802,1
PAY-73808,INV-40297,OMC-018,Uganda National Oil,GB73JRAR61317127484677,2026-04-09,119105,1
PAY-48359,INV-27084,OMC-015,Mombasa Petroleum,GB80WOIJ43135182337498,2025-09-14,152549,1
PAY-93939,INV-30201,OMC-019,Tanzania Petroleum,GB64OAXE62174596158657,2025-12-16,26895,1
PAY-30787,INV-11086,OMC-017,KAA Aviation,GB54HVSS04902787429671,2025-05-19,38607,1
PAY-34320,INV-64308,OMC-006,Hashi Energy,GB05QCFC91361939909169,2026-04-30,30390,2
PAY-74616,INV-16269,OMC-015,Mombasa Petroleum,GB80WOIJ43135182337498,2026-03-20," KES 48,185 ",1
PAY-59616,INV-24538,OMC-017,KAA Aviation,GB54HVSS04902787429671,2025-06-13,54379,1
PAY-21681,INV-49739,OMC-006,Hashi Energy,GB05QCFC91361939909169,2026-07-20,211172,1
PAY-82180,INV-74724,OMC-011,Hass Petroleum,GB56WGCN65876036690967,2025-05-05,34541,1
PAY-60208,INV-55511,OMC-003,Rubis Energy,GB04LOQO13315098393010,2025-10-29,47749,1
PAY-88055,INV-85008,OMC-020,Ethiopian Oil,GB08IVAZ74821759464743,2025-06-15,98140,1
PAY-24636,INV-82118,OMC-004,Gulf Energy,GB89GWUW86379402654235,2026-05-20,23929,1
PAY-20674,INV-13521,OMC-006,Hashi Energy,GB05QCFC91361939909169,2026-01-01,16627,1
PAY-71717,INV-46459,OMC-010,Tamoil,GB34EABH79176936763201,2026-02-01,33947,1
PAY-30527,INV-63210,OMC-011,Hass Petroleum,GB56WGCN65876036690967,2026-02-14,264947,1
PAY-68960,INV-76171,OMC-010,Tamoil,GB34EABH79176936763201,2026-07-10,172572,1
PAY-23468,INV-49114,OMC-006,Hashi Energy,GB05QCFC91361939909169,,21536,1
PAY-75830,INV-27778,OMC-003,Rubis Energy,GB04LOQO13315098393010,2025-08-28,27889,1
PAY-76705,INV-43725,OMC-018,Uganda National Oil,GB73JRAR61317127484677,2026-02-12,170122,1
PAY-30409,INV-36779,OMC-010,Tamoil,GB34EABH79176936763201,2025-05-19," KES 98,602 ",1
PAY-12154,INV-56071,OMC-007,Kobil,GB37IDDX82449353487401,2026-03-09,163892,1
PAY-17476,INV-83346,OMC-010,Tamoil,GB34EABH79176936763201,2026-05-28,214049,1
PAY-63627,INV-55584,OMC-008,National Oil,GB08NAFX56342160733754,2025-09-01,145076,1
PAY-64929,INV-13247,OMC-006,Hashi Energy,GB05QCFC91361939909169,2026-08-19,74941,2
PAY-69087,INV-31518,OMC-012,Galana Energies,GB89GWUW86379402654235,2026-05-23,20058,2
PAY-26652,INV-34502,OMC-001,TotalEnergies Kenya,GB06DMIO52553419283276,2026-02-10,122601,1
PAY-74011,INV-12429,OMC-005,PetroOil Kenya,GB89GWUW86379402654235,2026-03-09,25544,1
PAY-71946,INV-14042,OMC-018,Uganda National Oil,GB73JRAR61317127484677,2025-03-21,20895,1
PAY-83566,INV-68903,OMC-011,Hass Petroleum,GB56WGCN65876036690967,2026-08-16,105780,1
PAY-40215,INV-40495,OMC-009,Dalbit Petroleum,GB53VXXX35615951484656,2025-07-06,90863,1
PAY-25224,INV-96618,OMC-001,TotalEnergies Kenya,GB06DMIO52553419283276,2025-06-21,140780,1
PAY-28542,INV-14629,OMC-020,Ethiopian Oil,GB08IVAZ74821759464743,2025-03-20,31544,1
PAY-65943,INV-28728,OMC-002,Vivo Energy,GB45OQIR01845146270482,,120526,1
PAY-93115,INV-79553,OMC-014,Texol Energies,GB06ONXS45314737996507,2026-06-06,38827,1
PAY-37254,INV-21284,OMC-006,Hashi Energy,GB05QCFC91361939909169,2025-07-05,123548,1
PAY-31310,INV-81009,OMC-007,Kobil,GB37IDDX82449353487401,2026-01-15,60083,1
PAY-61613,INV-10440,OMC-015,Mombasa Petroleum,GB80WOIJ43135182337498,2026-04-02,128830,1
PAY-26749,INV-59207,OMC-012,Galana Energies,GB89GWUW86379402654235,2026-05-06,46502,1
PAY-25731,INV-43102,OMC-016,KPA Marine,GB31MOOJ96499091334123,2025-07-31,35797,1
PAY-25344,INV-81863,OMC-017,KAA Aviation,GB54HVSS04902787429671,2026-07-30,107678,1
PAY-71418,INV-96582,OMC-001,TotalEnergies Kenya,GB06DMIO52553419283276,2025-08-16,53916,1
PAY-85503,INV-75214,OMC-015,Mombasa Petroleum,GB80WOIJ43135182337498,2026-08-21," KES 163,553 ",1
PAY-52861,INV-93195,OMC-019,Tanzania Petroleum,GB64OAXE62174596158657,2025-08-01,90012,1
PAY-99705,INV-75296,OMC-002,Vivo Energy,GB45OQIR01845146270482,2025-09-17,92550,1
PAY-11230,INV-88633,OMC-009,Dalbit Petroleum,GB53VXXX35615951484656,2025-07-09,13792,2
PAY-23237,INV-27622,OMC-015,Mombasa Petroleum,GB80WOIJ43135182337498,2025-03-02,43403,1
PAY-88435,INV-64395,OMC-017,KAA Aviation,GB54HVSS04902787429671,2025-08-20,138297,1
PAY-77549,INV-49189,OMC-012,Galana Energies,GB89GWUW86379402654235,2026-05-26,23696,1
PAY-66919,INV-30254,OMC-010,Tamoil,GB34EABH79176936763201,2025-05-23,125561,1
PAY-22561,INV-94151,OMC-001,TotalEnergies Kenya,GB06DMIO52553419283276,2026-05-28,40281,1
PAY-76119,INV-61649,OMC-014,Texol Energies,GB06ONXS45314737996507,2025-09-07,18584,1
PAY-73857,INV-52674,OMC-019,Tanzania Petroleum,GB64OAXE62174596158657,2026-01-19,41418,1
PAY-14643,INV-84347,OMC-009,Dalbit Petroleum,GB53VXXX35615951484656,2025-06-23,45478,2
PAY-79638,INV-24589,OMC-001,TotalEnergies Kenya,GB06DMIO52553419283276,2025-02-05,64464,1
PAY-84040,INV-55875,OMC-007,Kobil,GB37IDDX82449353487401,2025-10-26,227094,1
PAY-34470,INV-84940,OMC-019,Tanzania Petroleum,GB64OAXE62174596158657,2025-04-19,187526,1
PAY-92252,INV-87801,OMC-006,Hashi Energy,GB05QCFC91361939909169,2026-06-14,18930,2
PAY-81364,INV-28599,OMC-016,KPA Marine,GB31MOOJ96499091334123,2026-04-06,156471,1
PAY-27887,INV-12768,OMC-004,Gulf Energy,GB89GWUW86379402654235,2026-05-28,77726,1
PAY-67073,INV-88447,OMC-003,Rubis Energy,GB04LOQO13315098393010,2025-12-02,151078,1
PAY-19657,INV-49827,OMC-004,Gulf Energy,GB89GWUW86379402654235,2026-04-09,28259,2
PAY-83254,INV-53586,OMC-002,Vivo Energy,GB45OQIR01845146270482,2026-01-17,110379,1
PAY-89474,INV-46422,OMC-004,Gulf Energy,GB89GWUW86379402654235,2026-05-28,84873,2
PAY-47304,INV-72685,OMC-010,Tamoil,GB34EABH79176936763201,2025-10-01,32610,1
PAY-91968,INV-38424,OMC-004,Gulf Energy,GB89GWUW86379402654235,2026-03-18,15119,2
PAY-66972,INV-33623,OMC-017,KAA Aviation,GB54HVSS04902787429671,2026-05-28,228667,1
PAY-67035,INV-62609,OMC-016,KPA Marine,GB31MOOJ96499091334123,2025-09-26,139543,1
PAY-83180,INV-40093,OMC-006,Hashi Energy,GB05QCFC91361939909169,2025-07-16,22770,1
PAY-12121,INV-63629,OMC-010,Tamoil,GB34EABH79176936763201,2026-05-04,182263,1
PAY-82506,INV-40294,OMC-016,KPA Marine,GB31MOOJ96499091334123,2026-03-23,224477,1
PAY-34819,INV-67179,OMC-014,Texol Energies,GB06ONXS45314737996507,2025-07-03,255837,1
PAY-86760,INV-18444,OMC-001,TotalEnergies Kenya,GB06DMIO52553419283276,2025-12-10,114044,1
PAY-98057,INV-22661,OMC-005,PetroOil Kenya,GB89GWUW86379402654235,2026-06-05,10809,2
PAY-69128,INV-14829,OMC-001,TotalEnergies Kenya,GB06DMIO52553419283276,2025-03-03,39589,1
PAY-85863,INV-65787,OMC-010,Tamoil,GB34EABH79176936763201,23/04/2025,56021,1
PAY-25926,INV-40601,OMC-002,Vivo Energy,GB45OQIR01845146270482,2025-11-12,194579,1
PAY-29116,INV-38258,OMC-010,Tamoil,GB34EABH79176936763201,2025-12-20,176467,1
PAY-62498,INV-79558,OMC-018,Uganda National Oil,GB73JRAR61317127484677,2025-06-20,27732,1
PAY-85682,INV-89149,OMC-020,Ethiopian Oil,GB08IVAZ74821759464743,2026-05-05,42740,2
PAY-81475,INV-47453,OMC-016,KPA Marine,GB31MOOJ96499091334123,2025-03-23,245674,1
PAY-25200,INV-11947,OMC-007,Kobil,GB37IDDX82449353487401,2026-06-10,28021,1
PAY-15941,INV-50560,OMC-003,Rubis Energy,GB04LOQO13315098393010,2025-10-19,77658,1
PAY-19295,INV-27378,OMC-018,Uganda National Oil,GB73JRAR61317127484677,2025-06-02,65862,2
PAY-93037,INV-73919,OMC-020,Ethiopian Oil,GB08IVAZ74821759464743,2025-04-20,28782,1
PAY-72023,INV-35493,OMC-006,Hashi Energy,GB05QCFC91361939909169,2026-06-14,118315,1
PAY-57540,INV-91328,OMC-009,Dalbit Petroleum,GB53VXXX35615951484656,2026-05-01,140419,1
PAY-28416,INV-30451,OMC-001,TotalEnergies Kenya,GB06DMIO52553419283276,2026-04-08,225621,1
PAY-21112,INV-28632,OMC-009,Dalbit Petroleum,GB53VXXX35615951484656,2025-06-02,26719,1
PAY-67021,INV-80883,OMC-005,PetroOil Kenya,GB89GWUW86379402654235,2026-06-13,33404,1
PAY-86573,INV-21135,OMC-012,Galana Energies,GB89GWUW86379402654235,2026-03-19,28530,2
PAY-98094,INV-77941,OMC-005,PetroOil Kenya,GB89GWUW86379402654235,2026-06-09,42632,2
PAY-74086,INV-21217,OMC-019,Tanzania Petroleum,GB64OAXE62174596158657,2025-04-21,149755,1
PAY-61714,INV-93590,OMC-016,KPA Marine,GB31MOOJ96499091334123,03/03/2025,93081,1
PAY-37663,INV-81357,OMC-019,Tanzania Petroleum,GB64OAXE62174596158657,2025-10-06,239437,1
PAY-98418,INV-90502,OMC-005,PetroOil Kenya,GB89GWUW86379402654235,2026-04-22,32414,1
PAY-93244,INV-75896,OMC-004,Gulf Energy,GB89GWUW86379402654235,2026-03-13,133972,1
PAY-18132,INV-65259,OMC-006,Hashi Energy,GB05QCFC91361939909169,2026-08-02,37299,1
PAY-41082,INV-66400,OMC-013,Lake Oil,GB88TEHE71937452991241,2025-12-10,34579,1
PAY-12743,INV-36406,OMC-019,Tanzania Petroleum,GB64OAXE62174596158657,2025-12-26,240384,1
PAY-43912,INV-24648,OMC-018,Uganda National Oil,GB73JRAR61317127484677,2026-06-17,51397,1
PAY-13907,INV-68504,OMC-001,TotalEnergies Kenya,GB06DMIO52553419283276,2026-04-24,57574,1
PAY-14231,INV-48164,OMC-015,Mombasa Petroleum,GB80WOIJ43135182337498,2026-05-27,144192,1
PAY-21465,INV-13619,OMC-019,Tanzania Petroleum,GB64OAXE62174596158657,2025-05-04,58872,1
PAY-76688,INV-38165,OMC-015,Mombasa Petroleum,GB80WOIJ43135182337498,2026-01-07,108916,1
PAY-53534,INV-99474,OMC-010,Tamoil,GB34EABH79176936763201,2025-06-26,34625,1
PAY-95198,INV-29532,OMC-020,Ethiopian Oil,GB08IVAZ74821759464743,2025-11-30,97091,1
PAY-99745,INV-79085,OMC-018,Uganda National Oil,GB73JRAR61317127484677,2026-03-01,7513,2
PAY-52845,INV-77201,OMC-003,Rubis Energy,GB04LOQO13315098393010,2025-05-20,248000,1
PAY-65795,INV-65447,OMC-019,Tanzania Petroleum,GB64OAXE62174596158657,,190611,1
PAY-93378,INV-25634,OMC-016,KPA Marine,GB31MOOJ96499091334123,2026-04-02,124716,1
PAY-83412,INV-51328,OMC-009,Dalbit Petroleum,GB53VXXX35615951484656,2026-02-16,143105,1
PAY-57296,INV-60739,OMC-002,Vivo Energy,GB45OQIR01845146270482,2026-05-21,96384,1
PAY-84100,INV-56488,OMC-013,Lake Oil,GB88TEHE71937452991241,2026-01-24,27588,1
PAY-31381,INV-91444,OMC-007,Kobil,GB37IDDX82449353487401,2025-12-24,20760,1
PAY-90732,INV-22791,OMC-005,PetroOil Kenya,GB89GWUW86379402654235,2026-04-18,45437,1
PAY-22326,INV-33861,OMC-010,Tamoil,GB34EABH79176936763201,2025-04-07," KES 62,276 ",1
PAY-52843,INV-45966,OMC-016,KPA Marine,GB31MOOJ96499091334123,2025-08-28," KES 101,455 ",1
PAY-67600,INV-21681,OMC-009,Dalbit Petroleum,GB53VXXX35615951484656,2025-05-04,14805,2
PAY-77339,INV-45892,OMC-019,Tanzania Petroleum,GB64OAXE62174596158657,2025-07-06,39872,1
PAY-20461,INV-72679,OMC-006,Hashi Energy,GB05QCFC91361939909169,2025-05-23,212904,1
PAY-78440,INV-30613,OMC-007,Kobil,GB37IDDX82449353487401,2026-08-20,87992,1
PAY-72016,INV-82931,OMC-012,Galana Energies,GB89GWUW86379402654235,2026-05-03,179896,1
PAY-22859,INV-35105,OMC-016,KPA Marine,GB31MOOJ96499091334123,2025-03-01,31392,1
PAY-97138,INV-95933,OMC-009,Dalbit Petroleum,GB53VXXX35615951484656,2026-06-05,58421,2
PAY-63334,INV-67677,OMC-001,TotalEnergies Kenya,GB06DMIO52553419283276,2025-07-20,21556,1
PAY-85294,INV-60374,OMC-013,Lake Oil,GB88TEHE71937452991241,2026-07-01,245779,1
PAY-73148,INV-97659,OMC-014,Texol Energies,GB06ONXS45314737996507,,87363,1
PAY-43841,INV-46391,OMC-017,KAA Aviation,GB54HVSS04902787429671,05/03/2026,129356,1
PAY-28248,INV-56093,OMC-017,KAA Aviation,GB54HVSS04902787429671,2026-06-26,38860,1
PAY-95188,INV-34774,OMC-017,KAA Aviation,GB54HVSS04902787429671,2026-06-23,196196,1
PAY-58050,INV-36272,OMC-009,Dalbit Petroleum,GB53VXXX35615951484656,2025-11-12,189779,1
PAY-71383,INV-35257,OMC-010,Tamoil,GB34EABH79176936763201,2026-03-24,46309,1
PAY-76755,INV-64400,OMC-001,TotalEnergies Kenya,GB06DMIO52553419283276,2025-09-29,23077,1
PAY-71832,INV-83172,OMC-011,Hass Petroleum,GB56WGCN65876036690967,2025-05-18,40240,1
PAY-11552,INV-45981,OMC-020,Ethiopian Oil,GB08IVAZ74821759464743,2025-09-16,98966,1
PAY-27214,INV-61734,OMC-004,Gulf Energy,GB89GWUW86379402654235,2026-06-03,146660,1
PAY-42019,INV-38445,OMC-002,Vivo Energy,GB45OQIR01845146270482,2025-12-22,189829,1
PAY-84170,INV-39452,OMC-007,Kobil,GB37IDDX82449353487401,2025-02-25,38832,1
PAY-93782,INV-55470,OMC-009,Dalbit Petroleum,GB53VXXX35615951484656,2025-08-30,16867,2
PAY-62375,INV-59228,OMC-002,Vivo Energy,GB45OQIR01845146270482,2025-05-11," KES 12,414 ",2
PAY-56318,INV-28211,OMC-014,Texol Energies,GB06ONXS45314737996507,2026-06-28,39475,1
PAY-74781,INV-76223,OMC-017,KAA Aviation,GB54HVSS04902787429671,2026-03-25,108657,1
PAY-53063,INV-45209,OMC-004,Gulf Energy,GB89GWUW86379402654235,2026-05-29,91213,1
PAY-64355,INV-23151,OMC-013,Lake Oil,GB88TEHE71937452991241,2025-11-24,29879,1
PAY-60242,INV-13884,OMC-010,Tamoil,GB34EABH79176936763201,2026-02-18,27444,2
PAY-39618,INV-31827,OMC-002,Vivo Energy,GB45OQIR01845146270482,2026-05-24,265686,1
PAY-58016,INV-86326,OMC-014,Texol Energies,GB06ONXS45314737996507,2025-05-07,10237,2
PAY-38565,INV-85344,OMC-015,Mombasa Petroleum,GB80WOIJ43135182337498,2025-02-26,138044,1
PAY-31167,INV-60811,OMC-001,TotalEnergies Kenya,GB06DMIO52553419283276,2025-08-16,64923,1
PAY-69178,INV-58044,OMC-014,Texol Energies,GB06ONXS45314737996507,2025-10-06,45156,1
PAY-61872,INV-86622,OMC-013,Lake Oil,GB88TEHE71937452991241,2025-10-01,31843,1
PAY-73735,INV-71818,OMC-013,Lake Oil,GB88TEHE71937452991241,2026-05-03,43136,1
PAY-89265,INV-42278,OMC-016,KPA Marine,GB31MOOJ96499091334123,2026-07-19," KES 180,443 ",1
PAY-13762,INV-25080,OMC-011,Hass Petroleum,GB56WGCN65876036690967,2025-10-30,207425,1
PAY-25087,INV-40281,OMC-009,Dalbit Petroleum,GB53VXXX35615951484656,2026-06-27," KES 47,531 ",1
PAY-22111,INV-18689,OMC-003,Rubis Energy,GB04LOQO13315098393010,2025-11-27,92739,1
PAY-72736,INV-62469,OMC-009,Dalbit Petroleum,GB53VXXX35615951484656,2025-02-27,143316,1
PAY-92266,INV-51463,OMC-016,KPA Marine,GB31MOOJ96499091334123,2025-06-07,44855,1
PAY-60233,INV-11993,OMC-016,KPA Marine,GB31MOOJ96499091334123,27/06/2026,63080,1
PAY-13344,INV-42006,OMC-014,Texol Energies,GB06ONXS45314737996507,2026-07-14,27455,2
PAY-64926,INV-26883,OMC-017,KAA Aviation,GB54HVSS04902787429671,2025-09-12,110793,1
PAY-46870,INV-99837,OMC-005,PetroOil Kenya,GB89GWUW86379402654235,2026-06-02," KES 95,596 ",1
PAY-70423,INV-41515,OMC-003,Rubis Energy,GB04LOQO13315098393010,2026-05-03,11647,2
PAY-24810,INV-84091,OMC-003,Rubis Energy,GB04LOQO13315098393010,12/06/2026,65640,1
PAY-37537,INV-90328,OMC-013,Lake Oil,GB88TEHE71937452991241,,56001,1
PAY-42606,INV-31013,OMC-012,Galana Energies,GB89GWUW86379402654235,2026-04-30,7368,2
PAY-22567,INV-81138,OMC-017,KAA Aviation,GB54HVSS04902787429671,2025-11-06,42388,1
PAY-75325,INV-31749,OMC-009,Dalbit Petroleum,GB53VXXX35615951484656,2025-08-18,188997,1
PAY-74049,INV-75346,OMC-004,Gulf Energy,GB89GWUW86379402654235,2026-05-26,40357,2
PAY-84199,INV-44245,OMC-002,Vivo Energy,GB45OQIR01845146270482,2026-02-16,13088,2
PAY-37168,INV-77014,OMC-011,Hass Petroleum,GB56WGCN65876036690967,2025-07-04,202102,1
PAY-84460,INV-57084,OMC-009,Dalbit Petroleum,GB53VXXX35615951484656,2025-05-04,76154,2
PAY-77481,INV-73340,OMC-007,Kobil,GB37IDDX82449353487401,2025-08-13,204320,1
PAY-66890,INV-56935,OMC-006,Hashi Energy,GB05QCFC91361939909169,2025-04-05,41643,1
PAY-64446,INV-76734,OMC-013,Lake Oil,GB88TEHE71937452991241,2025-08-28,213296,1
PAY-23666,INV-74501,OMC-014,Texol Energies,GB06ONXS45314737996507,2026-08-06,40286,2
PAY-85294,INV-68907,OMC-001,TotalEnergies Kenya,GB06DMIO52553419283276,2025-06-16,76622,2
PAY-77162,INV-89363,OMC-016,KPA Marine,GB31MOOJ96499091334123,19/08/2026,45306,1
PAY-34094,INV-85863,OMC-019,Tanzania Petroleum,GB64OAXE62174596158657,2025-08-01,229985,1
PAY-94022,INV-26559,OMC-008,National Oil,GB08NAFX56342160733754,2025-11-10,14847,2
PAY-95358,INV-50461,OMC-015,Mombasa Petroleum,GB80WOIJ43135182337498,2026-01-16,178689,1
PAY-94783,INV-90409,OMC-012,Galana Energies,GB89GWUW86379402654235,2026-04-08,42662,1
PAY-86665,INV-22349,OMC-002,Vivo Energy,GB45OQIR01845146270482,2025-12-17,211649,1
PAY-56424,INV-36831,OMC-008,National Oil,GB08NAFX56342160733754,2025-10-31,95284,1
PAY-93693,INV-50664,OMC-014,Texol Energies,GB06ONXS45314737996507,2026-05-24,28225,1
PAY-46514,INV-53884,OMC-010,Tamoil,GB34EABH79176936763201,2025-07-23,33950,1
PAY-26785,INV-54065,OMC-009,Dalbit Petroleum,GB53VXXX35615951484656,2025-04-13,13995,1
PAY-73994,INV-16278,OMC-019,Tanzania Petroleum,GB64OAXE62174596158657,2025-02-26,129479,1
PAY-30993,INV-84211,OMC-001,TotalEnergies Kenya,GB06DMIO52553419283276,2025-04-20,34194,1
PAY-91844,INV-26355,OMC-010,Tamoil,GB34EABH79176936763201,2025-02-20,78310,1
PAY-34086,INV-61717,OMC-009,Dalbit Petroleum,GB53VXXX35615951484656,2025-05-19,63120,2
PAY-48354,INV-57751,OMC-019,Tanzania Petroleum,GB64OAXE62174596158657,2025-07-30,136541,1
PAY-13754,INV-75135,OMC-019,Tanzania Petroleum,GB64OAXE62174596158657,2025-03-31,49243,1
PAY-66833,INV-54656,OMC-003,Rubis Energy,GB04LOQO13315098393010,2025-09-06,29985,1
PAY-34810,INV-31432,OMC-015,Mombasa Petroleum,GB80WOIJ43135182337498,2026-07-03,50166,1
PAY-81629,INV-28362,OMC-017,KAA Aviation,GB54HVSS04902787429671,2026-04-08,108655,1
PAY-12391,INV-40622,OMC-020,Ethiopian Oil,GB08IVAZ74821759464743,2026-03-21,147250,1
PAY-91698,INV-14658,OMC-019,Tanzania Petroleum,GB64OAXE62174596158657,2025-04-11," KES 71,514 ",2
PAY-49883,INV-42683,OMC-014,Texol Energies,GB06ONXS45314737996507,2025-08-21,58478,1
PAY-21754,INV-64354,OMC-020,Ethiopian Oil,GB08IVAZ74821759464743,2025-04-30,141925,1
PAY-13516,INV-55187,OMC-014,Texol Energies,GB06ONXS45314737996507,2025-09-22,28881,1
PAY-47697,INV-19523,OMC-018,Uganda National Oil,GB73JRAR61317127484677,2025-07-06,212596,1
PAY-29915,INV-60557,OMC-016,KPA Marine,GB31MOOJ96499091334123,2025-06-05,110613,1
PAY-26890,INV-60492,OMC-009,Dalbit Petroleum,GB53VXXX35615951484656,2026-05-20,49081,2
PAY-33280,INV-95317,OMC-016,KPA Marine,GB31MOOJ96499091334123,2025-09-19,63701,2
PAY-30338,INV-32641,OMC-019,Tanzania Petroleum,GB64OAXE62174596158657,2026-07-29,119541,1
PAY-61311,INV-91682,OMC-010,Tamoil,GB34EABH79176936763201,2025-05-12,46265,1
PAY-19299,INV-98378,OMC-019,Tanzania Petroleum,GB64OAXE62174596158657,2025-12-06," KES 159,264 ",1
PAY-97530,INV-93857,OMC-003,Rubis Energy,GB04LOQO13315098393010,2025-09-06,189867,1
PAY-22402,INV-53989,OMC-012,Galana Energies,GB89GWUW86379402654235,2026-06-28,5676,2
PAY-64176,INV-60617,OMC-003,Rubis Energy,GB04LOQO13315098393010,,216640,1
PAY-51136,INV-22249,OMC-017,KAA Aviation,GB54HVSS04902787429671,2026-02-03,174320,1
PAY-19673,INV-44080,OMC-005,PetroOil Kenya,GB89GWUW86379402654235,2026-03-20,40398,1
PAY-35917,INV-87672,OMC-011,Hass Petroleum,GB56WGCN65876036690967,2026-05-01,242489,1
PAY-26963,INV-72040,OMC-008,National Oil,GB08NAFX56342160733754,2025-06-21,202936,1
PAY-57975,INV-83421,OMC-006,Hashi Energy,GB05QCFC91361939909169,2026-08-04,118236,1
PAY-49669,INV-31435,OMC-001,TotalEnergies Kenya,GB06DMIO52553419283276,2025-03-25,69198,1
PAY-85165,INV-57381,OMC-003,Rubis Energy,GB04LOQO13315098393010,2026-03-30,105669,1
PAY-48807,INV-88189,OMC-003,Rubis Energy,GB04LOQO13315098393010,2026-06-14,16081,2
PAY-14338,INV-44778,OMC-008,National Oil,GB08NAFX56342160733754,2025-04-13,6439,2
PAY-95967,INV-79460,OMC-018,Uganda National Oil,GB73JRAR61317127484677,2026-02-22,285622,1
PAY-62189,INV-45672,OMC-003,Rubis Energy,GB04LOQO13315098393010,2026-03-17,63383,2
PAY-12012,INV-78715,OMC-017,KAA Aviation,GB54HVSS04902787429671,2025-05-24,254975,1
PAY-46352,INV-90843,OMC-009,Dalbit Petroleum,GB53VXXX35615951484656,2026-08-04,39282,1
PAY-41966,INV-34196,OMC-007,Kobil,GB37IDDX82449353487401,2026-02-23,199381,1
PAY-92020,INV-39588,OMC-004,Gulf Energy,GB89GWUW86379402654235,2026-05-20,142016,1
PAY-20111,INV-86970,OMC-016,KPA Marine,GB31MOOJ96499091334123,2025-07-23,19473,1
PAY-77782,INV-32162,OMC-005,PetroOil Kenya,GB89GWUW86379402654235,2026-03-20,112430,1
PAY-99580,INV-93590,OMC-016,KPA Marine,GB31MOOJ96499091334123,2025-03-30,90147,2
PAY-75615,INV-25569,OMC-005,PetroOil Kenya,GB89GWUW86379402654235,2026-05-07," KES 40,385 ",1
PAY-91024,INV-82848,OMC-006,Hashi Energy,GB05QCFC91361939909169,2025-08-05,289804,1
PAY-69616,INV-93388,OMC-013,Lake Oil,GB88TEHE71937452991241,2025-05-01,45387,1
PAY-90805,INV-20090,OMC-004,Gulf Energy,GB89GWUW86379402654235,2026-05-02," KES 136,423 ",1
PAY-62251,INV-68117,OMC-008,National Oil,GB08NAFX56342160733754,2025-10-26,77156,1
PAY-53876,INV-78339,OMC-020,Ethiopian Oil,GB08IVAZ74821759464743,2025-10-11,33116,1
PAY-81233,INV-32675,OMC-016,KPA Marine,GB31MOOJ96499091334123,2026-07-12,114185,1
PAY-58633,INV-19911,OMC-013,Lake Oil,GB88TEHE71937452991241,2025-01-25,134226,1
PAY-97913,INV-11788,OMC-012,Galana Energies,GB89GWUW86379402654235,2026-05-19,93119,1
PAY-12051,INV-78602,OMC-005,PetroOil Kenya,GB89GWUW86379402654235,2026-03-28,13480,2
PAY-68206,INV-85341,OMC-002,Vivo Energy,GB45OQIR01845146270482,2025-03-21,54816,1
PAY-15789,INV-87160,OMC-008,National Oil,GB08NAFX56342160733754,2026-06-07,45710,1
PAY-71628,INV-44256,OMC-007,Kobil,GB37IDDX82449353487401,29/05/2026,96728,1
PAY-24561,INV-21739,OMC-007,Kobil,GB37IDDX82449353487401,2026-05-09,40069,1
PAY-38122,INV-21798,OMC-014,Texol Energies,GB06ONXS45314737996507,2025-07-11,66229,1
PAY-74699,INV-30057,OMC-016,KPA Marine,GB31MOOJ96499091334123,2026-06-05,77886,2
PAY-14791,INV-96794,OMC-016,KPA Marine,GB31MOOJ96499091334123,2025-05-23,17762,1
PAY-79272,INV-27669,OMC-003,Rubis Energy,GB04LOQO13315098393010,2025-02-14,23919,1
PAY-60254,INV-40897,OMC-004,Gulf Energy,GB89GWUW86379402654235,2026-06-02,19665,2
PAY-22946,INV-53966,OMC-011,Hass Petroleum,GB56WGCN65876036690967,2026-03-28,222509,1
PAY-66432,INV-63268,OMC-013,Lake Oil,GB88TEHE71937452991241,2025-09-26,165326,1
PAY-40287,INV-57180,OMC-001,TotalEnergies Kenya,GB06DMIO52553419283276,2025-07-27,170493,1
PAY-31696,INV-21073,OMC-005,PetroOil Kenya,GB89GWUW86379402654235,2026-04-14,52376,1
PAY-25810,INV-46022,OMC-005,PetroOil Kenya,GB89GWUW86379402654235,2026-04-09,142702,1
PAY-42800,INV-50926,OMC-005,PetroOil Kenya,GB89GWUW86379402654235,2026-04-30,135208,1
PAY-90889,INV-23801,OMC-018,Uganda National Oil,GB73JRAR61317127484677,2025-10-29," KES 11,094 ",2
PAY-24615,INV-72584,OMC-013,Lake Oil,GB88TEHE71937452991241,2025-04-14,110618,1
PAY-46421,INV-44403,OMC-007,Kobil,GB37IDDX82449353487401,2025-11-28,244532,1
PAY-72865,INV-53898,OMC-016,KPA Marine,GB31MOOJ96499091334123,2026-06-04,58211,2
PAY-62492,INV-89239,OMC-003,Rubis Energy,GB04LOQO13315098393010,2026-01-21,55565,1
PAY-24688,INV-51286,OMC-015,Mombasa Petroleum,GB80WOIJ43135182337498,,130878,1
PAY-49067,INV-59228,OMC-002,Vivo Energy,GB45OQIR01845146270482,2025-04-19,19539,1
PAY-49449,INV-20750,OMC-008,National Oil,GB08NAFX56342160733754,22/01/2026,32838,1
PAY-16886,INV-12665,OMC-016,KPA Marine,GB31MOOJ96499091334123,,70742,1
PAY-92517,INV-91491,OMC-007,Kobil,GB37IDDX82449353487401,2026-04-06,36746,2
PAY-99279,INV-35279,OMC-014,Texol Energies,GB06ONXS45314737996507,2025-06-29,15182,1
PAY-15535,INV-60494,OMC-014,Texol Energies,GB06ONXS45314737996507,2025-08-13,113053,1
PAY-75477,INV-94484,OMC-004,Gulf Energy,GB89GWUW86379402654235,2026-05-01,56377,2
PAY-90275,INV-76481,OMC-019,Tanzania Petroleum,GB64OAXE62174596158657,2025-06-27,96636,1
PAY-51836,INV-61246,OMC-014,Texol Energies,GB06ONXS45314737996507,2026-05-20,9459,2
PAY-80945,INV-71223,OMC-002,Vivo Energy,GB45OQIR01845146270482,2026-03-18,129910,1
PAY-11823,INV-58013,OMC-003,Rubis Energy,GB04LOQO13315098393010,2026-04-10,47032,1
PAY-21516,INV-53826,OMC-017,KAA Aviation,GB54HVSS04902787429671,2025-10-29,69373,1
PAY-66101,INV-21073,OMC-005,PetroOil Kenya,GB89GWUW86379402654235,2026-04-28,24377,2
PAY-32243,INV-57926,OMC-019,Tanzania Petroleum,GB64OAXE62174596158657,2025-06-27,32705,1
PAY-83013,INV-35882,OMC-013,Lake Oil,GB88TEHE71937452991241,2025-08-16,33671,1
PAY-99175,INV-16071,OMC-013,Lake Oil,GB88TEHE71937452991241,2026-07-15,110467,1
PAY-97727,INV-71695,OMC-020,Ethiopian Oil,GB08IVAZ74821759464743,2025-11-19," KES 47,904 ",1
PAY-91084,INV-36187,OMC-010,Tamoil,GB34EABH79176936763201,2025-12-05,38967,1
PAY-20048,INV-23357,OMC-007,Kobil,GB37IDDX82449353487401,2026-04-25,53527,1
PAY-87057,INV-11739,OMC-004,Gulf Energy,GB89GWUW86379402654235,2026-05-10,26691,2
PAY-12301,INV-99624,OMC-018,Uganda National Oil,GB73JRAR61317127484677,2026-05-19,89231,1
PAY-39380,INV-43010,OMC-001,TotalEnergies Kenya,GB06DMIO52553419283276,2025-11-15,38030,1
PAY-76464,INV-64377,OMC-005,PetroOil Kenya,GB89GWUW86379402654235,2026-05-18,12227,2
PAY-25503,INV-18454,OMC-009,Dalbit Petroleum,GB53VXXX35615951484656,2025-04-07,102581,2
PAY-96319,INV-53318,OMC-018,Uganda National Oil,GB73JRAR61317127484677,2026-06-17,156084,1
PAY-45575,INV-93395,OMC-002,Vivo Energy,GB45OQIR01845146270482,2025-02-13,266484,1
PAY-50898,INV-11189,OMC-016,KPA Marine,GB31MOOJ96499091334123,2025-02-20,181684,1
PAY-50456,INV-67866,OMC-009,Dalbit Petroleum,GB53VXXX35615951484656,2025-06-21,17615,1
PAY-58866,INV-51430,OMC-017,KAA Aviation,GB54HVSS04902787429671,2025-05-27,245018,1
PAY-27914,INV-72667,OMC-010,Tamoil,GB34EABH79176936763201,2025-02-10,196523,1
PAY-47251,INV-73021,OMC-018,Uganda National Oil,GB73JRAR61317127484677,2025-03-02,242527,1
PAY-48414,INV-56757,OMC-002,Vivo Energy,GB45OQIR01845146270482,08/06/2025,75195,2
PAY-49104,INV-27572,OMC-014,Texol Energies,GB06ONXS45314737996507,02/12/2025,103034,1
PAY-93208,INV-71302,OMC-011,Hass Petroleum,GB56WGCN65876036690967,2025-04-23,59432,1
PAY-85217,INV-11008,OMC-004,Gulf Energy,GB89GWUW86379402654235,2026-03-04,131222,1
PAY-44176,INV-70955,OMC-005,PetroOil Kenya,GB89GWUW86379402654235,10/05/2026,89079,1
PAY-70061,INV-56194,OMC-017,KAA Aviation,GB54HVSS04902787429671,2026-04-24,157386,1
PAY-37034,INV-27665,OMC-004,Gulf Energy,GB89GWUW86379402654235,2026-04-22,157066,1
PAY-13681,INV-93070,OMC-006,Hashi Energy,GB05QCFC91361939909169,2026-08-16," KES 23,939 ",1
PAY-72537,INV-70105,OMC-002,Vivo Energy,GB45OQIR01845146270482,2025-10-21,177451,1
PAY-81518,INV-31874,OMC-008,National Oil,GB08NAFX56342160733754,2025-06-07,142540,1
PAY-12747,INV-28009,OMC-019,Tanzania Petroleum,GB64OAXE62174596158657,2026-04-16,135253,1
PAY-74971,INV-84829,OMC-017,KAA Aviation,GB54HVSS04902787429671,2026-03-13,54103,1
PAY-90040,INV-54709,OMC-012,Galana Energies,GB89GWUW86379402654235,2026-05-26,151256,1
PAY-77474,INV-49878,OMC-018,Uganda National Oil,GB73JRAR61317127484677,2026-04-11,53453,1
PAY-62302,INV-78849,OMC-005,PetroOil Kenya,GB89GWUW86379402654235,,36145,1
PAY-88374,INV-52277,OMC-007,Kobil,GB37IDDX82449353487401,2026-05-17,101137,1
PAY-70828,INV-23290,OMC-018,Uganda National Oil,GB73JRAR61317127484677,2025-10-17,11657,2
PAY-82907,INV-97914,OMC-001,TotalEnergies Kenya,GB06DMIO52553419283276,2026-06-16,22538,2
PAY-61919,INV-31025,OMC-009,Dalbit Petroleum,GB53VXXX35615951484656,2026-07-30," KES 77,652 ",2
PAY-89057,INV-16603,OMC-008,National Oil,GB08NAFX56342160733754,2026-02-14,14338,1
PAY-93650,INV-20589,OMC-010,Tamoil,GB34EABH79176936763201,2026-04-24,153048,1
PAY-90600,INV-87528,OMC-018,Uganda National Oil,GB73JRAR61317127484677,2025-12-22,81556,1
PAY-60754,INV-92388,OMC-007,Kobil,GB37IDDX82449353487401,27/06/2026,22087,1
PAY-88880,INV-62323,OMC-016,KPA Marine,GB31MOOJ96499091334123,2026-03-01,47341,1
PAY-49758,INV-64358,OMC-008,National Oil,GB08NAFX56342160733754,2026-05-27,261616,1
PAY-49022,INV-66954,OMC-018,Uganda National Oil,GB73JRAR61317127484677,2025-12-25,8824,2
PAY-66622,INV-36396,OMC-013,Lake Oil,GB88TEHE71937452991241,2025-12-16,239010,1
PAY-28525,INV-67832,OMC-019,Tanzania Petroleum,GB64OAXE62174596158657,2025-07-31,183461,1
PAY-39118,INV-64103,OMC-019,Tanzania Petroleum,GB64OAXE62174596158657,2025-09-16," KES 75,587 ",1
PAY-82597,INV-37798,OMC-001,TotalEnergies Kenya,GB06DMIO52553419283276,2026-02-24,181245,1
PAY-15639,INV-34238,OMC-016,KPA Marine,GB31MOOJ96499091334123,2025-08-10,242451,1
PAY-70159,INV-52704,OMC-001,TotalEnergies Kenya,GB06DMIO52553419283276,2026-03-06," KES 103,892 ",1
PAY-91253,INV-60716,OMC-013,Lake Oil,GB88TEHE71937452991241,2025-06-16," KES 93,387 ",1
PAY-25218,INV-10775,OMC-005,PetroOil Kenya,GB89GWUW86379402654235,2026-03-01,184706,1
PAY-77759,INV-10634,OMC-016,KPA Marine,GB31MOOJ96499091334123,2026-06-20,155497,1
PAY-21179,INV-81186,OMC-006,Hashi Energy,GB05QCFC91361939909169,2025-07-19,39136,1
PAY-65985,INV-41946,OMC-010,Tamoil,GB34EABH79176936763201,,36446,1
PAY-69472,INV-86617,OMC-008,National Oil,GB08NAFX56342160733754,2026-05-15,262029,1
PAY-16514,INV-21760,OMC-017,KAA Aviation,GB54HVSS04902787429671,2026-05-08,110663,1
PAY-77715,INV-39027,OMC-016,KPA Marine,GB31MOOJ96499091334123,2025-05-21,29727,1
PAY-52862,INV-49107,OMC-017,KAA Aviation,GB54HVSS04902787429671,2026-02-01,158683,1
PAY-81934,INV-77431,OMC-019,Tanzania Petroleum,GB64OAXE62174596158657,2026-07-20,196229,1
PAY-61938,INV-55903,OMC-001,TotalEnergies Kenya,GB06DMIO52553419283276,2026-07-13,51717,1
PAY-67427,INV-97901,OMC-005,PetroOil Kenya,GB89GWUW86379402654235,2026-04-02,81580,2
PAY-64759,INV-37924,OMC-015,Mombasa Petroleum,GB80WOIJ43135182337498,,23224,1
PAY-73855,INV-98047,OMC-011,Hass Petroleum,GB56WGCN65876036690967,2025-10-25,181457,1
PAY-62797,INV-97757,OMC-007,Kobil,GB37IDDX82449353487401,2025-04-04,36521,1
PAY-19849,INV-16622,OMC-008,National Oil,GB08NAFX56342160733754,2025-05-20,188028,1
PAY-49533,INV-30168,OMC-002,Vivo Energy,GB45OQIR01845146270482,2026-06-10,58918,2
PAY-11394,INV-15784,OMC-020,Ethiopian Oil,GB08IVAZ74821759464743,2026-04-29,244925,1
PAY-62079,INV-83259,OMC-017,KAA Aviation,GB54HVSS04902787429671,,45923,1
PAY-46958,INV-34752,OMC-006,Hashi Energy,GB05QCFC91361939909169,12/04/2025,126018,1
PAY-18160,INV-91307,OMC-002,Vivo Energy,GB45OQIR01845146270482,2026-02-11,257664,1
PAY-73404,INV-33203,OMC-013,Lake Oil,GB88TEHE71937452991241,2025-11-27,135163,1
PAY-69619,INV-66762,OMC-007,Kobil,GB37IDDX82449353487401,2026-04-01,212406,1
PAY-88174,INV-25809,OMC-017,KAA Aviation,GB54HVSS04902787429671,2025-12-29,32430,1
PAY-68171,INV-31717,OMC-008,National Oil,GB08NAFX56342160733754,2025-08-18,37358,1
PAY-68186,INV-23481,OMC-006,Hashi Energy,GB05QCFC91361939909169,2026-04-17,21274,1
PAY-87940,INV-40121,OMC-014,Texol Energies,GB06ONXS45314737996507,2025-05-12,161328,1
PAY-21268,INV-93430,OMC-007,Kobil,GB37IDDX82449353487401,2025-02-24,36058,1
PAY-27609,INV-42868,OMC-011,Hass Petroleum,GB56WGCN65876036690967,2026-07-11,48104,1
PAY-31614,INV-86921,OMC-016,KPA Marine,GB31MOOJ96499091334123,2026-07-09,55090,1
PAY-63399,INV-10215,OMC-016,KPA Marine,GB31MOOJ96499091334123,2025-08-09,86909,1
PAY-43921,INV-82618,OMC-010,Tamoil,GB34EABH79176936763201,2026-01-15,200675,1
PAY-50263,INV-23680,OMC-014,Texol Energies,GB06ONXS45314737996507,2025-07-22,101481,1
PAY-64211,INV-99993,OMC-007,Kobil,GB37IDDX82449353487401,2025-07-31,46583,1
PAY-20698,INV-57903,OMC-015,Mombasa Petroleum,GB80WOIJ43135182337498,2025-09-08,168394,1
PAY-72220,INV-20823,OMC-019,Tanzania Petroleum,GB64OAXE62174596158657,2026-03-24,145784,1
PAY-30432,INV-48876,OMC-019,Tanzania Petroleum,GB64OAXE62174596158657,2025-05-14,95542,1
PAY-27858,INV-60294,OMC-016,KPA Marine,GB31MOOJ96499091334123,2026-01-07,41047,1
PAY-19568,INV-95839,OMC-005,PetroOil Kenya,GB89GWUW86379402654235,2026-04-07,120986,1
PAY-87863,INV-20539,OMC-014,Texol Energies,GB06ONXS45314737996507,2025-09-09,22395,1
PAY-25701,INV-38038,OMC-002,Vivo Energy,GB45OQIR01845146270482,2025-03-07,189104,1
PAY-41353,INV-25024,OMC-005,PetroOil Kenya,GB89GWUW86379402654235,2026-05-22,102749,1
PAY-57147,INV-41473,OMC-014,Texol Energies,GB06ONXS45314737996507,2025-12-29,106911,1
PAY-95347,INV-79661,OMC-002,Vivo Energy,GB45OQIR01845146270482,2025-07-14,26566,1
PAY-24339,INV-46027,OMC-009,Dalbit Petroleum,GB53VXXX35615951484656,2026-05-12,46126,2
PAY-48343,INV-69170,OMC-018,Uganda National Oil,GB73JRAR61317127484677,2025-07-16,134351,1
PAY-32672,INV-40861,OMC-005,PetroOil Kenya,GB89GWUW86379402654235,2026-05-01,65624,2
PAY-96875,INV-39801,OMC-001,TotalEnergies Kenya,GB06DMIO52553419283276,2026-04-16,158341,1
PAY-71210,INV-74196,OMC-003,Rubis Energy,GB04LOQO13315098393010,2026-02-10,251838,1
PAY-76403,INV-26736,OMC-007,Kobil,GB37IDDX82449353487401,2026-07-20,226014,1
PAY-55159,INV-85586,OMC-006,Hashi Energy,GB05QCFC91361939909169,,103363,1
PAY-69196,INV-15942,OMC-018,Uganda National Oil,GB73JRAR61317127484677,2025-10-05,188805,1
PAY-68706,INV-39819,OMC-004,Gulf Energy,GB89GWUW86379402654235,2026-05-28,34115,2
PAY-51496,INV-90351,OMC-008,National Oil,GB08NAFX56342160733754,2026-02-06," KES 250,278 ",1
PAY-27999,INV-98630,OMC-010,Tamoil,GB34EABH79176936763201,2025-12-08,139224,1
PAY-44106,INV-20643,OMC-004,Gulf Energy,GB89GWUW86379402654235,2026-04-07,36253,1
PAY-84488,INV-55659,OMC-009,Dalbit Petroleum,GB53VXXX35615951484656,2025-11-19,106142,1
PAY-20710,INV-98636,OMC-014,Texol Energies,GB06ONXS45314737996507,2025-12-30,113858,1
PAY-84634,INV-59375,OMC-013,Lake Oil,GB88TEHE71937452991241,2025-05-24,252593,1
PAY-39004,INV-61862,OMC-016,KPA Marine,GB31MOOJ96499091334123,2025-06-20,41096,1
PAY-31707,INV-65286,OMC-006,Hashi Energy,GB05QCFC91361939909169,2025-12-24,128395,1
PAY-48782,INV-54843,OMC-020,Ethiopian Oil,GB08IVAZ74821759464743,2026-06-09,41507,1
PAY-63428,INV-15721,OMC-010,Tamoil,GB34EABH79176936763201,2026-04-17,118913,1
PAY-77341,INV-52643,OMC-016,KPA Marine,GB31MOOJ96499091334123,2025-12-25,15548,1
PAY-93813,INV-87222,OMC-008,National Oil,GB08NAFX56342160733754,2026-08-02,100832,2
PAY-52412,INV-25928,OMC-011,Hass Petroleum,GB56WGCN65876036690967,2025-10-28,126093,1
PAY-79359,INV-54447,OMC-012,Galana Energies,GB89GWUW86379402654235,2026-03-21,218389,1
PAY-50005,INV-13996,OMC-017,KAA Aviation,GB54HVSS04902787429671,2025-10-20,218860,1
PAY-99010,INV-92800,OMC-011,Hass Petroleum,GB56WGCN65876036690967,2026-08-06,33147,1
PAY-50424,INV-44384,OMC-019,Tanzania Petroleum,GB64OAXE62174596158657,2025-10-04,159543,1
PAY-35375,INV-75731,OMC-001,TotalEnergies Kenya,GB06DMIO52553419283276,2026-04-04,36648,2
PAY-10939,INV-51349,OMC-007,Kobil,GB37IDDX82449353487401,08/02/2025,38226,1
PAY-24956,INV-97321,OMC-002,Vivo Energy,GB45OQIR01845146270482,2026-05-13,37288,1
PAY-13106,INV-68883,OMC-001,TotalEnergies Kenya,GB06DMIO52553419283276,,178117,1
PAY-68978,INV-21757,OMC-007,Kobil,GB37IDDX82449353487401,2026-07-21,75889,1
PAY-99010,INV-32853,OMC-018,Uganda National Oil,GB73JRAR61317127484677,2025-10-11,119740,1
PAY-99295,INV-27728,OMC-003,Rubis Energy,GB04LOQO13315098393010,2025-11-09,29651,1
PAY-56191,INV-77163,OMC-008,National Oil,GB08NAFX56342160733754,2025-05-05,247096,1
PAY-38235,INV-31889,OMC-011,Hass Petroleum,GB56WGCN65876036690967,2025-12-28,193243,1
PAY-45376,INV-77855,OMC-001,TotalEnergies Kenya,GB06DMIO52553419283276,2026-03-17,133536,1
PAY-73977,INV-37236,OMC-002,Vivo Energy,GB45OQIR01845146270482,2025-03-01,27710,1
PAY-45862,INV-66719,OMC-004,Gulf Energy,GB89GWUW86379402654235,2026-04-07,33363,1
PAY-78841,INV-41365,OMC-007,Kobil,GB37IDDX82449353487401,2025-05-11,242514,1
PAY-69198,INV-71164,OMC-009,Dalbit Petroleum,GB53VXXX35615951484656,2025-05-16,179050,1
PAY-94413,INV-28193,OMC-006,Hashi Energy,GB05QCFC91361939909169,2025-09-03,128863,1
PAY-82180,INV-16916,OMC-009,Dalbit Petroleum,GB53VXXX35615951484656,2025-07-15,193368,1
PAY-16426,INV-73110,OMC-007,Kobil,GB37IDDX82449353487401,2025-09-29,133670,1
PAY-21295,INV-18463,OMC-013,Lake Oil,GB88TEHE71937452991241,2025-12-01,143527,1
PAY-43320,INV-93621,OMC-002,Vivo Energy,GB45OQIR01845146270482,2025-07-31,24278,1
PAY-71344,INV-94223,OMC-015,Mombasa Petroleum,GB80WOIJ43135182337498,2026-03-22,42120,1
PAY-72488,INV-33466,OMC-013,Lake Oil,GB88TEHE71937452991241,2025-03-14,26777,1
PAY-90473,INV-39812,OMC-015,Mombasa Petroleum,GB80WOIJ43135182337498,2026-03-14,226878,1
PAY-26783,INV-29510,OMC-018,Uganda National Oil,GB73JRAR61317127484677,2025-10-01,251442,1
PAY-88651,INV-36862,OMC-002,Vivo Energy,GB45OQIR01845146270482,2026-05-29,34069,1
PAY-38399,INV-77193,OMC-015,Mombasa Petroleum,GB80WOIJ43135182337498,2025-10-02,59784,1
PAY-17306,INV-97068,OMC-018,Uganda National Oil,GB73JRAR61317127484677,2025-04-19,35703,1
PAY-74453,INV-52688,OMC-008,National Oil,GB08NAFX56342160733754,2025-07-01,122657,1
PAY-45829,INV-71994,OMC-009,Dalbit Petroleum,GB53VXXX35615951484656,2025-09-03,144740,1
PAY-39934,INV-13974,OMC-007,Kobil,GB37IDDX82449353487401,2026-08-13,257806,1
PAY-77164,INV-99360,OMC-017,KAA Aviation,GB54HVSS04902787429671,2025-09-18,33795,1
PAY-59197,INV-55990,OMC-001,TotalEnergies Kenya,GB06DMIO52553419283276,2025-05-11,145129,1
PAY-43598,INV-17570,OMC-013,Lake Oil,GB88TEHE71937452991241,2026-07-16,205517,1
PAY-97239,INV-68351,OMC-018,Uganda National Oil,GB73JRAR61317127484677,2025-10-10,127718,1
PAY-19297,INV-14267,OMC-012,Galana Energies,GB89GWUW86379402654235,2026-04-03,237132,1
PAY-90561,INV-82564,OMC-012,Galana Energies,GB89GWUW86379402654235,2026-03-26," KES 25,380 ",1
PAY-39117,INV-70723,OMC-020,Ethiopian Oil,GB08IVAZ74821759464743,2025-05-12,52444,1
PAY-15744,INV-18961,OMC-003,Rubis Energy,GB04LOQO13315098393010,2025-03-20,200790,1
PAY-81865,INV-44531,OMC-008,National Oil,GB08NAFX56342160733754,2025-07-04,12647,2
PAY-38060,INV-14981,OMC-002,Vivo Energy,GB45OQIR01845146270482,2026-01-02,210188,1
PAY-30918,INV-85412,OMC-009,Dalbit Petroleum,GB53VXXX35615951484656,2026-02-16,139531,1
PAY-19627,INV-19226,OMC-013,Lake Oil,GB88TEHE71937452991241,2026-08-05,41837,1
PAY-88231,INV-31805,OMC-018,Uganda National Oil,GB73JRAR61317127484677,20/04/2025,60056,1
PAY-95477,INV-65332,OMC-014,Texol Energies,GB06ONXS45314737996507,2025-03-25,295790,1
PAY-52387,INV-93852,OMC-005,PetroOil Kenya,GB89GWUW86379402654235,2026-04-01,21916,1
PAY-13910,INV-70157,OMC-004,Gulf Energy,GB89GWUW86379402654235,2026-05-11,13684,2
PAY-10100,INV-47273,OMC-016,KPA Marine,GB31MOOJ96499091334123,2025-08-09,30939,1
PAY-15306,INV-28064,OMC-011,Hass Petroleum,GB56WGCN65876036690967,2025-10-02,147936,1
PAY-15051,INV-45386,OMC-018,Uganda National Oil,GB73JRAR61317127484677,2026-03-19,168190,1
PAY-43985,INV-93624,OMC-016,KPA Marine,GB31MOOJ96499091334123,2025-06-13,15594,2
PAY-57313,INV-94012,OMC-011,Hass Petroleum,GB56WGCN65876036690967,2025-11-25,174593,1
PAY-51270,INV-62056,OMC-018,Uganda National Oil,GB73JRAR61317127484677,2025-09-15,212432,1
PAY-61045,INV-52829,OMC-005,PetroOil Kenya,GB89GWUW86379402654235,2026-03-05,57517,1
PAY-23609,INV-93774,OMC-009,Dalbit Petroleum,GB53VXXX35615951484656,2025-05-19,24161,1
PAY-46127,INV-87017,OMC-004,Gulf Energy,GB89GWUW86379402654235,2026-03-26,20408,1
PAY-63034,INV-59834,OMC-018,Uganda National Oil,GB73JRAR61317127484677,2025-05-25,25511,1
PAY-63283,INV-74500,OMC-020,Ethiopian Oil,GB08IVAZ74821759464743,2025-06-15,58955,1
PAY-49844,INV-96472,OMC-013,Lake Oil,GB88TEHE71937452991241,2025-05-31,60596,1
PAY-67951,INV-38065,OMC-001,TotalEnergies Kenya,GB06DMIO52553419283276,2026-07-03,54035,1
PAY-26343,INV-64416,OMC-016,KPA Marine,GB31MOOJ96499091334123,2025-03-17,41137,2
PAY-12472,INV-64377,OMC-005,PetroOil Kenya,GB89GWUW86379402654235,2026-04-29,32705,1
PAY-77630,INV-34187,OMC-012,Galana Energies,GB89GWUW86379402654235,2026-07-05,6436,2
PAY-57543,INV-54287,OMC-003,Rubis Energy,GB04LOQO13315098393010,2025-03-17,226647,1
PAY-98321,INV-16710,OMC-012,Galana Energies,GB89GWUW86379402654235,2026-06-08," KES 16,248 ",2
PAY-92776,INV-42175,OMC-019,Tanzania Petroleum,GB64OAXE62174596158657,2025-03-22,27590,1
PAY-68740,INV-99710,OMC-011,Hass Petroleum,GB56WGCN65876036690967,2026-06-09,177870,1
PAY-77550,INV-20482,OMC-002,Vivo Energy,GB45OQIR01845146270482,2025-08-07,45683,2
PAY-74912,INV-80561,OMC-002,Vivo Energy,GB45OQIR01845146270482,,298567,1
PAY-40235,INV-37737,OMC-016,KPA Marine,GB31MOOJ96499091334123,2026-07-24,103058,1
PAY-33979,INV-15378,OMC-020,Ethiopian Oil,GB08IVAZ74821759464743,2026-07-18," KES 212,240 ",1
PAY-20958,INV-22288,OMC-010,Tamoil,GB34EABH79176936763201,2025-06-14,47376,1
PAY-34927,INV-61206,OMC-004,Gulf Energy,GB89GWUW86379402654235,2026-04-07,108664,2
PAY-14679,INV-40189,OMC-003,Rubis Energy,GB04LOQO13315098393010,2025-05-26,27996,1
PAY-12624,INV-84212,OMC-008,National Oil,GB08NAFX56342160733754,2025-05-06,234736,1
PAY-73907,INV-11566,OMC-001,TotalEnergies Kenya,GB06DMIO52553419283276,2026-01-13,41348,1
PAY-96050,INV-42725,OMC-013,Lake Oil,GB88TEHE71937452991241,2026-02-13,143606,1
PAY-59328,INV-68447,OMC-016,KPA Marine,GB31MOOJ96499091334123,2025-05-30,135086,1
PAY-37194,INV-78843,OMC-014,Texol Energies,GB06ONXS45314737996507,2025-11-10,250429,1
PAY-78269,INV-53689,OMC-019,Tanzania Petroleum,GB64OAXE62174596158657,2026-01-16,30625,1
PAY-87746,INV-19212,OMC-001,TotalEnergies Kenya,GB06DMIO52553419283276,2026-01-16,249283,1
PAY-97839,INV-92007,OMC-017,KAA Aviation,GB54HVSS04902787429671,2026-05-15,136324,1
PAY-87294,INV-71711,OMC-006,Hashi Energy,GB05QCFC91361939909169,2025-08-29,27171,1
PAY-19120,INV-71929,OMC-008,National Oil,GB08NAFX56342160733754,2025-02-01,202621,1
PAY-19129,INV-31264,OMC-016,KPA Marine,GB31MOOJ96499091334123,2025-11-16,81158,1
PAY-96338,INV-35853,OMC-018,Uganda National Oil,GB73JRAR61317127484677,2025-10-07,205703,1
PAY-37030,INV-75623,OMC-017,KAA Aviation,GB54HVSS04902787429671,2025-04-07,176587,1
PAY-10228,INV-76572,OMC-013,Lake Oil,GB88TEHE71937452991241,2025-07-31,139570,1
PAY-62310,INV-46638,OMC-016,KPA Marine,GB31MOOJ96499091334123,2026-02-07,148114,1
PAY-11171,INV-13478,OMC-001,TotalEnergies Kenya,GB06DMIO52553419283276,2025-11-05,34999,1
PAY-82333,INV-34292,OMC-017,KAA Aviation,GB54HVSS04902787429671,2026-03-17,37909,1
PAY-36780,INV-77306,OMC-007,Kobil,GB37IDDX82449353487401,2026-01-26,35365,1
PAY-40779,INV-53511,OMC-006,Hashi Energy,GB05QCFC91361939909169,02/09/2025,46501,1
PAY-42102,INV-91677,OMC-020,Ethiopian Oil,GB08IVAZ74821759464743,2026-06-29,279073,1
PAY-16460,INV-69017,OMC-005,PetroOil Kenya,GB89GWUW86379402654235,17/03/2026,132265,2
PAY-11153,INV-41330,OMC-013,Lake Oil,GB88TEHE71937452991241,,93546,1
PAY-59649,INV-74362,OMC-009,Dalbit Petroleum,GB53VXXX35615951484656,01/03/2026,46093,1
PAY-46599,INV-64378,OMC-015,Mombasa Petroleum,GB80WOIJ43135182337498,2025-04-05,272531,1
PAY-76264,INV-47813,OMC-005,PetroOil Kenya,GB89GWUW86379402654235,2026-06-06,190132,1
PAY-43377,INV-15912,OMC-015,Mombasa Petroleum,GB80WOIJ43135182337498,2025-10-19,266560,1
PAY-42938,INV-78513,OMC-004,Gulf Energy,GB89GWUW86379402654235,2026-05-08," KES 55,395 ",1
PAY-19851,INV-20689,OMC-004,Gulf Energy,GB89GWUW86379402654235,2026-06-17,71078,1
PAY-27502,INV-65407,OMC-005,PetroOil Kenya,GB89GWUW86379402654235,2026-05-10,18186,2
PAY-57773,INV-83985,OMC-002,Vivo Energy,GB45OQIR01845146270482,2026-04-07,141258,1
PAY-99854,INV-36490,OMC-012,Galana Energies,GB89GWUW86379402654235,2026-05-05,82296,2
PAY-30874,INV-70243,OMC-017,KAA Aviation,GB54HVSS04902787429671,2026-01-26,172635,1
PAY-96658,INV-47529,OMC-007,Kobil,GB37IDDX82449353487401,2025-12-04,45030,1
PAY-91515,INV-28870,OMC-014,Texol Energies,GB06ONXS45314737996507,2026-05-02," KES 11,131 ",2
PAY-74253,INV-85380,OMC-012,Galana Energies,GB89GWUW86379402654235,2026-04-23,110202,1
PAY-37117,INV-90120,OMC-008,National Oil,GB08NAFX56342160733754,07/07/2025,128076,1
PAY-29002,INV-59311,OMC-005,PetroOil Kenya,GB89GWUW86379402654235,2026-06-14,95318,1
PAY-95080,INV-16949,OMC-018,Uganda National Oil,GB73JRAR61317127484677,2026-01-13,244699,1
PAY-64815,INV-65955,OMC-003,Rubis Energy,GB04LOQO13315098393010,2026-04-17,80374,1
PAY-28088,INV-29464,OMC-006,Hashi Energy,GB05QCFC91361939909169,2026-05-21,189871,1
PAY-28464,INV-69822,OMC-013,Lake Oil,GB88TEHE71937452991241,2025-11-21,24211,1
PAY-96664,INV-10184,OMC-010,Tamoil,GB34EABH79176936763201,2025-10-01,210932,1
PAY-54009,INV-90508,OMC-005,PetroOil Kenya,GB89GWUW86379402654235,2026-05-20,15990,2
PAY-91430,INV-63882,OMC-016,KPA Marine,GB31MOOJ96499091334123,2025-11-25,109611,1
PAY-79035,INV-22788,OMC-004,Gulf Energy,GB89GWUW86379402654235,17/05/2026,54648,1
PAY-81538,INV-14238,OMC-009,Dalbit Petroleum,GB53VXXX35615951484656,2026-05-07,58948,1
PAY-12409,INV-38424,OMC-004,Gulf Energy,GB89GWUW86379402654235,2026-02-27,32026,1
PAY-87772,INV-39620,OMC-016,KPA Marine,GB31MOOJ96499091334123,2025-03-16,182883,1
PAY-20094,INV-61089,OMC-012,Galana Energies,GB89GWUW86379402654235,2026-04-14,99013,1
PAY-45666,INV-80726,OMC-017,KAA Aviation,GB54HVSS04902787429671,2025-08-01,100288,1
PAY-55206,INV-90642,OMC-015,Mombasa Petroleum,GB80WOIJ43135182337498,2026-03-31,209058,1
PAY-98546,INV-62734,OMC-008,National Oil,GB08NAFX56342160733754,2026-03-16,36502,1
PAY-56922,INV-43957,OMC-009,Dalbit Petroleum,GB53VXXX35615951484656,2025-09-18,125535,2
PAY-12992,INV-10272,OMC-003,Rubis Energy,GB04LOQO13315098393010,2025-04-24,10710,2
PAY-11326,INV-60496,OMC-019,Tanzania Petroleum,GB64OAXE62174596158657,2026-05-11,40736,1
PAY-46284,INV-34301,OMC-014,Texol Energies,GB06ONXS45314737996507,2026-01-17,43197,2
PAY-67932,INV-54629,OMC-006,Hashi Energy,GB05QCFC91361939909169,11/09/2025,24489,1
PAY-77778,INV-93359,OMC-003,Rubis Energy,GB04LOQO13315098393010,2026-08-06,138052,1
PAY-80637,INV-61384,OMC-006,Hashi Energy,GB05QCFC91361939909169,2025-05-14,274840,1
PAY-42683,INV-29312,OMC-015,Mombasa Petroleum,GB80WOIJ43135182337498,2026-01-01,20405,1
PAY-91393,INV-47524,OMC-007,Kobil,GB37IDDX82449353487401,2025-02-06,123177,1
PAY-41710,INV-25707,OMC-007,Kobil,GB37IDDX82449353487401,2026-04-10,95141,1
PAY-20160,INV-92228,OMC-017,KAA Aviation,GB54HVSS04902787429671,2026-02-06,34577,1
PAY-74051,INV-14023,OMC-013,Lake Oil,GB88TEHE71937452991241,2026-06-10,268298,1
PAY-15971,INV-73180,OMC-001,TotalEnergies Kenya,GB06DMIO52553419283276,2025-08-05,36947,1
PAY-93588,INV-79563,OMC-011,Hass Petroleum,GB56WGCN65876036690967,2025-10-16,49301,1
PAY-32234,INV-31196,OMC-019,Tanzania Petroleum,GB64OAXE62174596158657,2026-04-30," KES 132,898 ",1
PAY-17967,INV-17728,OMC-013,Lake Oil,GB88TEHE71937452991241,2025-02-26,257608,1
PAY-16182,INV-31556,OMC-012,Galana Energies,GB89GWUW86379402654235,2026-06-26,41767,2
PAY-23872,INV-44262,OMC-005,PetroOil Kenya,GB89GWUW86379402654235,2026-03-26,50504,1
PAY-67273,INV-75488,OMC-009,Dalbit Petroleum,GB53VXXX35615951484656,2026-03-12,271683,1
PAY-74531,INV-30821,OMC-006,Hashi Energy,GB05QCFC91361939909169,08/04/2025,196430,1
PAY-16703,INV-63821,OMC-018,Uganda National Oil,GB73JRAR61317127484677,2025-11-18,198544,1
PAY-24951,INV-19898,OMC-017,KAA Aviation,GB54HVSS04902787429671,2026-01-01,34639,1
PAY-10207,INV-62947,OMC-002,Vivo Energy,GB45OQIR01845146270482,2025-09-27,92117,1
PAY-72342,INV-85455,OMC-009,Dalbit Petroleum,GB53VXXX35615951484656,2026-06-21,177619,1
PAY-50751,INV-18648,OMC-001,TotalEnergies Kenya,GB06DMIO52553419283276,,63192,2
PAY-50755,INV-25296,OMC-016,KPA Marine,GB31MOOJ96499091334123,2025-03-16,50309,2
PAY-22547,INV-21654,OMC-011,Hass Petroleum,GB56WGCN65876036690967,,104304,1
PAY-41538,INV-51082,OMC-008,National Oil,GB08NAFX56342160733754,2026-04-13,59973,1
PAY-99676,INV-98104,OMC-015,Mombasa Petroleum,GB80WOIJ43135182337498,2026-01-22,171584,1
PAY-52768,INV-43291,OMC-016,KPA Marine,GB31MOOJ96499091334123,2025-12-15,64194,2
PAY-41344,INV-38059,OMC-011,Hass Petroleum,GB56WGCN65876036690967,,226215,1
PAY-62232,INV-38924,OMC-014,Texol Energies,GB06ONXS45314737996507,2026-03-18,19072,1
PAY-69943,INV-19673,OMC-011,Hass Petroleum,GB56WGCN65876036690967,2025-10-09,128219,1
PAY-33433,INV-98458,OMC-017,KAA Aviation,GB54HVSS04902787429671,2026-01-28,104307,1
PAY-93248,INV-20821,OMC-012,Galana Energies,GB89GWUW86379402654235,2026-04-23,42536,1
PAY-39288,INV-16693,OMC-018,Uganda National Oil,GB73JRAR61317127484677,2025-08-30,34723,1
PAY-74966,INV-58998,OMC-017,KAA Aviation,GB54HVSS04902787429671,12/01/2026,195089,1
PAY-25718,INV-71669,OMC-013,Lake Oil,GB88TEHE71937452991241,2025-03-09,218620,1
PAY-88231,INV-31805,OMC-018,Uganda National Oil,GB73JRAR61317127484677,2025-04-20,60056,1
PAY-29829,INV-83334,OMC-005,PetroOil Kenya,GB89GWUW86379402654235,2026-04-09,34051,1
PAY-79970,INV-46996,OMC-006,Hashi Energy,GB05QCFC91361939909169,2025-09-02,42361,1
PAY-97930,INV-26592,OMC-008,National Oil,GB08NAFX56342160733754,2026-08-23,12413,2
PAY-31550,INV-44976,OMC-008,National Oil,GB08NAFX56342160733754,2025-07-06,171986,1
PAY-28502,INV-76826,OMC-010,Tamoil,GB34EABH79176936763201,2025-07-27,106115,1
PAY-94218,INV-63822,OMC-019,Tanzania Petroleum,GB64OAXE62174596158657,2026-02-10," KES 79,529 ",1
PAY-93942,INV-90158,OMC-006,Hashi Energy,GB05QCFC91361939909169,2025-09-27,190887,1
PAY-17121,INV-22232,OMC-004,Gulf Energy,GB89GWUW86379402654235,2026-06-09,88801,1
PAY-36142,INV-15956,OMC-002,Vivo Energy,GB45OQIR01845146270482,2025-08-19,43075,1
PAY-95867,INV-40561,OMC-012,Galana Energies,GB89GWUW86379402654235,2026-03-18,154693,1
PAY-51523,INV-19650,OMC-011,Hass Petroleum,GB56WGCN65876036690967,2025-08-24,115968,1
PAY-84010,INV-52744,OMC-013,Lake Oil,GB88TEHE71937452991241,2025-02-10,170721,1
PAY-12778,INV-75089,OMC-006,Hashi Energy,GB05QCFC91361939909169,2025-04-18,283795,1
PAY-71165,INV-39725,OMC-015,Mombasa Petroleum,GB80WOIJ43135182337498,2026-03-24,138817,1
PAY-19008,INV-18640,OMC-004,Gulf Energy,GB89GWUW86379402654235,2026-02-28,67107,1
PAY-88886,INV-63131,OMC-018,Uganda National Oil,GB73JRAR61317127484677,2026-03-14,241128,1
PAY-14690,INV-23680,OMC-014,Texol Energies,GB06ONXS45314737996507,2025-08-06,87280,2
PAY-16513,INV-95794,OMC-001,TotalEnergies Kenya,GB06DMIO52553419283276,2025-09-30,37646,1
PAY-87169,INV-79740,OMC-019,Tanzania Petroleum,GB64OAXE62174596158657,2025-09-07,24614,1
PAY-82700,INV-76839,OMC-002,Vivo Energy,GB45OQIR01845146270482,05/12/2025,19918,1
PAY-29846,INV-26438,OMC-019,Tanzania Petroleum,GB64OAXE62174596158657,2025-07-02," KES 123,781 ",1
PAY-49033,INV-46998,OMC-004,Gulf Energy,GB89GWUW86379402654235,2026-05-14,33495,1
PAY-52111,INV-11357,OMC-018,Uganda National Oil,GB73JRAR61317127484677,2026-02-10,61937,1
PAY-38744,INV-14765,OMC-001,TotalEnergies Kenya,GB06DMIO52553419283276,2025-04-12,66568,2
PAY-83174,INV-25988,OMC-007,Kobil,GB37IDDX82449353487401,2026-03-26,192943,1
PAY-80343,INV-95628,OMC-001,TotalEnergies Kenya,GB06DMIO52553419283276,2025-10-12,130332,1
PAY-39079,INV-50845,OMC-001,TotalEnergies Kenya,GB06DMIO52553419283276,2026-08-31,145656,2
PAY-30010,INV-84020,OMC-003,Rubis Energy,GB04LOQO13315098393010,25/10/2025,160286,1
PAY-67584,INV-23175,OMC-009,Dalbit Petroleum,GB53VXXX35615951484656,,162877,1
PAY-47702,INV-41419,OMC-013,Lake Oil,GB88TEHE71937452991241,2025-10-21,31969,1
PAY-45305,INV-44034,OMC-001,TotalEnergies Kenya,GB06DMIO52553419283276,2026-06-14,12273,2
PAY-41401,INV-91697,OMC-002,Vivo Energy,GB45OQIR01845146270482,24/09/2025,177356,1
PAY-45830,INV-77135,OMC-014,Texol Energies,GB06ONXS45314737996507,2025-09-26,55326,1
PAY-90938,INV-75472,OMC-002,Vivo Energy,GB45OQIR01845146270482,,58706,1
PAY-53159,INV-94484,OMC-004,Gulf Energy,GB89GWUW86379402654235,2026-04-03,218760,1
PAY-67938,INV-68549,OMC-015,Mombasa Petroleum,GB80WOIJ43135182337498,2025-03-03,36156,1
PAY-46429,INV-31264,OMC-016,KPA Marine,GB31MOOJ96499091334123,2025-12-08,76582,2
PAY-49814,INV-33426,OMC-013,Lake Oil,GB88TEHE71937452991241,2026-01-30,250838,1
PAY-57857,INV-22770,OMC-013,Lake Oil,GB88TEHE71937452991241,2025-05-19,58035,1
PAY-47524,INV-86617,OMC-003,Rubis Energy,GB04LOQO13315098393010,2025-10-10,32360,1
PAY-83296,INV-16846,OMC-011,Hass Petroleum,GB56WGCN65876036690967,2025-04-04,34045,1
PAY-50983,INV-52725,OMC-009,Dalbit Petroleum,GB53VXXX35615951484656,2025-10-15," KES 44,866 ",1
PAY-34262,INV-25208,OMC-015,Mombasa Petroleum,GB80WOIJ43135182337498,2026-06-14,277840,1
PAY-37049,INV-79641,OMC-005,PetroOil Kenya,GB89GWUW86379402654235,2026-02-23,301885,1
PAY-41947,INV-98502,OMC-010,Tamoil,GB34EABH79176936763201,2025-10-19,31943,1
PAY-56170,INV-38090,OMC-007,Kobil,GB37IDDX82449353487401,2026-01-16,41440,1
PAY-77288,INV-49817,OMC-017,KAA Aviation,GB54HVSS04902787429671,2025-01-28," KES 36,294 ",1
PAY-42810,INV-65888,OMC-006,Hashi Energy,GB05QCFC91361939909169,2026-01-01,197347,1
PAY-39912,INV-31742,OMC-003,Rubis Energy,GB04LOQO13315098393010,2025-11-25,58803,1
PAY-96400,INV-56553,OMC-020,Ethiopian Oil,GB08IVAZ74821759464743,2025-06-02,14632,1
PAY-52946,INV-97514,OMC-005,PetroOil Kenya,GB89GWUW86379402654235,11/06/2026,125345,1
PAY-98910,INV-11151,OMC-001,TotalEnergies Kenya,GB06DMIO52553419283276,2025-10-29,29391,1
PAY-46273,INV-74730,OMC-004,Gulf Energy,GB89GWUW86379402654235,2026-04-04,122398,1
PAY-57784,INV-36721,OMC-019,Tanzania Petroleum,GB64OAXE62174596158657,2025-09-21,274829,1
PAY-39791,INV-33035,OMC-002,Vivo Energy,GB45OQIR01845146270482,01/03/2026,90172,2
PAY-75339,INV-36765,OMC-019,Tanzania Petroleum,GB64OAXE62174596158657,2025-09-22," KES 22,161 ",1
PAY-75753,INV-79535,OMC-007,Kobil,GB37IDDX82449353487401,04/07/2026,218129,1
PAY-88652,INV-91607,OMC-007,Kobil,GB37IDDX82449353487401,2026-02-21,62972,2
PAY-85907,INV-44541,OMC-002,Vivo Energy,GB45OQIR01845146270482,,279139,1
PAY-75767,INV-96725,OMC-013,Lake Oil,GB88TEHE71937452991241,2026-08-02,30049,1
PAY-57049,INV-42776,OMC-019,Tanzania Petroleum,GB64OAXE62174596158657,2026-06-06,186901,1
PAY-88943,INV-92136,OMC-008,National Oil,GB08NAFX56342160733754,2025-09-01,192747,1
PAY-18055,INV-89669,OMC-012,Galana Energies,GB89GWUW86379402654235,2026-05-29,234282,1
PAY-77757,INV-78306,OMC-010,Tamoil,GB34EABH79176936763201,2025-08-26,199380,1
PAY-45390,INV-89500,OMC-014,Texol Energies,GB06ONXS45314737996507,2026-05-31," KES 57,750 ",2
PAY-47030,INV-50703,OMC-018,Uganda National Oil,GB73JRAR61317127484677,2025-03-24,124248,1
PAY-15594,INV-94548,OMC-019,Tanzania Petroleum,GB64OAXE62174596158657,2026-08-20,122573,1
PAY-32132,INV-18825,OMC-011,Hass Petroleum,GB56WGCN65876036690967,2025-04-04,31862,1
PAY-92679,INV-40592,OMC-003,Rubis Energy,GB04LOQO13315098393010,2025-08-20,113383,1
PAY-93344,INV-92314,OMC-020,Ethiopian Oil,GB08IVAZ74821759464743,2025-08-25,54219,1
PAY-92429,INV-30179,OMC-014,Texol Energies,GB06ONXS45314737996507,2026-04-14,110566,1
PAY-64333,INV-67663,OMC-019,Tanzania Petroleum,GB64OAXE62174596158657,2026-05-28,208849,1
PAY-53364,INV-87355,OMC-002,Vivo Energy,GB45OQIR01845146270482,2025-12-06,62317,1
PAY-53411,INV-99356,OMC-009,Dalbit Petroleum,GB53VXXX35615951484656,2026-03-01,141365,1
PAY-10589,INV-66497,OMC-016,KPA Marine,GB31MOOJ96499091334123,2025-08-16,33259,1
PAY-24204,INV-43603,OMC-009,Dalbit Petroleum,GB53VXXX35615951484656,2026-08-10,67547,1
PAY-69637,INV-71834,OMC-014,Texol Energies,GB06ONXS45314737996507,,242586,1
PAY-95386,INV-38356,OMC-001,TotalEnergies Kenya,GB06DMIO52553419283276,2025-05-09,126932,1
PAY-69004,INV-83110,OMC-002,Vivo Energy,GB45OQIR01845146270482,2025-12-29,59848,1
PAY-57704,INV-81280,OMC-008,National Oil,GB08NAFX56342160733754,,159881,1
PAY-28242,INV-53989,OMC-010,Tamoil,GB34EABH79176936763201,2025-11-15,45103,1
PAY-25360,INV-57453,OMC-016,KPA Marine,GB31MOOJ96499091334123,2025-08-22,25114,2
PAY-22729,INV-79322,OMC-004,Gulf Energy,GB89GWUW86379402654235,2026-03-25,34015,1
PAY-32259,INV-99037,OMC-003,Rubis Energy,GB04LOQO13315098393010,2026-03-31,29610,1
PAY-69629,INV-46343,OMC-011,Hass Petroleum,GB56WGCN65876036690967,2025-12-29,135399,1
PAY-57980,INV-13023,OMC-003,Rubis Energy,GB04LOQO13315098393010,2026-04-03,29657,1
PAY-27114,INV-71623,OMC-016,KPA Marine,GB31MOOJ96499091334123,2026-09-09,66828,2
PAY-18150,INV-70073,OMC-020,Ethiopian Oil,GB08IVAZ74821759464743,2025-04-06,37484,1
PAY-12434,INV-74035,OMC-003,Rubis Energy,GB04LOQO13315098393010,2026-04-27,55442,1
PAY-48166,INV-53051,OMC-016,KPA Marine,GB31MOOJ96499091334123,2025-05-16," KES 199,076 ",1
PAY-67613,INV-13535,OMC-004,Gulf Energy,GB89GWUW86379402654235,2026-03-12,157387,1
PAY-30191,INV-47127,OMC-014,Texol Energies,GB06ONXS45314737996507,2026-08-09,280924,1
PAY-67386,INV-68847,OMC-019,Tanzania Petroleum,GB64OAXE62174596158657,,40367,1
PAY-72453,INV-89087,OMC-002,Vivo Energy,GB45OQIR01845146270482,2025-05-27,28214,1
PAY-87970,INV-55204,OMC-008,National Oil,GB08NAFX56342160733754,2026-01-15,45430,1
PAY-96041,INV-34493,OMC-011,Hass Petroleum,GB56WGCN65876036690967,2026-03-08,33639,1
PAY-79729,INV-84792,OMC-013,Lake Oil,GB88TEHE71937452991241,2026-08-01,27962,1
PAY-45685,INV-21268,OMC-003,Rubis Energy,GB04LOQO13315098393010,2025-01-31,29821,1
PAY-59890,INV-83275,OMC-002,Vivo Energy,GB45OQIR01845146270482,2025-04-17,22885,2
PAY-61400,INV-23328,OMC-007,Kobil,GB37IDDX82449353487401,2025-12-30,148165,1
PAY-49505,INV-47343,OMC-006,Hashi Energy,GB05QCFC91361939909169,2026-01-11,16592,1
PAY-96648,INV-87744,OMC-002,Vivo Energy,GB45OQIR01845146270482,2025-03-20,88412,1
PAY-91480,INV-27986,OMC-012,Galana Energies,GB89GWUW86379402654235,2026-06-08,11488,2
PAY-17051,INV-55421,OMC-015,Mombasa Petroleum,GB80WOIJ43135182337498,2025-06-16,122848,1
PAY-85362,INV-40304,OMC-018,Uganda National Oil,GB73JRAR61317127484677,2025-12-10," KES 122,255 ",1
PAY-15929,INV-43089,OMC-014,Texol Energies,GB06ONXS45314737996507,2026-07-29,12451,2
PAY-61445,INV-19231,OMC-016,KPA Marine,GB31MOOJ96499091334123,2025-07-17,11722,2
PAY-21442,INV-46855,OMC-004,Gulf Energy,GB89GWUW86379402654235,2026-06-25,12319,2
PAY-35449,INV-85114,OMC-004,Gulf Energy,GB89GWUW86379402654235,2026-06-08,56147,2
PAY-52862,INV-38986,OMC-012,Galana Energies,GB89GWUW86379402654235,2026-06-07,33734,1
PAY-71133,INV-27366,OMC-014,Texol Energies,GB06ONXS45314737996507,2025-10-13,148901,1
PAY-96322,INV-57134,OMC-010,Tamoil,GB34EABH79176936763201,2025-04-26,36291,1
PAY-49773,INV-20587,OMC-011,Hass Petroleum,GB56WGCN65876036690967,2026-06-06,151698,1
PAY-35913,INV-47884,OMC-008,National Oil,GB08NAFX56342160733754,2026-07-26,248490,1
PAY-72650,INV-88152,OMC-004,Gulf Energy,GB89GWUW86379402654235,2026-05-06,17481,1
PAY-29136,INV-32256,OMC-015,Mombasa Petroleum,GB80WOIJ43135182337498,2025-08-15,93413,1
PAY-28733,INV-55663,OMC-016,KPA Marine,GB31MOOJ96499091334123,2025-11-26,19679,1
PAY-10084,INV-24426,OMC-012,Galana Energies,GB89GWUW86379402654235,2026-04-26,17535,2
PAY-99354,INV-97355,OMC-011,Hass Petroleum,GB56WGCN65876036690967,2026-02-27,73778,1
PAY-81663,INV-62097,OMC-018,Uganda National Oil,GB73JRAR61317127484677,2026-04-06,184498,1
PAY-13069,INV-13491,OMC-013,Lake Oil,GB88TEHE71937452991241,2025-04-18,155818,1
PAY-37711,INV-38388,OMC-009,Dalbit Petroleum,GB53VXXX35615951484656,2025-12-04,129795,1
PAY-93515,INV-79114,OMC-008,National Oil,GB08NAFX56342160733754,2025-04-15,61778,1
PAY-21083,INV-16740,OMC-008,National Oil,GB08NAFX56342160733754,2026-05-12,118650,1
PAY-90785,INV-59115,OMC-013,Lake Oil,GB88TEHE71937452991241,2025-03-11,196055,1
PAY-36347,INV-36597,OMC-010,Tamoil,GB34EABH79176936763201,2025-12-06,40441,1
PAY-58823,INV-11280,OMC-003,Rubis Energy,GB04LOQO13315098393010,2026-03-04,16806,1
PAY-91919,INV-78011,OMC-009,Dalbit Petroleum,GB53VXXX35615951484656,2026-07-15,113759,1
PAY-67276,INV-97768,OMC-020,Ethiopian Oil,GB08IVAZ74821759464743,2025-10-24,232049,1
PAY-60333,INV-11585,OMC-011,Hass Petroleum,GB56WGCN65876036690967,2026-05-09,27055,1
PAY-82095,INV-60825,OMC-019,Tanzania Petroleum,GB64OAXE62174596158657,2026-07-06,23368,2
PAY-82990,INV-58756,OMC-001,TotalEnergies Kenya,GB06DMIO52553419283276,2025-09-19,172455,1
PAY-93830,INV-26389,OMC-002,Vivo Energy,GB45OQIR01845146270482,,18692,1
PAY-99041,INV-96559,OMC-003,Rubis Energy,GB04LOQO13315098393010,2025-10-14,51650,1
PAY-75109,INV-67906,OMC-007,Kobil,GB37IDDX82449353487401,2025-03-22,256929,1
PAY-73479,INV-81888,OMC-008,National Oil,GB08NAFX56342160733754,06/04/2026,191416,1
PAY-53688,INV-90532,OMC-011,Hass Petroleum,GB56WGCN65876036690967,2026-03-31,27745,1
PAY-59835,INV-55603,OMC-003,Rubis Energy,GB04LOQO13315098393010,2025-04-02,195749,1
PAY-22886,INV-89851,OMC-002,Vivo Energy,GB45OQIR01845146270482,25/06/2025,62793,2
PAY-58271,INV-57345,OMC-007,Kobil,GB37IDDX82449353487401,2025-08-21,46839,1
PAY-57030,INV-81924,OMC-019,Tanzania Petroleum,GB64OAXE62174596158657,,24419,1
PAY-89844,INV-29839,OMC-014,Texol Energies,GB06ONXS45314737996507,2026-03-04,22535,1
PAY-78256,INV-58835,OMC-016,KPA Marine,GB31MOOJ96499091334123,2025-12-20,17316,1
PAY-27651,INV-50524,OMC-020,Ethiopian Oil,GB08IVAZ74821759464743,,145620,1
PAY-53839,INV-23656,OMC-006,Hashi Energy,GB05QCFC91361939909169,2026-06-19,269048,1
PAY-86613,INV-69026,OMC-011,Hass Petroleum,GB56WGCN65876036690967,2025-10-31,261258,1
PAY-62712,INV-60664,OMC-012,Galana Energies,GB89GWUW86379402654235,2026-06-08,35852,1
PAY-36510,INV-30503,OMC-005,PetroOil Kenya,GB89GWUW86379402654235,2026-03-31," KES 37,408 ",1
PAY-10457,INV-49382,OMC-017,KAA Aviation,GB54HVSS04902787429671,2026-06-08,50347,1
PAY-93237,INV-11123,OMC-018,Uganda National Oil,GB73JRAR61317127484677,2026-02-21,34813,1
PAY-91518,INV-32723,OMC-002,Vivo Energy,GB45OQIR01845146270482,2026-06-04,14322,1
PAY-83373,INV-48166,OMC-011,Hass Petroleum,GB56WGCN65876036690967,2025-03-04,34420,1
PAY-66118,INV-38154,OMC-018,Uganda National Oil,GB73JRAR61317127484677,2025-04-23,78586,1
PAY-11184,INV-46668,OMC-009,Dalbit Petroleum,GB53VXXX35615951484656,2025-07-23,43528,2
PAY-16614,INV-54804,OMC-018,Uganda National Oil,GB73JRAR61317127484677,2026-05-28,78262,1
PAY-35359,INV-60301,OMC-006,Hashi Energy,GB05QCFC91361939909169,11/04/2026,53521,1
PAY-68451,INV-45774,OMC-010,Tamoil,GB34EABH79176936763201,2025-04-08,158101,1
PAY-61256,INV-81288,OMC-016,KPA Marine,GB31MOOJ96499091334123,30/05/2026,65023,1
PAY-79204,INV-27986,OMC-012,Galana Energies,GB89GWUW86379402654235,2026-05-22,29058,1
PAY-65556,INV-28864,OMC-001,TotalEnergies Kenya,GB06DMIO52553419283276,2025-07-23,142581,1
PAY-89297,INV-97109,OMC-020,Ethiopian Oil,GB08IVAZ74821759464743,2026-06-20,110222,1
PAY-23491,INV-69897,OMC-011,Hass Petroleum,GB56WGCN65876036690967,2026-05-05,299404,1
PAY-34512,INV-87067,OMC-009,Dalbit Petroleum,GB53VXXX35615951484656,2025-04-22,161676,1
PAY-11418,INV-48925,OMC-007,Kobil,GB37IDDX82449353487401,2025-05-19,63270,1
PAY-63703,INV-78997,OMC-002,Vivo Energy,GB45OQIR01845146270482,2026-07-10,22439,2
PAY-18911,INV-65199,OMC-018,Uganda National Oil,GB73JRAR61317127484677,2026-04-18," KES 121,835 ",1
PAY-78912,INV-98173,OMC-010,Tamoil,GB34EABH79176936763201,2025-11-22,106808,1
PAY-21018,INV-66343,OMC-017,KAA Aviation,GB54HVSS04902787429671,2026-06-15,62127,1
PAY-94366,INV-10560,OMC-012,Galana Energies,GB89GWUW86379402654235,2026-04-29,128704,1
PAY-92493,INV-68684,OMC-012,Galana Energies,GB89GWUW86379402654235,2026-07-08,35229,2
PAY-72613,INV-54951,OMC-019,Tanzania Petroleum,GB64OAXE62174596158657,2026-04-28,54494,1
PAY-59429,INV-14384,OMC-013,Lake Oil,GB88TEHE71937452991241,2025-02-02,61981,1
PAY-10986,INV-96095,OMC-001,TotalEnergies Kenya,GB06DMIO52553419283276,2026-07-08,47098,1
PAY-60960,INV-77399,OMC-009,Dalbit Petroleum,GB53VXXX35615951484656,2025-04-24,17107,2
PAY-63642,INV-30947,OMC-008,National Oil,GB08NAFX56342160733754,2026-07-22,289830,1
PAY-73182,INV-77097,OMC-001,TotalEnergies Kenya,GB06DMIO52553419283276,2026-04-05,16521,2
PAY-83023,INV-42302,OMC-012,Galana Energies,GB89GWUW86379402654235,2026-03-29,13456,1
PAY-92072,INV-62349,OMC-014,Texol Energies,GB06ONXS45314737996507,2025-11-27," KES 120,885 ",1
PAY-47580,INV-86580,OMC-002,Vivo Energy,GB45OQIR01845146270482,2026-04-10,66854,1
PAY-24111,INV-19634,OMC-016,KPA Marine,GB31MOOJ96499091334123,2025-05-23,60674,1
PAY-85461,INV-37824,OMC-009,Dalbit Petroleum,GB53VXXX35615951484656,2026-01-12,17877,1
PAY-50423,INV-21687,OMC-004,Gulf Energy,GB89GWUW86379402654235,2026-06-16,83792,2
PAY-63060,INV-15915,OMC-014,Texol Energies,GB06ONXS45314737996507,2025-11-05,156558,1
PAY-91002,INV-58135,OMC-004,Gulf Energy,GB89GWUW86379402654235,2026-06-03,83701,2
PAY-26864,INV-68735,OMC-011,Hass Petroleum,GB56WGCN65876036690967,2025-09-25,22012,1
PAY-75862,INV-72673,OMC-014,Texol Energies,GB06ONXS45314737996507,2026-04-08,204658,1
PAY-58758,INV-78726,OMC-016,KPA Marine,GB31MOOJ96499091334123,2025-03-28,11827,2
PAY-51162,INV-27244,OMC-008,National Oil,GB08NAFX56342160733754,2025-05-24,36088,1
PAY-53753,INV-49472,OMC-003,Rubis Energy,GB04LOQO13315098393010,2025-04-02,42987,1
PAY-13885,INV-42136,OMC-007,Kobil,GB37IDDX82449353487401,2025-05-01,94072,1
PAY-22404,INV-61290,OMC-008,National Oil,GB08NAFX56342160733754,2026-02-07," KES 52,745 ",1
PAY-97051,INV-14999,OMC-014,Texol Energies,GB06ONXS45314737996507,2026-08-25,274684,1
PAY-23317,INV-61649,OMC-014,Texol Energies,GB06ONXS45314737996507,2025-10-06,7125,2
PAY-85046,INV-15221,OMC-010,Tamoil,GB34EABH79176936763201,2025-01-31,123630,1
PAY-21543,INV-12710,OMC-017,KAA Aviation,GB54HVSS04902787429671,27/02/2026,261856,1
PAY-80249,INV-44448,OMC-007,Kobil,GB37IDDX82449353487401,2026-08-25,66184,1
PAY-77339,INV-53479,OMC-002,Vivo Energy,GB45OQIR01845146270482,2025-09-10,141253,1
PAY-50482,INV-66337,OMC-013,Lake Oil,GB88TEHE71937452991241,2025-05-29," KES 32,880 ",1
PAY-60928,INV-53805,OMC-009,Dalbit Petroleum,GB53VXXX35615951484656,2025-12-05,189613,1
PAY-92836,INV-66311,OMC-010,Tamoil,GB34EABH79176936763201,2025-07-04,109053,1
PAY-69950,INV-22977,OMC-011,Hass Petroleum,GB56WGCN65876036690967,2026-01-25,201252,1
PAY-18207,INV-40703,OMC-005,PetroOil Kenya,GB89GWUW86379402654235,2026-06-05,173256,1
PAY-50325,INV-26240,OMC-014,Texol Energies,GB06ONXS45314737996507,2026-05-08,151505,1
PAY-64560,INV-62549,OMC-002,Vivo Energy,GB45OQIR01845146270482,2025-04-05,156072,1
PAY-83233,INV-77970,OMC-019,Tanzania Petroleum,GB64OAXE62174596158657,2025-02-07,264416,1
PAY-39050,INV-57876,OMC-006,Hashi Energy,GB05QCFC91361939909169,2026-05-04,97825,1
PAY-65777,INV-17667,OMC-006,Hashi Energy,GB05QCFC91361939909169,2025-05-04,47074,1
PAY-54350,INV-81227,OMC-015,Mombasa Petroleum,GB80WOIJ43135182337498,2026-03-23,67318,1
PAY-42547,INV-52804,OMC-013,Lake Oil,GB88TEHE71937452991241,2026-02-07,202924,1
PAY-80292,INV-23748,OMC-003,Rubis Energy,GB04LOQO13315098393010,2026-06-16,53238,1
PAY-54493,INV-96465,OMC-010,Tamoil,GB34EABH79176936763201,2025-10-31,23452,1
PAY-36682,INV-18674,OMC-010,Tamoil,GB34EABH79176936763201,2025-11-22,60524,2
PAY-28357,INV-90450,OMC-013,Lake Oil,GB88TEHE71937452991241,2026-03-08,178069,1
PAY-86810,INV-36008,OMC-001,TotalEnergies Kenya,GB06DMIO52553419283276,2026-02-06,132084,1
PAY-29974,INV-42910,OMC-001,TotalEnergies Kenya,GB06DMIO52553419283276,2025-07-14,194504,1
PAY-11042,INV-10623,OMC-008,National Oil,GB08NAFX56342160733754,2025-10-19,58686,1
PAY-75929,INV-78832,OMC-020,Ethiopian Oil,GB08IVAZ74821759464743,2025-03-16,285366,1
PAY-80820,INV-64609,OMC-016,KPA Marine,GB31MOOJ96499091334123,2025-05-26,251610,1
PAY-92282,INV-96801,OMC-001,TotalEnergies Kenya,GB06DMIO52553419283276,2025-07-22,49477,1
PAY-33537,INV-71144,OMC-012,Galana Energies,GB89GWUW86379402654235,2026-05-19,211789,1
PAY-95903,INV-92871,OMC-011,Hass Petroleum,GB56WGCN65876036690967,2025-06-22,55476,1
PAY-57073,INV-64712,OMC-020,Ethiopian Oil,GB08IVAZ74821759464743,2025-07-28,54210,1
PAY-63338,INV-92226,OMC-018,Uganda National Oil,GB73JRAR61317127484677,2025-05-08,114039,1
PAY-98882,INV-13019,OMC-017,KAA Aviation,GB54HVSS04902787429671,2025-07-24,184384,1
PAY-62020,INV-19226,OMC-013,Lake Oil,GB88TEHE71937452991241,01/05/2025,26173,1
PAY-55061,INV-56351,OMC-016,KPA Marine,GB31MOOJ96499091334123,2026-06-04,52927,1
PAY-74887,INV-24021,OMC-016,KPA Marine,GB31MOOJ96499091334123,2025-09-16,53391,1
PAY-52989,INV-14891,OMC-013,Lake Oil,GB88TEHE71937452991241,2025-04-13,27350,1
PAY-25769,INV-12222,OMC-017,KAA Aviation,GB54HVSS04902787429671,2025-11-22,31038,1
PAY-46525,INV-13626,OMC-005,PetroOil Kenya,GB89GWUW86379402654235,2026-04-20,215125,1
PAY-79629,INV-34450,OMC-014,Texol Energies,GB06ONXS45314737996507,2026-05-21,107216,1
PAY-24816,INV-95653,OMC-002,Vivo Energy,GB45OQIR01845146270482,2025-02-19,54317,1
PAY-67298,INV-15131,OMC-001,TotalEnergies Kenya,GB06DMIO52553419283276,2026-04-16,28332,1
PAY-85742,INV-35279,OMC-014,Texol Energies,GB06ONXS45314737996507,22/07/2025,10120,2
PAY-65611,INV-29015,OMC-007,Kobil,GB37IDDX82449353487401,2026-02-17,235880,1
PAY-36019,INV-40663,OMC-011,Hass Petroleum,GB56WGCN65876036690967,2026-07-04,178299,1
PAY-45998,INV-48624,OMC-013,Lake Oil,GB88TEHE71937452991241,2025-09-10,37051,1
PAY-91317,INV-13289,OMC-007,Kobil,GB37IDDX82449353487401,2025-12-28," KES 176,946 ",1
PAY-40968,INV-56427,OMC-013,Lake Oil,GB88TEHE71937452991241,2025-02-18,32451,1
PAY-24878,INV-38164,OMC-019,Tanzania Petroleum,GB64OAXE62174596158657,2025-06-09,54442,1
PAY-49837,INV-37427,OMC-005,PetroOil Kenya,GB89GWUW86379402654235,2026-06-04,28774,1
PAY-74261,INV-19086,OMC-002,Vivo Energy,GB45OQIR01845146270482,2025-02-24,41422,1
PAY-33262,INV-57108,OMC-003,Rubis Energy,GB04LOQO13315098393010,2025-12-25,25634,2
PAY-38629,INV-63051,OMC-015,Mombasa Petroleum,GB80WOIJ43135182337498,2025-05-04,150336,1
PAY-36959,INV-13468,OMC-019,Tanzania Petroleum,GB64OAXE62174596158657,2026-05-05,36726,1
PAY-39685,INV-11874,OMC-020,Ethiopian Oil,GB08IVAZ74821759464743,2025-08-26,113139,1
PAY-90035,INV-57047,OMC-015,Mombasa Petroleum,GB80WOIJ43135182337498,2025-08-18," KES 177,831 ",1
PAY-69514,INV-45732,OMC-011,Hass Petroleum,GB56WGCN65876036690967,2026-03-13,143768,1
PAY-16279,INV-64492,OMC-009,Dalbit Petroleum,GB53VXXX35615951484656,2025-12-16,11220,2
PAY-58206,INV-62390,OMC-007,Kobil,GB37IDDX82449353487401,2025-06-26,51408,1
PAY-75012,INV-20997,OMC-008,National Oil,GB08NAFX56342160733754,2025-09-03,27512,1
PAY-30356,INV-41356,OMC-010,Tamoil,GB34EABH79176936763201,2025-05-16,243837,1
PAY-87358,INV-30572,OMC-015,Mombasa Petroleum,GB80WOIJ43135182337498,2025-07-31,42334,1
PAY-98583,INV-35615,OMC-010,Tamoil,GB34EABH79176936763201,2025-06-23,176081,1
PAY-59585,INV-47384,OMC-008,National Oil,GB08NAFX56342160733754,2025-11-19,52998,1
PAY-59574,INV-65435,OMC-019,Tanzania Petroleum,GB64OAXE62174596158657,2025-02-10,61537,1
PAY-97167,INV-33630,OMC-004,Gulf Energy,GB89GWUW86379402654235,2026-06-14,32571,2
PAY-74570,INV-64311,OMC-005,PetroOil Kenya,GB89GWUW86379402654235,2026-05-08,13087,2
PAY-51158,INV-77941,OMC-005,PetroOil Kenya,GB89GWUW86379402654235,2026-05-24,96876,1
PAY-92569,INV-95895,OMC-002,Vivo Energy,GB45OQIR01845146270482,2025-03-28,55933,1
PAY-77078,INV-13342,OMC-003,Rubis Energy,GB04LOQO13315098393010,2026-07-01,50683,1
PAY-14298,INV-80413,OMC-017,KAA Aviation,GB54HVSS04902787429671,2025-10-28,141759,1
PAY-14917,INV-67865,OMC-009,Dalbit Petroleum,GB53VXXX35615951484656,2025-12-25,209078,1
PAY-45002,INV-45712,OMC-013,Lake Oil,GB88TEHE71937452991241,,191848,1
PAY-43560,INV-11840,OMC-001,TotalEnergies Kenya,GB06DMIO52553419283276,2025-10-31,14191,2
PAY-85054,INV-77448,OMC-015,Mombasa Petroleum,GB80WOIJ43135182337498,2025-04-25,249567,1
PAY-43628,INV-84425,OMC-002,Vivo Energy,GB45OQIR01845146270482,2025-03-06,107788,1
PAY-67315,INV-62544,OMC-013,Lake Oil,GB88TEHE71937452991241,2026-05-29,48728,1
PAY-32791,INV-25435,OMC-012,Galana Energies,GB89GWUW86379402654235,2026-05-14,151074,1
PAY-21937,INV-16499,OMC-013,Lake Oil,GB88TEHE71937452991241,2026-01-02,211873,1
PAY-25762,INV-18886,OMC-017,KAA Aviation,GB54HVSS04902787429671,2026-05-09,261673,1
PAY-56631,INV-25849,OMC-012,Galana Energies,GB89GWUW86379402654235,2026-04-16,235419,1
PAY-67950,INV-42547,OMC-020,Ethiopian Oil,GB08IVAZ74821759464743,2026-04-26,40424,1
PAY-97628,INV-97319,OMC-017,KAA Aviation,GB54HVSS04902787429671,2026-02-04,189584,1
PAY-50475,INV-45682,OMC-004,Gulf Energy,GB89GWUW86379402654235,2026-07-04,11758,2
PAY-99689,INV-27515,OMC-003,Rubis Energy,GB04LOQO13315098393010,2025-11-29,125064,1
PAY-90206,INV-61256,OMC-009,Dalbit Petroleum,GB53VXXX35615951484656,12/02/2026,27981,2
PAY-90583,INV-34399,OMC-015,Mombasa Petroleum,GB80WOIJ43135182337498,2026-01-03,42934,1
PAY-10540,INV-98773,OMC-020,Ethiopian Oil,GB08IVAZ74821759464743,2025-03-16," KES 50,703 ",1
PAY-74784,INV-14772,OMC-005,PetroOil Kenya,GB89GWUW86379402654235,2026-05-24,6870,2
PAY-93848,INV-78304,OMC-012,Galana Energies,GB89GWUW86379402654235,2026-06-03,240773,1
PAY-62235,INV-81714,OMC-018,Uganda National Oil,GB73JRAR61317127484677,2025-08-26,15433,1
PAY-46321,INV-32253,OMC-017,KAA Aviation,GB54HVSS04902787429671,2025-07-10,169019,1
PAY-96263,INV-86396,OMC-010,Tamoil,GB34EABH79176936763201,2026-02-06,205855,1
PAY-31445,INV-62749,OMC-015,Mombasa Petroleum,GB80WOIJ43135182337498,2025-10-06,154048,1
PAY-88708,INV-89513,OMC-013,Lake Oil,GB88TEHE71937452991241,2025-11-30,201043,1
PAY-76329,INV-16622,OMC-008,National Oil,GB08NAFX56342160733754,2025-06-09,106612,2
PAY-48791,INV-31344,OMC-010,Tamoil,GB34EABH79176936763201,2025-03-31,42331,2
PAY-24104,INV-74790,OMC-006,Hashi Energy,GB05QCFC91361939909169,2026-07-19,55064,1
PAY-70376,INV-92004,OMC-015,Mombasa Petroleum,GB80WOIJ43135182337498,2026-07-01,33261,1
PAY-56749,INV-97144,OMC-016,KPA Marine,GB31MOOJ96499091334123,2026-04-16,123507,1
PAY-47890,INV-85618,OMC-002,Vivo Energy,GB45OQIR01845146270482,2025-04-01,22677,1
PAY-75958,INV-19066,OMC-011,Hass Petroleum,GB56WGCN65876036690967,12/08/2026,8428,2
PAY-32299,INV-53857,OMC-005,PetroOil Kenya,GB89GWUW86379402654235,2026-04-27,118582,1
PAY-97385,INV-32779,OMC-015,Mombasa Petroleum,GB80WOIJ43135182337498,2026-05-21," KES 143,882 ",1
PAY-63588,INV-98313,OMC-010,Tamoil,GB34EABH79176936763201,2026-04-29,271843,1
PAY-38974,INV-90594,OMC-011,Hass Petroleum,GB56WGCN65876036690967,2025-09-27," KES 157,897 ",1
PAY-92375,INV-65526,OMC-014,Texol Energies,GB06ONXS45314737996507,2026-07-18,158171,1
PAY-42091,INV-63731,OMC-001,TotalEnergies Kenya,GB06DMIO52553419283276,2026-06-25,119840,1
PAY-40961,INV-18547,OMC-013,Lake Oil,GB88TEHE71937452991241,2025-05-03,59684,1
PAY-68742,INV-43381,OMC-013,Lake Oil,GB88TEHE71937452991241,2025-04-10,162301,1
PAY-77782,INV-32162,OMC-005,PetroOil Kenya,GB89GWUW86379402654235,2026-03-20,112430,1
PAY-63049,INV-80743,OMC-010,Tamoil,GB34EABH79176936763201,2025-12-30,131603,1
PAY-61598,INV-86439,OMC-004,Gulf Energy,GB89GWUW86379402654235,08/06/2026,84969,2
PAY-23988,INV-76835,OMC-020,Ethiopian Oil,GB08IVAZ74821759464743,2025-05-03,20173,1
PAY-70386,INV-96671,OMC-020,Ethiopian Oil,GB08IVAZ74821759464743,2026-04-19,101926,1
PAY-39246,INV-90952,OMC-015,Mombasa Petroleum,GB80WOIJ43135182337498,2025-03-30,21177,1
PAY-49836,INV-69222,OMC-006,Hashi Energy,GB05QCFC91361939909169,2025-06-06,79039,1
PAY-66484,INV-67455,OMC-013,Lake Oil,GB88TEHE71937452991241,2026-02-25,73822,1
PAY-64953,INV-73083,OMC-009,Dalbit Petroleum,GB53VXXX35615951484656,2025-03-28," KES 86,776 ",1
PAY-94879,INV-34261,OMC-003,Rubis Energy,GB04LOQO13315098393010,2026-01-29,254362,1
PAY-80008,INV-67402,OMC-018,Uganda National Oil,GB73JRAR61317127484677,2026-05-20,288087,1
PAY-57664,INV-60737,OMC-007,Kobil,GB37IDDX82449353487401,2026-07-22,144927,1
PAY-27488,INV-32289,OMC-009,Dalbit Petroleum,GB53VXXX35615951484656,2026-08-22,91151,1
PAY-88306,INV-57051,OMC-013,Lake Oil,GB88TEHE71937452991241,2025-07-20," KES 236,687 ",1
PAY-89875,INV-29729,OMC-006,Hashi Energy,GB05QCFC91361939909169,2025-10-25,142878,1
PAY-47416,INV-53774,OMC-015,Mombasa Petroleum,GB80WOIJ43135182337498,2026-03-06,29871,1
PAY-13116,INV-39782,OMC-008,National Oil,GB08NAFX56342160733754,2025-11-09,114398,1
PAY-11458,INV-88404,OMC-011,Hass Petroleum,GB56WGCN65876036690967,08/04/2026,90351,1
PAY-57431,INV-28645,OMC-020,Ethiopian Oil,GB08IVAZ74821759464743,14/10/2025,41088,1
PAY-42045,INV-81608,OMC-004,Gulf Energy,GB89GWUW86379402654235,2026-04-05,41663,1
PAY-16078,INV-70018,OMC-014,Texol Energies,GB06ONXS45314737996507,2025-11-20," KES 145,134 ",1
PAY-99745,INV-79085,OMC-018,Uganda National Oil,GB73JRAR61317127484677,2026-03-01," KES 7,513 ",2
PAY-42623,INV-68139,OMC-018,Uganda National Oil,GB73JRAR61317127484677,2025-06-21,112649,1
PAY-54555,INV-68844,OMC-012,Galana Energies,GB89GWUW86379402654235,2026-04-24,138602,1
PAY-68750,INV-91461,OMC-014,Texol Energies,GB06ONXS45314737996507,,176290,1
PAY-82999,INV-49605,OMC-019,Tanzania Petroleum,GB64OAXE62174596158657,2025-10-29,118637,1
PAY-99456,INV-67881,OMC-007,Kobil,GB37IDDX82449353487401,2025-06-20,23542,1
PAY-57642,INV-63747,OMC-020,Ethiopian Oil,GB08IVAZ74821759464743,2026-06-11,243933,1
PAY-35739,INV-63246,OMC-009,Dalbit Petroleum,GB53VXXX35615951484656,2026-02-23,83214,1
PAY-27357,INV-72002,OMC-020,Ethiopian Oil,GB08IVAZ74821759464743,2025-04-19,15745,2
PAY-50047,INV-90919,OMC-005,PetroOil Kenya,GB89GWUW86379402654235,2026-05-08,64192,1
PAY-93048,INV-84075,OMC-006,Hashi Energy,GB05QCFC91361939909169,28/03/2025," KES 20,632 ",2
PAY-91488,INV-81608,OMC-004,Gulf Energy,GB89GWUW86379402654235,23/04/2026,23683,2
PAY-92341,INV-76805,OMC-019,Tanzania Petroleum,GB64OAXE62174596158657,2025-05-25,148181,1
PAY-40177,INV-22194,OMC-015,Mombasa Petroleum,GB80WOIJ43135182337498,2025-08-27," KES 290,425 ",1
PAY-46394,INV-78937,OMC-013,Lake Oil,GB88TEHE71937452991241,2025-08-30," KES 104,760 ",1
PAY-80793,INV-73243,OMC-007,Kobil,GB37IDDX82449353487401,22/05/2025,37045,1
PAY-37179,INV-65310,OMC-010,Tamoil,GB34EABH79176936763201,2026-07-14,152343,1
PAY-95542,INV-84687,OMC-001,TotalEnergies Kenya,GB06DMIO52553419283276,2026-03-01,25390,1
PAY-53283,INV-25860,OMC-013,Lake Oil,GB88TEHE71937452991241,2025-04-23,52405,1
PAY-52381,INV-89289,OMC-019,Tanzania Petroleum,GB64OAXE62174596158657,2025-03-31,239948,1
PAY-48430,INV-58350,OMC-001,TotalEnergies Kenya,GB06DMIO52553419283276,2025-07-03,116632,1
PAY-15712,INV-43087,OMC-011,Hass Petroleum,GB56WGCN65876036690967,2025-08-11,116563,1
PAY-41297,INV-42616,OMC-003,Rubis Energy,GB04LOQO13315098393010,2026-08-16,61984,2
PAY-30181,INV-23524,OMC-007,Kobil,GB37IDDX82449353487401,2025-12-07,207266,1
PAY-82974,INV-63693,OMC-018,Uganda National Oil,GB73JRAR61317127484677,2025-12-22,41979,1
PAY-62283,INV-99952,OMC-003,Rubis Energy,GB04LOQO13315098393010,2026-05-23,36123,1
PAY-49115,INV-50937,OMC-009,Dalbit Petroleum,GB53VXXX35615951484656,2025-03-26,64567,1
PAY-17927,INV-17437,OMC-009,Dalbit Petroleum,GB53VXXX35615951484656,2026-06-26,29111,1
PAY-73915,INV-81412,OMC-006,Hashi Energy,GB05QCFC91361939909169,2025-04-21,190165,1
PAY-73977,INV-37236,OMC-002,Vivo Energy,GB45OQIR01845146270482,2025-03-01,27710,1
PAY-82512,INV-17351,OMC-012,Galana Energies,GB89GWUW86379402654235,2026-06-04,24933,1
PAY-66212,INV-79982,OMC-016,KPA Marine,GB31MOOJ96499091334123,2025-02-23,28619,1
PAY-12267,INV-67909,OMC-001,TotalEnergies Kenya,GB06DMIO52553419283276,2025-09-03,42108,1
PAY-98995,INV-45193,OMC-017,KAA Aviation,GB54HVSS04902787429671,2025-12-28,230744,1
PAY-56280,INV-74391,OMC-003,Rubis Energy,GB04LOQO13315098393010,2026-02-20,109122,1
PAY-58603,INV-17534,OMC-003,Rubis Energy,GB04LOQO13315098393010,2025-08-15,113860,1
PAY-60273,INV-33626,OMC-008,National Oil,GB08NAFX56342160733754,2025-08-18,114993,1
PAY-67013,INV-13767,OMC-009,Dalbit Petroleum,GB53VXXX35615951484656,2025-08-27,44403,1
PAY-63212,INV-56967,OMC-009,Dalbit Petroleum,GB53VXXX35615951484656,2025-12-03,49226,1
PAY-38212,INV-78849,OMC-005,PetroOil Kenya,GB89GWUW86379402654235,2026-05-26,13815,2
PAY-30614,INV-37053,OMC-006,Hashi Energy,GB05QCFC91361939909169,2026-06-14,248638,1
PAY-36583,INV-41133,OMC-004,Gulf Energy,GB89GWUW86379402654235,2026-03-25,65625,2
PAY-97153,INV-63061,OMC-018,Uganda National Oil,GB73JRAR61317127484677,2025-09-13,57348,1
PAY-28152,INV-61603,OMC-011,Hass Petroleum,GB56WGCN65876036690967,2026-01-07,84498,1
PAY-65406,INV-50819,OMC-011,Hass Petroleum,GB56WGCN65876036690967,2025-09-16,33383,1
PAY-36023,INV-25300,OMC-013,Lake Oil,GB88TEHE71937452991241,2025-10-02,197375,1
PAY-30221,INV-71867,OMC-018,Uganda National Oil,GB73JRAR61317127484677,2025-07-13,58569,1
PAY-71109,INV-12410,OMC-013,Lake Oil,GB88TEHE71937452991241,2025-03-19," KES 74,329 ",1
PAY-87634,INV-71641,OMC-007,Kobil,GB37IDDX82449353487401,2026-03-20,39446,1
PAY-71006,INV-37420,OMC-001,TotalEnergies Kenya,GB06DMIO52553419283276,2025-08-24,17811,1
PAY-61086,INV-53769,OMC-011,Hass Petroleum,GB56WGCN65876036690967,2025-07-07,44848,1
PAY-33971,INV-65365,OMC-016,KPA Marine,GB31MOOJ96499091334123,2026-05-21,148717,1
PAY-44118,INV-32958,OMC-008,National Oil,GB08NAFX56342160733754,,45634,1
PAY-37847,INV-96484,OMC-001,TotalEnergies Kenya,GB06DMIO52553419283276,2026-05-03,146568,1
PAY-44375,INV-10071,OMC-018,Uganda National Oil,GB73JRAR61317127484677,09/08/2026,285782,1
PAY-12344,INV-74508,OMC-020,Ethiopian Oil,GB08IVAZ74821759464743,2025-03-20,133914,1
PAY-37931,INV-62674,OMC-014,Texol Energies,GB06ONXS45314737996507,2025-05-18,212167,1
PAY-98549,INV-55065,OMC-019,Tanzania Petroleum,GB64OAXE62174596158657,2025-09-10,44212,1
PAY-24819,INV-58022,OMC-009,Dalbit Petroleum,GB53VXXX35615951484656,2026-03-27,191153,1
PAY-87653,INV-10487,OMC-017,KAA Aviation,GB54HVSS04902787429671,2025-06-19,127615,1
PAY-77998,INV-57717,OMC-020,Ethiopian Oil,GB08IVAZ74821759464743,2025-05-29,116546,1
PAY-14620,INV-19415,OMC-012,Galana Energies,GB89GWUW86379402654235,2026-03-08,74367,2
PAY-15757,INV-42613,OMC-019,Tanzania Petroleum,GB64OAXE62174596158657,2026-01-14,45521,1
PAY-50367,INV-14224,OMC-006,Hashi Energy,GB05QCFC91361939909169,2026-05-01,44074,1
PAY-22754,INV-69734,OMC-012,Galana Energies,GB89GWUW86379402654235,2026-05-29,10748,2
PAY-24195,INV-66570,OMC-001,TotalEnergies Kenya,GB06DMIO52553419283276,2025-03-07,23105,2
PAY-99303,INV-40378,OMC-006,Hashi Energy,GB05QCFC91361939909169,2025-06-01,186119,1
PAY-31462,INV-33736,OMC-001,TotalEnergies Kenya,GB06DMIO52553419283276,2026-01-27,33316,1
PAY-73816,INV-14338,OMC-020,Ethiopian Oil,GB08IVAZ74821759464743,2025-06-13," KES 174,825 ",1
PAY-46101,INV-62421,OMC-015,Mombasa Petroleum,GB80WOIJ43135182337498,2026-04-15,135589,1
PAY-19014,INV-53742,OMC-010,Tamoil,GB34EABH79176936763201,2025-10-08,19493,2
PAY-44655,INV-62028,OMC-020,Ethiopian Oil,GB08IVAZ74821759464743,2025-09-25,160831,1
PAY-11579,INV-27262,OMC-011,Hass Petroleum,GB56WGCN65876036690967,2026-03-22,21754,2
PAY-70067,INV-57907,OMC-004,Gulf Energy,GB89GWUW86379402654235,2026-03-31,220997,1
PAY-85443,INV-83098,OMC-002,Vivo Energy,GB45OQIR01845146270482,2025-06-16,29552,1
PAY-79749,INV-32150,OMC-013,Lake Oil,GB88TEHE71937452991241,2026-05-31,246019,1
PAY-37097,INV-55109,OMC-016,KPA Marine,GB31MOOJ96499091334123,2026-07-15,125375,2
PAY-52080,INV-64195,OMC-013,Lake Oil,GB88TEHE71937452991241,2026-05-28,48551,1
PAY-46898,INV-26176,OMC-005,PetroOil Kenya,GB89GWUW86379402654235,2026-03-29,86222,1
PAY-96789,INV-85092,OMC-003,Rubis Energy,GB04LOQO13315098393010,2025-08-15,117615,1
PAY-29899,INV-51926,OMC-020,Ethiopian Oil,GB08IVAZ74821759464743,2026-02-21,159250,1
PAY-49979,INV-34655,OMC-003,Rubis Energy,GB04LOQO13315098393010,2026-02-19,119618,1
PAY-12335,INV-91795,OMC-011,Hass Petroleum,GB56WGCN65876036690967,2025-11-12,52900,1
PAY-25596,INV-34994,OMC-002,Vivo Energy,GB45OQIR01845146270482,2025-08-06,102122,1
PAY-31074,INV-96463,OMC-019,Tanzania Petroleum,GB64OAXE62174596158657,2026-03-17," KES 12,400 ",2
PAY-98372,INV-23870,OMC-017,KAA Aviation,GB54HVSS04902787429671,2026-03-01,26620,1
PAY-30505,INV-77512,OMC-017,KAA Aviation,GB54HVSS04902787429671,2025-08-07,29925,1
PAY-11012,INV-75672,OMC-004,Gulf Energy,GB89GWUW86379402654235,2026-05-17,28086,2
PAY-82354,INV-13230,OMC-018,Uganda National Oil,GB73JRAR61317127484677,2026-03-23,154269,1
PAY-71778,INV-96513,OMC-003,Rubis Energy,GB04LOQO13315098393010,2025-06-20,212536,1
PAY-67173,INV-66065,OMC-015,Mombasa Petroleum,GB80WOIJ43135182337498,2026-01-01,166843,1
PAY-37720,INV-25156,OMC-013,Lake Oil,GB88TEHE71937452991241,2025-11-01,54089,1
PAY-81122,INV-35353,OMC-008,National Oil,GB08NAFX56342160733754,2025-07-05,70977,1
PAY-79785,INV-82752,OMC-012,Galana Energies,GB89GWUW86379402654235,2026-04-19,32147,1
PAY-25520,INV-85879,OMC-010,Tamoil,GB34EABH79176936763201,2025-11-26,161915,1
PAY-43125,INV-26493,OMC-015,Mombasa Petroleum,GB80WOIJ43135182337498,2026-04-19,35794,1
PAY-68640,INV-88843,OMC-013,Lake Oil,GB88TEHE71937452991241,2025-12-12,107831,1
PAY-82047,INV-68417,OMC-010,Tamoil,GB34EABH79176936763201,2026-05-26,228769,1
PAY-42252,INV-21771,OMC-013,Lake Oil,GB88TEHE71937452991241,2026-04-26,153999,1
PAY-16494,INV-56269,OMC-015,Mombasa Petroleum,GB80WOIJ43135182337498,2026-01-10,56998,1
PAY-38254,INV-95741,OMC-016,KPA Marine,GB31MOOJ96499091334123,2026-01-08,49271,1
PAY-23252,INV-59373,OMC-003,Rubis Energy,GB04LOQO13315098393010,2026-02-21,248250,1
PAY-30567,INV-87549,OMC-006,Hashi Energy,GB05QCFC91361939909169,2026-03-16," KES 100,315 ",1
PAY-28117,INV-72037,OMC-014,Texol Energies,GB06ONXS45314737996507,2026-06-29,20163,1
PAY-44679,INV-57268,OMC-013,Lake Oil,GB88TEHE71937452991241,2025-05-17,93524,1
PAY-59362,INV-60260,OMC-006,Hashi Energy,GB05QCFC91361939909169,2026-01-24,32194,1
PAY-19299,INV-77282,OMC-016,KPA Marine,GB31MOOJ96499091334123,2025-10-12,81259,1
PAY-46204,INV-61471,OMC-019,Tanzania Petroleum,GB64OAXE62174596158657,2025-10-13,53937,1
PAY-95203,INV-74745,OMC-015,Mombasa Petroleum,GB80WOIJ43135182337498,2025-04-18,37255,1
PAY-77481,INV-73340,OMC-007,Kobil,GB37IDDX82449353487401,2025-08-13,204320,1
PAY-90947,INV-50872,OMC-005,PetroOil Kenya,GB89GWUW86379402654235,2026-04-13,29348,1
PAY-86775,INV-36514,OMC-020,Ethiopian Oil,GB08IVAZ74821759464743,2025-06-02,59981,1
PAY-21468,INV-46533,OMC-013,Lake Oil,GB88TEHE71937452991241,2026-08-01,193820,1
PAY-90966,INV-56415,OMC-007,Kobil,GB37IDDX82449353487401,2025-03-31,271163,1
PAY-35310,INV-26516,OMC-010,Tamoil,GB34EABH79176936763201,2025-07-05,30214,1
PAY-88967,INV-20988,OMC-003,Rubis Energy,GB04LOQO13315098393010,2025-03-27,26833,1
PAY-25299,INV-27660,OMC-005,PetroOil Kenya,GB89GWUW86379402654235,10/04/2026,8413,2
PAY-83021,INV-81360,OMC-018,Uganda National Oil,GB73JRAR61317127484677,2026-07-06,46565,1
PAY-34767,INV-75707,OMC-007,Kobil,GB37IDDX82449353487401,2026-05-20,53586,1
PAY-37951,INV-60170,OMC-004,Gulf Energy,GB89GWUW86379402654235,2026-05-01,57399,2
PAY-27149,INV-15186,OMC-011,Hass Petroleum,GB56WGCN65876036690967,2025-10-13,106788,1
PAY-96637,INV-59539,OMC-008,National Oil,GB08NAFX56342160733754,2025-11-13,107958,1
PAY-40583,INV-14687,OMC-009,Dalbit Petroleum,GB53VXXX35615951484656,2025-08-23,41428,1
PAY-61915,INV-73753,OMC-008,National Oil,GB08NAFX56342160733754,2025-04-15,123345,1
PAY-27213,INV-88610,OMC-020,Ethiopian Oil,GB08IVAZ74821759464743,2025-10-28,37521,1
PAY-72648,INV-38724,OMC-018,Uganda National Oil,GB73JRAR61317127484677,,187809,1
PAY-29012,INV-49503,OMC-014,Texol Energies,GB06ONXS45314737996507,2026-02-07,23334,1
PAY-92389,INV-13101,OMC-010,Tamoil,GB34EABH79176936763201,25/07/2025,113412,1
PAY-49434,INV-40679,OMC-003,Rubis Energy,GB04LOQO13315098393010,03/09/2025,43869,1
PAY-49758,INV-93617,OMC-006,Hashi Energy,GB05QCFC91361939909169,2025-05-16,94770,1
PAY-44388,INV-47101,OMC-003,Rubis Energy,GB04LOQO13315098393010,2026-06-03,130738,1
PAY-85054,INV-78304,OMC-004,Gulf Energy,GB89GWUW86379402654235,20/05/2026," KES 28,635 ",2
PAY-73981,INV-55664,OMC-012,Galana Energies,GB89GWUW86379402654235,2026-06-23,25288,1
PAY-15018,INV-86303,OMC-014,Texol Energies,GB06ONXS45314737996507,2026-06-30,161331,1
PAY-99962,INV-16882,OMC-005,PetroOil Kenya,GB89GWUW86379402654235,2026-04-23,64570,1
PAY-72358,INV-35087,OMC-020,Ethiopian Oil,GB08IVAZ74821759464743,2025-04-29,52628,1
PAY-89391,INV-56123,OMC-015,Mombasa Petroleum,GB80WOIJ43135182337498,2025-11-05,42035,1
PAY-88748,INV-49067,OMC-004,Gulf Energy,GB89GWUW86379402654235,2026-04-06,11946,2
PAY-14097,INV-47369,OMC-011,Hass Petroleum,GB56WGCN65876036690967,2026-05-26,154719,1
PAY-51479,INV-75678,OMC-014,Texol Energies,GB06ONXS45314737996507,2026-04-19,74944,2
PAY-33994,INV-56933,OMC-001,TotalEnergies Kenya,GB06DMIO52553419283276,17/11/2025,31968,1
PAY-35603,INV-68931,OMC-018,Uganda National Oil,GB73JRAR61317127484677,2026-03-25,61972,1
PAY-73523,INV-20066,OMC-004,Gulf Energy,GB89GWUW86379402654235,2026-04-27,19590,2
PAY-60872,INV-63351,OMC-003,Rubis Energy,GB04LOQO13315098393010,,285418,1
PAY-27116,INV-90081,OMC-013,Lake Oil,GB88TEHE71937452991241,2026-05-03,169902,1
PAY-48913,INV-71539,OMC-018,Uganda National Oil,GB73JRAR61317127484677,2026-01-23,229576,1
PAY-11228,INV-34738,OMC-013,Lake Oil,GB88TEHE71937452991241,2025-02-23,120687,1
PAY-76935,INV-68941,OMC-008,National Oil,GB08NAFX56342160733754,2026-05-10,73799,1
PAY-95225,INV-90649,OMC-016,KPA Marine,GB31MOOJ96499091334123,2026-08-05,131962,1
PAY-20684,INV-34516,OMC-012,Galana Energies,GB89GWUW86379402654235,2026-03-25,219124,1
PAY-63078,INV-87818,OMC-013,Lake Oil,GB88TEHE71937452991241,2026-07-17,59110,1
PAY-59926,INV-53913,OMC-018,Uganda National Oil,GB73JRAR61317127484677,2025-03-14,25871,1
PAY-10355,INV-45059,OMC-011,Hass Petroleum,GB56WGCN65876036690967,2025-12-07,24849,1
PAY-87036,INV-27665,OMC-015,Mombasa Petroleum,GB80WOIJ43135182337498,2025-08-28,291948,1
PAY-59123,INV-16603,OMC-008,National Oil,GB08NAFX56342160733754,2026-03-02,13119,2
PAY-13786,INV-50102,OMC-004,Gulf Energy,GB89GWUW86379402654235,2026-02-25,150579,1
PAY-31583,INV-80437,OMC-018,Uganda National Oil,GB73JRAR61317127484677,2025-11-02,20873,1
PAY-20016,INV-91419,OMC-002,Vivo Energy,GB45OQIR01845146270482,2026-01-06,45662,1
PAY-68975,INV-19005,OMC-006,Hashi Energy,GB05QCFC91361939909169,2026-05-11,70007,2
PAY-24324,INV-25521,OMC-015,Mombasa Petroleum,GB80WOIJ43135182337498,2026-01-16,102511,1
PAY-47991,INV-32194,OMC-010,Tamoil,GB34EABH79176936763201,,119376,1
PAY-89946,INV-14765,OMC-001,TotalEnergies Kenya,GB06DMIO52553419283276,2025-03-25,127741,1
PAY-69597,INV-30375,OMC-014,Texol Energies,GB06ONXS45314737996507,2025-09-21,183724,1
PAY-60416,INV-94409,OMC-014,Texol Energies,GB06ONXS45314737996507,2026-03-06,130952,1
PAY-29777,INV-47283,OMC-015,Mombasa Petroleum,GB80WOIJ43135182337498,2025-09-06,54877,1
PAY-25403,INV-38376,OMC-015,Mombasa Petroleum,GB80WOIJ43135182337498,03/06/2025,219593,1
PAY-29423,INV-24415,OMC-012,Galana Energies,GB89GWUW86379402654235,2026-03-12," KES 28,171 ",1
PAY-75740,INV-27152,OMC-001,TotalEnergies Kenya,GB06DMIO52553419283276,2026-03-02,37790,1
PAY-78614,INV-81047,OMC-010,Tamoil,GB34EABH79176936763201,2025-10-19,59203,1
PAY-26808,INV-80105,OMC-010,Tamoil,GB34EABH79176936763201,2025-09-22,58575,1
PAY-28525,INV-86591,OMC-001,TotalEnergies Kenya,GB06DMIO52553419283276,2026-05-26,7560,2
PAY-90940,INV-39798,OMC-014,Texol Energies,GB06ONXS45314737996507,2025-10-18,202717,1
PAY-87081,INV-96964,OMC-009,Dalbit Petroleum,GB53VXXX35615951484656,2026-01-24,63547,2
PAY-62694,INV-70923,OMC-010,Tamoil,GB34EABH79176936763201,2026-05-08,259358,1
PAY-44368,INV-37168,OMC-008,National Oil,GB08NAFX56342160733754,2025-10-12,133388,1
PAY-14575,INV-69313,OMC-016,KPA Marine,GB31MOOJ96499091334123,2025-12-19," KES 155,030 ",1
PAY-87380,INV-23372,OMC-008,National Oil,GB08NAFX56342160733754,2025-05-24,36184,1
PAY-65645,INV-41325,OMC-015,Mombasa Petroleum,GB80WOIJ43135182337498,2026-01-07,104244,1
PAY-48197,INV-14893,OMC-009,Dalbit Petroleum,GB53VXXX35615951484656,2025-06-09,48614,1
PAY-71038,INV-68538,OMC-018,Uganda National Oil,GB73JRAR61317127484677,2025-08-31," KES 69,315 ",2
PAY-13478,INV-24680,OMC-006,Hashi Energy,GB05QCFC91361939909169,2026-05-07,49476,1
PAY-25231,INV-63551,OMC-001,TotalEnergies Kenya,GB06DMIO52553419283276,," KES 63,115 ",1
PAY-78917,INV-83293,OMC-002,Vivo Energy,GB45OQIR01845146270482,2025-09-23,154296,1
PAY-36229,INV-76832,OMC-020,Ethiopian Oil,GB08IVAZ74821759464743,2026-03-19,117181,1
PAY-23542,INV-75644,OMC-012,Galana Energies,GB89GWUW86379402654235,2026-04-28,24324,1
PAY-89756,INV-84402,OMC-015,Mombasa Petroleum,GB80WOIJ43135182337498,2025-03-01,161243,1
PAY-76487,INV-74323,OMC-004,Gulf Energy,GB89GWUW86379402654235,2026-05-06,29389,1
PAY-60923,INV-22482,OMC-016,KPA Marine,GB31MOOJ96499091334123,2025-03-27,40660,1
PAY-41516,INV-63849,OMC-014,Texol Energies,GB06ONXS45314737996507,2026-05-26,48301,2
PAY-18716,INV-76098,OMC-010,Tamoil,GB34EABH79176936763201,2025-11-26,132034,1
PAY-85228,INV-90065,OMC-007,Kobil,GB37IDDX82449353487401,2025-04-15,173418,1
PAY-54083,INV-72852,OMC-011,Hass Petroleum,GB56WGCN65876036690967,2026-07-11,126086,1
PAY-73939,INV-33531,OMC-002,Vivo Energy,GB45OQIR01845146270482,2025-03-18,207524,1
PAY-75840,INV-17036,OMC-013,Lake Oil,GB88TEHE71937452991241,2025-03-04,111242,1
PAY-17642,INV-60528,OMC-008,National Oil,GB08NAFX56342160733754,2025-10-22,268631,1
PAY-66698,INV-99799,OMC-010,Tamoil,GB34EABH79176936763201,2026-04-25,271594,1
PAY-66746,INV-69945,OMC-014,Texol Energies,GB06ONXS45314737996507,2026-03-13,121852,1
PAY-38016,INV-53631,OMC-008,National Oil,GB08NAFX56342160733754,2026-03-19," KES 171,953 ",1
PAY-14259,INV-92124,OMC-006,Hashi Energy,GB05QCFC91361939909169,2025-12-26,34730,1
PAY-91842,INV-86847,OMC-006,Hashi Energy,GB05QCFC91361939909169,2026-01-05,24549,1
PAY-76130,INV-74077,OMC-006,Hashi Energy,GB05QCFC91361939909169,2025-04-12,209799,1
PAY-22583,INV-15589,OMC-010,Tamoil,GB34EABH79176936763201,2025-10-08,185129,1
PAY-53453,INV-94503,OMC-003,Rubis Energy,GB04LOQO13315098393010,2025-10-05," KES 19,302 ",2
PAY-43106,INV-38868,OMC-008,National Oil,GB08NAFX56342160733754,2025-08-12,23616,1
PAY-35479,INV-97066,OMC-013,Lake Oil,GB88TEHE71937452991241,05/05/2026,110286,1
PAY-54340,INV-50841,OMC-015,Mombasa Petroleum,GB80WOIJ43135182337498,,149824,1
PAY-54987,INV-18543,OMC-009,Dalbit Petroleum,GB53VXXX35615951484656,04/11/2025,94573,1
PAY-54899,INV-71812,OMC-001,TotalEnergies Kenya,GB06DMIO52553419283276,2025-04-30,8701,2
PAY-52795,INV-28713,OMC-009,Dalbit Petroleum,GB53VXXX35615951484656,2025-10-30,33927,1
PAY-46765,INV-70397,OMC-003,Rubis Energy,GB04LOQO13315098393010,2025-10-25,85371,1
PAY-62910,INV-31744,OMC-002,Vivo Energy,GB45OQIR01845146270482,2025-05-11,75731,1
PAY-45234,INV-38983,OMC-009,Dalbit Petroleum,GB53VXXX35615951484656,2025-11-08,193401,1
PAY-10921,INV-77699,OMC-015,Mombasa Petroleum,GB80WOIJ43135182337498,2025-03-08,145285,1
PAY-93034,INV-25223,OMC-004,Gulf Energy,GB89GWUW86379402654235,2026-05-09,16683,2
PAY-52862,INV-75146,OMC-002,Vivo Energy,GB45OQIR01845146270482,2026-03-03,197860,1
PAY-67775,INV-75128,OMC-018,Uganda National Oil,GB73JRAR61317127484677,07/07/2026,45169,1
PAY-45459,INV-41748,OMC-004,Gulf Energy,GB89GWUW86379402654235,2026-05-09,44369,2
PAY-63292,INV-64492,OMC-009,Dalbit Petroleum,GB53VXXX35615951484656,2025-11-28,23948,1
PAY-16872,INV-24648,OMC-014,Texol Energies,GB06ONXS45314737996507,2026-03-29,46253,2
PAY-16180,INV-45344,OMC-005,PetroOil Kenya,GB89GWUW86379402654235,2026-05-16,71976,1
PAY-31019,INV-26424,OMC-014,Texol Energies,GB06ONXS45314737996507,2026-06-29," KES 201,454 ",1
PAY-57423,INV-76208,OMC-008,National Oil,GB08NAFX56342160733754,2025-02-24,50389,1
PAY-99834,INV-80012,OMC-015,Mombasa Petroleum,GB80WOIJ43135182337498,2026-04-09,62639,1
PAY-23381,INV-39428,OMC-011,Hass Petroleum,GB56WGCN65876036690967,,108608,1
PAY-28501,INV-63334,OMC-012,Galana Energies,GB89GWUW86379402654235,2026-04-19,37416,2
PAY-34105,INV-88262,OMC-006,Hashi Energy,GB05QCFC91361939909169,2025-12-03,29008,1
PAY-76322,INV-47261,OMC-002,Vivo Energy,GB45OQIR01845146270482,2025-11-15,26250,1
PAY-17604,INV-50820,OMC-006,Hashi Energy,GB05QCFC91361939909169,2026-02-03,100963,1
PAY-83449,INV-60831,OMC-015,Mombasa Petroleum,GB80WOIJ43135182337498,2025-03-02," KES 197,674 ",1
PAY-67733,INV-70990,OMC-020,Ethiopian Oil,GB08IVAZ74821759464743,2026-01-19," KES 37,776 ",1
PAY-83704,INV-82910,OMC-018,Uganda National Oil,GB73JRAR61317127484677,2025-05-07,32773,1
PAY-22128,INV-90635,OMC-002,Vivo Energy,GB45OQIR01845146270482,2026-03-24,98208,2
PAY-49291,INV-84924,OMC-011,Hass Petroleum,GB56WGCN65876036690967,2026-01-25,79530,1
PAY-92373,INV-56148,OMC-005,PetroOil Kenya,GB89GWUW86379402654235,2026-04-23,13471,2
PAY-69263,INV-80519,OMC-018,Uganda National Oil,GB73JRAR61317127484677,2025-04-28,21822,1
PAY-47475,INV-36959,OMC-009,Dalbit Petroleum,GB53VXXX35615951484656,15/02/2026,200211,1
PAY-81959,INV-15853,OMC-004,Gulf Energy,GB89GWUW86379402654235,2026-04-23,86087,2
PAY-54686,INV-63274,OMC-008,National Oil,GB08NAFX56342160733754,2025-09-29,42953,1
PAY-58860,INV-52157,OMC-020,Ethiopian Oil,GB08IVAZ74821759464743,2026-05-02,88343,1
PAY-12396,INV-94261,OMC-001,TotalEnergies Kenya,GB06DMIO52553419283276,2025-09-25,42585,2
PAY-44433,INV-20587,OMC-010,Tamoil,GB34EABH79176936763201,2025-03-09,33068,1
PAY-66933,INV-65619,OMC-003,Rubis Energy,GB04LOQO13315098393010,02/11/2025,33780,1
PAY-91479,INV-43423,OMC-004,Gulf Energy,GB89GWUW86379402654235,2026-06-21,11733,2
PAY-75895,INV-92699,OMC-012,Galana Energies,GB89GWUW86379402654235,2026-06-14,59618,2
PAY-99337,INV-99412,OMC-009,Dalbit Petroleum,GB53VXXX35615951484656,13/07/2025," KES 283,824 ",1
PAY-13887,INV-41976,OMC-015,Mombasa Petroleum,GB80WOIJ43135182337498,2026-03-16," KES 162,209 ",1
PAY-65879,INV-11305,OMC-003,Rubis Energy,GB04LOQO13315098393010,2026-03-22,58395,1
PAY-47760,INV-62384,OMC-019,Tanzania Petroleum,GB64OAXE62174596158657,2025-02-24,58527,1
PAY-31393,INV-21243,OMC-016,KPA Marine,GB31MOOJ96499091334123,2025-05-30,180809,1
PAY-29450,INV-87538,OMC-020,Ethiopian Oil,GB08IVAZ74821759464743,2025-04-22,169399,1
PAY-79495,INV-60525,OMC-007,Kobil,GB37IDDX82449353487401,2026-04-27,42990,1
PAY-81340,INV-62667,OMC-013,Lake Oil,GB88TEHE71937452991241,2026-07-22,149061,1
PAY-93942,INV-24595,OMC-012,Galana Energies,GB89GWUW86379402654235,2026-05-16,95770,1
PAY-52631,INV-84817,OMC-001,TotalEnergies Kenya,GB06DMIO52553419283276,2026-03-29,218860,1
PAY-89625,INV-76208,OMC-001,TotalEnergies Kenya,GB06DMIO52553419283276,2025-08-03,30077,1
PAY-75658,INV-39893,OMC-016,KPA Marine,GB31MOOJ96499091334123,2026-03-11,17069,2
PAY-25844,INV-35913,OMC-005,PetroOil Kenya,GB89GWUW86379402654235,2026-06-14,17337,2
PAY-71978,INV-71202,OMC-003,Rubis Energy,GB04LOQO13315098393010,2026-03-07,289677,1
PAY-82651,INV-34710,OMC-006,Hashi Energy,GB05QCFC91361939909169,2025-02-03,245390,1
PAY-57712,INV-95019,OMC-004,Gulf Energy,GB89GWUW86379402654235,26/03/2026,51346,1
PAY-66953,INV-27613,OMC-010,Tamoil,GB34EABH79176936763201,2026-04-22,16220,2
PAY-35909,INV-60081,OMC-016,KPA Marine,GB31MOOJ96499091334123,2026-02-27,74387,1
PAY-76692,INV-17173,OMC-002,Vivo Energy,GB45OQIR01845146270482,2025-09-07,204572,1
PAY-14021,INV-42030,OMC-008,National Oil,GB08NAFX56342160733754,2026-05-12,267088,1
PAY-10199,INV-53923,OMC-009,Dalbit Petroleum,GB53VXXX35615951484656,2025-12-26,21067,1
PAY-74002,INV-34020,OMC-008,National Oil,GB08NAFX56342160733754,2025-03-29,52483,1
PAY-97981,INV-19096,OMC-004,Gulf Energy,GB89GWUW86379402654235,2026-03-15,45973,1
PAY-19644,INV-61017,OMC-009,Dalbit Petroleum,GB53VXXX35615951484656,2026-06-30,70547,1
PAY-56684,INV-19324,OMC-017,KAA Aviation,GB54HVSS04902787429671,2026-04-23,82539,1
PAY-69674,INV-85977,OMC-005,PetroOil Kenya,GB89GWUW86379402654235,2026-04-21,51878,1
PAY-72064,INV-58254,OMC-006,Hashi Energy,GB05QCFC91361939909169,2026-06-27,31174,1
PAY-96858,INV-41579,OMC-008,National Oil,GB08NAFX56342160733754,2025-12-18,18854,1
PAY-55720,INV-67866,OMC-009,Dalbit Petroleum,GB53VXXX35615951484656,2025-07-21,4672,2
PAY-94071,INV-20173,OMC-020,Ethiopian Oil,GB08IVAZ74821759464743,2025-08-25,48212,1
PAY-12987,INV-89061,OMC-013,Lake Oil,GB88TEHE71937452991241,2026-05-17,171633,1
PAY-77048,INV-44899,OMC-014,Texol Energies,GB06ONXS45314737996507,2026-06-09,97422,2
PAY-27406,INV-18454,OMC-009,Dalbit Petroleum,GB53VXXX35615951484656,2025-03-19,164298,1
PAY-54759,INV-67266,OMC-008,National Oil,GB08NAFX56342160733754,2026-07-11,23863,1
PAY-91455,INV-31027,OMC-014,Texol Energies,GB06ONXS45314737996507,2026-05-18,77598,1
PAY-89785,INV-51190,OMC-013,Lake Oil,GB88TEHE71937452991241,2026-01-25,52753,1
PAY-85046,INV-40132,OMC-004,Gulf Energy,GB89GWUW86379402654235,14/05/2026,8316,2
PAY-22098,INV-94491,OMC-019,Tanzania Petroleum,GB64OAXE62174596158657,2025-07-17,57121,1
PAY-85228,INV-80933,OMC-007,Kobil,GB37IDDX82449353487401,2026-03-27,33368,1
PAY-76809,INV-55048,OMC-019,Tanzania Petroleum,GB64OAXE62174596158657,2025-05-07,212004,1
PAY-74577,INV-50603,OMC-007,Kobil,GB37IDDX82449353487401,2026-07-09,24352,1
PAY-77370,INV-87736,OMC-015,Mombasa Petroleum,GB80WOIJ43135182337498,2026-08-13,59057,1
PAY-75884,INV-62166,OMC-001,TotalEnergies Kenya,GB06DMIO52553419283276,2025-04-12,14122,2
PAY-60251,INV-88291,OMC-002,Vivo Energy,GB45OQIR01845146270482,2025-10-23,49118,1
PAY-21742,INV-69017,OMC-005,PetroOil Kenya,GB89GWUW86379402654235,2026-02-27,134320,1
PAY-47132,INV-71164,OMC-009,Dalbit Petroleum,GB53VXXX35615951484656,2025-06-12,80544,2
PAY-84718,INV-58775,OMC-011,Hass Petroleum,GB56WGCN65876036690967,2025-09-29,143124,1
PAY-18541,INV-86158,OMC-002,Vivo Energy,GB45OQIR01845146270482,2025-02-21,206318,1
PAY-98781,INV-44628,OMC-007,Kobil,GB37IDDX82449353487401,2025-06-07,43705,1
PAY-79561,INV-13164,OMC-009,Dalbit Petroleum,GB53VXXX35615951484656,2026-05-11," KES 122,371 ",1
PAY-22773,INV-63201,OMC-011,Hass Petroleum,GB56WGCN65876036690967,2025-10-23,52363,1
PAY-63110,INV-33300,OMC-010,Tamoil,GB34EABH79176936763201,2026-07-06,42420,1
PAY-77303,INV-64880,OMC-010,Tamoil,GB34EABH79176936763201,2025-10-01,59860,2
PAY-88249,INV-97596,OMC-012,Galana Energies,GB89GWUW86379402654235,2026-04-13,12252,1
PAY-65629,INV-35985,OMC-010,Tamoil,GB34EABH79176936763201,2025-05-30,155950,1
PAY-62601,INV-73454,OMC-020,Ethiopian Oil,GB08IVAZ74821759464743,2025-05-29,15489,2
PAY-60811,INV-59601,OMC-011,Hass Petroleum,GB56WGCN65876036690967,2025-09-14,49745,1
PAY-89128,INV-29479,OMC-001,TotalEnergies Kenya,GB06DMIO52553419283276,2026-07-17,277512,1
PAY-72456,INV-13168,OMC-005,PetroOil Kenya,GB89GWUW86379402654235,2026-03-08,150075,1
PAY-85778,INV-34476,OMC-014,Texol Energies,GB06ONXS45314737996507,2026-04-03,47603,2
PAY-21216,INV-80616,OMC-001,TotalEnergies Kenya,GB06DMIO52553419283276,2025-06-22,23390,1
PAY-71038,INV-21883,OMC-011,Hass Petroleum,GB56WGCN65876036690967,2025-10-11,46325,1
PAY-42374,INV-65580,OMC-010,Tamoil,GB34EABH79176936763201,2025-05-03,209030,1
PAY-23229,INV-71499,OMC-001,TotalEnergies Kenya,GB06DMIO52553419283276,2026-06-25,16122,2
PAY-34512,INV-77709,OMC-009,Dalbit Petroleum,GB53VXXX35615951484656,,91916,1
PAY-39016,INV-58598,OMC-001,TotalEnergies Kenya,GB06DMIO52553419283276,2025-06-17,111882,1
PAY-26274,INV-89444,OMC-018,Uganda National Oil,GB73JRAR61317127484677,2025-10-24,133880,1
PAY-31283,INV-97596,OMC-012,Galana Energies,GB89GWUW86379402654235,2026-05-04,9794,2
PAY-77236,INV-86516,OMC-013,Lake Oil,GB88TEHE71937452991241,2025-07-18,223456,1
PAY-81879,INV-20867,OMC-013,Lake Oil,GB88TEHE71937452991241,2026-02-23,163869,1
PAY-22286,INV-94248,OMC-007,Kobil,GB37IDDX82449353487401,2025-07-03,51939,1
PAY-16406,INV-18488,OMC-006,Hashi Energy,GB05QCFC91361939909169,2025-02-27,142843,1
PAY-92829,INV-57870,OMC-008,National Oil,GB08NAFX56342160733754,2025-04-17,57240,1
PAY-65106,INV-27537,OMC-016,KPA Marine,GB31MOOJ96499091334123,2026-01-09,9331,2
PAY-56322,INV-15084,OMC-003,Rubis Energy,GB04LOQO13315098393010,2025-03-01," KES 163,295 ",1
PAY-35516,INV-70757,OMC-004,Gulf Energy,GB89GWUW86379402654235,2026-03-20,5368,2
PAY-69391,INV-74204,OMC-018,Uganda National Oil,GB73JRAR61317127484677,2025-03-10,159471,1
PAY-52514,INV-46947,OMC-018,Uganda National Oil,GB73JRAR61317127484677,2025-07-11,130029,1
PAY-13737,INV-31556,OMC-012,Galana Energies,GB89GWUW86379402654235,2026-06-07,44467,1
PAY-94364,INV-64928,OMC-016,KPA Marine,GB31MOOJ96499091334123,,130498,1
PAY-76441,INV-56596,OMC-013,Lake Oil,GB88TEHE71937452991241,2025-12-20,219982,1
PAY-62540,INV-89603,OMC-011,Hass Petroleum,GB56WGCN65876036690967,2025-03-23,9602,2
PAY-12787,INV-84119,OMC-002,Vivo Energy,GB45OQIR01845146270482,2025-03-30,138061,1
PAY-18914,INV-35960,OMC-014,Texol Energies,GB06ONXS45314737996507,2025-04-04,35606,1
PAY-22390,INV-87321,OMC-002,Vivo Energy,GB45OQIR01845146270482,2026-05-14,23342,1
PAY-94484,INV-73620,OMC-003,Rubis Energy,GB04LOQO13315098393010,2026-08-14,32287,1
PAY-72229,INV-50079,OMC-005,PetroOil Kenya,GB89GWUW86379402654235,2026-05-07,31020,1
PAY-16480,INV-41190,OMC-016,KPA Marine,GB31MOOJ96499091334123,2026-05-28,55120,1
PAY-48395,INV-18955,OMC-009,Dalbit Petroleum,GB53VXXX35615951484656,2025-10-15,190914,1
PAY-93121,INV-85276,OMC-004,Gulf Energy,GB89GWUW86379402654235,07/07/2026,82005,2
PAY-23944,INV-71242,OMC-013,Lake Oil,GB88TEHE71937452991241,2026-02-07,175131,1
PAY-77314,INV-30599,OMC-009,Dalbit Petroleum,GB53VXXX35615951484656,2025-04-14,78883,1
PAY-20757,INV-46988,OMC-002,Vivo Energy,GB45OQIR01845146270482,2026-06-27,40983,1
PAY-66426,INV-75572,OMC-008,National Oil,GB08NAFX56342160733754,2026-06-10,188726,1
PAY-12289,INV-62027,OMC-010,Tamoil,GB34EABH79176936763201,2025-08-16,119707,1
PAY-68042,INV-15734,OMC-016,KPA Marine,GB31MOOJ96499091334123,2025-08-14,13322,2
PAY-65070,INV-63202,OMC-001,TotalEnergies Kenya,GB06DMIO52553419283276,," KES 245,860 ",1
PAY-18921,INV-23715,OMC-003,Rubis Energy,GB04LOQO13315098393010,,59449,1
PAY-10393,INV-37427,OMC-005,PetroOil Kenya,GB89GWUW86379402654235,2026-06-21,21517,2
PAY-40553,INV-89536,OMC-019,Tanzania Petroleum,GB64OAXE62174596158657,2025-06-25,25184,1
PAY-69213,INV-71772,OMC-017,KAA Aviation,GB54HVSS04902787429671,2026-06-08,23171,1
PAY-22951,INV-12096,OMC-007,Kobil,GB37IDDX82449353487401,2025-11-18,14068,2
PAY-35227,INV-47941,OMC-010,Tamoil,GB34EABH79176936763201,2026-03-27,237086,1
PAY-84076,INV-70861,OMC-011,Hass Petroleum,GB56WGCN65876036690967,2026-07-24,138909,1
PAY-81959,INV-15483,OMC-008,National Oil,GB08NAFX56342160733754,2025-02-04,246088,1
PAY-33145,INV-16541,OMC-019,Tanzania Petroleum,GB64OAXE62174596158657,2025-05-01,60159,1
PAY-51308,INV-64166,OMC-005,PetroOil Kenya,GB89GWUW86379402654235,2026-05-06,31460,1
PAY-94243,INV-38837,OMC-014,Texol Energies,GB06ONXS45314737996507,2025-05-08,138570,1
PAY-87634,INV-76324,OMC-015,Mombasa Petroleum,GB80WOIJ43135182337498,2026-03-21,262032,1
PAY-43155,INV-75325,OMC-009,Dalbit Petroleum,GB53VXXX35615951484656,2026-05-08,34889,2
PAY-86899,INV-74727,OMC-014,Texol Energies,GB06ONXS45314737996507,2026-07-21,202187,1
PAY-15238,INV-22656,OMC-008,National Oil,GB08NAFX56342160733754,,28595,1
PAY-60059,INV-24473,OMC-011,Hass Petroleum,GB56WGCN65876036690967,2025-07-23,44593,1
PAY-58726,INV-58074,OMC-006,Hashi Energy,GB05QCFC91361939909169,2025-03-29,139223,1
PAY-99713,INV-11588,OMC-014,Texol Energies,GB06ONXS45314737996507,2026-01-10,236190,1
PAY-33649,INV-23279,OMC-005,PetroOil Kenya,GB89GWUW86379402654235,2026-06-16,15199,2
PAY-67319,INV-13660,OMC-015,Mombasa Petroleum,GB80WOIJ43135182337498,2026-05-27,62818,1
PAY-75888,INV-50797,OMC-018,Uganda National Oil,GB73JRAR61317127484677,2025-05-07," KES 118,241 ",1
PAY-32085,INV-51609,OMC-019,Tanzania Petroleum,GB64OAXE62174596158657,2025-06-21,129436,1
PAY-33650,INV-41232,OMC-002,Vivo Energy,GB45OQIR01845146270482,2025-11-13,71145,1
PAY-69750,INV-37893,OMC-001,TotalEnergies Kenya,GB06DMIO52553419283276,2025-04-21,55850,2
PAY-13279,INV-10034,OMC-014,Texol Energies,GB06ONXS45314737996507,08/02/2026,87620,1
PAY-55879,INV-13617,OMC-018,Uganda National Oil,GB73JRAR61317127484677,2026-06-10,159161,1
PAY-11934,INV-28901,OMC-017,KAA Aviation,GB54HVSS04902787429671,2026-06-28,208359,1
PAY-97525,INV-18640,OMC-004,Gulf Energy,GB89GWUW86379402654235,29/03/2026,23202,2
PAY-17888,INV-34396,OMC-005,PetroOil Kenya,GB89GWUW86379402654235,2026-04-21,163720,1
PAY-79077,INV-67728,OMC-013,Lake Oil,GB88TEHE71937452991241,2025-08-30,22901,1
PAY-55460,INV-48225,OMC-007,Kobil,GB37IDDX82449353487401,2026-04-27,51571,1
PAY-76369,INV-83631,OMC-003,Rubis Energy,GB04LOQO13315098393010,2025-08-22,140034,1
PAY-75590,INV-66190,OMC-019,Tanzania Petroleum,GB64OAXE62174596158657,03/03/2026,42269,1
PAY-53161,INV-70005,OMC-004,Gulf Energy,GB89GWUW86379402654235,2026-04-20,35461,1
PAY-51092,INV-74947,OMC-007,Kobil,GB37IDDX82449353487401,2025-09-04,190037,1
PAY-13879,INV-92764,OMC-020,Ethiopian Oil,GB08IVAZ74821759464743,2026-05-13,35094,1
PAY-60270,INV-96641,OMC-011,Hass Petroleum,GB56WGCN65876036690967,2026-05-24,290974,1
PAY-89382,INV-35539,OMC-014,Texol Energies,GB06ONXS45314737996507,2025-04-20,36193,2
PAY-30290,INV-28187,OMC-001,TotalEnergies Kenya,GB06DMIO52553419283276,2026-04-03,134727,1
PAY-89894,INV-53215,OMC-007,Kobil,GB37IDDX82449353487401,,50899,1
PAY-51105,INV-21856,OMC-017,KAA Aviation,GB54HVSS04902787429671,2026-06-10,160401,1
PAY-77053,INV-88794,OMC-008,National Oil,GB08NAFX56342160733754,2026-04-28,67829,1
PAY-75174,INV-99548,OMC-016,KPA Marine,GB31MOOJ96499091334123,2026-08-22,108959,2
PAY-24525,INV-46153,OMC-008,National Oil,GB08NAFX56342160733754,2025-07-07,145649,1
PAY-65893,INV-76964,OMC-004,Gulf Energy,GB89GWUW86379402654235,2026-05-31,86129,2
PAY-61034,INV-28405,OMC-007,Kobil,GB37IDDX82449353487401,2025-04-10,101357,1
PAY-68383,INV-10172,OMC-012,Galana Energies,GB89GWUW86379402654235,,227180,1
PAY-54136,INV-64864,OMC-015,Mombasa Petroleum,GB80WOIJ43135182337498,2025-05-04," KES 28,174 ",1
PAY-99956,INV-56774,OMC-016,KPA Marine,GB31MOOJ96499091334123,2026-01-17,48727,2
PAY-37235,INV-36574,OMC-004,Gulf Energy,GB89GWUW86379402654235,2026-05-05,55033,2
PAY-40788,INV-17631,OMC-008,National Oil,GB08NAFX56342160733754,2025-05-16,230613,1
PAY-26522,INV-64089,OMC-015,Mombasa Petroleum,GB80WOIJ43135182337498,2025-08-29,31428,1
PAY-25079,INV-72731,OMC-013,Lake Oil,GB88TEHE71937452991241,2025-07-29,45731,1
PAY-44580,INV-85644,OMC-018,Uganda National Oil,GB73JRAR61317127484677,2025-10-25,166713,1
PAY-39457,INV-57808,OMC-003,Rubis Energy,GB04LOQO13315098393010,2025-12-30," KES 47,616 ",1
PAY-14447,INV-79390,OMC-010,Tamoil,GB34EABH79176936763201,2025-03-27,25145,1
PAY-33462,INV-48282,OMC-011,Hass Petroleum,GB56WGCN65876036690967,2025-04-02,13234,2
PAY-65262,INV-40201,OMC-006,Hashi Energy,GB05QCFC91361939909169,2025-12-12,177260,1
PAY-29350,INV-62291,OMC-006,Hashi Energy,GB05QCFC91361939909169,2026-06-12,254830,1
PAY-82916,INV-53725,OMC-002,Vivo Energy,GB45OQIR01845146270482,2025-03-22," KES 87,246 ",1
PAY-24732,INV-51884,OMC-018,Uganda National Oil,GB73JRAR61317127484677,2025-08-30," KES 46,796 ",1
PAY-17066,INV-60553,OMC-015,Mombasa Petroleum,GB80WOIJ43135182337498,2026-02-06,24682,1
PAY-15074,INV-36243,OMC-002,Vivo Energy,GB45OQIR01845146270482,2026-05-19,204080,1
PAY-78903,INV-50223,OMC-005,PetroOil Kenya,GB89GWUW86379402654235,21/03/2026,16493,1
PAY-14703,INV-50079,OMC-005,PetroOil Kenya,GB89GWUW86379402654235,2026-06-05,12020,2
PAY-52425,INV-43774,OMC-004,Gulf Energy,GB89GWUW86379402654235,2026-03-30,87209,1
PAY-72206,INV-23932,OMC-013,Lake Oil,GB88TEHE71937452991241,2026-04-27,43307,1
PAY-52582,INV-94311,OMC-017,KAA Aviation,GB54HVSS04902787429671,2026-01-01,189770,1
PAY-32040,INV-28738,OMC-018,Uganda National Oil,GB73JRAR61317127484677,2026-05-14,22591,1
PAY-87878,INV-56507,OMC-012,Galana Energies,GB89GWUW86379402654235,2026-05-29,247513,1
PAY-79330,INV-45233,OMC-011,Hass Petroleum,GB56WGCN65876036690967,16/11/2025,128570,1
PAY-66261,INV-38890,OMC-006,Hashi Energy,GB05QCFC91361939909169,2026-03-15,25815,1
PAY-87060,INV-36244,OMC-018,Uganda National Oil,GB73JRAR61317127484677,2025-09-08,192982,1
PAY-18238,INV-19839,OMC-001,TotalEnergies Kenya,GB06DMIO52553419283276,2026-06-15,32609,1
PAY-66781,INV-92346,OMC-002,Vivo Energy,GB45OQIR01845146270482,2025-11-20,24779,1
PAY-31365,INV-35568,OMC-014,Texol Energies,GB06ONXS45314737996507,2025-09-16,156498,1
PAY-14701,INV-76447,OMC-020,Ethiopian Oil,GB08IVAZ74821759464743,08/03/2026,183018,1
PAY-23440,INV-93164,OMC-015,Mombasa Petroleum,GB80WOIJ43135182337498,2025-12-04,72779,1
PAY-65043,INV-35285,OMC-014,Texol Energies,GB06ONXS45314737996507,2026-01-20,35178,1
PAY-13882,INV-32293,OMC-005,PetroOil Kenya,GB89GWUW86379402654235,2026-06-05,203424,1
PAY-77800,INV-92562,OMC-017,KAA Aviation,GB54HVSS04902787429671,2025-04-18,23720,1
PAY-44847,INV-88398,OMC-020,Ethiopian Oil,GB08IVAZ74821759464743,15/09/2025,37323,1
PAY-43483,INV-33928,OMC-019,Tanzania Petroleum,GB64OAXE62174596158657,2025-11-23,111910,1
PAY-95401,INV-66315,OMC-002,Vivo Energy,GB45OQIR01845146270482,2026-03-17,149936,1
PAY-91391,INV-62625,OMC-016,KPA Marine,GB31MOOJ96499091334123,2025-09-30,36792,1
PAY-58612,INV-19231,OMC-016,KPA Marine,GB31MOOJ96499091334123,2025-06-21,20745,1
PAY-33290,INV-56029,OMC-015,Mombasa Petroleum,GB80WOIJ43135182337498,2026-08-20,60669,1
PAY-44189,INV-83775,OMC-013,Lake Oil,GB88TEHE71937452991241,2026-01-09,42959,1
PAY-79426,INV-75926,OMC-018,Uganda National Oil,GB73JRAR61317127484677,2025-08-01,129291,1
PAY-29505,INV-77212,OMC-010,Tamoil,GB34EABH79176936763201,2026-04-13,212073,1
PAY-89531,INV-56714,OMC-018,Uganda National Oil,GB73JRAR61317127484677,2025-03-09,159231,1
PAY-58509,INV-43488,OMC-005,PetroOil Kenya,GB89GWUW86379402654235,2026-04-09,154188,1
PAY-17536,INV-92527,OMC-019,Tanzania Petroleum,GB64OAXE62174596158657,2026-02-17,7376,2
PAY-14242,INV-95484,OMC-013,Lake Oil,GB88TEHE71937452991241,2026-03-20,274391,1
PAY-63816,INV-29426,OMC-005,PetroOil Kenya,GB89GWUW86379402654235,2026-04-20,34427,1
PAY-59612,INV-64880,OMC-010,Tamoil,GB34EABH79176936763201,2025-09-01,133507,1
PAY-54129,INV-49115,OMC-010,Tamoil,GB34EABH79176936763201,2025-08-07,60347,1
PAY-88959,INV-98532,OMC-011,Hass Petroleum,GB56WGCN65876036690967,2026-04-18,45560,1
PAY-98166,INV-46439,OMC-016,KPA Marine,GB31MOOJ96499091334123,2025-10-17,8797,2
PAY-76036,INV-30827,OMC-019,Tanzania Petroleum,GB64OAXE62174596158657,2025-11-11,64661,2
PAY-73957,INV-82776,OMC-015,Mombasa Petroleum,GB80WOIJ43135182337498,26/12/2025,74455,1
PAY-81007,INV-68421,OMC-014,Texol Energies,GB06ONXS45314737996507,2025-06-08,161563,1
PAY-27255,INV-19070,OMC-003,Rubis Energy,GB04LOQO13315098393010,2025-06-26,22870,1
PAY-10363,INV-87538,OMC-020,Ethiopian Oil,GB08IVAZ74821759464743,2025-05-12,83046,2
PAY-99076,INV-52466,OMC-015,Mombasa Petroleum,GB80WOIJ43135182337498,2025-02-25,23733,1
PAY-64263,INV-92329,OMC-005,PetroOil Kenya,GB89GWUW86379402654235,2026-04-10,92791,2
PAY-12679,INV-92864,OMC-018,Uganda National Oil,GB73JRAR61317127484677,2025-08-02,134983,1
PAY-91068,INV-75395,OMC-018,Uganda National Oil,GB73JRAR61317127484677,2025-07-30,202661,1
PAY-15653,INV-48276,OMC-017,KAA Aviation,GB54HVSS04902787429671,2025-08-11," KES 56,842 ",1
PAY-26943,INV-31546,OMC-001,TotalEnergies Kenya,GB06DMIO52553419283276,2026-05-26,41797,1
PAY-95245,INV-37674,OMC-014,Texol Energies,GB06ONXS45314737996507,13/01/2026,21351,1
PAY-66306,INV-36574,OMC-004,Gulf Energy,GB89GWUW86379402654235,2026-04-17,211844,1
PAY-76575,INV-29730,OMC-006,Hashi Energy,GB05QCFC91361939909169,2025-08-08,181935,1
PAY-98462,INV-95131,OMC-010,Tamoil,GB34EABH79176936763201,2026-01-03,59072,1
PAY-25133,INV-99052,OMC-009,Dalbit Petroleum,GB53VXXX35615951484656,2025-09-27,27395,1
PAY-97919,INV-24589,OMC-001,TotalEnergies Kenya,GB06DMIO52553419283276,2025-02-26,40564,2
PAY-29857,INV-98280,OMC-013,Lake Oil,GB88TEHE71937452991241,2025-10-10,187128,1
PAY-99661,INV-79654,OMC-019,Tanzania Petroleum,GB64OAXE62174596158657,2025-06-17,20502,1
PAY-88126,INV-18764,OMC-020,Ethiopian Oil,GB08IVAZ74821759464743,2025-05-10,113044,1
PAY-49416,INV-84169,OMC-005,PetroOil Kenya,GB89GWUW86379402654235,2026-03-13,18885,1
PAY-71437,INV-99999,OMC-014,Texol Energies,GB06ONXS45314737996507,2025-04-13,105216,1
PAY-10743,INV-75153,OMC-003,Rubis Energy,GB04LOQO13315098393010,2026-07-20,41281,1
PAY-28789,INV-49696,OMC-020,Ethiopian Oil,GB08IVAZ74821759464743,2026-02-23,33231,1
PAY-44381,INV-58364,OMC-005,PetroOil Kenya,GB89GWUW86379402654235,2026-05-04,42342,1
PAY-86044,INV-11211,OMC-005,PetroOil Kenya,GB89GWUW86379402654235,2026-05-05,99012,2
PAY-33575,INV-57173,OMC-016,KPA Marine,GB31MOOJ96499091334123,2026-01-23,52764,2
PAY-82412,INV-47633,OMC-017,KAA Aviation,GB54HVSS04902787429671,2025-04-04,274275,1
PAY-60281,INV-21668,OMC-009,Dalbit Petroleum,GB53VXXX35615951484656,2025-12-01,82202,2
PAY-91089,INV-84745,OMC-004,Gulf Energy,GB89GWUW86379402654235,2026-06-10,41892,2
PAY-72679,INV-26176,OMC-005,PetroOil Kenya,GB89GWUW86379402654235,2026-04-23,39419,2
PAY-90179,INV-62157,OMC-015,Mombasa Petroleum,GB80WOIJ43135182337498,2026-02-23,96642,1
PAY-13883,INV-91395,OMC-013,Lake Oil,GB88TEHE71937452991241,2025-03-28,256026,1
PAY-30970,INV-68406,OMC-003,Rubis Energy,GB04LOQO13315098393010,18/02/2026,95501,1
PAY-21462,INV-23992,OMC-017,KAA Aviation,GB54HVSS04902787429671,,304760,1
PAY-44621,INV-35528,OMC-008,National Oil,GB08NAFX56342160733754,04/06/2026,130442,1
PAY-77131,INV-23030,OMC-009,Dalbit Petroleum,GB53VXXX35615951484656,2025-12-15,99765,1
PAY-10388,INV-94036,OMC-007,Kobil,GB37IDDX82449353487401,2025-09-18,150558,1
PAY-94855,INV-24085,OMC-013,Lake Oil,GB88TEHE71937452991241,2026-01-30,99198,1
PAY-71975,INV-90801,OMC-018,Uganda National Oil,GB73JRAR61317127484677,2025-03-23,280481,1
PAY-47685,INV-59074,OMC-018,Uganda National Oil,GB73JRAR61317127484677,2025-07-28,62875,1
PAY-86073,INV-79463,OMC-015,Mombasa Petroleum,GB80WOIJ43135182337498,2025-06-10,167786,1
PAY-95643,INV-57168,OMC-004,Gulf Energy,GB89GWUW86379402654235,2026-04-13,105795,1
PAY-96342,INV-67935,OMC-012,Galana Energies,GB89GWUW86379402654235,2026-05-22,57401,1
PAY-57091,INV-96245,OMC-010,Tamoil,GB34EABH79176936763201,2026-05-21,164835,1
PAY-36286,INV-97861,OMC-015,Mombasa Petroleum,GB80WOIJ43135182337498,2026-05-07,127237,1
PAY-52302,INV-50242,OMC-016,KPA Marine,GB31MOOJ96499091334123,2026-03-07,13595,2
PAY-95261,INV-57384,OMC-006,Hashi Energy,GB05QCFC91361939909169,2025-08-11,202579,1
PAY-26995,INV-31805,OMC-020,Ethiopian Oil,GB08IVAZ74821759464743,2026-03-17,128545,1
PAY-39360,INV-45682,OMC-004,Gulf Energy,GB89GWUW86379402654235,2026-06-14,21580,1
PAY-39651,INV-45350,OMC-001,TotalEnergies Kenya,GB06DMIO52553419283276,2025-08-08,91640,1
PAY-78928,INV-99058,OMC-008,National Oil,GB08NAFX56342160733754,2026-06-19,118081,2
PAY-90065,INV-14721,OMC-012,Galana Energies,GB89GWUW86379402654235,2026-06-21,92212,2
PAY-32681,INV-17370,OMC-020,Ethiopian Oil,GB08IVAZ74821759464743,2026-03-06,92079,1
PAY-83665,INV-26480,OMC-013,Lake Oil,GB88TEHE71937452991241,2025-12-03,39986,1
PAY-56317,INV-16942,OMC-014,Texol Energies,GB06ONXS45314737996507,2025-03-14,31503,2
PAY-66949,INV-92559,OMC-009,Dalbit Petroleum,GB53VXXX35615951484656,2025-01-24,107210,1
PAY-53851,INV-49111,OMC-001,TotalEnergies Kenya,GB06DMIO52553419283276,2025-04-28," KES 25,336 ",1
PAY-92445,INV-45343,OMC-017,KAA Aviation,GB54HVSS04902787429671,2026-01-28,208351,1
PAY-10418,INV-45426,OMC-011,Hass Petroleum,GB56WGCN65876036690967,,112338,1
PAY-94736,INV-33629,OMC-010,Tamoil,GB34EABH79176936763201,2025-09-02,219011,1
PAY-97155,INV-31037,OMC-018,Uganda National Oil,GB73JRAR61317127484677,2025-05-24,37842,1
PAY-70558,INV-37359,OMC-014,Texol Energies,GB06ONXS45314737996507,2025-12-31,38085,1
PAY-79623,INV-64980,OMC-002,Vivo Energy,GB45OQIR01845146270482,2025-10-28,249246,1
PAY-30603,INV-16187,OMC-015,Mombasa Petroleum,GB80WOIJ43135182337498,28/06/2025,58816,1
PAY-52278,INV-81356,OMC-015,Mombasa Petroleum,GB80WOIJ43135182337498,2025-05-08,143715,1
PAY-13734,INV-43165,OMC-001,TotalEnergies Kenya,GB06DMIO52553419283276,2026-08-08,119179,1
PAY-12444,INV-56208,OMC-004,Gulf Energy,GB89GWUW86379402654235,2026-05-22,170657,1
PAY-70820,INV-41659,OMC-016,KPA Marine,GB31MOOJ96499091334123,,101029,1
PAY-35417,INV-82411,OMC-012,Galana Energies,GB89GWUW86379402654235,2026-05-18,33344,2
PAY-93595,INV-68157,OMC-014,Texol Energies,GB06ONXS45314737996507,2026-02-20,190418,1
PAY-60806,INV-24354,OMC-003,Rubis Energy,GB04LOQO13315098393010,2026-07-08,48678,1
PAY-80046,INV-94034,OMC-010,Tamoil,GB34EABH79176936763201,2025-07-15,171546,1
PAY-36870,INV-36866,OMC-015,Mombasa Petroleum,GB80WOIJ43135182337498,2025-10-15,168513,1
PAY-22375,INV-39569,OMC-012,Galana Energies,GB89GWUW86379402654235,2026-07-12,67362,2
PAY-87328,INV-48179,OMC-007,Kobil,GB37IDDX82449353487401,2025-09-28,114015,1
PAY-68566,INV-38377,OMC-013,Lake Oil,GB88TEHE71937452991241,2025-11-13,141258,1
PAY-54461,INV-19338,OMC-016,KPA Marine,GB31MOOJ96499091334123,24/01/2026,11770,2
PAY-83193,INV-71239,OMC-019,Tanzania Petroleum,GB64OAXE62174596158657,2025-04-21,48641,1
PAY-66118,INV-80868,OMC-016,KPA Marine,GB31MOOJ96499091334123,2025-06-25,78036,1
PAY-22042,INV-40541,OMC-005,PetroOil Kenya,GB89GWUW86379402654235,2026-04-24,165675,1
PAY-50771,INV-23266,OMC-013,Lake Oil,GB88TEHE71937452991241,2026-04-09,37342,1
PAY-30645,INV-41203,OMC-017,KAA Aviation,GB54HVSS04902787429671,14/07/2026,41897,1
PAY-46923,INV-52057,OMC-020,Ethiopian Oil,GB08IVAZ74821759464743,2025-04-23,264569,1
PAY-24444,INV-53302,OMC-001,TotalEnergies Kenya,GB06DMIO52553419283276,2025-06-24,210411,1
PAY-92345,INV-77412,OMC-015,Mombasa Petroleum,GB80WOIJ43135182337498,2025-08-23,23489,1
PAY-65403,INV-90593,OMC-016,KPA Marine,GB31MOOJ96499091334123,2025-10-27,29314,1
PAY-93711,INV-41855,OMC-017,KAA Aviation,GB54HVSS04902787429671,2026-04-14,39844,1
PAY-35168,INV-66803,OMC-001,TotalEnergies Kenya,GB06DMIO52553419283276,2025-03-30,37625,1
PAY-38386,INV-73120,OMC-009,Dalbit Petroleum,GB53VXXX35615951484656,2025-08-07,27706,2
PAY-31592,INV-27159,OMC-019,Tanzania Petroleum,GB64OAXE62174596158657,2026-03-18,134156,1
PAY-49361,INV-29982,OMC-001,TotalEnergies Kenya,GB06DMIO52553419283276,2025-08-03,45130,1
PAY-95885,INV-80593,OMC-017,KAA Aviation,GB54HVSS04902787429671,2026-05-04,44120,1
PAY-73304,INV-84018,OMC-016,KPA Marine,GB31MOOJ96499091334123,2025-04-26,11440,2
PAY-68088,INV-79076,OMC-010,Tamoil,GB34EABH79176936763201,2025-03-14,99113,1
PAY-59007,INV-63793,OMC-011,Hass Petroleum,GB56WGCN65876036690967,2025-12-30,168994,1
PAY-84568,INV-15140,OMC-009,Dalbit Petroleum,GB53VXXX35615951484656,2025-09-29,46135,2
PAY-19205,INV-89623,OMC-012,Galana Energies,GB89GWUW86379402654235,2026-03-24,95017,1
PAY-49163,INV-59699,OMC-011,Hass Petroleum,GB56WGCN65876036690967,2025-06-19," KES 120,376 ",1
PAY-90648,INV-67461,OMC-018,Uganda National Oil,GB73JRAR61317127484677,01/07/2025,270565,1
PAY-76392,INV-16328,OMC-017,KAA Aviation,GB54HVSS04902787429671,2026-05-21,233347,1
PAY-13012,INV-79802,OMC-005,PetroOil Kenya,GB89GWUW86379402654235,2026-06-06,23502,1
PAY-40517,INV-38354,OMC-010,Tamoil,GB34EABH79176936763201,2025-12-14,30762,1
PAY-55472,INV-99204,OMC-006,Hashi Energy,GB05QCFC91361939909169,2025-03-01,38483,1
PAY-80350,INV-70307,OMC-020,Ethiopian Oil,GB08IVAZ74821759464743,2025-05-14,92221,1
PAY-68472,INV-75670,OMC-019,Tanzania Petroleum,GB64OAXE62174596158657,2026-01-01,123425,1
PAY-14326,INV-85285,OMC-014,Texol Energies,GB06ONXS45314737996507,2025-07-21,44959,1
PAY-47373,INV-61903,OMC-013,Lake Oil,GB88TEHE71937452991241,2026-06-20,217061,1
PAY-19028,INV-51200,OMC-017,KAA Aviation,GB54HVSS04902787429671,2025-04-09,27740,1
PAY-66241,INV-16614,OMC-010,Tamoil,GB34EABH79176936763201,2025-07-01,210644,1
PAY-52598,INV-96552,OMC-019,Tanzania Petroleum,GB64OAXE62174596158657,2025-06-06,181551,1
PAY-87859,INV-83030,OMC-009,Dalbit Petroleum,GB53VXXX35615951484656,2026-08-25," KES 196,179 ",1
PAY-92176,INV-37838,OMC-018,Uganda National Oil,GB73JRAR61317127484677,2026-02-21,55478,1
PAY-85660,INV-65657,OMC-018,Uganda National Oil,GB73JRAR61317127484677,2025-03-08,163305,1
PAY-85054,INV-35708,OMC-009,Dalbit Petroleum,GB53VXXX35615951484656,2026-04-26,42811,1
PAY-33584,INV-41827,OMC-018,Uganda National Oil,GB73JRAR61317127484677,2026-08-12,59079,1
PAY-19468,INV-57100,OMC-017,KAA Aviation,GB54HVSS04902787429671,2025-12-28,42042,1
PAY-94144,INV-69766,OMC-010,Tamoil,GB34EABH79176936763201,2026-06-29,186857,1
PAY-44352,INV-78543,OMC-015,Mombasa Petroleum,GB80WOIJ43135182337498,2025-04-25,166827,1
PAY-92729,INV-59543,OMC-011,Hass Petroleum,GB56WGCN65876036690967,2025-04-02,168298,1
PAY-80286,INV-38873,OMC-003,Rubis Energy,GB04LOQO13315098393010,2025-09-13,246354,1
PAY-12568,INV-29194,OMC-002,Vivo Energy,GB45OQIR01845146270482,2025-10-25,25298,1
PAY-87586,INV-51114,OMC-003,Rubis Energy,GB04LOQO13315098393010,2025-12-20,120452,1
PAY-63399,INV-29149,OMC-011,Hass Petroleum,GB56WGCN65876036690967,2025-05-26,188428,1
PAY-70861,INV-89438,OMC-018,Uganda National Oil,GB73JRAR61317127484677,2025-04-29,168330,1
PAY-10421,INV-91627,OMC-016,KPA Marine,GB31MOOJ96499091334123,2025-05-04,198177,1
PAY-37339,INV-47681,OMC-007,Kobil,GB37IDDX82449353487401,17/08/2025,21745,1
PAY-36205,INV-98481,OMC-003,Rubis Energy,GB04LOQO13315098393010,2025-04-22,103501,1
PAY-66428,INV-26264,OMC-009,Dalbit Petroleum,GB53VXXX35615951484656,2025-12-15,31144,1
PAY-24490,INV-59335,OMC-001,TotalEnergies Kenya,GB06DMIO52553419283276,24/07/2025,71924,2
PAY-90745,INV-51378,OMC-020,Ethiopian Oil,GB08IVAZ74821759464743,2025-10-31," KES 163,471 ",1
PAY-63887,INV-93292,OMC-014,Texol Energies,GB06ONXS45314737996507,2026-02-05,113106,1
PAY-92406,INV-61314,OMC-012,Galana Energies,GB89GWUW86379402654235,2026-04-22,56548,2
PAY-94934,INV-87455,OMC-010,Tamoil,GB34EABH79176936763201,2025-06-22,239268,1
PAY-62896,INV-82139,OMC-012,Galana Energies,GB89GWUW86379402654235,2026-06-05,136791,1
PAY-82403,INV-57950,OMC-012,Galana Energies,GB89GWUW86379402654235,2026-05-03,105995,1
PAY-54121,INV-58160,OMC-018,Uganda National Oil,GB73JRAR61317127484677,2025-10-14,42428,1
PAY-81945,INV-27272,OMC-018,Uganda National Oil,GB73JRAR61317127484677,2026-03-23,64261,1
PAY-37297,INV-44290,OMC-009,Dalbit Petroleum,GB53VXXX35615951484656,2025-05-05,262815,1
PAY-31253,INV-66841,OMC-010,Tamoil,GB34EABH79176936763201,2025-03-21,22879,1
PAY-44406,INV-68026,OMC-002,Vivo Energy,GB45OQIR01845146270482,2025-12-12,44221,1
PAY-61259,INV-76154,OMC-017,KAA Aviation,GB54HVSS04902787429671,,54072,1
PAY-21895,INV-98016,OMC-019,Tanzania Petroleum,GB64OAXE62174596158657,2025-07-03,63633,1
PAY-59432,INV-57435,OMC-007,Kobil,GB37IDDX82449353487401,2025-09-23,204292,1
PAY-55002,INV-35365,OMC-015,Mombasa Petroleum,GB80WOIJ43135182337498,2025-08-02,156390,1
PAY-23679,INV-42709,OMC-012,Galana Energies,GB89GWUW86379402654235,25/04/2026,60421,1
PAY-61340,INV-46333,OMC-012,Galana Energies,GB89GWUW86379402654235,2026-05-30,12001,1
PAY-97629,INV-34915,OMC-006,Hashi Energy,GB05QCFC91361939909169,2025-05-31,104198,1
PAY-13503,INV-50849,OMC-001,TotalEnergies Kenya,GB06DMIO52553419283276,2026-03-21,47671,1
PAY-54144,INV-16906,OMC-004,Gulf Energy,GB89GWUW86379402654235,23/04/2026,115784,1
PAY-13059,INV-23873,OMC-013,Lake Oil,GB88TEHE71937452991241,2025-07-18,43787,1
PAY-19594,INV-14725,OMC-009,Dalbit Petroleum,GB53VXXX35615951484656,2025-07-15,42320,1
PAY-49487,INV-49726,OMC-014,Texol Energies,GB06ONXS45314737996507,09/12/2025,44254,1
PAY-29968,INV-59714,OMC-009,Dalbit Petroleum,GB53VXXX35615951484656,2025-12-14,35422,1
PAY-45435,INV-52744,OMC-003,Rubis Energy,GB04LOQO13315098393010,2026-07-20,79600,1
PAY-97162,INV-73371,OMC-017,KAA Aviation,GB54HVSS04902787429671,2025-07-17,155174,1
PAY-18699,INV-30096,OMC-007,Kobil,GB37IDDX82449353487401,2025-05-24,30409,1
PAY-82064,INV-33969,OMC-016,KPA Marine,GB31MOOJ96499091334123,2026-04-09,43922,1
PAY-95892,INV-54364,OMC-003,Rubis Energy,GB04LOQO13315098393010,2026-04-16,160454,1
PAY-63078,INV-87818,OMC-013,Lake Oil,GB88TEHE71937452991241,17/07/2026,59110,1
PAY-85191,INV-59113,OMC-011,Hass Petroleum,GB56WGCN65876036690967,2026-07-31,65165,1
PAY-12734,INV-52497,OMC-011,Hass Petroleum,GB56WGCN65876036690967,2025-08-28,252656,1
PAY-50722,INV-15125,OMC-012,Galana Energies,GB89GWUW86379402654235,2026-03-07,186338,1
PAY-84505,INV-63349,OMC-018,Uganda National Oil,GB73JRAR61317127484677,2025-04-19,44876,1
PAY-85699,INV-11295,OMC-003,Rubis Energy,GB04LOQO13315098393010,2025-08-09,217349,1
PAY-53734,INV-14263,OMC-002,Vivo Energy,GB45OQIR01845146270482,2025-03-16,51754,1
PAY-27252,INV-98279,OMC-008,National Oil,GB08NAFX56342160733754,2025-06-25,266959,1
PAY-14866,INV-15337,OMC-015,Mombasa Petroleum,GB80WOIJ43135182337498,2025-08-09,29555,1
PAY-92446,INV-57831,OMC-020,Ethiopian Oil,GB08IVAZ74821759464743,2026-06-09,132424,1
PAY-81919,INV-72450,OMC-010,Tamoil,GB34EABH79176936763201,2026-01-22,211194,1
PAY-27941,INV-60822,OMC-013,Lake Oil,GB88TEHE71937452991241,2025-05-05,263139,1
PAY-64682,INV-43759,OMC-007,Kobil,GB37IDDX82449353487401,2026-04-13,106721,1
PAY-97811,INV-31764,OMC-001,TotalEnergies Kenya,GB06DMIO52553419283276,2025-03-26," KES 57,638 ",1
PAY-79299,INV-20874,OMC-011,Hass Petroleum,GB56WGCN65876036690967,2026-04-23,107298,1
PAY-25862,INV-61929,OMC-005,PetroOil Kenya,GB89GWUW86379402654235,2026-06-09,23082,2
PAY-86537,INV-18189,OMC-005,PetroOil Kenya,GB89GWUW86379402654235,2026-04-07,205182,1
PAY-45902,INV-45039,OMC-005,PetroOil Kenya,GB89GWUW86379402654235,14/05/2026,18781,2
PAY-53993,INV-35287,OMC-010,Tamoil,GB34EABH79176936763201,2025-11-13,97469,1
PAY-34384,INV-78726,OMC-016,KPA Marine,GB31MOOJ96499091334123,2025-03-05,18587,1
PAY-12105,INV-72970,OMC-003,Rubis Energy,GB04LOQO13315098393010,2025-01-25,258745,1
PAY-93687,INV-45115,OMC-002,Vivo Energy,GB45OQIR01845146270482,2026-01-29,6825,2
PAY-79164,INV-12218,OMC-008,National Oil,GB08NAFX56342160733754,2026-03-21,38581,1
PAY-41630,INV-28552,OMC-014,Texol Energies,GB06ONXS45314737996507,2026-05-23,24576,1
PAY-75400,INV-69414,OMC-003,Rubis Energy,GB04LOQO13315098393010,,192098,1
PAY-55097,INV-17263,OMC-005,PetroOil Kenya,GB89GWUW86379402654235,2026-05-15,47266,1
PAY-90151,INV-60668,OMC-002,Vivo Energy,GB45OQIR01845146270482,2025-10-29,49676,1
PAY-21975,INV-15322,OMC-005,PetroOil Kenya,GB89GWUW86379402654235,25/05/2026,19229,2
PAY-45844,INV-88204,OMC-008,National Oil,GB08NAFX56342160733754,2025-04-09,44019,1
PAY-16888,INV-21771,OMC-004,Gulf Energy,GB89GWUW86379402654235,2026-06-28,68071,2
PAY-26514,INV-44608,OMC-011,Hass Petroleum,GB56WGCN65876036690967,2025-04-14,46396,1
PAY-96435,INV-12146,OMC-018,Uganda National Oil,GB73JRAR61317127484677,2025-04-12,118161,1
PAY-33898,INV-56612,OMC-016,KPA Marine,GB31MOOJ96499091334123,2026-07-13,21805,1
PAY-35015,INV-35343,OMC-008,National Oil,GB08NAFX56342160733754,2025-06-04,55259,1
PAY-95279,INV-47777,OMC-007,Kobil,GB37IDDX82449353487401,2026-02-02,17616,2
PAY-78614,INV-81047,OMC-010,Tamoil,GB34EABH79176936763201,2025-10-19,59203,1
PAY-75938,INV-65625,OMC-008,National Oil,GB08NAFX56342160733754,2025-10-17,48784,1
PAY-56277,INV-12466,OMC-017,KAA Aviation,GB54HVSS04902787429671,2025-11-24,257896,1
PAY-32294,INV-66503,OMC-013,Lake Oil,GB88TEHE71937452991241,2025-12-08,184433,1
PAY-79790,INV-62793,OMC-003,Rubis Energy,GB04LOQO13315098393010,2025-11-03,49183,1
PAY-29904,INV-70947,OMC-005,PetroOil Kenya,GB89GWUW86379402654235,2026-05-24,23880,1
PAY-77343,INV-79572,OMC-011,Hass Petroleum,GB56WGCN65876036690967,2026-06-24,224900,1
PAY-89706,INV-30409,OMC-001,TotalEnergies Kenya,GB06DMIO52553419283276,2025-09-04,141862,1
PAY-46948,INV-13457,OMC-015,Mombasa Petroleum,GB80WOIJ43135182337498,2026-03-24,60489,1
PAY-81701,INV-82980,OMC-003,Rubis Energy,GB04LOQO13315098393010,2025-06-09,136712,1
PAY-57799,INV-49918,OMC-013,Lake Oil,GB88TEHE71937452991241,2025-11-12,106750,1
PAY-57724,INV-96380,OMC-001,TotalEnergies Kenya,GB06DMIO52553419283276,2025-04-08,39070,1
PAY-18131,INV-50534,OMC-006,Hashi Energy,GB05QCFC91361939909169,2025-08-15,59143,1
PAY-32369,INV-99174,OMC-020,Ethiopian Oil,GB08IVAZ74821759464743,2026-04-27,27025,1
PAY-42755,INV-66909,OMC-006,Hashi Energy,GB05QCFC91361939909169,14/06/2025,148295,1
PAY-65662,INV-92945,OMC-010,Tamoil,GB34EABH79176936763201,2026-07-26,77536,1
PAY-49401,INV-35268,OMC-005,PetroOil Kenya,GB89GWUW86379402654235,2026-04-01,42918,1
PAY-68935,INV-69931,OMC-019,Tanzania Petroleum,GB64OAXE62174596158657,2025-10-08,136794,1
PAY-32863,INV-23284,OMC-004,Gulf Energy,GB89GWUW86379402654235,2026-04-07,51566,2
PAY-10930,INV-62241,OMC-001,TotalEnergies Kenya,GB06DMIO52553419283276,2026-02-04,295652,1
PAY-88398,INV-52883,OMC-016,KPA Marine,GB31MOOJ96499091334123,2025-05-25,30244,1
PAY-85624,INV-30761,OMC-004,Gulf Energy,GB89GWUW86379402654235,2026-04-27,61794,1
PAY-28259,INV-70437,OMC-002,Vivo Energy,GB45OQIR01845146270482,2025-02-09,80982,1
PAY-32387,INV-38406,OMC-019,Tanzania Petroleum,GB64OAXE62174596158657,2026-03-18,37768,1
PAY-67622,INV-90854,OMC-009,Dalbit Petroleum,GB53VXXX35615951484656,2025-10-29,81498,1
PAY-26078,INV-50358,OMC-014,Texol Energies,GB06ONXS45314737996507,2026-03-14,11931,2
PAY-28167,INV-15749,OMC-001,TotalEnergies Kenya,GB06DMIO52553419283276,2026-08-03,31147,1
PAY-96164,INV-25328,OMC-018,Uganda National Oil,GB73JRAR61317127484677,2026-07-08,20833,1
PAY-85588,INV-65642,OMC-012,Galana Energies,GB89GWUW86379402654235,2026-06-16,40837,1
PAY-70817,INV-24937,OMC-018,Uganda National Oil,GB73JRAR61317127484677,2025-06-14,169075,1
PAY-69205,INV-98855,OMC-017,KAA Aviation,GB54HVSS04902787429671,2025-07-12,128508,1
PAY-26003,INV-11528,OMC-006,Hashi Energy,GB05QCFC91361939909169,03/08/2026,193820,1
PAY-82032,INV-40028,OMC-005,PetroOil Kenya,GB89GWUW86379402654235,2026-05-05,61746,1
PAY-51718,INV-51602,OMC-012,Galana Energies,GB89GWUW86379402654235,2026-03-02,43734,1
PAY-20807,INV-89483,OMC-003,Rubis Energy,GB04LOQO13315098393010,2025-07-13," KES 220,890 ",1
PAY-36841,INV-92813,OMC-006,Hashi Energy,GB05QCFC91361939909169,2025-07-15,57919,1
PAY-59647,INV-50768,OMC-017,KAA Aviation,GB54HVSS04902787429671,2025-11-11,46824,1
PAY-54764,INV-64025,OMC-019,Tanzania Petroleum,GB64OAXE62174596158657,,25615,1
PAY-81242,INV-10844,OMC-019,Tanzania Petroleum,GB64OAXE62174596158657,2026-07-28,240453,1
PAY-57347,INV-33673,OMC-003,Rubis Energy,GB04LOQO13315098393010,2025-03-15,14578,2
PAY-66089,INV-55717,OMC-003,Rubis Energy,GB04LOQO13315098393010,2026-03-01,167994,1
PAY-18273,INV-13559,OMC-019,Tanzania Petroleum,GB64OAXE62174596158657,2026-06-13,232183,1
PAY-53859,INV-91082,OMC-015,Mombasa Petroleum,GB80WOIJ43135182337498,11/08/2025,37837,1
PAY-30684,INV-75672,OMC-004,Gulf Energy,GB89GWUW86379402654235,2026-04-30,33639,1
PAY-87664,INV-79006,OMC-018,Uganda National Oil,GB73JRAR61317127484677,2026-05-18,176473,1
PAY-76632,INV-97221,OMC-016,KPA Marine,GB31MOOJ96499091334123,2025-05-02,72631,1
PAY-93104,INV-44973,OMC-002,Vivo Energy,GB45OQIR01845146270482,2025-08-31,32065,1
PAY-15764,INV-19583,OMC-010,Tamoil,GB34EABH79176936763201,2025-10-19,28693,1
PAY-13832,INV-49467,OMC-017,KAA Aviation,GB54HVSS04902787429671,2025-08-17,37641,1
PAY-31037,INV-27131,OMC-001,TotalEnergies Kenya,GB06DMIO52553419283276,2025-07-24,50646,1
PAY-38417,INV-54617,OMC-001,TotalEnergies Kenya,GB06DMIO52553419283276,2025-08-02,266011,1
PAY-35449,INV-42165,OMC-016,KPA Marine,GB31MOOJ96499091334123,2025-03-09,42365,1
PAY-39847,INV-55496,OMC-014,Texol Energies,GB06ONXS45314737996507,04/07/2025,27128,1
PAY-56055,INV-70486,OMC-017,KAA Aviation,GB54HVSS04902787429671,2025-03-31,95868,1
PAY-60365,INV-79806,OMC-003,Rubis Energy,GB04LOQO13315098393010,2025-02-05,142145,1
PAY-17488,INV-59209,OMC-009,Dalbit Petroleum,GB53VXXX35615951484656,2025-11-16,58374,1
PAY-72619,INV-22779,OMC-017,KAA Aviation,GB54HVSS04902787429671,2026-06-26,263331,1
PAY-18317,INV-77125,OMC-006,Hashi Energy,GB05QCFC91361939909169,2025-09-13,43913,1
PAY-80668,INV-16729,OMC-018,Uganda National Oil,GB73JRAR61317127484677,2025-04-04,102090,1
PAY-55321,INV-69747,OMC-002,Vivo Energy,GB45OQIR01845146270482,2026-04-23,29921,1
PAY-23044,INV-18302,OMC-009,Dalbit Petroleum,GB53VXXX35615951484656,2025-04-29,111598,1
PAY-41888,INV-80846,OMC-002,Vivo Energy,GB45OQIR01845146270482,2025-02-14,124537,1
PAY-27274,INV-64998,OMC-020,Ethiopian Oil,GB08IVAZ74821759464743,2025-09-16,19554,1
PAY-57125,INV-15315,OMC-005,PetroOil Kenya,GB89GWUW86379402654235,,103286,1
PAY-55771,INV-64416,OMC-016,KPA Marine,GB31MOOJ96499091334123,2025-02-28,149842,1
PAY-16349,INV-21199,OMC-004,Gulf Energy,GB89GWUW86379402654235,2026-06-19,61695,2
PAY-28931,INV-65832,OMC-003,Rubis Energy,GB04LOQO13315098393010,2025-06-23," KES 207,562 ",1
PAY-36330,INV-84835,OMC-015,Mombasa Petroleum,GB80WOIJ43135182337498,2026-01-22,227756,1
PAY-50741,INV-42258,OMC-013,Lake Oil,GB88TEHE71937452991241,2025-12-31,33662,1
PAY-67489,INV-70109,OMC-006,Hashi Energy,GB05QCFC91361939909169,2025-03-02,51716,1
PAY-79426,INV-79038,OMC-011,Hass Petroleum,GB56WGCN65876036690967,2026-04-04,292140,1
PAY-11627,INV-48872,OMC-013,Lake Oil,GB88TEHE71937452991241,2025-07-13,49848,1
PAY-91053,INV-80703,OMC-018,Uganda National Oil,GB73JRAR61317127484677,2025-09-25,285918,1
PAY-38946,INV-37555,OMC-005,PetroOil Kenya,GB89GWUW86379402654235,2026-03-13,66811,1
PAY-84066,INV-58236,OMC-009,Dalbit Petroleum,GB53VXXX35615951484656,,174162,1
PAY-23506,INV-41580,OMC-016,KPA Marine,GB31MOOJ96499091334123,2026-03-06,88269,2
PAY-61917,INV-86190,OMC-013,Lake Oil,GB88TEHE71937452991241,2025-05-12," KES 154,336 ",1
PAY-18426,INV-81538,OMC-010,Tamoil,GB34EABH79176936763201,2026-04-24,274500,1
PAY-34751,INV-86596,OMC-005,PetroOil Kenya,GB89GWUW86379402654235,2026-05-07,8311,2
PAY-96906,INV-79627,OMC-015,Mombasa Petroleum,GB80WOIJ43135182337498,,134099,1
PAY-77429,INV-71294,OMC-004,Gulf Energy,GB89GWUW86379402654235,2026-02-21,47974,1
PAY-73268,INV-34271,OMC-009,Dalbit Petroleum,GB53VXXX35615951484656,2026-07-23,176773,1
PAY-38291,INV-93952,OMC-001,TotalEnergies Kenya,GB06DMIO52553419283276,2025-06-30,150489,1
PAY-60440,INV-89337,OMC-011,Hass Petroleum,GB56WGCN65876036690967,2026-06-12,91629,1
PAY-62290,INV-83001,OMC-010,Tamoil,GB34EABH79176936763201,16/10/2025,59483,1
PAY-47455,INV-80900,OMC-016,KPA Marine,GB31MOOJ96499091334123,2025-06-18,118024,2
PAY-76503,INV-50599,OMC-007,Kobil,GB37IDDX82449353487401,2025-08-28,38519,1
PAY-62876,INV-30449,OMC-008,National Oil,GB08NAFX56342160733754,2026-02-14,142418,1
PAY-37299,INV-18814,OMC-016,KPA Marine,GB31MOOJ96499091334123,2026-06-27,37953,1
PAY-52188,INV-48508,OMC-014,Texol Energies,GB06ONXS45314737996507,2026-05-12,26819,1
PAY-14133,INV-60717,OMC-017,KAA Aviation,GB54HVSS04902787429671,2026-04-16,30053,1
PAY-81358,INV-17533,OMC-012,Galana Energies,GB89GWUW86379402654235,2026-04-22,67681,1
PAY-68502,INV-38186,OMC-014,Texol Energies,GB06ONXS45314737996507,2026-06-20,62699,2
PAY-77727,INV-79406,OMC-014,Texol Energies,GB06ONXS45314737996507,2026-01-04,62546,1
PAY-64284,INV-65530,OMC-006,Hashi Energy,GB05QCFC91361939909169,2025-08-28,13179,2
PAY-56641,INV-54991,OMC-008,National Oil,GB08NAFX56342160733754,2025-05-07,200543,1
PAY-94975,INV-16526,OMC-010,Tamoil,GB34EABH79176936763201,2025-06-15,195040,1
PAY-90187,INV-57980,OMC-005,PetroOil Kenya,GB89GWUW86379402654235,2026-05-15,97173,1
PAY-48734,INV-82265,OMC-009,Dalbit Petroleum,GB53VXXX35615951484656,2025-02-27,35674,1
PAY-89277,INV-21513,OMC-002,Vivo Energy,GB45OQIR01845146270482,2026-01-14,40443,1
PAY-71452,INV-18053,OMC-011,Hass Petroleum,GB56WGCN65876036690967,2025-04-29,51858,1
PAY-93116,INV-88059,OMC-010,Tamoil,GB34EABH79176936763201,2025-05-08,170864,1
PAY-82773,INV-54282,OMC-013,Lake Oil,GB88TEHE71937452991241,2026-04-01,248768,1
PAY-90175,INV-66922,OMC-020,Ethiopian Oil,GB08IVAZ74821759464743,2025-12-25,57780,1
PAY-96620,INV-78199,OMC-020,Ethiopian Oil,GB08IVAZ74821759464743,2025-04-14,43172,2
PAY-26710,INV-67398,OMC-007,Kobil,GB37IDDX82449353487401,,60631,1
PAY-29907,INV-34867,OMC-011,Hass Petroleum,GB56WGCN65876036690967,2026-04-01,112868,1
PAY-81219,INV-51546,OMC-013,Lake Oil,GB88TEHE71937452991241,2025-01-25,29091,1
PAY-49420,INV-59361,OMC-005,PetroOil Kenya,GB89GWUW86379402654235,,24824,1
PAY-52535,INV-96184,OMC-002,Vivo Energy,GB45OQIR01845146270482,2026-01-15,188396,1
PAY-45738,INV-70694,OMC-013,Lake Oil,GB88TEHE71937452991241,2025-03-19,56905,1
PAY-55975,INV-75823,OMC-002,Vivo Energy,GB45OQIR01845146270482,2026-03-04," KES 4,735 ",2
PAY-50303,INV-87353,OMC-017,KAA Aviation,GB54HVSS04902787429671,2026-05-18,196510,1
PAY-86070,INV-45496,OMC-002,Vivo Energy,GB45OQIR01845146270482,2025-04-24,73895,1
PAY-91265,INV-89593,OMC-015,Mombasa Petroleum,GB80WOIJ43135182337498,2025-09-17,43660,1
PAY-52521,INV-97162,OMC-019,Tanzania Petroleum,GB64OAXE62174596158657,2026-03-31,28820,1
PAY-69348,INV-10407,OMC-007,Kobil,GB37IDDX82449353487401,2025-04-24,35058,1
PAY-78715,INV-52226,OMC-001,TotalEnergies Kenya,GB06DMIO52553419283276,2026-05-30,122946,1
PAY-11317,INV-53998,OMC-018,Uganda National Oil,GB73JRAR61317127484677,2025-08-13,28340,1
PAY-79639,INV-58364,OMC-012,Galana Energies,GB89GWUW86379402654235,2026-06-19,39455,2
PAY-70198,INV-12049,OMC-018,Uganda National Oil,GB73JRAR61317127484677,2026-02-27,183042,1
PAY-73690,INV-60879,OMC-004,Gulf Energy,GB89GWUW86379402654235,2026-04-23,114666,1
PAY-42031,INV-32666,OMC-019,Tanzania Petroleum,GB64OAXE62174596158657,2025-11-12,77029,1
PAY-23454,INV-40922,OMC-007,Kobil,GB37IDDX82449353487401,2026-06-10,56214,1
PAY-93849,INV-80517,OMC-020,Ethiopian Oil,GB08IVAZ74821759464743,2025-10-15,101066,1
PAY-85784,INV-33257,OMC-014,Texol Energies,GB06ONXS45314737996507,2026-07-10,46871,1
PAY-74610,INV-14332,OMC-005,PetroOil Kenya,GB89GWUW86379402654235,2026-05-31,38493,1
PAY-83672,INV-95134,OMC-017,KAA Aviation,GB54HVSS04902787429671,2025-03-15,174694,1
PAY-64306,INV-35183,OMC-006,Hashi Energy,GB05QCFC91361939909169,2025-03-08,69942,1
PAY-50136,INV-99391,OMC-002,Vivo Energy,GB45OQIR01845146270482,18/01/2026,59526,1
PAY-93995,INV-40099,OMC-012,Galana Energies,GB89GWUW86379402654235,2026-05-11,89631,1
PAY-87066,INV-10658,OMC-011,Hass Petroleum,GB56WGCN65876036690967,2026-01-06,32830,1
PAY-12521,INV-84245,OMC-002,Vivo Energy,GB45OQIR01845146270482,2025-10-01,141949,1
PAY-17205,INV-41608,OMC-008,National Oil,GB08NAFX56342160733754,2025-07-03,132947,1
PAY-31594,INV-44848,OMC-019,Tanzania Petroleum,GB64OAXE62174596158657,2025-04-05,204219,1
PAY-30274,INV-67063,OMC-004,Gulf Energy,GB89GWUW86379402654235,2026-03-07,167442,1
PAY-82206,INV-63286,OMC-014,Texol Energies,GB06ONXS45314737996507,2025-08-14,36204,1
PAY-80345,INV-58691,OMC-018,Uganda National Oil,GB73JRAR61317127484677,2026-02-03,37789,1
PAY-91029,INV-73180,OMC-001,TotalEnergies Kenya,GB06DMIO52553419283276,2025-09-02,13869,2
PAY-24680,INV-25865,OMC-018,Uganda National Oil,GB73JRAR61317127484677,2025-06-05,173987,1
PAY-24224,INV-52614,OMC-002,Vivo Energy,GB45OQIR01845146270482,2025-05-22,152672,1
PAY-18335,INV-58265,OMC-019,Tanzania Petroleum,GB64OAXE62174596158657,2026-01-30,56721,1
PAY-43504,INV-90295,OMC-015,Mombasa Petroleum,GB80WOIJ43135182337498,2026-01-29,175472,1
PAY-68034,INV-78077,OMC-005,PetroOil Kenya,GB89GWUW86379402654235,2026-05-05,35655,1
PAY-58851,INV-35048,OMC-010,Tamoil,GB34EABH79176936763201,2025-04-14,63551,1
PAY-85730,INV-68950,OMC-005,PetroOil Kenya,GB89GWUW86379402654235,2026-05-30,56805,1
PAY-71292,INV-26883,OMC-016,KPA Marine,GB31MOOJ96499091334123,2025-07-29,28954,1
PAY-32162,INV-34910,OMC-018,Uganda National Oil,GB73JRAR61317127484677,2025-08-22,50274,1
PAY-78355,INV-68220,OMC-004,Gulf Energy,GB89GWUW86379402654235,2026-05-29,13226,2
PAY-11332,INV-69945,OMC-014,Texol Energies,GB06ONXS45314737996507,2026-04-03,62596,2
PAY-20345,INV-69431,OMC-003,Rubis Energy,GB04LOQO13315098393010,2025-12-25,184934,1
PAY-91237,INV-84209,OMC-008,National Oil,GB08NAFX56342160733754,2025-09-21," KES 193,675 ",1
PAY-77889,INV-84427,OMC-016,KPA Marine,GB31MOOJ96499091334123,15/05/2025,66533,2
PAY-39332,INV-69885,OMC-016,KPA Marine,GB31MOOJ96499091334123,2025-08-10,43634,1
PAY-26005,INV-20770,OMC-019,Tanzania Petroleum,GB64OAXE62174596158657,2025-04-20,25326,1
PAY-25295,INV-66568,OMC-010,Tamoil,GB34EABH79176936763201,2025-03-11," KES 139,283 ",1
PAY-29047,INV-73042,OMC-009,Dalbit Petroleum,GB53VXXX35615951484656,2025-10-24,54004,1
PAY-32332,INV-59889,OMC-002,Vivo Energy,GB45OQIR01845146270482,01/06/2025,32354,1
PAY-69785,INV-72667,OMC-006,Hashi Energy,GB05QCFC91361939909169,2026-03-17,280540,1
PAY-38917,INV-78376,OMC-008,National Oil,GB08NAFX56342160733754,2026-06-14,211051,1
PAY-97770,INV-41282,OMC-003,Rubis Energy,GB04LOQO13315098393010,2025-08-22,28866,1
PAY-15565,INV-90687,OMC-016,KPA Marine,GB31MOOJ96499091334123,2025-12-01,24494,1
PAY-80304,INV-23965,OMC-018,Uganda National Oil,GB73JRAR61317127484677,2025-03-13," KES 34,531 ",1
PAY-82951,INV-12060,OMC-013,Lake Oil,GB88TEHE71937452991241,2025-09-26,36466,1
PAY-45712,INV-10174,OMC-018,Uganda National Oil,GB73JRAR61317127484677,2025-07-29,177021,1
PAY-63147,INV-27395,OMC-013,Lake Oil,GB88TEHE71937452991241,2026-03-07,36086,1
PAY-21750,INV-55416,OMC-007,Kobil,GB37IDDX82449353487401,2025-10-24,49951,1
PAY-29964,INV-97005,OMC-015,Mombasa Petroleum,GB80WOIJ43135182337498,2026-04-09,202951,1
PAY-40595,INV-36308,OMC-006,Hashi Energy,GB05QCFC91361939909169,2026-04-21,108830,1
PAY-96751,INV-66313,OMC-003,Rubis Energy,GB04LOQO13315098393010,,78464,1
PAY-87971,INV-70873,OMC-010,Tamoil,GB34EABH79176936763201,2026-07-01,228240,1
PAY-20375,INV-61881,OMC-009,Dalbit Petroleum,GB53VXXX35615951484656,2026-05-19,57926,1
PAY-58244,INV-26057,OMC-017,KAA Aviation,GB54HVSS04902787429671,2025-07-01," KES 37,871 ",1
PAY-27065,INV-15003,OMC-014,Texol Energies,GB06ONXS45314737996507,2025-04-15,237009,1
PAY-85267,INV-60294,OMC-016,KPA Marine,GB31MOOJ96499091334123,2026-01-23,16801,2
PAY-47221,INV-85150,OMC-019,Tanzania Petroleum,GB64OAXE62174596158657,2026-07-22,128103,1
PAY-60161,INV-98547,OMC-020,Ethiopian Oil,GB08IVAZ74821759464743,2025-09-21,271846,1
PAY-36279,INV-24768,OMC-016,KPA Marine,GB31MOOJ96499091334123,2025-04-20,178049,1
PAY-38664,INV-60503,OMC-019,Tanzania Petroleum,GB64OAXE62174596158657,2026-01-17,139180,1
PAY-36572,INV-18234,OMC-020,Ethiopian Oil,GB08IVAZ74821759464743,2025-06-10,24924,1
PAY-37744,INV-23852,OMC-012,Galana Energies,GB89GWUW86379402654235,11/06/2026,101477,2
PAY-30611,INV-62602,OMC-007,Kobil,GB37IDDX82449353487401,2025-09-17,175715,1
PAY-52437,INV-49418,OMC-017,KAA Aviation,GB54HVSS04902787429671,2026-05-11,233986,1
PAY-38023,INV-67231,OMC-014,Texol Energies,GB06ONXS45314737996507,2025-08-22,61698,1
PAY-52059,INV-92390,OMC-012,Galana Energies,GB89GWUW86379402654235,2026-05-09,90035,1
PAY-11021,INV-48387,OMC-020,Ethiopian Oil,GB08IVAZ74821759464743,2026-04-06,254820,1
PAY-13130,INV-42258,OMC-008,National Oil,GB08NAFX56342160733754,2025-08-24,61651,1
PAY-33986,INV-87801,OMC-006,Hashi Energy,GB05QCFC91361939909169,15/05/2026,21663,1
PAY-31305,INV-95262,OMC-010,Tamoil,GB34EABH79176936763201,2025-11-15,219873,1
PAY-78698,INV-90554,OMC-003,Rubis Energy,GB04LOQO13315098393010,2025-11-01,36890,1
PAY-30084,INV-27442,OMC-014,Texol Energies,GB06ONXS45314737996507,2025-05-13,74313,1
PAY-14219,INV-15881,OMC-008,National Oil,GB08NAFX56342160733754,31/07/2026,189451,1
PAY-34749,INV-60550,OMC-007,Kobil,GB37IDDX82449353487401,2025-07-19,126144,1
PAY-34001,INV-21081,OMC-015,Mombasa Petroleum,GB80WOIJ43135182337498,2025-11-22,158856,1
PAY-55626,INV-55388,OMC-009,Dalbit Petroleum,GB53VXXX35615951484656,2026-04-03,15485,2
PAY-66872,INV-83649,OMC-019,Tanzania Petroleum,GB64OAXE62174596158657,2026-06-02," KES 39,798 ",1
PAY-80014,INV-78092,OMC-014,Texol Energies,GB06ONXS45314737996507,2025-05-28,42164,1
PAY-27127,INV-84006,OMC-014,Texol Energies,GB06ONXS45314737996507,2026-01-24,41800,1
PAY-46302,INV-68573,OMC-018,Uganda National Oil,GB73JRAR61317127484677,2025-12-28,150205,1
PAY-29899,INV-65895,OMC-018,Uganda National Oil,GB73JRAR61317127484677,2025-02-27,91725,1
PAY-55795,INV-76984,OMC-014,Texol Energies,GB06ONXS45314737996507,2026-01-25," KES 12,769 ",2
PAY-12993,INV-54694,OMC-010,Tamoil,GB34EABH79176936763201,2025-10-24,38750,1
PAY-14918,INV-56435,OMC-005,PetroOil Kenya,GB89GWUW86379402654235,2026-04-14,220780,1
PAY-44958,INV-28591,OMC-008,National Oil,GB08NAFX56342160733754,2025-11-05,32665,1
PAY-33894,INV-11350,OMC-006,Hashi Energy,GB05QCFC91361939909169,2025-03-28,28058,1
PAY-15741,INV-81678,OMC-015,Mombasa Petroleum,GB80WOIJ43135182337498,2026-07-06,56674,1
PAY-56247,INV-92267,OMC-012,Galana Energies,GB89GWUW86379402654235,2026-03-29,238264,1
PAY-34142,INV-76930,OMC-020,Ethiopian Oil,GB08IVAZ74821759464743,2025-06-13,254746,1
PAY-92674,INV-35259,OMC-014,Texol Energies,GB06ONXS45314737996507,2026-08-11,6242,2
PAY-19920,INV-91197,OMC-008,National Oil,GB08NAFX56342160733754,2026-08-20,99043,1
PAY-83269,INV-36290,OMC-012,Galana Energies,GB89GWUW86379402654235,2026-04-14,84364,1
PAY-88083,INV-78199,OMC-020,Ethiopian Oil,GB08IVAZ74821759464743,2025-03-29,88996,1
PAY-19249,INV-13904,OMC-016,KPA Marine,GB31MOOJ96499091334123,2025-11-25,25572,1
PAY-75375,INV-83474,OMC-003,Rubis Energy,GB04LOQO13315098393010,2025-03-06,34890,2
PAY-99646,INV-91078,OMC-007,Kobil,GB37IDDX82449353487401,2026-04-07," KES 170,029 ",1
PAY-80473,INV-49993,OMC-016,KPA Marine,GB31MOOJ96499091334123,2026-02-22,130507,1
PAY-68851,INV-44698,OMC-017,KAA Aviation,GB54HVSS04902787429671,2025-04-06,49704,1
PAY-49710,INV-96307,OMC-018,Uganda National Oil,GB73JRAR61317127484677,2026-03-30,12765,1
PAY-20166,INV-92028,OMC-011,Hass Petroleum,GB56WGCN65876036690967,2025-04-09,55646,1
PAY-74935,INV-90984,OMC-016,KPA Marine,GB31MOOJ96499091334123,2025-12-24,102964,1
PAY-74908,INV-48249,OMC-016,KPA Marine,GB31MOOJ96499091334123,2025-08-20,136070,1
PAY-92339,INV-76855,OMC-002,Vivo Energy,GB45OQIR01845146270482,2026-06-30,35152,2
PAY-95259,INV-72052,OMC-007,Kobil,GB37IDDX82449353487401,2025-07-17,267596,1
PAY-30648,INV-89719,OMC-015,Mombasa Petroleum,GB80WOIJ43135182337498,2025-03-11,37229,1
PAY-73003,INV-28897,OMC-020,Ethiopian Oil,GB08IVAZ74821759464743,2026-02-08,62902,1
PAY-89612,INV-57398,OMC-018,Uganda National Oil,GB73JRAR61317127484677,2025-04-24,185475,1
PAY-90468,INV-96470,OMC-011,Hass Petroleum,GB56WGCN65876036690967,2025-08-04," KES 217,735 ",1
PAY-86767,INV-58588,OMC-017,KAA Aviation,GB54HVSS04902787429671,2026-04-24,53827,1
PAY-65076,INV-72052,OMC-016,KPA Marine,GB31MOOJ96499091334123,2025-06-17,163797,1
PAY-35432,INV-83794,OMC-008,National Oil,GB08NAFX56342160733754,2025-09-16,25616,1
PAY-45948,INV-50419,OMC-004,Gulf Energy,GB89GWUW86379402654235,2026-04-25,61308,1
PAY-54386,INV-73451,OMC-005,PetroOil Kenya,GB89GWUW86379402654235,2026-04-27,387464,1
PAY-39757,INV-54840,OMC-002,Vivo Energy,GB45OQIR01845146270482,2025-12-13,124612,1
PAY-98226,INV-16700,OMC-002,Vivo Energy,GB45OQIR01845146270482,2026-04-27,128469,1
PAY-30416,INV-47342,OMC-014,Texol Energies,GB06ONXS45314737996507,2025-10-19,22898,1
PAY-25325,INV-29131,OMC-015,Mombasa Petroleum,GB80WOIJ43135182337498,2026-07-25,62906,1
PAY-75486,INV-95137,OMC-005,PetroOil Kenya,GB89GWUW86379402654235,,14217,2
PAY-48329,INV-59871,OMC-008,National Oil,GB08NAFX56342160733754,2025-09-19,182709,1
PAY-74925,INV-57868,OMC-009,Dalbit Petroleum,GB53VXXX35615951484656,2026-04-21,203651,1
PAY-46586,INV-59028,OMC-020,Ethiopian Oil,GB08IVAZ74821759464743,2025-03-13,9981,2
PAY-21965,INV-98316,OMC-002,Vivo Energy,GB45OQIR01845146270482,2025-06-07,39886,1
PAY-90036,INV-38178,OMC-010,Tamoil,GB34EABH79176936763201,2025-04-10,31574,1
PAY-81766,INV-75405,OMC-016,KPA Marine,GB31MOOJ96499091334123,2026-08-06,94804,2
PAY-27187,INV-66954,OMC-018,Uganda National Oil,GB73JRAR61317127484677,2025-12-06,27437,1
PAY-78033,INV-81379,OMC-020,Ethiopian Oil,GB08IVAZ74821759464743,22/06/2026,219706,1
PAY-82857,INV-48948,OMC-001,TotalEnergies Kenya,GB06DMIO52553419283276,2025-06-13,14673,1
PAY-29919,INV-29122,OMC-008,National Oil,GB08NAFX56342160733754,2026-07-25,103686,1
PAY-89790,INV-39182,OMC-009,Dalbit Petroleum,GB53VXXX35615951484656,2025-09-04,226572,1
PAY-26907,INV-54519,OMC-011,Hass Petroleum,GB56WGCN65876036690967,2025-10-04,244308,1
PAY-56372,INV-90708,OMC-014,Texol Energies,GB06ONXS45314737996507,2026-03-02,135712,1
PAY-93267,INV-57908,OMC-007,Kobil,GB37IDDX82449353487401,2025-08-02,31786,1
PAY-46489,INV-97934,OMC-017,KAA Aviation,GB54HVSS04902787429671,2025-08-15,174261,1
PAY-12462,INV-31403,OMC-013,Lake Oil,GB88TEHE71937452991241,2026-02-26,164254,1
PAY-47303,INV-34591,OMC-005,PetroOil Kenya,GB89GWUW86379402654235,2026-05-27," KES 288,798 ",1
PAY-50913,INV-70650,OMC-005,PetroOil Kenya,GB89GWUW86379402654235,2026-04-03,175935,1
PAY-55789,INV-87350,OMC-001,TotalEnergies Kenya,GB06DMIO52553419283276,2026-02-05,210951,1
PAY-37037,INV-77723,OMC-004,Gulf Energy,GB89GWUW86379402654235,2026-05-06,74121,1
PAY-12503,INV-34031,OMC-005,PetroOil Kenya,GB89GWUW86379402654235,04/06/2026,66008,2
PAY-89730,INV-20485,OMC-009,Dalbit Petroleum,GB53VXXX35615951484656,2025-07-12,72788,1
PAY-20948,INV-12314,OMC-017,KAA Aviation,GB54HVSS04902787429671,2025-02-27,207508,1
PAY-24935,INV-90384,OMC-004,Gulf Energy,GB89GWUW86379402654235,2026-04-30,321654,1
PAY-43085,INV-91603,OMC-010,Tamoil,GB34EABH79176936763201,2025-04-02," KES 130,492 ",1
PAY-40865,INV-25560,OMC-018,Uganda National Oil,GB73JRAR61317127484677,2025-05-24,6011,2
PAY-99201,INV-27260,OMC-018,Uganda National Oil,GB73JRAR61317127484677,2025-02-27,59487,1
PAY-43371,INV-68113,OMC-017,KAA Aviation,GB54HVSS04902787429671,2025-07-27,50869,1
PAY-58113,INV-11852,OMC-019,Tanzania Petroleum,GB64OAXE62174596158657,2025-12-21,38093,1
PAY-40261,INV-55966,OMC-017,KAA Aviation,GB54HVSS04902787429671,2026-04-13,125401,1
PAY-89033,INV-23256,OMC-020,Ethiopian Oil,GB08IVAZ74821759464743,2025-10-10,50144,1
PAY-37580,INV-13229,OMC-007,Kobil,GB37IDDX82449353487401,2026-07-28,170844,1
PAY-76113,INV-60256,OMC-014,Texol Energies,GB06ONXS45314737996507,2025-07-30,226682,1
PAY-67260,INV-77924,OMC-005,PetroOil Kenya,GB89GWUW86379402654235,2026-04-11,148220,1
PAY-38258,INV-80039,OMC-006,Hashi Energy,GB05QCFC91361939909169,2026-02-03,121919,1
PAY-61103,INV-67759,OMC-018,Uganda National Oil,GB73JRAR61317127484677,2026-05-01,46546,1
PAY-10960,INV-28343,OMC-018,Uganda National Oil,GB73JRAR61317127484677,2026-04-16,217843,1
PAY-24365,INV-39131,OMC-014,Texol Energies,GB06ONXS45314737996507,2026-08-23,51855,2
PAY-12105,INV-72970,OMC-003,Rubis Energy,GB04LOQO13315098393010,,258745,1
PAY-85309,INV-64637,OMC-003,Rubis Energy,GB04LOQO13315098393010,2026-05-16,26026,1
PAY-28038,INV-68045,OMC-007,Kobil,GB37IDDX82449353487401,2025-11-07,99337,1
PAY-83588,INV-89818,OMC-017,KAA Aviation,GB54HVSS04902787429671,,100895,1
PAY-96750,INV-40166,OMC-016,KPA Marine,GB31MOOJ96499091334123,2026-06-02,44247,1
PAY-27742,INV-39175,OMC-010,Tamoil,GB34EABH79176936763201,2026-02-16,34801,1
PAY-62349,INV-13016,OMC-002,Vivo Energy,GB45OQIR01845146270482,2025-11-11,96440,2
PAY-48933,INV-39938,OMC-010,Tamoil,GB34EABH79176936763201,2026-02-08,47501,1
PAY-19706,INV-36599,OMC-020,Ethiopian Oil,GB08IVAZ74821759464743,2025-09-02,179080,1
PAY-91766,INV-41045,OMC-014,Texol Energies,GB06ONXS45314737996507,2025-02-23,56767,1
PAY-99785,INV-81360,OMC-018,Uganda National Oil,GB73JRAR61317127484677,2026-01-28,25797,1
PAY-49207,INV-97586,OMC-015,Mombasa Petroleum,GB80WOIJ43135182337498,2026-03-20,168611,1
PAY-76470,INV-77261,OMC-004,Gulf Energy,GB89GWUW86379402654235,2026-05-24," KES 27,102 ",2
PAY-17348,INV-97918,OMC-012,Galana Energies,GB89GWUW86379402654235,2026-05-31,11222,2
PAY-61628,INV-41778,OMC-017,KAA Aviation,GB54HVSS04902787429671,2025-05-16,226946,1
PAY-56032,INV-84394,OMC-013,Lake Oil,GB88TEHE71937452991241,2025-02-12,28893,1
PAY-54641,INV-19141,OMC-001,TotalEnergies Kenya,GB06DMIO52553419283276,2025-03-24,27363,1
PAY-71897,INV-47981,OMC-020,Ethiopian Oil,GB08IVAZ74821759464743,30/06/2026,26376,1
PAY-32755,INV-44884,OMC-010,Tamoil,GB34EABH79176936763201,2026-01-18,98713,1
PAY-70184,INV-45740,OMC-003,Rubis Energy,GB04LOQO13315098393010,,45688,1
PAY-60125,INV-55711,OMC-007,Kobil,GB37IDDX82449353487401,2026-02-07,26683,1
PAY-88514,INV-44912,OMC-004,Gulf Energy,GB89GWUW86379402654235,2026-03-22,28206,1
PAY-71148,INV-29781,OMC-002,Vivo Energy,GB45OQIR01845146270482,2026-02-23,118544,1
PAY-17153,INV-33720,OMC-018,Uganda National Oil,GB73JRAR61317127484677,2025-04-16,226110,1
PAY-76360,INV-20682,OMC-005,PetroOil Kenya,GB89GWUW86379402654235,2026-04-25,31053,1
PAY-95530,INV-32293,OMC-005,PetroOil Kenya,GB89GWUW86379402654235,2026-06-22,141034,2
PAY-89726,INV-58416,OMC-014,Texol Energies,GB06ONXS45314737996507,09/08/2025,59739,1
PAY-19123,INV-23075,OMC-005,PetroOil Kenya,GB89GWUW86379402654235,2026-05-16,142732,1
PAY-16084,INV-90709,OMC-018,Uganda National Oil,GB73JRAR61317127484677,2025-07-27," KES 191,422 ",1
PAY-52216,INV-97573,OMC-012,Galana Energies,GB89GWUW86379402654235,2026-06-02,55556,1
PAY-59851,INV-31069,OMC-019,Tanzania Petroleum,GB64OAXE62174596158657,2025-05-21,97118,2
PAY-68716,INV-19138,OMC-011,Hass Petroleum,GB56WGCN65876036690967,2025-12-12,127299,1
PAY-20450,INV-48018,OMC-008,National Oil,GB08NAFX56342160733754,2026-03-27,127866,1
PAY-51446,INV-23771,OMC-017,KAA Aviation,GB54HVSS04902787429671,2026-07-25,172551,1
PAY-20055,INV-38167,OMC-013,Lake Oil,GB88TEHE71937452991241,2026-03-01,112944,1
PAY-64842,INV-41692,OMC-006,Hashi Energy,GB05QCFC91361939909169,2026-01-01,22889,1
PAY-58186,INV-19565,OMC-014,Texol Energies,GB06ONXS45314737996507,2025-09-24,52950,1
PAY-38121,INV-70288,OMC-005,PetroOil Kenya,GB89GWUW86379402654235,2026-05-08,182716,1
PAY-36523,INV-32712,OMC-015,Mombasa Petroleum,GB80WOIJ43135182337498,2025-06-25,156958,1
PAY-37130,INV-53115,OMC-007,Kobil,GB37IDDX82449353487401,2025-07-02,48270,1
PAY-30607,INV-40484,OMC-002,Vivo Energy,GB45OQIR01845146270482,2025-08-20," KES 62,597 ",1
PAY-95030,INV-75804,OMC-007,Kobil,GB37IDDX82449353487401,2025-09-14,20427,1
PAY-47543,INV-34130,OMC-009,Dalbit Petroleum,GB53VXXX35615951484656,,73982,2
PAY-68314,INV-53700,OMC-017,KAA Aviation,GB54HVSS04902787429671,02/07/2026,22651,1
PAY-17242,INV-76740,OMC-001,TotalEnergies Kenya,GB06DMIO52553419283276,2026-08-24,110480,1
PAY-31614,INV-86921,OMC-016,KPA Marine,GB31MOOJ96499091334123,2026-07-09,55090,1
PAY-53934,INV-88186,OMC-010,Tamoil,GB34EABH79176936763201,2025-02-18,240446,1
PAY-92001,INV-53623,OMC-014,Texol Energies,GB06ONXS45314737996507,2026-03-09,18037,2
PAY-82344,INV-46276,OMC-008,National Oil,GB08NAFX56342160733754,2025-12-09,137741,1
PAY-90140,INV-40281,OMC-009,Dalbit Petroleum,GB53VXXX35615951484656,2026-07-22,32515,2
PAY-16890,INV-94366,OMC-003,Rubis Energy,GB04LOQO13315098393010,,44413,1
PAY-56327,INV-83574,OMC-006,Hashi Energy,GB05QCFC91361939909169,2026-05-18,159007,1
PAY-35920,INV-89478,OMC-003,Rubis Energy,GB04LOQO13315098393010,2025-04-03,137614,1
PAY-83927,INV-23698,OMC-010,Tamoil,GB34EABH79176936763201,2026-06-19,95369,1
PAY-50946,INV-37904,OMC-008,National Oil,GB08NAFX56342160733754,2025-11-14,59785,1
PAY-38805,INV-21447,OMC-012,Galana Energies,GB89GWUW86379402654235,2026-05-11,298761,1
PAY-84032,INV-82455,OMC-013,Lake Oil,GB88TEHE71937452991241,2025-07-28,211798,1
PAY-90344,INV-15038,OMC-015,Mombasa Petroleum,GB80WOIJ43135182337498,2026-04-04,279700,1
PAY-85535,INV-69328,OMC-003,Rubis Energy,GB04LOQO13315098393010,2025-07-05,97078,1
PAY-94022,INV-18340,OMC-006,Hashi Energy,GB05QCFC91361939909169,2025-07-14,150252,1
PAY-29659,INV-85961,OMC-002,Vivo Energy,GB45OQIR01845146270482,2026-01-18,88724,1
PAY-23650,INV-40085,OMC-013,Lake Oil,GB88TEHE71937452991241,2025-11-08,33371,1
PAY-65857,INV-61983,OMC-008,National Oil,GB08NAFX56342160733754,2025-12-27,110949,1
PAY-36149,INV-49409,OMC-003,Rubis Energy,GB04LOQO13315098393010,2025-11-07,207620,1
PAY-36552,INV-10679,OMC-008,National Oil,GB08NAFX56342160733754,2026-04-30,43197,1
PAY-11820,INV-26996,OMC-009,Dalbit Petroleum,GB53VXXX35615951484656,2025-08-25," KES 196,425 ",1
PAY-40358,INV-53689,OMC-019,Tanzania Petroleum,GB64OAXE62174596158657,2026-02-12,12963,2
PAY-86207,INV-43807,OMC-015,Mombasa Petroleum,GB80WOIJ43135182337498,2026-03-29,155199,1
PAY-21695,INV-20602,OMC-017,KAA Aviation,GB54HVSS04902787429671,2025-04-16,131453,1
PAY-35262,INV-22649,OMC-005,PetroOil Kenya,GB89GWUW86379402654235,2026-05-06,35017,1
PAY-43965,INV-68075,OMC-017,KAA Aviation,GB54HVSS04902787429671,2025-07-02,199617,1
PAY-12941,INV-21663,OMC-019,Tanzania Petroleum,GB64OAXE62174596158657,2026-05-26,37610,1
PAY-93882,INV-57163,OMC-014,Texol Energies,GB06ONXS45314737996507,2025-07-01,35244,1
PAY-33086,INV-77943,OMC-010,Tamoil,GB34EABH79176936763201,2026-03-13,46398,1
PAY-87573,INV-97901,OMC-005,PetroOil Kenya,GB89GWUW86379402654235,2026-03-12,120462,1
PAY-82079,INV-36328,OMC-002,Vivo Energy,GB45OQIR01845146270482,2026-03-08,89482,1
PAY-80181,INV-42494,OMC-016,KPA Marine,GB31MOOJ96499091334123,2025-12-05,135481,1
PAY-63427,INV-22281,OMC-007,Kobil,GB37IDDX82449353487401,2026-02-20,268327,1
PAY-43089,INV-35755,OMC-015,Mombasa Petroleum,GB80WOIJ43135182337498,2025-11-10,197928,1
PAY-61792,INV-10341,OMC-009,Dalbit Petroleum,GB53VXXX35615951484656,2025-08-25,59462,1
PAY-51253,INV-36344,OMC-010,Tamoil,GB34EABH79176936763201,2025-06-29,197591,1
PAY-62475,INV-15315,OMC-005,PetroOil Kenya,GB89GWUW86379402654235,2026-06-29,78026,2
PAY-91269,INV-68245,OMC-019,Tanzania Petroleum,GB64OAXE62174596158657,2025-07-08,52036,1
PAY-13948,INV-23481,OMC-006,Hashi Energy,GB05QCFC91361939909169,2026-05-14,17810,2
PAY-48613,INV-61734,OMC-004,Gulf Energy,GB89GWUW86379402654235,2026-06-19,100733,2
PAY-12344,INV-27146,OMC-008,National Oil,GB08NAFX56342160733754,2025-11-13,92149,1
PAY-57825,INV-96352,OMC-002,Vivo Energy,GB45OQIR01845146270482,2026-01-06,185803,1
PAY-26536,INV-19914,OMC-004,Gulf Energy,GB89GWUW86379402654235,2026-06-22,143342,1
PAY-66190,INV-71176,OMC-008,National Oil,GB08NAFX56342160733754,2025-03-16,149981,1
PAY-66013,INV-35635,OMC-006,Hashi Energy,GB05QCFC91361939909169,2026-06-04,157918,1
PAY-29501,INV-59885,OMC-019,Tanzania Petroleum,GB64OAXE62174596158657,2025-08-27,48573,1
PAY-20238,INV-12219,OMC-003,Rubis Energy,GB04LOQO13315098393010,2026-01-03," KES 112,828 ",1
PAY-61910,INV-44673,OMC-012,Galana Energies,GB89GWUW86379402654235,2026-04-12,80651,1
PAY-90057,INV-19799,OMC-020,Ethiopian Oil,GB08IVAZ74821759464743,2026-06-13,253138,1
PAY-58965,INV-99277,OMC-003,Rubis Energy,GB04LOQO13315098393010,2025-10-18,106436,1
PAY-15320,INV-88851,OMC-010,Tamoil,GB34EABH79176936763201,2025-09-13,191669,1
PAY-55537,INV-26037,OMC-008,National Oil,GB08NAFX56342160733754,01/11/2025,37773,1
PAY-37611,INV-71901,OMC-014,Texol Energies,GB06ONXS45314737996507,2025-06-08,12658,2
PAY-17876,INV-58533,OMC-020,Ethiopian Oil,GB08IVAZ74821759464743,2025-04-26,62307,1
PAY-90623,INV-15982,OMC-002,Vivo Energy,GB45OQIR01845146270482,2026-01-07,26430,1
PAY-90875,INV-86940,OMC-013,Lake Oil,GB88TEHE71937452991241,2026-05-31,126117,1
PAY-72678,INV-31832,OMC-014,Texol Energies,GB06ONXS45314737996507,2025-04-30,43601,1
PAY-30673,INV-48909,OMC-006,Hashi Energy,GB05QCFC91361939909169,2025-06-30,235176,1
PAY-30625,INV-37722,OMC-001,TotalEnergies Kenya,GB06DMIO52553419283276,2025-08-28,57788,1
PAY-67497,INV-99547,OMC-007,Kobil,GB37IDDX82449353487401,2026-06-02,246035,1
PAY-30959,INV-70997,OMC-017,KAA Aviation,GB54HVSS04902787429671,2025-03-29,143306,1
PAY-72714,INV-71646,OMC-005,PetroOil Kenya,GB89GWUW86379402654235,2026-05-25,130403,2
PAY-41843,INV-36096,OMC-015,Mombasa Petroleum,GB80WOIJ43135182337498,,37599,1
PAY-93041,INV-72336,OMC-012,Galana Energies,GB89GWUW86379402654235,2026-03-28,73299,2
PAY-81389,INV-34193,OMC-006,Hashi Energy,GB05QCFC91361939909169,2025-04-22,264388,1
PAY-61079,INV-39311,OMC-004,Gulf Energy,GB89GWUW86379402654235,2026-04-25,35305,1
PAY-62663,INV-49054,OMC-013,Lake Oil,GB88TEHE71937452991241,2025-07-26,35818,1
PAY-31394,INV-92388,OMC-019,Tanzania Petroleum,GB64OAXE62174596158657,2025-09-27,128569,1
PAY-68981,INV-10404,OMC-009,Dalbit Petroleum,GB53VXXX35615951484656,2025-07-20,52797,1
PAY-95048,INV-84239,OMC-009,Dalbit Petroleum,GB53VXXX35615951484656,2026-06-24,114750,1
PAY-12084,INV-15140,OMC-009,Dalbit Petroleum,GB53VXXX35615951484656,2025-09-10,52647,1
PAY-71769,INV-80057,OMC-004,Gulf Energy,GB89GWUW86379402654235,2026-06-03,14509,2
PAY-13166,INV-73413,OMC-016,KPA Marine,GB31MOOJ96499091334123,2026-05-10,148365,1
PAY-30133,INV-78597,OMC-003,Rubis Energy,GB04LOQO13315098393010,2025-11-26,259333,1
PAY-56435,INV-88341,OMC-007,Kobil,GB37IDDX82449353487401,16/07/2025,122353,1
PAY-92162,INV-83538,OMC-014,Texol Energies,GB06ONXS45314737996507,2025-10-27,161237,1
PAY-82409,INV-81542,OMC-002,Vivo Energy,GB45OQIR01845146270482,2026-08-13,31495,1
PAY-16992,INV-14721,OMC-012,Galana Energies,GB89GWUW86379402654235,2026-05-22,259022,1
PAY-76323,INV-66614,OMC-012,Galana Energies,GB89GWUW86379402654235,2026-06-02,56406,1
PAY-43920,INV-72404,OMC-012,Galana Energies,GB89GWUW86379402654235,2026-04-09," KES 155,219 ",1
PAY-13689,INV-70790,OMC-008,National Oil,GB08NAFX56342160733754,2025-11-16,74248,1
PAY-68585,INV-93230,OMC-004,Gulf Energy,GB89GWUW86379402654235,2026-04-25,201534,1
PAY-59827,INV-25443,OMC-014,Texol Energies,GB06ONXS45314737996507,2026-07-20,103670,1
PAY-94653,INV-62166,OMC-001,TotalEnergies Kenya,GB06DMIO52553419283276,26/03/2025,45732,1
PAY-47428,INV-53073,OMC-015,Mombasa Petroleum,GB80WOIJ43135182337498,2026-07-09,41848,1
PAY-25021,INV-82344,OMC-016,KPA Marine,GB31MOOJ96499091334123,2026-03-31,105142,1
PAY-25089,INV-93855,OMC-012,Galana Energies,GB89GWUW86379402654235,2026-04-06,103782,2
PAY-13653,INV-37212,OMC-009,Dalbit Petroleum,GB53VXXX35615951484656,2026-04-14,27149,1
PAY-46877,INV-50750,OMC-012,Galana Energies,GB89GWUW86379402654235,2026-05-23,61890,1
PAY-44377,INV-48986,OMC-020,Ethiopian Oil,GB08IVAZ74821759464743,,27128,1
PAY-40293,INV-54407,OMC-007,Kobil,GB37IDDX82449353487401,2025-07-09,153346,1
PAY-41777,INV-57183,OMC-011,Hass Petroleum,GB56WGCN65876036690967,2026-05-19,23400,1
PAY-42617,INV-73741,OMC-002,Vivo Energy,GB45OQIR01845146270482,2026-03-21,7563,2
PAY-75846,INV-12556,OMC-013,Lake Oil,GB88TEHE71937452991241,2026-07-02,218757,1
PAY-48758,INV-28835,OMC-019,Tanzania Petroleum,GB64OAXE62174596158657,2025-07-12,57072,1
PAY-82449,INV-96162,OMC-016,KPA Marine,GB31MOOJ96499091334123,2025-06-13,196606,1
PAY-53900,INV-36141,OMC-014,Texol Energies,GB06ONXS45314737996507,2026-07-20,98866,1
PAY-81279,INV-86049,OMC-014,Texol Energies,GB06ONXS45314737996507,2026-06-04,118866,1
PAY-57796,INV-30827,OMC-019,Tanzania Petroleum,GB64OAXE62174596158657,2025-10-24,74609,1
PAY-30185,INV-61248,OMC-006,Hashi Energy,GB05QCFC91361939909169,2026-06-30,53218,1
PAY-53538,INV-42302,OMC-012,Galana Energies,GB89GWUW86379402654235,2026-04-12,10374,2
PAY-72653,INV-13454,OMC-007,Kobil,GB37IDDX82449353487401,2025-09-16,165084,1
PAY-90442,INV-94374,OMC-002,Vivo Energy,GB45OQIR01845146270482,2025-02-11,112251,1
PAY-32486,INV-60015,OMC-004,Gulf Energy,GB89GWUW86379402654235,2026-04-09,156479,1
PAY-92774,INV-34138,OMC-008,National Oil,GB08NAFX56342160733754,2025-03-03,123514,2
PAY-10710,INV-46876,OMC-004,Gulf Energy,GB89GWUW86379402654235,2026-05-08,29156,1
PAY-95641,INV-85835,OMC-016,KPA Marine,GB31MOOJ96499091334123,2025-04-23,130862,1
PAY-54386,INV-56669,OMC-006,Hashi Energy,GB05QCFC91361939909169,2025-03-17,38857,1
PAY-27228,INV-39843,OMC-006,Hashi Energy,GB05QCFC91361939909169,2025-09-07,191074,1
PAY-28025,INV-83817,OMC-018,Uganda National Oil,GB73JRAR61317127484677,2025-10-02,182092,1
PAY-14979,INV-27155,OMC-015,Mombasa Petroleum,GB80WOIJ43135182337498,2026-03-26,146152,1
PAY-72421,INV-72380,OMC-016,KPA Marine,GB31MOOJ96499091334123,2025-05-01,101583,1
PAY-86016,INV-95657,OMC-017,KAA Aviation,GB54HVSS04902787429671,2025-03-11,214801,1
PAY-14852,INV-88152,OMC-004,Gulf Energy,GB89GWUW86379402654235,2026-05-29,9174,2
PAY-26312,INV-69526,OMC-003,Rubis Energy,GB04LOQO13315098393010,2025-06-30,208557,1
PAY-86182,INV-95647,OMC-007,Kobil,GB37IDDX82449353487401,2026-03-10,144570,1
PAY-29628,INV-28465,OMC-003,Rubis Energy,GB04LOQO13315098393010,," KES 30,037 ",1
PAY-79929,INV-59046,OMC-001,TotalEnergies Kenya,GB06DMIO52553419283276,2026-03-17,46425,1
PAY-72021,INV-43775,OMC-001,TotalEnergies Kenya,GB06DMIO52553419283276,2026-06-10,34494,1
PAY-21544,INV-43795,OMC-019,Tanzania Petroleum,GB64OAXE62174596158657,2025-11-22,130499,1
PAY-47112,INV-97710,OMC-013,Lake Oil,GB88TEHE71937452991241,2025-11-19,106174,1
PAY-72712,INV-13792,OMC-004,Gulf Energy,GB89GWUW86379402654235,2026-05-26,17303,2
PAY-74435,INV-73532,OMC-009,Dalbit Petroleum,GB53VXXX35615951484656,2025-11-22,149466,1
PAY-50136,INV-76212,OMC-010,Tamoil,GB34EABH79176936763201,2025-06-08,147633,1
PAY-58557,INV-63271,OMC-002,Vivo Energy,GB45OQIR01845146270482,2026-06-21,31776,1
PAY-82633,INV-56329,OMC-012,Galana Energies,GB89GWUW86379402654235,2026-03-27,31522,1
PAY-75548,INV-19144,OMC-006,Hashi Energy,GB05QCFC91361939909169,2025-08-26,134293,1
PAY-33557,INV-72514,OMC-018,Uganda National Oil,GB73JRAR61317127484677,2025-07-13," KES 45,743 ",1
PAY-31248,INV-93848,OMC-019,Tanzania Petroleum,GB64OAXE62174596158657,,222639,1
PAY-80587,INV-98474,OMC-014,Texol Energies,GB06ONXS45314737996507,2025-09-13,12840,2
PAY-39045,INV-91640,OMC-020,Ethiopian Oil,GB08IVAZ74821759464743,2025-08-12,162021,1
PAY-83666,INV-21576,OMC-014,Texol Energies,GB06ONXS45314737996507,2026-01-15,161737,1
PAY-82444,INV-11280,OMC-003,Rubis Energy,GB04LOQO13315098393010,20/03/2026,11961,2
PAY-58680,INV-82552,OMC-002,Vivo Energy,GB45OQIR01845146270482,06/05/2025,37189,2
PAY-64950,INV-93692,OMC-015,Mombasa Petroleum,GB80WOIJ43135182337498,2025-11-06," KES 25,130 ",1
PAY-12280,INV-10894,OMC-010,Tamoil,GB34EABH79176936763201,2026-04-18,200759,1
PAY-73866,INV-17172,OMC-010,Tamoil,GB34EABH79176936763201,2025-07-15,89512,1
PAY-93614,INV-54976,OMC-001,TotalEnergies Kenya,GB06DMIO52553419283276,2026-06-20,66422,2
PAY-28912,INV-45492,OMC-010,Tamoil,GB34EABH79176936763201,2025-07-22,40761,1
PAY-20429,INV-89018,OMC-010,Tamoil,GB34EABH79176936763201,2026-05-06," KES 24,368 ",1
PAY-57245,INV-69742,OMC-008,National Oil,GB08NAFX56342160733754,2026-07-30,60078,1
PAY-68414,INV-61500,OMC-013,Lake Oil,GB88TEHE71937452991241,2025-07-16,258108,1
PAY-93623,INV-85019,OMC-015,Mombasa Petroleum,GB80WOIJ43135182337498,,147356,1
PAY-93852,INV-60891,OMC-020,Ethiopian Oil,GB08IVAZ74821759464743,27/04/2026,56098,1
PAY-37523,INV-92748,OMC-010,Tamoil,GB34EABH79176936763201,2026-03-21,53971,1
PAY-61039,INV-57457,OMC-015,Mombasa Petroleum,GB80WOIJ43135182337498,2025-06-12,31028,1
PAY-19852,INV-13881,OMC-011,Hass Petroleum,GB56WGCN65876036690967,2026-03-26,198221,1
PAY-86449,INV-15793,OMC-014,Texol Energies,GB06ONXS45314737996507,2025-11-18,247396,1
PAY-92140,INV-50486,OMC-001,TotalEnergies Kenya,GB06DMIO52553419283276,2026-04-11,51224,1
PAY-13251,INV-82665,OMC-003,Rubis Energy,GB04LOQO13315098393010,13/04/2025,41554,1
PAY-79717,INV-50819,OMC-011,Hass Petroleum,GB56WGCN65876036690967,2025-10-07,10529,2
PAY-40864,INV-71318,OMC-010,Tamoil,GB34EABH79176936763201,2025-04-21,147848,1
PAY-63495,INV-32140,OMC-020,Ethiopian Oil,GB08IVAZ74821759464743,2025-02-28,29445,1
PAY-28011,INV-38901,OMC-006,Hashi Energy,GB05QCFC91361939909169,2026-02-01,176569,1
PAY-43653,INV-46591,OMC-020,Ethiopian Oil,GB08IVAZ74821759464743,30/08/2025,266597,1
PAY-95125,INV-94237,OMC-011,Hass Petroleum,GB56WGCN65876036690967,2026-05-22,22324,1
PAY-67805,INV-54187,OMC-010,Tamoil,GB34EABH79176936763201,2025-08-20," KES 53,061 ",1
PAY-55620,INV-15930,OMC-016,KPA Marine,GB31MOOJ96499091334123,2026-04-27,45697,2
PAY-49764,INV-16829,OMC-006,Hashi Energy,GB05QCFC91361939909169,2026-03-26,311636,1
PAY-96457,INV-15322,OMC-005,PetroOil Kenya,GB89GWUW86379402654235,2026-04-28,40966,1
PAY-68582,INV-60740,OMC-010,Tamoil,GB34EABH79176936763201,2025-07-17,210389,1
PAY-70993,INV-10736,OMC-006,Hashi Energy,GB05QCFC91361939909169,2026-04-02," KES 150,494 ",1
PAY-69417,INV-41720,OMC-009,Dalbit Petroleum,GB53VXXX35615951484656,2025-06-06,12224,2
PAY-93430,INV-85344,OMC-002,Vivo Energy,GB45OQIR01845146270482,2026-02-28," KES 29,376 ",1
PAY-79708,INV-16000,OMC-014,Texol Energies,GB06ONXS45314737996507,2025-12-06,229680,1
PAY-65497,INV-97755,OMC-017,KAA Aviation,GB54HVSS04902787429671,2025-07-05,130155,1
PAY-30587,INV-97101,OMC-008,National Oil,GB08NAFX56342160733754,2026-05-09,121547,1
PAY-94724,INV-63909,OMC-006,Hashi Energy,GB05QCFC91361939909169,2025-12-29,21933,1
PAY-87943,INV-94643,OMC-004,Gulf Energy,GB89GWUW86379402654235,2026-04-20,57543,1
PAY-59643,INV-93665,OMC-015,Mombasa Petroleum,GB80WOIJ43135182337498,2026-06-20,51645,1
PAY-20630,INV-77860,OMC-012,Galana Energies,GB89GWUW86379402654235,2026-04-17,176879,1
PAY-68502,INV-58335,OMC-009,Dalbit Petroleum,GB53VXXX35615951484656,2026-04-05,23100,2
PAY-75536,INV-92800,OMC-011,Hass Petroleum,GB56WGCN65876036690967,2026-09-03,10278,2
PAY-14000,INV-54504,OMC-004,Gulf Energy,GB89GWUW86379402654235,2026-03-26,163893,1
PAY-63510,INV-15154,OMC-012,Galana Energies,GB89GWUW86379402654235,2026-05-14,37462,2
PAY-80886,INV-23780,OMC-015,Mombasa Petroleum,GB80WOIJ43135182337498,2026-01-12,45851,1
PAY-91666,INV-70583,OMC-010,Tamoil,GB34EABH79176936763201,2026-08-24,127994,1
PAY-48535,INV-74257,OMC-003,Rubis Energy,GB04LOQO13315098393010,06/04/2025,59855,1
PAY-23303,INV-47670,OMC-017,KAA Aviation,GB54HVSS04902787429671,2026-06-18,225066,1
PAY-66078,INV-25239,OMC-008,National Oil,GB08NAFX56342160733754,2026-03-06,8962,2
PAY-55881,INV-88507,OMC-010,Tamoil,GB34EABH79176936763201,2025-09-30,63684,1
PAY-34549,INV-80514,OMC-020,Ethiopian Oil,GB08IVAZ74821759464743,2026-04-27,143429,1
PAY-63496,INV-51115,OMC-004,Gulf Energy,GB89GWUW86379402654235,17/03/2026,20439,2
PAY-24914,INV-17913,OMC-016,KPA Marine,GB31MOOJ96499091334123,08/12/2025,75763,1
PAY-48681,INV-22114,OMC-005,PetroOil Kenya,GB89GWUW86379402654235,2026-04-05,60026,2
PAY-34076,INV-90612,OMC-017,KAA Aviation,GB54HVSS04902787429671,2025-07-04,181677,1
PAY-71427,INV-42809,OMC-010,Tamoil,GB34EABH79176936763201,2025-03-27," KES 51,987 ",1
PAY-21535,INV-96127,OMC-018,Uganda National Oil,GB73JRAR61317127484677,2026-04-01,168243,1
PAY-75193,INV-85867,OMC-008,National Oil,GB08NAFX56342160733754,2025-11-03,110434,1
PAY-21333,INV-35576,OMC-017,KAA Aviation,GB54HVSS04902787429671,2026-07-29,61437,1
PAY-41061,INV-61759,OMC-020,Ethiopian Oil,GB08IVAZ74821759464743,2025-09-14,24438,1
PAY-79159,INV-72400,OMC-018,Uganda National Oil,GB73JRAR61317127484677,2025-11-26,37612,1
PAY-67802,INV-26110,OMC-002,Vivo Energy,GB45OQIR01845146270482,18/10/2025,28012,1
PAY-91775,INV-71184,OMC-019,Tanzania Petroleum,GB64OAXE62174596158657,2025-05-31,235751,1
PAY-64854,INV-71971,OMC-009,Dalbit Petroleum,GB53VXXX35615951484656,2026-01-29,104463,1
PAY-16373,INV-89520,OMC-003,Rubis Energy,GB04LOQO13315098393010,2026-01-24,47748,1
PAY-66672,INV-70947,OMC-005,PetroOil Kenya,GB89GWUW86379402654235,2026-06-10,17708,2
PAY-57641,INV-36505,OMC-004,Gulf Energy,GB89GWUW86379402654235,2026-03-31,210008,1
PAY-40494,INV-42577,OMC-020,Ethiopian Oil,GB08IVAZ74821759464743,2026-04-30,256597,1
PAY-23534,INV-22094,OMC-007,Kobil,GB37IDDX82449353487401,2025-06-07,60151,1
PAY-48042,INV-78214,OMC-019,Tanzania Petroleum,GB64OAXE62174596158657,2025-05-06,58581,1
PAY-40374,INV-69676,OMC-018,Uganda National Oil,GB73JRAR61317127484677,2025-08-12,40570,1
PAY-44485,INV-66590,OMC-018,Uganda National Oil,GB73JRAR61317127484677,,162764,1
PAY-12108,INV-74740,OMC-020,Ethiopian Oil,GB08IVAZ74821759464743,2026-01-07,93410,1
PAY-57377,INV-20646,OMC-015,Mombasa Petroleum,GB80WOIJ43135182337498,2025-05-27,164690,1
PAY-15845,INV-18322,OMC-007,Kobil,GB37IDDX82449353487401,2026-06-20," KES 36,832 ",1
PAY-48508,INV-89430,OMC-014,Texol Energies,GB06ONXS45314737996507,2026-03-24,175376,1
PAY-32295,INV-24973,OMC-008,National Oil,GB08NAFX56342160733754,2025-09-29,25383,1
PAY-72121,INV-15843,OMC-004,Gulf Energy,GB89GWUW86379402654235,2026-06-27,39818,1
PAY-48981,INV-59402,OMC-019,Tanzania Petroleum,GB64OAXE62174596158657,2025-11-13,132912,1
PAY-31455,INV-12114,OMC-019,Tanzania Petroleum,GB64OAXE62174596158657,2026-04-04,226716,1
PAY-14380,INV-30887,OMC-003,Rubis Energy,GB04LOQO13315098393010,2026-05-12,20862,1
PAY-83802,INV-29565,OMC-017,KAA Aviation,GB54HVSS04902787429671,2025-07-08,56219,1
PAY-56638,INV-79302,OMC-018,Uganda National Oil,GB73JRAR61317127484677,2026-02-28,200494,1
PAY-34322,INV-92074,OMC-004,Gulf Energy,GB89GWUW86379402654235,2026-06-15,14504,2
PAY-86462,INV-72926,OMC-007,Kobil,GB37IDDX82449353487401,2025-06-05,200448,1
PAY-11416,INV-12637,OMC-010,Tamoil,GB34EABH79176936763201,2026-07-16," KES 238,927 ",1
PAY-91877,INV-27974,OMC-001,TotalEnergies Kenya,GB06DMIO52553419283276,2025-08-11,51626,1
PAY-35490,INV-20938,OMC-012,Galana Energies,GB89GWUW86379402654235,2026-04-26,28579,2
PAY-68173,INV-34943,OMC-018,Uganda National Oil,GB73JRAR61317127484677,2025-12-02,201285,1
PAY-44985,INV-91616,OMC-002,Vivo Energy,GB45OQIR01845146270482,2025-12-22,18686,2
PAY-36759,INV-54508,OMC-015,Mombasa Petroleum,GB80WOIJ43135182337498,2025-04-30,228308,1
PAY-46508,INV-79646,OMC-013,Lake Oil,GB88TEHE71937452991241,2026-03-10,144199,1
PAY-57946,INV-38731,OMC-008,National Oil,GB08NAFX56342160733754,2025-07-03,87815,1
PAY-86007,INV-55687,OMC-012,Galana Energies,GB89GWUW86379402654235,2026-05-21,114201,2
PAY-29041,INV-70026,OMC-005,PetroOil Kenya,GB89GWUW86379402654235,15/03/2026,42368,1
PAY-30414,INV-14050,OMC-020,Ethiopian Oil,GB08IVAZ74821759464743,2026-02-23,31623,1
PAY-35903,INV-87280,OMC-005,PetroOil Kenya,GB89GWUW86379402654235,2026-04-27,14965,2
PAY-80623,INV-44835,OMC-013,Lake Oil,GB88TEHE71937452991241,2026-06-17,101143,1
PAY-45791,INV-16710,OMC-012,Galana Energies,GB89GWUW86379402654235,2026-05-20,21386,1
PAY-35008,INV-62107,OMC-011,Hass Petroleum,GB56WGCN65876036690967,2025-06-29,23883,1
PAY-22355,INV-83149,OMC-003,Rubis Energy,GB04LOQO13315098393010,2025-06-13,265920,1
PAY-59033,INV-69149,OMC-019,Tanzania Petroleum,GB64OAXE62174596158657,2025-03-23,91431,1
PAY-31371,INV-59004,OMC-017,KAA Aviation,GB54HVSS04902787429671,2026-04-02,131978,1
PAY-59414,INV-58679,OMC-002,Vivo Energy,GB45OQIR01845146270482,2025-05-27,136296,1
PAY-58012,INV-24595,OMC-012,Galana Energies,GB89GWUW86379402654235,2026-06-10,28861,2
PAY-26097,INV-29019,OMC-010,Tamoil,GB34EABH79176936763201,25/05/2026,104908,1
PAY-29852,INV-59256,OMC-019,Tanzania Petroleum,GB64OAXE62174596158657,19/03/2025,31032,1
PAY-22500,INV-63439,OMC-010,Tamoil,GB34EABH79176936763201,2025-04-13,52312,1
PAY-26087,INV-27537,OMC-016,KPA Marine,GB31MOOJ96499091334123,2025-12-10,15082,1
PAY-48372,INV-56393,OMC-008,National Oil,GB08NAFX56342160733754,2026-05-08,50446,1
PAY-79634,INV-80625,OMC-002,Vivo Energy,GB45OQIR01845146270482,2026-06-02,29141,1
PAY-64644,INV-85853,OMC-013,Lake Oil,GB88TEHE71937452991241,2026-06-26,124527,1
PAY-30226,INV-30241,OMC-002,Vivo Energy,GB45OQIR01845146270482,2025-04-29,45705,1
PAY-37709,INV-73778,OMC-017,KAA Aviation,GB54HVSS04902787429671,2026-05-12,250869,1
PAY-81338,INV-91439,OMC-012,Galana Energies,GB89GWUW86379402654235,2026-06-03," KES 23,698 ",2
PAY-81830,INV-86007,OMC-010,Tamoil,GB34EABH79176936763201,2026-01-06,227906,1
PAY-24007,INV-62379,OMC-009,Dalbit Petroleum,GB53VXXX35615951484656,2026-08-09,55558,1
PAY-51136,INV-22249,OMC-017,KAA Aviation,GB54HVSS04902787429671,2026-02-03,174320,1
PAY-43013,INV-82534,OMC-001,TotalEnergies Kenya,GB06DMIO52553419283276,2025-08-03,34397,1
PAY-66252,INV-28936,OMC-019,Tanzania Petroleum,GB64OAXE62174596158657,2026-06-16,31474,2
PAY-66792,INV-40038,OMC-012,Galana Energies,GB89GWUW86379402654235,2026-06-01,22914,2
PAY-11125,INV-74694,OMC-002,Vivo Energy,GB45OQIR01845146270482,2026-05-06,219213,1
PAY-79066,INV-24015,OMC-019,Tanzania Petroleum,GB64OAXE62174596158657,2025-03-01,273684,1
PAY-16976,INV-92903,OMC-018,Uganda National Oil,GB73JRAR61317127484677,2026-06-16,23175,1
PAY-74323,INV-23804,OMC-019,Tanzania Petroleum,GB64OAXE62174596158657,2025-09-04,152928,1
PAY-52239,INV-55037,OMC-004,Gulf Energy,GB89GWUW86379402654235,13/04/2026,51666,1
PAY-40410,INV-96618,OMC-001,TotalEnergies Kenya,GB06DMIO52553419283276,2025-07-16,127225,2
PAY-42755,INV-68741,OMC-012,Galana Energies,GB89GWUW86379402654235,2026-04-05,95390,1
PAY-91778,INV-45797,OMC-009,Dalbit Petroleum,GB53VXXX35615951484656,2026-03-08,120557,1
PAY-53640,INV-54301,OMC-016,KPA Marine,GB31MOOJ96499091334123,2026-07-16,156540,1
PAY-75740,INV-27152,OMC-001,TotalEnergies Kenya,GB06DMIO52553419283276,2026-03-02,37790,1
PAY-82672,INV-81515,OMC-008,National Oil,GB08NAFX56342160733754,2026-08-22,78084,2
PAY-36581,INV-96885,OMC-019,Tanzania Petroleum,GB64OAXE62174596158657,2026-07-19,145907,1
PAY-53126,INV-40669,OMC-008,National Oil,GB08NAFX56342160733754,2025-06-09,26871,1
PAY-29401,INV-29643,OMC-004,Gulf Energy,GB89GWUW86379402654235,2026-05-01,140257,1
PAY-84704,INV-65721,OMC-005,PetroOil Kenya,GB89GWUW86379402654235,2026-05-21,61894,1
PAY-19389,INV-31821,OMC-009,Dalbit Petroleum,GB53VXXX35615951484656,2026-05-27,175217,1
PAY-36276,INV-21720,OMC-006,Hashi Energy,GB05QCFC91361939909169,2025-11-14,293764,1
PAY-29999,INV-45272,OMC-006,Hashi Energy,GB05QCFC91361939909169,2026-04-09,290764,1
PAY-62668,INV-65135,OMC-005,PetroOil Kenya,GB89GWUW86379402654235,2026-05-29,68296,2
PAY-24432,INV-71997,OMC-017,KAA Aviation,GB54HVSS04902787429671,11/04/2026,185248,1
PAY-41595,INV-43739,OMC-007,Kobil,GB37IDDX82449353487401,2026-01-04,31602,1
PAY-30050,INV-49863,OMC-002,Vivo Energy,GB45OQIR01845146270482,2026-02-10,246565,1
PAY-83650,INV-54543,OMC-019,Tanzania Petroleum,GB64OAXE62174596158657,02/09/2025,137853,1
PAY-61040,INV-51572,OMC-004,Gulf Energy,GB89GWUW86379402654235,2026-04-18,126448,1
PAY-70987,INV-50560,OMC-003,Rubis Energy,GB04LOQO13315098393010,2025-11-12,49976,2
PAY-65745,INV-32552,OMC-002,Vivo Energy,GB45OQIR01845146270482,2025-07-12,104681,1
PAY-52407,INV-66440,OMC-019,Tanzania Petroleum,GB64OAXE62174596158657,2026-04-20,207512,1
PAY-31284,INV-93757,OMC-003,Rubis Energy,GB04LOQO13315098393010,2025-11-08,41557,1
PAY-66218,INV-71040,OMC-002,Vivo Energy,GB45OQIR01845146270482,2025-12-30,195387,1
PAY-80998,INV-14415,OMC-004,Gulf Energy,GB89GWUW86379402654235,2026-04-07,37636,2
PAY-23735,INV-84938,OMC-001,TotalEnergies Kenya,GB06DMIO52553419283276,2025-07-15,98331,1
PAY-22098,INV-99809,OMC-004,Gulf Energy,GB89GWUW86379402654235,2026-05-02,23746,1
PAY-41153,INV-34119,OMC-007,Kobil,GB37IDDX82449353487401,2026-04-20,37264,1
PAY-87100,INV-76287,OMC-002,Vivo Energy,GB45OQIR01845146270482,2026-06-06,197309,1
PAY-55022,INV-41621,OMC-001,TotalEnergies Kenya,GB06DMIO52553419283276,2025-03-21,29147,2
PAY-37442,INV-65555,OMC-018,Uganda National Oil,GB73JRAR61317127484677,2026-04-09,153649,1
PAY-71792,INV-47085,OMC-010,Tamoil,GB34EABH79176936763201,2026-04-06,120618,1
PAY-34466,INV-66763,OMC-020,Ethiopian Oil,GB08IVAZ74821759464743,2026-04-05,33522,1
PAY-49151,INV-74654,OMC-003,Rubis Energy,GB04LOQO13315098393010,2025-10-22,121570,1
PAY-68061,INV-12954,OMC-011,Hass Petroleum,GB56WGCN65876036690967,2025-11-06,8047,2
PAY-13608,INV-86029,OMC-005,PetroOil Kenya,GB89GWUW86379402654235,2026-05-05,35097,2
PAY-88526,INV-25077,OMC-019,Tanzania Petroleum,GB64OAXE62174596158657,2025-05-31,46665,1
PAY-64943,INV-83252,OMC-018,Uganda National Oil,GB73JRAR61317127484677,2025-08-02,72949,2
PAY-11471,INV-91969,OMC-010,Tamoil,GB34EABH79176936763201,2026-06-25,26228,1
PAY-95713,INV-33688,OMC-008,National Oil,GB08NAFX56342160733754,2025-04-02,194486,1
PAY-28790,INV-85115,OMC-013,Lake Oil,GB88TEHE71937452991241,2025-08-19,25586,1
PAY-33005,INV-50358,OMC-014,Texol Energies,GB06ONXS45314737996507,2026-02-28,35196,1
PAY-88708,INV-72171,OMC-006,Hashi Energy,GB05QCFC91361939909169,2026-02-22,93114,2
PAY-34357,INV-20942,OMC-011,Hass Petroleum,GB56WGCN65876036690967,2025-04-04,201066,1
PAY-80376,INV-27977,OMC-020,Ethiopian Oil,GB08IVAZ74821759464743,2025-11-28,209787,1
PAY-78764,INV-30081,OMC-010,Tamoil,GB34EABH79176936763201,2025-02-04,252451,1
PAY-37820,INV-64433,OMC-005,PetroOil Kenya,GB89GWUW86379402654235,2026-03-20,171492,1
PAY-17425,INV-10912,OMC-005,PetroOil Kenya,GB89GWUW86379402654235,2026-06-25,150281,1
PAY-22471,INV-18754,OMC-016,KPA Marine,GB31MOOJ96499091334123,2025-12-23,119724,1
PAY-89306,INV-34129,OMC-009,Dalbit Petroleum,GB53VXXX35615951484656,2025-06-13,189352,1
PAY-52677,INV-99346,OMC-005,PetroOil Kenya,GB89GWUW86379402654235,2026-03-23,82298,2
PAY-69401,INV-46128,OMC-010,Tamoil,GB34EABH79176936763201,2025-02-22,145694,1
PAY-45411,INV-13138,OMC-005,PetroOil Kenya,GB89GWUW86379402654235,2026-05-26,75206,1
PAY-64711,INV-20146,OMC-012,Galana Energies,GB89GWUW86379402654235,2026-04-18,37632,2
PAY-20373,INV-26237,OMC-009,Dalbit Petroleum,GB53VXXX35615951484656,2026-03-17,42101,1
PAY-41265,INV-26436,OMC-002,Vivo Energy,GB45OQIR01845146270482,18/01/2026,34572,1
PAY-32170,INV-10607,OMC-001,TotalEnergies Kenya,GB06DMIO52553419283276,2025-09-26,29145,1
PAY-42282,INV-21816,OMC-007,Kobil,GB37IDDX82449353487401,2026-07-03,53141,1
PAY-71474,INV-22269,OMC-008,National Oil,GB08NAFX56342160733754,2025-02-21,43938,1
PAY-43622,INV-56497,OMC-011,Hass Petroleum,GB56WGCN65876036690967,23/04/2026,259761,1
PAY-19770,INV-34297,OMC-004,Gulf Energy,GB89GWUW86379402654235,2026-04-27,73457,1
PAY-29861,INV-10506,OMC-011,Hass Petroleum,GB56WGCN65876036690967,2026-04-28,194969,1
PAY-16399,INV-14061,OMC-007,Kobil,GB37IDDX82449353487401,2025-07-28,24478,1
PAY-88461,INV-47768,OMC-009,Dalbit Petroleum,GB53VXXX35615951484656,2026-04-16," KES 285,836 ",1
PAY-86456,INV-93864,OMC-010,Tamoil,GB34EABH79176936763201,2025-05-20,27814,1
PAY-81749,INV-96463,OMC-019,Tanzania Petroleum,GB64OAXE62174596158657,2026-02-16,43008,1
PAY-30789,INV-40081,OMC-016,KPA Marine,GB31MOOJ96499091334123,2025-12-09,29959,2
PAY-44494,INV-60755,OMC-009,Dalbit Petroleum,GB53VXXX35615951484656,2025-08-28,95801,1
PAY-18422,INV-30821,OMC-014,Texol Energies,GB06ONXS45314737996507,2025-03-04,31173,1
PAY-81693,INV-96954,OMC-014,Texol Energies,GB06ONXS45314737996507,2025-07-04,14056,2
PAY-41431,INV-41736,OMC-012,Galana Energies,GB89GWUW86379402654235,2026-07-05,23244,2
PAY-41031,INV-84859,OMC-006,Hashi Energy,GB05QCFC91361939909169,2025-04-04,278625,1
PAY-61631,INV-65786,OMC-019,Tanzania Petroleum,GB64OAXE62174596158657,2025-08-28,51111,1
PAY-22597,INV-34941,OMC-015,Mombasa Petroleum,GB80WOIJ43135182337498,2026-06-26,45491,1
PAY-29828,INV-22480,OMC-018,Uganda National Oil,GB73JRAR61317127484677,2025-08-14,54887,1
PAY-88483,INV-67845,OMC-007,Kobil,GB37IDDX82449353487401,2026-08-23,44362,2
PAY-36748,INV-21362,OMC-011,Hass Petroleum,GB56WGCN65876036690967,2025-12-03,53851,1
PAY-19746,INV-94612,OMC-020,Ethiopian Oil,GB08IVAZ74821759464743,24/07/2026,178294,1
PAY-24434,INV-42291,OMC-012,Galana Energies,GB89GWUW86379402654235,2026-05-08,104367,1
PAY-55986,INV-87301,OMC-005,PetroOil Kenya,GB89GWUW86379402654235,,82402,1
PAY-60397,INV-79310,OMC-012,Galana Energies,GB89GWUW86379402654235,2026-05-29,19561,2
PAY-68143,INV-41600,OMC-003,Rubis Energy,GB04LOQO13315098393010,2025-08-04,232201,1
PAY-82279,INV-62290,OMC-010,Tamoil,GB34EABH79176936763201,2025-01-24,50165,1
PAY-99812,INV-48056,OMC-010,Tamoil,GB34EABH79176936763201,2025-09-07,148449,1
PAY-99060,INV-92182,OMC-002,Vivo Energy,GB45OQIR01845146270482,2026-02-21,164579,1
PAY-81545,INV-94342,OMC-005,PetroOil Kenya,GB89GWUW86379402654235,2026-05-19,5926,2
PAY-41564,INV-19673,OMC-005,PetroOil Kenya,GB89GWUW86379402654235,2026-04-17,126163,1
PAY-38411,INV-71971,OMC-009,Dalbit Petroleum,GB53VXXX35615951484656,2026-02-18,72751,2
PAY-96832,INV-14549,OMC-006,Hashi Energy,GB05QCFC91361939909169,2026-01-28,113099,1
PAY-87238,INV-42052,OMC-003,Rubis Energy,GB04LOQO13315098393010,2025-07-09,114872,1
PAY-56923,INV-57443,OMC-003,Rubis Energy,GB04LOQO13315098393010,2025-09-30,175025,1
PAY-12280,INV-10894,OMC-010,Tamoil,GB34EABH79176936763201,2026-04-18,200759,1
PAY-13477,INV-17159,OMC-011,Hass Petroleum,GB56WGCN65876036690967,2025-07-22,66159,1
PAY-93457,INV-13658,OMC-018,Uganda National Oil,GB73JRAR61317127484677,2025-04-08,186629,1
PAY-52940,INV-82154,OMC-017,KAA Aviation,GB54HVSS04902787429671,2025-05-05,106958,1
PAY-41653,INV-60835,OMC-002,Vivo Energy,GB45OQIR01845146270482,2026-06-01,131573,1
PAY-35540,INV-46037,OMC-003,Rubis Energy,GB04LOQO13315098393010,2025-12-26,250180,1
PAY-77932,INV-87337,OMC-007,Kobil,GB37IDDX82449353487401,2026-02-08,122014,1
PAY-23427,INV-18969,OMC-015,Mombasa Petroleum,GB80WOIJ43135182337498,2025-05-08,48693,1
PAY-32287,INV-58327,OMC-007,Kobil,GB37IDDX82449353487401,2026-03-17,174128,1
PAY-37753,INV-37910,OMC-010,Tamoil,GB34EABH79176936763201,2025-10-28,215161,1
PAY-54208,INV-35350,OMC-006,Hashi Energy,GB05QCFC91361939909169,2025-03-13,80124,1
PAY-64158,INV-84344,OMC-004,Gulf Energy,GB89GWUW86379402654235,2026-06-11,159457,2
PAY-18740,INV-77358,OMC-008,National Oil,GB08NAFX56342160733754,2026-01-28,37495,1
PAY-39831,INV-76408,OMC-010,Tamoil,GB34EABH79176936763201,2025-10-22,178078,1
PAY-47114,INV-63999,OMC-008,National Oil,GB08NAFX56342160733754,2025-06-25,206529,1
PAY-86279,INV-62167,OMC-010,Tamoil,GB34EABH79176936763201,2025-06-04,38280,1
PAY-74821,INV-91726,OMC-015,Mombasa Petroleum,GB80WOIJ43135182337498,2026-04-24,49453,1
PAY-92217,INV-95206,OMC-001,TotalEnergies Kenya,GB06DMIO52553419283276,2025-09-30,115895,1
PAY-75681,INV-98373,OMC-004,Gulf Energy,GB89GWUW86379402654235,2026-03-15,18651,2
PAY-66238,INV-60009,OMC-005,PetroOil Kenya,GB89GWUW86379402654235,2026-04-22,179451,1
PAY-27742,INV-39175,OMC-010,Tamoil,GB34EABH79176936763201,2026-02-16,34801,1
PAY-11951,INV-44529,OMC-017,KAA Aviation,GB54HVSS04902787429671,2025-09-15,139907,1
PAY-43658,INV-76157,OMC-020,Ethiopian Oil,GB08IVAZ74821759464743,2025-09-12,157927,1
PAY-95875,INV-10308,OMC-015,Mombasa Petroleum,GB80WOIJ43135182337498,2025-06-28,152880,1
PAY-97561,INV-43009,OMC-005,PetroOil Kenya,GB89GWUW86379402654235,09/05/2026,25116,2
PAY-10475,INV-10770,OMC-019,Tanzania Petroleum,GB64OAXE62174596158657,2025-03-22,155411,1
PAY-34127,INV-12769,OMC-015,Mombasa Petroleum,GB80WOIJ43135182337498,2025-09-09,121164,1
PAY-38651,INV-88352,OMC-013,Lake Oil,GB88TEHE71937452991241,2026-01-29,184931,1
PAY-10796,INV-24093,OMC-010,Tamoil,GB34EABH79176936763201,2026-01-27,151483,1
PAY-71562,INV-13133,OMC-020,Ethiopian Oil,GB08IVAZ74821759464743,07/04/2025,182265,1
PAY-53163,INV-19169,OMC-017,KAA Aviation,GB54HVSS04902787429671,2025-10-26,50013,1
PAY-35709,INV-76450,OMC-019,Tanzania Petroleum,GB64OAXE62174596158657,2025-03-02,198074,1
PAY-24671,INV-68063,OMC-006,Hashi Energy,GB05QCFC91361939909169,2026-08-01,15311,2
PAY-19693,INV-78322,OMC-007,Kobil,GB37IDDX82449353487401,2025-03-03,35921,1
PAY-12689,INV-14325,OMC-010,Tamoil,GB34EABH79176936763201,2025-11-02,26879,1
PAY-76363,INV-59609,OMC-003,Rubis Energy,GB04LOQO13315098393010,2026-04-24,51313,2
PAY-82514,INV-15245,OMC-019,Tanzania Petroleum,GB64OAXE62174596158657,2025-11-03,33466,1
PAY-14055,INV-80414,OMC-013,Lake Oil,GB88TEHE71937452991241,2025-04-28,182105,1
PAY-48307,INV-38665,OMC-020,Ethiopian Oil,GB08IVAZ74821759464743,2025-10-29,49788,2
PAY-82397,INV-17176,OMC-015,Mombasa Petroleum,GB80WOIJ43135182337498,2026-04-12,166088,1
PAY-83724,INV-43855,OMC-014,Texol Energies,GB06ONXS45314737996507,2025-05-24,66459,1
PAY-13128,INV-39131,OMC-014,Texol Energies,GB06ONXS45314737996507,2026-07-29,161393,1
PAY-76110,INV-63208,OMC-014,Texol Energies,GB06ONXS45314737996507,2026-06-08,53045,1
PAY-22701,INV-33587,OMC-010,Tamoil,GB34EABH79176936763201,,136004,1
PAY-61156,INV-64688,OMC-002,Vivo Energy,GB45OQIR01845146270482,2026-01-01,83379,1
PAY-47750,INV-89454,OMC-018,Uganda National Oil,GB73JRAR61317127484677,2025-08-17,207706,1
PAY-46183,INV-14402,OMC-005,PetroOil Kenya,GB89GWUW86379402654235,16/06/2026,35668,1
PAY-41291,INV-40496,OMC-014,Texol Energies,GB06ONXS45314737996507,,143378,1
PAY-78500,INV-53566,OMC-020,Ethiopian Oil,GB08IVAZ74821759464743,2026-06-14,199030,1
PAY-69575,INV-93880,OMC-009,Dalbit Petroleum,GB53VXXX35615951484656,2025-10-23,49984,1
PAY-97217,INV-89348,OMC-014,Texol Energies,GB06ONXS45314737996507,25/08/2025,22124,1
PAY-69748,INV-38751,OMC-008,National Oil,GB08NAFX56342160733754,2025-12-11,32559,1
PAY-97880,INV-14042,OMC-011,Hass Petroleum,GB56WGCN65876036690967,2025-07-12,16756,1
PAY-56599,INV-23427,OMC-019,Tanzania Petroleum,GB64OAXE62174596158657,2026-03-24,247678,1
PAY-78717,INV-61161,OMC-011,Hass Petroleum,GB56WGCN65876036690967,2025-04-06,8831,2
PAY-44408,INV-31682,OMC-015,Mombasa Petroleum,GB80WOIJ43135182337498,28/01/2025,278879,1
PAY-99808,INV-82118,OMC-004,Gulf Energy,GB89GWUW86379402654235,2026-06-07,7107,2
PAY-25557,INV-61967,OMC-011,Hass Petroleum,GB56WGCN65876036690967,2025-09-10,46186,1
PAY-41223,INV-32840,OMC-010,Tamoil,GB34EABH79176936763201,2025-12-16,46809,1
PAY-85882,INV-93805,OMC-002,Vivo Energy,GB45OQIR01845146270482,2025-02-19,89796,1
PAY-89027,INV-95003,OMC-017,KAA Aviation,GB54HVSS04902787429671,2025-09-23," KES 29,891 ",1
PAY-16662,INV-83075,OMC-013,Lake Oil,GB88TEHE71937452991241,2026-07-13,268235,1
PAY-14117,INV-84528,OMC-001,TotalEnergies Kenya,GB06DMIO52553419283276,2025-08-14,34103,1
PAY-64357,INV-44973,OMC-002,Vivo Energy,GB45OQIR01845146270482,2025-09-20,14617,2
PAY-86069,INV-10610,OMC-013,Lake Oil,GB88TEHE71937452991241,2025-06-28,104018,1
PAY-94530,INV-19327,OMC-017,KAA Aviation,GB54HVSS04902787429671,2026-03-27,101466,1
PAY-87106,INV-18943,OMC-015,Mombasa Petroleum,GB80WOIJ43135182337498,2025-07-11,32978,1
PAY-68362,INV-67328,OMC-014,Texol Energies,GB06ONXS45314737996507,2026-04-19,129473,1
PAY-36856,INV-44587,OMC-020,Ethiopian Oil,GB08IVAZ74821759464743,2025-12-23," KES 46,762 ",1
PAY-36065,INV-45507,OMC-006,Hashi Energy,GB05QCFC91361939909169,2025-10-01,38234,1
PAY-96989,INV-92614,OMC-005,PetroOil Kenya,GB89GWUW86379402654235,2026-05-04,37516,1
PAY-53489,INV-57665,OMC-012,Galana Energies,GB89GWUW86379402654235,2026-05-04,31259,1
PAY-77412,INV-67788,OMC-006,Hashi Energy,GB05QCFC91361939909169,2025-08-13,199241,1
PAY-46966,INV-15468,OMC-001,TotalEnergies Kenya,GB06DMIO52553419283276,2025-11-15,38662,1
PAY-28888,INV-11819,OMC-011,Hass Petroleum,GB56WGCN65876036690967,2026-01-21,14966,1
PAY-63057,INV-33106,OMC-007,Kobil,GB37IDDX82449353487401,2025-03-17,241769,1
PAY-49777,INV-53768,OMC-015,Mombasa Petroleum,GB80WOIJ43135182337498,2025-07-14,215805,1
PAY-94560,INV-54581,OMC-017,KAA Aviation,GB54HVSS04902787429671,2025-09-06,25448,1
PAY-79917,INV-65280,OMC-011,Hass Petroleum,GB56WGCN65876036690967,2025-09-16,109740,1
PAY-92638,INV-96239,OMC-008,National Oil,GB08NAFX56342160733754,2026-07-06,86013,1
PAY-35121,INV-56553,OMC-020,Ethiopian Oil,GB08IVAZ74821759464743,2025-06-25,10416,2
PAY-48389,INV-15464,OMC-001,TotalEnergies Kenya,GB06DMIO52553419283276,2026-07-10,221171,1
PAY-13354,INV-31449,OMC-001,TotalEnergies Kenya,GB06DMIO52553419283276,2026-04-13,16008,1
PAY-97783,INV-31331,OMC-007,Kobil,GB37IDDX82449353487401,2026-07-05,56786,1
PAY-58365,INV-17245,OMC-009,Dalbit Petroleum,GB53VXXX35615951484656,2025-06-28,158928,1
PAY-45484,INV-13168,OMC-005,PetroOil Kenya,GB89GWUW86379402654235,2026-03-29,97765,2
PAY-78206,INV-56240,OMC-006,Hashi Energy,GB05QCFC91361939909169,2026-04-27,223578,1
PAY-44180,INV-12047,OMC-015,Mombasa Petroleum,GB80WOIJ43135182337498,2025-06-02,41761,1
PAY-66865,INV-74776,OMC-003,Rubis Energy,GB04LOQO13315098393010,2025-12-24,26511,1
PAY-86499,INV-76156,OMC-001,TotalEnergies Kenya,GB06DMIO52553419283276,2025-11-24,37436,1
PAY-43333,INV-64553,OMC-019,Tanzania Petroleum,GB64OAXE62174596158657,2025-09-04,121324,1
PAY-73793,INV-13524,OMC-001,TotalEnergies Kenya,GB06DMIO52553419283276,2025-12-18,33495,1
PAY-11748,INV-23805,OMC-020,Ethiopian Oil,GB08IVAZ74821759464743,2025-05-30,40085,2
PAY-72646,INV-28706,OMC-008,National Oil,GB08NAFX56342160733754,2026-03-07,14175,2
PAY-84807,INV-94844,OMC-004,Gulf Energy,GB89GWUW86379402654235,,102587,1
PAY-91433,INV-43188,OMC-008,National Oil,GB08NAFX56342160733754,,86822,1
PAY-65896,INV-51359,OMC-013,Lake Oil,GB88TEHE71937452991241,2025-07-17,23423,1
PAY-55296,INV-44059,OMC-006,Hashi Energy,GB05QCFC91361939909169,2025-04-04,107567,1
PAY-84704,INV-87987,OMC-003,Rubis Energy,GB04LOQO13315098393010,2025-05-10,45475,1
PAY-55640,INV-13858,OMC-001,TotalEnergies Kenya,GB06DMIO52553419283276,,28069,1
PAY-33034,INV-41502,OMC-012,Galana Energies,GB89GWUW86379402654235,2026-04-07,8548,2
PAY-98237,INV-13361,OMC-013,Lake Oil,GB88TEHE71937452991241,2025-09-21,151686,1
PAY-22535,INV-56226,OMC-002,Vivo Energy,GB45OQIR01845146270482,2025-11-16,162775,1
PAY-49698,INV-42146,OMC-003,Rubis Energy,GB04LOQO13315098393010,2025-12-11,170135,1
PAY-91158,INV-94262,OMC-008,National Oil,GB08NAFX56342160733754,2025-10-27,23320,1
PAY-93945,INV-15974,OMC-013,Lake Oil,GB88TEHE71937452991241,2026-08-05," KES 220,547 ",1
PAY-96059,INV-59007,OMC-003,Rubis Energy,GB04LOQO13315098393010,2026-03-04,117833,1
PAY-63782,INV-35938,OMC-008,National Oil,GB08NAFX56342160733754,2025-05-10,23031,1
PAY-87900,INV-44228,OMC-002,Vivo Energy,GB45OQIR01845146270482,2025-06-17,194819,1
PAY-80691,INV-26710,OMC-002,Vivo Energy,GB45OQIR01845146270482,2025-09-22,24520,1
PAY-35946,INV-22808,OMC-015,Mombasa Petroleum,GB80WOIJ43135182337498,2025-09-10,209565,1
PAY-85421,INV-87967,OMC-010,Tamoil,GB34EABH79176936763201,2026-08-15,12182,2
PAY-60062,INV-31641,OMC-007,Kobil,GB37IDDX82449353487401,21/12/2025,33967,1
PAY-17528,INV-47086,OMC-016,KPA Marine,GB31MOOJ96499091334123,2026-04-02,23894,2
PAY-94493,INV-77234,OMC-007,Kobil,GB37IDDX82449353487401,2026-02-21,23259,1
PAY-30644,INV-19697,OMC-016,KPA Marine,GB31MOOJ96499091334123,16/04/2026,231831,1
PAY-47704,INV-72002,OMC-020,Ethiopian Oil,GB08IVAZ74821759464743,2025-03-25,25925,1
PAY-86868,INV-47818,OMC-015,Mombasa Petroleum,GB80WOIJ43135182337498,2026-02-25,277910,1
PAY-82815,INV-47642,OMC-007,Kobil,GB37IDDX82449353487401,2026-02-07,67267,2
PAY-93403,INV-62596,OMC-002,Vivo Energy,GB45OQIR01845146270482,2025-07-31,57285,1
PAY-86047,INV-89024,OMC-016,KPA Marine,GB31MOOJ96499091334123,2025-11-08,246081,1
PAY-78460,INV-90871,OMC-011,Hass Petroleum,GB56WGCN65876036690967,2026-06-30,246442,1
PAY-82791,INV-80593,OMC-008,National Oil,GB08NAFX56342160733754,2025-08-12,116421,1
PAY-12366,INV-29010,OMC-017,KAA Aviation,GB54HVSS04902787429671,2026-01-20,28523,1
PAY-92408,INV-25099,OMC-014,Texol Energies,GB06ONXS45314737996507,2025-09-30,59785,1
PAY-10975,INV-71124,OMC-002,Vivo Energy,GB45OQIR01845146270482,2025-12-15,25403,1
PAY-30465,INV-73221,OMC-019,Tanzania Petroleum,GB64OAXE62174596158657,2025-11-10,108337,1
PAY-20148,INV-11381,OMC-006,Hashi Energy,GB05QCFC91361939909169,,57622,1
PAY-35571,INV-25094,OMC-007,Kobil,GB37IDDX82449353487401,2026-03-24,130159,1
PAY-42972,INV-78513,OMC-004,Gulf Energy,GB89GWUW86379402654235,03/06/2026,46665,2
PAY-84500,INV-65530,OMC-006,Hashi Energy,GB05QCFC91361939909169,2025-08-02,28506,1
PAY-87985,INV-89048,OMC-015,Mombasa Petroleum,GB80WOIJ43135182337498,2025-04-14,266657,1
PAY-34919,INV-35024,OMC-004,Gulf Energy,GB89GWUW86379402654235,2026-06-06,86530,1
PAY-44217,INV-86296,OMC-001,TotalEnergies Kenya,GB06DMIO52553419283276,2026-07-25,238911,1
PAY-81178,INV-57525,OMC-019,Tanzania Petroleum,GB64OAXE62174596158657,2025-12-07,47456,1
PAY-80887,INV-57925,OMC-003,Rubis Energy,GB04LOQO13315098393010,2026-07-25,187285,1
PAY-43062,INV-74759,OMC-004,Gulf Energy,GB89GWUW86379402654235,2026-04-25,86216,1
PAY-23249,INV-40440,OMC-016,KPA Marine,GB31MOOJ96499091334123,2025-06-13,50442,2
PAY-44150,INV-71009,OMC-020,Ethiopian Oil,GB08IVAZ74821759464743,2025-09-22,193588,1
PAY-77376,INV-48573,OMC-010,Tamoil,GB34EABH79176936763201,2025-12-20,152736,1
PAY-83940,INV-86689,OMC-019,Tanzania Petroleum,GB64OAXE62174596158657,2026-07-17,54661,1
PAY-82777,INV-90092,OMC-001,TotalEnergies Kenya,GB06DMIO52553419283276,2026-06-24,108976,1
PAY-96679,INV-67526,OMC-019,Tanzania Petroleum,GB64OAXE62174596158657,,114504,1
PAY-28150,INV-57040,OMC-020,Ethiopian Oil,GB08IVAZ74821759464743,2026-07-23,91416,1
PAY-50090,INV-93018,OMC-010,Tamoil,GB34EABH79176936763201,2026-04-05,34087,1
PAY-21212,INV-19734,OMC-015,Mombasa Petroleum,GB80WOIJ43135182337498,2026-03-29,113173,1
PAY-78764,INV-59398,OMC-020,Ethiopian Oil,GB08IVAZ74821759464743,2025-11-02,239048,1
PAY-47616,INV-50289,OMC-018,Uganda National Oil,GB73JRAR61317127484677,2026-06-08,28305,1
PAY-92769,INV-44467,OMC-001,TotalEnergies Kenya,GB06DMIO52553419283276,2025-02-15,66905,1
PAY-27959,INV-97973,OMC-011,Hass Petroleum,GB56WGCN65876036690967,2026-02-02,287735,1
PAY-91960,INV-63837,OMC-001,TotalEnergies Kenya,GB06DMIO52553419283276,2026-06-22,24945,1
PAY-73896,INV-53768,OMC-007,Kobil,GB37IDDX82449353487401,2026-07-06,38060,2
PAY-58658,INV-73953,OMC-003,Rubis Energy,GB04LOQO13315098393010,28/07/2025,41751,1
PAY-11707,INV-97109,OMC-011,Hass Petroleum,GB56WGCN65876036690967,2026-07-01,182610,1
PAY-32515,INV-84920,OMC-003,Rubis Energy,GB04LOQO13315098393010,2025-07-21,136714,1
PAY-84187,INV-51824,OMC-016,KPA Marine,GB31MOOJ96499091334123,2025-05-05,152622,1
PAY-94288,INV-72991,OMC-019,Tanzania Petroleum,GB64OAXE62174596158657,2025-02-10," KES 41,380 ",1
PAY-69918,INV-39003,OMC-013,Lake Oil,GB88TEHE71937452991241,,28104,1
PAY-41724,INV-44225,OMC-001,TotalEnergies Kenya,GB06DMIO52553419283276,2025-10-26,28273,1
PAY-66231,INV-57840,OMC-006,Hashi Energy,GB05QCFC91361939909169,2026-02-18,62913,1
PAY-60636,INV-76121,OMC-020,Ethiopian Oil,GB08IVAZ74821759464743,2025-12-29,34091,1
PAY-46334,INV-83061,OMC-008,National Oil,GB08NAFX56342160733754,2026-08-16,40847,1
PAY-48920,INV-66657,OMC-014,Texol Energies,GB06ONXS45314737996507,2026-03-03,254546,1
PAY-20231,INV-96626,OMC-007,Kobil,GB37IDDX82449353487401,2026-06-25,185391,1
PAY-32020,INV-25023,OMC-013,Lake Oil,GB88TEHE71937452991241,2025-09-24,169361,1
PAY-66947,INV-60863,OMC-017,KAA Aviation,GB54HVSS04902787429671,2025-12-17,22597,1
PAY-10981,INV-23032,OMC-013,Lake Oil,GB88TEHE71937452991241,2025-12-21,167639,1
PAY-72548,INV-27528,OMC-003,Rubis Energy,GB04LOQO13315098393010,2025-09-18,48657,1
PAY-68202,INV-69955,OMC-001,TotalEnergies Kenya,GB06DMIO52553419283276,2025-08-31,15705,2
PAY-49443,INV-55109,OMC-016,KPA Marine,GB31MOOJ96499091334123,2026-06-25,128846,1
PAY-49144,INV-35178,OMC-019,Tanzania Petroleum,GB64OAXE62174596158657,2025-12-15,145469,1
PAY-29447,INV-98257,OMC-020,Ethiopian Oil,GB08IVAZ74821759464743,2025-01-19,106549,1
PAY-43871,INV-48423,OMC-018,Uganda National Oil,GB73JRAR61317127484677,2025-11-12," KES 22,105 ",1
PAY-91818,INV-85008,OMC-020,Ethiopian Oil,GB08IVAZ74821759464743,2025-07-05,36460,2
PAY-79903,INV-45424,OMC-007,Kobil,GB37IDDX82449353487401,2026-02-02,33902,1
PAY-90964,INV-27735,OMC-010,Tamoil,GB34EABH79176936763201,2025-03-31,93527,1
PAY-98259,INV-21053,OMC-018,Uganda National Oil,GB73JRAR61317127484677,2026-06-18,26322,1
PAY-75819,INV-41050,OMC-003,Rubis Energy,GB04LOQO13315098393010,2025-12-17,254272,1
PAY-90573,INV-84070,OMC-003,Rubis Energy,GB04LOQO13315098393010,2026-01-18,212379,1
PAY-45087,INV-76865,OMC-013,Lake Oil,GB88TEHE71937452991241,2025-11-03,35321,1
PAY-40282,INV-67677,OMC-001,TotalEnergies Kenya,GB06DMIO52553419283276,,6296,2
PAY-62590,INV-45417,OMC-005,PetroOil Kenya,GB89GWUW86379402654235,2026-05-03,19989,1
PAY-17851,INV-65306,OMC-005,PetroOil Kenya,GB89GWUW86379402654235,2026-03-03,179226,1
PAY-77854,INV-89309,OMC-019,Tanzania Petroleum,GB64OAXE62174596158657,2026-06-01,56986,1
PAY-59884,INV-67324,OMC-002,Vivo Energy,GB45OQIR01845146270482,08/11/2025,53464,1
PAY-24544,INV-35683,OMC-011,Hass Petroleum,GB56WGCN65876036690967,2026-04-04,39115,1
PAY-45726,INV-23805,OMC-020,Ethiopian Oil,GB08IVAZ74821759464743,2025-05-03,120266,1
PAY-64431,INV-64900,OMC-017,KAA Aviation,GB54HVSS04902787429671,2026-07-20,51456,1
PAY-61714,INV-93590,OMC-016,KPA Marine,GB31MOOJ96499091334123,2025-03-03,93081,1
PAY-80708,INV-30424,OMC-016,KPA Marine,GB31MOOJ96499091334123,2026-01-17,141114,1
PAY-15867,INV-88513,OMC-006,Hashi Energy,GB05QCFC91361939909169,2026-04-22,195632,1
PAY-47818,INV-66132,OMC-006,Hashi Energy,GB05QCFC91361939909169,2025-07-20,131279,1
PAY-34197,INV-92897,OMC-014,Texol Energies,GB06ONXS45314737996507,2026-02-27,51623,1
PAY-17925,INV-55224,OMC-001,TotalEnergies Kenya,GB06DMIO52553419283276,2025-07-17,281694,1
PAY-65962,INV-64308,OMC-006,Hashi Energy,GB05QCFC91361939909169,,54882,1
PAY-57431,INV-28645,OMC-020,Ethiopian Oil,GB08IVAZ74821759464743,2025-10-14,41088,1
PAY-49063,INV-43484,OMC-016,KPA Marine,GB31MOOJ96499091334123,2026-06-16,169645,1
PAY-54838,INV-45112,OMC-008,National Oil,GB08NAFX56342160733754,2026-04-22,54766,1
PAY-48922,INV-24175,OMC-019,Tanzania Petroleum,GB64OAXE62174596158657,2025-09-14,184692,1
PAY-99746,INV-62481,OMC-017,KAA Aviation,GB54HVSS04902787429671,2026-05-30,77497,1
PAY-42460,INV-79396,OMC-019,Tanzania Petroleum,GB64OAXE62174596158657,2025-02-15,151426,1
PAY-85063,INV-94129,OMC-015,Mombasa Petroleum,GB80WOIJ43135182337498,2026-07-01,49421,1
PAY-99392,INV-87274,OMC-008,National Oil,GB08NAFX56342160733754,2026-03-22,56105,1
PAY-88708,INV-89513,OMC-013,Lake Oil,GB88TEHE71937452991241,2025-11-30,201043,1
PAY-45679,INV-94736,OMC-012,Galana Energies,GB89GWUW86379402654235,2026-06-22,64528,2
PAY-76091,INV-70475,OMC-019,Tanzania Petroleum,GB64OAXE62174596158657,2025-04-21,146778,1
PAY-51312,INV-85637,OMC-018,Uganda National Oil,GB73JRAR61317127484677,2026-05-04,77336,1
PAY-12461,INV-23153,OMC-004,Gulf Energy,GB89GWUW86379402654235,2026-06-14,83251,2
PAY-48323,INV-30408,OMC-019,Tanzania Petroleum,GB64OAXE62174596158657,2025-03-13,47095,1
PAY-36399,INV-46449,OMC-017,KAA Aviation,GB54HVSS04902787429671,2025-07-29,112471,1
PAY-32032,INV-49274,OMC-011,Hass Petroleum,GB56WGCN65876036690967,2025-09-28,40010,1
PAY-66067,INV-64607,OMC-016,KPA Marine,GB31MOOJ96499091334123,2026-04-08,222126,1
PAY-86217,INV-83782,OMC-016,KPA Marine,GB31MOOJ96499091334123,2026-05-29,40128,1
PAY-35224,INV-62289,OMC-015,Mombasa Petroleum,GB80WOIJ43135182337498,2026-03-14,177191,1
PAY-36370,INV-81552,OMC-017,KAA Aviation,GB54HVSS04902787429671,2025-02-23,143044,1
PAY-11822,INV-73033,OMC-010,Tamoil,GB34EABH79176936763201,2026-01-13,96195,1
PAY-62784,INV-87582,OMC-011,Hass Petroleum,GB56WGCN65876036690967,2026-07-23,264448,1
PAY-47577,INV-98462,OMC-007,Kobil,GB37IDDX82449353487401,2026-08-18,235060,1
PAY-18004,INV-51633,OMC-005,PetroOil Kenya,GB89GWUW86379402654235,2026-03-15,46129,1
PAY-38584,INV-15664,OMC-003,Rubis Energy,GB04LOQO13315098393010,2026-07-17,30110,1
PAY-69829,INV-30576,OMC-007,Kobil,GB37IDDX82449353487401,2026-04-10,62590,1
PAY-36262,INV-79669,OMC-003,Rubis Energy,GB04LOQO13315098393010,2026-07-05,54762,1
PAY-82725,INV-49862,OMC-005,PetroOil Kenya,GB89GWUW86379402654235,2026-03-26,27399,1
PAY-10273,INV-73027,OMC-005,PetroOil Kenya,GB89GWUW86379402654235,2026-07-06,52166,2
PAY-13407,INV-53266,OMC-001,TotalEnergies Kenya,GB06DMIO52553419283276,2025-05-07,84518,1
PAY-39598,INV-62314,OMC-019,Tanzania Petroleum,GB64OAXE62174596158657,2025-07-30,20879,1
PAY-23684,INV-53875,OMC-013,Lake Oil,GB88TEHE71937452991241,2026-06-23,51429,1
PAY-19253,INV-59191,OMC-006,Hashi Energy,GB05QCFC91361939909169,2026-05-14,183611,1
PAY-64990,INV-82522,OMC-017,KAA Aviation,GB54HVSS04902787429671,2026-02-23,126996,1
PAY-35374,INV-89149,OMC-020,Ethiopian Oil,GB08IVAZ74821759464743,2026-04-06,109851,1
PAY-71128,INV-29125,OMC-009,Dalbit Petroleum,GB53VXXX35615951484656,2025-06-05,129214,1
PAY-99064,INV-27206,OMC-006,Hashi Energy,GB05QCFC91361939909169,2025-09-16,122711,1
PAY-39114,INV-54271,OMC-002,Vivo Energy,GB45OQIR01845146270482,2025-06-18,25671,1
PAY-65570,INV-95153,OMC-002,Vivo Energy,GB45OQIR01845146270482,2026-06-11,43822,1
PAY-63525,INV-49816,OMC-009,Dalbit Petroleum,GB53VXXX35615951484656,2026-01-15,10860,2
PAY-35664,INV-71649,OMC-019,Tanzania Petroleum,GB64OAXE62174596158657,2026-04-29,32399,2
PAY-25242,INV-68924,OMC-005,PetroOil Kenya,GB89GWUW86379402654235,2026-05-24,37616,1
PAY-90270,INV-41008,OMC-004,Gulf Energy,GB89GWUW86379402654235,2026-06-14,65793,1
PAY-11293,INV-72595,OMC-013,Lake Oil,GB88TEHE71937452991241,2025-02-07,45391,1
PAY-66982,INV-86570,OMC-003,Rubis Energy,GB04LOQO13315098393010,2026-03-18,179317,1
PAY-66072,INV-38071,OMC-001,TotalEnergies Kenya,GB06DMIO52553419283276,2025-06-03,211880,1
PAY-76572,INV-74478,OMC-004,Gulf Energy,GB89GWUW86379402654235,2026-05-07,127702,1
PAY-54241,INV-16042,OMC-003,Rubis Energy,GB04LOQO13315098393010,,131314,2
PAY-82740,INV-65987,OMC-012,Galana Energies,GB89GWUW86379402654235,2026-06-01,223777,1
PAY-46832,INV-37003,OMC-018,Uganda National Oil,GB73JRAR61317127484677,2026-04-03,125956,1
PAY-44105,INV-47294,OMC-009,Dalbit Petroleum,GB53VXXX35615951484656,2025-05-03,19352,2
PAY-69428,INV-27417,OMC-008,National Oil,GB08NAFX56342160733754,2025-10-15,272107,1
PAY-58876,INV-27215,OMC-008,National Oil,GB08NAFX56342160733754,2025-08-03," KES 27,757 ",1
PAY-58417,INV-27497,OMC-008,National Oil,GB08NAFX56342160733754,2026-01-23," KES 142,208 ",1
PAY-25419,INV-40001,OMC-012,Galana Energies,GB89GWUW86379402654235,2026-04-19,53472,1
PAY-68644,INV-20174,OMC-015,Mombasa Petroleum,GB80WOIJ43135182337498,2026-07-12,160362,1
PAY-14134,INV-53630,OMC-004,Gulf Energy,GB89GWUW86379402654235,2026-06-15,121447,1
PAY-48116,INV-87429,OMC-019,Tanzania Petroleum,GB64OAXE62174596158657,2025-03-12,45216,1
PAY-27951,INV-94797,OMC-001,TotalEnergies Kenya,GB06DMIO52553419283276,2025-05-06,158209,1
PAY-38021,INV-90139,OMC-011,Hass Petroleum,GB56WGCN65876036690967,2026-05-20," KES 67,723 ",1
PAY-88268,INV-49124,OMC-020,Ethiopian Oil,GB08IVAZ74821759464743,2026-03-03,114959,1
PAY-97407,INV-19168,OMC-020,Ethiopian Oil,GB08IVAZ74821759464743,2026-02-12,52671,1
PAY-28798,INV-85980,OMC-002,Vivo Energy,GB45OQIR01845146270482,2026-01-14,187133,1
PAY-81383,INV-87268,OMC-015,Mombasa Petroleum,GB80WOIJ43135182337498,2025-11-09,52852,1
PAY-23548,INV-47720,OMC-005,PetroOil Kenya,GB89GWUW86379402654235,2026-06-19,6641,2
PAY-92138,INV-92012,OMC-009,Dalbit Petroleum,GB53VXXX35615951484656,2026-03-18,135951,1
PAY-20733,INV-30192,OMC-016,KPA Marine,GB31MOOJ96499091334123,2026-04-20,49659,1
PAY-55706,INV-59311,OMC-005,PetroOil Kenya,GB89GWUW86379402654235,2026-06-30,38047,2
PAY-59837,INV-71136,OMC-013,Lake Oil,GB88TEHE71937452991241,2026-01-28,190589,1
PAY-53062,INV-13539,OMC-017,KAA Aviation,GB54HVSS04902787429671,2025-12-14,145139,1
PAY-99570,INV-53627,OMC-006,Hashi Energy,GB05QCFC91361939909169,2025-04-14,77366,1
PAY-23974,INV-54854,OMC-015,Mombasa Petroleum,GB80WOIJ43135182337498,2025-06-14,143159,1
PAY-94620,INV-76397,OMC-015,Mombasa Petroleum,GB80WOIJ43135182337498,2026-04-11,27850,1
PAY-32350,INV-14280,OMC-001,TotalEnergies Kenya,GB06DMIO52553419283276,2025-12-23,28899,1
PAY-76935,INV-68941,OMC-008,National Oil,GB08NAFX56342160733754,2026-05-10,73799,1
PAY-14322,INV-53266,OMC-001,TotalEnergies Kenya,GB06DMIO52553419283276,2025-06-05,31855,2
PAY-13114,INV-42904,OMC-007,Kobil,GB37IDDX82449353487401,2026-03-26,28448,2
PAY-84771,INV-95937,OMC-006,Hashi Energy,GB05QCFC91361939909169,2026-05-30,144817,1
PAY-38659,INV-27045,OMC-004,Gulf Energy,GB89GWUW86379402654235,2026-06-01,173880,1
PAY-81260,INV-28907,OMC-020,Ethiopian Oil,GB08IVAZ74821759464743,2025-08-12,139576,1
PAY-93704,INV-91523,OMC-016,KPA Marine,GB31MOOJ96499091334123,17/10/2025,121552,1
PAY-68797,INV-81391,OMC-001,TotalEnergies Kenya,GB06DMIO52553419283276,2026-03-13,61293,2
PAY-40247,INV-33373,OMC-013,Lake Oil,GB88TEHE71937452991241,2025-04-01,25997,1
PAY-95672,INV-82370,OMC-020,Ethiopian Oil,GB08IVAZ74821759464743,2026-07-23,35744,1
PAY-94960,INV-97438,OMC-016,KPA Marine,GB31MOOJ96499091334123,2026-06-09,247399,1
PAY-58968,INV-93301,OMC-014,Texol Energies,GB06ONXS45314737996507,2025-07-26,9658,2
PAY-10206,INV-66840,OMC-014,Texol Energies,GB06ONXS45314737996507,2026-03-09,39306,1
PAY-11311,INV-24607,OMC-011,Hass Petroleum,GB56WGCN65876036690967,2025-12-30,115504,1
PAY-99898,INV-49592,OMC-020,Ethiopian Oil,GB08IVAZ74821759464743,2026-03-31,37222,1
PAY-34852,INV-17583,OMC-018,Uganda National Oil,GB73JRAR61317127484677,2026-07-09,191284,1
PAY-99299,INV-14222,OMC-008,National Oil,GB08NAFX56342160733754,2025-11-03,190513,1
PAY-71459,INV-15428,OMC-006,Hashi Energy,GB05QCFC91361939909169,2026-06-28,192495,1
PAY-23910,INV-29585,OMC-019,Tanzania Petroleum,GB64OAXE62174596158657,2025-02-07,156360,1
PAY-66580,INV-97567,OMC-007,Kobil,GB37IDDX82449353487401,2025-05-06,159906,1
PAY-75262,INV-29835,OMC-012,Galana Energies,GB89GWUW86379402654235,2026-04-26,58604,1
PAY-22487,INV-28053,OMC-020,Ethiopian Oil,GB08IVAZ74821759464743,2025-04-04,207388,1
PAY-31135,INV-43887,OMC-020,Ethiopian Oil,GB08IVAZ74821759464743,2025-05-13,36933,1
PAY-61681,INV-24944,OMC-003,Rubis Energy,GB04LOQO13315098393010,,189014,1
PAY-48717,INV-27990,OMC-019,Tanzania Petroleum,GB64OAXE62174596158657,28/11/2025," KES 271,982 ",1
PAY-68858,INV-63032,OMC-019,Tanzania Petroleum,GB64OAXE62174596158657,2025-04-20,174787,1
PAY-49776,INV-52633,OMC-005,PetroOil Kenya,GB89GWUW86379402654235,2026-05-01,56708,1
PAY-51399,INV-88743,OMC-004,Gulf Energy,GB89GWUW86379402654235,,81635,2
PAY-19044,INV-93725,OMC-016,KPA Marine,GB31MOOJ96499091334123,2026-04-30,121736,1
PAY-36146,INV-78069,OMC-004,Gulf Energy,GB89GWUW86379402654235,2026-04-01,184173,1
PAY-52502,INV-46127,OMC-017,KAA Aviation,GB54HVSS04902787429671,2026-04-12,47851,1
PAY-27165,INV-44717,OMC-007,Kobil,GB37IDDX82449353487401,2026-05-22,92797,1
PAY-93243,INV-50638,OMC-003,Rubis Energy,GB04LOQO13315098393010,2025-11-09,142132,1
PAY-14241,INV-79998,OMC-001,TotalEnergies Kenya,GB06DMIO52553419283276,2026-04-16,7487,2
PAY-75646,INV-14366,OMC-010,Tamoil,GB34EABH79176936763201,05/12/2025,165968,1
PAY-42204,INV-13448,OMC-013,Lake Oil,GB88TEHE71937452991241,2026-06-08,167441,1
PAY-50931,INV-76982,OMC-014,Texol Energies,GB06ONXS45314737996507,2025-07-04,118865,1
PAY-67775,INV-75128,OMC-018,Uganda National Oil,GB73JRAR61317127484677,2026-07-07,45169,1
PAY-34213,INV-80425,OMC-018,Uganda National Oil,GB73JRAR61317127484677,2026-06-08,65739,1
PAY-89301,INV-57838,OMC-017,KAA Aviation,GB54HVSS04902787429671,2025-03-08," KES 261,376 ",1
PAY-54329,INV-21507,OMC-014,Texol Energies,GB06ONXS45314737996507,2026-06-24,14934,2
PAY-32399,INV-15231,OMC-020,Ethiopian Oil,GB08IVAZ74821759464743,2026-07-27,133960,1
PAY-78662,INV-56254,OMC-017,KAA Aviation,GB54HVSS04902787429671,2025-05-14,142262,1
PAY-44907,INV-24585,OMC-006,Hashi Energy,GB05QCFC91361939909169,2025-06-06,162183,1
PAY-43696,INV-64265,OMC-008,National Oil,GB08NAFX56342160733754,2025-05-23,202153,1
PAY-94661,INV-48925,OMC-001,TotalEnergies Kenya,GB06DMIO52553419283276,2026-07-03,35385,1
PAY-52181,INV-85843,OMC-016,KPA Marine,GB31MOOJ96499091334123,2025-11-25,117877,2
PAY-60860,INV-28465,OMC-003,Rubis Energy,GB04LOQO13315098393010,2026-03-22,21578,2
PAY-93966,INV-99551,OMC-017,KAA Aviation,GB54HVSS04902787429671,2026-02-01,237205,1
PAY-11291,INV-78961,OMC-003,Rubis Energy,GB04LOQO13315098393010,2026-03-21,55778,1
PAY-54568,INV-80868,OMC-016,KPA Marine,GB31MOOJ96499091334123,2025-07-11,63625,2
PAY-40434,INV-93210,OMC-013,Lake Oil,GB88TEHE71937452991241,2026-05-21,112787,1
PAY-90063,INV-38063,OMC-002,Vivo Energy,GB45OQIR01845146270482,2026-01-17,123522,1
PAY-23346,INV-48948,OMC-001,TotalEnergies Kenya,GB06DMIO52553419283276,2025-07-08,9506,2
PAY-64066,INV-85070,OMC-010,Tamoil,GB34EABH79176936763201,2026-01-12,167165,1
PAY-43165,INV-81772,OMC-015,Mombasa Petroleum,GB80WOIJ43135182337498,2025-06-21,157739,1
PAY-59929,INV-22789,OMC-001,TotalEnergies Kenya,GB06DMIO52553419283276,2026-04-06,158727,1
PAY-27139,INV-79942,OMC-014,Texol Energies,GB06ONXS45314737996507,2025-03-04,43388,1
PAY-83345,INV-43350,OMC-013,Lake Oil,GB88TEHE71937452991241,2025-05-19,108084,1
PAY-10165,INV-92541,OMC-012,Galana Energies,GB89GWUW86379402654235,2026-05-13,53284,1
PAY-49006,INV-42782,OMC-011,Hass Petroleum,GB56WGCN65876036690967,2025-11-28,112561,1
PAY-86192,INV-81645,OMC-004,Gulf Energy,GB89GWUW86379402654235,2026-03-19,29290,1
PAY-60670,INV-89044,OMC-001,TotalEnergies Kenya,GB06DMIO52553419283276,2025-04-06,16021,1
PAY-39162,INV-43790,OMC-013,Lake Oil,GB88TEHE71937452991241,20/08/2025,179322,1
PAY-61491,INV-87265,OMC-008,National Oil,GB08NAFX56342160733754,2025-07-29,179676,1
PAY-66136,INV-29556,OMC-017,KAA Aviation,GB54HVSS04902787429671,,49060,1
PAY-21039,INV-19294,OMC-013,Lake Oil,GB88TEHE71937452991241,2025-11-30," KES 42,724 ",1
PAY-18423,INV-48492,OMC-016,KPA Marine,GB31MOOJ96499091334123,2026-07-28,97550,2
PAY-12883,INV-53836,OMC-013,Lake Oil,GB88TEHE71937452991241,2025-05-20,43013,1
PAY-92376,INV-28225,OMC-013,Lake Oil,GB88TEHE71937452991241,2025-04-07,47539,1
PAY-22776,INV-79831,OMC-004,Gulf Energy,GB89GWUW86379402654235,2026-05-10,150861,1
PAY-87994,INV-71734,OMC-002,Vivo Energy,GB45OQIR01845146270482,2026-05-13,41179,1
PAY-53970,INV-85444,OMC-007,Kobil,GB37IDDX82449353487401,2025-03-22,262616,1
PAY-98665,INV-68538,OMC-018,Uganda National Oil,GB73JRAR61317127484677,2025-08-08,106511,1
PAY-16439,INV-92181,OMC-017,KAA Aviation,GB54HVSS04902787429671,2025-12-05,154472,1
PAY-18694,INV-86411,OMC-019,Tanzania Petroleum,GB64OAXE62174596158657,2026-01-28,56475,1
PAY-23854,INV-83786,OMC-006,Hashi Energy,GB05QCFC91361939909169,2025-10-08,44877,1
PAY-88599,INV-73353,OMC-013,Lake Oil,GB88TEHE71937452991241,2026-03-21," KES 217,820 ",1
PAY-41334,INV-54869,OMC-011,Hass Petroleum,GB56WGCN65876036690967,2026-03-24," KES 90,928 ",2
PAY-74183,INV-33627,OMC-009,Dalbit Petroleum,GB53VXXX35615951484656,2025-10-02,21179,1
PAY-85806,INV-83190,OMC-006,Hashi Energy,GB05QCFC91361939909169,2025-08-23,59588,1
PAY-57020,INV-60566,OMC-011,Hass Petroleum,GB56WGCN65876036690967,2025-06-28,55519,1
PAY-51403,INV-87913,OMC-013,Lake Oil,GB88TEHE71937452991241,2025-07-12,52923,1
PAY-80506,INV-22413,OMC-013,Lake Oil,GB88TEHE71937452991241,2026-04-16,225749,1
PAY-86613,INV-69026,OMC-011,Hass Petroleum,GB56WGCN65876036690967,2025-10-31,261258,1
PAY-94829,INV-34440,OMC-006,Hashi Energy,GB05QCFC91361939909169,2026-04-21,134922,1
PAY-41206,INV-38278,OMC-004,Gulf Energy,GB89GWUW86379402654235,2026-03-15,296678,1
PAY-85864,INV-51470,OMC-003,Rubis Energy,GB04LOQO13315098393010,2025-10-07,170077,1
PAY-79454,INV-79217,OMC-020,Ethiopian Oil,GB08IVAZ74821759464743,2026-06-25,220190,1
PAY-21453,INV-76066,OMC-013,Lake Oil,GB88TEHE71937452991241,2025-05-21,50888,1
PAY-38857,INV-82248,OMC-010,Tamoil,GB34EABH79176936763201,2026-03-17,54302,1
PAY-29680,INV-16989,OMC-003,Rubis Energy,GB04LOQO13315098393010,2025-02-19,120116,1
PAY-38518,INV-22486,OMC-018,Uganda National Oil,GB73JRAR61317127484677,2025-08-14,85862,1
PAY-40897,INV-81241,OMC-011,Hass Petroleum,GB56WGCN65876036690967,2026-06-04,41410,1
PAY-35997,INV-56847,OMC-008,National Oil,GB08NAFX56342160733754,2025-02-22,263873,1
PAY-32616,INV-81216,OMC-011,Hass Petroleum,GB56WGCN65876036690967,25/08/2025,104557,1
PAY-35800,INV-88473,OMC-017,KAA Aviation,GB54HVSS04902787429671,2025-09-16,53415,1
PAY-14365,INV-93842,OMC-015,Mombasa Petroleum,GB80WOIJ43135182337498,2025-08-26,204773,1
PAY-78549,INV-48550,OMC-018,Uganda National Oil,GB73JRAR61317127484677,2025-05-09,170870,1
PAY-86256,INV-71767,OMC-020,Ethiopian Oil,GB08IVAZ74821759464743,,234779,1
PAY-77904,INV-36873,OMC-016,KPA Marine,GB31MOOJ96499091334123,2026-06-25,230838,1
PAY-51976,INV-38124,OMC-009,Dalbit Petroleum,GB53VXXX35615951484656,2025-04-10,109550,1
PAY-88584,INV-27298,OMC-011,Hass Petroleum,GB56WGCN65876036690967,2025-05-11,254651,1
PAY-49514,INV-58974,OMC-007,Kobil,GB37IDDX82449353487401,2025-08-13,210899,1
PAY-25567,INV-34817,OMC-014,Texol Energies,GB06ONXS45314737996507,2025-11-01,172436,1
PAY-96481,INV-52704,OMC-001,TotalEnergies Kenya,GB06DMIO52553419283276,2026-03-23,82576,2
PAY-14515,INV-15081,OMC-016,KPA Marine,GB31MOOJ96499091334123,2025-12-16," KES 22,409 ",1
PAY-43621,INV-40558,OMC-018,Uganda National Oil,GB73JRAR61317127484677,2025-11-25,145565,1
PAY-32564,INV-25868,OMC-003,Rubis Energy,GB04LOQO13315098393010,2025-11-12,99976,1
PAY-19241,INV-69348,OMC-004,Gulf Energy,GB89GWUW86379402654235,2026-03-07,46283,1
PAY-22015,INV-48017,OMC-001,TotalEnergies Kenya,GB06DMIO52553419283276,2025-06-11," KES 30,860 ",1
PAY-41973,INV-31844,OMC-008,National Oil,GB08NAFX56342160733754,2025-06-08," KES 35,590 ",1
PAY-17736,INV-43018,OMC-005,PetroOil Kenya,GB89GWUW86379402654235,2026-04-08,12421,2
PAY-34180,INV-95933,OMC-010,Tamoil,GB34EABH79176936763201,2025-07-09,101221,1
PAY-49474,INV-90435,OMC-005,PetroOil Kenya,GB89GWUW86379402654235,2026-05-04,128772,2
PAY-71617,INV-58840,OMC-015,Mombasa Petroleum,GB80WOIJ43135182337498,2025-09-03,48178,1
PAY-31562,INV-54424,OMC-002,Vivo Energy,GB45OQIR01845146270482,2026-07-21,212897,1
PAY-49786,INV-88155,OMC-012,Galana Energies,GB89GWUW86379402654235,2026-03-29,98466,1
PAY-49314,INV-80825,OMC-018,Uganda National Oil,GB73JRAR61317127484677,2025-07-08,112312,1
PAY-13330,INV-56764,OMC-009,Dalbit Petroleum,GB53VXXX35615951484656,2025-06-03,43536,2
PAY-40402,INV-63105,OMC-001,TotalEnergies Kenya,GB06DMIO52553419283276,2026-07-11,18191,1
PAY-58982,INV-97352,OMC-007,Kobil,GB37IDDX82449353487401,2025-06-14,46847,1
PAY-80997,INV-92660,OMC-003,Rubis Energy,GB04LOQO13315098393010,2025-07-11,200180,1
PAY-30078,INV-59216,OMC-009,Dalbit Petroleum,GB53VXXX35615951484656,2025-09-20,126138,1
PAY-90071,INV-40655,OMC-007,Kobil,GB37IDDX82449353487401,2026-05-23,155103,1
PAY-24852,INV-81435,OMC-010,Tamoil,GB34EABH79176936763201,2026-02-14,222433,1
PAY-38742,INV-55042,OMC-016,KPA Marine,GB31MOOJ96499091334123,2026-06-18,262144,1
PAY-76779,INV-15817,OMC-012,Galana Energies,GB89GWUW86379402654235,2026-04-29,38163,1
PAY-87806,INV-25864,OMC-014,Texol Energies,GB06ONXS45314737996507,29/08/2025,94860,1
PAY-80251,INV-82408,OMC-018,Uganda National Oil,GB73JRAR61317127484677,2026-04-24,56395,1
PAY-79111,INV-52226,OMC-017,KAA Aviation,GB54HVSS04902787429671,2026-08-28,111363,1
PAY-43303,INV-35781,OMC-004,Gulf Energy,GB89GWUW86379402654235,2026-05-10,15170,2
PAY-51226,INV-40776,OMC-019,Tanzania Petroleum,GB64OAXE62174596158657,2025-05-22,132592,1
PAY-89092,INV-64324,OMC-013,Lake Oil,GB88TEHE71937452991241,2026-02-23,33376,1
PAY-15690,INV-24800,OMC-018,Uganda National Oil,GB73JRAR61317127484677,2026-03-05,26838,1
PAY-74084,INV-79659,OMC-008,National Oil,GB08NAFX56342160733754,2026-01-28,192810,1
PAY-70648,INV-93911,OMC-005,PetroOil Kenya,GB89GWUW86379402654235,,209192,1
PAY-67357,INV-89478,OMC-003,Rubis Energy,GB04LOQO13315098393010,2025-04-19,41373,2
PAY-23594,INV-44350,OMC-016,KPA Marine,GB31MOOJ96499091334123,2025-04-27,174441,1
PAY-54920,INV-37953,OMC-013,Lake Oil,GB88TEHE71937452991241,2025-07-01,58355,1
PAY-30274,INV-67063,OMC-004,Gulf Energy,GB89GWUW86379402654235,2026-03-07,167442,1
PAY-61441,INV-81645,OMC-004,Gulf Energy,GB89GWUW86379402654235,2026-04-17,9398,2
PAY-31621,INV-12144,OMC-014,Texol Energies,GB06ONXS45314737996507,2025-08-24,23000,1
PAY-11401,INV-19892,OMC-017,KAA Aviation,GB54HVSS04902787429671,2026-05-03,28765,1
PAY-57302,INV-11580,OMC-011,Hass Petroleum,GB56WGCN65876036690967,2026-02-17,154693,1
PAY-71861,INV-81890,OMC-006,Hashi Energy,GB05QCFC91361939909169,2025-07-22,217869,1
PAY-76784,INV-61532,OMC-008,National Oil,GB08NAFX56342160733754,2026-05-26,209789,1
PAY-68171,INV-10087,OMC-020,Ethiopian Oil,GB08IVAZ74821759464743,2025-11-20," KES 13,643 ",2
PAY-28389,INV-66205,OMC-011,Hass Petroleum,GB56WGCN65876036690967,2026-06-09,206724,1
PAY-70623,INV-52374,OMC-005,PetroOil Kenya,GB89GWUW86379402654235,2026-05-19,119221,1
PAY-56066,INV-72168,OMC-001,TotalEnergies Kenya,GB06DMIO52553419283276,2026-08-02,98917,2
PAY-10921,INV-77699,OMC-015,Mombasa Petroleum,GB80WOIJ43135182337498,2025-03-08,145285,1
PAY-89119,INV-77873,OMC-010,Tamoil,GB34EABH79176936763201,2026-04-28,7716,2
PAY-29524,INV-69727,OMC-016,KPA Marine,GB31MOOJ96499091334123,2025-10-03,30432,1
PAY-97606,INV-46625,OMC-006,Hashi Energy,GB05QCFC91361939909169,2026-04-06,66304,1
PAY-34285,INV-93087,OMC-003,Rubis Energy,GB04LOQO13315098393010,,118237,1
PAY-26181,INV-29069,OMC-010,Tamoil,GB34EABH79176936763201,28/03/2026,24512,1
PAY-87440,INV-87969,OMC-003,Rubis Energy,GB04LOQO13315098393010,2026-04-17,127574,1
PAY-36332,INV-96392,OMC-006,Hashi Energy,GB05QCFC91361939909169,2026-05-10,154216,1
PAY-28940,INV-70598,OMC-009,Dalbit Petroleum,GB53VXXX35615951484656,2026-05-15," KES 84,192 ",1
PAY-45813,INV-74311,OMC-010,Tamoil,GB34EABH79176936763201,2026-04-25,22706,1
PAY-17723,INV-44788,OMC-009,Dalbit Petroleum,GB53VXXX35615951484656,2026-04-02,135787,1
PAY-34558,INV-28515,OMC-010,Tamoil,GB34EABH79176936763201,2025-03-07,157074,1
PAY-88427,INV-73152,OMC-012,Galana Energies,GB89GWUW86379402654235,2026-05-27,48318,2
PAY-97916,INV-16671,OMC-002,Vivo Energy,GB45OQIR01845146270482,2026-03-30,203369,1
PAY-60978,INV-75980,OMC-011,Hass Petroleum,GB56WGCN65876036690967,2025-11-18,40963,1
PAY-84625,INV-37445,OMC-015,Mombasa Petroleum,GB80WOIJ43135182337498,2025-03-28,60675,1
PAY-83403,INV-76855,OMC-002,Vivo Energy,GB45OQIR01845146270482,2026-06-01,107300,1
PAY-69247,INV-16095,OMC-012,Galana Energies,GB89GWUW86379402654235,2026-03-08,307907,1
PAY-34687,INV-64493,OMC-012,Galana Energies,GB89GWUW86379402654235,2026-04-28,112813,1
PAY-27530,INV-98140,OMC-002,Vivo Energy,GB45OQIR01845146270482,2025-12-16,10011,2
PAY-94000,INV-90906,OMC-012,Galana Energies,GB89GWUW86379402654235,2026-05-15,168809,1
PAY-32280,INV-73234,OMC-009,Dalbit Petroleum,GB53VXXX35615951484656,2026-03-19,19787,2
PAY-67637,INV-30263,OMC-001,TotalEnergies Kenya,GB06DMIO52553419283276,2025-12-17,93135,1
PAY-35547,INV-80699,OMC-020,Ethiopian Oil,GB08IVAZ74821759464743,2026-02-27,143403,1
PAY-75590,INV-38971,OMC-019,Tanzania Petroleum,GB64OAXE62174596158657,2026-03-24," KES 130,225 ",1
PAY-18241,INV-11085,OMC-020,Ethiopian Oil,GB08IVAZ74821759464743,2026-06-05,148625,1
PAY-42890,INV-75131,OMC-012,Galana Energies,GB89GWUW86379402654235,2026-06-17,16436,2
PAY-82460,INV-76264,OMC-016,KPA Marine,GB31MOOJ96499091334123,2026-01-21,132505,1
PAY-96018,INV-44641,OMC-018,Uganda National Oil,GB73JRAR61317127484677,2026-01-09,58457,1
PAY-37782,INV-81170,OMC-019,Tanzania Petroleum,GB64OAXE62174596158657,2026-02-05,213536,1
PAY-49059,INV-44196,OMC-017,KAA Aviation,GB54HVSS04902787429671,2026-03-08,282174,1
PAY-20714,INV-33989,OMC-010,Tamoil,GB34EABH79176936763201,2025-01-29,100712,1
PAY-69250,INV-12182,OMC-007,Kobil,GB37IDDX82449353487401,2025-02-23," KES 27,690 ",1
PAY-31666,INV-63301,OMC-006,Hashi Energy,GB05QCFC91361939909169,2025-08-23,28565,1
PAY-90409,INV-61189,OMC-011,Hass Petroleum,GB56WGCN65876036690967,2026-03-15,34250,1
PAY-52120,INV-73869,OMC-011,Hass Petroleum,GB56WGCN65876036690967,2025-10-27,124606,1
PAY-63335,INV-38552,OMC-001,TotalEnergies Kenya,GB06DMIO52553419283276,2025-10-31,98567,1
PAY-70848,INV-34047,OMC-011,Hass Petroleum,GB56WGCN65876036690967,2026-06-05,76554,2
PAY-81491,INV-43957,OMC-009,Dalbit Petroleum,GB53VXXX35615951484656,2025-08-31,127148,1
PAY-21269,INV-58333,OMC-008,National Oil,GB08NAFX56342160733754,2026-06-16,34800,1
PAY-15788,INV-42910,OMC-001,TotalEnergies Kenya,GB06DMIO52553419283276,2025-08-11,57890,2
PAY-91471,INV-63333,OMC-019,Tanzania Petroleum,GB64OAXE62174596158657,2026-03-20,173584,1
PAY-53331,INV-16272,OMC-002,Vivo Energy,GB45OQIR01845146270482,08/02/2026,184658,1
PAY-38651,INV-88352,OMC-013,Lake Oil,GB88TEHE71937452991241,2026-01-29,184931,1
PAY-58222,INV-87222,OMC-008,National Oil,GB08NAFX56342160733754,14/07/2026,138062,1
PAY-32346,INV-73830,OMC-002,Vivo Energy,GB45OQIR01845146270482,2026-05-04,51918,1
PAY-53986,INV-56597,OMC-017,KAA Aviation,GB54HVSS04902787429671,2025-12-01,150776,1
PAY-12656,INV-25237,OMC-016,KPA Marine,GB31MOOJ96499091334123,2026-07-03,26431,2
PAY-35129,INV-11561,OMC-019,Tanzania Petroleum,GB64OAXE62174596158657,2025-01-31,206729,1
PAY-76619,INV-70577,OMC-007,Kobil,GB37IDDX82449353487401,16/09/2025,21080,1
PAY-81304,INV-90810,OMC-013,Lake Oil,GB88TEHE71937452991241,2026-07-19,160237,1
PAY-85876,INV-21846,OMC-009,Dalbit Petroleum,GB53VXXX35615951484656,2025-03-17,116193,1
PAY-57415,INV-82102,OMC-005,PetroOil Kenya,GB89GWUW86379402654235,2026-06-03,69102,2
PAY-89138,INV-96982,OMC-002,Vivo Energy,GB45OQIR01845146270482,2025-03-11,157334,1
PAY-37269,INV-42782,OMC-014,Texol Energies,GB06ONXS45314737996507,2025-04-29,30682,1
PAY-24832,INV-19774,OMC-010,Tamoil,GB34EABH79176936763201,2025-06-06,281396,1
PAY-58622,INV-37361,OMC-001,TotalEnergies Kenya,GB06DMIO52553419283276,2026-05-08,139330,1
PAY-85405,INV-60944,OMC-020,Ethiopian Oil,GB08IVAZ74821759464743,2026-02-26,117123,1
PAY-48028,INV-25967,OMC-012,Galana Energies,GB89GWUW86379402654235,26/03/2026,164773,1
PAY-86209,INV-99615,OMC-015,Mombasa Petroleum,GB80WOIJ43135182337498,2025-09-22,277703,1
PAY-15718,INV-89734,OMC-020,Ethiopian Oil,GB08IVAZ74821759464743,2025-06-12,178470,1
PAY-67125,INV-67039,OMC-020,Ethiopian Oil,GB08IVAZ74821759464743,2025-02-12,25800,1
PAY-39461,INV-26050,OMC-019,Tanzania Petroleum,GB64OAXE62174596158657,2025-06-03,30523,1
PAY-30359,INV-27891,OMC-003,Rubis Energy,GB04LOQO13315098393010,2026-06-06,13751,2
PAY-20557,INV-76702,OMC-009,Dalbit Petroleum,GB53VXXX35615951484656,2026-04-22," KES 66,763 ",2
PAY-69513,INV-84427,OMC-016,KPA Marine,GB31MOOJ96499091334123,2025-04-17,167626,1
PAY-74905,INV-59514,OMC-013,Lake Oil,GB88TEHE71937452991241,2026-03-14,132055,1
PAY-84864,INV-13925,OMC-001,TotalEnergies Kenya,GB06DMIO52553419283276,2025-12-30,30608,1
PAY-64508,INV-64433,OMC-005,PetroOil Kenya,GB89GWUW86379402654235,2026-04-09,97759,2
PAY-31154,INV-65152,OMC-006,Hashi Energy,GB05QCFC91361939909169,2026-04-22,134857,1
PAY-95524,INV-82362,OMC-007,Kobil,GB37IDDX82449353487401,29/04/2026,141232,1
PAY-70910,INV-80660,OMC-007,Kobil,GB37IDDX82449353487401,2026-02-20,59874,1
PAY-97969,INV-32061,OMC-019,Tanzania Petroleum,GB64OAXE62174596158657,2026-06-19,62562,1
PAY-75519,INV-15687,OMC-003,Rubis Energy,GB04LOQO13315098393010,2025-12-19,57452,1
PAY-57102,INV-19573,OMC-020,Ethiopian Oil,GB08IVAZ74821759464743,2025-03-31,156339,1
PAY-44209,INV-50570,OMC-004,Gulf Energy,GB89GWUW86379402654235,2026-06-09," KES 128,613 ",1
PAY-34329,INV-90163,OMC-019,Tanzania Petroleum,GB64OAXE62174596158657,2025-03-11,282507,1
PAY-98202,INV-11256,OMC-009,Dalbit Petroleum,GB53VXXX35615951484656,2025-08-17,21612,2
PAY-76205,INV-79694,OMC-010,Tamoil,GB34EABH79176936763201,2025-09-25," KES 24,258 ",1
PAY-76311,INV-79304,OMC-004,Gulf Energy,GB89GWUW86379402654235,2026-03-13,92598,1
PAY-17259,INV-34256,OMC-007,Kobil,GB37IDDX82449353487401,2025-05-07,81284,1
PAY-32957,INV-38532,OMC-006,Hashi Energy,GB05QCFC91361939909169,27/10/2025,202886,1
PAY-65068,INV-63193,OMC-008,National Oil,GB08NAFX56342160733754,2026-01-03,121857,1
PAY-35784,INV-85843,OMC-016,KPA Marine,GB31MOOJ96499091334123,2025-10-26,154580,1
PAY-19705,INV-97082,OMC-005,PetroOil Kenya,GB89GWUW86379402654235,2026-05-09,8556,2
PAY-63807,INV-20176,OMC-017,KAA Aviation,GB54HVSS04902787429671,2026-04-02,55988,1
PAY-42812,INV-34157,OMC-012,Galana Energies,GB89GWUW86379402654235,2026-04-23,9571,2
PAY-81367,INV-45437,OMC-012,Galana Energies,GB89GWUW86379402654235,2026-03-24,74775,2
PAY-91930,INV-41107,OMC-010,Tamoil,GB34EABH79176936763201,2025-11-25,141743,1
PAY-50374,INV-17122,OMC-014,Texol Energies,GB06ONXS45314737996507,2026-04-17,37366,1
PAY-91981,INV-74848,OMC-009,Dalbit Petroleum,GB53VXXX35615951484656,2025-09-12,49991,2
PAY-41450,INV-92783,OMC-004,Gulf Energy,GB89GWUW86379402654235,2026-06-29,47781,2
PAY-67195,INV-42436,OMC-019,Tanzania Petroleum,GB64OAXE62174596158657,2025-03-16," KES 204,615 ",1
PAY-45001,INV-26404,OMC-017,KAA Aviation,GB54HVSS04902787429671,2025-12-23,46297,1
PAY-99736,INV-26488,OMC-014,Texol Energies,GB06ONXS45314737996507,2026-08-01," KES 142,859 ",1
PAY-72030,INV-77432,OMC-005,PetroOil Kenya,GB89GWUW86379402654235,2026-05-31,44152,1
PAY-47700,INV-43130,OMC-014,Texol Energies,GB06ONXS45314737996507,2025-12-29,20349,2
PAY-41524,INV-61709,OMC-003,Rubis Energy,GB04LOQO13315098393010,2025-03-03,275142,1
PAY-69702,INV-45565,OMC-013,Lake Oil,GB88TEHE71937452991241,2026-07-22,36506,1
PAY-21638,INV-10124,OMC-003,Rubis Energy,GB04LOQO13315098393010,2026-01-15,186621,1
PAY-47542,INV-31460,OMC-007,Kobil,GB37IDDX82449353487401,2025-09-22,105705,1
PAY-90048,INV-53989,OMC-012,Galana Energies,GB89GWUW86379402654235,2026-06-02,18450,1
PAY-50289,INV-59873,OMC-007,Kobil,GB37IDDX82449353487401,2026-05-17,229950,1
PAY-56539,INV-26379,OMC-017,KAA Aviation,GB54HVSS04902787429671,2025-09-05," KES 118,699 ",1
PAY-91273,INV-26006,OMC-012,Galana Energies,GB89GWUW86379402654235,2026-04-13,279362,1
PAY-35521,INV-51016,OMC-002,Vivo Energy,GB45OQIR01845146270482,2025-03-30,51836,1
PAY-73392,INV-75389,OMC-014,Texol Energies,GB06ONXS45314737996507,2026-08-06,44720,1
PAY-26182,INV-19267,OMC-018,Uganda National Oil,GB73JRAR61317127484677,2026-07-22,158329,1
PAY-69001,INV-28875,OMC-002,Vivo Energy,GB45OQIR01845146270482,2025-05-29,104869,1
PAY-55971,INV-97937,OMC-009,Dalbit Petroleum,GB53VXXX35615951484656,20/09/2025,51072,1
PAY-88929,INV-50117,OMC-008,National Oil,GB08NAFX56342160733754,12/02/2026,76462,1
PAY-69753,INV-86975,OMC-013,Lake Oil,GB88TEHE71937452991241,2025-07-09,193504,1
PAY-65176,INV-73531,OMC-011,Hass Petroleum,GB56WGCN65876036690967,2025-07-13,182883,1
PAY-50245,INV-88358,OMC-014,Texol Energies,GB06ONXS45314737996507,2026-04-25,30698,1
PAY-53824,INV-43607,OMC-014,Texol Energies,GB06ONXS45314737996507,2026-07-17,100855,1
PAY-45233,INV-36885,OMC-011,Hass Petroleum,GB56WGCN65876036690967,2026-07-28," KES 30,147 ",1
PAY-88067,INV-83493,OMC-002,Vivo Energy,GB45OQIR01845146270482,2026-07-24,52494,1
PAY-49907,INV-51479,OMC-007,Kobil,GB37IDDX82449353487401,2025-07-04,41404,1
PAY-71599,INV-42847,OMC-011,Hass Petroleum,GB56WGCN65876036690967,2026-02-19,225411,1
PAY-88015,INV-84467,OMC-010,Tamoil,GB34EABH79176936763201,2025-11-27,116935,1
PAY-77416,INV-65609,OMC-011,Hass Petroleum,GB56WGCN65876036690967,2026-01-26,209357,1
PAY-69284,INV-10389,OMC-017,KAA Aviation,GB54HVSS04902787429671,2025-02-04,260420,1
PAY-40913,INV-50768,OMC-016,KPA Marine,GB31MOOJ96499091334123,2025-10-15,204875,1
PAY-18678,INV-54383,OMC-007,Kobil,GB37IDDX82449353487401,2025-10-12,151581,1
PAY-87038,INV-71561,OMC-005,PetroOil Kenya,GB89GWUW86379402654235,2026-04-14,184317,1
PAY-66416,INV-16458,OMC-002,Vivo Energy,GB45OQIR01845146270482,2025-10-21," KES 55,242 ",1
PAY-46460,INV-72015,OMC-018,Uganda National Oil,GB73JRAR61317127484677,2025-06-21,217157,1
PAY-67291,INV-50972,OMC-008,National Oil,GB08NAFX56342160733754,2026-07-26,40716,1
PAY-21066,INV-42198,OMC-011,Hass Petroleum,GB56WGCN65876036690967,2025-06-26,11506,2
PAY-95820,INV-87445,OMC-012,Galana Energies,GB89GWUW86379402654235,2026-03-30,44245,1
PAY-62542,INV-89383,OMC-012,Galana Energies,GB89GWUW86379402654235,2026-04-09,38413,1
PAY-27005,INV-49977,OMC-017,KAA Aviation,GB54HVSS04902787429671,2026-01-22,44727,1
PAY-20765,INV-32473,OMC-019,Tanzania Petroleum,GB64OAXE62174596158657,2025-08-16,88070,1
PAY-42755,INV-66909,OMC-006,Hashi Energy,GB05QCFC91361939909169,2025-06-14,148295,1
PAY-28195,INV-61485,OMC-014,Texol Energies,GB06ONXS45314737996507,2025-03-09,100387,1
PAY-55104,INV-54646,OMC-016,KPA Marine,GB31MOOJ96499091334123,2026-05-14,27153,1
PAY-27621,INV-34933,OMC-005,PetroOil Kenya,GB89GWUW86379402654235,2026-05-05,106368,1
PAY-72011,INV-34803,OMC-013,Lake Oil,GB88TEHE71937452991241,31/08/2025,178508,1
PAY-52677,INV-99346,OMC-005,PetroOil Kenya,GB89GWUW86379402654235,2026-03-23,82298,2
PAY-80038,INV-65907,OMC-008,National Oil,GB08NAFX56342160733754,2025-10-04,51940,1
PAY-72313,INV-68893,OMC-013,Lake Oil,GB88TEHE71937452991241,2025-07-15," KES 258,875 ",1
PAY-18762,INV-88193,OMC-009,Dalbit Petroleum,GB53VXXX35615951484656,2026-04-07,42886,1
PAY-59926,INV-53913,OMC-018,Uganda National Oil,GB73JRAR61317127484677,,25871,1
PAY-14775,INV-72704,OMC-017,KAA Aviation,GB54HVSS04902787429671,2025-08-22,237153,1
PAY-44065,INV-17468,OMC-005,PetroOil Kenya,GB89GWUW86379402654235,2026-05-03,47070,2
PAY-96660,INV-70899,OMC-015,Mombasa Petroleum,GB80WOIJ43135182337498,2025-08-03,266572,1
PAY-49060,INV-56787,OMC-009,Dalbit Petroleum,GB53VXXX35615951484656,2025-11-21,35266,1
PAY-78831,INV-65843,OMC-001,TotalEnergies Kenya,GB06DMIO52553419283276,2026-05-05,140833,1
PAY-90531,INV-25126,OMC-001,TotalEnergies Kenya,GB06DMIO52553419283276,2026-02-25,111872,1
PAY-54972,INV-22986,OMC-020,Ethiopian Oil,GB08IVAZ74821759464743,2025-08-26," KES 221,614 ",1
PAY-70496,INV-18606,OMC-006,Hashi Energy,GB05QCFC91361939909169,2026-01-12,129255,1
PAY-63224,INV-95579,OMC-005,PetroOil Kenya,GB89GWUW86379402654235,2026-05-09,221513,1
PAY-22840,INV-28936,OMC-019,Tanzania Petroleum,GB64OAXE62174596158657,2026-05-19,78763,1
PAY-85153,INV-73956,OMC-015,Mombasa Petroleum,GB80WOIJ43135182337498,2026-03-29,55678,1
PAY-46627,INV-48259,OMC-013,Lake Oil,GB88TEHE71937452991241,2026-02-05,65712,1
PAY-97851,INV-28300,OMC-011,Hass Petroleum,GB56WGCN65876036690967,2025-03-24,136992,1
PAY-95685,INV-92766,OMC-011,Hass Petroleum,GB56WGCN65876036690967,2025-02-18,179873,1
PAY-68819,INV-84855,OMC-018,Uganda National Oil,GB73JRAR61317127484677,2025-04-03,81377,1
PAY-61419,INV-94113,OMC-010,Tamoil,GB34EABH79176936763201,2025-02-10,52726,1
PAY-36654,INV-90792,OMC-007,Kobil,GB37IDDX82449353487401,2025-05-23,260825,1
PAY-69028,INV-67363,OMC-014,Texol Energies,GB06ONXS45314737996507,2025-04-28,117308,1
PAY-50561,INV-51009,OMC-018,Uganda National Oil,GB73JRAR61317127484677,15/08/2026,27614,1
PAY-87712,INV-60171,OMC-018,Uganda National Oil,GB73JRAR61317127484677,2025-07-15,107076,1
PAY-94062,INV-28159,OMC-006,Hashi Energy,GB05QCFC91361939909169,2025-11-11,200997,1
PAY-40719,INV-46554,OMC-015,Mombasa Petroleum,GB80WOIJ43135182337498,2025-03-19,54332,1
PAY-56706,INV-56906,OMC-009,Dalbit Petroleum,GB53VXXX35615951484656,2025-04-23,28467,1
PAY-98621,INV-41133,OMC-004,Gulf Energy,GB89GWUW86379402654235,2026-03-02,181930,1
PAY-89022,INV-35109,OMC-019,Tanzania Petroleum,GB64OAXE62174596158657,2025-06-08," KES 55,976 ",1
PAY-62157,INV-14835,OMC-014,Texol Energies,GB06ONXS45314737996507,2025-11-28,198460,1
PAY-41515,INV-98824,OMC-020,Ethiopian Oil,GB08IVAZ74821759464743,2025-07-15,178923,1
PAY-24876,INV-24351,OMC-014,Texol Energies,GB06ONXS45314737996507,2025-12-10,16657,2
PAY-69310,INV-86326,OMC-014,Texol Energies,GB06ONXS45314737996507,17/04/2025,11016,1
PAY-20997,INV-54701,OMC-017,KAA Aviation,GB54HVSS04902787429671,2026-05-06,58584,1
PAY-17393,INV-17169,OMC-015,Mombasa Petroleum,GB80WOIJ43135182337498,2026-03-09,37064,1
PAY-86753,INV-62309,OMC-015,Mombasa Petroleum,GB80WOIJ43135182337498,2026-03-02,173761,1
PAY-23522,INV-47610,OMC-011,Hass Petroleum,GB56WGCN65876036690967,2025-06-24,29107,1
PAY-93395,INV-17790,OMC-019,Tanzania Petroleum,GB64OAXE62174596158657,2025-07-20,251750,1
PAY-75538,INV-65439,OMC-016,KPA Marine,GB31MOOJ96499091334123,2026-02-01,62822,2
PAY-47790,INV-53302,OMC-016,KPA Marine,GB31MOOJ96499091334123,2026-03-22,166663,1
PAY-46470,INV-53153,OMC-008,National Oil,GB08NAFX56342160733754,2026-01-29,148729,1
PAY-67124,INV-78721,OMC-004,Gulf Energy,GB89GWUW86379402654235,2026-06-17,149824,1
PAY-62445,INV-16408,OMC-004,Gulf Energy,GB89GWUW86379402654235,2026-05-26,19436,1
PAY-75306,INV-78696,OMC-012,Galana Energies,GB89GWUW86379402654235,2026-04-19,107861,2
PAY-62840,INV-54582,OMC-015,Mombasa Petroleum,GB80WOIJ43135182337498,2025-06-16,205612,1
PAY-63234,INV-20814,OMC-002,Vivo Energy,GB45OQIR01845146270482,2025-06-01,55817,1
PAY-60180,INV-18944,OMC-020,Ethiopian Oil,GB08IVAZ74821759464743,2025-08-20,173684,1
PAY-47883,INV-95317,OMC-016,KPA Marine,GB31MOOJ96499091334123,2025-08-30,166809,1
PAY-67315,INV-62544,OMC-013,Lake Oil,GB88TEHE71937452991241,2026-05-29,48728,1
PAY-18997,INV-27610,OMC-015,Mombasa Petroleum,GB80WOIJ43135182337498,2026-05-16,50104,1
PAY-93165,INV-19440,OMC-001,TotalEnergies Kenya,GB06DMIO52553419283276,2026-02-08,103474,1
PAY-66815,INV-81566,OMC-010,Tamoil,GB34EABH79176936763201,2025-10-10,27571,1
PAY-80000,INV-84478,OMC-019,Tanzania Petroleum,GB64OAXE62174596158657,2025-10-28,30950,1
PAY-83006,INV-75346,OMC-004,Gulf Energy,GB89GWUW86379402654235,2026-05-08,41492,1
PAY-18911,INV-82589,OMC-017,KAA Aviation,GB54HVSS04902787429671,2026-03-24,42243,1
PAY-76378,INV-22403,OMC-013,Lake Oil,GB88TEHE71937452991241,2025-11-28,207833,1
PAY-69254,INV-55765,OMC-003,Rubis Energy,GB04LOQO13315098393010,2025-08-23,46911,1
PAY-27447,INV-92941,OMC-015,Mombasa Petroleum,GB80WOIJ43135182337498,2025-03-01,236203,1
PAY-44299,INV-17098,OMC-017,KAA Aviation,GB54HVSS04902787429671,2025-12-25,125663,1
PAY-33043,INV-25924,OMC-006,Hashi Energy,GB05QCFC91361939909169,2026-02-03,142667,1
PAY-61314,INV-69446,OMC-006,Hashi Energy,GB05QCFC91361939909169,2026-06-13,25525,1
PAY-15058,INV-14247,OMC-009,Dalbit Petroleum,GB53VXXX35615951484656,2025-10-27,125379,1
PAY-24852,INV-81435,OMC-010,Tamoil,GB34EABH79176936763201,2026-02-14,222433,1
PAY-69334,INV-28374,OMC-019,Tanzania Petroleum,GB64OAXE62174596158657,2025-12-20,32707,1
PAY-24868,INV-48250,OMC-017,KAA Aviation,GB54HVSS04902787429671,2026-02-26,224664,1
PAY-66285,INV-77609,OMC-007,Kobil,GB37IDDX82449353487401,2026-02-12,111641,1
PAY-49347,INV-31288,OMC-013,Lake Oil,GB88TEHE71937452991241,2025-07-12,105265,1
PAY-72733,INV-54931,OMC-011,Hass Petroleum,GB56WGCN65876036690967,21/07/2026,25827,1
PAY-54744,INV-62381,OMC-006,Hashi Energy,GB05QCFC91361939909169,2026-02-20,178902,1
PAY-50769,INV-30098,OMC-007,Kobil,GB37IDDX82449353487401,2026-01-27," KES 183,124 ",1
PAY-62952,INV-18764,OMC-015,Mombasa Petroleum,GB80WOIJ43135182337498,2025-03-16,52424,1
PAY-21594,INV-38436,OMC-016,KPA Marine,GB31MOOJ96499091334123,2025-02-07,205005,1
PAY-90626,INV-11877,OMC-014,Texol Energies,GB06ONXS45314737996507,2025-11-23," KES 100,370 ",1
PAY-15247,INV-28190,OMC-016,KPA Marine,GB31MOOJ96499091334123,2025-11-26,233071,1
PAY-20341,INV-66660,OMC-005,PetroOil Kenya,GB89GWUW86379402654235,2026-06-05,74984,2
PAY-54750,INV-65024,OMC-016,KPA Marine,GB31MOOJ96499091334123,2025-12-05,189539,1
PAY-93942,INV-41352,OMC-020,Ethiopian Oil,GB08IVAZ74821759464743,,108495,1
PAY-63743,INV-98006,OMC-015,Mombasa Petroleum,GB80WOIJ43135182337498,2025-11-25,135947,1
PAY-51050,INV-12884,OMC-008,National Oil,GB08NAFX56342160733754,2026-06-14,23551,1
PAY-95160,INV-96579,OMC-013,Lake Oil,GB88TEHE71937452991241,12/12/2025,39190,1
PAY-96130,INV-32387,OMC-004,Gulf Energy,GB89GWUW86379402654235,2026-05-10,60987,2
PAY-49297,INV-81281,OMC-007,Kobil,GB37IDDX82449353487401,2026-01-30,179023,1
PAY-69873,INV-39494,OMC-011,Hass Petroleum,GB56WGCN65876036690967,2025-09-02,100036,2
PAY-93178,INV-95772,OMC-012,Galana Energies,GB89GWUW86379402654235,2026-05-02,36571,1
PAY-17857,INV-21492,OMC-007,Kobil,GB37IDDX82449353487401,2025-09-15,26712,1
PAY-33474,INV-95853,OMC-018,Uganda National Oil,GB73JRAR61317127484677,2025-09-30,173621,1
PAY-18746,INV-73151,OMC-013,Lake Oil,GB88TEHE71937452991241,2025-11-02,62718,1
PAY-50566,INV-64573,OMC-002,Vivo Energy,GB45OQIR01845146270482,2025-04-09,39204,1
PAY-89582,INV-65821,OMC-002,Vivo Energy,GB45OQIR01845146270482,2026-06-24,162127,1
PAY-48731,INV-21268,OMC-003,Rubis Energy,GB04LOQO13315098393010,2025-02-15,18543,2
PAY-35168,INV-66803,OMC-001,TotalEnergies Kenya,GB06DMIO52553419283276,2025-03-30,37625,1
PAY-41242,INV-57420,OMC-009,Dalbit Petroleum,GB53VXXX35615951484656,2025-09-16,230751,1
PAY-15616,INV-82395,OMC-017,KAA Aviation,GB54HVSS04902787429671,2025-03-09,100172,1
PAY-86919,INV-78943,OMC-012,Galana Energies,GB89GWUW86379402654235,2026-04-20,35902,2
PAY-92105,INV-52637,OMC-011,Hass Petroleum,GB56WGCN65876036690967,2026-05-26,184676,1
PAY-61073,INV-27851,OMC-002,Vivo Energy,GB45OQIR01845146270482,2025-07-04,71107,1
PAY-76631,INV-77709,OMC-016,KPA Marine,GB31MOOJ96499091334123,2025-07-17,116419,1
PAY-25264,INV-65112,OMC-005,PetroOil Kenya,GB89GWUW86379402654235,2026-04-05,70101,1
PAY-19725,INV-79040,OMC-009,Dalbit Petroleum,GB53VXXX35615951484656,2026-05-28,24611,1
PAY-57653,INV-65588,OMC-013,Lake Oil,GB88TEHE71937452991241,2026-08-01," KES 172,114 ",1
PAY-48459,INV-66633,OMC-020,Ethiopian Oil,GB08IVAZ74821759464743,2025-03-01,47231,1
PAY-81818,INV-76044,OMC-003,Rubis Energy,GB04LOQO13315098393010,2026-04-25,31968,1
PAY-45034,INV-85845,OMC-013,Lake Oil,GB88TEHE71937452991241,06/04/2026,148741,1
PAY-28711,INV-83790,OMC-006,Hashi Energy,GB05QCFC91361939909169,2025-03-08,19588,2
PAY-73635,INV-67935,OMC-012,Galana Energies,GB89GWUW86379402654235,,23323,2
PAY-45484,INV-13454,OMC-008,National Oil,GB08NAFX56342160733754,2025-10-10,29197,1
PAY-90678,INV-60230,OMC-009,Dalbit Petroleum,GB53VXXX35615951484656,2025-05-03,161663,1
PAY-42390,INV-70063,OMC-004,Gulf Energy,GB89GWUW86379402654235,2026-03-30,202768,1
PAY-27217,INV-53432,OMC-002,Vivo Energy,GB45OQIR01845146270482,2026-06-22,231564,1
PAY-69957,INV-32619,OMC-018,Uganda National Oil,GB73JRAR61317127484677,2025-11-16,35429,1
PAY-22105,INV-13142,OMC-015,Mombasa Petroleum,GB80WOIJ43135182337498,2026-08-03,27178,1
PAY-94154,INV-99718,OMC-019,Tanzania Petroleum,GB64OAXE62174596158657,2025-02-12,23103,1
PAY-72224,INV-31860,OMC-016,KPA Marine,GB31MOOJ96499091334123,27/06/2026,35418,1
PAY-99332,INV-86594,OMC-009,Dalbit Petroleum,GB53VXXX35615951484656,2026-07-21,100845,1
PAY-49915,INV-60081,OMC-016,KPA Marine,GB31MOOJ96499091334123,2026-03-27,53982,2
PAY-19361,INV-14242,OMC-006,Hashi Energy,GB05QCFC91361939909169,2025-04-18,246817,1
PAY-69000,INV-21474,OMC-016,KPA Marine,GB31MOOJ96499091334123,2025-06-16,53373,1
PAY-14944,INV-71550,OMC-014,Texol Energies,GB06ONXS45314737996507,2026-06-05,89468,1
PAY-71992,INV-45634,OMC-007,Kobil,GB37IDDX82449353487401,,99735,1
PAY-64758,INV-94673,OMC-020,Ethiopian Oil,GB08IVAZ74821759464743,2025-11-27," KES 150,832 ",1
PAY-72537,INV-70105,OMC-002,Vivo Energy,GB45OQIR01845146270482,21/10/2025,177451,1
PAY-61934,INV-45936,OMC-007,Kobil,GB37IDDX82449353487401,2026-07-17,48522,1
PAY-77128,INV-48938,OMC-017,KAA Aviation,GB54HVSS04902787429671,2025-05-09,282732,1
PAY-14545,INV-68815,OMC-017,KAA Aviation,GB54HVSS04902787429671,2025-09-05,33249,1
PAY-82203,INV-66767,OMC-010,Tamoil,GB34EABH79176936763201,2025-09-30,37012,1
PAY-26289,INV-18882,OMC-010,Tamoil,GB34EABH79176936763201,2025-03-17,17870,2
PAY-99272,INV-33986,OMC-008,National Oil,GB08NAFX56342160733754,2025-06-30,244580,1
PAY-51477,INV-97988,OMC-001,TotalEnergies Kenya,GB06DMIO52553419283276,2025-10-17,201856,1
PAY-45490,INV-46545,OMC-016,KPA Marine,GB31MOOJ96499091334123,2025-04-25,54593,1
PAY-37225,INV-32387,OMC-004,Gulf Energy,GB89GWUW86379402654235,2026-04-18,61706,1
PAY-30415,INV-66384,OMC-011,Hass Petroleum,GB56WGCN65876036690967,31/03/2026,58390,1
PAY-89419,INV-46424,OMC-001,TotalEnergies Kenya,GB06DMIO52553419283276,2025-09-17,74820,1
PAY-15183,INV-24279,OMC-007,Kobil,GB37IDDX82449353487401,2025-05-03,183530,1
PAY-55440,INV-97830,OMC-009,Dalbit Petroleum,GB53VXXX35615951484656,30/06/2026,139871,1
PAY-20233,INV-66566,OMC-019,Tanzania Petroleum,GB64OAXE62174596158657,2025-06-18,261380,1
PAY-10887,INV-98483,OMC-004,Gulf Energy,GB89GWUW86379402654235,2026-06-12,118194,2
PAY-51619,INV-94558,OMC-020,Ethiopian Oil,GB08IVAZ74821759464743,2025-04-12,138902,1
PAY-84994,INV-30893,OMC-013,Lake Oil,GB88TEHE71937452991241,2026-06-19,48176,1
PAY-55098,INV-67010,OMC-019,Tanzania Petroleum,GB64OAXE62174596158657,2025-06-23,188124,1
PAY-55013,INV-56118,OMC-013,Lake Oil,GB88TEHE71937452991241,2025-12-30,25020,1
PAY-69111,INV-44245,OMC-002,Vivo Energy,GB45OQIR01845146270482,2026-01-21,20435,1
PAY-99265,INV-97655,OMC-015,Mombasa Petroleum,GB80WOIJ43135182337498,2026-07-18,24467,1
PAY-38384,INV-50318,OMC-015,Mombasa Petroleum,GB80WOIJ43135182337498,2025-08-02,170550,1
PAY-82503,INV-78503,OMC-017,KAA Aviation,GB54HVSS04902787429671,2026-03-29,170856,1
PAY-87521,INV-68812,OMC-003,Rubis Energy,GB04LOQO13315098393010,2025-10-08,70729,1
PAY-92289,INV-37279,OMC-002,Vivo Energy,GB45OQIR01845146270482,2026-04-17,43121,1
PAY-62475,INV-66371,OMC-003,Rubis Energy,GB04LOQO13315098393010,2025-04-20,40361,1
PAY-50556,INV-46626,OMC-015,Mombasa Petroleum,GB80WOIJ43135182337498,2025-06-26,289789,1
PAY-92299,INV-53623,OMC-014,Texol Energies,GB06ONXS45314737996507,2026-02-14,30530,1
PAY-44130,INV-62349,OMC-014,Texol Energies,GB06ONXS45314737996507,2025-12-20,60198,2
PAY-49974,INV-40650,OMC-011,Hass Petroleum,GB56WGCN65876036690967,2025-03-30," KES 86,706 ",1
PAY-60254,INV-40897,OMC-004,Gulf Energy,GB89GWUW86379402654235,2026-06-02,19665,2
PAY-45724,INV-85597,OMC-011,Hass Petroleum,GB56WGCN65876036690967,2026-07-18,76851,1
PAY-25645,INV-44393,OMC-019,Tanzania Petroleum,GB64OAXE62174596158657,2026-01-20," KES 33,821 ",1
PAY-56318,INV-91974,OMC-008,National Oil,GB08NAFX56342160733754,2026-01-08,30629,1
PAY-20597,INV-65328,OMC-020,Ethiopian Oil,GB08IVAZ74821759464743,,50297,1
PAY-36803,INV-73464,OMC-011,Hass Petroleum,GB56WGCN65876036690967,2025-01-25,290115,1
PAY-24771,INV-51981,OMC-019,Tanzania Petroleum,GB64OAXE62174596158657,2025-08-30,33554,1
PAY-61411,INV-46981,OMC-014,Texol Energies,GB06ONXS45314737996507,2026-06-16," KES 12,416 ",2
PAY-28012,INV-40992,OMC-006,Hashi Energy,GB05QCFC91361939909169,2025-11-07,226100,1
PAY-34602,INV-76706,OMC-002,Vivo Energy,GB45OQIR01845146270482,2026-03-22," KES 57,109 ",1
PAY-53984,INV-62017,OMC-017,KAA Aviation,GB54HVSS04902787429671,2025-05-18,22019,1
PAY-44051,INV-83744,OMC-012,Galana Energies,GB89GWUW86379402654235,2026-04-06,55995,2
PAY-92354,INV-20988,OMC-003,Rubis Energy,GB04LOQO13315098393010,2025-04-16,10632,2
PAY-39514,INV-23955,OMC-001,TotalEnergies Kenya,GB06DMIO52553419283276,2025-10-11,155593,1
PAY-88711,INV-58669,OMC-007,Kobil,GB37IDDX82449353487401,2026-05-25,112800,1
PAY-20364,INV-70281,OMC-013,Lake Oil,GB88TEHE71937452991241,,219324,1
PAY-89334,INV-86884,OMC-001,TotalEnergies Kenya,GB06DMIO52553419283276,2026-03-21,201666,1
PAY-71717,INV-44044,OMC-003,Rubis Energy,GB04LOQO13315098393010,2026-03-19,140819,1
PAY-42268,INV-10069,OMC-013,Lake Oil,GB88TEHE71937452991241,2026-03-04,228230,1
PAY-68973,INV-74992,OMC-014,Texol Energies,GB06ONXS45314737996507,2025-11-19,66730,2
PAY-82315,INV-34355,OMC-014,Texol Energies,GB06ONXS45314737996507,2025-06-30,98010,1
PAY-79927,INV-31548,OMC-003,Rubis Energy,GB04LOQO13315098393010,2025-11-07,37362,1
PAY-32100,INV-76035,OMC-018,Uganda National Oil,GB73JRAR61317127484677,2025-12-18,113882,1
PAY-27673,INV-78490,OMC-020,Ethiopian Oil,GB08IVAZ74821759464743,2025-08-16,226502,1
PAY-26708,INV-78119,OMC-015,Mombasa Petroleum,GB80WOIJ43135182337498,2026-05-23,42540,1
PAY-95403,INV-44788,OMC-009,Dalbit Petroleum,GB53VXXX35615951484656,2026-04-21,45971,2
PAY-71024,INV-34531,OMC-007,Kobil,GB37IDDX82449353487401,2026-06-22,233763,1
PAY-68084,INV-52709,OMC-001,TotalEnergies Kenya,GB06DMIO52553419283276,2025-10-20,73083,2
PAY-48924,INV-52688,OMC-001,TotalEnergies Kenya,GB06DMIO52553419283276,2025-10-01,104619,1
PAY-97068,INV-36264,OMC-020,Ethiopian Oil,GB08IVAZ74821759464743,2026-05-22,124549,1
PAY-58373,INV-11811,OMC-011,Hass Petroleum,GB56WGCN65876036690967,2026-01-27,176543,1
PAY-65857,INV-63073,OMC-012,Galana Energies,GB89GWUW86379402654235,2026-06-08,18726,1
PAY-66424,INV-27511,OMC-011,Hass Petroleum,GB56WGCN65876036690967,2025-12-23," KES 208,391 ",1
PAY-77727,INV-79406,OMC-014,Texol Energies,GB06ONXS45314737996507,2026-01-04,62546,1
PAY-73895,INV-36348,OMC-007,Kobil,GB37IDDX82449353487401,2025-12-15,42194,1
PAY-48247,INV-77873,OMC-010,Tamoil,GB34EABH79176936763201,2026-04-10,28894,1
PAY-59494,INV-39681,OMC-015,Mombasa Petroleum,GB80WOIJ43135182337498,2025-11-02,90491,1
PAY-86478,INV-53646,OMC-009,Dalbit Petroleum,GB53VXXX35615951484656,2025-05-24,13821,1
PAY-45620,INV-26557,OMC-016,KPA Marine,GB31MOOJ96499091334123,2025-11-03,182090,1
PAY-87652,INV-98037,OMC-008,National Oil,GB08NAFX56342160733754,2025-09-30,43741,1
PAY-89243,INV-69337,OMC-003,Rubis Energy,GB04LOQO13315098393010,2025-02-25,174315,1
PAY-64186,INV-22960,OMC-020,Ethiopian Oil,GB08IVAZ74821759464743,2025-07-28,115069,1
PAY-51744,INV-53943,OMC-008,National Oil,GB08NAFX56342160733754,2026-08-26,184189,1
PAY-45449,INV-64157,OMC-020,Ethiopian Oil,GB08IVAZ74821759464743,2025-04-24,25082,1
PAY-47049,INV-50170,OMC-012,Galana Energies,GB89GWUW86379402654235,2026-05-29,86344,1
PAY-45214,INV-99836,OMC-005,PetroOil Kenya,GB89GWUW86379402654235,2026-05-01,17032,2
PAY-49077,INV-39550,OMC-010,Tamoil,GB34EABH79176936763201,2025-03-22,195595,1
PAY-61215,INV-47639,OMC-013,Lake Oil,GB88TEHE71937452991241,11/08/2025,265685,1
PAY-73399,INV-17917,OMC-011,Hass Petroleum,GB56WGCN65876036690967,2025-12-19,21297,1
PAY-15143,INV-53056,OMC-019,Tanzania Petroleum,GB64OAXE62174596158657,2026-05-29,228136,1
PAY-57714,INV-16781,OMC-016,KPA Marine,GB31MOOJ96499091334123,2026-01-22,60929,1
PAY-71624,INV-16947,OMC-010,Tamoil,GB34EABH79176936763201,2026-05-05,132732,1
PAY-70810,INV-56981,OMC-006,Hashi Energy,GB05QCFC91361939909169,2025-04-30,175115,1
PAY-75388,INV-20901,OMC-016,KPA Marine,GB31MOOJ96499091334123,2026-01-24,24217,2
PAY-23217,INV-40132,OMC-004,Gulf Energy,GB89GWUW86379402654235,2026-04-17,29000,1
PAY-92949,INV-48372,OMC-006,Hashi Energy,GB05QCFC91361939909169,2025-03-15,76017,1
PAY-81427,INV-14492,OMC-006,Hashi Energy,GB05QCFC91361939909169,2026-01-28,44706,1
PAY-61916,INV-50264,OMC-008,National Oil,GB08NAFX56342160733754,2025-07-19,27235,1
PAY-84647,INV-74358,OMC-008,National Oil,GB08NAFX56342160733754,2025-10-07,194653,1
PAY-51951,INV-50470,OMC-010,Tamoil,GB34EABH79176936763201,2026-05-14," KES 33,196 ",1
PAY-22865,INV-94760,OMC-007,Kobil,GB37IDDX82449353487401,2026-03-26,37796,2
PAY-54861,INV-57695,OMC-011,Hass Petroleum,GB56WGCN65876036690967,2026-02-06,183840,1
PAY-84464,INV-85203,OMC-016,KPA Marine,GB31MOOJ96499091334123,2025-04-12,62324,1
PAY-93825,INV-36452,OMC-009,Dalbit Petroleum,GB53VXXX35615951484656,2026-01-31,45474,1
PAY-87653,INV-46425,OMC-019,Tanzania Petroleum,GB64OAXE62174596158657,2025-09-24,183746,1
PAY-88594,INV-31982,OMC-016,KPA Marine,GB31MOOJ96499091334123,2025-11-26,194473,1
PAY-89812,INV-43009,OMC-005,PetroOil Kenya,GB89GWUW86379402654235,2026-04-18,78294,1
PAY-82712,INV-88597,OMC-004,Gulf Energy,GB89GWUW86379402654235,2026-03-09,105922,1
PAY-39475,INV-53258,OMC-002,Vivo Energy,GB45OQIR01845146270482,2026-02-05,200583,1
PAY-82995,INV-94543,OMC-017,KAA Aviation,GB54HVSS04902787429671,2026-07-05,284715,1
PAY-82721,INV-60929,OMC-006,Hashi Energy,GB05QCFC91361939909169,2025-04-18,37481,1
PAY-88971,INV-82349,OMC-002,Vivo Energy,GB45OQIR01845146270482,2026-07-21,243174,1
PAY-96973,INV-70320,OMC-007,Kobil,GB37IDDX82449353487401,2026-03-17,149179,1
PAY-76495,INV-30254,OMC-010,Tamoil,GB34EABH79176936763201,,112916,2
PAY-88774,INV-29997,OMC-017,KAA Aviation,GB54HVSS04902787429671,2025-12-15,208437,1
PAY-49287,INV-26791,OMC-018,Uganda National Oil,GB73JRAR61317127484677,2026-07-07,164336,1
PAY-10455,INV-94590,OMC-003,Rubis Energy,GB04LOQO13315098393010,2026-01-14,187012,1
PAY-60281,INV-35781,OMC-004,Gulf Energy,GB89GWUW86379402654235,2026-04-13,47772,1
PAY-34691,INV-39746,OMC-006,Hashi Energy,GB05QCFC91361939909169,20/06/2026,58646,1
PAY-91657,INV-13779,OMC-018,Uganda National Oil,GB73JRAR61317127484677,2026-03-26,111899,1
PAY-57855,INV-69885,OMC-006,Hashi Energy,GB05QCFC91361939909169,2025-05-03,250901,1
PAY-95589,INV-13923,OMC-017,KAA Aviation,GB54HVSS04902787429671,2025-10-30,146886,1
PAY-50030,INV-83990,OMC-013,Lake Oil,GB88TEHE71937452991241,2025-06-29,38251,1
PAY-56929,INV-85093,OMC-016,KPA Marine,GB31MOOJ96499091334123,2025-08-04,53102,2
PAY-20150,INV-17611,OMC-019,Tanzania Petroleum,GB64OAXE62174596158657,2025-03-26,176048,1
PAY-12863,INV-68476,OMC-014,Texol Energies,GB06ONXS45314737996507,2025-03-15,112083,1
PAY-96429,INV-52505,OMC-008,National Oil,GB08NAFX56342160733754,2026-01-25,32677,1
PAY-92086,INV-42945,OMC-019,Tanzania Petroleum,GB64OAXE62174596158657,2026-07-07,137263,1
PAY-15821,INV-29480,OMC-018,Uganda National Oil,GB73JRAR61317127484677,2026-04-23,151927,1
PAY-84927,INV-74586,OMC-013,Lake Oil,GB88TEHE71937452991241,2025-06-24,117187,1
PAY-76663,INV-83067,OMC-019,Tanzania Petroleum,GB64OAXE62174596158657,2026-05-11,69208,2
PAY-10282,INV-89740,OMC-005,PetroOil Kenya,GB89GWUW86379402654235,2026-05-15,39526,1
PAY-83247,INV-89519,OMC-004,Gulf Energy,GB89GWUW86379402654235,10/05/2026," KES 223,324 ",1
PAY-64222,INV-97918,OMC-012,Galana Energies,GB89GWUW86379402654235,06/05/2026,35033,1
PAY-25819,INV-22332,OMC-011,Hass Petroleum,GB56WGCN65876036690967,2026-03-19,47165,1
PAY-45572,INV-11840,OMC-001,TotalEnergies Kenya,GB06DMIO52553419283276,2025-10-03,18808,1
PAY-71308,INV-13864,OMC-007,Kobil,GB37IDDX82449353487401,2026-08-01,41946,1
PAY-23960,INV-67133,OMC-016,KPA Marine,GB31MOOJ96499091334123,2026-03-01,293314,1
PAY-68479,INV-86900,OMC-003,Rubis Energy,GB04LOQO13315098393010,2025-05-05,110130,1
PAY-65027,INV-64373,OMC-007,Kobil,GB37IDDX82449353487401,2026-07-17,145772,1
PAY-37161,INV-86889,OMC-018,Uganda National Oil,GB73JRAR61317127484677,2025-07-12,166883,1
PAY-79511,INV-40221,OMC-016,KPA Marine,GB31MOOJ96499091334123,2025-05-09,172449,1
PAY-91107,INV-78341,OMC-015,Mombasa Petroleum,GB80WOIJ43135182337498,2026-01-08,199264,1
PAY-97619,INV-47642,OMC-007,Kobil,GB37IDDX82449353487401,2026-01-11,87314,1
PAY-94198,INV-89219,OMC-009,Dalbit Petroleum,GB53VXXX35615951484656,2025-03-16,109255,1
PAY-17433,INV-51602,OMC-012,Galana Energies,GB89GWUW86379402654235,2026-03-20,30626,2
PAY-63042,INV-17797,OMC-011,Hass Petroleum,GB56WGCN65876036690967,2026-01-02,79168,2
PAY-65478,INV-73019,OMC-019,Tanzania Petroleum,GB64OAXE62174596158657,06/12/2025," KES 152,416 ",1
PAY-19112,INV-15112,OMC-003,Rubis Energy,GB04LOQO13315098393010,2025-12-31,28160,1
PAY-33036,INV-84943,OMC-002,Vivo Energy,GB45OQIR01845146270482,2025-02-05,60972,1
PAY-44711,INV-73614,OMC-009,Dalbit Petroleum,GB53VXXX35615951484656,2025-09-13,22786,2
PAY-24075,INV-42081,OMC-008,National Oil,GB08NAFX56342160733754,,108025,1
PAY-36163,INV-66510,OMC-006,Hashi Energy,GB05QCFC91361939909169,2026-06-02,186057,1
PAY-48950,INV-74050,OMC-006,Hashi Energy,GB05QCFC91361939909169,2025-05-29,60339,1
PAY-65464,INV-22130,OMC-007,Kobil,GB37IDDX82449353487401,2025-03-03,198246,1
PAY-11580,INV-64093,OMC-015,Mombasa Petroleum,GB80WOIJ43135182337498,2025-08-31,40281,1
PAY-51454,INV-45134,OMC-007,Kobil,GB37IDDX82449353487401,2026-04-12,24654,1
PAY-63804,INV-52873,OMC-011,Hass Petroleum,GB56WGCN65876036690967,,142472,1
PAY-13095,INV-69301,OMC-007,Kobil,GB37IDDX82449353487401,2025-11-06,56020,1
PAY-33152,INV-12415,OMC-009,Dalbit Petroleum,GB53VXXX35615951484656,2026-06-21,217833,1
PAY-74611,INV-66717,OMC-014,Texol Energies,GB06ONXS45314737996507,2025-10-14,72501,1
PAY-22578,INV-94054,OMC-014,Texol Energies,GB06ONXS45314737996507,2026-04-04,92862,2
PAY-97525,INV-90139,OMC-011,Hass Petroleum,GB56WGCN65876036690967,2026-06-06,31254,2
PAY-42886,INV-81655,OMC-010,Tamoil,GB34EABH79176936763201,2025-02-19,177071,1
PAY-72866,INV-42438,OMC-016,KPA Marine,GB31MOOJ96499091334123,2026-04-02,109592,1
PAY-41380,INV-87580,OMC-004,Gulf Energy,GB89GWUW86379402654235,2026-06-19,13821,2
PAY-25021,INV-82344,OMC-016,KPA Marine,GB31MOOJ96499091334123,2026-03-31,105142,1
PAY-29374,INV-72168,OMC-001,TotalEnergies Kenya,GB06DMIO52553419283276,2026-07-17," KES 134,157 ",1
PAY-78963,INV-85730,OMC-001,TotalEnergies Kenya,GB06DMIO52553419283276,2025-09-23,46640,1
PAY-58817,INV-67540,OMC-011,Hass Petroleum,GB56WGCN65876036690967,2026-02-19,30312,1
PAY-64985,INV-57411,OMC-001,TotalEnergies Kenya,GB06DMIO52553419283276,2026-01-08,92153,2
PAY-62983,INV-79130,OMC-008,National Oil,GB08NAFX56342160733754,08/12/2025,33349,1
PAY-44500,INV-61176,OMC-010,Tamoil,GB34EABH79176936763201,2025-09-08,204774,1
PAY-47506,INV-21681,OMC-009,Dalbit Petroleum,GB53VXXX35615951484656,,19165,1
PAY-91966,INV-53031,OMC-002,Vivo Energy,GB45OQIR01845146270482,2026-01-07,213785,1
PAY-70744,INV-81198,OMC-011,Hass Petroleum,GB56WGCN65876036690967,2025-05-03,8388,2
PAY-22707,INV-14479,OMC-014,Texol Energies,GB06ONXS45314737996507,2025-04-23,19432,1
PAY-17734,INV-57809,OMC-016,KPA Marine,GB31MOOJ96499091334123,2025-03-18,44933,1
PAY-25427,INV-54008,OMC-020,Ethiopian Oil,GB08IVAZ74821759464743,2026-05-27,222569,1
PAY-22343,INV-30168,OMC-002,Vivo Energy,GB45OQIR01845146270482,2026-05-12,183834,1
PAY-33827,INV-64688,OMC-002,Vivo Energy,GB45OQIR01845146270482,2026-01-27,67939,2
PAY-97936,INV-16992,OMC-002,Vivo Energy,GB45OQIR01845146270482,2026-02-28,196510,1
PAY-90398,INV-31025,OMC-009,Dalbit Petroleum,GB53VXXX35615951484656,2026-06-30,177088,1
PAY-63308,INV-79218,OMC-002,Vivo Energy,GB45OQIR01845146270482,2026-06-13,29657,1
PAY-41373,INV-24274,OMC-019,Tanzania Petroleum,GB64OAXE62174596158657,2025-07-07,140246,1
PAY-92197,INV-65284,OMC-020,Ethiopian Oil,GB08IVAZ74821759464743,2025-04-15,201337,1
PAY-54730,INV-90039,OMC-018,Uganda National Oil,GB73JRAR61317127484677,2025-08-24,15620,2
PAY-65072,INV-50972,OMC-008,National Oil,GB08NAFX56342160733754,2026-08-18,20826,2
PAY-82653,INV-29461,OMC-020,Ethiopian Oil,GB08IVAZ74821759464743,2025-11-18,172638,1
PAY-66915,INV-60751,OMC-019,Tanzania Petroleum,GB64OAXE62174596158657,27/10/2025,29311,1
PAY-85151,INV-83253,OMC-019,Tanzania Petroleum,GB64OAXE62174596158657,2026-05-04,13780,2
PAY-36396,INV-72261,OMC-014,Texol Energies,GB06ONXS45314737996507,2026-02-15,182478,1
PAY-70091,INV-32906,OMC-011,Hass Petroleum,GB56WGCN65876036690967,2025-12-19," KES 230,187 ",1
PAY-76012,INV-68450,OMC-013,Lake Oil,GB88TEHE71937452991241,2025-12-04,157421,1
PAY-36636,INV-74071,OMC-003,Rubis Energy,GB04LOQO13315098393010,2025-07-24,165349,1
PAY-46923,INV-90373,OMC-008,National Oil,GB08NAFX56342160733754,2025-09-29,56691,1
PAY-60619,INV-41497,OMC-007,Kobil,GB37IDDX82449353487401,2025-11-16,38012,1
PAY-57970,INV-21802,OMC-014,Texol Energies,GB06ONXS45314737996507,2025-10-18,215120,1
PAY-63900,INV-71313,OMC-019,Tanzania Petroleum,GB64OAXE62174596158657,2025-10-15,65983,2
PAY-27225,INV-14050,OMC-020,Ethiopian Oil,GB08IVAZ74821759464743,2026-03-25,22128,2
PAY-87617,INV-15641,OMC-006,Hashi Energy,GB05QCFC91361939909169,2026-05-22,25398,1
PAY-23172,INV-16245,OMC-005,PetroOil Kenya,GB89GWUW86379402654235,2026-06-08,21627,2
PAY-26695,INV-57453,OMC-016,KPA Marine,GB31MOOJ96499091334123,2025-08-01,92392,1
PAY-77157,INV-33627,OMC-009,Dalbit Petroleum,GB53VXXX35615951484656,2025-10-31,5360,2
PAY-51358,INV-75186,OMC-015,Mombasa Petroleum,GB80WOIJ43135182337498,2025-05-30,257920,1
PAY-31376,INV-84377,OMC-002,Vivo Energy,GB45OQIR01845146270482,2025-03-19,203512,1
PAY-11210,INV-53312,OMC-005,PetroOil Kenya,GB89GWUW86379402654235,2026-07-20,13164,2
PAY-38550,INV-66580,OMC-004,Gulf Energy,GB89GWUW86379402654235,2026-04-06,122967,1
PAY-65225,INV-47622,OMC-009,Dalbit Petroleum,GB53VXXX35615951484656,2025-05-13,44564,1
PAY-97693,INV-83289,OMC-011,Hass Petroleum,GB56WGCN65876036690967,2025-12-12,133034,1
PAY-73664,INV-31276,OMC-010,Tamoil,GB34EABH79176936763201,2025-06-30,55348,1
PAY-58829,INV-24351,OMC-014,Texol Energies,GB06ONXS45314737996507,2025-11-21,20295,1
PAY-15453,INV-55289,OMC-006,Hashi Energy,GB05QCFC91361939909169,2025-11-19,48744,1
PAY-18806,INV-67271,OMC-017,KAA Aviation,GB54HVSS04902787429671,2025-02-23,45171,1
PAY-28306,INV-61787,OMC-014,Texol Energies,GB06ONXS45314737996507,2025-03-25,41309,1
PAY-67582,INV-43232,OMC-002,Vivo Energy,GB45OQIR01845146270482,2025-05-06,290698,1
PAY-71549,INV-65407,OMC-005,PetroOil Kenya,GB89GWUW86379402654235,2026-04-22,20489,1
PAY-10354,INV-72340,OMC-005,PetroOil Kenya,GB89GWUW86379402654235,2026-06-09,47505,1
PAY-22146,INV-87967,OMC-010,Tamoil,GB34EABH79176936763201,2026-07-26,29008,1
PAY-21400,INV-81872,OMC-007,Kobil,GB37IDDX82449353487401,2025-12-24," KES 95,465 ",1
PAY-13266,INV-97716,OMC-005,PetroOil Kenya,GB89GWUW86379402654235,2026-06-18,61093,2
PAY-57748,INV-35144,OMC-005,PetroOil Kenya,GB89GWUW86379402654235,2026-04-17,11892,2
PAY-61710,INV-93753,OMC-010,Tamoil,GB34EABH79176936763201,2026-03-26,52151,1
PAY-14003,INV-70197,OMC-008,National Oil,GB08NAFX56342160733754,2026-03-25,36711,2
PAY-56145,INV-34227,OMC-011,Hass Petroleum,GB56WGCN65876036690967,2025-05-30,238009,1
PAY-65206,INV-66061,OMC-013,Lake Oil,GB88TEHE71937452991241,2026-05-20,62051,1
PAY-43980,INV-94317,OMC-014,Texol Energies,GB06ONXS45314737996507,2026-08-12,158386,1
PAY-78800,INV-99122,OMC-017,KAA Aviation,GB54HVSS04902787429671,,268862,1
PAY-17983,INV-67954,OMC-018,Uganda National Oil,GB73JRAR61317127484677,2026-05-03,121487,1
PAY-77051,INV-79879,OMC-003,Rubis Energy,GB04LOQO13315098393010,,24529,1
PAY-81565,INV-56778,OMC-004,Gulf Energy,GB89GWUW86379402654235,2026-04-29,122411,1
PAY-64582,INV-46037,OMC-015,Mombasa Petroleum,GB80WOIJ43135182337498,,100597,1
PAY-68966,INV-99836,OMC-005,PetroOil Kenya,GB89GWUW86379402654235,2026-04-07,22417,1
PAY-60014,INV-99760,OMC-014,Texol Energies,GB06ONXS45314737996507,2026-02-25,33070,1
PAY-31732,INV-23363,OMC-019,Tanzania Petroleum,GB64OAXE62174596158657,,67591,1
PAY-41298,INV-72073,OMC-009,Dalbit Petroleum,GB53VXXX35615951484656,2025-06-27,222541,1
PAY-94987,INV-87648,OMC-003,Rubis Energy,GB04LOQO13315098393010,2026-05-13," KES 36,857 ",1
PAY-21472,INV-39204,OMC-001,TotalEnergies Kenya,GB06DMIO52553419283276,2026-03-13,23144,1
PAY-60998,INV-18285,OMC-008,National Oil,GB08NAFX56342160733754,2025-09-23,123641,1
PAY-57695,INV-20263,OMC-010,Tamoil,GB34EABH79176936763201,2025-03-10,51894,2
PAY-80783,INV-52197,OMC-013,Lake Oil,GB88TEHE71937452991241,27/01/2026,164881,1
PAY-64465,INV-10321,OMC-011,Hass Petroleum,GB56WGCN65876036690967,2025-11-07,18999,1
PAY-19117,INV-10693,OMC-006,Hashi Energy,GB05QCFC91361939909169,2026-01-23,36697,1
PAY-64116,INV-36538,OMC-004,Gulf Energy,GB89GWUW86379402654235,2026-05-12,117888,1
PAY-40979,INV-53555,OMC-018,Uganda National Oil,GB73JRAR61317127484677,2026-01-17,27838,1
PAY-22745,INV-34254,OMC-020,Ethiopian Oil,GB08IVAZ74821759464743,2026-05-08,45269,2
PAY-33076,INV-24426,OMC-018,Uganda National Oil,GB73JRAR61317127484677,,56485,1
PAY-69399,INV-81722,OMC-011,Hass Petroleum,GB56WGCN65876036690967,2025-07-07,181071,1
PAY-61283,INV-85881,OMC-018,Uganda National Oil,GB73JRAR61317127484677,2025-09-26,26798,1
PAY-83320,INV-42776,OMC-019,Tanzania Petroleum,GB64OAXE62174596158657,2025-10-30,166126,1
PAY-55164,INV-94151,OMC-001,TotalEnergies Kenya,GB06DMIO52553419283276,2026-06-13,29844,2
PAY-66669,INV-84636,OMC-017,KAA Aviation,GB54HVSS04902787429671,2026-05-30,22895,1
PAY-86601,INV-76300,OMC-014,Texol Energies,GB06ONXS45314737996507,2026-05-29,23530,1
PAY-10005,INV-51896,OMC-016,KPA Marine,GB31MOOJ96499091334123,2026-07-10,66832,1
PAY-90274,INV-54816,OMC-005,PetroOil Kenya,GB89GWUW86379402654235,2026-04-17,74345,2
PAY-95681,INV-19392,OMC-019,Tanzania Petroleum,GB64OAXE62174596158657,2025-07-05," KES 266,351 ",1
PAY-41288,INV-11693,OMC-007,Kobil,GB37IDDX82449353487401,2026-03-07," KES 65,266 ",2
PAY-60965,INV-79186,OMC-011,Hass Petroleum,GB56WGCN65876036690967,2025-09-23,53530,1
PAY-20738,INV-72901,OMC-001,TotalEnergies Kenya,GB06DMIO52553419283276,2025-05-26,137747,1
PAY-60658,INV-16614,OMC-010,Tamoil,GB34EABH79176936763201,2025-07-29,68055,2
PAY-18462,INV-69967,OMC-013,Lake Oil,GB88TEHE71937452991241,2026-05-24,163256,1
PAY-49294,INV-89435,OMC-001,TotalEnergies Kenya,GB06DMIO52553419283276,2025-05-21,7927,2
PAY-12813,INV-62164,OMC-008,National Oil,GB08NAFX56342160733754,2025-08-05,24668,1
PAY-14166,INV-87681,OMC-013,Lake Oil,GB88TEHE71937452991241,2025-05-07,53946,1
PAY-33937,INV-37814,OMC-011,Hass Petroleum,GB56WGCN65876036690967,2025-08-08,40859,1
PAY-50511,INV-91543,OMC-003,Rubis Energy,GB04LOQO13315098393010,2026-05-08,96884,1
PAY-29411,INV-40600,OMC-018,Uganda National Oil,GB73JRAR61317127484677,2025-09-05,161491,1
PAY-43115,INV-80209,OMC-014,Texol Energies,GB06ONXS45314737996507,2026-07-05,35999,1
PAY-57756,INV-91443,OMC-012,Galana Energies,GB89GWUW86379402654235,2026-03-25,223841,1
PAY-40868,INV-32240,OMC-016,KPA Marine,GB31MOOJ96499091334123,2026-03-23," KES 52,101 ",1
PAY-79292,INV-66141,OMC-014,Texol Energies,GB06ONXS45314737996507,2026-01-04,172078,1
PAY-47600,INV-86740,OMC-016,KPA Marine,GB31MOOJ96499091334123,2026-03-16,152399,1
PAY-28871,INV-83226,OMC-009,Dalbit Petroleum,GB53VXXX35615951484656,2025-11-01,118498,1
PAY-10749,INV-77652,OMC-002,Vivo Energy,GB45OQIR01845146270482,2026-03-12,243244,1
PAY-12027,INV-61288,OMC-015,Mombasa Petroleum,GB80WOIJ43135182337498,2025-09-26,52182,1
PAY-26452,INV-39667,OMC-019,Tanzania Petroleum,GB64OAXE62174596158657,19/07/2026,18206,1
PAY-54019,INV-54845,OMC-008,National Oil,GB08NAFX56342160733754,2025-06-30,24177,1
PAY-86057,INV-29850,OMC-016,KPA Marine,GB31MOOJ96499091334123,2026-03-30,187513,1
PAY-35550,INV-83062,OMC-006,Hashi Energy,GB05QCFC91361939909169,2025-05-08,142504,1
PAY-52077,INV-27130,OMC-010,Tamoil,GB34EABH79176936763201,2025-03-25,265803,1
PAY-27796,INV-25446,OMC-012,Galana Energies,GB89GWUW86379402654235,2026-06-03,66386,2
PAY-47559,INV-87932,OMC-019,Tanzania Petroleum,GB64OAXE62174596158657,2025-06-14,22381,1
PAY-38103,INV-82564,OMC-019,Tanzania Petroleum,GB64OAXE62174596158657,2025-11-24,31554,1
PAY-58509,INV-43488,OMC-005,PetroOil Kenya,GB89GWUW86379402654235,2026-04-09,154188,1
PAY-96766,INV-89344,OMC-003,Rubis Energy,GB04LOQO13315098393010,2025-10-22,112529,1
PAY-65467,INV-69651,OMC-003,Rubis Energy,GB04LOQO13315098393010,2026-06-10,175944,1
PAY-27298,INV-52037,OMC-018,Uganda National Oil,GB73JRAR61317127484677,2026-06-15,94521,1
PAY-76764,INV-92897,OMC-014,Texol Energies,GB06ONXS45314737996507,2026-03-28,24519,2
PAY-98767,INV-31479,OMC-018,Uganda National Oil,GB73JRAR61317127484677,2025-06-29,26226,1
PAY-63536,INV-95395,OMC-012,Galana Energies,GB89GWUW86379402654235,2026-06-06,53890,2
PAY-47416,INV-53774,OMC-015,Mombasa Petroleum,GB80WOIJ43135182337498,2026-03-06,29871,1
PAY-60676,INV-99947,OMC-009,Dalbit Petroleum,GB53VXXX35615951484656,2026-05-23," KES 21,393 ",1
PAY-26863,INV-92411,OMC-006,Hashi Energy,GB05QCFC91361939909169,2025-03-25,185925,1
PAY-42471,INV-62006,OMC-010,Tamoil,GB34EABH79176936763201,2026-02-12,60465,1
PAY-78775,INV-10561,OMC-002,Vivo Energy,GB45OQIR01845146270482,2026-06-29,44675,1
PAY-59812,INV-72401,OMC-010,Tamoil,GB34EABH79176936763201,2025-10-04,40167,1
PAY-69674,INV-23972,OMC-012,Galana Energies,GB89GWUW86379402654235,2026-03-28,30127,1
PAY-35721,INV-16278,OMC-019,Tanzania Petroleum,GB64OAXE62174596158657,2025-03-27," KES 104,300 ",2
PAY-50515,INV-67731,OMC-004,Gulf Energy,GB89GWUW86379402654235,2026-06-13,52970,2
PAY-30356,INV-24687,OMC-011,Hass Petroleum,GB56WGCN65876036690967,2025-07-16,105676,1
PAY-90269,INV-16989,OMC-004,Gulf Energy,GB89GWUW86379402654235,2026-05-02,49825,1
PAY-42906,INV-74126,OMC-006,Hashi Energy,GB05QCFC91361939909169,2025-06-14,42527,1
PAY-50251,INV-56361,OMC-013,Lake Oil,GB88TEHE71937452991241,12/06/2025," KES 37,042 ",1
PAY-95432,INV-85166,OMC-001,TotalEnergies Kenya,GB06DMIO52553419283276,2025-03-10,291588,1
PAY-52006,INV-48675,OMC-011,Hass Petroleum,GB56WGCN65876036690967,2026-04-20,302916,1
PAY-70537,INV-92930,OMC-007,Kobil,GB37IDDX82449353487401,2026-02-04,31984,1
PAY-28752,INV-32938,OMC-015,Mombasa Petroleum,GB80WOIJ43135182337498,2026-02-09,57903,1
PAY-68986,INV-51444,OMC-010,Tamoil,GB34EABH79176936763201,2025-08-11,111429,1
PAY-87663,INV-56696,OMC-017,KAA Aviation,GB54HVSS04902787429671,2025-09-26,29609,1
PAY-67258,INV-59682,OMC-018,Uganda National Oil,GB73JRAR61317127484677,2026-06-22,114966,1
PAY-91809,INV-80883,OMC-005,PetroOil Kenya,GB89GWUW86379402654235,2026-07-07,18255,2
PAY-72144,INV-62267,OMC-018,Uganda National Oil,GB73JRAR61317127484677,2025-04-23," KES 89,158 ",1
PAY-47543,INV-34130,OMC-009,Dalbit Petroleum,GB53VXXX35615951484656,2026-08-18,73982,2
PAY-51790,INV-26047,OMC-005,PetroOil Kenya,GB89GWUW86379402654235,2026-06-22,113758,1
PAY-49814,INV-33426,OMC-013,Lake Oil,GB88TEHE71937452991241,2026-01-30,250838,1
PAY-48116,INV-87429,OMC-019,Tanzania Petroleum,GB64OAXE62174596158657,2025-03-12,45216,1
PAY-96221,INV-25646,OMC-011,Hass Petroleum,GB56WGCN65876036690967,2025-03-05,164907,1
PAY-65318,INV-29710,OMC-018,Uganda National Oil,GB73JRAR61317127484677,2026-05-20,65060,1
PAY-86675,INV-13398,OMC-005,PetroOil Kenya,GB89GWUW86379402654235,2026-06-22,173155,1
PAY-34460,INV-66635,OMC-004,Gulf Energy,GB89GWUW86379402654235,2026-06-06,5602,2
PAY-97377,INV-20623,OMC-017,KAA Aviation,GB54HVSS04902787429671,03/12/2025,122137,1
PAY-77744,INV-78230,OMC-006,Hashi Energy,GB05QCFC91361939909169,2025-04-09,71373,1
PAY-71582,INV-34885,OMC-012,Galana Energies,GB89GWUW86379402654235,2026-05-21,218340,1
PAY-53776,INV-51403,OMC-001,TotalEnergies Kenya,GB06DMIO52553419283276,2025-04-23,34921,1
PAY-57015,INV-61839,OMC-008,National Oil,GB08NAFX56342160733754,2026-02-08," KES 37,646 ",1
PAY-90198,INV-91801,OMC-009,Dalbit Petroleum,GB53VXXX35615951484656,2026-06-01,117569,1
PAY-63761,INV-96470,OMC-018,Uganda National Oil,GB73JRAR61317127484677,2025-05-28,67625,2
PAY-74482,INV-99761,OMC-014,Texol Energies,GB06ONXS45314737996507,,84857,2
PAY-20667,INV-94806,OMC-019,Tanzania Petroleum,GB64OAXE62174596158657,2025-08-24,85650,1
PAY-30896,INV-51539,OMC-018,Uganda National Oil,GB73JRAR61317127484677,2025-04-18,59781,1
PAY-49248,INV-96085,OMC-005,PetroOil Kenya,GB89GWUW86379402654235,2026-04-20,177131,1
PAY-97602,INV-39977,OMC-008,National Oil,GB08NAFX56342160733754,2026-03-10,240134,1
PAY-85669,INV-59640,OMC-018,Uganda National Oil,GB73JRAR61317127484677,2025-09-29,59114,2
PAY-11054,INV-59601,OMC-003,Rubis Energy,GB04LOQO13315098393010,2025-07-02,113625,2
PAY-22205,INV-28946,OMC-007,Kobil,GB37IDDX82449353487401,2025-10-01,119492,1
PAY-67727,INV-65498,OMC-015,Mombasa Petroleum,GB80WOIJ43135182337498,2026-08-07,249303,1
PAY-67695,INV-48677,OMC-020,Ethiopian Oil,GB08IVAZ74821759464743,2026-02-23,26539,1
PAY-36570,INV-51770,OMC-009,Dalbit Petroleum,GB53VXXX35615951484656,2026-03-28,70798,2
PAY-95209,INV-23491,OMC-012,Galana Energies,GB89GWUW86379402654235,2026-05-30,108397,2
PAY-42035,INV-58350,OMC-001,TotalEnergies Kenya,GB06DMIO52553419283276,2025-07-31,44237,2
PAY-16935,INV-92783,OMC-004,Gulf Energy,GB89GWUW86379402654235,2026-06-01,74692,1
PAY-83734,INV-28344,OMC-005,PetroOil Kenya,GB89GWUW86379402654235,2026-04-26,157606,1
PAY-73497,INV-83863,OMC-013,Lake Oil,GB88TEHE71937452991241,2025-10-24,289187,1
PAY-88905,INV-63716,OMC-011,Hass Petroleum,GB56WGCN65876036690967,2026-06-27,32194,1
PAY-77670,INV-63206,OMC-014,Texol Energies,GB06ONXS45314737996507,2025-08-02,251230,1
PAY-52504,INV-23279,OMC-005,PetroOil Kenya,GB89GWUW86379402654235,2026-05-31,27802,1
PAY-92073,INV-99905,OMC-015,Mombasa Petroleum,GB80WOIJ43135182337498,27/12/2025,34126,1
PAY-64851,INV-25441,OMC-010,Tamoil,GB34EABH79176936763201,2026-07-27,167528,1
PAY-32669,INV-27022,OMC-011,Hass Petroleum,GB56WGCN65876036690967,2025-03-25,199903,1
PAY-15116,INV-38853,OMC-002,Vivo Energy,GB45OQIR01845146270482,2026-03-12,39479,1
PAY-64074,INV-39192,OMC-008,National Oil,GB08NAFX56342160733754,2026-03-19,173566,1
PAY-61787,INV-72972,OMC-015,Mombasa Petroleum,GB80WOIJ43135182337498,06/05/2026,256285,1
PAY-30839,INV-48767,OMC-002,Vivo Energy,GB45OQIR01845146270482,2026-02-19," KES 208,274 ",1
PAY-55376,INV-26069,OMC-016,KPA Marine,GB31MOOJ96499091334123,2025-02-17,39930,1
PAY-70184,INV-49323,OMC-003,Rubis Energy,GB04LOQO13315098393010,2025-07-07,272593,1
PAY-82143,INV-78329,OMC-015,Mombasa Petroleum,GB80WOIJ43135182337498,2025-06-19,101117,1
PAY-86408,INV-65274,OMC-011,Hass Petroleum,GB56WGCN65876036690967,2025-10-15,93662,1
PAY-15183,INV-57268,OMC-005,PetroOil Kenya,GB89GWUW86379402654235,2026-03-26,242537,1
PAY-21517,INV-18427,OMC-010,Tamoil,GB34EABH79176936763201,2026-05-25,42031,1
PAY-46242,INV-37308,OMC-020,Ethiopian Oil,GB08IVAZ74821759464743,2025-04-15,53080,1
PAY-79282,INV-68160,OMC-011,Hass Petroleum,GB56WGCN65876036690967,2026-02-02,53625,1
PAY-67032,INV-86586,OMC-002,Vivo Energy,GB45OQIR01845146270482,2025-10-22,44534,1
PAY-67838,INV-65546,OMC-003,Rubis Energy,GB04LOQO13315098393010,2026-06-01,118847,1
PAY-30502,INV-88596,OMC-016,KPA Marine,GB31MOOJ96499091334123,2026-01-20,147778,1
PAY-15463,INV-62407,OMC-016,KPA Marine,GB31MOOJ96499091334123,2025-10-06,264885,1
PAY-59475,INV-59936,OMC-014,Texol Energies,GB06ONXS45314737996507,2025-08-24," KES 38,757 ",1
PAY-44291,INV-60085,OMC-004,Gulf Energy,GB89GWUW86379402654235,2026-05-11,18798,2
PAY-74608,INV-62211,OMC-017,KAA Aviation,GB54HVSS04902787429671,2025-10-08,192197,1
PAY-71627,INV-84707,OMC-003,Rubis Energy,GB04LOQO13315098393010,2025-02-27,102735,1
PAY-88157,INV-34326,OMC-008,National Oil,GB08NAFX56342160733754,2025-10-26,48626,1
PAY-45305,INV-89845,OMC-016,KPA Marine,GB31MOOJ96499091334123,2026-04-25,36225,1
PAY-14550,INV-54985,OMC-010,Tamoil,GB34EABH79176936763201,2025-02-05,104412,1
PAY-79483,INV-56334,OMC-018,Uganda National Oil,GB73JRAR61317127484677,2026-08-07,33712,1
PAY-16297,INV-27378,OMC-018,Uganda National Oil,GB73JRAR61317127484677,2025-05-14,105542,1
PAY-40269,INV-41960,OMC-014,Texol Energies,GB06ONXS45314737996507,2025-11-27,15938,2
PAY-49655,INV-99579,OMC-002,Vivo Energy,GB45OQIR01845146270482,2025-10-11,204749,1
PAY-67366,INV-49080,OMC-019,Tanzania Petroleum,GB64OAXE62174596158657,2025-08-14,204263,1
PAY-46410,INV-97361,OMC-014,Texol Energies,GB06ONXS45314737996507,2026-04-29,63003,1
PAY-70582,INV-66661,OMC-019,Tanzania Petroleum,GB64OAXE62174596158657,16/05/2025,161804,1
PAY-28926,INV-94521,OMC-009,Dalbit Petroleum,GB53VXXX35615951484656,2026-01-29,47628,1
PAY-88536,INV-21175,OMC-020,Ethiopian Oil,GB08IVAZ74821759464743,2026-03-31,190604,1
PAY-65884,INV-98482,OMC-003,Rubis Energy,GB04LOQO13315098393010,2026-04-18,149451,1
PAY-34348,INV-67010,OMC-018,Uganda National Oil,GB73JRAR61317127484677,2025-09-08,54503,2
PAY-36779,INV-93631,OMC-019,Tanzania Petroleum,GB64OAXE62174596158657,2025-08-16," KES 49,655 ",1
PAY-92021,INV-29438,OMC-008,National Oil,GB08NAFX56342160733754,2025-05-19," KES 187,705 ",1
PAY-39149,INV-21454,OMC-003,Rubis Energy,GB04LOQO13315098393010,2026-04-27,148044,1
PAY-22170,INV-54866,OMC-010,Tamoil,GB34EABH79176936763201,2025-10-14,98950,1
PAY-50922,INV-85416,OMC-001,TotalEnergies Kenya,GB06DMIO52553419283276,2025-04-11,145859,1
PAY-40344,INV-50828,OMC-020,Ethiopian Oil,GB08IVAZ74821759464743,2025-11-04,136087,1
PAY-10221,INV-27757,OMC-018,Uganda National Oil,GB73JRAR61317127484677,2025-03-02,130077,1
PAY-22565,INV-64748,OMC-016,KPA Marine,GB31MOOJ96499091334123,2026-06-16,273757,1
PAY-37492,INV-59401,OMC-011,Hass Petroleum,GB56WGCN65876036690967,2025-03-13,182944,1
PAY-19288,INV-45039,OMC-005,PetroOil Kenya,GB89GWUW86379402654235,2026-04-29,68495,1
PAY-96393,INV-15895,OMC-018,Uganda National Oil,GB73JRAR61317127484677,2025-12-07,35236,1
PAY-70479,INV-16842,OMC-002,Vivo Energy,GB45OQIR01845146270482,2025-12-28,72298,2
PAY-42728,INV-49993,OMC-016,KPA Marine,GB31MOOJ96499091334123,2026-03-10,101940,2
PAY-93610,INV-58448,OMC-016,KPA Marine,GB31MOOJ96499091334123,2025-03-19,167545,1
PAY-68343,INV-53754,OMC-019,Tanzania Petroleum,GB64OAXE62174596158657,2025-02-14,92115,1
PAY-72625,INV-97020,OMC-017,KAA Aviation,GB54HVSS04902787429671,2025-02-23,50681,1
PAY-95878,INV-61974,OMC-002,Vivo Energy,GB45OQIR01845146270482,2026-04-10,274197,1
PAY-14135,INV-62930,OMC-011,Hass Petroleum,GB56WGCN65876036690967,2026-01-28,283112,1
PAY-75934,INV-75483,OMC-003,Rubis Energy,GB04LOQO13315098393010,2025-06-06,92459,1
PAY-93983,INV-94736,OMC-012,Galana Energies,GB89GWUW86379402654235,2026-05-26,116795,1
PAY-58036,INV-50397,OMC-009,Dalbit Petroleum,GB53VXXX35615951484656,06/06/2026,180059,1
PAY-16425,INV-12338,OMC-016,KPA Marine,GB31MOOJ96499091334123,2026-02-20,177557,1
PAY-91298,INV-82087,OMC-012,Galana Energies,GB89GWUW86379402654235,2026-03-27,83797,2
PAY-96916,INV-40624,OMC-011,Hass Petroleum,GB56WGCN65876036690967,2026-05-17,261526,1
PAY-38371,INV-88719,OMC-015,Mombasa Petroleum,GB80WOIJ43135182337498,2026-07-21,136281,1
PAY-14220,INV-91726,OMC-013,Lake Oil,GB88TEHE71937452991241,2025-08-15,108799,1
PAY-65768,INV-56441,OMC-013,Lake Oil,GB88TEHE71937452991241,01/07/2025,61179,1
PAY-68273,INV-86723,OMC-008,National Oil,GB08NAFX56342160733754,2026-06-17,25443,1
PAY-22717,INV-61451,OMC-007,Kobil,GB37IDDX82449353487401,2025-12-30,152520,1
PAY-22133,INV-42078,OMC-006,Hashi Energy,GB05QCFC91361939909169,2025-07-09,165486,1
PAY-64222,INV-18094,OMC-010,Tamoil,GB34EABH79176936763201,14/11/2025,74119,1
PAY-32752,INV-73276,OMC-013,Lake Oil,GB88TEHE71937452991241,2026-08-29,55361,1
PAY-94294,INV-67357,OMC-020,Ethiopian Oil,GB08IVAZ74821759464743,2025-07-13,267303,1
PAY-65048,INV-22114,OMC-005,PetroOil Kenya,GB89GWUW86379402654235,2026-03-08,78173,1
PAY-34469,INV-61049,OMC-020,Ethiopian Oil,GB08IVAZ74821759464743,2025-09-29,259289,1
PAY-91520,INV-13375,OMC-016,KPA Marine,GB31MOOJ96499091334123,2026-06-13,44232,1
PAY-34612,INV-36001,OMC-010,Tamoil,GB34EABH79176936763201,2026-04-15,140176,1
PAY-93384,INV-73027,OMC-005,PetroOil Kenya,GB89GWUW86379402654235,2026-06-09,79016,1
PAY-79231,INV-46761,OMC-011,Hass Petroleum,GB56WGCN65876036690967,2025-08-31,196569,1
PAY-22662,INV-76210,OMC-002,Vivo Energy,GB45OQIR01845146270482,2026-06-15,31109,2
PAY-58774,INV-89566,OMC-011,Hass Petroleum,GB56WGCN65876036690967,2026-05-12,194742,1
PAY-60136,INV-60121,OMC-014,Texol Energies,GB06ONXS45314737996507,2026-03-28,249411,1
PAY-97117,INV-54275,OMC-014,Texol Energies,GB06ONXS45314737996507,2025-12-07,278473,1
PAY-59223,INV-36508,OMC-002,Vivo Energy,GB45OQIR01845146270482,2026-01-04,80584,2
PAY-13879,INV-92764,OMC-020,Ethiopian Oil,GB08IVAZ74821759464743,2026-05-13,35094,1
PAY-67568,INV-83393,OMC-005,PetroOil Kenya,GB89GWUW86379402654235,2026-05-27,64377,2
PAY-18203,INV-79123,OMC-013,Lake Oil,GB88TEHE71937452991241,2025-06-29,29542,1
PAY-46700,INV-72393,OMC-002,Vivo Energy,GB45OQIR01845146270482,2026-02-12,49515,1
PAY-30199,INV-88590,OMC-013,Lake Oil,GB88TEHE71937452991241,2025-10-09,61463,1
PAY-95315,INV-37977,OMC-005,PetroOil Kenya,GB89GWUW86379402654235,2026-05-15,45473,1
PAY-28041,INV-45985,OMC-014,Texol Energies,GB06ONXS45314737996507,2026-03-15,50153,2
PAY-28727,INV-23088,OMC-001,TotalEnergies Kenya,GB06DMIO52553419283276,2025-07-19,113949,2
PAY-53364,INV-87355,OMC-002,Vivo Energy,GB45OQIR01845146270482,2025-12-06,62317,1
PAY-64693,INV-63560,OMC-006,Hashi Energy,GB05QCFC91361939909169,2025-10-01,10777,2
PAY-38966,INV-38656,OMC-020,Ethiopian Oil,GB08IVAZ74821759464743,2026-02-06,203966,1
PAY-29240,INV-12231,OMC-002,Vivo Energy,GB45OQIR01845146270482,2025-12-05,193662,1
PAY-69389,INV-91752,OMC-008,National Oil,GB08NAFX56342160733754,2026-03-29,168366,1
PAY-65014,INV-72996,OMC-019,Tanzania Petroleum,GB64OAXE62174596158657,2025-10-04,88693,2
PAY-16391,INV-89211,OMC-011,Hass Petroleum,GB56WGCN65876036690967,2025-04-12,37804,1
PAY-65809,INV-24093,OMC-001,TotalEnergies Kenya,GB06DMIO52553419283276,2025-10-19,256882,1
PAY-65373,INV-41740,OMC-020,Ethiopian Oil,GB08IVAZ74821759464743,2025-05-02,84528,1
PAY-94461,INV-13792,OMC-004,Gulf Energy,GB89GWUW86379402654235,2026-04-30,29535,1
PAY-58524,INV-31899,OMC-013,Lake Oil,GB88TEHE71937452991241,2026-07-06,47788,1
PAY-91593,INV-14240,OMC-010,Tamoil,GB34EABH79176936763201,2026-03-11,292382,1
PAY-98773,INV-12151,OMC-019,Tanzania Petroleum,GB64OAXE62174596158657,2025-07-06,54118,1
PAY-93444,INV-82743,OMC-005,PetroOil Kenya,GB89GWUW86379402654235,23/05/2026,193227,1
PAY-87533,INV-37822,OMC-017,KAA Aviation,GB54HVSS04902787429671,2025-07-22,56838,1
PAY-15567,INV-89364,OMC-002,Vivo Energy,GB45OQIR01845146270482,2026-06-05," KES 96,019 ",1
PAY-92989,INV-17186,OMC-003,Rubis Energy,GB04LOQO13315098393010,2026-01-11,76915,2
PAY-69045,INV-66793,OMC-007,Kobil,GB37IDDX82449353487401,2025-12-09,203617,1
PAY-70568,INV-97705,OMC-003,Rubis Energy,GB04LOQO13315098393010,2025-08-08,54129,1
PAY-44721,INV-42909,OMC-006,Hashi Energy,GB05QCFC91361939909169,2026-07-31,64841,1
PAY-11274,INV-78447,OMC-006,Hashi Energy,GB05QCFC91361939909169,2025-08-03,60023,1
PAY-68133,INV-93845,OMC-017,KAA Aviation,GB54HVSS04902787429671,2025-12-09,37773,1
PAY-77321,INV-42732,OMC-013,Lake Oil,GB88TEHE71937452991241,2025-01-25,199198,1
PAY-97426,INV-33910,OMC-012,Galana Energies,GB89GWUW86379402654235,2026-06-26,42388,2
PAY-16234,INV-68827,OMC-005,PetroOil Kenya,GB89GWUW86379402654235,2026-04-27,121322,2
PAY-51570,INV-20309,OMC-003,Rubis Energy,GB04LOQO13315098393010,2026-07-30,285551,1
PAY-52819,INV-11108,OMC-017,KAA Aviation,GB54HVSS04902787429671,2025-05-16,38403,1
PAY-41707,INV-89330,OMC-002,Vivo Energy,GB45OQIR01845146270482,2026-06-08,37416,1
PAY-68795,INV-46668,OMC-009,Dalbit Petroleum,GB53VXXX35615951484656,2025-06-28,113170,1
PAY-86910,INV-26389,OMC-002,Vivo Energy,GB45OQIR01845146270482,2026-01-20," KES 12,252 ",2
PAY-60368,INV-93785,OMC-003,Rubis Energy,GB04LOQO13315098393010,2025-09-06,146154,1
PAY-50931,INV-76982,OMC-014,Texol Energies,GB06ONXS45314737996507,2025-07-04,118865,1
PAY-66998,INV-72343,OMC-009,Dalbit Petroleum,GB53VXXX35615951484656,2025-07-24,118357,1
PAY-65538,INV-78808,OMC-005,PetroOil Kenya,GB89GWUW86379402654235,2026-04-04,33473,2
PAY-65571,INV-53656,OMC-006,Hashi Energy,GB05QCFC91361939909169,2025-04-01,36046,1
PAY-81655,INV-60455,OMC-007,Kobil,GB37IDDX82449353487401,2026-07-09,64057,1
PAY-82719,INV-79825,OMC-006,Hashi Energy,GB05QCFC91361939909169,2025-08-10,33463,1
PAY-24653,INV-78642,OMC-016,KPA Marine,GB31MOOJ96499091334123,2026-02-26,97493,1
PAY-71679,INV-96930,OMC-016,KPA Marine,GB31MOOJ96499091334123,2026-02-16,248990,1
PAY-87517,INV-92440,OMC-008,National Oil,GB08NAFX56342160733754,2025-04-17,61093,1
PAY-87560,INV-83395,OMC-018,Uganda National Oil,GB73JRAR61317127484677,2025-05-17,178764,1
PAY-19047,INV-26979,OMC-007,Kobil,GB37IDDX82449353487401,2025-04-05,130481,1
PAY-97045,INV-85917,OMC-001,TotalEnergies Kenya,GB06DMIO52553419283276,2026-07-06," KES 207,571 ",1
PAY-44901,INV-77492,OMC-003,Rubis Energy,GB04LOQO13315098393010,2025-06-04," KES 259,260 ",1
PAY-93141,INV-36240,OMC-009,Dalbit Petroleum,GB53VXXX35615951484656,2026-08-17,257141,1
PAY-44787,INV-78990,OMC-002,Vivo Energy,GB45OQIR01845146270482,2025-12-20,128559,1
PAY-55187,INV-56611,OMC-020,Ethiopian Oil,GB08IVAZ74821759464743,2026-06-27,213563,1
PAY-84781,INV-38954,OMC-014,Texol Energies,GB06ONXS45314737996507,2025-02-06,152117,1
PAY-30071,INV-96903,OMC-013,Lake Oil,GB88TEHE71937452991241,2026-07-18," KES 186,774 ",1
PAY-44925,INV-83604,OMC-008,National Oil,GB08NAFX56342160733754,2026-05-20,199855,1
PAY-51955,INV-43730,OMC-019,Tanzania Petroleum,GB64OAXE62174596158657,2025-11-20,103277,1
PAY-15051,INV-40368,OMC-019,Tanzania Petroleum,GB64OAXE62174596158657,2026-01-31,46724,1
PAY-82087,INV-94549,OMC-017,KAA Aviation,GB54HVSS04902787429671,2026-07-18,33932,1
PAY-21264,INV-49783,OMC-014,Texol Energies,GB06ONXS45314737996507,2025-09-25,61462,2
PAY-47663,INV-90638,OMC-005,PetroOil Kenya,GB89GWUW86379402654235,2026-02-24,27260,1
PAY-63491,INV-35930,OMC-004,Gulf Energy,GB89GWUW86379402654235,27/06/2026,44191,2
PAY-45779,INV-81191,OMC-010,Tamoil,GB34EABH79176936763201,2026-06-27,137933,1
PAY-62402,INV-94867,OMC-014,Texol Energies,GB06ONXS45314737996507,2026-03-14,27913,2
PAY-22164,INV-58326,OMC-009,Dalbit Petroleum,GB53VXXX35615951484656,2026-04-24,42265,1
PAY-29008,INV-50825,OMC-019,Tanzania Petroleum,GB64OAXE62174596158657,,31118,1
PAY-24137,INV-85775,OMC-010,Tamoil,GB34EABH79176936763201,2025-09-19,135375,1
PAY-81284,INV-14925,OMC-008,National Oil,GB08NAFX56342160733754,2025-03-23,90865,1
PAY-84955,INV-64324,OMC-020,Ethiopian Oil,GB08IVAZ74821759464743,2026-03-14," KES 141,136 ",1
PAY-94611,INV-22991,OMC-010,Tamoil,GB34EABH79176936763201,2026-08-29," KES 48,055 ",1
PAY-40748,INV-35244,OMC-008,National Oil,GB08NAFX56342160733754,2025-05-17,23902,1
PAY-20248,INV-54303,OMC-020,Ethiopian Oil,GB08IVAZ74821759464743,2025-06-06,42362,1
PAY-67690,INV-15640,OMC-014,Texol Energies,GB06ONXS45314737996507,2026-07-18,205105,1
PAY-29423,INV-32883,OMC-017,KAA Aviation,GB54HVSS04902787429671,2025-12-23,237100,1
PAY-43154,INV-42821,OMC-009,Dalbit Petroleum,GB53VXXX35615951484656,2025-08-21,95842,2
PAY-83021,INV-81360,OMC-018,Uganda National Oil,GB73JRAR61317127484677,2026-07-06,46565,1
PAY-76310,INV-57990,OMC-007,Kobil,GB37IDDX82449353487401,2026-03-25,30975,1
PAY-14489,INV-78203,OMC-012,Galana Energies,GB89GWUW86379402654235,2026-06-16,114639,1
PAY-86243,INV-58055,OMC-002,Vivo Energy,GB45OQIR01845146270482,2026-04-24,57495,1
PAY-94001,INV-47273,OMC-016,KPA Marine,GB31MOOJ96499091334123,2025-08-24,8220,2
PAY-95867,INV-40561,OMC-012,Galana Energies,GB89GWUW86379402654235,2026-03-18,154693,1
PAY-26623,INV-23322,OMC-018,Uganda National Oil,GB73JRAR61317127484677,2026-04-23,88173,1
PAY-56869,INV-24720,OMC-007,Kobil,GB37IDDX82449353487401,2025-04-28,37680,1
PAY-28754,INV-53817,OMC-019,Tanzania Petroleum,GB64OAXE62174596158657,2026-06-06,167181,1
PAY-56761,INV-11513,OMC-012,Galana Energies,GB89GWUW86379402654235,2026-05-31,188792,1
PAY-14249,INV-79114,OMC-016,KPA Marine,GB31MOOJ96499091334123,2025-12-23,38545,2
PAY-98141,INV-82533,OMC-010,Tamoil,GB34EABH79176936763201,2025-09-14,43572,1
PAY-10084,INV-89333,OMC-005,PetroOil Kenya,GB89GWUW86379402654235,2026-06-22,8681,2
PAY-13114,INV-38199,OMC-002,Vivo Energy,GB45OQIR01845146270482,2025-05-31,138799,1
PAY-90416,INV-16612,OMC-014,Texol Energies,GB06ONXS45314737996507,23/05/2025," KES 191,435 ",1
PAY-19520,INV-34532,OMC-002,Vivo Energy,GB45OQIR01845146270482,2025-04-01,23922,1
PAY-71422,INV-61622,OMC-016,KPA Marine,GB31MOOJ96499091334123,2026-01-06,152759,1
PAY-51108,INV-20281,OMC-013,Lake Oil,GB88TEHE71937452991241,2025-12-11,76645,1
PAY-35084,INV-50743,OMC-015,Mombasa Petroleum,GB80WOIJ43135182337498,2026-01-21,153375,1
PAY-55888,INV-69134,OMC-001,TotalEnergies Kenya,GB06DMIO52553419283276,2025-09-02,22779,1
PAY-89189,INV-90624,OMC-002,Vivo Energy,GB45OQIR01845146270482,2025-06-16,92730,1
PAY-19818,INV-88608,OMC-010,Tamoil,GB34EABH79176936763201,2026-06-08,43689,1
PAY-29699,INV-84739,OMC-011,Hass Petroleum,GB56WGCN65876036690967,2026-03-23,36113,1
PAY-94706,INV-32777,OMC-003,Rubis Energy,GB04LOQO13315098393010,2025-04-24," KES 14,193 ",2
PAY-72349,INV-64834,OMC-001,TotalEnergies Kenya,GB06DMIO52553419283276,," KES 78,266 ",2
PAY-12362,INV-24827,OMC-009,Dalbit Petroleum,GB53VXXX35615951484656,2025-03-18,32268,1
PAY-32667,INV-55194,OMC-011,Hass Petroleum,GB56WGCN65876036690967,2026-05-20,308688,1
PAY-75370,INV-15594,OMC-013,Lake Oil,GB88TEHE71937452991241,2026-04-07,205933,1
PAY-36428,INV-77506,OMC-002,Vivo Energy,GB45OQIR01845146270482,,55283,1
PAY-48671,INV-15524,OMC-010,Tamoil,GB34EABH79176936763201,2025-04-26,217705,1
PAY-30685,INV-13856,OMC-011,Hass Petroleum,GB56WGCN65876036690967,2026-03-26,122066,1
PAY-56748,INV-66340,OMC-009,Dalbit Petroleum,GB53VXXX35615951484656,2025-12-30,56919,2
PAY-32750,INV-56904,OMC-007,Kobil,GB37IDDX82449353487401,2025-06-27,34397,2
PAY-29061,INV-92328,OMC-007,Kobil,GB37IDDX82449353487401,2025-03-26,259676,1
PAY-65308,INV-82659,OMC-012,Galana Energies,GB89GWUW86379402654235,2026-04-15,110417,1
PAY-74620,INV-56416,OMC-011,Hass Petroleum,GB56WGCN65876036690967,2026-02-09,55216,1
PAY-47967,INV-94917,OMC-013,Lake Oil,GB88TEHE71937452991241,2026-03-16,210202,1
PAY-23833,INV-50569,OMC-018,Uganda National Oil,GB73JRAR61317127484677,2025-06-18,207661,1
PAY-16733,INV-75162,OMC-016,KPA Marine,GB31MOOJ96499091334123,2026-05-10,198974,1
PAY-80075,INV-25534,OMC-010,Tamoil,GB34EABH79176936763201,2026-01-07,57230,1
PAY-63907,INV-25012,OMC-019,Tanzania Petroleum,GB64OAXE62174596158657,2026-01-23," KES 92,738 ",1
PAY-54593,INV-94731,OMC-008,National Oil,GB08NAFX56342160733754,2025-11-25,25486,1
PAY-11927,INV-63478,OMC-008,National Oil,GB08NAFX56342160733754,2025-02-22,277555,1
PAY-13776,INV-66403,OMC-019,Tanzania Petroleum,GB64OAXE62174596158657,2026-06-11,266466,1
PAY-22029,INV-55783,OMC-014,Texol Energies,GB06ONXS45314737996507,2025-06-03,25077,1
PAY-65985,INV-63274,OMC-016,KPA Marine,GB31MOOJ96499091334123,2025-10-04,136954,1
PAY-56336,INV-35971,OMC-001,TotalEnergies Kenya,GB06DMIO52553419283276,2026-05-27,148331,1
PAY-25514,INV-43653,OMC-011,Hass Petroleum,GB56WGCN65876036690967,2025-09-21,161971,1
PAY-18711,INV-36640,OMC-019,Tanzania Petroleum,GB64OAXE62174596158657,,101952,1
PAY-98938,INV-87289,OMC-018,Uganda National Oil,GB73JRAR61317127484677,2025-12-26,22391,1
PAY-85216,INV-61479,OMC-009,Dalbit Petroleum,GB53VXXX35615951484656,2025-11-16,216780,1
PAY-76647,INV-53091,OMC-010,Tamoil,GB34EABH79176936763201,13/05/2026,23534,1
PAY-34831,INV-72052,OMC-016,KPA Marine,GB31MOOJ96499091334123,2025-07-06,82102,2
PAY-40610,INV-28625,OMC-012,Galana Energies,GB89GWUW86379402654235,2026-06-07,34692,2
PAY-45189,INV-13231,OMC-007,Kobil,GB37IDDX82449353487401,2026-01-09,225418,1
PAY-81842,INV-76327,OMC-002,Vivo Energy,GB45OQIR01845146270482,18/11/2025,22384,1
PAY-19665,INV-73234,OMC-009,Dalbit Petroleum,GB53VXXX35615951484656,2026-02-28,20147,1
PAY-41053,INV-79661,OMC-002,Vivo Energy,GB45OQIR01845146270482,09/08/2025,13293,2
PAY-36412,INV-22275,OMC-011,Hass Petroleum,GB56WGCN65876036690967,2025-07-28,228790,1
PAY-51072,INV-65139,OMC-019,Tanzania Petroleum,GB64OAXE62174596158657,2026-08-03,37859,1
PAY-34905,INV-47686,OMC-001,TotalEnergies Kenya,GB06DMIO52553419283276,2025-07-22,10226,2
PAY-21538,INV-75644,OMC-011,Hass Petroleum,GB56WGCN65876036690967,2025-08-15,98404,1
PAY-77135,INV-61871,OMC-001,TotalEnergies Kenya,GB06DMIO52553419283276,2026-01-25,171808,1
PAY-80778,INV-83591,OMC-012,Galana Energies,GB89GWUW86379402654235,2026-07-03,63614,2
PAY-53300,INV-68087,OMC-015,Mombasa Petroleum,GB80WOIJ43135182337498,2026-06-12,106809,1
PAY-51203,INV-52068,OMC-006,Hashi Energy,GB05QCFC91361939909169,2026-05-20,45597,1
PAY-22819,INV-50858,OMC-008,National Oil,GB08NAFX56342160733754,,224439,1
PAY-59482,INV-27262,OMC-011,Hass Petroleum,GB56WGCN65876036690967,2026-03-02,35613,1
PAY-35467,INV-42843,OMC-017,KAA Aviation,GB54HVSS04902787429671,2025-06-30,165913,1
PAY-93473,INV-72406,OMC-010,Tamoil,GB34EABH79176936763201,15/02/2026,142084,1
PAY-63280,INV-33815,OMC-004,Gulf Energy,GB89GWUW86379402654235,2026-03-17,42410,2
PAY-67758,INV-11127,OMC-003,Rubis Energy,GB04LOQO13315098393010,2025-05-17,45451,1
PAY-76152,INV-99204,OMC-006,Hashi Energy,GB05QCFC91361939909169,2025-03-23,22492,2
PAY-19460,INV-72722,OMC-019,Tanzania Petroleum,GB64OAXE62174596158657,01/07/2026,33427,1
PAY-51283,INV-18495,OMC-007,Kobil,GB37IDDX82449353487401,2025-03-03,184348,1
PAY-67979,INV-95547,OMC-001,TotalEnergies Kenya,GB06DMIO52553419283276,2025-05-13,59877,1
PAY-42117,INV-94549,OMC-003,Rubis Energy,GB04LOQO13315098393010,2025-09-13," KES 138,604 ",1
PAY-36452,INV-18463,OMC-004,Gulf Energy,GB89GWUW86379402654235,2026-05-09,6403,2
PAY-64425,INV-41473,OMC-014,Texol Energies,GB06ONXS45314737996507,2026-01-23,78422,2
PAY-87574,INV-30788,OMC-008,National Oil,GB08NAFX56342160733754,2025-05-21,28991,2
PAY-54039,INV-29331,OMC-020,Ethiopian Oil,GB08IVAZ74821759464743,2025-10-24,59351,1
PAY-64608,INV-94533,OMC-004,Gulf Energy,GB89GWUW86379402654235,2026-05-09,151279,1
PAY-86014,INV-32939,OMC-008,National Oil,GB08NAFX56342160733754,2026-02-11,216430,1
PAY-61853,INV-98438,OMC-012,Galana Energies,GB89GWUW86379402654235,2026-06-09,94487,2
PAY-67843,INV-40189,OMC-003,Rubis Energy,GB04LOQO13315098393010,2025-06-16,20381,2
PAY-30235,INV-60476,OMC-017,KAA Aviation,GB54HVSS04902787429671,2025-05-24,140351,1
PAY-36694,INV-95410,OMC-004,Gulf Energy,GB89GWUW86379402654235,2026-05-19,243950,1
PAY-51276,INV-48415,OMC-013,Lake Oil,GB88TEHE71937452991241,2026-02-01,278217,1
PAY-69717,INV-12474,OMC-008,National Oil,GB08NAFX56342160733754,2026-06-26,95455,1
PAY-66995,INV-37823,OMC-014,Texol Energies,GB06ONXS45314737996507,2025-03-22,135059,1
PAY-97218,INV-11526,OMC-019,Tanzania Petroleum,GB64OAXE62174596158657,2026-06-10,164315,1
PAY-93815,INV-68714,OMC-002,Vivo Energy,GB45OQIR01845146270482,2025-10-21,130467,1
PAY-40633,INV-62418,OMC-008,National Oil,GB08NAFX56342160733754,2026-01-10,182934,1
PAY-86192,INV-80329,OMC-016,KPA Marine,GB31MOOJ96499091334123,2025-10-20,47911,2
PAY-29690,INV-20066,OMC-004,Gulf Energy,GB89GWUW86379402654235,2026-04-09,37743,1
PAY-99921,INV-22193,OMC-014,Texol Energies,GB06ONXS45314737996507,2025-06-20,234222,1
PAY-15804,INV-12385,OMC-005,PetroOil Kenya,GB89GWUW86379402654235,2026-04-05,203337,1
PAY-41398,INV-13689,OMC-017,KAA Aviation,GB54HVSS04902787429671,2026-03-24,26469,1
PAY-27949,INV-81216,OMC-011,Hass Petroleum,GB56WGCN65876036690967,13/09/2025,46221,2
PAY-47613,INV-13507,OMC-013,Lake Oil,GB88TEHE71937452991241,2025-08-09,131333,1
PAY-68157,INV-28075,OMC-002,Vivo Energy,GB45OQIR01845146270482,,131246,1
PAY-38773,INV-71219,OMC-004,Gulf Energy,GB89GWUW86379402654235,2026-04-27,56449,1
PAY-47989,INV-24245,OMC-003,Rubis Energy,GB04LOQO13315098393010,09/07/2026,31811,1
PAY-56686,INV-88743,OMC-004,Gulf Energy,GB89GWUW86379402654235,2026-04-12,111610,1
PAY-68677,INV-71441,OMC-001,TotalEnergies Kenya,GB06DMIO52553419283276,2025-05-09,28797,1
PAY-64050,INV-28662,OMC-017,KAA Aviation,GB54HVSS04902787429671,2025-03-24,254554,1
PAY-68457,INV-37596,OMC-020,Ethiopian Oil,GB08IVAZ74821759464743,2025-07-26,56764,1
PAY-53746,INV-12449,OMC-005,PetroOil Kenya,GB89GWUW86379402654235,2026-06-07,68351,2
PAY-96135,INV-96904,OMC-017,KAA Aviation,GB54HVSS04902787429671,2026-05-13,48153,1
PAY-26294,INV-62065,OMC-009,Dalbit Petroleum,GB53VXXX35615951484656,01/08/2025,193163,1
PAY-98782,INV-11713,OMC-009,Dalbit Petroleum,GB53VXXX35615951484656,2025-05-18,241963,1
PAY-75668,INV-72731,OMC-007,Kobil,GB37IDDX82449353487401,2025-12-06,25859,1
PAY-33847,INV-77149,OMC-020,Ethiopian Oil,GB08IVAZ74821759464743,2025-03-31," KES 24,163 ",2
PAY-72240,INV-28224,OMC-014,Texol Energies,GB06ONXS45314737996507,2025-08-13,105321,1
PAY-47282,INV-39274,OMC-011,Hass Petroleum,GB56WGCN65876036690967,2026-05-17,116922,1
PAY-60350,INV-15074,OMC-017,KAA Aviation,GB54HVSS04902787429671,,36166,1
PAY-92977,INV-81563,OMC-008,National Oil,GB08NAFX56342160733754,2025-06-07,47200,1
PAY-37029,INV-81986,OMC-017,KAA Aviation,GB54HVSS04902787429671,2025-10-15,95248,1
PAY-94123,INV-30459,OMC-001,TotalEnergies Kenya,GB06DMIO52553419283276,,112052,1
PAY-63161,INV-11090,OMC-010,Tamoil,GB34EABH79176936763201,2026-04-02," KES 37,278 ",1
PAY-56685,INV-30286,OMC-003,Rubis Energy,GB04LOQO13315098393010,2025-06-04,82071,2
PAY-98781,INV-44628,OMC-007,Kobil,GB37IDDX82449353487401,2025-06-07,43705,1
PAY-12352,INV-73552,OMC-008,National Oil,GB08NAFX56342160733754,2025-06-05,39998,1
PAY-85801,INV-24776,OMC-006,Hashi Energy,GB05QCFC91361939909169,2025-06-07,60011,1
PAY-56111,INV-54379,OMC-002,Vivo Energy,GB45OQIR01845146270482,2026-07-14,104762,1
PAY-29522,INV-19714,OMC-001,TotalEnergies Kenya,GB06DMIO52553419283276,2025-11-14,308281,1
PAY-50431,INV-29936,OMC-014,Texol Energies,GB06ONXS45314737996507,2025-07-10,17470,2
PAY-10659,INV-58523,OMC-009,Dalbit Petroleum,GB53VXXX35615951484656,2025-04-22,26064,2
PAY-21508,INV-56187,OMC-009,Dalbit Petroleum,GB53VXXX35615951484656,2025-06-28,50741,1
PAY-39641,INV-54000,OMC-019,Tanzania Petroleum,GB64OAXE62174596158657,2025-02-15,140849,1
PAY-93738,INV-98278,OMC-010,Tamoil,GB34EABH79176936763201,2025-10-19,61119,1
PAY-20214,INV-47720,OMC-005,PetroOil Kenya,GB89GWUW86379402654235,2026-06-01,16335,1
PAY-30720,INV-97936,OMC-006,Hashi Energy,GB05QCFC91361939909169,2026-06-16,123620,1
PAY-76393,INV-14283,OMC-017,KAA Aviation,GB54HVSS04902787429671,2025-05-02,31181,1
PAY-53733,INV-84313,OMC-011,Hass Petroleum,GB56WGCN65876036690967,2026-05-13,174187,1
PAY-31409,INV-53076,OMC-010,Tamoil,GB34EABH79176936763201,2025-10-09,191641,1
PAY-26321,INV-67817,OMC-013,Lake Oil,GB88TEHE71937452991241,2026-03-05,113865,1
PAY-69528,INV-41199,OMC-010,Tamoil,GB34EABH79176936763201,2025-01-25,39505,1
PAY-87306,INV-29357,OMC-015,Mombasa Petroleum,GB80WOIJ43135182337498,2026-01-26,124689,1
PAY-64573,INV-86822,OMC-006,Hashi Energy,GB05QCFC91361939909169,2026-02-03,59267,1
PAY-31523,INV-99058,OMC-008,National Oil,GB08NAFX56342160733754,27/05/2026,149547,1
PAY-61045,INV-37555,OMC-005,PetroOil Kenya,GB89GWUW86379402654235,01/04/2026,31914,2
PAY-93253,INV-87380,OMC-005,PetroOil Kenya,GB89GWUW86379402654235,2026-06-05,65408,2
PAY-78822,INV-24909,OMC-010,Tamoil,GB34EABH79176936763201,2026-04-17,43754,1
PAY-56761,INV-11513,OMC-012,Galana Energies,GB89GWUW86379402654235,2026-05-31,188792,1
PAY-43625,INV-34248,OMC-001,TotalEnergies Kenya,GB06DMIO52553419283276,2026-01-22,140988,1
PAY-84354,INV-69592,OMC-003,Rubis Energy,GB04LOQO13315098393010,2026-01-23,152291,1
PAY-80862,INV-41399,OMC-007,Kobil,GB37IDDX82449353487401,2025-08-08,140921,1
PAY-64521,INV-35320,OMC-007,Kobil,GB37IDDX82449353487401,25/11/2025,98104,1
PAY-18207,INV-12829,OMC-004,Gulf Energy,GB89GWUW86379402654235,2026-05-12,27116,2
PAY-88013,INV-89935,OMC-016,KPA Marine,GB31MOOJ96499091334123,2026-07-17,29080,1
PAY-67424,INV-95829,OMC-020,Ethiopian Oil,GB08IVAZ74821759464743,2025-11-09,22031,1
PAY-44393,INV-22230,OMC-004,Gulf Energy,GB89GWUW86379402654235,2026-04-11,11329,2
PAY-23173,INV-23922,OMC-018,Uganda National Oil,GB73JRAR61317127484677,2026-05-09," KES 26,357 ",2
PAY-82460,INV-76264,OMC-016,KPA Marine,GB31MOOJ96499091334123,,132505,1
PAY-40860,INV-16510,OMC-019,Tanzania Petroleum,GB64OAXE62174596158657,2025-10-12,265945,1
PAY-36761,INV-84188,OMC-008,National Oil,GB08NAFX56342160733754,2025-04-30," KES 44,130 ",1
PAY-20142,INV-63344,OMC-015,Mombasa Petroleum,GB80WOIJ43135182337498,2025-08-12,164034,1
PAY-28285,INV-14152,OMC-016,KPA Marine,GB31MOOJ96499091334123,2025-08-05,42255,2
PAY-10815,INV-88165,OMC-007,Kobil,GB37IDDX82449353487401,2025-03-28,224699,1
PAY-16433,INV-78954,OMC-005,PetroOil Kenya,GB89GWUW86379402654235,2026-05-25,48348,2
PAY-99107,INV-43442,OMC-015,Mombasa Petroleum,GB80WOIJ43135182337498,2026-04-20,53671,1
PAY-81397,INV-37517,OMC-007,Kobil,GB37IDDX82449353487401,2025-11-11,58932,1
PAY-46914,INV-12005,OMC-008,National Oil,GB08NAFX56342160733754,2025-01-28,112119,1
PAY-39320,INV-13795,OMC-019,Tanzania Petroleum,GB64OAXE62174596158657,2026-04-08,17003,1
PAY-82283,INV-38319,OMC-012,Galana Energies,GB89GWUW86379402654235,26/03/2026,34460,1
PAY-92923,INV-88341,OMC-007,Kobil,GB37IDDX82449353487401,2025-08-09,35213,2
PAY-28310,INV-30449,OMC-008,National Oil,GB08NAFX56342160733754,2026-03-14,38606,2
PAY-23261,INV-43105,OMC-014,Texol Energies,GB06ONXS45314737996507,2025-07-16,135963,1
PAY-15498,INV-30063,OMC-008,National Oil,GB08NAFX56342160733754,02/08/2026,45695,1
PAY-15930,INV-90280,OMC-014,Texol Energies,GB06ONXS45314737996507,2025-06-12,39801,1
PAY-39416,INV-33192,OMC-009,Dalbit Petroleum,GB53VXXX35615951484656,2026-07-02,254420,1
PAY-51788,INV-13925,OMC-001,TotalEnergies Kenya,GB06DMIO52553419283276,2026-01-24,22217,2
PAY-30525,INV-69366,OMC-008,National Oil,GB08NAFX56342160733754,2025-05-11,109507,1
PAY-46405,INV-12530,OMC-012,Galana Energies,GB89GWUW86379402654235,2026-06-09,34535,1
PAY-34127,INV-93756,OMC-002,Vivo Energy,GB45OQIR01845146270482,2026-03-06,154304,1
PAY-88784,INV-74798,OMC-006,Hashi Energy,GB05QCFC91361939909169,2026-06-06,55705,1
PAY-63350,INV-52705,OMC-019,Tanzania Petroleum,GB64OAXE62174596158657,2026-03-06,63048,1
PAY-86273,INV-69100,OMC-006,Hashi Energy,GB05QCFC91361939909169,2026-08-02,57088,1
PAY-74981,INV-30275,OMC-014,Texol Energies,GB06ONXS45314737996507,2026-01-26,71904,2
PAY-34004,INV-74183,OMC-001,TotalEnergies Kenya,GB06DMIO52553419283276,04/04/2026,287026,1
PAY-71770,INV-99837,OMC-005,PetroOil Kenya,GB89GWUW86379402654235,2026-06-26,40893,2
PAY-21178,INV-17095,OMC-006,Hashi Energy,GB05QCFC91361939909169,2026-06-20,154732,1
PAY-79365,INV-30585,OMC-014,Texol Energies,GB06ONXS45314737996507,2026-02-10,156040,1
PAY-36219,INV-16966,OMC-018,Uganda National Oil,GB73JRAR61317127484677,2026-01-07,23188,1
PAY-61650,INV-25328,OMC-018,Uganda National Oil,GB73JRAR61317127484677,2026-07-28,14055,2
PAY-96294,INV-48549,OMC-020,Ethiopian Oil,GB08IVAZ74821759464743,2025-12-30,29214,1
PAY-47645,INV-44410,OMC-001,TotalEnergies Kenya,GB06DMIO52553419283276,2026-06-29,8406,2
PAY-15312,INV-63075,OMC-004,Gulf Energy,GB89GWUW86379402654235,2026-05-11,210792,1
PAY-39614,INV-98299,OMC-014,Texol Energies,GB06ONXS45314737996507,2025-11-25,150525,1
PAY-46295,INV-42440,OMC-013,Lake Oil,GB88TEHE71937452991241,2025-12-29,276531,1
PAY-45730,INV-26471,OMC-020,Ethiopian Oil,GB08IVAZ74821759464743,06/10/2025,61673,1
PAY-72468,INV-17010,OMC-006,Hashi Energy,GB05QCFC91361939909169,2026-07-09,10266,2
PAY-21909,INV-27422,OMC-004,Gulf Energy,GB89GWUW86379402654235,2026-04-20,100499,1
PAY-58357,INV-80244,OMC-010,Tamoil,GB34EABH79176936763201,2025-06-01," KES 55,726 ",1
PAY-57255,INV-25412,OMC-011,Hass Petroleum,GB56WGCN65876036690967,2026-07-09,133664,1
PAY-72604,INV-33617,OMC-010,Tamoil,GB34EABH79176936763201,2025-05-02,145901,1
PAY-59272,INV-27605,OMC-014,Texol Energies,GB06ONXS45314737996507,2025-09-25,18225,1
PAY-19484,INV-70731,OMC-013,Lake Oil,GB88TEHE71937452991241,2026-04-02,54577,1
PAY-92684,INV-55931,OMC-004,Gulf Energy,GB89GWUW86379402654235,2026-04-23,309294,1
PAY-37048,INV-22322,OMC-019,Tanzania Petroleum,GB64OAXE62174596158657,2025-04-20,37134,1
PAY-73305,INV-38006,OMC-020,Ethiopian Oil,GB08IVAZ74821759464743,2025-05-25,30181,1
PAY-60067,INV-11149,OMC-008,National Oil,GB08NAFX56342160733754,2025-06-25,65976,1
PAY-58078,INV-55470,OMC-009,Dalbit Petroleum,GB53VXXX35615951484656,2025-07-31,20511,1
PAY-35039,INV-98213,OMC-007,Kobil,GB37IDDX82449353487401,2025-05-01,37675,1
PAY-71889,INV-33223,OMC-020,Ethiopian Oil,GB08IVAZ74821759464743,2025-05-29,22162,1
PAY-78316,INV-21158,OMC-004,Gulf Energy,GB89GWUW86379402654235,2026-03-22," KES 136,788 ",1
PAY-42217,INV-69955,OMC-013,Lake Oil,GB88TEHE71937452991241,2025-07-08,42943,1
PAY-27857,INV-14573,OMC-007,Kobil,GB37IDDX82449353487401,2026-06-04,63592,1
PAY-11501,INV-86389,OMC-003,Rubis Energy,GB04LOQO13315098393010,2025-04-27,183919,1
PAY-38718,INV-56803,OMC-017,KAA Aviation,GB54HVSS04902787429671,2026-01-21,172712,1
PAY-77226,INV-21119,OMC-014,Texol Energies,GB06ONXS45314737996507,2026-05-29,34521,1
PAY-24444,INV-71055,OMC-016,KPA Marine,GB31MOOJ96499091334123,,70132,1
PAY-10301,INV-33829,OMC-006,Hashi Energy,GB05QCFC91361939909169,2026-03-04,102575,1
PAY-15498,INV-30063,OMC-008,National Oil,GB08NAFX56342160733754,2026-08-02,45695,1
PAY-88462,INV-96559,OMC-015,Mombasa Petroleum,GB80WOIJ43135182337498,2025-07-02,53608,1
PAY-25814,INV-59889,OMC-002,Vivo Energy,GB45OQIR01845146270482,2025-06-25,8423,2
PAY-57225,INV-83406,OMC-010,Tamoil,GB34EABH79176936763201,2025-11-09,31609,1
PAY-18879,INV-44551,OMC-012,Galana Energies,GB89GWUW86379402654235,2026-03-03,26202,1
PAY-23352,INV-61709,OMC-009,Dalbit Petroleum,GB53VXXX35615951484656,2025-08-19,81026,1
PAY-48752,INV-66193,OMC-007,Kobil,GB37IDDX82449353487401,2026-04-23,87202,1
PAY-18122,INV-88396,OMC-016,KPA Marine,GB31MOOJ96499091334123,2026-08-07,14719,2
PAY-24938,INV-35510,OMC-005,PetroOil Kenya,GB89GWUW86379402654235,2026-04-20,71255,1
PAY-18805,INV-75134,OMC-011,Hass Petroleum,GB56WGCN65876036690967,2025-04-17,129518,1
PAY-99447,INV-45344,OMC-005,PetroOil Kenya,GB89GWUW86379402654235,2026-06-04,46922,2
PAY-19103,INV-85514,OMC-009,Dalbit Petroleum,GB53VXXX35615951484656,2026-02-26,32146,1
PAY-74781,INV-76223,OMC-017,KAA Aviation,GB54HVSS04902787429671,2026-03-25,108657,1
PAY-86332,INV-39483,OMC-019,Tanzania Petroleum,GB64OAXE62174596158657,2025-05-07,34344,1
PAY-71713,INV-47162,OMC-018,Uganda National Oil,GB73JRAR61317127484677,2026-03-19,40034,1
PAY-11171,INV-13478,OMC-001,TotalEnergies Kenya,GB06DMIO52553419283276,2025-11-05,34999,1
PAY-97559,INV-45513,OMC-001,TotalEnergies Kenya,GB06DMIO52553419283276,2025-05-01,61406,1
PAY-65097,INV-94397,OMC-017,KAA Aviation,GB54HVSS04902787429671,2025-12-12,159893,1
PAY-62913,INV-74812,OMC-001,TotalEnergies Kenya,GB06DMIO52553419283276,2025-09-30,145610,1
PAY-57391,INV-39498,OMC-016,KPA Marine,GB31MOOJ96499091334123,2025-02-18," KES 158,160 ",1
PAY-98465,INV-11739,OMC-004,Gulf Energy,GB89GWUW86379402654235,2026-04-25,32459,1
PAY-57805,INV-85318,OMC-011,Hass Petroleum,GB56WGCN65876036690967,2026-02-22,49959,1
PAY-14161,INV-59941,OMC-008,National Oil,GB08NAFX56342160733754,2025-03-27,94526,1
PAY-24595,INV-84883,OMC-018,Uganda National Oil,GB73JRAR61317127484677,2025-02-12," KES 158,994 ",1
PAY-37515,INV-73909,OMC-012,Galana Energies,GB89GWUW86379402654235,2026-04-26,54952,2
PAY-23590,INV-35071,OMC-004,Gulf Energy,GB89GWUW86379402654235,2026-06-23,93410,2
PAY-27255,INV-70715,OMC-001,TotalEnergies Kenya,GB06DMIO52553419283276,2025-09-13,257761,1
PAY-97029,INV-49850,OMC-006,Hashi Energy,GB05QCFC91361939909169,2025-05-25,180309,1
PAY-44471,INV-57775,OMC-019,Tanzania Petroleum,GB64OAXE62174596158657,2026-08-03,121951,1
PAY-38692,INV-68505,OMC-002,Vivo Energy,GB45OQIR01845146270482,2025-08-26,74570,1
PAY-48452,INV-93774,OMC-009,Dalbit Petroleum,GB53VXXX35615951484656,2025-06-06,17037,2
PAY-78948,INV-35457,OMC-013,Lake Oil,GB88TEHE71937452991241,2026-04-17,28759,1
PAY-11217,INV-50942,OMC-010,Tamoil,GB34EABH79176936763201,2025-12-05,56200,1
PAY-57548,INV-29146,OMC-020,Ethiopian Oil,GB08IVAZ74821759464743,,46321,1
PAY-73367,INV-84395,OMC-009,Dalbit Petroleum,GB53VXXX35615951484656,2026-03-17,49441,1
PAY-16879,INV-95330,OMC-018,Uganda National Oil,GB73JRAR61317127484677,2025-03-17,43037,1
PAY-11057,INV-54654,OMC-011,Hass Petroleum,GB56WGCN65876036690967,2026-07-12,192000,1
PAY-38380,INV-39481,OMC-003,Rubis Energy,GB04LOQO13315098393010,2025-06-15,47533,1
PAY-17900,INV-33516,OMC-007,Kobil,GB37IDDX82449353487401,2025-11-17,244467,1
PAY-14804,INV-54099,OMC-013,Lake Oil,GB88TEHE71937452991241,2025-12-09,197279,1
PAY-90236,INV-63448,OMC-015,Mombasa Petroleum,GB80WOIJ43135182337498,2025-10-23,40377,1
PAY-69516,INV-32143,OMC-006,Hashi Energy,GB05QCFC91361939909169,2026-08-08,238619,1
PAY-45162,INV-51126,OMC-011,Hass Petroleum,GB56WGCN65876036690967,,174228,1
PAY-31641,INV-57529,OMC-018,Uganda National Oil,GB73JRAR61317127484677,2025-06-27,158416,1
PAY-52830,INV-12985,OMC-009,Dalbit Petroleum,GB53VXXX35615951484656,2026-05-22,20889,2
PAY-12389,INV-33230,OMC-019,Tanzania Petroleum,GB64OAXE62174596158657,16/05/2026,7486,2
PAY-80018,INV-46201,OMC-001,TotalEnergies Kenya,GB06DMIO52553419283276,2025-05-06,64316,1
PAY-33659,INV-66108,OMC-019,Tanzania Petroleum,GB64OAXE62174596158657,2026-05-22,215606,1
PAY-86796,INV-33960,OMC-011,Hass Petroleum,GB56WGCN65876036690967,2025-02-09,74312,1
PAY-20160,INV-38034,OMC-013,Lake Oil,GB88TEHE71937452991241,2025-06-16,99823,1
PAY-23068,INV-55288,OMC-016,KPA Marine,GB31MOOJ96499091334123,2026-08-11,52545,1
PAY-95128,INV-12331,OMC-020,Ethiopian Oil,GB08IVAZ74821759464743,2025-03-31,117825,1
PAY-15557,INV-56646,OMC-004,Gulf Energy,GB89GWUW86379402654235,2026-07-01,8449,2
PAY-28614,INV-11189,OMC-016,KPA Marine,GB31MOOJ96499091334123,2025-03-22,52158,2
PAY-51598,INV-29844,OMC-004,Gulf Energy,GB89GWUW86379402654235,2026-05-02,14255,1
PAY-57996,INV-41070,OMC-002,Vivo Energy,GB45OQIR01845146270482,2026-07-16,141701,1
PAY-20780,INV-84562,OMC-012,Galana Energies,GB89GWUW86379402654235,2026-03-18,80580,1
PAY-42420,INV-85971,OMC-017,KAA Aviation,GB54HVSS04902787429671,2025-12-30,38015,1
PAY-77159,INV-29019,OMC-010,Tamoil,GB34EABH79176936763201,2026-06-13,29114,2
PAY-88358,INV-87876,OMC-011,Hass Petroleum,GB56WGCN65876036690967,2025-03-25,59127,1
PAY-10029,INV-25759,OMC-006,Hashi Energy,GB05QCFC91361939909169,2025-08-08,109048,1
PAY-93836,INV-47573,OMC-017,KAA Aviation,GB54HVSS04902787429671,2026-05-06,104008,1
PAY-44769,INV-56437,OMC-008,National Oil,GB08NAFX56342160733754,2025-09-07,249668,1
PAY-26842,INV-45697,OMC-019,Tanzania Petroleum,GB64OAXE62174596158657,2026-02-15,206211,1
PAY-91538,INV-78013,OMC-006,Hashi Energy,GB05QCFC91361939909169,2025-09-29,13777,2
PAY-60003,INV-64690,OMC-010,Tamoil,GB34EABH79176936763201,2026-06-12,251903,1
PAY-22554,INV-21158,OMC-004,Gulf Energy,GB89GWUW86379402654235,2026-04-13," KES 34,627 ",2
PAY-58606,INV-86843,OMC-007,Kobil,GB37IDDX82449353487401,2025-04-23,16034,1
PAY-48076,INV-22387,OMC-012,Galana Energies,GB89GWUW86379402654235,2026-05-11,17727,2
PAY-37574,INV-45301,OMC-012,Galana Energies,GB89GWUW86379402654235,2026-05-26,27698,1
PAY-60153,INV-52204,OMC-015,Mombasa Petroleum,GB80WOIJ43135182337498,2025-11-09,28452,1
PAY-30061,INV-45142,OMC-010,Tamoil,GB34EABH79176936763201,2026-05-26,65740,1
PAY-96382,INV-36854,OMC-010,Tamoil,GB34EABH79176936763201,2026-03-05,34200,1
PAY-58418,INV-90004,OMC-004,Gulf Energy,GB89GWUW86379402654235,2026-06-06,107083,2
PAY-34543,INV-86591,OMC-001,TotalEnergies Kenya,GB06DMIO52553419283276,2026-04-29,14762,1
PAY-39472,INV-65896,OMC-004,Gulf Energy,GB89GWUW86379402654235,2026-04-08,34042,2
PAY-92558,INV-12695,OMC-008,National Oil,GB08NAFX56342160733754,2025-09-19,168077,1
PAY-63032,INV-47779,OMC-017,KAA Aviation,GB54HVSS04902787429671,2025-08-20,50730,1
PAY-87474,INV-97536,OMC-010,Tamoil,GB34EABH79176936763201,2026-04-22,207847,1
PAY-71006,INV-37420,OMC-001,TotalEnergies Kenya,GB06DMIO52553419283276,2025-08-24,17811,1
PAY-17485,INV-21932,OMC-013,Lake Oil,GB88TEHE71937452991241,2025-08-02,61661,1
PAY-43227,INV-76773,OMC-015,Mombasa Petroleum,GB80WOIJ43135182337498,2026-04-11,263563,1
PAY-86362,INV-55642,OMC-020,Ethiopian Oil,GB08IVAZ74821759464743,2025-03-01,31481,1
PAY-57105,INV-49805,OMC-010,Tamoil,GB34EABH79176936763201,2026-06-09,47070,1
PAY-88830,INV-36599,OMC-020,Ethiopian Oil,GB08IVAZ74821759464743,01/10/2025,91295,2
PAY-68823,INV-57935,OMC-010,Tamoil,GB34EABH79176936763201,2026-05-28,32009,1
PAY-88268,INV-97385,OMC-009,Dalbit Petroleum,GB53VXXX35615951484656,2025-06-13,138818,1
PAY-28966,INV-80721,OMC-005,PetroOil Kenya,GB89GWUW86379402654235,2026-04-26,153252,1
PAY-37751,INV-44484,OMC-020,Ethiopian Oil,GB08IVAZ74821759464743,2026-01-14,8961,2
PAY-56202,INV-30880,OMC-019,Tanzania Petroleum,GB64OAXE62174596158657,2025-02-27,39273,1
PAY-47670,INV-79040,OMC-009,Dalbit Petroleum,GB53VXXX35615951484656,2026-06-17,15662,2
PAY-57315,INV-91777,OMC-017,KAA Aviation,GB54HVSS04902787429671,2025-09-17,114663,1
PAY-73413,INV-11570,OMC-010,Tamoil,GB34EABH79176936763201,2026-04-18,127520,1
PAY-41183,INV-89333,OMC-005,PetroOil Kenya,GB89GWUW86379402654235,2026-05-28,27581,1
PAY-13967,INV-51840,OMC-003,Rubis Energy,GB04LOQO13315098393010,2026-02-12,271430,1
PAY-75549,INV-45723,OMC-012,Galana Energies,GB89GWUW86379402654235,2026-05-14,10577,2
PAY-10474,INV-95009,OMC-004,Gulf Energy,GB89GWUW86379402654235,28/04/2026,47774,1
PAY-86056,INV-44589,OMC-014,Texol Energies,GB06ONXS45314737996507,2026-04-11,129366,1
PAY-48923,INV-89435,OMC-001,TotalEnergies Kenya,GB06DMIO52553419283276,27/04/2025,14589,1
PAY-27217,INV-53432,OMC-002,Vivo Energy,GB45OQIR01845146270482,2026-06-22,231564,1
PAY-37523,INV-38105,OMC-006,Hashi Energy,GB05QCFC91361939909169,11/09/2025,35156,2
PAY-46883,INV-69061,OMC-013,Lake Oil,GB88TEHE71937452991241,18/03/2025,26060,1
PAY-83048,INV-47294,OMC-009,Dalbit Petroleum,GB53VXXX35615951484656,2025-04-19,25718,1
PAY-27274,INV-64998,OMC-020,Ethiopian Oil,GB08IVAZ74821759464743,2025-09-16,19554,1
PAY-75370,INV-11740,OMC-015,Mombasa Petroleum,GB80WOIJ43135182337498,2025-06-02,29315,1
PAY-70567,INV-10272,OMC-003,Rubis Energy,GB04LOQO13315098393010,2025-04-06,38916,1
PAY-36459,INV-91000,OMC-007,Kobil,GB37IDDX82449353487401,2025-05-14,33445,1
PAY-62224,INV-93939,OMC-020,Ethiopian Oil,GB08IVAZ74821759464743,2025-05-01,233822,1
PAY-84201,INV-30443,OMC-005,PetroOil Kenya,GB89GWUW86379402654235,2026-05-20,15185,2
PAY-90923,INV-76103,OMC-015,Mombasa Petroleum,GB80WOIJ43135182337498,2025-11-25,177394,1
PAY-84369,INV-97229,OMC-005,PetroOil Kenya,GB89GWUW86379402654235,2026-04-08,282716,1
PAY-86397,INV-61212,OMC-019,Tanzania Petroleum,GB64OAXE62174596158657,2026-03-03,104828,1
PAY-41720,INV-13978,OMC-010,Tamoil,GB34EABH79176936763201,2026-05-17,31563,1
PAY-52579,INV-78767,OMC-018,Uganda National Oil,GB73JRAR61317127484677,2026-07-02,119443,1
PAY-77981,INV-34332,OMC-006,Hashi Energy,GB05QCFC91361939909169,2025-07-19,61560,1
PAY-62019,INV-79063,OMC-019,Tanzania Petroleum,GB64OAXE62174596158657,2026-04-23,156944,1
PAY-78308,INV-41226,OMC-007,Kobil,GB37IDDX82449353487401,2025-07-29,128550,1
PAY-95775,INV-77908,OMC-009,Dalbit Petroleum,GB53VXXX35615951484656,,277581,1
PAY-99531,INV-74309,OMC-010,Tamoil,GB34EABH79176936763201,2026-06-26,132568,1
PAY-39481,INV-78697,OMC-013,Lake Oil,GB88TEHE71937452991241,25/09/2025,165169,1
PAY-58706,INV-32047,OMC-013,Lake Oil,GB88TEHE71937452991241,2025-06-22,42045,1
PAY-50535,INV-88817,OMC-016,KPA Marine,GB31MOOJ96499091334123,2026-08-27,211660,1
PAY-47022,INV-23777,OMC-010,Tamoil,GB34EABH79176936763201,2025-04-18,98170,1
PAY-22242,INV-30443,OMC-005,PetroOil Kenya,GB89GWUW86379402654235,2026-04-27,19708,1
PAY-64237,INV-99638,OMC-008,National Oil,GB08NAFX56342160733754,2026-02-05,47615,1
PAY-91859,INV-42867,OMC-002,Vivo Energy,GB45OQIR01845146270482,2025-05-06,163262,1
PAY-79373,INV-37619,OMC-008,National Oil,GB08NAFX56342160733754,2026-06-11,18214,1
PAY-70226,INV-52547,OMC-009,Dalbit Petroleum,GB53VXXX35615951484656,2026-04-29,31388,1
PAY-90059,INV-13995,OMC-015,Mombasa Petroleum,GB80WOIJ43135182337498,2025-06-24,140746,1
PAY-39676,INV-68761,OMC-009,Dalbit Petroleum,GB53VXXX35615951484656,2025-12-06,185819,1
PAY-61811,INV-76882,OMC-006,Hashi Energy,GB05QCFC91361939909169,2025-12-24,60040,2
PAY-56619,INV-88854,OMC-015,Mombasa Petroleum,GB80WOIJ43135182337498,2025-08-20,182475,1
PAY-23314,INV-55037,OMC-016,KPA Marine,GB31MOOJ96499091334123,21/04/2026,260914,1
PAY-56151,INV-15619,OMC-008,National Oil,GB08NAFX56342160733754,2026-02-08,56758,1
PAY-98067,INV-91682,OMC-011,Hass Petroleum,GB56WGCN65876036690967,2025-07-07," KES 51,489 ",1
PAY-40816,INV-47604,OMC-018,Uganda National Oil,GB73JRAR61317127484677,2026-07-04,144687,1
PAY-28467,INV-80175,OMC-015,Mombasa Petroleum,GB80WOIJ43135182337498,2026-06-25,45237,1
PAY-53307,INV-53804,OMC-002,Vivo Energy,GB45OQIR01845146270482,2025-08-18,117991,1
PAY-49408,INV-94764,OMC-013,Lake Oil,GB88TEHE71937452991241,2025-09-26,33514,1
PAY-80734,INV-64157,OMC-016,KPA Marine,GB31MOOJ96499091334123,2026-01-02,80749,1
PAY-68329,INV-52624,OMC-019,Tanzania Petroleum,GB64OAXE62174596158657,2025-10-08,256077,1
PAY-30245,INV-25927,OMC-006,Hashi Energy,GB05QCFC91361939909169,2025-08-19,35556,1
PAY-51910,INV-17057,OMC-009,Dalbit Petroleum,GB53VXXX35615951484656,2026-01-15,20631,1
PAY-56519,INV-72237,OMC-016,KPA Marine,GB31MOOJ96499091334123,2026-02-17,108608,1
PAY-80105,INV-85080,OMC-002,Vivo Energy,GB45OQIR01845146270482,2025-10-25,94713,2
PAY-59337,INV-86594,OMC-009,Dalbit Petroleum,GB53VXXX35615951484656,2026-08-09,56001,2
PAY-73920,INV-73351,OMC-017,KAA Aviation,GB54HVSS04902787429671,2025-08-10,54078,1
PAY-67758,INV-97832,OMC-011,Hass Petroleum,GB56WGCN65876036690967,2026-04-10,161425,1
PAY-75952,INV-62674,OMC-019,Tanzania Petroleum,GB64OAXE62174596158657,2025-06-01,161075,1
PAY-77929,INV-59989,OMC-015,Mombasa Petroleum,GB80WOIJ43135182337498,2025-02-09,130640,1
PAY-32347,INV-42251,OMC-013,Lake Oil,GB88TEHE71937452991241,,90867,1
PAY-19608,INV-50187,OMC-007,Kobil,GB37IDDX82449353487401,2025-10-10,34155,1
PAY-50044,INV-82817,OMC-002,Vivo Energy,GB45OQIR01845146270482,2025-07-20,23068,1
PAY-29904,INV-62987,OMC-018,Uganda National Oil,GB73JRAR61317127484677,2025-07-12,107882,1
PAY-33013,INV-77999,OMC-016,KPA Marine,GB31MOOJ96499091334123,2026-03-26,101211,1
PAY-10884,INV-54839,OMC-008,National Oil,GB08NAFX56342160733754,2025-01-16,179813,1
PAY-61858,INV-39782,OMC-008,National Oil,GB08NAFX56342160733754,2025-12-02,54617,2
PAY-77552,INV-33519,OMC-019,Tanzania Petroleum,GB64OAXE62174596158657,2026-02-18,116964,1
PAY-89613,INV-85679,OMC-015,Mombasa Petroleum,GB80WOIJ43135182337498,2025-06-28,209538,1
PAY-14060,INV-26194,OMC-014,Texol Energies,GB06ONXS45314737996507,2026-02-01,103025,1
PAY-23797,INV-66177,OMC-009,Dalbit Petroleum,GB53VXXX35615951484656,2025-05-05,110531,1
PAY-14543,INV-36080,OMC-005,PetroOil Kenya,GB89GWUW86379402654235,2026-04-09,27324,1
PAY-50800,INV-74982,OMC-006,Hashi Energy,GB05QCFC91361939909169,2026-06-05,132680,1
PAY-42259,INV-50593,OMC-006,Hashi Energy,GB05QCFC91361939909169,2026-08-17,145194,1
PAY-61333,INV-24016,OMC-017,KAA Aviation,GB54HVSS04902787429671,2025-11-06,146890,1
PAY-97388,INV-84684,OMC-003,Rubis Energy,GB04LOQO13315098393010,2025-03-26,54622,1
PAY-86520,INV-24426,OMC-015,Mombasa Petroleum,GB80WOIJ43135182337498,2026-04-11,25869,1
PAY-37906,INV-12951,OMC-013,Lake Oil,GB88TEHE71937452991241,2025-06-02,184825,1
PAY-13001,INV-19595,OMC-018,Uganda National Oil,GB73JRAR61317127484677,2026-02-10,72583,1
PAY-37681,INV-74661,OMC-016,KPA Marine,GB31MOOJ96499091334123,2026-01-21,279190,1
PAY-11073,INV-93036,OMC-006,Hashi Energy,GB05QCFC91361939909169,2026-05-25,189007,1
PAY-98555,INV-78798,OMC-012,Galana Energies,GB89GWUW86379402654235,2026-03-08,126126,1
PAY-33163,INV-28160,OMC-015,Mombasa Petroleum,GB80WOIJ43135182337498,2026-04-27,47625,1
PAY-69629,INV-61422,OMC-020,Ethiopian Oil,GB08IVAZ74821759464743,2026-01-28,180793,1
PAY-33249,INV-47512,OMC-007,Kobil,GB37IDDX82449353487401,2026-03-21,123288,1
PAY-94557,INV-57108,OMC-003,Rubis Energy,GB04LOQO13315098393010,2025-12-02,53467,1
PAY-83036,INV-87082,OMC-015,Mombasa Petroleum,GB80WOIJ43135182337498,2026-02-25,27120,1
PAY-11994,INV-44926,OMC-011,Hass Petroleum,GB56WGCN65876036690967,2025-05-01,157680,1
PAY-73781,INV-90812,OMC-009,Dalbit Petroleum,GB53VXXX35615951484656,2025-09-23,23342,1
PAY-22462,INV-52671,OMC-009,Dalbit Petroleum,GB53VXXX35615951484656,2026-03-14,238153,1
PAY-56657,INV-56133,OMC-017,KAA Aviation,GB54HVSS04902787429671,2025-03-04,229858,1
PAY-38312,INV-63463,OMC-002,Vivo Energy,GB45OQIR01845146270482,2025-06-29,46192,1
PAY-28573,INV-97614,OMC-015,Mombasa Petroleum,GB80WOIJ43135182337498,2025-07-20,25144,1
PAY-71126,INV-31804,OMC-013,Lake Oil,GB88TEHE71937452991241,,250882,1
PAY-65322,INV-94643,OMC-004,Gulf Energy,GB89GWUW86379402654235,2026-05-13,47754,2
PAY-41868,INV-58094,OMC-006,Hashi Energy,GB05QCFC91361939909169,2026-05-21,154243,1
PAY-90704,INV-82496,OMC-018,Uganda National Oil,GB73JRAR61317127484677,2026-06-10,37783,1
PAY-78375,INV-88578,OMC-014,Texol Energies,GB06ONXS45314737996507,2026-03-19,70152,2
PAY-83449,INV-46876,OMC-004,Gulf Energy,GB89GWUW86379402654235,2026-05-24,20664,2
PAY-53105,INV-29040,OMC-019,Tanzania Petroleum,GB64OAXE62174596158657,2025-04-15,191283,1
PAY-96453,INV-13778,OMC-019,Tanzania Petroleum,GB64OAXE62174596158657,2025-04-23,183326,1
PAY-72870,INV-33552,OMC-013,Lake Oil,GB88TEHE71937452991241,2026-08-09,141860,1
PAY-78077,INV-56920,OMC-016,KPA Marine,GB31MOOJ96499091334123,2025-07-18,21158,1
PAY-79873,INV-32368,OMC-019,Tanzania Petroleum,GB64OAXE62174596158657,23/02/2026,60673,1
PAY-55088,INV-49992,OMC-009,Dalbit Petroleum,GB53VXXX35615951484656,2025-03-30,73916,2
PAY-93830,INV-76453,OMC-015,Mombasa Petroleum,GB80WOIJ43135182337498,2026-07-25,195078,1
PAY-73352,INV-75731,OMC-001,TotalEnergies Kenya,GB06DMIO52553419283276,2026-03-15,68192,1
PAY-62823,INV-24426,OMC-003,Rubis Energy,GB04LOQO13315098393010,2025-06-01,50350,1
PAY-73516,INV-94939,OMC-018,Uganda National Oil,GB73JRAR61317127484677,2025-11-14,155436,1
PAY-13769,INV-58092,OMC-011,Hass Petroleum,GB56WGCN65876036690967,09/05/2026,39865,1
PAY-58794,INV-25678,OMC-006,Hashi Energy,GB05QCFC91361939909169,2026-04-28,53904,1
PAY-70580,INV-47418,OMC-009,Dalbit Petroleum,GB53VXXX35615951484656,2025-08-03," KES 27,785 ",1
PAY-50821,INV-29038,OMC-010,Tamoil,GB34EABH79176936763201,2025-07-22,46138,1
PAY-62615,INV-66311,OMC-014,Texol Energies,GB06ONXS45314737996507,2026-06-13,151112,1
PAY-16514,INV-68896,OMC-018,Uganda National Oil,GB73JRAR61317127484677,2025-09-05,158869,1
PAY-11316,INV-16804,OMC-011,Hass Petroleum,GB56WGCN65876036690967,2026-07-21,185355,1
PAY-28049,INV-27941,OMC-015,Mombasa Petroleum,GB80WOIJ43135182337498,2026-04-08,234680,1
PAY-53318,INV-88738,OMC-007,Kobil,GB37IDDX82449353487401,24/12/2025,10055,2
PAY-73716,INV-59363,OMC-017,KAA Aviation,GB54HVSS04902787429671,2025-08-01,87226,1
PAY-92261,INV-35505,OMC-012,Galana Energies,GB89GWUW86379402654235,2026-04-05,150284,1
PAY-54128,INV-78516,OMC-002,Vivo Energy,GB45OQIR01845146270482,2026-07-21,229038,1
PAY-54401,INV-60811,OMC-001,TotalEnergies Kenya,GB06DMIO52553419283276,,46416,2
PAY-72693,INV-80945,OMC-006,Hashi Energy,GB05QCFC91361939909169,2025-05-03,62952,2
PAY-63956,INV-55284,OMC-014,Texol Energies,GB06ONXS45314737996507,2026-05-09,269866,1
PAY-28739,INV-61828,OMC-014,Texol Energies,GB06ONXS45314737996507,2026-03-18,35164,1
PAY-99191,INV-50216,OMC-002,Vivo Energy,GB45OQIR01845146270482,2026-06-19,37639,1
PAY-85726,INV-39704,OMC-015,Mombasa Petroleum,GB80WOIJ43135182337498,2025-09-30,57347,1
PAY-42906,INV-81391,OMC-001,TotalEnergies Kenya,GB06DMIO52553419283276,2026-02-19,203209,1
PAY-32704,INV-37824,OMC-009,Dalbit Petroleum,GB53VXXX35615951484656,2026-02-08,5904,2
PAY-16577,INV-46582,OMC-007,Kobil,GB37IDDX82449353487401,2026-06-18,163419,1
PAY-78133,INV-53151,OMC-007,Kobil,GB37IDDX82449353487401,2025-04-11,129025,1
PAY-11930,INV-63882,OMC-016,KPA Marine,GB31MOOJ96499091334123,2025-12-11,108979,2
PAY-88982,INV-33257,OMC-014,Texol Energies,GB06ONXS45314737996507,2026-07-24,46196,2
PAY-71226,INV-83792,OMC-010,Tamoil,GB34EABH79176936763201,2025-05-20,212034,1
PAY-87245,INV-64998,OMC-006,Hashi Energy,GB05QCFC91361939909169,2025-04-22,58479,1
PAY-15631,INV-83666,OMC-018,Uganda National Oil,GB73JRAR61317127484677,2025-11-22,94274,1
PAY-50076,INV-44034,OMC-001,TotalEnergies Kenya,GB06DMIO52553419283276,2026-05-25,24800,1
PAY-79936,INV-86835,OMC-020,Ethiopian Oil,GB08IVAZ74821759464743,2025-10-20,205483,1
PAY-13072,INV-55304,OMC-014,Texol Energies,GB06ONXS45314737996507,2025-03-31,23539,1
PAY-42123,INV-20931,OMC-004,Gulf Energy,GB89GWUW86379402654235,2026-04-18,81864,1
PAY-68076,INV-95944,OMC-005,PetroOil Kenya,GB89GWUW86379402654235,2026-05-10,249921,1
PAY-42533,INV-59640,OMC-018,Uganda National Oil,GB73JRAR61317127484677,2025-09-10,60608,1
PAY-51010,INV-77049,OMC-007,Kobil,GB37IDDX82449353487401,2025-08-29,74755,1
PAY-73845,INV-45599,OMC-015,Mombasa Petroleum,GB80WOIJ43135182337498,29/10/2025,54348,1
PAY-18798,INV-29194,OMC-015,Mombasa Petroleum,GB80WOIJ43135182337498,2025-09-24," KES 170,737 ",1
PAY-38559,INV-85803,OMC-012,Galana Energies,GB89GWUW86379402654235,2026-05-03,237423,1
PAY-94662,INV-89244,OMC-017,KAA Aviation,GB54HVSS04902787429671,,54639,1
PAY-77463,INV-38300,OMC-005,PetroOil Kenya,GB89GWUW86379402654235,2026-05-08,28651,1
PAY-20486,INV-59885,OMC-005,PetroOil Kenya,GB89GWUW86379402654235,2026-03-28,170339,1
PAY-17945,INV-93088,OMC-019,Tanzania Petroleum,GB64OAXE62174596158657,2025-03-19,140691,1
PAY-26318,INV-78703,OMC-001,TotalEnergies Kenya,GB06DMIO52553419283276,2025-07-11,27280,1
PAY-84317,INV-34047,OMC-011,Hass Petroleum,GB56WGCN65876036690967,2026-05-11,190800,1
PAY-32072,INV-49557,OMC-013,Lake Oil,GB88TEHE71937452991241,2025-06-15,32399,1
PAY-65274,INV-22128,OMC-010,Tamoil,GB34EABH79176936763201,2026-02-13,214791,1
PAY-50176,INV-98542,OMC-013,Lake Oil,GB88TEHE71937452991241,2026-05-06,90116,1
PAY-93378,INV-78209,OMC-004,Gulf Energy,GB89GWUW86379402654235,2026-06-13,81649,1
PAY-57949,INV-60951,OMC-020,Ethiopian Oil,GB08IVAZ74821759464743,2026-01-24,29450,2
PAY-83083,INV-53477,OMC-018,Uganda National Oil,GB73JRAR61317127484677,2025-02-13,22461,1
PAY-88879,INV-79446,OMC-004,Gulf Energy,GB89GWUW86379402654235,2026-05-10,48257,1
PAY-42582,INV-23922,OMC-018,Uganda National Oil,GB73JRAR61317127484677,2026-04-15,35654,1
PAY-72123,INV-56302,OMC-019,Tanzania Petroleum,GB64OAXE62174596158657,2025-11-23,55562,1
PAY-22243,INV-17159,OMC-011,Hass Petroleum,GB56WGCN65876036690967,2025-08-10,39868,2
PAY-97280,INV-67583,OMC-019,Tanzania Petroleum,GB64OAXE62174596158657,2026-01-22,29637,1
PAY-70486,INV-97916,OMC-005,PetroOil Kenya,GB89GWUW86379402654235,2026-05-28,155244,1
PAY-97699,INV-32872,OMC-018,Uganda National Oil,GB73JRAR61317127484677,2025-04-02,250434,1
PAY-91435,INV-12049,OMC-008,National Oil,GB08NAFX56342160733754,2025-09-15,30858,1
PAY-49539,INV-83763,OMC-008,National Oil,GB08NAFX56342160733754,," KES 116,652 ",1
PAY-93041,INV-72336,OMC-012,Galana Energies,GB89GWUW86379402654235,2026-03-28,73299,2
PAY-85187,INV-49525,OMC-015,Mombasa Petroleum,GB80WOIJ43135182337498,2026-04-10,149676,1
PAY-78356,INV-72232,OMC-001,TotalEnergies Kenya,GB06DMIO52553419283276,2026-05-18,102070,1
PAY-18512,INV-43087,OMC-009,Dalbit Petroleum,GB53VXXX35615951484656,2025-11-14,110631,1
PAY-53561,INV-33779,OMC-006,Hashi Energy,GB05QCFC91361939909169,2026-04-28,57394,1
PAY-57280,INV-12459,OMC-009,Dalbit Petroleum,GB53VXXX35615951484656,2025-05-12,62416,1
PAY-64814,INV-20494,OMC-005,PetroOil Kenya,GB89GWUW86379402654235,2026-06-02,126517,1
PAY-35878,INV-56694,OMC-011,Hass Petroleum,GB56WGCN65876036690967,2026-08-10,53136,1
PAY-89296,INV-52169,OMC-014,Texol Energies,GB06ONXS45314737996507,2025-07-05,30470,1
PAY-46204,INV-26636,OMC-010,Tamoil,GB34EABH79176936763201,2026-06-26,20371,1
PAY-89123,INV-91397,OMC-018,Uganda National Oil,GB73JRAR61317127484677,21/06/2025,118160,1
PAY-22955,INV-80214,OMC-019,Tanzania Petroleum,GB64OAXE62174596158657,2026-05-29,149642,1
PAY-84764,INV-87177,OMC-003,Rubis Energy,GB04LOQO13315098393010,25/09/2025,172396,1
PAY-52751,INV-10891,OMC-007,Kobil,GB37IDDX82449353487401,2026-04-10,106370,1
PAY-86485,INV-71210,OMC-010,Tamoil,GB34EABH79176936763201,2025-12-22,182902,1
PAY-14112,INV-81198,OMC-011,Hass Petroleum,GB56WGCN65876036690967,2025-04-06,27983,1
PAY-87223,INV-45908,OMC-011,Hass Petroleum,GB56WGCN65876036690967,2025-12-16,112531,1
PAY-80860,INV-48249,OMC-016,KPA Marine,GB31MOOJ96499091334123,2025-09-07,50124,2
PAY-31162,INV-51096,OMC-016,KPA Marine,GB31MOOJ96499091334123,2026-04-02,28789,1
PAY-97879,INV-65876,OMC-008,National Oil,GB08NAFX56342160733754,2026-07-30,109708,1
PAY-15347,INV-41009,OMC-014,Texol Energies,GB06ONXS45314737996507,28/11/2025,18816,1
PAY-99707,INV-10411,OMC-014,Texol Energies,GB06ONXS45314737996507,2025-10-17,132265,1
PAY-48565,INV-41390,OMC-015,Mombasa Petroleum,GB80WOIJ43135182337498,2025-04-11,179003,1
PAY-28395,INV-22954,OMC-008,National Oil,GB08NAFX56342160733754,2025-12-03,60831,2
PAY-51578,INV-43728,OMC-007,Kobil,GB37IDDX82449353487401,2025-08-13,42116,1
PAY-50983,INV-23134,OMC-018,Uganda National Oil,GB73JRAR61317127484677,2026-05-21,95152,1
PAY-73334,INV-20408,OMC-007,Kobil,GB37IDDX82449353487401,2026-04-21,222302,1
PAY-74813,INV-84557,OMC-009,Dalbit Petroleum,GB53VXXX35615951484656,2025-05-29,164322,1
PAY-87732,INV-51195,OMC-014,Texol Energies,GB06ONXS45314737996507,2025-08-01,186551,1
PAY-46777,INV-77723,OMC-004,Gulf Energy,GB89GWUW86379402654235,2026-05-28,54354,2
PAY-88808,INV-29843,OMC-015,Mombasa Petroleum,GB80WOIJ43135182337498,,118629,1
PAY-75242,INV-95137,OMC-005,PetroOil Kenya,GB89GWUW86379402654235,21/04/2026,19291,1
PAY-49311,INV-54564,OMC-003,Rubis Energy,GB04LOQO13315098393010,2025-10-06,72847,2
PAY-65945,INV-35621,OMC-005,PetroOil Kenya,GB89GWUW86379402654235,2026-05-04,71401,2
PAY-61521,INV-23479,OMC-016,KPA Marine,GB31MOOJ96499091334123,26/03/2026," KES 177,434 ",1
PAY-28027,INV-95064,OMC-014,Texol Energies,GB06ONXS45314737996507,2026-02-11,50458,1
PAY-26627,INV-87925,OMC-005,PetroOil Kenya,GB89GWUW86379402654235,2026-03-28,76400,1
PAY-49816,INV-25634,OMC-016,KPA Marine,GB31MOOJ96499091334123,2026-04-17,56691,2
PAY-94613,INV-69541,OMC-013,Lake Oil,GB88TEHE71937452991241,2025-07-16,39845,1
PAY-55372,INV-33519,OMC-019,Tanzania Petroleum,GB64OAXE62174596158657,2026-03-06,94139,2
PAY-78865,INV-23564,OMC-005,PetroOil Kenya,GB89GWUW86379402654235,2026-05-07,116202,2
PAY-65958,INV-43032,OMC-015,Mombasa Petroleum,GB80WOIJ43135182337498,2025-06-25,24728,1
PAY-30396,INV-10988,OMC-010,Tamoil,GB34EABH79176936763201,07/05/2026,12562,2
PAY-33331,INV-83942,OMC-006,Hashi Energy,GB05QCFC91361939909169,2026-07-25,37545,2
PAY-74090,INV-10316,OMC-012,Galana Energies,GB89GWUW86379402654235,2026-05-06,17905,1
PAY-98218,INV-59420,OMC-005,PetroOil Kenya,GB89GWUW86379402654235,,28695,1
PAY-34401,INV-74227,OMC-009,Dalbit Petroleum,GB53VXXX35615951484656,2025-04-06,48343,1
PAY-60143,INV-38291,OMC-010,Tamoil,GB34EABH79176936763201,2025-11-27,185645,1
PAY-23276,INV-32221,OMC-002,Vivo Energy,GB45OQIR01845146270482,2026-05-30,145153,1
PAY-25894,INV-65104,OMC-019,Tanzania Petroleum,GB64OAXE62174596158657,2026-02-16,182025,1
PAY-94123,INV-30459,OMC-001,TotalEnergies Kenya,GB06DMIO52553419283276,2025-12-06,112052,1
PAY-62720,INV-62455,OMC-001,TotalEnergies Kenya,GB06DMIO52553419283276,2025-06-26," KES 21,362 ",1
PAY-15993,INV-91757,OMC-018,Uganda National Oil,GB73JRAR61317127484677,2025-04-04,193912,1
PAY-59254,INV-84855,OMC-018,Uganda National Oil,GB73JRAR61317127484677,2025-04-27,22655,2
PAY-39293,INV-64494,OMC-001,TotalEnergies Kenya,GB06DMIO52553419283276,2025-03-27," KES 174,844 ",1
PAY-72284,INV-95187,OMC-018,Uganda National Oil,GB73JRAR61317127484677,2025-09-13,188730,1
PAY-44366,INV-82328,OMC-008,National Oil,GB08NAFX56342160733754,2025-06-20,143724,1
PAY-44655,INV-85161,OMC-019,Tanzania Petroleum,GB64OAXE62174596158657,2025-12-31,197884,1
PAY-53876,INV-73225,OMC-016,KPA Marine,GB31MOOJ96499091334123,2025-10-03,10298,2
PAY-25072,INV-38339,OMC-014,Texol Energies,GB06ONXS45314737996507,2026-04-14,246887,1
PAY-56170,INV-38090,OMC-007,Kobil,GB37IDDX82449353487401,2026-01-16,41440,1
PAY-24288,INV-31448,OMC-010,Tamoil,GB34EABH79176936763201,,163654,1
PAY-96434,INV-73161,OMC-007,Kobil,GB37IDDX82449353487401,02/12/2025,56610,1
PAY-65102,INV-45932,OMC-017,KAA Aviation,GB54HVSS04902787429671,2025-02-27,184140,1
PAY-45814,INV-58160,OMC-018,Uganda National Oil,GB73JRAR61317127484677,2025-11-11,38922,2
PAY-46430,INV-64975,OMC-013,Lake Oil,GB88TEHE71937452991241,2026-05-16,183502,1
PAY-55541,INV-73578,OMC-010,Tamoil,GB34EABH79176936763201,,24391,1
PAY-44962,INV-20711,OMC-009,Dalbit Petroleum,GB53VXXX35615951484656,2025-01-31,138440,1
PAY-14352,INV-80655,OMC-008,National Oil,GB08NAFX56342160733754,2026-07-15,30859,1
PAY-97512,INV-90218,OMC-018,Uganda National Oil,GB73JRAR61317127484677,2025-08-13,188862,1
PAY-26602,INV-16220,OMC-014,Texol Energies,GB06ONXS45314737996507,2025-08-06,119202,1
PAY-52288,INV-29371,OMC-012,Galana Energies,GB89GWUW86379402654235,2026-06-01,16842,2
PAY-92383,INV-24168,OMC-003,Rubis Energy,GB04LOQO13315098393010,2025-12-01,44045,1
PAY-47969,INV-59076,OMC-012,Galana Energies,GB89GWUW86379402654235,2026-03-26,179195,1
PAY-93060,INV-86736,OMC-010,Tamoil,GB34EABH79176936763201,2025-06-24,42697,1
PAY-67361,INV-67823,OMC-019,Tanzania Petroleum,GB64OAXE62174596158657,2025-04-01,217937,1
PAY-28678,INV-55054,OMC-018,Uganda National Oil,GB73JRAR61317127484677,2025-05-03,220824,1
PAY-86635,INV-83870,OMC-009,Dalbit Petroleum,GB53VXXX35615951484656,2026-04-14,79548,2
PAY-11783,INV-81304,OMC-015,Mombasa Petroleum,GB80WOIJ43135182337498,04/03/2026,234404,1
PAY-15416,INV-36278,OMC-018,Uganda National Oil,GB73JRAR61317127484677,2026-07-01," KES 33,816 ",1
PAY-14884,INV-69172,OMC-016,KPA Marine,GB31MOOJ96499091334123,2025-07-24,155566,1
PAY-88920,INV-86439,OMC-004,Gulf Energy,GB89GWUW86379402654235,2026-05-13,88888,1
PAY-27018,INV-34832,OMC-013,Lake Oil,GB88TEHE71937452991241,2025-08-09,79614,1
PAY-90809,INV-26923,OMC-015,Mombasa Petroleum,GB80WOIJ43135182337498,27/03/2025,176636,1
PAY-69313,INV-49936,OMC-019,Tanzania Petroleum,GB64OAXE62174596158657,2026-04-28,49376,1
PAY-93597,INV-66875,OMC-016,KPA Marine,GB31MOOJ96499091334123,2026-05-28,95201,1
PAY-62511,INV-13951,OMC-019,Tanzania Petroleum,GB64OAXE62174596158657,2025-10-18,50710,1
PAY-74684,INV-35539,OMC-014,Texol Energies,GB06ONXS45314737996507,2025-03-24,85279,1
PAY-21057,INV-66840,OMC-010,Tamoil,GB34EABH79176936763201,2025-10-20," KES 63,401 ",1
PAY-85616,INV-33584,OMC-006,Hashi Energy,GB05QCFC91361939909169,2025-09-13,226808,1
PAY-98940,INV-40130,OMC-001,TotalEnergies Kenya,GB06DMIO52553419283276,2025-09-23,31657,1
PAY-77793,INV-36958,OMC-013,Lake Oil,GB88TEHE71937452991241,2025-03-31,26908,1
PAY-33674,INV-81757,OMC-008,National Oil,GB08NAFX56342160733754,2025-11-07,31255,1
PAY-97131,INV-91971,OMC-017,KAA Aviation,GB54HVSS04902787429671,2025-10-10,56036,1
PAY-10665,INV-34495,OMC-007,Kobil,GB37IDDX82449353487401,2025-05-31,44348,1
PAY-65386,INV-82552,OMC-002,Vivo Energy,GB45OQIR01845146270482,2025-04-10,82831,1
PAY-72687,INV-91969,OMC-005,PetroOil Kenya,GB89GWUW86379402654235,2026-05-11,21281,1
PAY-87715,INV-56354,OMC-013,Lake Oil,GB88TEHE71937452991241,2026-02-18,52396,1
PAY-17081,INV-21008,OMC-001,TotalEnergies Kenya,GB06DMIO52553419283276,2026-06-27,63838,1
PAY-66031,INV-81715,OMC-019,Tanzania Petroleum,GB64OAXE62174596158657,2026-07-08,229494,1
PAY-27709,INV-14573,OMC-007,Kobil,GB37IDDX82449353487401,2026-06-30,50218,2
PAY-60533,INV-21199,OMC-004,Gulf Energy,GB89GWUW86379402654235,2026-05-26,67351,1
PAY-87948,INV-98236,OMC-017,KAA Aviation,GB54HVSS04902787429671,2025-05-20,40351,1
PAY-17017,INV-90239,OMC-019,Tanzania Petroleum,GB64OAXE62174596158657,2026-06-28,159158,1
PAY-50840,INV-66038,OMC-002,Vivo Energy,GB45OQIR01845146270482,2026-03-21,102449,1
PAY-34238,INV-99645,OMC-018,Uganda National Oil,GB73JRAR61317127484677,2025-12-26,46813,1
PAY-53371,INV-39693,OMC-011,Hass Petroleum,GB56WGCN65876036690967,2025-04-13,88993,2
PAY-82362,INV-48230,OMC-016,KPA Marine,GB31MOOJ96499091334123,2026-04-29,237476,1
PAY-50014,INV-90787,OMC-018,Uganda National Oil,GB73JRAR61317127484677,2025-09-05,222629,1
PAY-43732,INV-24183,OMC-016,KPA Marine,GB31MOOJ96499091334123,20/02/2026,77653,1
PAY-32375,INV-11350,OMC-006,Hashi Energy,GB05QCFC91361939909169,2025-04-22,15351,2
PAY-62278,INV-83886,OMC-018,Uganda National Oil,GB73JRAR61317127484677,2025-03-15,23365,1
PAY-55761,INV-49443,OMC-012,Galana Energies,GB89GWUW86379402654235,2026-03-30,34789,1
PAY-78652,INV-53910,OMC-016,KPA Marine,GB31MOOJ96499091334123,11/04/2025,54410,1
PAY-18340,INV-93852,OMC-005,PetroOil Kenya,GB89GWUW86379402654235,2026-04-27,6151,2
PAY-53024,INV-80495,OMC-016,KPA Marine,GB31MOOJ96499091334123,2025-03-01," KES 160,658 ",1
PAY-62239,INV-34597,OMC-010,Tamoil,GB34EABH79176936763201,2025-07-03,53583,1
PAY-96692,INV-88226,OMC-004,Gulf Energy,GB89GWUW86379402654235,2026-06-14,98383,1
PAY-51794,INV-89603,OMC-011,Hass Petroleum,GB56WGCN65876036690967,2025-03-04,20471,1
PAY-44338,INV-59097,OMC-009,Dalbit Petroleum,GB53VXXX35615951484656,26/04/2025,52952,1
PAY-15642,INV-23606,OMC-001,TotalEnergies Kenya,GB06DMIO52553419283276,2026-08-18,24806,2
PAY-14820,INV-17771,OMC-006,Hashi Energy,GB05QCFC91361939909169,,65876,1
PAY-12564,INV-33849,OMC-009,Dalbit Petroleum,GB53VXXX35615951484656,29/06/2025,188334,1
PAY-72719,INV-66378,OMC-019,Tanzania Petroleum,GB64OAXE62174596158657,2025-07-03,100245,1
PAY-65858,INV-26406,OMC-015,Mombasa Petroleum,GB80WOIJ43135182337498,2025-08-31,219443,1
PAY-46902,INV-90971,OMC-002,Vivo Energy,GB45OQIR01845146270482,2026-08-02,105812,1
PAY-63971,INV-66740,OMC-019,Tanzania Petroleum,GB64OAXE62174596158657,2025-07-12,35866,1
PAY-15485,INV-11788,OMC-012,Galana Energies,GB89GWUW86379402654235,2026-06-04,60181,2
PAY-44859,INV-84043,OMC-004,Gulf Energy,GB89GWUW86379402654235,2026-05-06,135645,1
PAY-66240,INV-23658,OMC-018,Uganda National Oil,GB73JRAR61317127484677,2026-05-12,59383,1
PAY-34269,INV-61502,OMC-004,Gulf Energy,GB89GWUW86379402654235,2026-04-22,106273,1
PAY-17851,INV-65306,OMC-005,PetroOil Kenya,GB89GWUW86379402654235,2026-03-03,179226,1
PAY-47966,INV-22954,OMC-008,National Oil,GB08NAFX56342160733754,2025-11-07,64392,1
PAY-37079,INV-30667,OMC-013,Lake Oil,GB88TEHE71937452991241,2026-02-28,196402,1
PAY-17598,INV-13735,OMC-012,Galana Energies,GB89GWUW86379402654235,2026-03-30,71442,1
PAY-44218,INV-68616,OMC-019,Tanzania Petroleum,GB64OAXE62174596158657,2026-03-19,156114,1
PAY-23288,INV-34520,OMC-014,Texol Energies,GB06ONXS45314737996507,2026-01-17,188966,1
PAY-84868,INV-97327,OMC-011,Hass Petroleum,GB56WGCN65876036690967,2025-07-25,73562,2
PAY-61805,INV-97327,OMC-011,Hass Petroleum,GB56WGCN65876036690967,2025-07-04,120486,1
PAY-56580,INV-12376,OMC-011,Hass Petroleum,GB56WGCN65876036690967,2025-11-07,181397,1
PAY-71584,INV-94760,OMC-007,Kobil,GB37IDDX82449353487401,2026-03-10,79981,1
PAY-72342,INV-85455,OMC-009,Dalbit Petroleum,GB53VXXX35615951484656,2026-06-21,177619,1
PAY-64860,INV-10186,OMC-001,TotalEnergies Kenya,GB06DMIO52553419283276,2026-03-31,40910,1
PAY-95910,INV-95796,OMC-016,KPA Marine,GB31MOOJ96499091334123,2025-11-05," KES 19,822 ",1
PAY-57398,INV-95994,OMC-019,Tanzania Petroleum,GB64OAXE62174596158657,2026-02-08,45045,1
PAY-34432,INV-40385,OMC-013,Lake Oil,GB88TEHE71937452991241,2026-04-22,167028,1
PAY-90022,INV-25654,OMC-009,Dalbit Petroleum,GB53VXXX35615951484656,23/07/2026,102930,1
PAY-62255,INV-40434,OMC-007,Kobil,GB37IDDX82449353487401,2025-06-01,244448,1
PAY-88548,INV-49900,OMC-006,Hashi Energy,GB05QCFC91361939909169,2025-06-29,44246,1
PAY-98424,INV-86781,OMC-016,KPA Marine,GB31MOOJ96499091334123,2026-05-11," KES 99,933 ",1
PAY-88262,INV-72222,OMC-011,Hass Petroleum,GB56WGCN65876036690967,2025-12-10,169884,1
PAY-79879,INV-37977,OMC-005,PetroOil Kenya,GB89GWUW86379402654235,2026-05-31,17137,2
PAY-96829,INV-19572,OMC-020,Ethiopian Oil,GB08IVAZ74821759464743,2025-07-12,132246,1
PAY-35979,INV-18420,OMC-007,Kobil,GB37IDDX82449353487401,2025-07-18,102435,1
PAY-55298,INV-12804,OMC-013,Lake Oil,GB88TEHE71937452991241,2025-09-05,246794,1
PAY-42593,INV-90586,OMC-013,Lake Oil,GB88TEHE71937452991241,2025-12-29,166171,1
PAY-88852,INV-85797,OMC-010,Tamoil,GB34EABH79176936763201,2025-07-30,227883,1
PAY-58031,INV-63399,OMC-013,Lake Oil,GB88TEHE71937452991241,2025-04-26,53889,1
PAY-70913,INV-81234,OMC-017,KAA Aviation,GB54HVSS04902787429671,2025-12-20,211968,1
PAY-97727,INV-71695,OMC-020,Ethiopian Oil,GB08IVAZ74821759464743,2025-11-19,47904,1
PAY-46401,INV-39065,OMC-019,Tanzania Petroleum,GB64OAXE62174596158657,2026-05-10,100412,1
PAY-31533,INV-78696,OMC-012,Galana Energies,GB89GWUW86379402654235,2026-03-23,149948,1
PAY-90897,INV-25868,OMC-013,Lake Oil,GB88TEHE71937452991241,2025-08-18,37056,1
PAY-26333,INV-38882,OMC-002,Vivo Energy,GB45OQIR01845146270482,2025-11-11,48332,1
PAY-57972,INV-75641,OMC-010,Tamoil,GB34EABH79176936763201,2025-12-30,135795,1
PAY-67511,INV-73530,OMC-004,Gulf Energy,GB89GWUW86379402654235,2026-05-14,42030,2
PAY-87367,INV-60937,OMC-001,TotalEnergies Kenya,GB06DMIO52553419283276,2025-05-30,96601,1
PAY-91377,INV-26519,OMC-005,PetroOil Kenya,GB89GWUW86379402654235,2026-05-19,76420,1
PAY-14968,INV-40099,OMC-012,Galana Energies,GB89GWUW86379402654235,2026-06-09,39415,2
PAY-72750,INV-60386,OMC-015,Mombasa Petroleum,GB80WOIJ43135182337498,2025-07-11,61305,1
PAY-11409,INV-39819,OMC-004,Gulf Energy,GB89GWUW86379402654235,11/05/2026,125272,1
PAY-62333,INV-16116,OMC-005,PetroOil Kenya,GB89GWUW86379402654235,2026-04-21,318974,1
PAY-36741,INV-26334,OMC-001,TotalEnergies Kenya,GB06DMIO52553419283276,2025-05-03," KES 26,186 ",1
PAY-72373,INV-70505,OMC-015,Mombasa Petroleum,GB80WOIJ43135182337498,2025-02-24,79238,1
PAY-86192,INV-47438,OMC-006,Hashi Energy,GB05QCFC91361939909169,2025-05-21,170223,1
PAY-43128,INV-26547,OMC-017,KAA Aviation,GB54HVSS04902787429671,2025-11-15,224208,1
PAY-67619,INV-59464,OMC-010,Tamoil,GB34EABH79176936763201,2025-08-07,30999,1
PAY-13915,INV-35368,OMC-019,Tanzania Petroleum,GB64OAXE62174596158657,2025-05-02,155194,1
PAY-19742,INV-54816,OMC-005,PetroOil Kenya,GB89GWUW86379402654235,2026-03-27,95135,1
PAY-94024,INV-63978,OMC-007,Kobil,GB37IDDX82449353487401,2025-08-09,134135,1
PAY-70564,INV-11256,OMC-009,Dalbit Petroleum,GB53VXXX35615951484656,,50542,1
PAY-15302,INV-41880,OMC-006,Hashi Energy,GB05QCFC91361939909169,2025-09-23,23700,1
PAY-79943,INV-82590,OMC-018,Uganda National Oil,GB73JRAR61317127484677,2026-05-15,108317,1
PAY-85964,INV-30750,OMC-015,Mombasa Petroleum,GB80WOIJ43135182337498,2026-06-26,24858,1
PAY-17388,INV-57973,OMC-001,TotalEnergies Kenya,GB06DMIO52553419283276,2026-01-28,72330,2
PAY-96134,INV-99136,OMC-013,Lake Oil,GB88TEHE71937452991241,2026-02-01,175500,1
PAY-38750,INV-59648,OMC-001,TotalEnergies Kenya,GB06DMIO52553419283276,,25014,1
PAY-17841,INV-27416,OMC-006,Hashi Energy,GB05QCFC91361939909169,2026-03-20,34842,1
PAY-14814,INV-76946,OMC-019,Tanzania Petroleum,GB64OAXE62174596158657,2025-06-07,44877,1
PAY-60752,INV-64520,OMC-007,Kobil,GB37IDDX82449353487401,2025-12-05,171857,1
PAY-81515,INV-27109,OMC-006,Hashi Energy,GB05QCFC91361939909169,2025-07-15,32262,1
PAY-55408,INV-30633,OMC-008,National Oil,GB08NAFX56342160733754,2025-10-03,101670,1
PAY-17966,INV-65884,OMC-004,Gulf Energy,GB89GWUW86379402654235,2026-05-18,15762,1
PAY-70964,INV-68698,OMC-003,Rubis Energy,GB04LOQO13315098393010,2025-03-28,52274,1
PAY-42365,INV-27812,OMC-009,Dalbit Petroleum,GB53VXXX35615951484656,2026-07-09,36515,1
PAY-54853,INV-94233,OMC-008,National Oil,GB08NAFX56342160733754,13/11/2025," KES 199,227 ",1
PAY-45131,INV-15930,OMC-016,KPA Marine,GB31MOOJ96499091334123,2026-04-01,64999,1
PAY-39482,INV-76293,OMC-010,Tamoil,GB34EABH79176936763201,2026-01-07,177613,1
PAY-75525,INV-65306,OMC-005,PetroOil Kenya,GB89GWUW86379402654235,2026-04-01,63300,2
PAY-48695,INV-50930,OMC-002,Vivo Energy,GB45OQIR01845146270482,2025-12-16,83702,1
PAY-99445,INV-88718,OMC-010,Tamoil,GB34EABH79176936763201,2026-01-28,143539,1
PAY-13839,INV-26744,OMC-008,National Oil,GB08NAFX56342160733754,2026-03-10,159557,1
PAY-84096,INV-15324,OMC-013,Lake Oil,GB88TEHE71937452991241,2025-03-09,29549,1
PAY-48378,INV-98628,OMC-010,Tamoil,GB34EABH79176936763201,2026-02-26,191007,1
PAY-64214,INV-43715,OMC-014,Texol Energies,GB06ONXS45314737996507,2025-04-13,22901,2
PAY-16590,INV-24984,OMC-003,Rubis Energy,GB04LOQO13315098393010,2025-06-24,60879,1
PAY-64725,INV-70197,OMC-006,Hashi Energy,GB05QCFC91361939909169,2026-03-11,33401,1
PAY-84317,INV-34047,OMC-011,Hass Petroleum,GB56WGCN65876036690967,2026-05-11,190800,1
PAY-10440,INV-84110,OMC-006,Hashi Energy,GB05QCFC91361939909169,15/05/2025,62479,1
PAY-70867,INV-37724,OMC-020,Ethiopian Oil,GB08IVAZ74821759464743,2025-07-04,42557,1
PAY-56355,INV-32591,OMC-012,Galana Energies,GB89GWUW86379402654235,2026-04-25,108828,1
PAY-93830,INV-26389,OMC-002,Vivo Energy,GB45OQIR01845146270482,2025-12-31,18692,1
PAY-58519,INV-72859,OMC-009,Dalbit Petroleum,GB53VXXX35615951484656,2026-04-23,42170,2
PAY-88235,INV-58058,OMC-014,Texol Energies,GB06ONXS45314737996507,2026-02-25,49672,1
PAY-64962,INV-87881,OMC-002,Vivo Energy,GB45OQIR01845146270482,2025-03-05,43766,1
PAY-65778,INV-31991,OMC-007,Kobil,GB37IDDX82449353487401,2025-11-22," KES 42,335 ",1
PAY-56555,INV-42216,OMC-014,Texol Energies,GB06ONXS45314737996507,2025-03-03,148077,1
PAY-15350,INV-58523,OMC-009,Dalbit Petroleum,GB53VXXX35615951484656,2025-04-01,55221,1
PAY-83217,INV-51633,OMC-005,PetroOil Kenya,GB89GWUW86379402654235,2026-04-06,31212,2
PAY-82250,INV-95933,OMC-009,Dalbit Petroleum,GB53VXXX35615951484656,2026-05-16,118129,1
PAY-31889,INV-42806,OMC-016,KPA Marine,GB31MOOJ96499091334123,2025-05-15,36856,1
PAY-57761,INV-79750,OMC-016,KPA Marine,GB31MOOJ96499091334123,2025-07-21,108005,1
PAY-12860,INV-30383,OMC-007,Kobil,GB37IDDX82449353487401,2026-05-21,252610,1
PAY-98177,INV-55285,OMC-014,Texol Energies,GB06ONXS45314737996507,2025-07-24,163032,1
PAY-36169,INV-48753,OMC-003,Rubis Energy,GB04LOQO13315098393010,2025-10-18,118723,1
PAY-51575,INV-14160,OMC-011,Hass Petroleum,GB56WGCN65876036690967,2025-09-26,34837,1
PAY-26017,INV-17731,OMC-012,Galana Energies,GB89GWUW86379402654235,2026-04-06,102303,2
PAY-35088,INV-82907,OMC-010,Tamoil,GB34EABH79176936763201,2026-01-10,29680,1
PAY-63636,INV-76715,OMC-012,Galana Energies,GB89GWUW86379402654235,2026-04-05,166236,1
PAY-99397,INV-69618,OMC-018,Uganda National Oil,GB73JRAR61317127484677,2025-08-17,34427,1
PAY-32727,INV-62328,OMC-015,Mombasa Petroleum,GB80WOIJ43135182337498,31/05/2025,213334,1
PAY-91451,INV-83015,OMC-007,Kobil,GB37IDDX82449353487401,2026-01-22," KES 171,579 ",1
PAY-52323,INV-91710,OMC-012,Galana Energies,GB89GWUW86379402654235,2026-04-05,134900,1
PAY-87718,INV-70831,OMC-002,Vivo Energy,GB45OQIR01845146270482,2025-01-30,44223,1
PAY-45739,INV-66606,OMC-001,TotalEnergies Kenya,GB06DMIO52553419283276,2026-04-16,13140,2
PAY-80891,INV-40778,OMC-019,Tanzania Petroleum,GB64OAXE62174596158657,2026-02-17,63069,1
PAY-37802,INV-71290,OMC-017,KAA Aviation,GB54HVSS04902787429671,2025-02-17,184336,1
PAY-26156,INV-10220,OMC-001,TotalEnergies Kenya,GB06DMIO52553419283276,2025-06-14,28465,1
PAY-61422,INV-55694,OMC-007,Kobil,GB37IDDX82449353487401,2026-03-17,269481,1
PAY-50388,INV-70274,OMC-011,Hass Petroleum,GB56WGCN65876036690967,2025-04-03,36418,1
PAY-49641,INV-88556,OMC-001,TotalEnergies Kenya,GB06DMIO52553419283276,2025-08-21,37205,1
PAY-67834,INV-95602,OMC-012,Galana Energies,GB89GWUW86379402654235,2026-06-01,33713,2
PAY-43388,INV-41495,OMC-004,Gulf Energy,GB89GWUW86379402654235,2026-06-01,54259,2
PAY-83395,INV-37665,OMC-018,Uganda National Oil,GB73JRAR61317127484677,2026-04-08,223696,1
PAY-61391,INV-65924,OMC-016,KPA Marine,GB31MOOJ96499091334123,2026-07-30,106529,1
PAY-89572,INV-31488,OMC-010,Tamoil,GB34EABH79176936763201,2026-07-16,149580,1
PAY-55650,INV-40135,OMC-019,Tanzania Petroleum,GB64OAXE62174596158657,2026-06-07,58259,1
PAY-78131,INV-16025,OMC-008,National Oil,GB08NAFX56342160733754,2025-11-19,27557,1
PAY-83570,INV-36862,OMC-002,Vivo Energy,GB45OQIR01845146270482,2026-06-25,12512,2
PAY-45283,INV-71781,OMC-007,Kobil,GB37IDDX82449353487401,2025-10-22,148383,1
PAY-91127,INV-59276,OMC-017,KAA Aviation,GB54HVSS04902787429671,2025-05-16,286727,1
PAY-34082,INV-40063,OMC-006,Hashi Energy,GB05QCFC91361939909169,2026-07-30," KES 192,242 ",1
PAY-32978,INV-57173,OMC-016,KPA Marine,GB31MOOJ96499091334123,2025-12-27,100701,1
PAY-13649,INV-39311,OMC-014,Texol Energies,GB06ONXS45314737996507,2025-11-11,112542,1
PAY-69604,INV-66164,OMC-019,Tanzania Petroleum,GB64OAXE62174596158657,2026-03-31,66703,1
PAY-29751,INV-16740,OMC-008,National Oil,GB08NAFX56342160733754,2025-07-07,61213,1
PAY-86301,INV-51056,OMC-012,Galana Energies,GB89GWUW86379402654235,2026-06-15,13468,2
PAY-16623,INV-50948,OMC-001,TotalEnergies Kenya,GB06DMIO52553419283276,2025-10-30,129754,1
PAY-70960,INV-17186,OMC-003,Rubis Energy,GB04LOQO13315098393010,2025-12-24,142112,1
PAY-30642,INV-81299,OMC-017,KAA Aviation,GB54HVSS04902787429671,2026-06-19,116638,1
PAY-69017,INV-81451,OMC-017,KAA Aviation,GB54HVSS04902787429671,2025-03-05,188730,1
PAY-26027,INV-21924,OMC-018,Uganda National Oil,GB73JRAR61317127484677,2026-05-03,157991,1
PAY-67806,INV-30116,OMC-017,KAA Aviation,GB54HVSS04902787429671,2025-06-11,250386,1
PAY-55893,INV-47094,OMC-007,Kobil,GB37IDDX82449353487401,2025-06-08,27638,1
PAY-51712,INV-90880,OMC-007,Kobil,GB37IDDX82449353487401,2026-01-15,50987,1
PAY-12362,INV-11950,OMC-014,Texol Energies,GB06ONXS45314737996507,2025-10-29,15185,1
PAY-74679,INV-46898,OMC-003,Rubis Energy,GB04LOQO13315098393010,2025-12-15,34919,1
PAY-18889,INV-81372,OMC-011,Hass Petroleum,GB56WGCN65876036690967,,133962,1
PAY-79164,INV-91039,OMC-004,Gulf Energy,GB89GWUW86379402654235,2026-03-08,15061,2
PAY-97187,INV-21720,OMC-015,Mombasa Petroleum,GB80WOIJ43135182337498,2026-04-22,133293,1
PAY-29502,INV-87149,OMC-018,Uganda National Oil,GB73JRAR61317127484677,2025-10-30,228991,1
PAY-90395,INV-25945,OMC-017,KAA Aviation,GB54HVSS04902787429671,2026-06-13,238734,1
PAY-92098,INV-69226,OMC-010,Tamoil,GB34EABH79176936763201,2026-01-05,26922,1
PAY-73518,INV-59885,OMC-005,PetroOil Kenya,GB89GWUW86379402654235,2026-04-12,75465,2
PAY-43968,INV-21298,OMC-009,Dalbit Petroleum,GB53VXXX35615951484656,2025-03-27,180131,1
PAY-17280,INV-41009,OMC-014,Texol Energies,GB06ONXS45314737996507,2025-12-19,8725,2
PAY-16474,INV-77988,OMC-008,National Oil,GB08NAFX56342160733754,2025-05-04,41052,1
PAY-29220,INV-33360,OMC-011,Hass Petroleum,GB56WGCN65876036690967,2025-03-10,98004,1
PAY-29933,INV-92449,OMC-003,Rubis Energy,GB04LOQO13315098393010,2026-06-02," KES 135,875 ",1
PAY-38417,INV-90854,OMC-009,Dalbit Petroleum,GB53VXXX35615951484656,2025-11-27,68915,2
PAY-88146,INV-26406,OMC-005,PetroOil Kenya,GB89GWUW86379402654235,2026-05-28,135177,1
PAY-53414,INV-44936,OMC-019,Tanzania Petroleum,GB64OAXE62174596158657,2025-11-09,243580,1
PAY-52933,INV-46139,OMC-010,Tamoil,GB34EABH79176936763201,2025-08-01,126515,1
PAY-89297,INV-97109,OMC-020,Ethiopian Oil,GB08IVAZ74821759464743,2026-06-20,110222,1
PAY-73728,INV-35988,OMC-019,Tanzania Petroleum,GB64OAXE62174596158657,2025-05-27,276840,1
PAY-87361,INV-28055,OMC-015,Mombasa Petroleum,GB80WOIJ43135182337498,14/11/2025,254358,1
PAY-24226,INV-32786,OMC-006,Hashi Energy,GB05QCFC91361939909169,2025-07-12,273073,1
PAY-42162,INV-88633,OMC-009,Dalbit Petroleum,GB53VXXX35615951484656,2025-06-19,33317,1
PAY-79684,INV-91625,OMC-020,Ethiopian Oil,GB08IVAZ74821759464743,2025-05-14,208778,1
PAY-18399,INV-59090,OMC-015,Mombasa Petroleum,GB80WOIJ43135182337498,2026-06-07,61488,1
PAY-50336,INV-67510,OMC-009,Dalbit Petroleum,GB53VXXX35615951484656,2025-04-05,93446,1
PAY-65746,INV-65413,OMC-011,Hass Petroleum,GB56WGCN65876036690967,2025-08-06,198507,1
PAY-89057,INV-16603,OMC-008,National Oil,GB08NAFX56342160733754,2026-02-14," KES 14,338 ",1
PAY-84963,INV-87648,OMC-005,PetroOil Kenya,GB89GWUW86379402654235,2026-03-17,229976,1
PAY-48902,INV-60147,OMC-003,Rubis Energy,GB04LOQO13315098393010,2026-04-29,189437,1
PAY-45417,INV-34476,OMC-014,Texol Energies,GB06ONXS45314737996507,2026-03-12,184688,1
PAY-81611,INV-59854,OMC-008,National Oil,GB08NAFX56342160733754,2025-05-08,60108,1
PAY-69061,INV-10719,OMC-017,KAA Aviation,GB54HVSS04902787429671,2025-11-22,40331,1
PAY-43413,INV-66377,OMC-016,KPA Marine,GB31MOOJ96499091334123,2025-11-02,171849,1
PAY-36392,INV-49700,OMC-018,Uganda National Oil,GB73JRAR61317127484677,2025-09-11,99874,1
PAY-45746,INV-20327,OMC-012,Galana Energies,GB89GWUW86379402654235,2026-06-09,93923,2
PAY-98206,INV-56986,OMC-002,Vivo Energy,GB45OQIR01845146270482,2026-04-10,191318,1
PAY-85545,INV-56516,OMC-019,Tanzania Petroleum,GB64OAXE62174596158657,2026-02-10,158754,1
PAY-63306,INV-40897,OMC-004,Gulf Energy,GB89GWUW86379402654235,2026-05-04,40997,1
PAY-76554,INV-21349,OMC-014,Texol Energies,GB06ONXS45314737996507,2025-08-21,202880,1
PAY-33544,INV-32074,OMC-010,Tamoil,GB34EABH79176936763201,2025-11-07,43937,1
PAY-83742,INV-90502,OMC-005,PetroOil Kenya,GB89GWUW86379402654235,2026-05-13,19808,2
PAY-40591,INV-66342,OMC-011,Hass Petroleum,GB56WGCN65876036690967,2026-01-26,184752,1
PAY-87686,INV-75298,OMC-009,Dalbit Petroleum,GB53VXXX35615951484656,2026-04-21,103515,1
PAY-33760,INV-78040,OMC-011,Hass Petroleum,GB56WGCN65876036690967,2025-10-18,81494,1
PAY-12527,INV-37928,OMC-012,Galana Energies,GB89GWUW86379402654235,2026-02-20,51592,1
PAY-10658,INV-71832,OMC-012,Galana Energies,GB89GWUW86379402654235,2026-04-01,13543,1
PAY-43954,INV-89289,OMC-019,Tanzania Petroleum,GB64OAXE62174596158657,2025-09-20,74750,1
PAY-47452,INV-41774,OMC-002,Vivo Energy,GB45OQIR01845146270482,2025-06-28,21668,1
PAY-44552,INV-32865,OMC-010,Tamoil,GB34EABH79176936763201,2025-11-26,200126,1
PAY-49088,INV-16498,OMC-014,Texol Energies,GB06ONXS45314737996507,2026-03-10,50454,1
PAY-64900,INV-29497,OMC-005,PetroOil Kenya,GB89GWUW86379402654235,2026-05-14,47819,1
PAY-11722,INV-81162,OMC-017,KAA Aviation,GB54HVSS04902787429671,2025-05-08,105373,1
PAY-56781,INV-10261,OMC-017,KAA Aviation,GB54HVSS04902787429671,2026-08-07," KES 36,860 ",1
PAY-25303,INV-46184,OMC-010,Tamoil,GB34EABH79176936763201,2025-05-13,85886,2
PAY-13143,INV-54684,OMC-002,Vivo Energy,GB45OQIR01845146270482,2026-05-25,78288,1
PAY-27316,INV-24435,OMC-008,National Oil,GB08NAFX56342160733754,2025-07-21,236069,1
PAY-89529,INV-47746,OMC-013,Lake Oil,GB88TEHE71937452991241,2025-02-14,29904,1
PAY-92992,INV-40181,OMC-001,TotalEnergies Kenya,GB06DMIO52553419283276,2025-06-24,113348,1
PAY-18370,INV-23857,OMC-014,Texol Energies,GB06ONXS45314737996507,2025-06-22,127930,1
PAY-67099,INV-69712,OMC-004,Gulf Energy,GB89GWUW86379402654235,2026-03-17,147303,1
PAY-64720,INV-46912,OMC-017,KAA Aviation,GB54HVSS04902787429671,2025-10-10,96907,1
PAY-83904,INV-86070,OMC-002,Vivo Energy,GB45OQIR01845146270482,2025-12-13,36082,1
PAY-65981,INV-50657,OMC-007,Kobil,GB37IDDX82449353487401,2026-04-04,59085,1
PAY-78249,INV-86021,OMC-008,National Oil,GB08NAFX56342160733754,2026-03-23,46235,1
PAY-29526,INV-30054,OMC-001,TotalEnergies Kenya,GB06DMIO52553419283276,2025-04-02,166761,1
PAY-91888,INV-15806,OMC-016,KPA Marine,GB31MOOJ96499091334123,2025-05-28,198916,1
PAY-61831,INV-15513,OMC-002,Vivo Energy,GB45OQIR01845146270482,2025-10-17,157253,1
PAY-10269,INV-40277,OMC-002,Vivo Energy,GB45OQIR01845146270482,2025-10-16,170932,1
PAY-24920,INV-76702,OMC-004,Gulf Energy,GB89GWUW86379402654235,17/02/2026,22613,1
PAY-61063,INV-71418,OMC-006,Hashi Energy,GB05QCFC91361939909169,2025-04-05,55698,1
PAY-47178,INV-34783,OMC-007,Kobil,GB37IDDX82449353487401,20/02/2026,373371,1
PAY-23041,INV-36650,OMC-013,Lake Oil,GB88TEHE71937452991241,,83677,1
PAY-33837,INV-89841,OMC-008,National Oil,GB08NAFX56342160733754,2026-01-12,36130,1
PAY-41136,INV-10365,OMC-015,Mombasa Petroleum,GB80WOIJ43135182337498,2025-04-08,27724,1
PAY-30702,INV-75642,OMC-006,Hashi Energy,GB05QCFC91361939909169,2026-06-19,177449,1
PAY-20831,INV-84827,OMC-015,Mombasa Petroleum,GB80WOIJ43135182337498,2026-05-14,237520,1
PAY-32463,INV-80477,OMC-017,KAA Aviation,GB54HVSS04902787429671,2025-09-22,21969,1
PAY-44422,INV-57114,OMC-012,Galana Energies,GB89GWUW86379402654235,2026-06-21,31617,1
PAY-31958,INV-36577,OMC-002,Vivo Energy,GB45OQIR01845146270482,2026-08-10,34270,1
PAY-66208,INV-45679,OMC-007,Kobil,GB37IDDX82449353487401,2025-05-23,202253,1
PAY-69163,INV-66190,OMC-012,Galana Energies,GB89GWUW86379402654235,2026-06-01,204812,1
PAY-23766,INV-90898,OMC-006,Hashi Energy,GB05QCFC91361939909169,2026-02-11,29921,1
PAY-67342,INV-39636,OMC-011,Hass Petroleum,GB56WGCN65876036690967,2025-04-25,89997,2
PAY-56901,INV-98587,OMC-013,Lake Oil,GB88TEHE71937452991241,2025-07-05,39911,1
PAY-89382,INV-58697,OMC-014,Texol Energies,GB06ONXS45314737996507,2025-10-07,49253,1
PAY-87150,INV-74795,OMC-015,Mombasa Petroleum,GB80WOIJ43135182337498,2025-11-22,247917,1
PAY-33340,INV-85572,OMC-018,Uganda National Oil,GB73JRAR61317127484677,2026-07-13,186488,1
PAY-96739,INV-81788,OMC-018,Uganda National Oil,GB73JRAR61317127484677,2026-04-09,57856,1
PAY-30577,INV-17848,OMC-020,Ethiopian Oil,GB08IVAZ74821759464743,2026-02-20,160515,1
PAY-36048,INV-48928,OMC-008,National Oil,GB08NAFX56342160733754,,33925,1
PAY-22823,INV-88357,OMC-001,TotalEnergies Kenya,GB06DMIO52553419283276,,89135,2
PAY-26965,INV-79322,OMC-004,Gulf Energy,GB89GWUW86379402654235,2026-04-24,16190,2
PAY-41683,INV-36565,OMC-010,Tamoil,GB34EABH79176936763201,2025-05-15,38684,1
PAY-74940,INV-44537,OMC-005,PetroOil Kenya,GB89GWUW86379402654235,2026-02-28,39342,1
PAY-62578,INV-45366,OMC-010,Tamoil,GB34EABH79176936763201,2025-03-04," KES 203,190 ",1
PAY-99064,INV-28642,OMC-002,Vivo Energy,GB45OQIR01845146270482,2025-11-06,249882,1
PAY-32020,INV-25023,OMC-013,Lake Oil,GB88TEHE71937452991241,2025-09-24,169361,1
PAY-38268,INV-66340,OMC-009,Dalbit Petroleum,GB53VXXX35615951484656,2025-12-05,96682,1
PAY-57138,INV-10748,OMC-006,Hashi Energy,GB05QCFC91361939909169,2026-03-03,36250,1
PAY-79108,INV-18970,OMC-001,TotalEnergies Kenya,GB06DMIO52553419283276,2025-10-16,30202,2
PAY-91619,INV-66513,OMC-019,Tanzania Petroleum,GB64OAXE62174596158657,2025-09-14," KES 134,167 ",1
PAY-40849,INV-19024,OMC-001,TotalEnergies Kenya,GB06DMIO52553419283276,2025-10-27,147184,1
PAY-83449,INV-91886,OMC-016,KPA Marine,GB31MOOJ96499091334123,2025-08-05,35131,1
PAY-91142,INV-72690,OMC-011,Hass Petroleum,GB56WGCN65876036690967,2025-11-15,234916,1
PAY-32569,INV-11724,OMC-005,PetroOil Kenya,GB89GWUW86379402654235,2026-04-09,132175,1
PAY-86189,INV-37670,OMC-006,Hashi Energy,GB05QCFC91361939909169,2026-04-09,80424,1
PAY-79757,INV-71339,OMC-007,Kobil,GB37IDDX82449353487401,2025-02-24,213786,1
PAY-57851,INV-99927,OMC-020,Ethiopian Oil,GB08IVAZ74821759464743,12/07/2025,44983,1
PAY-97133,INV-32306,OMC-019,Tanzania Petroleum,GB64OAXE62174596158657,2025-07-19,137297,1
PAY-38133,INV-15035,OMC-019,Tanzania Petroleum,GB64OAXE62174596158657,2025-07-27,98849,1
PAY-42045,INV-81608,OMC-004,Gulf Energy,GB89GWUW86379402654235,05/04/2026,41663,1
PAY-25981,INV-99330,OMC-003,Rubis Energy,GB04LOQO13315098393010,2026-04-18,46064,1
PAY-12678,INV-28769,OMC-001,TotalEnergies Kenya,GB06DMIO52553419283276,2026-01-27,32868,1
PAY-32290,INV-35327,OMC-005,PetroOil Kenya,GB89GWUW86379402654235,2026-05-27,251994,1
PAY-84302,INV-52709,OMC-001,TotalEnergies Kenya,GB06DMIO52553419283276,2025-09-30,86669,1
PAY-93972,INV-61756,OMC-010,Tamoil,GB34EABH79176936763201,2026-05-09,103647,1
PAY-86934,INV-37603,OMC-017,KAA Aviation,GB54HVSS04902787429671,2026-04-06,163287,1
PAY-77418,INV-70555,OMC-019,Tanzania Petroleum,GB64OAXE62174596158657,2026-06-11,150654,1
PAY-42903,INV-81590,OMC-018,Uganda National Oil,GB73JRAR61317127484677,2025-12-25,299213,1
PAY-84134,INV-82081,OMC-008,National Oil,GB08NAFX56342160733754,2026-07-13," KES 39,437 ",1
PAY-93537,INV-85961,OMC-002,Vivo Energy,GB45OQIR01845146270482,2026-02-06,24101,2
PAY-63628,INV-14839,OMC-005,PetroOil Kenya,GB89GWUW86379402654235,2026-04-10,215099,1
PAY-40981,INV-43299,OMC-020,Ethiopian Oil,GB08IVAZ74821759464743,2025-06-17,253537,1
PAY-28014,INV-42094,OMC-002,Vivo Energy,GB45OQIR01845146270482,2025-09-27,245018,1
PAY-13623,INV-14351,OMC-016,KPA Marine,GB31MOOJ96499091334123,2025-03-06,163694,1
PAY-60968,INV-98171,OMC-011,Hass Petroleum,GB56WGCN65876036690967,2025-04-02,58910,1
PAY-46607,INV-42085,OMC-006,Hashi Energy,GB05QCFC91361939909169,2025-11-23,122807,1
PAY-76554,INV-49856,OMC-008,National Oil,GB08NAFX56342160733754,2025-08-24,188175,1
PAY-71220,INV-23088,OMC-001,TotalEnergies Kenya,GB06DMIO52553419283276,2025-07-05,152582,1
PAY-62073,INV-67820,OMC-007,Kobil,GB37IDDX82449353487401,2025-05-10,28984,1
PAY-92468,INV-52025,OMC-018,Uganda National Oil,GB73JRAR61317127484677,2025-09-02,139166,1
PAY-48108,INV-18648,OMC-001,TotalEnergies Kenya,GB06DMIO52553419283276,2025-11-24,146797,1
PAY-56129,INV-26561,OMC-019,Tanzania Petroleum,GB64OAXE62174596158657,2026-03-21,183491,1
PAY-64482,INV-53156,OMC-010,Tamoil,GB34EABH79176936763201,2026-01-11,142792,1
PAY-18755,INV-11707,OMC-005,PetroOil Kenya,GB89GWUW86379402654235,2026-03-18,20316,1
PAY-40605,INV-60698,OMC-015,Mombasa Petroleum,GB80WOIJ43135182337498,09/05/2026,56819,1
PAY-79864,INV-37264,OMC-016,KPA Marine,GB31MOOJ96499091334123,2026-07-02,221558,1
PAY-59988,INV-43871,OMC-006,Hashi Energy,GB05QCFC91361939909169,2026-04-10,111143,1
PAY-58827,INV-74924,OMC-017,KAA Aviation,GB54HVSS04902787429671,2025-10-21,24518,1
PAY-21172,INV-52222,OMC-010,Tamoil,GB34EABH79176936763201,2025-12-06,178075,1
PAY-94520,INV-63560,OMC-006,Hashi Energy,GB05QCFC91361939909169,2025-09-06,21439,1
PAY-75741,INV-87987,OMC-006,Hashi Energy,GB05QCFC91361939909169,2025-06-13,195829,1
PAY-41343,INV-56402,OMC-013,Lake Oil,GB88TEHE71937452991241,2026-01-11,93955,1
PAY-19324,INV-82838,OMC-004,Gulf Energy,GB89GWUW86379402654235,2026-05-18,83750,1
PAY-25776,INV-41849,OMC-014,Texol Energies,GB06ONXS45314737996507,2025-05-18,147840,1
PAY-27968,INV-44035,OMC-007,Kobil,GB37IDDX82449353487401,2025-09-05,131619,1
PAY-66656,INV-20090,OMC-008,National Oil,GB08NAFX56342160733754,2025-12-11,169366,1
PAY-33531,INV-69232,OMC-010,Tamoil,GB34EABH79176936763201,2026-07-06,223207,1
PAY-55537,INV-26037,OMC-008,National Oil,GB08NAFX56342160733754,2025-11-01,37773,1
PAY-71338,INV-96689,OMC-020,Ethiopian Oil,GB08IVAZ74821759464743,2026-05-14,103551,1
PAY-94082,INV-25654,OMC-009,Dalbit Petroleum,GB53VXXX35615951484656,2026-08-11,49826,2
PAY-32383,INV-56548,OMC-001,TotalEnergies Kenya,GB06DMIO52553419283276,2026-06-24,254548,1
PAY-71527,INV-82678,OMC-003,Rubis Energy,GB04LOQO13315098393010,2025-05-23,43303,1
PAY-71364,INV-80721,OMC-005,PetroOil Kenya,GB89GWUW86379402654235,2026-05-19,57492,2
PAY-27876,INV-17387,OMC-014,Texol Energies,GB06ONXS45314737996507,,99030,1
PAY-77162,INV-30853,OMC-019,Tanzania Petroleum,GB64OAXE62174596158657,2026-06-11,57450,1
PAY-21106,INV-63481,OMC-001,TotalEnergies Kenya,GB06DMIO52553419283276,2025-10-08,67395,1
PAY-65521,INV-92131,OMC-009,Dalbit Petroleum,GB53VXXX35615951484656,2025-08-18,61124,1
PAY-35165,INV-41965,OMC-019,Tanzania Petroleum,GB64OAXE62174596158657,2026-03-06,41516,1
PAY-63262,INV-58465,OMC-010,Tamoil,GB34EABH79176936763201,2025-10-26,160377,1
PAY-75721,INV-10966,OMC-019,Tanzania Petroleum,GB64OAXE62174596158657,2025-05-07,59999,1
PAY-59455,INV-35950,OMC-004,Gulf Energy,GB89GWUW86379402654235,2026-02-14,187219,1
PAY-48414,INV-79828,OMC-015,Mombasa Petroleum,GB80WOIJ43135182337498,2025-11-08,38373,1
PAY-48289,INV-32289,OMC-009,Dalbit Petroleum,GB53VXXX35615951484656,2026-09-16,23813,2
PAY-20097,INV-55746,OMC-013,Lake Oil,GB88TEHE71937452991241,2025-11-17,190462,1
PAY-58382,INV-53443,OMC-019,Tanzania Petroleum,GB64OAXE62174596158657,2025-05-28,99623,1
PAY-31989,INV-39155,OMC-014,Texol Energies,GB06ONXS45314737996507,2025-04-16,124786,1
PAY-71398,INV-29064,OMC-013,Lake Oil,GB88TEHE71937452991241,2026-07-09,42742,1
PAY-80999,INV-80147,OMC-017,KAA Aviation,GB54HVSS04902787429671,2025-10-09,103270,1
PAY-52403,INV-88559,OMC-002,Vivo Energy,GB45OQIR01845146270482,2025-08-10,185861,1
PAY-76741,INV-76955,OMC-019,Tanzania Petroleum,GB64OAXE62174596158657,2025-07-25,30877,1
PAY-18752,INV-56724,OMC-017,KAA Aviation,GB54HVSS04902787429671,2025-11-01,23239,1
PAY-17961,INV-89543,OMC-006,Hashi Energy,GB05QCFC91361939909169,2025-06-27,49024,1
PAY-89074,INV-22553,OMC-002,Vivo Energy,GB45OQIR01845146270482,2025-04-11,219655,1
PAY-77042,INV-20273,OMC-004,Gulf Energy,GB89GWUW86379402654235,19/03/2026,121508,1
PAY-21249,INV-73697,OMC-008,National Oil,GB08NAFX56342160733754,,245974,1
PAY-37530,INV-94234,OMC-014,Texol Energies,GB06ONXS45314737996507,," KES 18,067 ",1
PAY-71205,INV-21917,OMC-011,Hass Petroleum,GB56WGCN65876036690967,2026-04-16,40842,1
PAY-77804,INV-45122,OMC-004,Gulf Energy,GB89GWUW86379402654235,2026-04-14,27831,1
PAY-74563,INV-94072,OMC-006,Hashi Energy,GB05QCFC91361939909169,2025-04-30,24106,1
PAY-55737,INV-66740,OMC-019,Tanzania Petroleum,GB64OAXE62174596158657,2025-08-04,16612,2
PAY-41561,INV-50209,OMC-015,Mombasa Petroleum,GB80WOIJ43135182337498,2025-03-22,43809,1
PAY-32151,INV-88599,OMC-013,Lake Oil,GB88TEHE71937452991241,2025-09-11," KES 146,650 ",1
PAY-46367,INV-92360,OMC-012,Galana Energies,GB89GWUW86379402654235,2026-05-17,109857,2
PAY-74148,INV-48007,OMC-013,Lake Oil,GB88TEHE71937452991241,17/02/2025,232679,1
PAY-54571,INV-93808,OMC-006,Hashi Energy,GB05QCFC91361939909169,2025-06-21,193754,1
PAY-23399,INV-36029,OMC-011,Hass Petroleum,GB56WGCN65876036690967,2026-01-03,64936,1
PAY-77347,INV-82223,OMC-002,Vivo Energy,GB45OQIR01845146270482,2026-03-22,114471,1
PAY-83909,INV-23376,OMC-004,Gulf Energy,GB89GWUW86379402654235,2026-05-11,30051,2
PAY-22522,INV-32046,OMC-010,Tamoil,GB34EABH79176936763201,2026-06-18,213579,1
PAY-57927,INV-35179,OMC-009,Dalbit Petroleum,GB53VXXX35615951484656,2025-11-29,26042,2
PAY-43753,INV-35913,OMC-005,PetroOil Kenya,GB89GWUW86379402654235,2026-05-28,31409,1
PAY-93879,INV-15121,OMC-020,Ethiopian Oil,GB08IVAZ74821759464743,2025-02-27,116300,1
PAY-37223,INV-58103,OMC-006,Hashi Energy,GB05QCFC91361939909169,2025-06-24,48029,1
PAY-16690,INV-41502,OMC-012,Galana Energies,GB89GWUW86379402654235,2026-03-24,25853,1
PAY-23791,INV-53138,OMC-020,Ethiopian Oil,GB08IVAZ74821759464743,2025-07-27,16053,1
PAY-34773,INV-87899,OMC-003,Rubis Energy,GB04LOQO13315098393010,2025-06-11,169984,1
PAY-24878,INV-15625,OMC-015,Mombasa Petroleum,GB80WOIJ43135182337498,2026-03-19,135556,1
PAY-18084,INV-59595,OMC-003,Rubis Energy,GB04LOQO13315098393010,2025-04-03,115035,1
PAY-59033,INV-33910,OMC-012,Galana Energies,GB89GWUW86379402654235,2026-05-29,92649,1
PAY-42809,INV-21914,OMC-019,Tanzania Petroleum,GB64OAXE62174596158657,2025-10-07,178040,1
PAY-43504,INV-13669,OMC-004,Gulf Energy,GB89GWUW86379402654235,2026-04-19,147359,1
PAY-26340,INV-63670,OMC-019,Tanzania Petroleum,GB64OAXE62174596158657,2025-09-03,141621,1
PAY-20446,INV-40975,OMC-007,Kobil,GB37IDDX82449353487401,2025-05-18," KES 185,158 ",1
PAY-53378,INV-67341,OMC-004,Gulf Energy,GB89GWUW86379402654235,2026-05-06,87395,2
PAY-89834,INV-93596,OMC-001,TotalEnergies Kenya,GB06DMIO52553419283276,2025-09-29," KES 73,289 ",2
PAY-25784,INV-89472,OMC-003,Rubis Energy,GB04LOQO13315098393010,2025-05-01,12333,2
PAY-89773,INV-65432,OMC-001,TotalEnergies Kenya,GB06DMIO52553419283276,2026-03-19,136946,1
PAY-63937,INV-44112,OMC-010,Tamoil,GB34EABH79176936763201,2025-11-01,40633,1
PAY-37351,INV-50441,OMC-010,Tamoil,GB34EABH79176936763201,2026-07-23,53507,1
PAY-80245,INV-19176,OMC-007,Kobil,GB37IDDX82449353487401,2026-05-05,58793,1
PAY-94318,INV-61474,OMC-011,Hass Petroleum,GB56WGCN65876036690967,2026-03-08,69936,2
PAY-59603,INV-18449,OMC-019,Tanzania Petroleum,GB64OAXE62174596158657,2025-09-04,74397,2
PAY-42378,INV-76732,OMC-018,Uganda National Oil,GB73JRAR61317127484677,2026-05-05,42623,1
PAY-62787,INV-48321,OMC-014,Texol Energies,GB06ONXS45314737996507,2026-08-02,163251,1
PAY-45491,INV-10646,OMC-015,Mombasa Petroleum,GB80WOIJ43135182337498,2025-05-19,222171,1
PAY-66853,INV-84866,OMC-007,Kobil,GB37IDDX82449353487401,2026-02-27,50522,1
PAY-95028,INV-37716,OMC-014,Texol Energies,GB06ONXS45314737996507,02/01/2026,41862,1
PAY-40482,INV-80662,OMC-010,Tamoil,GB34EABH79176936763201,2025-03-27,22771,1
PAY-45405,INV-72966,OMC-009,Dalbit Petroleum,GB53VXXX35615951484656,2025-10-02,155086,1
PAY-34535,INV-44410,OMC-001,TotalEnergies Kenya,GB06DMIO52553419283276,2026-06-13,28150,1
PAY-10284,INV-69025,OMC-007,Kobil,GB37IDDX82449353487401,2025-03-30,65066,2
PAY-69606,INV-31313,OMC-017,KAA Aviation,GB54HVSS04902787429671,2026-03-18," KES 218,142 ",1
PAY-10019,INV-62074,OMC-015,Mombasa Petroleum,GB80WOIJ43135182337498,2025-10-25,214414,1
PAY-83199,INV-34254,OMC-020,Ethiopian Oil,GB08IVAZ74821759464743,2026-04-13,138625,1
PAY-57854,INV-27974,OMC-016,KPA Marine,GB31MOOJ96499091334123,2026-03-15,299158,1
PAY-54843,INV-67285,OMC-017,KAA Aviation,GB54HVSS04902787429671,2025-02-06,198225,1
PAY-65775,INV-71276,OMC-019,Tanzania Petroleum,GB64OAXE62174596158657,2025-09-11,38885,1
PAY-46764,INV-37748,OMC-007,Kobil,GB37IDDX82449353487401,2025-04-27,53667,1
PAY-88294,INV-29941,OMC-004,Gulf Energy,GB89GWUW86379402654235,,190483,1
PAY-56126,INV-37936,OMC-011,Hass Petroleum,GB56WGCN65876036690967,2026-05-17,115213,1
PAY-46640,INV-43993,OMC-019,Tanzania Petroleum,GB64OAXE62174596158657,2025-10-12,101473,1
PAY-57429,INV-90669,OMC-006,Hashi Energy,GB05QCFC91361939909169,2025-12-21,153797,1
PAY-76053,INV-33363,OMC-001,TotalEnergies Kenya,GB06DMIO52553419283276,07/07/2026,120676,1
PAY-46843,INV-80451,OMC-009,Dalbit Petroleum,GB53VXXX35615951484656,2025-10-24,24402,2
PAY-11962,INV-64046,OMC-009,Dalbit Petroleum,GB53VXXX35615951484656,2025-07-21,47958,1
PAY-90842,INV-48711,OMC-004,Gulf Energy,GB89GWUW86379402654235,2026-05-18," KES 249,136 ",1
PAY-16567,INV-69854,OMC-009,Dalbit Petroleum,GB53VXXX35615951484656,2026-03-13,33469,1
PAY-39162,INV-75574,OMC-012,Galana Energies,GB89GWUW86379402654235,2026-04-09,139316,1
PAY-56989,INV-19210,OMC-002,Vivo Energy,GB45OQIR01845146270482,2026-05-12,23517,1
PAY-25162,INV-87436,OMC-016,KPA Marine,GB31MOOJ96499091334123,2025-07-17,137503,1
PAY-14380,INV-30887,OMC-003,Rubis Energy,GB04LOQO13315098393010,2026-05-12,20862,1
PAY-39366,INV-16916,OMC-015,Mombasa Petroleum,GB80WOIJ43135182337498,2025-11-04,33573,1
PAY-37830,INV-54429,OMC-017,KAA Aviation,GB54HVSS04902787429671,2025-05-01,160836,1
PAY-73766,INV-18264,OMC-005,PetroOil Kenya,GB89GWUW86379402654235,2026-04-28," KES 86,170 ",1
PAY-38236,INV-80007,OMC-008,National Oil,GB08NAFX56342160733754,2025-05-07,112448,1
PAY-39449,INV-13143,OMC-018,Uganda National Oil,GB73JRAR61317127484677,2025-05-21,174851,1
PAY-65772,INV-99418,OMC-004,Gulf Energy,GB89GWUW86379402654235,2026-05-10,65044,1
PAY-44911,INV-28328,OMC-002,Vivo Energy,GB45OQIR01845146270482,2025-03-08,26148,1
PAY-21330,INV-37268,OMC-015,Mombasa Petroleum,GB80WOIJ43135182337498,2025-03-21,103388,1
PAY-99977,INV-63381,OMC-009,Dalbit Petroleum,GB53VXXX35615951484656,17/02/2026,29626,1
PAY-30911,INV-85794,OMC-012,Galana Energies,GB89GWUW86379402654235,2026-06-29,43783,2
PAY-64653,INV-97078,OMC-009,Dalbit Petroleum,GB53VXXX35615951484656,2025-06-12,56070,1
PAY-28662,INV-22272,OMC-020,Ethiopian Oil,GB08IVAZ74821759464743,2025-01-29,97456,1
PAY-25533,INV-64226,OMC-011,Hass Petroleum,GB56WGCN65876036690967,2025-03-08,47787,1
PAY-74679,INV-24940,OMC-018,Uganda National Oil,GB73JRAR61317127484677,2026-02-04,155704,1
PAY-31344,INV-31945,OMC-020,Ethiopian Oil,GB08IVAZ74821759464743,2025-09-02,288543,1
PAY-97391,INV-83457,OMC-015,Mombasa Petroleum,GB80WOIJ43135182337498,2026-05-19,29763,1
PAY-71954,INV-18974,OMC-011,Hass Petroleum,GB56WGCN65876036690967,2026-07-30,114095,1
PAY-81516,INV-13142,OMC-009,Dalbit Petroleum,GB53VXXX35615951484656,2026-02-09,28079,1
PAY-10304,INV-28160,OMC-020,Ethiopian Oil,GB08IVAZ74821759464743,2025-08-29,75047,1
PAY-71437,INV-99999,OMC-014,Texol Energies,GB06ONXS45314737996507,2025-04-13,105216,1
PAY-34127,INV-93756,OMC-002,Vivo Energy,GB45OQIR01845146270482,2026-03-06,154304,1
PAY-52428,INV-17173,OMC-002,Vivo Energy,GB45OQIR01845146270482,2025-09-23,61115,2
PAY-56834,INV-55746,OMC-012,Galana Energies,GB89GWUW86379402654235,2026-03-30,40561,1
PAY-72293,INV-35539,OMC-020,Ethiopian Oil,GB08IVAZ74821759464743,2025-03-06,40335,1
PAY-99126,INV-11371,OMC-019,Tanzania Petroleum,GB64OAXE62174596158657,2025-03-20,147897,1
PAY-63226,INV-23314,OMC-007,Kobil,GB37IDDX82449353487401,2026-02-01,45828,1
PAY-47844,INV-25371,OMC-013,Lake Oil,GB88TEHE71937452991241,2026-01-14,248442,1
PAY-72726,INV-87429,OMC-003,Rubis Energy,GB04LOQO13315098393010,2025-08-25,76564,1
PAY-10807,INV-53084,OMC-007,Kobil,GB37IDDX82449353487401,2025-11-12,33000,1
PAY-58527,INV-87580,OMC-004,Gulf Energy,GB89GWUW86379402654235,2026-05-28," KES 26,161 ",1
PAY-34469,INV-61049,OMC-020,Ethiopian Oil,GB08IVAZ74821759464743,2025-09-29,259289,1
PAY-22622,INV-65286,OMC-018,Uganda National Oil,GB73JRAR61317127484677,2025-04-28,17841,1
PAY-76503,INV-50599,OMC-007,Kobil,GB37IDDX82449353487401,2025-08-28,38519,1
PAY-32827,INV-75349,OMC-011,Hass Petroleum,GB56WGCN65876036690967,2025-09-14,164592,1
PAY-97247,INV-59822,OMC-010,Tamoil,GB34EABH79176936763201,2025-07-24,49590,1
PAY-25153,INV-27563,OMC-006,Hashi Energy,GB05QCFC91361939909169,2025-05-30,32093,1
PAY-27175,INV-45621,OMC-005,PetroOil Kenya,GB89GWUW86379402654235,02/04/2026,19806,1
PAY-26168,INV-47565,OMC-018,Uganda National Oil,GB73JRAR61317127484677,2026-01-31,270643,1
PAY-26037,INV-32505,OMC-006,Hashi Energy,GB05QCFC91361939909169,2026-03-29,37672,1
PAY-99296,INV-87006,OMC-014,Texol Energies,GB06ONXS45314737996507,2025-02-22,55896,1
PAY-60247,INV-42003,OMC-004,Gulf Energy,GB89GWUW86379402654235,2026-07-11,28573,2
PAY-63204,INV-64476,OMC-004,Gulf Energy,GB89GWUW86379402654235,2026-04-30,126058,1
PAY-41533,INV-80318,OMC-016,KPA Marine,GB31MOOJ96499091334123,2025-08-07,158038,1
PAY-42628,INV-20503,OMC-012,Galana Energies,GB89GWUW86379402654235,2026-04-24,54088,1
PAY-21212,INV-19734,OMC-015,Mombasa Petroleum,GB80WOIJ43135182337498,2026-03-29,113173,1
PAY-42978,INV-37491,OMC-004,Gulf Energy,GB89GWUW86379402654235,2026-03-24,49809,1
PAY-42664,INV-66930,OMC-018,Uganda National Oil,GB73JRAR61317127484677,2025-01-28,269791,1
PAY-26744,INV-90457,OMC-018,Uganda National Oil,GB73JRAR61317127484677,,185118,1
PAY-19451,INV-70555,OMC-003,Rubis Energy,GB04LOQO13315098393010,2026-03-22,6458,2
PAY-98287,INV-91793,OMC-017,KAA Aviation,GB54HVSS04902787429671,2026-06-02,184572,1
PAY-17259,INV-89901,OMC-019,Tanzania Petroleum,GB64OAXE62174596158657,2025-05-27,61358,1
PAY-79811,INV-35023,OMC-016,KPA Marine,GB31MOOJ96499091334123,2026-04-05,208563,1
PAY-72034,INV-15288,OMC-016,KPA Marine,GB31MOOJ96499091334123,2025-09-12,22204,1
PAY-19253,INV-96060,OMC-015,Mombasa Petroleum,GB80WOIJ43135182337498,2025-07-09,46660,1
PAY-98294,INV-28411,OMC-019,Tanzania Petroleum,GB64OAXE62174596158657,2025-06-21,36603,1
PAY-75037,INV-95035,OMC-002,Vivo Energy,GB45OQIR01845146270482,,141753,1
PAY-96684,INV-64876,OMC-001,TotalEnergies Kenya,GB06DMIO52553419283276,2026-07-09,38663,1
PAY-46271,INV-90666,OMC-002,Vivo Energy,GB45OQIR01845146270482,2026-06-19,5686,2
PAY-72293,INV-85199,OMC-003,Rubis Energy,GB04LOQO13315098393010,2025-08-27," KES 32,029 ",1
PAY-53803,INV-80621,OMC-012,Galana Energies,GB89GWUW86379402654235,2026-04-29,90034,1
PAY-21295,INV-33810,OMC-013,Lake Oil,GB88TEHE71937452991241,2025-06-04,289254,1
PAY-80467,INV-19369,OMC-013,Lake Oil,GB88TEHE71937452991241,2026-06-10,190902,1
PAY-27560,INV-75615,OMC-006,Hashi Energy,GB05QCFC91361939909169,2025-11-24,135287,1
PAY-62968,INV-11024,OMC-015,Mombasa Petroleum,GB80WOIJ43135182337498,2025-10-11,120652,1
PAY-43505,INV-57237,OMC-013,Lake Oil,GB88TEHE71937452991241,2026-06-15,63374,1
PAY-36557,INV-75164,OMC-017,KAA Aviation,GB54HVSS04902787429671,,168733,1
PAY-56363,INV-22014,OMC-020,Ethiopian Oil,GB08IVAZ74821759464743,2025-11-12,258799,1
PAY-49944,INV-49871,OMC-014,Texol Energies,GB06ONXS45314737996507,2026-05-25,144819,1
PAY-90443,INV-75761,OMC-018,Uganda National Oil,GB73JRAR61317127484677,2025-09-15,133654,1
PAY-54957,INV-87143,OMC-011,Hass Petroleum,GB56WGCN65876036690967,2025-02-18,52312,1
PAY-79179,INV-27916,OMC-001,TotalEnergies Kenya,GB06DMIO52553419283276,2025-12-24,57036,1
PAY-37004,INV-42605,OMC-013,Lake Oil,GB88TEHE71937452991241,2026-03-11,147627,1
PAY-84419,INV-11211,OMC-005,PetroOil Kenya,GB89GWUW86379402654235,2026-04-06,113363,1
PAY-52375,INV-57352,OMC-007,Kobil,GB37IDDX82449353487401,2026-04-20,9626,2
PAY-92656,INV-32888,OMC-015,Mombasa Petroleum,GB80WOIJ43135182337498,2025-08-25,27756,1
PAY-31288,INV-15017,OMC-010,Tamoil,GB34EABH79176936763201,,180814,1
PAY-61027,INV-77701,OMC-020,Ethiopian Oil,GB08IVAZ74821759464743,2025-08-19," KES 107,249 ",1
PAY-83384,INV-13521,OMC-006,Hashi Energy,GB05QCFC91361939909169,2026-01-26,10719,2
PAY-48718,INV-40446,OMC-017,KAA Aviation,GB54HVSS04902787429671,2025-12-21,214587,1
PAY-12800,INV-36031,OMC-019,Tanzania Petroleum,GB64OAXE62174596158657,2026-08-20,121815,1
PAY-14600,INV-32914,OMC-019,Tanzania Petroleum,GB64OAXE62174596158657,2026-04-22,35381,1
PAY-19903,INV-63139,OMC-003,Rubis Energy,GB04LOQO13315098393010,2025-03-25,22268,1
PAY-97444,INV-84347,OMC-009,Dalbit Petroleum,GB53VXXX35615951484656,2025-06-01,140468,1
PAY-64732,INV-32591,OMC-012,Galana Energies,GB89GWUW86379402654235,2026-05-11,55576,2
PAY-23528,INV-92446,OMC-002,Vivo Energy,GB45OQIR01845146270482,2026-04-13,170184,1
PAY-74607,INV-89736,OMC-009,Dalbit Petroleum,GB53VXXX35615951484656,2026-07-13,51499,1
PAY-58834,INV-80831,OMC-001,TotalEnergies Kenya,GB06DMIO52553419283276,2026-03-08,36999,1
PAY-76291,INV-63776,OMC-018,Uganda National Oil,GB73JRAR61317127484677,2025-05-10,114422,1
PAY-93698,INV-49175,OMC-007,Kobil,GB37IDDX82449353487401,2026-06-18,24127,2
PAY-98558,INV-43098,OMC-019,Tanzania Petroleum,GB64OAXE62174596158657,2025-12-29,134811,1
PAY-71294,INV-37663,OMC-009,Dalbit Petroleum,GB53VXXX35615951484656,2025-09-30,80918,1
PAY-81309,INV-86588,OMC-020,Ethiopian Oil,GB08IVAZ74821759464743,2025-08-27,73963,1
PAY-53681,INV-79831,OMC-004,Gulf Energy,GB89GWUW86379402654235,2026-06-06,135440,2
PAY-44230,INV-83334,OMC-005,PetroOil Kenya,GB89GWUW86379402654235,2026-05-02,9872,2
PAY-51775,INV-59146,OMC-014,Texol Energies,GB06ONXS45314737996507,31/05/2026,15990,1
PAY-15203,INV-82520,OMC-018,Uganda National Oil,GB73JRAR61317127484677,2026-01-16,151337,1
PAY-69838,INV-36936,OMC-015,Mombasa Petroleum,GB80WOIJ43135182337498,2025-02-20," KES 37,377 ",1
PAY-24192,INV-54702,OMC-019,Tanzania Petroleum,GB64OAXE62174596158657,2026-02-05," KES 25,195 ",1
PAY-10616,INV-85562,OMC-004,Gulf Energy,GB89GWUW86379402654235,2026-04-04,37943,1
PAY-48600,INV-23852,OMC-012,Galana Energies,GB89GWUW86379402654235,2026-05-27,146953,1
PAY-40614,INV-33933,OMC-002,Vivo Energy,GB45OQIR01845146270482,2026-08-16,37691,1
PAY-11936,INV-20483,OMC-004,Gulf Energy,GB89GWUW86379402654235,2026-05-14,94673,1
PAY-47447,INV-26949,OMC-013,Lake Oil,GB88TEHE71937452991241,2025-11-26,197289,1
PAY-21677,INV-60956,OMC-015,Mombasa Petroleum,GB80WOIJ43135182337498,2026-02-17,111903,1
PAY-63939,INV-55702,OMC-018,Uganda National Oil,GB73JRAR61317127484677,2025-02-25,38996,1
PAY-99184,INV-27229,OMC-017,KAA Aviation,GB54HVSS04902787429671,2025-09-13,257801,1
PAY-79306,INV-98818,OMC-012,Galana Energies,GB89GWUW86379402654235,2026-07-01,15121,2
PAY-65932,INV-57441,OMC-013,Lake Oil,GB88TEHE71937452991241,2026-05-30,40315,1
PAY-46829,INV-42079,OMC-002,Vivo Energy,GB45OQIR01845146270482,2026-07-08,195888,1
PAY-77734,INV-13138,OMC-005,PetroOil Kenya,GB89GWUW86379402654235,2026-06-18,21770,2
PAY-42681,INV-41580,OMC-016,KPA Marine,GB31MOOJ96499091334123,2026-02-04,159588,1
PAY-15395,INV-67979,OMC-014,Texol Energies,GB06ONXS45314737996507,2026-04-16,27814,2
PAY-84299,INV-26517,OMC-008,National Oil,GB08NAFX56342160733754,2026-06-11,58753,1
PAY-61034,INV-28405,OMC-007,Kobil,GB37IDDX82449353487401,2025-04-10," KES 101,357 ",1
PAY-48188,INV-98253,OMC-003,Rubis Energy,GB04LOQO13315098393010,2026-07-24,26044,1
PAY-70052,INV-70104,OMC-010,Tamoil,GB34EABH79176936763201,2025-06-14,163111,1
PAY-87117,INV-53668,OMC-011,Hass Petroleum,GB56WGCN65876036690967,2025-08-07,151536,1
PAY-21485,INV-34176,OMC-018,Uganda National Oil,GB73JRAR61317127484677,2026-02-05,113004,1
PAY-64022,INV-88878,OMC-012,Galana Energies,GB89GWUW86379402654235,2026-06-06,169073,1
PAY-50044,INV-74362,OMC-009,Dalbit Petroleum,GB53VXXX35615951484656,2026-03-30,11657,2
PAY-93239,INV-57671,OMC-004,Gulf Energy,GB89GWUW86379402654235,2026-04-07,110181,2
PAY-46546,INV-43663,OMC-010,Tamoil,GB34EABH79176936763201,2025-10-07,24972,1
PAY-19342,INV-55722,OMC-020,Ethiopian Oil,GB08IVAZ74821759464743,2025-07-04,213695,1
PAY-50552,INV-75778,OMC-019,Tanzania Petroleum,GB64OAXE62174596158657,2026-01-24,82335,2
PAY-54432,INV-46531,OMC-014,Texol Energies,GB06ONXS45314737996507,,27136,1
PAY-22615,INV-62794,OMC-011,Hass Petroleum,GB56WGCN65876036690967,2025-06-14,45003,1
PAY-46017,INV-25987,OMC-006,Hashi Energy,GB05QCFC91361939909169,2026-01-13,201990,1
PAY-62764,INV-15230,OMC-004,Gulf Energy,GB89GWUW86379402654235,2026-05-11,90464,1
PAY-16034,INV-37619,OMC-008,National Oil,GB08NAFX56342160733754,2026-07-04,15358,2
PAY-45960,INV-90885,OMC-010,Tamoil,GB34EABH79176936763201,2025-12-21,106803,1
PAY-32431,INV-42193,OMC-007,Kobil,GB37IDDX82449353487401,2026-01-08,91957,1
PAY-71821,INV-24173,OMC-005,PetroOil Kenya,GB89GWUW86379402654235,,48130,2
PAY-47097,INV-41888,OMC-017,KAA Aviation,GB54HVSS04902787429671,2026-03-26,169678,1
PAY-62667,INV-76354,OMC-007,Kobil,GB37IDDX82449353487401,2025-10-09,54416,1
PAY-61365,INV-58116,OMC-015,Mombasa Petroleum,GB80WOIJ43135182337498,2025-05-14,152350,1
PAY-94931,INV-21061,OMC-005,PetroOil Kenya,GB89GWUW86379402654235,2026-04-23,39326,2
PAY-17282,INV-32447,OMC-003,Rubis Energy,GB04LOQO13315098393010,2025-02-20,164834,1
PAY-58740,INV-27836,OMC-002,Vivo Energy,GB45OQIR01845146270482,2026-05-31,108592,1
PAY-40578,INV-20323,OMC-018,Uganda National Oil,GB73JRAR61317127484677,20/04/2025,50391,1
PAY-17578,INV-76253,OMC-008,National Oil,GB08NAFX56342160733754,2026-05-12,50441,1
PAY-88345,INV-28625,OMC-012,Galana Energies,GB89GWUW86379402654235,2026-05-13,74908,1
PAY-60297,INV-27992,OMC-006,Hashi Energy,GB05QCFC91361939909169,2025-08-14,49143,1
PAY-79442,INV-89851,OMC-002,Vivo Energy,GB45OQIR01845146270482,2025-06-09,89402,1
PAY-86193,INV-48053,OMC-004,Gulf Energy,GB89GWUW86379402654235,,60860,1
PAY-69254,INV-78232,OMC-016,KPA Marine,GB31MOOJ96499091334123,2026-07-11,173167,1
PAY-91988,INV-45145,OMC-007,Kobil,GB37IDDX82449353487401,2025-08-15,22802,1
PAY-20015,INV-92579,OMC-002,Vivo Energy,GB45OQIR01845146270482,,33083,1
PAY-29816,INV-54478,OMC-017,KAA Aviation,GB54HVSS04902787429671,2026-05-17,97021,1
PAY-12392,INV-64380,OMC-002,Vivo Energy,GB45OQIR01845146270482,2026-02-06,40387,1
PAY-74812,INV-48961,OMC-008,National Oil,GB08NAFX56342160733754,2025-05-19,25620,1
PAY-67684,INV-96285,OMC-020,Ethiopian Oil,GB08IVAZ74821759464743,2025-03-19,251479,1
PAY-59814,INV-18492,OMC-004,Gulf Energy,GB89GWUW86379402654235,,131707,1
PAY-37322,INV-59871,OMC-009,Dalbit Petroleum,GB53VXXX35615951484656,2025-05-02,49649,1
PAY-42163,INV-70598,OMC-009,Dalbit Petroleum,GB53VXXX35615951484656,2026-06-01,47918,2
PAY-32365,INV-11634,OMC-005,PetroOil Kenya,GB89GWUW86379402654235,2026-03-27,21306,1
PAY-99975,INV-74008,OMC-010,Tamoil,GB34EABH79176936763201,2025-07-02,268566,1
PAY-18179,INV-69234,OMC-018,Uganda National Oil,GB73JRAR61317127484677,2025-09-04,195881,1
PAY-46738,INV-64310,OMC-007,Kobil,GB37IDDX82449353487401,2025-04-25,119688,1
PAY-77398,INV-44357,OMC-018,Uganda National Oil,GB73JRAR61317127484677,2025-02-12,267075,1
PAY-76136,INV-61729,OMC-004,Gulf Energy,GB89GWUW86379402654235,2026-03-20,66798,2
PAY-32193,INV-97716,OMC-005,PetroOil Kenya,GB89GWUW86379402654235,2026-05-21,114765,1
PAY-48818,INV-35288,OMC-018,Uganda National Oil,GB73JRAR61317127484677,2026-06-24,179953,1
PAY-66508,INV-78997,OMC-002,Vivo Energy,GB45OQIR01845146270482,2026-06-23,41736,1
PAY-61477,INV-11666,OMC-010,Tamoil,GB34EABH79176936763201,2026-07-01,61654,1
PAY-44132,INV-26622,OMC-020,Ethiopian Oil,GB08IVAZ74821759464743,2026-01-08," KES 87,306 ",1
PAY-95969,INV-64466,OMC-015,Mombasa Petroleum,GB80WOIJ43135182337498,2026-03-22,52973,1
PAY-50813,INV-39790,OMC-014,Texol Energies,GB06ONXS45314737996507,2025-12-08,44219,1
PAY-90105,INV-81366,OMC-002,Vivo Energy,GB45OQIR01845146270482,2026-07-09,51028,1
PAY-82789,INV-28405,OMC-008,National Oil,GB08NAFX56342160733754,2025-08-31,71066,2
PAY-41197,INV-82333,OMC-010,Tamoil,GB34EABH79176936763201,2025-05-30,51738,1
PAY-71897,INV-47981,OMC-020,Ethiopian Oil,GB08IVAZ74821759464743,2026-06-30,26376,1
PAY-84995,INV-98243,OMC-015,Mombasa Petroleum,GB80WOIJ43135182337498,2025-12-24,160850,1
PAY-56909,INV-63993,OMC-009,Dalbit Petroleum,GB53VXXX35615951484656,2025-12-27,41600,1
PAY-20470,INV-97988,OMC-016,KPA Marine,GB31MOOJ96499091334123,2025-08-10,131827,1
PAY-60972,INV-80555,OMC-013,Lake Oil,GB88TEHE71937452991241,2025-10-13,92875,1
PAY-42757,INV-21809,OMC-014,Texol Energies,GB06ONXS45314737996507,2026-04-23,89391,1
PAY-12038,INV-66356,OMC-017,KAA Aviation,GB54HVSS04902787429671,2025-10-28,266430,1
PAY-81075,INV-14463,OMC-003,Rubis Energy,GB04LOQO13315098393010,2026-01-12,179070,1
PAY-31284,INV-86029,OMC-005,PetroOil Kenya,GB89GWUW86379402654235,2026-04-13,60719,1
PAY-86948,INV-93833,OMC-003,Rubis Energy,GB04LOQO13315098393010,2025-09-14,112064,1
PAY-50152,INV-19066,OMC-011,Hass Petroleum,GB56WGCN65876036690967,2026-07-25,20252,1
PAY-68664,INV-72157,OMC-014,Texol Energies,GB06ONXS45314737996507,2026-02-18,200886,1
PAY-31633,INV-87187,OMC-005,PetroOil Kenya,GB89GWUW86379402654235,2026-05-05,107787,1
PAY-85637,INV-86788,OMC-016,KPA Marine,GB31MOOJ96499091334123,,100915,1
PAY-60668,INV-28929,OMC-014,Texol Energies,GB06ONXS45314737996507,2026-02-24,115627,1
PAY-30434,INV-15355,OMC-005,PetroOil Kenya,GB89GWUW86379402654235,2026-05-13,99198,2
PAY-74017,INV-22108,OMC-011,Hass Petroleum,GB56WGCN65876036690967,2025-08-23,227563,1
PAY-23685,INV-75538,OMC-015,Mombasa Petroleum,GB80WOIJ43135182337498,2026-04-10,181008,1
PAY-12568,INV-29194,OMC-002,Vivo Energy,GB45OQIR01845146270482,2025-10-25,25298,1
PAY-75268,INV-26967,OMC-005,PetroOil Kenya,GB89GWUW86379402654235,26/04/2026,41994,2
PAY-74662,INV-20050,OMC-007,Kobil,GB37IDDX82449353487401,2025-09-06,255018,1
PAY-67604,INV-13051,OMC-001,TotalEnergies Kenya,GB06DMIO52553419283276,2026-03-20,39450,1
PAY-48758,INV-28835,OMC-019,Tanzania Petroleum,GB64OAXE62174596158657,2025-07-12,57072,1
PAY-22577,INV-14426,OMC-018,Uganda National Oil,GB73JRAR61317127484677,2026-05-13,33105,1
PAY-76142,INV-30477,OMC-013,Lake Oil,GB88TEHE71937452991241,2025-04-22,38219,1
PAY-95169,INV-78092,OMC-012,Galana Energies,GB89GWUW86379402654235,2026-04-05,4474,2
PAY-80134,INV-21617,OMC-003,Rubis Energy,GB04LOQO13315098393010,2025-06-27,60484,1
PAY-12053,INV-58505,OMC-015,Mombasa Petroleum,GB80WOIJ43135182337498,2026-02-21,221595,1
PAY-61711,INV-77602,OMC-009,Dalbit Petroleum,GB53VXXX35615951484656,2025-05-11,85351,1
PAY-38233,INV-19910,OMC-009,Dalbit Petroleum,GB53VXXX35615951484656,2026-05-20,169003,1
PAY-73894,INV-36457,OMC-012,Galana Energies,GB89GWUW86379402654235,,26488,1
PAY-77020,INV-91417,OMC-014,Texol Energies,GB06ONXS45314737996507,2025-09-30,43609,1
PAY-97104,INV-81672,OMC-013,Lake Oil,GB88TEHE71937452991241,2025-05-21," KES 25,519 ",1
PAY-17090,INV-75291,OMC-006,Hashi Energy,GB05QCFC91361939909169,2026-03-03,56772,1
PAY-67000,INV-49285,OMC-004,Gulf Energy,GB89GWUW86379402654235,2026-05-11,232839,1
PAY-17058,INV-67510,OMC-009,Dalbit Petroleum,GB53VXXX35615951484656,2025-04-22,26948,2
PAY-16731,INV-63269,OMC-006,Hashi Energy,GB05QCFC91361939909169,2025-09-14,149700,1
PAY-27214,INV-20789,OMC-011,Hass Petroleum,GB56WGCN65876036690967,2026-07-06,168583,1
PAY-13010,INV-22595,OMC-004,Gulf Energy,GB89GWUW86379402654235,2026-03-19,49440,2
PAY-41576,INV-46191,OMC-002,Vivo Energy,GB45OQIR01845146270482,16/04/2025,156448,1
PAY-62228,INV-37227,OMC-008,National Oil,GB08NAFX56342160733754,2025-06-28,67325,1
PAY-40725,INV-24067,OMC-006,Hashi Energy,GB05QCFC91361939909169,2026-03-03,32481,1
PAY-45768,INV-70601,OMC-020,Ethiopian Oil,GB08IVAZ74821759464743,2025-07-03,30068,1
PAY-18856,INV-37978,OMC-007,Kobil,GB37IDDX82449353487401,2025-05-06,170109,1
PAY-96916,INV-21061,OMC-005,PetroOil Kenya,GB89GWUW86379402654235,2026-03-25,153639,1
PAY-22423,INV-39343,OMC-017,KAA Aviation,GB54HVSS04902787429671,2025-09-08,27742,1
PAY-55209,INV-32858,OMC-008,National Oil,GB08NAFX56342160733754,2025-04-04," KES 55,734 ",1
PAY-17998,INV-68275,OMC-013,Lake Oil,GB88TEHE71937452991241,2025-03-17,232852,1
PAY-33366,INV-25741,OMC-006,Hashi Energy,GB05QCFC91361939909169,2025-06-18,185333,1
PAY-65442,INV-56674,OMC-010,Tamoil,GB34EABH79176936763201,2025-03-30,198162,1
PAY-87383,INV-90943,OMC-001,TotalEnergies Kenya,GB06DMIO52553419283276,2025-12-05,80852,1
PAY-84674,INV-26304,OMC-004,Gulf Energy,GB89GWUW86379402654235,2026-04-06,28337,1
PAY-41537,INV-53359,OMC-002,Vivo Energy,GB45OQIR01845146270482,21/07/2025,206194,1
PAY-78518,INV-72720,OMC-018,Uganda National Oil,GB73JRAR61317127484677,2025-09-25,38801,1
PAY-10800,INV-94999,OMC-004,Gulf Energy,GB89GWUW86379402654235,2026-04-14,52869,1
PAY-95491,INV-21668,OMC-009,Dalbit Petroleum,GB53VXXX35615951484656,2025-11-10,178437,1
PAY-36423,INV-83513,OMC-011,Hass Petroleum,GB56WGCN65876036690967,2025-02-15,79979,2
PAY-58787,INV-20533,OMC-015,Mombasa Petroleum,GB80WOIJ43135182337498,2026-06-20,197613,1
PAY-63988,INV-52848,OMC-003,Rubis Energy,GB04LOQO13315098393010,2026-02-04,21767,1
PAY-68703,INV-99346,OMC-005,PetroOil Kenya,GB89GWUW86379402654235,2026-02-25,133424,1
PAY-11314,INV-95286,OMC-016,KPA Marine,GB31MOOJ96499091334123,2026-01-06,49630,1
PAY-64161,INV-27842,OMC-017,KAA Aviation,GB54HVSS04902787429671,2026-05-18,147551,1
PAY-52240,INV-79272,OMC-008,National Oil,GB08NAFX56342160733754,2025-10-01,36677,2
PAY-93902,INV-84745,OMC-004,Gulf Energy,GB89GWUW86379402654235,2026-05-17,134203,1
PAY-10754,INV-57818,OMC-014,Texol Energies,GB06ONXS45314737996507,2026-01-05,197746,1
PAY-61457,INV-50111,OMC-016,KPA Marine,GB31MOOJ96499091334123,2025-08-26,34573,1
PAY-69462,INV-41758,OMC-012,Galana Energies,GB89GWUW86379402654235,2026-04-04,264969,1
PAY-95681,INV-19392,OMC-019,Tanzania Petroleum,GB64OAXE62174596158657,2025-07-05,266351,1
PAY-23854,INV-22799,OMC-001,TotalEnergies Kenya,GB06DMIO52553419283276,2025-03-15,51377,1
PAY-71533,INV-18322,OMC-007,Kobil,GB37IDDX82449353487401,2026-07-09,27093,2
PAY-57235,INV-80989,OMC-011,Hass Petroleum,GB56WGCN65876036690967,2026-02-09,138733,1
PAY-46683,INV-35907,OMC-005,PetroOil Kenya,GB89GWUW86379402654235,2026-04-05,39753,1
PAY-57752,INV-12884,OMC-008,National Oil,GB08NAFX56342160733754,2026-06-29,18139,2
PAY-38795,INV-48367,OMC-018,Uganda National Oil,GB73JRAR61317127484677,2025-04-24," KES 185,266 ",1
PAY-35849,INV-68407,OMC-004,Gulf Energy,GB89GWUW86379402654235,2026-04-29,38328,1
PAY-77274,INV-19333,OMC-018,Uganda National Oil,GB73JRAR61317127484677,,137821,1
PAY-72518,INV-42924,OMC-007,Kobil,GB37IDDX82449353487401,2026-01-11,23233,1
PAY-51824,INV-22494,OMC-020,Ethiopian Oil,GB08IVAZ74821759464743,2025-06-28,107298,1
PAY-30553,INV-16064,OMC-009,Dalbit Petroleum,GB53VXXX35615951484656,2026-07-06,143271,2
PAY-15588,INV-48614,OMC-005,PetroOil Kenya,GB89GWUW86379402654235,2026-03-22,16214,1
PAY-48184,INV-52734,OMC-005,PetroOil Kenya,GB89GWUW86379402654235,2026-04-30,51902,1
PAY-42969,INV-26011,OMC-019,Tanzania Petroleum,GB64OAXE62174596158657,2025-09-28,214834,1
PAY-93237,INV-11123,OMC-018,Uganda National Oil,GB73JRAR61317127484677,2026-02-21,34813,1
PAY-75829,INV-58508,OMC-015,Mombasa Petroleum,GB80WOIJ43135182337498,2026-05-12,42704,1
PAY-38025,INV-74452,OMC-012,Galana Energies,GB89GWUW86379402654235,2026-05-07,223453,1
PAY-51550,INV-80295,OMC-012,Galana Energies,GB89GWUW86379402654235,2026-04-08," KES 37,765 ",1
PAY-41074,INV-78784,OMC-011,Hass Petroleum,GB56WGCN65876036690967,12/06/2026,98886,1
PAY-18889,INV-81372,OMC-011,Hass Petroleum,GB56WGCN65876036690967,2026-04-21,133962,1
PAY-45710,INV-86843,OMC-007,Kobil,GB37IDDX82449353487401,2025-05-07,5896,2
PAY-18673,INV-71309,OMC-001,TotalEnergies Kenya,GB06DMIO52553419283276,2026-03-08,30326,2
PAY-89204,INV-17134,OMC-008,National Oil,GB08NAFX56342160733754,2025-09-06,30570,1
PAY-25178,INV-57104,OMC-009,Dalbit Petroleum,GB53VXXX35615951484656,2026-05-17,55421,1
PAY-65710,INV-79272,OMC-008,National Oil,GB08NAFX56342160733754,2025-09-13,83946,1
PAY-22452,INV-32202,OMC-012,Galana Energies,GB89GWUW86379402654235,2026-05-06,82139,1
PAY-73101,INV-54785,OMC-010,Tamoil,GB34EABH79176936763201,2025-12-07,41751,1
PAY-63818,INV-52296,OMC-018,Uganda National Oil,GB73JRAR61317127484677,2025-10-11,60477,1
PAY-17497,INV-31435,OMC-001,TotalEnergies Kenya,GB06DMIO52553419283276,2025-04-21,68115,2
PAY-18956,INV-72472,OMC-004,Gulf Energy,GB89GWUW86379402654235,2026-06-05,25303,1
PAY-69695,INV-24869,OMC-003,Rubis Energy,GB04LOQO13315098393010,2025-11-01,42104,1
PAY-40234,INV-42821,OMC-009,Dalbit Petroleum,GB53VXXX35615951484656,2025-07-23,117912,1
PAY-41051,INV-36972,OMC-003,Rubis Energy,GB04LOQO13315098393010,2026-03-31,242312,1
PAY-53136,INV-75421,OMC-006,Hashi Energy,GB05QCFC91361939909169,2026-01-02," KES 39,408 ",1
PAY-29705,INV-25543,OMC-007,Kobil,GB37IDDX82449353487401,2026-06-17,157206,1
PAY-23321,INV-32172,OMC-013,Lake Oil,GB88TEHE71937452991241,2025-03-09,50772,1
PAY-44323,INV-62987,OMC-018,Uganda National Oil,GB73JRAR61317127484677,04/08/2025,54462,2
PAY-70371,INV-92585,OMC-012,Galana Energies,GB89GWUW86379402654235,2026-04-26,166148,1
PAY-56289,INV-41280,OMC-019,Tanzania Petroleum,GB64OAXE62174596158657,2025-03-26,39497,1
PAY-14989,INV-16714,OMC-019,Tanzania Petroleum,GB64OAXE62174596158657,2025-08-17,224974,1
PAY-48762,INV-28103,OMC-020,Ethiopian Oil,GB08IVAZ74821759464743,2026-07-01," KES 28,758 ",1
PAY-65654,INV-42005,OMC-013,Lake Oil,GB88TEHE71937452991241,2025-11-05,149929,1
PAY-41545,INV-15010,OMC-009,Dalbit Petroleum,GB53VXXX35615951484656,2026-05-30,33939,1
PAY-64113,INV-83490,OMC-005,PetroOil Kenya,GB89GWUW86379402654235,2026-04-18,44607,1
PAY-69497,INV-35368,OMC-019,Tanzania Petroleum,GB64OAXE62174596158657,2025-05-26,75063,2
PAY-55466,INV-14269,OMC-015,Mombasa Petroleum,GB80WOIJ43135182337498,2026-06-17,208339,1
PAY-57889,INV-72000,OMC-011,Hass Petroleum,GB56WGCN65876036690967,2026-07-05,170190,1
PAY-62543,INV-83591,OMC-012,Galana Energies,GB89GWUW86379402654235,2026-06-06,169920,1
PAY-75606,INV-15954,OMC-007,Kobil,GB37IDDX82449353487401,2025-07-06,23473,1
PAY-26128,INV-48677,OMC-020,Ethiopian Oil,GB08IVAZ74821759464743,2026-03-21,9423,2
PAY-87022,INV-26622,OMC-020,Ethiopian Oil,GB08IVAZ74821759464743,2026-01-24,85449,2
PAY-49375,INV-30406,OMC-016,KPA Marine,GB31MOOJ96499091334123,2025-12-11,94732,1
PAY-49882,INV-70291,OMC-003,Rubis Energy,GB04LOQO13315098393010,2025-06-18,42822,1
PAY-13208,INV-10015,OMC-010,Tamoil,GB34EABH79176936763201,2025-09-21,37138,1
PAY-94804,INV-52124,OMC-011,Hass Petroleum,GB56WGCN65876036690967,2026-08-12,54770,1
PAY-45346,INV-50339,OMC-020,Ethiopian Oil,GB08IVAZ74821759464743,2026-02-07,57210,1
PAY-23343,INV-75700,OMC-008,National Oil,GB08NAFX56342160733754,2025-11-16,163495,1
PAY-94948,INV-58553,OMC-001,TotalEnergies Kenya,GB06DMIO52553419283276,2025-12-15,97887,1
PAY-51862,INV-81624,OMC-013,Lake Oil,GB88TEHE71937452991241,2025-12-07,44744,1
PAY-95326,INV-69575,OMC-012,Galana Energies,GB89GWUW86379402654235,25/04/2026,54502,2
PAY-52234,INV-47921,OMC-015,Mombasa Petroleum,GB80WOIJ43135182337498,2025-02-12,55500,1
PAY-20424,INV-96655,OMC-018,Uganda National Oil,GB73JRAR61317127484677,,27263,1
PAY-69824,INV-58262,OMC-014,Texol Energies,GB06ONXS45314737996507,2025-11-16,117660,1
PAY-72981,INV-91058,OMC-008,National Oil,GB08NAFX56342160733754,2025-06-23,83962,2
PAY-56221,INV-33953,OMC-017,KAA Aviation,GB54HVSS04902787429671,2025-11-19,117169,1
PAY-47537,INV-15406,OMC-006,Hashi Energy,GB05QCFC91361939909169,2025-03-16,43274,1
PAY-11635,INV-51261,OMC-005,PetroOil Kenya,GB89GWUW86379402654235,2026-06-21,73388,2
PAY-36881,INV-33969,OMC-018,Uganda National Oil,GB73JRAR61317127484677,2025-03-25,32195,1
PAY-55434,INV-96391,OMC-008,National Oil,GB08NAFX56342160733754,2026-07-15,142978,1
PAY-73445,INV-90928,OMC-012,Galana Energies,GB89GWUW86379402654235,2026-05-18," KES 20,139 ",2
PAY-56770,INV-18026,OMC-006,Hashi Energy,GB05QCFC91361939909169,2026-05-27,18336,2
PAY-70042,INV-50116,OMC-009,Dalbit Petroleum,GB53VXXX35615951484656,2025-04-29,54378,1
PAY-78178,INV-46504,OMC-008,National Oil,GB08NAFX56342160733754,2026-04-17,218321,1
PAY-58760,INV-40931,OMC-003,Rubis Energy,GB04LOQO13315098393010,2025-04-15,258627,1
PAY-62616,INV-56677,OMC-010,Tamoil,GB34EABH79176936763201,2025-02-23,194920,1
PAY-32195,INV-58318,OMC-016,KPA Marine,GB31MOOJ96499091334123,2026-05-05,153657,1
PAY-20815,INV-40417,OMC-013,Lake Oil,GB88TEHE71937452991241,2026-02-27,179984,1
PAY-33128,INV-97920,OMC-017,KAA Aviation,GB54HVSS04902787429671,2025-05-14,50710,1
PAY-41433,INV-17774,OMC-006,Hashi Energy,GB05QCFC91361939909169,,161133,1
PAY-56213,INV-98975,OMC-013,Lake Oil,GB88TEHE71937452991241,2026-04-19,58810,1
PAY-54770,INV-10161,OMC-007,Kobil,GB37IDDX82449353487401,2026-02-17,142263,1
PAY-75927,INV-43262,OMC-007,Kobil,GB37IDDX82449353487401,27/04/2025,139370,1
PAY-20093,INV-63746,OMC-006,Hashi Energy,GB05QCFC91361939909169,2025-04-15,233213,1
PAY-38987,INV-17123,OMC-010,Tamoil,GB34EABH79176936763201,2025-02-19,44293,1
PAY-38047,INV-81423,OMC-019,Tanzania Petroleum,GB64OAXE62174596158657,2026-02-10,48329,1
PAY-81085,INV-55787,OMC-016,KPA Marine,GB31MOOJ96499091334123,2025-05-05,50359,1
PAY-82031,INV-14755,OMC-004,Gulf Energy,GB89GWUW86379402654235,13/05/2026,16531,1
PAY-59058,INV-34450,OMC-014,Texol Energies,GB06ONXS45314737996507,2026-06-17,30710,2
PAY-31937,INV-54656,OMC-003,Rubis Energy,GB04LOQO13315098393010,2025-10-06,12037,2
PAY-26175,INV-18586,OMC-011,Hass Petroleum,GB56WGCN65876036690967,,52667,1
PAY-94905,INV-63702,OMC-009,Dalbit Petroleum,GB53VXXX35615951484656,2026-06-06,57526,1
PAY-88075,INV-65100,OMC-005,PetroOil Kenya,GB89GWUW86379402654235,2026-04-26,142320,1
PAY-46449,INV-25705,OMC-001,TotalEnergies Kenya,GB06DMIO52553419283276,2025-07-21,19594,1
PAY-13617,INV-46162,OMC-018,Uganda National Oil,GB73JRAR61317127484677,2025-03-29,158828,1
PAY-29028,INV-66729,OMC-002,Vivo Energy,GB45OQIR01845146270482,2026-08-10,26687,1
PAY-34136,INV-93961,OMC-006,Hashi Energy,GB05QCFC91361939909169,2025-02-17,146201,1
PAY-99121,INV-99615,OMC-020,Ethiopian Oil,GB08IVAZ74821759464743,2025-12-23,25251,1
PAY-54273,INV-74166,OMC-013,Lake Oil,GB88TEHE71937452991241,2025-12-02,192134,1
PAY-32389,INV-38312,OMC-002,Vivo Energy,GB45OQIR01845146270482,,140539,1
PAY-55795,INV-56578,OMC-005,PetroOil Kenya,GB89GWUW86379402654235,2026-03-29,179294,1
PAY-31409,INV-53076,OMC-010,Tamoil,GB34EABH79176936763201,2025-10-09,191641,1
PAY-41711,INV-36887,OMC-003,Rubis Energy,GB04LOQO13315098393010,2025-08-11,212617,1
PAY-97186,INV-10677,OMC-006,Hashi Energy,GB05QCFC91361939909169,2026-06-26,44939,1
PAY-16211,INV-46358,OMC-005,PetroOil Kenya,GB89GWUW86379402654235,2026-04-02,19644,1
PAY-42257,INV-87219,OMC-019,Tanzania Petroleum,GB64OAXE62174596158657,2025-09-15,26690,2
PAY-82444,INV-11280,OMC-003,Rubis Energy,GB04LOQO13315098393010,2026-03-20,11961,2
PAY-69726,INV-29142,OMC-008,National Oil,GB08NAFX56342160733754,2025-02-26,44604,2
PAY-37615,INV-32723,OMC-002,Vivo Energy,GB45OQIR01845146270482,2026-07-01,7255,2
PAY-66962,INV-50905,OMC-014,Texol Energies,GB06ONXS45314737996507,2026-02-16,228858,1
PAY-25582,INV-52875,OMC-007,Kobil,GB37IDDX82449353487401,,89719,1
PAY-18960,INV-34493,OMC-011,Hass Petroleum,GB56WGCN65876036690967,2026-03-27,18295,2
PAY-21707,INV-77924,OMC-005,PetroOil Kenya,GB89GWUW86379402654235,2026-05-04,117824,2
PAY-67147,INV-55492,OMC-020,Ethiopian Oil,GB08IVAZ74821759464743,2026-03-06," KES 283,344 ",1
PAY-70842,INV-11058,OMC-016,KPA Marine,GB31MOOJ96499091334123,2026-02-16,54140,1
PAY-37779,INV-31988,OMC-011,Hass Petroleum,GB56WGCN65876036690967,2025-11-22,27278,1
PAY-18688,INV-49067,OMC-004,Gulf Energy,GB89GWUW86379402654235,2026-03-12,15421,1
PAY-19710,INV-54065,OMC-009,Dalbit Petroleum,GB53VXXX35615951484656,2025-05-04,7546,2
PAY-97407,INV-15853,OMC-004,Gulf Energy,GB89GWUW86379402654235,2026-04-04,131566,1
PAY-23312,INV-83582,OMC-015,Mombasa Petroleum,GB80WOIJ43135182337498,2025-12-03,234784,1
PAY-49710,INV-71478,OMC-002,Vivo Energy,GB45OQIR01845146270482,2025-08-05,42442,1
PAY-77362,INV-26518,OMC-016,KPA Marine,GB31MOOJ96499091334123,2025-08-23,105609,1
PAY-41123,INV-93068,OMC-007,Kobil,GB37IDDX82449353487401,2025-09-07,21425,1
PAY-39475,INV-52384,OMC-006,Hashi Energy,GB05QCFC91361939909169,2026-08-22,236217,1
PAY-18656,INV-28339,OMC-006,Hashi Energy,GB05QCFC91361939909169,2026-05-02,159711,1
PAY-18539,INV-37274,OMC-018,Uganda National Oil,GB73JRAR61317127484677,2025-08-23,46969,1
PAY-23552,INV-79459,OMC-010,Tamoil,GB34EABH79176936763201,28/03/2025,171722,1
PAY-56541,INV-59808,OMC-006,Hashi Energy,GB05QCFC91361939909169,2025-09-12,109378,1
PAY-64606,INV-93444,OMC-018,Uganda National Oil,GB73JRAR61317127484677,2026-03-31,31544,1
PAY-99048,INV-21752,OMC-005,PetroOil Kenya,GB89GWUW86379402654235,2026-07-03,52892,2
PAY-41284,INV-92751,OMC-016,KPA Marine,GB31MOOJ96499091334123,2026-02-27,127573,1
PAY-36601,INV-56404,OMC-012,Galana Energies,GB89GWUW86379402654235,2026-06-10,111681,1
PAY-23874,INV-10085,OMC-015,Mombasa Petroleum,GB80WOIJ43135182337498,2025-06-07,187683,1
PAY-45039,INV-92823,OMC-002,Vivo Energy,GB45OQIR01845146270482,2026-03-13,281436,1
PAY-49438,INV-86829,OMC-018,Uganda National Oil,GB73JRAR61317127484677,2026-07-05,269020,1
PAY-33622,INV-17491,OMC-013,Lake Oil,GB88TEHE71937452991241,2025-02-07,29876,1
PAY-64506,INV-73661,OMC-007,Kobil,GB37IDDX82449353487401,2026-06-15,110492,1
PAY-46195,INV-75802,OMC-018,Uganda National Oil,GB73JRAR61317127484677,2026-07-22,41068,1
PAY-44167,INV-87887,OMC-009,Dalbit Petroleum,GB53VXXX35615951484656,31/01/2025,208836,1
PAY-63234,INV-20814,OMC-002,Vivo Energy,GB45OQIR01845146270482,2025-06-01,55817,1
PAY-97965,INV-12257,OMC-005,PetroOil Kenya,GB89GWUW86379402654235,2026-05-03,89597,1
PAY-77954,INV-94873,OMC-013,Lake Oil,GB88TEHE71937452991241,2026-02-06,37352,1
PAY-44953,INV-63739,OMC-019,Tanzania Petroleum,GB64OAXE62174596158657,2026-04-07,65315,1
PAY-15216,INV-35293,OMC-010,Tamoil,GB34EABH79176936763201,2026-03-12,234029,1
PAY-69822,INV-57137,OMC-003,Rubis Energy,GB04LOQO13315098393010,2026-05-02,280671,1
PAY-12315,INV-52714,OMC-003,Rubis Energy,GB04LOQO13315098393010,2026-01-02,112628,1
PAY-37119,INV-25109,OMC-008,National Oil,GB08NAFX56342160733754,2026-06-20,108494,1
PAY-37692,INV-74111,OMC-001,TotalEnergies Kenya,GB06DMIO52553419283276,2026-07-14,51982,1
PAY-16255,INV-38704,OMC-020,Ethiopian Oil,GB08IVAZ74821759464743,2026-07-06,205309,1
PAY-59212,INV-77261,OMC-004,Gulf Energy,GB89GWUW86379402654235,,97249,1
PAY-33057,INV-58176,OMC-006,Hashi Energy,GB05QCFC91361939909169,2025-10-12,71919,2
PAY-64171,INV-59947,OMC-019,Tanzania Petroleum,GB64OAXE62174596158657,2025-05-05,37232,2
PAY-95693,INV-95435,OMC-016,KPA Marine,GB31MOOJ96499091334123,2025-06-15,102146,1
PAY-82049,INV-12010,OMC-010,Tamoil,GB34EABH79176936763201,2026-02-03,229369,1
PAY-33060,INV-24726,OMC-005,PetroOil Kenya,GB89GWUW86379402654235,2026-06-05,209745,1
PAY-87238,INV-68220,OMC-004,Gulf Energy,GB89GWUW86379402654235,,50794,1
PAY-90922,INV-39992,OMC-003,Rubis Energy,GB04LOQO13315098393010,2026-07-07,29873,1
PAY-82040,INV-58765,OMC-014,Texol Energies,GB06ONXS45314737996507,2025-09-07,62468,2
PAY-82653,INV-29461,OMC-020,Ethiopian Oil,GB08IVAZ74821759464743,2025-11-18,172638,1
PAY-62826,INV-82653,OMC-011,Hass Petroleum,GB56WGCN65876036690967,2025-08-20,112235,1
PAY-64974,INV-35067,OMC-019,Tanzania Petroleum,GB64OAXE62174596158657,2025-02-08,221546,1
PAY-93643,INV-82623,OMC-005,PetroOil Kenya,GB89GWUW86379402654235,2026-05-04,129195,1
PAY-36716,INV-66060,OMC-015,Mombasa Petroleum,GB80WOIJ43135182337498,2026-03-29,165942,1
PAY-67703,INV-77813,OMC-014,Texol Energies,GB06ONXS45314737996507,2025-07-15,24581,1
PAY-88462,INV-18455,OMC-008,National Oil,GB08NAFX56342160733754,2025-07-18,276955,1
PAY-38961,INV-87372,OMC-010,Tamoil,GB34EABH79176936763201,2025-03-09,98746,1
PAY-33682,INV-83340,OMC-012,Galana Energies,GB89GWUW86379402654235,2026-04-01," KES 178,904 ",1
PAY-53593,INV-44627,OMC-016,KPA Marine,GB31MOOJ96499091334123,14/12/2025,49079,1
PAY-42291,INV-31621,OMC-007,Kobil,GB37IDDX82449353487401,2026-04-29,70494,2
PAY-10848,INV-47802,OMC-010,Tamoil,GB34EABH79176936763201,2025-11-30,24205,1
PAY-56337,INV-11819,OMC-011,Hass Petroleum,GB56WGCN65876036690967,2026-02-13,12684,2
PAY-17353,INV-18178,OMC-010,Tamoil,GB34EABH79176936763201,2025-07-31,42785,1
PAY-81003,INV-95325,OMC-014,Texol Energies,GB06ONXS45314737996507,2025-03-25,146616,1
PAY-45247,INV-66865,OMC-020,Ethiopian Oil,GB08IVAZ74821759464743,2026-06-01,131780,1
PAY-98389,INV-41517,OMC-005,PetroOil Kenya,GB89GWUW86379402654235,2026-05-30,141031,1
PAY-45704,INV-21259,OMC-007,Kobil,GB37IDDX82449353487401,2025-08-01,234577,1
PAY-86891,INV-63163,OMC-020,Ethiopian Oil,GB08IVAZ74821759464743,2026-03-15,130418,1
PAY-87707,INV-51025,OMC-018,Uganda National Oil,GB73JRAR61317127484677,2025-09-05,30029,1
PAY-80559,INV-30470,OMC-007,Kobil,GB37IDDX82449353487401,2025-09-22,272646,1
PAY-99618,INV-87059,OMC-004,Gulf Energy,GB89GWUW86379402654235,2026-04-01,50000,1
PAY-88173,INV-27082,OMC-016,KPA Marine,GB31MOOJ96499091334123,2025-08-07,50476,1
PAY-71290,INV-43633,OMC-007,Kobil,GB37IDDX82449353487401,2025-07-25,237807,1
PAY-50029,INV-86019,OMC-013,Lake Oil,GB88TEHE71937452991241,2025-11-04,24898,1
PAY-35760,INV-36893,OMC-006,Hashi Energy,GB05QCFC91361939909169,2026-03-21,112453,1
PAY-99206,INV-48953,OMC-014,Texol Energies,GB06ONXS45314737996507,2025-05-15,151710,1
PAY-91642,INV-32029,OMC-015,Mombasa Petroleum,GB80WOIJ43135182337498,2025-03-24," KES 80,100 ",1
PAY-52639,INV-61487,OMC-007,Kobil,GB37IDDX82449353487401,2025-02-18,161635,1
PAY-43070,INV-23397,OMC-017,KAA Aviation,GB54HVSS04902787429671,06/04/2026,154665,1
PAY-98267,INV-13437,OMC-015,Mombasa Petroleum,GB80WOIJ43135182337498,2026-05-22,146628,1
PAY-62284,INV-16842,OMC-002,Vivo Energy,GB45OQIR01845146270482,2025-12-04,93839,1
PAY-17858,INV-12911,OMC-006,Hashi Energy,GB05QCFC91361939909169,2025-09-26,106136,1
PAY-76673,INV-19424,OMC-005,PetroOil Kenya,GB89GWUW86379402654235,2026-04-29,37551,1
PAY-61352,INV-29256,OMC-020,Ethiopian Oil,GB08IVAZ74821759464743,2025-04-25,126266,1
PAY-38821,INV-52310,OMC-018,Uganda National Oil,GB73JRAR61317127484677,2025-08-31,25578,1
PAY-69031,INV-10767,OMC-007,Kobil,GB37IDDX82449353487401,2026-03-01,156312,1
PAY-51561,INV-19040,OMC-010,Tamoil,GB34EABH79176936763201,27/06/2026,104316,1
PAY-35680,INV-58337,OMC-020,Ethiopian Oil,GB08IVAZ74821759464743,2025-08-30,59008,1
PAY-77603,INV-37864,OMC-006,Hashi Energy,GB05QCFC91361939909169,2025-03-26,163674,1
PAY-76141,INV-25955,OMC-008,National Oil,GB08NAFX56342160733754,2026-08-06,55313,1
PAY-82935,INV-19753,OMC-005,PetroOil Kenya,GB89GWUW86379402654235,2026-04-08,79864,2
PAY-71598,INV-76693,OMC-003,Rubis Energy,GB04LOQO13315098393010,2025-09-04,90920,1
PAY-69118,INV-25513,OMC-009,Dalbit Petroleum,GB53VXXX35615951484656,2026-06-24,31053,2
PAY-72796,INV-45361,OMC-020,Ethiopian Oil,GB08IVAZ74821759464743,2026-08-20,261148,1
PAY-28847,INV-18666,OMC-016,KPA Marine,GB31MOOJ96499091334123,2026-07-29,24236,2
PAY-87004,INV-39869,OMC-019,Tanzania Petroleum,GB64OAXE62174596158657,2026-05-13,166127,1
PAY-58499,INV-86140,OMC-001,TotalEnergies Kenya,GB06DMIO52553419283276,2025-12-05,146427,1
PAY-31160,INV-23558,OMC-013,Lake Oil,GB88TEHE71937452991241,2025-10-21,238817,1
PAY-23048,INV-83393,OMC-005,PetroOil Kenya,GB89GWUW86379402654235,2026-05-10,132870,1
PAY-90738,INV-87248,OMC-019,Tanzania Petroleum,GB64OAXE62174596158657,2025-09-01,186092,1
PAY-58734,INV-29913,OMC-004,Gulf Energy,GB89GWUW86379402654235,2026-05-31,40535,1
PAY-98671,INV-18302,OMC-009,Dalbit Petroleum,GB53VXXX35615951484656,2025-05-22,64915,2
PAY-16524,INV-17907,OMC-011,Hass Petroleum,GB56WGCN65876036690967,31/03/2026,28108,1
PAY-58577,INV-40328,OMC-006,Hashi Energy,GB05QCFC91361939909169,2025-11-10,179275,1
PAY-18208,INV-79654,OMC-019,Tanzania Petroleum,GB64OAXE62174596158657,2025-07-07,18630,2
PAY-48651,INV-15277,OMC-015,Mombasa Petroleum,GB80WOIJ43135182337498,2026-08-16,223833,1
PAY-61366,INV-79797,OMC-008,National Oil,GB08NAFX56342160733754,2026-02-15,197856,1
PAY-89447,INV-73620,OMC-003,Rubis Energy,GB04LOQO13315098393010,2026-09-08,23070,2
PAY-63325,INV-11264,OMC-020,Ethiopian Oil,GB08IVAZ74821759464743,2026-01-03,21275,1
PAY-40605,INV-60698,OMC-015,Mombasa Petroleum,GB80WOIJ43135182337498,09/05/2026,56819,1
PAY-95492,INV-53018,OMC-018,Uganda National Oil,GB73JRAR61317127484677,,173052,1
PAY-97124,INV-51619,OMC-020,Ethiopian Oil,GB08IVAZ74821759464743,2025-10-27,121597,1
PAY-78853,INV-43765,OMC-013,Lake Oil,GB88TEHE71937452991241,2026-06-08,290937,1
PAY-60257,INV-95395,OMC-012,Galana Energies,GB89GWUW86379402654235,2026-05-13,156602,1
PAY-64723,INV-18695,OMC-010,Tamoil,GB34EABH79176936763201,2026-03-19,34934,1
PAY-51907,INV-94489,OMC-020,Ethiopian Oil,GB08IVAZ74821759464743,2025-12-11,36116,1
PAY-45306,INV-61650,OMC-006,Hashi Energy,GB05QCFC91361939909169,2025-09-29,42047,1
PAY-35297,INV-61306,OMC-005,PetroOil Kenya,GB89GWUW86379402654235,2026-06-05,79549,1
PAY-62781,INV-85405,OMC-019,Tanzania Petroleum,GB64OAXE62174596158657,,230549,1
PAY-38724,INV-54649,OMC-019,Tanzania Petroleum,GB64OAXE62174596158657,2025-10-17,251672,1
PAY-98385,INV-19976,OMC-011,Hass Petroleum,GB56WGCN65876036690967,2025-07-10,78395,1
PAY-76416,INV-67663,OMC-013,Lake Oil,GB88TEHE71937452991241,2025-07-15,172357,1
PAY-24008,INV-30949,OMC-013,Lake Oil,GB88TEHE71937452991241,2026-04-06,48310,1
PAY-30476,INV-97319,OMC-017,KAA Aviation,GB54HVSS04902787429671,2025-04-20,40653,1
PAY-35123,INV-28040,OMC-010,Tamoil,GB34EABH79176936763201,2026-07-05,151300,1
PAY-78971,INV-16699,OMC-007,Kobil,GB37IDDX82449353487401,2025-12-16," KES 153,581 ",1
PAY-45654,INV-34123,OMC-012,Galana Energies,GB89GWUW86379402654235,2026-05-18,277818,1
PAY-93851,INV-49305,OMC-001,TotalEnergies Kenya,GB06DMIO52553419283276,2026-03-21,41330,1
PAY-69690,INV-85261,OMC-006,Hashi Energy,GB05QCFC91361939909169,2025-08-08,58322,1
PAY-40610,INV-16741,OMC-017,KAA Aviation,GB54HVSS04902787429671,2025-08-09,101738,1
PAY-73612,INV-33264,OMC-004,Gulf Energy,GB89GWUW86379402654235,08/04/2026,66946,1
PAY-17831,INV-75165,OMC-013,Lake Oil,GB88TEHE71937452991241,2025-02-15,261124,1
PAY-89275,INV-57568,OMC-016,KPA Marine,GB31MOOJ96499091334123,2025-09-12,57657,1
PAY-72402,INV-54055,OMC-004,Gulf Energy,GB89GWUW86379402654235,2026-05-04,164519,1
PAY-25882,INV-32400,OMC-004,Gulf Energy,GB89GWUW86379402654235,2026-06-27," KES 11,580 ",2
PAY-27416,INV-90239,OMC-017,KAA Aviation,GB54HVSS04902787429671,2026-07-20,146974,1
PAY-59512,INV-82579,OMC-003,Rubis Energy,GB04LOQO13315098393010,2026-01-29,29888,1
PAY-63150,INV-50940,OMC-013,Lake Oil,GB88TEHE71937452991241,2025-05-26,32136,1
PAY-77481,INV-76835,OMC-020,Ethiopian Oil,GB08IVAZ74821759464743,," KES 6,352 ",2
PAY-16358,INV-76741,OMC-007,Kobil,GB37IDDX82449353487401,23/11/2025,48102,1
PAY-47398,INV-26457,OMC-013,Lake Oil,GB88TEHE71937452991241,2025-03-27,45750,1
PAY-99522,INV-17153,OMC-008,National Oil,GB08NAFX56342160733754,2025-08-02,255165,1
PAY-48430,INV-70925,OMC-008,National Oil,GB08NAFX56342160733754,2026-04-28,20798,1
PAY-41582,INV-86418,OMC-010,Tamoil,GB34EABH79176936763201,2025-10-19," KES 161,831 ",1
PAY-11722,INV-81162,OMC-017,KAA Aviation,GB54HVSS04902787429671,2025-05-08,105373,1
PAY-24190,INV-26481,OMC-019,Tanzania Petroleum,GB64OAXE62174596158657,2025-12-21,59974,1
PAY-30043,INV-16555,OMC-009,Dalbit Petroleum,GB53VXXX35615951484656,2025-09-25,75368,1
PAY-25161,INV-18803,OMC-016,KPA Marine,GB31MOOJ96499091334123,11/04/2025,122695,1
PAY-10276,INV-90350,OMC-008,National Oil,GB08NAFX56342160733754,2025-11-28,131828,1
PAY-91312,INV-82618,OMC-004,Gulf Energy,GB89GWUW86379402654235,2026-04-10,15527,1
PAY-25642,INV-84214,OMC-014,Texol Energies,GB06ONXS45314737996507,05/12/2025,24125,1
PAY-89224,INV-82106,OMC-007,Kobil,GB37IDDX82449353487401,2025-09-24,39313,1
PAY-36393,INV-81369,OMC-014,Texol Energies,GB06ONXS45314737996507,2026-01-10,146870,1
PAY-66008,INV-99422,OMC-005,PetroOil Kenya,GB89GWUW86379402654235,2026-05-17,45392,1
PAY-18938,INV-49840,OMC-012,Galana Energies,GB89GWUW86379402654235,2026-04-21,79230,1
PAY-66953,INV-27613,OMC-010,Tamoil,GB34EABH79176936763201,2026-04-22,16220,2
PAY-11937,INV-28115,OMC-012,Galana Energies,GB89GWUW86379402654235,2026-04-06,34506,1
PAY-38916,INV-86896,OMC-011,Hass Petroleum,GB56WGCN65876036690967,2026-06-12,37176,1
PAY-70841,INV-84901,OMC-013,Lake Oil,GB88TEHE71937452991241,2025-09-07,227824,1
PAY-65766,INV-73200,OMC-001,TotalEnergies Kenya,GB06DMIO52553419283276,2025-04-23,172348,1
PAY-88062,INV-12786,OMC-004,Gulf Energy,GB89GWUW86379402654235,2026-03-30,153110,1
PAY-22694,INV-40612,OMC-009,Dalbit Petroleum,GB53VXXX35615951484656,2026-05-06," KES 263,234 ",1
PAY-50636,INV-93369,OMC-003,Rubis Energy,GB04LOQO13315098393010,2025-08-21,57112,1
PAY-76506,INV-40820,OMC-020,Ethiopian Oil,GB08IVAZ74821759464743,2025-09-13,188838,1
PAY-90020,INV-28045,OMC-020,Ethiopian Oil,GB08IVAZ74821759464743,2026-06-25,66722,2
PAY-21462,INV-32115,OMC-003,Rubis Energy,GB04LOQO13315098393010,2025-05-20,136164,1
PAY-56055,INV-70486,OMC-017,KAA Aviation,GB54HVSS04902787429671,31/03/2025,95868,1
PAY-48152,INV-31306,OMC-010,Tamoil,GB34EABH79176936763201,21/04/2026,26036,1
PAY-70564,INV-11256,OMC-009,Dalbit Petroleum,GB53VXXX35615951484656,2025-07-26,50542,1
PAY-66394,INV-27189,OMC-014,Texol Energies,GB06ONXS45314737996507,2025-07-30," KES 197,159 ",1
PAY-67528,INV-18425,OMC-009,Dalbit Petroleum,GB53VXXX35615951484656,2026-05-17,32382,1
PAY-47263,INV-38398,OMC-014,Texol Energies,GB06ONXS45314737996507,2025-11-28,70480,2
PAY-72035,INV-53281,OMC-019,Tanzania Petroleum,GB64OAXE62174596158657,,29132,1
PAY-25910,INV-27494,OMC-011,Hass Petroleum,GB56WGCN65876036690967,2026-03-27," KES 50,701 ",1
PAY-16451,INV-56351,OMC-016,KPA Marine,GB31MOOJ96499091334123,2026-06-18,24562,2
PAY-11091,INV-57041,OMC-006,Hashi Energy,GB05QCFC91361939909169,2026-06-28,228212,1
PAY-26681,INV-42904,OMC-007,Kobil,GB37IDDX82449353487401,07/03/2026,31141,1
PAY-72841,INV-67845,OMC-007,Kobil,GB37IDDX82449353487401,2026-08-02,97264,1
PAY-74268,INV-90262,OMC-018,Uganda National Oil,GB73JRAR61317127484677,," KES 63,042 ",1
PAY-43094,INV-41041,OMC-007,Kobil,GB37IDDX82449353487401,2026-01-03," KES 220,546 ",1
PAY-31101,INV-28838,OMC-006,Hashi Energy,GB05QCFC91361939909169,2026-03-05,125383,1
PAY-22453,INV-78719,OMC-011,Hass Petroleum,GB56WGCN65876036690967,2025-03-03,122838,1
PAY-28833,INV-46638,OMC-016,KPA Marine,GB31MOOJ96499091334123,2026-02-27,135300,2
PAY-40138,INV-12890,OMC-003,Rubis Energy,GB04LOQO13315098393010,2025-09-10,51217,1
PAY-48369,INV-87301,OMC-005,PetroOil Kenya,GB89GWUW86379402654235,2026-05-14,51086,2
PAY-88359,INV-53098,OMC-016,KPA Marine,GB31MOOJ96499091334123,04/04/2026,40633,1
PAY-81818,INV-71231,OMC-010,Tamoil,GB34EABH79176936763201,2025-06-08," KES 56,468 ",1
PAY-55150,INV-32481,OMC-001,TotalEnergies Kenya,GB06DMIO52553419283276,2026-03-24,292709,1
PAY-23519,INV-17993,OMC-002,Vivo Energy,GB45OQIR01845146270482,2025-08-26,62291,1
PAY-80387,INV-48880,OMC-019,Tanzania Petroleum,GB64OAXE62174596158657,2026-02-19,163656,1
PAY-51772,INV-33240,OMC-011,Hass Petroleum,GB56WGCN65876036690967,2025-12-21,94063,1
PAY-17244,INV-44898,OMC-012,Galana Energies,GB89GWUW86379402654235,,31439,1
PAY-91273,INV-73152,OMC-012,Galana Energies,GB89GWUW86379402654235,2026-05-12,88637,1
PAY-60479,INV-39678,OMC-014,Texol Energies,GB06ONXS45314737996507,2026-01-20," KES 45,849 ",1
PAY-96707,INV-57395,OMC-014,Texol Energies,GB06ONXS45314737996507,2025-10-26,155553,1
PAY-51064,INV-97360,OMC-015,Mombasa Petroleum,GB80WOIJ43135182337498,2025-12-28,44087,1
PAY-74420,INV-69955,OMC-001,TotalEnergies Kenya,GB06DMIO52553419283276,2025-08-05,28616,1
PAY-49560,INV-24593,OMC-002,Vivo Energy,GB45OQIR01845146270482,2026-04-10,95757,1
PAY-51846,INV-89481,OMC-003,Rubis Energy,GB04LOQO13315098393010,2025-08-27,30915,1
PAY-47496,INV-56387,OMC-001,TotalEnergies Kenya,GB06DMIO52553419283276,2026-06-30,163433,1
PAY-53555,INV-48614,OMC-005,PetroOil Kenya,GB89GWUW86379402654235,2026-04-07,8947,2
PAY-18095,INV-69344,OMC-012,Galana Energies,GB89GWUW86379402654235,2026-05-18,151112,1
PAY-45340,INV-34597,OMC-014,Texol Energies,GB06ONXS45314737996507,2025-05-24,111512,1
PAY-33583,INV-91300,OMC-016,KPA Marine,GB31MOOJ96499091334123,2026-06-07,90476,2
PAY-19761,INV-77554,OMC-015,Mombasa Petroleum,GB80WOIJ43135182337498,2025-10-14,104599,1
PAY-15108,INV-85950,OMC-007,Kobil,GB37IDDX82449353487401,2026-07-19,117303,1
PAY-75541,INV-78411,OMC-020,Ethiopian Oil,GB08IVAZ74821759464743,2025-08-31,27292,1
PAY-97816,INV-56496,OMC-010,Tamoil,GB34EABH79176936763201,2025-12-01,121642,1
PAY-98655,INV-25358,OMC-016,KPA Marine,GB31MOOJ96499091334123,,284222,1
PAY-88628,INV-86303,OMC-014,Texol Energies,GB06ONXS45314737996507,,131453,2
PAY-35631,INV-51654,OMC-005,PetroOil Kenya,GB89GWUW86379402654235,2026-05-27,61854,1
PAY-44450,INV-61823,OMC-002,Vivo Energy,GB45OQIR01845146270482,2026-04-10,173986,1
PAY-60634,INV-15815,OMC-012,Galana Energies,GB89GWUW86379402654235,2026-06-25,6520,2
PAY-22797,INV-93525,OMC-011,Hass Petroleum,GB56WGCN65876036690967,2026-06-07,93678,1
PAY-76692,INV-46898,OMC-008,National Oil,GB08NAFX56342160733754,2025-01-24,121355,1
PAY-15565,INV-68297,OMC-003,Rubis Energy,GB04LOQO13315098393010,2026-04-24,28273,1
PAY-89213,INV-21531,OMC-014,Texol Energies,GB06ONXS45314737996507,2026-02-25,25059,1
PAY-53788,INV-67311,OMC-001,TotalEnergies Kenya,GB06DMIO52553419283276,2025-05-18," KES 125,982 ",1
PAY-59002,INV-58943,OMC-019,Tanzania Petroleum,GB64OAXE62174596158657,2025-04-29,66338,1
PAY-64445,INV-63539,OMC-017,KAA Aviation,GB54HVSS04902787429671,12/09/2025,141819,1
PAY-22099,INV-56774,OMC-016,KPA Marine,GB31MOOJ96499091334123,01/01/2026,154442,1
PAY-43603,INV-87007,OMC-003,Rubis Energy,GB04LOQO13315098393010,2026-06-22,48802,1
PAY-70665,INV-74007,OMC-007,Kobil,GB37IDDX82449353487401,2026-02-10,40878,1
PAY-25217,INV-84025,OMC-001,TotalEnergies Kenya,GB06DMIO52553419283276,2025-07-12," KES 95,761 ",2
PAY-74608,INV-99760,OMC-011,Hass Petroleum,GB56WGCN65876036690967,,32038,1
PAY-94279,INV-12353,OMC-005,PetroOil Kenya,GB89GWUW86379402654235,2026-06-10,95680,1
PAY-95908,INV-43589,OMC-006,Hashi Energy,GB05QCFC91361939909169,2026-07-06,200565,1
PAY-58331,INV-72344,OMC-016,KPA Marine,GB31MOOJ96499091334123,2026-03-26,49073,1
PAY-80104,INV-80493,OMC-008,National Oil,GB08NAFX56342160733754,2026-04-22,30521,1
PAY-79952,INV-59398,OMC-017,KAA Aviation,GB54HVSS04902787429671,2026-05-21,141653,1
PAY-21840,INV-62785,OMC-007,Kobil,GB37IDDX82449353487401,2026-02-12,255290,1
PAY-68736,INV-64311,OMC-005,PetroOil Kenya,GB89GWUW86379402654235,2026-04-12,28328,1
PAY-93610,INV-58448,OMC-016,KPA Marine,GB31MOOJ96499091334123,2025-03-19,167545,1
PAY-13903,INV-60275,OMC-016,KPA Marine,GB31MOOJ96499091334123,2026-01-10," KES 162,383 ",1
PAY-50290,INV-12913,OMC-019,Tanzania Petroleum,GB64OAXE62174596158657,2025-06-12,32547,1
PAY-81018,INV-91343,OMC-011,Hass Petroleum,GB56WGCN65876036690967,2026-07-16,22177,1
PAY-49598,INV-79310,OMC-012,Galana Energies,GB89GWUW86379402654235,2026-05-15,24139,1
PAY-48096,INV-66660,OMC-005,PetroOil Kenya,GB89GWUW86379402654235,2026-05-07," KES 134,898 ",1
PAY-36446,INV-91639,OMC-014,Texol Energies,GB06ONXS45314737996507,2026-06-12,18162,1
PAY-43131,INV-11515,OMC-007,Kobil,GB37IDDX82449353487401,2025-08-23,62958,1
PAY-93629,INV-31789,OMC-006,Hashi Energy,GB05QCFC91361939909169,2026-07-12,111061,1
PAY-77921,INV-80295,OMC-012,Galana Energies,GB89GWUW86379402654235,2026-04-25,13198,2
PAY-96428,INV-67331,OMC-001,TotalEnergies Kenya,GB06DMIO52553419283276,2026-01-24,39564,1
PAY-13699,INV-77100,OMC-004,Gulf Energy,GB89GWUW86379402654235,2026-05-20,13813,1
PAY-27685,INV-43804,OMC-017,KAA Aviation,GB54HVSS04902787429671,2026-05-17,177499,1
PAY-34096,INV-63274,OMC-011,Hass Petroleum,GB56WGCN65876036690967,03/10/2025,275287,1
PAY-20238,INV-50223,OMC-005,PetroOil Kenya,GB89GWUW86379402654235,2026-04-04,9425,2
PAY-29243,INV-54267,OMC-013,Lake Oil,GB88TEHE71937452991241,2026-07-25,280394,1
PAY-27108,INV-70997,OMC-007,Kobil,GB37IDDX82449353487401,2026-05-10,195762,1
PAY-59646,INV-51823,OMC-004,Gulf Energy,GB89GWUW86379402654235,2026-05-21,109812,1
PAY-31844,INV-10510,OMC-018,Uganda National Oil,GB73JRAR61317127484677,2025-03-27,144194,1
PAY-95827,INV-79458,OMC-020,Ethiopian Oil,GB08IVAZ74821759464743,,168960,1
PAY-92463,INV-38947,OMC-015,Mombasa Petroleum,GB80WOIJ43135182337498,2025-07-17,176638,1
PAY-89094,INV-86238,OMC-010,Tamoil,GB34EABH79176936763201,2025-02-15,195539,1
PAY-65448,INV-63634,OMC-020,Ethiopian Oil,GB08IVAZ74821759464743,2026-03-05,116793,1
PAY-17442,INV-87319,OMC-001,TotalEnergies Kenya,GB06DMIO52553419283276,2026-04-27,93064,2
PAY-66730,INV-67251,OMC-009,Dalbit Petroleum,GB53VXXX35615951484656,2026-03-07,248760,1
PAY-93430,INV-85344,OMC-002,Vivo Energy,GB45OQIR01845146270482,2026-02-28,29376,1
PAY-33707,INV-82616,OMC-017,KAA Aviation,GB54HVSS04902787429671,2025-03-31,245015,1
PAY-60545,INV-88029,OMC-018,Uganda National Oil,GB73JRAR61317127484677,2025-12-29,42345,1
PAY-14897,INV-40166,OMC-016,KPA Marine,GB31MOOJ96499091334123,2026-06-23,13281,2
PAY-71499,INV-78011,OMC-009,Dalbit Petroleum,GB53VXXX35615951484656,2026-08-05,100079,2
PAY-44744,INV-89518,OMC-020,Ethiopian Oil,GB08IVAZ74821759464743,2026-09-04,26762,2
PAY-87553,INV-20308,OMC-006,Hashi Energy,GB05QCFC91361939909169,2025-11-30,196933,1
PAY-20971,INV-61813,OMC-019,Tanzania Petroleum,GB64OAXE62174596158657,2025-11-22," KES 36,041 ",1
PAY-70972,INV-71604,OMC-011,Hass Petroleum,GB56WGCN65876036690967,2026-07-01,240622,1
PAY-48156,INV-46644,OMC-004,Gulf Energy,GB89GWUW86379402654235,2026-06-23,41211,2
PAY-10733,INV-76354,OMC-013,Lake Oil,GB88TEHE71937452991241,2025-05-14,25330,1
PAY-68404,INV-71220,OMC-015,Mombasa Petroleum,GB80WOIJ43135182337498,2025-12-12,43893,1
PAY-36145,INV-65585,OMC-014,Texol Energies,GB06ONXS45314737996507,,155128,1
PAY-83410,INV-82179,OMC-004,Gulf Energy,GB89GWUW86379402654235,2026-03-18,112870,1
PAY-73334,INV-77267,OMC-009,Dalbit Petroleum,GB53VXXX35615951484656,2025-02-17,28712,1
PAY-89879,INV-65508,OMC-005,PetroOil Kenya,GB89GWUW86379402654235,2026-06-04,62746,2
PAY-77557,INV-69418,OMC-015,Mombasa Petroleum,GB80WOIJ43135182337498,2025-10-17,141989,1
PAY-57230,INV-45418,OMC-003,Rubis Energy,GB04LOQO13315098393010,2026-03-27," KES 146,114 ",1
PAY-63311,INV-95164,OMC-007,Kobil,GB37IDDX82449353487401,01/06/2025,231227,1
PAY-52718,INV-78369,OMC-019,Tanzania Petroleum,GB64OAXE62174596158657,2026-02-10,238591,1
PAY-50145,INV-62984,OMC-002,Vivo Energy,GB45OQIR01845146270482,2026-01-20,139159,1
PAY-91227,INV-28436,OMC-008,National Oil,GB08NAFX56342160733754,12/02/2026," KES 122,355 ",1
PAY-80751,INV-90739,OMC-018,Uganda National Oil,GB73JRAR61317127484677,2025-08-20,243197,1
PAY-42448,INV-33370,OMC-020,Ethiopian Oil,GB08IVAZ74821759464743,2026-01-20,107542,1
PAY-28213,INV-31013,OMC-012,Galana Energies,GB89GWUW86379402654235,2026-04-04,14318,1
PAY-58658,INV-73953,OMC-003,Rubis Energy,GB04LOQO13315098393010,2025-07-28,41751,1
PAY-35936,INV-99052,OMC-009,Dalbit Petroleum,GB53VXXX35615951484656,2025-10-27,16975,2
PAY-65483,INV-57051,OMC-003,Rubis Energy,GB04LOQO13315098393010,2026-01-14,167837,1
PAY-60577,INV-73699,OMC-018,Uganda National Oil,GB73JRAR61317127484677,2026-02-16,146241,1
PAY-44303,INV-59533,OMC-014,Texol Energies,GB06ONXS45314737996507,2025-11-28,19664,2
PAY-48913,INV-71539,OMC-018,Uganda National Oil,GB73JRAR61317127484677,2026-01-23,229576,1
PAY-33613,INV-94152,OMC-011,Hass Petroleum,GB56WGCN65876036690967,2026-03-16,33992,1
PAY-76561,INV-78954,OMC-005,PetroOil Kenya,GB89GWUW86379402654235,2026-05-07,163805,1
PAY-79020,INV-99988,OMC-008,National Oil,GB08NAFX56342160733754,2025-12-07,54953,1
PAY-56727,INV-62088,OMC-015,Mombasa Petroleum,GB80WOIJ43135182337498,2025-09-03,98570,1
PAY-31732,INV-23363,OMC-019,Tanzania Petroleum,GB64OAXE62174596158657,2025-05-06,67591,1
PAY-55612,INV-92206,OMC-014,Texol Energies,GB06ONXS45314737996507,2025-08-10,33153,1
PAY-81616,INV-16107,OMC-011,Hass Petroleum,GB56WGCN65876036690967,2025-05-29,28046,1
PAY-94911,INV-29689,OMC-020,Ethiopian Oil,GB08IVAZ74821759464743,2026-06-28,41442,1
PAY-95761,INV-40629,OMC-019,Tanzania Petroleum,GB64OAXE62174596158657,2025-09-16,167858,1
PAY-53753,INV-49472,OMC-003,Rubis Energy,GB04LOQO13315098393010,2025-04-02,42987,1
PAY-48818,INV-83769,OMC-015,Mombasa Petroleum,GB80WOIJ43135182337498,2026-04-26,262417,1
PAY-26560,INV-64785,OMC-013,Lake Oil,GB88TEHE71937452991241,2025-05-25,59047,1
PAY-10490,INV-37970,OMC-020,Ethiopian Oil,GB08IVAZ74821759464743,29/07/2026,143742,1
PAY-28155,INV-95819,OMC-005,PetroOil Kenya,GB89GWUW86379402654235,2026-05-10,59723,2
PAY-30019,INV-75156,OMC-020,Ethiopian Oil,GB08IVAZ74821759464743,2026-03-13,263887,1
PAY-34153,INV-46342,OMC-006,Hashi Energy,GB05QCFC91361939909169,2025-10-27,190873,1
PAY-46651,INV-70992,OMC-017,KAA Aviation,GB54HVSS04902787429671,2025-10-10,118626,1
PAY-37466,INV-43916,OMC-007,Kobil,GB37IDDX82449353487401,2025-05-09,92589,1
PAY-90030,INV-97916,OMC-005,PetroOil Kenya,GB89GWUW86379402654235,2026-06-22,47178,2
PAY-80489,INV-49482,OMC-001,TotalEnergies Kenya,GB06DMIO52553419283276,2026-04-04,25478,1
PAY-90581,INV-34558,OMC-001,TotalEnergies Kenya,GB06DMIO52553419283276,2026-01-03,57063,1
PAY-76346,INV-80822,OMC-003,Rubis Energy,GB04LOQO13315098393010,2025-09-09,151120,1
PAY-49007,INV-56224,OMC-016,KPA Marine,GB31MOOJ96499091334123,2025-07-26,278147,1
PAY-43342,INV-18153,OMC-013,Lake Oil,GB88TEHE71937452991241,2025-06-18,258623,1
PAY-84505,INV-63349,OMC-018,Uganda National Oil,GB73JRAR61317127484677,2025-04-19,44876,1
PAY-55993,INV-47014,OMC-003,Rubis Energy,GB04LOQO13315098393010,2026-02-06,32501,1
PAY-23621,INV-10440,OMC-009,Dalbit Petroleum,GB53VXXX35615951484656,2026-04-03,54223,2
PAY-30566,INV-82904,OMC-016,KPA Marine,GB31MOOJ96499091334123,2026-02-26,17784,2
PAY-96928,INV-54105,OMC-014,Texol Energies,GB06ONXS45314737996507,2026-03-18,38311,2
PAY-28590,INV-67573,OMC-014,Texol Energies,GB06ONXS45314737996507,2025-12-01,25268,1
PAY-69857,INV-93624,OMC-016,KPA Marine,GB31MOOJ96499091334123,2025-05-26,57087,1
PAY-12938,INV-71236,OMC-006,Hashi Energy,GB05QCFC91361939909169,2025-07-12,181586,1
PAY-60185,INV-89841,OMC-003,Rubis Energy,GB04LOQO13315098393010,2025-04-09,42943,1
PAY-20616,INV-63984,OMC-015,Mombasa Petroleum,GB80WOIJ43135182337498,2026-01-01,102459,1
PAY-55028,INV-56404,OMC-012,Galana Energies,GB89GWUW86379402654235,2026-07-05,55326,2
PAY-68806,INV-60085,OMC-004,Gulf Energy,GB89GWUW86379402654235,2026-04-21,28605,1
PAY-50691,INV-76146,OMC-008,National Oil,GB08NAFX56342160733754,2026-01-08,114812,1
PAY-50838,INV-82245,OMC-020,Ethiopian Oil,GB08IVAZ74821759464743,2025-04-26,56782,1
PAY-23417,INV-42020,OMC-003,Rubis Energy,GB04LOQO13315098393010,2025-08-23,23677,1
PAY-74983,INV-30719,OMC-005,PetroOil Kenya,GB89GWUW86379402654235,2026-04-30,192656,1
PAY-68236,INV-41153,OMC-014,Texol Energies,GB06ONXS45314737996507,2026-03-30,127268,1
PAY-48729,INV-93440,OMC-011,Hass Petroleum,GB56WGCN65876036690967,2025-07-05,43294,2
PAY-64171,INV-94515,OMC-006,Hashi Energy,GB05QCFC91361939909169,26/09/2025,274730,1
PAY-93099,INV-17300,OMC-010,Tamoil,GB34EABH79176936763201,2025-07-02,23602,1
PAY-79810,INV-50599,OMC-007,Kobil,GB37IDDX82449353487401,2026-01-16,110606,1
PAY-33944,INV-95103,OMC-020,Ethiopian Oil,GB08IVAZ74821759464743,2025-08-15,156364,1
PAY-79423,INV-52839,OMC-010,Tamoil,GB34EABH79176936763201,2025-06-09,57557,1
PAY-83086,INV-33694,OMC-002,Vivo Energy,GB45OQIR01845146270482,2026-05-09," KES 183,149 ",1
PAY-23563,INV-78297,OMC-004,Gulf Energy,GB89GWUW86379402654235,2026-04-30,39317,1
PAY-17700,INV-25504,OMC-009,Dalbit Petroleum,GB53VXXX35615951484656,2026-02-23,16325,1
PAY-57250,INV-43139,OMC-012,Galana Energies,GB89GWUW86379402654235,2026-05-06,16354,2
PAY-91182,INV-53646,OMC-009,Dalbit Petroleum,GB53VXXX35615951484656,2025-06-10,12786,2
PAY-82454,INV-18966,OMC-013,Lake Oil,GB88TEHE71937452991241,2025-05-26,219033,1
PAY-97742,INV-19412,OMC-016,KPA Marine,GB31MOOJ96499091334123,2025-10-24,101199,1
PAY-76048,INV-88357,OMC-001,TotalEnergies Kenya,GB06DMIO52553419283276,2026-04-09,99393,1
PAY-61671,INV-50338,OMC-002,Vivo Energy,GB45OQIR01845146270482,06/09/2025,200882,1
PAY-75265,INV-11648,OMC-017,KAA Aviation,GB54HVSS04902787429671,2025-06-18,48430,1
PAY-18021,INV-35971,OMC-013,Lake Oil,GB88TEHE71937452991241,2025-07-09,261700,1
PAY-38056,INV-22649,OMC-005,PetroOil Kenya,GB89GWUW86379402654235,2026-05-21," KES 10,072 ",2
PAY-17328,INV-84318,OMC-015,Mombasa Petroleum,GB80WOIJ43135182337498,24/05/2025,69927,1
PAY-67788,INV-53932,OMC-016,KPA Marine,GB31MOOJ96499091334123,2025-08-20,181019,1
PAY-56564,INV-56353,OMC-015,Mombasa Petroleum,GB80WOIJ43135182337498,2026-01-27,102651,1
PAY-78529,INV-55088,OMC-014,Texol Energies,GB06ONXS45314737996507,2025-03-21,120604,1
PAY-91428,INV-39258,OMC-016,KPA Marine,GB31MOOJ96499091334123,2025-09-21,151742,1
PAY-43561,INV-42003,OMC-004,Gulf Energy,GB89GWUW86379402654235,2026-06-12,113292,1
PAY-54980,INV-22227,OMC-002,Vivo Energy,GB45OQIR01845146270482,2025-05-15,82730,1
PAY-64975,INV-78952,OMC-001,TotalEnergies Kenya,GB06DMIO52553419283276,2026-08-24,38471,2
PAY-73741,INV-75939,OMC-001,TotalEnergies Kenya,GB06DMIO52553419283276,2026-01-26,32483,2
PAY-71769,INV-65884,OMC-004,Gulf Energy,GB89GWUW86379402654235,2026-06-11,10078,2
PAY-29130,INV-95851,OMC-020,Ethiopian Oil,GB08IVAZ74821759464743,2025-02-28,156446,1
PAY-56208,INV-61694,OMC-009,Dalbit Petroleum,GB53VXXX35615951484656,2025-05-29,22460,1
PAY-78823,INV-98528,OMC-011,Hass Petroleum,GB56WGCN65876036690967,2025-03-04,22168,1
PAY-31342,INV-93623,OMC-018,Uganda National Oil,GB73JRAR61317127484677,2025-09-22,121838,1
PAY-19014,INV-53742,OMC-010,Tamoil,GB34EABH79176936763201,2025-10-08,19493,2
PAY-73065,INV-78311,OMC-013,Lake Oil,GB88TEHE71937452991241,2025-04-20,37050,1
PAY-64753,INV-89742,OMC-007,Kobil,GB37IDDX82449353487401,2026-04-13,24435,1
PAY-30619,INV-31414,OMC-002,Vivo Energy,GB45OQIR01845146270482,2026-05-17,56981,1
PAY-62239,INV-34597,OMC-010,Tamoil,GB34EABH79176936763201,2025-07-03,53583,1
PAY-79984,INV-29600,OMC-020,Ethiopian Oil,GB08IVAZ74821759464743,2025-06-26,11147,2
PAY-43558,INV-71812,OMC-001,TotalEnergies Kenya,GB06DMIO52553419283276,2025-04-13,21660,1
PAY-27072,INV-94475,OMC-011,Hass Petroleum,GB56WGCN65876036690967,2026-06-08,209906,1
PAY-43042,INV-13062,OMC-012,Galana Energies,GB89GWUW86379402654235,2026-04-29,38253,2
PAY-40741,INV-16441,OMC-003,Rubis Energy,GB04LOQO13315098393010,2026-02-14,55163,1
PAY-58181,INV-55332,OMC-018,Uganda National Oil,GB73JRAR61317127484677,2025-03-19,22793,1
PAY-23057,INV-44836,OMC-001,TotalEnergies Kenya,GB06DMIO52553419283276,,58731,1
PAY-86268,INV-68651,OMC-013,Lake Oil,GB88TEHE71937452991241,2026-04-10,54113,1
PAY-82829,INV-16729,OMC-018,Uganda National Oil,GB73JRAR61317127484677,2025-04-30,29099,2
PAY-54051,INV-70270,OMC-004,Gulf Energy,GB89GWUW86379402654235,2026-05-05,14649,1
PAY-62552,INV-80216,OMC-008,National Oil,GB08NAFX56342160733754,2026-01-05,27827,1
PAY-31471,INV-36816,OMC-008,National Oil,GB08NAFX56342160733754,2026-01-28,232084,1
PAY-89612,INV-57398,OMC-018,Uganda National Oil,GB73JRAR61317127484677,2025-04-24,185475,1
PAY-27395,INV-68917,OMC-014,Texol Energies,GB06ONXS45314737996507,2025-07-09,91954,2
PAY-28751,INV-84567,OMC-019,Tanzania Petroleum,GB64OAXE62174596158657,2026-02-12,239217,1
PAY-76504,INV-18142,OMC-013,Lake Oil,GB88TEHE71937452991241,2026-08-15,119753,1
PAY-81449,INV-22781,OMC-016,KPA Marine,GB31MOOJ96499091334123,19/04/2026," KES 63,287 ",1
PAY-15535,INV-60494,OMC-014,Texol Energies,GB06ONXS45314737996507,2025-08-13,113053,1
PAY-59354,INV-51117,OMC-008,National Oil,GB08NAFX56342160733754,2026-01-20,208964,1
PAY-70818,INV-30484,OMC-009,Dalbit Petroleum,GB53VXXX35615951484656,2026-07-24,67983,2
PAY-99992,INV-56394,OMC-005,PetroOil Kenya,GB89GWUW86379402654235,2026-05-27,128919,1
PAY-89529,INV-78808,OMC-005,PetroOil Kenya,GB89GWUW86379402654235,10/03/2026,47439,1
PAY-18307,INV-65452,OMC-005,PetroOil Kenya,GB89GWUW86379402654235,2026-05-02,242167,1
PAY-62390,INV-35054,OMC-007,Kobil,GB37IDDX82449353487401,,95606,1
PAY-10056,INV-27787,OMC-019,Tanzania Petroleum,GB64OAXE62174596158657,2025-06-15,151002,1
PAY-86490,INV-10114,OMC-009,Dalbit Petroleum,GB53VXXX35615951484656,,47667,1
PAY-19284,INV-17034,OMC-012,Galana Energies,GB89GWUW86379402654235,,19259,1
PAY-49483,INV-33682,OMC-016,KPA Marine,GB31MOOJ96499091334123,2026-04-04,41805,1
PAY-25441,INV-45128,OMC-001,TotalEnergies Kenya,GB06DMIO52553419283276,2025-07-13,122426,1
PAY-47360,INV-26219,OMC-009,Dalbit Petroleum,GB53VXXX35615951484656,,233690,1
PAY-96907,INV-56711,OMC-018,Uganda National Oil,GB73JRAR61317127484677,2025-03-26,40666,1
PAY-71487,INV-66695,OMC-007,Kobil,GB37IDDX82449353487401,2025-11-06,44131,1
PAY-39853,INV-75542,OMC-020,Ethiopian Oil,GB08IVAZ74821759464743,2025-09-20,58375,1
PAY-88462,INV-92074,OMC-004,Gulf Energy,GB89GWUW86379402654235,2026-05-21,27881,1
PAY-52048,INV-12817,OMC-020,Ethiopian Oil,GB08IVAZ74821759464743,2025-02-15,95386,1
PAY-16899,INV-28951,OMC-018,Uganda National Oil,GB73JRAR61317127484677,2025-09-10,30355,1
PAY-84679,INV-33264,OMC-004,Gulf Energy,GB89GWUW86379402654235,2026-05-02,48799,2
PAY-96794,INV-50187,OMC-007,Kobil,GB37IDDX82449353487401,2025-11-08,26453,2
PAY-53903,INV-18143,OMC-017,KAA Aviation,GB54HVSS04902787429671,2025-09-06,247758,1
PAY-52502,INV-29968,OMC-016,KPA Marine,GB31MOOJ96499091334123,2026-03-24,41189,1
PAY-64941,INV-20279,OMC-008,National Oil,GB08NAFX56342160733754,2025-03-29,91108,1
PAY-58551,INV-58748,OMC-007,Kobil,GB37IDDX82449353487401,2026-03-07,37451,1
PAY-55056,INV-21778,OMC-011,Hass Petroleum,GB56WGCN65876036690967,2025-12-27,30401,1
PAY-22601,INV-81808,OMC-006,Hashi Energy,GB05QCFC91361939909169,2026-01-01,170084,1
PAY-25464,INV-73640,OMC-016,KPA Marine,GB31MOOJ96499091334123,2026-04-30,36344,1
PAY-93681,INV-42237,OMC-009,Dalbit Petroleum,GB53VXXX35615951484656,2025-04-10,46956,1
PAY-29231,INV-45317,OMC-014,Texol Energies,GB06ONXS45314737996507,2025-12-02,179015,1
PAY-17434,INV-12829,OMC-004,Gulf Energy,GB89GWUW86379402654235,2026-04-16,103175,1
PAY-96271,INV-92377,OMC-019,Tanzania Petroleum,GB64OAXE62174596158657,2026-05-27,247558,1
PAY-19641,INV-73866,OMC-001,TotalEnergies Kenya,GB06DMIO52553419283276,2025-05-28,47294,2
PAY-27807,INV-15553,OMC-001,TotalEnergies Kenya,GB06DMIO52553419283276,2025-02-09," KES 16,247 ",1
PAY-82799,INV-73903,OMC-002,Vivo Energy,GB45OQIR01845146270482,2026-04-01,221239,1
PAY-95592,INV-60404,OMC-004,Gulf Energy,GB89GWUW86379402654235,2026-04-21,165670,1
PAY-72223,INV-45966,OMC-016,KPA Marine,GB31MOOJ96499091334123,2025-09-21,33093,2
PAY-58859,INV-21584,OMC-001,TotalEnergies Kenya,GB06DMIO52553419283276,2026-01-23,28545,1
PAY-26165,INV-33617,OMC-010,Tamoil,GB34EABH79176936763201,2025-08-27,62072,1
PAY-28470,INV-62455,OMC-001,TotalEnergies Kenya,GB06DMIO52553419283276,10/07/2025,9765,2
PAY-70476,INV-75787,OMC-009,Dalbit Petroleum,GB53VXXX35615951484656,2026-05-03,47246,1
PAY-92258,INV-23271,OMC-002,Vivo Energy,GB45OQIR01845146270482,2025-12-29,240841,1
PAY-37294,INV-87362,OMC-016,KPA Marine,GB31MOOJ96499091334123,2025-12-03,176763,1
PAY-15684,INV-83830,OMC-006,Hashi Energy,GB05QCFC91361939909169,2026-01-07,35350,1
PAY-10560,INV-52477,OMC-020,Ethiopian Oil,GB08IVAZ74821759464743,2025-03-17,23478,1
PAY-17977,INV-21357,OMC-011,Hass Petroleum,GB56WGCN65876036690967,2025-11-29,38141,1
PAY-13311,INV-73741,OMC-002,Vivo Energy,GB45OQIR01845146270482,2026-03-04,22635,1
PAY-18936,INV-23163,OMC-008,National Oil,GB08NAFX56342160733754,2025-08-27,22151,1
PAY-10031,INV-43608,OMC-004,Gulf Energy,GB89GWUW86379402654235,2026-04-04,187896,1
PAY-54258,INV-55123,OMC-019,Tanzania Petroleum,GB64OAXE62174596158657,2025-02-02," KES 185,982 ",1
PAY-66949,INV-44899,OMC-014,Texol Energies,GB06ONXS45314737996507,2026-05-26,157232,1
PAY-77589,INV-93075,OMC-008,National Oil,GB08NAFX56342160733754,2025-10-05," KES 35,993 ",1
PAY-31631,INV-94451,OMC-020,Ethiopian Oil,GB08IVAZ74821759464743,2026-02-01,44930,1
PAY-22105,INV-13142,OMC-015,Mombasa Petroleum,GB80WOIJ43135182337498,2026-08-03,27178,1
PAY-45057,INV-41040,OMC-008,National Oil,GB08NAFX56342160733754,2026-08-09,137874,1
PAY-25790,INV-14755,OMC-004,Gulf Energy,GB89GWUW86379402654235,2026-06-10,7792,2
PAY-55513,INV-14403,OMC-001,TotalEnergies Kenya,GB06DMIO52553419283276,2026-03-20,50811,1
PAY-44073,INV-83267,OMC-020,Ethiopian Oil,GB08IVAZ74821759464743,2025-12-14,124309,1
PAY-85673,INV-46184,OMC-010,Tamoil,GB34EABH79176936763201,2025-04-18,93372,1
PAY-44822,INV-80487,OMC-001,TotalEnergies Kenya,GB06DMIO52553419283276,2026-03-12,57957,2
PAY-29973,INV-79936,OMC-020,Ethiopian Oil,GB08IVAZ74821759464743,2026-02-01,27210,1
PAY-67972,INV-59956,OMC-011,Hass Petroleum,GB56WGCN65876036690967,2026-03-18,38285,1
PAY-79810,INV-91616,OMC-002,Vivo Energy,GB45OQIR01845146270482,2025-12-02,23062,1
PAY-13993,INV-63220,OMC-013,Lake Oil,GB88TEHE71937452991241,2025-04-12,56183,1
PAY-35292,INV-13628,OMC-013,Lake Oil,GB88TEHE71937452991241,2025-02-28,29839,1
PAY-12187,INV-84307,OMC-016,KPA Marine,GB31MOOJ96499091334123,2026-05-29,247802,1
PAY-89352,INV-71535,OMC-019,Tanzania Petroleum,GB64OAXE62174596158657,2026-08-02,42270,1
PAY-92303,INV-47238,OMC-013,Lake Oil,GB88TEHE71937452991241,,119750,1
PAY-79098,INV-48080,OMC-010,Tamoil,GB34EABH79176936763201,2025-11-04,146740,1
PAY-81430,INV-14688,OMC-011,Hass Petroleum,GB56WGCN65876036690967,2025-07-09,103425,1
PAY-84548,INV-83415,OMC-006,Hashi Energy,GB05QCFC91361939909169,2026-03-22,197923,1
PAY-52917,INV-87741,OMC-014,Texol Energies,GB06ONXS45314737996507,2026-03-20,156987,1
PAY-12299,INV-48622,OMC-020,Ethiopian Oil,GB08IVAZ74821759464743,2026-04-26,229641,1
PAY-42643,INV-52694,OMC-013,Lake Oil,GB88TEHE71937452991241,2026-03-27," KES 42,840 ",1
PAY-81362,INV-54223,OMC-007,Kobil,GB37IDDX82449353487401,2026-05-06,58234,1
PAY-83102,INV-94143,OMC-013,Lake Oil,GB88TEHE71937452991241,2026-02-20,50045,1
PAY-76909,INV-79406,OMC-014,Texol Energies,GB06ONXS45314737996507,2025-09-01,217503,1
PAY-80452,INV-32280,OMC-013,Lake Oil,GB88TEHE71937452991241,2025-04-25,225820,1
PAY-75713,INV-82344,OMC-016,KPA Marine,GB31MOOJ96499091334123,2026-04-18,49265,2
PAY-40740,INV-63379,OMC-016,KPA Marine,GB31MOOJ96499091334123,2026-04-22,39162,1
PAY-37972,INV-21909,OMC-001,TotalEnergies Kenya,GB06DMIO52553419283276,2025-07-10,33756,2
PAY-86017,INV-52633,OMC-005,PetroOil Kenya,GB89GWUW86379402654235,2026-05-30,33624,2
PAY-76973,INV-76350,OMC-013,Lake Oil,GB88TEHE71937452991241,2025-10-10,184704,1
PAY-80154,INV-95895,OMC-013,Lake Oil,GB88TEHE71937452991241,2025-10-24,201715,1
PAY-16233,INV-73951,OMC-014,Texol Energies,GB06ONXS45314737996507,,78208,2
PAY-40025,INV-10574,OMC-013,Lake Oil,GB88TEHE71937452991241,2026-01-20,52722,1
PAY-11411,INV-70160,OMC-002,Vivo Energy,GB45OQIR01845146270482,2025-11-21,185099,1
PAY-54117,INV-70460,OMC-018,Uganda National Oil,GB73JRAR61317127484677,2025-03-19,36685,1
PAY-16968,INV-69039,OMC-003,Rubis Energy,GB04LOQO13315098393010,2025-08-31,124242,1
PAY-32356,INV-19010,OMC-009,Dalbit Petroleum,GB53VXXX35615951484656,07/03/2025,59437,1
PAY-79497,INV-51247,OMC-018,Uganda National Oil,GB73JRAR61317127484677,2026-06-06,52908,1
PAY-44770,INV-98375,OMC-016,KPA Marine,GB31MOOJ96499091334123,2026-05-31,132631,1
PAY-23109,INV-86254,OMC-002,Vivo Energy,GB45OQIR01845146270482,2025-11-19,149849,1
PAY-52926,INV-84656,OMC-008,National Oil,GB08NAFX56342160733754,2025-12-01,103762,1
PAY-86903,INV-22155,OMC-004,Gulf Energy,GB89GWUW86379402654235,2026-05-13,23669,1
PAY-94373,INV-93195,OMC-003,Rubis Energy,GB04LOQO13315098393010,2026-04-01," KES 62,444 ",1
PAY-63900,INV-71313,OMC-019,Tanzania Petroleum,GB64OAXE62174596158657,2025-10-15,65983,2
PAY-13516,INV-60746,OMC-014,Texol Energies,GB06ONXS45314737996507,2026-07-18,34806,1
PAY-30083,INV-36870,OMC-005,PetroOil Kenya,GB89GWUW86379402654235,2026-05-31,10464,2
PAY-76072,INV-18241,OMC-009,Dalbit Petroleum,GB53VXXX35615951484656,2026-02-27,29002,1
PAY-66364,INV-11950,OMC-014,Texol Energies,GB06ONXS45314737996507,2025-11-24,10210,2
PAY-28947,INV-29191,OMC-003,Rubis Energy,GB04LOQO13315098393010,2025-05-18,49626,1
PAY-78619,INV-38620,OMC-006,Hashi Energy,GB05QCFC91361939909169,2025-08-16,106206,1
PAY-52332,INV-94252,OMC-020,Ethiopian Oil,GB08IVAZ74821759464743,2026-06-23,134949,1
PAY-64167,INV-48572,OMC-019,Tanzania Petroleum,GB64OAXE62174596158657,2026-02-09,121789,1
PAY-90076,INV-23153,OMC-004,Gulf Energy,GB89GWUW86379402654235,2026-05-22,116859,1
PAY-80152,INV-56351,OMC-005,PetroOil Kenya,GB89GWUW86379402654235,2026-06-22,171294,1
PAY-99568,INV-31480,OMC-002,Vivo Energy,GB45OQIR01845146270482,2025-11-01,239873,1
PAY-71645,INV-43982,OMC-011,Hass Petroleum,GB56WGCN65876036690967,2026-03-03,135408,1
PAY-11779,INV-47454,OMC-015,Mombasa Petroleum,GB80WOIJ43135182337498,2026-05-28,159649,1
PAY-68511,INV-68669,OMC-014,Texol Energies,GB06ONXS45314737996507,2025-12-12,118527,1
PAY-38774,INV-32775,OMC-007,Kobil,GB37IDDX82449353487401,2025-05-10,21694,1
PAY-98416,INV-96412,OMC-019,Tanzania Petroleum,GB64OAXE62174596158657,2025-04-11,37321,1
PAY-43917,INV-53357,OMC-008,National Oil,GB08NAFX56342160733754,2026-07-18,168091,1
PAY-74529,INV-79114,OMC-016,KPA Marine,GB31MOOJ96499091334123,23/11/2025,100991,1
PAY-89713,INV-66765,OMC-020,Ethiopian Oil,GB08IVAZ74821759464743,2026-03-29,146969,1
PAY-80841,INV-57395,OMC-014,Texol Energies,GB06ONXS45314737996507,2025-11-16,113821,2
PAY-53487,INV-63810,OMC-017,KAA Aviation,GB54HVSS04902787429671,2025-11-11,20181,1
PAY-69231,INV-85543,OMC-019,Tanzania Petroleum,GB64OAXE62174596158657,25/06/2025,49772,1
PAY-33607,INV-55439,OMC-013,Lake Oil,GB88TEHE71937452991241,2026-04-14,32538,1
PAY-90369,INV-67279,OMC-012,Galana Energies,GB89GWUW86379402654235,2026-06-10,18035,2
PAY-69342,INV-34437,OMC-001,TotalEnergies Kenya,GB06DMIO52553419283276,18/09/2025,10618,2
PAY-17088,INV-55860,OMC-007,Kobil,GB37IDDX82449353487401,2026-04-10,229093,1
PAY-96902,INV-27878,OMC-009,Dalbit Petroleum,GB53VXXX35615951484656,2025-11-06,10244,2
PAY-61781,INV-51918,OMC-002,Vivo Energy,GB45OQIR01845146270482,2025-07-05,33711,1
PAY-55583,INV-25828,OMC-017,KAA Aviation,GB54HVSS04902787429671,02/11/2025,84935,1
PAY-29601,INV-57594,OMC-018,Uganda National Oil,GB73JRAR61317127484677,2025-12-29,264126,1
PAY-55782,INV-92294,OMC-015,Mombasa Petroleum,GB80WOIJ43135182337498,2025-05-14,35531,1
PAY-76990,INV-14031,OMC-017,KAA Aviation,GB54HVSS04902787429671,2026-03-17,99610,1
PAY-45240,INV-41083,OMC-016,KPA Marine,GB31MOOJ96499091334123,2025-11-13,263744,1
PAY-60343,INV-12914,OMC-001,TotalEnergies Kenya,GB06DMIO52553419283276,2025-07-05," KES 34,687 ",1
PAY-31819,INV-73248,OMC-004,Gulf Energy,GB89GWUW86379402654235,2026-04-05,41608,2
PAY-58254,INV-55046,OMC-014,Texol Energies,GB06ONXS45314737996507,2025-03-10,55048,1
PAY-33105,INV-51463,OMC-004,Gulf Energy,GB89GWUW86379402654235,2026-03-14,29069,1
PAY-23476,INV-28841,OMC-008,National Oil,GB08NAFX56342160733754,2025-11-13,42035,1
PAY-80027,INV-35110,OMC-019,Tanzania Petroleum,GB64OAXE62174596158657,2025-09-04,154125,1
PAY-53445,INV-15395,OMC-020,Ethiopian Oil,GB08IVAZ74821759464743,2025-10-02,30037,1
PAY-49458,INV-77834,OMC-004,Gulf Energy,GB89GWUW86379402654235,2026-05-01,212622,1
PAY-55969,INV-45814,OMC-014,Texol Energies,GB06ONXS45314737996507,2025-09-15,136886,1
PAY-80309,INV-21337,OMC-015,Mombasa Petroleum,GB80WOIJ43135182337498,2025-11-21,279027,1
PAY-29541,INV-32182,OMC-020,Ethiopian Oil,GB08IVAZ74821759464743,2026-03-01,124180,1
PAY-23483,INV-76376,OMC-020,Ethiopian Oil,GB08IVAZ74821759464743,2025-02-24,155956,1
PAY-96566,INV-83839,OMC-013,Lake Oil,GB88TEHE71937452991241,2025-06-13,95816,1
PAY-36901,INV-75014,OMC-019,Tanzania Petroleum,GB64OAXE62174596158657,,84386,1
PAY-26479,INV-69472,OMC-015,Mombasa Petroleum,GB80WOIJ43135182337498,2025-07-21,252972,1
PAY-99934,INV-28334,OMC-012,Galana Energies,GB89GWUW86379402654235,,191384,1
PAY-30724,INV-31449,OMC-001,TotalEnergies Kenya,GB06DMIO52553419283276,2026-04-27,11697,2
PAY-85756,INV-68118,OMC-016,KPA Marine,GB31MOOJ96499091334123,2025-06-28,61856,1
PAY-89344,INV-88919,OMC-003,Rubis Energy,GB04LOQO13315098393010,2025-08-11,189717,1
PAY-40205,INV-92580,OMC-001,TotalEnergies Kenya,GB06DMIO52553419283276,2026-07-12,25095,2
PAY-53584,INV-87348,OMC-016,KPA Marine,GB31MOOJ96499091334123,2025-02-15,7181,2
PAY-94436,INV-70338,OMC-016,KPA Marine,GB31MOOJ96499091334123,2026-08-12,109383,1
PAY-81885,INV-75137,OMC-010,Tamoil,GB34EABH79176936763201,2026-02-17," KES 55,945 ",1
PAY-50653,INV-62050,OMC-019,Tanzania Petroleum,GB64OAXE62174596158657,2026-08-20," KES 219,883 ",1
PAY-61756,INV-65486,OMC-001,TotalEnergies Kenya,GB06DMIO52553419283276,2025-08-19,202660,1
PAY-41367,INV-10316,OMC-012,Galana Energies,GB89GWUW86379402654235,2026-06-04,14949,2
PAY-26772,INV-85276,OMC-004,Gulf Energy,GB89GWUW86379402654235,2026-06-14,126137,1
PAY-39822,INV-49810,OMC-015,Mombasa Petroleum,GB80WOIJ43135182337498,2026-07-13,114910,1
PAY-73739,INV-87925,OMC-005,PetroOil Kenya,GB89GWUW86379402654235,2026-04-14,73717,2
PAY-82462,INV-43863,OMC-004,Gulf Energy,GB89GWUW86379402654235,2026-04-25,94827,2
PAY-56145,INV-11851,OMC-005,PetroOil Kenya,GB89GWUW86379402654235,2026-03-28,145767,1
PAY-46865,INV-97167,OMC-013,Lake Oil,GB88TEHE71937452991241,2025-04-08,124117,1
PAY-66876,INV-24146,OMC-001,TotalEnergies Kenya,GB06DMIO52553419283276,2025-07-11,55444,2
PAY-57902,INV-37590,OMC-004,Gulf Energy,GB89GWUW86379402654235,2026-06-24,106155,2
PAY-23530,INV-80900,OMC-016,KPA Marine,GB31MOOJ96499091334123,2025-05-26,157037,1
PAY-48149,INV-28363,OMC-009,Dalbit Petroleum,GB53VXXX35615951484656,2025-07-27,27633,1
PAY-13227,INV-43341,OMC-013,Lake Oil,GB88TEHE71937452991241,2025-10-30,103824,1
PAY-74877,INV-30263,OMC-001,TotalEnergies Kenya,GB06DMIO52553419283276,2026-01-02,61861,2
PAY-92404,INV-60373,OMC-013,Lake Oil,GB88TEHE71937452991241,08/02/2025,179982,1
PAY-27578,INV-88627,OMC-010,Tamoil,GB34EABH79176936763201,2026-07-15,292275,1
PAY-70842,INV-36457,OMC-012,Galana Energies,GB89GWUW86379402654235,2026-07-11,15042,2
PAY-52252,INV-90484,OMC-011,Hass Petroleum,GB56WGCN65876036690967,2026-02-24,28310,1
PAY-54949,INV-40634,OMC-005,PetroOil Kenya,GB89GWUW86379402654235,2026-05-23,104690,2
PAY-15621,INV-45180,OMC-003,Rubis Energy,GB04LOQO13315098393010,2026-06-20,27467,1
PAY-28483,INV-33710,OMC-020,Ethiopian Oil,GB08IVAZ74821759464743,2025-11-16,149739,1
PAY-41206,INV-79665,OMC-002,Vivo Energy,GB45OQIR01845146270482,2026-03-12,164060,1
PAY-96868,INV-46008,OMC-012,Galana Energies,GB89GWUW86379402654235,2026-03-28,20729,1
PAY-95590,INV-90064,OMC-004,Gulf Energy,GB89GWUW86379402654235,2026-03-27,125688,1
PAY-29814,INV-83723,OMC-001,TotalEnergies Kenya,GB06DMIO52553419283276,2025-07-15,41033,1
PAY-66015,INV-71419,OMC-020,Ethiopian Oil,GB08IVAZ74821759464743,2026-06-17,180006,1
PAY-20985,INV-76882,OMC-006,Hashi Energy,GB05QCFC91361939909169,2025-12-06,66809,1
PAY-54147,INV-41005,OMC-016,KPA Marine,GB31MOOJ96499091334123,2026-01-06,161949,1
PAY-99041,INV-96559,OMC-003,Rubis Energy,GB04LOQO13315098393010,2025-10-14,51650,1
PAY-36518,INV-22595,OMC-004,Gulf Energy,GB89GWUW86379402654235,2026-02-21,155950,1
PAY-56511,INV-14633,OMC-014,Texol Energies,GB06ONXS45314737996507,2025-10-09,169286,1
PAY-31890,INV-79904,OMC-013,Lake Oil,GB88TEHE71937452991241,2025-09-14,135489,1
PAY-56634,INV-14569,OMC-020,Ethiopian Oil,GB08IVAZ74821759464743,2025-04-24,21778,2
PAY-74681,INV-73807,OMC-014,Texol Energies,GB06ONXS45314737996507,2025-06-29,104007,2
PAY-67386,INV-68847,OMC-019,Tanzania Petroleum,GB64OAXE62174596158657,2025-10-18,40367,1
PAY-37166,INV-16298,OMC-016,KPA Marine,GB31MOOJ96499091334123,2026-02-13,36562,2
PAY-44822,INV-80487,OMC-001,TotalEnergies Kenya,GB06DMIO52553419283276,2026-03-12,57957,2
PAY-11862,INV-75522,OMC-016,KPA Marine,GB31MOOJ96499091334123,2025-07-15," KES 130,399 ",1
PAY-78613,INV-37817,OMC-006,Hashi Energy,GB05QCFC91361939909169,2026-06-05,60841,1
PAY-12178,INV-40813,OMC-009,Dalbit Petroleum,GB53VXXX35615951484656,2026-04-06,50384,1
PAY-91189,INV-31219,OMC-011,Hass Petroleum,GB56WGCN65876036690967,2025-03-07,58218,1
PAY-11118,INV-76113,OMC-009,Dalbit Petroleum,GB53VXXX35615951484656,2025-12-31,13422,2
PAY-66851,INV-79803,OMC-007,Kobil,GB37IDDX82449353487401,2026-05-22,127696,1
PAY-76597,INV-83102,OMC-013,Lake Oil,GB88TEHE71937452991241,2026-04-19,25759,1
PAY-34534,INV-73579,OMC-019,Tanzania Petroleum,GB64OAXE62174596158657,2025-11-07,156568,1
PAY-82183,INV-83098,OMC-008,National Oil,GB08NAFX56342160733754,2025-12-16,79067,1
PAY-73333,INV-21909,OMC-001,TotalEnergies Kenya,GB06DMIO52553419283276,2025-06-21,41092,1
PAY-55037,INV-86172,OMC-014,Texol Energies,GB06ONXS45314737996507,2025-08-27,57160,2
PAY-79258,INV-18026,OMC-006,Hashi Energy,GB05QCFC91361939909169,2026-05-10,34146,1
PAY-76174,INV-65482,OMC-018,Uganda National Oil,GB73JRAR61317127484677,2026-03-09,104427,1
PAY-10905,INV-88738,OMC-007,Kobil,GB37IDDX82449353487401,08/12/2025,28894,1
PAY-12589,INV-78421,OMC-005,PetroOil Kenya,GB89GWUW86379402654235,2026-05-11,147947,1
PAY-22229,INV-95480,OMC-006,Hashi Energy,GB05QCFC91361939909169,2026-06-04,186097,1
PAY-21743,INV-25949,OMC-019,Tanzania Petroleum,GB64OAXE62174596158657,2025-09-05,120847,1
PAY-52609,INV-77611,OMC-002,Vivo Energy,GB45OQIR01845146270482,2026-06-30,155224,1
PAY-44708,INV-43607,OMC-014,Texol Energies,GB06ONXS45314737996507,2026-08-04," KES 89,596 ",2
PAY-93666,INV-94342,OMC-005,PetroOil Kenya,GB89GWUW86379402654235,2026-04-24,17229,1
PAY-30633,INV-67836,OMC-007,Kobil,GB37IDDX82449353487401,2025-09-20,227619,1
PAY-65384,INV-31027,OMC-014,Texol Energies,GB06ONXS45314737996507,2026-06-15,21636,2
PAY-65127,INV-25014,OMC-015,Mombasa Petroleum,GB80WOIJ43135182337498,2026-01-04,33445,1
PAY-41972,INV-33973,OMC-019,Tanzania Petroleum,GB64OAXE62174596158657,2025-05-14,168441,1
PAY-37514,INV-98658,OMC-016,KPA Marine,GB31MOOJ96499091334123,2026-04-10,94410,1
PAY-62651,INV-65635,OMC-010,Tamoil,GB34EABH79176936763201,2026-01-04," KES 61,221 ",1
PAY-41525,INV-95029,OMC-019,Tanzania Petroleum,GB64OAXE62174596158657,2026-07-14,49203,1
PAY-18708,INV-72021,OMC-003,Rubis Energy,GB04LOQO13315098393010,2025-03-26," KES 32,484 ",1
PAY-59840,INV-59226,OMC-015,Mombasa Petroleum,GB80WOIJ43135182337498,2025-03-08,136831,1
PAY-44062,INV-16880,OMC-013,Lake Oil,GB88TEHE71937452991241,2025-07-01,63555,1
PAY-96078,INV-20146,OMC-012,Galana Energies,GB89GWUW86379402654235,30/03/2026,118780,1
PAY-48757,INV-17209,OMC-009,Dalbit Petroleum,GB53VXXX35615951484656,2026-04-27,34025,1
PAY-42611,INV-52577,OMC-020,Ethiopian Oil,GB08IVAZ74821759464743,2026-03-16,110487,1
PAY-58668,INV-95902,OMC-019,Tanzania Petroleum,GB64OAXE62174596158657,,41459,1
PAY-78842,INV-30104,OMC-013,Lake Oil,GB88TEHE71937452991241,2025-05-05,235916,1
PAY-67566,INV-98578,OMC-004,Gulf Energy,GB89GWUW86379402654235,2026-07-02,6382,2
PAY-70452,INV-49770,OMC-006,Hashi Energy,GB05QCFC91361939909169,2025-11-15," KES 166,197 ",1
PAY-40387,INV-25439,OMC-014,Texol Energies,GB06ONXS45314737996507,2025-10-19,36222,1
PAY-93285,INV-61474,OMC-011,Hass Petroleum,GB56WGCN65876036690967,2026-02-08,84139,1
PAY-93262,INV-84140,OMC-013,Lake Oil,GB88TEHE71937452991241,2025-05-12,272300,1
PAY-69962,INV-69526,OMC-003,Rubis Energy,GB04LOQO13315098393010,2025-06-10,45214,1
PAY-40845,INV-47325,OMC-013,Lake Oil,GB88TEHE71937452991241,2025-03-26,164156,1
PAY-15817,INV-20111,OMC-016,KPA Marine,GB31MOOJ96499091334123,2026-07-05,153318,1
PAY-69347,INV-66964,OMC-006,Hashi Energy,GB05QCFC91361939909169,2026-08-30,22424,1
PAY-32142,INV-55714,OMC-011,Hass Petroleum,GB56WGCN65876036690967,2025-08-16,29023,1
PAY-72193,INV-87332,OMC-018,Uganda National Oil,GB73JRAR61317127484677,2025-12-28,155936,1
PAY-78970,INV-52086,OMC-013,Lake Oil,GB88TEHE71937452991241,2025-03-15,257710,1
PAY-57056,INV-61065,OMC-002,Vivo Energy,GB45OQIR01845146270482,2025-11-18,145907,1
PAY-10024,INV-43421,OMC-008,National Oil,GB08NAFX56342160733754,2025-10-18,114947,1
PAY-98953,INV-96363,OMC-010,Tamoil,GB34EABH79176936763201,2025-05-30,281692,1
PAY-40818,INV-14121,OMC-012,Galana Energies,GB89GWUW86379402654235,08/04/2026,30186,1
PAY-18453,INV-66606,OMC-001,TotalEnergies Kenya,GB06DMIO52553419283276,2026-03-21,29141,1
PAY-29524,INV-65126,OMC-007,Kobil,GB37IDDX82449353487401,2025-04-11,66294,2
PAY-52252,INV-90484,OMC-011,Hass Petroleum,GB56WGCN65876036690967,2026-02-24," KES 28,310 ",1
PAY-40554,INV-25371,OMC-008,National Oil,GB08NAFX56342160733754,2026-01-10,257312,1
PAY-73720,INV-80932,OMC-003,Rubis Energy,GB04LOQO13315098393010,15/12/2025,171333,1
PAY-96858,INV-34683,OMC-016,KPA Marine,GB31MOOJ96499091334123,2026-01-31,119686,1
PAY-30879,INV-49046,OMC-019,Tanzania Petroleum,GB64OAXE62174596158657,2025-10-16,9394,2
PAY-76687,INV-62168,OMC-003,Rubis Energy,GB04LOQO13315098393010,2026-04-23,130006,1
PAY-56373,INV-16081,OMC-012,Galana Energies,GB89GWUW86379402654235,2026-03-31,56408,2
PAY-16166,INV-71835,OMC-003,Rubis Energy,GB04LOQO13315098393010,2025-10-15,54189,1
PAY-15501,INV-96380,OMC-010,Tamoil,GB34EABH79176936763201,2025-11-17,183748,1
PAY-40238,INV-55457,OMC-011,Hass Petroleum,GB56WGCN65876036690967,2025-08-18,33334,1
PAY-54872,INV-37048,OMC-008,National Oil,GB08NAFX56342160733754,2025-09-03,104422,1
PAY-36848,INV-19703,OMC-002,Vivo Energy,GB45OQIR01845146270482,2025-07-18,251617,1
PAY-73886,INV-18970,OMC-001,TotalEnergies Kenya,GB06DMIO52553419283276,2025-09-26,88669,1
PAY-39317,INV-82313,OMC-017,KAA Aviation,GB54HVSS04902787429671,2026-05-22,57158,1
PAY-75787,INV-82659,OMC-012,Galana Energies,GB89GWUW86379402654235,2026-05-13,84301,2
PAY-31057,INV-14984,OMC-015,Mombasa Petroleum,GB80WOIJ43135182337498,2025-05-25,266483,1
PAY-50283,INV-77733,OMC-019,Tanzania Petroleum,GB64OAXE62174596158657,2026-05-28,25555,1
PAY-15447,INV-98818,OMC-012,Galana Energies,GB89GWUW86379402654235,2026-06-15,50207,1
PAY-11463,INV-35963,OMC-016,KPA Marine,GB31MOOJ96499091334123,2025-07-09,37729,1
PAY-31032,INV-37294,OMC-010,Tamoil,GB34EABH79176936763201,2026-05-08,31726,1
PAY-51455,INV-13879,OMC-010,Tamoil,GB34EABH79176936763201,2026-04-30," KES 65,260 ",1
PAY-24808,INV-49571,OMC-012,Galana Energies,GB89GWUW86379402654235,2026-06-04,12755,2
PAY-84325,INV-50570,OMC-004,Gulf Energy,GB89GWUW86379402654235,2026-06-27,45653,2
PAY-46849,INV-17227,OMC-016,KPA Marine,GB31MOOJ96499091334123,2025-04-08,268112,1
PAY-85717,INV-68161,OMC-003,Rubis Energy,GB04LOQO13315098393010,01/05/2025,35502,1
PAY-18874,INV-21147,OMC-003,Rubis Energy,GB04LOQO13315098393010,2025-05-12,58299,1
PAY-81612,INV-84712,OMC-004,Gulf Energy,GB89GWUW86379402654235,2026-04-18,93769,1
PAY-84733,INV-42476,OMC-009,Dalbit Petroleum,GB53VXXX35615951484656,12/06/2025,47652,1
PAY-59724,INV-10395,OMC-002,Vivo Energy,GB45OQIR01845146270482,2025-12-09,160524,1
PAY-36910,INV-16408,OMC-004,Gulf Energy,GB89GWUW86379402654235,2026-06-22,14759,2
PAY-23484,INV-23899,OMC-002,Vivo Energy,GB45OQIR01845146270482,2026-05-16,31835,1
PAY-13559,INV-22253,OMC-003,Rubis Energy,GB04LOQO13315098393010,2025-08-16,108213,1
PAY-75658,INV-39893,OMC-016,KPA Marine,GB31MOOJ96499091334123,2026-03-11,17069,2
PAY-17111,INV-86005,OMC-018,Uganda National Oil,GB73JRAR61317127484677,2026-06-03,299263,1
PAY-40185,INV-73414,OMC-010,Tamoil,GB34EABH79176936763201,2026-06-08,43712,1
PAY-98293,INV-61885,OMC-014,Texol Energies,GB06ONXS45314737996507,2025-02-08,84177,1
PAY-40785,INV-20482,OMC-002,Vivo Energy,GB45OQIR01845146270482,2025-07-09,117284,1
PAY-17920,INV-95381,OMC-010,Tamoil,GB34EABH79176936763201,2026-03-04,141259,1
PAY-46638,INV-62505,OMC-010,Tamoil,GB34EABH79176936763201,2025-02-07,275785,1
PAY-97331,INV-38857,OMC-015,Mombasa Petroleum,GB80WOIJ43135182337498,2026-03-30,121553,1
PAY-65412,INV-90727,OMC-009,Dalbit Petroleum,GB53VXXX35615951484656,2025-03-30,26028,1
PAY-59702,INV-64573,OMC-002,Vivo Energy,GB45OQIR01845146270482,2025-04-26,22803,2
PAY-49938,INV-72037,OMC-014,Texol Energies,GB06ONXS45314737996507,2026-07-24,13004,2
PAY-28353,INV-71696,OMC-017,KAA Aviation,GB54HVSS04902787429671,2025-09-01,249006,1
PAY-97793,INV-51287,OMC-002,Vivo Energy,GB45OQIR01845146270482,2026-03-19,171662,1
PAY-49529,INV-54513,OMC-016,KPA Marine,GB31MOOJ96499091334123,2026-04-10,268725,1
PAY-40509,INV-63916,OMC-002,Vivo Energy,GB45OQIR01845146270482,2026-02-01,27266,1
PAY-67933,INV-36484,OMC-016,KPA Marine,GB31MOOJ96499091334123,29/07/2026,12293,2
PAY-86132,INV-40601,OMC-017,KAA Aviation,GB54HVSS04902787429671,2025-07-26,27320,1
PAY-32105,INV-11801,OMC-013,Lake Oil,GB88TEHE71937452991241,2026-02-10,62528,1
PAY-52614,INV-50792,OMC-011,Hass Petroleum,GB56WGCN65876036690967,2025-08-22,147272,1
PAY-38252,INV-66533,OMC-019,Tanzania Petroleum,GB64OAXE62174596158657,2026-01-22,88613,1
PAY-36056,INV-33710,OMC-013,Lake Oil,GB88TEHE71937452991241,2026-01-16,21346,1
PAY-44106,INV-20643,OMC-004,Gulf Energy,GB89GWUW86379402654235,2026-04-07,36253,1
PAY-88456,INV-56727,OMC-007,Kobil,GB37IDDX82449353487401,2025-06-20,110972,1
PAY-93746,INV-48449,OMC-013,Lake Oil,GB88TEHE71937452991241,2026-01-19,235496,1
PAY-59118,INV-31885,OMC-008,National Oil,GB08NAFX56342160733754,2025-11-06,24204,1
PAY-98756,INV-56770,OMC-019,Tanzania Petroleum,GB64OAXE62174596158657,2025-04-03,143825,1
PAY-22027,INV-75265,OMC-016,KPA Marine,GB31MOOJ96499091334123,2025-11-16," KES 63,680 ",2
PAY-56068,INV-18028,OMC-010,Tamoil,GB34EABH79176936763201,2025-02-22,35349,1
PAY-82926,INV-84150,OMC-018,Uganda National Oil,GB73JRAR61317127484677,,41076,1
PAY-51247,INV-84413,OMC-013,Lake Oil,GB88TEHE71937452991241,2026-06-16,103583,1
PAY-34041,INV-82102,OMC-005,PetroOil Kenya,GB89GWUW86379402654235,2026-05-15,104776,1
PAY-80062,INV-74776,OMC-003,Rubis Energy,GB04LOQO13315098393010,2026-01-17,22150,2
PAY-33729,INV-13859,OMC-013,Lake Oil,GB88TEHE71937452991241,2025-08-14,54857,1
PAY-50427,INV-26519,OMC-012,Galana Energies,GB89GWUW86379402654235,2026-05-13," KES 218,245 ",1
PAY-31791,INV-74045,OMC-016,KPA Marine,GB31MOOJ96499091334123,2025-08-26,42439,1
PAY-52290,INV-31519,OMC-005,PetroOil Kenya,GB89GWUW86379402654235,2026-04-04,44103,1
PAY-74709,INV-49840,OMC-012,Galana Energies,GB89GWUW86379402654235,2026-05-07,71789,2
PAY-24190,INV-89850,OMC-015,Mombasa Petroleum,GB80WOIJ43135182337498,2025-05-12,50740,1
PAY-83082,INV-63109,OMC-012,Galana Energies,GB89GWUW86379402654235,2026-06-14,126771,2
PAY-21411,INV-34622,OMC-015,Mombasa Petroleum,GB80WOIJ43135182337498,2026-06-21,33001,1
PAY-64625,INV-29234,OMC-008,National Oil,GB08NAFX56342160733754,2026-05-31,211731,1
PAY-71991,INV-10465,OMC-020,Ethiopian Oil,GB08IVAZ74821759464743,2025-05-03,79477,1
PAY-29166,INV-80561,OMC-001,TotalEnergies Kenya,GB06DMIO52553419283276,2025-04-11,157408,1
PAY-77288,INV-20931,OMC-020,Ethiopian Oil,GB08IVAZ74821759464743,2026-06-29,36942,1
PAY-21076,INV-36547,OMC-005,PetroOil Kenya,GB89GWUW86379402654235,2026-04-02," KES 146,437 ",1
PAY-57394,INV-75487,OMC-017,KAA Aviation,GB54HVSS04902787429671,2025-09-19,120543,1
PAY-25597,INV-72323,OMC-006,Hashi Energy,GB05QCFC91361939909169,2026-08-22,23359,1
PAY-13938,INV-29959,OMC-020,Ethiopian Oil,GB08IVAZ74821759464743,2025-05-23,153969,1
PAY-21082,INV-18003,OMC-020,Ethiopian Oil,GB08IVAZ74821759464743,2025-04-25,234980,1
PAY-72670,INV-11420,OMC-001,TotalEnergies Kenya,GB06DMIO52553419283276,2025-03-25,101493,1
PAY-58657,INV-24764,OMC-018,Uganda National Oil,GB73JRAR61317127484677,2026-05-13,123940,1
PAY-24753,INV-29842,OMC-010,Tamoil,GB34EABH79176936763201,2025-06-27,198079,1
PAY-27687,INV-81608,OMC-009,Dalbit Petroleum,GB53VXXX35615951484656,2026-04-14,140604,1
PAY-11275,INV-70757,OMC-004,Gulf Energy,GB89GWUW86379402654235,2026-02-28,20587,1
PAY-47034,INV-84145,OMC-011,Hass Petroleum,GB56WGCN65876036690967,2025-04-30,258711,1
PAY-99707,INV-13864,OMC-007,Kobil,GB37IDDX82449353487401,2026-08-19,22346,2
PAY-79344,INV-41013,OMC-001,TotalEnergies Kenya,GB06DMIO52553419283276,2025-05-05,120793,1
PAY-50469,INV-35989,OMC-010,Tamoil,GB34EABH79176936763201,,34006,1
PAY-88175,INV-44330,OMC-013,Lake Oil,GB88TEHE71937452991241,2026-04-16,61066,1
PAY-87728,INV-70237,OMC-020,Ethiopian Oil,GB08IVAZ74821759464743,2026-08-22,55706,2
PAY-86788,INV-48479,OMC-003,Rubis Energy,GB04LOQO13315098393010,2026-03-25,30106,2
PAY-28570,INV-29993,OMC-007,Kobil,GB37IDDX82449353487401,2026-04-28,227308,1
PAY-26602,INV-16220,OMC-014,Texol Energies,GB06ONXS45314737996507,2025-08-06,119202,1
PAY-56428,INV-36372,OMC-001,TotalEnergies Kenya,GB06DMIO52553419283276,2025-02-27,164153,1
PAY-75068,INV-31966,OMC-003,Rubis Energy,GB04LOQO13315098393010,2025-02-12,57728,1
PAY-72280,INV-68893,OMC-014,Texol Energies,GB06ONXS45314737996507,2025-02-19,253155,1
PAY-89302,INV-52287,OMC-013,Lake Oil,GB88TEHE71937452991241,2025-12-21,169760,1
PAY-40969,INV-39487,OMC-013,Lake Oil,GB88TEHE71937452991241,2025-06-25,156875,1
PAY-19040,INV-80666,OMC-010,Tamoil,GB34EABH79176936763201,2026-01-29,249592,1
PAY-20155,INV-34970,OMC-017,KAA Aviation,GB54HVSS04902787429671,2025-06-23,259850,1
PAY-12077,INV-31344,OMC-010,Tamoil,GB34EABH79176936763201,02/03/2025,55533,1
PAY-88606,INV-23127,OMC-010,Tamoil,GB34EABH79176936763201,2025-04-13,117494,2
PAY-36475,INV-60725,OMC-006,Hashi Energy,GB05QCFC91361939909169,2025-12-25,33737,1
PAY-80005,INV-65208,OMC-013,Lake Oil,GB88TEHE71937452991241,2025-06-09,128389,1
PAY-22236,INV-71711,OMC-001,TotalEnergies Kenya,GB06DMIO52553419283276,20/07/2026,41767,1
PAY-88151,INV-98748,OMC-005,PetroOil Kenya,GB89GWUW86379402654235,2026-04-07,29639,1
PAY-40048,INV-24463,OMC-015,Mombasa Petroleum,GB80WOIJ43135182337498,2026-06-02,157217,1
PAY-55418,INV-90457,OMC-013,Lake Oil,GB88TEHE71937452991241,2026-02-18,132880,1
PAY-90409,INV-80830,OMC-019,Tanzania Petroleum,GB64OAXE62174596158657,2025-10-07,267181,1
PAY-67147,INV-55492,OMC-020,Ethiopian Oil,GB08IVAZ74821759464743,2026-03-06,283344,1
PAY-53090,INV-84599,OMC-020,Ethiopian Oil,GB08IVAZ74821759464743,2025-10-12,25025,1
PAY-73164,INV-33630,OMC-004,Gulf Energy,GB89GWUW86379402654235,2026-05-27,55713,1
PAY-30905,INV-50039,OMC-007,Kobil,GB37IDDX82449353487401,2026-08-09,189428,1
PAY-43502,INV-75201,OMC-006,Hashi Energy,GB05QCFC91361939909169,2025-03-11,49099,1
PAY-88168,INV-13247,OMC-006,Hashi Energy,GB05QCFC91361939909169,2026-08-01,143810,1
PAY-77501,INV-88489,OMC-006,Hashi Energy,GB05QCFC91361939909169,2026-04-26,201293,1
PAY-23358,INV-21438,OMC-007,Kobil,GB37IDDX82449353487401,2025-04-03,40609,1
PAY-95439,INV-83275,OMC-002,Vivo Energy,GB45OQIR01845146270482,2025-03-31,32264,1
PAY-17853,INV-67999,OMC-007,Kobil,GB37IDDX82449353487401,2025-08-19,39098,1
PAY-41611,INV-24789,OMC-005,PetroOil Kenya,GB89GWUW86379402654235,2026-06-08,17896,2
PAY-32306,INV-31764,OMC-001,TotalEnergies Kenya,GB06DMIO52553419283276,2025-04-16,28296,2
PAY-89775,INV-23237,OMC-014,Texol Energies,GB06ONXS45314737996507,2026-04-30,62512,1
PAY-76392,INV-16328,OMC-017,KAA Aviation,GB54HVSS04902787429671,2026-05-21,233347,1
PAY-21496,INV-81886,OMC-006,Hashi Energy,GB05QCFC91361939909169,2026-01-12,24059,1
PAY-47285,INV-85841,OMC-014,Texol Energies,GB06ONXS45314737996507,2026-04-30,236873,1
PAY-23115,INV-42682,OMC-017,KAA Aviation,GB54HVSS04902787429671,2025-10-09,36266,1
PAY-30222,INV-77972,OMC-001,TotalEnergies Kenya,GB06DMIO52553419283276,06/04/2026,251728,1
PAY-78504,INV-55008,OMC-015,Mombasa Petroleum,GB80WOIJ43135182337498,2025-07-03,49940,1
PAY-21791,INV-64831,OMC-004,Gulf Energy,GB89GWUW86379402654235,2026-04-24,40860,1
PAY-16349,INV-96686,OMC-014,Texol Energies,GB06ONXS45314737996507,2026-04-05,183588,1
PAY-64102,INV-87499,OMC-017,KAA Aviation,GB54HVSS04902787429671,07/07/2026,28619,1
PAY-11235,INV-54972,OMC-004,Gulf Energy,GB89GWUW86379402654235,24/04/2026,206011,1
PAY-87564,INV-31589,OMC-002,Vivo Energy,GB45OQIR01845146270482,25/01/2026,242929,1
PAY-59651,INV-95859,OMC-005,PetroOil Kenya,GB89GWUW86379402654235,2026-07-18,7342,2
PAY-46842,INV-13734,OMC-006,Hashi Energy,GB05QCFC91361939909169,2026-01-18," KES 189,629 ",1
PAY-89918,INV-45301,OMC-012,Galana Energies,GB89GWUW86379402654235,2026-06-19,13963,2
PAY-54340,INV-90978,OMC-017,KAA Aviation,GB54HVSS04902787429671,2025-11-18,155300,1
PAY-35365,INV-49318,OMC-006,Hashi Energy,GB05QCFC91361939909169,2025-11-07,42287,1
PAY-85173,INV-67714,OMC-004,Gulf Energy,GB89GWUW86379402654235,2026-05-20,39725,1
PAY-95789,INV-14557,OMC-004,Gulf Energy,GB89GWUW86379402654235,2026-05-01,99277,1
PAY-27645,INV-22155,OMC-004,Gulf Energy,GB89GWUW86379402654235,2026-05-31,20767,2
PAY-48176,INV-30180,OMC-017,KAA Aviation,GB54HVSS04902787429671,2026-01-04,60430,1
PAY-35896,INV-20424,OMC-007,Kobil,GB37IDDX82449353487401,2025-03-21,101987,1
PAY-82306,INV-64417,OMC-020,Ethiopian Oil,GB08IVAZ74821759464743,2026-05-22," KES 162,953 ",1
PAY-13365,INV-42676,OMC-013,Lake Oil,GB88TEHE71937452991241,2025-05-31,48059,1
PAY-76589,INV-24853,OMC-001,TotalEnergies Kenya,GB06DMIO52553419283276,2025-10-29,75041,2
PAY-57074,INV-13721,OMC-015,Mombasa Petroleum,GB80WOIJ43135182337498,2026-03-03,165282,1
PAY-77410,INV-45182,OMC-016,KPA Marine,GB31MOOJ96499091334123,2025-11-08,18677,1
PAY-53396,INV-80621,OMC-016,KPA Marine,GB31MOOJ96499091334123,2026-02-25,113453,2
PAY-13687,INV-95755,OMC-020,Ethiopian Oil,GB08IVAZ74821759464743,2025-05-11,171636,1
PAY-49043,INV-66717,OMC-014,Texol Energies,GB06ONXS45314737996507,2025-11-09,24163,2
PAY-35105,INV-86721,OMC-017,KAA Aviation,GB54HVSS04902787429671,2026-03-05," KES 240,331 ",1
PAY-76239,INV-87700,OMC-008,National Oil,GB08NAFX56342160733754,2026-08-22,16422,1
PAY-73799,INV-55282,OMC-012,Galana Energies,GB89GWUW86379402654235,2026-06-11,24583,2
PAY-74610,INV-95812,OMC-017,KAA Aviation,GB54HVSS04902787429671,2025-08-04,170807,1
PAY-50781,INV-74039,OMC-010,Tamoil,GB34EABH79176936763201,2025-11-10,98276,1
PAY-20808,INV-61161,OMC-011,Hass Petroleum,GB56WGCN65876036690967,2025-03-23,16275,1
PAY-51757,INV-48954,OMC-012,Galana Energies,GB89GWUW86379402654235,2026-05-21,62776,2
PAY-82456,INV-91860,OMC-011,Hass Petroleum,GB56WGCN65876036690967,2025-05-12,129328,1
PAY-35662,INV-21771,OMC-004,Gulf Energy,GB89GWUW86379402654235,,79367,1
PAY-62375,INV-72632,OMC-013,Lake Oil,GB88TEHE71937452991241,2026-03-29,76742,1
PAY-63093,INV-55688,OMC-018,Uganda National Oil,GB73JRAR61317127484677,2026-07-07,178429,1
PAY-80274,INV-76647,OMC-010,Tamoil,GB34EABH79176936763201,2025-09-20,227004,1
PAY-43394,INV-52810,OMC-006,Hashi Energy,GB05QCFC91361939909169,2025-02-03,125333,1
PAY-93782,INV-17010,OMC-006,Hashi Energy,GB05QCFC91361939909169,2026-06-12,33369,1
PAY-14010,INV-64163,OMC-002,Vivo Energy,GB45OQIR01845146270482,2025-11-16,54026,1
PAY-55044,INV-34031,OMC-005,PetroOil Kenya,GB89GWUW86379402654235,2026-05-15,118998,1
PAY-15316,INV-84388,OMC-012,Galana Energies,GB89GWUW86379402654235,2026-04-29,58697,1
PAY-23377,INV-96085,OMC-014,Texol Energies,GB06ONXS45314737996507,2026-06-01,208903,1
PAY-78950,INV-63857,OMC-018,Uganda National Oil,GB73JRAR61317127484677,2025-03-26,206033,1
PAY-33843,INV-15379,OMC-001,TotalEnergies Kenya,GB06DMIO52553419283276,2026-03-10,56510,2
PAY-29819,INV-26679,OMC-003,Rubis Energy,GB04LOQO13315098393010,2026-07-23,261163,1
PAY-51830,INV-51371,OMC-017,KAA Aviation,GB54HVSS04902787429671,2026-03-06,164148,1
PAY-92086,INV-75989,OMC-020,Ethiopian Oil,GB08IVAZ74821759464743,2026-02-04,55024,1
PAY-21366,INV-53434,OMC-003,Rubis Energy,GB04LOQO13315098393010,2026-08-31,149348,1
PAY-30452,INV-74407,OMC-003,Rubis Energy,GB04LOQO13315098393010,2025-09-23,47339,1
PAY-72933,INV-86327,OMC-010,Tamoil,GB34EABH79176936763201,2025-12-05,67508,1
PAY-78071,INV-82119,OMC-002,Vivo Energy,GB45OQIR01845146270482,2026-06-10,61818,1
PAY-25321,INV-32298,OMC-002,Vivo Energy,GB45OQIR01845146270482,2026-08-09,23186,1
PAY-96699,INV-66560,OMC-006,Hashi Energy,GB05QCFC91361939909169,2026-04-13,191294,1
PAY-48130,INV-58986,OMC-008,National Oil,GB08NAFX56342160733754,2025-05-19,191115,1
PAY-24463,INV-53659,OMC-019,Tanzania Petroleum,GB64OAXE62174596158657,2026-07-20,28784,1
PAY-69581,INV-32898,OMC-017,KAA Aviation,GB54HVSS04902787429671,2026-07-03,100306,1
PAY-95964,INV-61324,OMC-016,KPA Marine,GB31MOOJ96499091334123,2025-04-21,122678,1
PAY-69026,INV-26859,OMC-006,Hashi Energy,GB05QCFC91361939909169,27/02/2026,203327,1
PAY-20666,INV-48575,OMC-018,Uganda National Oil,GB73JRAR61317127484677,2025-06-19,121420,1
PAY-60305,INV-45985,OMC-014,Texol Energies,GB06ONXS45314737996507,2026-02-24,162232,1
PAY-96968,INV-10988,OMC-010,Tamoil,GB34EABH79176936763201,2026-04-16,24463,1
PAY-76411,INV-70510,OMC-018,Uganda National Oil,GB73JRAR61317127484677,2026-05-01,39742,2
PAY-93855,INV-36922,OMC-012,Galana Energies,GB89GWUW86379402654235,2026-04-09,117903,1
PAY-60095,INV-68571,OMC-010,Tamoil,GB34EABH79176936763201,2025-09-23,35399,1
PAY-16776,INV-68098,OMC-005,PetroOil Kenya,GB89GWUW86379402654235,2026-05-06,193620,1
PAY-57869,INV-93930,OMC-017,KAA Aviation,GB54HVSS04902787429671,2026-06-25,128465,1
PAY-89571,INV-64676,OMC-011,Hass Petroleum,GB56WGCN65876036690967,2026-07-03," KES 133,806 ",1
PAY-35211,INV-90409,OMC-012,Galana Energies,GB89GWUW86379402654235,2026-04-23,24546,2
PAY-18601,INV-39019,OMC-009,Dalbit Petroleum,GB53VXXX35615951484656,2026-03-20,24565,1
PAY-60721,INV-24863,OMC-013,Lake Oil,GB88TEHE71937452991241,2025-11-24,21655,1
PAY-53357,INV-74712,OMC-018,Uganda National Oil,GB73JRAR61317127484677,2026-03-25,113616,1
PAY-82999,INV-27146,OMC-020,Ethiopian Oil,GB08IVAZ74821759464743,2025-07-21,267761,1
PAY-46593,INV-95547,OMC-001,TotalEnergies Kenya,GB06DMIO52553419283276,2025-06-03,34495,2
PAY-79657,INV-29668,OMC-009,Dalbit Petroleum,GB53VXXX35615951484656,2025-09-10,114148,1
PAY-50379,INV-41369,OMC-005,PetroOil Kenya,GB89GWUW86379402654235,2026-05-23,171492,1
PAY-32691,INV-95457,OMC-017,KAA Aviation,GB54HVSS04902787429671,2025-05-09,257453,1
PAY-56536,INV-49707,OMC-002,Vivo Energy,GB45OQIR01845146270482,2026-01-21,20836,2
PAY-52181,INV-59401,OMC-011,Hass Petroleum,GB56WGCN65876036690967,2025-04-12,65467,2
PAY-79977,INV-79201,OMC-008,National Oil,GB08NAFX56342160733754,2025-12-21,233781,1
PAY-84397,INV-40038,OMC-012,Galana Energies,GB89GWUW86379402654235,03/05/2026,32483,1
PAY-78881,INV-91849,OMC-003,Rubis Energy,GB04LOQO13315098393010,2026-04-28,179623,1
PAY-90559,INV-50926,OMC-005,PetroOil Kenya,GB89GWUW86379402654235,2026-05-16,106319,2
PAY-66926,INV-97717,OMC-006,Hashi Energy,GB05QCFC91361939909169,2025-12-24,229398,1
PAY-63330,INV-48027,OMC-002,Vivo Energy,GB45OQIR01845146270482,2025-04-23,56311,1
PAY-30711,INV-44515,OMC-010,Tamoil,GB34EABH79176936763201,,166636,1
PAY-94560,INV-54581,OMC-017,KAA Aviation,GB54HVSS04902787429671,2025-09-06,25448,1
PAY-59773,INV-46855,OMC-004,Gulf Energy,GB89GWUW86379402654235,2026-06-02,28752,1
PAY-61836,INV-38986,OMC-012,Galana Energies,GB89GWUW86379402654235,2026-06-23,20335,2
PAY-98491,INV-23664,OMC-007,Kobil,GB37IDDX82449353487401,2025-03-14,33550,1
PAY-50663,INV-88794,OMC-013,Lake Oil,GB88TEHE71937452991241,2025-04-09," KES 57,616 ",1
PAY-92497,INV-83882,OMC-018,Uganda National Oil,GB73JRAR61317127484677,2026-04-05,125903,1
PAY-90505,INV-18882,OMC-010,Tamoil,GB34EABH79176936763201,2025-02-26,21942,1
PAY-56852,INV-98584,OMC-004,Gulf Energy,GB89GWUW86379402654235,2026-06-04,299275,1
PAY-69497,INV-35368,OMC-019,Tanzania Petroleum,GB64OAXE62174596158657,2025-05-26,75063,2
PAY-66300,INV-74335,OMC-020,Ethiopian Oil,GB08IVAZ74821759464743,2025-12-24,24503,1
PAY-33408,INV-30463,OMC-019,Tanzania Petroleum,GB64OAXE62174596158657,2026-01-25,99105,1
PAY-48516,INV-92195,OMC-013,Lake Oil,GB88TEHE71937452991241,2026-01-25,193785,1
PAY-43967,INV-54304,OMC-001,TotalEnergies Kenya,GB06DMIO52553419283276,2025-02-13,118274,1
PAY-47113,INV-32423,OMC-016,KPA Marine,GB31MOOJ96499091334123,2025-11-10,97894,2
PAY-20654,INV-20392,OMC-019,Tanzania Petroleum,GB64OAXE62174596158657,17/07/2026,198221,1
PAY-40917,INV-56853,OMC-010,Tamoil,GB34EABH79176936763201,2025-11-08,202160,1
PAY-35023,INV-48794,OMC-009,Dalbit Petroleum,GB53VXXX35615951484656,2026-01-21,167127,1
PAY-99179,INV-68381,OMC-016,KPA Marine,GB31MOOJ96499091334123,2026-05-18,35154,2
PAY-10602,INV-14539,OMC-016,KPA Marine,GB31MOOJ96499091334123,2026-02-03,246392,1
PAY-20545,INV-33737,OMC-006,Hashi Energy,GB05QCFC91361939909169,2026-06-02,26578,1
PAY-81889,INV-28245,OMC-005,PetroOil Kenya,GB89GWUW86379402654235,2026-06-11,14933,2
PAY-66809,INV-98292,OMC-002,Vivo Energy,GB45OQIR01845146270482,2026-06-05,50599,1
PAY-43842,INV-74032,OMC-005,PetroOil Kenya,GB89GWUW86379402654235,2026-05-22,148679,1
PAY-34247,INV-68409,OMC-001,TotalEnergies Kenya,GB06DMIO52553419283276,2026-03-22,33296,1
PAY-53682,INV-51195,OMC-020,Ethiopian Oil,GB08IVAZ74821759464743,2026-06-04,270146,1
PAY-26570,INV-33306,OMC-013,Lake Oil,GB88TEHE71937452991241,2026-03-13,132071,1
PAY-57216,INV-13343,OMC-019,Tanzania Petroleum,GB64OAXE62174596158657,29/05/2025,68069,2
PAY-10384,INV-53916,OMC-013,Lake Oil,GB88TEHE71937452991241,2026-04-14,117651,1
PAY-50568,INV-27891,OMC-003,Rubis Energy,GB04LOQO13315098393010,2026-05-19,25545,1
PAY-45718,INV-47661,OMC-017,KAA Aviation,GB54HVSS04902787429671,2025-07-26,211409,1
PAY-71352,INV-45868,OMC-014,Texol Energies,GB06ONXS45314737996507,2026-04-09,65429,2
PAY-23871,INV-76139,OMC-004,Gulf Energy,GB89GWUW86379402654235,2026-04-21,13691,2
PAY-48268,INV-71020,OMC-013,Lake Oil,GB88TEHE71937452991241,2025-01-30,23587,1
PAY-55288,INV-19523,OMC-017,KAA Aviation,GB54HVSS04902787429671,2026-05-17,38914,1
PAY-36506,INV-46572,OMC-020,Ethiopian Oil,GB08IVAZ74821759464743,2026-07-09," KES 28,449 ",1
PAY-62698,INV-73807,OMC-014,Texol Energies,GB06ONXS45314737996507,2025-06-09,161025,1
PAY-21493,INV-46934,OMC-011,Hass Petroleum,GB56WGCN65876036690967,2026-06-02,43178,1
PAY-34257,INV-59063,OMC-012,Galana Energies,GB89GWUW86379402654235,2026-05-07,187890,1
PAY-23547,INV-96908,OMC-013,Lake Oil,GB88TEHE71937452991241,2025-03-28,210253,1
PAY-44870,INV-73225,OMC-016,KPA Marine,GB31MOOJ96499091334123,2025-09-13,22922,1
PAY-67752,INV-26011,OMC-002,Vivo Energy,GB45OQIR01845146270482,2026-07-31,109105,1
PAY-39958,INV-48819,OMC-017,KAA Aviation,GB54HVSS04902787429671,2026-02-12,114874,1
PAY-47767,INV-13374,OMC-013,Lake Oil,GB88TEHE71937452991241,2025-09-25,257177,1
PAY-23034,INV-95837,OMC-020,Ethiopian Oil,GB08IVAZ74821759464743,20/02/2025,119983,1
PAY-81309,INV-86588,OMC-020,Ethiopian Oil,GB08IVAZ74821759464743,2025-08-27,73963,1
PAY-70441,INV-62577,OMC-017,KAA Aviation,GB54HVSS04902787429671,2026-02-13,38477,1
PAY-15770,INV-54203,OMC-012,Galana Energies,GB89GWUW86379402654235,2026-03-05," KES 152,902 ",1
PAY-64793,INV-46966,OMC-001,TotalEnergies Kenya,GB06DMIO52553419283276,,196941,1
PAY-11871,INV-98407,OMC-002,Vivo Energy,GB45OQIR01845146270482,2025-08-03,47324,1
PAY-71986,INV-84518,OMC-018,Uganda National Oil,GB73JRAR61317127484677,2026-05-23,24149,1
PAY-85361,INV-21606,OMC-002,Vivo Energy,GB45OQIR01845146270482,2026-07-20,44159,1
PAY-25035,INV-37815,OMC-017,KAA Aviation,GB54HVSS04902787429671,2026-07-25,65240,1
PAY-61085,INV-86604,OMC-007,Kobil,GB37IDDX82449353487401,2026-02-23,181781,1
PAY-22851,INV-85468,OMC-008,National Oil,GB08NAFX56342160733754,2025-12-14," KES 97,492 ",1
PAY-78661,INV-49158,OMC-009,Dalbit Petroleum,GB53VXXX35615951484656,2025-12-02,192228,1
PAY-74291,INV-23195,OMC-007,Kobil,GB37IDDX82449353487401,2025-12-13,104380,1
PAY-28502,INV-76826,OMC-010,Tamoil,GB34EABH79176936763201,2025-07-27," KES 106,115 ",1
PAY-73456,INV-74641,OMC-017,KAA Aviation,GB54HVSS04902787429671,2025-02-08," KES 270,691 ",1
PAY-92139,INV-77202,OMC-020,Ethiopian Oil,GB08IVAZ74821759464743,2025-12-15," KES 30,408 ",1
PAY-17270,INV-68476,OMC-014,Texol Energies,GB06ONXS45314737996507,2025-04-03,30590,2
PAY-49600,INV-24843,OMC-010,Tamoil,GB34EABH79176936763201,2025-10-03,77514,1
PAY-78931,INV-88189,OMC-003,Rubis Energy,GB04LOQO13315098393010,2026-05-16,26345,1
PAY-63626,INV-53138,OMC-020,Ethiopian Oil,GB08IVAZ74821759464743,2025-08-14,12638,2
PAY-47853,INV-57193,OMC-014,Texol Energies,GB06ONXS45314737996507,2026-02-25,105962,1
PAY-30274,INV-61051,OMC-005,PetroOil Kenya,GB89GWUW86379402654235,2026-04-23,137376,1
PAY-14802,INV-84243,OMC-002,Vivo Energy,GB45OQIR01845146270482,2026-05-30,61277,1
PAY-40066,INV-78836,OMC-019,Tanzania Petroleum,GB64OAXE62174596158657,2025-04-14,144465,1
PAY-59340,INV-65901,OMC-007,Kobil,GB37IDDX82449353487401,2026-04-08,211047,1
PAY-44071,INV-70510,OMC-018,Uganda National Oil,GB73JRAR61317127484677,07/04/2026,115048,1
PAY-31175,INV-40557,OMC-019,Tanzania Petroleum,GB64OAXE62174596158657,2025-04-11,197883,1
PAY-26287,INV-20710,OMC-010,Tamoil,GB34EABH79176936763201,2025-12-22,48876,1
PAY-95259,INV-79023,OMC-002,Vivo Energy,GB45OQIR01845146270482,2025-12-05,140594,1
PAY-99394,INV-53914,OMC-011,Hass Petroleum,GB56WGCN65876036690967,2026-06-14,50993,1
PAY-32057,INV-15815,OMC-012,Galana Energies,GB89GWUW86379402654235,2026-06-08,16854,1
PAY-54093,INV-15734,OMC-016,KPA Marine,GB31MOOJ96499091334123,2025-07-17,33790,1
PAY-13722,INV-18652,OMC-002,Vivo Energy,GB45OQIR01845146270482,2025-09-07,195866,1
PAY-20773,INV-55690,OMC-008,National Oil,GB08NAFX56342160733754,2025-04-11," KES 186,903 ",1
PAY-43922,INV-42724,OMC-009,Dalbit Petroleum,GB53VXXX35615951484656,2026-03-13,165041,1
PAY-67622,INV-90854,OMC-009,Dalbit Petroleum,GB53VXXX35615951484656,2025-10-29,81498,1
PAY-74908,INV-83136,OMC-007,Kobil,GB37IDDX82449353487401,2025-04-27,51543,1
PAY-39705,INV-84948,OMC-018,Uganda National Oil,GB73JRAR61317127484677,2025-08-14,196518,1
PAY-90297,INV-80312,OMC-013,Lake Oil,GB88TEHE71937452991241,2025-01-27,204510,1
PAY-36132,INV-39859,OMC-014,Texol Energies,GB06ONXS45314737996507,2025-05-05,51108,1
PAY-59795,INV-95830,OMC-011,Hass Petroleum,GB56WGCN65876036690967,03/04/2025,104563,1
PAY-21831,INV-63334,OMC-012,Galana Energies,GB89GWUW86379402654235,2026-03-26,119864,1
PAY-70871,INV-74531,OMC-009,Dalbit Petroleum,GB53VXXX35615951484656,2025-05-17,50401,1
PAY-86808,INV-62805,OMC-012,Galana Energies,GB89GWUW86379402654235,2026-03-19,136047,1
PAY-90651,INV-66719,OMC-006,Hashi Energy,GB05QCFC91361939909169,2026-01-29,271119,1
PAY-13095,INV-72336,OMC-014,Texol Energies,GB06ONXS45314737996507,2026-02-25,29483,1
PAY-95876,INV-47667,OMC-005,PetroOil Kenya,GB89GWUW86379402654235,2026-05-21,33339,1
PAY-31735,INV-43480,OMC-010,Tamoil,GB34EABH79176936763201,2025-09-15,194312,1
PAY-92276,INV-37845,OMC-008,National Oil,GB08NAFX56342160733754,2025-10-09,97919,1
PAY-65489,INV-30584,OMC-006,Hashi Energy,GB05QCFC91361939909169,2026-01-04,53075,2
PAY-48542,INV-48623,OMC-016,KPA Marine,GB31MOOJ96499091334123,2025-10-30,190469,1
PAY-77702,INV-71994,OMC-009,Dalbit Petroleum,GB53VXXX35615951484656,2025-09-25,118188,2
PAY-50094,INV-56633,OMC-011,Hass Petroleum,GB56WGCN65876036690967,2026-05-17,48117,1
PAY-49669,INV-31435,OMC-001,TotalEnergies Kenya,GB06DMIO52553419283276,2025-03-25,69198,1
PAY-35412,INV-34002,OMC-003,Rubis Energy,GB04LOQO13315098393010,2026-01-12,136452,1
PAY-44988,INV-13393,OMC-010,Tamoil,GB34EABH79176936763201,2025-01-31,22606,1
PAY-95205,INV-91216,OMC-019,Tanzania Petroleum,GB64OAXE62174596158657,2026-03-23," KES 31,792 ",1
PAY-86454,INV-32369,OMC-006,Hashi Energy,GB05QCFC91361939909169,2025-10-09,45338,1
PAY-42074,INV-35144,OMC-005,PetroOil Kenya,GB89GWUW86379402654235,2026-04-03,16282,1
PAY-66131,INV-41012,OMC-010,Tamoil,GB34EABH79176936763201,2026-07-24,48576,2
PAY-87725,INV-17253,OMC-019,Tanzania Petroleum,GB64OAXE62174596158657,2025-06-14,170868,1
PAY-73754,INV-27734,OMC-006,Hashi Energy,GB05QCFC91361939909169,2026-02-20,164159,1
PAY-81981,INV-52721,OMC-008,National Oil,GB08NAFX56342160733754,2026-05-26,146913,1
PAY-41086,INV-55934,OMC-007,Kobil,GB37IDDX82449353487401,2025-06-05,88470,1
PAY-57138,INV-17026,OMC-019,Tanzania Petroleum,GB64OAXE62174596158657,2026-04-17,27684,1
PAY-85243,INV-84998,OMC-009,Dalbit Petroleum,GB53VXXX35615951484656,2025-03-03,39055,1
PAY-85353,INV-22725,OMC-001,TotalEnergies Kenya,GB06DMIO52553419283276,2025-07-14,78138,1
PAY-41425,INV-79455,OMC-018,Uganda National Oil,GB73JRAR61317127484677,2025-04-27,80281,2
PAY-53443,INV-61640,OMC-005,PetroOil Kenya,GB89GWUW86379402654235,2026-05-13,134985,1
PAY-66636,INV-70184,OMC-010,Tamoil,GB34EABH79176936763201,2025-03-03,167614,1
PAY-57080,INV-30054,OMC-007,Kobil,GB37IDDX82449353487401,2026-02-12,68869,1
PAY-60548,INV-70064,OMC-017,KAA Aviation,GB54HVSS04902787429671,2026-01-27,222236,1
PAY-40652,INV-25701,OMC-015,Mombasa Petroleum,GB80WOIJ43135182337498,2025-10-24,254933,1
PAY-72842,INV-12246,OMC-015,Mombasa Petroleum,GB80WOIJ43135182337498,2025-06-15,129132,1
PAY-71113,INV-58076,OMC-003,Rubis Energy,GB04LOQO13315098393010,2025-11-12,21224,1
PAY-70684,INV-70955,OMC-005,PetroOil Kenya,GB89GWUW86379402654235,2026-05-30,52570,2
PAY-70812,INV-45451,OMC-001,TotalEnergies Kenya,GB06DMIO52553419283276,2025-12-18,47088,2
PAY-25591,INV-35411,OMC-008,National Oil,GB08NAFX56342160733754,2025-08-04,130245,1
PAY-48108,INV-18648,OMC-001,TotalEnergies Kenya,GB06DMIO52553419283276,2025-11-24,146797,1
PAY-28862,INV-49032,OMC-010,Tamoil,GB34EABH79176936763201,2025-10-28,28216,2
PAY-94758,INV-31395,OMC-007,Kobil,GB37IDDX82449353487401,2026-05-31,52226,1
PAY-20127,INV-70260,OMC-007,Kobil,GB37IDDX82449353487401,2026-01-21,153218,1
PAY-22147,INV-37245,OMC-007,Kobil,GB37IDDX82449353487401,2025-04-17," KES 28,776 ",1
PAY-59342,INV-96779,OMC-009,Dalbit Petroleum,GB53VXXX35615951484656,2026-03-23,128137,1
PAY-19586,INV-60455,OMC-010,Tamoil,GB34EABH79176936763201,2026-02-19,252027,1
PAY-93421,INV-76833,OMC-016,KPA Marine,GB31MOOJ96499091334123,2025-03-13,50715,1
PAY-79816,INV-98805,OMC-016,KPA Marine,GB31MOOJ96499091334123,2026-03-17,68451,2
PAY-59590,INV-67573,OMC-014,Texol Energies,GB06ONXS45314737996507,2025-12-26,15309,2
PAY-64279,INV-45954,OMC-015,Mombasa Petroleum,GB80WOIJ43135182337498,2025-11-13,189234,1
PAY-71675,INV-45498,OMC-016,KPA Marine,GB31MOOJ96499091334123,2026-04-16,47729,1
PAY-45048,INV-41720,OMC-009,Dalbit Petroleum,GB53VXXX35615951484656,2025-05-08,19898,1
PAY-11347,INV-45033,OMC-017,KAA Aviation,GB54HVSS04902787429671,2025-05-08,23738,1
PAY-98184,INV-28929,OMC-014,Texol Energies,GB06ONXS45314737996507,2026-03-22,92264,2
PAY-90521,INV-46018,OMC-013,Lake Oil,GB88TEHE71937452991241,2026-03-24,220611,1
PAY-73650,INV-58448,OMC-016,KPA Marine,GB31MOOJ96499091334123,,68203,2
PAY-80658,INV-28197,OMC-003,Rubis Energy,GB04LOQO13315098393010,2025-10-29,108324,1
PAY-54279,INV-71123,OMC-016,KPA Marine,GB31MOOJ96499091334123,2026-02-19,23109,1
PAY-46676,INV-86172,OMC-014,Texol Energies,GB06ONXS45314737996507,,104738,1
PAY-64045,INV-99072,OMC-002,Vivo Energy,GB45OQIR01845146270482,08/09/2025," KES 29,717 ",1
PAY-82935,INV-21657,OMC-006,Hashi Energy,GB05QCFC91361939909169,2026-02-26,49241,1
PAY-24706,INV-67515,OMC-001,TotalEnergies Kenya,GB06DMIO52553419283276,2025-02-09,226384,1
PAY-28774,INV-82303,OMC-003,Rubis Energy,GB04LOQO13315098393010,2026-05-28,244789,1
PAY-18142,INV-57411,OMC-001,TotalEnergies Kenya,GB06DMIO52553419283276,2025-12-25,114937,1
PAY-23826,INV-14691,OMC-014,Texol Energies,GB06ONXS45314737996507,2026-04-07,20429,2
PAY-43095,INV-79982,OMC-016,KPA Marine,GB31MOOJ96499091334123,2025-03-15,27555,2
PAY-39576,INV-46315,OMC-003,Rubis Energy,GB04LOQO13315098393010,2025-04-11,28234,1
PAY-12113,INV-15377,OMC-003,Rubis Energy,GB04LOQO13315098393010,2025-03-16,96402,1
PAY-87204,INV-45845,OMC-017,KAA Aviation,GB54HVSS04902787429671,2026-06-11,50880,1
PAY-45437,INV-47372,OMC-005,PetroOil Kenya,GB89GWUW86379402654235,2026-05-24,10373,2
PAY-90433,INV-16906,OMC-010,Tamoil,GB34EABH79176936763201,2025-08-05,135237,1
PAY-66738,INV-83351,OMC-016,KPA Marine,GB31MOOJ96499091334123,2026-06-14,252631,1
PAY-69342,INV-34437,OMC-001,TotalEnergies Kenya,GB06DMIO52553419283276,2025-09-18,10618,2
PAY-23824,INV-29229,OMC-010,Tamoil,GB34EABH79176936763201,2026-03-05,52893,1
PAY-98424,INV-12085,OMC-015,Mombasa Petroleum,GB80WOIJ43135182337498,2025-08-08,234681,1
PAY-42907,INV-30945,OMC-001,TotalEnergies Kenya,GB06DMIO52553419283276,2025-03-04,64490,2
PAY-15295,INV-74272,OMC-012,Galana Energies,GB89GWUW86379402654235,20/05/2026,29619,1
PAY-90537,INV-20994,OMC-009,Dalbit Petroleum,GB53VXXX35615951484656,2025-04-29,244453,1
PAY-48952,INV-46789,OMC-017,KAA Aviation,GB54HVSS04902787429671,2025-05-26,71434,1
PAY-71900,INV-22729,OMC-012,Galana Energies,GB89GWUW86379402654235,2026-06-21,127020,1
PAY-11113,INV-59947,OMC-019,Tanzania Petroleum,GB64OAXE62174596158657,2025-04-15,106799,1
PAY-25955,INV-28632,OMC-009,Dalbit Petroleum,GB53VXXX35615951484656,2025-06-29,16209,2
PAY-56821,INV-85467,OMC-020,Ethiopian Oil,GB08IVAZ74821759464743,2026-06-15,215404,1
PAY-37897,INV-27514,OMC-012,Galana Energies,GB89GWUW86379402654235,28/04/2026,219391,1
PAY-55361,INV-54564,OMC-003,Rubis Energy,GB04LOQO13315098393010,2025-09-19,114664,1
PAY-66621,INV-77650,OMC-019,Tanzania Petroleum,GB64OAXE62174596158657,2025-05-31,258659,1
PAY-46229,INV-38122,OMC-012,Galana Energies,GB89GWUW86379402654235,2026-06-18,113079,1
PAY-30893,INV-53071,OMC-011,Hass Petroleum,GB56WGCN65876036690967,2025-10-03,176916,1
PAY-52298,INV-36578,OMC-008,National Oil,GB08NAFX56342160733754,2025-06-03,193815,1
PAY-25837,INV-57352,OMC-007,Kobil,GB37IDDX82449353487401,2026-03-24,15730,1
PAY-16358,INV-11693,OMC-007,Kobil,GB37IDDX82449353487401,2026-02-17,71125,1
PAY-46087,INV-62437,OMC-006,Hashi Energy,GB05QCFC91361939909169,2026-07-31,43471,1
PAY-21478,INV-90893,OMC-002,Vivo Energy,GB45OQIR01845146270482,2025-08-04,263383,1
PAY-32667,INV-54972,OMC-004,Gulf Energy,GB89GWUW86379402654235,2026-05-18,89116,2
PAY-48655,INV-92614,OMC-005,PetroOil Kenya,GB89GWUW86379402654235,2026-05-28,25506,2
PAY-50660,INV-74067,OMC-009,Dalbit Petroleum,GB53VXXX35615951484656,2025-07-14,193748,1
PAY-55312,INV-94261,OMC-001,TotalEnergies Kenya,GB06DMIO52553419283276,2025-09-07,104015,1
PAY-64763,INV-15885,OMC-018,Uganda National Oil,GB73JRAR61317127484677,2026-04-23,120814,1
PAY-55668,INV-10087,OMC-020,Ethiopian Oil,GB08IVAZ74821759464743,2025-11-01,14236,1
PAY-83200,INV-93651,OMC-019,Tanzania Petroleum,GB64OAXE62174596158657,2025-04-18,29131,1
PAY-28939,INV-86051,OMC-006,Hashi Energy,GB05QCFC91361939909169,,195623,1
PAY-37748,INV-53312,OMC-005,PetroOil Kenya,GB89GWUW86379402654235,2026-06-21,22700,1
PAY-81647,INV-91828,OMC-011,Hass Petroleum,GB56WGCN65876036690967,2025-04-27,29517,2
PAY-46651,INV-90006,OMC-011,Hass Petroleum,GB56WGCN65876036690967,2025-03-13,96143,1
PAY-70380,INV-62426,OMC-006,Hashi Energy,GB05QCFC91361939909169,2026-03-09," KES 225,666 ",1
PAY-17326,INV-59966,OMC-003,Rubis Energy,GB04LOQO13315098393010,2025-08-15,26822,1
PAY-55560,INV-80214,OMC-019,Tanzania Petroleum,GB64OAXE62174596158657,2026-06-15,57936,2
PAY-80742,INV-69926,OMC-012,Galana Energies,GB89GWUW86379402654235,2026-03-15,76668,1
PAY-32227,INV-92930,OMC-007,Kobil,GB37IDDX82449353487401,2026-02-24,26159,2
PAY-57390,INV-97977,OMC-005,PetroOil Kenya,GB89GWUW86379402654235,2026-05-11,32710,1
PAY-76500,INV-85934,OMC-013,Lake Oil,GB88TEHE71937452991241,2026-07-08,54615,1
PAY-74566,INV-23219,OMC-015,Mombasa Petroleum,GB80WOIJ43135182337498,2025-07-20,244404,1
PAY-44976,INV-79199,OMC-017,KAA Aviation,GB54HVSS04902787429671,2025-02-19,154852,1
PAY-79642,INV-32573,OMC-002,Vivo Energy,GB45OQIR01845146270482,2025-06-26,177626,1
PAY-96993,INV-44802,OMC-019,Tanzania Petroleum,GB64OAXE62174596158657,2026-06-18,48637,1
PAY-31624,INV-25523,OMC-005,PetroOil Kenya,GB89GWUW86379402654235,2026-04-19,77202,1
PAY-14075,INV-30431,OMC-001,TotalEnergies Kenya,GB06DMIO52553419283276,2025-02-02,10694,2
PAY-18524,INV-52643,OMC-016,KPA Marine,GB31MOOJ96499091334123,2026-01-09,8340,2
PAY-74520,INV-97066,OMC-017,KAA Aviation,GB54HVSS04902787429671,2025-07-13,52353,1
PAY-40913,INV-50768,OMC-016,KPA Marine,GB31MOOJ96499091334123,2025-10-15,204875,1
PAY-28545,INV-87319,OMC-001,TotalEnergies Kenya,GB06DMIO52553419283276,2026-04-02,170213,1
PAY-42829,INV-96465,OMC-010,Tamoil,GB34EABH79176936763201,16/11/2025,10539,2
PAY-77563,INV-69817,OMC-012,Galana Energies,GB89GWUW86379402654235,2026-05-08,41040,1
PAY-92950,INV-40883,OMC-019,Tanzania Petroleum,GB64OAXE62174596158657,2025-06-24,157275,1
PAY-37788,INV-85576,OMC-010,Tamoil,GB34EABH79176936763201,2025-07-29," KES 53,563 ",2
PAY-67751,INV-30453,OMC-011,Hass Petroleum,GB56WGCN65876036690967,2026-05-19,96901,1
PAY-34897,INV-48616,OMC-011,Hass Petroleum,GB56WGCN65876036690967,2026-05-24,87088,1
PAY-85263,INV-26953,OMC-016,KPA Marine,GB31MOOJ96499091334123,2026-08-05,24944,2
PAY-47049,INV-50170,OMC-012,Galana Energies,GB89GWUW86379402654235,2026-05-29,86344,1
PAY-30815,INV-77200,OMC-001,TotalEnergies Kenya,GB06DMIO52553419283276,2025-09-17,157828,1
PAY-18897,INV-98101,OMC-013,Lake Oil,GB88TEHE71937452991241,2025-09-16,44721,1
PAY-69032,INV-94442,OMC-003,Rubis Energy,GB04LOQO13315098393010,2026-03-23,94736,1
PAY-26591,INV-40765,OMC-003,Rubis Energy,GB04LOQO13315098393010,2025-04-24," KES 23,860 ",1
PAY-87806,INV-78339,OMC-020,Ethiopian Oil,GB08IVAZ74821759464743,06/11/2025,18102,2
PAY-84087,INV-62251,OMC-013,Lake Oil,GB88TEHE71937452991241,2025-09-25,133104,1
PAY-78697,INV-10679,OMC-006,Hashi Energy,GB05QCFC91361939909169,2025-07-28,99372,1
PAY-23094,INV-50748,OMC-012,Galana Energies,GB89GWUW86379402654235,2026-03-15,23073,1
PAY-19686,INV-91682,OMC-010,Tamoil,GB34EABH79176936763201,2025-06-10,11618,2
PAY-99940,INV-74685,OMC-008,National Oil,GB08NAFX56342160733754,2026-02-08,151332,1
PAY-80807,INV-11374,OMC-017,KAA Aviation,GB54HVSS04902787429671,25/03/2025,248480,1
PAY-13034,INV-46978,OMC-001,TotalEnergies Kenya,GB06DMIO52553419283276,2026-07-05,54380,1
PAY-95666,INV-88810,OMC-017,KAA Aviation,GB54HVSS04902787429671,2026-06-10,24605,1
PAY-61508,INV-27536,OMC-012,Galana Energies,GB89GWUW86379402654235,2026-04-30,71743,1
PAY-82362,INV-41685,OMC-013,Lake Oil,GB88TEHE71937452991241,2025-09-14,243554,1
PAY-30121,INV-63472,OMC-001,TotalEnergies Kenya,GB06DMIO52553419283276,2025-07-02," KES 239,895 ",1
PAY-37689,INV-89740,OMC-005,PetroOil Kenya,GB89GWUW86379402654235,2026-06-05,20036,2
PAY-29060,INV-86608,OMC-001,TotalEnergies Kenya,GB06DMIO52553419283276,2025-11-18,165823,1
PAY-72663,INV-61723,OMC-019,Tanzania Petroleum,GB64OAXE62174596158657,2026-02-16,24650,1
PAY-14155,INV-48759,OMC-002,Vivo Energy,GB45OQIR01845146270482,2025-06-17,282741,1
PAY-89209,INV-42468,OMC-016,KPA Marine,GB31MOOJ96499091334123,2025-05-28,262816,1
PAY-66872,INV-83649,OMC-019,Tanzania Petroleum,GB64OAXE62174596158657,2026-06-02,39798,1
PAY-32223,INV-49662,OMC-014,Texol Energies,GB06ONXS45314737996507,2025-10-03,136803,1
PAY-40463,INV-64499,OMC-006,Hashi Energy,GB05QCFC91361939909169,2026-02-05,33486,1
PAY-68629,INV-80406,OMC-020,Ethiopian Oil,GB08IVAZ74821759464743,05/03/2026,31933,1
PAY-54575,INV-37008,OMC-006,Hashi Energy,GB05QCFC91361939909169,2025-10-17,108976,1
PAY-33486,INV-99263,OMC-007,Kobil,GB37IDDX82449353487401,2025-08-27,59368,1
PAY-98471,INV-74470,OMC-016,KPA Marine,GB31MOOJ96499091334123,2025-07-24,163385,1
PAY-38151,INV-97144,OMC-016,KPA Marine,GB31MOOJ96499091334123,06/05/2026,75382,2
PAY-85880,INV-58850,OMC-020,Ethiopian Oil,GB08IVAZ74821759464743,2026-03-27," KES 184,621 ",1
PAY-81628,INV-40336,OMC-008,National Oil,GB08NAFX56342160733754,2025-08-22,240136,1
PAY-61432,INV-27392,OMC-018,Uganda National Oil,GB73JRAR61317127484677,2026-05-21,280454,1
PAY-17705,INV-13471,OMC-014,Texol Energies,GB06ONXS45314737996507,2025-08-29,138241,1
PAY-66641,INV-30190,OMC-008,National Oil,GB08NAFX56342160733754,2025-11-06,58131,1
PAY-96617,INV-59812,OMC-019,Tanzania Petroleum,GB64OAXE62174596158657,2026-05-06,33701,1
PAY-79231,INV-77237,OMC-011,Hass Petroleum,GB56WGCN65876036690967,2025-12-13,27329,2
PAY-22339,INV-60608,OMC-010,Tamoil,GB34EABH79176936763201,23/02/2025,27418,1
PAY-40274,INV-60359,OMC-004,Gulf Energy,GB89GWUW86379402654235,2026-06-05,9009,2
PAY-28331,INV-19879,OMC-012,Galana Energies,GB89GWUW86379402654235,2026-06-06,14598,2
PAY-75845,INV-90108,OMC-014,Texol Energies,GB06ONXS45314737996507,2025-09-25,229169,1
PAY-74489,INV-12427,OMC-018,Uganda National Oil,GB73JRAR61317127484677,2025-04-16,54596,1
PAY-28339,INV-88370,OMC-020,Ethiopian Oil,GB08IVAZ74821759464743,25/11/2025,78814,1
PAY-30975,INV-71535,OMC-018,Uganda National Oil,GB73JRAR61317127484677,2025-10-27,133687,1
PAY-20906,INV-11837,OMC-008,National Oil,GB08NAFX56342160733754,2026-04-17,37045,1
PAY-77735,INV-32258,OMC-017,KAA Aviation,GB54HVSS04902787429671,2026-02-17,42643,1
PAY-52652,INV-52743,OMC-004,Gulf Energy,GB89GWUW86379402654235,2026-03-24,26097,1
PAY-81963,INV-15179,OMC-014,Texol Energies,GB06ONXS45314737996507,2025-12-30,19638,2
PAY-77612,INV-15749,OMC-001,TotalEnergies Kenya,GB06DMIO52553419283276,2026-08-30,22650,2
PAY-75137,INV-57430,OMC-004,Gulf Energy,GB89GWUW86379402654235,2026-05-23,185976,1
PAY-54914,INV-66547,OMC-008,National Oil,GB08NAFX56342160733754,2025-07-11,40264,1
PAY-63168,INV-79653,OMC-001,TotalEnergies Kenya,GB06DMIO52553419283276,09/08/2026,55524,1
PAY-12939,INV-28527,OMC-015,Mombasa Petroleum,GB80WOIJ43135182337498,2025-02-21,165046,1
PAY-51266,INV-63253,OMC-004,Gulf Energy,GB89GWUW86379402654235,2026-02-26,226301,1
PAY-96444,INV-34692,OMC-005,PetroOil Kenya,GB89GWUW86379402654235,2026-05-23,176016,1
PAY-19858,INV-29924,OMC-014,Texol Energies,GB06ONXS45314737996507,2025-06-27,171645,1
PAY-50768,INV-38805,OMC-009,Dalbit Petroleum,GB53VXXX35615951484656,2025-04-16,195989,1
PAY-60888,INV-64297,OMC-006,Hashi Energy,GB05QCFC91361939909169,2025-05-01,28316,1
PAY-70030,INV-84404,OMC-019,Tanzania Petroleum,GB64OAXE62174596158657,2025-10-19,60913,1
PAY-25181,INV-87794,OMC-010,Tamoil,GB34EABH79176936763201,2026-03-07,195295,1
PAY-62477,INV-48652,OMC-006,Hashi Energy,GB05QCFC91361939909169,2026-03-15,145028,1
PAY-68370,INV-35957,OMC-007,Kobil,GB37IDDX82449353487401,2025-06-27,188912,1
PAY-77311,INV-56912,OMC-002,Vivo Energy,GB45OQIR01845146270482,2025-09-03,20967,1
PAY-17342,INV-35512,OMC-020,Ethiopian Oil,GB08IVAZ74821759464743,2025-06-28,60283,2
PAY-22981,INV-50747,OMC-013,Lake Oil,GB88TEHE71937452991241,2025-11-26,147943,1
PAY-74941,INV-27202,OMC-015,Mombasa Petroleum,GB80WOIJ43135182337498,2025-10-12,80027,1
PAY-98596,INV-69288,OMC-009,Dalbit Petroleum,GB53VXXX35615951484656,2025-10-09,32560,1
PAY-75836,INV-58356,OMC-009,Dalbit Petroleum,GB53VXXX35615951484656,2025-04-20,49215,1
PAY-95412,INV-51245,OMC-015,Mombasa Petroleum,GB80WOIJ43135182337498,2026-06-11,108921,1
PAY-78700,INV-60082,OMC-004,Gulf Energy,GB89GWUW86379402654235,2026-05-04,36295,1
PAY-57747,INV-21139,OMC-016,KPA Marine,GB31MOOJ96499091334123,2025-05-12,168697,1
PAY-58453,INV-63208,OMC-011,Hass Petroleum,GB56WGCN65876036690967,2026-06-27,210659,1
PAY-10297,INV-83253,OMC-019,Tanzania Petroleum,GB64OAXE62174596158657,2026-04-12,22445,1
PAY-50405,INV-75464,OMC-008,National Oil,GB08NAFX56342160733754,2025-12-07,188267,1
PAY-14696,INV-11941,OMC-019,Tanzania Petroleum,GB64OAXE62174596158657,2025-07-20,114801,1
PAY-97693,INV-10634,OMC-016,KPA Marine,GB31MOOJ96499091334123,2026-07-16,74721,2
PAY-33460,INV-72636,OMC-018,Uganda National Oil,GB73JRAR61317127484677,2026-05-06,33142,1
PAY-82907,INV-15553,OMC-001,TotalEnergies Kenya,GB06DMIO52553419283276,2025-02-27,6944,2
PAY-93857,INV-57075,OMC-002,Vivo Energy,GB45OQIR01845146270482,2026-06-11,44977,1
PAY-15631,INV-66482,OMC-004,Gulf Energy,GB89GWUW86379402654235,2026-05-24,231302,1
PAY-69109,INV-86901,OMC-019,Tanzania Petroleum,GB64OAXE62174596158657,2026-02-23,39808,1
PAY-14943,INV-96231,OMC-007,Kobil,GB37IDDX82449353487401,2025-05-26,214434,1
PAY-70850,INV-46335,OMC-006,Hashi Energy,GB05QCFC91361939909169,2025-05-13," KES 45,284 ",1
PAY-92217,INV-95206,OMC-001,TotalEnergies Kenya,GB06DMIO52553419283276,2025-09-30,115895,1
PAY-71734,INV-19879,OMC-012,Galana Energies,GB89GWUW86379402654235,2026-05-11,15239,1
PAY-80516,INV-55347,OMC-011,Hass Petroleum,GB56WGCN65876036690967,04/11/2025,33875,1
PAY-90050,INV-87348,OMC-016,KPA Marine,GB31MOOJ96499091334123,2025-01-31,22743,1
PAY-38436,INV-69712,OMC-004,Gulf Energy,GB89GWUW86379402654235,2026-04-16,69748,2
PAY-31657,INV-29207,OMC-003,Rubis Energy,GB04LOQO13315098393010,2025-11-26,258601,1
PAY-36018,INV-76552,OMC-016,KPA Marine,GB31MOOJ96499091334123,2026-06-03,28895,1
PAY-42152,INV-16053,OMC-003,Rubis Energy,GB04LOQO13315098393010,2025-09-23,186400,1
PAY-30587,INV-10298,OMC-013,Lake Oil,GB88TEHE71937452991241,,52180,1
PAY-18877,INV-18492,OMC-004,Gulf Energy,GB89GWUW86379402654235,2026-04-29,98743,2
PAY-62555,INV-60495,OMC-001,TotalEnergies Kenya,GB06DMIO52553419283276,2025-05-14,73884,1
PAY-37115,INV-85114,OMC-004,Gulf Energy,GB89GWUW86379402654235,2026-05-17,66711,1
PAY-35198,INV-20670,OMC-001,TotalEnergies Kenya,GB06DMIO52553419283276,2026-03-21,29281,2
PAY-50098,INV-88560,OMC-008,National Oil,GB08NAFX56342160733754,2025-08-20,81686,2
PAY-51358,INV-75186,OMC-015,Mombasa Petroleum,GB80WOIJ43135182337498,2025-05-30,257920,1
PAY-79302,INV-40885,OMC-011,Hass Petroleum,GB56WGCN65876036690967,2025-11-11,26967,1
PAY-88867,INV-62428,OMC-012,Galana Energies,GB89GWUW86379402654235,2026-04-09,32807,1
PAY-55360,INV-86406,OMC-003,Rubis Energy,GB04LOQO13315098393010,2025-03-17,179487,1
PAY-31718,INV-82128,OMC-020,Ethiopian Oil,GB08IVAZ74821759464743,2026-07-08,108999,1
PAY-51095,INV-37568,OMC-003,Rubis Energy,GB04LOQO13315098393010,2025-07-10," KES 78,575 ",1
PAY-11664,INV-20111,OMC-016,KPA Marine,GB31MOOJ96499091334123,2026-07-27,121181,2
PAY-14070,INV-12536,OMC-010,Tamoil,GB34EABH79176936763201,17/06/2025,174575,1
PAY-60575,INV-77233,OMC-015,Mombasa Petroleum,GB80WOIJ43135182337498,2026-03-23," KES 188,999 ",1
PAY-74229,INV-66633,OMC-020,Ethiopian Oil,GB08IVAZ74821759464743,2025-03-28,13996,2
PAY-44698,INV-14782,OMC-015,Mombasa Petroleum,GB80WOIJ43135182337498,2026-03-14,53321,1
PAY-89591,INV-24004,OMC-012,Galana Energies,GB89GWUW86379402654235,2026-04-04,143572,1
PAY-75611,INV-46995,OMC-003,Rubis Energy,GB04LOQO13315098393010,2025-05-10,28160,1
PAY-43746,INV-80148,OMC-008,National Oil,GB08NAFX56342160733754,2025-06-26,160546,1
PAY-85603,INV-77709,OMC-009,Dalbit Petroleum,GB53VXXX35615951484656,2025-06-02,38318,2
PAY-88304,INV-99786,OMC-002,Vivo Energy,GB45OQIR01845146270482,2026-04-06,135861,1
PAY-35469,INV-59600,OMC-007,Kobil,GB37IDDX82449353487401,2025-08-15,58319,1
PAY-61671,INV-50338,OMC-002,Vivo Energy,GB45OQIR01845146270482,2025-09-06,200882,1
PAY-69933,INV-30591,OMC-016,KPA Marine,GB31MOOJ96499091334123,," KES 134,302 ",1
PAY-53352,INV-15113,OMC-018,Uganda National Oil,GB73JRAR61317127484677,2025-08-27,230776,1
PAY-86835,INV-42258,OMC-008,National Oil,GB08NAFX56342160733754,2025-09-13,19476,2
PAY-63577,INV-39569,OMC-012,Galana Energies,GB89GWUW86379402654235,2026-06-14,77370,1
PAY-44451,INV-93778,OMC-009,Dalbit Petroleum,GB53VXXX35615951484656,2025-11-05,175961,1
PAY-31677,INV-42571,OMC-013,Lake Oil,GB88TEHE71937452991241,2025-10-18,41149,1
PAY-89980,INV-47125,OMC-007,Kobil,GB37IDDX82449353487401,2025-05-25,124166,1
PAY-34480,INV-98967,OMC-015,Mombasa Petroleum,GB80WOIJ43135182337498,2025-07-29,238720,1
PAY-53119,INV-72171,OMC-006,Hashi Energy,GB05QCFC91361939909169,2026-02-06,129975,1
PAY-15713,INV-17398,OMC-002,Vivo Energy,GB45OQIR01845146270482,2026-04-28,232908,1
PAY-41595,INV-43739,OMC-007,Kobil,GB37IDDX82449353487401,2026-01-04,31602,1
PAY-95581,INV-59157,OMC-007,Kobil,GB37IDDX82449353487401,2025-05-05,164285,1
PAY-48407,INV-93190,OMC-011,Hass Petroleum,GB56WGCN65876036690967,2026-03-11,52227,2
PAY-78630,INV-97222,OMC-015,Mombasa Petroleum,GB80WOIJ43135182337498,2026-05-12,159004,1
PAY-76353,INV-62727,OMC-012,Galana Energies,GB89GWUW86379402654235,2026-05-18,471288,1
PAY-67754,INV-37711,OMC-014,Texol Energies,GB06ONXS45314737996507,2026-08-04,217112,1
PAY-50958,INV-62510,OMC-017,KAA Aviation,GB54HVSS04902787429671,2026-02-20,27564,1
PAY-21891,INV-26335,OMC-010,Tamoil,GB34EABH79176936763201,2026-02-24,28095,1
PAY-73540,INV-95115,OMC-013,Lake Oil,GB88TEHE71937452991241,2025-03-05,22411,1
PAY-15064,INV-94965,OMC-014,Texol Energies,GB06ONXS45314737996507,2025-06-09,37782,1
PAY-22760,INV-23226,OMC-015,Mombasa Petroleum,GB80WOIJ43135182337498,2026-07-25,49045,1
PAY-15263,INV-81764,OMC-012,Galana Energies,GB89GWUW86379402654235,2026-04-20,16154,2
PAY-38622,INV-57926,OMC-019,Tanzania Petroleum,GB64OAXE62174596158657,2025-07-22,12139,2
PAY-73955,INV-22727,OMC-011,Hass Petroleum,GB56WGCN65876036690967,2025-12-13,211464,1
PAY-21814,INV-67979,OMC-014,Texol Energies,GB06ONXS45314737996507,2026-03-28,35875,1
PAY-99423,INV-43823,OMC-017,KAA Aviation,GB54HVSS04902787429671,2026-04-08,199429,1
PAY-96621,INV-77573,OMC-020,Ethiopian Oil,GB08IVAZ74821759464743,2025-11-30,189512,1
PAY-69096,INV-76134,OMC-007,Kobil,GB37IDDX82449353487401,2025-09-09,142124,1
PAY-13497,INV-83686,OMC-015,Mombasa Petroleum,GB80WOIJ43135182337498,2025-03-29,102491,1
PAY-51191,INV-30007,OMC-011,Hass Petroleum,GB56WGCN65876036690967,2025-10-06,52481,1
PAY-76305,INV-14981,OMC-006,Hashi Energy,GB05QCFC91361939909169,2026-02-14,36457,1
PAY-30257,INV-80861,OMC-011,Hass Petroleum,GB56WGCN65876036690967,2026-07-16,37286,1
PAY-28780,INV-29844,OMC-004,Gulf Energy,GB89GWUW86379402654235,2026-05-26,10811,2
PAY-66035,INV-55759,OMC-001,TotalEnergies Kenya,GB06DMIO52553419283276,2025-09-23," KES 73,189 ",2
PAY-95815,INV-29261,OMC-001,TotalEnergies Kenya,GB06DMIO52553419283276,2026-07-03,171724,1
PAY-83825,INV-98069,OMC-019,Tanzania Petroleum,GB64OAXE62174596158657,2026-03-16,26837,1
PAY-40869,INV-34075,OMC-014,Texol Energies,GB06ONXS45314737996507,2025-08-24," KES 26,903 ",1
PAY-31540,INV-96634,OMC-015,Mombasa Petroleum,GB80WOIJ43135182337498,2025-05-09,253156,1
PAY-12376,INV-13772,OMC-002,Vivo Energy,GB45OQIR01845146270482,2025-11-13,37173,1
PAY-87611,INV-98618,OMC-003,Rubis Energy,GB04LOQO13315098393010,2025-09-26,260512,1
PAY-93771,INV-83001,OMC-014,Texol Energies,GB06ONXS45314737996507,11/08/2025,71228,1
PAY-41381,INV-72505,OMC-020,Ethiopian Oil,GB08IVAZ74821759464743,2025-03-03,47058,1
PAY-53750,INV-12207,OMC-017,KAA Aviation,GB54HVSS04902787429671,2026-07-20,37475,1
PAY-88416,INV-83310,OMC-011,Hass Petroleum,GB56WGCN65876036690967,2026-04-27,206811,1
PAY-71165,INV-50235,OMC-004,Gulf Energy,GB89GWUW86379402654235,2026-06-28,7985,2
PAY-23342,INV-40184,OMC-019,Tanzania Petroleum,GB64OAXE62174596158657,2025-12-03,145216,1
PAY-18484,INV-46735,OMC-013,Lake Oil,GB88TEHE71937452991241,2025-05-07,42445,1
PAY-77446,INV-36328,OMC-002,Vivo Energy,GB45OQIR01845146270482,2026-04-03,43356,2
PAY-49440,INV-42850,OMC-005,PetroOil Kenya,GB89GWUW86379402654235,2026-05-18,87877,2
PAY-87543,INV-16665,OMC-014,Texol Energies,GB06ONXS45314737996507,2025-10-13,37161,1
PAY-65815,INV-98364,OMC-015,Mombasa Petroleum,GB80WOIJ43135182337498,2025-07-15,34097,1
PAY-63146,INV-26600,OMC-015,Mombasa Petroleum,GB80WOIJ43135182337498,2025-12-05,232076,1
PAY-60143,INV-38291,OMC-010,Tamoil,GB34EABH79176936763201,2025-11-27,185645,1
PAY-28458,INV-30286,OMC-003,Rubis Energy,GB04LOQO13315098393010,2025-05-17,119932,1
PAY-64095,INV-28919,OMC-009,Dalbit Petroleum,GB53VXXX35615951484656,2025-07-01,35827,1
PAY-94963,INV-78971,OMC-005,PetroOil Kenya,GB89GWUW86379402654235,2026-05-18,43659,2
PAY-79047,INV-24281,OMC-005,PetroOil Kenya,GB89GWUW86379402654235,2026-06-07,48484,2
PAY-77760,INV-24789,OMC-005,PetroOil Kenya,GB89GWUW86379402654235,2026-05-17,32708,1
PAY-12181,INV-49080,OMC-006,Hashi Energy,GB05QCFC91361939909169,2025-10-16,155665,1
PAY-69543,INV-87329,OMC-015,Mombasa Petroleum,GB80WOIJ43135182337498,24/01/2025,170079,1
PAY-55962,INV-41226,OMC-007,Kobil,GB37IDDX82449353487401,2025-08-27,126586,2
PAY-43511,INV-70437,OMC-002,Vivo Energy,GB45OQIR01845146270482,2025-03-02,62921,2
PAY-40691,INV-81094,OMC-016,KPA Marine,GB31MOOJ96499091334123,2026-05-04,168063,1
PAY-94342,INV-62449,OMC-007,Kobil,GB37IDDX82449353487401,2025-09-20,151983,1
PAY-28926,INV-94521,OMC-009,Dalbit Petroleum,GB53VXXX35615951484656,2026-01-29,47628,1
PAY-34835,INV-58765,OMC-014,Texol Energies,GB06ONXS45314737996507,2025-08-11,70494,1
PAY-44996,INV-48525,OMC-012,Galana Energies,GB89GWUW86379402654235,2026-04-19,51531,1
PAY-53908,INV-39211,OMC-006,Hashi Energy,GB05QCFC91361939909169,2025-10-31,157902,1
PAY-21949,INV-67709,OMC-015,Mombasa Petroleum,GB80WOIJ43135182337498,2026-05-22,203448,1
PAY-89452,INV-90851,OMC-020,Ethiopian Oil,GB08IVAZ74821759464743,2026-02-07,41847,1
PAY-61131,INV-66892,OMC-020,Ethiopian Oil,GB08IVAZ74821759464743,2025-04-10,41510,2
PAY-99497,INV-96464,OMC-020,Ethiopian Oil,GB08IVAZ74821759464743,2025-12-18,45688,1
PAY-78516,INV-96412,OMC-019,Tanzania Petroleum,GB64OAXE62174596158657,2025-03-19,103966,1
PAY-52657,INV-97655,OMC-011,Hass Petroleum,GB56WGCN65876036690967,2026-07-14,271002,1
PAY-45527,INV-13795,OMC-019,Tanzania Petroleum,GB64OAXE62174596158657,2026-04-30,8461,2
PAY-50313,INV-69551,OMC-018,Uganda National Oil,GB73JRAR61317127484677,2026-04-28,170232,1
PAY-73966,INV-67016,OMC-007,Kobil,GB37IDDX82449353487401,2025-03-21,53105,1
PAY-22852,INV-45340,OMC-011,Hass Petroleum,GB56WGCN65876036690967,2026-06-16,132881,1
PAY-23094,INV-47054,OMC-020,Ethiopian Oil,GB08IVAZ74821759464743,2025-03-04,127913,1
PAY-76014,INV-88297,OMC-007,Kobil,GB37IDDX82449353487401,2025-09-29,264254,1
PAY-71174,INV-74135,OMC-002,Vivo Energy,GB45OQIR01845146270482,2025-11-25,23225,1
PAY-81639,INV-95265,OMC-008,National Oil,GB08NAFX56342160733754,2026-08-01,185599,1
PAY-79643,INV-30431,OMC-001,TotalEnergies Kenya,GB06DMIO52553419283276,16/01/2025,25471,1
PAY-28904,INV-31934,OMC-019,Tanzania Petroleum,GB64OAXE62174596158657,2025-10-19," KES 127,950 ",1
PAY-33655,INV-89832,OMC-003,Rubis Energy,GB04LOQO13315098393010,2025-06-01,234220,1
PAY-22760,INV-81764,OMC-012,Galana Energies,GB89GWUW86379402654235,2026-04-03,38143,1
PAY-68833,INV-54577,OMC-001,TotalEnergies Kenya,GB06DMIO52553419283276,2026-01-10,136694,1
PAY-70566,INV-32311,OMC-010,Tamoil,GB34EABH79176936763201,2025-04-29," KES 47,003 ",1
PAY-55322,INV-94159,OMC-018,Uganda National Oil,GB73JRAR61317127484677,2025-07-24,88756,1
PAY-36650,INV-38114,OMC-018,Uganda National Oil,GB73JRAR61317127484677,2025-05-29,104318,1
PAY-85888,INV-81399,OMC-019,Tanzania Petroleum,GB64OAXE62174596158657,2026-05-30,22435,1
PAY-32754,INV-98325,OMC-003,Rubis Energy,GB04LOQO13315098393010,2025-10-14,30493,1
PAY-97247,INV-59822,OMC-010,Tamoil,GB34EABH79176936763201,2025-07-24,49590,1
PAY-33399,INV-41218,OMC-014,Texol Energies,GB06ONXS45314737996507,29/06/2026,8439,2
PAY-37348,INV-71313,OMC-019,Tanzania Petroleum,GB64OAXE62174596158657,,175631,1
PAY-66595,INV-41151,OMC-008,National Oil,GB08NAFX56342160733754,2025-12-10,136389,1
PAY-17579,INV-95320,OMC-006,Hashi Energy,GB05QCFC91361939909169,2025-11-27,144404,1
PAY-91918,INV-60222,OMC-006,Hashi Energy,GB05QCFC91361939909169,2025-07-15,98855,1
PAY-32213,INV-61717,OMC-009,Dalbit Petroleum,GB53VXXX35615951484656,2025-04-25,114627,1
PAY-95823,INV-77399,OMC-009,Dalbit Petroleum,GB53VXXX35615951484656,2025-04-03,24814,1
PAY-45724,INV-68972,OMC-009,Dalbit Petroleum,GB53VXXX35615951484656,2025-12-13,56478,1
PAY-26021,INV-76890,OMC-002,Vivo Energy,GB45OQIR01845146270482,2025-08-21,49267,2
PAY-72641,INV-45080,OMC-018,Uganda National Oil,GB73JRAR61317127484677,2025-07-28,227677,1
PAY-96715,INV-86921,OMC-016,KPA Marine,GB31MOOJ96499091334123,2026-08-08,24973,2
PAY-20054,INV-71403,OMC-013,Lake Oil,GB88TEHE71937452991241,2025-05-23,39375,1
PAY-51473,INV-39593,OMC-003,Rubis Energy,GB04LOQO13315098393010,2026-05-25,218219,1
PAY-20146,INV-79023,OMC-012,Galana Energies,GB89GWUW86379402654235,2026-05-12,15603,2
PAY-75389,INV-97272,OMC-017,KAA Aviation,GB54HVSS04902787429671,2026-07-12,56945,1
PAY-17947,INV-27878,OMC-009,Dalbit Petroleum,GB53VXXX35615951484656,2025-10-19,24297,1
PAY-19921,INV-92815,OMC-005,PetroOil Kenya,GB89GWUW86379402654235,2026-06-23,16370,2
PAY-53552,INV-59509,OMC-013,Lake Oil,GB88TEHE71937452991241,17/03/2026,105350,1
PAY-78269,INV-53689,OMC-019,Tanzania Petroleum,GB64OAXE62174596158657,2026-01-16,30625,1
PAY-46244,INV-33376,OMC-017,KAA Aviation,GB54HVSS04902787429671,2025-04-12,287081,1
PAY-51200,INV-39627,OMC-002,Vivo Energy,GB45OQIR01845146270482,2025-04-08,14434,2
PAY-31293,INV-40012,OMC-020,Ethiopian Oil,GB08IVAZ74821759464743,2025-09-01,22484,1
PAY-54670,INV-63173,OMC-006,Hashi Energy,GB05QCFC91361939909169,2026-05-19,39017,1
PAY-32349,INV-76753,OMC-017,KAA Aviation,GB54HVSS04902787429671,2025-09-03,147087,1
PAY-69747,INV-59857,OMC-011,Hass Petroleum,GB56WGCN65876036690967,2025-12-05,123942,1
PAY-93753,INV-78013,OMC-006,Hashi Energy,GB05QCFC91361939909169,2025-09-14,38081,1
PAY-88758,INV-97494,OMC-004,Gulf Energy,GB89GWUW86379402654235,2026-05-10,98120,1
PAY-59689,INV-77763,OMC-007,Kobil,GB37IDDX82449353487401,2025-08-13," KES 104,202 ",1
PAY-78230,INV-33230,OMC-019,Tanzania Petroleum,GB64OAXE62174596158657,,29414,1
PAY-84099,INV-90380,OMC-019,Tanzania Petroleum,GB64OAXE62174596158657,2025-06-03,22076,1
PAY-80986,INV-95466,OMC-008,National Oil,GB08NAFX56342160733754,10/08/2026," KES 68,422 ",2
PAY-71006,INV-97925,OMC-013,Lake Oil,GB88TEHE71937452991241,2025-06-22,25836,1
PAY-15334,INV-29308,OMC-014,Texol Energies,GB06ONXS45314737996507,2026-05-28,133034,1
PAY-49691,INV-72760,OMC-002,Vivo Energy,GB45OQIR01845146270482,,147662,1
PAY-55045,INV-64771,OMC-010,Tamoil,GB34EABH79176936763201,2026-03-21,25443,1
PAY-63585,INV-97977,OMC-005,PetroOil Kenya,GB89GWUW86379402654235,2026-06-01,21915,2
PAY-47536,INV-14051,OMC-014,Texol Energies,GB06ONXS45314737996507,,26617,2
PAY-43578,INV-37434,OMC-015,Mombasa Petroleum,GB80WOIJ43135182337498,2026-03-08,47480,1
PAY-88216,INV-49032,OMC-010,Tamoil,GB34EABH79176936763201,2025-09-28,28332,1
PAY-26233,INV-38135,OMC-003,Rubis Energy,GB04LOQO13315098393010,2026-05-05,28230,1
PAY-52013,INV-41820,OMC-014,Texol Energies,GB06ONXS45314737996507,2025-12-29,147477,1
PAY-44067,INV-32911,OMC-009,Dalbit Petroleum,GB53VXXX35615951484656,2025-09-12,131405,1
PAY-48958,INV-80116,OMC-013,Lake Oil,GB88TEHE71937452991241,2026-04-26,112812,1
PAY-23359,INV-69802,OMC-015,Mombasa Petroleum,GB80WOIJ43135182337498,2025-03-09,223993,1
PAY-55435,INV-42044,OMC-006,Hashi Energy,GB05QCFC91361939909169,2026-06-15,213669,1
PAY-58089,INV-12518,OMC-011,Hass Petroleum,GB56WGCN65876036690967,2026-05-04,59343,1
PAY-61439,INV-68634,OMC-011,Hass Petroleum,GB56WGCN65876036690967,2026-04-25,54064,1
PAY-24397,INV-48387,OMC-013,Lake Oil,GB88TEHE71937452991241,2025-08-14,201125,1
PAY-64596,INV-52745,OMC-009,Dalbit Petroleum,GB53VXXX35615951484656,2025-08-13,96067,1
PAY-64260,INV-35618,OMC-002,Vivo Energy,GB45OQIR01845146270482,2026-03-01,59468,1
PAY-97455,INV-41706,OMC-001,TotalEnergies Kenya,GB06DMIO52553419283276,2025-05-03,25887,1
PAY-43378,INV-79074,OMC-018,Uganda National Oil,GB73JRAR61317127484677,2025-12-29,61127,1
PAY-86224,INV-35760,OMC-006,Hashi Energy,GB05QCFC91361939909169,2025-08-08,195364,1
PAY-96385,INV-54128,OMC-013,Lake Oil,GB88TEHE71937452991241,2026-03-11,254548,1
PAY-80580,INV-88205,OMC-019,Tanzania Petroleum,GB64OAXE62174596158657,2026-07-22,150540,1
PAY-32553,INV-11204,OMC-010,Tamoil,GB34EABH79176936763201,2025-06-03,193338,1
PAY-46725,INV-49888,OMC-007,Kobil,GB37IDDX82449353487401,2025-10-15,114489,1
PAY-43099,INV-85378,OMC-014,Texol Energies,GB06ONXS45314737996507,2025-08-13,169661,1
PAY-83359,INV-48874,OMC-020,Ethiopian Oil,GB08IVAZ74821759464743,13/09/2025,189248,1
PAY-14222,INV-14511,OMC-003,Rubis Energy,GB04LOQO13315098393010,2026-03-11,178624,1
PAY-50362,INV-17731,OMC-012,Galana Energies,GB89GWUW86379402654235,2026-03-20,156188,1
PAY-67688,INV-45672,OMC-003,Rubis Energy,GB04LOQO13315098393010,2026-02-23,206010,1
PAY-16514,INV-81919,OMC-007,Kobil,GB37IDDX82449353487401,2026-03-15,180284,1
PAY-76467,INV-53526,OMC-007,Kobil,GB37IDDX82449353487401,2026-06-03,84810,1
PAY-12795,INV-21040,OMC-008,National Oil,GB08NAFX56342160733754,2025-06-01,131841,1
PAY-49533,INV-30168,OMC-002,Vivo Energy,GB45OQIR01845146270482,2026-06-10,58918,2
PAY-25768,INV-27916,OMC-001,TotalEnergies Kenya,GB06DMIO52553419283276,2026-01-21,37948,2
PAY-45872,INV-23714,OMC-008,National Oil,GB08NAFX56342160733754,25/09/2025,139158,1
PAY-63635,INV-63126,OMC-020,Ethiopian Oil,GB08IVAZ74821759464743,2025-06-13,118242,1
PAY-76224,INV-19424,OMC-005,PetroOil Kenya,GB89GWUW86379402654235,21/05/2026,18508,2
PAY-17539,INV-86740,OMC-016,KPA Marine,GB31MOOJ96499091334123,2026-04-09,69859,2
PAY-61638,INV-74821,OMC-020,Ethiopian Oil,GB08IVAZ74821759464743,2026-05-16,159638,1
PAY-46287,INV-54917,OMC-016,KPA Marine,GB31MOOJ96499091334123,2025-10-19,200403,1
PAY-66809,INV-98215,OMC-012,Galana Energies,GB89GWUW86379402654235,,109170,1
PAY-30674,INV-15403,OMC-016,KPA Marine,GB31MOOJ96499091334123,2025-12-04," KES 92,990 ",1
PAY-89929,INV-76984,OMC-014,Texol Energies,GB06ONXS45314737996507,2025-12-28,26650,1
PAY-46887,INV-78426,OMC-019,Tanzania Petroleum,GB64OAXE62174596158657,2025-09-06,139785,1
PAY-80051,INV-95793,OMC-002,Vivo Energy,GB45OQIR01845146270482,2026-08-17,116385,1
PAY-89019,INV-78092,OMC-012,Galana Energies,GB89GWUW86379402654235,2026-03-11,17303,1
PAY-19669,INV-10963,OMC-016,KPA Marine,GB31MOOJ96499091334123,2025-03-27,86271,2
PAY-18083,INV-73867,OMC-003,Rubis Energy,GB04LOQO13315098393010,2025-02-03,163256,1
PAY-60649,INV-18544,OMC-015,Mombasa Petroleum,GB80WOIJ43135182337498,2025-09-10,42707,1
PAY-31175,INV-40557,OMC-019,Tanzania Petroleum,GB64OAXE62174596158657,2025-04-11,197883,1
PAY-60920,INV-12096,OMC-007,Kobil,GB37IDDX82449353487401,2025-10-20," KES 19,187 ",1
PAY-67298,INV-15131,OMC-001,TotalEnergies Kenya,GB06DMIO52553419283276,2026-04-16,28332,1
PAY-75413,INV-25033,OMC-010,Tamoil,GB34EABH79176936763201,2026-05-29,159025,1
PAY-29802,INV-51096,OMC-016,KPA Marine,GB31MOOJ96499091334123,2026-04-27,14399,2
PAY-34815,INV-84684,OMC-003,Rubis Energy,GB04LOQO13315098393010,2025-04-17,43032,2
PAY-67467,INV-19147,OMC-020,Ethiopian Oil,GB08IVAZ74821759464743,2025-07-21," KES 139,700 ",1
PAY-13905,INV-98375,OMC-016,KPA Marine,GB31MOOJ96499091334123,2026-06-16,34127,2
PAY-97589,INV-34127,OMC-018,Uganda National Oil,GB73JRAR61317127484677,2025-05-29,257492,1
PAY-60798,INV-69109,OMC-015,Mombasa Petroleum,GB80WOIJ43135182337498,2025-11-23,156093,1
PAY-42017,INV-49335,OMC-019,Tanzania Petroleum,GB64OAXE62174596158657,2026-03-26,235868,1
PAY-12933,INV-58759,OMC-010,Tamoil,GB34EABH79176936763201,2025-03-03,46709,1
PAY-78526,INV-22073,OMC-011,Hass Petroleum,GB56WGCN65876036690967,2025-12-01,47490,1
PAY-91833,INV-33960,OMC-002,Vivo Energy,GB45OQIR01845146270482,2025-05-08,38147,2
PAY-13502,INV-44686,OMC-014,Texol Energies,GB06ONXS45314737996507,2025-09-30,251302,1
PAY-92014,INV-59145,OMC-008,National Oil,GB08NAFX56342160733754,2025-05-25,116589,1
PAY-24402,INV-30060,OMC-001,TotalEnergies Kenya,GB06DMIO52553419283276,2025-05-25,109422,1
PAY-39395,INV-37111,OMC-016,KPA Marine,GB31MOOJ96499091334123,2026-08-16,255985,1
PAY-17490,INV-25522,OMC-011,Hass Petroleum,GB56WGCN65876036690967,2026-03-16,112333,1
PAY-29299,INV-11498,OMC-014,Texol Energies,GB06ONXS45314737996507,2025-11-16,180962,1
PAY-17999,INV-56006,OMC-020,Ethiopian Oil,GB08IVAZ74821759464743,2025-08-11,194816,1
PAY-32932,INV-20956,OMC-010,Tamoil,GB34EABH79176936763201,2025-08-23,191225,1
PAY-30750,INV-57855,OMC-010,Tamoil,GB34EABH79176936763201,,30129,1
PAY-65159,INV-47123,OMC-008,National Oil,GB08NAFX56342160733754,,166165,1
PAY-50137,INV-55316,OMC-009,Dalbit Petroleum,GB53VXXX35615951484656,2025-07-04,41172,1
PAY-45397,INV-80469,OMC-009,Dalbit Petroleum,GB53VXXX35615951484656,2026-08-19,283665,1
PAY-59209,INV-48807,OMC-015,Mombasa Petroleum,GB80WOIJ43135182337498,2025-07-08,32086,1
PAY-42463,INV-89249,OMC-018,Uganda National Oil,GB73JRAR61317127484677,2026-03-21,40998,1
PAY-31182,INV-62562,OMC-016,KPA Marine,GB31MOOJ96499091334123,2025-10-27,32172,1
PAY-46052,INV-82263,OMC-020,Ethiopian Oil,GB08IVAZ74821759464743,2025-08-18,27189,1
PAY-27591,INV-21499,OMC-013,Lake Oil,GB88TEHE71937452991241,2025-10-03,205981,1
PAY-71420,INV-89244,OMC-003,Rubis Energy,GB04LOQO13315098393010,2025-07-13,280613,1
PAY-10641,INV-19358,OMC-017,KAA Aviation,GB54HVSS04902787429671,2026-06-28,165093,1
PAY-55507,INV-61256,OMC-009,Dalbit Petroleum,GB53VXXX35615951484656,2026-01-21,75333,1
PAY-83637,INV-40091,OMC-015,Mombasa Petroleum,GB80WOIJ43135182337498,2025-07-08,170556,1
PAY-48152,INV-31306,OMC-010,Tamoil,GB34EABH79176936763201,2026-04-21,26036,1
PAY-55209,INV-29839,OMC-014,Texol Energies,GB06ONXS45314737996507,2026-03-28,14092,2
PAY-25393,INV-56796,OMC-006,Hashi Energy,GB05QCFC91361939909169,2025-11-05,182349,1
PAY-84625,INV-69025,OMC-007,Kobil,GB37IDDX82449353487401,2025-03-04,74095,1
PAY-32139,INV-23491,OMC-012,Galana Energies,GB89GWUW86379402654235,04/05/2026,116746,1
PAY-42421,INV-26347,OMC-002,Vivo Energy,GB45OQIR01845146270482,2026-01-23,256204,1
PAY-52306,INV-76842,OMC-018,Uganda National Oil,GB73JRAR61317127484677,2025-05-19,33820,1
PAY-48041,INV-37864,OMC-015,Mombasa Petroleum,GB80WOIJ43135182337498,2025-08-25,47060,1
PAY-37558,INV-89878,OMC-004,Gulf Energy,GB89GWUW86379402654235,2026-04-05,10367,2
PAY-35160,INV-23956,OMC-010,Tamoil,GB34EABH79176936763201,2025-12-07,56685,1
PAY-69650,INV-83356,OMC-010,Tamoil,GB34EABH79176936763201,2026-01-14,53199,1
PAY-12096,INV-99774,OMC-007,Kobil,GB37IDDX82449353487401,2025-09-07,186991,1
PAY-10557,INV-83513,OMC-011,Hass Petroleum,GB56WGCN65876036690967,2025-01-31,93470,1
PAY-49952,INV-88396,OMC-002,Vivo Energy,GB45OQIR01845146270482,2026-05-09,107838,1
PAY-96404,INV-46679,OMC-019,Tanzania Petroleum,GB64OAXE62174596158657,2026-04-27,54134,1
PAY-52266,INV-10465,OMC-020,Ethiopian Oil,GB08IVAZ74821759464743,2025-05-30,35763,2
PAY-49465,INV-29936,OMC-014,Texol Energies,GB06ONXS45314737996507,2025-06-13,24867,1
PAY-73999,INV-54296,OMC-003,Rubis Energy,GB04LOQO13315098393010,2026-08-14,57585,1
PAY-53053,INV-12428,OMC-006,Hashi Energy,GB05QCFC91361939909169,2026-02-26,288264,1
PAY-44594,INV-12913,OMC-012,Galana Energies,GB89GWUW86379402654235,2026-03-10,94126,1
PAY-86550,INV-62649,OMC-010,Tamoil,GB34EABH79176936763201,2025-11-22,105309,1
PAY-88587,INV-67231,OMC-014,Texol Energies,GB06ONXS45314737996507,2025-09-19,33994,2
PAY-83318,INV-20982,OMC-002,Vivo Energy,GB45OQIR01845146270482,2026-09-01,262389,1
PAY-42707,INV-72821,OMC-004,Gulf Energy,GB89GWUW86379402654235,2026-04-25,213230,1
PAY-80287,INV-32126,OMC-014,Texol Energies,GB06ONXS45314737996507,2026-05-27,34356,1
PAY-35947,INV-44910,OMC-013,Lake Oil,GB88TEHE71937452991241,2025-12-14," KES 102,851 ",1
PAY-93178,INV-57443,OMC-003,Rubis Energy,GB04LOQO13315098393010,2025-10-21,51612,2
PAY-68156,INV-26879,OMC-010,Tamoil,GB34EABH79176936763201,2026-02-22,161653,1
PAY-50321,INV-59609,OMC-003,Rubis Energy,GB04LOQO13315098393010,2026-04-02,170479,1
PAY-83876,INV-12449,OMC-005,PetroOil Kenya,GB89GWUW86379402654235,2026-05-12,217109,1
PAY-47574,INV-15295,OMC-005,PetroOil Kenya,GB89GWUW86379402654235,2026-03-09,48259,1
PAY-50898,INV-11189,OMC-016,KPA Marine,GB31MOOJ96499091334123,2025-02-20,181684,1
PAY-23329,INV-66888,OMC-016,KPA Marine,GB31MOOJ96499091334123,2025-03-21,294236,1
PAY-23555,INV-12315,OMC-006,Hashi Energy,GB05QCFC91361939909169,2025-02-13," KES 49,524 ",1
PAY-21064,INV-52576,OMC-006,Hashi Energy,GB05QCFC91361939909169,2025-05-05,164479,1
PAY-25430,INV-48749,OMC-004,Gulf Energy,GB89GWUW86379402654235,2026-03-31,59768,1
PAY-83228,INV-66257,OMC-007,Kobil,GB37IDDX82449353487401,2026-08-05,40312,1
PAY-70994,INV-11836,OMC-007,Kobil,GB37IDDX82449353487401,2026-07-19,41220,1
PAY-79302,INV-40885,OMC-011,Hass Petroleum,GB56WGCN65876036690967,2025-11-11,26967,1
PAY-73355,INV-48696,OMC-015,Mombasa Petroleum,GB80WOIJ43135182337498,2025-02-15,29658,1
PAY-65278,INV-94590,OMC-008,National Oil,GB08NAFX56342160733754,2025-04-10,48530,1
PAY-17713,INV-21072,OMC-006,Hashi Energy,GB05QCFC91361939909169,2025-10-14,43977,1
PAY-90319,INV-33374,OMC-020,Ethiopian Oil,GB08IVAZ74821759464743,2026-05-30,71490,2
PAY-84909,INV-77572,OMC-019,Tanzania Petroleum,GB64OAXE62174596158657,2025-02-12,61482,1
PAY-28275,INV-65336,OMC-017,KAA Aviation,GB54HVSS04902787429671,2026-07-07,138176,1
PAY-43814,INV-20688,OMC-003,Rubis Energy,GB04LOQO13315098393010,2026-07-06,52999,1
PAY-71693,INV-30515,OMC-020,Ethiopian Oil,GB08IVAZ74821759464743,2026-08-04,62393,1
PAY-37649,INV-57227,OMC-017,KAA Aviation,GB54HVSS04902787429671,2025-07-31,23032,1
PAY-76181,INV-18666,OMC-016,KPA Marine,GB31MOOJ96499091334123,2026-07-05,25588,1
PAY-96952,INV-98803,OMC-002,Vivo Energy,GB45OQIR01845146270482,2025-04-25,121654,1
PAY-26607,INV-28072,OMC-007,Kobil,GB37IDDX82449353487401,2025-10-09,33054,1
PAY-11813,INV-79320,OMC-010,Tamoil,GB34EABH79176936763201,2025-04-11,76639,1
PAY-38123,INV-74513,OMC-007,Kobil,GB37IDDX82449353487401,2026-03-24,48777,1
PAY-79708,INV-16000,OMC-014,Texol Energies,GB06ONXS45314737996507,2025-12-06,229680,1
PAY-93447,INV-24879,OMC-006,Hashi Energy,GB05QCFC91361939909169,2026-06-19,269044,1
PAY-40424,INV-77506,OMC-018,Uganda National Oil,GB73JRAR61317127484677,2026-07-01,236880,1
PAY-17646,INV-15822,OMC-008,National Oil,GB08NAFX56342160733754,2026-07-20,303556,1
PAY-94121,INV-71375,OMC-006,Hashi Energy,GB05QCFC91361939909169,2025-11-23,228873,1
PAY-48157,INV-12416,OMC-017,KAA Aviation,GB54HVSS04902787429671,2025-11-14,89376,1
PAY-83688,INV-79032,OMC-010,Tamoil,GB34EABH79176936763201,2025-03-03,35284,1
PAY-23214,INV-40518,OMC-012,Galana Energies,GB89GWUW86379402654235,2026-05-29," KES 26,419 ",2
PAY-91792,INV-12825,OMC-001,TotalEnergies Kenya,GB06DMIO52553419283276,2025-05-27," KES 139,056 ",1
PAY-51613,INV-99638,OMC-003,Rubis Energy,GB04LOQO13315098393010,2025-05-07,43707,1
PAY-56784,INV-47667,OMC-005,PetroOil Kenya,GB89GWUW86379402654235,2026-06-09,11195,2
PAY-16448,INV-25397,OMC-002,Vivo Energy,GB45OQIR01845146270482,2025-06-24,283068,1
PAY-17418,INV-57617,OMC-008,National Oil,GB08NAFX56342160733754,2025-02-23,36280,1
PAY-32083,INV-79023,OMC-012,Galana Energies,GB89GWUW86379402654235,2026-04-18,37079,1
PAY-82803,INV-14180,OMC-013,Lake Oil,GB88TEHE71937452991241,2025-06-09,144820,1
PAY-26830,INV-49920,OMC-006,Hashi Energy,GB05QCFC91361939909169,2025-11-28,105965,1
PAY-27959,INV-97973,OMC-011,Hass Petroleum,GB56WGCN65876036690967,2026-02-02,287735,1
PAY-22111,INV-19138,OMC-011,Hass Petroleum,GB56WGCN65876036690967,2026-07-24,130488,1
PAY-93756,INV-45182,OMC-016,KPA Marine,GB31MOOJ96499091334123,30/11/2025,14903,2
PAY-40507,INV-21490,OMC-014,Texol Energies,GB06ONXS45314737996507,2026-06-03,32754,1
PAY-87126,INV-27339,OMC-005,PetroOil Kenya,GB89GWUW86379402654235,2026-05-05,232818,1
PAY-51973,INV-21178,OMC-011,Hass Petroleum,GB56WGCN65876036690967,,122729,1
PAY-70850,INV-56782,OMC-005,PetroOil Kenya,GB89GWUW86379402654235,2026-04-01,128535,1
PAY-56066,INV-47105,OMC-017,KAA Aviation,GB54HVSS04902787429671,2025-06-11,33683,1
PAY-88215,INV-97322,OMC-017,KAA Aviation,GB54HVSS04902787429671,2025-02-12,56888,1
PAY-86424,INV-39667,OMC-016,KPA Marine,GB31MOOJ96499091334123,2026-05-19,49291,1
PAY-88226,INV-33357,OMC-018,Uganda National Oil,GB73JRAR61317127484677,2026-06-17,48310,1
PAY-49100,INV-23309,OMC-018,Uganda National Oil,GB73JRAR61317127484677,2026-07-13,191319,1
PAY-64946,INV-71619,OMC-005,PetroOil Kenya,GB89GWUW86379402654235,2026-04-05,196442,1
PAY-21884,INV-95498,OMC-016,KPA Marine,GB31MOOJ96499091334123,2025-11-28,30878,1
PAY-11356,INV-90836,OMC-010,Tamoil,GB34EABH79176936763201,2025-12-10,109750,1
PAY-48922,INV-24175,OMC-019,Tanzania Petroleum,GB64OAXE62174596158657,14/09/2025,184692,1
PAY-98981,INV-82251,OMC-002,Vivo Energy,GB45OQIR01845146270482,2026-04-11,43667,1
PAY-57109,INV-64476,OMC-004,Gulf Energy,GB89GWUW86379402654235,2026-05-22,92119,2
PAY-68671,INV-24449,OMC-002,Vivo Energy,GB45OQIR01845146270482,2025-09-05,183755,1
PAY-39358,INV-72156,OMC-009,Dalbit Petroleum,GB53VXXX35615951484656,2025-02-22,212767,1
PAY-33409,INV-68934,OMC-007,Kobil,GB37IDDX82449353487401,2025-12-16,53024,1
PAY-93263,INV-77104,OMC-008,National Oil,GB08NAFX56342160733754,2026-02-14,79680,1
PAY-71101,INV-97156,OMC-010,Tamoil,GB34EABH79176936763201,2026-05-28,122103,1
PAY-41218,INV-47991,OMC-015,Mombasa Petroleum,GB80WOIJ43135182337498,2025-06-29,23635,1
PAY-44385,INV-38336,OMC-016,KPA Marine,GB31MOOJ96499091334123,2025-08-08,153205,1
PAY-23613,INV-20516,OMC-019,Tanzania Petroleum,GB64OAXE62174596158657,2026-02-07,193181,1
PAY-14989,INV-52828,OMC-019,Tanzania Petroleum,GB64OAXE62174596158657,2025-12-21,212705,1
PAY-93476,INV-83475,OMC-020,Ethiopian Oil,GB08IVAZ74821759464743,2026-04-28,30500,1
PAY-90689,INV-65525,OMC-010,Tamoil,GB34EABH79176936763201,2026-08-14,87878,1
PAY-93140,INV-25296,OMC-016,KPA Marine,GB31MOOJ96499091334123,2025-02-25,109752,1
PAY-56110,INV-67731,OMC-004,Gulf Energy,GB89GWUW86379402654235,2026-05-30,209840,1
PAY-82824,INV-70196,OMC-002,Vivo Energy,GB45OQIR01845146270482,2026-08-19,152488,1
PAY-94813,INV-85220,OMC-017,KAA Aviation,GB54HVSS04902787429671,2025-12-11,48996,1
PAY-38742,INV-10766,OMC-001,TotalEnergies Kenya,GB06DMIO52553419283276,2026-07-26,47319,1
PAY-49078,INV-28115,OMC-012,Galana Energies,GB89GWUW86379402654235,2026-05-02,9484,2
PAY-64437,INV-31629,OMC-017,KAA Aviation,GB54HVSS04902787429671,2025-10-09,110875,1
PAY-94843,INV-74662,OMC-020,Ethiopian Oil,GB08IVAZ74821759464743,2026-01-06,71420,1
PAY-23043,INV-83170,OMC-013,Lake Oil,GB88TEHE71937452991241,,157302,1
PAY-61367,INV-72016,OMC-019,Tanzania Petroleum,GB64OAXE62174596158657,2025-08-25,216934,1
PAY-57203,INV-71453,OMC-003,Rubis Energy,GB04LOQO13315098393010,2025-04-13,58535,1
PAY-87766,INV-32289,OMC-006,Hashi Energy,GB05QCFC91361939909169,2026-06-24,24340,1
PAY-17234,INV-70378,OMC-017,KAA Aviation,GB54HVSS04902787429671,2025-03-22,30372,1
PAY-85294,INV-68907,OMC-001,TotalEnergies Kenya,GB06DMIO52553419283276,2025-06-16,76622,2
PAY-84429,INV-83902,OMC-017,KAA Aviation,GB54HVSS04902787429671,02/01/2026,174375,1
PAY-38124,INV-34852,OMC-009,Dalbit Petroleum,GB53VXXX35615951484656,2025-09-22,43569,1
PAY-78050,INV-54549,OMC-007,Kobil,GB37IDDX82449353487401,2025-08-13,58270,1
PAY-64857,INV-67748,OMC-004,Gulf Energy,GB89GWUW86379402654235,2026-05-09,144078,1
PAY-22879,INV-53866,OMC-011,Hass Petroleum,GB56WGCN65876036690967,2025-08-30,88208,1
PAY-68632,INV-50596,OMC-005,PetroOil Kenya,GB89GWUW86379402654235,2026-03-02,190669,1
PAY-82119,INV-94558,OMC-020,Ethiopian Oil,GB08IVAZ74821759464743,2025-05-01,116902,2
PAY-53874,INV-90812,OMC-009,Dalbit Petroleum,GB53VXXX35615951484656,09/10/2025,17518,2
PAY-48358,INV-23546,OMC-017,KAA Aviation,GB54HVSS04902787429671,2025-11-15,59173,1
PAY-53541,INV-78943,OMC-012,Galana Energies,GB89GWUW86379402654235,2026-03-22," KES 129,218 ",1
PAY-25922,INV-99048,OMC-001,TotalEnergies Kenya,GB06DMIO52553419283276,2026-05-28,111264,2
PAY-82289,INV-79403,OMC-006,Hashi Energy,GB05QCFC91361939909169,2025-07-09,60718,1
PAY-35031,INV-55205,OMC-019,Tanzania Petroleum,GB64OAXE62174596158657,,106452,1
PAY-21172,INV-52222,OMC-010,Tamoil,GB34EABH79176936763201,2025-12-06,178075,1
PAY-89298,INV-92640,OMC-009,Dalbit Petroleum,GB53VXXX35615951484656,2026-04-24,160990,1
PAY-98025,INV-70426,OMC-013,Lake Oil,GB88TEHE71937452991241,2025-04-19," KES 143,456 ",1
PAY-10889,INV-19001,OMC-012,Galana Energies,GB89GWUW86379402654235,2026-06-17,279003,1
PAY-47944,INV-71900,OMC-015,Mombasa Petroleum,GB80WOIJ43135182337498,2025-06-06,186308,1
PAY-67629,INV-70886,OMC-004,Gulf Energy,GB89GWUW86379402654235,2026-06-27,9722,2
PAY-19707,INV-97082,OMC-005,PetroOil Kenya,GB89GWUW86379402654235,2026-04-15,33728,1
PAY-25879,INV-38591,OMC-003,Rubis Energy,GB04LOQO13315098393010,2026-01-02,45775,1
PAY-93384,INV-73027,OMC-005,PetroOil Kenya,GB89GWUW86379402654235,2026-06-09,79016,1
PAY-28200,INV-23376,OMC-004,Gulf Energy,GB89GWUW86379402654235,2026-04-16,30441,1
PAY-87186,INV-38897,OMC-020,Ethiopian Oil,GB08IVAZ74821759464743,2026-03-20,12607,1
PAY-48516,INV-92195,OMC-013,Lake Oil,GB88TEHE71937452991241,2026-01-25,193785,1
PAY-79547,INV-67837,OMC-007,Kobil,GB37IDDX82449353487401,2025-06-24,202949,1
PAY-77954,INV-94873,OMC-013,Lake Oil,GB88TEHE71937452991241,,37352,1
PAY-54036,INV-35251,OMC-016,KPA Marine,GB31MOOJ96499091334123,2026-07-14,87099,1
PAY-82334,INV-70188,OMC-017,KAA Aviation,GB54HVSS04902787429671,2025-12-30,283278,1
PAY-74995,INV-25993,OMC-017,KAA Aviation,GB54HVSS04902787429671,2025-03-26,70490,1
PAY-47896,INV-31564,OMC-014,Texol Energies,GB06ONXS45314737996507,2025-04-29,108282,1
PAY-55066,INV-31991,OMC-003,Rubis Energy,GB04LOQO13315098393010,2026-08-22,43164,1
PAY-90820,INV-35020,OMC-015,Mombasa Petroleum,GB80WOIJ43135182337498,2026-05-10,47899,1
PAY-41307,INV-21005,OMC-015,Mombasa Petroleum,GB80WOIJ43135182337498,2025-09-19,123202,1
PAY-45861,INV-47794,OMC-019,Tanzania Petroleum,GB64OAXE62174596158657,2025-06-10,152337,1
PAY-54797,INV-46358,OMC-005,PetroOil Kenya,GB89GWUW86379402654235,2026-04-23,9182,2
PAY-30876,INV-37454,OMC-017,KAA Aviation,GB54HVSS04902787429671,2025-09-30,269506,1
PAY-50191,INV-89624,OMC-008,National Oil,GB08NAFX56342160733754,2026-05-08,190716,1
PAY-13941,INV-17501,OMC-009,Dalbit Petroleum,GB53VXXX35615951484656,08/04/2026,128577,1
PAY-72693,INV-77340,OMC-018,Uganda National Oil,GB73JRAR61317127484677,2025-03-17,30628,1
PAY-82297,INV-36870,OMC-005,PetroOil Kenya,GB89GWUW86379402654235,2026-05-10,24658,1
PAY-15307,INV-12511,OMC-015,Mombasa Petroleum,GB80WOIJ43135182337498,2025-10-09,189292,1
PAY-39516,INV-65054,OMC-006,Hashi Energy,GB05QCFC91361939909169,2025-09-15,199567,1
PAY-89159,INV-86480,OMC-008,National Oil,GB08NAFX56342160733754,2026-04-09,242746,1
PAY-74086,INV-21217,OMC-019,Tanzania Petroleum,GB64OAXE62174596158657,2025-04-21,149755,1
PAY-20598,INV-46100,OMC-010,Tamoil,GB34EABH79176936763201,2026-03-02,266515,1
PAY-54974,INV-25241,OMC-006,Hashi Energy,GB05QCFC91361939909169,2025-09-22,45674,1
PAY-55403,INV-80791,OMC-002,Vivo Energy,GB45OQIR01845146270482,2025-12-02,46781,1
PAY-63536,INV-95395,OMC-012,Galana Energies,GB89GWUW86379402654235,2026-06-06,53890,2
PAY-69188,INV-96288,OMC-009,Dalbit Petroleum,GB53VXXX35615951484656,2026-07-07,240233,1
PAY-79710,INV-95696,OMC-008,National Oil,GB08NAFX56342160733754,2026-05-23,110050,1
PAY-85124,INV-94650,OMC-017,KAA Aviation,GB54HVSS04902787429671,2026-06-17,46488,1
PAY-84926,INV-74812,OMC-001,TotalEnergies Kenya,GB06DMIO52553419283276,2025-10-15,96009,2
PAY-69543,INV-91609,OMC-006,Hashi Energy,GB05QCFC91361939909169,2026-01-29,204443,1
PAY-14470,INV-69311,OMC-003,Rubis Energy,GB04LOQO13315098393010,2025-09-02,50984,1
PAY-74533,INV-16516,OMC-019,Tanzania Petroleum,GB64OAXE62174596158657,2025-05-10,129831,1
PAY-17596,INV-55235,OMC-011,Hass Petroleum,GB56WGCN65876036690967,23/07/2026,149659,1
PAY-48175,INV-38336,OMC-003,Rubis Energy,GB04LOQO13315098393010,2025-12-06,292257,1
PAY-76506,INV-87525,OMC-004,Gulf Energy,GB89GWUW86379402654235,2026-05-13,176348,1
PAY-59914,INV-43871,OMC-006,Hashi Energy,GB05QCFC91361939909169,2026-05-06,83550,2
PAY-78823,INV-98528,OMC-011,Hass Petroleum,GB56WGCN65876036690967,2025-03-04,22168,1
PAY-25153,INV-39981,OMC-013,Lake Oil,GB88TEHE71937452991241,2025-06-02,190440,1
PAY-54686,INV-23355,OMC-006,Hashi Energy,GB05QCFC91361939909169,2026-05-28,30079,1
PAY-66151,INV-98371,OMC-011,Hass Petroleum,GB56WGCN65876036690967,2025-04-11,38309,1
PAY-45470,INV-87040,OMC-014,Texol Energies,GB06ONXS45314737996507,," KES 64,153 ",1
PAY-66081,INV-91996,OMC-014,Texol Energies,GB06ONXS45314737996507,2025-08-10,64811,1
PAY-17776,INV-50409,OMC-013,Lake Oil,GB88TEHE71937452991241,29/06/2026,50566,1
PAY-91414,INV-22607,OMC-012,Galana Energies,GB89GWUW86379402654235,2026-06-05,59491,2
PAY-12223,INV-95237,OMC-019,Tanzania Petroleum,GB64OAXE62174596158657,2025-11-20,236538,1
PAY-66688,INV-25671,OMC-013,Lake Oil,GB88TEHE71937452991241,2026-06-01,25349,1
PAY-90798,INV-56904,OMC-007,Kobil,GB37IDDX82449353487401,2025-06-10," KES 64,372 ",1
PAY-27592,INV-12817,OMC-016,KPA Marine,GB31MOOJ96499091334123,2025-10-26,85057,1
PAY-69596,INV-50323,OMC-014,Texol Energies,GB06ONXS45314737996507,2026-06-10,90229,1
PAY-68501,INV-37049,OMC-003,Rubis Energy,GB04LOQO13315098393010,2026-02-21,281203,1
PAY-78906,INV-47815,OMC-018,Uganda National Oil,GB73JRAR61317127484677,2025-10-29,141923,1
PAY-93540,INV-45451,OMC-001,TotalEnergies Kenya,GB06DMIO52553419283276,2025-11-20,51398,1
PAY-96065,INV-98483,OMC-004,Gulf Energy,GB89GWUW86379402654235,2026-05-23," KES 122,189 ",1
PAY-18247,INV-81923,OMC-013,Lake Oil,GB88TEHE71937452991241,2026-06-12,32424,1
PAY-48319,INV-56371,OMC-015,Mombasa Petroleum,GB80WOIJ43135182337498,17/12/2025,271789,1
PAY-26346,INV-73282,OMC-017,KAA Aviation,GB54HVSS04902787429671,2026-02-03,214916,1
PAY-50630,INV-77083,OMC-003,Rubis Energy,GB04LOQO13315098393010,2026-03-10,149174,1
PAY-92786,INV-22401,OMC-019,Tanzania Petroleum,GB64OAXE62174596158657,2025-07-28," KES 142,667 ",1
PAY-71755,INV-78591,OMC-017,KAA Aviation,GB54HVSS04902787429671,2025-09-10,61630,1
PAY-97402,INV-77237,OMC-011,Hass Petroleum,GB56WGCN65876036690967,2025-11-20,33298,1
PAY-95135,INV-61077,OMC-015,Mombasa Petroleum,GB80WOIJ43135182337498,2026-07-11,50175,1
PAY-97122,INV-79275,OMC-006,Hashi Energy,GB05QCFC91361939909169,2025-05-30,285441,1
PAY-36549,INV-34796,OMC-009,Dalbit Petroleum,GB53VXXX35615951484656,2025-10-14,39441,1
PAY-61734,INV-15742,OMC-018,Uganda National Oil,GB73JRAR61317127484677,2025-05-09,172583,1
PAY-86010,INV-54465,OMC-019,Tanzania Petroleum,GB64OAXE62174596158657,2025-05-12,39107,1
PAY-34618,INV-89912,OMC-012,Galana Energies,GB89GWUW86379402654235,2026-04-14,98631,2
PAY-23060,INV-72381,OMC-012,Galana Energies,GB89GWUW86379402654235,2026-05-18,20315,2
PAY-98959,INV-93469,OMC-016,KPA Marine,GB31MOOJ96499091334123,2025-02-18,25171,1
PAY-59683,INV-76383,OMC-011,Hass Petroleum,GB56WGCN65876036690967,2026-05-31,44859,1
PAY-99101,INV-17924,OMC-011,Hass Petroleum,GB56WGCN65876036690967,2025-07-08,241484,1
PAY-89624,INV-34966,OMC-011,Hass Petroleum,GB56WGCN65876036690967,2026-01-12,219238,1
PAY-28369,INV-43505,OMC-019,Tanzania Petroleum,GB64OAXE62174596158657,2026-01-26,43780,1
PAY-92211,INV-61825,OMC-009,Dalbit Petroleum,GB53VXXX35615951484656,2025-03-18,23991,1
PAY-31036,INV-93952,OMC-015,Mombasa Petroleum,GB80WOIJ43135182337498,2025-06-29," KES 33,837 ",1
PAY-65393,INV-27090,OMC-006,Hashi Energy,GB05QCFC91361939909169,2025-09-15," KES 201,551 ",1
PAY-50644,INV-95595,OMC-007,Kobil,GB37IDDX82449353487401,2026-01-12,95194,1
PAY-81956,INV-76770,OMC-011,Hass Petroleum,GB56WGCN65876036690967,2025-06-08,115663,1
PAY-70813,INV-44814,OMC-005,PetroOil Kenya,GB89GWUW86379402654235,2026-03-01,169719,1
PAY-47301,INV-49475,OMC-013,Lake Oil,GB88TEHE71937452991241,2026-02-24,43233,1
PAY-97163,INV-48573,OMC-001,TotalEnergies Kenya,GB06DMIO52553419283276,2026-07-20,89153,2
PAY-44082,INV-68884,OMC-019,Tanzania Petroleum,GB64OAXE62174596158657,2025-10-18,242213,1
PAY-16548,INV-16436,OMC-020,Ethiopian Oil,GB08IVAZ74821759464743,2026-04-18,107769,1
PAY-40025,INV-28943,OMC-016,KPA Marine,GB31MOOJ96499091334123,2026-03-10,40577,1
PAY-23457,INV-15205,OMC-003,Rubis Energy,GB04LOQO13315098393010,2026-07-03,38292,1
PAY-69559,INV-61804,OMC-017,KAA Aviation,GB54HVSS04902787429671,2026-07-02," KES 165,193 ",1
PAY-25641,INV-58436,OMC-013,Lake Oil,GB88TEHE71937452991241,,105152,1
PAY-65804,INV-71709,OMC-003,Rubis Energy,GB04LOQO13315098393010,21/03/2026,63161,1
PAY-44016,INV-85250,OMC-007,Kobil,GB37IDDX82449353487401,2025-05-18,214746,1
PAY-29667,INV-99614,OMC-005,PetroOil Kenya,GB89GWUW86379402654235,2026-05-30,23312,1
PAY-92658,INV-84724,OMC-008,National Oil,GB08NAFX56342160733754,2025-12-18,205841,1
PAY-50523,INV-94206,OMC-007,Kobil,GB37IDDX82449353487401,2026-06-30,27933,2
PAY-10038,INV-22084,OMC-003,Rubis Energy,GB04LOQO13315098393010,2025-11-26,104882,1
PAY-36033,INV-61922,OMC-020,Ethiopian Oil,GB08IVAZ74821759464743,2025-08-22,112028,1
PAY-15960,INV-49862,OMC-005,PetroOil Kenya,GB89GWUW86379402654235,2026-04-10,6934,2
PAY-98439,INV-98253,OMC-007,Kobil,GB37IDDX82449353487401,2025-08-16,33175,1
PAY-55512,INV-61165,OMC-012,Galana Energies,GB89GWUW86379402654235,2026-04-17,155517,1
PAY-84708,INV-38186,OMC-014,Texol Energies,GB06ONXS45314737996507,2026-05-21,76393,1
PAY-68493,INV-79304,OMC-004,Gulf Energy,GB89GWUW86379402654235,2026-04-11,33767,2
PAY-77690,INV-24476,OMC-019,Tanzania Petroleum,GB64OAXE62174596158657,2026-06-26,249256,1
PAY-59497,INV-25763,OMC-020,Ethiopian Oil,GB08IVAZ74821759464743,2025-09-14,226564,1
PAY-17183,INV-72336,OMC-016,KPA Marine,GB31MOOJ96499091334123,2025-07-15,60591,1
PAY-37351,INV-44089,OMC-017,KAA Aviation,GB54HVSS04902787429671,2025-03-16,132445,1
PAY-92012,INV-40585,OMC-009,Dalbit Petroleum,GB53VXXX35615951484656,2025-05-31,24644,1
PAY-18661,INV-73841,OMC-017,KAA Aviation,GB54HVSS04902787429671,2026-04-10,131336,1
PAY-69914,INV-17248,OMC-020,Ethiopian Oil,GB08IVAZ74821759464743,2026-04-24,173689,1
PAY-57604,INV-39960,OMC-012,Galana Energies,GB89GWUW86379402654235,22/03/2026,19111,2
PAY-46163,INV-21851,OMC-007,Kobil,GB37IDDX82449353487401,2026-02-23,32501,1
PAY-42607,INV-36793,OMC-014,Texol Energies,GB06ONXS45314737996507,2026-07-06,33118,1
PAY-32494,INV-66560,OMC-008,National Oil,GB08NAFX56342160733754,2026-07-11,23884,1
PAY-66988,INV-71324,OMC-020,Ethiopian Oil,GB08IVAZ74821759464743,2025-10-18,191415,1
PAY-55614,INV-31138,OMC-002,Vivo Energy,GB45OQIR01845146270482,2026-04-08,7537,2
PAY-56256,INV-11178,OMC-006,Hashi Energy,GB05QCFC91361939909169,2026-05-02,75183,1
PAY-32948,INV-34463,OMC-012,Galana Energies,GB89GWUW86379402654235,2026-06-05,45970,2
PAY-29522,INV-19714,OMC-001,TotalEnergies Kenya,GB06DMIO52553419283276,2025-11-14,308281,1
PAY-88097,INV-12332,OMC-007,Kobil,GB37IDDX82449353487401,2025-09-16,156442,1
PAY-10469,INV-65621,OMC-001,TotalEnergies Kenya,GB06DMIO52553419283276,2026-04-11,140878,1
PAY-28801,INV-51569,OMC-011,Hass Petroleum,GB56WGCN65876036690967,2025-02-10,134031,1
PAY-72672,INV-54550,OMC-018,Uganda National Oil,GB73JRAR61317127484677,2025-11-24,128694,1
PAY-86393,INV-72381,OMC-012,Galana Energies,GB89GWUW86379402654235,2026-04-26,29578,1
PAY-12433,INV-21838,OMC-004,Gulf Energy,GB89GWUW86379402654235,13/04/2026,15707,2
PAY-43722,INV-20444,OMC-016,KPA Marine,GB31MOOJ96499091334123,2025-07-03,41370,1
PAY-34976,INV-40896,OMC-005,PetroOil Kenya,GB89GWUW86379402654235,2026-06-06,43119,1
PAY-94804,INV-52124,OMC-011,Hass Petroleum,GB56WGCN65876036690967,2026-08-12,54770,1
PAY-83820,INV-19092,OMC-018,Uganda National Oil,GB73JRAR61317127484677,2026-05-22,170746,1
PAY-20833,INV-47171,OMC-009,Dalbit Petroleum,GB53VXXX35615951484656,2025-02-26,33059,1
PAY-56249,INV-90435,OMC-005,PetroOil Kenya,GB89GWUW86379402654235,2026-04-08," KES 138,538 ",1
PAY-82231,INV-58598,OMC-001,TotalEnergies Kenya,GB06DMIO52553419283276,2025-07-01,77350,2
PAY-50040,INV-43825,OMC-018,Uganda National Oil,GB73JRAR61317127484677,2025-02-24,115044,1
PAY-68653,INV-54528,OMC-008,National Oil,GB08NAFX56342160733754,2025-09-08,235021,1
PAY-75559,INV-47813,OMC-005,PetroOil Kenya,GB89GWUW86379402654235,2026-06-29,80972,2
PAY-10316,INV-34463,OMC-012,Galana Energies,GB89GWUW86379402654235,2026-05-10,89105,1
PAY-88688,INV-60636,OMC-002,Vivo Energy,GB45OQIR01845146270482,2025-10-03,83568,1
PAY-70570,INV-79164,OMC-019,Tanzania Petroleum,GB64OAXE62174596158657,2025-05-13,96700,1
PAY-93625,INV-23564,OMC-005,PetroOil Kenya,GB89GWUW86379402654235,2026-04-07,131939,1
PAY-14311,INV-41355,OMC-019,Tanzania Petroleum,GB64OAXE62174596158657,2026-01-08,110324,1
PAY-96598,INV-90063,OMC-013,Lake Oil,GB88TEHE71937452991241,2026-05-18,133446,1
PAY-22195,INV-98462,OMC-010,Tamoil,GB34EABH79176936763201,2026-03-26,101856,1
PAY-69693,INV-61778,OMC-018,Uganda National Oil,GB73JRAR61317127484677,2025-09-29,54163,1
PAY-81546,INV-30844,OMC-018,Uganda National Oil,GB73JRAR61317127484677,2025-06-01,243210,1
PAY-56159,INV-93384,OMC-009,Dalbit Petroleum,GB53VXXX35615951484656,2025-11-03,201826,1
PAY-77571,INV-20514,OMC-019,Tanzania Petroleum,GB64OAXE62174596158657,2026-05-05,26785,1
PAY-22256,INV-79091,OMC-020,Ethiopian Oil,GB08IVAZ74821759464743,2026-02-28,39275,1
PAY-32684,INV-66698,OMC-010,Tamoil,GB34EABH79176936763201,2025-02-15,55145,1
PAY-23809,INV-32284,OMC-018,Uganda National Oil,GB73JRAR61317127484677,2026-02-02,184080,1
PAY-94025,INV-35894,OMC-009,Dalbit Petroleum,GB53VXXX35615951484656,2025-05-31,92864,1
PAY-12989,INV-64831,OMC-004,Gulf Energy,GB89GWUW86379402654235,2026-05-11,21075,2
PAY-27006,INV-91974,OMC-004,Gulf Energy,GB89GWUW86379402654235,2026-04-17,117130,1
PAY-32081,INV-80936,OMC-010,Tamoil,GB34EABH79176936763201,2025-12-16,107381,1
PAY-55541,INV-24656,OMC-001,TotalEnergies Kenya,GB06DMIO52553419283276,2026-04-01,135024,1
PAY-85522,INV-51947,OMC-012,Galana Energies,GB89GWUW86379402654235,2026-06-21,29139,2
PAY-67742,INV-59242,OMC-003,Rubis Energy,GB04LOQO13315098393010,2025-05-20,163094,1
PAY-27493,INV-20982,OMC-007,Kobil,GB37IDDX82449353487401,2025-06-20,59578,1
PAY-11089,INV-48880,OMC-009,Dalbit Petroleum,GB53VXXX35615951484656,2026-07-07,180043,1
PAY-28861,INV-19402,OMC-017,KAA Aviation,GB54HVSS04902787429671,18/09/2025,53246,1
PAY-36171,INV-37674,OMC-014,Texol Energies,GB06ONXS45314737996507,2026-02-04," KES 8,602 ",2
PAY-93652,INV-86355,OMC-004,Gulf Energy,GB89GWUW86379402654235,2026-05-04,239633,1
PAY-52230,INV-36967,OMC-013,Lake Oil,GB88TEHE71937452991241,2025-07-30,203199,1
PAY-79583,INV-38635,OMC-020,Ethiopian Oil,GB08IVAZ74821759464743,2025-11-09,193670,1
PAY-16098,INV-38731,OMC-008,National Oil,GB08NAFX56342160733754,,40446,2
PAY-76002,INV-55450,OMC-003,Rubis Energy,GB04LOQO13315098393010,2026-07-05,50189,1
PAY-20597,INV-25282,OMC-019,Tanzania Petroleum,GB64OAXE62174596158657,2026-05-22,222293,1
PAY-15075,INV-27883,OMC-014,Texol Energies,GB06ONXS45314737996507,2025-03-09,146586,1
PAY-53976,INV-56462,OMC-014,Texol Energies,GB06ONXS45314737996507,2025-03-05," KES 227,257 ",1
PAY-79138,INV-52902,OMC-013,Lake Oil,GB88TEHE71937452991241,2026-03-12,269510,1
PAY-67107,INV-57671,OMC-004,Gulf Energy,GB89GWUW86379402654235,2026-03-21,120430,1
PAY-78011,INV-64617,OMC-011,Hass Petroleum,GB56WGCN65876036690967,2025-06-27,50423,1
PAY-66701,INV-18383,OMC-006,Hashi Energy,GB05QCFC91361939909169,13/06/2025,118506,1
PAY-26695,INV-57453,OMC-016,KPA Marine,GB31MOOJ96499091334123,01/08/2025,92392,1
PAY-76164,INV-17411,OMC-015,Mombasa Petroleum,GB80WOIJ43135182337498,2026-07-15,166092,1
PAY-26058,INV-87947,OMC-002,Vivo Energy,GB45OQIR01845146270482,08/11/2025,134020,1
PAY-66597,INV-98444,OMC-005,PetroOil Kenya,GB89GWUW86379402654235,2026-04-17,36604,2
PAY-40041,INV-82441,OMC-001,TotalEnergies Kenya,GB06DMIO52553419283276,2025-09-04,222913,1
PAY-27288,INV-67560,OMC-001,TotalEnergies Kenya,GB06DMIO52553419283276,2025-12-23,50228,1
PAY-66107,INV-83760,OMC-020,Ethiopian Oil,GB08IVAZ74821759464743,2026-02-05,240460,1
PAY-56782,INV-79133,OMC-005,PetroOil Kenya,GB89GWUW86379402654235,2026-04-21,184937,1
PAY-82119,INV-94558,OMC-020,Ethiopian Oil,GB08IVAZ74821759464743,,116902,2
PAY-97855,INV-33679,OMC-005,PetroOil Kenya,GB89GWUW86379402654235,2026-04-22,175824,1
PAY-24056,INV-96276,OMC-011,Hass Petroleum,GB56WGCN65876036690967,2026-07-26,142119,1
PAY-62818,INV-39010,OMC-011,Hass Petroleum,GB56WGCN65876036690967,2025-11-12,266739,1
PAY-74113,INV-88868,OMC-015,Mombasa Petroleum,GB80WOIJ43135182337498,2025-06-08," KES 52,228 ",1
PAY-32813,INV-20874,OMC-011,Hass Petroleum,GB56WGCN65876036690967,2026-05-14,91884,2
PAY-77492,INV-89519,OMC-004,Gulf Energy,GB89GWUW86379402654235,2026-05-27,72158,2
PAY-58087,INV-19995,OMC-004,Gulf Energy,GB89GWUW86379402654235,2026-04-04,23704,1
PAY-40700,INV-86261,OMC-020,Ethiopian Oil,GB08IVAZ74821759464743,2026-02-20,232407,1
PAY-74632,INV-44570,OMC-003,Rubis Energy,GB04LOQO13315098393010,2025-12-25,142654,1
PAY-40399,INV-31995,OMC-013,Lake Oil,GB88TEHE71937452991241,2026-05-30,61668,1
PAY-39685,INV-11874,OMC-020,Ethiopian Oil,GB08IVAZ74821759464743,2025-08-26,113139,1
PAY-96259,INV-25200,OMC-017,KAA Aviation,GB54HVSS04902787429671,2026-02-26,45076,1
PAY-42987,INV-72344,OMC-006,Hashi Energy,GB05QCFC91361939909169,2025-03-26,32262,1
PAY-73068,INV-23244,OMC-018,Uganda National Oil,GB73JRAR61317127484677,2026-07-19," KES 44,499 ",1
PAY-51684,INV-63588,OMC-007,Kobil,GB37IDDX82449353487401,2025-12-08," KES 131,960 ",1
PAY-69254,INV-55765,OMC-003,Rubis Energy,GB04LOQO13315098393010,2025-08-23,46911,1
PAY-78057,INV-35165,OMC-014,Texol Energies,GB06ONXS45314737996507,2025-03-23,148356,1
PAY-13568,INV-74906,OMC-006,Hashi Energy,GB05QCFC91361939909169,2025-09-12,53148,1
PAY-70714,INV-68404,OMC-005,PetroOil Kenya,GB89GWUW86379402654235,2026-04-28,128735,1
PAY-49075,INV-61330,OMC-008,National Oil,GB08NAFX56342160733754,2026-03-24,105605,1
PAY-93924,INV-28461,OMC-001,TotalEnergies Kenya,GB06DMIO52553419283276,2026-05-05," KES 60,740 ",1
PAY-96505,INV-73227,OMC-018,Uganda National Oil,GB73JRAR61317127484677,2025-08-24,217662,1
PAY-22860,INV-53742,OMC-010,Tamoil,GB34EABH79176936763201,2025-09-22,40737,1
PAY-47353,INV-46814,OMC-011,Hass Petroleum,GB56WGCN65876036690967,2025-05-25,29710,1
PAY-63129,INV-75969,OMC-010,Tamoil,GB34EABH79176936763201,2025-10-29,255391,1
PAY-12299,INV-20801,OMC-011,Hass Petroleum,GB56WGCN65876036690967,2025-10-23,181619,1
PAY-43642,INV-30968,OMC-010,Tamoil,GB34EABH79176936763201,2025-05-25,218122,1
PAY-13524,INV-12255,OMC-010,Tamoil,GB34EABH79176936763201,2026-06-14,244376,1
PAY-89385,INV-84832,OMC-011,Hass Petroleum,GB56WGCN65876036690967,2025-07-25,255324,1
PAY-34249,INV-34091,OMC-004,Gulf Energy,GB89GWUW86379402654235,2026-05-11,277472,1
PAY-56215,INV-82274,OMC-009,Dalbit Petroleum,GB53VXXX35615951484656,2025-03-15,184631,1
PAY-54750,INV-40861,OMC-005,PetroOil Kenya,GB89GWUW86379402654235,2026-04-16,75526,1
PAY-87806,INV-78339,OMC-020,Ethiopian Oil,GB08IVAZ74821759464743,2025-11-06,18102,2
PAY-14310,INV-90349,OMC-018,Uganda National Oil,GB73JRAR61317127484677,2025-09-07,24637,1
PAY-53408,INV-82087,OMC-012,Galana Energies,GB89GWUW86379402654235,2026-03-12,101879,1
PAY-84627,INV-71050,OMC-018,Uganda National Oil,GB73JRAR61317127484677,2025-12-26,203578,1
PAY-82241,INV-29322,OMC-004,Gulf Energy,GB89GWUW86379402654235,2026-03-02,33697,1
PAY-50755,INV-25296,OMC-016,KPA Marine,GB31MOOJ96499091334123,2025-03-16,50309,2
PAY-69061,INV-10719,OMC-017,KAA Aviation,GB54HVSS04902787429671,2025-11-22,40331,1
PAY-78526,INV-22073,OMC-011,Hass Petroleum,GB56WGCN65876036690967,2025-12-01,47490,1
PAY-67340,INV-52711,OMC-005,PetroOil Kenya,GB89GWUW86379402654235,2026-05-05,184428,1
PAY-64468,INV-75604,OMC-013,Lake Oil,GB88TEHE71937452991241,2026-05-24,103719,1
PAY-21972,INV-28467,OMC-019,Tanzania Petroleum,GB64OAXE62174596158657,2026-06-10,63168,1
PAY-74374,INV-27189,OMC-003,Rubis Energy,GB04LOQO13315098393010,2026-07-01,146528,1
PAY-23142,INV-27708,OMC-012,Galana Energies,GB89GWUW86379402654235,18/03/2026,167810,1
PAY-31310,INV-81009,OMC-007,Kobil,GB37IDDX82449353487401,2026-01-15,60083,1
PAY-32947,INV-45531,OMC-002,Vivo Energy,GB45OQIR01845146270482,2026-05-15,41484,1
PAY-26560,INV-53523,OMC-020,Ethiopian Oil,GB08IVAZ74821759464743,2025-04-05,205321,1
PAY-91478,INV-58697,OMC-019,Tanzania Petroleum,GB64OAXE62174596158657,2026-08-06,55352,1
PAY-32947,INV-65896,OMC-004,Gulf Energy,GB89GWUW86379402654235,2026-03-24," KES 91,751 ",1
PAY-59737,INV-40699,OMC-014,Texol Energies,GB06ONXS45314737996507,2026-05-13,58635,1
PAY-85303,INV-72036,OMC-013,Lake Oil,GB88TEHE71937452991241,2025-07-14,58768,1
PAY-29121,INV-37125,OMC-001,TotalEnergies Kenya,GB06DMIO52553419283276,2025-10-07,65643,1
PAY-33252,INV-88934,OMC-017,KAA Aviation,GB54HVSS04902787429671,2025-12-06,26097,1
PAY-75242,INV-24629,OMC-019,Tanzania Petroleum,GB64OAXE62174596158657,2025-03-20,91715,1
PAY-35859,INV-53460,OMC-010,Tamoil,GB34EABH79176936763201,2025-07-22,273636,1
PAY-28303,INV-88602,OMC-005,PetroOil Kenya,GB89GWUW86379402654235,2026-06-26,69657,2
PAY-61316,INV-65329,OMC-018,Uganda National Oil,GB73JRAR61317127484677,2025-11-08," KES 195,763 ",1
PAY-80683,INV-97654,OMC-014,Texol Energies,GB06ONXS45314737996507,2026-05-06,217775,1
PAY-58397,INV-27327,OMC-006,Hashi Energy,GB05QCFC91361939909169,2026-06-23,96561,1
PAY-10379,INV-62537,OMC-020,Ethiopian Oil,GB08IVAZ74821759464743,2026-07-27,149727,1
PAY-29827,INV-65567,OMC-014,Texol Energies,GB06ONXS45314737996507,2025-08-02,105013,1
PAY-17356,INV-45417,OMC-005,PetroOil Kenya,GB89GWUW86379402654235,2026-05-30,19960,2
PAY-29546,INV-68045,OMC-009,Dalbit Petroleum,GB53VXXX35615951484656,2026-04-13,169592,1
PAY-31687,INV-24281,OMC-005,PetroOil Kenya,GB89GWUW86379402654235,2026-05-17,176491,1
PAY-41236,INV-82240,OMC-011,Hass Petroleum,GB56WGCN65876036690967,2025-02-10,44763,1
PAY-77117,INV-34095,OMC-003,Rubis Energy,GB04LOQO13315098393010,29/07/2026,125771,1
PAY-63854,INV-89912,OMC-012,Galana Energies,GB89GWUW86379402654235,2026-03-18,113314,1
PAY-19246,INV-69855,OMC-007,Kobil,GB37IDDX82449353487401,2026-07-05,279870,1
PAY-52785,INV-49783,OMC-014,Texol Energies,GB06ONXS45314737996507,2025-09-04,103966,1
PAY-80762,INV-11149,OMC-008,National Oil,GB08NAFX56342160733754,,58571,2
PAY-89826,INV-70940,OMC-010,Tamoil,GB34EABH79176936763201,2026-04-26,247025,1
PAY-86946,INV-99390,OMC-017,KAA Aviation,GB54HVSS04902787429671,2026-01-25,27283,1
PAY-38765,INV-12457,OMC-002,Vivo Energy,GB45OQIR01845146270482,2026-01-16,254753,1
PAY-54362,INV-53677,OMC-003,Rubis Energy,GB04LOQO13315098393010,2025-12-09,58991,1
PAY-44907,INV-24585,OMC-006,Hashi Energy,GB05QCFC91361939909169,2025-06-06,162183,1
PAY-52227,INV-20963,OMC-017,KAA Aviation,GB54HVSS04902787429671,2025-12-16,45845,1
PAY-76685,INV-21427,OMC-002,Vivo Energy,GB45OQIR01845146270482,2025-10-05,26209,1
PAY-80772,INV-18475,OMC-017,KAA Aviation,GB54HVSS04902787429671,2026-04-07,117932,1
PAY-71470,INV-23310,OMC-017,KAA Aviation,GB54HVSS04902787429671,2025-08-26,249483,1
PAY-13695,INV-87041,OMC-012,Galana Energies,GB89GWUW86379402654235,2026-04-29," KES 269,347 ",1
PAY-73280,INV-82509,OMC-019,Tanzania Petroleum,GB64OAXE62174596158657,2026-04-10,56242,1
PAY-91949,INV-68023,OMC-019,Tanzania Petroleum,GB64OAXE62174596158657,,47232,1
PAY-42016,INV-85581,OMC-009,Dalbit Petroleum,GB53VXXX35615951484656,2025-05-27,245176,1
PAY-33648,INV-29973,OMC-019,Tanzania Petroleum,GB64OAXE62174596158657,2026-06-30,31104,1
PAY-94813,INV-85220,OMC-017,KAA Aviation,GB54HVSS04902787429671,11/12/2025,48996,1
PAY-41322,INV-88116,OMC-017,KAA Aviation,GB54HVSS04902787429671,2025-12-08,26083,1
PAY-14147,INV-68381,OMC-016,KPA Marine,GB31MOOJ96499091334123,2026-04-20,53573,1
PAY-83492,INV-35985,OMC-006,Hashi Energy,GB05QCFC91361939909169,2025-04-22,62837,1
PAY-47908,INV-41139,OMC-013,Lake Oil,GB88TEHE71937452991241,2026-03-15,215665,1
PAY-59668,INV-54382,OMC-001,TotalEnergies Kenya,GB06DMIO52553419283276,2025-04-22,131155,1
PAY-93705,INV-89769,OMC-015,Mombasa Petroleum,GB80WOIJ43135182337498,2025-02-09,47581,1
PAY-14182,INV-99079,OMC-005,PetroOil Kenya,GB89GWUW86379402654235,2026-02-19,30228,1
PAY-91933,INV-35401,OMC-008,National Oil,GB08NAFX56342160733754,2026-07-10,111393,1
PAY-65279,INV-52512,OMC-013,Lake Oil,GB88TEHE71937452991241,2025-05-25,190700,1
PAY-92447,INV-81463,OMC-017,KAA Aviation,GB54HVSS04902787429671,2025-08-17,30468,1
PAY-78811,INV-38674,OMC-019,Tanzania Petroleum,GB64OAXE62174596158657,2026-06-04,53328,1
PAY-67893,INV-86853,OMC-007,Kobil,GB37IDDX82449353487401,2026-02-12,181367,1
PAY-25026,INV-36709,OMC-011,Hass Petroleum,GB56WGCN65876036690967,2026-06-08,140314,1
PAY-59912,INV-84623,OMC-017,KAA Aviation,GB54HVSS04902787429671,23/09/2025,37923,1
PAY-81657,INV-76335,OMC-016,KPA Marine,GB31MOOJ96499091334123,2025-04-11,194794,1
PAY-96044,INV-86738,OMC-009,Dalbit Petroleum,GB53VXXX35615951484656,2025-10-02,18012,2
PAY-37207,INV-72678,OMC-011,Hass Petroleum,GB56WGCN65876036690967,2025-05-10,165006,1
PAY-45393,INV-32314,OMC-010,Tamoil,GB34EABH79176936763201,2025-07-01,58813,1
PAY-32515,INV-19645,OMC-008,National Oil,GB08NAFX56342160733754,2025-09-07,153743,1
PAY-38229,INV-20327,OMC-012,Galana Energies,GB89GWUW86379402654235,2026-05-24,144806,1
PAY-25292,INV-21791,OMC-020,Ethiopian Oil,GB08IVAZ74821759464743,2026-05-25,278208,1
PAY-94377,INV-71832,OMC-012,Galana Energies,GB89GWUW86379402654235,,5874,2
PAY-10046,INV-45621,OMC-005,PetroOil Kenya,GB89GWUW86379402654235,2026-04-26,13758,2
PAY-78971,INV-81965,OMC-018,Uganda National Oil,GB73JRAR61317127484677,2025-06-13,35704,1
PAY-51144,INV-47943,OMC-016,KPA Marine,GB31MOOJ96499091334123,2025-12-17,114108,1
PAY-43273,INV-93499,OMC-008,National Oil,GB08NAFX56342160733754,2026-01-26,42139,1
PAY-94545,INV-16904,OMC-015,Mombasa Petroleum,GB80WOIJ43135182337498,2025-04-19,41045,1
PAY-97128,INV-87966,OMC-017,KAA Aviation,GB54HVSS04902787429671,2025-12-31,42195,1
PAY-70482,INV-93147,OMC-007,Kobil,GB37IDDX82449353487401,2025-03-17," KES 196,243 ",1
PAY-68007,INV-63959,OMC-009,Dalbit Petroleum,GB53VXXX35615951484656,2025-05-19,49686,2
PAY-25255,INV-33354,OMC-016,KPA Marine,GB31MOOJ96499091334123,2026-01-26,95193,1
PAY-54208,INV-35350,OMC-006,Hashi Energy,GB05QCFC91361939909169,2025-03-13,80124,1
PAY-98101,INV-70331,OMC-006,Hashi Energy,GB05QCFC91361939909169,2025-12-16,38554,1
PAY-37484,INV-74931,OMC-004,Gulf Energy,GB89GWUW86379402654235,2026-03-29,28825,1
PAY-41199,INV-57074,OMC-002,Vivo Energy,GB45OQIR01845146270482,2025-03-11,172137,1
PAY-50205,INV-30508,OMC-015,Mombasa Petroleum,GB80WOIJ43135182337498,05/08/2026,83164,1
PAY-14002,INV-74056,OMC-005,PetroOil Kenya,GB89GWUW86379402654235,2026-06-25," KES 109,219 ",1
PAY-18571,INV-24125,OMC-019,Tanzania Petroleum,GB64OAXE62174596158657,,148594,1
PAY-96790,INV-14539,OMC-014,Texol Energies,GB06ONXS45314737996507,2025-04-10,53550,2
PAY-62844,INV-65705,OMC-004,Gulf Energy,GB89GWUW86379402654235,2026-05-28,34517,1
PAY-23921,INV-36795,OMC-003,Rubis Energy,GB04LOQO13315098393010,2025-09-25,206140,1
PAY-86124,INV-43139,OMC-012,Galana Energies,GB89GWUW86379402654235,2026-04-19,34023,1
PAY-55422,INV-19148,OMC-005,PetroOil Kenya,GB89GWUW86379402654235,27/04/2026,42894,1
PAY-35576,INV-89623,OMC-012,Galana Energies,GB89GWUW86379402654235,2026-04-08,84794,2
PAY-90759,INV-48549,OMC-013,Lake Oil,GB88TEHE71937452991241,2025-04-16,28431,1
PAY-69264,INV-95677,OMC-015,Mombasa Petroleum,GB80WOIJ43135182337498,2026-08-24,54884,1
PAY-29574,INV-34201,OMC-017,KAA Aviation,GB54HVSS04902787429671,2026-01-13,45025,1
PAY-90467,INV-82044,OMC-014,Texol Energies,GB06ONXS45314737996507,2026-02-16,168134,1
PAY-57080,INV-37230,OMC-009,Dalbit Petroleum,GB53VXXX35615951484656,2025-12-28,147091,1
PAY-82254,INV-80457,OMC-019,Tanzania Petroleum,GB64OAXE62174596158657,2025-05-23,205751,1
PAY-64720,INV-46912,OMC-017,KAA Aviation,GB54HVSS04902787429671,2025-10-10,96907,1
PAY-57701,INV-86879,OMC-019,Tanzania Petroleum,GB64OAXE62174596158657,2026-01-05,128538,1
PAY-23420,INV-28313,OMC-002,Vivo Energy,GB45OQIR01845146270482,2025-07-20,109504,1
PAY-77648,INV-12910,OMC-007,Kobil,GB37IDDX82449353487401,2025-07-02,109716,1
PAY-61398,INV-82981,OMC-007,Kobil,GB37IDDX82449353487401,2025-11-13,43757,1
PAY-44621,INV-86266,OMC-019,Tanzania Petroleum,GB64OAXE62174596158657,2025-12-19,23808,1
PAY-66055,INV-10246,OMC-001,TotalEnergies Kenya,GB06DMIO52553419283276,2025-07-01,102760,1
PAY-97015,INV-36008,OMC-001,TotalEnergies Kenya,GB06DMIO52553419283276,2026-03-03,39260,2
PAY-88503,INV-59806,OMC-007,Kobil,GB37IDDX82449353487401,2026-02-02,257602,1
PAY-61087,INV-50444,OMC-008,National Oil,GB08NAFX56342160733754,2025-12-08,249157,1
PAY-16497,INV-34312,OMC-008,National Oil,GB08NAFX56342160733754,2026-01-31,34166,1
PAY-85053,INV-44256,OMC-007,Kobil,GB37IDDX82449353487401,2026-06-18,28246,2
PAY-52625,INV-86684,OMC-005,PetroOil Kenya,GB89GWUW86379402654235,2026-05-31,105779,1
PAY-26038,INV-84789,OMC-012,Galana Energies,GB89GWUW86379402654235,,146020,1
PAY-96316,INV-97802,OMC-005,PetroOil Kenya,GB89GWUW86379402654235,2026-04-29,84796,1
PAY-84454,INV-89411,OMC-017,KAA Aviation,GB54HVSS04902787429671,2026-03-10,30762,1
PAY-78179,INV-38782,OMC-013,Lake Oil,GB88TEHE71937452991241,2026-08-10,28278,1
PAY-54194,INV-48096,OMC-006,Hashi Energy,GB05QCFC91361939909169,2025-05-30,60908,1
PAY-43345,INV-89838,OMC-011,Hass Petroleum,GB56WGCN65876036690967,2026-03-25,55320,1
PAY-62066,INV-54967,OMC-013,Lake Oil,GB88TEHE71937452991241,2025-08-11,167514,1
PAY-39524,INV-50353,OMC-012,Galana Energies,GB89GWUW86379402654235,2026-03-20,41641,1
PAY-23518,INV-23488,OMC-017,KAA Aviation,GB54HVSS04902787429671,2026-07-17,135534,1
PAY-68265,INV-14525,OMC-015,Mombasa Petroleum,GB80WOIJ43135182337498,2025-04-17,175634,1
PAY-80368,INV-95112,OMC-016,KPA Marine,GB31MOOJ96499091334123,2025-04-29,128679,1
PAY-68481,INV-54105,OMC-003,Rubis Energy,GB04LOQO13315098393010,2026-07-24,40873,1
PAY-50043,INV-22991,OMC-010,Tamoil,GB34EABH79176936763201,2026-09-19,41578,2
PAY-63232,INV-80229,OMC-016,KPA Marine,GB31MOOJ96499091334123,2025-09-11,196340,1
PAY-98155,INV-23682,OMC-019,Tanzania Petroleum,GB64OAXE62174596158657,2026-01-06,104376,1
PAY-43872,INV-27517,OMC-013,Lake Oil,GB88TEHE71937452991241,2026-04-12,59734,1
PAY-87518,INV-98759,OMC-005,PetroOil Kenya,GB89GWUW86379402654235,2026-04-30,38927,1
PAY-62421,INV-23075,OMC-005,PetroOil Kenya,GB89GWUW86379402654235,2026-06-04,75211,2
PAY-34331,INV-67677,OMC-019,Tanzania Petroleum,GB64OAXE62174596158657,2025-05-11,48055,1
PAY-81008,INV-97323,OMC-014,Texol Energies,GB06ONXS45314737996507,2025-09-21,33219,1
PAY-20787,INV-10440,OMC-009,Dalbit Petroleum,GB53VXXX35615951484656,2026-03-12,114991,1
PAY-13061,INV-81697,OMC-004,Gulf Energy,GB89GWUW86379402654235,2026-04-20,28428,2
PAY-18550,INV-45202,OMC-008,National Oil,GB08NAFX56342160733754,2025-07-11,113458,1
PAY-58866,INV-33035,OMC-002,Vivo Energy,GB45OQIR01845146270482,2026-02-11,174604,1
PAY-26122,INV-93509,OMC-003,Rubis Energy,GB04LOQO13315098393010,2025-07-10,47796,1
PAY-22793,INV-56235,OMC-019,Tanzania Petroleum,GB64OAXE62174596158657,2025-04-25,157121,1
PAY-36161,INV-17341,OMC-019,Tanzania Petroleum,GB64OAXE62174596158657,2026-07-12," KES 122,172 ",1
PAY-13553,INV-30464,OMC-010,Tamoil,GB34EABH79176936763201,2026-03-24,139348,1
PAY-29704,INV-76578,OMC-008,National Oil,GB08NAFX56342160733754,2025-09-15,114633,1
PAY-35359,INV-14556,OMC-017,KAA Aviation,GB54HVSS04902787429671,2026-05-08,212118,1
PAY-65761,INV-55886,OMC-015,Mombasa Petroleum,GB80WOIJ43135182337498,2025-05-09,212946,1
PAY-20486,INV-59885,OMC-005,PetroOil Kenya,GB89GWUW86379402654235,2026-03-28,170339,1
PAY-60229,INV-38273,OMC-002,Vivo Energy,GB45OQIR01845146270482,2025-06-15,206272,1
PAY-78261,INV-42390,OMC-014,Texol Energies,GB06ONXS45314737996507,2025-06-23,167146,1
PAY-34773,INV-87899,OMC-003,Rubis Energy,GB04LOQO13315098393010,2025-06-11,169984,1
PAY-56603,INV-82488,OMC-010,Tamoil,GB34EABH79176936763201,2025-02-06,173244,1
PAY-31177,INV-35597,OMC-001,TotalEnergies Kenya,GB06DMIO52553419283276,2025-10-18,195609,1
PAY-75814,INV-71988,OMC-010,Tamoil,GB34EABH79176936763201,15/06/2026,54038,1
PAY-44678,INV-91974,OMC-004,Gulf Energy,GB89GWUW86379402654235,2026-05-12,47642,2
PAY-80504,INV-95240,OMC-016,KPA Marine,GB31MOOJ96499091334123,2025-10-08,191948,1
PAY-86726,INV-96422,OMC-016,KPA Marine,GB31MOOJ96499091334123,2025-07-20,10577,2
PAY-57931,INV-92350,OMC-004,Gulf Energy,GB89GWUW86379402654235,2026-05-01,260493,1
PAY-92781,INV-18606,OMC-006,Hashi Energy,GB05QCFC91361939909169,2026-02-01,119520,2
PAY-89843,INV-38897,OMC-020,Ethiopian Oil,GB08IVAZ74821759464743,2026-04-18,9456,2
PAY-33922,INV-72466,OMC-006,Hashi Energy,GB05QCFC91361939909169,2026-07-12,138052,1
PAY-56209,INV-13456,OMC-008,National Oil,GB08NAFX56342160733754,2025-06-30,49636,1
PAY-27252,INV-41009,OMC-016,KPA Marine,GB31MOOJ96499091334123,2025-04-11,38007,1
PAY-33977,INV-92430,OMC-010,Tamoil,GB34EABH79176936763201,," KES 41,301 ",1
PAY-83600,INV-84660,OMC-010,Tamoil,GB34EABH79176936763201,2026-05-05,60872,1
PAY-16512,INV-52401,OMC-004,Gulf Energy,GB89GWUW86379402654235,2026-05-02,49367,1
PAY-33544,INV-71492,OMC-009,Dalbit Petroleum,GB53VXXX35615951484656,2025-04-17,12314,2
PAY-90898,INV-54755,OMC-015,Mombasa Petroleum,GB80WOIJ43135182337498,2026-06-20," KES 199,621 ",1
PAY-59756,INV-37877,OMC-002,Vivo Energy,GB45OQIR01845146270482,2026-08-20,220580,1
PAY-28203,INV-62482,OMC-006,Hashi Energy,GB05QCFC91361939909169,21/05/2026,56891,1
PAY-60711,INV-30858,OMC-011,Hass Petroleum,GB56WGCN65876036690967,2026-07-10,156335,1
PAY-40530,INV-87805,OMC-015,Mombasa Petroleum,GB80WOIJ43135182337498,2026-04-30,39909,1
PAY-25723,INV-91882,OMC-001,TotalEnergies Kenya,GB06DMIO52553419283276,,18524,1
PAY-82010,INV-22564,OMC-019,Tanzania Petroleum,GB64OAXE62174596158657,2025-05-10,167206,1
PAY-32726,INV-25189,OMC-020,Ethiopian Oil,GB08IVAZ74821759464743,2026-08-02,26482,1
PAY-88289,INV-52272,OMC-014,Texol Energies,GB06ONXS45314737996507,2025-09-15,21428,1
PAY-48974,INV-12809,OMC-015,Mombasa Petroleum,GB80WOIJ43135182337498,2026-07-24,63577,1
PAY-16948,INV-22657,OMC-018,Uganda National Oil,GB73JRAR61317127484677,2025-03-13,153154,1
PAY-10806,INV-41363,OMC-013,Lake Oil,GB88TEHE71937452991241,2025-11-05,161126,1
PAY-31944,INV-92263,OMC-018,Uganda National Oil,GB73JRAR61317127484677,2025-04-13,100994,1
PAY-44326,INV-18233,OMC-017,KAA Aviation,GB54HVSS04902787429671,2025-04-26,152481,1
PAY-18320,INV-53476,OMC-013,Lake Oil,GB88TEHE71937452991241,2026-05-16,196738,1
PAY-53708,INV-48363,OMC-015,Mombasa Petroleum,GB80WOIJ43135182337498,2026-02-10,50214,1
PAY-59549,INV-72485,OMC-013,Lake Oil,GB88TEHE71937452991241,2026-03-19,210748,1
PAY-61981,INV-79849,OMC-010,Tamoil,GB34EABH79176936763201,2026-03-09,184614,1
PAY-86899,INV-78433,OMC-008,National Oil,GB08NAFX56342160733754,2025-11-12,138273,1
PAY-25726,INV-49707,OMC-002,Vivo Energy,GB45OQIR01845146270482,2026-01-02,39256,1
PAY-43330,INV-42482,OMC-001,TotalEnergies Kenya,GB06DMIO52553419283276,2026-03-14,278134,1
PAY-19514,INV-86684,OMC-005,PetroOil Kenya,GB89GWUW86379402654235,2026-06-15,89185,2
PAY-57587,INV-95471,OMC-006,Hashi Energy,GB05QCFC91361939909169,2025-04-17,141136,1
PAY-62228,INV-37227,OMC-008,National Oil,GB08NAFX56342160733754,2025-06-28,67325,1
PAY-90444,INV-62170,OMC-009,Dalbit Petroleum,GB53VXXX35615951484656,2026-06-02,221355,1
PAY-58926,INV-36385,OMC-019,Tanzania Petroleum,GB64OAXE62174596158657,2026-01-28,79404,1
PAY-13839,INV-26744,OMC-008,National Oil,GB08NAFX56342160733754,2026-03-10,159557,1
PAY-82441,INV-11040,OMC-005,PetroOil Kenya,GB89GWUW86379402654235,2026-05-15,146801,1
PAY-40418,INV-67710,OMC-009,Dalbit Petroleum,GB53VXXX35615951484656,2025-07-08,50215,1
PAY-63280,INV-33815,OMC-004,Gulf Energy,GB89GWUW86379402654235,2026-03-17," KES 42,410 ",2
PAY-67414,INV-79453,OMC-008,National Oil,GB08NAFX56342160733754,2025-10-30,136365,1
PAY-75503,INV-68950,OMC-005,PetroOil Kenya,GB89GWUW86379402654235,2026-06-21,21862,2
PAY-15485,INV-57522,OMC-019,Tanzania Petroleum,GB64OAXE62174596158657,2025-12-12,216157,1
PAY-57639,INV-56791,OMC-003,Rubis Energy,GB04LOQO13315098393010,2026-07-03,117776,1
PAY-33031,INV-48986,OMC-020,Ethiopian Oil,GB08IVAZ74821759464743,2025-03-23,12005,2
PAY-66300,INV-81456,OMC-011,Hass Petroleum,GB56WGCN65876036690967,2026-04-06,14015,1
PAY-47116,INV-52625,OMC-008,National Oil,GB08NAFX56342160733754,2025-12-09,107327,1
PAY-42511,INV-32424,OMC-011,Hass Petroleum,GB56WGCN65876036690967,2026-06-19,180784,1
PAY-23894,INV-40170,OMC-006,Hashi Energy,GB05QCFC91361939909169,2025-01-16,85004,1
PAY-85365,INV-37362,OMC-018,Uganda National Oil,GB73JRAR61317127484677,2025-12-26,45208,1
PAY-40126,INV-81465,OMC-002,Vivo Energy,GB45OQIR01845146270482,2026-05-28,159814,1
PAY-46296,INV-41965,OMC-017,KAA Aviation,GB54HVSS04902787429671,2025-05-03,152597,1
PAY-28644,INV-43279,OMC-014,Texol Energies,GB06ONXS45314737996507,17/04/2026,79571,1
PAY-53444,INV-91001,OMC-014,Texol Energies,GB06ONXS45314737996507,2025-05-30,53704,2
PAY-62624,INV-73749,OMC-014,Texol Energies,GB06ONXS45314737996507,2026-06-29,207984,1
PAY-96332,INV-43035,OMC-002,Vivo Energy,GB45OQIR01845146270482,2025-07-10,59674,1
PAY-94211,INV-93273,OMC-005,PetroOil Kenya,GB89GWUW86379402654235,2026-03-26,226108,1
PAY-13844,INV-41479,OMC-014,Texol Energies,GB06ONXS45314737996507,,29501,1
PAY-82965,INV-39693,OMC-011,Hass Petroleum,GB56WGCN65876036690967,2025-03-15,160818,1
PAY-59570,INV-96307,OMC-018,Uganda National Oil,GB73JRAR61317127484677,2026-04-26,11336,2
PAY-98773,INV-71242,OMC-003,Rubis Energy,GB04LOQO13315098393010,2025-04-17," KES 34,407 ",1
PAY-51973,INV-21178,OMC-011,Hass Petroleum,GB56WGCN65876036690967,2025-05-24,122729,1
PAY-19662,INV-71663,OMC-006,Hashi Energy,GB05QCFC91361939909169,2026-05-12,249776,1
PAY-46208,INV-73041,OMC-008,National Oil,GB08NAFX56342160733754,28/04/2026,278010,1
PAY-67223,INV-21808,OMC-007,Kobil,GB37IDDX82449353487401,02/07/2025,261886,1
PAY-31987,INV-85879,OMC-018,Uganda National Oil,GB73JRAR61317127484677,,45131,1
PAY-19859,INV-38105,OMC-006,Hashi Energy,GB05QCFC91361939909169,2025-08-21,124372,1
PAY-57728,INV-53648,OMC-020,Ethiopian Oil,GB08IVAZ74821759464743,2026-05-04,126865,1
PAY-12910,INV-45933,OMC-012,Galana Energies,GB89GWUW86379402654235,2026-05-29,213025,1
PAY-33301,INV-32642,OMC-006,Hashi Energy,GB05QCFC91361939909169,2025-07-19,55571,1
PAY-96617,INV-59812,OMC-019,Tanzania Petroleum,GB64OAXE62174596158657,2026-05-06,33701,1
PAY-27542,INV-59216,OMC-002,Vivo Energy,GB45OQIR01845146270482,2026-02-07,160768,1
PAY-88445,INV-57980,OMC-005,PetroOil Kenya,GB89GWUW86379402654235,2026-05-30,91066,2
PAY-55100,INV-93190,OMC-011,Hass Petroleum,GB56WGCN65876036690967,2026-02-11,95367,1
PAY-97096,INV-43644,OMC-020,Ethiopian Oil,GB08IVAZ74821759464743,2025-06-24,6618,2
PAY-88413,INV-16998,OMC-002,Vivo Energy,GB45OQIR01845146270482,2026-08-22,103145,1
PAY-94402,INV-42249,OMC-013,Lake Oil,GB88TEHE71937452991241,2025-05-30,174920,1
PAY-41735,INV-99579,OMC-019,Tanzania Petroleum,GB64OAXE62174596158657,2026-04-27,31629,1
PAY-97845,INV-94914,OMC-018,Uganda National Oil,GB73JRAR61317127484677,2025-06-08," KES 130,263 ",1
PAY-99822,INV-22183,OMC-009,Dalbit Petroleum,GB53VXXX35615951484656,2025-12-10," KES 70,145 ",1
PAY-73656,INV-30262,OMC-012,Galana Energies,GB89GWUW86379402654235,2026-05-01,147313,1
PAY-99855,INV-23578,OMC-006,Hashi Energy,GB05QCFC91361939909169,2025-08-13,34217,1
PAY-86587,INV-91734,OMC-015,Mombasa Petroleum,GB80WOIJ43135182337498,2025-08-21,35214,1
PAY-62489,INV-31828,OMC-009,Dalbit Petroleum,GB53VXXX35615951484656,2026-01-09,25671,2
PAY-85499,INV-99889,OMC-009,Dalbit Petroleum,GB53VXXX35615951484656,2025-03-28,81230,2
PAY-29832,INV-56366,OMC-007,Kobil,GB37IDDX82449353487401,2025-09-11,160169,1
PAY-88043,INV-31878,OMC-011,Hass Petroleum,GB56WGCN65876036690967,2025-12-27,62425,1
PAY-70173,INV-22743,OMC-009,Dalbit Petroleum,GB53VXXX35615951484656,2026-06-18,136836,1
PAY-10024,INV-87017,OMC-004,Gulf Energy,GB89GWUW86379402654235,2026-04-17,18936,2
PAY-74037,INV-47527,OMC-010,Tamoil,GB34EABH79176936763201,27/10/2025,60594,1
PAY-16643,INV-89185,OMC-014,Texol Energies,GB06ONXS45314737996507,2025-09-15,157875,1
PAY-89494,INV-98312,OMC-020,Ethiopian Oil,GB08IVAZ74821759464743,2025-04-17,67041,2
PAY-12485,INV-27551,OMC-017,KAA Aviation,GB54HVSS04902787429671,2026-03-12,125024,1
PAY-44560,INV-24675,OMC-007,Kobil,GB37IDDX82449353487401,2026-05-01,171605,1
PAY-73628,INV-81581,OMC-010,Tamoil,GB34EABH79176936763201,2025-03-30,250111,1
PAY-84106,INV-69802,OMC-018,Uganda National Oil,GB73JRAR61317127484677,2025-06-20,33803,1
PAY-54342,INV-79895,OMC-001,TotalEnergies Kenya,GB06DMIO52553419283276,2025-12-01,164335,1
PAY-69554,INV-31327,OMC-016,KPA Marine,GB31MOOJ96499091334123,2025-03-07,257590,1
PAY-49171,INV-35856,OMC-020,Ethiopian Oil,GB08IVAZ74821759464743,2025-04-05,32206,1
PAY-72535,INV-82119,OMC-016,KPA Marine,GB31MOOJ96499091334123,2025-12-14,36855,1
PAY-34712,INV-66384,OMC-020,Ethiopian Oil,GB08IVAZ74821759464743,2026-03-06,58129,1
PAY-80599,INV-73926,OMC-011,Hass Petroleum,GB56WGCN65876036690967,2026-01-12,38395,1
PAY-36425,INV-97171,OMC-010,Tamoil,GB34EABH79176936763201,2026-08-08,43160,1
PAY-41608,INV-31288,OMC-011,Hass Petroleum,GB56WGCN65876036690967,2026-03-02,32279,1
PAY-48086,INV-98114,OMC-015,Mombasa Petroleum,GB80WOIJ43135182337498,2025-08-02,22879,1
PAY-87841,INV-31532,OMC-011,Hass Petroleum,GB56WGCN65876036690967,2025-04-15,153162,1
PAY-71302,INV-67052,OMC-008,National Oil,GB08NAFX56342160733754,2025-07-21,34557,1
PAY-76683,INV-23716,OMC-001,TotalEnergies Kenya,GB06DMIO52553419283276,2026-05-01,43253,1
PAY-74280,INV-87362,OMC-016,KPA Marine,GB31MOOJ96499091334123,2025-12-26,97225,2
PAY-11500,INV-25952,OMC-016,KPA Marine,GB31MOOJ96499091334123,2026-07-25,52654,1
PAY-80967,INV-52073,OMC-012,Galana Energies,GB89GWUW86379402654235,,90720,1
PAY-17265,INV-14969,OMC-017,KAA Aviation,GB54HVSS04902787429671,2026-04-19,35318,1
PAY-26287,INV-20710,OMC-010,Tamoil,GB34EABH79176936763201,2025-12-22,48876,1
PAY-13618,INV-76607,OMC-003,Rubis Energy,GB04LOQO13315098393010,,53167,1
PAY-73152,INV-91991,OMC-011,Hass Petroleum,GB56WGCN65876036690967,,85819,1
PAY-32419,INV-40008,OMC-017,KAA Aviation,GB54HVSS04902787429671,2025-04-20,54237,1
PAY-63491,INV-35930,OMC-004,Gulf Energy,GB89GWUW86379402654235,2026-06-27,44191,2
PAY-63898,INV-26300,OMC-010,Tamoil,GB34EABH79176936763201,2025-04-25,37831,1
PAY-57080,INV-66986,OMC-018,Uganda National Oil,GB73JRAR61317127484677,2025-07-15,141292,1
PAY-51200,INV-15355,OMC-005,PetroOil Kenya,GB89GWUW86379402654235,27/04/2026,162027,1
PAY-23076,INV-63603,OMC-005,PetroOil Kenya,GB89GWUW86379402654235,,194258,1
PAY-88146,INV-26406,OMC-005,PetroOil Kenya,GB89GWUW86379402654235,2026-05-28,135177,1
PAY-35516,INV-79743,OMC-003,Rubis Energy,GB04LOQO13315098393010,2026-07-12,143520,1
PAY-86411,INV-95601,OMC-017,KAA Aviation,GB54HVSS04902787429671,,48455,1
PAY-12715,INV-49305,OMC-001,TotalEnergies Kenya,GB06DMIO52553419283276,,11752,2
PAY-61652,INV-84197,OMC-007,Kobil,GB37IDDX82449353487401,2026-05-25,50435,1
PAY-37716,INV-52007,OMC-019,Tanzania Petroleum,GB64OAXE62174596158657,2025-06-03,180391,1
PAY-18190,INV-76190,OMC-012,Galana Energies,GB89GWUW86379402654235,2026-06-20,29326,2
PAY-35234,INV-91850,OMC-010,Tamoil,GB34EABH79176936763201,2026-04-26,143755,1
PAY-27632,INV-27033,OMC-007,Kobil,GB37IDDX82449353487401,2025-07-07,115339,1
PAY-12045,INV-84374,OMC-008,National Oil,GB08NAFX56342160733754,2025-11-14,266096,1
PAY-55221,INV-91882,OMC-001,TotalEnergies Kenya,GB06DMIO52553419283276,,15673,2
PAY-39643,INV-44673,OMC-012,Galana Energies,GB89GWUW86379402654235,2026-05-10,23789,2
PAY-52970,INV-48938,OMC-012,Galana Energies,GB89GWUW86379402654235,2026-05-13,77315,1
PAY-34221,INV-72297,OMC-016,KPA Marine,GB31MOOJ96499091334123,2026-05-25,34180,1
PAY-47939,INV-19024,OMC-001,TotalEnergies Kenya,GB06DMIO52553419283276,2025-11-26,69808,2
PAY-82321,INV-99820,OMC-018,Uganda National Oil,GB73JRAR61317127484677,2025-09-30,25746,1
PAY-40087,INV-16231,OMC-003,Rubis Energy,GB04LOQO13315098393010,2025-11-12,45877,1
PAY-79765,INV-86467,OMC-003,Rubis Energy,GB04LOQO13315098393010,2026-05-04,40297,1
PAY-46448,INV-92588,OMC-003,Rubis Energy,GB04LOQO13315098393010,2026-03-24,126772,1
PAY-34646,INV-65914,OMC-015,Mombasa Petroleum,GB80WOIJ43135182337498,2025-03-26,136767,1
PAY-35716,INV-82840,OMC-001,TotalEnergies Kenya,GB06DMIO52553419283276,2026-05-17,58940,1
PAY-82089,INV-37240,OMC-010,Tamoil,GB34EABH79176936763201,2025-07-01,43052,1
PAY-37030,INV-75623,OMC-017,KAA Aviation,GB54HVSS04902787429671,2025-04-07,176587,1
PAY-62445,INV-28722,OMC-009,Dalbit Petroleum,GB53VXXX35615951484656,2025-12-30,16391,1
PAY-78316,INV-21158,OMC-004,Gulf Energy,GB89GWUW86379402654235,2026-03-22,136788,1
PAY-54662,INV-42992,OMC-006,Hashi Energy,GB05QCFC91361939909169,2026-09-09,46319,2
PAY-16427,INV-13521,OMC-017,KAA Aviation,GB54HVSS04902787429671,2026-05-12,50508,1
PAY-45106,INV-50146,OMC-014,Texol Energies,GB06ONXS45314737996507,2026-07-24,65812,1
PAY-42567,INV-85898,OMC-020,Ethiopian Oil,GB08IVAZ74821759464743,2025-11-20," KES 56,279 ",1
PAY-28155,INV-23224,OMC-005,PetroOil Kenya,GB89GWUW86379402654235,31/03/2026,232520,1
PAY-80019,INV-53764,OMC-020,Ethiopian Oil,GB08IVAZ74821759464743,,55315,1
PAY-24894,INV-91352,OMC-020,Ethiopian Oil,GB08IVAZ74821759464743,2026-02-07,240019,1
PAY-34559,INV-20707,OMC-009,Dalbit Petroleum,GB53VXXX35615951484656,2025-03-13,185250,1
PAY-88966,INV-31820,OMC-001,TotalEnergies Kenya,GB06DMIO52553419283276,2025-10-25,235793,1
PAY-54331,INV-64648,OMC-011,Hass Petroleum,GB56WGCN65876036690967,2025-06-03,105272,1
PAY-74148,INV-24163,OMC-010,Tamoil,GB34EABH79176936763201,2026-05-31,225255,1
PAY-57074,INV-79390,OMC-001,TotalEnergies Kenya,GB06DMIO52553419283276,2025-07-19,30858,1
PAY-45178,INV-58392,OMC-012,Galana Energies,GB89GWUW86379402654235,2026-04-16,220777,1
PAY-73667,INV-64579,OMC-011,Hass Petroleum,GB56WGCN65876036690967,2026-05-23,163791,1
PAY-71430,INV-60170,OMC-004,Gulf Energy,GB89GWUW86379402654235,2026-04-05,64432,1
PAY-82828,INV-25180,OMC-019,Tanzania Petroleum,GB64OAXE62174596158657,2025-02-18,45711,1
PAY-54871,INV-74665,OMC-006,Hashi Energy,GB05QCFC91361939909169,2026-01-22,61502,1
PAY-66084,INV-81511,OMC-004,Gulf Energy,GB89GWUW86379402654235,2026-04-12,150296,2
PAY-32243,INV-57926,OMC-019,Tanzania Petroleum,GB64OAXE62174596158657,2025-06-27,32705,1
PAY-86307,INV-48558,OMC-008,National Oil,GB08NAFX56342160733754,,19686,1
PAY-94165,INV-62168,OMC-003,Rubis Energy,GB04LOQO13315098393010,2026-05-19,51018,2
PAY-49705,INV-22354,OMC-015,Mombasa Petroleum,GB80WOIJ43135182337498,2025-12-24,174369,1
PAY-39085,INV-19753,OMC-005,PetroOil Kenya,GB89GWUW86379402654235,2026-03-22,110908,1
PAY-36442,INV-77299,OMC-014,Texol Energies,GB06ONXS45314737996507,," KES 188,765 ",1
PAY-88592,INV-44299,OMC-009,Dalbit Petroleum,GB53VXXX35615951484656,2025-11-26,74551,1
PAY-80240,INV-45044,OMC-008,National Oil,GB08NAFX56342160733754,2025-08-21,204459,1
PAY-86806,INV-53803,OMC-013,Lake Oil,GB88TEHE71937452991241,2026-01-09,75021,1
PAY-19451,INV-29992,OMC-011,Hass Petroleum,GB56WGCN65876036690967,2026-06-26,26955,1
PAY-86398,INV-11389,OMC-007,Kobil,GB37IDDX82449353487401,2025-03-06,173402,1
PAY-10272,INV-23567,OMC-002,Vivo Energy,GB45OQIR01845146270482,2025-07-17,45251,1
PAY-39643,INV-36278,OMC-011,Hass Petroleum,GB56WGCN65876036690967,2025-02-10,202060,1
PAY-92529,INV-17840,OMC-014,Texol Energies,GB06ONXS45314737996507,2025-10-06,177605,1
PAY-11807,INV-12863,OMC-002,Vivo Energy,GB45OQIR01845146270482,2025-03-14,35573,1
PAY-30086,INV-15081,OMC-016,KPA Marine,GB31MOOJ96499091334123,2025-12-31,16811,2
PAY-31389,INV-73711,OMC-002,Vivo Energy,GB45OQIR01845146270482,2025-12-19,89316,1
PAY-47647,INV-12284,OMC-006,Hashi Energy,GB05QCFC91361939909169,2025-05-20,27253,1
PAY-49167,INV-77564,OMC-007,Kobil,GB37IDDX82449353487401,2025-06-20,151711,1
PAY-47247,INV-49596,OMC-005,PetroOil Kenya,GB89GWUW86379402654235,2026-03-04,99771,1
PAY-80648,INV-72912,OMC-017,KAA Aviation,GB54HVSS04902787429671,2026-04-25,275941,1
PAY-68623,INV-32681,OMC-001,TotalEnergies Kenya,GB06DMIO52553419283276,2026-01-26,171576,1
PAY-48844,INV-28313,OMC-002,Vivo Energy,GB45OQIR01845146270482,2025-08-13,82036,2
PAY-17772,INV-30788,OMC-008,National Oil,GB08NAFX56342160733754,2025-04-28,32543,1
PAY-38306,INV-17797,OMC-011,Hass Petroleum,GB56WGCN65876036690967,2025-12-11,203203,1
PAY-35383,INV-56939,OMC-001,TotalEnergies Kenya,GB06DMIO52553419283276,2026-05-09,119111,1
PAY-87066,INV-10658,OMC-011,Hass Petroleum,GB56WGCN65876036690967,2026-01-06,32830,1
PAY-87874,INV-83146,OMC-011,Hass Petroleum,GB56WGCN65876036690967,2025-11-24,13424,2
PAY-32028,INV-57967,OMC-017,KAA Aviation,GB54HVSS04902787429671,2025-10-05,27612,1
PAY-93237,INV-50809,OMC-005,PetroOil Kenya,GB89GWUW86379402654235,2026-05-27,84627,1
PAY-17996,INV-65516,OMC-005,PetroOil Kenya,GB89GWUW86379402654235,2026-04-22,11016,2
PAY-10514,INV-64112,OMC-003,Rubis Energy,GB04LOQO13315098393010,2026-03-16,245588,1
PAY-62325,INV-61073,OMC-017,KAA Aviation,GB54HVSS04902787429671,2025-04-07,116100,1
PAY-14030,INV-29426,OMC-005,PetroOil Kenya,GB89GWUW86379402654235,2026-05-08,11760,2
PAY-11302,INV-31924,OMC-006,Hashi Energy,GB05QCFC91361939909169,2025-10-12,149916,1
PAY-62122,INV-84093,OMC-005,PetroOil Kenya,GB89GWUW86379402654235,2026-04-19,133877,1
PAY-92291,INV-96779,OMC-009,Dalbit Petroleum,GB53VXXX35615951484656,2026-04-18,96361,2
PAY-93628,INV-64389,OMC-004,Gulf Energy,GB89GWUW86379402654235,2026-05-28,70052,1
PAY-38471,INV-64074,OMC-003,Rubis Energy,GB04LOQO13315098393010,2026-03-17,208259,1
PAY-73376,INV-50576,OMC-014,Texol Energies,GB06ONXS45314737996507,2025-11-29,40734,1
PAY-55801,INV-31247,OMC-008,National Oil,GB08NAFX56342160733754,2025-12-04,38780,1
PAY-38136,INV-90058,OMC-010,Tamoil,GB34EABH79176936763201,2026-07-11,22731,1
PAY-45275,INV-41424,OMC-011,Hass Petroleum,GB56WGCN65876036690967,2025-06-25,21473,1
PAY-88309,INV-27404,OMC-019,Tanzania Petroleum,GB64OAXE62174596158657,2026-04-09,211270,1
PAY-36396,INV-72261,OMC-014,Texol Energies,GB06ONXS45314737996507,2026-02-15,182478,1
PAY-48704,INV-98838,OMC-017,KAA Aviation,GB54HVSS04902787429671,2026-05-01,47937,1
PAY-54965,INV-66774,OMC-020,Ethiopian Oil,GB08IVAZ74821759464743,2025-12-11,277198,1
PAY-34665,INV-76722,OMC-018,Uganda National Oil,GB73JRAR61317127484677,2025-08-15,122961,1
PAY-14475,INV-77398,OMC-003,Rubis Energy,GB04LOQO13315098393010,2025-06-29,54784,1
PAY-14814,INV-12941,OMC-017,KAA Aviation,GB54HVSS04902787429671,2026-03-14,260719,1
PAY-27287,INV-71413,OMC-006,Hashi Energy,GB05QCFC91361939909169,2025-12-03,207993,1
PAY-62694,INV-92699,OMC-012,Galana Energies,GB89GWUW86379402654235,2026-05-20,189780,1
PAY-82247,INV-16285,OMC-014,Texol Energies,GB06ONXS45314737996507,2026-07-01,23147,1
PAY-30107,INV-93566,OMC-015,Mombasa Petroleum,GB80WOIJ43135182337498,2025-09-19,44148,1
PAY-72973,INV-16823,OMC-011,Hass Petroleum,GB56WGCN65876036690967,2025-10-22,165364,1
PAY-42452,INV-13425,OMC-010,Tamoil,GB34EABH79176936763201,2025-06-10,252794,1
PAY-81447,INV-52732,OMC-009,Dalbit Petroleum,GB53VXXX35615951484656,2026-04-30,167802,1
PAY-29509,INV-26584,OMC-017,KAA Aviation,GB54HVSS04902787429671,2026-03-07," KES 33,764 ",1
PAY-51300,INV-75305,OMC-005,PetroOil Kenya,GB89GWUW86379402654235,2026-04-28,205153,1
PAY-88309,INV-27404,OMC-019,Tanzania Petroleum,GB64OAXE62174596158657,2026-04-09,211270,1
PAY-99465,INV-16243,OMC-003,Rubis Energy,GB04LOQO13315098393010,2025-03-28,41891,1
PAY-48249,INV-46590,OMC-015,Mombasa Petroleum,GB80WOIJ43135182337498,2026-03-11,43259,1
PAY-37345,INV-54637,OMC-015,Mombasa Petroleum,GB80WOIJ43135182337498,2026-02-27,95642,1
PAY-52391,INV-48456,OMC-014,Texol Energies,GB06ONXS45314737996507,2025-02-27,52397,1
PAY-81019,INV-59288,OMC-016,KPA Marine,GB31MOOJ96499091334123,2026-07-09,177835,1
PAY-91116,INV-33678,OMC-004,Gulf Energy,GB89GWUW86379402654235,2026-06-07,57885,1
PAY-58885,INV-65036,OMC-006,Hashi Energy,GB05QCFC91361939909169,2025-10-20,269418,1
PAY-11132,INV-86592,OMC-011,Hass Petroleum,GB56WGCN65876036690967,2025-12-03,125978,1
PAY-12323,INV-98591,OMC-015,Mombasa Petroleum,GB80WOIJ43135182337498,2025-04-20,187001,1
PAY-12056,INV-18032,OMC-013,Lake Oil,GB88TEHE71937452991241,2026-04-04,30756,1
PAY-56382,INV-43735,OMC-006,Hashi Energy,GB05QCFC91361939909169,2025-12-26,221045,1
PAY-41565,INV-39836,OMC-019,Tanzania Petroleum,GB64OAXE62174596158657,2026-05-27,153546,1
PAY-71788,INV-13709,OMC-017,KAA Aviation,GB54HVSS04902787429671,2026-02-27,131705,1
PAY-83868,INV-89708,OMC-007,Kobil,GB37IDDX82449353487401,2026-02-22,298882,1
PAY-57547,INV-38368,OMC-015,Mombasa Petroleum,GB80WOIJ43135182337498,2025-10-21,123783,1
PAY-71828,INV-67495,OMC-015,Mombasa Petroleum,GB80WOIJ43135182337498,2025-08-10,150655,1
PAY-64012,INV-57973,OMC-001,TotalEnergies Kenya,GB06DMIO52553419283276,2026-01-12,149556,1
PAY-44215,INV-66661,OMC-009,Dalbit Petroleum,GB53VXXX35615951484656,2025-08-22,44601,2
PAY-60880,INV-58335,OMC-009,Dalbit Petroleum,GB53VXXX35615951484656,2026-03-09,67073,1
PAY-30393,INV-99263,OMC-015,Mombasa Petroleum,GB80WOIJ43135182337498,2025-12-11,198432,1
PAY-24665,INV-47889,OMC-007,Kobil,GB37IDDX82449353487401,2026-03-21,81291,1
PAY-88377,INV-56148,OMC-005,PetroOil Kenya,GB89GWUW86379402654235,2026-04-04,41565,1
PAY-55127,INV-49231,OMC-017,KAA Aviation,GB54HVSS04902787429671,2026-08-16,152484,1
PAY-23188,INV-23966,OMC-018,Uganda National Oil,GB73JRAR61317127484677,2026-04-28,59416,1
PAY-81009,INV-65503,OMC-002,Vivo Energy,GB45OQIR01845146270482,2026-05-29,31594,1
PAY-31690,INV-84475,OMC-016,KPA Marine,GB31MOOJ96499091334123,2025-09-08,35569,1
PAY-90988,INV-30406,OMC-016,KPA Marine,GB31MOOJ96499091334123,2026-01-07," KES 42,061 ",2
PAY-79605,INV-51646,OMC-007,Kobil,GB37IDDX82449353487401,2025-10-03,31446,1
PAY-60879,INV-80050,OMC-013,Lake Oil,GB88TEHE71937452991241,2025-07-12,51126,1
PAY-75883,INV-18423,OMC-005,PetroOil Kenya,GB89GWUW86379402654235,2026-05-04,44142,1
PAY-67002,INV-20485,OMC-009,Dalbit Petroleum,GB53VXXX35615951484656,2025-08-07,46367,2
PAY-63055,INV-32400,OMC-004,Gulf Energy,GB89GWUW86379402654235,2026-06-08,28867,1
PAY-43308,INV-97428,OMC-017,KAA Aviation,GB54HVSS04902787429671,2026-03-14,55372,1
PAY-61891,INV-87870,OMC-003,Rubis Energy,GB04LOQO13315098393010,2026-04-18,273549,1
PAY-71045,INV-26442,OMC-006,Hashi Energy,GB05QCFC91361939909169,13/01/2026,117688,1
PAY-38806,INV-14501,OMC-007,Kobil,GB37IDDX82449353487401,2025-07-08,149346,1
PAY-63507,INV-85519,OMC-002,Vivo Energy,GB45OQIR01845146270482,2025-08-24,33545,1
PAY-98254,INV-35792,OMC-010,Tamoil,GB34EABH79176936763201,2026-03-05," KES 53,347 ",1
PAY-24009,INV-35646,OMC-010,Tamoil,GB34EABH79176936763201,2025-08-30,127595,1
PAY-76742,INV-70327,OMC-004,Gulf Energy,GB89GWUW86379402654235,2026-05-01,14234,2
PAY-78988,INV-30188,OMC-002,Vivo Energy,GB45OQIR01845146270482,2025-09-12,32471,1
PAY-35040,INV-42409,OMC-002,Vivo Energy,GB45OQIR01845146270482,,117165,1
PAY-91636,INV-96954,OMC-014,Texol Energies,GB06ONXS45314737996507,2025-06-06,27763,1
PAY-91279,INV-31870,OMC-005,PetroOil Kenya,GB89GWUW86379402654235,2026-05-04,43795,2
PAY-28868,INV-22797,OMC-008,National Oil,GB08NAFX56342160733754,2025-11-25,98821,1
PAY-14274,INV-24691,OMC-014,Texol Energies,GB06ONXS45314737996507,2025-07-29,121778,1
PAY-69503,INV-70606,OMC-008,National Oil,GB08NAFX56342160733754,2025-11-21,105463,1
PAY-66396,INV-54789,OMC-010,Tamoil,GB34EABH79176936763201,2026-01-09,138960,1
PAY-60247,INV-97770,OMC-014,Texol Energies,GB06ONXS45314737996507,2025-07-11,60575,1
PAY-22061,INV-14828,OMC-002,Vivo Energy,GB45OQIR01845146270482,2025-10-30,62069,1
PAY-45936,INV-63970,OMC-014,Texol Energies,GB06ONXS45314737996507,04/06/2025,93843,1
PAY-70831,INV-99493,OMC-002,Vivo Energy,GB45OQIR01845146270482,03/08/2025,96078,1
PAY-80016,INV-46400,OMC-007,Kobil,GB37IDDX82449353487401,2025-08-13,107066,1
PAY-67094,INV-33906,OMC-015,Mombasa Petroleum,GB80WOIJ43135182337498,2025-11-14,46486,1
PAY-97525,INV-90139,OMC-011,Hass Petroleum,GB56WGCN65876036690967,2026-06-06,31254,2
PAY-19008,INV-18640,OMC-004,Gulf Energy,GB89GWUW86379402654235,2026-02-28,67107,1
PAY-78532,INV-86687,OMC-007,Kobil,GB37IDDX82449353487401,2026-03-19,176665,1
PAY-86936,INV-96422,OMC-016,KPA Marine,GB31MOOJ96499091334123,2025-06-26,14358,1
PAY-17620,INV-14543,OMC-018,Uganda National Oil,GB73JRAR61317127484677,2026-01-10,49367,1
PAY-80009,INV-18301,OMC-006,Hashi Energy,GB05QCFC91361939909169,2025-05-04,168804,1
PAY-93148,INV-38816,OMC-007,Kobil,GB37IDDX82449353487401,2025-09-09,277926,1
PAY-24758,INV-98029,OMC-020,Ethiopian Oil,GB08IVAZ74821759464743,2025-06-14,26454,1
PAY-35241,INV-78209,OMC-004,Gulf Energy,GB89GWUW86379402654235,2026-07-02,44299,2
PAY-92698,INV-46621,OMC-017,KAA Aviation,GB54HVSS04902787429671,2026-07-27,49938,1
PAY-13188,INV-96967,OMC-018,Uganda National Oil,GB73JRAR61317127484677,2026-01-05,38617,1
PAY-57712,INV-95019,OMC-004,Gulf Energy,GB89GWUW86379402654235,2026-03-26,51346,1
PAY-58750,INV-63716,OMC-010,Tamoil,GB34EABH79176936763201,2025-02-28,209439,1
PAY-43964,INV-63144,OMC-014,Texol Energies,GB06ONXS45314737996507,2026-05-10," KES 31,510 ",2
PAY-63128,INV-85549,OMC-009,Dalbit Petroleum,GB53VXXX35615951484656,2025-05-23,209487,1
PAY-28832,INV-71866,OMC-017,KAA Aviation,GB54HVSS04902787429671,2026-07-19,63430,1
PAY-50926,INV-13612,OMC-003,Rubis Energy,GB04LOQO13315098393010,2025-02-15,210303,1
PAY-93214,INV-17140,OMC-015,Mombasa Petroleum,GB80WOIJ43135182337498,2025-11-07,268945,1
PAY-17252,INV-77037,OMC-020,Ethiopian Oil,GB08IVAZ74821759464743,03/01/2026,275185,1
PAY-47375,INV-32763,OMC-006,Hashi Energy,GB05QCFC91361939909169,,46955,1
PAY-69099,INV-43882,OMC-003,Rubis Energy,GB04LOQO13315098393010,2026-06-15,65572,1
PAY-80286,INV-93445,OMC-019,Tanzania Petroleum,GB64OAXE62174596158657,2026-05-30,33921,1
PAY-47303,INV-98140,OMC-002,Vivo Energy,GB45OQIR01845146270482,2025-11-18,27934,1
PAY-46566,INV-13722,OMC-002,Vivo Energy,GB45OQIR01845146270482,16/05/2026,282562,1
PAY-34824,INV-65421,OMC-010,Tamoil,GB34EABH79176936763201,2025-08-20,42828,1
PAY-53630,INV-83740,OMC-019,Tanzania Petroleum,GB64OAXE62174596158657,2026-08-05,279275,1
PAY-64813,INV-68883,OMC-010,Tamoil,GB34EABH79176936763201,2026-07-13,45868,1
PAY-35318,INV-40890,OMC-010,Tamoil,GB34EABH79176936763201,2026-07-31,177474,1
PAY-93680,INV-88173,OMC-017,KAA Aviation,GB54HVSS04902787429671,2025-12-11,229740,1
PAY-76105,INV-91776,OMC-016,KPA Marine,GB31MOOJ96499091334123,2025-09-06,25860,1
PAY-89346,INV-40349,OMC-020,Ethiopian Oil,GB08IVAZ74821759464743,2025-02-26,258628,1
PAY-43808,INV-79144,OMC-010,Tamoil,GB34EABH79176936763201,2025-03-17,267459,1
PAY-28353,INV-32505,OMC-016,KPA Marine,GB31MOOJ96499091334123,12/01/2026,49588,1
PAY-77753,INV-95283,OMC-006,Hashi Energy,GB05QCFC91361939909169,2025-12-10,49253,1
PAY-30730,INV-90118,OMC-001,TotalEnergies Kenya,GB06DMIO52553419283276,2026-07-28,35565,1
PAY-97360,INV-11935,OMC-011,Hass Petroleum,GB56WGCN65876036690967,2025-02-24,59528,1
PAY-16271,INV-84020,OMC-003,Rubis Energy,GB04LOQO13315098393010,2025-11-09,102698,2
PAY-73569,INV-76139,OMC-004,Gulf Energy,GB89GWUW86379402654235,2026-04-04,36563,1
PAY-28104,INV-58438,OMC-001,TotalEnergies Kenya,GB06DMIO52553419283276,2025-10-08,29885,1
PAY-69976,INV-45390,OMC-007,Kobil,GB37IDDX82449353487401,2025-05-14,24063,1
PAY-64828,INV-79916,OMC-001,TotalEnergies Kenya,GB06DMIO52553419283276,2025-08-09,9355,2
PAY-69600,INV-42232,OMC-001,TotalEnergies Kenya,GB06DMIO52553419283276,2026-06-01,23913,1
PAY-68907,INV-48373,OMC-014,Texol Energies,GB06ONXS45314737996507,22/06/2025,68936,2
PAY-47571,INV-73309,OMC-005,PetroOil Kenya,GB89GWUW86379402654235,2026-05-05,36117,2
PAY-89174,INV-75654,OMC-004,Gulf Energy,GB89GWUW86379402654235,2026-05-19,193274,1
PAY-68990,INV-63545,OMC-015,Mombasa Petroleum,GB80WOIJ43135182337498,2025-02-10,39520,1
PAY-99206,INV-75660,OMC-018,Uganda National Oil,GB73JRAR61317127484677,2025-12-25,33545,1
PAY-78980,INV-77454,OMC-009,Dalbit Petroleum,GB53VXXX35615951484656,2025-11-17,132135,1
PAY-36649,INV-18477,OMC-013,Lake Oil,GB88TEHE71937452991241,2026-06-15,276110,1
PAY-74822,INV-15429,OMC-013,Lake Oil,GB88TEHE71937452991241,2025-06-16,131218,1
PAY-88113,INV-58026,OMC-006,Hashi Energy,GB05QCFC91361939909169,2025-09-09," KES 27,541 ",1
PAY-72702,INV-12556,OMC-019,Tanzania Petroleum,GB64OAXE62174596158657,2025-06-08,27244,1
PAY-43746,INV-37736,OMC-015,Mombasa Petroleum,GB80WOIJ43135182337498,2025-10-25,25418,1
PAY-74914,INV-22702,OMC-002,Vivo Energy,GB45OQIR01845146270482,2025-05-31,59675,1
PAY-90918,INV-65121,OMC-001,TotalEnergies Kenya,GB06DMIO52553419283276,2025-03-10,36603,2
PAY-38199,INV-45205,OMC-018,Uganda National Oil,GB73JRAR61317127484677,2025-11-21,32551,1
PAY-19266,INV-21211,OMC-008,National Oil,GB08NAFX56342160733754,2026-05-22,219555,1
PAY-68170,INV-71623,OMC-016,KPA Marine,GB31MOOJ96499091334123,2026-08-12,148241,1
PAY-30040,INV-33063,OMC-019,Tanzania Petroleum,GB64OAXE62174596158657,2025-07-19,37363,1
PAY-69111,INV-55028,OMC-016,KPA Marine,GB31MOOJ96499091334123,2025-10-02,189209,1
PAY-36029,INV-60951,OMC-020,Ethiopian Oil,GB08IVAZ74821759464743,2026-01-03,111757,1
PAY-27821,INV-54804,OMC-018,Uganda National Oil,GB73JRAR61317127484677,2026-06-19,34921,2
PAY-77966,INV-47372,OMC-005,PetroOil Kenya,GB89GWUW86379402654235,2026-04-27,22884,1
PAY-73090,INV-38043,OMC-009,Dalbit Petroleum,GB53VXXX35615951484656,2025-11-13,46138,1
PAY-39725,INV-35512,OMC-020,Ethiopian Oil,GB08IVAZ74821759464743,2025-06-03," KES 76,811 ",1
PAY-84054,INV-58055,OMC-002,Vivo Energy,GB45OQIR01845146270482,2026-05-09,17978,2
PAY-35093,INV-97332,OMC-009,Dalbit Petroleum,GB53VXXX35615951484656,2025-08-13,102777,1
PAY-86936,INV-96422,OMC-016,KPA Marine,GB31MOOJ96499091334123,2025-06-26,14358,1
PAY-68718,INV-90252,OMC-007,Kobil,GB37IDDX82449353487401,2025-10-27,239796,1
PAY-71998,INV-85737,OMC-011,Hass Petroleum,GB56WGCN65876036690967,2025-08-04,51384,2
PAY-32856,INV-12890,OMC-011,Hass Petroleum,GB56WGCN65876036690967,2025-06-15,27419,1
PAY-13970,INV-97738,OMC-004,Gulf Energy,GB89GWUW86379402654235,2026-05-05,197399,1
PAY-97224,INV-73120,OMC-009,Dalbit Petroleum,GB53VXXX35615951484656,2025-07-12,73428,1
PAY-94794,INV-21666,OMC-006,Hashi Energy,GB05QCFC91361939909169,2025-08-21,40704,1
PAY-27802,INV-72108,OMC-017,KAA Aviation,GB54HVSS04902787429671,2026-06-15,38909,1
PAY-71514,INV-14415,OMC-004,Gulf Energy,GB89GWUW86379402654235,2026-03-20,79140,1
PAY-50061,INV-15302,OMC-013,Lake Oil,GB88TEHE71937452991241,2026-06-16,25908,1
PAY-52222,INV-83870,OMC-009,Dalbit Petroleum,GB53VXXX35615951484656,2026-03-27,115003,1
PAY-32815,INV-87698,OMC-020,Ethiopian Oil,GB08IVAZ74821759464743,2025-05-06,143054,1
PAY-16782,INV-32830,OMC-018,Uganda National Oil,GB73JRAR61317127484677,2025-12-25,46080,1
PAY-61809,INV-64361,OMC-001,TotalEnergies Kenya,GB06DMIO52553419283276,2025-04-14,49948,1
PAY-63743,INV-60534,OMC-002,Vivo Energy,GB45OQIR01845146270482,04/05/2026,61553,1
PAY-70146,INV-15288,OMC-012,Galana Energies,GB89GWUW86379402654235,2026-04-11,141629,1
PAY-12875,INV-41135,OMC-003,Rubis Energy,GB04LOQO13315098393010,2026-07-12,201779,1
PAY-43111,INV-31577,OMC-015,Mombasa Petroleum,GB80WOIJ43135182337498,2025-07-09,209698,1
PAY-23341,INV-46102,OMC-003,Rubis Energy,GB04LOQO13315098393010,2025-07-18,51909,1
PAY-80004,INV-26856,OMC-004,Gulf Energy,GB89GWUW86379402654235,2026-06-17,27520,2
PAY-36940,INV-87034,OMC-016,KPA Marine,GB31MOOJ96499091334123,2025-02-11,77756,1
PAY-25790,INV-14755,OMC-004,Gulf Energy,GB89GWUW86379402654235,2026-06-10,7792,2
PAY-56638,INV-12490,OMC-012,Galana Energies,GB89GWUW86379402654235,2026-03-23,59508,2
PAY-80818,INV-93035,OMC-018,Uganda National Oil,GB73JRAR61317127484677,2026-06-30," KES 220,378 ",1
PAY-13184,INV-65126,OMC-007,Kobil,GB37IDDX82449353487401,2025-03-20,77120,1
PAY-44103,INV-55802,OMC-017,KAA Aviation,GB54HVSS04902787429671,2026-08-03,158098,1
PAY-76234,INV-67022,OMC-012,Galana Energies,GB89GWUW86379402654235,2026-04-07,190444,1
PAY-79816,INV-35510,OMC-018,Uganda National Oil,GB73JRAR61317127484677,2025-12-09,88043,1
PAY-65781,INV-41067,OMC-016,KPA Marine,GB31MOOJ96499091334123,2026-01-29,149507,1
PAY-85523,INV-19201,OMC-002,Vivo Energy,GB45OQIR01845146270482,2025-06-17," KES 78,717 ",1
PAY-65616,INV-59275,OMC-015,Mombasa Petroleum,GB80WOIJ43135182337498,2026-07-22,199286,1
PAY-73873,INV-99687,OMC-008,National Oil,GB08NAFX56342160733754,2025-06-13,49646,1
PAY-30871,INV-92360,OMC-012,Galana Energies,GB89GWUW86379402654235,2026-04-21,114470,1
PAY-11485,INV-71379,OMC-005,PetroOil Kenya,GB89GWUW86379402654235,2026-05-08,171285,1
PAY-17378,INV-74045,OMC-016,KPA Marine,GB31MOOJ96499091334123,2025-09-17,11171,2
PAY-16857,INV-48377,OMC-001,TotalEnergies Kenya,GB06DMIO52553419283276,2026-02-21,166419,1
PAY-77505,INV-22230,OMC-004,Gulf Energy,GB89GWUW86379402654235,2026-03-28,14029,1
PAY-82583,INV-85532,OMC-003,Rubis Energy,GB04LOQO13315098393010,2026-03-30,31673,1
PAY-53699,INV-91217,OMC-001,TotalEnergies Kenya,GB06DMIO52553419283276,2025-08-06,56838,1
PAY-57463,INV-84590,OMC-019,Tanzania Petroleum,GB64OAXE62174596158657,2026-02-08," KES 17,974 ",2
PAY-36215,INV-75478,OMC-004,Gulf Energy,GB89GWUW86379402654235,2026-03-26,48518,1
PAY-17247,INV-10159,OMC-007,Kobil,GB37IDDX82449353487401,2026-03-26,23739,1
PAY-17192,INV-35795,OMC-003,Rubis Energy,GB04LOQO13315098393010,2025-10-16," KES 145,721 ",1
PAY-27812,INV-11695,OMC-007,Kobil,GB37IDDX82449353487401,2025-07-04,43922,1
PAY-34236,INV-48709,OMC-001,TotalEnergies Kenya,GB06DMIO52553419283276,2026-01-23,111976,1
PAY-74662,INV-72859,OMC-009,Dalbit Petroleum,GB53VXXX35615951484656,2026-03-29,91209,1
PAY-60923,INV-64293,OMC-020,Ethiopian Oil,GB08IVAZ74821759464743,2025-05-06,60039,2
PAY-69298,INV-55391,OMC-016,KPA Marine,GB31MOOJ96499091334123,,26076,1
PAY-58456,INV-27797,OMC-020,Ethiopian Oil,GB08IVAZ74821759464743,2025-07-18,120973,1
PAY-69148,INV-47835,OMC-016,KPA Marine,GB31MOOJ96499091334123,2025-01-25,247596,1
PAY-91480,INV-27986,OMC-012,Galana Energies,GB89GWUW86379402654235,2026-06-08,11488,2
PAY-29232,INV-68907,OMC-001,TotalEnergies Kenya,GB06DMIO52553419283276,2025-06-01,198442,1
PAY-39316,INV-16020,OMC-007,Kobil,GB37IDDX82449353487401,2026-07-16,29935,1
PAY-17708,INV-11323,OMC-013,Lake Oil,GB88TEHE71937452991241,2025-06-22,100425,1
PAY-99394,INV-39175,OMC-012,Galana Energies,GB89GWUW86379402654235,2026-04-04,38126,1
PAY-31744,INV-74070,OMC-015,Mombasa Petroleum,GB80WOIJ43135182337498,2025-04-17,197348,1
PAY-40826,INV-49290,OMC-017,KAA Aviation,GB54HVSS04902787429671,2025-11-29,40184,1
PAY-81150,INV-47609,OMC-002,Vivo Energy,GB45OQIR01845146270482,2026-02-19,46284,1
PAY-15009,INV-72882,OMC-016,KPA Marine,GB31MOOJ96499091334123,2025-07-02,163583,1
PAY-81127,INV-47086,OMC-016,KPA Marine,GB31MOOJ96499091334123,2026-03-11,28473,1
PAY-17457,INV-39397,OMC-003,Rubis Energy,GB04LOQO13315098393010,2026-07-18,84056,1
PAY-51921,INV-90626,OMC-017,KAA Aviation,GB54HVSS04902787429671,2026-08-06,166016,1
PAY-42693,INV-57003,OMC-014,Texol Energies,GB06ONXS45314737996507,2025-04-05,146059,1
PAY-99203,INV-24560,OMC-018,Uganda National Oil,GB73JRAR61317127484677,2025-12-14,148626,1
PAY-78408,INV-95084,OMC-005,PetroOil Kenya,GB89GWUW86379402654235,2026-06-12,256375,1
PAY-80077,INV-66568,OMC-006,Hashi Energy,GB05QCFC91361939909169,2025-12-29,33433,1
PAY-63545,INV-65874,OMC-008,National Oil,GB08NAFX56342160733754,07/08/2026,169012,1
PAY-82506,INV-56496,OMC-019,Tanzania Petroleum,GB64OAXE62174596158657,2026-01-10,27212,1
PAY-90348,INV-26076,OMC-017,KAA Aviation,GB54HVSS04902787429671,2025-09-26,101861,1
PAY-66936,INV-28539,OMC-003,Rubis Energy,GB04LOQO13315098393010,,182218,1
PAY-16234,INV-10572,OMC-006,Hashi Energy,GB05QCFC91361939909169,2025-03-25,140108,1
PAY-34035,INV-48954,OMC-012,Galana Energies,GB89GWUW86379402654235,27/04/2026," KES 66,487 ",1
PAY-84249,INV-17468,OMC-005,PetroOil Kenya,GB89GWUW86379402654235,2026-04-03,71860,1
PAY-69780,INV-46439,OMC-016,KPA Marine,GB31MOOJ96499091334123,,33616,1
PAY-26224,INV-90635,OMC-002,Vivo Energy,GB45OQIR01845146270482,2026-03-07,100857,1
PAY-12835,INV-29425,OMC-001,TotalEnergies Kenya,GB06DMIO52553419283276,28/03/2025,271392,1
PAY-60470,INV-61426,OMC-011,Hass Petroleum,GB56WGCN65876036690967,2025-09-08,106975,1
PAY-19512,INV-63849,OMC-014,Texol Energies,GB06ONXS45314737996507,2026-04-30,140703,1
PAY-41773,INV-44289,OMC-007,Kobil,GB37IDDX82449353487401,2025-08-05,45178,1
PAY-22068,INV-75131,OMC-013,Lake Oil,GB88TEHE71937452991241,2026-01-23,42607,1
PAY-51343,INV-47996,OMC-001,TotalEnergies Kenya,GB06DMIO52553419283276,2025-09-28,107679,1
PAY-69543,INV-75896,OMC-004,Gulf Energy,GB89GWUW86379402654235,2026-04-11,93563,2
PAY-57837,INV-60098,OMC-015,Mombasa Petroleum,GB80WOIJ43135182337498,2025-10-21,50733,1
PAY-73569,INV-83469,OMC-011,Hass Petroleum,GB56WGCN65876036690967,2025-11-14,39516,1
PAY-79952,INV-53025,OMC-020,Ethiopian Oil,GB08IVAZ74821759464743,2026-02-18,61262,1
PAY-32030,INV-52861,OMC-013,Lake Oil,GB88TEHE71937452991241,2026-03-26,161398,1
PAY-47514,INV-14042,OMC-011,Hass Petroleum,GB56WGCN65876036690967,2025-08-04,5013,2
PAY-68945,INV-25429,OMC-020,Ethiopian Oil,GB08IVAZ74821759464743,2025-08-01,63186,1
PAY-17364,INV-43134,OMC-002,Vivo Energy,GB45OQIR01845146270482,2026-03-17,67206,1
PAY-94625,INV-48693,OMC-011,Hass Petroleum,GB56WGCN65876036690967,2025-05-07,33503,1
PAY-76901,INV-78992,OMC-017,KAA Aviation,GB54HVSS04902787429671,25/11/2025," KES 38,644 ",1
PAY-78970,INV-52086,OMC-013,Lake Oil,GB88TEHE71937452991241,2025-03-15,257710,1
PAY-69099,INV-31497,OMC-001,TotalEnergies Kenya,GB06DMIO52553419283276,2025-12-16,46208,1
PAY-37521,INV-54054,OMC-002,Vivo Energy,GB45OQIR01845146270482,2025-09-23,120721,1
PAY-18635,INV-44566,OMC-017,KAA Aviation,GB54HVSS04902787429671,2026-07-11,24278,1
PAY-40322,INV-20824,OMC-009,Dalbit Petroleum,GB53VXXX35615951484656,2025-06-03,25662,1
PAY-16734,INV-37087,OMC-007,Kobil,GB37IDDX82449353487401,2025-04-21,246400,1
PAY-99238,INV-95706,OMC-005,PetroOil Kenya,GB89GWUW86379402654235,2026-04-22,15138,2
PAY-61031,INV-72028,OMC-016,KPA Marine,GB31MOOJ96499091334123,2025-09-20,116999,1
PAY-61373,INV-95466,OMC-008,National Oil,GB08NAFX56342160733754,2026-07-27,136590,1
PAY-51626,INV-49908,OMC-008,National Oil,GB08NAFX56342160733754,2025-12-10,27702,1
PAY-62444,INV-27072,OMC-001,TotalEnergies Kenya,GB06DMIO52553419283276,2025-05-07,123761,1
PAY-90603,INV-52611,OMC-020,Ethiopian Oil,GB08IVAZ74821759464743,2025-02-20,126932,1
PAY-16513,INV-50384,OMC-003,Rubis Energy,GB04LOQO13315098393010,2026-03-08,240606,1
PAY-74872,INV-56782,OMC-005,PetroOil Kenya,GB89GWUW86379402654235,2026-04-24," KES 118,440 ",2
PAY-77739,INV-62548,OMC-007,Kobil,GB37IDDX82449353487401,21/06/2026,29771,1
PAY-35393,INV-78252,OMC-017,KAA Aviation,GB54HVSS04902787429671,2025-12-19,48829,1
PAY-36299,INV-80952,OMC-006,Hashi Energy,GB05QCFC91361939909169,2026-01-01,107014,1
PAY-93894,INV-51354,OMC-001,TotalEnergies Kenya,GB06DMIO52553419283276,2025-11-24,60917,2
PAY-73687,INV-66190,OMC-019,Tanzania Petroleum,GB64OAXE62174596158657,2026-03-19,17237,2
PAY-69514,INV-84425,OMC-002,Vivo Energy,GB45OQIR01845146270482,2025-04-02,80836,2
PAY-67784,INV-14911,OMC-003,Rubis Energy,GB04LOQO13315098393010,2026-07-08,124171,1
PAY-49289,INV-86843,OMC-015,Mombasa Petroleum,GB80WOIJ43135182337498,2026-02-11,151632,1
PAY-46549,INV-76929,OMC-007,Kobil,GB37IDDX82449353487401,2025-04-05,79042,1
PAY-33116,INV-12985,OMC-009,Dalbit Petroleum,GB53VXXX35615951484656,2026-04-29,32579,1
PAY-63218,INV-80254,OMC-012,Galana Energies,GB89GWUW86379402654235,30/04/2026,234049,1
PAY-61548,INV-41851,OMC-020,Ethiopian Oil,GB08IVAZ74821759464743,2026-06-05," KES 33,652 ",1
PAY-88413,INV-86455,OMC-001,TotalEnergies Kenya,GB06DMIO52553419283276,2025-10-10,182941,1
PAY-70437,INV-76113,OMC-009,Dalbit Petroleum,GB53VXXX35615951484656,2025-12-17,16194,1
PAY-79433,INV-33271,OMC-005,PetroOil Kenya,GB89GWUW86379402654235,2026-05-19,101584,1
PAY-47894,INV-43106,OMC-010,Tamoil,GB34EABH79176936763201,2026-03-01,199640,1
PAY-17711,INV-75531,OMC-020,Ethiopian Oil,GB08IVAZ74821759464743,2025-12-02,115532,1
PAY-43703,INV-54857,OMC-006,Hashi Energy,GB05QCFC91361939909169,2026-06-05,126899,1
PAY-99378,INV-68331,OMC-014,Texol Energies,GB06ONXS45314737996507,2025-05-06,123368,1
PAY-16841,INV-66209,OMC-015,Mombasa Petroleum,GB80WOIJ43135182337498,2025-07-09,291460,1
PAY-42832,INV-40196,OMC-015,Mombasa Petroleum,GB80WOIJ43135182337498,2026-07-07,36627,1
PAY-18027,INV-72823,OMC-008,National Oil,GB08NAFX56342160733754,2025-11-14,115650,1
PAY-28832,INV-87988,OMC-007,Kobil,GB37IDDX82449353487401,2025-03-12,132811,1
PAY-52759,INV-93025,OMC-004,Gulf Energy,GB89GWUW86379402654235,2026-06-08,166305,1
PAY-74970,INV-85226,OMC-005,PetroOil Kenya,GB89GWUW86379402654235,2026-03-24,206303,1
PAY-33531,INV-69232,OMC-010,Tamoil,GB34EABH79176936763201,2026-07-06,223207,1
PAY-44535,INV-85576,OMC-010,Tamoil,GB34EABH79176936763201,2025-07-04,78604,1
PAY-87596,INV-58041,OMC-006,Hashi Energy,GB05QCFC91361939909169,2026-01-11,29685,1
PAY-16364,INV-46194,OMC-013,Lake Oil,GB88TEHE71937452991241,2026-08-02,29314,1
PAY-16965,INV-80795,OMC-016,KPA Marine,GB31MOOJ96499091334123,2025-11-06,77599,2
PAY-55159,INV-29322,OMC-004,Gulf Energy,GB89GWUW86379402654235,2026-03-30,13400,2
PAY-99086,INV-55547,OMC-003,Rubis Energy,GB04LOQO13315098393010,2026-06-05,48928,1
PAY-70725,INV-19441,OMC-013,Lake Oil,GB88TEHE71937452991241,2025-06-23,58987,1
PAY-84004,INV-44313,OMC-018,Uganda National Oil,GB73JRAR61317127484677,2025-03-13,27137,1
PAY-31483,INV-93371,OMC-007,Kobil,GB37IDDX82449353487401,2025-02-15,183099,1
PAY-23327,INV-71697,OMC-015,Mombasa Petroleum,GB80WOIJ43135182337498,,281131,1
PAY-68581,INV-31898,OMC-001,TotalEnergies Kenya,GB06DMIO52553419283276,2026-06-05,43645,1
PAY-62170,INV-78955,OMC-002,Vivo Energy,GB45OQIR01845146270482,2025-09-06,192663,1
PAY-57210,INV-77389,OMC-014,Texol Energies,GB06ONXS45314737996507,2026-05-02,24579,1
PAY-84538,INV-25449,OMC-008,National Oil,GB08NAFX56342160733754,2026-06-26,254975,1
PAY-53103,INV-41204,OMC-010,Tamoil,GB34EABH79176936763201,2025-07-15," KES 167,507 ",1
PAY-66137,INV-99048,OMC-001,TotalEnergies Kenya,GB06DMIO52553419283276,2026-05-09,146873,1
PAY-85314,INV-25248,OMC-011,Hass Petroleum,GB56WGCN65876036690967,2025-08-02,21923,1
PAY-40137,INV-14278,OMC-012,Galana Energies,GB89GWUW86379402654235,2026-06-13,152848,1
PAY-17752,INV-70911,OMC-006,Hashi Energy,GB05QCFC91361939909169,2025-12-06,172130,1
PAY-81658,INV-14059,OMC-020,Ethiopian Oil,GB08IVAZ74821759464743,25/08/2025," KES 52,070 ",1
PAY-47482,INV-34335,OMC-006,Hashi Energy,GB05QCFC91361939909169,2025-12-19,223125,1
PAY-93488,INV-13728,OMC-017,KAA Aviation,GB54HVSS04902787429671,30/12/2025,30027,1
PAY-47916,INV-97514,OMC-005,PetroOil Kenya,GB89GWUW86379402654235,2026-07-11,118887,2
PAY-39416,INV-85002,OMC-011,Hass Petroleum,GB56WGCN65876036690967,2026-01-10,284700,1
PAY-89971,INV-91166,OMC-008,National Oil,GB08NAFX56342160733754,11/04/2026,47026,2
PAY-40883,INV-66811,OMC-008,National Oil,GB08NAFX56342160733754,,55067,1
PAY-31073,INV-82352,OMC-013,Lake Oil,GB88TEHE71937452991241,2025-11-05,55800,1
PAY-54225,INV-78077,OMC-005,PetroOil Kenya,GB89GWUW86379402654235,01/06/2026,24855,2
PAY-65830,INV-84331,OMC-010,Tamoil,GB34EABH79176936763201,2025-03-10,59551,1
PAY-81348,INV-69064,OMC-018,Uganda National Oil,GB73JRAR61317127484677,2025-05-19,26539,1
PAY-32926,INV-87554,OMC-008,National Oil,GB08NAFX56342160733754,2025-12-16,49656,1
PAY-27760,INV-83204,OMC-015,Mombasa Petroleum,GB80WOIJ43135182337498,2025-04-20,86479,1
PAY-56066,INV-72168,OMC-001,TotalEnergies Kenya,GB06DMIO52553419283276,2026-08-02,98917,2
PAY-37778,INV-18601,OMC-020,Ethiopian Oil,GB08IVAZ74821759464743,,283123,1
PAY-87091,INV-86619,OMC-010,Tamoil,GB34EABH79176936763201,2025-03-22,121549,1
PAY-54131,INV-75992,OMC-003,Rubis Energy,GB04LOQO13315098393010,2026-01-29,103901,1
PAY-90954,INV-16906,OMC-004,Gulf Energy,GB89GWUW86379402654235,2026-05-21,31532,2
PAY-26440,INV-48938,OMC-012,Galana Energies,GB89GWUW86379402654235,2026-05-31,28724,2
PAY-15904,INV-70688,OMC-003,Rubis Energy,GB04LOQO13315098393010,2025-11-29,234042,1
PAY-65738,INV-50890,OMC-003,Rubis Energy,GB04LOQO13315098393010,23/09/2025,189013,1
PAY-97870,INV-34631,OMC-008,National Oil,GB08NAFX56342160733754,2025-04-26,113492,1
PAY-11504,INV-94708,OMC-010,Tamoil,GB34EABH79176936763201,2026-02-02,23390,1
PAY-45970,INV-11331,OMC-016,KPA Marine,GB31MOOJ96499091334123,2025-09-30,196360,1
PAY-49294,INV-89435,OMC-001,TotalEnergies Kenya,GB06DMIO52553419283276,,7927,2
PAY-26701,INV-63563,OMC-016,KPA Marine,GB31MOOJ96499091334123,2026-01-11,251159,1
PAY-72902,INV-73862,OMC-004,Gulf Energy,GB89GWUW86379402654235,2026-03-15,194573,1
PAY-95443,INV-61868,OMC-001,TotalEnergies Kenya,GB06DMIO52553419283276,23/03/2026,19646,1
PAY-86393,INV-72381,OMC-012,Galana Energies,GB89GWUW86379402654235,2026-04-26,29578,1
PAY-76125,INV-55324,OMC-006,Hashi Energy,GB05QCFC91361939909169,2026-04-21,46835,1
PAY-74099,INV-79011,OMC-020,Ethiopian Oil,GB08IVAZ74821759464743,2026-01-31,44454,1
PAY-15150,INV-40647,OMC-015,Mombasa Petroleum,GB80WOIJ43135182337498,2025-03-25,173691,1
PAY-22044,INV-70508,OMC-008,National Oil,GB08NAFX56342160733754,2025-08-19,44568,1
PAY-76233,INV-13726,OMC-013,Lake Oil,GB88TEHE71937452991241,2025-11-27,60351,1
PAY-40513,INV-90951,OMC-011,Hass Petroleum,GB56WGCN65876036690967,2026-07-03,45316,1
PAY-21609,INV-42492,OMC-007,Kobil,GB37IDDX82449353487401,2025-12-20," KES 47,644 ",1
PAY-23236,INV-21492,OMC-011,Hass Petroleum,GB56WGCN65876036690967,,48878,1
PAY-68266,INV-44190,OMC-012,Galana Energies,GB89GWUW86379402654235,2026-05-27,96404,1
PAY-29561,INV-10653,OMC-019,Tanzania Petroleum,GB64OAXE62174596158657,2025-04-02,145621,1
PAY-55805,INV-94724,OMC-018,Uganda National Oil,GB73JRAR61317127484677,2025-05-12,75332,2
PAY-19042,INV-97508,OMC-010,Tamoil,GB34EABH79176936763201,2025-07-10,25859,1
PAY-54779,INV-40041,OMC-007,Kobil,GB37IDDX82449353487401,2026-05-20,216579,1
PAY-44914,INV-37221,OMC-002,Vivo Energy,GB45OQIR01845146270482,,142703,1
PAY-25978,INV-95664,OMC-003,Rubis Energy,GB04LOQO13315098393010,2025-09-30,24181,1
PAY-15960,INV-49862,OMC-005,PetroOil Kenya,GB89GWUW86379402654235,2026-04-10,6934,2
PAY-15787,INV-90700,OMC-018,Uganda National Oil,GB73JRAR61317127484677,2025-05-06,29632,1
PAY-69129,INV-55624,OMC-020,Ethiopian Oil,GB08IVAZ74821759464743,2025-03-23,36010,1
PAY-34926,INV-82032,OMC-009,Dalbit Petroleum,GB53VXXX35615951484656,2026-03-20,116544,1
PAY-15974,INV-41222,OMC-019,Tanzania Petroleum,GB64OAXE62174596158657,2026-06-25,240696,1
PAY-89094,INV-86238,OMC-010,Tamoil,GB34EABH79176936763201,2025-02-15,195539,1
PAY-91772,INV-50775,OMC-003,Rubis Energy,GB04LOQO13315098393010,2026-05-07,134099,1
PAY-64177,INV-24607,OMC-008,National Oil,GB08NAFX56342160733754,2025-07-27,31963,1
PAY-45199,INV-72569,OMC-010,Tamoil,GB34EABH79176936763201,2025-02-10,119949,1
PAY-55288,INV-19523,OMC-017,KAA Aviation,GB54HVSS04902787429671,2026-05-17,38914,1
PAY-35999,INV-34305,OMC-018,Uganda National Oil,GB73JRAR61317127484677,2025-09-21,148335,1
PAY-77175,INV-22421,OMC-016,KPA Marine,GB31MOOJ96499091334123,2026-03-21,6797,2
PAY-80152,INV-56351,OMC-005,PetroOil Kenya,GB89GWUW86379402654235,22/06/2026,171294,1
PAY-57705,INV-73909,OMC-012,Galana Energies,GB89GWUW86379402654235,2026-03-30,188746,1
PAY-27767,INV-75582,OMC-016,KPA Marine,GB31MOOJ96499091334123,2026-04-02,60784,1
PAY-45821,INV-74888,OMC-006,Hashi Energy,GB05QCFC91361939909169,2026-03-24,77578,1
PAY-22823,INV-88357,OMC-001,TotalEnergies Kenya,GB06DMIO52553419283276,2026-05-07,89135,2
PAY-62260,INV-62979,OMC-003,Rubis Energy,GB04LOQO13315098393010,,36477,1
PAY-73866,INV-75337,OMC-020,Ethiopian Oil,GB08IVAZ74821759464743,2026-01-02,79506,1
PAY-35433,INV-56573,OMC-018,Uganda National Oil,GB73JRAR61317127484677,2026-05-19,273368,1
PAY-37648,INV-51107,OMC-002,Vivo Energy,GB45OQIR01845146270482,2025-08-09,48467,1
PAY-86072,INV-24358,OMC-007,Kobil,GB37IDDX82449353487401,2025-04-18,45859,1
PAY-38616,INV-78522,OMC-002,Vivo Energy,GB45OQIR01845146270482,2025-07-29,168026,1
PAY-18900,INV-38665,OMC-020,Ethiopian Oil,GB08IVAZ74821759464743,2025-10-02,95458,1
PAY-67279,INV-52086,OMC-008,National Oil,GB08NAFX56342160733754,2025-09-15,146125,1
PAY-52271,INV-22684,OMC-007,Kobil,GB37IDDX82449353487401,2025-05-17,217577,1
PAY-84158,INV-94825,OMC-007,Kobil,GB37IDDX82449353487401,2026-05-13,231776,1
PAY-98776,INV-27045,OMC-004,Gulf Energy,GB89GWUW86379402654235,2026-06-30,96370,2
PAY-46703,INV-45444,OMC-015,Mombasa Petroleum,GB80WOIJ43135182337498,2025-05-30,193660,1
PAY-15157,INV-23233,OMC-001,TotalEnergies Kenya,GB06DMIO52553419283276,28/10/2025,25301,1
PAY-76499,INV-53155,OMC-005,PetroOil Kenya,GB89GWUW86379402654235,2026-03-28,28660,1
PAY-60965,INV-41515,OMC-003,Rubis Energy,GB04LOQO13315098393010,2026-04-10,40556,1
PAY-42972,INV-11533,OMC-009,Dalbit Petroleum,GB53VXXX35615951484656,2025-09-02,110392,1
PAY-19241,INV-69348,OMC-004,Gulf Energy,GB89GWUW86379402654235,2026-03-07,46283,1
PAY-17616,INV-46027,OMC-009,Dalbit Petroleum,GB53VXXX35615951484656,2026-04-26," KES 101,965 ",1
PAY-74297,INV-77530,OMC-004,Gulf Energy,GB89GWUW86379402654235,2026-04-21,49100,1
PAY-75056,INV-50104,OMC-018,Uganda National Oil,GB73JRAR61317127484677,2025-09-25,91160,1
PAY-53132,INV-50264,OMC-008,National Oil,GB08NAFX56342160733754,2025-08-18,22128,2
PAY-28009,INV-58621,OMC-001,TotalEnergies Kenya,GB06DMIO52553419283276,2025-02-24," KES 149,583 ",1
PAY-58009,INV-82061,OMC-003,Rubis Energy,GB04LOQO13315098393010,2025-04-30,181510,1
PAY-82601,INV-58453,OMC-013,Lake Oil,GB88TEHE71937452991241,2025-03-20,55934,1
PAY-28533,INV-21156,OMC-018,Uganda National Oil,GB73JRAR61317127484677,,291328,1
PAY-48844,INV-28313,OMC-002,Vivo Energy,GB45OQIR01845146270482,2025-08-13,82036,2
PAY-84465,INV-24435,OMC-009,Dalbit Petroleum,GB53VXXX35615951484656,2026-03-07,222503,1
PAY-33937,INV-18803,OMC-003,Rubis Energy,GB04LOQO13315098393010,2025-11-11,48262,1
PAY-28562,INV-10753,OMC-010,Tamoil,GB34EABH79176936763201,2026-05-29,135033,1
PAY-92741,INV-51770,OMC-009,Dalbit Petroleum,GB53VXXX35615951484656,2026-03-08,123945,1
PAY-23384,INV-27739,OMC-003,Rubis Energy,GB04LOQO13315098393010,07/02/2025,22978,1
PAY-98685,INV-63959,OMC-009,Dalbit Petroleum,GB53VXXX35615951484656,2025-04-29,172081,1
PAY-39696,INV-66570,OMC-001,TotalEnergies Kenya,GB06DMIO52553419283276,2025-02-20,32267,1
PAY-55648,INV-14813,OMC-018,Uganda National Oil,GB73JRAR61317127484677,02/03/2026," KES 100,101 ",1
PAY-96926,INV-71907,OMC-020,Ethiopian Oil,GB08IVAZ74821759464743,2026-07-23,37161,1
PAY-35622,INV-31231,OMC-019,Tanzania Petroleum,GB64OAXE62174596158657,2025-03-26,183333,1
PAY-86712,INV-22929,OMC-010,Tamoil,GB34EABH79176936763201,2026-07-24,60073,1
PAY-81855,INV-87170,OMC-005,PetroOil Kenya,GB89GWUW86379402654235,2026-05-31,29738,1
PAY-97862,INV-17020,OMC-011,Hass Petroleum,GB56WGCN65876036690967,2025-03-23,233271,1
PAY-77017,INV-43142,OMC-017,KAA Aviation,GB54HVSS04902787429671,2025-08-09,97186,1
PAY-39197,INV-30002,OMC-007,Kobil,GB37IDDX82449353487401,2025-10-29,124600,1
PAY-74452,INV-83038,OMC-008,National Oil,GB08NAFX56342160733754,2026-02-13,131330,1
PAY-81367,INV-68586,OMC-018,Uganda National Oil,GB73JRAR61317127484677,2025-08-24,40275,1
PAY-31644,INV-15125,OMC-012,Galana Energies,GB89GWUW86379402654235,31/03/2026,56168,2
PAY-55539,INV-75036,OMC-018,Uganda National Oil,GB73JRAR61317127484677,2025-09-16,48301,1
PAY-62199,INV-43018,OMC-005,PetroOil Kenya,GB89GWUW86379402654235,2026-03-23,40853,1
PAY-13970,INV-76012,OMC-018,Uganda National Oil,GB73JRAR61317127484677,2025-12-11,29120,1
PAY-61614,INV-98389,OMC-015,Mombasa Petroleum,GB80WOIJ43135182337498,2025-09-26,20376,1
PAY-53253,INV-57753,OMC-020,Ethiopian Oil,GB08IVAZ74821759464743,2026-04-22,185373,1
PAY-11887,INV-56608,OMC-002,Vivo Energy,GB45OQIR01845146270482,2025-04-26,215801,1
PAY-55251,INV-15905,OMC-013,Lake Oil,GB88TEHE71937452991241,2026-06-14,176747,1
PAY-84182,INV-27502,OMC-018,Uganda National Oil,GB73JRAR61317127484677,2025-05-03,221525,1
PAY-16064,INV-47617,OMC-012,Galana Energies,GB89GWUW86379402654235,2026-06-21,67019,1
PAY-31300,INV-35735,OMC-014,Texol Energies,GB06ONXS45314737996507,2025-06-07,58611,1
PAY-93124,INV-63073,OMC-012,Galana Energies,GB89GWUW86379402654235,2026-06-24," KES 8,533 ",2
PAY-87686,INV-16052,OMC-006,Hashi Energy,GB05QCFC91361939909169,2025-05-20,249066,1
PAY-67994,INV-77432,OMC-005,PetroOil Kenya,GB89GWUW86379402654235,2026-06-27,17376,2
PAY-60139,INV-83942,OMC-006,Hashi Energy,GB05QCFC91361939909169,2026-07-10,75583,1
PAY-23766,INV-78184,OMC-004,Gulf Energy,GB89GWUW86379402654235,2026-03-28,51372,2
PAY-68672,INV-96721,OMC-003,Rubis Energy,GB04LOQO13315098393010,2026-07-24,116874,1
PAY-51561,INV-19040,OMC-010,Tamoil,GB34EABH79176936763201,2026-06-27,104316,1
PAY-89328,INV-24200,OMC-009,Dalbit Petroleum,GB53VXXX35615951484656,2025-06-16,71268,1
PAY-59581,INV-25417,OMC-017,KAA Aviation,GB54HVSS04902787429671,2025-09-25,84499,1
PAY-89950,INV-57127,OMC-014,Texol Energies,GB06ONXS45314737996507,2025-10-14,124150,1
PAY-17349,INV-46422,OMC-004,Gulf Energy,GB89GWUW86379402654235,2026-05-11,87570,1
PAY-68797,INV-81391,OMC-001,TotalEnergies Kenya,GB06DMIO52553419283276,2026-03-13,61293,2
PAY-50230,INV-28722,OMC-009,Dalbit Petroleum,GB53VXXX35615951484656,25/01/2026,15867,2
PAY-49052,INV-37637,OMC-016,KPA Marine,GB31MOOJ96499091334123,2026-02-07,93139,1
PAY-15676,INV-23234,OMC-016,KPA Marine,GB31MOOJ96499091334123,2025-06-08,44166,1
PAY-56459,INV-39609,OMC-008,National Oil,GB08NAFX56342160733754,2026-02-03,178839,1
PAY-45739,INV-22802,OMC-006,Hashi Energy,GB05QCFC91361939909169,2025-08-25,117099,1
PAY-20652,INV-15770,OMC-010,Tamoil,GB34EABH79176936763201,2025-06-16,249286,1
PAY-73860,INV-41050,OMC-016,KPA Marine,GB31MOOJ96499091334123,2025-05-01," KES 48,505 ",1
PAY-43934,INV-65640,OMC-003,Rubis Energy,GB04LOQO13315098393010,2026-03-14,190646,1
PAY-28194,INV-23403,OMC-011,Hass Petroleum,GB56WGCN65876036690967,2025-07-18,119013,1
PAY-78837,INV-97000,OMC-010,Tamoil,GB34EABH79176936763201,2025-06-04,54443,1
PAY-12640,INV-95032,OMC-004,Gulf Energy,GB89GWUW86379402654235,2026-05-12,29470,1
PAY-65397,INV-95057,OMC-005,PetroOil Kenya,GB89GWUW86379402654235,,59338,1
PAY-61819,INV-19326,OMC-014,Texol Energies,GB06ONXS45314737996507,2025-07-12,204510,1
PAY-43989,INV-41243,OMC-002,Vivo Energy,GB45OQIR01845146270482,2026-06-11,43221,1
PAY-45741,INV-43423,OMC-004,Gulf Energy,GB89GWUW86379402654235,2026-05-23," KES 24,139 ",1
PAY-60817,INV-79240,OMC-008,National Oil,GB08NAFX56342160733754,2026-03-15,53017,1
PAY-29948,INV-26493,OMC-017,KAA Aviation,GB54HVSS04902787429671,2025-08-16,263774,1
PAY-24653,INV-15514,OMC-008,National Oil,GB08NAFX56342160733754,2025-03-14,56665,1
PAY-96570,INV-81392,OMC-013,Lake Oil,GB88TEHE71937452991241,2025-05-20,177806,1
PAY-51341,INV-27807,OMC-013,Lake Oil,GB88TEHE71937452991241,2025-04-10,22929,1
PAY-56366,INV-21687,OMC-004,Gulf Energy,GB89GWUW86379402654235,2026-05-24,127026,1
PAY-43084,INV-74031,OMC-004,Gulf Energy,GB89GWUW86379402654235,2026-05-22,154286,1
PAY-13680,INV-99031,OMC-010,Tamoil,GB34EABH79176936763201,2026-03-29,226866,1
PAY-68673,INV-73309,OMC-005,PetroOil Kenya,GB89GWUW86379402654235,2026-04-14,73259,1
PAY-20695,INV-24256,OMC-018,Uganda National Oil,GB73JRAR61317127484677,2026-03-10,167418,1
PAY-43821,INV-46284,OMC-001,TotalEnergies Kenya,GB06DMIO52553419283276,2025-09-27,6031,2
PAY-66664,INV-93278,OMC-002,Vivo Energy,GB45OQIR01845146270482,2026-05-24,72014,1
PAY-86171,INV-14019,OMC-007,Kobil,GB37IDDX82449353487401,2026-05-21,109316,1
PAY-27685,INV-43804,OMC-017,KAA Aviation,GB54HVSS04902787429671,2026-05-17,177499,1
PAY-16433,INV-78954,OMC-005,PetroOil Kenya,GB89GWUW86379402654235,2026-05-25,48348,2
PAY-98104,INV-57476,OMC-019,Tanzania Petroleum,GB64OAXE62174596158657,2025-10-19,101819,1
PAY-37008,INV-24067,OMC-013,Lake Oil,GB88TEHE71937452991241,2026-03-17,297546,1
PAY-27785,INV-88752,OMC-019,Tanzania Petroleum,GB64OAXE62174596158657,2025-03-12,196854,1
PAY-53292,INV-25740,OMC-015,Mombasa Petroleum,GB80WOIJ43135182337498,2025-08-17,161307,1
PAY-58505,INV-52073,OMC-012,Galana Energies,GB89GWUW86379402654235,,45395,2
PAY-93061,INV-58393,OMC-008,National Oil,GB08NAFX56342160733754,2026-07-01,57823,1
PAY-72533,INV-48610,OMC-012,Galana Energies,GB89GWUW86379402654235,2026-04-07,284451,1
PAY-29266,INV-75933,OMC-008,National Oil,GB08NAFX56342160733754,2026-05-30,34058,1
PAY-92358,INV-12823,OMC-015,Mombasa Petroleum,GB80WOIJ43135182337498,2026-08-18,154998,1
PAY-65950,INV-11913,OMC-011,Hass Petroleum,GB56WGCN65876036690967,2025-10-02,113966,1
PAY-97860,INV-52782,OMC-018,Uganda National Oil,GB73JRAR61317127484677,2026-01-22,48175,1
PAY-77874,INV-64005,OMC-010,Tamoil,GB34EABH79176936763201,2026-07-18,137343,1
PAY-30677,INV-94956,OMC-016,KPA Marine,GB31MOOJ96499091334123,2025-05-28,111513,1
PAY-32590,INV-95794,OMC-001,TotalEnergies Kenya,GB06DMIO52553419283276,2025-10-28,21600,2
PAY-20315,INV-82921,OMC-003,Rubis Energy,GB04LOQO13315098393010,2026-04-14,199098,1
PAY-81766,INV-92657,OMC-011,Hass Petroleum,GB56WGCN65876036690967,2026-04-26,61734,1
PAY-55496,INV-57665,OMC-009,Dalbit Petroleum,GB53VXXX35615951484656,2025-05-17,132352,1
PAY-54236,INV-86596,OMC-005,PetroOil Kenya,GB89GWUW86379402654235,2026-04-15,28824,1
PAY-38369,INV-10381,OMC-014,Texol Energies,GB06ONXS45314737996507,2026-02-20,144209,1
PAY-73831,INV-13160,OMC-019,Tanzania Petroleum,GB64OAXE62174596158657,2025-10-12,32946,1
PAY-80224,INV-69208,OMC-011,Hass Petroleum,GB56WGCN65876036690967,2025-10-23,29913,1
PAY-45642,INV-31826,OMC-002,Vivo Energy,GB45OQIR01845146270482,2026-03-12,142383,1
PAY-40897,INV-18289,OMC-001,TotalEnergies Kenya,GB06DMIO52553419283276,2026-04-12,61902,1
PAY-44153,INV-75120,OMC-017,KAA Aviation,GB54HVSS04902787429671,2025-09-13,218660,1
PAY-36334,INV-41868,OMC-019,Tanzania Petroleum,GB64OAXE62174596158657,2025-06-07," KES 26,290 ",1
PAY-28524,INV-47493,OMC-010,Tamoil,GB34EABH79176936763201,2025-08-08,173634,1
PAY-19582,INV-17200,OMC-015,Mombasa Petroleum,GB80WOIJ43135182337498,2025-06-10,129809,1
PAY-17910,INV-46175,OMC-018,Uganda National Oil,GB73JRAR61317127484677,2026-03-15,60403,1
PAY-67114,INV-55964,OMC-013,Lake Oil,GB88TEHE71937452991241,,47051,1
PAY-60842,INV-18813,OMC-014,Texol Energies,GB06ONXS45314737996507,2026-01-01,20021,2
PAY-74258,INV-67191,OMC-020,Ethiopian Oil,GB08IVAZ74821759464743,2025-11-26,33685,1
PAY-33985,INV-97586,OMC-016,KPA Marine,GB31MOOJ96499091334123,2025-06-28,33523,1
PAY-37676,INV-66305,OMC-019,Tanzania Petroleum,GB64OAXE62174596158657,2026-03-16,118116,1
PAY-49733,INV-46955,OMC-008,National Oil,GB08NAFX56342160733754,2026-04-02,263935,1
PAY-10270,INV-73447,OMC-018,Uganda National Oil,GB73JRAR61317127484677,2026-05-20," KES 254,327 ",1
PAY-56706,INV-56906,OMC-009,Dalbit Petroleum,GB53VXXX35615951484656,2025-04-23,28467,1
PAY-73852,INV-32011,OMC-008,National Oil,GB08NAFX56342160733754,2025-08-09,228994,1
PAY-42613,INV-40159,OMC-007,Kobil,GB37IDDX82449353487401,2025-03-01,119325,1
PAY-78378,INV-30584,OMC-006,Hashi Energy,GB05QCFC91361939909169,2025-12-14,135354,1
PAY-79515,INV-53116,OMC-002,Vivo Energy,GB45OQIR01845146270482,2026-03-24,171478,1
PAY-57393,INV-16324,OMC-002,Vivo Energy,GB45OQIR01845146270482,2026-02-24,256596,1
PAY-79583,INV-38635,OMC-020,Ethiopian Oil,GB08IVAZ74821759464743,09/11/2025,193670,1
PAY-34779,INV-33062,OMC-014,Texol Energies,GB06ONXS45314737996507,2025-06-11,78871,1
PAY-80423,INV-62103,OMC-002,Vivo Energy,GB45OQIR01845146270482,2026-06-11,48248,1
PAY-23052,INV-78681,OMC-008,National Oil,GB08NAFX56342160733754,2025-03-26,181379,1
PAY-61367,INV-77484,OMC-006,Hashi Energy,GB05QCFC91361939909169,,143733,1
PAY-21567,INV-93136,OMC-017,KAA Aviation,GB54HVSS04902787429671,2025-06-07," KES 59,757 ",1
PAY-28616,INV-14633,OMC-015,Mombasa Petroleum,GB80WOIJ43135182337498,2025-09-20,30960,1
PAY-39013,INV-31710,OMC-019,Tanzania Petroleum,GB64OAXE62174596158657,2025-07-09,163182,1
PAY-81012,INV-72008,OMC-010,Tamoil,GB34EABH79176936763201,2025-11-26,120779,1
PAY-76347,INV-13669,OMC-004,Gulf Energy,GB89GWUW86379402654235,2026-05-05,63997,2
PAY-73925,INV-69575,OMC-012,Galana Energies,GB89GWUW86379402654235,,161614,1
PAY-76387,INV-21423,OMC-011,Hass Petroleum,GB56WGCN65876036690967,2025-06-25,131663,1
PAY-38896,INV-25891,OMC-010,Tamoil,GB34EABH79176936763201,2026-07-31,210984,1
PAY-73496,INV-26856,OMC-004,Gulf Energy,GB89GWUW86379402654235,2026-06-03,84825,1
PAY-17369,INV-78707,OMC-013,Lake Oil,GB88TEHE71937452991241,2026-04-01,21261,1
PAY-53467,INV-87700,OMC-008,National Oil,GB08NAFX56342160733754,2026-09-20,7770,2
PAY-12714,INV-28875,OMC-002,Vivo Energy,GB45OQIR01845146270482,2025-06-22,36687,2
PAY-28389,INV-66205,OMC-011,Hass Petroleum,GB56WGCN65876036690967,2026-06-09,206724,1
PAY-42924,INV-18164,OMC-004,Gulf Energy,GB89GWUW86379402654235,2026-06-03,154728,1
PAY-34216,INV-68827,OMC-009,Dalbit Petroleum,GB53VXXX35615951484656,,27509,1
PAY-58502,INV-79406,OMC-014,Texol Energies,GB06ONXS45314737996507,2026-01-28,24178,2
PAY-99517,INV-40440,OMC-016,KPA Marine,GB31MOOJ96499091334123,2025-05-18,54761,1
PAY-24479,INV-54367,OMC-008,National Oil,GB08NAFX56342160733754,2025-11-17,55891,1
PAY-12746,INV-57604,OMC-011,Hass Petroleum,GB56WGCN65876036690967,2025-04-23,30946,1
PAY-27388,INV-78572,OMC-020,Ethiopian Oil,GB08IVAZ74821759464743,2025-06-30,28373,1
PAY-14486,INV-51835,OMC-006,Hashi Energy,GB05QCFC91361939909169,2026-05-31,60072,1
PAY-19225,INV-10280,OMC-012,Galana Energies,GB89GWUW86379402654235,2026-05-11,152490,1
PAY-51421,INV-10034,OMC-014,Texol Energies,GB06ONXS45314737996507,2026-03-09,32396,2
PAY-45351,INV-86096,OMC-001,TotalEnergies Kenya,GB06DMIO52553419283276,2025-11-26,39733,1
PAY-96312,INV-43291,OMC-016,KPA Marine,GB31MOOJ96499091334123,2025-11-18,108152,1
PAY-26471,INV-41169,OMC-002,Vivo Energy,GB45OQIR01845146270482,2026-01-24,164655,1
PAY-97137,INV-15280,OMC-008,National Oil,GB08NAFX56342160733754,2025-11-09,288351,1
PAY-16235,INV-43949,OMC-020,Ethiopian Oil,GB08IVAZ74821759464743,2026-04-13,61989,1
PAY-83118,INV-86968,OMC-015,Mombasa Petroleum,GB80WOIJ43135182337498,2025-08-25,101873,1
PAY-23551,INV-63449,OMC-014,Texol Energies,GB06ONXS45314737996507,2025-06-23,146784,1
PAY-42596,INV-18516,OMC-006,Hashi Energy,GB05QCFC91361939909169,2025-04-04,41417,1
PAY-48210,INV-62546,OMC-011,Hass Petroleum,GB56WGCN65876036690967,2025-11-11,40336,1
PAY-40052,INV-59601,OMC-003,Rubis Energy,GB04LOQO13315098393010,2025-06-03,130026,1
PAY-46681,INV-66688,OMC-001,TotalEnergies Kenya,GB06DMIO52553419283276,2025-12-16,68695,2
PAY-89808,INV-51347,OMC-010,Tamoil,GB34EABH79176936763201,2025-03-09,21564,1
PAY-49566,INV-76198,OMC-017,KAA Aviation,GB54HVSS04902787429671,2026-01-04,175366,1
PAY-31822,INV-12587,OMC-019,Tanzania Petroleum,GB64OAXE62174596158657,2025-08-12,141958,1
PAY-53378,INV-33868,OMC-008,National Oil,GB08NAFX56342160733754,2026-08-22,32008,1
PAY-43146,INV-20381,OMC-013,Lake Oil,GB88TEHE71937452991241,,38449,1
PAY-90165,INV-99600,OMC-014,Texol Energies,GB06ONXS45314737996507,2026-05-12,50969,2
PAY-95818,INV-10997,OMC-002,Vivo Energy,GB45OQIR01845146270482,2026-01-30,64948,1
PAY-27692,INV-63506,OMC-006,Hashi Energy,GB05QCFC91361939909169,2026-07-01,203713,1
PAY-33377,INV-60993,OMC-019,Tanzania Petroleum,GB64OAXE62174596158657,2025-08-17,152772,1
PAY-96161,INV-43565,OMC-007,Kobil,GB37IDDX82449353487401,2025-12-18,276403,1
PAY-76565,INV-38250,OMC-001,TotalEnergies Kenya,GB06DMIO52553419283276,2025-04-05,93924,1
PAY-48743,INV-50242,OMC-016,KPA Marine,GB31MOOJ96499091334123,2026-02-18,34922,1
PAY-88519,INV-43748,OMC-004,Gulf Energy,GB89GWUW86379402654235,2026-06-13,188188,1
PAY-30926,INV-80134,OMC-012,Galana Energies,GB89GWUW86379402654235,2026-05-01,347781,1
PAY-55076,INV-74938,OMC-020,Ethiopian Oil,GB08IVAZ74821759464743,2025-05-30,51016,1
PAY-81536,INV-12490,OMC-012,Galana Energies,GB89GWUW86379402654235,2026-03-08," KES 174,479 ",1
PAY-58785,INV-24173,OMC-005,PetroOil Kenya,GB89GWUW86379402654235,,65077,1
PAY-87518,INV-21872,OMC-009,Dalbit Petroleum,GB53VXXX35615951484656,2025-07-22,18559,1
PAY-67610,INV-30459,OMC-001,TotalEnergies Kenya,GB06DMIO52553419283276,2025-12-27,108752,2
PAY-21433,INV-27735,OMC-010,Tamoil,GB34EABH79176936763201,2025-04-20,76346,2
PAY-45984,INV-66783,OMC-010,Tamoil,GB34EABH79176936763201,2026-02-13,95648,1
PAY-17119,INV-73523,OMC-009,Dalbit Petroleum,GB53VXXX35615951484656,2026-06-26,39852,1
PAY-90171,INV-91529,OMC-019,Tanzania Petroleum,GB64OAXE62174596158657,2026-05-28,190829,1
PAY-51350,INV-70986,OMC-020,Ethiopian Oil,GB08IVAZ74821759464743,2026-03-15,288952,1
PAY-94449,INV-89701,OMC-018,Uganda National Oil,GB73JRAR61317127484677,,21018,2
PAY-48035,INV-21773,OMC-006,Hashi Energy,GB05QCFC91361939909169,2026-01-17,37640,1
PAY-82109,INV-96073,OMC-007,Kobil,GB37IDDX82449353487401,2025-04-09,35440,1
PAY-86587,INV-90484,OMC-011,Hass Petroleum,GB56WGCN65876036690967,2025-10-03,163374,1
PAY-74944,INV-86940,OMC-020,Ethiopian Oil,GB08IVAZ74821759464743,2025-06-29,181630,1
PAY-90229,INV-97385,OMC-011,Hass Petroleum,GB56WGCN65876036690967,2026-06-21,153327,1
PAY-33427,INV-88585,OMC-019,Tanzania Petroleum,GB64OAXE62174596158657,2025-02-22,34066,1
PAY-46419,INV-75015,OMC-002,Vivo Energy,GB45OQIR01845146270482,2026-04-24,52767,1
PAY-37365,INV-48423,OMC-016,KPA Marine,GB31MOOJ96499091334123,2026-07-19,36853,1
PAY-59324,INV-24940,OMC-018,Uganda National Oil,GB73JRAR61317127484677,2026-02-26,131150,2
PAY-90780,INV-67032,OMC-010,Tamoil,GB34EABH79176936763201,2026-04-05,50256,1
PAY-24444,INV-96913,OMC-015,Mombasa Petroleum,GB80WOIJ43135182337498,2025-12-27,180008,1
PAY-44282,INV-54407,OMC-017,KAA Aviation,GB54HVSS04902787429671,2026-07-03,52998,1
PAY-14501,INV-81868,OMC-015,Mombasa Petroleum,GB80WOIJ43135182337498,2025-07-10,229824,1
PAY-46843,INV-67591,OMC-015,Mombasa Petroleum,GB80WOIJ43135182337498,2026-02-26,154248,1
PAY-91683,INV-42885,OMC-001,TotalEnergies Kenya,GB06DMIO52553419283276,2026-03-14,44651,1
PAY-52919,INV-38814,OMC-014,Texol Energies,GB06ONXS45314737996507,2025-04-02,54794,1
PAY-82612,INV-62583,OMC-010,Tamoil,GB34EABH79176936763201,2026-03-28," KES 111,767 ",1
PAY-80344,INV-38962,OMC-001,TotalEnergies Kenya,GB06DMIO52553419283276,2026-07-02,62349,1
PAY-26838,INV-61432,OMC-003,Rubis Energy,GB04LOQO13315098393010,2025-07-02,99740,1
PAY-23366,INV-99983,OMC-007,Kobil,GB37IDDX82449353487401,2025-06-11,241671,1
PAY-33331,INV-23419,OMC-006,Hashi Energy,GB05QCFC91361939909169,2026-03-10,190605,1
PAY-37371,INV-47222,OMC-013,Lake Oil,GB88TEHE71937452991241,2025-10-19,226586,1
PAY-10554,INV-51679,OMC-006,Hashi Energy,GB05QCFC91361939909169,2025-07-27,193444,1
PAY-98052,INV-35867,OMC-019,Tanzania Petroleum,GB64OAXE62174596158657,2026-08-06,123659,1
PAY-65029,INV-11369,OMC-003,Rubis Energy,GB04LOQO13315098393010,2026-01-22,26727,1
PAY-86426,INV-66661,OMC-009,Dalbit Petroleum,GB53VXXX35615951484656,2025-07-26,132757,1
PAY-85537,INV-87057,OMC-006,Hashi Energy,GB05QCFC91361939909169,2025-12-30,61735,2
PAY-75216,INV-20606,OMC-003,Rubis Energy,GB04LOQO13315098393010,2026-05-16,35366,1
PAY-41972,INV-33973,OMC-019,Tanzania Petroleum,GB64OAXE62174596158657,2025-05-14,168441,1
PAY-84759,INV-37134,OMC-009,Dalbit Petroleum,GB53VXXX35615951484656,2026-01-13,12486,1
PAY-84190,INV-24040,OMC-013,Lake Oil,GB88TEHE71937452991241,02/07/2026,234482,1
PAY-54036,INV-35251,OMC-016,KPA Marine,GB31MOOJ96499091334123,2026-07-14,87099,1
PAY-70918,INV-74032,OMC-005,PetroOil Kenya,GB89GWUW86379402654235,2026-06-05,102198,2
PAY-75087,INV-76276,OMC-012,Galana Energies,GB89GWUW86379402654235,2026-04-08,23938,2
PAY-52862,INV-75815,OMC-020,Ethiopian Oil,GB08IVAZ74821759464743,2026-07-04,195529,1
PAY-31550,INV-17981,OMC-014,Texol Energies,GB06ONXS45314737996507,2026-07-02," KES 131,812 ",1
PAY-29912,INV-72290,OMC-019,Tanzania Petroleum,GB64OAXE62174596158657,2025-07-30,44311,1
PAY-33192,INV-80240,OMC-004,Gulf Energy,GB89GWUW86379402654235,2026-05-04,137228,1
PAY-15446,INV-68684,OMC-012,Galana Energies,GB89GWUW86379402654235,2026-06-11,41831,1
PAY-73858,INV-11250,OMC-019,Tanzania Petroleum,GB64OAXE62174596158657,2025-07-19,120549,1
PAY-41744,INV-88489,OMC-006,Hashi Energy,GB05QCFC91361939909169,2026-05-15,59053,2
PAY-12092,INV-87975,OMC-001,TotalEnergies Kenya,GB06DMIO52553419283276,2026-07-29,94203,1
PAY-54334,INV-93502,OMC-020,Ethiopian Oil,GB08IVAZ74821759464743,2025-10-16,52797,1
PAY-72236,INV-99945,OMC-008,National Oil,GB08NAFX56342160733754,2026-02-25,25078,1
PAY-74933,INV-11203,OMC-019,Tanzania Petroleum,GB64OAXE62174596158657,2026-02-26,29049,1
PAY-98207,INV-97268,OMC-014,Texol Energies,GB06ONXS45314737996507,2025-04-21,130761,1
PAY-44902,INV-92284,OMC-014,Texol Energies,GB06ONXS45314737996507,2026-01-26,48202,1
PAY-45935,INV-60068,OMC-011,Hass Petroleum,GB56WGCN65876036690967,2026-05-03,229851,1
PAY-32940,INV-81509,OMC-015,Mombasa Petroleum,GB80WOIJ43135182337498,2025-03-11,51618,1
PAY-68697,INV-69402,OMC-014,Texol Energies,GB06ONXS45314737996507,2025-09-23,28296,1
PAY-19153,INV-19707,OMC-017,KAA Aviation,GB54HVSS04902787429671,2025-10-22,25727,1
PAY-15898,INV-99694,OMC-009,Dalbit Petroleum,GB53VXXX35615951484656,2026-08-21,20621,1
PAY-71430,INV-60170,OMC-004,Gulf Energy,GB89GWUW86379402654235,2026-04-05,64432,1
PAY-79001,INV-66956,OMC-010,Tamoil,GB34EABH79176936763201,2026-03-04,185389,1
PAY-54641,INV-19141,OMC-001,TotalEnergies Kenya,GB06DMIO52553419283276,2025-03-24,27363,1
PAY-70052,INV-66822,OMC-015,Mombasa Petroleum,GB80WOIJ43135182337498,2026-03-26,38272,1
PAY-30246,INV-25963,OMC-009,Dalbit Petroleum,GB53VXXX35615951484656,2026-06-09,31147,1
PAY-45128,INV-35129,OMC-014,Texol Energies,GB06ONXS45314737996507,2026-04-17,26157,2
PAY-24318,INV-51091,OMC-011,Hass Petroleum,GB56WGCN65876036690967,2025-07-23,244208,1
PAY-46992,INV-22971,OMC-013,Lake Oil,GB88TEHE71937452991241,2026-07-19," KES 48,181 ",1
PAY-20258,INV-64681,OMC-001,TotalEnergies Kenya,GB06DMIO52553419283276,2025-08-02,153510,1
PAY-50027,INV-12229,OMC-009,Dalbit Petroleum,GB53VXXX35615951484656,,119004,1
PAY-12199,INV-79929,OMC-019,Tanzania Petroleum,GB64OAXE62174596158657,2025-08-22," KES 15,895 ",2
PAY-16757,INV-41012,OMC-010,Tamoil,GB34EABH79176936763201,2026-07-08,50617,1
PAY-79915,INV-71441,OMC-001,TotalEnergies Kenya,GB06DMIO52553419283276,02/06/2025,10964,2
PAY-65359,INV-81118,OMC-003,Rubis Energy,GB04LOQO13315098393010,2025-10-07,31563,1
PAY-53018,INV-89563,OMC-005,PetroOil Kenya,GB89GWUW86379402654235,2026-04-12,276375,1
PAY-42074,INV-56513,OMC-011,Hass Petroleum,GB56WGCN65876036690967,2025-04-14,203868,1
PAY-89004,INV-78148,OMC-006,Hashi Energy,GB05QCFC91361939909169,,189510,1
PAY-15703,INV-35761,OMC-020,Ethiopian Oil,GB08IVAZ74821759464743,2025-02-19,34056,1
PAY-18429,INV-56132,OMC-013,Lake Oil,GB88TEHE71937452991241,2025-10-07,117961,1
PAY-66780,INV-64173,OMC-019,Tanzania Petroleum,GB64OAXE62174596158657,2026-07-29,131592,1
PAY-49791,INV-97518,OMC-009,Dalbit Petroleum,GB53VXXX35615951484656,2026-05-05,179466,1
PAY-50993,INV-61178,OMC-011,Hass Petroleum,GB56WGCN65876036690967,2025-09-04,74677,1
PAY-48114,INV-21821,OMC-002,Vivo Energy,GB45OQIR01845146270482,2026-01-30,50786,1
PAY-57345,INV-55540,OMC-016,KPA Marine,GB31MOOJ96499091334123,2026-04-09,65568,1
PAY-96284,INV-76402,OMC-018,Uganda National Oil,GB73JRAR61317127484677,2025-09-06,139909,1
PAY-59010,INV-97043,OMC-015,Mombasa Petroleum,GB80WOIJ43135182337498,2025-06-02,55040,1
PAY-61454,INV-11076,OMC-012,Galana Energies,GB89GWUW86379402654235,2026-03-25,107506,1
PAY-44433,INV-64413,OMC-020,Ethiopian Oil,GB08IVAZ74821759464743,2025-08-09,90405,1
PAY-98442,INV-19774,OMC-015,Mombasa Petroleum,GB80WOIJ43135182337498,2025-10-02,231655,1
PAY-46507,INV-72755,OMC-010,Tamoil,GB34EABH79176936763201,2025-10-26,37737,2
PAY-94986,INV-54239,OMC-008,National Oil,GB08NAFX56342160733754,2026-03-03,215861,1
PAY-45121,INV-77442,OMC-017,KAA Aviation,GB54HVSS04902787429671,2025-05-06,25617,1
PAY-10228,INV-48595,OMC-008,National Oil,GB08NAFX56342160733754,,176082,1
PAY-38807,INV-80621,OMC-016,KPA Marine,GB31MOOJ96499091334123,2026-02-10,114701,1
PAY-83712,INV-75389,OMC-014,Texol Energies,GB06ONXS45314737996507,31/08/2026,11926,2
PAY-47428,INV-52477,OMC-014,Texol Energies,GB06ONXS45314737996507,24/06/2026,22156,1
PAY-65119,INV-74401,OMC-007,Kobil,GB37IDDX82449353487401,2025-08-01,158288,1
PAY-64701,INV-15052,OMC-007,Kobil,GB37IDDX82449353487401,12/06/2025,26407,1
PAY-50145,INV-30474,OMC-002,Vivo Energy,GB45OQIR01845146270482,2025-05-01,45270,1
PAY-90239,INV-84075,OMC-006,Hashi Energy,GB05QCFC91361939909169,2025-03-10,25202,1
PAY-31034,INV-72344,OMC-009,Dalbit Petroleum,GB53VXXX35615951484656,2025-10-22,148439,1
PAY-28530,INV-89363,OMC-016,KPA Marine,GB31MOOJ96499091334123,2026-09-04,19699,2
PAY-38392,INV-23411,OMC-005,PetroOil Kenya,GB89GWUW86379402654235,2026-03-16,77377,2
PAY-75945,INV-56719,OMC-014,Texol Energies,GB06ONXS45314737996507,2025-12-10,26647,1
PAY-32179,INV-46648,OMC-015,Mombasa Petroleum,GB80WOIJ43135182337498,2026-02-05,29344,1
PAY-62549,INV-45061,OMC-016,KPA Marine,GB31MOOJ96499091334123,2026-05-29,30996,1
PAY-46422,INV-42740,OMC-015,Mombasa Petroleum,GB80WOIJ43135182337498,25/04/2025,122967,1
PAY-11087,INV-37974,OMC-020,Ethiopian Oil,GB08IVAZ74821759464743,2025-10-28," KES 219,421 ",1
PAY-89328,INV-95582,OMC-003,Rubis Energy,GB04LOQO13315098393010,2026-04-08,73707,1
PAY-31821,INV-57053,OMC-020,Ethiopian Oil,GB08IVAZ74821759464743,2025-04-14,235339,1
PAY-89680,INV-14376,OMC-018,Uganda National Oil,GB73JRAR61317127484677,2025-05-12,146695,1
PAY-56727,INV-62088,OMC-015,Mombasa Petroleum,GB80WOIJ43135182337498,2025-09-03,98570,1
PAY-56213,INV-40037,OMC-005,PetroOil Kenya,GB89GWUW86379402654235,2026-05-24,115810,1
PAY-97989,INV-43907,OMC-005,PetroOil Kenya,GB89GWUW86379402654235,2026-06-22," KES 71,284 ",2
PAY-85101,INV-84656,OMC-017,KAA Aviation,GB54HVSS04902787429671,2026-07-21,149848,1
PAY-71665,INV-78297,OMC-004,Gulf Energy,GB89GWUW86379402654235,2026-05-20,25518,2
PAY-31553,INV-39992,OMC-020,Ethiopian Oil,GB08IVAZ74821759464743,2025-06-19,195144,1
PAY-16729,INV-26109,OMC-010,Tamoil,GB34EABH79176936763201,,192037,1
PAY-58428,INV-91093,OMC-016,KPA Marine,GB31MOOJ96499091334123,2025-02-25,69048,1
PAY-53678,INV-98400,OMC-020,Ethiopian Oil,GB08IVAZ74821759464743,2025-02-25,178814,1
PAY-35533,INV-20028,OMC-019,Tanzania Petroleum,GB64OAXE62174596158657,2025-11-13,185635,1
PAY-18999,INV-58651,OMC-001,TotalEnergies Kenya,GB06DMIO52553419283276,2025-07-20,19802,1
PAY-28488,INV-58439,OMC-010,Tamoil,GB34EABH79176936763201,2025-04-07,30073,1
PAY-31744,INV-74070,OMC-015,Mombasa Petroleum,GB80WOIJ43135182337498,2025-04-17,197348,1
PAY-34070,INV-99761,OMC-014,Texol Energies,GB06ONXS45314737996507,2025-04-09,105513,1
PAY-81788,INV-77230,OMC-006,Hashi Energy,GB05QCFC91361939909169,2025-03-10," KES 82,376 ",1
PAY-61063,INV-69377,OMC-001,TotalEnergies Kenya,GB06DMIO52553419283276,2025-04-28,9189,2
PAY-97629,INV-75830,OMC-016,KPA Marine,GB31MOOJ96499091334123,2025-04-14,44513,1
PAY-20488,INV-47343,OMC-006,Hashi Energy,GB05QCFC91361939909169,,5584,2
PAY-14434,INV-34222,OMC-013,Lake Oil,GB88TEHE71937452991241,2025-04-01,39615,1
PAY-17272,INV-22087,OMC-017,KAA Aviation,GB54HVSS04902787429671,2025-10-02,34617,1
PAY-60985,INV-17501,OMC-003,Rubis Energy,GB04LOQO13315098393010,19/08/2025,30205,1
PAY-73862,INV-30201,OMC-020,Ethiopian Oil,GB08IVAZ74821759464743,2025-08-17," KES 28,406 ",1
PAY-28421,INV-22872,OMC-013,Lake Oil,GB88TEHE71937452991241,2026-01-19," KES 263,723 ",1
PAY-32885,INV-20289,OMC-013,Lake Oil,GB88TEHE71937452991241,2025-09-29,237038,1
PAY-16159,INV-23869,OMC-001,TotalEnergies Kenya,GB06DMIO52553419283276,23/02/2026,60358,1
PAY-47125,INV-47005,OMC-011,Hass Petroleum,GB56WGCN65876036690967,2025-06-27,29462,2
PAY-57282,INV-22486,OMC-018,Uganda National Oil,GB73JRAR61317127484677,2025-09-01,23282,2
PAY-62539,INV-23647,OMC-020,Ethiopian Oil,GB08IVAZ74821759464743,2026-07-03,267742,1
PAY-73114,INV-10248,OMC-013,Lake Oil,GB88TEHE71937452991241,2025-11-04,27057,1
PAY-92739,INV-34966,OMC-008,National Oil,GB08NAFX56342160733754,2026-01-15,39421,1
PAY-35017,INV-46723,OMC-009,Dalbit Petroleum,GB53VXXX35615951484656,2026-02-01,59164,1
PAY-22956,INV-22875,OMC-011,Hass Petroleum,GB56WGCN65876036690967,2026-03-11,288035,1
PAY-38870,INV-54069,OMC-016,KPA Marine,GB31MOOJ96499091334123,2025-12-22,52766,1
PAY-84398,INV-45483,OMC-007,Kobil,GB37IDDX82449353487401,2025-07-18,190179,1
PAY-84259,INV-58076,OMC-003,Rubis Energy,GB04LOQO13315098393010,2026-03-18,96705,1
PAY-53425,INV-11234,OMC-001,TotalEnergies Kenya,GB06DMIO52553419283276,2026-05-03,203044,1
PAY-75557,INV-43963,OMC-018,Uganda National Oil,GB73JRAR61317127484677,2025-12-05,176107,1
PAY-25569,INV-61955,OMC-010,Tamoil,GB34EABH79176936763201,2026-06-25,61593,1
PAY-49531,INV-59533,OMC-014,Texol Energies,GB06ONXS45314737996507,2025-10-30,62784,1
PAY-54605,INV-87093,OMC-011,Hass Petroleum,GB56WGCN65876036690967,2026-07-24,94846,1
PAY-60787,INV-45908,OMC-011,Hass Petroleum,GB56WGCN65876036690967,2026-01-05,51971,2
PAY-76255,INV-83653,OMC-016,KPA Marine,GB31MOOJ96499091334123,2026-08-03,161891,1
PAY-49961,INV-22073,OMC-017,KAA Aviation,GB54HVSS04902787429671,2026-07-12,40766,1
PAY-73537,INV-78749,OMC-007,Kobil,GB37IDDX82449353487401,2025-06-19,229071,1
PAY-60818,INV-10192,OMC-013,Lake Oil,GB88TEHE71937452991241,2025-12-04,243291,1
PAY-90239,INV-84075,OMC-006,Hashi Energy,GB05QCFC91361939909169,2025-03-10,25202,1
PAY-84720,INV-31179,OMC-015,Mombasa Petroleum,GB80WOIJ43135182337498,02/03/2025," KES 149,754 ",1
PAY-59389,INV-21174,OMC-011,Hass Petroleum,GB56WGCN65876036690967,2026-05-08,104032,1
PAY-54919,INV-39152,OMC-006,Hashi Energy,GB05QCFC91361939909169,2025-06-15,295986,1
PAY-75817,INV-61922,OMC-013,Lake Oil,GB88TEHE71937452991241,2025-05-12,93139,1
PAY-64543,INV-23701,OMC-010,Tamoil,GB34EABH79176936763201,2026-03-27,193646,1
PAY-34550,INV-54949,OMC-013,Lake Oil,GB88TEHE71937452991241,2025-12-06,96907,1
PAY-95748,INV-26261,OMC-001,TotalEnergies Kenya,GB06DMIO52553419283276,2026-06-24,14067,2
PAY-10133,INV-47869,OMC-001,TotalEnergies Kenya,GB06DMIO52553419283276,,39867,1
PAY-44925,INV-91842,OMC-019,Tanzania Petroleum,GB64OAXE62174596158657,2025-06-25,31925,1
PAY-15602,INV-77445,OMC-005,PetroOil Kenya,GB89GWUW86379402654235,2026-04-25,49176,1
PAY-38848,INV-63014,OMC-004,Gulf Energy,GB89GWUW86379402654235,2026-06-07,70227,2
PAY-76345,INV-10768,OMC-017,KAA Aviation,GB54HVSS04902787429671,19/08/2025,111411,1
PAY-77075,INV-95706,OMC-005,PetroOil Kenya,GB89GWUW86379402654235,2026-03-28,33350,1
PAY-37043,INV-33678,OMC-004,Gulf Energy,GB89GWUW86379402654235,2026-06-26,28858,2
PAY-37243,INV-58881,OMC-012,Galana Energies,GB89GWUW86379402654235,2026-04-23,161918,1
PAY-61422,INV-55694,OMC-007,Kobil,GB37IDDX82449353487401,17/03/2026,269481,1
PAY-82011,INV-72401,OMC-006,Hashi Energy,GB05QCFC91361939909169,2026-01-05,267886,1
PAY-26997,INV-18813,OMC-014,Texol Energies,GB06ONXS45314737996507,2025-12-08,23080,1
PAY-55918,INV-56334,OMC-018,Uganda National Oil,GB73JRAR61317127484677,2026-08-23,12764,2
PAY-26845,INV-44153,OMC-005,PetroOil Kenya,GB89GWUW86379402654235,2026-05-16,214560,1
PAY-58451,INV-15364,OMC-012,Galana Energies,GB89GWUW86379402654235,2026-04-16,142140,1
PAY-54078,INV-52715,OMC-003,Rubis Energy,GB04LOQO13315098393010,2025-04-25,24624,1
PAY-68382,INV-10149,OMC-002,Vivo Energy,GB45OQIR01845146270482,2026-04-18,275608,1
PAY-83982,INV-60254,OMC-013,Lake Oil,GB88TEHE71937452991241,2025-07-10,270222,1
PAY-63101,INV-82826,OMC-007,Kobil,GB37IDDX82449353487401,2026-03-30,215724,1
PAY-79287,INV-60991,OMC-011,Hass Petroleum,GB56WGCN65876036690967,2025-03-24,41623,1
PAY-74164,INV-91930,OMC-019,Tanzania Petroleum,GB64OAXE62174596158657,13/01/2026,122338,1
PAY-75470,INV-92883,OMC-012,Galana Energies,GB89GWUW86379402654235,2026-04-22,22617,1
PAY-20740,INV-49568,OMC-020,Ethiopian Oil,GB08IVAZ74821759464743,2025-02-11,157112,1
PAY-41707,INV-55090,OMC-009,Dalbit Petroleum,GB53VXXX35615951484656,2025-03-21,59716,1
PAY-45534,INV-50104,OMC-019,Tanzania Petroleum,GB64OAXE62174596158657,2026-04-19,127323,1
PAY-37805,INV-23310,OMC-013,Lake Oil,GB88TEHE71937452991241,2025-07-13,47579,1
PAY-12671,INV-41953,OMC-005,PetroOil Kenya,GB89GWUW86379402654235,2026-05-06,29466,1
PAY-14827,INV-85093,OMC-016,KPA Marine,GB31MOOJ96499091334123,2025-07-16,125543,1
PAY-37142,INV-88316,OMC-013,Lake Oil,GB88TEHE71937452991241,2025-05-14,28423,1
PAY-80803,INV-76127,OMC-018,Uganda National Oil,GB73JRAR61317127484677,2025-09-24,143879,1
PAY-41795,INV-44080,OMC-005,PetroOil Kenya,GB89GWUW86379402654235,19/04/2026,18640,2
PAY-60694,INV-12535,OMC-007,Kobil,GB37IDDX82449353487401,2025-09-07,200757,1
PAY-97653,INV-28856,OMC-009,Dalbit Petroleum,GB53VXXX35615951484656,2025-11-26,58983,1
PAY-73386,INV-65895,OMC-018,Uganda National Oil,GB73JRAR61317127484677,26/03/2025,65023,2
PAY-26576,INV-38715,OMC-013,Lake Oil,GB88TEHE71937452991241,2025-03-06,33334,1
PAY-40006,INV-89093,OMC-009,Dalbit Petroleum,GB53VXXX35615951484656,2026-06-04,230141,1
PAY-31758,INV-18993,OMC-018,Uganda National Oil,GB73JRAR61317127484677,2026-05-21,23766,1
PAY-30600,INV-39512,OMC-007,Kobil,GB37IDDX82449353487401,2026-05-11," KES 33,548 ",1
PAY-28502,INV-28384,OMC-018,Uganda National Oil,GB73JRAR61317127484677,2026-06-07,27809,1
PAY-55401,INV-81144,OMC-006,Hashi Energy,GB05QCFC91361939909169,2025-04-28,38990,1
PAY-71135,INV-33673,OMC-003,Rubis Energy,GB04LOQO13315098393010,2025-02-14," KES 16,705 ",1
PAY-69372,INV-41692,OMC-004,Gulf Energy,GB89GWUW86379402654235,2026-06-06,43724,1
PAY-31290,INV-56596,OMC-018,Uganda National Oil,GB73JRAR61317127484677,2026-06-19,165416,1
PAY-47247,INV-79611,OMC-001,TotalEnergies Kenya,GB06DMIO52553419283276,2025-04-08,8167,2
PAY-99022,INV-20752,OMC-016,KPA Marine,GB31MOOJ96499091334123,2026-04-06,35561,1
PAY-94842,INV-83330,OMC-002,Vivo Energy,GB45OQIR01845146270482,2025-06-14,124147,1
PAY-32328,INV-85292,OMC-017,KAA Aviation,GB54HVSS04902787429671,2026-03-06,205698,1
PAY-31267,INV-36478,OMC-011,Hass Petroleum,GB56WGCN65876036690967,2025-04-03,37491,1
PAY-59345,INV-80471,OMC-018,Uganda National Oil,GB73JRAR61317127484677,2025-07-14," KES 260,052 ",1
PAY-92161,INV-50751,OMC-012,Galana Energies,GB89GWUW86379402654235,27/05/2026,192359,1
PAY-70967,INV-23284,OMC-004,Gulf Energy,GB89GWUW86379402654235,2026-03-11,120675,1
PAY-60047,INV-99548,OMC-016,KPA Marine,GB31MOOJ96499091334123,2026-08-04,109977,1
PAY-54903,INV-26471,OMC-020,Ethiopian Oil,GB08IVAZ74821759464743,2025-10-30,27283,2
PAY-72654,INV-67869,OMC-016,KPA Marine,GB31MOOJ96499091334123,2026-06-01,32547,1
PAY-54771,INV-68995,OMC-009,Dalbit Petroleum,GB53VXXX35615951484656,2026-04-22,29628,1
PAY-33671,INV-52297,OMC-010,Tamoil,GB34EABH79176936763201,2025-07-23,25440,1
PAY-38482,INV-28870,OMC-014,Texol Energies,GB06ONXS45314737996507,2026-04-09," KES 43,039 ",1
PAY-79229,INV-86030,OMC-003,Rubis Energy,GB04LOQO13315098393010,2026-01-13,37448,1
PAY-71363,INV-75296,OMC-002,Vivo Energy,GB45OQIR01845146270482,2025-10-03,54036,2
PAY-77001,INV-24415,OMC-012,Galana Energies,GB89GWUW86379402654235,2026-04-08,26609,2
PAY-87100,INV-95601,OMC-014,Texol Energies,GB06ONXS45314737996507,2025-06-27,73919,1
PAY-42236,INV-15379,OMC-001,TotalEnergies Kenya,GB06DMIO52553419283276,2026-02-08,62084,1
PAY-12372,INV-32411,OMC-003,Rubis Energy,GB04LOQO13315098393010,2025-12-16,229089,1
PAY-18672,INV-25446,OMC-012,Galana Energies,GB89GWUW86379402654235,2026-05-09,127849,1
PAY-40030,INV-35185,OMC-003,Rubis Energy,GB04LOQO13315098393010,2025-10-04,26911,1
PAY-77178,INV-74411,OMC-008,National Oil,GB08NAFX56342160733754,2025-04-23,147813,1
PAY-28488,INV-58439,OMC-010,Tamoil,GB34EABH79176936763201,2025-04-07,30073,1
PAY-65114,INV-54650,OMC-015,Mombasa Petroleum,GB80WOIJ43135182337498,2025-03-08,210653,1
PAY-60768,INV-60947,OMC-004,Gulf Energy,GB89GWUW86379402654235,2026-04-14,37883,1
PAY-38238,INV-41277,OMC-019,Tanzania Petroleum,GB64OAXE62174596158657,2026-07-15,133236,1
PAY-65384,INV-31027,OMC-014,Texol Energies,GB06ONXS45314737996507,2026-06-15,21636,2
PAY-46490,INV-78114,OMC-015,Mombasa Petroleum,GB80WOIJ43135182337498,2025-12-28,239655,1
PAY-56277,INV-93589,OMC-007,Kobil,GB37IDDX82449353487401,2026-04-21,137383,1
PAY-52189,INV-49104,OMC-010,Tamoil,GB34EABH79176936763201,2025-09-11,77101,1
PAY-38276,INV-20454,OMC-015,Mombasa Petroleum,GB80WOIJ43135182337498,2025-03-21," KES 203,573 ",1
PAY-16702,INV-28706,OMC-008,National Oil,GB08NAFX56342160733754,2026-02-05,34097,1
PAY-22234,INV-35054,OMC-013,Lake Oil,GB88TEHE71937452991241,2025-03-25,26325,1
PAY-18978,INV-91370,OMC-015,Mombasa Petroleum,GB80WOIJ43135182337498,2025-04-25,205161,1
PAY-62931,INV-77994,OMC-010,Tamoil,GB34EABH79176936763201,2026-06-20,16771,2
PAY-89416,INV-17034,OMC-012,Galana Energies,GB89GWUW86379402654235,2026-05-04,6429,2
PAY-64917,INV-53113,OMC-016,KPA Marine,GB31MOOJ96499091334123,2025-11-14,24062,1
PAY-43314,INV-14716,OMC-017,KAA Aviation,GB54HVSS04902787429671,2026-03-17,126249,1
PAY-16041,INV-41524,OMC-002,Vivo Energy,GB45OQIR01845146270482,28/07/2025,41035,1
PAY-43990,INV-56007,OMC-018,Uganda National Oil,GB73JRAR61317127484677,2025-05-10,291387,1
PAY-78129,INV-39588,OMC-004,Gulf Energy,GB89GWUW86379402654235,2026-06-06,113309,2
PAY-93641,INV-52751,OMC-013,Lake Oil,GB88TEHE71937452991241,,131973,1
PAY-94419,INV-73459,OMC-010,Tamoil,GB34EABH79176936763201,2026-07-03,31217,1
PAY-43146,INV-20381,OMC-013,Lake Oil,GB88TEHE71937452991241,2025-11-27,38449,1
PAY-71933,INV-39781,OMC-003,Rubis Energy,GB04LOQO13315098393010,2025-02-27,78789,1
PAY-21310,INV-60579,OMC-020,Ethiopian Oil,GB08IVAZ74821759464743,2026-05-13,54590,1
PAY-80744,INV-68973,OMC-010,Tamoil,GB34EABH79176936763201,2025-10-27,135850,1
PAY-56019,INV-75353,OMC-017,KAA Aviation,GB54HVSS04902787429671,2026-05-18,118965,1
PAY-87511,INV-72191,OMC-015,Mombasa Petroleum,GB80WOIJ43135182337498,2025-10-01,36586,1
PAY-85766,INV-29756,OMC-010,Tamoil,GB34EABH79176936763201,2025-05-24,169530,1
PAY-70086,INV-63307,OMC-011,Hass Petroleum,GB56WGCN65876036690967,2025-05-01,77620,1
PAY-85340,INV-23273,OMC-020,Ethiopian Oil,GB08IVAZ74821759464743,2026-04-24,55800,1
PAY-91466,INV-70644,OMC-001,TotalEnergies Kenya,GB06DMIO52553419283276,2026-01-06,182913,1
PAY-82907,INV-15553,OMC-001,TotalEnergies Kenya,GB06DMIO52553419283276,2025-02-27,6944,2
PAY-62603,INV-24860,OMC-001,TotalEnergies Kenya,GB06DMIO52553419283276,2026-07-05,18758,2
PAY-67944,INV-83067,OMC-019,Tanzania Petroleum,GB64OAXE62174596158657,2026-04-25,220443,1
PAY-61761,INV-67341,OMC-004,Gulf Energy,GB89GWUW86379402654235,2026-04-21,170613,1
PAY-15216,INV-44155,OMC-014,Texol Energies,GB06ONXS45314737996507,2025-11-07,227582,1
PAY-10306,INV-73153,OMC-011,Hass Petroleum,GB56WGCN65876036690967,2025-12-26,23155,2
PAY-34250,INV-67312,OMC-009,Dalbit Petroleum,GB53VXXX35615951484656,2025-06-26,25865,1
PAY-19834,INV-27047,OMC-003,Rubis Energy,GB04LOQO13315098393010,2026-03-20,35372,1
PAY-40981,INV-91639,OMC-014,Texol Energies,GB06ONXS45314737996507,2026-07-05,15516,2
PAY-10869,INV-75793,OMC-017,KAA Aviation,GB54HVSS04902787429671,2026-03-21,288547,1
PAY-17657,INV-98255,OMC-018,Uganda National Oil,GB73JRAR61317127484677,05/12/2025," KES 153,164 ",1
PAY-91799,INV-22421,OMC-016,KPA Marine,GB31MOOJ96499091334123,2026-02-21,19695,1
PAY-59842,INV-53985,OMC-011,Hass Petroleum,GB56WGCN65876036690967,2026-05-29,106925,1
PAY-75077,INV-68063,OMC-006,Hashi Energy,GB05QCFC91361939909169,2026-07-06,50537,1
PAY-69345,INV-29540,OMC-009,Dalbit Petroleum,GB53VXXX35615951484656,2025-09-07,32431,2
PAY-90716,INV-97579,OMC-015,Mombasa Petroleum,GB80WOIJ43135182337498,2025-09-04,184306,1
PAY-26710,INV-67398,OMC-007,Kobil,GB37IDDX82449353487401,2026-01-11,60631,1
PAY-27394,INV-49821,OMC-008,National Oil,GB08NAFX56342160733754,2025-11-13,154666,1
PAY-53759,INV-52420,OMC-017,KAA Aviation,GB54HVSS04902787429671,2025-03-16,34312,1
PAY-52363,INV-83648,OMC-001,TotalEnergies Kenya,GB06DMIO52553419283276,2026-07-31,122443,1
PAY-23447,INV-48035,OMC-007,Kobil,GB37IDDX82449353487401,2026-04-25,196135,1
PAY-37029,INV-21284,OMC-016,KPA Marine,GB31MOOJ96499091334123,2025-10-13,25621,1
PAY-43587,INV-32628,OMC-017,KAA Aviation,GB54HVSS04902787429671,2026-03-22,64292,1
PAY-18950,INV-32645,OMC-015,Mombasa Petroleum,GB80WOIJ43135182337498,2025-05-11,60657,1
PAY-51004,INV-50809,OMC-001,TotalEnergies Kenya,GB06DMIO52553419283276,2026-01-30,264338,1
PAY-42467,INV-37194,OMC-018,Uganda National Oil,GB73JRAR61317127484677,2025-03-03,134675,1
PAY-57129,INV-11271,OMC-019,Tanzania Petroleum,GB64OAXE62174596158657,2026-01-12,43217,1
PAY-18465,INV-72996,OMC-019,Tanzania Petroleum,GB64OAXE62174596158657,2025-09-15,98012,1
PAY-26736,INV-23162,OMC-012,Galana Energies,GB89GWUW86379402654235,2026-06-04,173414,1
PAY-47661,INV-75176,OMC-006,Hashi Energy,GB05QCFC91361939909169,2025-04-16,130717,1
PAY-25784,INV-14121,OMC-012,Galana Energies,GB89GWUW86379402654235,2026-05-01,19786,2
PAY-72767,INV-70405,OMC-010,Tamoil,GB34EABH79176936763201,2025-06-06,176023,1
PAY-89305,INV-99598,OMC-018,Uganda National Oil,GB73JRAR61317127484677,2025-03-24,35324,1
PAY-77066,INV-60250,OMC-008,National Oil,GB08NAFX56342160733754,2025-02-10,117679,1
PAY-51511,INV-73773,OMC-019,Tanzania Petroleum,GB64OAXE62174596158657,2026-06-02,40354,1
PAY-79277,INV-39353,OMC-002,Vivo Energy,GB45OQIR01845146270482,2025-02-13,57522,1
PAY-50980,INV-28696,OMC-001,TotalEnergies Kenya,GB06DMIO52553419283276,2026-03-14,245730,1
PAY-68205,INV-18311,OMC-013,Lake Oil,GB88TEHE71937452991241,07/05/2026,116027,1
PAY-33626,INV-75003,OMC-007,Kobil,GB37IDDX82449353487401,2026-04-22,125514,1
PAY-75177,INV-67985,OMC-008,National Oil,GB08NAFX56342160733754,2026-04-03,35174,1
PAY-74712,INV-19973,OMC-007,Kobil,GB37IDDX82449353487401,2025-09-05,185844,1
PAY-65143,INV-15585,OMC-005,PetroOil Kenya,GB89GWUW86379402654235,2026-06-01,123998,1
PAY-98938,INV-87289,OMC-018,Uganda National Oil,GB73JRAR61317127484677,2025-12-26,22391,1
PAY-77639,INV-14978,OMC-015,Mombasa Petroleum,GB80WOIJ43135182337498,2026-04-15,37377,1
PAY-79393,INV-31069,OMC-019,Tanzania Petroleum,GB64OAXE62174596158657,2025-04-24,166894,1
PAY-42564,INV-18800,OMC-020,Ethiopian Oil,GB08IVAZ74821759464743,2025-06-23,75223,1
PAY-25243,INV-81094,OMC-017,KAA Aviation,GB54HVSS04902787429671,2025-11-25,103234,1
PAY-86090,INV-98940,OMC-015,Mombasa Petroleum,GB80WOIJ43135182337498,2026-02-01,44085,1
PAY-71730,INV-74900,OMC-001,TotalEnergies Kenya,GB06DMIO52553419283276,2025-10-03,104530,1
PAY-93939,INV-30201,OMC-019,Tanzania Petroleum,GB64OAXE62174596158657,2025-12-16,26895,1
PAY-55215,INV-46273,OMC-002,Vivo Energy,GB45OQIR01845146270482,2025-11-30,28039,1
PAY-49500,INV-94152,OMC-013,Lake Oil,GB88TEHE71937452991241,2026-03-24,53437,1
PAY-93512,INV-93392,OMC-008,National Oil,GB08NAFX56342160733754,2025-07-04,60136,1
PAY-39668,INV-84859,OMC-005,PetroOil Kenya,GB89GWUW86379402654235,2026-04-29,18175,1
PAY-14670,INV-57043,OMC-013,Lake Oil,GB88TEHE71937452991241,2026-03-18,245105,1
PAY-75046,INV-10863,OMC-007,Kobil,GB37IDDX82449353487401,2025-12-11,108427,1
PAY-95695,INV-72647,OMC-003,Rubis Energy,GB04LOQO13315098393010,2025-05-04,86011,1
PAY-17689,INV-40152,OMC-005,PetroOil Kenya,GB89GWUW86379402654235,2026-05-21," KES 24,969 ",1
PAY-27116,INV-90081,OMC-013,Lake Oil,GB88TEHE71937452991241,2026-05-03,169902,1
PAY-87538,INV-36671,OMC-017,KAA Aviation,GB54HVSS04902787429671,22/08/2025," KES 125,977 ",1
PAY-27239,INV-97802,OMC-005,PetroOil Kenya,GB89GWUW86379402654235,2026-05-24,50208,2
PAY-19933,INV-44531,OMC-020,Ethiopian Oil,GB08IVAZ74821759464743,18/03/2025,57892,1
PAY-60087,INV-79002,OMC-005,PetroOil Kenya,GB89GWUW86379402654235,2026-04-06,19561,1
PAY-38404,INV-46693,OMC-003,Rubis Energy,GB04LOQO13315098393010,2026-07-09,137757,1
PAY-11107,INV-42328,OMC-011,Hass Petroleum,GB56WGCN65876036690967,2026-07-27,55385,1
PAY-13373,INV-87805,OMC-018,Uganda National Oil,GB73JRAR61317127484677,2026-03-25," KES 44,856 ",1
PAY-66052,INV-20669,OMC-010,Tamoil,GB34EABH79176936763201,2026-01-10," KES 268,351 ",1
PAY-47030,INV-50703,OMC-018,Uganda National Oil,GB73JRAR61317127484677,2025-03-24,124248,1
PAY-45581,INV-17033,OMC-011,Hass Petroleum,GB56WGCN65876036690967,2025-10-31,163024,1
PAY-67077,INV-10560,OMC-012,Galana Energies,GB89GWUW86379402654235,2026-05-28,89824,2
PAY-58553,INV-73943,OMC-018,Uganda National Oil,GB73JRAR61317127484677,2026-07-31,61819,1
PAY-33103,INV-50654,OMC-007,Kobil,GB37IDDX82449353487401,,22102,1
PAY-43742,INV-11554,OMC-014,Texol Energies,GB06ONXS45314737996507,2025-04-15,149657,1
PAY-50733,INV-18137,OMC-014,Texol Energies,GB06ONXS45314737996507,2025-11-28,130405,1
PAY-99636,INV-61813,OMC-015,Mombasa Petroleum,GB80WOIJ43135182337498,2025-03-02,182668,1
PAY-31992,INV-74992,OMC-014,Texol Energies,GB06ONXS45314737996507,2025-11-03,216456,1
PAY-69496,INV-68382,OMC-016,KPA Marine,GB31MOOJ96499091334123,2026-01-02,114390,1
PAY-39030,INV-37357,OMC-009,Dalbit Petroleum,GB53VXXX35615951484656,2025-03-30,41536,1
PAY-18214,INV-62951,OMC-011,Hass Petroleum,GB56WGCN65876036690967,2026-02-04,247851,1
PAY-83036,INV-36255,OMC-016,KPA Marine,GB31MOOJ96499091334123,2026-05-11,119980,1
PAY-59640,INV-31621,OMC-007,Kobil,GB37IDDX82449353487401,2026-04-06,214607,1
PAY-51426,INV-98373,OMC-004,Gulf Energy,GB89GWUW86379402654235,2026-02-19,30742,1
PAY-32771,INV-99952,OMC-015,Mombasa Petroleum,GB80WOIJ43135182337498,2025-06-25,33345,1
PAY-54127,INV-48146,OMC-006,Hashi Energy,GB05QCFC91361939909169,2026-05-26,31177,1
PAY-18158,INV-56927,OMC-017,KAA Aviation,GB54HVSS04902787429671,2025-08-31,179790,1
PAY-45083,INV-22920,OMC-010,Tamoil,GB34EABH79176936763201,2026-04-14,102659,1
PAY-54915,INV-19005,OMC-006,Hashi Energy,GB05QCFC91361939909169,2026-04-11,81957,1
PAY-35688,INV-97522,OMC-008,National Oil,GB08NAFX56342160733754,2025-04-29,34980,1
PAY-33338,INV-49827,OMC-004,Gulf Energy,GB89GWUW86379402654235,2026-03-22,58649,1
PAY-52724,INV-24648,OMC-014,Texol Energies,GB06ONXS45314737996507,2026-03-15," KES 54,197 ",1
PAY-80966,INV-85851,OMC-011,Hass Petroleum,GB56WGCN65876036690967,2025-10-26,205491,1
PAY-74883,INV-27366,OMC-014,Texol Energies,GB06ONXS45314737996507,2025-08-23,144463,1
PAY-46329,INV-65995,OMC-013,Lake Oil,GB88TEHE71937452991241,2026-03-21,229061,1
PAY-36076,INV-10215,OMC-016,KPA Marine,GB31MOOJ96499091334123,2025-08-27,53303,2
PAY-39879,INV-43934,OMC-019,Tanzania Petroleum,GB64OAXE62174596158657,2025-03-17,165290,1
PAY-35027,INV-12994,OMC-002,Vivo Energy,GB45OQIR01845146270482,,203967,1
PAY-91799,INV-22421,OMC-016,KPA Marine,GB31MOOJ96499091334123,,19695,1
PAY-47866,INV-60825,OMC-019,Tanzania Petroleum,GB64OAXE62174596158657,2026-06-14," KES 78,624 ",1
PAY-22984,INV-35879,OMC-008,National Oil,GB08NAFX56342160733754,22/05/2025,175508,1
PAY-74036,INV-36216,OMC-016,KPA Marine,GB31MOOJ96499091334123,2025-03-12,51995,1
PAY-28622,INV-93805,OMC-011,Hass Petroleum,GB56WGCN65876036690967,2026-05-31,277643,1
PAY-84480,INV-79127,OMC-019,Tanzania Petroleum,GB64OAXE62174596158657,2026-01-25,167528,1
PAY-72817,INV-10041,OMC-006,Hashi Energy,GB05QCFC91361939909169,2025-07-22,200813,1
PAY-77293,INV-98658,OMC-016,KPA Marine,GB31MOOJ96499091334123,2026-04-25,69509,2
PAY-31009,INV-78472,OMC-012,Galana Energies,GB89GWUW86379402654235,2026-05-28,92547,2
PAY-97151,INV-84639,OMC-018,Uganda National Oil,GB73JRAR61317127484677,2026-06-11,177197,1
PAY-69750,INV-37893,OMC-001,TotalEnergies Kenya,GB06DMIO52553419283276,2025-04-21,55850,2
PAY-79456,INV-28231,OMC-016,KPA Marine,GB31MOOJ96499091334123,2026-02-10,185231,1
PAY-27408,INV-31764,OMC-020,Ethiopian Oil,GB08IVAZ74821759464743,2026-03-02,36806,1
PAY-41149,INV-72993,OMC-015,Mombasa Petroleum,GB80WOIJ43135182337498,2025-09-29,275241,1
PAY-72732,INV-21875,OMC-011,Hass Petroleum,GB56WGCN65876036690967,2026-07-07,30719,1
PAY-61055,INV-81799,OMC-016,KPA Marine,GB31MOOJ96499091334123,2025-07-23,202219,1
PAY-74037,INV-47527,OMC-010,Tamoil,GB34EABH79176936763201,2025-10-27,60594,1
PAY-70699,INV-40717,OMC-003,Rubis Energy,GB04LOQO13315098393010,2026-07-16,57779,1
PAY-18857,INV-97914,OMC-001,TotalEnergies Kenya,GB06DMIO52553419283276,2026-05-26,32356,1
PAY-55694,INV-15225,OMC-003,Rubis Energy,GB04LOQO13315098393010,2025-09-27,138300,1
PAY-43771,INV-72755,OMC-010,Tamoil,GB34EABH79176936763201,2025-10-01,41524,1
PAY-55667,INV-15621,OMC-015,Mombasa Petroleum,GB80WOIJ43135182337498,2026-04-27,65571,1
PAY-61645,INV-76839,OMC-002,Vivo Energy,GB45OQIR01845146270482,2025-12-24,10311,2
PAY-81804,INV-16845,OMC-001,TotalEnergies Kenya,GB06DMIO52553419283276,2026-05-23,63464,1
PAY-64758,INV-12234,OMC-017,KAA Aviation,GB54HVSS04902787429671,2025-09-13,86811,1
PAY-17378,INV-98755,OMC-017,KAA Aviation,GB54HVSS04902787429671,2025-03-05,116316,1
PAY-13065,INV-85766,OMC-008,National Oil,GB08NAFX56342160733754,2025-09-23,191352,1
PAY-39957,INV-26250,OMC-018,Uganda National Oil,GB73JRAR61317127484677,2025-06-03,183333,1
PAY-50688,INV-78908,OMC-018,Uganda National Oil,GB73JRAR61317127484677,2025-10-21,156155,1
PAY-35550,INV-83062,OMC-006,Hashi Energy,GB05QCFC91361939909169,2025-05-08,142504,1
PAY-26519,INV-79002,OMC-005,PetroOil Kenya,GB89GWUW86379402654235,2026-05-04,9467,2
PAY-82999,INV-98312,OMC-020,Ethiopian Oil,GB08IVAZ74821759464743,2025-03-28,91178,1
PAY-41947,INV-35054,OMC-007,Kobil,GB37IDDX82449353487401,2025-11-28,35135,2
PAY-40638,INV-62016,OMC-008,National Oil,GB08NAFX56342160733754,2025-06-19,201046,1
PAY-84921,INV-90262,OMC-018,Uganda National Oil,GB73JRAR61317127484677,2025-07-19,54390,2
PAY-40274,INV-74859,OMC-020,Ethiopian Oil,GB08IVAZ74821759464743,2025-02-27,166219,1
PAY-73386,INV-51261,OMC-005,PetroOil Kenya,GB89GWUW86379402654235,2026-06-07,85562,1
PAY-85055,INV-30689,OMC-014,Texol Energies,GB06ONXS45314737996507,2025-08-02,48685,1
PAY-65804,INV-71709,OMC-003,Rubis Energy,GB04LOQO13315098393010,2026-03-21,63161,1
PAY-83949,INV-30366,OMC-014,Texol Energies,GB06ONXS45314737996507,2026-03-31,300107,1
PAY-99769,INV-97770,OMC-014,Texol Energies,GB06ONXS45314737996507,2025-07-31,34375,2
PAY-45441,INV-22188,OMC-002,Vivo Energy,GB45OQIR01845146270482,2026-02-01,53234,1
PAY-26239,INV-56094,OMC-018,Uganda National Oil,GB73JRAR61317127484677,2025-07-29,25199,1
PAY-25458,INV-78727,OMC-018,Uganda National Oil,GB73JRAR61317127484677,2025-10-10,122616,1
PAY-15462,INV-85737,OMC-011,Hass Petroleum,GB56WGCN65876036690967,2025-07-13,56358,1
PAY-96138,INV-56863,OMC-016,KPA Marine,GB31MOOJ96499091334123,19/06/2025,73452,1
PAY-78587,INV-14675,OMC-012,Galana Energies,GB89GWUW86379402654235,2026-04-07,50764,1
PAY-17326,INV-59966,OMC-003,Rubis Energy,GB04LOQO13315098393010,2025-08-15," KES 26,822 ",1
PAY-99552,INV-48718,OMC-003,Rubis Energy,GB04LOQO13315098393010,2025-09-01,223938,1
PAY-88044,INV-26727,OMC-008,National Oil,GB08NAFX56342160733754,2025-04-27,113293,1
PAY-83597,INV-44448,OMC-008,National Oil,GB08NAFX56342160733754,2026-04-06,160018,1
PAY-63039,INV-36468,OMC-006,Hashi Energy,GB05QCFC91361939909169,2025-12-14,44775,1
PAY-30789,INV-33410,OMC-016,KPA Marine,GB31MOOJ96499091334123,,125415,1
PAY-83082,INV-79304,OMC-001,TotalEnergies Kenya,GB06DMIO52553419283276,2026-03-15," KES 155,599 ",1
PAY-10130,INV-37579,OMC-012,Galana Energies,GB89GWUW86379402654235,,116277,1
PAY-54595,INV-56394,OMC-005,PetroOil Kenya,GB89GWUW86379402654235,2026-06-22,65063,2
PAY-33667,INV-43096,OMC-012,Galana Energies,GB89GWUW86379402654235,2026-04-24,82142,1
PAY-23118,INV-16875,OMC-010,Tamoil,GB34EABH79176936763201,2025-10-29,214019,1
PAY-87986,INV-79703,OMC-001,TotalEnergies Kenya,GB06DMIO52553419283276,2026-08-01,27135,1
PAY-31077,INV-38154,OMC-018,Uganda National Oil,GB73JRAR61317127484677,2025-05-12,55252,2
PAY-12881,INV-24959,OMC-008,National Oil,GB08NAFX56342160733754,2025-06-23,133483,1
PAY-50415,INV-80635,OMC-007,Kobil,GB37IDDX82449353487401,2025-05-18,29954,1
PAY-90548,INV-49003,OMC-020,Ethiopian Oil,GB08IVAZ74821759464743,2025-12-02,93950,1
PAY-45858,INV-29418,OMC-002,Vivo Energy,GB45OQIR01845146270482,05/08/2025,37815,1
PAY-32967,INV-45571,OMC-001,TotalEnergies Kenya,GB06DMIO52553419283276,2025-09-09,100743,1
PAY-86772,INV-66766,OMC-006,Hashi Energy,GB05QCFC91361939909169,2026-03-20,31028,1
PAY-62712,INV-71486,OMC-003,Rubis Energy,GB04LOQO13315098393010,2025-08-10,209826,1
PAY-10862,INV-13772,OMC-014,Texol Energies,GB06ONXS45314737996507,2026-03-23," KES 260,157 ",1
PAY-42463,INV-89249,OMC-018,Uganda National Oil,GB73JRAR61317127484677,2026-03-21,40998,1
PAY-24927,INV-15408,OMC-003,Rubis Energy,GB04LOQO13315098393010,2025-11-18,31852,1
PAY-94488,INV-63118,OMC-017,KAA Aviation,GB54HVSS04902787429671,2026-07-21,42717,1
PAY-29011,INV-32576,OMC-011,Hass Petroleum,GB56WGCN65876036690967,2025-08-29,256848,1
PAY-36970,INV-19995,OMC-004,Gulf Energy,GB89GWUW86379402654235,2026-05-03," KES 23,606 ",2
PAY-31321,INV-93278,OMC-002,Vivo Energy,GB45OQIR01845146270482,2026-06-07,58599,2
PAY-26610,INV-46650,OMC-012,Galana Energies,GB89GWUW86379402654235,2026-04-10,35484,1
PAY-16052,INV-26592,OMC-008,National Oil,GB08NAFX56342160733754,2026-08-06,16693,1
PAY-21692,INV-87280,OMC-005,PetroOil Kenya,GB89GWUW86379402654235,2026-04-09,27268,1
PAY-64167,INV-52967,OMC-013,Lake Oil,GB88TEHE71937452991241,2025-08-09,127462,1
PAY-91288,INV-76237,OMC-019,Tanzania Petroleum,GB64OAXE62174596158657,2025-03-01," KES 27,471 ",1
PAY-16004,INV-29898,OMC-016,KPA Marine,GB31MOOJ96499091334123,2025-02-02,113685,1
PAY-63073,INV-85711,OMC-018,Uganda National Oil,GB73JRAR61317127484677,,212652,1
PAY-53246,INV-63081,OMC-002,Vivo Energy,GB45OQIR01845146270482,2025-11-13,55224,1
PAY-10628,INV-71725,OMC-017,KAA Aviation,GB54HVSS04902787429671,2026-02-19,26616,1
PAY-22293,INV-71494,OMC-002,Vivo Energy,GB45OQIR01845146270482,06/03/2026,58288,2
PAY-95897,INV-58480,OMC-001,TotalEnergies Kenya,GB06DMIO52553419283276,2026-05-27,296004,1
PAY-84732,INV-69005,OMC-006,Hashi Energy,GB05QCFC91361939909169,2025-11-18,121983,1
PAY-23685,INV-46945,OMC-002,Vivo Energy,GB45OQIR01845146270482,2025-06-05,80503,1
PAY-64026,INV-64111,OMC-020,Ethiopian Oil,GB08IVAZ74821759464743,2026-04-12,138872,1
PAY-83590,INV-62846,OMC-011,Hass Petroleum,GB56WGCN65876036690967,2026-07-23,175085,1
PAY-68238,INV-40885,OMC-011,Hass Petroleum,GB56WGCN65876036690967,2025-12-08,8834,2
PAY-34088,INV-40842,OMC-017,KAA Aviation,GB54HVSS04902787429671,2026-01-18,52353,1
PAY-21428,INV-51675,OMC-012,Galana Energies,GB89GWUW86379402654235,2026-03-24,27325,1
PAY-93650,INV-20589,OMC-010,Tamoil,GB34EABH79176936763201,2026-04-24,153048,1
PAY-97659,INV-24863,OMC-003,Rubis Energy,GB04LOQO13315098393010,20/04/2025,51984,1
PAY-99799,INV-85436,OMC-014,Texol Energies,GB06ONXS45314737996507,2025-08-05,49244,1
PAY-60989,INV-23172,OMC-011,Hass Petroleum,GB56WGCN65876036690967,2026-07-27,169769,1
PAY-49542,INV-25000,OMC-014,Texol Energies,GB06ONXS45314737996507,2025-07-29,267637,1
PAY-37513,INV-19794,OMC-017,KAA Aviation,GB54HVSS04902787429671,2026-02-15," KES 25,008 ",1
PAY-54579,INV-32629,OMC-015,Mombasa Petroleum,GB80WOIJ43135182337498,2026-02-09,27031,1
PAY-23384,INV-44531,OMC-008,National Oil,GB08NAFX56342160733754,2025-06-20,31055,1
PAY-53164,INV-74802,OMC-005,PetroOil Kenya,GB89GWUW86379402654235,2026-03-24,114212,1
PAY-45273,INV-81126,OMC-008,National Oil,GB08NAFX56342160733754,2026-03-02,140881,1
PAY-48796,INV-14658,OMC-019,Tanzania Petroleum,GB64OAXE62174596158657,2025-03-28,85619,1
PAY-12308,INV-87988,OMC-007,Kobil,GB37IDDX82449353487401,,50579,2
PAY-89464,INV-37740,OMC-020,Ethiopian Oil,GB08IVAZ74821759464743,2025-12-19,110066,1
PAY-38043,INV-63894,OMC-006,Hashi Energy,GB05QCFC91361939909169,2025-07-31,24867,1
PAY-57016,INV-16788,OMC-014,Texol Energies,GB06ONXS45314737996507,15/11/2025,118975,1
PAY-56412,INV-70975,OMC-002,Vivo Energy,GB45OQIR01845146270482,2026-06-23,93481,1
PAY-55046,INV-52858,OMC-002,Vivo Energy,GB45OQIR01845146270482,2026-05-09,167710,1
PAY-29873,INV-74938,OMC-008,National Oil,GB08NAFX56342160733754,2026-02-15," KES 80,348 ",1
PAY-75735,INV-73523,OMC-009,Dalbit Petroleum,GB53VXXX35615951484656,2026-07-18,38971,2
PAY-52231,INV-51056,OMC-012,Galana Energies,GB89GWUW86379402654235,2026-05-29,28947,1
PAY-65860,INV-76576,OMC-018,Uganda National Oil,GB73JRAR61317127484677,25/01/2026," KES 213,731 ",1
PAY-19575,INV-18436,OMC-020,Ethiopian Oil,GB08IVAZ74821759464743,2026-04-04,174231,1
PAY-14356,INV-30766,OMC-013,Lake Oil,GB88TEHE71937452991241,2026-03-27,146069,1
PAY-85219,INV-63764,OMC-011,Hass Petroleum,GB56WGCN65876036690967,2025-07-21,198122,1
PAY-22685,INV-29811,OMC-011,Hass Petroleum,GB56WGCN65876036690967,2025-06-12,234099,1
PAY-16316,INV-16411,OMC-003,Rubis Energy,GB04LOQO13315098393010,2025-03-28,28281,1
PAY-56203,INV-76890,OMC-002,Vivo Energy,GB45OQIR01845146270482,2025-07-29,106200,1
PAY-91165,INV-31587,OMC-009,Dalbit Petroleum,GB53VXXX35615951484656,2025-11-05,63146,2
PAY-33812,INV-37893,OMC-001,TotalEnergies Kenya,GB06DMIO52553419283276,2025-03-22,58971,1
PAY-10796,INV-24093,OMC-010,Tamoil,GB34EABH79176936763201,2026-01-27,151483,1
PAY-79212,INV-97388,OMC-006,Hashi Energy,GB05QCFC91361939909169,2026-02-19,61637,1
PAY-21794,INV-28501,OMC-016,KPA Marine,GB31MOOJ96499091334123,2025-06-07,142616,1
PAY-95203,INV-74745,OMC-015,Mombasa Petroleum,GB80WOIJ43135182337498,2025-04-18," KES 37,255 ",1
PAY-32363,INV-49758,OMC-004,Gulf Energy,GB89GWUW86379402654235,2026-04-10,57034,2
PAY-52946,INV-97514,OMC-005,PetroOil Kenya,GB89GWUW86379402654235,2026-06-11,125345,1
PAY-91634,INV-74581,OMC-020,Ethiopian Oil,GB08IVAZ74821759464743,2025-10-17,184935,1
PAY-93825,INV-25882,OMC-001,TotalEnergies Kenya,GB06DMIO52553419283276,2026-02-16,106661,1
PAY-66258,INV-32953,OMC-019,Tanzania Petroleum,GB64OAXE62174596158657,2026-03-03,65324,1
PAY-21330,INV-25949,OMC-019,Tanzania Petroleum,GB64OAXE62174596158657,2025-10-03,44925,2
PAY-28973,INV-90581,OMC-002,Vivo Energy,GB45OQIR01845146270482,2025-08-26,162355,1
PAY-98802,INV-81981,OMC-006,Hashi Energy,GB05QCFC91361939909169,2026-04-29," KES 219,163 ",1
PAY-38271,INV-73866,OMC-001,TotalEnergies Kenya,GB06DMIO52553419283276,2025-04-28,168366,1
PAY-66794,INV-30057,OMC-016,KPA Marine,GB31MOOJ96499091334123,2026-05-15,158744,1
PAY-87977,INV-36543,OMC-003,Rubis Energy,GB04LOQO13315098393010,2025-11-17,239098,1
PAY-22585,INV-44297,OMC-003,Rubis Energy,GB04LOQO13315098393010,2026-01-21,205585,1
PAY-94305,INV-55759,OMC-001,TotalEnergies Kenya,GB06DMIO52553419283276,2025-09-06,93916,1
PAY-57223,INV-93680,OMC-007,Kobil,GB37IDDX82449353487401,2025-03-12,20968,1
PAY-40116,INV-49063,OMC-008,National Oil,GB08NAFX56342160733754,04/07/2025,129906,1
PAY-30059,INV-23436,OMC-008,National Oil,GB08NAFX56342160733754,2026-07-09,266661,1
PAY-71928,INV-86535,OMC-011,Hass Petroleum,GB56WGCN65876036690967,2025-04-07,55750,1
PAY-97438,INV-21434,OMC-013,Lake Oil,GB88TEHE71937452991241,2025-08-04,112320,1
PAY-94363,INV-73867,OMC-003,Rubis Energy,GB04LOQO13315098393010,2025-02-18,90190,2
PAY-32192,INV-28302,OMC-001,TotalEnergies Kenya,GB06DMIO52553419283276,,208559,1
PAY-96377,INV-59297,OMC-011,Hass Petroleum,GB56WGCN65876036690967,2026-04-24,300876,1
PAY-71106,INV-77024,OMC-014,Texol Energies,GB06ONXS45314737996507,2026-02-06,54760,1
PAY-71861,INV-81890,OMC-006,Hashi Energy,GB05QCFC91361939909169,2025-07-22,217869,1
PAY-44032,INV-13057,OMC-013,Lake Oil,GB88TEHE71937452991241,2025-08-27,138625,1
PAY-31190,INV-15687,OMC-001,TotalEnergies Kenya,GB06DMIO52553419283276,2026-05-09,35534,1
PAY-52072,INV-39005,OMC-018,Uganda National Oil,GB73JRAR61317127484677,2026-02-24,25556,1
PAY-33306,INV-45300,OMC-003,Rubis Energy,GB04LOQO13315098393010,2025-02-04,223632,1
PAY-68199,INV-90308,OMC-005,PetroOil Kenya,GB89GWUW86379402654235,2026-05-20,93826,1
PAY-60791,INV-98799,OMC-018,Uganda National Oil,GB73JRAR61317127484677,2026-07-08,173424,1
PAY-61245,INV-71879,OMC-003,Rubis Energy,GB04LOQO13315098393010,2026-05-17,20024,1
PAY-97306,INV-24793,OMC-008,National Oil,GB08NAFX56342160733754,2025-12-13,103119,1
PAY-99030,INV-45793,OMC-014,Texol Energies,GB06ONXS45314737996507,2025-03-23,212230,1
PAY-73280,INV-99997,OMC-006,Hashi Energy,GB05QCFC91361939909169,2026-04-10,149917,1
PAY-92794,INV-99030,OMC-010,Tamoil,GB34EABH79176936763201,2025-10-21,94752,1
PAY-38381,INV-47922,OMC-020,Ethiopian Oil,GB08IVAZ74821759464743,2026-06-16,163699,1
PAY-79561,INV-25181,OMC-020,Ethiopian Oil,GB08IVAZ74821759464743,2026-01-20,15576,2
PAY-67236,INV-98596,OMC-006,Hashi Energy,GB05QCFC91361939909169,2026-07-03,138928,1
PAY-81458,INV-94141,OMC-011,Hass Petroleum,GB56WGCN65876036690967,2025-11-05,60321,1
PAY-68692,INV-61426,OMC-011,Hass Petroleum,GB56WGCN65876036690967,2025-09-25,53833,2
PAY-83062,INV-57575,OMC-008,National Oil,GB08NAFX56342160733754,,182784,1
PAY-91665,INV-54378,OMC-016,KPA Marine,GB31MOOJ96499091334123,2025-08-22,73395,2
PAY-18088,INV-29917,OMC-010,Tamoil,GB34EABH79176936763201,2026-02-05,40046,1
PAY-54930,INV-36344,OMC-006,Hashi Energy,GB05QCFC91361939909169,2025-12-01,21961,1
PAY-15291,INV-64631,OMC-009,Dalbit Petroleum,GB53VXXX35615951484656,2025-09-24,195121,1
PAY-97826,INV-33912,OMC-015,Mombasa Petroleum,GB80WOIJ43135182337498,2025-03-22,25587,1
PAY-99053,INV-85661,OMC-016,KPA Marine,GB31MOOJ96499091334123,2025-04-26,132473,1
PAY-84890,INV-48582,OMC-006,Hashi Energy,GB05QCFC91361939909169,2025-05-02,228143,1
PAY-49787,INV-31138,OMC-002,Vivo Energy,GB45OQIR01845146270482,2026-03-14,22728,1
PAY-18653,INV-38065,OMC-001,TotalEnergies Kenya,GB06DMIO52553419283276,2026-07-21,40370,2
PAY-88274,INV-56757,OMC-002,Vivo Energy,GB45OQIR01845146270482,2025-05-25,187739,1
PAY-17039,INV-95819,OMC-005,PetroOil Kenya,GB89GWUW86379402654235,2026-04-10,122299,1
PAY-42611,INV-22408,OMC-018,Uganda National Oil,GB73JRAR61317127484677,2026-04-27,24549,1
PAY-72178,INV-92484,OMC-012,Galana Energies,GB89GWUW86379402654235,2026-04-07,32234,1
PAY-32058,INV-55295,OMC-002,Vivo Energy,GB45OQIR01845146270482,2026-05-02," KES 41,575 ",1
PAY-86341,INV-39311,OMC-004,Gulf Energy,GB89GWUW86379402654235,2026-05-15,19603,2
PAY-60050,INV-45868,OMC-014,Texol Energies,GB06ONXS45314737996507,2026-03-10,178533,1
PAY-63444,INV-65400,OMC-014,Texol Energies,GB06ONXS45314737996507,15/06/2025,8973,2
PAY-12889,INV-59116,OMC-006,Hashi Energy,GB05QCFC91361939909169,2025-06-08,25845,1
PAY-35663,INV-89518,OMC-020,Ethiopian Oil,GB08IVAZ74821759464743,2026-08-19,34160,1
PAY-99356,INV-85794,OMC-012,Galana Energies,GB89GWUW86379402654235,2026-06-10,68458,1
PAY-58796,INV-14010,OMC-011,Hass Petroleum,GB56WGCN65876036690967,2026-05-15,199135,1
PAY-77610,INV-72395,OMC-016,KPA Marine,GB31MOOJ96499091334123,2026-04-25,55028,1
PAY-37570,INV-12799,OMC-014,Texol Energies,GB06ONXS45314737996507,2025-01-26,53555,1
PAY-82211,INV-49294,OMC-001,TotalEnergies Kenya,GB06DMIO52553419283276,2026-08-20,57497,1
PAY-95754,INV-79457,OMC-002,Vivo Energy,GB45OQIR01845146270482,2026-06-21,24713,1
PAY-90866,INV-63753,OMC-015,Mombasa Petroleum,GB80WOIJ43135182337498,2025-10-19,42287,1
PAY-98012,INV-98966,OMC-011,Hass Petroleum,GB56WGCN65876036690967,2025-07-23,200089,1
PAY-57017,INV-30002,OMC-010,Tamoil,GB34EABH79176936763201,2025-08-15,230941,1
PAY-96290,INV-67748,OMC-003,Rubis Energy,GB04LOQO13315098393010,2025-05-06,184663,1
PAY-58462,INV-80394,OMC-012,Galana Energies,GB89GWUW86379402654235,2026-06-16,27815,1
PAY-37423,INV-73472,OMC-016,KPA Marine,GB31MOOJ96499091334123,2025-10-20," KES 162,607 ",1
PAY-18317,INV-15436,OMC-013,Lake Oil,GB88TEHE71937452991241,2025-09-01,121761,1
PAY-92108,INV-42061,OMC-011,Hass Petroleum,GB56WGCN65876036690967,2025-07-16,239172,1
PAY-44097,INV-22919,OMC-004,Gulf Energy,GB89GWUW86379402654235,05/04/2026,211494,1
PAY-73366,INV-28469,OMC-019,Tanzania Petroleum,GB64OAXE62174596158657,2025-03-03,130452,1
PAY-95446,INV-27349,OMC-006,Hashi Energy,GB05QCFC91361939909169,2025-01-30,42355,1
PAY-46748,INV-94445,OMC-009,Dalbit Petroleum,GB53VXXX35615951484656,2025-06-09,63895,1
PAY-76949,INV-54964,OMC-014,Texol Energies,GB06ONXS45314737996507,2025-05-28,255507,1
PAY-91495,INV-34113,OMC-005,PetroOil Kenya,GB89GWUW86379402654235,2026-03-31,20662,1
PAY-26138,INV-23134,OMC-018,Uganda National Oil,GB73JRAR61317127484677,2026-06-07,67783,2
PAY-25449,INV-44850,OMC-009,Dalbit Petroleum,GB53VXXX35615951484656,2025-09-06,131394,1
PAY-36535,INV-85762,OMC-010,Tamoil,GB34EABH79176936763201,2026-06-18,127611,1
PAY-38333,INV-34515,OMC-003,Rubis Energy,GB04LOQO13315098393010,2025-10-31,33951,1
PAY-97492,INV-90832,OMC-017,KAA Aviation,GB54HVSS04902787429671,2025-11-22,274849,1
PAY-76262,INV-24706,OMC-007,Kobil,GB37IDDX82449353487401,2026-07-16,232196,1
PAY-60402,INV-85780,OMC-018,Uganda National Oil,GB73JRAR61317127484677,2025-02-02,118601,1
PAY-16972,INV-61793,OMC-018,Uganda National Oil,GB73JRAR61317127484677,2026-03-18,33897,1
PAY-65238,INV-54537,OMC-011,Hass Petroleum,GB56WGCN65876036690967,2025-03-10,143986,1
PAY-59429,INV-41910,OMC-001,TotalEnergies Kenya,GB06DMIO52553419283276,2025-06-19,53986,1
PAY-47859,INV-17897,OMC-003,Rubis Energy,GB04LOQO13315098393010,2026-01-20,52696,1
PAY-30452,INV-55187,OMC-014,Texol Energies,GB06ONXS45314737996507,2025-10-06,14226,2
PAY-48523,INV-10427,OMC-003,Rubis Energy,GB04LOQO13315098393010,2025-03-11,35235,1
PAY-51437,INV-31886,OMC-009,Dalbit Petroleum,GB53VXXX35615951484656,2026-06-28,186458,1
PAY-99357,INV-51617,OMC-017,KAA Aviation,GB54HVSS04902787429671,2025-03-03,276451,1
PAY-46600,INV-97994,OMC-009,Dalbit Petroleum,GB53VXXX35615951484656,2025-08-31,159838,1
PAY-27791,INV-28234,OMC-002,Vivo Energy,GB45OQIR01845146270482,2026-02-12,23605,1
PAY-28545,INV-87319,OMC-001,TotalEnergies Kenya,GB06DMIO52553419283276,2026-04-02,170213,1
PAY-61332,INV-74215,OMC-017,KAA Aviation,GB54HVSS04902787429671,2026-02-10,203483,1
PAY-61739,INV-91470,OMC-020,Ethiopian Oil,GB08IVAZ74821759464743,2025-06-19,167767,1
PAY-63267,INV-41178,OMC-008,National Oil,GB08NAFX56342160733754,2025-08-28," KES 235,341 ",1
PAY-77083,INV-45401,OMC-005,PetroOil Kenya,GB89GWUW86379402654235,2026-04-20,74415,1
PAY-14542,INV-43378,OMC-018,Uganda National Oil,GB73JRAR61317127484677,2026-03-17,126627,1
PAY-51731,INV-64072,OMC-008,National Oil,GB08NAFX56342160733754,2026-04-09,46642,1
PAY-75291,INV-76098,OMC-010,Tamoil,GB34EABH79176936763201,2025-12-24,46716,2
PAY-42543,INV-39992,OMC-003,Rubis Energy,GB04LOQO13315098393010,2026-07-28,20842,2
PAY-95826,INV-80057,OMC-004,Gulf Energy,GB89GWUW86379402654235,2026-05-16,51540,1
PAY-72062,INV-88508,OMC-019,Tanzania Petroleum,GB64OAXE62174596158657,2026-02-04,44859,1
PAY-24810,INV-84091,OMC-003,Rubis Energy,GB04LOQO13315098393010,12/06/2026,65640,1
PAY-47849,INV-30916,OMC-017,KAA Aviation,GB54HVSS04902787429671,2025-03-24,155274,1
PAY-90918,INV-65951,OMC-003,Rubis Energy,GB04LOQO13315098393010,2025-08-09,195889,1
PAY-89514,INV-62012,OMC-009,Dalbit Petroleum,GB53VXXX35615951484656,2026-04-27,172499,1
PAY-55046,INV-18596,OMC-002,Vivo Energy,GB45OQIR01845146270482,2026-03-15,31090,1
PAY-38674,INV-71507,OMC-020,Ethiopian Oil,GB08IVAZ74821759464743,2026-03-10,248549,1
PAY-72074,INV-38028,OMC-008,National Oil,GB08NAFX56342160733754,2026-03-13,42312,1
PAY-47175,INV-77427,OMC-015,Mombasa Petroleum,GB80WOIJ43135182337498,21/08/2025,33221,1
PAY-58704,INV-55876,OMC-017,KAA Aviation,GB54HVSS04902787429671,2026-05-31,250959,1
PAY-70475,INV-33894,OMC-005,PetroOil Kenya,GB89GWUW86379402654235,2026-04-15,20749,1
PAY-13972,INV-90508,OMC-005,PetroOil Kenya,GB89GWUW86379402654235,2026-04-21,34009,1
PAY-90527,INV-24227,OMC-011,Hass Petroleum,GB56WGCN65876036690967,26/08/2025,99166,1
PAY-52178,INV-91670,OMC-003,Rubis Energy,GB04LOQO13315098393010,2025-12-02,81270,1
PAY-36821,INV-59335,OMC-001,TotalEnergies Kenya,GB06DMIO52553419283276,2025-07-02,197202,1
PAY-50877,INV-19926,OMC-007,Kobil,GB37IDDX82449353487401,2025-09-19,27789,1
PAY-84122,INV-16365,OMC-013,Lake Oil,GB88TEHE71937452991241,2026-03-06,149880,1
PAY-16658,INV-70478,OMC-009,Dalbit Petroleum,GB53VXXX35615951484656,2026-03-04,26330,1
PAY-54844,INV-56123,OMC-011,Hass Petroleum,GB56WGCN65876036690967,2025-03-11,251834,1
PAY-69948,INV-66015,OMC-010,Tamoil,GB34EABH79176936763201,2025-10-17,22509,1
PAY-73134,INV-25882,OMC-001,TotalEnergies Kenya,GB06DMIO52553419283276,2026-03-03,43214,2
PAY-20325,INV-77176,OMC-003,Rubis Energy,GB04LOQO13315098393010,2026-01-06,29161,1
PAY-79247,INV-24347,OMC-008,National Oil,GB08NAFX56342160733754,2025-06-08,54307,1
PAY-52437,INV-53553,OMC-018,Uganda National Oil,GB73JRAR61317127484677,2025-03-10,43836,1
PAY-79661,INV-68184,OMC-001,TotalEnergies Kenya,GB06DMIO52553419283276,2025-10-31,48320,1
PAY-16654,INV-85285,OMC-014,Texol Energies,GB06ONXS45314737996507,2025-08-14,12183,2
PAY-68525,INV-86259,OMC-011,Hass Petroleum,GB56WGCN65876036690967,2026-06-13,42709,1
PAY-25833,INV-72576,OMC-002,Vivo Energy,GB45OQIR01845146270482,2025-06-02,119485,1
PAY-97690,INV-41939,OMC-007,Kobil,GB37IDDX82449353487401,2025-08-07,225285,1
PAY-87395,INV-94989,OMC-009,Dalbit Petroleum,GB53VXXX35615951484656,2025-04-27,55945,1
PAY-98157,INV-31805,OMC-010,Tamoil,GB34EABH79176936763201,2026-03-06,174316,1
PAY-64987,INV-75405,OMC-016,KPA Marine,GB31MOOJ96499091334123,2026-07-14,118652,1
PAY-65898,INV-91933,OMC-011,Hass Petroleum,GB56WGCN65876036690967,2026-06-24,249130,1
PAY-72519,INV-45242,OMC-009,Dalbit Petroleum,GB53VXXX35615951484656,2025-03-10,84513,1
PAY-94127,INV-51978,OMC-015,Mombasa Petroleum,GB80WOIJ43135182337498,2025-10-22,211367,1
PAY-23918,INV-25457,OMC-019,Tanzania Petroleum,GB64OAXE62174596158657,2026-07-31,52719,1
PAY-29821,INV-50640,OMC-006,Hashi Energy,GB05QCFC91361939909169,2025-03-25,50788,2
PAY-29725,INV-84080,OMC-017,KAA Aviation,GB54HVSS04902787429671,2026-02-01,267020,1
PAY-41353,INV-42644,OMC-009,Dalbit Petroleum,GB53VXXX35615951484656,2025-05-27,130464,1
PAY-74948,INV-56998,OMC-008,National Oil,GB08NAFX56342160733754,2025-08-13,103565,1
PAY-77499,INV-60918,OMC-012,Galana Energies,GB89GWUW86379402654235,2026-06-07,22787,1
PAY-94677,INV-81914,OMC-008,National Oil,GB08NAFX56342160733754,2025-06-17,51905,1
PAY-85666,INV-82103,OMC-009,Dalbit Petroleum,GB53VXXX35615951484656,2026-01-12,42195,2
PAY-39335,INV-16065,OMC-016,KPA Marine,GB31MOOJ96499091334123,2026-05-22," KES 122,274 ",1
PAY-96423,INV-28056,OMC-007,Kobil,GB37IDDX82449353487401,2025-12-22,86119,1
PAY-41512,INV-68917,OMC-014,Texol Energies,GB06ONXS45314737996507,2025-06-11,115420,1
PAY-61761,INV-42416,OMC-016,KPA Marine,GB31MOOJ96499091334123,2026-03-29,119049,1
PAY-32437,INV-41884,OMC-017,KAA Aviation,GB54HVSS04902787429671,2026-01-15,129614,1
PAY-63725,INV-41135,OMC-001,TotalEnergies Kenya,GB06DMIO52553419283276,2025-11-13,197636,1
PAY-23936,INV-87925,OMC-016,KPA Marine,GB31MOOJ96499091334123,,54268,1
PAY-79523,INV-22699,OMC-001,TotalEnergies Kenya,GB06DMIO52553419283276,2026-04-12,46673,1
PAY-96155,INV-60359,OMC-004,Gulf Energy,GB89GWUW86379402654235,2026-05-09,18305,1
PAY-52460,INV-81555,OMC-016,KPA Marine,GB31MOOJ96499091334123,2026-07-17,9265,2
PAY-35732,INV-19814,OMC-009,Dalbit Petroleum,GB53VXXX35615951484656,2025-10-18,177052,1
PAY-74598,INV-28596,OMC-017,KAA Aviation,GB54HVSS04902787429671,2025-12-18,94076,1
PAY-17058,INV-67510,OMC-009,Dalbit Petroleum,GB53VXXX35615951484656,2025-04-22,26948,2
PAY-41753,INV-29142,OMC-008,National Oil,GB08NAFX56342160733754,2025-01-27,150265,1
PAY-95887,INV-79687,OMC-006,Hashi Energy,GB05QCFC91361939909169,2025-03-07,213545,1
PAY-55497,INV-38965,OMC-013,Lake Oil,GB88TEHE71937452991241,2025-11-12,80739,1
PAY-80550,INV-93469,OMC-016,KPA Marine,GB31MOOJ96499091334123,2025-03-15,16166,2
PAY-47008,INV-46366,OMC-001,TotalEnergies Kenya,GB06DMIO52553419283276,2025-10-26,203621,1
PAY-67902,INV-69985,OMC-018,Uganda National Oil,GB73JRAR61317127484677,2026-07-28,146759,1
PAY-64833,INV-87545,OMC-003,Rubis Energy,GB04LOQO13315098393010,2025-09-09,273300,1
PAY-29326,INV-50079,OMC-009,Dalbit Petroleum,GB53VXXX35615951484656,2025-04-24,201038,1
PAY-95261,INV-95020,OMC-008,National Oil,GB08NAFX56342160733754,2025-03-15,57547,1
PAY-30768,INV-44472,OMC-005,PetroOil Kenya,GB89GWUW86379402654235,28/02/2026,160268,1
PAY-95197,INV-65472,OMC-009,Dalbit Petroleum,GB53VXXX35615951484656,2025-09-15," KES 108,434 ",1
PAY-62958,INV-10961,OMC-002,Vivo Energy,GB45OQIR01845146270482,2025-02-25,100983,1
PAY-46618,INV-58431,OMC-007,Kobil,GB37IDDX82449353487401,2026-03-14,140496,1
PAY-78441,INV-47980,OMC-019,Tanzania Petroleum,GB64OAXE62174596158657,2026-08-31,8800,2
PAY-79047,INV-49571,OMC-006,Hashi Energy,GB05QCFC91361939909169,2026-02-24,166672,1
PAY-76271,INV-93169,OMC-004,Gulf Energy,GB89GWUW86379402654235,2026-05-09,144839,1
PAY-60543,INV-51063,OMC-014,Texol Energies,GB06ONXS45314737996507,2026-01-23,72318,2
PAY-19210,INV-35702,OMC-017,KAA Aviation,GB54HVSS04902787429671,2026-04-04,276681,1
PAY-62002,INV-11667,OMC-014,Texol Energies,GB06ONXS45314737996507,2025-04-08,50288,1
PAY-53026,INV-34248,OMC-006,Hashi Energy,GB05QCFC91361939909169,2026-03-15,178064,1
PAY-89135,INV-29371,OMC-012,Galana Energies,GB89GWUW86379402654235,15/05/2026,44134,1
PAY-39696,INV-94472,OMC-014,Texol Energies,GB06ONXS45314737996507,2025-12-22,53921,1
PAY-32848,INV-44861,OMC-008,National Oil,GB08NAFX56342160733754,2025-03-14,113755,1
PAY-37034,INV-27665,OMC-004,Gulf Energy,GB89GWUW86379402654235,2026-04-22,157066,1
PAY-32733,INV-75678,OMC-014,Texol Energies,GB06ONXS45314737996507,2026-03-20,75708,1
PAY-23241,INV-41438,OMC-018,Uganda National Oil,GB73JRAR61317127484677,2025-07-13,229418,1
PAY-87132,INV-63105,OMC-001,TotalEnergies Kenya,GB06DMIO52553419283276,2026-08-04,11045,2
PAY-55611,INV-83342,OMC-007,Kobil,GB37IDDX82449353487401,2025-07-13,42111,2
PAY-37049,INV-79641,OMC-005,PetroOil Kenya,GB89GWUW86379402654235,2026-02-23,301885,1
PAY-53992,INV-23277,OMC-010,Tamoil,GB34EABH79176936763201,2025-05-29,167172,1
PAY-63398,INV-49871,OMC-014,Texol Energies,GB06ONXS45314737996507,2026-06-22,66748,2
PAY-73334,INV-36290,OMC-012,Galana Energies,GB89GWUW86379402654235,28/04/2026,66448,2
PAY-93519,INV-93589,OMC-007,Kobil,GB37IDDX82449353487401,2026-05-21,66667,2
PAY-87375,INV-85177,OMC-012,Galana Energies,GB89GWUW86379402654235,2026-04-21,84044,2
PAY-19730,INV-98854,OMC-018,Uganda National Oil,GB73JRAR61317127484677,2026-04-09,242104,1
PAY-38597,INV-57173,OMC-014,Texol Energies,GB06ONXS45314737996507,2026-04-10," KES 56,355 ",1
PAY-52341,INV-80523,OMC-019,Tanzania Petroleum,GB64OAXE62174596158657,2025-11-11,165784,1
PAY-88116,INV-90649,OMC-016,KPA Marine,GB31MOOJ96499091334123,2026-08-29,49648,2
PAY-18251,INV-41706,OMC-001,TotalEnergies Kenya,GB06DMIO52553419283276,2025-05-27,19856,2
PAY-42051,INV-90873,OMC-014,Texol Energies,GB06ONXS45314737996507,13/06/2026,49655,2
PAY-25131,INV-37491,OMC-004,Gulf Energy,GB89GWUW86379402654235,17/04/2026,15384,2
PAY-95887,INV-79687,OMC-006,Hashi Energy,GB05QCFC91361939909169,2025-03-07,213545,1
PAY-66594,INV-69309,OMC-019,Tanzania Petroleum,GB64OAXE62174596158657,2026-07-23,190882,1
PAY-46848,INV-95498,OMC-016,KPA Marine,GB31MOOJ96499091334123,2025-12-18,16711,2
PAY-39784,INV-73699,OMC-012,Galana Energies,GB89GWUW86379402654235,2026-05-19,10145,2
PAY-40048,INV-50524,OMC-009,Dalbit Petroleum,GB53VXXX35615951484656,2025-10-04," KES 16,170 ",1
PAY-46761,INV-83848,OMC-008,National Oil,GB08NAFX56342160733754,2025-10-19,55784,1
PAY-60438,INV-16237,OMC-007,Kobil,GB37IDDX82449353487401,2025-05-01,36355,1
PAY-44425,INV-26047,OMC-015,Mombasa Petroleum,GB80WOIJ43135182337498,2025-10-20,221734,1
PAY-93810,INV-46162,OMC-018,Uganda National Oil,GB73JRAR61317127484677,2025-04-18,95614,2
PAY-75744,INV-66125,OMC-006,Hashi Energy,GB05QCFC91361939909169,2026-02-27,103257,1
PAY-84111,INV-90940,OMC-012,Galana Energies,GB89GWUW86379402654235,2026-05-17,209640,1
PAY-77941,INV-32288,OMC-010,Tamoil,GB34EABH79176936763201,2026-01-21,173947,1
PAY-45200,INV-52157,OMC-020,Ethiopian Oil,GB08IVAZ74821759464743,2026-05-16,72532,2
PAY-88333,INV-61462,OMC-012,Galana Energies,GB89GWUW86379402654235,2026-04-04,52924,1
PAY-98881,INV-84474,OMC-019,Tanzania Petroleum,GB64OAXE62174596158657,2026-06-18,45786,1
PAY-18640,INV-48673,OMC-011,Hass Petroleum,GB56WGCN65876036690967,2025-02-25,36468,1
PAY-49297,INV-78522,OMC-001,TotalEnergies Kenya,GB06DMIO52553419283276,2026-02-26,215147,1
PAY-41760,INV-85823,OMC-020,Ethiopian Oil,GB08IVAZ74821759464743,2025-04-26,35669,1
PAY-78388,INV-25132,OMC-018,Uganda National Oil,GB73JRAR61317127484677,2025-03-11,149526,1
PAY-98719,INV-70075,OMC-007,Kobil,GB37IDDX82449353487401,20/05/2025,28266,1
PAY-42621,INV-87708,OMC-017,KAA Aviation,GB54HVSS04902787429671,2026-03-14,259275,1
PAY-80641,INV-36095,OMC-007,Kobil,GB37IDDX82449353487401,2026-02-08,209298,1
PAY-26998,INV-95368,OMC-017,KAA Aviation,GB54HVSS04902787429671,2026-05-08,198976,1
PAY-57431,INV-84922,OMC-008,National Oil,GB08NAFX56342160733754,2025-08-27,143931,1
PAY-11273,INV-98425,OMC-015,Mombasa Petroleum,GB80WOIJ43135182337498,2025-12-25,24703,1
PAY-20632,INV-26714,OMC-013,Lake Oil,GB88TEHE71937452991241,2026-03-17,191366,1
PAY-84911,INV-31085,OMC-019,Tanzania Petroleum,GB64OAXE62174596158657,2026-02-12,176191,1
PAY-37789,INV-87265,OMC-018,Uganda National Oil,GB73JRAR61317127484677,2026-01-08,154921,1
PAY-68249,INV-72099,OMC-009,Dalbit Petroleum,GB53VXXX35615951484656,2025-03-11,107249,1
PAY-99921,INV-75899,OMC-015,Mombasa Petroleum,GB80WOIJ43135182337498,2025-07-15,273364,1
PAY-80946,INV-75483,OMC-003,Rubis Energy,GB04LOQO13315098393010,2025-06-28,24974,2
PAY-89162,INV-82093,OMC-015,Mombasa Petroleum,GB80WOIJ43135182337498,15/04/2025,23941,1
PAY-62118,INV-90004,OMC-004,Gulf Energy,GB89GWUW86379402654235,2026-05-09,122309,1
PAY-37223,INV-13062,OMC-012,Galana Energies,GB89GWUW86379402654235,08/04/2026,97330,1
PAY-46321,INV-32253,OMC-017,KAA Aviation,GB54HVSS04902787429671,2025-07-10,169019,1
PAY-62194,INV-70751,OMC-019,Tanzania Petroleum,GB64OAXE62174596158657,2026-07-11,218433,1
PAY-42176,INV-30719,OMC-005,PetroOil Kenya,GB89GWUW86379402654235,2026-05-18,90692,2
PAY-66963,INV-57193,OMC-014,Texol Energies,GB06ONXS45314737996507,2026-03-12,42286,2
PAY-65721,INV-12402,OMC-020,Ethiopian Oil,GB08IVAZ74821759464743,2026-04-22,113153,1
PAY-20160,INV-92228,OMC-017,KAA Aviation,GB54HVSS04902787429671,2026-02-06,34577,1
PAY-72578,INV-99410,OMC-007,Kobil,GB37IDDX82449353487401,2025-08-16,53209,1
PAY-30251,INV-93675,OMC-013,Lake Oil,GB88TEHE71937452991241,2025-07-05,58332,1
PAY-91695,INV-55464,OMC-011,Hass Petroleum,GB56WGCN65876036690967,2026-04-24,36048,1
PAY-81836,INV-68761,OMC-013,Lake Oil,GB88TEHE71937452991241,2026-04-20,288075,1
PAY-11896,INV-70472,OMC-006,Hashi Energy,GB05QCFC91361939909169,2026-01-03,244840,1
PAY-26820,INV-71443,OMC-008,National Oil,GB08NAFX56342160733754,2026-04-06,105375,1
PAY-66156,INV-12371,OMC-013,Lake Oil,GB88TEHE71937452991241,2026-02-20,105483,1
PAY-27867,INV-33064,OMC-002,Vivo Energy,GB45OQIR01845146270482,2025-10-14,134102,1
PAY-93210,INV-29837,OMC-010,Tamoil,GB34EABH79176936763201,2025-05-05,198463,1
PAY-30323,INV-28552,OMC-014,Texol Energies,GB06ONXS45314737996507,2026-06-10,15673,2
PAY-59669,INV-86434,OMC-008,National Oil,GB08NAFX56342160733754,2025-04-11,33260,1
PAY-91693,INV-18147,OMC-018,Uganda National Oil,GB73JRAR61317127484677,2025-07-23,208671,1
PAY-35317,INV-10899,OMC-018,Uganda National Oil,GB73JRAR61317127484677,2025-06-28,49141,1
PAY-79548,INV-66732,OMC-017,KAA Aviation,GB54HVSS04902787429671,2025-03-30,100918,1
PAY-95920,INV-89467,OMC-009,Dalbit Petroleum,GB53VXXX35615951484656,2026-02-05,241793,1
PAY-67987,INV-38852,OMC-019,Tanzania Petroleum,GB64OAXE62174596158657,2025-12-08,269393,1
PAY-48512,INV-65015,OMC-013,Lake Oil,GB88TEHE71937452991241,2025-10-24,39949,1
PAY-98841,INV-23137,OMC-003,Rubis Energy,GB04LOQO13315098393010,2025-11-26,48597,1
PAY-25784,INV-14121,OMC-012,Galana Energies,GB89GWUW86379402654235,2026-05-01,19786,2
PAY-21758,INV-39636,OMC-011,Hass Petroleum,GB56WGCN65876036690967,2025-04-07,148846,1
PAY-16033,INV-96595,OMC-003,Rubis Energy,GB04LOQO13315098393010,2026-01-24,35846,1
PAY-44973,INV-47357,OMC-002,Vivo Energy,GB45OQIR01845146270482,2025-04-19,40864,1
PAY-56263,INV-54807,OMC-014,Texol Energies,GB06ONXS45314737996507,2026-04-20,165408,1
PAY-17045,INV-93431,OMC-010,Tamoil,GB34EABH79176936763201,2025-09-21,174996,1
PAY-39160,INV-90224,OMC-005,PetroOil Kenya,GB89GWUW86379402654235,2026-05-25,96806,1
PAY-72130,INV-65372,OMC-002,Vivo Energy,GB45OQIR01845146270482,16/06/2025,151409,1
PAY-69589,INV-37306,OMC-013,Lake Oil,GB88TEHE71937452991241,2026-08-18,156458,1
PAY-19451,INV-29992,OMC-011,Hass Petroleum,GB56WGCN65876036690967,2026-06-26,26955,1
PAY-57123,INV-80435,OMC-007,Kobil,GB37IDDX82449353487401,2025-04-06,239941,1
PAY-25696,INV-31390,OMC-002,Vivo Energy,GB45OQIR01845146270482,2025-03-31,112423,1
PAY-15322,INV-81555,OMC-016,KPA Marine,GB31MOOJ96499091334123,2026-06-23,25490,1
PAY-22420,INV-49569,OMC-010,Tamoil,GB34EABH79176936763201,2025-11-06,81669,1
PAY-96620,INV-78199,OMC-020,Ethiopian Oil,GB08IVAZ74821759464743,2025-04-14,43172,2
PAY-36129,INV-89511,OMC-012,Galana Energies,GB89GWUW86379402654235,2026-05-26," KES 281,632 ",1
PAY-74029,INV-34437,OMC-001,TotalEnergies Kenya,GB06DMIO52553419283276,2025-08-23,33119,1
PAY-70686,INV-91882,OMC-010,Tamoil,GB34EABH79176936763201,2025-11-29,46486,1
PAY-50276,INV-17711,OMC-010,Tamoil,GB34EABH79176936763201,2025-10-20,42574,1
PAY-53020,INV-27691,OMC-012,Galana Energies,GB89GWUW86379402654235,2026-05-29,238862,1
PAY-11770,INV-33716,OMC-010,Tamoil,GB34EABH79176936763201,2025-11-02,37617,1
PAY-50542,INV-19404,OMC-016,KPA Marine,GB31MOOJ96499091334123,2025-12-29,226305,1
PAY-39857,INV-57356,OMC-006,Hashi Energy,GB05QCFC91361939909169,2025-11-03,111781,1
PAY-98374,INV-46614,OMC-019,Tanzania Petroleum,GB64OAXE62174596158657,2025-10-18,30168,1
PAY-94106,INV-48625,OMC-011,Hass Petroleum,GB56WGCN65876036690967,2025-06-10,157448,1
PAY-62668,INV-16182,OMC-010,Tamoil,GB34EABH79176936763201,2025-05-06,191252,1
PAY-77867,INV-56721,OMC-011,Hass Petroleum,GB56WGCN65876036690967,,157305,1
PAY-82674,INV-28973,OMC-014,Texol Energies,GB06ONXS45314737996507,2025-04-27,112390,1
PAY-87993,INV-51530,OMC-018,Uganda National Oil,GB73JRAR61317127484677,2026-07-05,191323,1
PAY-38076,INV-65585,OMC-014,Texol Energies,GB06ONXS45314737996507,2026-07-28,51290,2
PAY-55248,INV-25239,OMC-008,National Oil,GB08NAFX56342160733754,2026-02-13,29884,1
PAY-68081,INV-28116,OMC-015,Mombasa Petroleum,GB80WOIJ43135182337498,2026-06-29,24280,1
PAY-52875,INV-81427,OMC-002,Vivo Energy,GB45OQIR01845146270482,,52358,1
PAY-71222,INV-78829,OMC-013,Lake Oil,GB88TEHE71937452991241,2026-07-14,171421,1
PAY-47990,INV-56316,OMC-003,Rubis Energy,GB04LOQO13315098393010,2026-03-31,261153,1
PAY-57709,INV-16919,OMC-013,Lake Oil,GB88TEHE71937452991241,2026-02-08,183470,1
PAY-13690,INV-10334,OMC-017,KAA Aviation,GB54HVSS04902787429671,03/02/2026,36594,1
PAY-44516,INV-69182,OMC-013,Lake Oil,GB88TEHE71937452991241,2026-02-10,55046,1
PAY-26263,INV-12754,OMC-012,Galana Energies,GB89GWUW86379402654235,2026-04-08,33686,1
PAY-33458,INV-49816,OMC-009,Dalbit Petroleum,GB53VXXX35615951484656,2025-12-20,35604,1
PAY-10953,INV-92074,OMC-004,Gulf Energy,GB89GWUW86379402654235,2026-04-01,301600,1
PAY-66940,INV-41849,OMC-014,Texol Energies,GB06ONXS45314737996507,2025-06-17,100447,2
PAY-81381,INV-16826,OMC-007,Kobil,GB37IDDX82449353487401,2025-08-22,276760,1
PAY-28631,INV-26559,OMC-008,National Oil,GB08NAFX56342160733754,2025-10-26,15610,1
PAY-41792,INV-31544,OMC-009,Dalbit Petroleum,GB53VXXX35615951484656,2025-05-12,41176,1
PAY-70791,INV-35877,OMC-020,Ethiopian Oil,GB08IVAZ74821759464743,2025-05-13,162001,1
PAY-47983,INV-67551,OMC-008,National Oil,GB08NAFX56342160733754,2025-12-12,23211,1
PAY-46724,INV-82066,OMC-017,KAA Aviation,GB54HVSS04902787429671,2025-10-22,102515,1
PAY-76258,INV-11724,OMC-005,PetroOil Kenya,GB89GWUW86379402654235,2026-05-06,82480,2
PAY-56053,INV-16013,OMC-019,Tanzania Petroleum,GB64OAXE62174596158657,2025-02-17,183853,1
PAY-21405,INV-23484,OMC-019,Tanzania Petroleum,GB64OAXE62174596158657,2026-06-27,26117,1
PAY-80728,INV-81456,OMC-011,Hass Petroleum,GB56WGCN65876036690967,2026-04-23,7237,2
PAY-56127,INV-12952,OMC-006,Hashi Energy,GB05QCFC91361939909169,2026-05-29,64343,1
PAY-22464,INV-28530,OMC-014,Texol Energies,GB06ONXS45314737996507,2026-04-14,239493,1
PAY-21435,INV-95660,OMC-016,KPA Marine,GB31MOOJ96499091334123,2026-03-22,75794,1
PAY-62311,INV-15154,OMC-012,Galana Energies,GB89GWUW86379402654235,2026-04-17,50940,1
PAY-62101,INV-88046,OMC-017,KAA Aviation,GB54HVSS04902787429671,2026-06-29,32627,1
PAY-47429,INV-73532,OMC-009,Dalbit Petroleum,GB53VXXX35615951484656,2025-12-20,105285,2
PAY-46812,INV-34130,OMC-009,Dalbit Petroleum,GB53VXXX35615951484656,2026-07-19,101872,1
PAY-50761,INV-96622,OMC-017,KAA Aviation,GB54HVSS04902787429671,2025-12-02,240144,1
PAY-61442,INV-89337,OMC-011,Hass Petroleum,GB56WGCN65876036690967,2026-07-03,90247,2
PAY-94889,INV-90318,OMC-005,PetroOil Kenya,GB89GWUW86379402654235,2026-03-09,75655,1
PAY-23534,INV-18216,OMC-013,Lake Oil,GB88TEHE71937452991241,2025-03-03,125322,1
PAY-49147,INV-54989,OMC-005,PetroOil Kenya,GB89GWUW86379402654235,2026-03-28,231505,1
PAY-89439,INV-23576,OMC-005,PetroOil Kenya,GB89GWUW86379402654235,2026-05-22,179920,1
PAY-88467,INV-59941,OMC-003,Rubis Energy,GB04LOQO13315098393010,2025-07-24,155806,1
PAY-91337,INV-32274,OMC-001,TotalEnergies Kenya,GB06DMIO52553419283276,2025-11-26,17599,2
PAY-39161,INV-67584,OMC-002,Vivo Energy,GB45OQIR01845146270482,2025-02-15,121789,1
PAY-49681,INV-12013,OMC-019,Tanzania Petroleum,GB64OAXE62174596158657,2025-11-02,36112,1
PAY-10504,INV-68208,OMC-011,Hass Petroleum,GB56WGCN65876036690967,2025-09-23,257474,1
PAY-85568,INV-23898,OMC-001,TotalEnergies Kenya,GB06DMIO52553419283276,2025-10-17,122387,1
PAY-46015,INV-28729,OMC-008,National Oil,GB08NAFX56342160733754,2025-11-05," KES 187,927 ",1
PAY-64999,INV-79559,OMC-015,Mombasa Petroleum,GB80WOIJ43135182337498,2025-07-09,145962,1
PAY-64542,INV-78304,OMC-004,Gulf Energy,GB89GWUW86379402654235,2026-05-04,29077,1
PAY-85238,INV-25475,OMC-016,KPA Marine,GB31MOOJ96499091334123,2026-01-14,113578,1
PAY-93602,INV-47980,OMC-019,Tanzania Petroleum,GB64OAXE62174596158657,2026-08-17,17197,1
PAY-36410,INV-97441,OMC-015,Mombasa Petroleum,GB80WOIJ43135182337498,2026-05-22,62692,1
PAY-22413,INV-13853,OMC-017,KAA Aviation,GB54HVSS04902787429671,2025-09-20,262071,1
PAY-46040,INV-69328,OMC-003,Rubis Energy,GB04LOQO13315098393010,2025-07-26,93847,2
PAY-91693,INV-18147,OMC-018,Uganda National Oil,GB73JRAR61317127484677,2025-07-23,208671,1
PAY-40498,INV-72899,OMC-003,Rubis Energy,GB04LOQO13315098393010,2026-06-29,102361,1
PAY-96814,INV-89383,OMC-012,Galana Energies,GB89GWUW86379402654235,,17598,2
PAY-49285,INV-75131,OMC-012,Galana Energies,GB89GWUW86379402654235,2026-05-20,54653,1
PAY-20987,INV-91439,OMC-012,Galana Energies,GB89GWUW86379402654235,2026-05-14,27580,1
PAY-44555,INV-67464,OMC-014,Texol Energies,GB06ONXS45314737996507,2026-06-21,119546,1
PAY-83896,INV-26439,OMC-019,Tanzania Petroleum,GB64OAXE62174596158657,2026-06-21,219387,1
PAY-33153,INV-65826,OMC-018,Uganda National Oil,GB73JRAR61317127484677,2025-06-26,181768,1
PAY-13681,INV-54869,OMC-011,Hass Petroleum,GB56WGCN65876036690967,2026-03-04,187289,1
PAY-96284,INV-38124,OMC-009,Dalbit Petroleum,GB53VXXX35615951484656,2025-05-10,72729,2
PAY-53150,INV-31626,OMC-005,PetroOil Kenya,GB89GWUW86379402654235,2026-06-03,10986,2
PAY-40650,INV-58469,OMC-013,Lake Oil,GB88TEHE71937452991241,2025-10-24,280163,1
PAY-53472,INV-78753,OMC-013,Lake Oil,GB88TEHE71937452991241,2025-02-06,129850,1
PAY-30643,INV-89701,OMC-018,Uganda National Oil,GB73JRAR61317127484677,," KES 22,035 ",1
PAY-56284,INV-52339,OMC-010,Tamoil,GB34EABH79176936763201,2025-05-04,34040,1
PAY-88004,INV-66635,OMC-004,Gulf Energy,GB89GWUW86379402654235,2026-05-21,17327,1
PAY-26116,INV-76086,OMC-020,Ethiopian Oil,GB08IVAZ74821759464743,2025-04-15,234717,1
PAY-92011,INV-18628,OMC-015,Mombasa Petroleum,GB80WOIJ43135182337498,2026-03-23,46506,1
PAY-12122,INV-16527,OMC-006,Hashi Energy,GB05QCFC91361939909169,2025-04-27,157941,1
PAY-66121,INV-84872,OMC-002,Vivo Energy,GB45OQIR01845146270482,2025-09-29,21252,1
PAY-52749,INV-46163,OMC-001,TotalEnergies Kenya,GB06DMIO52553419283276,2025-06-12,86200,1
PAY-88240,INV-71440,OMC-010,Tamoil,GB34EABH79176936763201,2026-01-13,30388,1
PAY-71137,INV-75528,OMC-010,Tamoil,GB34EABH79176936763201,2026-07-26,209547,1
PAY-57160,INV-43177,OMC-019,Tanzania Petroleum,GB64OAXE62174596158657,2026-06-29,25673,1
PAY-75936,INV-77638,OMC-009,Dalbit Petroleum,GB53VXXX35615951484656,2025-04-15,302508,1
PAY-16271,INV-86739,OMC-002,Vivo Energy,GB45OQIR01845146270482,2025-10-30,181205,1
PAY-29442,INV-49758,OMC-004,Gulf Energy,GB89GWUW86379402654235,2026-03-27,76862,1
PAY-34906,INV-18543,OMC-009,Dalbit Petroleum,GB53VXXX35615951484656,2025-11-26,35776,2
PAY-33713,INV-59539,OMC-008,National Oil,GB08NAFX56342160733754,2025-12-06,74959,2
PAY-56631,INV-74419,OMC-001,TotalEnergies Kenya,GB06DMIO52553419283276,2026-02-09,29991,1
PAY-62695,INV-68885,OMC-014,Texol Energies,GB06ONXS45314737996507,2025-03-24,201908,1
PAY-58367,INV-10781,OMC-013,Lake Oil,GB88TEHE71937452991241,2025-04-08,250921,1
PAY-51834,INV-43316,OMC-015,Mombasa Petroleum,GB80WOIJ43135182337498,2026-05-18,44166,1
PAY-39613,INV-79769,OMC-019,Tanzania Petroleum,GB64OAXE62174596158657,2026-01-18,54714,1
PAY-91641,INV-77763,OMC-007,Kobil,GB37IDDX82449353487401,2025-09-12,84903,2
PAY-25589,INV-40821,OMC-006,Hashi Energy,GB05QCFC91361939909169,2025-03-22,60280,1
PAY-33598,INV-51354,OMC-001,TotalEnergies Kenya,GB06DMIO52553419283276,2025-11-09,73812,1
PAY-36755,INV-83907,OMC-010,Tamoil,GB34EABH79176936763201,2025-03-01,53236,1
PAY-33626,INV-75003,OMC-007,Kobil,GB37IDDX82449353487401,2026-04-22,125514,1
PAY-81725,INV-37246,OMC-007,Kobil,GB37IDDX82449353487401,2026-02-10,230364,1
PAY-17644,INV-93133,OMC-001,TotalEnergies Kenya,GB06DMIO52553419283276,2026-08-06,55518,1
PAY-42103,INV-45596,OMC-013,Lake Oil,GB88TEHE71937452991241,2025-08-05,141778,1
PAY-78185,INV-57326,OMC-011,Hass Petroleum,GB56WGCN65876036690967,,238441,1
PAY-59289,INV-82105,OMC-014,Texol Energies,GB06ONXS45314737996507,2026-01-17,22609,1
PAY-23065,INV-13472,OMC-009,Dalbit Petroleum,GB53VXXX35615951484656,2026-04-29,175875,1
PAY-34137,INV-63117,OMC-007,Kobil,GB37IDDX82449353487401,2025-07-24,51427,1
PAY-23512,INV-24266,OMC-016,KPA Marine,GB31MOOJ96499091334123,2026-03-14,107734,2
PAY-10790,INV-79023,OMC-013,Lake Oil,GB88TEHE71937452991241,2025-05-10,22284,1
PAY-47556,INV-49401,OMC-008,National Oil,GB08NAFX56342160733754,2025-07-26,22357,1
PAY-54307,INV-70741,OMC-006,Hashi Energy,GB05QCFC91361939909169,2026-04-12,162003,1
PAY-13514,INV-80228,OMC-016,KPA Marine,GB31MOOJ96499091334123,2025-07-29,131638,1
PAY-62207,INV-84557,OMC-009,Dalbit Petroleum,GB53VXXX35615951484656,2025-06-24," KES 53,086 ",2
PAY-23152,INV-71149,OMC-006,Hashi Energy,GB05QCFC91361939909169,2025-07-01,262107,1
PAY-30383,INV-40201,OMC-010,Tamoil,GB34EABH79176936763201,2026-03-25,212509,1
PAY-79788,INV-95596,OMC-008,National Oil,GB08NAFX56342160733754,2026-07-03,52003,1
PAY-18562,INV-72529,OMC-010,Tamoil,GB34EABH79176936763201,2025-10-19,250419,1
PAY-30033,INV-58066,OMC-012,Galana Energies,GB89GWUW86379402654235,,22013,1
PAY-16299,INV-10355,OMC-018,Uganda National Oil,GB73JRAR61317127484677,2025-03-11,61083,1
PAY-53566,INV-35869,OMC-011,Hass Petroleum,GB56WGCN65876036690967,2025-05-25,142328,1
PAY-35140,INV-28436,OMC-008,National Oil,GB08NAFX56342160733754,2026-03-12,81088,2
PAY-85271,INV-65833,OMC-019,Tanzania Petroleum,GB64OAXE62174596158657,2026-06-03,138135,1
PAY-71459,INV-73311,OMC-009,Dalbit Petroleum,GB53VXXX35615951484656,2025-07-19,125485,1
PAY-69790,INV-52004,OMC-009,Dalbit Petroleum,GB53VXXX35615951484656,2025-07-28,183453,1
PAY-51731,INV-21783,OMC-018,Uganda National Oil,GB73JRAR61317127484677,2026-07-19,51754,1
PAY-85682,INV-19718,OMC-001,TotalEnergies Kenya,GB06DMIO52553419283276,2026-05-13,283014,1
PAY-62032,INV-81513,OMC-007,Kobil,GB37IDDX82449353487401,2026-03-26,190246,1
PAY-67918,INV-80709,OMC-019,Tanzania Petroleum,GB64OAXE62174596158657,2025-05-29,105008,1
PAY-56243,INV-29611,OMC-017,KAA Aviation,GB54HVSS04902787429671,2026-01-17,214165,1
PAY-70653,INV-18729,OMC-018,Uganda National Oil,GB73JRAR61317127484677,2025-04-03,276327,1
PAY-57674,INV-90548,OMC-014,Texol Energies,GB06ONXS45314737996507,2025-02-03,56568,1
PAY-12327,INV-77813,OMC-014,Texol Energies,GB06ONXS45314737996507,,19662,2
PAY-54584,INV-76062,OMC-019,Tanzania Petroleum,GB64OAXE62174596158657,2025-12-16,50569,1
PAY-62207,INV-84557,OMC-009,Dalbit Petroleum,GB53VXXX35615951484656,2025-06-24,53086,2
PAY-95782,INV-12142,OMC-008,National Oil,GB08NAFX56342160733754,23/04/2025,133655,1
PAY-82058,INV-30191,OMC-007,Kobil,GB37IDDX82449353487401,2025-12-27,29822,1
PAY-32732,INV-82931,OMC-002,Vivo Energy,GB45OQIR01845146270482,2025-03-28,191379,1
PAY-18219,INV-54753,OMC-008,National Oil,GB08NAFX56342160733754,2025-10-14,37682,1
PAY-34266,INV-54249,OMC-010,Tamoil,GB34EABH79176936763201,2026-05-17,269604,1
PAY-71912,INV-87137,OMC-006,Hashi Energy,GB05QCFC91361939909169,2025-05-21,56161,1
PAY-36646,INV-12193,OMC-004,Gulf Energy,GB89GWUW86379402654235,2026-02-21,46877,1
PAY-85042,INV-85136,OMC-006,Hashi Energy,GB05QCFC91361939909169,2025-09-29,128827,1
PAY-15661,INV-39406,OMC-006,Hashi Energy,GB05QCFC91361939909169,2025-03-30,53051,1
PAY-58850,INV-95363,OMC-020,Ethiopian Oil,GB08IVAZ74821759464743,2026-04-29,38475,1
PAY-65415,INV-55388,OMC-009,Dalbit Petroleum,GB53VXXX35615951484656,2026-03-19,28714,1
PAY-56213,INV-30945,OMC-001,TotalEnergies Kenya,GB06DMIO52553419283276,2025-02-02,71918,1
PAY-31944,INV-76534,OMC-016,KPA Marine,GB31MOOJ96499091334123,2026-03-15,60871,1
PAY-23039,INV-99600,OMC-004,Gulf Energy,GB89GWUW86379402654235,2026-03-22,322669,1
PAY-76715,INV-77125,OMC-006,Hashi Energy,GB05QCFC91361939909169,2025-05-11," KES 26,689 ",1
PAY-89949,INV-88037,OMC-010,Tamoil,GB34EABH79176936763201,2025-05-25,152707,1
PAY-39270,INV-71819,OMC-001,TotalEnergies Kenya,GB06DMIO52553419283276,2025-10-10,105641,1
PAY-30815,INV-77200,OMC-001,TotalEnergies Kenya,GB06DMIO52553419283276,2025-09-17,157828,1
PAY-28726,INV-68406,OMC-003,Rubis Energy,GB04LOQO13315098393010,2026-03-16,44622,2
PAY-37536,INV-64914,OMC-009,Dalbit Petroleum,GB53VXXX35615951484656,2025-09-07,31069,1
PAY-52530,INV-17311,OMC-003,Rubis Energy,GB04LOQO13315098393010,2026-02-02,61617,1
PAY-83860,INV-76047,OMC-006,Hashi Energy,GB05QCFC91361939909169,05/12/2025,174452,1
PAY-89266,INV-63731,OMC-001,TotalEnergies Kenya,GB06DMIO52553419283276,,72107,2
PAY-60495,INV-48298,OMC-014,Texol Energies,GB06ONXS45314737996507,2026-01-11,184690,1
PAY-22526,INV-78781,OMC-013,Lake Oil,GB88TEHE71937452991241,2025-08-05,32153,1
PAY-54682,INV-19930,OMC-002,Vivo Energy,GB45OQIR01845146270482,2025-10-08,58875,1
PAY-55382,INV-29855,OMC-008,National Oil,GB08NAFX56342160733754,2026-04-20,48329,1
PAY-87377,INV-31532,OMC-011,Hass Petroleum,GB56WGCN65876036690967,2025-05-01,135987,2
PAY-10657,INV-16518,OMC-006,Hashi Energy,GB05QCFC91361939909169,,189488,1
PAY-49851,INV-76700,OMC-014,Texol Energies,GB06ONXS45314737996507,2025-06-22,120343,1
PAY-51225,INV-66604,OMC-019,Tanzania Petroleum,GB64OAXE62174596158657,2026-01-12,288008,1
PAY-47638,INV-13393,OMC-010,Tamoil,GB34EABH79176936763201,2025-03-01,19537,2
PAY-69712,INV-76872,OMC-015,Mombasa Petroleum,GB80WOIJ43135182337498,2026-06-02,178343,1
PAY-38750,INV-59648,OMC-001,TotalEnergies Kenya,GB06DMIO52553419283276,2026-02-12,25014,1
PAY-74986,INV-45365,OMC-012,Galana Energies,GB89GWUW86379402654235,2026-05-29,232978,1
PAY-30958,INV-25513,OMC-009,Dalbit Petroleum,GB53VXXX35615951484656,03/06/2026,50710,1
PAY-50168,INV-14051,OMC-014,Texol Energies,GB06ONXS45314737996507,2026-05-20,34449,1
PAY-91495,INV-34113,OMC-005,PetroOil Kenya,GB89GWUW86379402654235,2026-03-31,20662,1
PAY-64021,INV-64419,OMC-017,KAA Aviation,GB54HVSS04902787429671,2025-06-21,53531,1
PAY-60084,INV-14402,OMC-005,PetroOil Kenya,GB89GWUW86379402654235,2026-07-01,14166,2
PAY-57070,INV-34299,OMC-008,National Oil,GB08NAFX56342160733754,2026-06-05," KES 94,719 ",1
PAY-63859,INV-84703,OMC-010,Tamoil,GB34EABH79176936763201,2025-12-22,27687,1
PAY-46217,INV-11176,OMC-003,Rubis Energy,GB04LOQO13315098393010,2026-04-10,102459,1
PAY-81405,INV-39494,OMC-011,Hass Petroleum,GB56WGCN65876036690967,2025-08-15,110167,1
PAY-97247,INV-84573,OMC-002,Vivo Energy,GB45OQIR01845146270482,2025-07-21,119737,1
PAY-17110,INV-40593,OMC-019,Tanzania Petroleum,GB64OAXE62174596158657,2025-03-28,205224,1
PAY-89114,INV-13884,OMC-010,Tamoil,GB34EABH79176936763201,2026-01-22,33737,1
PAY-91666,INV-80240,OMC-004,Gulf Energy,GB89GWUW86379402654235,26/05/2026,42767,2
PAY-57015,INV-61839,OMC-008,National Oil,GB08NAFX56342160733754,2026-02-08,37646,1
PAY-21366,INV-89606,OMC-017,KAA Aviation,GB54HVSS04902787429671,2026-04-15,197413,1
PAY-81996,INV-70411,OMC-008,National Oil,GB08NAFX56342160733754,2025-10-13,152588,1
PAY-48142,INV-50596,OMC-005,PetroOil Kenya,GB89GWUW86379402654235,2026-03-26,90759,2
PAY-13090,INV-37017,OMC-018,Uganda National Oil,GB73JRAR61317127484677,2025-09-05,176418,1
PAY-44526,INV-95377,OMC-001,TotalEnergies Kenya,GB06DMIO52553419283276,2026-01-03,9826,2
PAY-62421,INV-12388,OMC-008,National Oil,GB08NAFX56342160733754,2026-05-27,64592,1
PAY-75536,INV-92800,OMC-011,Hass Petroleum,GB56WGCN65876036690967,2026-09-03,10278,2
PAY-61085,INV-78960,OMC-002,Vivo Energy,GB45OQIR01845146270482,2026-03-25,150747,1
PAY-39401,INV-39667,OMC-019,Tanzania Petroleum,GB64OAXE62174596158657,,12204,2
PAY-93745,INV-88784,OMC-020,Ethiopian Oil,GB08IVAZ74821759464743,2026-03-22,190641,1
PAY-42552,INV-22631,OMC-002,Vivo Energy,GB45OQIR01845146270482,2025-03-09,102043,1
PAY-68479,INV-86900,OMC-003,Rubis Energy,GB04LOQO13315098393010,2025-05-05,110130,1
PAY-16419,INV-38141,OMC-010,Tamoil,GB34EABH79176936763201,2025-12-27,29211,1
PAY-23952,INV-61246,OMC-014,Texol Energies,GB06ONXS45314737996507,03/05/2026,21482,1
PAY-98283,INV-76306,OMC-017,KAA Aviation,GB54HVSS04902787429671,2026-06-02,293898,1
PAY-80742,INV-69926,OMC-012,Galana Energies,GB89GWUW86379402654235,2026-03-15,76668,1
PAY-72804,INV-60075,OMC-018,Uganda National Oil,GB73JRAR61317127484677,2026-07-31,59574,1
PAY-20525,INV-65439,OMC-016,KPA Marine,GB31MOOJ96499091334123,2026-01-10,98291,1
PAY-18734,INV-79088,OMC-013,Lake Oil,GB88TEHE71937452991241,2026-01-16,266330,1
PAY-65873,INV-72691,OMC-008,National Oil,GB08NAFX56342160733754,11/08/2026,87822,1
PAY-13079,INV-52384,OMC-015,Mombasa Petroleum,GB80WOIJ43135182337498,2025-06-20,150241,1
PAY-90998,INV-18084,OMC-012,Galana Energies,GB89GWUW86379402654235,2026-04-05,224450,1
PAY-85429,INV-76638,OMC-004,Gulf Energy,GB89GWUW86379402654235,2026-03-17,17719,1
PAY-98262,INV-76300,OMC-014,Texol Energies,GB06ONXS45314737996507,2026-06-19,20540,2
PAY-10534,INV-84688,OMC-006,Hashi Energy,GB05QCFC91361939909169,2025-08-20,33333,1
PAY-52508,INV-95623,OMC-004,Gulf Energy,GB89GWUW86379402654235,2026-05-04,47341,1
PAY-60261,INV-69032,OMC-008,National Oil,GB08NAFX56342160733754,2025-07-26,38362,1
PAY-12457,INV-97844,OMC-008,National Oil,GB08NAFX56342160733754,2026-07-31,170367,1
PAY-13818,INV-67540,OMC-011,Hass Petroleum,GB56WGCN65876036690967,2026-03-13,14203,2
PAY-51693,INV-90308,OMC-005,PetroOil Kenya,GB89GWUW86379402654235,2026-06-15,39986,2
PAY-46496,INV-42815,OMC-011,Hass Petroleum,GB56WGCN65876036690967,2025-08-01,24317,1
PAY-91900,INV-78721,OMC-004,Gulf Energy,GB89GWUW86379402654235,2026-07-10,38872,2
PAY-47419,INV-41231,OMC-008,National Oil,GB08NAFX56342160733754,,8522,2
PAY-79441,INV-46631,OMC-012,Galana Energies,GB89GWUW86379402654235,2026-04-01,215219,1
PAY-93049,INV-83146,OMC-011,Hass Petroleum,GB56WGCN65876036690967,2025-10-26,47258,1
PAY-22029,INV-32335,OMC-008,National Oil,GB08NAFX56342160733754,2026-04-01,24056,1
PAY-12510,INV-86682,OMC-009,Dalbit Petroleum,GB53VXXX35615951484656,2025-12-19,32269,1
PAY-93989,INV-31588,OMC-009,Dalbit Petroleum,GB53VXXX35615951484656,22/10/2025,141451,1
PAY-91983,INV-87332,OMC-002,Vivo Energy,GB45OQIR01845146270482,2025-09-24,52722,1
PAY-73208,INV-83652,OMC-006,Hashi Energy,GB05QCFC91361939909169,2026-03-28,99965,1
PAY-11277,INV-87175,OMC-014,Texol Energies,GB06ONXS45314737996507,2026-01-12,113692,1
PAY-27803,INV-77149,OMC-020,Ethiopian Oil,GB08IVAZ74821759464743,2025-03-01,25939,1
PAY-59359,INV-99947,OMC-009,Dalbit Petroleum,GB53VXXX35615951484656,2026-06-22,18211,2
PAY-91234,INV-22176,OMC-002,Vivo Energy,GB45OQIR01845146270482,2026-05-24,25682,1
PAY-30632,INV-44275,OMC-017,KAA Aviation,GB54HVSS04902787429671,2025-11-02,226117,1
PAY-76301,INV-58262,OMC-014,Texol Energies,GB06ONXS45314737996507,2025-12-08,115545,2
PAY-81746,INV-91349,OMC-007,Kobil,GB37IDDX82449353487401,2025-07-20," KES 42,409 ",1
PAY-53984,INV-67144,OMC-018,Uganda National Oil,GB73JRAR61317127484677,2025-07-09,154806,1
PAY-68619,INV-84344,OMC-004,Gulf Energy,GB89GWUW86379402654235,2026-05-22,272847,1
PAY-66953,INV-43141,OMC-011,Hass Petroleum,GB56WGCN65876036690967,2026-01-10,138659,1
PAY-70617,INV-44068,OMC-010,Tamoil,GB34EABH79176936763201,2025-09-18,261018,1
PAY-12777,INV-90339,OMC-018,Uganda National Oil,GB73JRAR61317127484677,2026-01-22,54899,1
PAY-65945,INV-68473,OMC-017,KAA Aviation,GB54HVSS04902787429671,2025-09-02,111063,1
PAY-45968,INV-74323,OMC-004,Gulf Energy,GB89GWUW86379402654235,2026-06-02," KES 7,811 ",2
PAY-66176,INV-24853,OMC-001,TotalEnergies Kenya,GB06DMIO52553419283276,2025-10-14,112335,1
PAY-54567,INV-23411,OMC-005,PetroOil Kenya,GB89GWUW86379402654235,2026-02-27,90891,1
PAY-92659,INV-21374,OMC-019,Tanzania Petroleum,GB64OAXE62174596158657,2025-11-16,26618,1
PAY-70184,INV-11707,OMC-005,PetroOil Kenya,GB89GWUW86379402654235,2026-04-01,10629,2
PAY-23769,INV-74521,OMC-018,Uganda National Oil,GB73JRAR61317127484677,2025-08-26,263222,1
PAY-59923,INV-84169,OMC-005,PetroOil Kenya,GB89GWUW86379402654235,2026-04-04,6311,2
PAY-17282,INV-32447,OMC-003,Rubis Energy,GB04LOQO13315098393010,2025-02-20,164834,1
PAY-65857,INV-86123,OMC-013,Lake Oil,GB88TEHE71937452991241,2026-07-13,270385,1
PAY-86325,INV-68469,OMC-008,National Oil,GB08NAFX56342160733754,,250339,1
PAY-15608,INV-50819,OMC-018,Uganda National Oil,GB73JRAR61317127484677,2025-05-03,109675,1
PAY-55087,INV-42305,OMC-019,Tanzania Petroleum,GB64OAXE62174596158657,2026-03-12,237700,1
PAY-76753,INV-40647,OMC-001,TotalEnergies Kenya,GB06DMIO52553419283276,2026-02-20,137259,1
PAY-60598,INV-10692,OMC-017,KAA Aviation,GB54HVSS04902787429671,2026-08-01,207910,1
PAY-33974,INV-80235,OMC-017,KAA Aviation,GB54HVSS04902787429671,2026-06-06,53083,1
PAY-79917,INV-68118,OMC-016,KPA Marine,GB31MOOJ96499091334123,2025-07-20,37425,2
PAY-41809,INV-25560,OMC-018,Uganda National Oil,GB73JRAR61317127484677,2025-05-06,22033,1
PAY-93208,INV-15143,OMC-007,Kobil,GB37IDDX82449353487401,2026-01-15,212795,1
PAY-15668,INV-41419,OMC-006,Hashi Energy,GB05QCFC91361939909169,2026-01-08," KES 49,749 ",1
PAY-78460,INV-28838,OMC-014,Texol Energies,GB06ONXS45314737996507,2026-08-27,257459,1
PAY-63675,INV-15777,OMC-020,Ethiopian Oil,GB08IVAZ74821759464743,2025-11-16,144672,1
PAY-16216,INV-30945,OMC-002,Vivo Energy,GB45OQIR01845146270482,2026-06-13,281148,1
PAY-65218,INV-70327,OMC-004,Gulf Energy,GB89GWUW86379402654235,2026-04-10,22603,1
PAY-82133,INV-56570,OMC-018,Uganda National Oil,GB73JRAR61317127484677,2025-12-29,165612,1
PAY-95263,INV-49480,OMC-016,KPA Marine,GB31MOOJ96499091334123,2025-04-12,163170,1
PAY-46393,INV-76012,OMC-018,Uganda National Oil,GB73JRAR61317127484677,2025-12-25,13401,2
PAY-61896,INV-90039,OMC-018,Uganda National Oil,GB73JRAR61317127484677,2025-08-05,36010,1
PAY-48586,INV-10816,OMC-014,Texol Energies,GB06ONXS45314737996507,2025-03-08,98732,1
PAY-80344,INV-38962,OMC-001,TotalEnergies Kenya,GB06DMIO52553419283276,2026-07-02,62349,1
PAY-54034,INV-72446,OMC-014,Texol Energies,GB06ONXS45314737996507,2025-11-07,103434,1
PAY-78511,INV-25181,OMC-020,Ethiopian Oil,GB08IVAZ74821759464743,2025-12-27,39027,1
PAY-46547,INV-98759,OMC-005,PetroOil Kenya,GB89GWUW86379402654235,2026-05-22,23920,2
PAY-73163,INV-69168,OMC-007,Kobil,GB37IDDX82449353487401,2025-04-21,31456,1
PAY-93709,INV-73862,OMC-004,Gulf Energy,GB89GWUW86379402654235,2026-04-04,100401,2
PAY-15809,INV-49832,OMC-010,Tamoil,GB34EABH79176936763201,2025-04-19,26914,1
PAY-13318,INV-61053,OMC-002,Vivo Energy,GB45OQIR01845146270482,2025-10-29,56096,1
PAY-15527,INV-63144,OMC-014,Texol Energies,GB06ONXS45314737996507,,109240,1
PAY-94294,INV-98596,OMC-006,Hashi Energy,GB05QCFC91361939909169,2025-05-26,156509,1
PAY-80423,INV-35645,OMC-003,Rubis Energy,GB04LOQO13315098393010,2025-05-15,234806,1
PAY-21806,INV-76560,OMC-009,Dalbit Petroleum,GB53VXXX35615951484656,2025-05-06,76483,2
PAY-28319,INV-73767,OMC-017,KAA Aviation,GB54HVSS04902787429671,2025-04-18,98385,1
PAY-41491,INV-87436,OMC-016,KPA Marine,GB31MOOJ96499091334123,2025-08-01,106297,2
PAY-42243,INV-93223,OMC-007,Kobil,GB37IDDX82449353487401,2025-02-16,30507,1
PAY-74902,INV-65954,OMC-005,PetroOil Kenya,GB89GWUW86379402654235,2026-06-08,74071,2
PAY-78425,INV-79922,OMC-015,Mombasa Petroleum,GB80WOIJ43135182337498,2026-02-17,230760,1
PAY-28165,INV-34994,OMC-002,Vivo Energy,GB45OQIR01845146270482,2025-08-23,100051,2
PAY-81446,INV-59452,OMC-017,KAA Aviation,GB54HVSS04902787429671,2025-08-31,148493,1
PAY-99723,INV-83744,OMC-012,Galana Energies,GB89GWUW86379402654235,2026-03-19,69364,1
PAY-24883,INV-55432,OMC-001,TotalEnergies Kenya,GB06DMIO52553419283276,2026-03-29,172108,1
PAY-25937,INV-71300,OMC-013,Lake Oil,GB88TEHE71937452991241,2026-03-03,218257,1
PAY-47969,INV-62385,OMC-008,National Oil,GB08NAFX56342160733754,2025-10-10,25805,2
PAY-94403,INV-14178,OMC-008,National Oil,GB08NAFX56342160733754,2025-12-25,146656,1
PAY-85372,INV-58150,OMC-009,Dalbit Petroleum,GB53VXXX35615951484656,2025-11-01,21819,1
PAY-57014,INV-54746,OMC-010,Tamoil,GB34EABH79176936763201,2025-04-03,29635,1
PAY-63727,INV-99278,OMC-020,Ethiopian Oil,GB08IVAZ74821759464743,2025-03-27,146797,1
PAY-31304,INV-85319,OMC-019,Tanzania Petroleum,GB64OAXE62174596158657,2026-05-23,162123,1
PAY-79647,INV-66248,OMC-016,KPA Marine,GB31MOOJ96499091334123,2025-08-17,176317,1
PAY-82855,INV-75248,OMC-014,Texol Energies,GB06ONXS45314737996507,2025-11-20,94186,2
PAY-90275,INV-82136,OMC-006,Hashi Energy,GB05QCFC91361939909169,2026-05-11,52430,1
PAY-48615,INV-49053,OMC-013,Lake Oil,GB88TEHE71937452991241,2025-03-27,173531,1
PAY-85895,INV-45634,OMC-007,Kobil,GB37IDDX82449353487401,2026-01-04,57681,2
PAY-37555,INV-16303,OMC-014,Texol Energies,GB06ONXS45314737996507,22/02/2026,179551,1
PAY-29130,INV-40597,OMC-013,Lake Oil,GB88TEHE71937452991241,2025-12-27,37510,1
PAY-39182,INV-14974,OMC-002,Vivo Energy,GB45OQIR01845146270482,2025-03-15,257152,1
PAY-60928,INV-75798,OMC-008,National Oil,GB08NAFX56342160733754,2026-03-27,23176,1
PAY-99828,INV-80212,OMC-006,Hashi Energy,GB05QCFC91361939909169,2026-05-14,45090,2
PAY-68897,INV-35475,OMC-006,Hashi Energy,GB05QCFC91361939909169,2026-03-08,27191,1
PAY-61711,INV-77602,OMC-009,Dalbit Petroleum,GB53VXXX35615951484656,2025-05-11,85351,1
PAY-85886,INV-64483,OMC-007,Kobil,GB37IDDX82449353487401,2025-09-11,42642,1
PAY-51174,INV-77994,OMC-010,Tamoil,GB34EABH79176936763201,2026-06-01,28128,1
PAY-76586,INV-35666,OMC-007,Kobil,GB37IDDX82449353487401,2025-11-16,38798,1
PAY-51545,INV-80637,OMC-013,Lake Oil,GB88TEHE71937452991241,2025-02-03,52241,1
PAY-73622,INV-95859,OMC-005,PetroOil Kenya,GB89GWUW86379402654235,24/06/2026,16328,1
PAY-21496,INV-60057,OMC-015,Mombasa Petroleum,GB80WOIJ43135182337498,2026-01-31,35190,1
PAY-54537,INV-44360,OMC-020,Ethiopian Oil,GB08IVAZ74821759464743,2025-07-06,154041,1
PAY-23034,INV-95837,OMC-020,Ethiopian Oil,GB08IVAZ74821759464743,2025-02-20,119983,1
PAY-67405,INV-60132,OMC-002,Vivo Energy,GB45OQIR01845146270482,2026-06-07,194796,1
PAY-70854,INV-53972,OMC-005,PetroOil Kenya,GB89GWUW86379402654235,2026-04-16,164024,1
PAY-11181,INV-12954,OMC-011,Hass Petroleum,GB56WGCN65876036690967,2025-10-17,14428,1
PAY-68526,INV-14273,OMC-002,Vivo Energy,GB45OQIR01845146270482,2025-02-19,159068,1
PAY-36631,INV-55783,OMC-014,Texol Energies,GB06ONXS45314737996507,2025-06-30,13108,2
PAY-24490,INV-59335,OMC-001,TotalEnergies Kenya,GB06DMIO52553419283276,2025-07-24," KES 71,924 ",2
PAY-85358,INV-42709,OMC-012,Galana Energies,GB89GWUW86379402654235,2026-05-20,59750,2
PAY-61266,INV-35211,OMC-009,Dalbit Petroleum,GB53VXXX35615951484656,2025-05-05,144495,1
PAY-19892,INV-67450,OMC-014,Texol Energies,GB06ONXS45314737996507,2025-04-21,277429,1
PAY-55893,INV-96367,OMC-019,Tanzania Petroleum,GB64OAXE62174596158657,2026-02-24,46069,1
PAY-41536,INV-60056,OMC-003,Rubis Energy,GB04LOQO13315098393010,2026-04-23,53029,1
PAY-69348,INV-30563,OMC-015,Mombasa Petroleum,GB80WOIJ43135182337498,2026-05-20,202854,1
PAY-15433,INV-54629,OMC-015,Mombasa Petroleum,GB80WOIJ43135182337498,2025-09-20,153581,1
PAY-21695,INV-55688,OMC-018,Uganda National Oil,GB73JRAR61317127484677,2026-07-22,81865,2
PAY-58221,INV-30265,OMC-019,Tanzania Petroleum,GB64OAXE62174596158657,2026-06-07,44992,1
PAY-14847,INV-12197,OMC-010,Tamoil,GB34EABH79176936763201,2025-12-18,79220,1
PAY-14062,INV-33664,OMC-018,Uganda National Oil,GB73JRAR61317127484677,2025-10-24,183428,1
PAY-75641,INV-51510,OMC-019,Tanzania Petroleum,GB64OAXE62174596158657,2026-04-12,59757,2
PAY-44340,INV-32437,OMC-016,KPA Marine,GB31MOOJ96499091334123,2026-05-06,178167,1
PAY-82917,INV-94317,OMC-014,Texol Energies,GB06ONXS45314737996507,2026-09-03,83924,2
PAY-91195,INV-54903,OMC-010,Tamoil,GB34EABH79176936763201,2025-06-11,55282,1
PAY-40455,INV-47197,OMC-006,Hashi Energy,GB05QCFC91361939909169,2025-06-22,25749,1
PAY-29007,INV-87741,OMC-014,Texol Energies,GB06ONXS45314737996507,2026-04-11,82778,2
PAY-74161,INV-24146,OMC-001,TotalEnergies Kenya,GB06DMIO52553419283276,2025-06-27,76880,1
PAY-16899,INV-56516,OMC-010,Tamoil,GB34EABH79176936763201,2026-03-13,162819,1
PAY-26774,INV-66899,OMC-018,Uganda National Oil,GB73JRAR61317127484677,2026-06-01,284020,1
PAY-83451,INV-36942,OMC-001,TotalEnergies Kenya,GB06DMIO52553419283276,2025-09-17,117061,1
PAY-59638,INV-67951,OMC-005,PetroOil Kenya,GB89GWUW86379402654235,2026-03-01,220879,1
PAY-98465,INV-51689,OMC-008,National Oil,GB08NAFX56342160733754,2026-01-06,208834,1
PAY-91543,INV-56885,OMC-005,PetroOil Kenya,GB89GWUW86379402654235,2026-06-18,183153,1
PAY-67340,INV-52711,OMC-005,PetroOil Kenya,GB89GWUW86379402654235,2026-05-05,184428,1
PAY-20745,INV-95162,OMC-019,Tanzania Petroleum,GB64OAXE62174596158657,2025-06-29,155179,1
PAY-46948,INV-13457,OMC-015,Mombasa Petroleum,GB80WOIJ43135182337498,2026-03-24,60489,1
PAY-75819,INV-41050,OMC-003,Rubis Energy,GB04LOQO13315098393010,2025-12-17,254272,1
PAY-21702,INV-86399,OMC-003,Rubis Energy,GB04LOQO13315098393010,2026-06-03,49791,1
PAY-14618,INV-26929,OMC-007,Kobil,GB37IDDX82449353487401,,38089,1
PAY-88972,INV-91491,OMC-007,Kobil,GB37IDDX82449353487401,2026-03-16,62267,1
PAY-82800,INV-89845,OMC-019,Tanzania Petroleum,GB64OAXE62174596158657,2025-06-20,51761,1
PAY-60646,INV-78875,OMC-019,Tanzania Petroleum,GB64OAXE62174596158657,2025-05-22,191776,1
PAY-85249,INV-92815,OMC-005,PetroOil Kenya,GB89GWUW86379402654235,2026-06-05,26983,1
PAY-60117,INV-60665,OMC-009,Dalbit Petroleum,GB53VXXX35615951484656,2025-03-28,36318,1
PAY-52249,INV-19513,OMC-011,Hass Petroleum,GB56WGCN65876036690967,2025-06-02,131038,1
PAY-30955,INV-23606,OMC-001,TotalEnergies Kenya,GB06DMIO52553419283276,2026-07-23,91577,1
PAY-12140,INV-13211,OMC-009,Dalbit Petroleum,GB53VXXX35615951484656,2026-01-17,45717,1
PAY-47257,INV-88951,OMC-008,National Oil,GB08NAFX56342160733754,2026-01-04,188953,1
PAY-11021,INV-47910,OMC-005,PetroOil Kenya,GB89GWUW86379402654235,2026-04-07,159601,1
PAY-73913,INV-16598,OMC-006,Hashi Energy,GB05QCFC91361939909169,2026-05-19,68238,2
PAY-60506,INV-55032,OMC-018,Uganda National Oil,GB73JRAR61317127484677,2025-12-29,21843,1
PAY-51834,INV-49066,OMC-019,Tanzania Petroleum,GB64OAXE62174596158657,2025-08-07,235083,1
PAY-74954,INV-39026,OMC-008,National Oil,GB08NAFX56342160733754,2025-05-26,191312,1
PAY-86883,INV-24278,OMC-005,PetroOil Kenya,GB89GWUW86379402654235,2026-04-14,35861,1
PAY-63670,INV-93857,OMC-003,Rubis Energy,GB04LOQO13315098393010,2025-09-26,52190,2
PAY-96050,INV-42725,OMC-013,Lake Oil,GB88TEHE71937452991241,2026-02-13,143606,1
PAY-42666,INV-15203,OMC-012,Galana Energies,GB89GWUW86379402654235,2026-05-22,11916,2
PAY-87658,INV-35475,OMC-006,Hashi Energy,GB05QCFC91361939909169,2026-03-25,13581,2
PAY-11057,INV-54654,OMC-011,Hass Petroleum,GB56WGCN65876036690967,2026-07-12,192000,1
PAY-99206,INV-30145,OMC-002,Vivo Energy,GB45OQIR01845146270482,2025-02-06,47290,1
PAY-14329,INV-73302,OMC-010,Tamoil,GB34EABH79176936763201,2025-08-18,239744,1
PAY-95876,INV-47667,OMC-005,PetroOil Kenya,GB89GWUW86379402654235,21/05/2026,33339,1
PAY-65542,INV-62248,OMC-017,KAA Aviation,GB54HVSS04902787429671,2025-08-12,29804,1
PAY-97883,INV-92184,OMC-006,Hashi Energy,GB05QCFC91361939909169,2025-05-25,122763,1
PAY-33713,INV-70478,OMC-009,Dalbit Petroleum,GB53VXXX35615951484656,2026-03-28,12779,2
PAY-31447,INV-45533,OMC-018,Uganda National Oil,GB73JRAR61317127484677,2025-12-22,264390,1
PAY-81234,INV-95602,OMC-012,Galana Energies,GB89GWUW86379402654235,2026-05-16,80717,1
PAY-38094,INV-23790,OMC-002,Vivo Energy,GB45OQIR01845146270482,2025-05-30,35833,1
PAY-83362,INV-21872,OMC-009,Dalbit Petroleum,GB53VXXX35615951484656,2025-08-06,16816,2
PAY-96961,INV-59361,OMC-019,Tanzania Petroleum,GB64OAXE62174596158657,2026-02-25,308912,1
PAY-52379,INV-47579,OMC-017,KAA Aviation,GB54HVSS04902787429671,2025-06-27,174333,1
PAY-43420,INV-40081,OMC-016,KPA Marine,GB31MOOJ96499091334123,2025-11-17,31824,1
PAY-24851,INV-15294,OMC-007,Kobil,GB37IDDX82449353487401,2026-01-20,140297,1
PAY-43761,INV-54375,OMC-011,Hass Petroleum,GB56WGCN65876036690967,2025-02-13,140061,1
PAY-22311,INV-47411,OMC-014,Texol Energies,GB06ONXS45314737996507,2025-05-22,95729,1
PAY-91493,INV-10963,OMC-016,KPA Marine,GB31MOOJ96499091334123,2025-03-08,117981,1
PAY-48401,INV-32003,OMC-020,Ethiopian Oil,GB08IVAZ74821759464743,2025-06-08,23717,1
PAY-23341,INV-53122,OMC-019,Tanzania Petroleum,GB64OAXE62174596158657,2026-03-30,48064,1
PAY-33432,INV-47281,OMC-015,Mombasa Petroleum,GB80WOIJ43135182337498,2026-01-14,39359,1
PAY-15564,INV-27491,OMC-011,Hass Petroleum,GB56WGCN65876036690967,2026-05-23," KES 116,052 ",1
PAY-51314,INV-68098,OMC-005,PetroOil Kenya,GB89GWUW86379402654235,2026-05-23,51181,2
PAY-90874,INV-63742,OMC-013,Lake Oil,GB88TEHE71937452991241,,195415,1
PAY-31488,INV-97987,OMC-017,KAA Aviation,GB54HVSS04902787429671,2025-12-20,44303,1
PAY-47889,INV-35088,OMC-018,Uganda National Oil,GB73JRAR61317127484677,2025-11-01,108797,1
PAY-65562,INV-18457,OMC-019,Tanzania Petroleum,GB64OAXE62174596158657,2026-04-25,142914,1
PAY-90179,INV-62157,OMC-015,Mombasa Petroleum,GB80WOIJ43135182337498,2026-02-23,96642,1
PAY-94432,INV-17913,OMC-016,KPA Marine,GB31MOOJ96499091334123,2026-01-06,73497,2
PAY-89904,INV-96863,OMC-017,KAA Aviation,GB54HVSS04902787429671,2025-12-15,189118,1
PAY-50796,INV-58993,OMC-016,KPA Marine,GB31MOOJ96499091334123,2026-06-25,70565,1
PAY-72969,INV-61124,OMC-007,Kobil,GB37IDDX82449353487401,2025-11-13,34814,1
PAY-53714,INV-31803,OMC-011,Hass Petroleum,GB56WGCN65876036690967,2026-03-11,182321,1
PAY-21970,INV-43096,OMC-012,Galana Energies,GB89GWUW86379402654235,2026-05-23,26781,2
PAY-29459,INV-35268,OMC-005,PetroOil Kenya,GB89GWUW86379402654235,2026-04-25,12845,2
PAY-11216,INV-66193,OMC-007,Kobil,GB37IDDX82449353487401,2026-05-14,22993,2
PAY-78125,INV-21936,OMC-012,Galana Energies,GB89GWUW86379402654235,2026-07-15,6555,2
PAY-64995,INV-55584,OMC-003,Rubis Energy,GB04LOQO13315098393010,2025-11-16,143906,1
PAY-60627,INV-17848,OMC-010,Tamoil,GB34EABH79176936763201,2025-03-11,55683,1
PAY-57166,INV-54206,OMC-008,National Oil,GB08NAFX56342160733754,30/01/2025,33343,1
PAY-34222,INV-34000,OMC-008,National Oil,GB08NAFX56342160733754,2026-03-23,57495,1
PAY-89857,INV-25954,OMC-014,Texol Energies,GB06ONXS45314737996507,2026-07-11,263606,1
PAY-34813,INV-64871,OMC-002,Vivo Energy,GB45OQIR01845146270482,2025-03-28,220929,1
PAY-13961,INV-20263,OMC-010,Tamoil,GB34EABH79176936763201,2025-02-11,52463,1
PAY-76402,INV-63767,OMC-013,Lake Oil,GB88TEHE71937452991241,2025-05-01,54205,1
PAY-54086,INV-68804,OMC-002,Vivo Energy,GB45OQIR01845146270482,2026-04-05,175048,1
PAY-29808,INV-80799,OMC-013,Lake Oil,GB88TEHE71937452991241,2026-04-26,203889,1
PAY-63442,INV-11278,OMC-018,Uganda National Oil,GB73JRAR61317127484677,2025-07-08,31067,1
PAY-37942,INV-93205,OMC-002,Vivo Energy,GB45OQIR01845146270482,2026-03-18,201428,1
PAY-82758,INV-12054,OMC-009,Dalbit Petroleum,GB53VXXX35615951484656,2026-06-17,106146,1
PAY-80549,INV-16194,OMC-014,Texol Energies,GB06ONXS45314737996507,2025-06-26,157805,1
PAY-10791,INV-75782,OMC-018,Uganda National Oil,GB73JRAR61317127484677,2025-06-30,28749,1
PAY-89689,INV-91299,OMC-019,Tanzania Petroleum,GB64OAXE62174596158657,2025-10-22,246029,1
PAY-49614,INV-73538,OMC-010,Tamoil,GB34EABH79176936763201,2026-02-26,185287,1
PAY-36658,INV-32838,OMC-008,National Oil,GB08NAFX56342160733754,2026-02-06,22175,1
PAY-17306,INV-51570,OMC-010,Tamoil,GB34EABH79176936763201,2025-07-25,27054,1
PAY-17037,INV-54055,OMC-011,Hass Petroleum,GB56WGCN65876036690967,2025-07-26,31147,1
PAY-15804,INV-12385,OMC-005,PetroOil Kenya,GB89GWUW86379402654235,2026-04-05,203337,1
PAY-79753,INV-55218,OMC-002,Vivo Energy,GB45OQIR01845146270482,2026-02-04," KES 46,594 ",1
PAY-28626,INV-95772,OMC-012,Galana Energies,GB89GWUW86379402654235,2026-05-17,24357,2
PAY-48846,INV-75620,OMC-008,National Oil,GB08NAFX56342160733754,2026-05-11,65427,1
PAY-28784,INV-41579,OMC-008,National Oil,GB08NAFX56342160733754,2026-01-13,6293,2
PAY-28732,INV-69853,OMC-019,Tanzania Petroleum,GB64OAXE62174596158657,2025-12-28,185613,1
PAY-26283,INV-83098,OMC-002,Vivo Energy,GB45OQIR01845146270482,2025-07-02,7844,2
PAY-74058,INV-97755,OMC-003,Rubis Energy,GB04LOQO13315098393010,2026-04-08,54407,1
PAY-26316,INV-12353,OMC-005,PetroOil Kenya,GB89GWUW86379402654235,2026-07-06," KES 52,444 ",2
PAY-21544,INV-29600,OMC-020,Ethiopian Oil,GB08IVAZ74821759464743,2025-05-28,14656,1
PAY-15027,INV-48705,OMC-015,Mombasa Petroleum,GB80WOIJ43135182337498,2026-01-19,122856,1
PAY-27944,INV-46695,OMC-011,Hass Petroleum,GB56WGCN65876036690967,2026-04-02,107429,1
PAY-29014,INV-87869,OMC-020,Ethiopian Oil,GB08IVAZ74821759464743,2026-01-02,46921,1
PAY-64905,INV-69466,OMC-013,Lake Oil,GB88TEHE71937452991241,2026-04-26,152011,1
PAY-77269,INV-35285,OMC-014,Texol Energies,GB06ONXS45314737996507,2026-02-12,23898,2
PAY-51457,INV-98555,OMC-011,Hass Petroleum,GB56WGCN65876036690967,2025-11-30,57474,1
PAY-73065,INV-78311,OMC-013,Lake Oil,GB88TEHE71937452991241,2025-04-20,37050,1
PAY-28261,INV-46741,OMC-011,Hass Petroleum,GB56WGCN65876036690967,2026-05-05,222416,1
PAY-82194,INV-88832,OMC-008,National Oil,GB08NAFX56342160733754,2026-02-25,178060,1
PAY-76207,INV-12754,OMC-012,Galana Energies,GB89GWUW86379402654235,2026-04-24,19012,2
PAY-93150,INV-22989,OMC-004,Gulf Energy,GB89GWUW86379402654235,2026-06-16,29616,2
PAY-81624,INV-65965,OMC-019,Tanzania Petroleum,GB64OAXE62174596158657,2025-02-04,172813,1
PAY-32195,INV-38832,OMC-016,KPA Marine,GB31MOOJ96499091334123,2026-06-18,183990,1
PAY-58706,INV-32047,OMC-013,Lake Oil,GB88TEHE71937452991241,2025-06-22,42045,1
PAY-22572,INV-50953,OMC-018,Uganda National Oil,GB73JRAR61317127484677,2026-03-03,200589,1
PAY-42184,INV-57114,OMC-012,Galana Energies,GB89GWUW86379402654235,2026-07-09,25262,2
PAY-70173,INV-98869,OMC-016,KPA Marine,GB31MOOJ96499091334123,2025-07-25,98603,1
PAY-44731,INV-16823,OMC-011,Hass Petroleum,GB56WGCN65876036690967,2025-11-19,42674,2
PAY-92844,INV-41773,OMC-002,Vivo Energy,GB45OQIR01845146270482,2025-09-30,175903,1
PAY-11228,INV-63118,OMC-019,Tanzania Petroleum,GB64OAXE62174596158657,2026-08-16,34353,1
PAY-78157,INV-51661,OMC-012,Galana Energies,GB89GWUW86379402654235,12/05/2026,139694,1
PAY-58383,INV-86409,OMC-015,Mombasa Petroleum,GB80WOIJ43135182337498,2025-07-11,98220,1
PAY-62459,INV-19862,OMC-017,KAA Aviation,GB54HVSS04902787429671,2026-04-15,159815,1
PAY-97580,INV-22433,OMC-005,PetroOil Kenya,GB89GWUW86379402654235,2026-06-15,25701,1
PAY-33532,INV-12909,OMC-010,Tamoil,GB34EABH79176936763201,2025-04-08,54436,1
PAY-74124,INV-34097,OMC-017,KAA Aviation,GB54HVSS04902787429671,2025-06-06,199740,1
PAY-48396,INV-64794,OMC-015,Mombasa Petroleum,GB80WOIJ43135182337498,2026-03-27,183613,1
PAY-63805,INV-53847,OMC-006,Hashi Energy,GB05QCFC91361939909169,2025-06-15,29550,1
PAY-94776,INV-91300,OMC-016,KPA Marine,GB31MOOJ96499091334123,2026-05-24,157207,1
PAY-43841,INV-66458,OMC-018,Uganda National Oil,GB73JRAR61317127484677,,166472,1
PAY-41836,INV-23783,OMC-016,KPA Marine,GB31MOOJ96499091334123,2025-12-16,81811,2
PAY-15102,INV-78374,OMC-007,Kobil,GB37IDDX82449353487401,2025-02-02,201969,1
PAY-72087,INV-91396,OMC-011,Hass Petroleum,GB56WGCN65876036690967,2026-05-05,77780,2
PAY-92960,INV-94080,OMC-003,Rubis Energy,GB04LOQO13315098393010,2025-02-18,45201,1
PAY-45853,INV-44908,OMC-016,KPA Marine,GB31MOOJ96499091334123,2025-12-05,39261,1
PAY-82999,INV-35180,OMC-009,Dalbit Petroleum,GB53VXXX35615951484656,2025-03-29,163897,1
PAY-44480,INV-64392,OMC-005,PetroOil Kenya,GB89GWUW86379402654235,2026-05-22,63158,1
PAY-25862,INV-61929,OMC-005,PetroOil Kenya,GB89GWUW86379402654235,2026-06-09,23082,2
PAY-65500,INV-21854,OMC-005,PetroOil Kenya,GB89GWUW86379402654235,,93145,1
PAY-96345,INV-60169,OMC-018,Uganda National Oil,GB73JRAR61317127484677,2026-01-13," KES 84,917 ",2
PAY-92548,INV-26267,OMC-017,KAA Aviation,GB54HVSS04902787429671,2025-11-18,42257,1
PAY-55075,INV-23910,OMC-019,Tanzania Petroleum,GB64OAXE62174596158657,2026-04-11,172887,1
PAY-37326,INV-70744,OMC-013,Lake Oil,GB88TEHE71937452991241,2026-01-09,54017,1
PAY-67487,INV-59982,OMC-010,Tamoil,GB34EABH79176936763201,2025-07-30,55481,1
PAY-36928,INV-97671,OMC-010,Tamoil,GB34EABH79176936763201,01/05/2025,30481,1
PAY-26023,INV-58993,OMC-016,KPA Marine,GB31MOOJ96499091334123,2026-07-20,48706,2
PAY-35653,INV-49175,OMC-007,Kobil,GB37IDDX82449353487401,2026-06-04,26401,1
PAY-46219,INV-93855,OMC-012,Galana Energies,GB89GWUW86379402654235,2026-03-17," KES 176,883 ",1
PAY-31659,INV-33820,OMC-020,Ethiopian Oil,GB08IVAZ74821759464743,2026-03-03,94180,1
PAY-24735,INV-40736,OMC-019,Tanzania Petroleum,GB64OAXE62174596158657,2025-03-25,64908,1
PAY-85267,INV-63506,OMC-018,Uganda National Oil,GB73JRAR61317127484677,2025-07-03,185078,1
PAY-17473,INV-41517,OMC-005,PetroOil Kenya,GB89GWUW86379402654235,2026-06-22,116431,2
PAY-24190,INV-89850,OMC-015,Mombasa Petroleum,GB80WOIJ43135182337498,2025-05-12,50740,1
PAY-24131,INV-38777,OMC-005,PetroOil Kenya,GB89GWUW86379402654235,2026-05-04,12240,2
PAY-77997,INV-56496,OMC-019,Tanzania Petroleum,GB64OAXE62174596158657,2026-02-05,23819,2
PAY-42667,INV-31458,OMC-008,National Oil,GB08NAFX56342160733754,2025-09-11,53986,1
PAY-25351,INV-46756,OMC-012,Galana Energies,GB89GWUW86379402654235,2026-03-27,156164,1
PAY-26262,INV-91972,OMC-006,Hashi Energy,GB05QCFC91361939909169,2025-05-25,79579,1
PAY-92744,INV-49623,OMC-007,Kobil,GB37IDDX82449353487401,12/12/2025,153424,1
PAY-20134,INV-24394,OMC-006,Hashi Energy,GB05QCFC91361939909169,2026-07-13,267943,1
PAY-99499,INV-11612,OMC-007,Kobil,GB37IDDX82449353487401,2025-09-07,98015,1
PAY-53955,INV-40874,OMC-020,Ethiopian Oil,GB08IVAZ74821759464743,2026-03-08,30637,1
PAY-42743,INV-65541,OMC-002,Vivo Energy,GB45OQIR01845146270482,2026-05-13,91220,1
PAY-68426,INV-78662,OMC-012,Galana Energies,GB89GWUW86379402654235,2026-03-19,119855,1
PAY-22585,INV-56062,OMC-006,Hashi Energy,GB05QCFC91361939909169,24/06/2025,221382,1
PAY-81165,INV-38993,OMC-005,PetroOil Kenya,GB89GWUW86379402654235,,209821,1
PAY-13598,INV-91093,OMC-016,KPA Marine,GB31MOOJ96499091334123,2025-03-19,41859,2
PAY-49121,INV-34779,OMC-019,Tanzania Petroleum,GB64OAXE62174596158657,2025-10-05,233690,1
PAY-23523,INV-51496,OMC-017,KAA Aviation,GB54HVSS04902787429671,2025-04-09,249007,1
PAY-51350,INV-70986,OMC-020,Ethiopian Oil,GB08IVAZ74821759464743,2026-03-15,288952,1
PAY-15212,INV-73614,OMC-009,Dalbit Petroleum,GB53VXXX35615951484656,2025-08-23,30947,1
PAY-33115,INV-96116,OMC-008,National Oil,GB08NAFX56342160733754,2025-04-09,264714,1
PAY-10250,INV-95775,OMC-011,Hass Petroleum,GB56WGCN65876036690967,2026-06-03," KES 47,315 ",1
PAY-10363,INV-55556,OMC-009,Dalbit Petroleum,GB53VXXX35615951484656,2025-12-07,29152,1
PAY-30403,INV-50235,OMC-004,Gulf Energy,GB89GWUW86379402654235,2026-05-29,22516,1
PAY-98016,INV-14356,OMC-014,Texol Energies,GB06ONXS45314737996507,2025-10-19,125796,1
PAY-99983,INV-39599,OMC-019,Tanzania Petroleum,GB64OAXE62174596158657,2025-06-09,115953,1
PAY-50839,INV-31626,OMC-005,PetroOil Kenya,GB89GWUW86379402654235,2026-05-06,27912,1
PAY-43419,INV-78860,OMC-008,National Oil,GB08NAFX56342160733754,2025-02-16,50589,2
PAY-52873,INV-20670,OMC-001,TotalEnergies Kenya,GB06DMIO52553419283276,2026-02-26,53372,1
PAY-60261,INV-92901,OMC-015,Mombasa Petroleum,GB80WOIJ43135182337498,03/07/2026,223421,1
PAY-63813,INV-19595,OMC-018,Uganda National Oil,GB73JRAR61317127484677,2026-03-01,41430,2
PAY-16392,INV-90652,OMC-002,Vivo Energy,GB45OQIR01845146270482,2026-06-08,158746,1
PAY-37953,INV-70157,OMC-004,Gulf Energy,GB89GWUW86379402654235,2026-04-12," KES 49,925 ",1
PAY-51630,INV-78881,OMC-019,Tanzania Petroleum,GB64OAXE62174596158657,2026-07-22,225141,1
PAY-81682,INV-13160,OMC-019,Tanzania Petroleum,GB64OAXE62174596158657,2025-10-29,9726,2
PAY-38466,INV-32953,OMC-019,Tanzania Petroleum,GB64OAXE62174596158657,2026-03-24,44256,2
PAY-79553,INV-76380,OMC-003,Rubis Energy,GB04LOQO13315098393010,2025-06-17," KES 224,059 ",1
PAY-50523,INV-86414,OMC-003,Rubis Energy,GB04LOQO13315098393010,2025-02-06,35946,1
PAY-76158,INV-41736,OMC-012,Galana Energies,GB89GWUW86379402654235,2026-06-07,42667,1
PAY-66830,INV-49443,OMC-012,Galana Energies,GB89GWUW86379402654235,2026-04-23,14902,2
PAY-70829,INV-31915,OMC-019,Tanzania Petroleum,GB64OAXE62174596158657,2025-08-06,56989,1
PAY-51885,INV-44467,OMC-001,TotalEnergies Kenya,GB06DMIO52553419283276,2025-03-07,27384,2
PAY-21266,INV-67040,OMC-010,Tamoil,GB34EABH79176936763201,2026-06-21,105914,1
PAY-47892,INV-61528,OMC-016,KPA Marine,GB31MOOJ96499091334123,,50877,1
PAY-85892,INV-27613,OMC-010,Tamoil,GB34EABH79176936763201,2026-03-24," KES 62,032 ",1
PAY-66257,INV-32069,OMC-015,Mombasa Petroleum,GB80WOIJ43135182337498,2026-02-12,94412,1
PAY-69213,INV-87540,OMC-016,KPA Marine,GB31MOOJ96499091334123,2025-10-20,166547,1
PAY-75467,INV-78184,OMC-004,Gulf Energy,GB89GWUW86379402654235,2026-03-10,93130,1
PAY-51174,INV-77994,OMC-010,Tamoil,GB34EABH79176936763201,2026-06-01,28128,1
PAY-85029,INV-74701,OMC-008,National Oil,GB08NAFX56342160733754,2025-04-20,42768,1
PAY-96569,INV-59121,OMC-013,Lake Oil,GB88TEHE71937452991241,2025-10-27,154929,1
PAY-46131,INV-58066,OMC-012,Galana Energies,GB89GWUW86379402654235,12/06/2026,18344,2
PAY-42228,INV-71253,OMC-002,Vivo Energy,GB45OQIR01845146270482,2025-05-08,141867,1
PAY-59908,INV-82350,OMC-003,Rubis Energy,GB04LOQO13315098393010,2026-07-18,44816,1
PAY-65290,INV-17737,OMC-016,KPA Marine,GB31MOOJ96499091334123,2026-05-01," KES 62,221 ",2
PAY-32008,INV-98517,OMC-006,Hashi Energy,GB05QCFC91361939909169,2026-02-14,28092,1
PAY-89809,INV-14347,OMC-015,Mombasa Petroleum,GB80WOIJ43135182337498,2025-03-22,31122,1
PAY-95205,INV-18975,OMC-011,Hass Petroleum,GB56WGCN65876036690967,2026-05-17," KES 89,200 ",1
PAY-70588,INV-32805,OMC-007,Kobil,GB37IDDX82449353487401,,43890,2
PAY-26867,INV-83138,OMC-013,Lake Oil,GB88TEHE71937452991241,2025-07-22,34313,1
PAY-96976,INV-56003,OMC-002,Vivo Energy,GB45OQIR01845146270482,21/07/2026,60331,1
PAY-66690,INV-97385,OMC-020,Ethiopian Oil,GB08IVAZ74821759464743,2026-03-15,255958,1
PAY-18352,INV-45082,OMC-006,Hashi Energy,GB05QCFC91361939909169,2025-04-16,52718,1
PAY-11532,INV-72689,OMC-001,TotalEnergies Kenya,GB06DMIO52553419283276,2026-03-04,61900,1
PAY-38533,INV-51510,OMC-019,Tanzania Petroleum,GB64OAXE62174596158657,2026-03-25,146609,1
PAY-85066,INV-12815,OMC-007,Kobil,GB37IDDX82449353487401,2026-05-23,135558,1
PAY-66875,INV-87739,OMC-012,Galana Energies,GB89GWUW86379402654235,2026-05-26,37543,1
PAY-78805,INV-64081,OMC-003,Rubis Energy,GB04LOQO13315098393010,2025-05-30,101601,1
PAY-71054,INV-26261,OMC-001,TotalEnergies Kenya,GB06DMIO52553419283276,2026-06-09,36324,1
PAY-31008,INV-75440,OMC-006,Hashi Energy,GB05QCFC91361939909169,2025-10-04,131415,1
PAY-33609,INV-18975,OMC-007,Kobil,GB37IDDX82449353487401,2026-08-17,81330,1
PAY-29911,INV-45529,OMC-010,Tamoil,GB34EABH79176936763201,2025-05-08,101932,1
PAY-24947,INV-67010,OMC-018,Uganda National Oil,GB73JRAR61317127484677,2025-08-12,177883,1
PAY-67962,INV-47325,OMC-004,Gulf Energy,GB89GWUW86379402654235,2026-04-14,43828,1
PAY-18198,INV-47258,OMC-008,National Oil,GB08NAFX56342160733754,2026-07-25,136500,1
PAY-59552,INV-53898,OMC-016,KPA Marine,GB31MOOJ96499091334123,2026-05-08,60672,1
PAY-96999,INV-17429,OMC-002,Vivo Energy,GB45OQIR01845146270482,2025-09-29,38705,1
PAY-42810,INV-90949,OMC-011,Hass Petroleum,GB56WGCN65876036690967,2025-06-09,165191,1
PAY-12878,INV-35185,OMC-016,KPA Marine,GB31MOOJ96499091334123,2025-11-17,293580,1
PAY-23545,INV-31380,OMC-003,Rubis Energy,GB04LOQO13315098393010,2025-02-03,192519,1
PAY-98442,INV-19774,OMC-015,Mombasa Petroleum,GB80WOIJ43135182337498,2025-10-02,231655,1
PAY-59480,INV-85312,OMC-005,PetroOil Kenya,GB89GWUW86379402654235,2026-05-13,215915,1
PAY-48169,INV-30219,OMC-002,Vivo Energy,GB45OQIR01845146270482,2025-08-08,168538,1
PAY-18287,INV-18509,OMC-010,Tamoil,GB34EABH79176936763201,2026-03-24,121568,1
PAY-61968,INV-32533,OMC-013,Lake Oil,GB88TEHE71937452991241,2026-03-15,209209,1
PAY-33634,INV-77677,OMC-018,Uganda National Oil,GB73JRAR61317127484677,2025-09-10,178293,1
PAY-56503,INV-91883,OMC-008,National Oil,GB08NAFX56342160733754,2026-03-27,65466,1
PAY-56504,INV-35107,OMC-016,KPA Marine,GB31MOOJ96499091334123,2025-03-22,135800,1
PAY-81748,INV-58651,OMC-001,TotalEnergies Kenya,GB06DMIO52553419283276,2025-08-04,9661,2
PAY-20276,INV-92243,OMC-012,Galana Energies,GB89GWUW86379402654235,2026-05-13,163640,1
PAY-41123,INV-42850,OMC-005,PetroOil Kenya,GB89GWUW86379402654235,2026-05-03,114596,1
PAY-41003,INV-31828,OMC-009,Dalbit Petroleum,GB53VXXX35615951484656,2025-12-15,25841,1
PAY-34809,INV-66032,OMC-016,KPA Marine,GB31MOOJ96499091334123,,16651,1
PAY-44330,INV-30592,OMC-018,Uganda National Oil,GB73JRAR61317127484677,2026-06-27,190067,1
PAY-73081,INV-43020,OMC-005,PetroOil Kenya,GB89GWUW86379402654235,2026-05-04,18358,1
PAY-98374,INV-46614,OMC-019,Tanzania Petroleum,GB64OAXE62174596158657,2025-10-18,30168,1
PAY-17101,INV-26292,OMC-006,Hashi Energy,GB05QCFC91361939909169,2025-07-26,55013,1
PAY-87177,INV-25709,OMC-009,Dalbit Petroleum,GB53VXXX35615951484656,2025-05-09,192905,1
PAY-46482,INV-77204,OMC-017,KAA Aviation,GB54HVSS04902787429671,2025-09-17,136504,1
PAY-73688,INV-53554,OMC-005,PetroOil Kenya,GB89GWUW86379402654235,2026-03-19,153690,1
PAY-71250,INV-12257,OMC-005,PetroOil Kenya,GB89GWUW86379402654235,2026-05-29,63445,2
PAY-56794,INV-67230,OMC-013,Lake Oil,GB88TEHE71937452991241,2026-01-21," KES 34,638 ",1
PAY-97876,INV-59127,OMC-001,TotalEnergies Kenya,GB06DMIO52553419283276,2025-10-17,249982,1
PAY-90639,INV-49695,OMC-017,KAA Aviation,GB54HVSS04902787429671,2025-04-14,34074,1
PAY-95587,INV-94471,OMC-005,PetroOil Kenya,GB89GWUW86379402654235,2026-05-14,137392,1
PAY-50443,INV-88718,OMC-012,Galana Energies,GB89GWUW86379402654235,2026-04-14,62314,1
PAY-14820,INV-50809,OMC-005,PetroOil Kenya,GB89GWUW86379402654235,2026-06-18,68567,2
PAY-47125,INV-35879,OMC-008,National Oil,GB08NAFX56342160733754,2025-06-06,71704,2
PAY-62061,INV-68828,OMC-006,Hashi Energy,GB05QCFC91361939909169,2026-07-10,174645,1
PAY-29544,INV-16366,OMC-020,Ethiopian Oil,GB08IVAZ74821759464743,2025-07-19,200489,1
PAY-76341,INV-19714,OMC-019,Tanzania Petroleum,GB64OAXE62174596158657,2026-01-16," KES 56,933 ",1
PAY-35218,INV-98578,OMC-004,Gulf Energy,GB89GWUW86379402654235,2026-06-18,23100,1
PAY-49236,INV-69377,OMC-001,TotalEnergies Kenya,GB06DMIO52553419283276,2025-04-12,29530,1
PAY-21043,INV-56834,OMC-006,Hashi Energy,GB05QCFC91361939909169,2025-05-19,62125,1
PAY-23716,INV-29195,OMC-013,Lake Oil,GB88TEHE71937452991241,2026-06-14,119364,1
PAY-82018,INV-41510,OMC-020,Ethiopian Oil,GB08IVAZ74821759464743,2025-12-30,12302,2
PAY-50542,INV-19404,OMC-016,KPA Marine,GB31MOOJ96499091334123,2025-12-29,226305,1
PAY-91771,INV-30247,OMC-017,KAA Aviation,GB54HVSS04902787429671,2025-02-03," KES 59,478 ",1
PAY-16679,INV-27868,OMC-002,Vivo Energy,GB45OQIR01845146270482,2025-04-05,36292,1
PAY-56890,INV-75933,OMC-002,Vivo Energy,GB45OQIR01845146270482,2026-03-17,179664,1
PAY-58031,INV-45316,OMC-006,Hashi Energy,GB05QCFC91361939909169,2026-04-10,213718,1
PAY-64405,INV-53117,OMC-003,Rubis Energy,GB04LOQO13315098393010,03/08/2025,46772,1
PAY-82579,INV-12232,OMC-003,Rubis Energy,GB04LOQO13315098393010,2026-04-11,128869,1
PAY-12501,INV-87985,OMC-013,Lake Oil,GB88TEHE71937452991241,2026-01-02,55029,1
PAY-23417,INV-42020,OMC-003,Rubis Energy,GB04LOQO13315098393010,2025-08-23,23677,1
PAY-30568,INV-99889,OMC-009,Dalbit Petroleum,GB53VXXX35615951484656,2025-03-13,169657,1
PAY-22204,INV-48719,OMC-009,Dalbit Petroleum,GB53VXXX35615951484656,2026-06-10,255012,1
PAY-40475,INV-12724,OMC-014,Texol Energies,GB06ONXS45314737996507,,49798,1
PAY-20094,INV-78451,OMC-006,Hashi Energy,GB05QCFC91361939909169,2026-03-17,256700,1
PAY-45389,INV-27295,OMC-015,Mombasa Petroleum,GB80WOIJ43135182337498,2026-07-21,161548,1
PAY-52436,INV-63551,OMC-001,TotalEnergies Kenya,GB06DMIO52553419283276,2025-04-22,34191,2
PAY-41622,INV-40409,OMC-010,Tamoil,GB34EABH79176936763201,2026-03-15,118959,1
PAY-78367,INV-67935,OMC-015,Mombasa Petroleum,GB80WOIJ43135182337498,2025-08-27,133155,1
PAY-98426,INV-76405,OMC-009,Dalbit Petroleum,GB53VXXX35615951484656,2026-02-03,117869,1
PAY-40973,INV-51184,OMC-009,Dalbit Petroleum,GB53VXXX35615951484656,2025-11-28,23203,1
PAY-95225,INV-90649,OMC-016,KPA Marine,GB31MOOJ96499091334123,2026-08-05,131962,1
PAY-53556,INV-86567,OMC-015,Mombasa Petroleum,GB80WOIJ43135182337498,2026-05-04,115470,1
PAY-54226,INV-72885,OMC-012,Galana Energies,GB89GWUW86379402654235,2026-05-24,208404,1
PAY-12283,INV-20249,OMC-015,Mombasa Petroleum,GB80WOIJ43135182337498,2026-05-02," KES 250,552 ",1
PAY-86088,INV-48777,OMC-017,KAA Aviation,GB54HVSS04902787429671,2025-07-11,203188,1
PAY-22895,INV-37057,OMC-013,Lake Oil,GB88TEHE71937452991241,2025-04-15,209864,1
PAY-62422,INV-71055,OMC-016,KPA Marine,GB31MOOJ96499091334123,2026-08-03,58671,2
PAY-61922,INV-35950,OMC-004,Gulf Energy,GB89GWUW86379402654235,2026-03-06,51460,2
PAY-88708,INV-72171,OMC-006,Hashi Energy,GB05QCFC91361939909169,2026-02-22,93114,2
PAY-52862,INV-75815,OMC-020,Ethiopian Oil,GB08IVAZ74821759464743,2026-07-04,195529,1
PAY-62243,INV-13072,OMC-019,Tanzania Petroleum,GB64OAXE62174596158657,2026-01-03,258672,1
PAY-20762,INV-36508,OMC-002,Vivo Energy,GB45OQIR01845146270482,2025-12-06,198411,1
PAY-60476,INV-19415,OMC-012,Galana Energies,GB89GWUW86379402654235,2026-02-21,91623,1
PAY-85414,INV-96470,OMC-018,Uganda National Oil,GB73JRAR61317127484677,2025-05-10,129209,1
PAY-97778,INV-36170,OMC-018,Uganda National Oil,GB73JRAR61317127484677,2025-09-06,42199,1
PAY-32260,INV-94211,OMC-006,Hashi Energy,GB05QCFC91361939909169,2026-01-01,176393,1
PAY-28057,INV-94402,OMC-011,Hass Petroleum,GB56WGCN65876036690967,2025-08-11,122825,1
PAY-51780,INV-39893,OMC-016,KPA Marine,GB31MOOJ96499091334123,2026-02-12,23635,1
PAY-39284,INV-79085,OMC-018,Uganda National Oil,GB73JRAR61317127484677,2026-02-06,21261,1
PAY-73862,INV-30201,OMC-020,Ethiopian Oil,GB08IVAZ74821759464743,2025-08-17," KES 28,406 ",1
PAY-61530,INV-30181,OMC-007,Kobil,GB37IDDX82449353487401,2025-05-19,243705,1
PAY-24402,INV-93381,OMC-006,Hashi Energy,GB05QCFC91361939909169,2025-04-24,169049,1
PAY-38870,INV-91319,OMC-008,National Oil,GB08NAFX56342160733754,2025-02-28,58531,1
PAY-33079,INV-66688,OMC-001,TotalEnergies Kenya,GB06DMIO52553419283276,2025-11-21,89432,1
PAY-42249,INV-78158,OMC-014,Texol Energies,GB06ONXS45314737996507,2026-04-04,83860,1
PAY-34781,INV-60501,OMC-011,Hass Petroleum,GB56WGCN65876036690967,17/02/2026,247479,1
PAY-35055,INV-20831,OMC-008,National Oil,GB08NAFX56342160733754,2026-05-16,193411,1
PAY-74912,INV-80561,OMC-002,Vivo Energy,GB45OQIR01845146270482,2026-02-16,298567,1
PAY-63775,INV-65567,OMC-014,Texol Energies,GB06ONXS45314737996507,24/08/2025," KES 52,406 ",2
PAY-38649,INV-30426,OMC-013,Lake Oil,GB88TEHE71937452991241,2026-04-28,217725,1
PAY-45843,INV-12879,OMC-001,TotalEnergies Kenya,GB06DMIO52553419283276,2026-02-01,30783,1
PAY-14767,INV-43436,OMC-009,Dalbit Petroleum,GB53VXXX35615951484656,2025-11-02,253357,1
PAY-73232,INV-94770,OMC-018,Uganda National Oil,GB73JRAR61317127484677,2025-08-12,64348,1
PAY-91637,INV-36664,OMC-003,Rubis Energy,GB04LOQO13315098393010,2025-03-31,156505,1
PAY-99470,INV-70506,OMC-009,Dalbit Petroleum,GB53VXXX35615951484656,2025-08-31,208741,1
PAY-30072,INV-69893,OMC-001,TotalEnergies Kenya,GB06DMIO52553419283276,2026-01-18,35708,1
PAY-17602,INV-51232,OMC-005,PetroOil Kenya,GB89GWUW86379402654235,2026-05-06,176552,1
PAY-24225,INV-41572,OMC-009,Dalbit Petroleum,GB53VXXX35615951484656,2025-06-18,103729,1
PAY-58867,INV-37017,OMC-018,Uganda National Oil,GB73JRAR61317127484677,2025-09-30,69221,2
PAY-41957,INV-10607,OMC-001,TotalEnergies Kenya,GB06DMIO52553419283276,2025-10-10,20637,2
PAY-37631,INV-77832,OMC-011,Hass Petroleum,GB56WGCN65876036690967,2025-07-20,42494,1
PAY-68169,INV-68941,OMC-008,National Oil,GB08NAFX56342160733754,,47106,2
PAY-26059,INV-31200,OMC-001,TotalEnergies Kenya,GB06DMIO52553419283276,2026-06-20,126864,1
PAY-93005,INV-51063,OMC-014,Texol Energies,GB06ONXS45314737996507,2025-12-25,91825,1
PAY-81891,INV-17094,OMC-015,Mombasa Petroleum,GB80WOIJ43135182337498,2026-04-04,51397,1
PAY-74382,INV-14317,OMC-006,Hashi Energy,GB05QCFC91361939909169,2025-02-28,44219,1
PAY-36040,INV-64862,OMC-016,KPA Marine,GB31MOOJ96499091334123,2025-08-23,204327,1
PAY-42454,INV-96721,OMC-003,Rubis Energy,GB04LOQO13315098393010,2026-08-11,71979,2
PAY-53021,INV-99851,OMC-013,Lake Oil,GB88TEHE71937452991241,2025-04-16,290865,1
PAY-56554,INV-90006,OMC-011,Hass Petroleum,GB56WGCN65876036690967,2025-04-02,83185,2
PAY-18724,INV-41082,OMC-013,Lake Oil,GB88TEHE71937452991241,2025-10-20,128829,1
PAY-73799,INV-33779,OMC-006,Hashi Energy,GB05QCFC91361939909169,2026-01-23,259799,1
PAY-21941,INV-85387,OMC-015,Mombasa Petroleum,GB80WOIJ43135182337498,2025-09-06,227133,1
PAY-65942,INV-41622,OMC-017,KAA Aviation,GB54HVSS04902787429671,2025-05-08,119813,1
PAY-78853,INV-41761,OMC-014,Texol Energies,GB06ONXS45314737996507,2026-04-27,15235,2
PAY-65832,INV-61320,OMC-005,PetroOil Kenya,GB89GWUW86379402654235,2026-02-19,41808,1
PAY-30731,INV-95698,OMC-018,Uganda National Oil,GB73JRAR61317127484677,2026-05-11,221640,1
PAY-50636,INV-93369,OMC-003,Rubis Energy,GB04LOQO13315098393010,2025-08-21,57112,1
PAY-25900,INV-39855,OMC-004,Gulf Energy,GB89GWUW86379402654235,2026-03-28,7719,2
PAY-14080,INV-21591,OMC-008,National Oil,GB08NAFX56342160733754,2025-05-17,59944,1
PAY-31962,INV-57907,OMC-004,Gulf Energy,GB89GWUW86379402654235,2026-04-26,75925,2
PAY-53165,INV-57289,OMC-015,Mombasa Petroleum,GB80WOIJ43135182337498,2025-03-30,176287,1
PAY-93479,INV-33065,OMC-018,Uganda National Oil,GB73JRAR61317127484677,2025-09-27,46633,1
PAY-73275,INV-51283,OMC-011,Hass Petroleum,GB56WGCN65876036690967,2025-12-28,52909,1
PAY-15616,INV-81387,OMC-019,Tanzania Petroleum,GB64OAXE62174596158657,2026-05-29,37144,1
PAY-22039,INV-91039,OMC-004,Gulf Energy,GB89GWUW86379402654235,2026-02-22,41024,1
PAY-85328,INV-15502,OMC-019,Tanzania Petroleum,GB64OAXE62174596158657,2025-05-26,92610,1
PAY-68339,INV-61462,OMC-013,Lake Oil,GB88TEHE71937452991241,2026-07-04,235836,1
PAY-33074,INV-75003,OMC-007,Kobil,GB37IDDX82449353487401,2026-05-10," KES 32,493 ",2
PAY-59029,INV-21096,OMC-010,Tamoil,GB34EABH79176936763201,2025-10-03,148095,1
PAY-88337,INV-65853,OMC-007,Kobil,GB37IDDX82449353487401,2025-04-23,217848,1
PAY-35312,INV-30132,OMC-006,Hashi Energy,GB05QCFC91361939909169,2026-01-14,35092,1
PAY-47297,INV-24526,OMC-002,Vivo Energy,GB45OQIR01845146270482,2026-07-06,202947,1
PAY-43631,INV-27888,OMC-007,Kobil,GB37IDDX82449353487401,2025-11-03,127281,1
PAY-25056,INV-81697,OMC-004,Gulf Energy,GB89GWUW86379402654235,2026-03-25,33975,1
PAY-80956,INV-38550,OMC-020,Ethiopian Oil,GB08IVAZ74821759464743,2025-09-05,169406,1
PAY-22534,INV-87706,OMC-019,Tanzania Petroleum,GB64OAXE62174596158657,2025-11-06,75386,1
PAY-40036,INV-25450,OMC-019,Tanzania Petroleum,GB64OAXE62174596158657,2025-06-15,198366,1
PAY-47812,INV-30275,OMC-014,Texol Energies,GB06ONXS45314737996507,2025-12-31,101511,1
PAY-76821,INV-91607,OMC-007,Kobil,GB37IDDX82449353487401,2026-02-03,142889,1
PAY-72061,INV-35621,OMC-005,PetroOil Kenya,GB89GWUW86379402654235,2026-04-05,100970,1
PAY-44509,INV-24845,OMC-012,Galana Energies,GB89GWUW86379402654235,2026-03-07," KES 41,825 ",1
PAY-86749,INV-65018,OMC-019,Tanzania Petroleum,GB64OAXE62174596158657,,123288,1
PAY-76819,INV-76862,OMC-008,National Oil,GB08NAFX56342160733754,10/08/2025,170756,1
PAY-18449,INV-95613,OMC-019,Tanzania Petroleum,GB64OAXE62174596158657,2026-05-01,159968,1
PAY-50432,INV-55730,OMC-013,Lake Oil,GB88TEHE71937452991241,2026-05-19,140870,1
PAY-25363,INV-40628,OMC-019,Tanzania Petroleum,GB64OAXE62174596158657,2026-01-29,178254,1
PAY-92707,INV-48129,OMC-001,TotalEnergies Kenya,GB06DMIO52553419283276,2025-05-18,21746,1
PAY-82756,INV-14691,OMC-014,Texol Energies,GB06ONXS45314737996507,2026-03-17,30115,1
PAY-67181,INV-77739,OMC-003,Rubis Energy,GB04LOQO13315098393010,2025-11-08,45887,1
PAY-23327,INV-46198,OMC-017,KAA Aviation,GB54HVSS04902787429671,2026-07-13,238881,1
PAY-93527,INV-20931,OMC-004,Gulf Energy,GB89GWUW86379402654235,2026-05-17,44501,2
PAY-44670,INV-27366,OMC-014,Texol Energies,GB06ONXS45314737996507,2025-09-11,41228,2
PAY-34987,INV-58495,OMC-018,Uganda National Oil,GB73JRAR61317127484677,20/03/2026,22684,1
PAY-40845,INV-47325,OMC-013,Lake Oil,GB88TEHE71937452991241,2025-03-26,164156,1
PAY-41679,INV-71494,OMC-002,Vivo Energy,GB45OQIR01845146270482,2026-02-15,152114,1
PAY-67497,INV-16298,OMC-016,KPA Marine,GB31MOOJ96499091334123,2026-01-22,108286,1
PAY-51545,INV-72881,OMC-001,TotalEnergies Kenya,GB06DMIO52553419283276,2025-07-12,74622,1
PAY-24727,INV-20746,OMC-020,Ethiopian Oil,GB08IVAZ74821759464743,2026-01-20,195919,1
PAY-65042,INV-66980,OMC-016,KPA Marine,GB31MOOJ96499091334123,2026-01-20,253625,1
PAY-47549,INV-24346,OMC-013,Lake Oil,GB88TEHE71937452991241,2025-06-17,33663,1
PAY-50700,INV-93473,OMC-007,Kobil,GB37IDDX82449353487401,2025-08-27,238145,1
PAY-86590,INV-50230,OMC-010,Tamoil,GB34EABH79176936763201,2026-04-02,243011,1
PAY-11053,INV-58364,OMC-012,Galana Energies,GB89GWUW86379402654235,2026-05-26,86117,1
PAY-92142,INV-29882,OMC-008,National Oil,GB08NAFX56342160733754,2025-03-17,22109,1
PAY-95921,INV-37426,OMC-011,Hass Petroleum,GB56WGCN65876036690967,2025-08-28,41168,1
PAY-17573,INV-95608,OMC-004,Gulf Energy,GB89GWUW86379402654235,2026-06-14,30833,1
PAY-37267,INV-26953,OMC-016,KPA Marine,GB31MOOJ96499091334123,2026-07-15,56358,1
PAY-76596,INV-16953,OMC-006,Hashi Energy,GB05QCFC91361939909169,2026-01-01,35766,1
PAY-49410,INV-76303,OMC-011,Hass Petroleum,GB56WGCN65876036690967,2026-06-07,265335,1
PAY-17606,INV-65567,OMC-017,KAA Aviation,GB54HVSS04902787429671,2025-09-28,248239,1
PAY-17348,INV-97399,OMC-014,Texol Energies,GB06ONXS45314737996507,2026-05-08,32241,1
PAY-33664,INV-66425,OMC-013,Lake Oil,GB88TEHE71937452991241,2026-01-25,29261,1
PAY-32520,INV-77603,OMC-002,Vivo Energy,GB45OQIR01845146270482,2026-07-06,42250,1
PAY-83840,INV-46255,OMC-009,Dalbit Petroleum,GB53VXXX35615951484656,2026-02-05,204390,1
PAY-31564,INV-98062,OMC-014,Texol Energies,GB06ONXS45314737996507,2025-11-29,35881,2
PAY-10699,INV-74233,OMC-008,National Oil,GB08NAFX56342160733754,2026-05-22,172142,1
PAY-74454,INV-27475,OMC-008,National Oil,GB08NAFX56342160733754,2026-03-06,59450,1
PAY-58293,INV-75262,OMC-008,National Oil,GB08NAFX56342160733754,2025-09-20,26701,1
PAY-13128,INV-99745,OMC-016,KPA Marine,GB31MOOJ96499091334123,2025-12-14,117851,1
PAY-32507,INV-72446,OMC-013,Lake Oil,GB88TEHE71937452991241,2025-10-19,88719,1
PAY-66600,INV-82134,OMC-002,Vivo Energy,GB45OQIR01845146270482,,176039,1
PAY-63474,INV-11437,OMC-010,Tamoil,GB34EABH79176936763201,2026-04-30,264549,1
PAY-45486,INV-70523,OMC-015,Mombasa Petroleum,GB80WOIJ43135182337498,2025-03-26,50143,1
PAY-98256,INV-92730,OMC-008,National Oil,GB08NAFX56342160733754,,233505,1
PAY-28198,INV-36831,OMC-011,Hass Petroleum,GB56WGCN65876036690967,2025-10-23,38504,1
PAY-60766,INV-86329,OMC-013,Lake Oil,GB88TEHE71937452991241,2025-11-18,46779,1
PAY-27559,INV-63468,OMC-013,Lake Oil,GB88TEHE71937452991241,2025-04-08,57206,1
PAY-72757,INV-36071,OMC-012,Galana Energies,GB89GWUW86379402654235,2026-04-11,33412,1
PAY-19522,INV-94999,OMC-004,Gulf Energy,GB89GWUW86379402654235,2026-05-06,39232,2
PAY-60619,INV-71499,OMC-001,TotalEnergies Kenya,GB06DMIO52553419283276,2026-06-11,33520,1
PAY-11889,INV-41876,OMC-006,Hashi Energy,GB05QCFC91361939909169,2025-05-10,47854,1
PAY-92152,INV-21208,OMC-016,KPA Marine,GB31MOOJ96499091334123,2025-11-30,143511,1
PAY-99081,INV-29540,OMC-009,Dalbit Petroleum,GB53VXXX35615951484656,2025-08-21," KES 97,102 ",1
PAY-40226,INV-18917,OMC-003,Rubis Energy,GB04LOQO13315098393010,2025-10-31,74759,1
PAY-94690,INV-57394,OMC-010,Tamoil,GB34EABH79176936763201,2025-07-17,119346,1
PAY-89375,INV-94867,OMC-014,Texol Energies,GB06ONXS45314737996507,2026-02-24,28884,1
PAY-22328,INV-10510,OMC-001,TotalEnergies Kenya,GB06DMIO52553419283276,2025-03-21,33823,1
PAY-82443,INV-31320,OMC-015,Mombasa Petroleum,GB80WOIJ43135182337498,2025-02-11,265673,1
PAY-57504,INV-51380,OMC-020,Ethiopian Oil,GB08IVAZ74821759464743,2025-07-14,54479,1
PAY-20233,INV-54346,OMC-020,Ethiopian Oil,GB08IVAZ74821759464743,2026-02-11,148870,1
PAY-30379,INV-10378,OMC-018,Uganda National Oil,GB73JRAR61317127484677,2026-07-09,140645,1
PAY-86868,INV-47818,OMC-015,Mombasa Petroleum,GB80WOIJ43135182337498,2026-02-25,277910,1
PAY-90279,INV-34491,OMC-011,Hass Petroleum,GB56WGCN65876036690967,2025-07-30,284570,1
PAY-96991,INV-94503,OMC-003,Rubis Energy,GB04LOQO13315098393010,2025-09-08,72989,1
PAY-66348,INV-84188,OMC-011,Hass Petroleum,GB56WGCN65876036690967,2025-01-19,199189,1
PAY-39110,INV-21618,OMC-017,KAA Aviation,GB54HVSS04902787429671,2026-05-21,122965,1
PAY-67461,INV-53819,OMC-017,KAA Aviation,GB54HVSS04902787429671,2025-11-01,167747,1
PAY-56040,INV-10546,OMC-002,Vivo Energy,GB45OQIR01845146270482,2025-10-14,181924,1
PAY-32775,INV-36490,OMC-012,Galana Energies,GB89GWUW86379402654235,2026-04-11,117106,1
PAY-73313,INV-61041,OMC-015,Mombasa Petroleum,GB80WOIJ43135182337498,2026-02-24,24323,1
PAY-38107,INV-83584,OMC-017,KAA Aviation,GB54HVSS04902787429671,2026-04-24,178268,1
PAY-43271,INV-75737,OMC-019,Tanzania Petroleum,GB64OAXE62174596158657,2025-12-20," KES 48,760 ",2
PAY-29902,INV-17315,OMC-017,KAA Aviation,GB54HVSS04902787429671,2025-10-09,28529,1
PAY-94225,INV-27909,OMC-007,Kobil,GB37IDDX82449353487401,2025-07-23,214137,1
PAY-94277,INV-48021,OMC-017,KAA Aviation,GB54HVSS04902787429671,2026-02-06,183700,1
PAY-25961,INV-30393,OMC-017,KAA Aviation,GB54HVSS04902787429671,2025-05-02,22670,1
PAY-15825,INV-16889,OMC-019,Tanzania Petroleum,GB64OAXE62174596158657,2026-03-31,259370,1
PAY-60493,INV-54050,OMC-015,Mombasa Petroleum,GB80WOIJ43135182337498,2026-02-16,29314,1
PAY-25912,INV-70737,OMC-019,Tanzania Petroleum,GB64OAXE62174596158657,29/04/2026,137094,1
PAY-32701,INV-64944,OMC-003,Rubis Energy,GB04LOQO13315098393010,2025-10-09,117626,1
PAY-21825,INV-11082,OMC-011,Hass Petroleum,GB56WGCN65876036690967,2025-08-05,225415,1
PAY-77078,INV-94292,OMC-020,Ethiopian Oil,GB08IVAZ74821759464743,2025-04-01,283478,1
PAY-63258,INV-42086,OMC-020,Ethiopian Oil,GB08IVAZ74821759464743,2025-07-05,92799,1
PAY-24688,INV-52607,OMC-012,Galana Energies,GB89GWUW86379402654235,2026-04-01,52263,1
PAY-65405,INV-46944,OMC-018,Uganda National Oil,GB73JRAR61317127484677,2026-02-02,165225,1
PAY-62782,INV-76264,OMC-016,KPA Marine,GB31MOOJ96499091334123,2026-02-14,42074,2
PAY-33092,INV-22607,OMC-012,Galana Energies,GB89GWUW86379402654235,2026-05-09,105972,1
PAY-18475,INV-56857,OMC-019,Tanzania Petroleum,GB64OAXE62174596158657,2026-03-04,35453,1
PAY-19216,INV-60755,OMC-009,Dalbit Petroleum,GB53VXXX35615951484656,2025-09-19,57249,2
PAY-96207,INV-84018,OMC-016,KPA Marine,GB31MOOJ96499091334123,2025-03-28,26480,1
PAY-35979,INV-45652,OMC-019,Tanzania Petroleum,GB64OAXE62174596158657,2026-01-03,251140,1
PAY-82679,INV-73985,OMC-019,Tanzania Petroleum,GB64OAXE62174596158657,2025-09-13,102559,1
PAY-87392,INV-54369,OMC-016,KPA Marine,GB31MOOJ96499091334123,2025-02-26,129287,1
PAY-82202,INV-92329,OMC-005,PetroOil Kenya,GB89GWUW86379402654235,2026-03-11,122895,1
PAY-66475,INV-33026,OMC-008,National Oil,GB08NAFX56342160733754,2026-03-24,132919,1
PAY-55395,INV-36682,OMC-018,Uganda National Oil,GB73JRAR61317127484677,2025-10-04,243409,1
PAY-62228,INV-58203,OMC-019,Tanzania Petroleum,GB64OAXE62174596158657,15/06/2025,44488,1
PAY-53598,INV-28322,OMC-008,National Oil,GB08NAFX56342160733754,2025-08-29,131618,1
PAY-21095,INV-46495,OMC-002,Vivo Energy,GB45OQIR01845146270482,2025-09-05,169363,1
PAY-54464,INV-27347,OMC-007,Kobil,GB37IDDX82449353487401,2025-02-18,54541,1
PAY-11761,INV-31330,OMC-003,Rubis Energy,GB04LOQO13315098393010,2025-10-05,48367,1
PAY-70953,INV-57749,OMC-014,Texol Energies,GB06ONXS45314737996507,2025-12-23,125727,1
PAY-24192,INV-70731,OMC-014,Texol Energies,GB06ONXS45314737996507,2026-06-17,174146,1
PAY-41508,INV-88626,OMC-007,Kobil,GB37IDDX82449353487401,2026-05-01,104607,1
PAY-52798,INV-39960,OMC-012,Galana Energies,GB89GWUW86379402654235,2026-03-06,39794,1
PAY-29619,INV-98025,OMC-015,Mombasa Petroleum,GB80WOIJ43135182337498,2025-07-25,29370,1
PAY-26096,INV-73661,OMC-010,Tamoil,GB34EABH79176936763201,2026-04-22,32206,1
PAY-58415,INV-28540,OMC-018,Uganda National Oil,GB73JRAR61317127484677,2026-04-09,111446,1
PAY-97720,INV-67040,OMC-010,Tamoil,GB34EABH79176936763201,2026-07-09,54981,2
PAY-30507,INV-24187,OMC-004,Gulf Energy,GB89GWUW86379402654235,2026-05-22,128716,1
PAY-12578,INV-47865,OMC-018,Uganda National Oil,GB73JRAR61317127484677,2025-09-28,89319,1
PAY-45688,INV-91058,OMC-008,National Oil,GB08NAFX56342160733754,2025-05-25,145659,1
PAY-76179,INV-97575,OMC-017,KAA Aviation,GB54HVSS04902787429671,2025-08-03,260272,1
PAY-53369,INV-47491,OMC-014,Texol Energies,GB06ONXS45314737996507,2026-02-01,33067,1
PAY-74163,INV-36946,OMC-012,Galana Energies,GB89GWUW86379402654235,2026-04-22,152511,1
PAY-77986,INV-89044,OMC-001,TotalEnergies Kenya,GB06DMIO52553419283276,2025-05-01,7781,2
PAY-76072,INV-78483,OMC-007,Kobil,GB37IDDX82449353487401,2025-08-24,29006,1
PAY-74882,INV-19338,OMC-016,KPA Marine,GB31MOOJ96499091334123,2026-01-08,44363,1
PAY-57423,INV-75497,OMC-020,Ethiopian Oil,GB08IVAZ74821759464743,2025-08-24,198315,1
PAY-83948,INV-87219,OMC-019,Tanzania Petroleum,GB64OAXE62174596158657,2025-08-28,75033,1
PAY-81683,INV-39124,OMC-004,Gulf Energy,GB89GWUW86379402654235,2026-06-23,109243,2
PAY-77845,INV-10033,OMC-018,Uganda National Oil,GB73JRAR61317127484677,2026-04-05,151240,1
PAY-56524,INV-60317,OMC-011,Hass Petroleum,GB56WGCN65876036690967,2025-12-07,208505,1
PAY-19559,INV-91442,OMC-015,Mombasa Petroleum,GB80WOIJ43135182337498,2025-10-13,60664,1
PAY-81150,INV-91709,OMC-013,Lake Oil,GB88TEHE71937452991241,2025-09-21,213448,1
PAY-30937,INV-18067,OMC-006,Hashi Energy,GB05QCFC91361939909169,2026-05-16,131443,1
PAY-10665,INV-65252,OMC-016,KPA Marine,GB31MOOJ96499091334123,2026-06-30,23621,1
PAY-92945,INV-45494,OMC-011,Hass Petroleum,GB56WGCN65876036690967,2026-01-21,264518,1
PAY-24094,INV-50353,OMC-012,Galana Energies,GB89GWUW86379402654235,2026-04-05,11761,2
PAY-52105,INV-59412,OMC-003,Rubis Energy,GB04LOQO13315098393010,2025-06-18,40665,1
PAY-73553,INV-98723,OMC-001,TotalEnergies Kenya,GB06DMIO52553419283276,2025-03-11,41174,1
PAY-50351,INV-73308,OMC-019,Tanzania Petroleum,GB64OAXE62174596158657,2025-06-29,163905,1
PAY-88918,INV-37663,OMC-009,Dalbit Petroleum,GB53VXXX35615951484656,2025-10-22,37336,2
PAY-41553,INV-94624,OMC-015,Mombasa Petroleum,GB80WOIJ43135182337498,2025-07-16," KES 172,936 ",1
PAY-65972,INV-79186,OMC-010,Tamoil,GB34EABH79176936763201,2025-10-30,68253,1
PAY-60672,INV-83474,OMC-003,Rubis Energy,GB04LOQO13315098393010,2025-02-04,133734,1
PAY-63727,INV-99278,OMC-020,Ethiopian Oil,GB08IVAZ74821759464743,2025-03-27,146797,1
PAY-62195,INV-40634,OMC-005,PetroOil Kenya,GB89GWUW86379402654235,2026-04-28,162398,1
PAY-82079,INV-12372,OMC-009,Dalbit Petroleum,GB53VXXX35615951484656,2026-06-24,79872,1
PAY-41265,INV-57180,OMC-001,TotalEnergies Kenya,GB06DMIO52553419283276,2025-08-25,81209,2
PAY-52782,INV-78477,OMC-017,KAA Aviation,GB54HVSS04902787429671,2026-01-26,31213,1
PAY-44111,INV-98954,OMC-019,Tanzania Petroleum,GB64OAXE62174596158657,2026-04-13,128538,1
PAY-24059,INV-98934,OMC-003,Rubis Energy,GB04LOQO13315098393010,2025-07-18,203401,1
PAY-36155,INV-57068,OMC-003,Rubis Energy,GB04LOQO13315098393010,2025-03-23,61225,1
PAY-62792,INV-49503,OMC-014,Texol Energies,GB06ONXS45314737996507,2026-02-21,23152,2
PAY-10509,INV-12338,OMC-016,KPA Marine,GB31MOOJ96499091334123,2026-03-19,74771,2
PAY-83701,INV-76481,OMC-019,Tanzania Petroleum,GB64OAXE62174596158657,2025-07-14,27395,2
PAY-25148,INV-91166,OMC-008,National Oil,GB08NAFX56342160733754,2026-03-21,143454,1
PAY-55756,INV-15516,OMC-008,National Oil,GB08NAFX56342160733754,2026-02-03,262053,1
PAY-17746,INV-78860,OMC-008,National Oil,GB08NAFX56342160733754,2025-01-29,113713,1
PAY-22416,INV-26128,OMC-007,Kobil,GB37IDDX82449353487401,2025-12-16,58075,1
PAY-65700,INV-86014,OMC-020,Ethiopian Oil,GB08IVAZ74821759464743,2025-07-29,106054,1
PAY-85271,INV-65833,OMC-019,Tanzania Petroleum,GB64OAXE62174596158657,2026-06-03,138135,1
PAY-25092,INV-35781,OMC-014,Texol Energies,GB06ONXS45314737996507,2026-04-29,100537,1
PAY-76752,INV-98869,OMC-016,KPA Marine,GB31MOOJ96499091334123,2025-08-24,77923,2
PAY-51195,INV-27605,OMC-014,Texol Energies,GB06ONXS45314737996507,2025-10-10,17673,2
PAY-95803,INV-47364,OMC-007,Kobil,GB37IDDX82449353487401,2025-07-28,234051,1
PAY-11147,INV-89424,OMC-020,Ethiopian Oil,GB08IVAZ74821759464743,2026-07-09,89627,1
PAY-31316,INV-14845,OMC-011,Hass Petroleum,GB56WGCN65876036690967,2025-06-07,75977,1
PAY-99779,INV-49554,OMC-015,Mombasa Petroleum,GB80WOIJ43135182337498,2025-05-22,130582,1
PAY-46846,INV-53640,OMC-017,KAA Aviation,GB54HVSS04902787429671,2026-06-16,32029,1
PAY-30334,INV-84120,OMC-007,Kobil,GB37IDDX82449353487401,2025-09-13,115635,1
PAY-99502,INV-11538,OMC-019,Tanzania Petroleum,GB64OAXE62174596158657,2026-05-24,32762,1
PAY-53991,INV-86665,OMC-015,Mombasa Petroleum,GB80WOIJ43135182337498,2026-08-09,169275,1
PAY-77088,INV-24860,OMC-001,TotalEnergies Kenya,GB06DMIO52553419283276,2026-06-14,61569,1
PAY-95160,INV-63302,OMC-006,Hashi Energy,GB05QCFC91361939909169,2025-11-09,54547,1
PAY-24608,INV-72982,OMC-018,Uganda National Oil,GB73JRAR61317127484677,2025-04-23," KES 184,915 ",1
PAY-52514,INV-76573,OMC-015,Mombasa Petroleum,GB80WOIJ43135182337498,2026-06-23," KES 45,660 ",1
PAY-20564,INV-50581,OMC-005,PetroOil Kenya,GB89GWUW86379402654235,2026-03-01,48550,1
PAY-34181,INV-71492,OMC-009,Dalbit Petroleum,GB53VXXX35615951484656,2025-03-28,14919,1
PAY-60017,INV-78599,OMC-002,Vivo Energy,GB45OQIR01845146270482,2026-07-11,168185,1
PAY-22508,INV-97884,OMC-020,Ethiopian Oil,GB08IVAZ74821759464743,2026-04-29,129749,1
PAY-60467,INV-71664,OMC-003,Rubis Energy,GB04LOQO13315098393010,26/10/2025,48078,1
PAY-29291,INV-69710,OMC-018,Uganda National Oil,GB73JRAR61317127484677,2025-08-10,128369,1
PAY-75792,INV-29457,OMC-009,Dalbit Petroleum,GB53VXXX35615951484656,2026-04-12,88471,1
PAY-74308,INV-81557,OMC-011,Hass Petroleum,GB56WGCN65876036690967,2025-03-02,55722,1
PAY-22809,INV-31518,OMC-012,Galana Energies,GB89GWUW86379402654235,2026-05-01,27107,1
PAY-83319,INV-98674,OMC-015,Mombasa Petroleum,GB80WOIJ43135182337498,2025-06-28,165838,1
PAY-37258,INV-54105,OMC-014,Texol Energies,GB06ONXS45314737996507,2026-02-28,72861,1
PAY-66712,INV-46292,OMC-003,Rubis Energy,GB04LOQO13315098393010,2026-02-01,27612,1
PAY-64150,INV-11323,OMC-016,KPA Marine,GB31MOOJ96499091334123,2026-05-29,166488,1
PAY-61171,INV-53282,OMC-001,TotalEnergies Kenya,GB06DMIO52553419283276,2025-07-23,100639,1
PAY-26406,INV-98394,OMC-015,Mombasa Petroleum,GB80WOIJ43135182337498,2025-10-15,145502,1
PAY-69372,INV-41692,OMC-004,Gulf Energy,GB89GWUW86379402654235,2026-06-06,43724,1
PAY-19379,INV-27060,OMC-002,Vivo Energy,GB45OQIR01845146270482,2025-03-29,74908,1
PAY-76900,INV-81682,OMC-013,Lake Oil,GB88TEHE71937452991241,2025-12-11,41739,1
PAY-41121,INV-88686,OMC-015,Mombasa Petroleum,GB80WOIJ43135182337498,2025-03-14,223775,1
PAY-63903,INV-68416,OMC-008,National Oil,GB08NAFX56342160733754,2025-06-16,235935,1
PAY-61177,INV-24821,OMC-003,Rubis Energy,GB04LOQO13315098393010,2026-02-16,31468,1
PAY-32351,INV-97776,OMC-020,Ethiopian Oil,GB08IVAZ74821759464743,2026-04-11,20873,2
PAY-31951,INV-56766,OMC-012,Galana Energies,GB89GWUW86379402654235,2026-03-30,33691,1
PAY-89008,INV-37288,OMC-007,Kobil,GB37IDDX82449353487401,2025-11-07,194668,1
PAY-64554,INV-38777,OMC-005,PetroOil Kenya,GB89GWUW86379402654235,2026-04-07,31213,1
PAY-16297,INV-27378,OMC-018,Uganda National Oil,GB73JRAR61317127484677,2025-05-14,105542,1
PAY-58442,INV-15747,OMC-015,Mombasa Petroleum,GB80WOIJ43135182337498,2025-10-05,250765,1
PAY-65917,INV-98073,OMC-015,Mombasa Petroleum,GB80WOIJ43135182337498,2025-09-06,167979,1
PAY-23090,INV-41207,OMC-006,Hashi Energy,GB05QCFC91361939909169,2025-10-18,24085,1
PAY-89757,INV-62972,OMC-020,Ethiopian Oil,GB08IVAZ74821759464743,2026-04-29,239577,1
PAY-81857,INV-45716,OMC-017,KAA Aviation,GB54HVSS04902787429671,2026-08-03,142385,1
PAY-87356,INV-31250,OMC-005,PetroOil Kenya,GB89GWUW86379402654235,2026-05-06,142809,1
PAY-23422,INV-78678,OMC-008,National Oil,GB08NAFX56342160733754,2026-04-15,42472,1
PAY-52410,INV-42598,OMC-019,Tanzania Petroleum,GB64OAXE62174596158657,10/11/2025,216570,1
PAY-77739,INV-45724,OMC-004,Gulf Energy,GB89GWUW86379402654235,2026-05-27,109443,1
PAY-22667,INV-26799,OMC-020,Ethiopian Oil,GB08IVAZ74821759464743,2025-09-22,121501,1
PAY-98027,INV-84565,OMC-012,Galana Energies,GB89GWUW86379402654235,2026-06-13,44090,1
PAY-17977,INV-83558,OMC-002,Vivo Energy,GB45OQIR01845146270482,2025-11-11,27071,1
PAY-79005,INV-98947,OMC-006,Hashi Energy,GB05QCFC91361939909169,2026-01-25,137054,1
PAY-62426,INV-65487,OMC-011,Hass Petroleum,GB56WGCN65876036690967,2025-11-24,122702,1
PAY-37906,INV-12951,OMC-013,Lake Oil,GB88TEHE71937452991241,2025-06-02,184825,1
PAY-62354,INV-75411,OMC-003,Rubis Energy,GB04LOQO13315098393010,2025-05-02,249781,1
PAY-45046,INV-96245,OMC-009,Dalbit Petroleum,GB53VXXX35615951484656,30/05/2025,60185,2
PAY-93046,INV-84556,OMC-006,Hashi Energy,GB05QCFC91361939909169,2026-04-04,30906,1
PAY-69595,INV-65573,OMC-002,Vivo Energy,GB45OQIR01845146270482,2025-07-28,214682,1
PAY-47598,INV-10979,OMC-001,TotalEnergies Kenya,GB06DMIO52553419283276,2026-03-08,76949,1
PAY-81596,INV-63562,OMC-003,Rubis Energy,GB04LOQO13315098393010,,28815,1
PAY-28123,INV-37221,OMC-005,PetroOil Kenya,GB89GWUW86379402654235,,11649,2
PAY-85404,INV-52911,OMC-019,Tanzania Petroleum,GB64OAXE62174596158657,2026-06-29,201651,1
PAY-20751,INV-31614,OMC-008,National Oil,GB08NAFX56342160733754,2025-05-30,253363,1
PAY-64685,INV-74115,OMC-013,Lake Oil,GB88TEHE71937452991241,2026-07-14,119358,1
PAY-81740,INV-64521,OMC-015,Mombasa Petroleum,GB80WOIJ43135182337498,2025-06-08,161722,1
PAY-66970,INV-86619,OMC-015,Mombasa Petroleum,GB80WOIJ43135182337498,2025-09-04,56557,1
PAY-69956,INV-83933,OMC-012,Galana Energies,GB89GWUW86379402654235,2026-03-11,113742,1
PAY-33299,INV-40133,OMC-010,Tamoil,GB34EABH79176936763201,2025-07-04,58270,1
PAY-89305,INV-97082,OMC-014,Texol Energies,GB06ONXS45314737996507,17/02/2026,115226,1
PAY-24077,INV-91542,OMC-010,Tamoil,GB34EABH79176936763201,2026-02-14,37566,1
PAY-36600,INV-32880,OMC-010,Tamoil,GB34EABH79176936763201,2025-03-31,39846,1
PAY-42225,INV-62540,OMC-015,Mombasa Petroleum,GB80WOIJ43135182337498,2026-04-23,61444,1
PAY-20137,INV-82018,OMC-006,Hashi Energy,GB05QCFC91361939909169,2025-04-25,32561,1
PAY-47666,INV-80436,OMC-009,Dalbit Petroleum,GB53VXXX35615951484656,2025-07-13,24285,1
PAY-72566,INV-89348,OMC-014,Texol Energies,GB06ONXS45314737996507,2025-09-18,18557,2
PAY-93705,INV-44945,OMC-002,Vivo Energy,GB45OQIR01845146270482,2025-05-15,192538,1
PAY-63898,INV-26300,OMC-010,Tamoil,GB34EABH79176936763201,2025-04-25,37831,1
PAY-48464,INV-65636,OMC-019,Tanzania Petroleum,GB64OAXE62174596158657,2026-05-28,28588,1
PAY-53628,INV-66136,OMC-008,National Oil,GB08NAFX56342160733754,2025-06-06,58438,1
PAY-83793,INV-62609,OMC-016,KPA Marine,GB31MOOJ96499091334123,22/10/2025,44039,2
PAY-22025,INV-11449,OMC-008,National Oil,GB08NAFX56342160733754,2025-03-02,125531,1
PAY-52288,INV-29371,OMC-012,Galana Energies,GB89GWUW86379402654235,2026-06-01,16842,2
PAY-63595,INV-49992,OMC-009,Dalbit Petroleum,GB53VXXX35615951484656,2025-03-12,76368,1
PAY-71004,INV-68554,OMC-017,KAA Aviation,GB54HVSS04902787429671,2025-05-07,145985,1
PAY-55955,INV-67063,OMC-004,Gulf Energy,GB89GWUW86379402654235,2026-04-01,62075,2
PAY-61271,INV-89675,OMC-015,Mombasa Petroleum,GB80WOIJ43135182337498,2025-02-22,130448,1
PAY-99962,INV-16882,OMC-005,PetroOil Kenya,GB89GWUW86379402654235,2026-04-23,64570,1
PAY-27691,INV-47342,OMC-002,Vivo Energy,GB45OQIR01845146270482,2025-10-24,36293,1
PAY-49038,INV-80945,OMC-006,Hashi Energy,GB05QCFC91361939909169,2025-04-09,160676,1
PAY-47853,INV-57193,OMC-014,Texol Energies,GB06ONXS45314737996507,2026-02-25,105962,1
PAY-82241,INV-29322,OMC-004,Gulf Energy,GB89GWUW86379402654235,2026-03-02,33697,1
PAY-52714,INV-87744,OMC-002,Vivo Energy,GB45OQIR01845146270482,2025-04-03,38451,2
PAY-97930,INV-22989,OMC-004,Gulf Energy,GB89GWUW86379402654235,2026-05-30,56366,1
PAY-64941,INV-20279,OMC-008,National Oil,GB08NAFX56342160733754,29/03/2025,91108,1
PAY-99871,INV-44470,OMC-006,Hashi Energy,GB05QCFC91361939909169,2026-02-07,56113,1
PAY-83876,INV-73128,OMC-007,Kobil,GB37IDDX82449353487401,2025-05-03,123162,1
PAY-98724,INV-63899,OMC-008,National Oil,GB08NAFX56342160733754,2025-05-01,225298,1
PAY-82566,INV-20938,OMC-012,Galana Energies,GB89GWUW86379402654235,2026-04-10,33894,1
PAY-95794,INV-78418,OMC-012,Galana Energies,GB89GWUW86379402654235,2026-04-26,11677,2
PAY-42544,INV-56052,OMC-005,PetroOil Kenya,GB89GWUW86379402654235,2026-06-08,45300,2
PAY-41059,INV-94102,OMC-019,Tanzania Petroleum,GB64OAXE62174596158657,2025-04-07,54443,1
PAY-90680,INV-80212,OMC-006,Hashi Energy,GB05QCFC91361939909169,2026-04-15,152608,1
PAY-90275,INV-82136,OMC-006,Hashi Energy,GB05QCFC91361939909169,2026-05-11,52430,1
PAY-48653,INV-49795,OMC-012,Galana Energies,GB89GWUW86379402654235,2026-05-04,22037,1
PAY-75067,INV-18262,OMC-002,Vivo Energy,GB45OQIR01845146270482,2026-01-28,27104,1
PAY-34008,INV-35129,OMC-014,Texol Energies,GB06ONXS45314737996507,2026-03-22,99897,1
PAY-58012,INV-24595,OMC-012,Galana Energies,GB89GWUW86379402654235,2026-06-10,28861,2
PAY-81947,INV-67684,OMC-016,KPA Marine,GB31MOOJ96499091334123,2025-05-01,60579,1
PAY-77521,INV-61359,OMC-001,TotalEnergies Kenya,GB06DMIO52553419283276,2026-07-20,31779,1
PAY-42675,INV-49856,OMC-007,Kobil,GB37IDDX82449353487401,2026-04-18,152246,1
PAY-53091,INV-68432,OMC-010,Tamoil,GB34EABH79176936763201,2026-08-13,144557,1
PAY-64840,INV-97456,OMC-014,Texol Energies,GB06ONXS45314737996507,2025-02-14,97019,1
PAY-31651,INV-19171,OMC-005,PetroOil Kenya,GB89GWUW86379402654235,2026-05-07,26147,1
PAY-56961,INV-33894,OMC-005,PetroOil Kenya,GB89GWUW86379402654235,2026-05-10,11124,2
PAY-84787,INV-21507,OMC-014,Texol Energies,GB06ONXS45314737996507,2026-06-04,40703,1
PAY-82231,INV-58598,OMC-001,TotalEnergies Kenya,GB06DMIO52553419283276,2025-07-01,77350,2
PAY-19345,INV-10421,OMC-010,Tamoil,GB34EABH79176936763201,2026-06-06,55578,1
PAY-79865,INV-48049,OMC-006,Hashi Energy,GB05QCFC91361939909169,2025-08-24,46341,1
PAY-66396,INV-89664,OMC-015,Mombasa Petroleum,GB80WOIJ43135182337498,2025-02-14,281967,1
PAY-99182,INV-73312,OMC-004,Gulf Energy,GB89GWUW86379402654235,2026-04-08,193509,1
PAY-45794,INV-72438,OMC-014,Texol Energies,GB06ONXS45314737996507,2025-10-31,45557,1
PAY-81099,INV-25237,OMC-016,KPA Marine,GB31MOOJ96499091334123,2026-06-16,83806,1
PAY-83927,INV-53488,OMC-007,Kobil,GB37IDDX82449353487401,2025-11-13,216952,1
PAY-72211,INV-40234,OMC-005,PetroOil Kenya,GB89GWUW86379402654235,2026-05-06,65592,1
PAY-88845,INV-60492,OMC-009,Dalbit Petroleum,GB53VXXX35615951484656,2026-04-26,92296,1
PAY-27022,INV-82123,OMC-014,Texol Energies,GB06ONXS45314737996507,2025-05-04,39202,1
PAY-66837,INV-54911,OMC-006,Hashi Energy,GB05QCFC91361939909169,2026-04-23,51454,1
PAY-51294,INV-65694,OMC-019,Tanzania Petroleum,GB64OAXE62174596158657,2026-01-06,171969,1
PAY-24922,INV-34232,OMC-012,Galana Energies,GB89GWUW86379402654235,2026-05-02,25679,1
PAY-99616,INV-52745,OMC-009,Dalbit Petroleum,GB53VXXX35615951484656,2025-09-11,51678,2
PAY-99269,INV-85211,OMC-020,Ethiopian Oil,GB08IVAZ74821759464743,2025-06-11,183062,1
PAY-44777,INV-64390,OMC-015,Mombasa Petroleum,GB80WOIJ43135182337498,2025-02-21,216479,1
PAY-73569,INV-74589,OMC-007,Kobil,GB37IDDX82449353487401,2026-01-02,148080,1
PAY-79513,INV-87347,OMC-006,Hashi Energy,GB05QCFC91361939909169,2026-05-22,130678,1
PAY-80632,INV-22491,OMC-009,Dalbit Petroleum,GB53VXXX35615951484656,2025-07-23,178406,1
PAY-72272,INV-70126,OMC-014,Texol Energies,GB06ONXS45314737996507,2026-05-11,167574,1
PAY-28493,INV-98655,OMC-009,Dalbit Petroleum,GB53VXXX35615951484656,2025-11-12,112141,1
PAY-29648,INV-18449,OMC-019,Tanzania Petroleum,GB64OAXE62174596158657,2025-08-15,75044,1
PAY-64436,INV-16668,OMC-005,PetroOil Kenya,GB89GWUW86379402654235,23/04/2026,35272,1
PAY-94747,INV-34768,OMC-017,KAA Aviation,GB54HVSS04902787429671,2025-08-01,191522,1
PAY-86250,INV-17597,OMC-019,Tanzania Petroleum,GB64OAXE62174596158657,2025-09-06,110984,1
PAY-52819,INV-24266,OMC-016,KPA Marine,GB31MOOJ96499091334123,2026-02-21,130700,1
PAY-93211,INV-56086,OMC-010,Tamoil,GB34EABH79176936763201,2025-11-05,156538,1
PAY-91578,INV-79869,OMC-020,Ethiopian Oil,GB08IVAZ74821759464743,2025-03-07,29582,1
PAY-96543,INV-84343,OMC-017,KAA Aviation,GB54HVSS04902787429671,2025-11-05,26113,1
PAY-40164,INV-22661,OMC-005,PetroOil Kenya,GB89GWUW86379402654235,2026-05-07,18620,1
PAY-24257,INV-67312,OMC-006,Hashi Energy,GB05QCFC91361939909169,2026-07-01,31461,1
PAY-79765,INV-86467,OMC-003,Rubis Energy,GB04LOQO13315098393010,2026-05-04,40297,1
PAY-47164,INV-34366,OMC-010,Tamoil,GB34EABH79176936763201,2026-08-01,167159,1
PAY-67971,INV-95424,OMC-019,Tanzania Petroleum,GB64OAXE62174596158657,2025-11-22,21215,1
PAY-63885,INV-47413,OMC-007,Kobil,GB37IDDX82449353487401,2025-08-01,30741,1
PAY-35799,INV-54424,OMC-008,National Oil,GB08NAFX56342160733754,2025-04-11,74921,1
PAY-31850,INV-47128,OMC-003,Rubis Energy,GB04LOQO13315098393010,2025-11-04,46171,1
PAY-22377,INV-99600,OMC-014,Texol Energies,GB06ONXS45314737996507,2026-04-23,53508,1
PAY-14395,INV-90000,OMC-006,Hashi Energy,GB05QCFC91361939909169,2026-03-30,295265,1
PAY-43038,INV-40140,OMC-002,Vivo Energy,GB45OQIR01845146270482,2025-07-12,241871,1
PAY-32635,INV-31870,OMC-005,PetroOil Kenya,GB89GWUW86379402654235,2026-04-12,105829,1
PAY-18747,INV-44477,OMC-005,PetroOil Kenya,GB89GWUW86379402654235,2026-03-19,176092,1
PAY-32032,INV-49274,OMC-011,Hass Petroleum,GB56WGCN65876036690967,2025-09-28,40010,1
PAY-61039,INV-13819,OMC-011,Hass Petroleum,GB56WGCN65876036690967,2025-05-30,230847,1
PAY-22708,INV-71933,OMC-010,Tamoil,GB34EABH79176936763201,2026-01-11,217795,1
PAY-14154,INV-13186,OMC-016,KPA Marine,GB31MOOJ96499091334123,2025-05-02," KES 228,525 ",1
PAY-50483,INV-40182,OMC-016,KPA Marine,GB31MOOJ96499091334123,2025-04-13,87911,1
PAY-50649,INV-10067,OMC-012,Galana Energies,GB89GWUW86379402654235,2026-05-05,238683,1
PAY-89047,INV-21704,OMC-017,KAA Aviation,GB54HVSS04902787429671,2025-02-18,143919,1
PAY-70420,INV-37857,OMC-009,Dalbit Petroleum,GB53VXXX35615951484656,2026-03-25,71034,1
PAY-55071,INV-87739,OMC-012,Galana Energies,GB89GWUW86379402654235,2026-06-09,24448,2
PAY-76515,INV-53538,OMC-016,KPA Marine,GB31MOOJ96499091334123,2025-10-15,78097,1
PAY-81746,INV-88826,OMC-003,Rubis Energy,GB04LOQO13315098393010,21/10/2025,252228,1
PAY-66117,INV-95628,OMC-001,TotalEnergies Kenya,GB06DMIO52553419283276,2025-10-31,60101,2
PAY-61034,INV-94538,OMC-013,Lake Oil,GB88TEHE71937452991241,2025-06-06,39631,1
PAY-84659,INV-24845,OMC-012,Galana Energies,GB89GWUW86379402654235,2026-03-26,19662,2
PAY-88258,INV-44778,OMC-008,National Oil,GB08NAFX56342160733754,2025-03-27,19391,1
PAY-39872,INV-63109,OMC-012,Galana Energies,GB89GWUW86379402654235,2026-05-27,158519,1
PAY-56081,INV-87380,OMC-005,PetroOil Kenya,GB89GWUW86379402654235,2026-05-19,127178,1
PAY-85141,INV-57507,OMC-017,KAA Aviation,GB54HVSS04902787429671,2025-10-18,35834,1
PAY-97289,INV-69390,OMC-008,National Oil,GB08NAFX56342160733754,2025-10-17,262352,1
PAY-85755,INV-46804,OMC-020,Ethiopian Oil,GB08IVAZ74821759464743,2026-05-17,122481,1
PAY-74143,INV-47005,OMC-011,Hass Petroleum,GB56WGCN65876036690967,2025-06-02,59286,1
PAY-25973,INV-36959,OMC-009,Dalbit Petroleum,GB53VXXX35615951484656,2026-03-03,90245,2
PAY-14466,INV-45271,OMC-006,Hashi Energy,GB05QCFC91361939909169,2026-04-02,63698,1
PAY-55615,INV-50108,OMC-019,Tanzania Petroleum,GB64OAXE62174596158657,2025-12-19,187525,1
PAY-78209,INV-34113,OMC-005,PetroOil Kenya,GB89GWUW86379402654235,2026-04-27,5380,2
PAY-60709,INV-93067,OMC-002,Vivo Energy,GB45OQIR01845146270482,2025-04-28,30589,1
PAY-19705,INV-10817,OMC-013,Lake Oil,GB88TEHE71937452991241,2025-10-20,112978,1
PAY-40578,INV-20323,OMC-018,Uganda National Oil,GB73JRAR61317127484677,2025-04-20,50391,1
PAY-14915,INV-48612,OMC-016,KPA Marine,GB31MOOJ96499091334123,2026-03-31,40660,1
PAY-25452,INV-90166,OMC-002,Vivo Energy,GB45OQIR01845146270482,2025-08-12,193937,1
PAY-32068,INV-23782,OMC-001,TotalEnergies Kenya,GB06DMIO52553419283276,2026-03-17,195369,1
PAY-29489,INV-84385,OMC-018,Uganda National Oil,GB73JRAR61317127484677,2026-02-16,220037,1
PAY-69006,INV-80986,OMC-016,KPA Marine,GB31MOOJ96499091334123,2026-04-13,82217,1
PAY-16419,INV-38141,OMC-010,Tamoil,GB34EABH79176936763201,2025-12-27,29211,1
PAY-75773,INV-72418,OMC-016,KPA Marine,GB31MOOJ96499091334123,2025-11-28," KES 220,240 ",1
PAY-37388,INV-41517,OMC-011,Hass Petroleum,GB56WGCN65876036690967,2025-07-08,33949,1
PAY-41570,INV-48615,OMC-007,Kobil,GB37IDDX82449353487401,2025-01-26,224804,1
PAY-18585,INV-39124,OMC-004,Gulf Energy,GB89GWUW86379402654235,2026-06-06,142745,1
PAY-69466,INV-23168,OMC-014,Texol Energies,GB06ONXS45314737996507,2025-06-03,147366,1
PAY-40164,INV-22661,OMC-005,PetroOil Kenya,GB89GWUW86379402654235,2026-05-07,18620,1
PAY-45379,INV-28474,OMC-006,Hashi Energy,GB05QCFC91361939909169,2025-02-10,187288,1
PAY-99436,INV-56646,OMC-004,Gulf Energy,GB89GWUW86379402654235,2026-06-07,26829,1
PAY-87062,INV-48915,OMC-002,Vivo Energy,GB45OQIR01845146270482,2025-06-12,160626,1
PAY-55069,INV-96671,OMC-020,Ethiopian Oil,GB08IVAZ74821759464743,,95302,2
PAY-56166,INV-66639,OMC-015,Mombasa Petroleum,GB80WOIJ43135182337498,2025-06-08,49998,1
PAY-27774,INV-96301,OMC-018,Uganda National Oil,GB73JRAR61317127484677,2025-06-13,42255,1
PAY-12636,INV-63298,OMC-003,Rubis Energy,GB04LOQO13315098393010,2026-05-30,20461,2
PAY-54299,INV-23233,OMC-001,TotalEnergies Kenya,GB06DMIO52553419283276,2025-11-17,7867,2
PAY-81558,INV-25954,OMC-001,TotalEnergies Kenya,GB06DMIO52553419283276,2025-12-31,113209,1
PAY-39041,INV-69352,OMC-014,Texol Energies,GB06ONXS45314737996507,2025-12-18,28501,1
PAY-66588,INV-74455,OMC-020,Ethiopian Oil,GB08IVAZ74821759464743,2025-09-10,57940,1
PAY-14911,INV-75681,OMC-017,KAA Aviation,GB54HVSS04902787429671,2026-06-03,230438,1
PAY-79529,INV-83771,OMC-002,Vivo Energy,GB45OQIR01845146270482,2026-01-08,198451,1
PAY-82705,INV-21838,OMC-004,Gulf Energy,GB89GWUW86379402654235,2026-03-23,28804,1
PAY-76541,INV-46771,OMC-010,Tamoil,GB34EABH79176936763201,2026-04-29,106670,1
PAY-70948,INV-23283,OMC-003,Rubis Energy,GB04LOQO13315098393010,2026-07-28," KES 175,912 ",1
PAY-92985,INV-10743,OMC-007,Kobil,GB37IDDX82449353487401,2025-10-11,49776,1
PAY-44822,INV-23039,OMC-010,Tamoil,GB34EABH79176936763201,06/03/2025,286124,1
PAY-49436,INV-11076,OMC-012,Galana Energies,GB89GWUW86379402654235,2026-04-19,60537,2
PAY-47681,INV-92012,OMC-009,Dalbit Petroleum,GB53VXXX35615951484656,2026-04-12,108576,2
PAY-46517,INV-48040,OMC-016,KPA Marine,GB31MOOJ96499091334123,2026-01-04,11208,2
PAY-29251,INV-37221,OMC-005,PetroOil Kenya,GB89GWUW86379402654235,2026-04-26,18200,1
PAY-69611,INV-38536,OMC-008,National Oil,GB08NAFX56342160733754,2025-03-15,45933,1
PAY-61049,INV-68922,OMC-017,KAA Aviation,GB54HVSS04902787429671,2025-12-13,43635,1
PAY-87650,INV-53888,OMC-003,Rubis Energy,GB04LOQO13315098393010,2025-11-03,168299,1
PAY-40423,INV-53412,OMC-003,Rubis Energy,GB04LOQO13315098393010,2025-04-10,124307,1
PAY-65585,INV-93805,OMC-002,Vivo Energy,GB45OQIR01845146270482,2025-03-05,37305,2
PAY-23077,INV-23093,OMC-013,Lake Oil,GB88TEHE71937452991241,2025-08-09,57595,1
PAY-17979,INV-61929,OMC-005,PetroOil Kenya,GB89GWUW86379402654235,2026-05-25,35023,1
PAY-97160,INV-92511,OMC-010,Tamoil,GB34EABH79176936763201,,245917,1
PAY-42301,INV-66709,OMC-019,Tanzania Petroleum,GB64OAXE62174596158657,2026-05-23,157577,1
PAY-55629,INV-63467,OMC-001,TotalEnergies Kenya,GB06DMIO52553419283276,2025-01-30,34201,1
PAY-94137,INV-30134,OMC-003,Rubis Energy,GB04LOQO13315098393010,2026-02-10,37724,1
PAY-74923,INV-81026,OMC-019,Tanzania Petroleum,GB64OAXE62174596158657,2026-02-04,59435,1
PAY-72973,INV-94157,OMC-015,Mombasa Petroleum,GB80WOIJ43135182337498,2025-04-15,85429,1
PAY-74372,INV-39985,OMC-011,Hass Petroleum,GB56WGCN65876036690967,2026-02-22,46363,1
PAY-43809,INV-94341,OMC-020,Ethiopian Oil,GB08IVAZ74821759464743,2026-07-24,217775,1
PAY-24455,INV-41182,OMC-019,Tanzania Petroleum,GB64OAXE62174596158657,2025-07-02,181167,1
PAY-90430,INV-84491,OMC-017,KAA Aviation,GB54HVSS04902787429671,2025-03-31,54036,1
PAY-16606,INV-10111,OMC-008,National Oil,GB08NAFX56342160733754,2026-05-15," KES 214,754 ",1
PAY-41525,INV-85515,OMC-018,Uganda National Oil,GB73JRAR61317127484677,2026-04-11,24107,1
PAY-27071,INV-39900,OMC-017,KAA Aviation,GB54HVSS04902787429671,2025-07-23,179755,1
PAY-76882,INV-51115,OMC-004,Gulf Energy,GB89GWUW86379402654235,2026-03-02,23814,1
PAY-35555,INV-30864,OMC-016,KPA Marine,GB31MOOJ96499091334123,2025-01-19,25747,1
PAY-84364,INV-59076,OMC-012,Galana Energies,GB89GWUW86379402654235,2026-04-14,89892,2
PAY-85646,INV-49353,OMC-007,Kobil,GB37IDDX82449353487401,2026-05-25,230592,1
PAY-63789,INV-81428,OMC-012,Galana Energies,GB89GWUW86379402654235,2026-05-19,74924,1
PAY-80020,INV-66441,OMC-013,Lake Oil,GB88TEHE71937452991241,2025-12-26,23836,1
PAY-67882,INV-42992,OMC-006,Hashi Energy,GB05QCFC91361939909169,2026-08-19,54832,1
PAY-16656,INV-60390,OMC-018,Uganda National Oil,GB73JRAR61317127484677,2026-04-08,28669,1
PAY-68445,INV-82838,OMC-004,Gulf Energy,GB89GWUW86379402654235,2026-06-09,71859,2
PAY-89083,INV-88560,OMC-008,National Oil,GB08NAFX56342160733754,2025-07-31,82738,1
PAY-54025,INV-71269,OMC-016,KPA Marine,GB31MOOJ96499091334123,2025-08-08,94386,1
PAY-88929,INV-91001,OMC-014,Texol Energies,GB06ONXS45314737996507,2025-05-12,149728,1
PAY-29159,INV-43754,OMC-020,Ethiopian Oil,GB08IVAZ74821759464743,2025-06-08,279013,1
PAY-73735,INV-65286,OMC-018,Uganda National Oil,GB73JRAR61317127484677,2025-05-13,10672,2
PAY-16001,INV-38804,OMC-013,Lake Oil,GB88TEHE71937452991241,2026-08-17,280015,1
PAY-27393,INV-93880,OMC-009,Dalbit Petroleum,GB53VXXX35615951484656,2025-11-16,48188,2
PAY-66160,INV-13899,OMC-017,KAA Aviation,GB54HVSS04902787429671,2025-08-11,62248,1
PAY-13829,INV-59361,OMC-005,PetroOil Kenya,GB89GWUW86379402654235,,18283,2
PAY-67199,INV-65710,OMC-016,KPA Marine,GB31MOOJ96499091334123,2025-08-09,25093,1
PAY-24673,INV-62995,OMC-008,National Oil,GB08NAFX56342160733754,2025-08-25,112162,1
PAY-34945,INV-94260,OMC-018,Uganda National Oil,GB73JRAR61317127484677,2025-04-28,14649,2
PAY-76403,INV-77097,OMC-001,TotalEnergies Kenya,GB06DMIO52553419283276,2026-03-19," KES 38,217 ",1
PAY-16835,INV-50845,OMC-001,TotalEnergies Kenya,GB06DMIO52553419283276,2026-08-06,162086,1
PAY-49625,INV-72336,OMC-012,Galana Energies,GB89GWUW86379402654235,2026-03-01,87354,1
PAY-79908,INV-39005,OMC-018,Uganda National Oil,GB73JRAR61317127484677,2026-03-24,18843,2
PAY-62527,INV-43969,OMC-019,Tanzania Petroleum,GB64OAXE62174596158657,2026-02-07,282279,1
PAY-45537,INV-18621,OMC-019,Tanzania Petroleum,GB64OAXE62174596158657,2025-04-10,130600,1
PAY-64207,INV-30138,OMC-007,Kobil,GB37IDDX82449353487401,2025-02-07,35841,1
PAY-22355,INV-24129,OMC-019,Tanzania Petroleum,GB64OAXE62174596158657,2026-02-21,181492,1
PAY-33609,INV-18975,OMC-007,Kobil,GB37IDDX82449353487401,2026-08-17,81330,1
PAY-54506,INV-81714,OMC-018,Uganda National Oil,GB73JRAR61317127484677,2025-09-10,5558,2
PAY-61558,INV-15179,OMC-014,Texol Energies,GB06ONXS45314737996507,30/11/2025,39634,1
PAY-94770,INV-44901,OMC-002,Vivo Energy,GB45OQIR01845146270482,2025-01-22,50077,1
PAY-25143,INV-32814,OMC-011,Hass Petroleum,GB56WGCN65876036690967,2026-01-18,39983,1
PAY-83948,INV-25104,OMC-014,Texol Energies,GB06ONXS45314737996507,2025-02-27,55043,1
PAY-63443,INV-57376,OMC-014,Texol Energies,GB06ONXS45314737996507,2026-06-28," KES 69,728 ",1
PAY-95679,INV-20203,OMC-004,Gulf Energy,GB89GWUW86379402654235,2026-05-04,113532,1
PAY-72444,INV-80329,OMC-016,KPA Marine,GB31MOOJ96499091334123,2025-10-03,93738,1
PAY-22160,INV-66199,OMC-019,Tanzania Petroleum,GB64OAXE62174596158657,2025-04-01,59778,1
PAY-82002,INV-80562,OMC-015,Mombasa Petroleum,GB80WOIJ43135182337498,2026-01-03,33211,1
PAY-18005,INV-42599,OMC-004,Gulf Energy,GB89GWUW86379402654235,2026-06-23,23111,1
PAY-26489,INV-10321,OMC-011,Hass Petroleum,GB56WGCN65876036690967,2025-11-21,10989,2
PAY-14100,INV-14086,OMC-019,Tanzania Petroleum,GB64OAXE62174596158657,2025-12-20,56031,1
PAY-60801,INV-61868,OMC-001,TotalEnergies Kenya,GB06DMIO52553419283276,2026-04-15,18018,2
PAY-34093,INV-76201,OMC-016,KPA Marine,GB31MOOJ96499091334123,2025-09-08,139650,1
PAY-13875,INV-63439,OMC-002,Vivo Energy,GB45OQIR01845146270482,2026-07-30,14275,2
PAY-82710,INV-65465,OMC-019,Tanzania Petroleum,GB64OAXE62174596158657,2025-10-04,243425,1
PAY-31443,INV-81969,OMC-019,Tanzania Petroleum,GB64OAXE62174596158657,2026-03-27,30160,1
PAY-57880,INV-68832,OMC-013,Lake Oil,GB88TEHE71937452991241,2025-07-12,30835,1
PAY-90151,INV-95630,OMC-009,Dalbit Petroleum,GB53VXXX35615951484656,2026-04-03,116263,1
PAY-80305,INV-27652,OMC-006,Hashi Energy,GB05QCFC91361939909169,2025-05-01,57489,1
PAY-87630,INV-18917,OMC-003,Rubis Energy,GB04LOQO13315098393010,2025-11-17,27518,2
PAY-87021,INV-30027,OMC-006,Hashi Energy,GB05QCFC91361939909169,2025-07-25,265888,1
PAY-94362,INV-52025,OMC-013,Lake Oil,GB88TEHE71937452991241,2026-06-17,37063,1
PAY-73044,INV-67398,OMC-003,Rubis Energy,GB04LOQO13315098393010,2025-10-07,55687,1
PAY-65339,INV-55405,OMC-009,Dalbit Petroleum,GB53VXXX35615951484656,2025-03-14,33230,1
PAY-62602,INV-61816,OMC-004,Gulf Energy,GB89GWUW86379402654235,2026-03-22,139274,1
PAY-60123,INV-23545,OMC-020,Ethiopian Oil,GB08IVAZ74821759464743,2025-10-04,203414,1
PAY-21465,INV-42198,OMC-011,Hass Petroleum,GB56WGCN65876036690967,2025-06-11,11906,1
PAY-25214,INV-42616,OMC-003,Rubis Energy,GB04LOQO13315098393010,02/08/2026,117494,1
PAY-75317,INV-29707,OMC-006,Hashi Energy,GB05QCFC91361939909169,2025-03-11,38581,1
PAY-62360,INV-12637,OMC-017,KAA Aviation,GB54HVSS04902787429671,2025-06-20,207965,1
PAY-19920,INV-36611,OMC-001,TotalEnergies Kenya,GB06DMIO52553419283276,2026-03-20,33662,1
PAY-91281,INV-59146,OMC-014,Texol Energies,GB06ONXS45314737996507,2026-06-16,6765,2
PAY-31470,INV-42977,OMC-002,Vivo Energy,GB45OQIR01845146270482,2025-08-07,23040,1
PAY-78297,INV-98224,OMC-006,Hashi Energy,GB05QCFC91361939909169,2026-02-04,177535,1
PAY-77903,INV-37509,OMC-020,Ethiopian Oil,GB08IVAZ74821759464743,2025-05-06," KES 35,181 ",1
PAY-36385,INV-82775,OMC-016,KPA Marine,GB31MOOJ96499091334123,2026-07-01,211406,1
PAY-56457,INV-67682,OMC-011,Hass Petroleum,GB56WGCN65876036690967,2025-07-18,194177,1
PAY-12970,INV-17771,OMC-006,Hashi Energy,GB05QCFC91361939909169,2025-06-07,27533,2
PAY-65622,INV-39813,OMC-020,Ethiopian Oil,GB08IVAZ74821759464743,2025-09-28,59421,1
PAY-35816,INV-20689,OMC-004,Gulf Energy,GB89GWUW86379402654235,2026-07-08,59982,2
PAY-65723,INV-99915,OMC-020,Ethiopian Oil,GB08IVAZ74821759464743,2025-03-13,273453,1
PAY-10249,INV-29996,OMC-001,TotalEnergies Kenya,GB06DMIO52553419283276,2025-02-19,30970,1
PAY-58453,INV-41044,OMC-010,Tamoil,GB34EABH79176936763201,12/08/2025,137173,1
PAY-87943,INV-94054,OMC-014,Texol Energies,GB06ONXS45314737996507,2026-03-11,136150,1
PAY-82935,INV-19753,OMC-005,PetroOil Kenya,GB89GWUW86379402654235,2026-04-08,79864,2
PAY-17136,INV-11866,OMC-015,Mombasa Petroleum,GB80WOIJ43135182337498,2025-07-29,23775,1
PAY-98192,INV-75939,OMC-001,TotalEnergies Kenya,GB06DMIO52553419283276,2026-01-06,72186,1
PAY-98376,INV-95737,OMC-010,Tamoil,GB34EABH79176936763201,2025-11-18,39427,1
PAY-76347,INV-19836,OMC-001,TotalEnergies Kenya,GB06DMIO52553419283276,2026-02-13," KES 29,274 ",1
PAY-54035,INV-12421,OMC-018,Uganda National Oil,GB73JRAR61317127484677,2025-11-07,21528,1
PAY-72186,INV-80652,OMC-013,Lake Oil,GB88TEHE71937452991241,2025-11-19,31649,1
PAY-34089,INV-89954,OMC-009,Dalbit Petroleum,GB53VXXX35615951484656,2025-06-22,115644,1
PAY-63767,INV-71245,OMC-007,Kobil,GB37IDDX82449353487401,2025-01-28,141273,1
PAY-24898,INV-35071,OMC-004,Gulf Energy,GB89GWUW86379402654235,2026-05-24,179239,1
PAY-94244,INV-30238,OMC-013,Lake Oil,GB88TEHE71937452991241,2026-05-21,35307,1
PAY-66307,INV-73985,OMC-019,Tanzania Petroleum,GB64OAXE62174596158657,2025-09-30,51480,2
PAY-96379,INV-98805,OMC-016,KPA Marine,GB31MOOJ96499091334123,2026-02-20,142143,1
PAY-20638,INV-32162,OMC-005,PetroOil Kenya,GB89GWUW86379402654235,2026-04-11,95017,2
PAY-40781,INV-46093,OMC-008,National Oil,GB08NAFX56342160733754,2026-06-27,113481,1
PAY-14141,INV-27524,OMC-015,Mombasa Petroleum,GB80WOIJ43135182337498,2026-08-05,245639,1
PAY-96264,INV-65516,OMC-005,PetroOil Kenya,GB89GWUW86379402654235,2026-03-29,29041,1
PAY-82906,INV-21119,OMC-014,Texol Energies,GB06ONXS45314737996507,2026-06-15,14385,2
PAY-61250,INV-99024,OMC-004,Gulf Energy,GB89GWUW86379402654235,2026-04-19,41508,2
PAY-85446,INV-96506,OMC-018,Uganda National Oil,GB73JRAR61317127484677,2026-05-03,61210,1
PAY-91591,INV-63094,OMC-005,PetroOil Kenya,GB89GWUW86379402654235,2026-04-06,86907,1
PAY-46860,INV-76682,OMC-020,Ethiopian Oil,GB08IVAZ74821759464743,21/07/2025,290119,1
PAY-64727,INV-40120,OMC-013,Lake Oil,GB88TEHE71937452991241,2025-09-27,183657,1
PAY-98492,INV-74632,OMC-017,KAA Aviation,GB54HVSS04902787429671,,182900,1
PAY-43192,INV-20848,OMC-010,Tamoil,GB34EABH79176936763201,2025-07-15,31436,1
PAY-33252,INV-88934,OMC-017,KAA Aviation,GB54HVSS04902787429671,2025-12-06,26097,1
PAY-66550,INV-83414,OMC-007,Kobil,GB37IDDX82449353487401,,39505,1
PAY-50915,INV-79204,OMC-017,KAA Aviation,GB54HVSS04902787429671,2026-01-24,183038,1
PAY-56596,INV-98438,OMC-012,Galana Energies,GB89GWUW86379402654235,2026-05-23,117832,1
PAY-84417,INV-29154,OMC-018,Uganda National Oil,GB73JRAR61317127484677,2025-07-15,171338,1
PAY-32157,INV-10409,OMC-018,Uganda National Oil,GB73JRAR61317127484677,2025-07-24,40369,1
PAY-54643,INV-28339,OMC-006,Hashi Energy,GB05QCFC91361939909169,2026-05-16,83275,2
PAY-22990,INV-68343,OMC-013,Lake Oil,GB88TEHE71937452991241,2026-01-31,263910,1
PAY-57664,INV-60737,OMC-007,Kobil,GB37IDDX82449353487401,2026-07-22,144927,1
PAY-87302,INV-88276,OMC-008,National Oil,GB08NAFX56342160733754,2026-06-22,42662,1
PAY-19776,INV-66962,OMC-013,Lake Oil,GB88TEHE71937452991241,2025-04-10,41833,1
PAY-15037,INV-40896,OMC-005,PetroOil Kenya,GB89GWUW86379402654235,2026-06-23,18922,2
PAY-62482,INV-53264,OMC-020,Ethiopian Oil,GB08IVAZ74821759464743,,33631,1
PAY-43682,INV-16091,OMC-013,Lake Oil,GB88TEHE71937452991241,2025-02-05,189636,1
PAY-28116,INV-27975,OMC-018,Uganda National Oil,GB73JRAR61317127484677,2025-08-15,52660,1
PAY-42476,INV-92218,OMC-005,PetroOil Kenya,GB89GWUW86379402654235,,146085,1
PAY-49438,INV-86829,OMC-018,Uganda National Oil,GB73JRAR61317127484677,2026-07-05,269020,1
PAY-95719,INV-39992,OMC-011,Hass Petroleum,GB56WGCN65876036690967,08/03/2026,270169,1
PAY-24212,INV-97622,OMC-017,KAA Aviation,GB54HVSS04902787429671,2026-07-30,132719,1
PAY-36283,INV-43130,OMC-014,Texol Energies,GB06ONXS45314737996507,2025-12-03,25834,1
PAY-59368,INV-74136,OMC-013,Lake Oil,GB88TEHE71937452991241,2025-09-24,24796,1
PAY-98077,INV-39754,OMC-014,Texol Energies,GB06ONXS45314737996507,2025-04-01,25172,1
PAY-49744,INV-41782,OMC-011,Hass Petroleum,GB56WGCN65876036690967,2026-08-04,43084,1
PAY-62310,INV-46638,OMC-016,KPA Marine,GB31MOOJ96499091334123,2026-02-07,148114,1
PAY-93416,INV-84025,OMC-001,TotalEnergies Kenya,GB06DMIO52553419283276,2025-06-12,151619,1
PAY-62868,INV-91443,OMC-012,Galana Energies,GB89GWUW86379402654235,24/04/2026,56812,2
PAY-78412,INV-24500,OMC-005,PetroOil Kenya,GB89GWUW86379402654235,2026-04-17,63854,2
PAY-81444,INV-37134,OMC-009,Dalbit Petroleum,GB53VXXX35615951484656,2026-01-27,9428,2
PAY-16109,INV-12665,OMC-016,KPA Marine,GB31MOOJ96499091334123,2026-05-31,18774,2
PAY-53737,INV-92023,OMC-020,Ethiopian Oil,GB08IVAZ74821759464743,2025-08-19,210703,1
PAY-89802,INV-59720,OMC-005,PetroOil Kenya,GB89GWUW86379402654235,2026-07-17,52495,2
PAY-57670,INV-79316,OMC-003,Rubis Energy,GB04LOQO13315098393010,2026-05-19,107380,1
PAY-47249,INV-43292,OMC-016,KPA Marine,GB31MOOJ96499091334123,2025-10-01,192986,1
PAY-58667,INV-50545,OMC-008,National Oil,GB08NAFX56342160733754,2025-10-08,59748,1
PAY-26545,INV-50518,OMC-002,Vivo Energy,GB45OQIR01845146270482,2026-07-07,164688,1
PAY-32002,INV-75064,OMC-009,Dalbit Petroleum,GB53VXXX35615951484656,2025-11-07,62385,1
PAY-25774,INV-54976,OMC-001,TotalEnergies Kenya,GB06DMIO52553419283276,2026-05-21,200399,1
PAY-79333,INV-71019,OMC-014,Texol Energies,GB06ONXS45314737996507,2025-04-10,26753,1
PAY-19246,INV-92390,OMC-012,Galana Energies,GB89GWUW86379402654235,2026-06-03,48745,2
PAY-45147,INV-62140,OMC-002,Vivo Energy,GB45OQIR01845146270482,2025-03-29,28089,1
PAY-51502,INV-51618,OMC-006,Hashi Energy,GB05QCFC91361939909169,2025-02-24,28936,1
PAY-70786,INV-40114,OMC-008,National Oil,GB08NAFX56342160733754,2026-06-05,186427,1
PAY-61189,INV-10034,OMC-007,Kobil,GB37IDDX82449353487401,2025-04-04,189634,1
PAY-30502,INV-39693,OMC-013,Lake Oil,GB88TEHE71937452991241,2025-06-12,25421,1
PAY-21407,INV-53816,OMC-009,Dalbit Petroleum,GB53VXXX35615951484656,2026-07-15,58273,1
PAY-43630,INV-78350,OMC-003,Rubis Energy,GB04LOQO13315098393010,2025-12-24,132109,1
PAY-55372,INV-33519,OMC-019,Tanzania Petroleum,GB64OAXE62174596158657,2026-03-06,94139,2
PAY-97336,INV-90616,OMC-001,TotalEnergies Kenya,GB06DMIO52553419283276,2026-06-26,125085,1
PAY-59756,INV-37877,OMC-002,Vivo Energy,GB45OQIR01845146270482,2026-08-20,220580,1
PAY-56766,INV-50786,OMC-007,Kobil,GB37IDDX82449353487401,2026-03-11,134590,1
PAY-83366,INV-94070,OMC-008,National Oil,GB08NAFX56342160733754,2025-08-29,261907,1
PAY-67060,INV-55347,OMC-016,KPA Marine,GB31MOOJ96499091334123,2025-11-04,251058,1
PAY-11182,INV-65042,OMC-009,Dalbit Petroleum,GB53VXXX35615951484656,2025-09-29,206988,1
PAY-73750,INV-19203,OMC-013,Lake Oil,GB88TEHE71937452991241,2026-02-19,117446,1
PAY-50549,INV-75125,OMC-010,Tamoil,GB34EABH79176936763201,2026-03-04," KES 47,248 ",1
PAY-36741,INV-68725,OMC-018,Uganda National Oil,GB73JRAR61317127484677,2025-05-26,211336,1
PAY-19485,INV-19727,OMC-011,Hass Petroleum,GB56WGCN65876036690967,2025-12-14,46028,1
PAY-56864,INV-84745,OMC-010,Tamoil,GB34EABH79176936763201,2026-01-04,182314,1
PAY-72812,INV-45712,OMC-006,Hashi Energy,GB05QCFC91361939909169,2026-03-31,33386,1
PAY-10207,INV-54613,OMC-016,KPA Marine,GB31MOOJ96499091334123,2025-03-17,115707,1
PAY-81693,INV-22358,OMC-008,National Oil,GB08NAFX56342160733754,2025-02-16,31727,1
PAY-68506,INV-39818,OMC-002,Vivo Energy,GB45OQIR01845146270482,2025-10-13,103423,1
PAY-24391,INV-57084,OMC-009,Dalbit Petroleum,GB53VXXX35615951484656,2025-04-19,87399,1
PAY-89842,INV-58891,OMC-015,Mombasa Petroleum,GB80WOIJ43135182337498,2026-03-21,101689,1
PAY-94178,INV-71951,OMC-020,Ethiopian Oil,GB08IVAZ74821759464743,2025-05-17,132961,1
PAY-51465,INV-16172,OMC-003,Rubis Energy,GB04LOQO13315098393010,2025-05-12,191451,1
PAY-12158,INV-79299,OMC-018,Uganda National Oil,GB73JRAR61317127484677,2025-06-28,60860,2
PAY-59896,INV-65508,OMC-005,PetroOil Kenya,GB89GWUW86379402654235,2026-05-21," KES 153,548 ",1
PAY-75741,INV-87987,OMC-006,Hashi Energy,GB05QCFC91361939909169,2025-06-13,195829,1
PAY-90653,INV-97560,OMC-003,Rubis Energy,GB04LOQO13315098393010,2025-03-17,106244,1
PAY-37691,INV-43040,OMC-013,Lake Oil,GB88TEHE71937452991241,,38681,1
PAY-30410,INV-98439,OMC-002,Vivo Energy,GB45OQIR01845146270482,2025-08-29,259532,1
PAY-64111,INV-40804,OMC-019,Tanzania Petroleum,GB64OAXE62174596158657,2025-08-30,186875,1
PAY-84196,INV-54203,OMC-012,Galana Energies,GB89GWUW86379402654235,2026-03-31,71684,2
PAY-49474,INV-85667,OMC-014,Texol Energies,GB06ONXS45314737996507,2025-07-22,26180,1
PAY-30071,INV-70087,OMC-007,Kobil,GB37IDDX82449353487401,2025-06-18,54961,1
PAY-12591,INV-59701,OMC-009,Dalbit Petroleum,GB53VXXX35615951484656,,86581,1
PAY-63123,INV-21055,OMC-002,Vivo Energy,GB45OQIR01845146270482,2025-03-29,81896,1
PAY-18259,INV-21357,OMC-015,Mombasa Petroleum,GB80WOIJ43135182337498,2025-09-24,292092,1
PAY-17012,INV-81601,OMC-005,PetroOil Kenya,GB89GWUW86379402654235,2026-05-02,331677,1
PAY-59498,INV-89935,OMC-016,KPA Marine,GB31MOOJ96499091334123,2026-08-06,8265,2
PAY-23221,INV-80259,OMC-017,KAA Aviation,GB54HVSS04902787429671,2025-03-24,38080,1
PAY-18811,INV-28092,OMC-002,Vivo Energy,GB45OQIR01845146270482,2025-09-22,8529,2
PAY-99455,INV-16103,OMC-011,Hass Petroleum,GB56WGCN65876036690967,2026-02-13,14413,2
PAY-76955,INV-53923,OMC-009,Dalbit Petroleum,GB53VXXX35615951484656,2026-01-11,12737,2
PAY-66484,INV-68605,OMC-007,Kobil,GB37IDDX82449353487401,2026-06-24,285147,1
PAY-67153,INV-24426,OMC-012,Galana Energies,GB89GWUW86379402654235,2026-03-31," KES 22,706 ",1
PAY-21711,INV-91969,OMC-005,PetroOil Kenya,GB89GWUW86379402654235,2026-06-05," KES 8,833 ",2
PAY-67543,INV-49777,OMC-013,Lake Oil,GB88TEHE71937452991241,2025-03-08,262940,1
PAY-25941,INV-42755,OMC-016,KPA Marine,GB31MOOJ96499091334123,2025-02-26,185725,1
PAY-85997,INV-54020,OMC-003,Rubis Energy,GB04LOQO13315098393010,27/04/2026,213384,1
PAY-61194,INV-35361,OMC-009,Dalbit Petroleum,GB53VXXX35615951484656,2025-10-04,59021,1
PAY-58196,INV-69751,OMC-016,KPA Marine,GB31MOOJ96499091334123,2026-05-09,99905,1
PAY-39197,INV-75325,OMC-009,Dalbit Petroleum,GB53VXXX35615951484656,2026-04-09,65708,1
PAY-32002,INV-75064,OMC-009,Dalbit Petroleum,GB53VXXX35615951484656,2025-11-07,62385,1
PAY-86333,INV-45128,OMC-001,TotalEnergies Kenya,GB06DMIO52553419283276,2025-08-10,97041,2
PAY-37044,INV-33184,OMC-009,Dalbit Petroleum,GB53VXXX35615951484656,2026-05-31,208886,1
PAY-21107,INV-47416,OMC-016,KPA Marine,GB31MOOJ96499091334123,2026-03-14,56432,1
PAY-61654,INV-84911,OMC-001,TotalEnergies Kenya,GB06DMIO52553419283276,2025-12-29,11202,2
PAY-64395,INV-75258,OMC-019,Tanzania Petroleum,GB64OAXE62174596158657,2025-06-09,264943,1
PAY-82106,INV-40294,OMC-016,KPA Marine,GB31MOOJ96499091334123,2026-04-18,61926,2
PAY-48431,INV-72763,OMC-008,National Oil,GB08NAFX56342160733754,2025-11-06," KES 244,532 ",1
PAY-39163,INV-55127,OMC-017,KAA Aviation,GB54HVSS04902787429671,2025-09-18,191413,1
PAY-13954,INV-31810,OMC-006,Hashi Energy,GB05QCFC91361939909169,2025-04-29,41408,1
PAY-69779,INV-73726,OMC-010,Tamoil,GB34EABH79176936763201,2025-11-05,27821,1
PAY-27332,INV-36345,OMC-006,Hashi Energy,GB05QCFC91361939909169,2026-01-23,31107,1
PAY-51572,INV-20958,OMC-013,Lake Oil,GB88TEHE71937452991241,2025-03-29,198825,1
PAY-45070,INV-40639,OMC-002,Vivo Energy,GB45OQIR01845146270482,2025-05-05,21441,1
PAY-84806,INV-78418,OMC-012,Galana Energies,GB89GWUW86379402654235,2026-04-08,17125,1
PAY-91589,INV-20185,OMC-003,Rubis Energy,GB04LOQO13315098393010,2025-12-17,184350,1
PAY-17179,INV-31155,OMC-019,Tanzania Petroleum,GB64OAXE62174596158657,2026-05-25,37921,1
PAY-14296,INV-17118,OMC-011,Hass Petroleum,GB56WGCN65876036690967,,258865,1
PAY-84746,INV-34094,OMC-011,Hass Petroleum,GB56WGCN65876036690967,2026-06-19,95553,2
PAY-76164,INV-36689,OMC-020,Ethiopian Oil,GB08IVAZ74821759464743,2026-03-08,98753,1
PAY-63661,INV-58789,OMC-002,Vivo Energy,GB45OQIR01845146270482,2025-05-14,119787,1
PAY-23254,INV-25491,OMC-008,National Oil,GB08NAFX56342160733754,2026-04-02,34701,1
PAY-38840,INV-55616,OMC-018,Uganda National Oil,GB73JRAR61317127484677,04/02/2026,36054,1
PAY-71478,INV-79916,OMC-001,TotalEnergies Kenya,GB06DMIO52553419283276,2025-07-22,25537,1
PAY-25774,INV-52791,OMC-020,Ethiopian Oil,GB08IVAZ74821759464743,2026-02-17,101287,1
PAY-14997,INV-92527,OMC-019,Tanzania Petroleum,GB64OAXE62174596158657,2026-01-28,20778,1
PAY-54522,INV-71643,OMC-011,Hass Petroleum,GB56WGCN65876036690967,2025-04-23,15423,1
PAY-45615,INV-16942,OMC-014,Texol Energies,GB06ONXS45314737996507,2025-02-19,43232,1
PAY-47155,INV-97332,OMC-009,Dalbit Petroleum,GB53VXXX35615951484656,2025-09-09,52171,2
PAY-67916,INV-85617,OMC-020,Ethiopian Oil,GB08IVAZ74821759464743,2025-12-24,48814,1
PAY-61824,INV-36689,OMC-020,Ethiopian Oil,GB08IVAZ74821759464743,2026-03-27,74517,2
PAY-87713,INV-10751,OMC-011,Hass Petroleum,GB56WGCN65876036690967,2025-08-22,157866,1
PAY-13594,INV-61456,OMC-006,Hashi Energy,GB05QCFC91361939909169,2025-09-20,122340,1
PAY-86085,INV-12886,OMC-007,Kobil,GB37IDDX82449353487401,2025-06-23,30347,1
PAY-59901,INV-90914,OMC-014,Texol Energies,GB06ONXS45314737996507,2025-09-14,249959,1
PAY-12932,INV-52605,OMC-015,Mombasa Petroleum,GB80WOIJ43135182337498,2025-05-05,151572,1
PAY-72844,INV-73937,OMC-019,Tanzania Petroleum,GB64OAXE62174596158657,2025-08-21,204249,1
PAY-46334,INV-31587,OMC-009,Dalbit Petroleum,GB53VXXX35615951484656,2025-10-17,175591,1
PAY-93046,INV-52658,OMC-020,Ethiopian Oil,GB08IVAZ74821759464743,2026-05-11,43674,1
PAY-60122,INV-42684,OMC-015,Mombasa Petroleum,GB80WOIJ43135182337498,29/08/2025,27154,1
PAY-29028,INV-55636,OMC-007,Kobil,GB37IDDX82449353487401,2025-11-21,41455,1
PAY-82414,INV-83030,OMC-009,Dalbit Petroleum,GB53VXXX35615951484656,2026-09-14,52425,2
PAY-23958,INV-94206,OMC-007,Kobil,GB37IDDX82449353487401,2026-06-08,71029,1
PAY-76296,INV-99712,OMC-006,Hashi Energy,GB05QCFC91361939909169,10/06/2025,34936,1
PAY-49569,INV-93999,OMC-001,TotalEnergies Kenya,GB06DMIO52553419283276,2026-07-24," KES 28,373 ",1
PAY-88804,INV-18814,OMC-016,KPA Marine,GB31MOOJ96499091334123,2026-07-23,13458,2
PAY-29503,INV-83794,OMC-008,National Oil,GB08NAFX56342160733754,2025-10-08,15597,2
PAY-40713,INV-78574,OMC-006,Hashi Energy,GB05QCFC91361939909169,02/02/2026,209977,1
PAY-34105,INV-91952,OMC-006,Hashi Energy,GB05QCFC91361939909169,2026-07-05,217139,1
PAY-69750,INV-43331,OMC-012,Galana Energies,GB89GWUW86379402654235,2026-04-14,259332,1
PAY-90201,INV-34094,OMC-011,Hass Petroleum,GB56WGCN65876036690967,2026-05-31,195471,1
PAY-93108,INV-84551,OMC-002,Vivo Energy,GB45OQIR01845146270482,2025-09-06,212182,1
PAY-91029,INV-73180,OMC-001,TotalEnergies Kenya,GB06DMIO52553419283276,2025-09-02,13869,2
PAY-66017,INV-23337,OMC-016,KPA Marine,GB31MOOJ96499091334123,2026-03-02,150080,1
PAY-39992,INV-24865,OMC-015,Mombasa Petroleum,GB80WOIJ43135182337498,13/03/2026,63190,1
PAY-44781,INV-23436,OMC-017,KAA Aviation,GB54HVSS04902787429671,2026-04-29,49764,1
PAY-99084,INV-71760,OMC-010,Tamoil,GB34EABH79176936763201,2025-11-01,243504,1
PAY-84370,INV-19461,OMC-007,Kobil,GB37IDDX82449353487401,2025-03-08,33489,1
PAY-77694,INV-15050,OMC-018,Uganda National Oil,GB73JRAR61317127484677,2025-06-10,131472,1
PAY-13402,INV-89117,OMC-007,Kobil,GB37IDDX82449353487401,2026-03-21,272857,1
PAY-66713,INV-87504,OMC-007,Kobil,GB37IDDX82449353487401,2025-11-09,71493,1
PAY-47997,INV-82188,OMC-011,Hass Petroleum,GB56WGCN65876036690967,2025-06-19,143766,1
PAY-86446,INV-92996,OMC-002,Vivo Energy,GB45OQIR01845146270482,2025-04-23,39339,1
PAY-50463,INV-53768,OMC-007,Kobil,GB37IDDX82449353487401,2026-06-10,93379,1
PAY-84930,INV-58364,OMC-005,PetroOil Kenya,GB89GWUW86379402654235,2026-06-02,41430,2
PAY-64041,INV-40536,OMC-016,KPA Marine,GB31MOOJ96499091334123,2025-09-26,137597,1
PAY-86965,INV-19724,OMC-009,Dalbit Petroleum,GB53VXXX35615951484656,2026-03-01,31224,1
PAY-58201,INV-41453,OMC-018,Uganda National Oil,GB73JRAR61317127484677,2026-04-01,28469,1
PAY-94098,INV-89479,OMC-003,Rubis Energy,GB04LOQO13315098393010,2025-07-06,43923,1
PAY-47928,INV-51167,OMC-002,Vivo Energy,GB45OQIR01845146270482,2026-06-04,35227,1
PAY-22053,INV-26035,OMC-004,Gulf Energy,GB89GWUW86379402654235,2026-05-29,209004,1
PAY-71241,INV-43089,OMC-014,Texol Energies,GB06ONXS45314737996507,2026-07-09,28573,1
PAY-48563,INV-63298,OMC-003,Rubis Energy,GB04LOQO13315098393010,2026-05-06," KES 29,167 ",1
PAY-52073,INV-28708,OMC-010,Tamoil,GB34EABH79176936763201,2025-04-23,106125,1
PAY-46294,INV-78409,OMC-019,Tanzania Petroleum,GB64OAXE62174596158657,2025-08-26,94410,1
PAY-68497,INV-60935,OMC-014,Texol Energies,GB06ONXS45314737996507,,141281,1
PAY-65337,INV-97537,OMC-017,KAA Aviation,GB54HVSS04902787429671,2026-01-24,193727,1
PAY-85847,INV-22597,OMC-012,Galana Energies,GB89GWUW86379402654235,,121747,1
PAY-95716,INV-47491,OMC-014,Texol Energies,GB06ONXS45314737996507,2026-03-02,18917,2
PAY-17482,INV-37420,OMC-001,TotalEnergies Kenya,GB06DMIO52553419283276,2025-09-11,9668,2
PAY-93501,INV-39627,OMC-002,Vivo Energy,GB45OQIR01845146270482,2025-03-19,43463,1
PAY-27225,INV-14050,OMC-020,Ethiopian Oil,GB08IVAZ74821759464743,2026-03-25,22128,2
PAY-67566,INV-38250,OMC-001,TotalEnergies Kenya,GB06DMIO52553419283276,2025-04-21,63783,2
PAY-85157,INV-81535,OMC-013,Lake Oil,GB88TEHE71937452991241,2026-05-20,228709,1
PAY-91599,INV-45571,OMC-017,KAA Aviation,GB54HVSS04902787429671,2026-04-01,144360,1
PAY-40499,INV-99079,OMC-005,PetroOil Kenya,GB89GWUW86379402654235,2026-03-10,26454,2
PAY-32858,INV-76740,OMC-001,TotalEnergies Kenya,GB06DMIO52553419283276,2026-09-14,37355,2
PAY-26346,INV-73282,OMC-017,KAA Aviation,GB54HVSS04902787429671,2026-02-03," KES 214,916 ",1
PAY-86663,INV-73991,OMC-003,Rubis Energy,GB04LOQO13315098393010,2026-05-02,227036,1
PAY-15237,INV-47927,OMC-015,Mombasa Petroleum,GB80WOIJ43135182337498,2026-03-26,179324,1
PAY-75826,INV-53750,OMC-006,Hashi Energy,GB05QCFC91361939909169,2025-11-16,35229,1
PAY-86455,INV-71649,OMC-019,Tanzania Petroleum,GB64OAXE62174596158657,," KES 46,879 ",1
PAY-95586,INV-48479,OMC-003,Rubis Energy,GB04LOQO13315098393010,2026-03-10," KES 32,123 ",1
PAY-10954,INV-73449,OMC-001,TotalEnergies Kenya,GB06DMIO52553419283276,2025-08-18,83340,1
PAY-80010,INV-37777,OMC-010,Tamoil,GB34EABH79176936763201,05/12/2025,277234,1
PAY-56026,INV-78703,OMC-001,TotalEnergies Kenya,GB06DMIO52553419283276,2025-08-02,18796,2
PAY-66880,INV-77230,OMC-006,Hashi Energy,GB05QCFC91361939909169,2026-05-18,22172,1
PAY-94651,INV-49176,OMC-001,TotalEnergies Kenya,GB06DMIO52553419283276,2025-12-30,147844,1
PAY-68126,INV-39788,OMC-018,Uganda National Oil,GB73JRAR61317127484677,2026-05-17,186627,1
PAY-41548,INV-58718,OMC-006,Hashi Energy,GB05QCFC91361939909169,2026-04-08,202280,1
PAY-30653,INV-75976,OMC-020,Ethiopian Oil,GB08IVAZ74821759464743,2026-07-25,31420,1
PAY-75217,INV-64126,OMC-013,Lake Oil,GB88TEHE71937452991241,2025-05-13,142696,1
PAY-55491,INV-33060,OMC-006,Hashi Energy,GB05QCFC91361939909169,2025-05-08,35345,1
PAY-61531,INV-50524,OMC-009,Dalbit Petroleum,GB53VXXX35615951484656,2025-10-24,12491,2
PAY-39576,INV-46315,OMC-003,Rubis Energy,GB04LOQO13315098393010,2025-04-11,28234,1
PAY-88179,INV-37212,OMC-009,Dalbit Petroleum,GB53VXXX35615951484656,2026-04-30,23957,2
PAY-68900,INV-30270,OMC-010,Tamoil,GB34EABH79176936763201,2025-10-11," KES 154,904 ",1
PAY-56515,INV-18800,OMC-020,Ethiopian Oil,GB08IVAZ74821759464743,2025-07-19,42466,2
PAY-75383,INV-82542,OMC-019,Tanzania Petroleum,GB64OAXE62174596158657,2026-06-05,251115,1
PAY-71060,INV-48777,OMC-009,Dalbit Petroleum,GB53VXXX35615951484656,2025-10-10,33128,1
PAY-88294,INV-29941,OMC-004,Gulf Energy,GB89GWUW86379402654235,2026-04-21,190483,1
PAY-31134,INV-38257,OMC-009,Dalbit Petroleum,GB53VXXX35615951484656,2025-03-22,42765,1
PAY-30170,INV-70629,OMC-018,Uganda National Oil,GB73JRAR61317127484677,2026-01-29,45195,1
PAY-22590,INV-96245,OMC-009,Dalbit Petroleum,GB53VXXX35615951484656,2025-05-14,84092,1
PAY-40775,INV-79293,OMC-013,Lake Oil,GB88TEHE71937452991241,2025-10-26,61472,1
PAY-90378,INV-41761,OMC-014,Texol Energies,GB06ONXS45314737996507,2026-04-12," KES 27,413 ",1
PAY-25426,INV-60573,OMC-008,National Oil,GB08NAFX56342160733754,2025-10-16,59439,1
PAY-26531,INV-45350,OMC-001,TotalEnergies Kenya,GB06DMIO52553419283276,2025-09-07,51218,2
PAY-85712,INV-32423,OMC-016,KPA Marine,GB31MOOJ96499091334123,2025-10-21,182780,1
PAY-53679,INV-84193,OMC-010,Tamoil,GB34EABH79176936763201,2026-05-29,49154,1
PAY-10613,INV-76039,OMC-010,Tamoil,GB34EABH79176936763201,2026-04-26,26247,1
PAY-84027,INV-10212,OMC-013,Lake Oil,GB88TEHE71937452991241,2025-10-02,170706,1
PAY-14045,INV-54940,OMC-018,Uganda National Oil,GB73JRAR61317127484677,2026-05-07,79546,1
PAY-31611,INV-28086,OMC-005,PetroOil Kenya,GB89GWUW86379402654235,2026-05-08,90174,1
PAY-98026,INV-24187,OMC-004,Gulf Energy,GB89GWUW86379402654235,2026-06-07,56977,2
PAY-55268,INV-84474,OMC-011,Hass Petroleum,GB56WGCN65876036690967,2025-03-06,46482,1
PAY-41623,INV-16882,OMC-005,PetroOil Kenya,GB89GWUW86379402654235,2026-05-10,25059,2
PAY-91961,INV-36303,OMC-020,Ethiopian Oil,GB08IVAZ74821759464743,2025-11-26,46932,1
PAY-54914,INV-97396,OMC-014,Texol Energies,GB06ONXS45314737996507,,71324,1
PAY-40351,INV-55422,OMC-020,Ethiopian Oil,GB08IVAZ74821759464743,2026-06-29," KES 159,137 ",1
PAY-92862,INV-67229,OMC-009,Dalbit Petroleum,GB53VXXX35615951484656,2025-11-26,47361,1
PAY-87023,INV-14688,OMC-011,Hass Petroleum,GB56WGCN65876036690967,2025-07-23,92654,2
PAY-91283,INV-33247,OMC-015,Mombasa Petroleum,GB80WOIJ43135182337498,,29870,1
PAY-76669,INV-89896,OMC-001,TotalEnergies Kenya,GB06DMIO52553419283276,2025-05-06,62600,1
PAY-43772,INV-59976,OMC-013,Lake Oil,GB88TEHE71937452991241,2026-06-17,33458,1
PAY-96773,INV-55930,OMC-006,Hashi Energy,GB05QCFC91361939909169,2025-10-22,187661,1
PAY-73831,INV-13160,OMC-019,Tanzania Petroleum,GB64OAXE62174596158657,2025-10-12,32946,1
PAY-98954,INV-88396,OMC-016,KPA Marine,GB31MOOJ96499091334123,2026-07-08,33563,1
PAY-85955,INV-46842,OMC-006,Hashi Energy,GB05QCFC91361939909169,2026-06-18,300174,1
PAY-73784,INV-50551,OMC-011,Hass Petroleum,GB56WGCN65876036690967,2026-02-05,125455,1
PAY-11404,INV-52226,OMC-001,TotalEnergies Kenya,GB06DMIO52553419283276,2026-06-18,116924,2
PAY-26263,INV-32139,OMC-013,Lake Oil,GB88TEHE71937452991241,2025-08-12,54033,1
PAY-19188,INV-64432,OMC-014,Texol Energies,GB06ONXS45314737996507,2026-01-27,113956,1
PAY-21950,INV-70021,OMC-010,Tamoil,GB34EABH79176936763201,2025-04-16,106840,1
PAY-87353,INV-24821,OMC-003,Rubis Energy,GB04LOQO13315098393010,2026-03-18,9099,2
PAY-30428,INV-35764,OMC-019,Tanzania Petroleum,GB64OAXE62174596158657,2026-04-19,167781,1
PAY-69081,INV-83547,OMC-008,National Oil,GB08NAFX56342160733754,2026-06-30,55024,1
PAY-60178,INV-42200,OMC-019,Tanzania Petroleum,GB64OAXE62174596158657,2025-03-14,203060,1
PAY-24362,INV-74493,OMC-007,Kobil,GB37IDDX82449353487401,2025-08-22,27143,1
PAY-48041,INV-89107,OMC-013,Lake Oil,GB88TEHE71937452991241,2026-03-04,35997,1
PAY-75012,INV-75804,OMC-007,Kobil,GB37IDDX82449353487401,2025-09-29,8386,2
PAY-52405,INV-23761,OMC-017,KAA Aviation,GB54HVSS04902787429671,2025-07-21,39832,1
PAY-75549,INV-73242,OMC-017,KAA Aviation,GB54HVSS04902787429671,2026-06-14,129826,1
PAY-40638,INV-62016,OMC-008,National Oil,GB08NAFX56342160733754,2025-06-19,201046,1
PAY-81796,INV-79538,OMC-017,KAA Aviation,GB54HVSS04902787429671,2026-05-28,38310,1
PAY-32028,INV-57967,OMC-017,KAA Aviation,GB54HVSS04902787429671,2025-10-05,27612,1
PAY-87380,INV-83072,OMC-010,Tamoil,GB34EABH79176936763201,2026-06-06,122849,1
PAY-48924,INV-52688,OMC-001,TotalEnergies Kenya,GB06DMIO52553419283276,2025-10-01,104619,1
PAY-68261,INV-65705,OMC-004,Gulf Energy,GB89GWUW86379402654235,16/06/2026,20592,2
PAY-68119,INV-82796,OMC-001,TotalEnergies Kenya,GB06DMIO52553419283276,2026-02-21,137030,1
PAY-88476,INV-79581,OMC-020,Ethiopian Oil,GB08IVAZ74821759464743,2025-06-06,37814,1
PAY-54366,INV-71309,OMC-001,TotalEnergies Kenya,GB06DMIO52553419283276,2026-02-08,95006,1
PAY-22424,INV-64873,OMC-017,KAA Aviation,GB54HVSS04902787429671,2026-01-23,247843,1
PAY-75627,INV-66722,OMC-015,Mombasa Petroleum,GB80WOIJ43135182337498,2025-05-10,193547,1
PAY-40733,INV-34936,OMC-008,National Oil,GB08NAFX56342160733754,2025-09-27,275014,1
PAY-84097,INV-38753,OMC-016,KPA Marine,GB31MOOJ96499091334123,2026-02-01,74434,1
PAY-26242,INV-66830,OMC-017,KAA Aviation,GB54HVSS04902787429671,2025-05-21,51293,1
PAY-14498,INV-47086,OMC-016,KPA Marine,GB31MOOJ96499091334123,2025-02-16,226202,1
PAY-50828,INV-93956,OMC-016,KPA Marine,GB31MOOJ96499091334123,2026-06-16,111501,1
PAY-44640,INV-41534,OMC-008,National Oil,GB08NAFX56342160733754,2025-06-15,119090,1
PAY-33430,INV-81377,OMC-020,Ethiopian Oil,GB08IVAZ74821759464743,11/07/2026,233406,1
PAY-84054,INV-26518,OMC-016,KPA Marine,GB31MOOJ96499091334123,2025-09-13,44718,2
PAY-88582,INV-38343,OMC-003,Rubis Energy,GB04LOQO13315098393010,2026-02-01,137519,1
PAY-21572,INV-61254,OMC-019,Tanzania Petroleum,GB64OAXE62174596158657,2025-08-08,124253,1
PAY-19796,INV-11008,OMC-004,Gulf Energy,GB89GWUW86379402654235,2026-03-27,58849,2
PAY-22946,INV-58799,OMC-002,Vivo Energy,GB45OQIR01845146270482,2026-01-24," KES 142,289 ",1
PAY-40472,INV-35930,OMC-004,Gulf Energy,GB89GWUW86379402654235,2026-06-07,96070,1
PAY-24496,INV-79041,OMC-014,Texol Energies,GB06ONXS45314737996507,2026-06-03,219908,1
PAY-65386,INV-82552,OMC-002,Vivo Energy,GB45OQIR01845146270482,2025-04-10,82831,1
PAY-61712,INV-84193,OMC-006,Hashi Energy,GB05QCFC91361939909169,2025-05-22,241674,1
PAY-12239,INV-72667,OMC-015,Mombasa Petroleum,GB80WOIJ43135182337498,2026-05-07,181057,1
PAY-51771,INV-86258,OMC-019,Tanzania Petroleum,GB64OAXE62174596158657,2026-02-25," KES 234,074 ",1
PAY-70964,INV-68698,OMC-003,Rubis Energy,GB04LOQO13315098393010,2025-03-28,52274,1
PAY-78939,INV-53210,OMC-005,PetroOil Kenya,GB89GWUW86379402654235,2026-04-13,195988,1
PAY-66151,INV-10157,OMC-001,TotalEnergies Kenya,GB06DMIO52553419283276,2026-01-26,220691,1
PAY-29655,INV-31785,OMC-019,Tanzania Petroleum,GB64OAXE62174596158657,2025-09-24,51361,1
