authorization_id,attendance_id,beneficiary_id,pillar_id,period,date,amount_authorized,authorized_by
AUTH-000793,ATT-000836,BEN-0070,Scholarship,2026-06,2026-06-27,15115,OFF-008
AUTH-001281,ATT-001354,BEN-0113,Scholarship,2025-02,2025-02-16,14770,OFF-007
AUTH-001383,ATT-001459,BEN-0122,Vocational,2025-01,2025-01-15,9917,OFF-005
AUTH-001442,ATT-001520,BEN-0127,Vocational,2026-02,2026-02-25,10080,OFF-012
AUTH-002267,ATT-002385,BEN-0200,Vocational,2026-03,2026-04-01," KES 10,191 ",OFF-011
AUTH-000320,ATT-000341,BEN-0028,Vocational,2026-05,2026-05-04,10100,OFF-004
AUTH-001437,ATT-001515,BEN-0126,Vocational,2025-05,2025-06-02,9903,OFF-013
AUTH-001915,ATT-002011,BEN-0167,Plus,2025-09,2025-09-27,7880,OFF-013
AUTH-001438,ATT-001516,BEN-0126,Vocational,2025-09,2025-10-01,10138,OFF-013
AUTH-001589,ATT-001669,BEN-0138,Scholarship,2025-12,2025-12-21,14762,OFF-009
AUTH-000283,ATT-000302,BEN-0025,Plus,2025-07,2025-07-28," KES 8,127 ",OFF-009
AUTH-001735,ATT-001817,BEN-0151,Vocational,2025-09,2025-09-27,9820,OFF-013
AUTH-001677,ATT-001759,BEN-0146,Scholarship,2025-04,,15171,OFF-015
AUTH-000155,ATT-000162,BEN-0013,Tech,2025-07,2025-07-17,12012,OFF-006
AUTH-001299,ATT-001372,BEN-0114,Scholarship,2025-08,2025-08-23,14983,OFF-006
AUTH-000915,ATT-000959,BEN-0079,Plus,2025-02,2025-02-13," KES 7,942 ",OFF-002
AUTH-002115,ATT-002228,BEN-0184,Tech,2026-01,2026-01-15,11792,OFF-003
AUTH-002250,ATT-002368,BEN-0197,Plus,2025-11,2025-11-30,8149,OFF-006
AUTH-001144,ATT-001214,BEN-0099,Scholarship,2025-03,2025-03-17,14889,OFF-004
AUTH-001511,ATT-001590,BEN-0132,Scholarship,2025-06,2025-06-04,14735,OFF-009
AUTH-001307,ATT-001380,BEN-0116,Plus,2025-06,2025-06-13,8023,OFF-002
AUTH-001733,ATT-001815,BEN-0151,Vocational,2026-02,2026-02-15,9905,OFF-013
AUTH-001170,ATT-001240,BEN-0102,Plus,2025-10,2025-10-06,7988,OFF-013
AUTH-000616,ATT-000653,BEN-0055,Tech,2026-01,2026-01-18,12178,OFF-015
AUTH-001325,ATT-001398,BEN-0117,Vocational,2025-02,2025-02-12,9952,OFF-005
AUTH-000287,ATT-000306,BEN-0025,Plus,2025-01,2025-01-13,7923,OFF-009
AUTH-002196,ATT-002312,BEN-0193,Tech,2026-01,2026-01-24,12013,OFF-010
AUTH-000538,ATT-000572,BEN-0049,Scholarship,2025-04,2025-04-29,14778,OFF-008
AUTH-000961,ATT-001014,BEN-0084,Scholarship,2025-12,2025-12-27,14795,OFF-008
AUTH-001062,ATT-001126,BEN-0093,Tech,2025-11,2025-11-26,11823,OFF-013
AUTH-002168,ATT-002283,BEN-0189,Tech,2025-11,2025-11-20,11943,OFF-002
AUTH-001347,ATT-001420,BEN-0119,Scholarship,2026-03,2026-03-25,14988,OFF-010
AUTH-001395,ATT-001471,BEN-0123,Tech,2025-04,2025-04-07,11808,OFF-012
AUTH-000716,ATT-000756,BEN-0063,Tech,2026-05,14/05/2026,11819,OFF-007
AUTH-001431,ATT-001509,BEN-0126,Vocational,2025-11,2025-11-18,9974,OFF-013
AUTH-002079,ATT-002190,BEN-0182,Plus,2025-11,2025-11-06,7842,OFF-004
AUTH-002146,ATT-002260,BEN-0187,Tech,2025-10,2025-10-30,12085,OFF-010
AUTH-000758,ATT-000799,BEN-0067,Scholarship,2025-02,2025-02-24,14954,OFF-015
AUTH-001646,ATT-001727,BEN-0143,Scholarship,2025-06,2025-06-22,14710,OFF-012
AUTH-001517,ATT-001596,BEN-0132,Scholarship,2025-12,2025-12-22,15015,OFF-009
AUTH-001648,ATT-001729,BEN-0143,Scholarship,2026-06,2026-06-08,15133,OFF-012
AUTH-001334,ATT-001407,BEN-0118,Scholarship,2025-03,2025-03-30," KES 14,961 ",OFF-006
AUTH-000945,ATT-000995,BEN-0082,Vocational,2025-07,2025-07-20,9902,OFF-014
AUTH-000541,ATT-000576,BEN-0049,Scholarship,2025-06,2025-06-11,15027,OFF-008
AUTH-001452,ATT-001530,BEN-0128,Tech,2025-02,,12080,OFF-003
AUTH-000811,ATT-000855,BEN-0072,Vocational,2025-04,2025-04-14,10060,OFF-001
AUTH-001158,ATT-001228,BEN-0101,Scholarship,2025-05,2025-05-17,15014,OFF-004
AUTH-001585,ATT-001665,BEN-0138,Scholarship,2026-05,2026-05-15,15235,OFF-009
AUTH-001851,ATT-001942,BEN-0161,Scholarship,2026-05,2026-05-15,14944,OFF-007
AUTH-000955,ATT-001008,BEN-0083,Plus,2025-10,2025-10-23,7843,OFF-001
AUTH-001113,ATT-001182,BEN-0097,Scholarship,2025-11,27/11/2025,14918,OFF-010
AUTH-001456,ATT-001534,BEN-0128,Tech,2026-04,2026-04-14,11967,OFF-003
AUTH-001091,ATT-001159,BEN-0095,Tech,2025-07,2025-07-10,11982,OFF-011
AUTH-000842,ATT-000886,BEN-0074,Scholarship,2026-01,2026-01-20,14941,OFF-010
AUTH-000473,ATT-000499,BEN-0042,Vocational,2025-10,2025-10-12,9999,OFF-004
AUTH-000953,ATT-001006,BEN-0083,Plus,2026-04,2026-04-27,8091,OFF-001
AUTH-000504,ATT-000536,BEN-0046,Tech,2026-02,2026-02-10,12183,OFF-012
AUTH-001808,ATT-001893,BEN-0157,Plus,2025-12,2025-12-14,8012,OFF-012
AUTH-002264,ATT-002382,BEN-0199,Tech,2025-11,2025-11-07,11799,OFF-012
AUTH-002265,ATT-002383,BEN-0199,Tech,2026-02,2026-02-06,12104,OFF-012
AUTH-000036,ATT-000037,BEN-0004,Plus,2025-05,2025-05-06,7970,OFF-001
AUTH-001967,ATT-002070,BEN-0172,Plus,2025-05,2025-05-13,8093,OFF-012
AUTH-002189,ATT-002305,BEN-0192,Plus,2025-09,2025-09-14,8117,OFF-003
AUTH-002007,ATT-002110,BEN-0175,Vocational,2026-02,2026-02-26,9941,OFF-002
AUTH-001477,ATT-001555,BEN-0129,Tech,2026-02,2026-02-24,11822,OFF-003
AUTH-001651,ATT-001732,BEN-0144,Scholarship,2026-03,2026-03-05,14838,OFF-011
AUTH-001869,ATT-001961,BEN-0163,Scholarship,2026-04,2026-04-06,15154,OFF-006
AUTH-000799,ATT-000843,BEN-0070,Scholarship,2025-04,2025-04-14,15007,OFF-008
AUTH-000248,ATT-000264,BEN-0021,Vocational,2026-03,2026-03-08,9957,OFF-004
AUTH-000154,ATT-000160,BEN-0013,Tech,2025-04,2025-04-12,12153,OFF-006
AUTH-000948,ATT-000998,BEN-0083,Plus,2025-03,2025-03-19,7909,OFF-001
AUTH-000985,ATT-001039,BEN-0085,Scholarship,2025-02,2025-03-03,14755,OFF-012
AUTH-000195,ATT-000206,BEN-0016,Vocational,2026-01,2026-01-19,10151,OFF-008
AUTH-001881,ATT-001974,BEN-0164,Scholarship,2026-06,2026-06-09,14707,OFF-005
AUTH-002016,ATT-002120,BEN-0176,Scholarship,2025-07,2025-07-16,15191,OFF-001
AUTH-000348,ATT-000370,BEN-0030,Scholarship,2025-03,2025-03-24,14802,OFF-011
AUTH-000005,ATT-000006,BEN-0001,Tech,2025-06,2025-06-22," KES 11,963 ",OFF-008
AUTH-000500,ATT-000530,BEN-0045,Scholarship,2026-05,2026-05-20,14769,OFF-014
AUTH-001973,ATT-002076,BEN-0172,Plus,2025-09,2025-09-24,7974,OFF-012
AUTH-001741,ATT-001825,BEN-0151,Vocational,2026-05,2026-05-02,9827,OFF-013
AUTH-001197,ATT-001268,BEN-0105,Scholarship,2025-09,2025-09-06,15074,OFF-012
AUTH-000524,ATT-000558,BEN-0048,Tech,2026-05,2026-05-04,12147,OFF-006
AUTH-000137,ATT-000141,BEN-0011,Plus,2025-05,2025-05-17,8018,OFF-001
AUTH-000559,ATT-000594,BEN-0050,Scholarship,2025-10,2025-10-07,15081,OFF-009
AUTH-001749,ATT-001833,BEN-0152,Vocational,2026-06,,9888,OFF-007
AUTH-001049,ATT-001111,BEN-0091,Tech,2026-05,2026-05-26,12013,OFF-003
AUTH-002232,ATT-002348,BEN-0196,Vocational,2025-11,2025-11-24,9920,OFF-004
AUTH-001364,ATT-001439,BEN-0121,Plus,2025-11,2025-11-30,7977,OFF-013
AUTH-001285,ATT-001358,BEN-0113,Scholarship,2025-01,2025-01-19,15057,OFF-007
AUTH-000041,ATT-000042,BEN-0004,Plus,2026-06,2026-06-11,8052,OFF-001
AUTH-001047,ATT-001109,BEN-0091,Tech,2025-09,2025-09-25,11922,OFF-003
AUTH-002145,ATT-002259,BEN-0187,Tech,2026-01,2026-01-13,11911,OFF-010
AUTH-000156,ATT-000163,BEN-0013,Tech,2026-05,2026-05-09,12055,OFF-006
AUTH-000086,ATT-000087,BEN-0007,Vocational,2025-05,2025-05-08,10090,OFF-015
AUTH-000759,ATT-000800,BEN-0067,Scholarship,2026-01,2026-01-28,15099,OFF-015
AUTH-000570,ATT-000605,BEN-0051,Vocational,2026-06,2026-06-11,9861,OFF-010
AUTH-000662,ATT-000699,BEN-0059,Vocational,2025-02,2025-03-04,10178,OFF-013
AUTH-000771,ATT-000813,BEN-0068,Tech,2025-11,2025-11-19,11890,OFF-006
AUTH-001520,ATT-001599,BEN-0133,Scholarship,2025-06,2025-06-12,14839,OFF-007
AUTH-002184,ATT-002300,BEN-0192,Plus,2026-06,2026-06-28,8149,OFF-003
AUTH-001478,ATT-001556,BEN-0129,Tech,2025-08,2025-08-13,11874,OFF-003
AUTH-000230,ATT-000245,BEN-0019,Plus,2025-05,2025-05-06,8069,OFF-001
AUTH-000471,ATT-000497,BEN-0042,Vocational,2026-05,2026-05-02,10089,OFF-004
AUTH-001223,ATT-001294,BEN-0107,Plus,2025-01,2025-01-25,7884,OFF-002
AUTH-000169,ATT-000176,BEN-0014,Scholarship,2025-11,2025-11-04,15053,OFF-013
AUTH-000298,ATT-000317,BEN-0026,Tech,2026-01,2026-01-29,12067,OFF-007
AUTH-000514,ATT-000546,BEN-0046,Tech,2025-09,2025-09-15,11805,OFF-012
AUTH-002166,ATT-002281,BEN-0189,Tech,2025-05,2025-05-14,12179,OFF-002
AUTH-000564,ATT-000599,BEN-0050,Scholarship,2025-11,2025-12-02,14918,OFF-009
AUTH-000675,ATT-000712,BEN-0060,Plus,2026-02,2026-02-21,8124,OFF-012
AUTH-001968,ATT-002071,BEN-0172,Plus,2025-01,2025-01-15,7857,OFF-012
AUTH-000220,ATT-000232,BEN-0018,Tech,2026-04,2026-04-20,12170,OFF-008
AUTH-001321,ATT-001394,BEN-0116,Plus,2025-04,2025-04-12,8120,OFF-002
AUTH-001750,ATT-001834,BEN-0152,Vocational,2026-04,2026-04-28,9961,OFF-007
AUTH-002244,ATT-002362,BEN-0197,Plus,2025-03,2025-03-10,8051,OFF-006
AUTH-000836,ATT-000880,BEN-0074,Scholarship,2025-09,2025-09-14,14963,OFF-010
AUTH-000015,ATT-000016,BEN-0001,Tech,2026-06,2026-06-25,12075,OFF-008
AUTH-001346,ATT-001419,BEN-0119,Scholarship,2025-04,2025-04-08,14853,OFF-010
AUTH-001394,ATT-001470,BEN-0123,Tech,2026-02,2026-02-12,11839,OFF-012
AUTH-000621,ATT-000658,BEN-0056,Plus,2025-06,2025-06-23,8157,OFF-005
AUTH-001897,ATT-001990,BEN-0165,Tech,2025-04,2025-04-10,12231,OFF-008
AUTH-000947,ATT-000997,BEN-0082,Vocational,2025-03,2025-03-11,10025,OFF-014
AUTH-000161,ATT-000168,BEN-0013,Tech,2026-01,2026-01-14,11904,OFF-006
AUTH-001654,ATT-001736,BEN-0144,Scholarship,2026-04,2026-04-19,15012,OFF-011
AUTH-000632,ATT-000669,BEN-0056,Plus,2025-08,2025-08-07,7979,OFF-005
AUTH-002198,ATT-002314,BEN-0193,Tech,2026-03,28/03/2026,11825,OFF-010
AUTH-001412,ATT-001488,BEN-0124,Scholarship,2025-11,2025-11-30,15212,OFF-012
AUTH-000537,ATT-000571,BEN-0049,Scholarship,2025-12,14/12/2025,15099,OFF-008
AUTH-001070,ATT-001136,BEN-0093,Tech,2026-06,2026-06-22,12009,OFF-013
AUTH-001938,ATT-002040,BEN-0169,Vocational,2025-12,2025-12-08,10025,OFF-008
AUTH-001928,ATT-002028,BEN-0168,Scholarship,2026-06,2026-06-21,14967,OFF-013
AUTH-001629,ATT-001710,BEN-0142,Tech,2025-01,2025-01-15,12161,OFF-007
AUTH-000090,ATT-000091,BEN-0007,Vocational,2025-03,2025-03-29,9831,OFF-015
AUTH-001970,ATT-002073,BEN-0172,Plus,2025-11,2025-11-16,7862,OFF-012
AUTH-000748,ATT-000789,BEN-0066,Vocational,2025-11,2025-11-08,9808,OFF-007
AUTH-001457,ATT-001535,BEN-0128,Tech,2026-06,2026-06-21,12207,OFF-003
AUTH-001026,ATT-001086,BEN-0090,Vocational,2026-05,2026-05-25,9971,OFF-001
AUTH-001961,ATT-002064,BEN-0171,Plus,2025-04,2025-04-18,7918,OFF-004
AUTH-002072,ATT-002178,BEN-0180,Scholarship,2025-01,2025-01-28,15134,OFF-010
AUTH-002259,ATT-002377,BEN-0199,Tech,2025-09,2025-09-06,11877,OFF-012
AUTH-000818,ATT-000862,BEN-0073,Scholarship,2026-05,2026-05-30,14858,OFF-015
AUTH-000976,ATT-001030,BEN-0085,Scholarship,2026-06,2026-06-20,14896,OFF-012
AUTH-000750,ATT-000791,BEN-0067,Scholarship,2025-06,2025-06-26,15259,OFF-015
AUTH-002053,ATT-002159,BEN-0179,Tech,2026-03,,11968,OFF-001
AUTH-000742,ATT-000783,BEN-0066,Vocational,2025-02,2025-03-01,10138,OFF-007
AUTH-001829,ATT-001919,BEN-0159,Plus,2026-01,2026-01-21,8017,OFF-009
AUTH-002199,ATT-002315,BEN-0193,Tech,2026-04,2026-04-19,11895,OFF-010
AUTH-002256,ATT-002374,BEN-0198,Vocational,2025-05,2025-05-10,9871,OFF-011
AUTH-000944,ATT-000994,BEN-0082,Vocational,2025-11,30/11/2025,9936,OFF-014
AUTH-000032,ATT-000033,BEN-0003,Tech,2025-02,2025-02-16,11979,OFF-005
AUTH-001617,ATT-001698,BEN-0141,Plus,2025-11,2025-11-19,8090,OFF-010
AUTH-000253,ATT-000269,BEN-0021,Vocational,2025-04,2025-04-29,9878,OFF-004
AUTH-001224,ATT-001295,BEN-0107,Plus,2025-03,2025-03-12,7913,OFF-002
AUTH-001230,ATT-001302,BEN-0108,Vocational,2025-09,,9936,OFF-006
AUTH-001312,ATT-001385,BEN-0116,Plus,2026-03,2026-03-13,8033,OFF-002
AUTH-000965,ATT-001019,BEN-0084,Scholarship,2025-09,2025-09-20,14937,OFF-008
AUTH-001506,ATT-001585,BEN-0132,Scholarship,2025-11,2025-11-28,15095,OFF-009
AUTH-001014,ATT-001074,BEN-0089,Vocational,2025-07,2025-07-13,9939,OFF-009
AUTH-001120,ATT-001189,BEN-0097,Scholarship,2026-01,2026-01-12,15237,OFF-010
AUTH-000384,ATT-000408,BEN-0034,Tech,2025-03,2025-03-24,11938,OFF-009
AUTH-001338,ATT-001411,BEN-0119,Scholarship,2026-02,2026-02-28,14774,OFF-010
AUTH-001251,ATT-001324,BEN-0110,Vocational,2025-02,2025-02-19,10160,OFF-005
AUTH-000030,ATT-000031,BEN-0003,Tech,2025-10,2025-10-07,12176,OFF-005
AUTH-000658,ATT-000695,BEN-0059,Vocational,2025-03,2025-03-18,9889,OFF-013
AUTH-001377,ATT-001453,BEN-0122,Vocational,2026-02,2026-02-24,9905,OFF-005
AUTH-000493,ATT-000522,BEN-0044,Scholarship,2026-02,2026-02-21,14718,OFF-012
AUTH-000949,ATT-001001,BEN-0083,Plus,2026-03,2026-03-21,7913,OFF-001
AUTH-000053,ATT-000054,BEN-0005,Scholarship,2026-04,19/04/2026,14950,OFF-004
AUTH-000966,ATT-001020,BEN-0084,Scholarship,2025-03,06/03/2025,14984,OFF-008
AUTH-002176,ATT-002291,BEN-0190,Plus,2025-06,2025-07-02,7990,OFF-004
AUTH-000981,ATT-001035,BEN-0085,Scholarship,2025-06,2025-06-28,14999,OFF-012
AUTH-000766,ATT-000807,BEN-0068,Tech,2025-02,2025-02-08,12209,OFF-006
AUTH-001205,ATT-001276,BEN-0105,Scholarship,2025-06,2025-06-05,14854,OFF-012
AUTH-001504,ATT-001583,BEN-0131,Tech,2025-01,2025-01-07,12214,OFF-004
AUTH-000243,ATT-000259,BEN-0020,Plus,2025-07,2025-07-15,7970,OFF-002
AUTH-000369,ATT-000392,BEN-0032,Vocational,2025-06,2025-06-16,10141,OFF-005
AUTH-000529,ATT-000563,BEN-0048,Tech,2026-06,2026-06-12,12077,OFF-006
AUTH-001064,ATT-001128,BEN-0093,Tech,2026-04,,11959,OFF-013
AUTH-000357,ATT-000380,BEN-0031,Vocational,2025-06,2025-06-26,10025,OFF-008
AUTH-001631,ATT-001712,BEN-0142,Tech,2025-08,2025-08-19,11830,OFF-007
AUTH-000261,ATT-000277,BEN-0022,Scholarship,2025-04,2025-04-16,14881,OFF-008
AUTH-001934,ATT-002035,BEN-0169,Vocational,2026-05,2026-05-11,10173,OFF-008
AUTH-000906,ATT-000950,BEN-0079,Plus,2026-03,2026-03-24,7957,OFF-002
AUTH-001414,ATT-001490,BEN-0124,Scholarship,2025-01,2025-01-06,14730,OFF-012
AUTH-000252,ATT-000268,BEN-0021,Vocational,2025-06,2025-06-28,10126,OFF-004
AUTH-002147,ATT-002261,BEN-0188,Scholarship,2025-02,2025-02-10,15284,OFF-005
AUTH-001473,ATT-001551,BEN-0129,Tech,2025-01,2025-01-30,12065,OFF-003
AUTH-000387,ATT-000411,BEN-0035,Plus,2025-05,2025-05-28,7928,OFF-008
AUTH-000317,ATT-000336,BEN-0027,Plus,2026-04,2026-04-05,8062,OFF-004
AUTH-000330,ATT-000351,BEN-0029,Vocational,2025-11,2025-11-17,10197,OFF-006
AUTH-001685,ATT-001767,BEN-0147,Vocational,2026-01,2026-01-17,10084,OFF-010
AUTH-000722,ATT-000762,BEN-0063,Tech,2025-12,2025-12-19,12043,OFF-007
AUTH-000200,ATT-000211,BEN-0016,Vocational,2025-10,2025-10-19,10102,OFF-008
AUTH-001126,ATT-001195,BEN-0098,Vocational,2025-11,2025-11-11,9875,OFF-015
AUTH-001971,ATT-002074,BEN-0172,Plus,2026-01,2026-01-15,7876,OFF-012
AUTH-001810,ATT-001895,BEN-0157,Plus,2025-06,2025-06-11,7967,OFF-012
AUTH-001874,ATT-001967,BEN-0163,Scholarship,2025-07,2025-07-05,15226,OFF-006
AUTH-001730,ATT-001812,BEN-0151,Vocational,2026-01,2026-01-29,10063,OFF-013
AUTH-000410,ATT-000435,BEN-0037,Plus,2025-08,2025-08-08," KES 8,120 ",OFF-007
AUTH-000323,ATT-000344,BEN-0028,Vocational,2025-02,2025-02-24,10006,OFF-004
AUTH-001360,ATT-001433,BEN-0120,Plus,2025-10,2025-10-09,7996,OFF-015
AUTH-000913,ATT-000957,BEN-0079,Plus,2025-12,2025-12-17,8027,OFF-002
AUTH-000312,ATT-000331,BEN-0027,Plus,2026-02,2026-02-28,7972,OFF-004
AUTH-000927,ATT-000973,BEN-0081,Plus,2025-11,2025-11-26,8146,OFF-005
AUTH-001831,ATT-001921,BEN-0159,Plus,2025-06,2025-06-25," KES 7,842 ",OFF-009
AUTH-000704,ATT-000744,BEN-0062,Tech,2026-01,2026-01-17,12102,OFF-014
AUTH-002058,ATT-002164,BEN-0179,Tech,2026-01,2026-01-24,12014,OFF-001
AUTH-001714,ATT-001796,BEN-0149,Vocational,2026-03,,10197,OFF-005
AUTH-001914,ATT-002010,BEN-0167,Plus,2026-05,2026-05-07,7951,OFF-013
AUTH-001722,ATT-001804,BEN-0150,Vocational,2026-05,2026-05-09,9845,OFF-010
AUTH-001145,ATT-001215,BEN-0099,Scholarship,2026-03,2026-03-26,15005,OFF-004
AUTH-000903,ATT-000947,BEN-0078,Plus,2026-05,2026-05-20,7848,OFF-015
AUTH-001628,ATT-001709,BEN-0141,Plus,2026-03,2026-03-09,7932,OFF-010
AUTH-001508,ATT-001587,BEN-0132,Scholarship,2025-03,2025-03-11,14778,OFF-009
AUTH-000511,ATT-000543,BEN-0046,Tech,2025-07,2025-07-22," KES 11,972 ",OFF-012
AUTH-000669,ATT-000706,BEN-0060,Plus,2025-05,2025-05-14,7965,OFF-012
AUTH-000790,ATT-000833,BEN-0070,Scholarship,2025-11,2025-11-03,15027,OFF-008
AUTH-000922,ATT-000968,BEN-0081,Plus,2026-06,2026-06-15,7846,OFF-005
AUTH-000426,ATT-000451,BEN-0038,Plus,2025-03,2025-03-30,8059,OFF-012
AUTH-000042,ATT-000043,BEN-0004,Plus,2026-01,2026-01-11,7917,OFF-001
AUTH-000190,ATT-000200,BEN-0016,Vocational,2026-06,2026-06-20,9986,OFF-008
AUTH-001048,ATT-001110,BEN-0091,Tech,2026-02,2026-02-23,12122,OFF-003
AUTH-001912,ATT-002007,BEN-0167,Plus,2025-08,2025-08-17,7916,OFF-013
AUTH-001594,ATT-001675,BEN-0138,Scholarship,2025-11,27/11/2025,14760,OFF-009
AUTH-001214,ATT-001285,BEN-0106,Scholarship,2026-06,2026-06-17,14893,OFF-007
AUTH-000847,ATT-000891,BEN-0074,Scholarship,2025-12,2025-12-23,15175,OFF-010
AUTH-002151,ATT-002265,BEN-0188,Scholarship,2026-06,2026-06-25,15129,OFF-005
AUTH-000911,ATT-000955,BEN-0079,Plus,2026-01,2026-01-09,7934,OFF-002
AUTH-000380,ATT-000404,BEN-0034,Tech,2026-03,2026-03-07,12074,OFF-009
AUTH-000527,ATT-000561,BEN-0048,Tech,2025-02,2025-03-03,12072,OFF-006
AUTH-002233,ATT-002349,BEN-0196,Vocational,2026-05,2026-05-16,10141,OFF-004
AUTH-000840,ATT-000884,BEN-0074,Scholarship,2025-08,2025-08-07,14987,OFF-010
AUTH-002005,ATT-002108,BEN-0175,Vocational,2025-01,2025-01-19,9821,OFF-002
AUTH-000322,ATT-000343,BEN-0028,Vocational,2025-06,2025-06-15,10060,OFF-004
AUTH-000940,ATT-000989,BEN-0082,Vocational,2026-01,2026-01-09,9871,OFF-014
AUTH-000307,ATT-000326,BEN-0026,Tech,2025-02,2025-02-21,11836,OFF-007
AUTH-001066,ATT-001130,BEN-0093,Tech,2026-05,2026-05-05,12085,OFF-013
AUTH-001287,ATT-001360,BEN-0113,Scholarship,2025-06,2025-06-20,14827,OFF-007
AUTH-001926,ATT-002026,BEN-0168,Scholarship,2025-11,2025-11-21,14961,OFF-013
AUTH-001210,ATT-001281,BEN-0106,Scholarship,2025-05,2025-05-24,14852,OFF-007
AUTH-000488,ATT-000517,BEN-0043,Scholarship,2025-01,2025-01-15,15165,OFF-008
AUTH-001267,ATT-001340,BEN-0112,Scholarship,2025-11,2025-11-23,14756,OFF-007
AUTH-001226,ATT-001297,BEN-0107,Plus,2026-03,2026-03-30,8007,OFF-002
AUTH-000845,ATT-000889,BEN-0074,Scholarship,2025-06,08/06/2025,15058,OFF-010
AUTH-001131,ATT-001200,BEN-0098,Vocational,2025-01,2025-01-11,10118,OFF-015
AUTH-002071,ATT-002177,BEN-0180,Scholarship,2026-01,2026-01-05," KES 14,861 ",OFF-010
AUTH-001039,ATT-001101,BEN-0091,Tech,2025-06,2025-06-29,11890,OFF-003
AUTH-001762,ATT-001846,BEN-0153,Vocational,2025-09,21/09/2025,9837,OFF-010
AUTH-001995,ATT-002098,BEN-0174,Plus,2025-11,2025-11-14,8153,OFF-002
AUTH-000834,ATT-000878,BEN-0074,Scholarship,2025-03,2025-03-03,15120,OFF-010
AUTH-001013,ATT-001073,BEN-0089,Vocational,2026-05,2026-05-18,10060,OFF-009
AUTH-001898,ATT-001991,BEN-0165,Tech,2025-11,2025-11-13,11863,OFF-008
AUTH-000048,ATT-000049,BEN-0004,Plus,2026-05,2026-05-11,8064,OFF-001
AUTH-001698,ATT-001780,BEN-0148,Plus,2026-05,2026-05-04,8046,OFF-012
AUTH-000490,ATT-000519,BEN-0044,Scholarship,2025-05,2025-05-20,15042,OFF-012
AUTH-000952,ATT-001005,BEN-0083,Plus,2025-06,2025-06-28,8069,OFF-001
AUTH-001828,ATT-001918,BEN-0159,Plus,2025-11,2025-11-17,8115,OFF-009
AUTH-001388,ATT-001464,BEN-0122,Vocational,2025-10,2025-10-23,10015,OFF-005
AUTH-001028,ATT-001088,BEN-0090,Vocational,2025-05,2025-05-29,9987,OFF-001
AUTH-002057,ATT-002163,BEN-0179,Tech,2025-06,2025-06-17,12075,OFF-001
AUTH-000338,ATT-000360,BEN-0029,Vocational,2026-05,2026-05-27,9959,OFF-006
AUTH-000894,ATT-000938,BEN-0078,Plus,2025-04,2025-04-20,7911,OFF-015
AUTH-001866,ATT-001957,BEN-0162,Scholarship,2025-04,2025-04-25,15243,OFF-011
AUTH-002182,ATT-002298,BEN-0191,Vocational,2025-09,2025-09-15,10049,OFF-012
AUTH-002236,ATT-002352,BEN-0197,Plus,2025-05,2025-05-27,8095,OFF-006
AUTH-000510,ATT-000542,BEN-0046,Tech,2025-05,2025-05-27,11847,OFF-012
AUTH-002064,ATT-002170,BEN-0180,Scholarship,2026-04,2026-04-27,15198,OFF-010
AUTH-000074,ATT-000075,BEN-0006,Vocational,2025-01,2025-01-10,10013,OFF-012
AUTH-001797,ATT-001882,BEN-0156,Scholarship,2025-04,2025-04-22,14949,OFF-010
AUTH-000520,ATT-000554,BEN-0047,Scholarship,2025-08,2025-08-23,14989,OFF-008
AUTH-000123,ATT-000125,BEN-0010,Tech,2025-10,2025-10-03,11968,OFF-008
AUTH-002117,ATT-002230,BEN-0185,Tech,2025-01,2025-01-16,12135,OFF-013
AUTH-001472,ATT-001550,BEN-0129,Tech,2026-03,2026-03-31,12192,OFF-003
AUTH-000579,ATT-000614,BEN-0051,Vocational,2025-02,2025-02-06,10157,OFF-010
AUTH-000517,ATT-000551,BEN-0047,Scholarship,2025-06,2025-06-11,15035,OFF-008
AUTH-001744,ATT-001828,BEN-0152,Vocational,2026-03,2026-03-03,9924,OFF-007
AUTH-001202,ATT-001273,BEN-0105,Scholarship,2025-03,2025-03-21,15136,OFF-012
AUTH-001089,ATT-001157,BEN-0095,Tech,2026-01,2026-01-31,11969,OFF-011
AUTH-002118,ATT-002231,BEN-0185,Tech,2026-04,2026-04-13,11979,OFF-013
AUTH-001037,ATT-001099,BEN-0091,Tech,2025-05,2025-05-24,11795,OFF-003
AUTH-002096,ATT-002209,BEN-0183,Scholarship,2025-10,2025-10-19,15293,OFF-014
AUTH-001616,ATT-001697,BEN-0140,Plus,2025-11,2025-11-19," KES 8,110 ",OFF-015
AUTH-001313,ATT-001386,BEN-0116,Plus,2025-05,,7984,OFF-002
AUTH-001157,ATT-001227,BEN-0101,Scholarship,2025-02,2025-02-13,14839,OFF-004
AUTH-000075,ATT-000076,BEN-0006,Vocational,2025-08,2025-08-21," KES 10,073 ",OFF-012
AUTH-001088,ATT-001156,BEN-0095,Tech,2025-06,,12193,OFF-011
AUTH-000214,ATT-000226,BEN-0018,Tech,2025-02,2025-02-21,12178,OFF-008
AUTH-001381,ATT-001457,BEN-0122,Vocational,2026-01,2026-01-05,10088,OFF-005
AUTH-000266,ATT-000283,BEN-0022,Scholarship,2026-06,2026-06-15,15189,OFF-008
AUTH-001527,ATT-001606,BEN-0134,Scholarship,2025-02,23/02/2025,14802,OFF-003
AUTH-002015,ATT-002119,BEN-0176,Scholarship,2025-01,2025-01-27,15286,OFF-001
AUTH-001916,ATT-002013,BEN-0167,Plus,2025-01,2025-01-12,7950,OFF-013
AUTH-000004,ATT-000005,BEN-0001,Tech,2025-10,2025-10-16,12031,OFF-008
AUTH-001756,ATT-001840,BEN-0153,Vocational,2025-01,2025-01-15,9899,OFF-010
AUTH-000841,ATT-000885,BEN-0074,Scholarship,2025-07,2025-07-10,14806,OFF-010
AUTH-002078,ATT-002189,BEN-0182,Plus,2025-01,2025-01-14,8104,OFF-004
AUTH-001174,ATT-001245,BEN-0102,Plus,2025-04,2025-04-26,8057,OFF-013
AUTH-001737,ATT-001821,BEN-0151,Vocational,2025-04,2025-04-27,9993,OFF-013
AUTH-000859,ATT-000903,BEN-0075,Scholarship,2025-05,2025-05-27,15013,OFF-012
AUTH-002177,ATT-002292,BEN-0190,Plus,2025-01,2025-01-09,7860,OFF-004
AUTH-001776,ATT-001860,BEN-0154,Plus,2026-05,2026-05-07,8006,OFF-005
AUTH-000958,ATT-001011,BEN-0084,Scholarship,2026-04,2026-04-11,15102,OFF-008
AUTH-000974,ATT-001028,BEN-0085,Scholarship,2026-03,2026-03-07,15260,OFF-012
AUTH-000418,ATT-000443,BEN-0038,Plus,2025-12,2025-12-29,8028,OFF-012
AUTH-001866,ATT-001957,BEN-0162,Scholarship,2025-04,2025-04-25,15243,OFF-011
AUTH-000265,ATT-000282,BEN-0022,Scholarship,2025-06,2025-06-19,15200,OFF-008
AUTH-000438,ATT-000463,BEN-0040,Scholarship,2026-04,2026-04-11,15158,OFF-014
AUTH-001161,ATT-001231,BEN-0101,Scholarship,2026-06,2026-06-17,14835,OFF-004
AUTH-000385,ATT-000409,BEN-0034,Tech,2025-08,2025-08-08," KES 11,804 ",OFF-009
AUTH-002139,ATT-002253,BEN-0187,Tech,2025-01,2025-01-27,11981,OFF-010
AUTH-002190,ATT-002306,BEN-0192,Plus,2026-03,2026-03-09,8140,OFF-003
AUTH-000802,ATT-000846,BEN-0071,Plus,2026-03,2026-03-22,7963,OFF-005
AUTH-001408,ATT-001484,BEN-0123,Tech,2025-05,2025-05-23,12195,OFF-012
AUTH-000920,ATT-000966,BEN-0080,Vocational,2025-08,2025-08-18," KES 9,998 ",OFF-013
AUTH-001984,ATT-002087,BEN-0174,Plus,2025-05,2025-05-08,7952,OFF-002
AUTH-001838,ATT-001928,BEN-0159,Plus,2025-05,2025-05-16,7896,OFF-009
AUTH-000870,ATT-000914,BEN-0076,Vocational,2025-07,2025-07-10,9904,OFF-015
AUTH-002039,ATT-002145,BEN-0178,Plus,2025-04,2025-04-27,8044,OFF-005
AUTH-001597,ATT-001678,BEN-0139,Vocational,2026-04,2026-04-18,10140,OFF-003
AUTH-001988,ATT-002091,BEN-0174,Plus,2026-06,2026-06-21,8157,OFF-002
AUTH-000448,ATT-000473,BEN-0040,Scholarship,2025-12,2026-01-01,14807,OFF-014
AUTH-000014,ATT-000015,BEN-0001,Tech,2026-05,2026-05-11,12140,OFF-008
AUTH-001185,ATT-001256,BEN-0104,Plus,2025-09,2025-09-15,7988,OFF-007
AUTH-000460,ATT-000486,BEN-0041,Plus,2025-05,2025-05-24,8077,OFF-007
AUTH-001455,ATT-001533,BEN-0128,Tech,2025-05,2025-05-26,12094,OFF-003
AUTH-001991,ATT-002094,BEN-0174,Plus,2025-04,2025-04-18,7896,OFF-002
AUTH-000177,ATT-000187,BEN-0015,Vocational,2025-01,2025-01-07,10188,OFF-012
AUTH-000640,ATT-000677,BEN-0057,Tech,2025-02,2025-02-07,11914,OFF-012
AUTH-001670,ATT-001752,BEN-0146,Scholarship,2025-05,2025-05-16," KES 14,815 ",OFF-015
AUTH-000133,ATT-000136,BEN-0011,Plus,2026-05,2026-05-15,8136,OFF-001
AUTH-000158,ATT-000165,BEN-0013,Tech,2025-09,2025-09-10,11858,OFF-006
AUTH-000139,ATT-000145,BEN-0011,Plus,2025-01,2025-01-20,7888,OFF-001
AUTH-000639,ATT-000676,BEN-0057,Tech,2025-09,2025-09-28,11816,OFF-012
AUTH-002042,ATT-002148,BEN-0178,Plus,2025-02,2025-02-06,7891,OFF-005
AUTH-001096,ATT-001165,BEN-0095,Tech,2025-09,2025-09-11,12190,OFF-011
AUTH-001988,ATT-002091,BEN-0174,Plus,2026-06,2026-06-21," KES 8,157 ",OFF-002
AUTH-000951,ATT-001004,BEN-0083,Plus,2025-02,2025-03-03,7867,OFF-001
AUTH-000254,ATT-000270,BEN-0021,Vocational,2025-09,2025-09-23,10122,OFF-004
AUTH-000031,ATT-000032,BEN-0003,Tech,2025-09,2025-09-27,11854,OFF-005
AUTH-001853,ATT-001944,BEN-0161,Scholarship,2025-06,2025-07-03,14987,OFF-007
AUTH-000548,ATT-000583,BEN-0049,Scholarship,2025-11,2025-11-09,15028,OFF-008
AUTH-000047,ATT-000048,BEN-0004,Plus,2025-09,2025-09-10,7885,OFF-001
AUTH-001424,ATT-001501,BEN-0125,Vocational,2025-09,2025-09-17,10182,OFF-014
AUTH-002150,ATT-002264,BEN-0188,Scholarship,2025-10,2025-10-07,14900,OFF-005
AUTH-000507,ATT-000539,BEN-0046,Tech,2025-04,2025-04-30,12211,OFF-012
AUTH-000743,ATT-000784,BEN-0066,Vocational,2025-05,2025-05-17,9840,OFF-007
AUTH-000941,ATT-000990,BEN-0082,Vocational,2025-08,2025-08-17,10056,OFF-014
AUTH-001215,ATT-001286,BEN-0106,Scholarship,2025-08,2025-08-22,14741,OFF-007
AUTH-001338,ATT-001411,BEN-0119,Scholarship,2026-02,2026-02-28," KES 14,774 ",OFF-010
AUTH-000185,ATT-000195,BEN-0015,Vocational,2025-06,2025-06-07,9960,OFF-012
AUTH-000347,ATT-000369,BEN-0030,Scholarship,2025-06,2025-06-13,15135,OFF-011
AUTH-001370,ATT-001445,BEN-0121,Plus,2025-09,2025-09-15,7843,OFF-013
AUTH-000314,ATT-000333,BEN-0027,Plus,2025-05,2025-05-10,8083,OFF-004
AUTH-000653,ATT-000690,BEN-0058,Plus,2026-04,2026-04-28,7876,OFF-015
AUTH-000420,ATT-000445,BEN-0038,Plus,2025-09,2025-09-11,8043,OFF-012
AUTH-001593,ATT-001674,BEN-0138,Scholarship,2025-05,2025-05-18,15202,OFF-009
AUTH-001931,ATT-002031,BEN-0169,Vocational,2025-02,2025-02-09,9865,OFF-008
AUTH-000832,ATT-000876,BEN-0073,Scholarship,2025-11,2025-11-17,14901,OFF-015
AUTH-001540,ATT-001619,BEN-0134,Scholarship,2025-07,2025-07-25,14849,OFF-003
AUTH-001051,ATT-001113,BEN-0092,Scholarship,2025-02,2025-03-04,15033,OFF-008
AUTH-001847,ATT-001938,BEN-0161,Scholarship,2025-04,2025-04-12,14855,OFF-007
AUTH-001122,ATT-001191,BEN-0097,Scholarship,2025-05,2025-05-18,14777,OFF-010
AUTH-002117,ATT-002230,BEN-0185,Tech,2025-01,2025-01-16,12135,OFF-013
AUTH-001292,ATT-001365,BEN-0114,Scholarship,2026-05,2026-05-31,14851,OFF-006
AUTH-000746,ATT-000787,BEN-0066,Vocational,2025-08,18/08/2025,10076,OFF-007
AUTH-000333,ATT-000354,BEN-0029,Vocational,2026-06,2026-06-13,9908,OFF-006
AUTH-000776,ATT-000818,BEN-0069,Tech,2025-03,2025-03-30,11998,OFF-015
AUTH-002178,ATT-002294,BEN-0191,Vocational,2025-08,2025-08-30,10184,OFF-012
AUTH-000826,ATT-000870,BEN-0073,Scholarship,2025-12,2025-12-11,14908,OFF-015
AUTH-001460,ATT-001538,BEN-0128,Tech,2025-10,2025-10-27,12195,OFF-003
AUTH-002167,ATT-002282,BEN-0189,Tech,2025-04,2025-04-09,12216,OFF-002
AUTH-000614,ATT-000651,BEN-0055,Tech,2025-05,2025-05-02,11775,OFF-015
AUTH-001082,ATT-001150,BEN-0094,Plus,2025-08,2025-08-10,7975,OFF-006
AUTH-001130,ATT-001199,BEN-0098,Vocational,2025-03,2025-03-07,9936,OFF-015
AUTH-001510,ATT-001589,BEN-0132,Scholarship,2026-03,2026-03-08,15224,OFF-009
AUTH-001878,ATT-001971,BEN-0164,Scholarship,2026-01,2026-01-17,14987,OFF-005
AUTH-000269,ATT-000286,BEN-0023,Plus,2025-02,2025-02-16,8151,OFF-002
AUTH-001387,ATT-001463,BEN-0122,Vocational,2025-08,2025-08-13,9896,OFF-005
AUTH-001693,ATT-001775,BEN-0147,Vocational,2025-10,2025-10-12,10010,OFF-010
AUTH-000848,ATT-000892,BEN-0074,Scholarship,2025-01,2025-01-10,15139,OFF-010
AUTH-001742,ATT-001826,BEN-0151,Vocational,2026-04,2026-04-19," KES 10,078 ",OFF-013
AUTH-001081,ATT-001149,BEN-0094,Plus,2025-04,2025-04-22,8002,OFF-006
AUTH-001151,ATT-001221,BEN-0100,Plus,2025-12,2025-12-11," KES 8,067 ",OFF-001
AUTH-000735,ATT-000776,BEN-0065,Plus,2026-03,2026-03-27,7953,OFF-002
AUTH-002060,ATT-002166,BEN-0179,Tech,2025-12,2025-12-20,11794,OFF-001
AUTH-002148,ATT-002262,BEN-0188,Scholarship,2026-05,2026-05-09,15022,OFF-005
AUTH-000824,ATT-000868,BEN-0073,Scholarship,2025-04,2025-04-22,15105,OFF-015
AUTH-002114,ATT-002227,BEN-0184,Tech,2025-11,2025-11-18,11778,OFF-003
AUTH-000895,ATT-000939,BEN-0078,Plus,2026-01,2026-01-04,7956,OFF-015
AUTH-000937,ATT-000984,BEN-0082,Vocational,2025-05,2025-05-11,9993,OFF-014
AUTH-000449,ATT-000475,BEN-0040,Scholarship,2025-01,2025-01-30,15070,OFF-014
AUTH-001623,ATT-001704,BEN-0141,Plus,2025-05,2025-05-19,7932,OFF-010
AUTH-001545,ATT-001624,BEN-0135,Vocational,2025-03,2025-03-25,9938,OFF-007
AUTH-000628,ATT-000665,BEN-0056,Plus,2025-01,2025-01-28,7962,OFF-005
AUTH-000267,ATT-000284,BEN-0022,Scholarship,2025-02,2025-02-09,15108,OFF-008
AUTH-000851,ATT-000895,BEN-0075,Scholarship,2025-01,2025-01-15,14933,OFF-012
AUTH-000199,ATT-000210,BEN-0016,Vocational,2025-02,2025-02-17,9974,OFF-008
AUTH-002020,ATT-002124,BEN-0176,Scholarship,2025-08,2025-08-16,14701,OFF-001
AUTH-000730,ATT-000771,BEN-0064,Tech,2025-09,2025-09-11," KES 12,186 ",OFF-001
AUTH-000412,ATT-000437,BEN-0037,Plus,2026-05,2026-05-19,8099,OFF-007
AUTH-000827,ATT-000871,BEN-0073,Scholarship,2025-06,2025-06-25,15069,OFF-015
AUTH-000392,ATT-000417,BEN-0035,Plus,2025-12,2025-12-28,8060,OFF-008
AUTH-000660,ATT-000697,BEN-0059,Vocational,2026-06,2026-06-21," KES 10,087 ",OFF-013
AUTH-000592,ATT-000628,BEN-0052,Vocational,2025-01,2025-01-03,9838,OFF-006
AUTH-001443,ATT-001521,BEN-0127,Vocational,2025-05,2025-05-11,10163,OFF-012
AUTH-000302,ATT-000321,BEN-0026,Tech,2025-01,2025-01-28,12052,OFF-007
AUTH-000939,ATT-000986,BEN-0082,Vocational,2025-02,2025-02-27,10170,OFF-014
AUTH-001767,ATT-001851,BEN-0154,Plus,2026-01,2026-01-26,7946,OFF-005
AUTH-001171,ATT-001241,BEN-0102,Plus,2025-01,2025-01-31,7996,OFF-013
AUTH-001012,ATT-001072,BEN-0089,Vocational,2025-08,2025-08-28,10105,OFF-009
AUTH-001996,ATT-002099,BEN-0174,Plus,2025-10,2025-10-13,8038,OFF-002
AUTH-001023,ATT-001083,BEN-0089,Vocational,2025-02,2025-03-01,9871,OFF-009
AUTH-001471,ATT-001549,BEN-0129,Tech,2025-07,2025-07-31," KES 11,978 ",OFF-003
AUTH-001516,ATT-001595,BEN-0132,Scholarship,2026-02,2026-02-26,15155,OFF-009
AUTH-002230,ATT-002346,BEN-0196,Vocational,2025-04,2025-04-07,10119,OFF-004
AUTH-001405,ATT-001481,BEN-0123,Tech,2025-07,2025-07-11,12073,OFF-012
AUTH-000217,ATT-000229,BEN-0018,Tech,2025-09,2025-09-18,11945,OFF-008
AUTH-001413,ATT-001489,BEN-0124,Scholarship,2026-03,2026-03-03,14950,OFF-012
AUTH-001793,ATT-001878,BEN-0155,Vocational,2025-08,2025-08-25,10026,OFF-004
AUTH-000924,ATT-000970,BEN-0081,Plus,2025-09,2025-09-21,7873,OFF-005
AUTH-000867,ATT-000911,BEN-0076,Vocational,2025-04,2025-04-24,10087,OFF-015
AUTH-000349,ATT-000371,BEN-0030,Scholarship,2025-02,,15261,OFF-011
AUTH-001491,ATT-001570,BEN-0131,Tech,2025-04,2025-04-18,12101,OFF-004
AUTH-001069,ATT-001135,BEN-0093,Tech,2025-03,10/03/2025,11897,OFF-013
AUTH-001068,ATT-001132,BEN-0093,Tech,2026-02,2026-02-16,12013,OFF-013
AUTH-001966,ATT-002069,BEN-0171,Plus,2025-05,2025-05-07,8064,OFF-004
AUTH-001902,ATT-001997,BEN-0166,Plus,2025-06,2025-06-13," KES 7,889 ",OFF-001
AUTH-000176,ATT-000186,BEN-0014,Scholarship,2025-04,2025-04-06,14777,OFF-013
AUTH-000421,ATT-000446,BEN-0038,Plus,2025-05,2025-05-22,8117,OFF-012
AUTH-001351,ATT-001424,BEN-0120,Plus,2025-04,2025-04-28,8135,OFF-015
AUTH-000184,ATT-000194,BEN-0015,Vocational,2026-05,2026-05-25,10180,OFF-012
AUTH-002073,ATT-002179,BEN-0180,Scholarship,2025-07,2025-07-03,14839,OFF-010
AUTH-001677,ATT-001759,BEN-0146,Scholarship,2025-04,2025-04-15,15171,OFF-015
AUTH-000883,ATT-000927,BEN-0077,Scholarship,2025-05,2025-05-06,15253,OFF-003
AUTH-000516,ATT-000550,BEN-0047,Scholarship,2025-11,2025-11-23,14748,OFF-008
AUTH-002026,ATT-002131,BEN-0177,Scholarship,2026-02,2026-02-07,14899,OFF-002
AUTH-000724,ATT-000765,BEN-0064,Tech,2025-03,2025-03-24,12203,OFF-001
AUTH-002272,ATT-002390,BEN-0200,Vocational,2025-07,2025-07-13," KES 10,059 ",OFF-011
AUTH-001159,ATT-001229,BEN-0101,Scholarship,2025-03,2025-03-14,14854,OFF-004
AUTH-001155,ATT-001225,BEN-0101,Scholarship,2025-08,2025-08-07,15116,OFF-004
AUTH-000146,ATT-000152,BEN-0012,Plus,2026-05,2026-05-19,7862,OFF-007
AUTH-001899,ATT-001994,BEN-0166,Plus,2026-05,01/06/2026,8132,OFF-001
AUTH-001118,ATT-001187,BEN-0097,Scholarship,2026-03,2026-03-09,14768,OFF-010
AUTH-000865,ATT-000909,BEN-0076,Vocational,2025-03,,9800,OFF-015
AUTH-001820,ATT-001906,BEN-0158,Scholarship,2025-03,2025-03-10,14709,OFF-014
AUTH-001473,ATT-001551,BEN-0129,Tech,2025-01,2025-01-30,12065,OFF-003
AUTH-001643,ATT-001724,BEN-0143,Scholarship,2025-01,2025-01-14,14740,OFF-012
AUTH-001944,ATT-002046,BEN-0169,Vocational,2025-01,2025-01-19,9862,OFF-008
AUTH-001464,ATT-001542,BEN-0129,Tech,2025-03,2025-04-01,12157,OFF-003
AUTH-001710,ATT-001792,BEN-0149,Vocational,2025-09,2025-09-09,10131,OFF-005
AUTH-001350,ATT-001423,BEN-0119,Scholarship,2025-11,2025-11-24,14703,OFF-010
AUTH-001482,ATT-001560,BEN-0130,Vocational,2026-06,2026-06-06,9815,OFF-002
AUTH-001760,ATT-001844,BEN-0153,Vocational,2026-02,2026-03-01,9966,OFF-010
AUTH-001418,ATT-001494,BEN-0125,Vocational,2025-05,2025-05-20,9892,OFF-014
AUTH-001487,ATT-001565,BEN-0130,Vocational,2025-09,2025-09-09,9835,OFF-002
AUTH-000315,ATT-000334,BEN-0027,Plus,2025-08,2025-08-06,8080,OFF-004
AUTH-001919,ATT-002016,BEN-0168,Scholarship,2026-05,2026-05-07,15013,OFF-013
AUTH-002080,ATT-002191,BEN-0182,Plus,2025-12,2025-12-29,8095,OFF-004
AUTH-001780,ATT-001864,BEN-0155,Vocational,2025-07,2025-07-08,9898,OFF-004
AUTH-001194,ATT-001265,BEN-0104,Plus,2025-01,2025-01-29,7855,OFF-007
AUTH-000441,ATT-000466,BEN-0040,Scholarship,2026-02,2026-02-12,14766,OFF-014
AUTH-001529,ATT-001608,BEN-0134,Scholarship,2025-08,2025-08-17,15177,OFF-003
AUTH-000497,ATT-000527,BEN-0045,Scholarship,2025-02,2025-02-03,15176,OFF-014
AUTH-002048,ATT-002154,BEN-0179,Tech,2025-11,2025-11-15,11760,OFF-001
AUTH-001964,ATT-002067,BEN-0171,Plus,2025-12,2025-12-18,7868,OFF-004
AUTH-000882,ATT-000926,BEN-0077,Scholarship,2025-04,2025-04-10,15123,OFF-003
AUTH-002120,ATT-002233,BEN-0185,Tech,2026-03,2026-03-28,12122,OFF-013
AUTH-000959,ATT-001012,BEN-0084,Scholarship,2025-06,2025-06-24,14736,OFF-008
AUTH-002125,ATT-002239,BEN-0186,Vocational,2026-05,2026-06-01,9864,OFF-011
AUTH-001257,ATT-001330,BEN-0111,Scholarship,2026-03,2026-03-07,14713,OFF-002
AUTH-001235,ATT-001307,BEN-0108,Vocational,2025-10,2025-10-10,9805,OFF-006
AUTH-001407,ATT-001483,BEN-0123,Tech,2025-08,2025-08-17,11802,OFF-012
AUTH-002154,ATT-002268,BEN-0188,Scholarship,2026-02,2026-02-24,15263,OFF-005
AUTH-001835,ATT-001925,BEN-0159,Plus,2025-03,2025-03-07,7997,OFF-009
AUTH-002097,ATT-002210,BEN-0183,Scholarship,2025-03,2025-03-10,14968,OFF-014
AUTH-002246,ATT-002364,BEN-0197,Plus,2025-06,2025-06-30,8119,OFF-006
AUTH-002215,ATT-002331,BEN-0195,Scholarship,2026-03,2026-03-28,15257,OFF-002
AUTH-001701,ATT-001783,BEN-0148,Plus,2025-09,2025-09-09,8056,OFF-012
AUTH-001294,ATT-001367,BEN-0114,Scholarship,2026-01,2026-01-12,15149,OFF-006
AUTH-001790,ATT-001875,BEN-0155,Vocational,2026-05,2026-05-11," KES 9,860 ",OFF-004
AUTH-000887,ATT-000931,BEN-0077,Scholarship,2025-01,2025-01-31,15036,OFF-003
AUTH-000109,ATT-000110,BEN-0009,Plus,2025-10,2025-10-19,8018,OFF-005
AUTH-000246,ATT-000262,BEN-0020,Plus,2025-05,2025-05-21,8075,OFF-002
AUTH-001779,ATT-001863,BEN-0155,Vocational,2025-04,2025-04-29," KES 10,084 ",OFF-004
AUTH-002022,ATT-002126,BEN-0176,Scholarship,2025-10,2025-10-17,15068,OFF-001
AUTH-000147,ATT-000153,BEN-0012,Plus,2025-04,2025-04-29,7972,OFF-007
AUTH-001721,ATT-001803,BEN-0150,Vocational,2025-04,2025-04-19,9979,OFF-010
AUTH-001579,ATT-001659,BEN-0137,Vocational,2025-03,2025-03-13,10028,OFF-002
AUTH-001365,ATT-001440,BEN-0121,Plus,2025-06,2025-06-23,7856,OFF-013
AUTH-000009,ATT-000010,BEN-0001,Tech,2026-03,2026-03-16,11778,OFF-008
AUTH-001433,ATT-001511,BEN-0126,Vocational,2025-07,2025-07-17,9805,OFF-013
AUTH-001812,ATT-001897,BEN-0157,Plus,2026-02,2026-02-07,7943,OFF-012
AUTH-001300,ATT-001373,BEN-0115,Plus,2025-04,2025-04-15," KES 8,107 ",OFF-004
AUTH-000208,ATT-000219,BEN-0017,Scholarship,2025-01,2025-01-02,14889,OFF-007
AUTH-001544,ATT-001623,BEN-0134,Scholarship,2026-03,2026-03-09,14774,OFF-003
AUTH-001110,ATT-001179,BEN-0096,Plus,2025-02,2025-03-04," KES 8,069 ",OFF-005
AUTH-001125,ATT-001194,BEN-0097,Scholarship,2026-06,2026-06-09,14927,OFF-010
AUTH-000923,ATT-000969,BEN-0081,Plus,2025-08,2025-08-14,7844,OFF-005
AUTH-000383,ATT-000407,BEN-0034,Tech,2025-09,09/09/2025,11953,OFF-009
AUTH-000187,ATT-000197,BEN-0015,Vocational,2026-02,2026-02-13,10147,OFF-012
AUTH-001530,ATT-001609,BEN-0134,Scholarship,2025-01,2025-01-08,15213,OFF-003
AUTH-000539,ATT-000573,BEN-0049,Scholarship,2025-09,2025-09-17,14711,OFF-008
AUTH-001771,ATT-001855,BEN-0154,Plus,2025-06,2025-06-04,7919,OFF-005
AUTH-001375,ATT-001451,BEN-0122,Vocational,2026-03,2026-04-01,9978,OFF-005
AUTH-000762,ATT-000803,BEN-0067,Scholarship,2025-05,2025-05-12,15168,OFF-015
AUTH-000992,ATT-001047,BEN-0087,Plus,2025-01,2025-01-05,7902,OFF-014
AUTH-000602,ATT-000639,BEN-0054,Vocational,2025-11,,9909,OFF-003
AUTH-001196,ATT-001267,BEN-0105,Scholarship,2026-03,2026-03-18,15090,OFF-012
AUTH-001449,ATT-001527,BEN-0127,Vocational,2025-04,2025-04-09,9938,OFF-012
AUTH-001247,ATT-001320,BEN-0110,Vocational,2025-03,2025-03-11,9905,OFF-005
AUTH-002112,ATT-002225,BEN-0184,Tech,2025-04,2025-04-29,12186,OFF-003
AUTH-001501,ATT-001580,BEN-0131,Tech,2025-03,2025-03-09,12083,OFF-004
AUTH-000192,ATT-000202,BEN-0016,Vocational,2026-02,,9886,OFF-008
AUTH-000076,ATT-000077,BEN-0006,Vocational,2026-01,,9910,OFF-012
AUTH-000914,ATT-000958,BEN-0079,Plus,2025-04,2025-04-23,8042,OFF-002
AUTH-001889,ATT-001982,BEN-0164,Scholarship,2025-09,2025-09-12,15260,OFF-005
AUTH-001734,ATT-001816,BEN-0151,Vocational,2025-06,12/06/2025,9934,OFF-013
AUTH-000858,ATT-000902,BEN-0075,Scholarship,2025-10,2025-10-07,15137,OFF-012
AUTH-001557,ATT-001636,BEN-0136,Vocational,2025-07,2025-07-26,10198,OFF-008
AUTH-000631,ATT-000668,BEN-0056,Plus,2026-05,2026-05-07,7851,OFF-005
AUTH-000543,ATT-000578,BEN-0049,Scholarship,2026-02,2026-02-22,14851,OFF-008
AUTH-001834,ATT-001924,BEN-0159,Plus,2025-12,2025-12-10,8056,OFF-009
AUTH-000712,ATT-000752,BEN-0063,Tech,2026-01,2026-01-29,12059,OFF-007
AUTH-001133,ATT-001202,BEN-0098,Vocational,2026-03,2026-03-21,10024,OFF-015
AUTH-000356,ATT-000379,BEN-0031,Vocational,2025-02,2025-02-05,9913,OFF-008
AUTH-000078,ATT-000079,BEN-0006,Vocational,2025-09,2025-09-30,9948,OFF-012
AUTH-001731,ATT-001813,BEN-0151,Vocational,2025-01,2025-01-22,10020,OFF-013
AUTH-001925,ATT-002025,BEN-0168,Scholarship,2026-02,2026-02-06,14728,OFF-013
AUTH-002214,ATT-002330,BEN-0195,Scholarship,2025-04,2025-04-19,14797,OFF-002
AUTH-000938,ATT-000985,BEN-0082,Vocational,2025-01,2025-01-14,10115,OFF-014
AUTH-001319,ATT-001392,BEN-0116,Plus,2026-02,2026-02-12,8111,OFF-002
AUTH-002237,ATT-002353,BEN-0197,Plus,2025-02,2025-03-02,7907,OFF-006
AUTH-001999,ATT-002102,BEN-0175,Vocational,2025-05,2025-05-27,10165,OFF-002
AUTH-000760,ATT-000801,BEN-0067,Scholarship,2026-05,14/05/2026,15178,OFF-015
AUTH-001678,ATT-001760,BEN-0146,Scholarship,2026-06,2026-06-13,15089,OFF-015
AUTH-001225,ATT-001296,BEN-0107,Plus,2026-04,2026-04-05,7989,OFF-002
AUTH-000213,ATT-000225,BEN-0018,Tech,2026-03,2026-03-06,11904,OFF-008
AUTH-001074,ATT-001140,BEN-0094,Plus,2025-07,2025-07-13,7882,OFF-006
AUTH-001010,ATT-001070,BEN-0088,Scholarship,2025-05,2025-05-05,14779,OFF-002
AUTH-000718,ATT-000758,BEN-0063,Tech,2026-06,2026-06-21,11968,OFF-007
AUTH-001802,ATT-001887,BEN-0156,Scholarship,2025-02,2025-02-11,15035,OFF-010
AUTH-000240,ATT-000256,BEN-0020,Plus,2026-05,2026-05-21,8073,OFF-002
AUTH-000523,ATT-000557,BEN-0048,Tech,2025-11,2025-11-23,12066,OFF-006
AUTH-001135,ATT-001204,BEN-0098,Vocational,2026-02,2026-02-10,9905,OFF-015
AUTH-000043,ATT-000044,BEN-0004,Plus,2025-02,2025-02-11,8101,OFF-001
AUTH-001121,ATT-001190,BEN-0097,Scholarship,2026-04,2026-04-14,15256,OFF-010
AUTH-000345,ATT-000367,BEN-0030,Scholarship,2026-04,2026-04-23,15137,OFF-011
AUTH-000329,ATT-000350,BEN-0029,Vocational,2026-02,2026-02-11,9910,OFF-006
AUTH-000372,ATT-000395,BEN-0033,Plus,2025-11,2025-11-21,7935,OFF-001
AUTH-001596,ATT-001677,BEN-0139,Vocational,2025-07,2025-08-01,10048,OFF-003
AUTH-001921,ATT-002018,BEN-0168,Scholarship,2025-03,2025-03-27,14706,OFF-013
AUTH-000684,ATT-000721,BEN-0060,Plus,2025-04,2025-04-17,8104,OFF-012
AUTH-000536,ATT-000570,BEN-0048,Tech,2026-02,2026-02-20,12140,OFF-006
AUTH-001396,ATT-001472,BEN-0123,Tech,2026-05,2026-05-31,11930,OFF-012
AUTH-000668,ATT-000705,BEN-0059,Vocational,2025-10,2025-10-10,9992,OFF-013
AUTH-000308,ATT-000327,BEN-0027,Plus,2025-07,2025-07-26,8124,OFF-004
AUTH-001272,ATT-001345,BEN-0113,Scholarship,2025-10,2025-10-05,14867,OFF-007
AUTH-000501,ATT-000531,BEN-0045,Scholarship,2025-05,2025-05-29,15152,OFF-014
AUTH-001448,ATT-001526,BEN-0127,Vocational,2025-02,2025-02-28,10045,OFF-012
AUTH-001461,ATT-001539,BEN-0128,Tech,2025-04,2025-05-03,11849,OFF-003
AUTH-000363,ATT-000386,BEN-0032,Vocational,2026-06,2026-06-10,10048,OFF-005
AUTH-001227,ATT-001298,BEN-0107,Plus,2025-02,2025-02-11,7992,OFF-002
AUTH-001604,ATT-001685,BEN-0139,Vocational,2025-06,2025-06-29,9911,OFF-003
AUTH-001373,ATT-001448,BEN-0121,Plus,2025-07,2025-08-01,8155,OFF-013
AUTH-000503,ATT-000535,BEN-0046,Tech,2025-11,2025-11-23,11920,OFF-012
AUTH-000957,ATT-001010,BEN-0084,Scholarship,2025-01,2025-01-10,14809,OFF-008
AUTH-002179,ATT-002295,BEN-0191,Vocational,2025-02,2025-02-21,10052,OFF-012
AUTH-002153,ATT-002267,BEN-0188,Scholarship,2025-03,2025-03-28,15072,OFF-005
AUTH-001505,ATT-001584,BEN-0132,Scholarship,2025-05,,15164,OFF-009
AUTH-001803,ATT-001888,BEN-0156,Scholarship,2025-05,2025-05-30,15013,OFF-010
AUTH-000613,ATT-000650,BEN-0055,Tech,2025-04,2025-04-27,11881,OFF-015
AUTH-000767,ATT-000808,BEN-0068,Tech,2026-06,2026-06-18,12012,OFF-006
AUTH-000191,ATT-000201,BEN-0016,Vocational,2025-05,2025-05-25,10116,OFF-008
AUTH-001327,ATT-001400,BEN-0117,Vocational,2025-06,13/06/2025,10055,OFF-005
AUTH-001611,ATT-001692,BEN-0140,Plus,2026-01,2026-01-12,7936,OFF-015
AUTH-001548,ATT-001627,BEN-0135,Vocational,2025-01,2025-01-14," KES 9,909 ",OFF-007
AUTH-001380,ATT-001456,BEN-0122,Vocational,2025-07,2025-07-18,9813,OFF-005
AUTH-000866,ATT-000910,BEN-0076,Vocational,2026-01,2026-01-12,10184,OFF-015
AUTH-001432,ATT-001510,BEN-0126,Vocational,2026-04,2026-04-14,9917,OFF-013
AUTH-000732,ATT-000773,BEN-0064,Tech,2025-05,2025-05-23,11922,OFF-001
AUTH-000960,ATT-001013,BEN-0084,Scholarship,2026-02,2026-03-01,15157,OFF-008
AUTH-000962,ATT-001016,BEN-0084,Scholarship,2026-01,2026-01-21,15036,OFF-008
AUTH-001619,ATT-001700,BEN-0141,Plus,2026-01,," KES 7,844 ",OFF-010
AUTH-000494,ATT-000523,BEN-0044,Scholarship,2025-11,2025-11-10,15070,OFF-012
AUTH-002044,ATT-002150,BEN-0178,Plus,2025-12,2025-12-09," KES 8,142 ",OFF-005
AUTH-002239,ATT-002355,BEN-0197,Plus,2025-01,2025-01-11,8044,OFF-006
AUTH-000390,ATT-000415,BEN-0035,Plus,2025-03,2025-03-07," KES 8,099 ",OFF-008
AUTH-001748,ATT-001832,BEN-0152,Vocational,2025-01,2025-01-18,9886,OFF-007
AUTH-000099,ATT-000100,BEN-0008,Plus,2025-11,2025-11-10,7885,OFF-015
AUTH-002129,ATT-002243,BEN-0186,Vocational,2025-10,2025-10-26,9956,OFF-011
AUTH-001575,ATT-001655,BEN-0137,Vocational,2025-06,2025-06-14," KES 9,844 ",OFF-002
AUTH-000823,ATT-000867,BEN-0073,Scholarship,2025-07,2025-07-19,15075,OFF-015
AUTH-000618,ATT-000655,BEN-0055,Tech,2025-08,2025-08-17,11802,OFF-015
AUTH-001608,ATT-001689,BEN-0139,Vocational,2025-10,2025-10-21,10023,OFF-003
AUTH-001108,ATT-001177,BEN-0096,Plus,2026-01,2026-01-10,8093,OFF-005
AUTH-000710,ATT-000750,BEN-0063,Tech,2025-02,2025-02-04,12141,OFF-007
AUTH-001848,ATT-001939,BEN-0161,Scholarship,2026-03,2026-03-19,15002,OFF-007
AUTH-002206,ATT-002322,BEN-0193,Tech,2025-02,2025-02-06,11968,OFF-010
AUTH-000489,ATT-000518,BEN-0044,Scholarship,2025-12,2025-12-18,15149,OFF-012
AUTH-000973,ATT-001027,BEN-0085,Scholarship,2026-01,2026-01-17,15118,OFF-012
AUTH-000612,ATT-000649,BEN-0055,Tech,2025-03,2025-03-08,11971,OFF-015
AUTH-000850,ATT-000894,BEN-0075,Scholarship,2025-07,2025-07-28,15165,OFF-012
AUTH-001657,ATT-001739,BEN-0144,Scholarship,2025-09,2025-09-24,14943,OFF-011
AUTH-002123,ATT-002237,BEN-0185,Tech,2026-05,2026-05-19,11826,OFF-013
AUTH-000688,ATT-000725,BEN-0061,Scholarship,2026-01,2026-01-11," KES 15,023 ",OFF-008
AUTH-001582,ATT-001662,BEN-0137,Vocational,2025-05,2025-05-16,9858,OFF-002
AUTH-001559,ATT-001638,BEN-0136,Vocational,2025-10,,10062,OFF-008
AUTH-001314,ATT-001387,BEN-0116,Plus,2025-01,2025-01-28,8066,OFF-002
AUTH-002028,ATT-002134,BEN-0177,Scholarship,2025-01,2025-01-03,14776,OFF-002
AUTH-001348,ATT-001421,BEN-0119,Scholarship,2025-06,2025-06-07,14935,OFF-010
AUTH-000492,ATT-000521,BEN-0044,Scholarship,2025-08,2025-08-25,14914,OFF-012
AUTH-001857,ATT-001948,BEN-0161,Scholarship,2025-10,,15021,OFF-007
AUTH-000502,ATT-000532,BEN-0045,Scholarship,2026-04,2026-04-27,14965,OFF-014
AUTH-001273,ATT-001346,BEN-0113,Scholarship,2026-02,2026-03-04,15230,OFF-007
AUTH-002152,ATT-002266,BEN-0188,Scholarship,2025-07,2025-07-19,15202,OFF-005
AUTH-001956,ATT-002059,BEN-0170,Plus,2025-03,2025-03-14,8040,OFF-006
AUTH-001843,ATT-001934,BEN-0160,Plus,2026-04,2026-05-02,8114,OFF-014
AUTH-001045,ATT-001107,BEN-0091,Tech,2025-03,2025-03-24,11925,OFF-003
AUTH-001555,ATT-001634,BEN-0136,Vocational,2026-02,2026-02-18,10091,OFF-008
AUTH-000183,ATT-000193,BEN-0015,Vocational,2025-03,27/03/2025,9950,OFF-012
AUTH-000596,ATT-000632,BEN-0053,Plus,2025-08,2025-08-05,8137,OFF-001
AUTH-002268,ATT-002386,BEN-0200,Vocational,2025-02,2025-02-20,10050,OFF-011
AUTH-000203,ATT-000214,BEN-0017,Scholarship,2025-07,2025-07-17,14938,OFF-007
AUTH-001543,ATT-001622,BEN-0134,Scholarship,2025-04,2025-04-14,15294,OFF-003
AUTH-002086,ATT-002197,BEN-0182,Plus,2025-07,2025-07-18,8026,OFF-004
AUTH-000593,ATT-000629,BEN-0052,Vocational,2025-02,2025-02-21,9812,OFF-006
AUTH-001361,ATT-001434,BEN-0121,Plus,2026-04,2026-04-07,7885,OFF-013
AUTH-002170,ATT-002285,BEN-0190,Plus,2025-05,2025-05-12,8050,OFF-004
AUTH-001058,ATT-001121,BEN-0092,Scholarship,2025-12,2025-12-26,15177,OFF-008
AUTH-000605,ATT-000642,BEN-0054,Vocational,2025-12,2025-12-07,10026,OFF-003
AUTH-000624,ATT-000661,BEN-0056,Plus,2025-03,2025-03-24,7922,OFF-005
AUTH-000145,ATT-000151,BEN-0012,Plus,2025-11,2025-11-16,7904,OFF-007
AUTH-000891,ATT-000935,BEN-0077,Scholarship,2025-02,2025-02-16," KES 15,233 ",OFF-003
AUTH-001261,ATT-001334,BEN-0112,Scholarship,2026-06,,14912,OFF-007
AUTH-000027,ATT-000028,BEN-0003,Tech,2025-06,2025-06-09,12209,OFF-005
AUTH-001987,ATT-002090,BEN-0174,Plus,2026-03,2026-03-26," KES 7,904 ",OFF-002
AUTH-001983,ATT-002086,BEN-0174,Plus,2026-05,2026-05-27,7964,OFF-002
AUTH-001065,ATT-001129,BEN-0093,Tech,2025-04,2025-04-21,12038,OFF-013
AUTH-000140,ATT-000146,BEN-0011,Plus,2026-04,2026-04-19," KES 7,894 ",OFF-001
AUTH-001618,ATT-001699,BEN-0141,Plus,2025-07,20/07/2025,7862,OFF-010
AUTH-000142,ATT-000148,BEN-0011,Plus,2025-08,2025-08-23,7895,OFF-001
AUTH-000434,ATT-000459,BEN-0039,Vocational,2025-10,,9858,OFF-006
AUTH-000747,ATT-000788,BEN-0066,Vocational,2026-03,2026-03-26,9834,OFF-007
AUTH-001775,ATT-001859,BEN-0154,Plus,2025-10,2025-10-29,8008,OFF-005
AUTH-001376,ATT-001452,BEN-0122,Vocational,2025-05,2025-05-18,9992,OFF-005
AUTH-000401,ATT-000426,BEN-0036,Plus,2025-09,2025-09-25,7999,OFF-012
AUTH-000110,ATT-000111,BEN-0009,Plus,2025-04,2025-04-17,7911,OFF-005
AUTH-001717,ATT-001799,BEN-0149,Vocational,2026-04,2026-04-15,10132,OFF-005
AUTH-001697,ATT-001779,BEN-0148,Plus,2025-08,2025-08-08,7960,OFF-012
AUTH-000376,ATT-000400,BEN-0033,Plus,2026-02,,8010,OFF-001
AUTH-001063,ATT-001127,BEN-0093,Tech,2025-02,2025-02-21,12094,OFF-013
AUTH-000037,ATT-000038,BEN-0004,Plus,2025-12,2025-12-06,8020,OFF-001
AUTH-001453,ATT-001531,BEN-0128,Tech,2025-11,2025-11-26,12058,OFF-003
AUTH-000263,ATT-000279,BEN-0022,Scholarship,2025-11,2025-11-13,15255,OFF-008
AUTH-001366,ATT-001441,BEN-0121,Plus,2025-04,2025-04-23,7863,OFF-013
AUTH-002254,ATT-002372,BEN-0198,Vocational,2026-04,2026-04-26,10093,OFF-011
AUTH-000986,ATT-001040,BEN-0086,Plus,2026-01,2026-01-12,8019,OFF-004
AUTH-000896,ATT-000940,BEN-0078,Plus,2026-04,2026-04-16,8027,OFF-015
AUTH-001116,ATT-001185,BEN-0097,Scholarship,2025-01,2025-01-23,14721,OFF-010
AUTH-000454,ATT-000480,BEN-0041,Plus,2025-12,29/12/2025,8020,OFF-007
AUTH-001168,ATT-001238,BEN-0101,Scholarship,2025-10,21/10/2025,15273,OFF-004
AUTH-001609,ATT-001690,BEN-0140,Plus,2025-02,2025-02-21,7975,OFF-015
AUTH-001078,ATT-001145,BEN-0094,Plus,2026-04,2026-04-05,8020,OFF-006
AUTH-000987,ATT-001041,BEN-0086,Plus,2025-06,2025-06-05,8086,OFF-004
AUTH-000994,ATT-001052,BEN-0087,Plus,2026-05,21/05/2026,8117,OFF-014
AUTH-000648,ATT-000685,BEN-0058,Plus,2025-04,2025-04-22,7872,OFF-015
AUTH-001218,ATT-001289,BEN-0106,Scholarship,2026-03,2026-03-16,14701,OFF-007
AUTH-000601,ATT-000638,BEN-0054,Vocational,2025-05,2025-05-25,9996,OFF-003
AUTH-002155,ATT-002270,BEN-0189,Tech,2026-03,2026-03-28,11896,OFF-002
AUTH-000888,ATT-000932,BEN-0077,Scholarship,2025-11,2025-11-25,15297,OFF-003
AUTH-001535,ATT-001614,BEN-0134,Scholarship,2026-04,2026-04-13,14793,OFF-003
AUTH-000144,ATT-000150,BEN-0012,Plus,2025-02,2025-03-01,7937,OFF-007
AUTH-000452,ATT-000478,BEN-0041,Plus,2025-04,2025-04-11,7986,OFF-007
AUTH-000588,ATT-000623,BEN-0052,Vocational,2025-05,2025-05-26,10078,OFF-006
AUTH-001809,ATT-001894,BEN-0157,Plus,2026-05,2026-05-09,8007,OFF-012
AUTH-000876,ATT-000920,BEN-0076,Vocational,2025-06,2025-06-02,10084,OFF-015
AUTH-000751,ATT-000792,BEN-0067,Scholarship,2025-11,09/11/2025,14786,OFF-015
AUTH-000533,ATT-000567,BEN-0048,Tech,2025-07,2025-07-04,12070,OFF-006
AUTH-001142,ATT-001212,BEN-0099,Scholarship,2025-05,2025-05-16,14867,OFF-004
AUTH-000749,ATT-000790,BEN-0066,Vocational,2025-06,2025-06-09,10045,OFF-007
AUTH-001468,ATT-001546,BEN-0129,Tech,2026-01,2026-01-13,12055,OFF-003
AUTH-002202,ATT-002318,BEN-0193,Tech,2025-06,2025-06-28,12018,OFF-010
AUTH-001603,ATT-001684,BEN-0139,Vocational,2026-06,2026-06-17,10077,OFF-003
AUTH-001359,ATT-001432,BEN-0120,Plus,2025-11,2025-11-13,8075,OFF-015
AUTH-000763,ATT-000804,BEN-0067,Scholarship,2025-01,2025-01-19,15039,OFF-015
AUTH-002213,ATT-002329,BEN-0194,Plus,2025-07,2025-08-02,8134,OFF-012
AUTH-000590,ATT-000626,BEN-0052,Vocational,2025-08,2025-08-11,10142,OFF-006
AUTH-001233,ATT-001305,BEN-0108,Vocational,2025-03,2025-03-23,10045,OFF-006
AUTH-001326,ATT-001399,BEN-0117,Vocational,2025-04,10/04/2025,9900,OFF-005
AUTH-001532,ATT-001611,BEN-0134,Scholarship,2025-12,2025-12-06,15216,OFF-003
AUTH-002116,ATT-002229,BEN-0184,Tech,2025-07,2025-07-23,11834,OFF-003
AUTH-001075,ATT-001141,BEN-0094,Plus,2026-03,2026-03-13,8037,OFF-006
AUTH-001269,ATT-001342,BEN-0112,Scholarship,2025-08,28/08/2025,15063,OFF-007
AUTH-000325,ATT-000346,BEN-0028,Vocational,2025-07,2025-07-14,9945,OFF-004
AUTH-001564,ATT-001643,BEN-0136,Vocational,2025-02,2025-02-28,10166,OFF-008
AUTH-001982,ATT-002085,BEN-0174,Plus,2025-02,2025-02-11,8117,OFF-002
AUTH-000300,ATT-000319,BEN-0026,Tech,2026-05,2026-05-24,12125,OFF-007
AUTH-000574,ATT-000609,BEN-0051,Vocational,2026-03,24/03/2026,10058,OFF-010
AUTH-001674,ATT-001756,BEN-0146,Scholarship,2026-05,03/05/2026,14890,OFF-015
AUTH-000557,ATT-000592,BEN-0050,Scholarship,2026-04,2026-04-22,14990,OFF-009
AUTH-001704,ATT-001786,BEN-0148,Plus,2026-06,2026-06-22,8073,OFF-012
AUTH-002047,ATT-002153,BEN-0179,Tech,2026-05,2026-05-20,12161,OFF-001
AUTH-000012,ATT-000013,BEN-0001,Tech,2025-01,2025-01-16,12005,OFF-008
AUTH-001353,ATT-001426,BEN-0120,Plus,2025-01,2025-01-30,8038,OFF-015
AUTH-001112,ATT-001181,BEN-0097,Scholarship,2025-09,2025-09-16,14861,OFF-010
AUTH-001150,ATT-001220,BEN-0100,Plus,2025-05,2025-06-02,8007,OFF-001
AUTH-001891,ATT-001984,BEN-0164,Scholarship,2026-05,2026-05-26,15122,OFF-005
AUTH-001518,ATT-001597,BEN-0132,Scholarship,2025-10,2025-10-11,15285,OFF-009
AUTH-002172,ATT-002287,BEN-0190,Plus,2025-07,2025-07-28,7928,OFF-004
AUTH-000698,ATT-000735,BEN-0062,Tech,2025-05,2025-05-19,11862,OFF-014
AUTH-001865,ATT-001956,BEN-0162,Scholarship,2025-02,2025-02-11,14839,OFF-011
AUTH-001391,ATT-001467,BEN-0122,Vocational,2026-04,2026-04-24,9877,OFF-005
AUTH-001055,ATT-001118,BEN-0092,Scholarship,2025-04,2025-04-27,14702,OFF-008
AUTH-000258,ATT-000274,BEN-0022,Scholarship,2025-10,2025-10-14,15192,OFF-008
AUTH-001124,ATT-001193,BEN-0097,Scholarship,2026-02,2026-02-13,14993,OFF-010
AUTH-001128,ATT-001197,BEN-0098,Vocational,2026-04,2026-04-23," KES 9,923 ",OFF-015
AUTH-000950,ATT-001003,BEN-0083,Plus,2025-12,2025-12-12,7900,OFF-001
AUTH-001681,ATT-001763,BEN-0146,Scholarship,2026-03,2026-03-06,14854,OFF-015
AUTH-000562,ATT-000597,BEN-0050,Scholarship,2025-02,2025-02-28,14776,OFF-009
AUTH-002003,ATT-002106,BEN-0175,Vocational,2025-08,2025-08-31,9913,OFF-002
AUTH-001621,ATT-001702,BEN-0141,Plus,2025-03,2025-03-24,7959,OFF-010
AUTH-000394,ATT-000419,BEN-0036,Plus,2026-03,2026-03-10,7953,OFF-012
AUTH-000069,ATT-000070,BEN-0006,Vocational,2026-03,2026-03-14," KES 9,827 ",OFF-012
AUTH-000007,ATT-000008,BEN-0001,Tech,2025-04,2025-04-22,11804,OFF-008
AUTH-000799,ATT-000843,BEN-0070,Scholarship,2025-04,2025-04-14," KES 15,007 ",OFF-008
AUTH-001799,ATT-001884,BEN-0156,Scholarship,2026-03,2026-03-18,15077,OFF-010
AUTH-000786,ATT-000828,BEN-0070,Scholarship,2025-10,2025-10-10,15207,OFF-008
AUTH-000715,ATT-000755,BEN-0063,Tech,2025-11,2025-11-17,12064,OFF-007
AUTH-001056,ATT-001119,BEN-0092,Scholarship,2025-09,2025-09-05,15132,OFF-008
AUTH-000019,ATT-000020,BEN-0002,Scholarship,2026-06,2026-06-30,15117,OFF-009
AUTH-001017,ATT-001077,BEN-0089,Vocational,2025-01,2025-01-11,9895,OFF-009
AUTH-000067,ATT-000068,BEN-0006,Vocational,2025-11,2025-11-16,9833,OFF-012
AUTH-000059,ATT-000060,BEN-0005,Scholarship,2026-05,2026-05-16,15052,OFF-004
AUTH-002229,ATT-002345,BEN-0196,Vocational,2026-01,2026-01-12,10145,OFF-004
AUTH-001422,ATT-001498,BEN-0125,Vocational,2025-03,2025-03-08,10197,OFF-014
AUTH-000563,ATT-000598,BEN-0050,Scholarship,2026-02,2026-02-25,15048,OFF-009
AUTH-001908,ATT-002003,BEN-0166,Plus,2025-07,2025-07-16,8029,OFF-001
AUTH-000275,ATT-000293,BEN-0024,Plus,2026-06,2026-06-05,7852,OFF-014
AUTH-001624,ATT-001705,BEN-0141,Plus,2025-06,2025-06-23,7867,OFF-010
AUTH-000289,ATT-000308,BEN-0025,Plus,2025-04,2025-04-19,8052,OFF-009
AUTH-001329,ATT-001402,BEN-0117,Vocational,2026-02,2026-02-12," KES 9,951 ",OFF-005
AUTH-000619,ATT-000656,BEN-0056,Plus,2025-12,19/12/2025,7905,OFF-005
AUTH-001282,ATT-001355,BEN-0113,Scholarship,2026-05,2026-05-17,15256,OFF-007
AUTH-002102,ATT-002215,BEN-0184,Tech,2025-08,2025-08-19,12060,OFF-003
AUTH-000693,ATT-000730,BEN-0061,Scholarship,2026-03,2026-03-18,14718,OFF-008
AUTH-000178,ATT-000188,BEN-0015,Vocational,2026-06,2026-07-02,9918,OFF-012
AUTH-002219,ATT-002335,BEN-0195,Scholarship,2025-06,2025-06-19,15002,OFF-002
AUTH-002008,ATT-002111,BEN-0175,Vocational,2026-03,2026-03-18,9863,OFF-002
AUTH-001262,ATT-001335,BEN-0112,Scholarship,2025-06,2025-06-18,14708,OFF-007
AUTH-001565,ATT-001644,BEN-0136,Vocational,2026-04,2026-04-21,10079,OFF-008
AUTH-001818,ATT-001904,BEN-0158,Scholarship,2026-06,2026-06-09,14800,OFF-014
AUTH-000719,ATT-000759,BEN-0063,Tech,2025-06,2025-06-14,12237,OFF-007
AUTH-001969,ATT-002072,BEN-0172,Plus,2026-04,2026-04-22,7914,OFF-012
AUTH-001123,ATT-001192,BEN-0097,Scholarship,2025-02,2025-02-06,14907,OFF-010
AUTH-001636,ATT-001717,BEN-0142,Tech,2025-10,2025-10-15,12013,OFF-007
AUTH-000003,ATT-000003,BEN-0001,Tech,2025-08,2025-08-26,12235,OFF-008
AUTH-000180,ATT-000190,BEN-0015,Vocational,2025-05,2025-05-31,9814,OFF-012
AUTH-001772,ATT-001856,BEN-0154,Plus,2025-03,2025-03-11,7861,OFF-005
AUTH-001481,ATT-001559,BEN-0129,Tech,2025-12,17/12/2025,12219,OFF-003
AUTH-002251,ATT-002369,BEN-0198,Vocational,2025-03,2025-03-03,10070,OFF-011
AUTH-001175,ATT-001246,BEN-0103,Plus,2025-01,2025-01-30,8029,OFF-009
AUTH-000706,ATT-000746,BEN-0063,Tech,2026-02,2026-02-10,11812,OFF-007
AUTH-001935,ATT-002037,BEN-0169,Vocational,2025-10,2025-10-13,10015,OFF-008
AUTH-000458,ATT-000484,BEN-0041,Plus,2025-08,30/08/2025,7958,OFF-007
AUTH-001486,ATT-001564,BEN-0130,Vocational,2025-04,2025-04-05,10069,OFF-002
AUTH-000467,ATT-000493,BEN-0042,Vocational,2025-11,,9807,OFF-004
AUTH-000930,ATT-000976,BEN-0081,Plus,2025-06,2025-06-24,8057,OFF-005
AUTH-001832,ATT-001922,BEN-0159,Plus,2025-10,2025-10-09,8111,OFF-009
AUTH-000703,ATT-000742,BEN-0062,Tech,2025-08,2025-08-17,12050,OFF-014
AUTH-001942,ATT-002044,BEN-0169,Vocational,2025-07,11/07/2025,10044,OFF-008
AUTH-002228,ATT-002344,BEN-0196,Vocational,2025-03,2025-03-07,9926,OFF-004
AUTH-002124,ATT-002238,BEN-0185,Tech,2026-01,2026-01-27,11812,OFF-013
AUTH-002271,ATT-002389,BEN-0200,Vocational,2025-10,2025-10-23,9867,OFF-011
AUTH-001447,ATT-001525,BEN-0127,Vocational,2026-01,2026-01-18,10042,OFF-012
AUTH-000407,ATT-000432,BEN-0037,Plus,2025-01,2025-01-12,8040,OFF-007
AUTH-000319,ATT-000338,BEN-0027,Plus,2025-03,,8050,OFF-004
AUTH-000921,ATT-000967,BEN-0080,Vocational,2026-06,2026-06-03,10036,OFF-013
AUTH-000365,ATT-000388,BEN-0032,Vocational,2025-11,2025-11-08,10087,OFF-005
AUTH-001900,ATT-001995,BEN-0166,Plus,2025-04,2025-04-04,8049,OFF-001
AUTH-002074,ATT-002180,BEN-0181,Tech,2026-06,2026-06-03,11930,OFF-013
AUTH-001337,ATT-001410,BEN-0118,Scholarship,2025-06,2025-06-17,15080,OFF-006
AUTH-002089,ATT-002200,BEN-0182,Plus,2026-05,22/05/2026,7872,OFF-004
AUTH-000863,ATT-000907,BEN-0075,Scholarship,2025-08,2025-08-04,15097,OFF-012
AUTH-000860,ATT-000904,BEN-0075,Scholarship,2026-06,2026-06-15,14709,OFF-012
AUTH-001864,ATT-001955,BEN-0162,Scholarship,2025-11,2025-11-21,14971,OFF-011
AUTH-001550,ATT-001629,BEN-0135,Vocational,2025-09,,9806,OFF-007
AUTH-000335,ATT-000356,BEN-0029,Vocational,2025-01,25/01/2025," KES 10,031 ",OFF-006
AUTH-001782,ATT-001867,BEN-0155,Vocational,2025-01,2025-01-15,9883,OFF-004
AUTH-001011,ATT-001071,BEN-0088,Scholarship,2025-04,2025-04-22,14936,OFF-002
AUTH-001349,ATT-001422,BEN-0119,Scholarship,2025-10,2025-10-30,14958,OFF-010
AUTH-001692,ATT-001774,BEN-0147,Vocational,2025-07,2025-07-14,10026,OFF-010
AUTH-001953,ATT-002056,BEN-0170,Plus,2025-08,2025-08-23,7965,OFF-006
AUTH-000649,ATT-000686,BEN-0058,Plus,2025-02,2025-03-01,7846,OFF-015
AUTH-001686,ATT-001768,BEN-0147,Vocational,2025-02,2025-02-11,10093,OFF-010
AUTH-002255,ATT-002373,BEN-0198,Vocational,2026-05,2026-05-09,9853,OFF-011
AUTH-001163,ATT-001233,BEN-0101,Scholarship,2025-09,2025-09-03,14738,OFF-004
AUTH-000442,ATT-000467,BEN-0040,Scholarship,2025-07,10/07/2025,15136,OFF-014
AUTH-001880,ATT-001973,BEN-0164,Scholarship,2025-12,19/12/2025,14810,OFF-005
AUTH-000778,ATT-000820,BEN-0069,Tech,2025-06,2025-06-18,11935,OFF-015
AUTH-001279,ATT-001352,BEN-0113,Scholarship,2025-07,2025-07-30,14832,OFF-007
AUTH-002162,ATT-002277,BEN-0189,Tech,2025-10,2025-10-12,11777,OFF-002
AUTH-001671,ATT-001753,BEN-0146,Scholarship,2026-02,2026-02-27,14777,OFF-015
AUTH-000277,ATT-000295,BEN-0024,Plus,2026-02,21/02/2026,7975,OFF-014
AUTH-001512,ATT-001591,BEN-0132,Scholarship,2025-01,2025-01-21,14833,OFF-009
AUTH-001872,ATT-001965,BEN-0163,Scholarship,2025-11,2025-11-18,14884,OFF-006
AUTH-001653,ATT-001735,BEN-0144,Scholarship,2026-02,2026-02-23,15062,OFF-011
AUTH-001203,ATT-001274,BEN-0105,Scholarship,2025-12,2025-12-20,14757,OFF-012
AUTH-001280,ATT-001353,BEN-0113,Scholarship,2025-11,2025-11-16,15074,OFF-007
AUTH-001199,ATT-001270,BEN-0105,Scholarship,2026-02,2026-02-13,14867,OFF-012
AUTH-000812,ATT-000856,BEN-0072,Vocational,2026-03,2026-03-08,9961,OFF-001
AUTH-001640,ATT-001721,BEN-0143,Scholarship,2025-10,2025-10-20,15162,OFF-012
AUTH-000705,ATT-000745,BEN-0062,Tech,2025-03,,12000,OFF-014
AUTH-002035,ATT-002141,BEN-0177,Scholarship,2026-05,2026-05-21,15020,OFF-002
AUTH-001372,ATT-001447,BEN-0121,Plus,2025-01,2025-01-09,7856,OFF-013
AUTH-001858,ATT-001949,BEN-0161,Scholarship,2025-07,2025-07-07,14743,OFF-007
AUTH-001059,ATT-001122,BEN-0092,Scholarship,2026-01,2026-01-23,15117,OFF-008
AUTH-000017,ATT-000018,BEN-0002,Scholarship,2025-09,2025-09-21," KES 15,043 ",OFF-009
AUTH-000484,ATT-000513,BEN-0043,Scholarship,2025-11,2025-11-16,14731,OFF-008
AUTH-001888,ATT-001981,BEN-0164,Scholarship,2025-10,2025-10-21,15050,OFF-005
AUTH-000545,ATT-000580,BEN-0049,Scholarship,2026-05,2026-05-14,14995,OFF-008
AUTH-000124,ATT-000126,BEN-0010,Tech,2026-05,2026-06-01,12155,OFF-008
AUTH-001306,ATT-001379,BEN-0116,Plus,2025-03,2025-03-21,7929,OFF-002
AUTH-000424,ATT-000449,BEN-0038,Plus,2026-04,2026-04-26,8146,OFF-012
AUTH-000136,ATT-000140,BEN-0011,Plus,2025-09,2025-09-26,7982,OFF-001
AUTH-000525,ATT-000559,BEN-0048,Tech,2026-04,2026-04-24,11857,OFF-006
AUTH-000055,ATT-000056,BEN-0005,Scholarship,2025-04,,15169,OFF-004
AUTH-001933,ATT-002034,BEN-0169,Vocational,2025-09,2025-09-10,10112,OFF-008
AUTH-000116,ATT-000117,BEN-0009,Plus,2026-06,2026-06-07," KES 8,096 ",OFF-005
AUTH-001107,ATT-001176,BEN-0096,Plus,2026-04,2026-04-21,7860,OFF-005
AUTH-000861,ATT-000905,BEN-0075,Scholarship,2025-09,2025-09-07,14994,OFF-012
AUTH-000062,ATT-000063,BEN-0005,Scholarship,2025-05,2025-05-18,14804,OFF-004
AUTH-001045,ATT-001107,BEN-0091,Tech,2025-03,2025-03-24,11925,OFF-003
AUTH-002049,ATT-002155,BEN-0179,Tech,2025-04,2025-04-18,11999,OFF-001
AUTH-000127,ATT-000129,BEN-0010,Tech,2025-04,2025-04-08,11986,OFF-008
AUTH-000033,ATT-000034,BEN-0003,Tech,2025-12,2025-12-24,12075,OFF-005
AUTH-001759,ATT-001843,BEN-0153,Vocational,2026-01,2026-01-11,10039,OFF-010
AUTH-002038,ATT-002144,BEN-0178,Plus,2025-11,2025-11-09,7869,OFF-005
AUTH-001523,ATT-001602,BEN-0133,Scholarship,2026-01,2026-01-10,15181,OFF-007
AUTH-000306,ATT-000325,BEN-0026,Tech,2026-04,2026-04-08,11927,OFF-007
AUTH-001572,ATT-001652,BEN-0137,Vocational,2025-12,2025-12-17,10069,OFF-002
AUTH-000738,ATT-000779,BEN-0065,Plus,2025-12,2025-12-24,7931,OFF-002
AUTH-000436,ATT-000461,BEN-0040,Scholarship,2026-05,2026-05-02,15050,OFF-014
AUTH-001005,ATT-001065,BEN-0088,Scholarship,2026-04,2026-04-06,14995,OFF-002
AUTH-000809,ATT-000853,BEN-0071,Plus,2026-01,2026-01-11,7848,OFF-005
AUTH-001907,ATT-002002,BEN-0166,Plus,2026-02,2026-02-26," KES 7,979 ",OFF-001
AUTH-000934,ATT-000980,BEN-0081,Plus,2025-02,2025-02-19,7977,OFF-005
AUTH-000264,ATT-000281,BEN-0022,Scholarship,2025-09,2025-09-19,15178,OFF-008
AUTH-000151,ATT-000157,BEN-0012,Plus,2026-06,2026-06-08,7872,OFF-007
AUTH-001541,ATT-001620,BEN-0134,Scholarship,2026-05,2026-05-24,15095,OFF-003
AUTH-001576,ATT-001656,BEN-0137,Vocational,2026-02,2026-02-17,10101,OFF-002
AUTH-002253,ATT-002371,BEN-0198,Vocational,2025-12,2025-12-27,10093,OFF-011
AUTH-000446,ATT-000471,BEN-0040,Scholarship,2026-06,2026-06-27,14872,OFF-014
AUTH-001630,ATT-001711,BEN-0142,Tech,2025-02,2025-02-18,12004,OFF-007
AUTH-001814,ATT-001899,BEN-0157,Plus,2026-03,2026-03-23,8034,OFF-012
AUTH-000864,ATT-000908,BEN-0076,Vocational,2026-04,2026-04-07,10078,OFF-015
AUTH-001440,ATT-001518,BEN-0127,Vocational,2025-07,2025-07-12,9977,OFF-012
AUTH-001436,ATT-001514,BEN-0126,Vocational,2025-02,2025-02-06,9860,OFF-013
AUTH-001769,ATT-001853,BEN-0154,Plus,2026-03,2026-03-20,8045,OFF-005
AUTH-000831,ATT-000875,BEN-0073,Scholarship,2025-03,2025-03-30,14920,OFF-015
AUTH-001862,ATT-001953,BEN-0162,Scholarship,2025-05,2025-05-18,14857,OFF-011
AUTH-001139,ATT-001208,BEN-0099,Scholarship,2025-07,2025-07-10,14976,OFF-004
AUTH-000272,ATT-000289,BEN-0023,Plus,2026-02,2026-02-17,8037,OFF-002
AUTH-001466,ATT-001544,BEN-0129,Tech,2025-05,2025-05-10,11852,OFF-003
AUTH-001823,ATT-001910,BEN-0158,Scholarship,2025-11,2025-11-21,14981,OFF-014
AUTH-001705,ATT-001787,BEN-0148,Plus,2025-04,2025-04-19,8056,OFF-012
AUTH-001955,ATT-002058,BEN-0170,Plus,2025-12,2025-12-20,8063,OFF-006
AUTH-001109,ATT-001178,BEN-0096,Plus,2025-11,2025-11-12,8065,OFF-005
AUTH-000606,ATT-000643,BEN-0054,Vocational,2026-01,2026-02-01,10140,OFF-003
AUTH-002036,ATT-002142,BEN-0177,Scholarship,2025-04,2025-04-11,14995,OFF-002
AUTH-001766,ATT-001850,BEN-0154,Plus,2025-09,2025-09-29,8063,OFF-005
AUTH-000690,ATT-000727,BEN-0061,Scholarship,2025-10,2025-10-11,15009,OFF-008
AUTH-000168,ATT-000175,BEN-0014,Scholarship,2026-01,2026-01-09,15239,OFF-013
AUTH-001909,ATT-002004,BEN-0166,Plus,2025-08,2025-08-08,7998,OFF-001
AUTH-000773,ATT-000815,BEN-0068,Tech,2025-03,2025-03-07," KES 11,893 ",OFF-006
AUTH-000694,ATT-000731,BEN-0061,Scholarship,2026-02,2026-03-01,15155,OFF-008
AUTH-001901,ATT-001996,BEN-0166,Plus,2025-12,2025-12-24,8038,OFF-001
AUTH-001581,ATT-001661,BEN-0137,Vocational,2025-04,2025-04-16,10123,OFF-002
AUTH-000708,ATT-000748,BEN-0063,Tech,2025-03,2025-03-25," KES 12,095 ",OFF-007
AUTH-002270,ATT-002388,BEN-0200,Vocational,2025-11,2025-11-10,10007,OFF-011
AUTH-000946,ATT-000996,BEN-0082,Vocational,2026-06,2026-06-24,9855,OFF-014
AUTH-002073,ATT-002179,BEN-0180,Scholarship,2025-07,2025-07-03,14839,OFF-010
AUTH-001794,ATT-001879,BEN-0155,Vocational,2025-03,2025-03-09,9912,OFF-004
AUTH-000795,ATT-000838,BEN-0070,Scholarship,2025-12,2025-12-28,14895,OFF-008
AUTH-000498,ATT-000528,BEN-0045,Scholarship,2025-11,2025-11-09,14822,OFF-014
AUTH-001498,ATT-001577,BEN-0131,Tech,2025-12,,12173,OFF-004
AUTH-001052,ATT-001115,BEN-0092,Scholarship,2025-06,2025-06-12,14905,OFF-008
AUTH-001913,ATT-002008,BEN-0167,Plus,2026-03,2026-03-29,8130,OFF-013
AUTH-000898,ATT-000942,BEN-0078,Plus,2025-08,2025-08-07,7911,OFF-015
AUTH-001301,ATT-001374,BEN-0115,Plus,2025-07,2025-07-04,7896,OFF-004
AUTH-000822,ATT-000866,BEN-0073,Scholarship,2026-06,2026-06-27,15020,OFF-015
AUTH-001632,ATT-001713,BEN-0142,Tech,2026-05,2026-05-28,11958,OFF-007
AUTH-001090,ATT-001158,BEN-0095,Tech,2026-02,25/02/2026," KES 11,817 ",OFF-011
AUTH-001661,ATT-001743,BEN-0144,Scholarship,2025-05,2025-05-04,15217,OFF-011
AUTH-001188,ATT-001259,BEN-0104,Plus,2026-02,2026-02-12,8022,OFF-007
AUTH-002275,ATT-002393,BEN-0200,Vocational,2026-06,2026-06-07,9997,OFF-011
AUTH-002018,ATT-002122,BEN-0176,Scholarship,2026-03,2026-03-05,15213,OFF-001
AUTH-001937,ATT-002039,BEN-0169,Vocational,2025-11,2025-11-28,10129,OFF-008
AUTH-001077,ATT-001144,BEN-0094,Plus,2025-11,2025-12-02,7890,OFF-006
AUTH-002084,ATT-002195,BEN-0182,Plus,2026-02,2026-02-12,8103,OFF-004
AUTH-001885,ATT-001978,BEN-0164,Scholarship,2026-03,2026-03-06,15058,OFF-005
AUTH-000328,ATT-000349,BEN-0029,Vocational,2026-01,2026-01-05," KES 10,193 ",OFF-006
AUTH-001798,ATT-001883,BEN-0156,Scholarship,2026-04,2026-04-27,15172,OFF-010
AUTH-000048,ATT-000049,BEN-0004,Plus,2026-05,2026-05-11,8064,OFF-001
AUTH-001154,ATT-001224,BEN-0101,Scholarship,2026-04,2026-04-14,15095,OFF-004
AUTH-001664,ATT-001746,BEN-0145,Vocational,2025-04,2025-04-21,9897,OFF-001
AUTH-000499,ATT-000529,BEN-0045,Scholarship,2025-12,2026-01-01,15295,OFF-014
AUTH-001840,ATT-001931,BEN-0160,Plus,2025-12,2025-12-22,7964,OFF-014
AUTH-001102,ATT-001171,BEN-0096,Plus,2025-04,2025-04-15,7896,OFF-005
AUTH-001195,ATT-001266,BEN-0104,Plus,2025-11,2025-11-08,7894,OFF-007
AUTH-000453,ATT-000479,BEN-0041,Plus,2025-02,2025-02-09,7847,OFF-007
AUTH-001470,ATT-001548,BEN-0129,Tech,2026-04,2026-04-06,11953,OFF-003
AUTH-000801,ATT-000845,BEN-0071,Plus,2025-01,2025-01-22,7877,OFF-005
AUTH-001146,ATT-001216,BEN-0099,Scholarship,2025-01,2025-01-20,14761,OFF-004
AUTH-000777,ATT-000819,BEN-0069,Tech,2025-05,2025-05-06,12063,OFF-015
AUTH-000466,ATT-000492,BEN-0041,Plus,2025-01,2025-01-21,8127,OFF-007
AUTH-002266,ATT-002384,BEN-0199,Tech,2025-06,,11845,OFF-012
AUTH-000792,ATT-000835,BEN-0070,Scholarship,2025-05,2025-05-27,15169,OFF-008
AUTH-000194,ATT-000205,BEN-0016,Vocational,2025-04,20/04/2025,9876,OFF-008
AUTH-001000,ATT-001060,BEN-0088,Scholarship,2025-03,2025-03-29,15085,OFF-002
AUTH-002052,ATT-002158,BEN-0179,Tech,2025-05,2025-05-17,12157,OFF-001
AUTH-000465,ATT-000491,BEN-0041,Plus,2026-01,2026-01-26,8114,OFF-007
AUTH-002051,ATT-002157,BEN-0179,Tech,2025-09,2025-09-23,12064,OFF-001
AUTH-001553,ATT-001632,BEN-0135,Vocational,2026-03,2026-03-09," KES 10,135 ",OFF-007
AUTH-000925,ATT-000971,BEN-0081,Plus,2025-12,2025-12-21,8071,OFF-005
AUTH-002043,ATT-002149,BEN-0178,Plus,2025-03,2025-04-01,8091,OFF-005
AUTH-002090,ATT-002201,BEN-0182,Plus,2025-09,2025-09-24,8106,OFF-004
AUTH-000597,ATT-000634,BEN-0053,Plus,2025-12,2025-12-16,8031,OFF-001
AUTH-000987,ATT-001041,BEN-0086,Plus,2025-06,2025-06-05,8086,OFF-004
AUTH-001242,ATT-001315,BEN-0109,Tech,2025-01,2025-01-18,11797,OFF-006
AUTH-000663,ATT-000700,BEN-0059,Vocational,2026-04,2026-04-29,10161,OFF-013
AUTH-000855,ATT-000899,BEN-0075,Scholarship,2025-12,21/12/2025,15101,OFF-012
AUTH-000396,ATT-000421,BEN-0036,Plus,2025-03,2025-03-29,7875,OFF-012
AUTH-000018,ATT-000019,BEN-0002,Scholarship,2025-02,2025-02-23,15215,OFF-009
AUTH-000475,ATT-000501,BEN-0043,Scholarship,2025-05,2025-05-24,15150,OFF-008
AUTH-000809,ATT-000853,BEN-0071,Plus,2026-01,2026-01-11,7848,OFF-005
AUTH-000304,ATT-000323,BEN-0026,Tech,2025-03,2025-03-28,11857,OFF-007
AUTH-001526,ATT-001605,BEN-0133,Scholarship,2026-03,2026-03-08,15109,OFF-007
AUTH-000547,ATT-000582,BEN-0049,Scholarship,2026-01,2026-01-17,15028,OFF-008
AUTH-001666,ATT-001748,BEN-0145,Vocational,2025-07,2025-07-18,9825,OFF-001
AUTH-000714,ATT-000754,BEN-0063,Tech,2025-05,2025-05-24,12009,OFF-007
AUTH-002100,ATT-002213,BEN-0183,Scholarship,2025-11,2025-11-29,15140,OFF-014
AUTH-000464,ATT-000490,BEN-0041,Plus,2025-07,2025-07-17,8016,OFF-007
AUTH-001650,ATT-001731,BEN-0143,Scholarship,2025-11,2025-11-06,15223,OFF-012
AUTH-000666,ATT-000703,BEN-0059,Vocational,2026-01,2026-01-15,10085,OFF-013
AUTH-002193,ATT-002309,BEN-0193,Tech,2025-05,2025-05-06,11936,OFF-010
AUTH-001910,ATT-002005,BEN-0166,Plus,2025-11,2025-11-12,7871,OFF-001
AUTH-000534,ATT-000568,BEN-0048,Tech,2025-06,2025-06-27,11977,OFF-006
AUTH-002159,ATT-002274,BEN-0189,Tech,2026-05,2026-05-21," KES 12,058 ",OFF-002
AUTH-000756,ATT-000797,BEN-0067,Scholarship,2025-03,2025-03-25,15116,OFF-015
AUTH-001079,ATT-001146,BEN-0094,Plus,2026-02,2026-02-16,7970,OFF-006
AUTH-000640,ATT-000677,BEN-0057,Tech,2025-02,2025-02-07,11914,OFF-012
AUTH-000667,ATT-000704,BEN-0059,Vocational,2026-03,2026-03-21,10006,OFF-013
AUTH-000290,ATT-000309,BEN-0025,Plus,2025-11,2025-11-18,8094,OFF-009
AUTH-001308,ATT-001381,BEN-0116,Plus,2026-06,2026-06-06,8126,OFF-002
AUTH-002173,ATT-002288,BEN-0190,Plus,2026-03,2026-03-21,7913,OFF-004
AUTH-000933,ATT-000979,BEN-0081,Plus,2025-07,2025-07-08,7924,OFF-005
AUTH-000292,ATT-000311,BEN-0026,Tech,2025-08,2025-08-25,11776,OFF-007
AUTH-001229,ATT-001301,BEN-0108,Vocational,2025-11,2025-11-15,10004,OFF-006
AUTH-000285,ATT-000304,BEN-0025,Plus,2026-03,2026-03-31,7954,OFF-009
AUTH-000112,ATT-000113,BEN-0009,Plus,2025-07,2025-07-15,8115,OFF-005
AUTH-000477,ATT-000503,BEN-0043,Scholarship,2026-06,2026-06-08,15271,OFF-008
AUTH-000636,ATT-000673,BEN-0056,Plus,2026-06,2026-06-06,7848,OFF-005
AUTH-001249,ATT-001322,BEN-0110,Vocational,2025-06,2025-06-18," KES 9,821 ",OFF-005
AUTH-001489,ATT-001568,BEN-0131,Tech,2026-05,2026-06-01,12236,OFF-004
AUTH-001842,ATT-001933,BEN-0160,Plus,2025-08,2025-08-18,8019,OFF-014
AUTH-000228,ATT-000242,BEN-0019,Plus,2025-03,2025-03-11,8063,OFF-001
AUTH-001263,ATT-001336,BEN-0112,Scholarship,2025-07,2025-08-01,14964,OFF-007
AUTH-000633,ATT-000670,BEN-0056,Plus,2025-09,2025-09-09,7992,OFF-005
AUTH-001607,ATT-001688,BEN-0139,Vocational,2025-08,2025-08-08,9829,OFF-003
AUTH-001558,ATT-001637,BEN-0136,Vocational,2025-04,24/04/2025,9893,OFF-008
AUTH-001016,ATT-001076,BEN-0089,Vocational,2025-06,2025-06-05,10161,OFF-009
AUTH-001029,ATT-001089,BEN-0090,Vocational,2025-11,2025-11-16,9809,OFF-001
AUTH-000072,ATT-000073,BEN-0006,Vocational,2025-07,2025-07-25,10198,OFF-012
AUTH-000672,ATT-000709,BEN-0060,Plus,2025-01,2025-01-06,8081,OFF-012
AUTH-000797,ATT-000840,BEN-0070,Scholarship,2026-03,2026-03-20,14837,OFF-008
AUTH-000237,ATT-000253,BEN-0020,Plus,2025-04,2025-04-09,7981,OFF-002
AUTH-000544,ATT-000579,BEN-0049,Scholarship,2025-02,2025-02-04,14792,OFF-008
AUTH-002027,ATT-002133,BEN-0177,Scholarship,2025-11,2025-12-01,14862,OFF-002
AUTH-001231,ATT-001303,BEN-0108,Vocational,2025-04,2025-04-17,9883,OFF-006
AUTH-002164,ATT-002279,BEN-0189,Tech,2026-06,2026-06-14,12132,OFF-002
AUTH-001428,ATT-001505,BEN-0126,Vocational,2025-01,2025-01-02,9826,OFF-013
AUTH-000111,ATT-000112,BEN-0009,Plus,2026-02,2026-02-14,7889,OFF-005
AUTH-000744,ATT-000785,BEN-0066,Vocational,2025-10,2025-10-31,9927,OFF-007
AUTH-001641,ATT-001722,BEN-0143,Scholarship,2026-01,2026-01-25,15285,OFF-012
AUTH-000388,ATT-000413,BEN-0035,Plus,2026-06,2026-06-20,7853,OFF-008
AUTH-002143,ATT-002257,BEN-0187,Tech,2025-07,2025-07-02,11852,OFF-010
AUTH-001700,ATT-001782,BEN-0148,Plus,2025-06,2025-06-13,7842,OFF-012
AUTH-002025,ATT-002130,BEN-0177,Scholarship,2026-04,2026-04-22,15185,OFF-002
AUTH-002021,ATT-002125,BEN-0176,Scholarship,2025-12,2025-12-21,15202,OFF-001
AUTH-000093,ATT-000094,BEN-0007,Vocational,2026-05,2026-05-17,9999,OFF-015
AUTH-001323,ATT-001396,BEN-0117,Vocational,2026-04,2026-04-17,9884,OFF-005
AUTH-000385,ATT-000409,BEN-0034,Tech,2025-08,2025-08-08,11804,OFF-009
AUTH-002248,ATT-002366,BEN-0197,Plus,2025-07,2025-07-31,8002,OFF-006
AUTH-000846,ATT-000890,BEN-0074,Scholarship,2026-02,2026-02-05,15273,OFF-010
AUTH-001480,ATT-001558,BEN-0129,Tech,2025-06,2025-06-15,11819,OFF-003
AUTH-000083,ATT-000084,BEN-0007,Vocational,2025-11,2025-11-21,10198,OFF-015
AUTH-000409,ATT-000434,BEN-0037,Plus,2025-07,2025-07-10,7866,OFF-007
AUTH-000821,ATT-000865,BEN-0073,Scholarship,2025-10,2025-10-11,15286,OFF-015
AUTH-000808,ATT-000852,BEN-0071,Plus,2025-08,2025-08-18,8130,OFF-005
AUTH-001245,ATT-001318,BEN-0110,Vocational,2025-10,2025-10-09,10092,OFF-005
AUTH-001761,ATT-001845,BEN-0153,Vocational,2025-06,2025-07-01,10114,OFF-010
AUTH-001497,ATT-001576,BEN-0131,Tech,2025-11,2025-11-10," KES 11,972 ",OFF-004
AUTH-002030,ATT-002136,BEN-0177,Scholarship,2026-01,2026-01-09,14864,OFF-002
AUTH-000182,ATT-000192,BEN-0015,Vocational,2025-09,2025-09-08,10042,OFF-012
AUTH-002065,ATT-002171,BEN-0180,Scholarship,2026-06,2026-06-16,15004,OFF-010
AUTH-000512,ATT-000544,BEN-0046,Tech,2025-06,2025-06-12,12158,OFF-012
AUTH-000440,ATT-000465,BEN-0040,Scholarship,2025-05,2025-05-11,15136,OFF-014
AUTH-000720,ATT-000760,BEN-0063,Tech,2025-01,2025-01-29,11952,OFF-007
AUTH-000670,ATT-000707,BEN-0060,Plus,2025-12,2025-12-13,8067,OFF-012
AUTH-001025,ATT-001085,BEN-0090,Vocational,2025-06,2025-06-25,10082,OFF-001
AUTH-000429,ATT-000454,BEN-0039,Vocational,2025-04,2025-04-09,10043,OFF-006
AUTH-001421,ATT-001497,BEN-0125,Vocational,2025-08,2025-08-19,9926,OFF-014
AUTH-001474,ATT-001552,BEN-0129,Tech,2025-04,2025-04-22,12092,OFF-003
AUTH-001111,ATT-001180,BEN-0097,Scholarship,2025-06,2025-06-29,15258,OFF-010
AUTH-001620,ATT-001701,BEN-0141,Plus,2025-02,2025-02-20,8112,OFF-010
AUTH-001849,ATT-001940,BEN-0161,Scholarship,2026-04,2026-04-09,15251,OFF-007
AUTH-001358,ATT-001431,BEN-0120,Plus,2026-02,2026-02-06,7895,OFF-015
AUTH-001028,ATT-001088,BEN-0090,Vocational,2025-05,2025-05-29,9987,OFF-001
AUTH-000656,ATT-000693,BEN-0059,Vocational,2025-07,2025-08-02,10061,OFF-013
AUTH-002000,ATT-002103,BEN-0175,Vocational,2025-12,,10045,OFF-002
AUTH-001974,ATT-002077,BEN-0172,Plus,2026-03,2026-03-06,7924,OFF-012
AUTH-000237,ATT-000253,BEN-0020,Plus,2025-04,2025-04-09,7981,OFF-002
AUTH-001860,ATT-001951,BEN-0161,Scholarship,2026-06,2026-06-26,14725,OFF-007
AUTH-000247,ATT-000263,BEN-0020,Plus,2025-11,2025-11-25,8075,OFF-002
AUTH-001978,ATT-002081,BEN-0173,Tech,2025-10,2025-10-15,12139,OFF-003
AUTH-001177,ATT-001248,BEN-0103,Plus,2025-09,2025-09-28,7949,OFF-009
AUTH-000096,ATT-000097,BEN-0007,Vocational,2025-06,23/06/2025,10053,OFF-015
AUTH-000865,ATT-000909,BEN-0076,Vocational,2025-03,2025-03-15,9800,OFF-015
AUTH-001598,ATT-001679,BEN-0139,Vocational,2025-04,2025-04-21,9948,OFF-003
AUTH-001278,ATT-001351,BEN-0113,Scholarship,2025-09,2025-09-29,15017,OFF-007
AUTH-001231,ATT-001303,BEN-0108,Vocational,2025-04,2025-04-17,9883,OFF-006
AUTH-001030,ATT-001091,BEN-0090,Vocational,2026-03,2026-03-19,9812,OFF-001
AUTH-002034,ATT-002140,BEN-0177,Scholarship,2025-07,2025-07-04,14968,OFF-002
AUTH-001712,ATT-001794,BEN-0149,Vocational,2026-05,2026-05-06,9909,OFF-005
AUTH-000461,ATT-000487,BEN-0041,Plus,2026-03,2026-03-16,7909,OFF-007
AUTH-001018,ATT-001078,BEN-0089,Vocational,2025-09,2025-09-17,9872,OFF-009
AUTH-001439,ATT-001517,BEN-0127,Vocational,2026-06,2026-06-13,9897,OFF-012
AUTH-001751,ATT-001835,BEN-0152,Vocational,2025-12,2025-12-24,10094,OFF-007
AUTH-000772,ATT-000814,BEN-0068,Tech,2026-02,2026-02-22,11794,OFF-006
AUTH-001071,ATT-001137,BEN-0093,Tech,2026-03,2026-03-07,12076,OFF-013
AUTH-001286,ATT-001359,BEN-0113,Scholarship,2026-01,2026-01-16,14843,OFF-007
AUTH-000134,ATT-000137,BEN-0011,Plus,2026-03,2026-03-30,8103,OFF-001
AUTH-001815,ATT-001900,BEN-0157,Plus,2026-01,2026-01-09,7905,OFF-012
AUTH-001404,ATT-001480,BEN-0123,Tech,2026-06,2026-06-17,12024,OFF-012
AUTH-001519,ATT-001598,BEN-0132,Scholarship,2025-02,2025-03-01,15020,OFF-009
AUTH-000242,ATT-000258,BEN-0020,Plus,2025-09,2025-09-25,8005,OFF-002
AUTH-001458,ATT-001536,BEN-0128,Tech,2026-03,2026-03-08,11932,OFF-003
AUTH-000295,ATT-000314,BEN-0026,Tech,2025-04,2025-04-13,12140,OFF-007
AUTH-001777,ATT-001861,BEN-0154,Plus,2026-06,2026-06-12,8061,OFF-005
AUTH-000665,ATT-000702,BEN-0059,Vocational,2025-04,2025-04-27," KES 10,090 ",OFF-013
AUTH-002157,ATT-002272,BEN-0189,Tech,2025-09,2025-09-23,11897,OFF-002
AUTH-000119,ATT-000120,BEN-0010,Tech,2026-06,2026-06-28,11956,OFF-008
AUTH-001393,ATT-001469,BEN-0123,Tech,2026-03,2026-03-06,12104,OFF-012
AUTH-000448,ATT-000473,BEN-0040,Scholarship,2025-12,2026-01-01,14807,OFF-014
AUTH-001764,ATT-001848,BEN-0154,Plus,2025-01,2025-01-12,7961,OFF-005
AUTH-001522,ATT-001601,BEN-0133,Scholarship,2025-11,2025-11-09,15154,OFF-007
AUTH-000020,ATT-000021,BEN-0002,Scholarship,2025-07,2025-07-27,14847,OFF-009
AUTH-000360,ATT-000383,BEN-0032,Vocational,2026-05,2026-05-21,10088,OFF-005
AUTH-001615,ATT-001696,BEN-0140,Plus,2025-10,2025-10-28,7927,OFF-015
AUTH-000889,ATT-000933,BEN-0077,Scholarship,2025-03,2025-03-09,15081,OFF-003
AUTH-001528,ATT-001607,BEN-0134,Scholarship,2025-10,2025-10-12,14846,OFF-003
AUTH-001525,ATT-001604,BEN-0133,Scholarship,2025-09,2025-09-14,15103,OFF-007
AUTH-000455,ATT-000481,BEN-0041,Plus,2026-06,2026-06-23,7985,OFF-007
AUTH-002197,ATT-002313,BEN-0193,Tech,2025-10,2025-10-11,11984,OFF-010
AUTH-000132,ATT-000135,BEN-0011,Plus,2025-11,2025-11-02,7960,OFF-001
AUTH-001087,ATT-001155,BEN-0095,Tech,2025-08,2025-08-28,11934,OFF-011
AUTH-000989,ATT-001043,BEN-0086,Plus,2025-10,2025-10-09," KES 7,875 ",OFF-004
AUTH-000026,ATT-000027,BEN-0003,Tech,2025-08,2025-08-07,11883,OFF-005
AUTH-000209,ATT-000220,BEN-0017,Scholarship,2026-02,2026-02-13,15020,OFF-007
AUTH-000173,ATT-000181,BEN-0014,Scholarship,2025-07,2025-07-06,14861,OFF-013
AUTH-000789,ATT-000832,BEN-0070,Scholarship,2026-04,2026-04-22,14862,OFF-008
AUTH-001804,ATT-001889,BEN-0156,Scholarship,2026-02,2026-02-25,15080,OFF-010
AUTH-001156,ATT-001226,BEN-0101,Scholarship,2025-06,2025-06-29,14732,OFF-004
AUTH-000741,ATT-000782,BEN-0066,Vocational,2025-04,2025-04-19,10119,OFF-007
AUTH-001855,ATT-001946,BEN-0161,Scholarship,2025-11,2025-11-18,14778,OFF-007
AUTH-000783,ATT-000825,BEN-0069,Tech,2025-02,2025-02-14,12067,OFF-015
AUTH-002070,ATT-002176,BEN-0180,Scholarship,2025-10,2025-10-25,15232,OFF-010
AUTH-001303,ATT-001376,BEN-0115,Plus,2025-12,2025-12-12," KES 8,101 ",OFF-004
AUTH-001434,ATT-001512,BEN-0126,Vocational,2026-01,2026-01-20,10184,OFF-013
AUTH-001260,ATT-001333,BEN-0111,Scholarship,2026-02,2026-02-12,14761,OFF-002
AUTH-001403,ATT-001479,BEN-0123,Tech,2025-01,14/01/2025," KES 12,143 ",OFF-012
AUTH-001097,ATT-001166,BEN-0095,Tech,2025-03,2025-03-09,11792,OFF-011
AUTH-000118,ATT-000119,BEN-0010,Tech,2025-01,2025-01-18,11781,OFF-008
AUTH-000904,ATT-000948,BEN-0078,Plus,2025-07,2025-07-18,8120,OFF-015
AUTH-001297,ATT-001370,BEN-0114,Scholarship,2025-06,2025-06-19,14794,OFF-006
AUTH-001435,ATT-001513,BEN-0126,Vocational,2025-06,2025-06-11,9998,OFF-013
AUTH-000244,ATT-000260,BEN-0020,Plus,2025-10,2025-11-01,8024,OFF-002
AUTH-000138,ATT-000144,BEN-0011,Plus,2026-06,2026-06-21,8005,OFF-001
AUTH-001569,ATT-001649,BEN-0136,Vocational,2025-08,2025-08-03,9959,OFF-008
AUTH-000393,ATT-000418,BEN-0036,Plus,2025-07,2025-07-22,8088,OFF-012
AUTH-000936,ATT-000982,BEN-0082,Vocational,2025-09,2025-09-18,10178,OFF-014
AUTH-001923,ATT-002020,BEN-0168,Scholarship,2025-10,2025-10-10,15250,OFF-013
AUTH-000972,ATT-001026,BEN-0085,Scholarship,2025-05,2025-05-25,15113,OFF-012
AUTH-000381,ATT-000405,BEN-0034,Tech,2025-05,2025-05-20,12063,OFF-009
AUTH-000170,ATT-000177,BEN-0014,Scholarship,2025-10,27/10/2025,15214,OFF-013
AUTH-000080,ATT-000081,BEN-0006,Vocational,2025-05,2025-05-09,10104,OFF-012
AUTH-000294,ATT-000313,BEN-0026,Tech,2025-07,,12134,OFF-007
AUTH-001200,ATT-001271,BEN-0105,Scholarship,2026-04,2026-04-17,14706,OFF-012
AUTH-001656,ATT-001738,BEN-0144,Scholarship,2026-05,2026-05-14,14830,OFF-011
AUTH-002156,ATT-002271,BEN-0189,Tech,2026-04,2026-04-23,12119,OFF-002
AUTH-001330,ATT-001403,BEN-0118,Scholarship,2025-08,2025-08-04," KES 14,855 ",OFF-006
AUTH-001462,ATT-001540,BEN-0128,Tech,2025-03,2025-03-27,12137,OFF-003
AUTH-001799,ATT-001884,BEN-0156,Scholarship,2026-03,2026-03-18,15077,OFF-010
AUTH-000483,ATT-000511,BEN-0043,Scholarship,2025-02,,14944,OFF-008
AUTH-000617,ATT-000654,BEN-0055,Tech,2025-10,2025-10-05,11887,OFF-015
AUTH-001539,ATT-001618,BEN-0134,Scholarship,2025-03,2025-03-31,14738,OFF-003
AUTH-001148,ATT-001218,BEN-0100,Plus,2026-04,2026-04-04,7882,OFF-001
AUTH-000582,ATT-000617,BEN-0052,Vocational,2025-09,2025-09-06,10088,OFF-006
AUTH-000558,ATT-000593,BEN-0050,Scholarship,2025-01,2025-01-30,14781,OFF-009
AUTH-000685,ATT-000722,BEN-0060,Plus,2025-09,2025-09-26,8046,OFF-012
AUTH-002221,ATT-002337,BEN-0195,Scholarship,2025-05,,15024,OFF-002
AUTH-001930,ATT-002030,BEN-0168,Scholarship,2025-12,2025-12-19,14997,OFF-013
AUTH-000816,ATT-000860,BEN-0072,Vocational,2025-01,2025-01-20,9945,OFF-001
AUTH-000024,ATT-000025,BEN-0002,Scholarship,2026-02,2026-02-15,15215,OFF-009
AUTH-001836,ATT-001926,BEN-0159,Plus,2026-03,2026-03-13,8061,OFF-009
AUTH-001138,ATT-001207,BEN-0099,Scholarship,2025-08,2025-08-22," KES 15,057 ",OFF-004
AUTH-000083,ATT-000084,BEN-0007,Vocational,2025-11,2025-11-21,10198,OFF-015
AUTH-000551,ATT-000586,BEN-0050,Scholarship,2026-05,20/05/2026,15171,OFF-009
AUTH-000970,ATT-001024,BEN-0084,Scholarship,2025-04,2025-04-19,14732,OFF-008
AUTH-000519,ATT-000553,BEN-0047,Scholarship,2026-01,2026-02-01,15182,OFF-008
AUTH-001981,ATT-002084,BEN-0173,Tech,2025-04,2025-04-30,12123,OFF-003
AUTH-002227,ATT-002343,BEN-0196,Vocational,2026-03,2026-03-16,10121,OFF-004
AUTH-001143,ATT-001213,BEN-0099,Scholarship,2025-11,2025-12-01,14801,OFF-004
AUTH-000050,ATT-000051,BEN-0005,Scholarship,2026-02,2026-02-28,14737,OFF-004
AUTH-001870,ATT-001962,BEN-0163,Scholarship,2025-02,2025-02-19,14733,OFF-006
AUTH-000713,ATT-000753,BEN-0063,Tech,2025-07,2025-07-11,12229,OFF-007
AUTH-000291,ATT-000310,BEN-0025,Plus,2025-05,2025-05-04,7844,OFF-009
AUTH-001613,ATT-001694,BEN-0140,Plus,2025-03,2025-03-17,8157,OFF-015
AUTH-002050,ATT-002156,BEN-0179,Tech,2026-02,2026-02-06,12121,OFF-001
AUTH-001594,ATT-001675,BEN-0138,Scholarship,2025-11,2025-11-27,14760,OFF-009
AUTH-000423,ATT-000448,BEN-0038,Plus,2025-07,2025-07-17,7873,OFF-012
AUTH-001034,ATT-001096,BEN-0091,Tech,2025-12,2025-12-09,11993,OFF-003
AUTH-001754,ATT-001838,BEN-0152,Vocational,2025-05,2025-05-10,10059,OFF-007
AUTH-001905,ATT-002000,BEN-0166,Plus,2025-01,2025-01-08,7982,OFF-001
AUTH-002077,ATT-002188,BEN-0181,Tech,2025-04,03/04/2025,12202,OFF-013
AUTH-002216,ATT-002332,BEN-0195,Scholarship,2026-05,2026-05-22," KES 15,252 ",OFF-002
AUTH-001237,ATT-001309,BEN-0109,Tech,2025-12,2025-12-28,11793,OFF-006
AUTH-000201,ATT-000212,BEN-0016,Vocational,2025-07,2025-07-07,10018,OFF-008
AUTH-001792,ATT-001877,BEN-0155,Vocational,2025-12,2025-12-27,10155,OFF-004
AUTH-002098,ATT-002211,BEN-0183,Scholarship,2025-12,2025-12-18,15208,OFF-014
AUTH-001340,ATT-001413,BEN-0119,Scholarship,2026-05,2026-05-16,15053,OFF-010
AUTH-000897,ATT-000941,BEN-0078,Plus,2025-12,16/12/2025,8052,OFF-015
AUTH-000928,ATT-000974,BEN-0081,Plus,2025-03,2025-03-03,8091,OFF-005
AUTH-000646,ATT-000683,BEN-0057,Tech,2025-08,2025-08-16,11893,OFF-012
AUTH-000577,ATT-000612,BEN-0051,Vocational,2026-05,17/05/2026,9808,OFF-010
AUTH-001911,ATT-002006,BEN-0166,Plus,2025-03,2025-03-17,8026,OFF-001
AUTH-001463,ATT-001541,BEN-0128,Tech,2025-08,2025-08-04,12231,OFF-003
AUTH-002223,ATT-002339,BEN-0195,Scholarship,2025-07,2025-07-08,15133,OFF-002
AUTH-000508,ATT-000540,BEN-0046,Tech,2025-08,2025-08-25,12143,OFF-012
AUTH-000907,ATT-000951,BEN-0079,Plus,2025-05,2025-05-11,8024,OFF-002
AUTH-000204,ATT-000215,BEN-0017,Scholarship,2025-06,10/06/2025,15267,OFF-007
AUTH-001786,ATT-001871,BEN-0155,Vocational,2025-11,2025-11-29,9991,OFF-004
AUTH-001642,ATT-001723,BEN-0143,Scholarship,2025-12,20/12/2025,15260,OFF-012
AUTH-001147,ATT-001217,BEN-0100,Plus,2025-07,2025-07-19,7900,OFF-001
AUTH-000729,ATT-000770,BEN-0064,Tech,2026-06,2026-06-28,12181,OFF-001
AUTH-000535,ATT-000569,BEN-0048,Tech,2025-10,2025-10-15,12128,OFF-006
AUTH-001043,ATT-001105,BEN-0091,Tech,2026-04,2026-04-19,11946,OFF-003
AUTH-000379,ATT-000403,BEN-0034,Tech,2026-04,2026-04-22,11998,OFF-009
AUTH-000478,ATT-000505,BEN-0043,Scholarship,2025-03,2025-03-19,15253,OFF-008
AUTH-000814,ATT-000858,BEN-0072,Vocational,2025-08,2025-08-10,10166,OFF-001
AUTH-001719,ATT-001801,BEN-0149,Vocational,2026-02,2026-02-28,9899,OFF-005
AUTH-000581,ATT-000616,BEN-0052,Vocational,2026-02,2026-02-11,9995,OFF-006
AUTH-000691,ATT-000728,BEN-0061,Scholarship,2025-06,2025-06-26," KES 15,069 ",OFF-008
AUTH-001298,ATT-001371,BEN-0114,Scholarship,2025-04,2025-04-13," KES 15,125 ",OFF-006
AUTH-000550,ATT-000585,BEN-0050,Scholarship,2025-07,2025-07-14,14791,OFF-009
AUTH-002195,ATT-002311,BEN-0193,Tech,2025-07,14/07/2025,11992,OFF-010
AUTH-001024,ATT-001084,BEN-0090,Vocational,2025-10,25/10/2025,10053,OFF-001
AUTH-000324,ATT-000345,BEN-0028,Vocational,2025-08,2025-08-17,10138,OFF-004
AUTH-000021,ATT-000022,BEN-0002,Scholarship,2025-10,2025-10-05,14947,OFF-009
AUTH-000120,ATT-000121,BEN-0010,Tech,2025-06,2025-06-29," KES 12,053 ",OFF-008
AUTH-001915,ATT-002011,BEN-0167,Plus,2025-09,2025-09-27,7880,OFF-013
AUTH-000854,ATT-000898,BEN-0075,Scholarship,2025-02,2025-02-26,15224,OFF-012
AUTH-000100,ATT-000101,BEN-0008,Plus,2026-05,2026-05-09,7935,OFF-015
AUTH-000479,ATT-000506,BEN-0043,Scholarship,2025-10,2025-10-15,15099,OFF-008
AUTH-000081,ATT-000082,BEN-0007,Vocational,2026-01,2026-01-13,9876,OFF-015
AUTH-001893,ATT-001986,BEN-0165,Tech,2025-02,2025-02-06,12196,OFF-008
AUTH-000998,ATT-001058,BEN-0087,Plus,2025-08,2025-08-21," KES 7,858 ",OFF-014
AUTH-001552,ATT-001631,BEN-0135,Vocational,2025-05,2025-05-20,9910,OFF-007
AUTH-001127,ATT-001196,BEN-0098,Vocational,2026-05,2026-05-12,9808,OFF-015
AUTH-002063,ATT-002169,BEN-0180,Scholarship,2026-03,2026-04-02,15063,OFF-010
AUTH-002011,ATT-002115,BEN-0176,Scholarship,2026-05,,15272,OFF-001
AUTH-001367,ATT-001442,BEN-0121,Plus,2026-05,2026-05-03,8085,OFF-013
AUTH-000405,ATT-000430,BEN-0036,Plus,2026-01,2026-01-18,7979,OFF-012
AUTH-001691,ATT-001773,BEN-0147,Vocational,2025-05,2025-05-24,10080,OFF-010
AUTH-001542,ATT-001621,BEN-0134,Scholarship,2026-01,2026-01-05,14808,OFF-003
AUTH-001695,ATT-001777,BEN-0148,Plus,2025-03,2025-03-16,7905,OFF-012
AUTH-000171,ATT-000179,BEN-0014,Scholarship,2025-08,2025-08-08,15139,OFF-013
AUTH-000909,ATT-000953,BEN-0079,Plus,2025-10,2025-10-07,8138,OFF-002
AUTH-001222,ATT-001293,BEN-0107,Plus,2025-12,2025-12-16,8146,OFF-002
AUTH-001401,ATT-001477,BEN-0123,Tech,2025-10,2025-10-28," KES 11,958 ",OFF-012
AUTH-001743,ATT-001827,BEN-0151,Vocational,2025-11,2025-11-30,9864,OFF-013
AUTH-001711,ATT-001793,BEN-0149,Vocational,2025-05,2025-05-24,9851,OFF-005
AUTH-000869,ATT-000913,BEN-0076,Vocational,2025-08,2025-08-13,10144,OFF-015
AUTH-001386,ATT-001462,BEN-0122,Vocational,2026-06,30/06/2026,9835,OFF-005
AUTH-001320,ATT-001393,BEN-0116,Plus,2025-09,2025-09-14,7972,OFF-002
AUTH-000623,ATT-000660,BEN-0056,Plus,2025-05,2025-05-08,8123,OFF-005
AUTH-000196,ATT-000207,BEN-0016,Vocational,2025-06,2025-06-12,10169,OFF-008
AUTH-000087,ATT-000088,BEN-0007,Vocational,2025-07,2025-07-20,9872,OFF-015
AUTH-002243,ATT-002361,BEN-0197,Plus,2025-04,2025-04-06,7923,OFF-006
AUTH-001796,ATT-001881,BEN-0156,Scholarship,2025-07,2025-07-16,14849,OFF-010
AUTH-001240,ATT-001313,BEN-0109,Tech,2026-01,2026-01-16,11922,OFF-006
AUTH-000468,ATT-000494,BEN-0042,Vocational,2025-02,2025-02-12,9850,OFF-004
AUTH-001614,ATT-001695,BEN-0140,Plus,2025-09,2025-09-18,7996,OFF-015
AUTH-002180,ATT-002296,BEN-0191,Vocational,2025-04,2025-04-11,10176,OFF-012
AUTH-002082,ATT-002193,BEN-0182,Plus,2025-04,2025-04-24,7925,OFF-004
AUTH-001524,ATT-001603,BEN-0133,Scholarship,2025-05,2025-05-09,15039,OFF-007
AUTH-001650,ATT-001731,BEN-0143,Scholarship,2025-11,2025-11-06,15223,OFF-012
AUTH-001084,ATT-001152,BEN-0094,Plus,2025-10,2025-10-08,7889,OFF-006
AUTH-000106,ATT-000107,BEN-0009,Plus,2025-02,2025-02-23,8096,OFF-005
AUTH-001441,ATT-001519,BEN-0127,Vocational,2025-03,2025-03-26,10118,OFF-012
AUTH-002105,ATT-002218,BEN-0184,Tech,2026-04,29/04/2026,11881,OFF-003
AUTH-000035,ATT-000036,BEN-0003,Tech,2026-05,2026-05-23,11955,OFF-005
AUTH-001060,ATT-001124,BEN-0093,Tech,2025-07,2025-07-10,12041,OFF-013
AUTH-001817,ATT-001902,BEN-0157,Plus,2025-05,2025-05-28,8010,OFF-012
AUTH-001086,ATT-001154,BEN-0094,Plus,2026-05,2026-05-25,7916,OFF-006
AUTH-000781,ATT-000823,BEN-0069,Tech,2025-11,2025-11-13," KES 12,229 ",OFF-015
AUTH-002061,ATT-002167,BEN-0180,Scholarship,2025-02,2025-02-12,15164,OFF-010
AUTH-001708,ATT-001790,BEN-0149,Vocational,2025-01,2025-01-24,9950,OFF-005
AUTH-001601,ATT-001682,BEN-0139,Vocational,2026-01,2026-01-25,10103,OFF-003
AUTH-002088,ATT-002199,BEN-0182,Plus,2026-03,2026-03-26,7962,OFF-004
AUTH-000257,ATT-000273,BEN-0022,Scholarship,2026-05,2026-05-22,14931,OFF-008
AUTH-002138,ATT-002252,BEN-0187,Tech,2026-02,2026-02-11,11794,OFF-010
AUTH-002231,ATT-002347,BEN-0196,Vocational,2025-09,2025-09-28,10110,OFF-004
AUTH-000079,ATT-000080,BEN-0006,Vocational,2026-04,2026-04-11,10008,OFF-012
AUTH-001718,ATT-001800,BEN-0149,Vocational,2025-12,2025-12-23,10184,OFF-005
AUTH-000128,ATT-000130,BEN-0010,Tech,2026-02,2026-02-10,11987,OFF-008
AUTH-001773,ATT-001857,BEN-0154,Plus,2025-11,2025-11-03,8158,OFF-005
AUTH-001007,ATT-001067,BEN-0088,Scholarship,2025-02,2025-02-23,14966,OFF-002
AUTH-001568,ATT-001647,BEN-0136,Vocational,2026-03,2026-03-10," KES 10,084 ",OFF-008
AUTH-001476,ATT-001554,BEN-0129,Tech,2025-09,2025-09-08,11963,OFF-003
AUTH-000794,ATT-000837,BEN-0070,Scholarship,2025-07,2025-07-22,14768,OFF-008
AUTH-001296,ATT-001369,BEN-0114,Scholarship,2026-02,2026-02-25,15209,OFF-006
AUTH-002092,ATT-002203,BEN-0183,Scholarship,2026-06,2026-06-30,15231,OFF-014
AUTH-001206,ATT-001277,BEN-0105,Scholarship,2026-05,2026-05-17,14955,OFF-012
AUTH-001114,ATT-001183,BEN-0097,Scholarship,2025-12,2025-12-12,14748,OFF-010
AUTH-000233,ATT-000248,BEN-0020,Plus,2025-01,2025-01-08,7957,OFF-002
AUTH-000038,ATT-000039,BEN-0004,Plus,2025-01,2025-01-16,7960,OFF-001
AUTH-000825,ATT-000869,BEN-0073,Scholarship,2026-04,2026-04-15,15119,OFF-015
AUTH-000721,ATT-000761,BEN-0063,Tech,2025-10,2025-10-12,11830,OFF-007
AUTH-001322,ATT-001395,BEN-0116,Plus,2026-04,2026-04-28,8026,OFF-002
AUTH-000873,ATT-000917,BEN-0076,Vocational,2025-01,2025-01-16,9879,OFF-015
AUTH-000226,ATT-000239,BEN-0018,Tech,2025-05,2025-05-26,11929,OFF-008
AUTH-000830,ATT-000874,BEN-0073,Scholarship,2025-05,2025-05-28,14844,OFF-015
AUTH-002002,ATT-002105,BEN-0175,Vocational,2025-02,2025-02-11,10186,OFF-002
AUTH-001690,ATT-001772,BEN-0147,Vocational,2025-12,2025-12-08," KES 10,011 ",OFF-010
AUTH-000671,ATT-000708,BEN-0060,Plus,2026-01,2026-01-23,7867,OFF-012
AUTH-000126,ATT-000128,BEN-0010,Tech,2025-11,2025-11-24,12185,OFF-008
AUTH-000028,ATT-000029,BEN-0003,Tech,2025-03,2025-03-23,12089,OFF-005
AUTH-000768,ATT-000810,BEN-0068,Tech,2025-06,2025-06-29,11930,OFF-006
AUTH-000969,ATT-001023,BEN-0084,Scholarship,2025-10,2025-10-23,14736,OFF-008
AUTH-000943,ATT-000993,BEN-0082,Vocational,2026-03,2026-03-09,9978,OFF-014
AUTH-000784,ATT-000826,BEN-0069,Tech,2025-04,2025-04-06,12151,OFF-015
AUTH-000757,ATT-000798,BEN-0067,Scholarship,2025-08,2025-08-21,14972,OFF-015
AUTH-001895,ATT-001988,BEN-0165,Tech,2025-12,2026-01-02,12203,OFF-008
AUTH-000817,ATT-000861,BEN-0073,Scholarship,2025-09,2025-10-01,15050,OFF-015
AUTH-000121,ATT-000122,BEN-0010,Tech,2025-05,2025-05-06,12031,OFF-008
AUTH-000833,ATT-000877,BEN-0073,Scholarship,2026-03,2026-03-17,15236,OFF-015
AUTH-002024,ATT-002129,BEN-0177,Scholarship,2026-03,2026-03-22,14844,OFF-002
AUTH-000731,ATT-000772,BEN-0064,Tech,2025-04,2025-04-11,11947,OFF-001
AUTH-000175,ATT-000185,BEN-0014,Scholarship,2026-02,2026-02-12,14823,OFF-013
AUTH-002220,ATT-002336,BEN-0195,Scholarship,2025-01,2025-01-08,14767,OFF-002
AUTH-001946,ATT-002048,BEN-0169,Vocational,2025-04,2025-04-16,9938,OFF-008
AUTH-000954,ATT-001007,BEN-0083,Plus,2026-02,2026-02-14,8098,OFF-001
AUTH-002019,ATT-002123,BEN-0176,Scholarship,2025-06,2025-06-20,14727,OFF-001
AUTH-001890,ATT-001983,BEN-0164,Scholarship,2025-11,2025-11-16,14772,OFF-005
AUTH-000056,ATT-000057,BEN-0005,Scholarship,2025-09,2025-09-11,15113,OFF-004
AUTH-001724,ATT-001806,BEN-0150,Vocational,2025-05,2025-05-24,9976,OFF-010
AUTH-001583,ATT-001663,BEN-0137,Vocational,2026-06,2026-06-23,9991,OFF-002
AUTH-000476,ATT-000502,BEN-0043,Scholarship,2026-04,2026-04-06,15008,OFF-008
AUTH-000225,ATT-000237,BEN-0018,Tech,2025-10,2025-10-17,12108,OFF-008
AUTH-000610,ATT-000647,BEN-0055,Tech,2025-07,2025-07-11,11974,OFF-015
AUTH-001266,ATT-001339,BEN-0112,Scholarship,2026-01,2026-01-10,14903,OFF-007
AUTH-000999,ATT-001059,BEN-0088,Scholarship,2025-10,2025-10-14,15271,OFF-002
AUTH-001649,ATT-001730,BEN-0143,Scholarship,2025-04,2025-04-16,15212,OFF-012
AUTH-000835,ATT-000879,BEN-0074,Scholarship,2025-11,2025-11-23,14780,OFF-010
AUTH-001531,ATT-001610,BEN-0134,Scholarship,2025-11,2025-11-10,15064,OFF-003
AUTH-001276,ATT-001349,BEN-0113,Scholarship,2026-04,2026-04-02,14889,OFF-007
AUTH-001720,ATT-001802,BEN-0150,Vocational,2026-02,2026-03-01,9877,OFF-010
AUTH-000752,ATT-000793,BEN-0067,Scholarship,2026-03,2026-03-19,14805,OFF-015
AUTH-001429,ATT-001506,BEN-0126,Vocational,2025-10,2025-10-20,9868,OFF-013
AUTH-001465,ATT-001543,BEN-0129,Tech,2026-05,2026-05-06,12221,OFF-003
AUTH-002274,ATT-002392,BEN-0200,Vocational,2026-05,11/05/2026,10013,OFF-011
AUTH-000622,ATT-000659,BEN-0056,Plus,2025-07,2025-07-21,8045,OFF-005
AUTH-001745,ATT-001829,BEN-0152,Vocational,2026-05,2026-05-17,10043,OFF-007
AUTH-001304,ATT-001377,BEN-0115,Plus,2025-10,,8017,OFF-004
AUTH-002222,ATT-002338,BEN-0195,Scholarship,2026-04,2026-04-22,15097,OFF-002
AUTH-001176,ATT-001247,BEN-0103,Plus,2026-01,2026-01-22,7980,OFF-009
AUTH-000918,ATT-000962,BEN-0080,Vocational,2025-02,2025-02-25,10178,OFF-013
AUTH-001092,ATT-001160,BEN-0095,Tech,2026-03,2026-03-25,12110,OFF-011
AUTH-000806,ATT-000850,BEN-0071,Plus,2025-02,15/02/2025,7929,OFF-005
AUTH-000428,ATT-000453,BEN-0039,Vocational,2025-12,2025-12-19,10183,OFF-006
AUTH-000803,ATT-000847,BEN-0071,Plus,2025-09,2025-09-25,8150,OFF-005
AUTH-001785,ATT-001870,BEN-0155,Vocational,2026-04,2026-04-14,9806,OFF-004
AUTH-002011,ATT-002115,BEN-0176,Scholarship,2026-05,,15272,OFF-001
AUTH-001882,ATT-001975,BEN-0164,Scholarship,2025-01,2025-01-05,14704,OFF-005
AUTH-001099,ATT-001168,BEN-0095,Tech,2026-05,2026-05-22," KES 12,108 ",OFF-011
AUTH-000971,ATT-001025,BEN-0085,Scholarship,2025-04,2025-04-22,15127,OFF-012
AUTH-000978,ATT-001032,BEN-0085,Scholarship,2026-02,26/02/2026,14812,OFF-012
AUTH-001906,ATT-002001,BEN-0166,Plus,2025-05,2025-05-15,8003,OFF-001
AUTH-000798,ATT-000842,BEN-0070,Scholarship,2025-08,2025-08-18,14810,OFF-008
AUTH-001602,ATT-001683,BEN-0139,Vocational,2025-02,2025-02-14,10147,OFF-003
AUTH-002040,ATT-002146,BEN-0178,Plus,2026-04,2026-04-09,8119,OFF-005
AUTH-000260,ATT-000276,BEN-0022,Scholarship,2025-05,2025-05-03,15210,OFF-008
AUTH-001768,ATT-001852,BEN-0154,Plus,2026-02,2026-02-26,7916,OFF-005
AUTH-000045,ATT-000046,BEN-0004,Plus,2025-04,2025-04-04,7968,OFF-001
AUTH-000231,ATT-000246,BEN-0019,Plus,2026-06,06/06/2026,7855,OFF-001
AUTH-001588,ATT-001668,BEN-0138,Scholarship,2026-02,2026-03-01,15295,OFF-009
AUTH-001117,ATT-001186,BEN-0097,Scholarship,2025-08,2025-08-20,15222,OFF-010
AUTH-001095,ATT-001163,BEN-0095,Tech,2025-04,,11949,OFF-011
AUTH-001903,ATT-001998,BEN-0166,Plus,2025-10,2025-10-31,7851,OFF-001
AUTH-001986,ATT-002089,BEN-0174,Plus,2025-12,2025-12-06,8089,OFF-002
AUTH-001033,ATT-001095,BEN-0091,Tech,2025-07,2025-07-26,11778,OFF-003
AUTH-001232,ATT-001304,BEN-0108,Vocational,2025-02,2025-02-26,9804,OFF-006
AUTH-000800,ATT-000844,BEN-0071,Plus,2025-05,2025-05-13,7954,OFF-005
AUTH-001703,ATT-001785,BEN-0148,Plus,2025-10,,8005,OFF-012
AUTH-001208,ATT-001279,BEN-0106,Scholarship,2025-03,2025-03-24,15185,OFF-007
AUTH-000006,ATT-000007,BEN-0001,Tech,2026-02,2026-03-05,12090,OFF-008
AUTH-000389,ATT-000414,BEN-0035,Plus,2026-05,2026-05-05,8045,OFF-008
AUTH-002210,ATT-002326,BEN-0194,Plus,2025-11,2025-11-22,8065,OFF-012
AUTH-002087,ATT-002198,BEN-0182,Plus,2025-02,2025-02-19,7933,OFF-004
AUTH-000852,ATT-000896,BEN-0075,Scholarship,2025-03,2025-03-16,14907,OFF-012
AUTH-000754,ATT-000795,BEN-0067,Scholarship,2026-02,2026-03-05,14967,OFF-015
AUTH-000676,ATT-000713,BEN-0060,Plus,2025-03,2025-03-28,8074,OFF-012
AUTH-000521,ATT-000555,BEN-0047,Scholarship,2026-03,2026-03-13,14815,OFF-008
AUTH-001141,ATT-001210,BEN-0099,Scholarship,2025-09,23/09/2025,15135,OFF-004
AUTH-000245,ATT-000261,BEN-0020,Plus,2025-03,2025-03-14,8141,OFF-002
AUTH-001291,ATT-001364,BEN-0114,Scholarship,2026-04,2026-04-14,15261,OFF-006
AUTH-001259,ATT-001332,BEN-0111,Scholarship,2025-07,2025-07-20,15179,OFF-002
AUTH-001625,ATT-001706,BEN-0141,Plus,2026-06,2026-06-14,7975,OFF-010
AUTH-000342,ATT-000364,BEN-0030,Scholarship,2025-09,2025-09-15,15122,OFF-011
AUTH-001884,ATT-001977,BEN-0164,Scholarship,2026-02,2026-02-14,15018,OFF-005
AUTH-000152,ATT-000158,BEN-0012,Plus,2026-03,2026-03-03,8068,OFF-007
AUTH-001053,ATT-001116,BEN-0092,Scholarship,2026-06,2026-06-15,14954,OFF-008
AUTH-000425,ATT-000450,BEN-0038,Plus,2025-06,2025-06-17,8064,OFF-012
AUTH-000887,ATT-000931,BEN-0077,Scholarship,2025-01,2025-01-31,15036,OFF-003
AUTH-000984,ATT-001038,BEN-0085,Scholarship,2026-05,2026-05-20,15185,OFF-012
AUTH-001958,ATT-002061,BEN-0171,Plus,2025-10,2025-10-22,7948,OFF-004
AUTH-001673,ATT-001755,BEN-0146,Scholarship,2025-09,2025-09-26,15286,OFF-015
AUTH-001783,ATT-001868,BEN-0155,Vocational,2026-01,2026-01-18,10179,OFF-004
AUTH-002144,ATT-002258,BEN-0187,Tech,2025-05,2025-05-27,12159,OFF-010
AUTH-000400,ATT-000425,BEN-0036,Plus,2026-02,2026-03-03,7880,OFF-012
AUTH-000282,ATT-000301,BEN-0025,Plus,2026-02,2026-02-08,8092,OFF-009
AUTH-000268,ATT-000285,BEN-0023,Plus,2025-01,2025-01-18,7962,OFF-002
AUTH-001949,ATT-002051,BEN-0170,Plus,2026-02,2026-02-10,7858,OFF-006
AUTH-001606,ATT-001687,BEN-0139,Vocational,2025-09,10/09/2025,10033,OFF-003
AUTH-000956,ATT-001009,BEN-0083,Plus,2025-08,2025-08-06,7854,OFF-001
AUTH-000456,ATT-000482,BEN-0041,Plus,2025-09,17/09/2025,8009,OFF-007
AUTH-001633,ATT-001714,BEN-0142,Tech,2025-11,2025-11-27,11785,OFF-007
AUTH-001172,ATT-001242,BEN-0102,Plus,2026-05,2026-05-05,8112,OFF-013
AUTH-001952,ATT-002055,BEN-0170,Plus,2026-05,2026-05-27,7859,OFF-006
AUTH-000868,ATT-000912,BEN-0076,Vocational,2026-02,2026-02-11,9946,OFF-015
AUTH-000511,ATT-000543,BEN-0046,Tech,2025-07,2025-07-22,11972,OFF-012
AUTH-001521,ATT-001600,BEN-0133,Scholarship,2026-04,2026-04-12,14993,OFF-007
AUTH-001929,ATT-002029,BEN-0168,Scholarship,2025-01,2025-01-11,14805,OFF-013
AUTH-000828,ATT-000872,BEN-0073,Scholarship,2025-02,2025-02-28,14973,OFF-015
AUTH-001784,ATT-001869,BEN-0155,Vocational,2025-06,,9909,OFF-004
AUTH-001244,ATT-001317,BEN-0110,Vocational,2026-05,2026-05-04,10016,OFF-005
AUTH-000874,ATT-000918,BEN-0076,Vocational,2025-11,2025-11-21,9998,OFF-015
AUTH-001825,ATT-001913,BEN-0158,Scholarship,2025-12,16/12/2025,15200,OFF-014
AUTH-001791,ATT-001876,BEN-0155,Vocational,2026-06,,9908,OFF-004
AUTH-002093,ATT-002204,BEN-0183,Scholarship,2026-01,2026-01-30,14941,OFF-014
AUTH-000148,ATT-000154,BEN-0012,Plus,2026-04,2026-04-13,7956,OFF-007
AUTH-001789,ATT-001874,BEN-0155,Vocational,2025-10,2025-10-07,10064,OFF-004
AUTH-001500,ATT-001579,BEN-0131,Tech,2025-09,2025-09-16,11803,OFF-004
AUTH-002045,ATT-002151,BEN-0178,Plus,2025-01,2025-01-24,8051,OFF-005
AUTH-001728,ATT-001810,BEN-0150,Vocational,2025-11,2025-11-15,10192,OFF-010
AUTH-001856,ATT-001947,BEN-0161,Scholarship,2025-02,2025-02-28,14933,OFF-007
AUTH-001875,ATT-001968,BEN-0163,Scholarship,2025-04,2025-04-25,14980,OFF-006
AUTH-000327,ATT-000348,BEN-0028,Vocational,2025-04,2025-04-11,10022,OFF-004
AUTH-000408,ATT-000433,BEN-0037,Plus,2026-03,2026-03-16,7945,OFF-007
AUTH-000398,ATT-000423,BEN-0036,Plus,2025-10,2025-10-11,7961,OFF-012
AUTH-001746,ATT-001830,BEN-0152,Vocational,2026-02,2026-02-15,9850,OFF-007
AUTH-000450,ATT-000476,BEN-0040,Scholarship,2026-01,2026-01-11,14770,OFF-014
AUTH-000919,ATT-000963,BEN-0080,Vocational,2026-04,2026-05-01,10093,OFF-013
AUTH-000755,ATT-000796,BEN-0067,Scholarship,2025-12,2025-12-25,14994,OFF-015
AUTH-000104,ATT-000105,BEN-0009,Plus,2025-01,2025-01-22,7967,OFF-005
AUTH-000496,ATT-000525,BEN-0045,Scholarship,2026-06,2026-06-23,14932,OFF-014
AUTH-000359,ATT-000382,BEN-0031,Vocational,2026-05,2026-05-07,9997,OFF-008
AUTH-001115,ATT-001184,BEN-0097,Scholarship,2025-04,,15014,OFF-010
AUTH-000584,ATT-000619,BEN-0052,Vocational,2025-03,2025-03-05,9879,OFF-006
AUTH-000892,ATT-000936,BEN-0078,Plus,2026-03,2026-03-20,8135,OFF-015
AUTH-000224,ATT-000236,BEN-0018,Tech,2025-11,2025-11-25,12222,OFF-008
AUTH-000073,ATT-000074,BEN-0006,Vocational,2025-06,2025-06-23,10187,OFF-012
AUTH-001166,ATT-001236,BEN-0101,Scholarship,2026-03,2026-03-17,15290,OFF-004
AUTH-000781,ATT-000823,BEN-0069,Tech,2025-11,2025-11-13,12229,OFF-015
AUTH-001274,ATT-001347,BEN-0113,Scholarship,2025-04,,15092,OFF-007
AUTH-002013,ATT-002117,BEN-0176,Scholarship,2026-01,2026-01-10,14889,OFF-001
AUTH-000560,ATT-000595,BEN-0050,Scholarship,2025-08,2025-08-15,14722,OFF-009
AUTH-000025,ATT-000026,BEN-0002,Scholarship,2026-01,2026-01-18,14703,OFF-009
AUTH-001876,ATT-001969,BEN-0164,Scholarship,2025-05,2025-05-17,15220,OFF-005
AUTH-000002,ATT-000002,BEN-0001,Tech,2025-07,2025-07-31,12057,OFF-008
AUTH-000339,ATT-000361,BEN-0029,Vocational,2025-07,2025-07-20,10017,OFF-006
AUTH-001957,ATT-002060,BEN-0171,Plus,2025-01,2025-01-29,8026,OFF-004
AUTH-001683,ATT-001765,BEN-0147,Vocational,2025-04,2025-04-05,9941,OFF-010
AUTH-001538,ATT-001617,BEN-0134,Scholarship,2025-05,21/05/2025," KES 14,868 ",OFF-003
AUTH-001879,ATT-001972,BEN-0164,Scholarship,2026-04,2026-04-11,15121,OFF-005
AUTH-001483,ATT-001561,BEN-0130,Vocational,2025-02,2025-02-10,10103,OFF-002
AUTH-000626,ATT-000663,BEN-0056,Plus,2026-03,14/03/2026,7902,OFF-005
AUTH-001871,ATT-001964,BEN-0163,Scholarship,2025-09,2025-09-27,14751,OFF-006
AUTH-000286,ATT-000305,BEN-0025,Plus,2026-05,2026-05-30,8087,OFF-009
AUTH-001965,ATT-002068,BEN-0171,Plus,2025-02,2025-02-24,7971,OFF-004
AUTH-001178,ATT-001249,BEN-0103,Plus,2025-07,2025-07-09," KES 8,152 ",OFF-009
AUTH-001863,ATT-001954,BEN-0162,Scholarship,2026-02,2026-02-05,14924,OFF-011
AUTH-001234,ATT-001306,BEN-0108,Vocational,2026-05,2026-05-27,10072,OFF-006
AUTH-002240,ATT-002356,BEN-0197,Plus,2025-12,2025-12-18,8069,OFF-006
AUTH-000884,ATT-000928,BEN-0077,Scholarship,2026-02,27/02/2026," KES 14,858 ",OFF-003
AUTH-001781,ATT-001865,BEN-0155,Vocational,2025-09,2025-09-26,10061,OFF-004
AUTH-000444,ATT-000469,BEN-0040,Scholarship,2026-03,2026-03-17,15042,OFF-014
AUTH-000013,ATT-000014,BEN-0001,Tech,2026-01,2026-01-30,12045,OFF-008
AUTH-001121,ATT-001190,BEN-0097,Scholarship,2026-04,2026-04-14,15256,OFF-010
AUTH-000166,ATT-000173,BEN-0014,Scholarship,2026-03,2026-03-11,14877,OFF-013
AUTH-001392,ATT-001468,BEN-0123,Tech,2025-02,27/02/2025," KES 12,050 ",OFF-012
AUTH-000607,ATT-000644,BEN-0054,Vocational,2025-09,2025-09-15,9803,OFF-003
AUTH-002062,ATT-002168,BEN-0180,Scholarship,2025-04,2025-04-06,15070,OFF-010
AUTH-002165,ATT-002280,BEN-0189,Tech,2025-12,2025-12-21," KES 11,897 ",OFF-002
AUTH-001098,ATT-001167,BEN-0095,Tech,2025-05,2025-05-24,11924,OFF-011
AUTH-001948,ATT-002050,BEN-0170,Plus,2025-09,2025-09-15,8042,OFF-006
AUTH-000627,ATT-000664,BEN-0056,Plus,2025-04,2025-04-28,8063,OFF-005
AUTH-002091,ATT-002202,BEN-0183,Scholarship,2025-08,2025-08-26,15075,OFF-014
AUTH-001592,ATT-001672,BEN-0138,Scholarship,2026-01,2026-01-27,14887,OFF-009
AUTH-001605,ATT-001686,BEN-0139,Vocational,2025-12,2025-12-05,10141,OFF-003
AUTH-001335,ATT-001408,BEN-0118,Scholarship,2026-05,2026-05-24,15098,OFF-006
AUTH-001324,ATT-001397,BEN-0117,Vocational,2025-05,2025-05-26,9841,OFF-005
AUTH-000495,ATT-000524,BEN-0044,Scholarship,2025-02,21/02/2025,15175,OFF-012
AUTH-001250,ATT-001323,BEN-0110,Vocational,2025-11,2025-11-17,9828,OFF-005
AUTH-002083,ATT-002194,BEN-0182,Plus,2025-06,2025-06-04,7942,OFF-004
AUTH-001241,ATT-001314,BEN-0109,Tech,2026-04,2026-04-19,12034,OFF-006
AUTH-001725,ATT-001807,BEN-0150,Vocational,2025-02,2025-02-22," KES 10,125 ",OFF-010
AUTH-001331,ATT-001404,BEN-0118,Scholarship,2026-04,2026-04-30,14922,OFF-006
AUTH-002186,ATT-002302,BEN-0192,Plus,2025-06,2025-06-08,7987,OFF-003
AUTH-000114,ATT-000115,BEN-0009,Plus,2025-12,2025-12-29,7863,OFF-005
AUTH-001002,ATT-001062,BEN-0088,Scholarship,2025-09,2025-09-07,14875,OFF-002
AUTH-001187,ATT-001258,BEN-0104,Plus,2025-07,2025-07-26,8108,OFF-007
AUTH-000063,ATT-000064,BEN-0005,Scholarship,2025-02,2025-03-01,14974,OFF-004
AUTH-001951,ATT-002054,BEN-0170,Plus,2025-06,2025-06-08,7980,OFF-006
AUTH-001918,ATT-002015,BEN-0167,Plus,2026-04,2026-04-30,8069,OFF-013
AUTH-000077,ATT-000078,BEN-0006,Vocational,2026-05,2026-05-15,9969,OFF-012
AUTH-001184,ATT-001255,BEN-0104,Plus,2025-05,2025-05-09,7875,OFF-007
AUTH-000531,ATT-000565,BEN-0048,Tech,2025-04,,11853,OFF-006
AUTH-001103,ATT-001172,BEN-0096,Plus,2025-10,2025-10-25,8153,OFF-005
AUTH-000417,ATT-000442,BEN-0037,Plus,2025-11,2025-11-14,7934,OFF-007
AUTH-000707,ATT-000747,BEN-0063,Tech,2026-03,2026-03-25,12206,OFF-007
AUTH-000838,ATT-000882,BEN-0074,Scholarship,2026-06,2026-06-05,15155,OFF-010
AUTH-001740,ATT-001824,BEN-0151,Vocational,2025-05,2025-05-12,9898,OFF-013
AUTH-001770,ATT-001854,BEN-0154,Plus,2025-04,2025-05-02,8069,OFF-005
AUTH-000678,ATT-000715,BEN-0060,Plus,2026-04,2026-04-27,7841,OFF-012
AUTH-001008,ATT-001068,BEN-0088,Scholarship,2026-06,2026-06-15,14904,OFF-002
AUTH-000664,ATT-000701,BEN-0059,Vocational,2026-02,2026-02-21,9811,OFF-013
AUTH-000983,ATT-001037,BEN-0085,Scholarship,2025-09,2025-09-26,15110,OFF-012
AUTH-002149,ATT-002263,BEN-0188,Scholarship,2026-04,2026-04-30,15264,OFF-005
AUTH-000459,ATT-000485,BEN-0041,Plus,2025-10,2025-10-04,7948,OFF-007
AUTH-001499,ATT-001578,BEN-0131,Tech,2025-02,10/02/2025,11958,OFF-004
AUTH-001368,ATT-001443,BEN-0121,Plus,2025-08,2025-08-19,8154,OFF-013
AUTH-001180,ATT-001251,BEN-0103,Plus,2025-11,2025-11-17,7876,OFF-009
AUTH-001847,ATT-001938,BEN-0161,Scholarship,2025-04,2025-04-12,14855,OFF-007
AUTH-000391,ATT-000416,BEN-0035,Plus,2026-02,2026-02-13,7930,OFF-008
AUTH-000040,ATT-000041,BEN-0004,Plus,2025-11,2025-11-08,7915,OFF-001
AUTH-001342,ATT-001415,BEN-0119,Scholarship,2026-01,2026-02-01,15198,OFF-010
AUTH-000373,ATT-000397,BEN-0033,Plus,2026-06,2026-06-15,7879,OFF-001
AUTH-001896,ATT-001989,BEN-0165,Tech,2025-05,2025-05-06,12192,OFF-008
AUTH-001950,ATT-002053,BEN-0170,Plus,2026-03,2026-03-19,7983,OFF-006
AUTH-001962,ATT-002065,BEN-0171,Plus,2025-08,04/08/2025,7840,OFF-004
AUTH-001355,ATT-001428,BEN-0120,Plus,2026-01,2026-01-16,8026,OFF-015
AUTH-001211,ATT-001282,BEN-0106,Scholarship,2025-04,2025-04-20,14960,OFF-007
AUTH-000486,ATT-000515,BEN-0043,Scholarship,2025-12,2025-12-18,14809,OFF-008
AUTH-001035,ATT-001097,BEN-0091,Tech,2026-01,2026-01-12,11779,OFF-003
AUTH-001415,ATT-001491,BEN-0124,Scholarship,2025-07,2025-07-06,14932,OFF-012
AUTH-001362,ATT-001435,BEN-0121,Plus,2025-10,2025-10-26,7860,OFF-013
AUTH-002175,ATT-002290,BEN-0190,Plus,2026-04,2026-04-13,7941,OFF-004
AUTH-001702,ATT-001784,BEN-0148,Plus,2026-04,2026-04-08,7854,OFF-012
AUTH-002037,ATT-002143,BEN-0178,Plus,2026-01,2026-01-09,8133,OFF-005
AUTH-000082,ATT-000083,BEN-0007,Vocational,2026-03,2026-03-19,9906,OFF-015
AUTH-002108,ATT-002221,BEN-0184,Tech,2025-05,2025-05-06,11890,OFF-003
AUTH-001315,ATT-001388,BEN-0116,Plus,2025-10,2025-10-29,8056,OFF-002
AUTH-000880,ATT-000924,BEN-0077,Scholarship,2026-06,2026-06-03,15059,OFF-003
AUTH-001655,ATT-001737,BEN-0144,Scholarship,2025-03,2025-03-15,14725,OFF-011
AUTH-000271,ATT-000288,BEN-0023,Plus,2025-06,2025-06-25,7918,OFF-002
AUTH-001571,ATT-001651,BEN-0137,Vocational,2025-10,2025-10-13,9916,OFF-002
AUTH-001679,ATT-001761,BEN-0146,Scholarship,2025-12,09/12/2025,14818,OFF-015
AUTH-001727,ATT-001809,BEN-0150,Vocational,2025-03,2025-03-04," KES 9,938 ",OFF-010
AUTH-001217,ATT-001288,BEN-0106,Scholarship,2025-07,2025-07-23,14716,OFF-007
AUTH-000991,ATT-001045,BEN-0086,Plus,2025-11,2025-11-26,8091,OFF-004
AUTH-000522,ATT-000556,BEN-0048,Tech,2025-01,2025-01-26,12015,OFF-006
AUTH-000157,ATT-000164,BEN-0013,Tech,2025-10,05/10/2025,12208,OFF-006
AUTH-000395,ATT-000420,BEN-0036,Plus,2026-06,2026-06-20,7857,OFF-012
AUTH-001667,ATT-001749,BEN-0145,Vocational,2025-12,2025-12-14,9987,OFF-001
AUTH-001044,ATT-001106,BEN-0091,Tech,2025-08,16/08/2025,11929,OFF-003
AUTH-000098,ATT-000099,BEN-0008,Plus,2025-07,2025-07-18,7974,OFF-015
AUTH-001850,ATT-001941,BEN-0161,Scholarship,2025-03,2025-03-24,14724,OFF-007
AUTH-002141,ATT-002255,BEN-0187,Tech,2025-02,2025-02-06,12033,OFF-010
AUTH-001675,ATT-001757,BEN-0146,Scholarship,2025-01,2025-01-13,14854,OFF-015
AUTH-001336,ATT-001409,BEN-0118,Scholarship,2025-10,2025-10-05,14957,OFF-006
AUTH-000817,ATT-000861,BEN-0073,Scholarship,2025-09,2025-10-01,15050,OFF-015
AUTH-000302,ATT-000321,BEN-0026,Tech,2025-01,2025-01-28,12052,OFF-007
AUTH-000156,ATT-000163,BEN-0013,Tech,2026-05,2026-05-09," KES 12,055 ",OFF-006
AUTH-000580,ATT-000615,BEN-0051,Vocational,2025-03,2025-03-29,10080,OFF-010
AUTH-000575,ATT-000610,BEN-0051,Vocational,2025-06,2025-06-27,10099,OFF-010
AUTH-001562,ATT-001641,BEN-0136,Vocational,2026-06,2026-06-04,10174,OFF-008
AUTH-001050,ATT-001112,BEN-0091,Tech,2025-02,2025-02-06,12157,OFF-003
AUTH-000904,ATT-000948,BEN-0078,Plus,2025-07,2025-07-18,8120,OFF-015
AUTH-000057,ATT-000058,BEN-0005,Scholarship,2025-11,2025-11-16,14755,OFF-004
AUTH-000642,ATT-000679,BEN-0057,Tech,2025-05,2025-05-30,12160,OFF-012
AUTH-000506,ATT-000538,BEN-0046,Tech,2026-05,2026-05-25,11924,OFF-012
AUTH-000193,ATT-000204,BEN-0016,Vocational,2025-01,2025-01-18,10170,OFF-008
AUTH-001514,ATT-001593,BEN-0132,Scholarship,2025-04,2025-04-09,15289,OFF-009
AUTH-001348,ATT-001421,BEN-0119,Scholarship,2025-06,2025-06-07,14935,OFF-010
AUTH-002023,ATT-002127,BEN-0176,Scholarship,2026-02,2026-02-24,15146,OFF-001
AUTH-000769,ATT-000811,BEN-0068,Tech,2025-09,2025-09-11,12007,OFF-006
AUTH-001384,ATT-001460,BEN-0122,Vocational,2025-12,2025-12-30,10006,OFF-005
AUTH-000993,ATT-001051,BEN-0087,Plus,2025-07,24/07/2025,7955,OFF-014
AUTH-001672,ATT-001754,BEN-0146,Scholarship,2025-06,2025-06-08,15017,OFF-015
AUTH-001626,ATT-001707,BEN-0141,Plus,2026-04,2026-04-24,8039,OFF-010
AUTH-000740,ATT-000781,BEN-0065,Plus,2025-02,2025-02-23,8088,OFF-002
AUTH-002209,ATT-002325,BEN-0194,Plus,2026-02,2026-02-06,8096,OFF-012
AUTH-000172,ATT-000180,BEN-0014,Scholarship,2025-09,2025-09-08,15158,OFF-013
AUTH-001490,ATT-001569,BEN-0131,Tech,2025-08,06/08/2025,12179,OFF-004
AUTH-001974,ATT-002077,BEN-0172,Plus,2026-03,2026-03-06,7924,OFF-012
AUTH-001747,ATT-001831,BEN-0152,Vocational,2025-07,2025-07-15,9901,OFF-007
AUTH-001305,ATT-001378,BEN-0115,Plus,2025-05,2025-05-21,8030,OFF-004
AUTH-000727,ATT-000768,BEN-0064,Tech,2026-02,2026-03-04,12127,OFF-001
AUTH-002192,ATT-002308,BEN-0192,Plus,2026-04,2026-04-14,7951,OFF-003
AUTH-001993,ATT-002096,BEN-0174,Plus,2026-02,2026-02-19,7924,OFF-002
AUTH-000780,ATT-000822,BEN-0069,Tech,2026-03,,11808,OFF-015
AUTH-000963,ATT-001017,BEN-0084,Scholarship,2026-05,16/05/2026,14880,OFF-008
AUTH-001204,ATT-001275,BEN-0105,Scholarship,2025-04,02/05/2025,15119,OFF-012
AUTH-000598,ATT-000635,BEN-0053,Plus,2026-01,2026-01-15,8137,OFF-001
AUTH-001149,ATT-001219,BEN-0100,Plus,2026-05,19/05/2026,8059,OFF-001
AUTH-001411,ATT-001487,BEN-0124,Scholarship,2026-05,2026-05-13,15220,OFF-012
AUTH-000443,ATT-000468,BEN-0040,Scholarship,2025-10,2025-10-28,15095,OFF-014
AUTH-000505,ATT-000537,BEN-0046,Tech,2025-01,2025-01-12,11970,OFF-012
AUTH-002099,ATT-002212,BEN-0183,Scholarship,2025-06,2025-06-03,15254,OFF-014
AUTH-000542,ATT-000577,BEN-0049,Scholarship,2025-03,2025-03-05,15073,OFF-008
AUTH-000082,ATT-000083,BEN-0007,Vocational,2026-03,2026-03-19,9906,OFF-015
AUTH-001886,ATT-001979,BEN-0164,Scholarship,2025-02,2025-03-01,14817,OFF-005
AUTH-001844,ATT-001935,BEN-0160,Plus,2025-02,2025-02-09,7969,OFF-014
AUTH-001423,ATT-001500,BEN-0125,Vocational,2025-04,2025-04-07,9863,OFF-014
AUTH-001960,ATT-002063,BEN-0171,Plus,2025-03,2025-03-05,8124,OFF-004
AUTH-002245,ATT-002363,BEN-0197,Plus,2025-10,2025-10-16,7898,OFF-006
AUTH-002262,ATT-002380,BEN-0199,Tech,2026-01,2026-01-19,11823,OFF-012
AUTH-000652,ATT-000689,BEN-0058,Plus,2025-08,2025-08-30,7893,OFF-015
AUTH-000071,ATT-000072,BEN-0006,Vocational,2025-02,2025-02-21,10021,OFF-012
AUTH-002161,ATT-002276,BEN-0189,Tech,2025-08,2025-08-08,11974,OFF-002
AUTH-001867,ATT-001958,BEN-0162,Scholarship,2025-08,2025-08-22,14801,OFF-011
AUTH-001495,ATT-001574,BEN-0131,Tech,2025-10,2025-10-06,11946,OFF-004
AUTH-000731,ATT-000772,BEN-0064,Tech,2025-04,2025-04-11,11947,OFF-001
AUTH-002238,ATT-002354,BEN-0197,Plus,2026-02,2026-02-15,7993,OFF-006
AUTH-001813,ATT-001898,BEN-0157,Plus,2025-08,04/08/2025,8016,OFF-012
AUTH-001382,ATT-001458,BEN-0122,Vocational,2025-02,,9834,OFF-005
AUTH-001937,ATT-002039,BEN-0169,Vocational,2025-11,2025-11-28,10129,OFF-008
AUTH-000837,ATT-000881,BEN-0074,Scholarship,2025-04,2025-04-15,14838,OFF-010
AUTH-002075,ATT-002181,BEN-0181,Tech,2026-05,2026-05-02,12062,OFF-013
AUTH-001190,ATT-001261,BEN-0104,Plus,2025-02,2025-02-10,7867,OFF-007
AUTH-000236,ATT-000252,BEN-0020,Plus,2026-02,2026-02-28,7947,OFF-002
AUTH-001941,ATT-002043,BEN-0169,Vocational,2026-04,2026-04-27,9992,OFF-008
AUTH-000967,ATT-001021,BEN-0084,Scholarship,2025-11,2025-11-28,15249,OFF-008
AUTH-001152,ATT-001222,BEN-0100,Plus,2025-08,2025-08-12," KES 7,953 ",OFF-001
AUTH-000871,ATT-000915,BEN-0076,Vocational,2025-10,22/10/2025,10197,OFF-015
AUTH-000968,ATT-001022,BEN-0084,Scholarship,2026-03,2026-03-18,15066,OFF-008
AUTH-001193,ATT-001264,BEN-0104,Plus,2025-10,2025-10-13,7949,OFF-007
AUTH-000583,ATT-000618,BEN-0052,Vocational,2025-07,2025-07-08,9945,OFF-006
AUTH-001085,ATT-001153,BEN-0094,Plus,2025-06,2025-06-08,7992,OFF-006
AUTH-001136,ATT-001205,BEN-0099,Scholarship,2025-02,2025-02-12,15203,OFF-004
AUTH-000509,ATT-000541,BEN-0046,Tech,2026-03,2026-03-18,11927,OFF-012
AUTH-001827,ATT-001917,BEN-0158,Scholarship,2026-04,," KES 14,758 ",OFF-014
AUTH-000788,ATT-000831,BEN-0070,Scholarship,2026-01,2026-01-09,14775,OFF-008
AUTH-000278,ATT-000297,BEN-0024,Plus,2025-08,2025-08-06,8097,OFF-014
AUTH-001073,ATT-001139,BEN-0094,Plus,2025-02,2025-02-28,7846,OFF-006
AUTH-001454,ATT-001532,BEN-0128,Tech,2025-07,2025-07-19,12000,OFF-003
AUTH-001462,ATT-001540,BEN-0128,Tech,2025-03,2025-03-27," KES 12,137 ",OFF-003
AUTH-001039,ATT-001101,BEN-0091,Tech,2025-06,2025-06-29,11890,OFF-003
AUTH-001072,ATT-001138,BEN-0094,Plus,2025-01,,8034,OFF-006
AUTH-001252,ATT-001325,BEN-0110,Vocational,2026-02,2026-02-07,10111,OFF-005
AUTH-000576,ATT-000611,BEN-0051,Vocational,2026-01,2026-01-22,10193,OFF-010
AUTH-000094,ATT-000095,BEN-0007,Vocational,2025-12,2025-12-23,10162,OFF-015
AUTH-001246,ATT-001319,BEN-0110,Vocational,2026-01,2026-01-29,9948,OFF-005
AUTH-001416,ATT-001492,BEN-0125,Vocational,2025-12,13/12/2025,9876,OFF-014
AUTH-001137,ATT-001206,BEN-0099,Scholarship,2026-01,,14896,OFF-004
AUTH-000931,ATT-000977,BEN-0081,Plus,2025-04,2025-04-13,7852,OFF-005
AUTH-001288,ATT-001361,BEN-0113,Scholarship,2026-06,,14833,OFF-007
AUTH-002099,ATT-002212,BEN-0183,Scholarship,2025-06,2025-06-03,15254,OFF-014
AUTH-001566,ATT-001645,BEN-0136,Vocational,2025-09,2025-09-15,9828,OFF-008
AUTH-001699,ATT-001781,BEN-0148,Plus,2025-05,2025-05-13,7906,OFF-012
AUTH-002014,ATT-002118,BEN-0176,Scholarship,2025-02,2025-02-19,14948,OFF-001
AUTH-002032,ATT-002138,BEN-0177,Scholarship,2026-06,2026-06-18,15250,OFF-002
AUTH-001287,ATT-001360,BEN-0113,Scholarship,2025-06,2025-06-20,14827,OFF-007
AUTH-001264,ATT-001337,BEN-0112,Scholarship,2025-02,2025-02-25,15094,OFF-007
AUTH-001503,ATT-001582,BEN-0131,Tech,2026-06,2026-06-05,11849,OFF-004
AUTH-000775,ATT-000817,BEN-0069,Tech,2025-07,2025-07-20," KES 12,078 ",OFF-015
AUTH-001198,ATT-001269,BEN-0105,Scholarship,2025-07,2025-07-05,14850,OFF-012
AUTH-000051,ATT-000052,BEN-0005,Scholarship,2025-01,2025-01-27," KES 15,261 ",OFF-004
AUTH-000929,ATT-000975,BEN-0081,Plus,2025-10,2025-10-08,7884,OFF-005
AUTH-001577,ATT-001657,BEN-0137,Vocational,2026-04,2026-04-21,9900,OFF-002
AUTH-001040,ATT-001102,BEN-0091,Tech,2025-04,2025-04-25,11878,OFF-003
AUTH-000101,ATT-000102,BEN-0008,Plus,2025-05,2025-05-17,8154,OFF-015
AUTH-000334,ATT-000355,BEN-0029,Vocational,2025-03,2025-03-18,10108,OFF-006
AUTH-001990,ATT-002093,BEN-0174,Plus,2025-01,,7921,OFF-002
AUTH-000113,ATT-000114,BEN-0009,Plus,2026-01,2026-01-22,8090,OFF-005
AUTH-001600,ATT-001681,BEN-0139,Vocational,2025-05,2025-05-22,9904,OFF-003
AUTH-001236,ATT-001308,BEN-0109,Tech,2025-03,2025-03-11,11789,OFF-006
AUTH-001451,ATT-001529,BEN-0127,Vocational,2025-12,2025-12-18,9847,OFF-012
AUTH-000782,ATT-000824,BEN-0069,Tech,2026-04,2026-04-25,11880,OFF-015
AUTH-001669,ATT-001751,BEN-0146,Scholarship,2026-01,2026-01-16,15098,OFF-015
AUTH-000725,ATT-000766,BEN-0064,Tech,2025-11,2025-11-06,12116,OFF-001
AUTH-001586,ATT-001666,BEN-0138,Scholarship,2025-10,2025-10-28,14703,OFF-009
AUTH-002130,ATT-002244,BEN-0186,Vocational,2026-01,2026-01-13,9847,OFF-011
AUTH-000595,ATT-000631,BEN-0053,Plus,2025-09,17/09/2025,7950,OFF-001
AUTH-000997,ATT-001057,BEN-0087,Plus,2025-05,2025-05-18,7950,OFF-014
AUTH-002126,ATT-002240,BEN-0186,Vocational,2025-12,2025-12-06,10097,OFF-011
AUTH-000603,ATT-000640,BEN-0054,Vocational,2025-10,,9887,OFF-003
AUTH-001751,ATT-001835,BEN-0152,Vocational,2025-12,2025-12-24,10094,OFF-007
AUTH-001041,ATT-001103,BEN-0091,Tech,2025-11,2025-11-12,12115,OFF-003
AUTH-000414,ATT-000439,BEN-0037,Plus,2025-02,2025-02-26,7890,OFF-007
AUTH-000587,ATT-000622,BEN-0052,Vocational,2025-06,2025-06-27,10150,OFF-006
AUTH-001076,ATT-001143,BEN-0094,Plus,2025-09,2025-09-13,7864,OFF-006
AUTH-000207,ATT-000218,BEN-0017,Scholarship,2025-04,2025-04-04,15013,OFF-007
AUTH-002263,ATT-002381,BEN-0199,Tech,2025-08,2025-08-11,12109,OFF-012
AUTH-001061,ATT-001125,BEN-0093,Tech,2025-05,2025-05-11,11938,OFF-013
AUTH-000352,ATT-000374,BEN-0030,Scholarship,2026-03,2026-03-08,14995,OFF-011
AUTH-001824,ATT-001912,BEN-0158,Scholarship,2025-09,2025-09-24,15052,OFF-014
AUTH-002211,ATT-002327,BEN-0194,Plus,2025-12,2025-12-20,8014,OFF-012
AUTH-000008,ATT-000009,BEN-0001,Tech,2025-11,2025-11-15,12083,OFF-008
AUTH-001031,ATT-001092,BEN-0090,Vocational,2025-07,2025-07-23," KES 9,915 ",OFF-001
AUTH-001570,ATT-001650,BEN-0136,Vocational,2025-05,2025-05-21,9867,OFF-008
AUTH-001179,ATT-001250,BEN-0103,Plus,2025-10,2025-10-21,8144,OFF-009
AUTH-001551,ATT-001630,BEN-0135,Vocational,2026-01,2026-01-16,10199,OFF-007
AUTH-001774,ATT-001858,BEN-0154,Plus,2025-12,2025-12-05,8003,OFF-005
AUTH-000189,ATT-000199,BEN-0016,Vocational,2026-03,2026-03-07,10188,OFF-008
AUTH-001554,ATT-001633,BEN-0135,Vocational,2026-05,2026-05-18,9833,OFF-007
AUTH-000634,ATT-000671,BEN-0056,Plus,2026-01,2026-01-05,7888,OFF-005
AUTH-000164,ATT-000171,BEN-0014,Scholarship,2025-12,2025-12-26,15171,OFF-013
AUTH-002142,ATT-002256,BEN-0187,Tech,2025-08,2025-08-20,12164,OFF-010
AUTH-000879,ATT-000923,BEN-0077,Scholarship,2025-09,2025-09-16,14856,OFF-003
AUTH-001093,ATT-001161,BEN-0095,Tech,2025-10,2025-10-28,11977,OFF-011
AUTH-001135,ATT-001204,BEN-0098,Vocational,2026-02,2026-02-10,9905,OFF-015
AUTH-001833,ATT-001923,BEN-0159,Plus,2026-04,2026-04-25,8018,OFF-009
AUTH-000274,ATT-000291,BEN-0024,Plus,2025-09,2025-09-07,7923,OFF-014
AUTH-000513,ATT-000545,BEN-0046,Tech,2026-06,05/06/2026,12097,OFF-012
AUTH-001736,ATT-001820,BEN-0151,Vocational,2026-03,2026-03-14,10007,OFF-013
AUTH-002081,ATT-002192,BEN-0182,Plus,2026-01,2026-01-24,7894,OFF-004
AUTH-000615,ATT-000652,BEN-0055,Tech,2026-06,2026-06-23,11789,OFF-015
AUTH-000910,ATT-000954,BEN-0079,Plus,2025-01,19/01/2025,7934,OFF-002
AUTH-000433,ATT-000458,BEN-0039,Vocational,2026-02,2026-02-05,10012,OFF-006
AUTH-001924,ATT-002023,BEN-0168,Scholarship,2025-09,2025-10-02,14893,OFF-013
AUTH-000591,ATT-000627,BEN-0052,Vocational,2025-12,,10104,OFF-006
AUTH-000375,ATT-000399,BEN-0033,Plus,2025-07,2025-07-18,8013,OFF-001
AUTH-001922,ATT-002019,BEN-0168,Scholarship,2025-07,2025-07-31,15184,OFF-013
AUTH-001220,ATT-001291,BEN-0106,Scholarship,2025-11,2025-11-27,14922,OFF-007
AUTH-000284,ATT-000303,BEN-0025,Plus,2025-09,2025-09-19,8141,OFF-009
AUTH-000711,ATT-000751,BEN-0063,Tech,2026-04,2026-04-14,12066,OFF-007
AUTH-001980,ATT-002083,BEN-0173,Tech,2025-11,2025-11-08,12079,OFF-003
AUTH-000647,ATT-000684,BEN-0057,Tech,2026-01,2026-01-28,12160,OFF-012
AUTH-000239,ATT-000255,BEN-0020,Plus,2026-01,2026-01-20,8108,OFF-002
AUTH-001369,ATT-001444,BEN-0121,Plus,2025-03,2025-03-05,7917,OFF-013
AUTH-001027,ATT-001087,BEN-0090,Vocational,2025-12,,9902,OFF-001
AUTH-002252,ATT-002370,BEN-0198,Vocational,2025-04,11/04/2025," KES 9,803 ",OFF-011
AUTH-001739,ATT-001823,BEN-0151,Vocational,2026-06,2026-06-10,9913,OFF-013
AUTH-001256,ATT-001329,BEN-0111,Scholarship,2026-06,2026-06-17,14981,OFF-002
AUTH-002101,ATT-002214,BEN-0184,Tech,2025-01,2025-01-25,11861,OFF-003
AUTH-000404,ATT-000429,BEN-0036,Plus,2025-08,2025-08-26,8110,OFF-012
AUTH-001676,ATT-001758,BEN-0146,Scholarship,2026-04,2026-04-14,14793,OFF-015
AUTH-002137,ATT-002251,BEN-0187,Tech,2026-06,2026-06-17,12182,OFF-010
AUTH-000737,ATT-000778,BEN-0065,Plus,2025-09,2025-09-11,8007,OFF-002
AUTH-001496,ATT-001575,BEN-0131,Tech,2026-04,2026-04-30,12167,OFF-004
AUTH-000556,ATT-000591,BEN-0050,Scholarship,2026-03,2026-03-20,14723,OFF-009
AUTH-001212,ATT-001283,BEN-0106,Scholarship,2025-12,2025-12-20,14980,OFF-007
AUTH-000125,ATT-000127,BEN-0010,Tech,2025-09,,12149,OFF-008
AUTH-001309,ATT-001382,BEN-0116,Plus,2026-01,2026-01-07,8104,OFF-002
AUTH-001757,ATT-001841,BEN-0153,Vocational,2025-02,2025-02-19,9894,OFF-010
AUTH-001488,ATT-001567,BEN-0131,Tech,2026-03,2026-03-24,12139,OFF-004
AUTH-001513,ATT-001592,BEN-0132,Scholarship,2025-09,2025-09-06,14937,OFF-009
AUTH-000571,ATT-000606,BEN-0051,Vocational,2026-04,2026-04-14,10108,OFF-010
AUTH-001015,ATT-001075,BEN-0089,Vocational,2026-06,2026-06-16,10158,OFF-009
AUTH-001755,ATT-001839,BEN-0152,Vocational,2025-03,2025-03-05,9900,OFF-007
AUTH-001192,ATT-001263,BEN-0104,Plus,2025-08,2025-08-21," KES 7,862 ",OFF-007
AUTH-002226,ATT-002342,BEN-0195,Scholarship,2025-10,2025-10-24,14875,OFF-002
AUTH-000609,ATT-000646,BEN-0054,Vocational,2026-05,2026-05-31,10004,OFF-003
AUTH-001019,ATT-001079,BEN-0089,Vocational,2025-05,2025-05-27,10118,OFF-009
AUTH-000857,ATT-000901,BEN-0075,Scholarship,2025-11,22/11/2025,15012,OFF-012
AUTH-000692,ATT-000729,BEN-0061,Scholarship,2025-09,2025-09-13,15168,OFF-008
AUTH-000130,ATT-000133,BEN-0011,Plus,2026-02,2026-03-01,8080,OFF-001
AUTH-000354,ATT-000376,BEN-0030,Scholarship,2025-05,2025-05-25,14847,OFF-011
AUTH-000843,ATT-000887,BEN-0074,Scholarship,2026-05,2026-05-09,15002,OFF-010
AUTH-001191,ATT-001262,BEN-0104,Plus,2025-03,2025-03-27,8038,OFF-007
AUTH-001105,ATT-001174,BEN-0096,Plus,2025-07,2025-07-10,7901,OFF-005
AUTH-002234,ATT-002350,BEN-0196,Vocational,2026-04,2026-04-28,10037,OFF-004
AUTH-002207,ATT-002323,BEN-0193,Tech,2025-08,2025-08-25," KES 11,937 ",OFF-010
AUTH-000303,ATT-000322,BEN-0026,Tech,2025-11,2025-11-12,11962,OFF-007
AUTH-000167,ATT-000174,BEN-0014,Scholarship,2025-03,2025-03-17,15101,OFF-013
AUTH-002111,ATT-002224,BEN-0184,Tech,2025-12,2025-12-11,12174,OFF-003
AUTH-000039,ATT-000040,BEN-0004,Plus,2025-03,2025-03-22,8089,OFF-001
AUTH-000088,ATT-000089,BEN-0007,Vocational,2026-02,2026-02-24,10054,OFF-015
AUTH-000774,ATT-000816,BEN-0068,Tech,2025-01,2025-01-25,12005,OFF-006
AUTH-001420,ATT-001496,BEN-0125,Vocational,2026-01,2026-01-08,10122,OFF-014
AUTH-000344,ATT-000366,BEN-0030,Scholarship,2026-02,2026-02-18,15087,OFF-011
AUTH-001972,ATT-002075,BEN-0172,Plus,2025-10,2025-10-22,7862,OFF-012
AUTH-002228,ATT-002344,BEN-0196,Vocational,2025-03,2025-03-07,9926,OFF-004
AUTH-000122,ATT-000124,BEN-0010,Tech,2025-02,2025-03-01,11900,OFF-008
AUTH-001696,ATT-001778,BEN-0148,Plus,2026-02,2026-02-13,8001,OFF-012
AUTH-001426,ATT-001503,BEN-0126,Vocational,2026-03,2026-03-09,10046,OFF-013
AUTH-002095,ATT-002208,BEN-0183,Scholarship,2026-04,2026-04-27,15111,OFF-014
AUTH-000211,ATT-000223,BEN-0017,Scholarship,2026-03,2026-03-24,14725,OFF-007
AUTH-001481,ATT-001559,BEN-0129,Tech,2025-12,2025-12-17,12219,OFF-003
AUTH-000210,ATT-000222,BEN-0017,Scholarship,2025-05,2025-05-20,15235,OFF-007
AUTH-000297,ATT-000316,BEN-0026,Tech,2026-03,2026-03-02,12104,OFF-007
AUTH-001805,ATT-001890,BEN-0157,Plus,2025-07,2025-07-11,8028,OFF-012
AUTH-001469,ATT-001547,BEN-0129,Tech,2025-11,2025-11-05,12180,OFF-003
AUTH-000491,ATT-000520,BEN-0044,Scholarship,2026-04,2026-04-16,15148,OFF-012
AUTH-000415,ATT-000440,BEN-0037,Plus,2025-06,2025-06-13,8099,OFF-007
AUTH-000343,ATT-000365,BEN-0030,Scholarship,2025-10,2025-10-10,14901,OFF-011
AUTH-002009,ATT-002112,BEN-0175,Vocational,2025-06,2025-06-11,9832,OFF-002
AUTH-000785,ATT-000827,BEN-0070,Scholarship,2025-09,,15027,OFF-008
AUTH-000472,ATT-000498,BEN-0042,Vocational,2025-01,2025-01-18," KES 10,083 ",OFF-004
AUTH-001732,ATT-001814,BEN-0151,Vocational,2025-12,19/12/2025,9826,OFF-013
AUTH-000411,ATT-000436,BEN-0037,Plus,2025-12,2025-12-29,8046,OFF-007
AUTH-001738,ATT-001822,BEN-0151,Vocational,2025-03,2025-03-14,9901,OFF-013
AUTH-000815,ATT-000859,BEN-0072,Vocational,2025-07,2025-07-05,10139,OFF-001
AUTH-000241,ATT-000257,BEN-0020,Plus,2025-02,2025-02-24,7885,OFF-002
AUTH-000695,ATT-000732,BEN-0061,Scholarship,2026-06,2026-06-16,15223,OFF-008
AUTH-000673,ATT-000710,BEN-0060,Plus,2025-08,2025-08-06,8078,OFF-012
AUTH-001284,ATT-001357,BEN-0113,Scholarship,2025-08,2025-08-11,14866,OFF-007
AUTH-001328,ATT-001401,BEN-0117,Vocational,2026-01,2026-01-31,10050,OFF-005
AUTH-001209,ATT-001280,BEN-0106,Scholarship,2025-01,2025-01-20,14744,OFF-007
AUTH-000745,ATT-000786,BEN-0066,Vocational,2025-12,2025-12-14,9830,OFF-007
AUTH-000566,ATT-000601,BEN-0051,Vocational,2025-12,2025-12-20,9875,OFF-010
AUTH-002191,ATT-002307,BEN-0192,Plus,2025-04,2025-04-28,7845,OFF-003
AUTH-000451,ATT-000477,BEN-0040,Scholarship,2025-04,2025-04-29,15202,OFF-014
AUTH-000212,ATT-000224,BEN-0018,Tech,2025-06,2025-06-03,11957,OFF-008
AUTH-001917,ATT-002014,BEN-0167,Plus,2025-05,2025-05-15,8004,OFF-013
AUTH-002181,ATT-002297,BEN-0191,Vocational,2025-07,,10009,OFF-012
AUTH-001694,ATT-001776,BEN-0147,Vocational,2026-02,2026-02-05,9803,OFF-010
AUTH-000972,ATT-001026,BEN-0085,Scholarship,2025-05,2025-05-25,15113,OFF-012
AUTH-001022,ATT-001082,BEN-0089,Vocational,2026-04,2026-04-22,10111,OFF-009
AUTH-000804,ATT-000848,BEN-0071,Plus,2026-06,2026-07-01,8044,OFF-005
AUTH-000419,ATT-000444,BEN-0038,Plus,2025-01,2025-01-30,8115,OFF-012
AUTH-001753,ATT-001837,BEN-0152,Vocational,2025-08,2025-08-22,10059,OFF-007
AUTH-001341,ATT-001414,BEN-0119,Scholarship,2025-12,2025-12-10,14790,OFF-010
AUTH-002122,ATT-002236,BEN-0185,Tech,2026-02,2026-03-02,11963,OFF-013
AUTH-001873,ATT-001966,BEN-0163,Scholarship,2026-01,2026-01-09,14950,OFF-006
AUTH-001787,ATT-001872,BEN-0155,Vocational,2025-05,2025-05-05,10039,OFF-004
AUTH-000097,ATT-000098,BEN-0007,Vocational,2025-09,2025-09-03,9958,OFF-015
AUTH-001854,ATT-001945,BEN-0161,Scholarship,2025-12,2025-12-09,14879,OFF-007
AUTH-000856,ATT-000900,BEN-0075,Scholarship,2026-04,2026-04-10,15133,OFF-012
AUTH-000023,ATT-000024,BEN-0002,Scholarship,2026-04,2026-04-28,15048,OFF-009
AUTH-000530,ATT-000564,BEN-0048,Tech,2025-05,2025-05-11," KES 12,186 ",OFF-006
AUTH-000805,ATT-000849,BEN-0071,Plus,2025-06,2025-06-16,7973,OFF-005
AUTH-001830,ATT-001920,BEN-0159,Plus,2025-02,14/02/2025,7986,OFF-009
AUTH-002258,ATT-002376,BEN-0198,Vocational,2025-08,2025-08-19,10125,OFF-011
AUTH-000572,ATT-000607,BEN-0051,Vocational,2025-08,2025-08-27,10018,OFF-010
AUTH-000641,ATT-000678,BEN-0057,Tech,2026-05,2026-06-01,12162,OFF-012
AUTH-000844,ATT-000888,BEN-0074,Scholarship,2026-04,2026-04-02,15170,OFF-010
AUTH-001726,ATT-001808,BEN-0150,Vocational,2026-04,2026-04-10,9880,OFF-010
AUTH-001402,ATT-001478,BEN-0123,Tech,2025-12,2025-12-21,12008,OFF-012
AUTH-001795,ATT-001880,BEN-0156,Scholarship,2025-06,2025-06-17,14904,OFF-010
AUTH-000378,ATT-000402,BEN-0033,Plus,2026-04,2026-04-14,8006,OFF-001
AUTH-000849,ATT-000893,BEN-0075,Scholarship,2025-06,2025-06-29,15044,OFF-012
AUTH-000215,ATT-000227,BEN-0018,Tech,2025-04,2025-04-14,11786,OFF-008
AUTH-000608,ATT-000645,BEN-0054,Vocational,2026-03,2026-03-18," KES 10,087 ",OFF-003
AUTH-001920,ATT-002017,BEN-0168,Scholarship,2025-04,2025-04-07,14964,OFF-013
AUTH-000862,ATT-000906,BEN-0075,Scholarship,2026-02,2026-02-15," KES 15,035 ",OFF-012
AUTH-001253,ATT-001326,BEN-0111,Scholarship,2025-08,2025-08-22,15274,OFF-002
AUTH-000982,ATT-001036,BEN-0085,Scholarship,2025-07,2025-07-22,15238,OFF-012
AUTH-002103,ATT-002216,BEN-0184,Tech,2026-03,2026-03-30,12025,OFF-003
AUTH-001409,ATT-001485,BEN-0124,Scholarship,2025-02,10/02/2025,15182,OFF-012
AUTH-000645,ATT-000682,BEN-0057,Tech,2025-04,2025-04-13,11941,OFF-012
AUTH-000010,ATT-000011,BEN-0001,Tech,2025-12,23/12/2025,12119,OFF-008
AUTH-001665,ATT-001747,BEN-0145,Vocational,2026-02,2026-02-20,10185,OFF-001
AUTH-002183,ATT-002299,BEN-0192,Plus,2025-02,2025-02-04,8128,OFF-003
AUTH-001101,ATT-001170,BEN-0096,Plus,2026-02,2026-02-28,7997,OFF-005
AUTH-000586,ATT-000621,BEN-0052,Vocational,2026-05,2026-05-24,10017,OFF-006
AUTH-001275,ATT-001348,BEN-0113,Scholarship,2025-12,2025-12-17,14921,OFF-007
AUTH-000341,ATT-000363,BEN-0030,Scholarship,2025-01,2025-01-17,14864,OFF-011
AUTH-001859,ATT-001950,BEN-0161,Scholarship,2025-05,2025-05-04,15049,OFF-007
AUTH-000366,ATT-000389,BEN-0032,Vocational,2025-02,2025-02-09,10112,OFF-005
AUTH-000733,ATT-000774,BEN-0064,Tech,2026-03,2026-03-14,11863,OFF-001
AUTH-001310,ATT-001383,BEN-0116,Plus,2025-11,2025-11-14,7897,OFF-002
AUTH-000526,ATT-000560,BEN-0048,Tech,2025-03,2025-03-16,11956,OFF-006
AUTH-000131,ATT-000134,BEN-0011,Plus,2025-12,2025-12-23,7851,OFF-001
AUTH-001652,ATT-001734,BEN-0144,Scholarship,2025-07,2025-07-09,15113,OFF-011
AUTH-001302,ATT-001375,BEN-0115,Plus,2026-04,21/04/2026,8039,OFF-004
AUTH-000684,ATT-000721,BEN-0060,Plus,2025-04,2025-04-17,8104,OFF-012
AUTH-000661,ATT-000698,BEN-0059,Vocational,2026-05,2026-05-10,10105,OFF-013
AUTH-000403,ATT-000428,BEN-0036,Plus,2025-05,2025-05-18,7945,OFF-012
AUTH-001998,ATT-002101,BEN-0175,Vocational,2026-04,2026-04-17,10140,OFF-002
AUTH-001003,ATT-001063,BEN-0088,Scholarship,2026-01,2026-01-22,14839,OFF-002
AUTH-002174,ATT-002289,BEN-0190,Plus,2025-12,2025-12-06,7977,OFF-004
AUTH-000427,ATT-000452,BEN-0038,Plus,2025-10,2025-10-19,7840,OFF-012
AUTH-000052,ATT-000053,BEN-0005,Scholarship,2025-03,07/03/2025,15258,OFF-004
AUTH-000654,ATT-000691,BEN-0058,Plus,2025-03,2025-03-16,8071,OFF-015
AUTH-000149,ATT-000155,BEN-0012,Plus,2025-01,2025-01-05,7944,OFF-007
AUTH-000578,ATT-000613,BEN-0051,Vocational,2025-04,2025-04-23,9818,OFF-010
AUTH-000674,ATT-000711,BEN-0060,Plus,2025-10,2025-10-16,7940,OFF-012
AUTH-002033,ATT-002139,BEN-0177,Scholarship,2025-12,2025-12-03,14836,OFF-002
AUTH-000462,ATT-000488,BEN-0041,Plus,2025-06,2025-06-13,8111,OFF-007
AUTH-001792,ATT-001877,BEN-0155,Vocational,2025-12,2025-12-27,10155,OFF-004
AUTH-000281,ATT-000300,BEN-0025,Plus,2025-03,2025-03-04,8138,OFF-009
AUTH-001363,ATT-001438,BEN-0121,Plus,2025-05,2025-05-16,7904,OFF-013
AUTH-000995,ATT-001055,BEN-0087,Plus,2025-10,2025-10-14,7954,OFF-014
AUTH-001945,ATT-002047,BEN-0169,Vocational,2025-06,,9908,OFF-008
AUTH-000487,ATT-000516,BEN-0043,Scholarship,2026-01,2026-01-09," KES 14,980 ",OFF-008
AUTH-000160,ATT-000167,BEN-0013,Tech,2025-03,2025-03-09,11956,OFF-006
AUTH-001283,ATT-001356,BEN-0113,Scholarship,2025-05,2025-05-04,14741,OFF-007
AUTH-000367,ATT-000390,BEN-0032,Vocational,2025-05,16/05/2025," KES 10,024 ",OFF-005
AUTH-000881,ATT-000925,BEN-0077,Scholarship,2026-05,2026-05-08,15014,OFF-003
AUTH-000528,ATT-000562,BEN-0048,Tech,2025-12,2025-12-24,12126,OFF-006
AUTH-001800,ATT-001885,BEN-0156,Scholarship,2025-09,2025-09-11,15145,OFF-010
AUTH-000796,ATT-000839,BEN-0070,Scholarship,2026-02,2026-02-12,15023,OFF-008
AUTH-001100,ATT-001169,BEN-0096,Plus,2026-03,2026-03-22,8040,OFF-005
AUTH-000810,ATT-000854,BEN-0072,Vocational,2026-04,2026-04-30,9916,OFF-001
AUTH-000554,ATT-000589,BEN-0050,Scholarship,2025-12,2025-12-06,15181,OFF-009
AUTH-000216,ATT-000228,BEN-0018,Tech,2026-06,,12112,OFF-008
AUTH-001332,ATT-001405,BEN-0118,Scholarship,2025-09,2025-09-13,14805,OFF-006
AUTH-000310,ATT-000329,BEN-0027,Plus,2026-05,24/05/2026,8085,OFF-004
AUTH-000089,ATT-000090,BEN-0007,Vocational,2025-02,2025-02-08,10020,OFF-015
AUTH-000255,ATT-000271,BEN-0021,Vocational,2025-03,2025-03-23,10118,OFF-004
AUTH-001006,ATT-001066,BEN-0088,Scholarship,2025-07,2025-07-29,14726,OFF-002
AUTH-000568,ATT-000603,BEN-0051,Vocational,2026-02,2026-02-16,10102,OFF-010
AUTH-001078,ATT-001145,BEN-0094,Plus,2026-04,05/04/2026,8020,OFF-006
AUTH-000900,ATT-000944,BEN-0078,Plus,2025-10,2025-10-24,7869,OFF-015
AUTH-000819,ATT-000863,BEN-0073,Scholarship,2025-01,2025-01-11,15169,OFF-015
AUTH-001806,ATT-001891,BEN-0157,Plus,2025-03,2025-03-31,8131,OFF-012
AUTH-001046,ATT-001108,BEN-0091,Tech,2026-06,2026-06-04,12015,OFF-003
AUTH-000504,ATT-000536,BEN-0046,Tech,2026-02,2026-02-10,12183,OFF-012
AUTH-001165,ATT-001235,BEN-0101,Scholarship,2026-05,2026-05-19," KES 14,826 ",OFF-004
AUTH-001054,ATT-001117,BEN-0092,Scholarship,2025-03,2025-03-08,14729,OFF-008
AUTH-001083,ATT-001151,BEN-0094,Plus,2026-06,2026-06-06,8068,OFF-006
AUTH-000829,ATT-000873,BEN-0073,Scholarship,2026-02,2026-02-28,15149,OFF-015
AUTH-001765,ATT-001849,BEN-0154,Plus,2025-08,2025-08-12,8105,OFF-005
AUTH-000377,ATT-000401,BEN-0033,Plus,2025-03,2025-03-14,8116,OFF-001
AUTH-001634,ATT-001715,BEN-0142,Tech,2025-09,,11835,OFF-007
AUTH-001877,ATT-001970,BEN-0164,Scholarship,2025-06,2025-06-21,15186,OFF-005
AUTH-000305,ATT-000324,BEN-0026,Tech,2026-06,2026-06-15,12146,OFF-007
AUTH-001816,ATT-001901,BEN-0157,Plus,2025-01,2025-01-05,8102,OFF-012
AUTH-002187,ATT-002303,BEN-0192,Plus,2025-12,2025-12-23,8114,OFF-003
AUTH-002140,ATT-002254,BEN-0187,Tech,2025-09,2025-09-23,11970,OFF-010
AUTH-000256,ATT-000272,BEN-0021,Vocational,2025-12,26/12/2025,10070,OFF-004
AUTH-000878,ATT-000922,BEN-0077,Scholarship,2025-07,2025-07-09,15232,OFF-003
AUTH-000935,ATT-000981,BEN-0082,Vocational,2026-02,2026-02-27,10078,OFF-014
AUTH-000474,ATT-000500,BEN-0043,Scholarship,2025-07,2025-07-12,14764,OFF-008
AUTH-000701,ATT-000739,BEN-0062,Tech,2025-10,2025-10-17,11843,OFF-014
AUTH-001822,ATT-001908,BEN-0158,Scholarship,2026-03,2026-03-06,15086,OFF-014
AUTH-000917,ATT-000961,BEN-0079,Plus,2025-06,2025-06-25,8083,OFF-002
AUTH-001502,ATT-001581,BEN-0131,Tech,2026-02,2026-02-18,12233,OFF-004
AUTH-001763,ATT-001847,BEN-0153,Vocational,2026-03,2026-03-29,9890,OFF-010
AUTH-002109,ATT-002222,BEN-0184,Tech,2025-10,2025-10-21,11776,OFF-003
AUTH-001610,ATT-001691,BEN-0140,Plus,2025-04,2025-04-12,7966,OFF-015
AUTH-002257,ATT-002375,BEN-0198,Vocational,2026-03,2026-03-29,10040,OFF-011
AUTH-000270,ATT-000287,BEN-0023,Plus,2025-11,2025-11-14,8135,OFF-002
AUTH-002029,ATT-002135,BEN-0177,Scholarship,2025-06,2025-06-20,14987,OFF-002
AUTH-001207,ATT-001278,BEN-0106,Scholarship,2025-10,2025-10-22,14862,OFF-007
AUTH-000250,ATT-000266,BEN-0021,Vocational,2026-04,2026-04-27,9993,OFF-004
AUTH-000463,ATT-000489,BEN-0041,Plus,2025-11,2025-11-27,8013,OFF-007
AUTH-000202,ATT-000213,BEN-0016,Vocational,2026-05,2026-05-17,9831,OFF-008
AUTH-001254,ATT-001327,BEN-0111,Scholarship,2025-06,2025-06-29,15204,OFF-002
AUTH-002069,ATT-002175,BEN-0180,Scholarship,2025-08,2025-08-17,15220,OFF-010
AUTH-000370,ATT-000393,BEN-0032,Vocational,2025-09,13/09/2025,9819,OFF-005
AUTH-001979,ATT-002082,BEN-0173,Tech,2026-01,29/01/2026," KES 11,792 ",OFF-003
AUTH-000399,ATT-000424,BEN-0036,Plus,2026-05,2026-05-08,8011,OFF-012
AUTH-002169,ATT-002284,BEN-0190,Plus,2025-03,2025-03-11,8151,OFF-004
AUTH-000108,ATT-000109,BEN-0009,Plus,2026-04,07/04/2026,7841,OFF-005
AUTH-001293,ATT-001366,BEN-0114,Scholarship,2025-07,2025-07-04,14960,OFF-006
AUTH-001389,ATT-001465,BEN-0122,Vocational,2025-06,2025-06-15,9876,OFF-005
AUTH-000567,ATT-000602,BEN-0051,Vocational,2025-05,2025-05-28,10024,OFF-010
AUTH-002217,ATT-002333,BEN-0195,Scholarship,2026-02,2026-02-26,15089,OFF-002
AUTH-000001,ATT-000001,BEN-0001,Tech,2025-02,2025-02-16,11782,OFF-008
AUTH-000011,ATT-000012,BEN-0001,Tech,2026-04,2026-04-06,11937,OFF-008
AUTH-000221,ATT-000233,BEN-0018,Tech,2025-08,2025-08-19,11843,OFF-008
AUTH-001352,ATT-001425,BEN-0120,Plus,2025-03,2025-04-01,8053,OFF-015
AUTH-001715,ATT-001797,BEN-0149,Vocational,2025-04,2025-04-24,10130,OFF-005
AUTH-001627,ATT-001708,BEN-0141,Plus,2025-04,2025-04-09,8020,OFF-010
AUTH-001846,ATT-001937,BEN-0161,Scholarship,2025-09,2025-09-22,14717,OFF-007
AUTH-000205,ATT-000216,BEN-0017,Scholarship,2025-12,2025-12-21,15272,OFF-007
AUTH-000238,ATT-000254,BEN-0020,Plus,2025-08,2025-08-28,7999,OFF-002
AUTH-000150,ATT-000156,BEN-0012,Plus,2026-01,2026-01-04,8109,OFF-007
AUTH-001406,ATT-001482,BEN-0123,Tech,2025-11,2025-11-09,11973,OFF-012
AUTH-002104,ATT-002217,BEN-0184,Tech,2026-05,2026-05-08,12039,OFF-003
AUTH-001216,ATT-001287,BEN-0106,Scholarship,2026-05,2026-05-11,14752,OFF-007
AUTH-001687,ATT-001769,BEN-0147,Vocational,2026-03,2026-03-13,9883,OFF-010
AUTH-001289,ATT-001362,BEN-0114,Scholarship,2025-11,2025-11-24,15026,OFF-006
AUTH-001248,ATT-001321,BEN-0110,Vocational,2025-08,2025-09-02,10179,OFF-005
AUTH-000975,ATT-001029,BEN-0085,Scholarship,2025-12,2025-12-04,15040,OFF-012
AUTH-001067,ATT-001131,BEN-0093,Tech,2025-06,2025-06-13,12077,OFF-013
AUTH-001277,ATT-001350,BEN-0113,Scholarship,2026-03,21/03/2026,15175,OFF-007
AUTH-000765,ATT-000806,BEN-0068,Tech,2026-01,2026-01-12,11815,OFF-006
AUTH-001378,ATT-001454,BEN-0122,Vocational,2025-04,2025-04-07,10120,OFF-005
AUTH-000893,ATT-000937,BEN-0078,Plus,2025-03,2025-03-08,7985,OFF-015
AUTH-000886,ATT-000930,BEN-0077,Scholarship,2025-10,2025-10-04,15233,OFF-003
AUTH-001887,ATT-001980,BEN-0164,Scholarship,2025-04,,14849,OFF-005
AUTH-001104,ATT-001173,BEN-0096,Plus,2025-09,2025-09-24,8150,OFF-005
AUTH-000091,ATT-000092,BEN-0007,Vocational,2025-01,2025-01-31,9805,OFF-015
AUTH-000219,ATT-000231,BEN-0018,Tech,2025-01,2025-01-24,11967,OFF-008
AUTH-001243,ATT-001316,BEN-0110,Vocational,2025-01,2025-01-04," KES 9,857 ",OFF-005
AUTH-001034,ATT-001096,BEN-0091,Tech,2025-12,2025-12-09,11993,OFF-003
AUTH-001271,ATT-001344,BEN-0112,Scholarship,2025-12,2025-12-29,14771,OFF-007
AUTH-000696,ATT-000733,BEN-0061,Scholarship,2025-07,,14852,OFF-008
AUTH-000070,ATT-000071,BEN-0006,Vocational,2026-02,2026-02-06,9804,OFF-012
AUTH-001587,ATT-001667,BEN-0138,Scholarship,2025-07,2025-07-29,15012,OFF-009
AUTH-001717,ATT-001799,BEN-0149,Vocational,2026-04,2026-04-15,10132,OFF-005
AUTH-001841,ATT-001932,BEN-0160,Plus,2025-09,2025-09-21,7971,OFF-014
AUTH-002127,ATT-002241,BEN-0186,Vocational,2025-02,2025-02-10,10002,OFF-011
AUTH-000402,ATT-000427,BEN-0036,Plus,2025-12,2025-12-11,8084,OFF-012
AUTH-000761,ATT-000802,BEN-0067,Scholarship,2025-10,2025-10-06,14980,OFF-015
AUTH-000902,ATT-000946,BEN-0078,Plus,2025-01,2025-01-10,8143,OFF-015
AUTH-000259,ATT-000275,BEN-0022,Scholarship,2026-04,2026-04-17,14779,OFF-008
AUTH-001985,ATT-002088,BEN-0174,Plus,2026-01,2026-01-28,7864,OFF-002
AUTH-001574,ATT-001654,BEN-0137,Vocational,2025-07,2025-07-03,10072,OFF-002
AUTH-000875,ATT-000919,BEN-0076,Vocational,2025-02,2025-02-14,9991,OFF-015
AUTH-000942,ATT-000991,BEN-0082,Vocational,2025-10,2025-10-14,9976,OFF-014
AUTH-001417,ATT-001493,BEN-0125,Vocational,2025-01,2025-01-24,9948,OFF-014
AUTH-000594,ATT-000630,BEN-0052,Vocational,2026-01,2026-01-06,10051,OFF-006
AUTH-002031,ATT-002137,BEN-0177,Scholarship,2025-02,2025-02-20,14983,OFF-002
AUTH-001883,ATT-001976,BEN-0164,Scholarship,2025-08,2025-08-15," KES 15,014 ",OFF-005
AUTH-001042,ATT-001104,BEN-0091,Tech,2025-01,2025-01-24,11997,OFF-003
AUTH-002203,ATT-002319,BEN-0193,Tech,2025-04,2025-04-09,12014,OFF-010
AUTH-001637,ATT-001718,BEN-0142,Tech,2026-03,24/03/2026,12211,OFF-007
AUTH-001591,ATT-001671,BEN-0138,Scholarship,2025-09,2025-09-20,15256,OFF-009
AUTH-001255,ATT-001328,BEN-0111,Scholarship,2025-04,2025-04-09,15211,OFF-002
AUTH-001723,ATT-001805,BEN-0150,Vocational,2025-09,2025-09-16,9825,OFF-010
AUTH-001498,ATT-001577,BEN-0131,Tech,2025-12,2025-12-30,12173,OFF-004
AUTH-001339,ATT-001412,BEN-0119,Scholarship,2025-09,2025-09-17," KES 15,078 ",OFF-010
AUTH-001639,ATT-001720,BEN-0143,Scholarship,2025-07,2025-07-27,15222,OFF-012
AUTH-002121,ATT-002234,BEN-0185,Tech,2025-06,2025-06-08,12233,OFF-013
AUTH-001132,ATT-001201,BEN-0098,Vocational,2025-06,2025-06-28,10081,OFF-015
AUTH-002134,ATT-002248,BEN-0186,Vocational,2025-09,2025-09-11,9939,OFF-011
AUTH-001778,ATT-001862,BEN-0155,Vocational,2025-02,2025-02-25,9966,OFF-004
AUTH-001658,ATT-001740,BEN-0144,Scholarship,2026-06,2026-06-15,14902,OFF-011
AUTH-001801,ATT-001886,BEN-0156,Scholarship,2025-08,2025-08-23,14850,OFF-010
AUTH-001021,ATT-001081,BEN-0089,Vocational,2025-12,2025-12-03," KES 9,804 ",OFF-009
AUTH-002261,ATT-002379,BEN-0199,Tech,2025-02,2025-02-23,11971,OFF-012
AUTH-000604,ATT-000641,BEN-0054,Vocational,2025-08,2025-08-19,10184,OFF-003
AUTH-002067,ATT-002173,BEN-0180,Scholarship,2025-12,2025-12-07,14920,OFF-010
AUTH-000044,ATT-000045,BEN-0004,Plus,2026-04,2026-04-26,8100,OFF-001
AUTH-000135,ATT-000139,BEN-0011,Plus,2025-04,2025-04-07,8093,OFF-001
AUTH-001939,ATT-002041,BEN-0169,Vocational,2025-03,2025-03-17,10111,OFF-008
AUTH-001493,ATT-001572,BEN-0131,Tech,2025-05,2025-05-23,12082,OFF-004
AUTH-000651,ATT-000688,BEN-0058,Plus,2026-05,2026-05-12,8128,OFF-015
AUTH-001590,ATT-001670,BEN-0138,Scholarship,2025-08,2025-08-08,14722,OFF-009
AUTH-000358,ATT-000381,BEN-0031,Vocational,2026-04,16/04/2026,9954,OFF-008
AUTH-000251,ATT-000267,BEN-0021,Vocational,2025-01,2025-01-14,9901,OFF-004
AUTH-000049,ATT-000050,BEN-0005,Scholarship,2025-08,2025-09-01,15296,OFF-004
AUTH-001975,ATT-002078,BEN-0173,Tech,2026-02,2026-02-15,11900,OFF-003
AUTH-000791,ATT-000834,BEN-0070,Scholarship,2025-03,2025-03-20,15210,OFF-008
AUTH-000682,ATT-000719,BEN-0060,Plus,2026-03,2026-03-12,7986,OFF-012
AUTH-001186,ATT-001257,BEN-0104,Plus,2025-12,2025-12-08,8143,OFF-007
AUTH-000115,ATT-000116,BEN-0009,Plus,2025-09,2025-09-26,8046,OFF-005
AUTH-000585,ATT-000620,BEN-0052,Vocational,2026-04,2026-04-29,9961,OFF-006
AUTH-001537,ATT-001616,BEN-0134,Scholarship,2025-06,2025-06-23,15027,OFF-003
AUTH-001316,ATT-001389,BEN-0116,Plus,2026-05,2026-05-06,8013,OFF-002
AUTH-000584,ATT-000619,BEN-0052,Vocational,2025-03,2025-03-05,9879,OFF-006
AUTH-000422,ATT-000447,BEN-0038,Plus,2025-02,2025-02-06,8009,OFF-012
AUTH-001684,ATT-001766,BEN-0147,Vocational,2026-05,2026-05-11,10144,OFF-010
AUTH-000318,ATT-000337,BEN-0027,Plus,2026-03,2026-03-26,8036,OFF-004
AUTH-002133,ATT-002247,BEN-0186,Vocational,2026-04,2026-04-12,9930,OFF-011
AUTH-001397,ATT-001473,BEN-0123,Tech,2026-01,2026-01-26,12158,OFF-012
AUTH-002225,ATT-002341,BEN-0195,Scholarship,2026-06,2026-06-09,14888,OFF-002
AUTH-000060,ATT-000061,BEN-0005,Scholarship,2026-03,2026-03-30,15203,OFF-004
AUTH-000232,ATT-000247,BEN-0019,Plus,2025-02,2025-02-28,8109,OFF-001
AUTH-000227,ATT-000240,BEN-0018,Tech,2026-01,2026-01-28,12214,OFF-008
AUTH-001689,ATT-001771,BEN-0147,Vocational,2025-06,05/06/2025,10129,OFF-010
AUTH-000316,ATT-000335,BEN-0027,Plus,2025-10,2025-10-23,8142,OFF-004
AUTH-002001,ATT-002104,BEN-0175,Vocational,2025-04,2025-04-27,10152,OFF-002
AUTH-000279,ATT-000298,BEN-0025,Plus,2025-02,2025-02-21,7842,OFF-009
AUTH-002059,ATT-002165,BEN-0179,Tech,2026-06,2026-06-05,11995,OFF-001
AUTH-001492,ATT-001571,BEN-0131,Tech,2025-06,2025-06-20,12014,OFF-004
AUTH-001450,ATT-001528,BEN-0127,Vocational,2026-05,2026-05-14,10153,OFF-012
AUTH-000066,ATT-000067,BEN-0006,Vocational,2026-06,2026-06-06,9945,OFF-012
AUTH-001989,ATT-002092,BEN-0174,Plus,2025-08,2025-08-07,7935,OFF-002
AUTH-000103,ATT-000104,BEN-0008,Plus,2025-02,2025-02-17,7865,OFF-015
AUTH-000657,ATT-000694,BEN-0059,Vocational,2025-12,2025-12-25,9948,OFF-013
AUTH-000105,ATT-000106,BEN-0009,Plus,2025-11,2025-11-11,8113,OFF-005
AUTH-000979,ATT-001033,BEN-0085,Scholarship,2025-03,2025-03-31,14903,OFF-012
AUTH-000368,ATT-000391,BEN-0032,Vocational,2026-02,2026-02-05,10033,OFF-005
AUTH-001173,ATT-001244,BEN-0102,Plus,2026-02,2026-02-06,7847,OFF-013
AUTH-000046,ATT-000047,BEN-0004,Plus,2026-02,2026-02-25,8021,OFF-001
AUTH-000321,ATT-000342,BEN-0028,Vocational,2026-03,2026-03-12,10090,OFF-004
AUTH-002004,ATT-002107,BEN-0175,Vocational,2026-06,2026-06-10,10042,OFF-002
AUTH-001567,ATT-001646,BEN-0136,Vocational,2025-01,2025-01-09,10100,OFF-008
AUTH-001189,ATT-001260,BEN-0104,Plus,2025-04,2025-04-16,7849,OFF-007
AUTH-001106,ATT-001175,BEN-0096,Plus,2026-06,2026-06-23,7850,OFF-005
AUTH-000276,ATT-000294,BEN-0024,Plus,2025-02,2025-02-13,7965,OFF-014
AUTH-000469,ATT-000495,BEN-0042,Vocational,2025-12,2025-12-13,10122,OFF-004
AUTH-001894,ATT-001987,BEN-0165,Tech,2026-04,2026-04-28,12013,OFF-008
AUTH-000386,ATT-000410,BEN-0035,Plus,2026-01,2026-01-19,8156,OFF-008
AUTH-000565,ATT-000600,BEN-0050,Scholarship,2025-06,2025-06-21,14943,OFF-009
AUTH-000480,ATT-000507,BEN-0043,Scholarship,2025-06,2025-06-11,14796,OFF-008
AUTH-000683,ATT-000720,BEN-0060,Plus,2025-02,2025-02-16,7890,OFF-012
AUTH-000700,ATT-000738,BEN-0062,Tech,2025-07,2025-07-07,11943,OFF-014
AUTH-001479,ATT-001557,BEN-0129,Tech,2025-10,2025-10-24,11793,OFF-003
AUTH-001578,ATT-001658,BEN-0137,Vocational,2026-05,2026-05-28,9868,OFF-002
AUTH-001425,ATT-001502,BEN-0126,Vocational,2026-02,2026-02-02,10146,OFF-013
AUTH-000677,ATT-000714,BEN-0060,Plus,2025-11,2025-11-14,8035,OFF-012
AUTH-001354,ATT-001427,BEN-0120,Plus,2026-06,2026-06-24,7843,OFF-015
AUTH-001475,ATT-001553,BEN-0129,Tech,2025-02,12/02/2025,11965,OFF-003
AUTH-002269,ATT-002387,BEN-0200,Vocational,2026-01,2026-01-13," KES 10,055 ",OFF-011
AUTH-002205,ATT-002321,BEN-0193,Tech,2025-01,2025-01-13,12163,OFF-010
AUTH-001556,ATT-001635,BEN-0136,Vocational,2025-06,2025-06-16,10025,OFF-008
AUTH-000699,ATT-000737,BEN-0062,Tech,2025-01,2025-01-19,11863,OFF-014
AUTH-000813,ATT-000857,BEN-0072,Vocational,2025-09,2025-09-09,10198,OFF-001
AUTH-000218,ATT-000230,BEN-0018,Tech,2025-12,2025-12-11,11790,OFF-008
AUTH-000643,ATT-000680,BEN-0057,Tech,2026-06,2026-06-18," KES 11,965 ",OFF-012
AUTH-000680,ATT-000717,BEN-0060,Plus,2026-06,2026-06-16,8067,OFF-012
AUTH-001509,ATT-001588,BEN-0132,Scholarship,2026-04,2026-04-16,15158,OFF-009
AUTH-001004,ATT-001064,BEN-0088,Scholarship,2025-08,2025-08-09,14893,OFF-002
AUTH-000679,ATT-000716,BEN-0060,Plus,2025-07,2025-07-12,7842,OFF-012
AUTH-000779,ATT-000821,BEN-0069,Tech,2026-02,2026-02-06," KES 11,918 ",OFF-015
AUTH-000552,ATT-000587,BEN-0050,Scholarship,2026-01,2026-01-09," KES 15,253 ",OFF-009
AUTH-002076,ATT-002184,BEN-0181,Tech,2025-11,2025-11-23,11954,OFF-013
AUTH-001716,ATT-001798,BEN-0149,Vocational,2025-02,2025-02-25,9903,OFF-005
AUTH-000430,ATT-000455,BEN-0039,Vocational,2026-05,2026-05-14,9876,OFF-006
AUTH-000988,ATT-001042,BEN-0086,Plus,2025-03,2025-03-26,7943,OFF-004
AUTH-000764,ATT-000805,BEN-0068,Tech,2025-05,2025-05-29,12187,OFF-006
AUTH-000932,ATT-000978,BEN-0081,Plus,2025-05,2025-06-01,8148,OFF-005
AUTH-000445,ATT-000470,BEN-0040,Scholarship,2025-03,2025-03-17,15080,OFF-014
AUTH-002136,ATT-002250,BEN-0187,Tech,2026-05,2026-05-26,12072,OFF-010
AUTH-000727,ATT-000768,BEN-0064,Tech,2026-02,2026-03-04,12127,OFF-001
AUTH-001036,ATT-001098,BEN-0091,Tech,2025-10,2025-10-16,11911,OFF-003
AUTH-001374,ATT-001450,BEN-0122,Vocational,2025-11,2025-11-30,9885,OFF-005
AUTH-002113,ATT-002226,BEN-0184,Tech,2025-02,2025-02-16,12158,OFF-003
AUTH-000130,ATT-000133,BEN-0011,Plus,2026-02,2026-03-01,8080,OFF-001
AUTH-000340,ATT-000362,BEN-0029,Vocational,2025-09,2025-09-06," KES 9,834 ",OFF-006
AUTH-001644,ATT-001725,BEN-0143,Scholarship,2025-03,2025-03-24,15219,OFF-012
AUTH-000638,ATT-000675,BEN-0057,Tech,2025-12,2025-12-27,11934,OFF-012
AUTH-000890,ATT-000934,BEN-0077,Scholarship,2025-06,2025-06-21,14738,OFF-003
AUTH-000188,ATT-000198,BEN-0016,Vocational,2025-09,2025-09-19,10111,OFF-008
AUTH-001709,ATT-001791,BEN-0149,Vocational,2025-11,2025-11-19,10081,OFF-005
AUTH-001977,ATT-002080,BEN-0173,Tech,2025-06,2025-06-10,12033,OFF-003
AUTH-000753,ATT-000794,BEN-0067,Scholarship,2026-06,2026-06-27,14888,OFF-015
AUTH-002158,ATT-002273,BEN-0189,Tech,2026-01,2026-01-11,11891,OFF-002
AUTH-001038,ATT-001100,BEN-0091,Tech,2026-03,2026-03-31,11816,OFF-003
AUTH-000629,ATT-000666,BEN-0056,Plus,2025-10,2025-10-11,8033,OFF-005
AUTH-001057,ATT-001120,BEN-0092,Scholarship,2025-05,2025-05-30,15137,OFF-008
AUTH-000600,ATT-000637,BEN-0053,Plus,2026-04,2026-04-28,7930,OFF-001
AUTH-000229,ATT-000243,BEN-0019,Plus,2025-04,2025-04-24,7933,OFF-001
AUTH-001732,ATT-001814,BEN-0151,Vocational,2025-12,2025-12-19,9826,OFF-013
AUTH-000518,ATT-000552,BEN-0047,Scholarship,2026-06,2026-06-13,15030,OFF-008
AUTH-001295,ATT-001368,BEN-0114,Scholarship,2025-12,2025-12-19,14736,OFF-006
AUTH-000296,ATT-000315,BEN-0026,Tech,2026-02,2026-02-19,12030,OFF-007
AUTH-000687,ATT-000724,BEN-0061,Scholarship,2025-03,2025-03-21,15085,OFF-008
AUTH-001943,ATT-002045,BEN-0169,Vocational,2025-05,2025-05-06," KES 10,057 ",OFF-008
AUTH-001169,ATT-001239,BEN-0102,Plus,2026-03,2026-03-31,8077,OFF-013
AUTH-000186,ATT-000196,BEN-0015,Vocational,2026-01,,9979,OFF-012
AUTH-001622,ATT-001703,BEN-0141,Plus,2025-09,2025-09-12,8139,OFF-010
AUTH-001379,ATT-001455,BEN-0122,Vocational,2025-03,2025-03-24,10013,OFF-005
AUTH-000485,ATT-000514,BEN-0043,Scholarship,2025-08,2025-08-24,15261,OFF-008
AUTH-001020,ATT-001080,BEN-0089,Vocational,2026-02,2026-02-19,10146,OFF-009
AUTH-000065,ATT-000066,BEN-0006,Vocational,2025-04,2025-04-16,9826,OFF-012
AUTH-000697,ATT-000734,BEN-0061,Scholarship,2025-04,2025-04-28,15253,OFF-008
AUTH-000092,ATT-000093,BEN-0007,Vocational,2025-08,2025-08-18,10066,OFF-015
AUTH-000931,ATT-000977,BEN-0081,Plus,2025-04,2025-04-13,7852,OFF-005
AUTH-001181,ATT-001252,BEN-0103,Plus,2026-02,2026-02-13," KES 8,127 ",OFF-009
AUTH-002249,ATT-002367,BEN-0197,Plus,2026-04,2026-04-11,8080,OFF-006
AUTH-001333,ATT-001406,BEN-0118,Scholarship,2026-02,2026-02-22,14793,OFF-006
AUTH-002055,ATT-002161,BEN-0179,Tech,2025-03,2025-03-06,11874,OFF-001
AUTH-001992,ATT-002095,BEN-0174,Plus,2026-04,2026-04-11,8112,OFF-002
AUTH-002128,ATT-002242,BEN-0186,Vocational,2025-05,2025-05-15,10163,OFF-011
AUTH-000912,ATT-000956,BEN-0079,Plus,2026-02,24/02/2026,7900,OFF-002
AUTH-000457,ATT-000483,BEN-0041,Plus,2026-02,2026-02-07,7966,OFF-007
AUTH-000382,ATT-000406,BEN-0034,Tech,2025-02,2025-02-26,11959,OFF-009
AUTH-001927,ATT-002027,BEN-0168,Scholarship,2026-03,2026-03-12,14795,OFF-013
AUTH-001662,ATT-001744,BEN-0144,Scholarship,2025-06,2025-06-30,14828,OFF-011
AUTH-001467,ATT-001545,BEN-0129,Tech,2026-06,2026-06-07,11917,OFF-003
AUTH-000431,ATT-000456,BEN-0039,Vocational,2025-11,2025-11-07,10076,OFF-006
AUTH-001293,ATT-001366,BEN-0114,Scholarship,2025-07,2025-07-04,14960,OFF-006
AUTH-000635,ATT-000672,BEN-0056,Plus,2025-02,2025-02-23,7977,OFF-005
AUTH-000068,ATT-000069,BEN-0006,Vocational,2025-10,2025-10-27,9882,OFF-012
AUTH-002200,ATT-002316,BEN-0193,Tech,2026-02,2026-02-20," KES 12,058 ",OFF-010
AUTH-000555,ATT-000590,BEN-0050,Scholarship,2025-09,2025-09-09,14859,OFF-009
AUTH-000439,ATT-000464,BEN-0040,Scholarship,2025-11,27/11/2025,15142,OFF-014
AUTH-000723,ATT-000763,BEN-0063,Tech,2025-08,2025-08-10,12104,OFF-007
AUTH-000350,ATT-000372,BEN-0030,Scholarship,2026-06,2026-06-24,14857,OFF-011
AUTH-000061,ATT-000062,BEN-0005,Scholarship,2025-07,2025-07-26,15049,OFF-004
AUTH-001160,ATT-001230,BEN-0101,Scholarship,2025-07,2025-07-14,14825,OFF-004
AUTH-000355,ATT-000378,BEN-0031,Vocational,2025-12,2025-12-11,10137,OFF-008
AUTH-002188,ATT-002304,BEN-0192,Plus,2025-08,2025-08-17,8060,OFF-003
AUTH-001936,ATT-002038,BEN-0169,Vocational,2026-02,06/02/2026,9882,OFF-008
AUTH-000561,ATT-000596,BEN-0050,Scholarship,2025-05,2025-05-04,14915,OFF-009
AUTH-001954,ATT-002057,BEN-0170,Plus,2025-07,2025-07-06,8106,OFF-006
AUTH-001729,ATT-001811,BEN-0150,Vocational,2026-03,2026-03-22,10160,OFF-010
AUTH-000611,ATT-000648,BEN-0055,Tech,2025-11,2025-11-15,12216,OFF-015
AUTH-000437,ATT-000462,BEN-0040,Scholarship,2025-08,2025-08-06,14933,OFF-014
AUTH-000482,ATT-000509,BEN-0043,Scholarship,2026-02,2026-02-11,15216,OFF-008
AUTH-000084,ATT-000085,BEN-0007,Vocational,2025-04,2025-04-26,9924,OFF-015
AUTH-001265,ATT-001338,BEN-0112,Scholarship,2025-10,2025-10-28,14734,OFF-007
AUTH-000095,ATT-000096,BEN-0007,Vocational,2026-04,2026-04-30,10090,OFF-015
AUTH-001584,ATT-001664,BEN-0137,Vocational,2026-01,2026-01-09,10128,OFF-002
AUTH-001430,ATT-001507,BEN-0126,Vocational,2026-05,2026-05-08,9848,OFF-013
AUTH-000374,ATT-000398,BEN-0033,Plus,2025-08,2025-08-16,8014,OFF-001
AUTH-001009,ATT-001069,BEN-0088,Scholarship,2025-01,2025-01-12,15204,OFF-002
AUTH-001484,ATT-001562,BEN-0130,Vocational,2025-12,2025-12-22,9919,OFF-002
AUTH-001344,ATT-001417,BEN-0119,Scholarship,2025-08,19/08/2025,15268,OFF-010
AUTH-001861,ATT-001952,BEN-0161,Scholarship,2026-01,2026-01-30,14952,OFF-007
AUTH-001080,ATT-001148,BEN-0094,Plus,2025-05,2025-05-08,8031,OFF-006
AUTH-000299,ATT-000318,BEN-0026,Tech,2025-06,19/06/2025,11774,OFF-007
AUTH-002110,ATT-002223,BEN-0184,Tech,2025-09,2025-09-06,11877,OFF-003
AUTH-001839,ATT-001930,BEN-0160,Plus,2025-10,2025-10-21,7925,OFF-014
AUTH-000107,ATT-000108,BEN-0009,Plus,2025-06,2025-06-16,7922,OFF-005
AUTH-001718,ATT-001800,BEN-0149,Vocational,2025-12,2025-12-23," KES 10,184 ",OFF-005
AUTH-000599,ATT-000636,BEN-0053,Plus,2025-06,2025-06-24,7901,OFF-001
AUTH-001959,ATT-002062,BEN-0171,Plus,2026-01,2026-01-11,7940,OFF-004
AUTH-001547,ATT-001626,BEN-0135,Vocational,2026-04,2026-05-01,9916,OFF-007
AUTH-001707,ATT-001789,BEN-0148,Plus,2025-11,2025-11-19,7902,OFF-012
AUTH-000432,ATT-000457,BEN-0039,Vocational,2026-01,2026-01-22,10151,OFF-006
AUTH-000235,ATT-000251,BEN-0020,Plus,2026-04,2026-04-24,8151,OFF-002
AUTH-002201,ATT-002317,BEN-0193,Tech,2025-09,2025-09-24,11898,OFF-010
AUTH-002041,ATT-002147,BEN-0178,Plus,2026-05,2026-05-05,8048,OFF-005
AUTH-002006,ATT-002109,BEN-0175,Vocational,2025-11,2025-11-12,9953,OFF-002
AUTH-000223,ATT-000235,BEN-0018,Tech,2025-07,2025-07-17,12079,OFF-008
AUTH-002085,ATT-002196,BEN-0182,Plus,2025-08,2025-08-03,8158,OFF-004
AUTH-001239,ATT-001312,BEN-0109,Tech,2026-06,2026-06-17,12012,OFF-006
AUTH-000222,ATT-000234,BEN-0018,Tech,2026-02,2026-02-13,12201,OFF-008
AUTH-000620,ATT-000657,BEN-0056,Plus,2025-11,2025-11-24,8141,OFF-005
AUTH-000980,ATT-001034,BEN-0085,Scholarship,2026-04,2026-04-23,15239,OFF-012
AUTH-000977,ATT-001031,BEN-0085,Scholarship,2025-08,2025-08-04,15287,OFF-012
AUTH-001399,ATT-001475,BEN-0123,Tech,2026-04,2026-04-08,12010,OFF-012
AUTH-002224,ATT-002340,BEN-0195,Scholarship,2025-12,2025-12-17,15247,OFF-002
AUTH-000206,ATT-000217,BEN-0017,Scholarship,2025-11,2025-11-06,14828,OFF-007
AUTH-000351,ATT-000373,BEN-0030,Scholarship,2025-07,2025-07-15,15054,OFF-011
AUTH-001638,ATT-001719,BEN-0142,Tech,2026-06,2026-06-28,11916,OFF-007
AUTH-000413,ATT-000438,BEN-0037,Plus,2025-03,31/03/2025,8001,OFF-007
AUTH-001311,ATT-001384,BEN-0116,Plus,2025-02,2025-02-18,7871,OFF-002
AUTH-000908,ATT-000952,BEN-0079,Plus,2026-04,2026-04-13,7910,OFF-002
AUTH-001788,ATT-001873,BEN-0155,Vocational,2026-02,,10073,OFF-004
AUTH-000546,ATT-000581,BEN-0049,Scholarship,2025-01,2025-01-28,15253,OFF-008
AUTH-000179,ATT-000189,BEN-0015,Vocational,2025-07,2025-07-27,10111,OFF-012
AUTH-000162,ATT-000169,BEN-0013,Tech,2025-12,2025-12-20,12024,OFF-006
AUTH-000839,ATT-000883,BEN-0074,Scholarship,2025-10,2025-10-15,14983,OFF-010
AUTH-001579,ATT-001659,BEN-0137,Vocational,2025-03,2025-03-13,10028,OFF-002
AUTH-000447,ATT-000472,BEN-0040,Scholarship,2025-06,2025-06-17,14872,OFF-014
AUTH-001182,ATT-001253,BEN-0103,Plus,2026-06,2026-06-19,7861,OFF-009
AUTH-001398,ATT-001474,BEN-0123,Tech,2025-09,2025-09-30,12181,OFF-012
AUTH-001533,ATT-001612,BEN-0134,Scholarship,2026-06,2026-06-24," KES 14,737 ",OFF-003
AUTH-000717,ATT-000757,BEN-0063,Tech,2025-09,2025-09-19,12233,OFF-007
AUTH-002107,ATT-002220,BEN-0184,Tech,2025-06,2025-06-27,11937,OFF-003
AUTH-001153,ATT-001223,BEN-0100,Plus,2025-10,2025-10-15,8126,OFF-001
AUTH-000034,ATT-000035,BEN-0003,Tech,2026-03,2026-03-11,11821,OFF-005
AUTH-001663,ATT-001745,BEN-0145,Vocational,2025-02,2025-02-27,9841,OFF-001
AUTH-000064,ATT-000065,BEN-0006,Vocational,2025-03,2025-03-25,10058,OFF-012
AUTH-001485,ATT-001563,BEN-0130,Vocational,2025-05,2025-05-13,9856,OFF-002
AUTH-000650,ATT-000687,BEN-0058,Plus,2025-09,2025-09-30,8039,OFF-015
AUTH-000481,ATT-000508,BEN-0043,Scholarship,2025-04,2025-04-20,15029,OFF-008
AUTH-000054,ATT-000055,BEN-0005,Scholarship,2025-10,2025-10-18,14769,OFF-004
AUTH-001833,ATT-001923,BEN-0159,Plus,2026-04,2026-04-25,8018,OFF-009
AUTH-001560,ATT-001639,BEN-0136,Vocational,2026-05,2026-05-29,10141,OFF-008
AUTH-002273,ATT-002391,BEN-0200,Vocational,2026-04,2026-04-18,10193,OFF-011
AUTH-000769,ATT-000811,BEN-0068,Tech,2025-09,2025-09-11,12007,OFF-006
AUTH-000916,ATT-000960,BEN-0079,Plus,2025-09,2025-09-17,8031,OFF-002
AUTH-002062,ATT-002168,BEN-0180,Scholarship,2025-04,2025-04-06,15070,OFF-010
AUTH-001201,ATT-001272,BEN-0105,Scholarship,2025-05,2025-05-22,14721,OFF-012
AUTH-001688,ATT-001770,BEN-0147,Vocational,2025-09,2025-09-04,10113,OFF-010
AUTH-001343,ATT-001416,BEN-0119,Scholarship,2026-06,2026-07-02,14811,OFF-010
AUTH-000899,ATT-000943,BEN-0078,Plus,2025-09,2025-09-27,7852,OFF-015
AUTH-001852,ATT-001943,BEN-0161,Scholarship,2025-08,2025-08-21,15197,OFF-007
AUTH-000288,ATT-000307,BEN-0025,Plus,2026-06,2026-06-12,8128,OFF-009
AUTH-000102,ATT-000103,BEN-0008,Plus,2025-12,2025-12-29,7960,OFF-015
AUTH-000336,ATT-000358,BEN-0029,Vocational,2026-03,2026-03-28,9869,OFF-006
AUTH-001371,ATT-001446,BEN-0121,Plus,2025-12,2025-12-26,7995,OFF-013
AUTH-001561,ATT-001640,BEN-0136,Vocational,2025-12,2025-12-17,9852,OFF-008
AUTH-001318,ATT-001391,BEN-0116,Plus,2025-07,2025-07-25,7988,OFF-002
AUTH-001758,ATT-001842,BEN-0153,Vocational,2025-04,2025-04-15,9953,OFF-010
AUTH-000332,ATT-000353,BEN-0029,Vocational,2025-02,2025-02-14,9899,OFF-006
AUTH-001357,ATT-001430,BEN-0120,Plus,2025-07,2025-07-25,8071,OFF-015
AUTH-001659,ATT-001741,BEN-0144,Scholarship,2025-12,2025-12-11,14933,OFF-011
AUTH-001563,ATT-001642,BEN-0136,Vocational,2026-01,2026-01-24,9930,OFF-008
AUTH-000143,ATT-000149,BEN-0011,Plus,2025-03,2025-03-15,7934,OFF-001
AUTH-000301,ATT-000320,BEN-0026,Tech,2025-10,2025-10-09,12188,OFF-007
AUTH-000553,ATT-000588,BEN-0050,Scholarship,2025-03,2025-03-13,15252,OFF-009
AUTH-001410,ATT-001486,BEN-0124,Scholarship,2025-06,2025-06-28,15101,OFF-012
AUTH-000926,ATT-000972,BEN-0081,Plus,2026-01,,8128,OFF-005
AUTH-000739,ATT-000780,BEN-0065,Plus,2025-11,2025-11-24," KES 7,982 ",OFF-002
AUTH-001385,ATT-001461,BEN-0122,Vocational,2026-05,2026-05-23,9871,OFF-005
AUTH-000668,ATT-000705,BEN-0059,Vocational,2025-10,10/10/2025,9992,OFF-013
AUTH-000337,ATT-000359,BEN-0029,Vocational,2025-05,2025-05-10,10118,OFF-006
AUTH-002056,ATT-002162,BEN-0179,Tech,2025-08,2025-08-07," KES 12,235 ",OFF-001
AUTH-000117,ATT-000118,BEN-0010,Tech,2026-03,2026-03-28,12211,OFF-008
AUTH-001162,ATT-001232,BEN-0101,Scholarship,2026-01,2026-01-19,15010,OFF-004
AUTH-002131,ATT-002245,BEN-0186,Vocational,2025-07,2025-07-16,10156,OFF-011
AUTH-000313,ATT-000332,BEN-0027,Plus,2025-11,2025-11-19,7880,OFF-004
AUTH-001639,ATT-001720,BEN-0143,Scholarship,2025-07,,15222,OFF-012
AUTH-000410,ATT-000435,BEN-0037,Plus,2025-08,2025-08-08,8120,OFF-007
AUTH-001837,ATT-001927,BEN-0159,Plus,2025-09,2025-09-29,7875,OFF-009
AUTH-000159,ATT-000166,BEN-0013,Tech,2026-02,2026-02-18,12167,OFF-006
AUTH-002241,ATT-002357,BEN-0197,Plus,2026-03,,7975,OFF-006
AUTH-002068,ATT-002174,BEN-0180,Scholarship,2025-06,2025-06-11,15170,OFF-010
AUTH-000244,ATT-000260,BEN-0020,Plus,2025-10,2025-11-01,8024,OFF-002
AUTH-000309,ATT-000328,BEN-0027,Plus,2026-01,2026-01-09,7961,OFF-004
AUTH-000569,ATT-000604,BEN-0051,Vocational,2025-09,2025-09-07,10052,OFF-010
AUTH-000573,ATT-000608,BEN-0051,Vocational,2025-10,2025-10-28,9983,OFF-010
AUTH-002212,ATT-002328,BEN-0194,Plus,2025-02,2025-03-03,8052,OFF-012
AUTH-001976,ATT-002079,BEN-0173,Tech,2025-12,2025-12-17,12029,OFF-003
AUTH-001270,ATT-001343,BEN-0112,Scholarship,2026-05,2026-05-19,15047,OFF-007
AUTH-002194,ATT-002310,BEN-0193,Tech,2025-12,2025-12-25,11854,OFF-010
AUTH-000877,ATT-000921,BEN-0077,Scholarship,2025-12,08/12/2025,14982,OFF-003
AUTH-002247,ATT-002365,BEN-0197,Plus,2026-05,2026-05-31,7855,OFF-006
AUTH-001345,ATT-001418,BEN-0119,Scholarship,2025-07,2025-07-31,14831,OFF-010
AUTH-000058,ATT-000059,BEN-0005,Scholarship,2025-06,2025-06-11,14846,OFF-004
AUTH-001634,ATT-001715,BEN-0142,Tech,2025-09,2025-09-22,11835,OFF-007
AUTH-001904,ATT-001999,BEN-0166,Plus,2025-09,2025-09-08,8116,OFF-001
AUTH-000470,ATT-000496,BEN-0042,Vocational,2025-09,2025-09-20,10018,OFF-004
AUTH-002218,ATT-002334,BEN-0195,Scholarship,2025-08,2025-08-10,15128,OFF-002
AUTH-000659,ATT-000696,BEN-0059,Vocational,2025-09,2025-09-25,9854,OFF-013
AUTH-001756,ATT-001840,BEN-0153,Vocational,2025-01,2025-01-15,9899,OFF-010
AUTH-000515,ATT-000549,BEN-0046,Tech,2025-10,2025-10-08,11783,OFF-012
AUTH-000141,ATT-000147,BEN-0011,Plus,2025-07,2025-07-12," KES 7,871 ",OFF-001
AUTH-000022,ATT-000023,BEN-0002,Scholarship,2025-05,2025-05-16,15297,OFF-009
AUTH-002017,ATT-002121,BEN-0176,Scholarship,2025-05,2025-05-19,15223,OFF-001
AUTH-001580,ATT-001660,BEN-0137,Vocational,2025-11,2025-11-18,9928,OFF-002
AUTH-002054,ATT-002160,BEN-0179,Tech,2025-01,2025-01-13,11778,OFF-001
AUTH-000702,ATT-000740,BEN-0062,Tech,2025-06,2025-06-11,11876,OFF-014
AUTH-000996,ATT-001056,BEN-0087,Plus,2026-03,2026-03-19,8075,OFF-014
AUTH-000350,ATT-000372,BEN-0030,Scholarship,2026-06,2026-06-24,14857,OFF-011
AUTH-000589,ATT-000625,BEN-0052,Vocational,2025-11,,9933,OFF-006
AUTH-000165,ATT-000172,BEN-0014,Scholarship,2025-05,2025-05-19,14846,OFF-013
AUTH-001645,ATT-001726,BEN-0143,Scholarship,2025-09,2025-09-28,15144,OFF-012
AUTH-000181,ATT-000191,BEN-0015,Vocational,2025-02,2025-02-14,9919,OFF-012
AUTH-002119,ATT-002232,BEN-0185,Tech,2026-06,2026-06-23,12206,OFF-013
AUTH-000924,ATT-000970,BEN-0081,Plus,2025-09,2025-09-21,7873,OFF-005
AUTH-001706,ATT-001788,BEN-0148,Plus,2025-12,2025-12-08,8136,OFF-012
AUTH-000787,ATT-000829,BEN-0070,Scholarship,2026-05,2026-05-16,15053,OFF-008
AUTH-001356,ATT-001429,BEN-0120,Plus,2025-09,,7931,OFF-015
AUTH-002208,ATT-002324,BEN-0194,Plus,2025-01,2025-01-05,8029,OFF-012
AUTH-001129,ATT-001198,BEN-0098,Vocational,2025-02,2025-02-27,10047,OFF-015
AUTH-000249,ATT-000265,BEN-0021,Vocational,2025-05,2025-05-05," KES 10,085 ",OFF-004
AUTH-001268,ATT-001341,BEN-0112,Scholarship,2025-04,2025-04-02,15118,OFF-007
AUTH-001660,ATT-001742,BEN-0144,Scholarship,2025-04,2025-04-08,14754,OFF-011
AUTH-001622,ATT-001703,BEN-0141,Plus,2025-09,2025-09-12,8139,OFF-010
AUTH-001940,ATT-002042,BEN-0169,Vocational,2026-01,2026-01-10,10178,OFF-008
AUTH-001997,ATT-002100,BEN-0175,Vocational,2025-09,19/09/2025,9987,OFF-002
AUTH-001932,ATT-002033,BEN-0169,Vocational,2026-06,2026-06-14,10110,OFF-008
AUTH-001994,ATT-002097,BEN-0174,Plus,2025-09,2025-09-08,7951,OFF-002
AUTH-001439,ATT-001517,BEN-0127,Vocational,2026-06,," KES 9,897 ",OFF-012
AUTH-000262,ATT-000278,BEN-0022,Scholarship,2025-03,2025-03-17,15297,OFF-008
AUTH-000853,ATT-000897,BEN-0075,Scholarship,2026-05,2026-05-13," KES 15,017 ",OFF-012
AUTH-001557,ATT-001636,BEN-0136,Vocational,2025-07,2025-07-26,10198,OFF-008
AUTH-002171,ATT-002286,BEN-0190,Plus,2026-02,2026-02-16,7967,OFF-004
AUTH-001419,ATT-001495,BEN-0125,Vocational,2025-11,2025-11-16,10136,OFF-014
AUTH-001400,ATT-001476,BEN-0123,Tech,2025-03,2025-03-26,12226,OFF-012
AUTH-000807,ATT-000851,BEN-0071,Plus,2026-02,2026-03-01,8050,OFF-005
AUTH-000406,ATT-000431,BEN-0037,Plus,2025-09,2025-09-27,8098,OFF-007
AUTH-001001,ATT-001061,BEN-0088,Scholarship,2026-02,,14962,OFF-002
AUTH-000630,ATT-000667,BEN-0056,Plus,2026-04,2026-04-22,8073,OFF-005
AUTH-000540,ATT-000574,BEN-0049,Scholarship,2026-06,2026-06-06,14943,OFF-008
AUTH-000362,ATT-000385,BEN-0032,Vocational,2026-04,2026-04-16,10119,OFF-005
AUTH-001446,ATT-001524,BEN-0127,Vocational,2026-03,2026-03-15,9807,OFF-012
AUTH-002111,ATT-002224,BEN-0184,Tech,2025-12,2025-12-11,12174,OFF-003
AUTH-001427,ATT-001504,BEN-0126,Vocational,2026-06,2026-06-11,10084,OFF-013
AUTH-002012,ATT-002116,BEN-0176,Scholarship,2025-03,,14956,OFF-001
AUTH-001868,ATT-001959,BEN-0163,Scholarship,2026-03,2026-03-16,14918,OFF-006
AUTH-001811,ATT-001896,BEN-0157,Plus,2025-11,2025-11-15,8098,OFF-012
AUTH-000905,ATT-000949,BEN-0078,Plus,2025-11,2025-11-13,7941,OFF-015
AUTH-000330,ATT-000351,BEN-0029,Vocational,2025-11,2025-11-17,10197,OFF-006
AUTH-001494,ATT-001573,BEN-0131,Tech,2026-01,2026-01-23,12121,OFF-004
AUTH-000686,ATT-000723,BEN-0061,Scholarship,2026-05,2026-05-11,15170,OFF-008
AUTH-001736,ATT-001820,BEN-0151,Vocational,2026-03,2026-03-14,10007,OFF-013
AUTH-001612,ATT-001693,BEN-0140,Plus,2025-06,2025-06-21,8068,OFF-015
AUTH-001032,ATT-001094,BEN-0090,Vocational,2025-01,2025-01-05,9966,OFF-001
AUTH-000331,ATT-000352,BEN-0029,Vocational,2025-12,2025-12-04,9916,OFF-006
AUTH-001730,ATT-001812,BEN-0151,Vocational,2026-01,2026-01-29,10063,OFF-013
AUTH-000176,ATT-000186,BEN-0014,Scholarship,2025-04,2025-04-06," KES 14,777 ",OFF-013
AUTH-001507,ATT-001586,BEN-0132,Scholarship,2026-06,2026-06-25,14830,OFF-009
AUTH-001444,ATT-001522,BEN-0127,Vocational,2026-04,2026-04-08,9800,OFF-012
AUTH-000872,ATT-000916,BEN-0076,Vocational,2026-06,2026-06-14,9923,OFF-015
AUTH-001647,ATT-001728,BEN-0143,Scholarship,2026-04,2026-04-28,14848,OFF-012
AUTH-001221,ATT-001292,BEN-0106,Scholarship,2025-02,2025-02-27,15216,OFF-007
AUTH-002094,ATT-002206,BEN-0183,Scholarship,2025-02,2025-03-03,14871,OFF-014
AUTH-001317,ATT-001390,BEN-0116,Plus,2025-08,2025-08-13,8132,OFF-002
AUTH-001140,ATT-001209,BEN-0099,Scholarship,2025-04,2025-04-16,15080,OFF-004
AUTH-002066,ATT-002172,BEN-0180,Scholarship,2025-05,2025-05-12,14929,OFF-010
AUTH-000353,ATT-000375,BEN-0030,Scholarship,2026-05,2026-05-09,14856,OFF-011
AUTH-001459,ATT-001537,BEN-0128,Tech,2025-12,2025-12-03,12106,OFF-003
AUTH-000964,ATT-001018,BEN-0084,Scholarship,2025-08,2025-08-24,15050,OFF-008
AUTH-001094,ATT-001162,BEN-0095,Tech,2026-06,2026-06-09,12141,OFF-011
AUTH-000637,ATT-000674,BEN-0057,Tech,2025-06,2025-06-20,12068,OFF-012
AUTH-002163,ATT-002278,BEN-0189,Tech,2025-07,2025-07-27,12068,OFF-002
AUTH-000689,ATT-000726,BEN-0061,Scholarship,2025-01,2025-01-07,15198,OFF-008
AUTH-001534,ATT-001613,BEN-0134,Scholarship,2025-09,2025-09-21,14891,OFF-003
AUTH-000371,ATT-000394,BEN-0032,Vocational,2025-04,2025-04-30,10057,OFF-005
AUTH-001515,ATT-001594,BEN-0132,Scholarship,2026-05,2026-05-13,15210,OFF-009
AUTH-002160,ATT-002275,BEN-0189,Tech,2025-02,2025-02-17,11864,OFF-002
AUTH-001752,ATT-001836,BEN-0152,Vocational,2025-04,2025-04-11,10041,OFF-007
AUTH-001680,ATT-001762,BEN-0146,Scholarship,2025-08,2025-08-27,14876,OFF-015
AUTH-000736,ATT-000777,BEN-0065,Plus,2026-05,2026-05-19,7842,OFF-002
AUTH-001107,ATT-001176,BEN-0096,Plus,2026-04,2026-04-21,7860,OFF-005
AUTH-000397,ATT-000422,BEN-0036,Plus,2025-11,2025-11-24,8065,OFF-012
AUTH-001183,ATT-001254,BEN-0104,Plus,2026-06,15/06/2026,7941,OFF-007
AUTH-000153,ATT-000159,BEN-0012,Plus,2025-05,2025-05-19,8058,OFF-007
AUTH-000376,ATT-000400,BEN-0033,Plus,2026-02,2026-02-28,8010,OFF-001
AUTH-001134,ATT-001203,BEN-0098,Vocational,2025-05,2025-05-29,9801,OFF-015
AUTH-000728,ATT-000769,BEN-0064,Tech,2026-05,2026-05-22,11774,OFF-001
AUTH-001713,ATT-001795,BEN-0149,Vocational,2025-06,2025-06-19,10127,OFF-005
AUTH-002171,ATT-002286,BEN-0190,Plus,2026-02,2026-02-16," KES 7,967 ",OFF-004
AUTH-000129,ATT-000132,BEN-0010,Tech,2025-03,2025-03-09,12120,OFF-008
AUTH-001598,ATT-001679,BEN-0139,Vocational,2025-04,2025-04-21,9948,OFF-003
AUTH-000197,ATT-000208,BEN-0016,Vocational,2026-04,2026-04-15,10146,OFF-008
AUTH-000990,ATT-001044,BEN-0086,Plus,2026-02,2026-02-21,8141,OFF-004
AUTH-000163,ATT-000170,BEN-0014,Scholarship,2025-02,2025-02-28,14750,OFF-013
AUTH-001390,ATT-001466,BEN-0122,Vocational,2025-09,2025-09-10,10049,OFF-005
AUTH-001228,ATT-001300,BEN-0108,Vocational,2026-03,2026-03-29,10140,OFF-006
AUTH-001546,ATT-001625,BEN-0135,Vocational,2025-04,2025-04-19,10077,OFF-007
AUTH-000273,ATT-000290,BEN-0023,Plus,2025-12,2025-12-15,8038,OFF-002
AUTH-001536,ATT-001615,BEN-0134,Scholarship,2026-02,2026-03-01,14935,OFF-003
AUTH-000901,ATT-000945,BEN-0078,Plus,2025-05,2025-05-15,7950,OFF-015
AUTH-001549,ATT-001628,BEN-0135,Vocational,2026-06,2026-06-12,10130,OFF-007
AUTH-000234,ATT-000250,BEN-0020,Plus,2026-06,2026-06-08,7982,OFF-002
AUTH-000198,ATT-000209,BEN-0016,Vocational,2025-08,2025-08-23,9968,OFF-008
AUTH-000346,ATT-000368,BEN-0030,Scholarship,2025-11,2025-11-23,15033,OFF-011
AUTH-000549,ATT-000584,BEN-0049,Scholarship,2025-08,2025-08-12,14852,OFF-008
AUTH-001819,ATT-001905,BEN-0158,Scholarship,2025-05,2025-05-09,14736,OFF-014
AUTH-002242,ATT-002360,BEN-0197,Plus,2026-06,2026-06-29,8159,OFF-006
AUTH-002106,ATT-002219,BEN-0184,Tech,2025-03,2025-03-28,12075,OFF-003
AUTH-000280,ATT-000299,BEN-0025,Plus,2025-08,2025-08-12,7922,OFF-009
AUTH-000435,ATT-000460,BEN-0040,Scholarship,2025-02,2025-02-23," KES 15,141 ",OFF-014
AUTH-000361,ATT-000384,BEN-0032,Vocational,2025-07,2025-07-13,10079,OFF-005
AUTH-001845,ATT-001936,BEN-0161,Scholarship,2025-01,2025-01-09,15245,OFF-007
AUTH-001258,ATT-001331,BEN-0111,Scholarship,2025-09,2025-09-21,15101,OFF-002
AUTH-000016,ATT-000017,BEN-0001,Tech,2025-09,2025-09-30,11904,OFF-008
AUTH-001573,ATT-001653,BEN-0137,Vocational,2025-01,2025-01-05,10162,OFF-002
AUTH-000029,ATT-000030,BEN-0003,Tech,2025-07,2025-07-31,12173,OFF-005
AUTH-001595,ATT-001676,BEN-0139,Vocational,2026-03,2026-03-06,9811,OFF-003
AUTH-001238,ATT-001310,BEN-0109,Tech,2025-05,2025-05-28,11980,OFF-006
AUTH-000625,ATT-000662,BEN-0056,Plus,2026-02,2026-02-23,8027,OFF-005
AUTH-001167,ATT-001237,BEN-0101,Scholarship,2025-12,2025-12-13,14765,OFF-004
AUTH-000009,ATT-000010,BEN-0001,Tech,2026-03,2026-03-16,11778,OFF-008
AUTH-001213,ATT-001284,BEN-0106,Scholarship,2026-02,2026-02-10,15214,OFF-007
AUTH-001641,ATT-001722,BEN-0143,Scholarship,2026-01,2026-01-25,15285,OFF-012
AUTH-001270,ATT-001343,BEN-0112,Scholarship,2026-05,2026-05-19,15047,OFF-007
AUTH-001668,ATT-001750,BEN-0145,Vocational,2025-05,2025-05-14,10010,OFF-001
AUTH-001119,ATT-001188,BEN-0097,Scholarship,2026-05,2026-05-07,14920,OFF-010
AUTH-000655,ATT-000692,BEN-0059,Vocational,2025-01,2025-02-01,10034,OFF-013
AUTH-001164,ATT-001234,BEN-0101,Scholarship,2025-04,2025-04-08,14919,OFF-004
AUTH-000820,ATT-000864,BEN-0073,Scholarship,2025-08,19/08/2025,14744,OFF-015
AUTH-000532,ATT-000566,BEN-0048,Tech,2025-08,2025-08-17,11929,OFF-006
AUTH-000085,ATT-000086,BEN-0007,Vocational,2026-06,2026-06-29,10167,OFF-015
AUTH-001963,ATT-002066,BEN-0171,Plus,2025-09,2025-09-04,7988,OFF-004
AUTH-002046,ATT-002152,BEN-0178,Plus,2026-02,2026-02-13,7882,OFF-005
AUTH-000681,ATT-000718,BEN-0060,Plus,2025-06,2025-06-20,8136,OFF-012
AUTH-001290,ATT-001363,BEN-0114,Scholarship,2025-01,2025-01-25," KES 15,125 ",OFF-006
AUTH-000293,ATT-000312,BEN-0026,Tech,2025-09,2025-09-25,11890,OFF-007
AUTH-000709,ATT-000749,BEN-0063,Tech,2025-04,2025-04-08,12174,OFF-007
AUTH-001219,ATT-001290,BEN-0106,Scholarship,2026-01,2026-02-02,14832,OFF-007
AUTH-002010,ATT-002113,BEN-0175,Vocational,2026-05,2026-05-16,9980,OFF-002
AUTH-001637,ATT-001718,BEN-0142,Tech,2026-03,2026-03-24,12211,OFF-007
AUTH-001947,ATT-002049,BEN-0170,Plus,2025-02,2025-02-19,8043,OFF-006
AUTH-000644,ATT-000681,BEN-0057,Tech,2025-10,2025-10-10,12113,OFF-012
AUTH-000885,ATT-000929,BEN-0077,Scholarship,2025-08,2025-08-13,15063,OFF-003
AUTH-002260,ATT-002378,BEN-0199,Tech,2026-05,2026-05-09,12081,OFF-012
AUTH-002135,ATT-002249,BEN-0186,Vocational,2026-06,2026-06-15,9825,OFF-011
AUTH-000326,ATT-000347,BEN-0028,Vocational,2025-05,2025-05-03,9940,OFF-004
AUTH-001892,ATT-001985,BEN-0165,Tech,2026-05,2026-05-08,12048,OFF-008
AUTH-002132,ATT-002246,BEN-0186,Vocational,2025-06,2025-06-02,10192,OFF-011
AUTH-000364,ATT-000387,BEN-0032,Vocational,2025-03,2025-03-21,9832,OFF-005
AUTH-000734,ATT-000775,BEN-0064,Tech,2025-10,2025-10-08,11804,OFF-001
AUTH-000416,ATT-000441,BEN-0037,Plus,2025-05,2025-05-30,8007,OFF-007
AUTH-000217,ATT-000229,BEN-0018,Tech,2025-09,2025-09-18,11945,OFF-008
AUTH-002204,ATT-002320,BEN-0193,Tech,2025-03,2025-03-07,12139,OFF-010
AUTH-000770,ATT-000812,BEN-0068,Tech,2026-03,2026-03-15,11959,OFF-006
AUTH-000174,ATT-000183,BEN-0014,Scholarship,2026-05,2026-05-11," KES 15,102 ",OFF-013
AUTH-000311,ATT-000330,BEN-0027,Plus,2025-09,2025-09-29,8067,OFF-004
AUTH-001635,ATT-001716,BEN-0142,Tech,2026-01,2026-01-17,11792,OFF-007
AUTH-001599,ATT-001680,BEN-0139,Vocational,2025-11,07/11/2025,9878,OFF-003
AUTH-000726,ATT-000767,BEN-0064,Tech,2025-08,2025-08-26,11851,OFF-001
AUTH-001445,ATT-001523,BEN-0127,Vocational,2025-06,2025-07-02,9816,OFF-012
AUTH-001807,ATT-001892,BEN-0157,Plus,2026-04,2026-04-08,7997,OFF-012
AUTH-001821,ATT-001907,BEN-0158,Scholarship,2025-04,2025-04-27,14828,OFF-014
AUTH-001682,ATT-001764,BEN-0146,Scholarship,2025-03,2025-03-28,14952,OFF-015
AUTH-001826,ATT-001914,BEN-0158,Scholarship,2025-07,,15266,OFF-014
AUTH-002185,ATT-002301,BEN-0192,Plus,2026-01,2026-01-10,7924,OFF-003
AUTH-002235,ATT-002351,BEN-0196,Vocational,2025-12,2025-12-19,10066,OFF-004
